# Field minima and maxima
# Time        	field         	min           	location(min) 	processor     	max           	location(max) 	processor     
0.01          	U             	(6.281192e-01 -9.992624e-01 -1.960187e-18)	(1.821076e-01 4.040377e-02 -1.025000e-02)	0	(2.796057e+00 9.008671e-01 8.219685e-21)	(1.862089e-01 4.969576e-02 -1.025000e-02)	0
0.01          	p             	-3.585047e+00	(1.884477e-01 4.815434e-02 -1.025000e-02)	0	2.535771e+00	(1.822548e-01 4.267805e-02 -1.025000e-02)	0
0.02          	U             	(5.631509e-01 -9.812875e-01 -1.881085e-18)	(1.821076e-01 4.040377e-02 -1.025000e-02)	0	(2.697174e+00 9.213395e-01 8.080041e-21)	(1.862089e-01 4.969576e-02 -1.025000e-02)	0
0.02          	p             	-3.003811e+00	(1.884477e-01 4.815434e-02 -1.025000e-02)	0	2.339170e+00	(1.822548e-01 4.267805e-02 -1.025000e-02)	0
0.03          	U             	(5.714743e-01 -9.779540e-01 -1.909477e-18)	(1.821076e-01 4.040377e-02 -1.025000e-02)	0	(2.664710e+00 9.576109e-01 8.131402e-21)	(1.862089e-01 4.969576e-02 -1.025000e-02)	0
0.03          	p             	-2.845365e+00	(1.884477e-01 4.815434e-02 -1.025000e-02)	0	2.403461e+00	(1.822548e-01 4.267805e-02 -1.025000e-02)	0
0.04          	U             	(5.794372e-01 -9.458954e-01 -1.933370e-18)	(1.821076e-01 4.040377e-02 -1.025000e-02)	0	(2.596703e+00 9.314852e-01 6.949099e-21)	(1.862089e-01 4.969576e-02 -1.025000e-02)	0
0.04          	p             	-2.341964e+00	(1.884477e-01 4.815434e-02 -1.025000e-02)	0	2.308280e+00	(1.822548e-01 4.267805e-02 -1.025000e-02)	0
0.05          	U             	(5.657146e-01 -9.501707e-01 -1.862343e-18)	(1.821076e-01 4.040377e-02 -1.025000e-02)	0	(2.521666e+00 9.216074e-01 6.347213e-21)	(1.862089e-01 4.969576e-02 -1.025000e-02)	0
0.05          	p             	-2.618881e+00	(1.864447e-01 3.661528e-02 -1.025000e-02)	0	2.301290e+00	(1.822548e-01 4.267805e-02 -1.025000e-02)	0
0.06          	U             	(5.575032e-01 -9.344216e-01 -1.877966e-18)	(1.821076e-01 4.040377e-02 -1.025000e-02)	0	(2.528032e+00 8.982505e-01 6.172482e-21)	(1.862089e-01 4.969576e-02 -1.025000e-02)	0
0.06          	p             	-2.294910e+00	(2.046436e-01 3.711442e-02 -1.025000e-02)	1	2.288337e+00	(1.822548e-01 4.267805e-02 -1.025000e-02)	0
0.07          	U             	(5.660550e-01 -9.307868e-01 -1.899756e-18)	(1.821076e-01 4.040377e-02 -1.025000e-02)	0	(2.539477e+00 9.433828e-01 6.898124e-21)	(1.862089e-01 4.969576e-02 -1.025000e-02)	0
0.07          	p             	-2.195245e+00	(1.884477e-01 4.815434e-02 -1.025000e-02)	0	2.279738e+00	(1.822548e-01 4.267805e-02 -1.025000e-02)	0
0.08          	U             	(5.668768e-01 -9.330430e-01 -1.888035e-18)	(1.821076e-01 4.040377e-02 -1.025000e-02)	0	(2.526966e+00 8.816802e-01 6.408644e-21)	(1.862089e-01 4.969576e-02 -1.025000e-02)	0
0.08          	p             	-2.246617e+00	(1.885709e-01 3.639201e-02 -1.025000e-02)	0	2.273777e+00	(1.822548e-01 4.267805e-02 -1.025000e-02)	0
0.09          	U             	(5.610882e-01 -9.291076e-01 -1.868059e-18)	(1.821076e-01 4.040377e-02 -1.025000e-02)	0	(2.495438e+00 8.983951e-01 6.121893e-21)	(1.862089e-01 4.969576e-02 -1.025000e-02)	0
0.09          	p             	-2.222846e+00	(1.885709e-01 3.639201e-02 -1.025000e-02)	0	2.266838e+00	(1.822548e-01 4.267805e-02 -1.025000e-02)	0
0.1           	U             	(5.627802e-01 -9.228841e-01 -1.874044e-18)	(1.821076e-01 4.040377e-02 -1.025000e-02)	0	(2.517373e+00 8.911357e-01 6.640945e-21)	(1.862089e-01 4.969576e-02 -1.025000e-02)	0
0.1           	p             	-2.301244e+00	(1.865597e-01 4.795972e-02 -1.025000e-02)	0	2.241652e+00	(1.822548e-01 4.267805e-02 -1.025000e-02)	0
0.11          	U             	(5.646513e-01 -9.208049e-01 -1.895265e-18)	(1.821076e-01 4.040377e-02 -1.025000e-02)	0	(2.526354e+00 8.865971e-01 6.724116e-21)	(1.862089e-01 4.969576e-02 -1.025000e-02)	0
0.11          	p             	-2.161285e+00	(1.884477e-01 4.815434e-02 -1.025000e-02)	0	2.250512e+00	(1.822548e-01 4.267805e-02 -1.025000e-02)	0
0.12          	U             	(5.666077e-01 -9.272322e-01 -1.883286e-18)	(1.821076e-01 4.040377e-02 -1.025000e-02)	0	(2.508176e+00 8.726063e-01 6.075612e-21)	(1.862089e-01 4.969576e-02 -1.025000e-02)	0
0.12          	p             	-2.180941e+00	(1.885709e-01 3.639201e-02 -1.025000e-02)	0	2.266406e+00	(1.822548e-01 4.267805e-02 -1.025000e-02)	0
0.13          	U             	(5.621515e-01 -9.259430e-01 -1.873002e-18)	(1.821076e-01 4.040377e-02 -1.025000e-02)	0	(2.519361e+00 8.299246e-01 6.138015e-21)	(1.862089e-01 4.969576e-02 -1.025000e-02)	0
0.13          	p             	-2.182849e+00	(1.885709e-01 3.639201e-02 -1.025000e-02)	0	2.248119e+00	(1.822548e-01 4.267805e-02 -1.025000e-02)	0
0.14          	U             	(5.619688e-01 -9.224852e-01 -1.895387e-18)	(1.821076e-01 4.040377e-02 -1.025000e-02)	0	(2.532013e+00 8.560782e-01 6.509167e-21)	(1.862089e-01 4.969576e-02 -1.025000e-02)	0
0.14          	p             	-2.111629e+00	(1.884477e-01 4.815434e-02 -1.025000e-02)	0	2.266419e+00	(1.822548e-01 4.267805e-02 -1.025000e-02)	0
0.15          	U             	(5.690659e-01 -9.271316e-01 -1.904238e-18)	(1.821076e-01 4.040377e-02 -1.025000e-02)	0	(2.524262e+00 8.610662e-01 6.302900e-21)	(1.862089e-01 4.969576e-02 -1.025000e-02)	0
0.15          	p             	-2.138784e+00	(1.885709e-01 3.639201e-02 -1.025000e-02)	0	2.274029e+00	(1.822548e-01 4.267805e-02 -1.025000e-02)	0
0.16          	U             	(5.630873e-01 -9.276477e-01 -1.895691e-18)	(1.821076e-01 4.040377e-02 -1.025000e-02)	0	(2.508494e+00 8.617551e-01 5.974523e-21)	(1.862089e-01 4.969576e-02 -1.025000e-02)	0
0.16          	p             	-2.199276e+00	(1.885709e-01 3.639201e-02 -1.025000e-02)	0	2.277207e+00	(1.822548e-01 4.267805e-02 -1.025000e-02)	0
0.17          	U             	(5.603486e-01 -9.249618e-01 -1.889859e-18)	(1.821076e-01 4.040377e-02 -1.025000e-02)	0	(2.524034e+00 8.489620e-01 6.292824e-21)	(1.862089e-01 4.969576e-02 -1.025000e-02)	0
0.17          	p             	-2.145372e+00	(1.885709e-01 3.639201e-02 -1.025000e-02)	0	2.272901e+00	(1.822548e-01 4.267805e-02 -1.025000e-02)	0
0.18          	U             	(5.678122e-01 -9.249708e-01 -1.918566e-18)	(1.821076e-01 4.040377e-02 -1.025000e-02)	0	(2.534373e+00 8.552988e-01 6.454015e-21)	(1.862089e-01 4.969576e-02 -1.025000e-02)	0
0.18          	p             	-2.131564e+00	(1.885709e-01 3.639201e-02 -1.025000e-02)	0	2.277889e+00	(1.822548e-01 4.267805e-02 -1.025000e-02)	0
0.19          	U             	(5.655660e-01 -9.289287e-01 -1.911166e-18)	(1.821076e-01 4.040377e-02 -1.025000e-02)	0	(2.520658e+00 8.695478e-01 6.066179e-21)	(1.862089e-01 4.969576e-02 -1.025000e-02)	0
0.19          	p             	-2.188894e+00	(1.885709e-01 3.639201e-02 -1.025000e-02)	0	2.290449e+00	(1.822548e-01 4.267805e-02 -1.025000e-02)	0
0.2           	U             	(5.614060e-01 -9.295933e-01 -1.895482e-18)	(1.821076e-01 4.040377e-02 -1.025000e-02)	0	(2.509810e+00 8.596905e-01 6.036996e-21)	(1.862089e-01 4.969576e-02 -1.025000e-02)	0
0.2           	p             	-2.190070e+00	(1.885709e-01 3.639201e-02 -1.025000e-02)	0	2.289684e+00	(1.822548e-01 4.267805e-02 -1.025000e-02)	0
0.21          	U             	(5.651666e-01 -9.244357e-01 -1.932172e-18)	(1.821076e-01 4.040377e-02 -1.025000e-02)	0	(2.532366e+00 8.549769e-01 6.351019e-21)	(1.862089e-01 4.969576e-02 -1.025000e-02)	0
0.21          	p             	-2.105982e+00	(1.885709e-01 3.639201e-02 -1.025000e-02)	0	2.293877e+00	(1.822548e-01 4.267805e-02 -1.025000e-02)	0
0.22          	U             	(5.671059e-01 -9.266748e-01 -1.909665e-18)	(1.821076e-01 4.040377e-02 -1.025000e-02)	0	(2.538671e+00 8.491800e-01 6.309044e-21)	(1.862089e-01 4.969576e-02 -1.025000e-02)	0
0.22          	p             	-2.154211e+00	(1.885709e-01 3.639201e-02 -1.025000e-02)	0	2.281198e+00	(1.822548e-01 4.267805e-02 -1.025000e-02)	0
0.23          	U             	(5.643285e-01 -9.294955e-01 -1.900824e-18)	(1.821076e-01 4.040377e-02 -1.025000e-02)	0	(2.509622e+00 8.599588e-01 6.019094e-21)	(1.862089e-01 4.969576e-02 -1.025000e-02)	0
0.23          	p             	-2.206452e+00	(1.885709e-01 3.639201e-02 -1.025000e-02)	0	2.287853e+00	(1.822548e-01 4.267805e-02 -1.025000e-02)	0
0.24          	U             	(5.616678e-01 -9.254860e-01 -1.907914e-18)	(1.821076e-01 4.040377e-02 -1.025000e-02)	0	(2.521000e+00 8.571843e-01 6.211145e-21)	(1.862089e-01 4.969576e-02 -1.025000e-02)	0
0.24          	p             	-2.163895e+00	(1.885709e-01 3.639201e-02 -1.025000e-02)	0	2.283339e+00	(1.822548e-01 4.267805e-02 -1.025000e-02)	0
0.25          	U             	(5.645409e-01 -9.252899e-01 -1.929229e-18)	(1.821076e-01 4.040377e-02 -1.025000e-02)	0	(2.545779e+00 8.530550e-01 6.346395e-21)	(1.862089e-01 4.969576e-02 -1.025000e-02)	0
0.25          	p             	-2.114671e+00	(1.885709e-01 3.639201e-02 -1.025000e-02)	0	2.297645e+00	(1.822548e-01 4.267805e-02 -1.025000e-02)	0
0.26          	U             	(5.688273e-01 -9.312794e-01 -1.910016e-18)	(1.821076e-01 4.040377e-02 -1.025000e-02)	0	(2.523558e+00 8.558789e-01 6.223724e-21)	(1.862089e-01 4.969576e-02 -1.025000e-02)	0
0.26          	p             	-2.190897e+00	(1.885709e-01 3.639201e-02 -1.025000e-02)	0	2.288367e+00	(1.822548e-01 4.267805e-02 -1.025000e-02)	0
0.27          	U             	(5.627702e-01 -9.297854e-01 -1.902208e-18)	(1.821076e-01 4.040377e-02 -1.025000e-02)	0	(2.507707e+00 8.628225e-01 6.012025e-21)	(1.862089e-01 4.969576e-02 -1.025000e-02)	0
0.27          	p             	-2.206907e+00	(1.885709e-01 3.639201e-02 -1.025000e-02)	0	2.288486e+00	(1.822548e-01 4.267805e-02 -1.025000e-02)	0
0.28          	U             	(5.614280e-01 -9.248026e-01 -1.919760e-18)	(1.821076e-01 4.040377e-02 -1.025000e-02)	0	(2.532498e+00 8.519491e-01 6.285495e-21)	(1.862089e-01 4.969576e-02 -1.025000e-02)	0
0.28          	p             	-2.112592e+00	(1.885709e-01 3.639201e-02 -1.025000e-02)	0	2.296207e+00	(1.822548e-01 4.267805e-02 -1.025000e-02)	0
0.29          	U             	(5.695762e-01 -9.277005e-01 -1.923379e-18)	(1.821076e-01 4.040377e-02 -1.025000e-02)	0	(2.536095e+00 8.600987e-01 6.381694e-21)	(1.862089e-01 4.969576e-02 -1.025000e-02)	0
0.29          	p             	-2.133256e+00	(1.885709e-01 3.639201e-02 -1.025000e-02)	0	2.284273e+00	(1.822548e-01 4.267805e-02 -1.025000e-02)	0
0.3           	U             	(5.637877e-01 -9.300081e-01 -1.907271e-18)	(1.821076e-01 4.040377e-02 -1.025000e-02)	0	(2.518388e+00 8.650947e-01 6.020136e-21)	(1.862089e-01 4.969576e-02 -1.025000e-02)	0
0.3           	p             	-2.206073e+00	(1.885709e-01 3.639201e-02 -1.025000e-02)	0	2.292610e+00	(1.822548e-01 4.267805e-02 -1.025000e-02)	0
0.31          	U             	(5.605112e-01 -9.281957e-01 -1.899752e-18)	(1.821076e-01 4.040377e-02 -1.025000e-02)	0	(2.516750e+00 8.539547e-01 6.166470e-21)	(1.862089e-01 4.969576e-02 -1.025000e-02)	0
0.31          	p             	-2.174779e+00	(1.885709e-01 3.639201e-02 -1.025000e-02)	0	2.290031e+00	(1.822548e-01 4.267805e-02 -1.025000e-02)	0
0.32          	U             	(5.669139e-01 -9.252692e-01 -1.939665e-18)	(1.821076e-01 4.040377e-02 -1.025000e-02)	0	(2.538240e+00 8.570827e-01 6.342867e-21)	(1.862089e-01 4.969576e-02 -1.025000e-02)	0
0.32          	p             	-2.111848e+00	(1.885709e-01 3.639201e-02 -1.025000e-02)	0	2.298497e+00	(1.822548e-01 4.267805e-02 -1.025000e-02)	0
0.33          	U             	(5.662871e-01 -9.284464e-01 -1.908014e-18)	(1.821076e-01 4.040377e-02 -1.025000e-02)	0	(2.533565e+00 8.505268e-01 6.259602e-21)	(1.862089e-01 4.969576e-02 -1.025000e-02)	0
0.33          	p             	-2.175242e+00	(1.885709e-01 3.639201e-02 -1.025000e-02)	0	2.281841e+00	(1.822548e-01 4.267805e-02 -1.025000e-02)	0
0.34          	U             	(5.634736e-01 -9.304899e-01 -1.904765e-18)	(1.821076e-01 4.040377e-02 -1.025000e-02)	0	(2.505234e+00 8.648639e-01 5.964731e-21)	(1.862089e-01 4.969576e-02 -1.025000e-02)	0
0.34          	p             	-2.204584e+00	(1.885709e-01 3.639201e-02 -1.025000e-02)	0	2.296525e+00	(1.822548e-01 4.267805e-02 -1.025000e-02)	0
0.35          	U             	(5.631409e-01 -9.243660e-01 -1.928225e-18)	(1.821076e-01 4.040377e-02 -1.025000e-02)	0	(2.533066e+00 8.464277e-01 6.201908e-21)	(1.862089e-01 4.969576e-02 -1.025000e-02)	0
0.35          	p             	-2.126112e+00	(1.885709e-01 3.639201e-02 -1.025000e-02)	0	2.295706e+00	(1.822548e-01 4.267805e-02 -1.025000e-02)	0
0.36          	U             	(5.654946e-01 -9.253170e-01 -1.929538e-18)	(1.821076e-01 4.040377e-02 -1.025000e-02)	0	(2.542050e+00 8.576730e-01 6.361827e-21)	(1.862089e-01 4.969576e-02 -1.025000e-02)	0
0.36          	p             	-2.125342e+00	(1.885709e-01 3.639201e-02 -1.025000e-02)	0	2.295717e+00	(1.822548e-01 4.267805e-02 -1.025000e-02)	0
0.37          	U             	(5.669692e-01 -9.313372e-01 -1.917732e-18)	(1.821076e-01 4.040377e-02 -1.025000e-02)	0	(2.516336e+00 8.681726e-01 6.030922e-21)	(1.862089e-01 4.969576e-02 -1.025000e-02)	0
0.37          	p             	-2.197504e+00	(1.885709e-01 3.639201e-02 -1.025000e-02)	0	2.302022e+00	(1.822548e-01 4.267805e-02 -1.025000e-02)	0
0.38          	U             	(5.613761e-01 -9.284924e-01 -1.906705e-18)	(1.821076e-01 4.040377e-02 -1.025000e-02)	0	(2.516047e+00 8.542428e-01 6.055275e-21)	(1.862089e-01 4.969576e-02 -1.025000e-02)	0
0.38          	p             	-2.190941e+00	(1.885709e-01 3.639201e-02 -1.025000e-02)	0	2.290334e+00	(1.822548e-01 4.267805e-02 -1.025000e-02)	0
0.39          	U             	(5.636806e-01 -9.251058e-01 -1.933978e-18)	(1.821076e-01 4.040377e-02 -1.025000e-02)	0	(2.538766e+00 8.611572e-01 6.328454e-21)	(1.862089e-01 4.969576e-02 -1.025000e-02)	0
0.39          	p             	-2.107297e+00	(1.885709e-01 3.639201e-02 -1.025000e-02)	0	2.305292e+00	(1.822548e-01 4.267805e-02 -1.025000e-02)	0
0.4           	U             	(5.694798e-01 -9.294980e-01 -1.921044e-18)	(1.821076e-01 4.040377e-02 -1.025000e-02)	0	(2.533484e+00 8.447209e-01 6.257150e-21)	(1.862089e-01 4.969576e-02 -1.025000e-02)	0
0.4           	p             	-2.160946e+00	(1.885709e-01 3.639201e-02 -1.025000e-02)	0	2.288605e+00	(1.822548e-01 4.267805e-02 -1.025000e-02)	0
0.41          	U             	(5.621360e-01 -9.292839e-01 -1.909684e-18)	(1.821076e-01 4.040377e-02 -1.025000e-02)	0	(2.511266e+00 8.665724e-01 5.942658e-21)	(1.862089e-01 4.969576e-02 -1.025000e-02)	0
0.41          	p             	-2.203559e+00	(1.885709e-01 3.639201e-02 -1.025000e-02)	0	2.294842e+00	(1.822548e-01 4.267805e-02 -1.025000e-02)	0
0.42          	U             	(5.614109e-01 -9.272549e-01 -1.917823e-18)	(1.821076e-01 4.040377e-02 -1.025000e-02)	0	(2.524857e+00 8.571962e-01 6.233045e-21)	(1.862089e-01 4.969576e-02 -1.025000e-02)	0
0.42          	p             	-2.126847e+00	(1.885709e-01 3.639201e-02 -1.025000e-02)	0	2.298149e+00	(1.822548e-01 4.267805e-02 -1.025000e-02)	0
0.43          	U             	(5.684294e-01 -9.259110e-01 -1.940945e-18)	(1.821076e-01 4.040377e-02 -1.025000e-02)	0	(2.541576e+00 8.516344e-01 6.359384e-21)	(1.862089e-01 4.969576e-02 -1.025000e-02)	0
0.43          	p             	-2.120325e+00	(1.885709e-01 3.639201e-02 -1.025000e-02)	0	2.296855e+00	(1.822548e-01 4.267805e-02 -1.025000e-02)	0
0.44          	U             	(5.647047e-01 -9.294614e-01 -1.916377e-18)	(1.821076e-01 4.040377e-02 -1.025000e-02)	0	(2.521233e+00 8.688886e-01 6.064816e-21)	(1.862089e-01 4.969576e-02 -1.025000e-02)	0
0.44          	p             	-2.188998e+00	(1.885709e-01 3.639201e-02 -1.025000e-02)	0	2.300306e+00	(1.822548e-01 4.267805e-02 -1.025000e-02)	0
0.45          	U             	(5.625492e-01 -9.296933e-01 -1.905274e-18)	(1.821076e-01 4.040377e-02 -1.025000e-02)	0	(2.509524e+00 8.590119e-01 6.014760e-21)	(1.862089e-01 4.969576e-02 -1.025000e-02)	0
0.45          	p             	-2.189506e+00	(1.885709e-01 3.639201e-02 -1.025000e-02)	0	2.294308e+00	(1.822548e-01 4.267805e-02 -1.025000e-02)	0
0.46          	U             	(5.646900e-01 -9.246444e-01 -1.940488e-18)	(1.821076e-01 4.040377e-02 -1.025000e-02)	0	(2.534258e+00 8.543331e-01 6.301470e-21)	(1.862089e-01 4.969576e-02 -1.025000e-02)	0
0.46          	p             	-2.102569e+00	(1.885709e-01 3.639201e-02 -1.025000e-02)	0	2.302265e+00	(1.822548e-01 4.267805e-02 -1.025000e-02)	0
0.47          	U             	(5.669874e-01 -9.277304e-01 -1.917129e-18)	(1.821076e-01 4.040377e-02 -1.025000e-02)	0	(2.538097e+00 8.545177e-01 6.275953e-21)	(1.862089e-01 4.969576e-02 -1.025000e-02)	0
0.47          	p             	-2.142814e+00	(1.885709e-01 3.639201e-02 -1.025000e-02)	0	2.290709e+00	(1.822548e-01 4.267805e-02 -1.025000e-02)	0
0.48          	U             	(5.652761e-01 -9.303955e-01 -1.913955e-18)	(1.821076e-01 4.040377e-02 -1.025000e-02)	0	(2.511794e+00 8.598741e-01 5.962380e-21)	(1.862089e-01 4.969576e-02 -1.025000e-02)	0
0.48          	p             	-2.202048e+00	(1.885709e-01 3.639201e-02 -1.025000e-02)	0	2.298567e+00	(1.822548e-01 4.267805e-02 -1.025000e-02)	0
0.49          	U             	(5.607946e-01 -9.256049e-01 -1.916334e-18)	(1.821076e-01 4.040377e-02 -1.025000e-02)	0	(2.523964e+00 8.526605e-01 6.172760e-21)	(1.862089e-01 4.969576e-02 -1.025000e-02)	0
0.49          	p             	-2.152038e+00	(1.885709e-01 3.639201e-02 -1.025000e-02)	0	2.293464e+00	(1.822548e-01 4.267805e-02 -1.025000e-02)	0
0.5           	U             	(5.656272e-01 -9.256716e-01 -1.936651e-18)	(1.821076e-01 4.040377e-02 -1.025000e-02)	0	(2.542807e+00 8.566323e-01 6.347100e-21)	(1.862089e-01 4.969576e-02 -1.025000e-02)	0
0.5           	p             	-2.107432e+00	(1.885709e-01 3.639201e-02 -1.025000e-02)	0	2.303351e+00	(1.822548e-01 4.267805e-02 -1.025000e-02)	0
0.51          	U             	(5.687560e-01 -9.306613e-01 -1.922008e-18)	(1.821076e-01 4.040377e-02 -1.025000e-02)	0	(2.521872e+00 8.623242e-01 6.154219e-21)	(1.862089e-01 4.969576e-02 -1.025000e-02)	0
0.51          	p             	-2.184172e+00	(1.885709e-01 3.639201e-02 -1.025000e-02)	0	2.296200e+00	(1.822548e-01 4.267805e-02 -1.025000e-02)	0
0.52          	U             	(5.616412e-01 -9.297937e-01 -1.905595e-18)	(1.821076e-01 4.040377e-02 -1.025000e-02)	0	(2.510405e+00 8.605433e-01 5.964725e-21)	(1.862089e-01 4.969576e-02 -1.025000e-02)	0
0.52          	p             	-2.197973e+00	(1.885709e-01 3.639201e-02 -1.025000e-02)	0	2.295632e+00	(1.822548e-01 4.267805e-02 -1.025000e-02)	0
0.53          	U             	(5.630441e-01 -9.244206e-01 -1.931285e-18)	(1.821076e-01 4.040377e-02 -1.025000e-02)	0	(2.534182e+00 8.487982e-01 6.273510e-21)	(1.862089e-01 4.969576e-02 -1.025000e-02)	0
0.53          	p             	-2.102682e+00	(1.885709e-01 3.639201e-02 -1.025000e-02)	0	2.300891e+00	(1.822548e-01 4.267805e-02 -1.025000e-02)	0
0.54          	U             	(5.688247e-01 -9.266839e-01 -1.930732e-18)	(1.821076e-01 4.040377e-02 -1.025000e-02)	0	(2.535189e+00 8.676718e-01 6.348122e-21)	(1.862089e-01 4.969576e-02 -1.025000e-02)	0
0.54          	p             	-2.140564e+00	(1.885709e-01 3.639201e-02 -1.025000e-02)	0	2.290736e+00	(1.822548e-01 4.267805e-02 -1.025000e-02)	0
0.55          	U             	(5.634646e-01 -9.303575e-01 -1.909589e-18)	(1.821076e-01 4.040377e-02 -1.025000e-02)	0	(2.517925e+00 8.624869e-01 5.965421e-21)	(1.862089e-01 4.969576e-02 -1.025000e-02)	0
0.55          	p             	-2.201463e+00	(1.885709e-01 3.639201e-02 -1.025000e-02)	0	2.298946e+00	(1.822548e-01 4.267805e-02 -1.025000e-02)	0
0.56          	U             	(5.619044e-01 -9.281599e-01 -1.907902e-18)	(1.821076e-01 4.040377e-02 -1.025000e-02)	0	(2.518211e+00 8.455384e-01 6.147998e-21)	(1.862089e-01 4.969576e-02 -1.025000e-02)	0
0.56          	p             	-2.161785e+00	(1.885709e-01 3.639201e-02 -1.025000e-02)	0	2.290160e+00	(1.822548e-01 4.267805e-02 -1.025000e-02)	0
0.57          	U             	(5.658579e-01 -9.246302e-01 -1.943634e-18)	(1.821076e-01 4.040377e-02 -1.025000e-02)	0	(2.538999e+00 8.598209e-01 6.341763e-21)	(1.862089e-01 4.969576e-02 -1.025000e-02)	0
0.57          	p             	-2.112990e+00	(1.885709e-01 3.639201e-02 -1.025000e-02)	0	2.300595e+00	(1.822548e-01 4.267805e-02 -1.025000e-02)	0
0.58          	U             	(5.666217e-01 -9.300172e-01 -1.918265e-18)	(1.821076e-01 4.040377e-02 -1.025000e-02)	0	(2.531737e+00 8.555118e-01 6.159078e-21)	(1.862089e-01 4.969576e-02 -1.025000e-02)	0
0.58          	p             	-2.174810e+00	(1.885709e-01 3.639201e-02 -1.025000e-02)	0	2.299077e+00	(1.822548e-01 4.267805e-02 -1.025000e-02)	0
0.59          	U             	(5.638773e-01 -9.303718e-01 -1.911696e-18)	(1.821076e-01 4.040377e-02 -1.025000e-02)	0	(2.507803e+00 8.602142e-01 5.937584e-21)	(1.862089e-01 4.969576e-02 -1.025000e-02)	0
0.59          	p             	-2.204396e+00	(1.885709e-01 3.639201e-02 -1.025000e-02)	0	2.298416e+00	(1.822548e-01 4.267805e-02 -1.025000e-02)	0
0.6           	U             	(5.617866e-01 -9.251492e-01 -1.928237e-18)	(1.821076e-01 4.040377e-02 -1.025000e-02)	0	(2.534138e+00 8.467176e-01 6.201476e-21)	(1.862089e-01 4.969576e-02 -1.025000e-02)	0
0.6           	p             	-2.117212e+00	(1.885709e-01 3.639201e-02 -1.025000e-02)	0	2.301178e+00	(1.822548e-01 4.267805e-02 -1.025000e-02)	0
0.61          	U             	(5.673255e-01 -9.263069e-01 -1.934668e-18)	(1.821076e-01 4.040377e-02 -1.025000e-02)	0	(2.539118e+00 8.647757e-01 6.387420e-21)	(1.862089e-01 4.969576e-02 -1.025000e-02)	0
0.61          	p             	-2.122201e+00	(1.885709e-01 3.639201e-02 -1.025000e-02)	0	2.299650e+00	(1.822548e-01 4.267805e-02 -1.025000e-02)	0
0.62          	U             	(5.666506e-01 -9.302216e-01 -1.919804e-18)	(1.821076e-01 4.040377e-02 -1.025000e-02)	0	(2.516032e+00 8.659598e-01 6.003723e-21)	(1.862089e-01 4.969576e-02 -1.025000e-02)	0
0.62          	p             	-2.197162e+00	(1.885709e-01 3.639201e-02 -1.025000e-02)	0	2.299972e+00	(1.822548e-01 4.267805e-02 -1.025000e-02)	0
0.63          	U             	(5.602613e-01 -9.294091e-01 -1.903315e-18)	(1.821076e-01 4.040377e-02 -1.025000e-02)	0	(2.519128e+00 8.516366e-01 6.037183e-21)	(1.862089e-01 4.969576e-02 -1.025000e-02)	0
0.63          	p             	-2.178476e+00	(1.885709e-01 3.639201e-02 -1.025000e-02)	0	2.295730e+00	(1.822548e-01 4.267805e-02 -1.025000e-02)	0
0.64          	U             	(5.656525e-01 -9.257807e-01 -1.941369e-18)	(1.821076e-01 4.040377e-02 -1.025000e-02)	0	(2.540243e+00 8.561223e-01 6.355512e-21)	(1.862089e-01 4.969576e-02 -1.025000e-02)	0
0.64          	p             	-2.097563e+00	(1.885709e-01 3.639201e-02 -1.025000e-02)	0	2.305743e+00	(1.822548e-01 4.267805e-02 -1.025000e-02)	0
0.65          	U             	(5.687400e-01 -9.288495e-01 -1.921165e-18)	(1.821076e-01 4.040377e-02 -1.025000e-02)	0	(2.533372e+00 8.521199e-01 6.261431e-21)	(1.862089e-01 4.969576e-02 -1.025000e-02)	0
0.65          	p             	-2.156959e+00	(1.885709e-01 3.639201e-02 -1.025000e-02)	0	2.288771e+00	(1.822548e-01 4.267805e-02 -1.025000e-02)	0
0.66          	U             	(5.617931e-01 -9.296604e-01 -1.906549e-18)	(1.821076e-01 4.040377e-02 -1.025000e-02)	0	(2.508427e+00 8.626050e-01 5.955258e-21)	(1.862089e-01 4.969576e-02 -1.025000e-02)	0
0.66          	p             	-2.197517e+00	(1.885709e-01 3.639201e-02 -1.025000e-02)	0	2.298322e+00	(1.822548e-01 4.267805e-02 -1.025000e-02)	0
0.67          	U             	(5.630956e-01 -9.255631e-01 -1.924097e-18)	(1.821076e-01 4.040377e-02 -1.025000e-02)	0	(2.529027e+00 8.489503e-01 6.214207e-21)	(1.862089e-01 4.969576e-02 -1.025000e-02)	0
0.67          	p             	-2.128705e+00	(1.885709e-01 3.639201e-02 -1.025000e-02)	0	2.296285e+00	(1.822548e-01 4.267805e-02 -1.025000e-02)	0
0.68          	U             	(5.663575e-01 -9.253190e-01 -1.937082e-18)	(1.821076e-01 4.040377e-02 -1.025000e-02)	0	(2.542754e+00 8.573789e-01 6.376076e-21)	(1.862089e-01 4.969576e-02 -1.025000e-02)	0
0.68          	p             	-2.118167e+00	(1.885709e-01 3.639201e-02 -1.025000e-02)	0	2.296604e+00	(1.822548e-01 4.267805e-02 -1.025000e-02)	0
0.69          	U             	(5.659394e-01 -9.306903e-01 -1.918081e-18)	(1.821076e-01 4.040377e-02 -1.025000e-02)	0	(2.518423e+00 8.697417e-01 6.065408e-21)	(1.862089e-01 4.969576e-02 -1.025000e-02)	0
0.69          	p             	-2.190449e+00	(1.885709e-01 3.639201e-02 -1.025000e-02)	0	2.303948e+00	(1.822548e-01 4.267805e-02 -1.025000e-02)	0
0.7           	U             	(5.628186e-01 -9.292706e-01 -1.908849e-18)	(1.821076e-01 4.040377e-02 -1.025000e-02)	0	(2.512793e+00 8.562889e-01 5.985528e-21)	(1.862089e-01 4.969576e-02 -1.025000e-02)	0
0.7           	p             	-2.193775e+00	(1.885709e-01 3.639201e-02 -1.025000e-02)	0	2.293036e+00	(1.822548e-01 4.267805e-02 -1.025000e-02)	0
0.71          	U             	(5.630519e-01 -9.251292e-01 -1.937418e-18)	(1.821076e-01 4.040377e-02 -1.025000e-02)	0	(2.540535e+00 8.526965e-01 6.284189e-21)	(1.862089e-01 4.969576e-02 -1.025000e-02)	0
0.71          	p             	-2.102999e+00	(1.885709e-01 3.639201e-02 -1.025000e-02)	0	2.306958e+00	(1.822548e-01 4.267805e-02 -1.025000e-02)	0
0.72          	U             	(5.687549e-01 -9.287881e-01 -1.917520e-18)	(1.821076e-01 4.040377e-02 -1.025000e-02)	0	(2.533290e+00 8.563171e-01 6.328976e-21)	(1.862089e-01 4.969576e-02 -1.025000e-02)	0
0.72          	p             	-2.147724e+00	(1.885709e-01 3.639201e-02 -1.025000e-02)	0	2.289214e+00	(1.822548e-01 4.267805e-02 -1.025000e-02)	0
0.73          	U             	(5.638612e-01 -9.289342e-01 -1.912014e-18)	(1.821076e-01 4.040377e-02 -1.025000e-02)	0	(2.512797e+00 8.645635e-01 5.950871e-21)	(1.862089e-01 4.969576e-02 -1.025000e-02)	0
0.73          	p             	-2.206593e+00	(1.885709e-01 3.639201e-02 -1.025000e-02)	0	2.292787e+00	(1.822548e-01 4.267805e-02 -1.025000e-02)	0
0.74          	U             	(5.602291e-01 -9.272800e-01 -1.912532e-18)	(1.821076e-01 4.040377e-02 -1.025000e-02)	0	(2.526195e+00 8.540396e-01 6.171687e-21)	(1.862089e-01 4.969576e-02 -1.025000e-02)	0
0.74          	p             	-2.146961e+00	(1.885709e-01 3.639201e-02 -1.025000e-02)	0	2.298813e+00	(1.822548e-01 4.267805e-02 -1.025000e-02)	0
0.75          	U             	(5.675200e-01 -9.258297e-01 -1.941456e-18)	(1.821076e-01 4.040377e-02 -1.025000e-02)	0	(2.542197e+00 8.492706e-01 6.381342e-21)	(1.862089e-01 4.969576e-02 -1.025000e-02)	0
0.75          	p             	-2.112170e+00	(1.885709e-01 3.639201e-02 -1.025000e-02)	0	2.300635e+00	(1.822548e-01 4.267805e-02 -1.025000e-02)	0
0.76          	U             	(5.666170e-01 -9.294293e-01 -1.920125e-18)	(1.821076e-01 4.040377e-02 -1.025000e-02)	0	(2.521784e+00 8.667352e-01 6.129640e-21)	(1.862089e-01 4.969576e-02 -1.025000e-02)	0
0.76          	p             	-2.184027e+00	(1.885709e-01 3.639201e-02 -1.025000e-02)	0	2.294397e+00	(1.822548e-01 4.267805e-02 -1.025000e-02)	0
0.77          	U             	(5.616890e-01 -9.303966e-01 -1.902953e-18)	(1.821076e-01 4.040377e-02 -1.025000e-02)	0	(2.509634e+00 8.645266e-01 5.976293e-21)	(1.862089e-01 4.969576e-02 -1.025000e-02)	0
0.77          	p             	-2.195032e+00	(1.885709e-01 3.639201e-02 -1.025000e-02)	0	2.297796e+00	(1.822548e-01 4.267805e-02 -1.025000e-02)	0
0.78          	U             	(5.647556e-01 -9.246857e-01 -1.939342e-18)	(1.821076e-01 4.040377e-02 -1.025000e-02)	0	(2.535026e+00 8.462515e-01 6.286601e-21)	(1.862089e-01 4.969576e-02 -1.025000e-02)	0
0.78          	p             	-2.103322e+00	(1.885709e-01 3.639201e-02 -1.025000e-02)	0	2.302004e+00	(1.822548e-01 4.267805e-02 -1.025000e-02)	0
0.79          	U             	(5.667442e-01 -9.261582e-01 -1.925885e-18)	(1.821076e-01 4.040377e-02 -1.025000e-02)	0	(2.537434e+00 8.599223e-01 6.319592e-21)	(1.862089e-01 4.969576e-02 -1.025000e-02)	0
0.79          	p             	-2.139848e+00	(1.885709e-01 3.639201e-02 -1.025000e-02)	0	2.292774e+00	(1.822548e-01 4.267805e-02 -1.025000e-02)	0
0.8           	U             	(5.646589e-01 -9.303267e-01 -1.908961e-18)	(1.821076e-01 4.040377e-02 -1.025000e-02)	0	(2.512892e+00 8.618480e-01 5.977766e-21)	(1.862089e-01 4.969576e-02 -1.025000e-02)	0
0.8           	p             	-2.204455e+00	(1.885709e-01 3.639201e-02 -1.025000e-02)	0	2.297241e+00	(1.822548e-01 4.267805e-02 -1.025000e-02)	0
0.81          	U             	(5.621678e-01 -9.271082e-01 -1.915405e-18)	(1.821076e-01 4.040377e-02 -1.025000e-02)	0	(2.520275e+00 8.527732e-01 6.142311e-21)	(1.862089e-01 4.969576e-02 -1.025000e-02)	0
0.81          	p             	-2.167758e+00	(1.885709e-01 3.639201e-02 -1.025000e-02)	0	2.293825e+00	(1.822548e-01 4.267805e-02 -1.025000e-02)	0
0.82          	U             	(5.644544e-01 -9.251148e-01 -1.935225e-18)	(1.821076e-01 4.040377e-02 -1.025000e-02)	0	(2.545815e+00 8.480509e-01 6.316606e-21)	(1.862089e-01 4.969576e-02 -1.025000e-02)	0
0.82          	p             	-2.106594e+00	(1.885709e-01 3.639201e-02 -1.025000e-02)	0	2.301685e+00	(1.822548e-01 4.267805e-02 -1.025000e-02)	0
0.83          	U             	(5.682766e-01 -9.302691e-01 -1.919362e-18)	(1.821076e-01 4.040377e-02 -1.025000e-02)	0	(2.525925e+00 8.557500e-01 6.205451e-21)	(1.862089e-01 4.969576e-02 -1.025000e-02)	0
0.83          	p             	-2.174234e+00	(1.885709e-01 3.639201e-02 -1.025000e-02)	0	2.296038e+00	(1.822548e-01 4.267805e-02 -1.025000e-02)	0
0.84          	U             	(5.632237e-01 -9.300440e-01 -1.909753e-18)	(1.821076e-01 4.040377e-02 -1.025000e-02)	0	(2.509065e+00 8.679636e-01 5.949025e-21)	(1.862089e-01 4.969576e-02 -1.025000e-02)	0
0.84          	p             	-2.206715e+00	(1.885709e-01 3.639201e-02 -1.025000e-02)	0	2.294958e+00	(1.822548e-01 4.267805e-02 -1.025000e-02)	0
0.85          	U             	(5.615162e-01 -9.257235e-01 -1.927031e-18)	(1.821076e-01 4.040377e-02 -1.025000e-02)	0	(2.534595e+00 8.479258e-01 6.219550e-21)	(1.862089e-01 4.969576e-02 -1.025000e-02)	0
0.85          	p             	-2.111834e+00	(1.885709e-01 3.639201e-02 -1.025000e-02)	0	2.305105e+00	(1.822548e-01 4.267805e-02 -1.025000e-02)	0
0.86          	U             	(5.688412e-01 -9.268784e-01 -1.934284e-18)	(1.821076e-01 4.040377e-02 -1.025000e-02)	0	(2.535298e+00 8.568937e-01 6.384300e-21)	(1.862089e-01 4.969576e-02 -1.025000e-02)	0
0.86          	p             	-2.120378e+00	(1.885709e-01 3.639201e-02 -1.025000e-02)	0	2.295561e+00	(1.822548e-01 4.267805e-02 -1.025000e-02)	0
0.87          	U             	(5.644495e-01 -9.294570e-01 -1.916107e-18)	(1.821076e-01 4.040377e-02 -1.025000e-02)	0	(2.518386e+00 8.734819e-01 6.001208e-21)	(1.862089e-01 4.969576e-02 -1.025000e-02)	0
0.87          	p             	-2.199138e+00	(1.885709e-01 3.639201e-02 -1.025000e-02)	0	2.297915e+00	(1.822548e-01 4.267805e-02 -1.025000e-02)	0
0.88          	U             	(5.612889e-01 -9.292355e-01 -1.906916e-18)	(1.821076e-01 4.040377e-02 -1.025000e-02)	0	(2.515708e+00 8.540243e-01 6.064422e-21)	(1.862089e-01 4.969576e-02 -1.025000e-02)	0
0.88          	p             	-2.171401e+00	(1.885709e-01 3.639201e-02 -1.025000e-02)	0	2.296981e+00	(1.822548e-01 4.267805e-02 -1.025000e-02)	0
0.89          	U             	(5.663569e-01 -9.253946e-01 -1.944295e-18)	(1.821076e-01 4.040377e-02 -1.025000e-02)	0	(2.538380e+00 8.515703e-01 6.329687e-21)	(1.862089e-01 4.969576e-02 -1.025000e-02)	0
0.89          	p             	-2.103948e+00	(1.885709e-01 3.639201e-02 -1.025000e-02)	0	2.304758e+00	(1.822548e-01 4.267805e-02 -1.025000e-02)	0
0.9           	U             	(5.667503e-01 -9.284644e-01 -1.917543e-18)	(1.821076e-01 4.040377e-02 -1.025000e-02)	0	(2.535499e+00 8.505384e-01 6.233172e-21)	(1.862089e-01 4.969576e-02 -1.025000e-02)	0
0.9           	p             	-2.157200e+00	(1.885709e-01 3.639201e-02 -1.025000e-02)	0	2.288840e+00	(1.822548e-01 4.267805e-02 -1.025000e-02)	0
0.91          	U             	(5.637971e-01 -9.307249e-01 -1.913625e-18)	(1.821076e-01 4.040377e-02 -1.025000e-02)	0	(2.508849e+00 8.649109e-01 5.935353e-21)	(1.862089e-01 4.969576e-02 -1.025000e-02)	0
0.91          	p             	-2.200056e+00	(1.885709e-01 3.639201e-02 -1.025000e-02)	0	2.303702e+00	(1.822548e-01 4.267805e-02 -1.025000e-02)	0
0.92          	U             	(5.623153e-01 -9.247310e-01 -1.926499e-18)	(1.821076e-01 4.040377e-02 -1.025000e-02)	0	(2.527774e+00 8.512474e-01 6.202353e-21)	(1.862089e-01 4.969576e-02 -1.025000e-02)	0
0.92          	p             	-2.130362e+00	(1.885709e-01 3.639201e-02 -1.025000e-02)	0	2.297300e+00	(1.822548e-01 4.267805e-02 -1.025000e-02)	0
0.93          	U             	(5.656725e-01 -9.254981e-01 -1.931128e-18)	(1.821076e-01 4.040377e-02 -1.025000e-02)	0	(2.542983e+00 8.551947e-01 6.347124e-21)	(1.862089e-01 4.969576e-02 -1.025000e-02)	0
0.93          	p             	-2.120725e+00	(1.885709e-01 3.639201e-02 -1.025000e-02)	0	2.296202e+00	(1.822548e-01 4.267805e-02 -1.025000e-02)	0
0.94          	U             	(5.672160e-01 -9.312378e-01 -1.919462e-18)	(1.821076e-01 4.040377e-02 -1.025000e-02)	0	(2.517609e+00 8.681447e-01 6.056190e-21)	(1.862089e-01 4.969576e-02 -1.025000e-02)	0
0.94          	p             	-2.194768e+00	(1.885709e-01 3.639201e-02 -1.025000e-02)	0	2.302474e+00	(1.822548e-01 4.267805e-02 -1.025000e-02)	0
0.95          	U             	(5.614511e-01 -9.289613e-01 -1.908811e-18)	(1.821076e-01 4.040377e-02 -1.025000e-02)	0	(2.513403e+00 8.574776e-01 5.999793e-21)	(1.862089e-01 4.969576e-02 -1.025000e-02)	0
0.95          	p             	-2.194426e+00	(1.885709e-01 3.639201e-02 -1.025000e-02)	0	2.293667e+00	(1.822548e-01 4.267805e-02 -1.025000e-02)	0
0.96          	U             	(5.632082e-01 -9.250773e-01 -1.933696e-18)	(1.821076e-01 4.040377e-02 -1.025000e-02)	0	(2.538349e+00 8.601853e-01 6.296987e-21)	(1.862089e-01 4.969576e-02 -1.025000e-02)	0
0.96          	p             	-2.099533e+00	(1.885709e-01 3.639201e-02 -1.025000e-02)	0	2.305141e+00	(1.822548e-01 4.267805e-02 -1.025000e-02)	0
0.97          	U             	(5.697025e-01 -9.295920e-01 -1.919079e-18)	(1.821076e-01 4.040377e-02 -1.025000e-02)	0	(2.535543e+00 8.505334e-01 6.318268e-21)	(1.862089e-01 4.969576e-02 -1.025000e-02)	0
0.97          	p             	-2.153622e+00	(1.885709e-01 3.639201e-02 -1.025000e-02)	0	2.286221e+00	(1.822548e-01 4.267805e-02 -1.025000e-02)	0
0.98          	U             	(5.629242e-01 -9.298640e-01 -1.907802e-18)	(1.821076e-01 4.040377e-02 -1.025000e-02)	0	(2.512254e+00 8.610519e-01 5.963652e-21)	(1.862089e-01 4.969576e-02 -1.025000e-02)	0
0.98          	p             	-2.204227e+00	(1.885709e-01 3.639201e-02 -1.025000e-02)	0	2.294151e+00	(1.822548e-01 4.267805e-02 -1.025000e-02)	0
0.99          	U             	(5.607375e-01 -9.266117e-01 -1.913584e-18)	(1.821076e-01 4.040377e-02 -1.025000e-02)	0	(2.522002e+00 8.533608e-01 6.190506e-21)	(1.862089e-01 4.969576e-02 -1.025000e-02)	0
0.99          	p             	-2.141317e+00	(1.885709e-01 3.639201e-02 -1.025000e-02)	0	2.294336e+00	(1.822548e-01 4.267805e-02 -1.025000e-02)	0
1             	U             	(5.676049e-01 -9.256647e-01 -1.940646e-18)	(1.821076e-01 4.040377e-02 -1.025000e-02)	0	(2.542738e+00 8.554679e-01 6.375242e-21)	(1.862089e-01 4.969576e-02 -1.025000e-02)	0
1             	p             	-2.115231e+00	(1.885709e-01 3.639201e-02 -1.025000e-02)	0	2.297061e+00	(1.822548e-01 4.267805e-02 -1.025000e-02)	0
1.01          	U             	(5.654383e-01 -9.297580e-01 -1.916310e-18)	(1.821076e-01 4.040377e-02 -1.025000e-02)	0	(2.524364e+00 8.648171e-01 6.107077e-21)	(1.862089e-01 4.969576e-02 -1.025000e-02)	0
1.01          	p             	-2.185773e+00	(1.885709e-01 3.639201e-02 -1.025000e-02)	0	2.299002e+00	(1.822548e-01 4.267805e-02 -1.025000e-02)	0
1.02          	U             	(5.626816e-01 -9.297556e-01 -1.904338e-18)	(1.821076e-01 4.040377e-02 -1.025000e-02)	0	(2.506479e+00 8.619008e-01 6.001538e-21)	(1.862089e-01 4.969576e-02 -1.025000e-02)	0
1.02          	p             	-2.198364e+00	(1.885709e-01 3.639201e-02 -1.025000e-02)	0	2.293846e+00	(1.822548e-01 4.267805e-02 -1.025000e-02)	0
1.03          	U             	(5.641775e-01 -9.247150e-01 -1.938128e-18)	(1.821076e-01 4.040377e-02 -1.025000e-02)	0	(2.534399e+00 8.530240e-01 6.290580e-21)	(1.862089e-01 4.969576e-02 -1.025000e-02)	0
1.03          	p             	-2.105462e+00	(1.885709e-01 3.639201e-02 -1.025000e-02)	0	2.301844e+00	(1.822548e-01 4.267805e-02 -1.025000e-02)	0
1.04          	U             	(5.664837e-01 -9.264779e-01 -1.922656e-18)	(1.821076e-01 4.040377e-02 -1.025000e-02)	0	(2.539190e+00 8.590547e-01 6.303035e-21)	(1.862089e-01 4.969576e-02 -1.025000e-02)	0
1.04          	p             	-2.139861e+00	(1.885709e-01 3.639201e-02 -1.025000e-02)	0	2.292679e+00	(1.822548e-01 4.267805e-02 -1.025000e-02)	0
1.05          	U             	(5.655125e-01 -9.306679e-01 -1.911475e-18)	(1.821076e-01 4.040377e-02 -1.025000e-02)	0	(2.512960e+00 8.597081e-01 5.986094e-21)	(1.862089e-01 4.969576e-02 -1.025000e-02)	0
1.05          	p             	-2.206760e+00	(1.885709e-01 3.639201e-02 -1.025000e-02)	0	2.297038e+00	(1.822548e-01 4.267805e-02 -1.025000e-02)	0
1.06          	U             	(5.612599e-01 -9.268032e-01 -1.914088e-18)	(1.821076e-01 4.040377e-02 -1.025000e-02)	0	(2.521762e+00 8.546303e-01 6.153879e-21)	(1.862089e-01 4.969576e-02 -1.025000e-02)	0
1.06          	p             	-2.166390e+00	(1.885709e-01 3.639201e-02 -1.025000e-02)	0	2.293901e+00	(1.822548e-01 4.267805e-02 -1.025000e-02)	0
1.07          	U             	(5.647266e-01 -9.251488e-01 -1.935501e-18)	(1.821076e-01 4.040377e-02 -1.025000e-02)	0	(2.543015e+00 8.546724e-01 6.320704e-21)	(1.862089e-01 4.969576e-02 -1.025000e-02)	0
1.07          	p             	-2.106567e+00	(1.885709e-01 3.639201e-02 -1.025000e-02)	0	2.303157e+00	(1.822548e-01 4.267805e-02 -1.025000e-02)	0
1.08          	U             	(5.689740e-01 -9.304392e-01 -1.922578e-18)	(1.821076e-01 4.040377e-02 -1.025000e-02)	0	(2.525254e+00 8.541483e-01 6.178506e-21)	(1.862089e-01 4.969576e-02 -1.025000e-02)	0
1.08          	p             	-2.176629e+00	(1.885709e-01 3.639201e-02 -1.025000e-02)	0	2.296162e+00	(1.822548e-01 4.267805e-02 -1.025000e-02)	0
1.09          	U             	(5.620255e-01 -9.298710e-01 -1.907005e-18)	(1.821076e-01 4.040377e-02 -1.025000e-02)	0	(2.510800e+00 8.665307e-01 5.960989e-21)	(1.862089e-01 4.969576e-02 -1.025000e-02)	0
1.09          	p             	-2.205311e+00	(1.885709e-01 3.639201e-02 -1.025000e-02)	0	2.294843e+00	(1.822548e-01 4.267805e-02 -1.025000e-02)	0
1.1           	U             	(5.625740e-01 -9.250866e-01 -1.930892e-18)	(1.821076e-01 4.040377e-02 -1.025000e-02)	0	(2.531341e+00 8.530619e-01 6.272991e-21)	(1.862089e-01 4.969576e-02 -1.025000e-02)	0
1.1           	p             	-2.102613e+00	(1.885709e-01 3.639201e-02 -1.025000e-02)	0	2.304353e+00	(1.822548e-01 4.267805e-02 -1.025000e-02)	0
1.11          	U             	(5.690626e-01 -9.263840e-01 -1.934350e-18)	(1.821076e-01 4.040377e-02 -1.025000e-02)	0	(2.535963e+00 8.610103e-01 6.360540e-21)	(1.862089e-01 4.969576e-02 -1.025000e-02)	0
1.11          	p             	-2.130669e+00	(1.885709e-01 3.639201e-02 -1.025000e-02)	0	2.292685e+00	(1.822548e-01 4.267805e-02 -1.025000e-02)	0
1.12          	U             	(5.635070e-01 -9.301135e-01 -1.913862e-18)	(1.821076e-01 4.040377e-02 -1.025000e-02)	0	(2.519484e+00 8.652061e-01 5.953079e-21)	(1.862089e-01 4.969576e-02 -1.025000e-02)	0
1.12          	p             	-2.198139e+00	(1.885709e-01 3.639201e-02 -1.025000e-02)	0	2.300993e+00	(1.822548e-01 4.267805e-02 -1.025000e-02)	0
1.13          	U             	(5.622113e-01 -9.295318e-01 -1.908587e-18)	(1.821076e-01 4.040377e-02 -1.025000e-02)	0	(2.516290e+00 8.509719e-01 6.098313e-21)	(1.862089e-01 4.969576e-02 -1.025000e-02)	0
1.13          	p             	-2.169972e+00	(1.885709e-01 3.639201e-02 -1.025000e-02)	0	2.295078e+00	(1.822548e-01 4.267805e-02 -1.025000e-02)	0
1.14          	U             	(5.659153e-01 -9.252208e-01 -1.943677e-18)	(1.821076e-01 4.040377e-02 -1.025000e-02)	0	(2.537120e+00 8.606135e-01 6.344375e-21)	(1.862089e-01 4.969576e-02 -1.025000e-02)	0
1.14          	p             	-2.107441e+00	(1.885709e-01 3.639201e-02 -1.025000e-02)	0	2.304379e+00	(1.822548e-01 4.267805e-02 -1.025000e-02)	0
1.15          	U             	(5.668298e-01 -9.287639e-01 -1.913620e-18)	(1.821076e-01 4.040377e-02 -1.025000e-02)	0	(2.533582e+00 8.458947e-01 6.204160e-21)	(1.862089e-01 4.969576e-02 -1.025000e-02)	0
1.15          	p             	-2.162173e+00	(1.885709e-01 3.639201e-02 -1.025000e-02)	0	2.289376e+00	(1.822548e-01 4.267805e-02 -1.025000e-02)	0
1.16          	U             	(5.638482e-01 -9.301072e-01 -1.916938e-18)	(1.821076e-01 4.040377e-02 -1.025000e-02)	0	(2.508935e+00 8.639637e-01 5.935092e-21)	(1.862089e-01 4.969576e-02 -1.025000e-02)	0
1.16          	p             	-2.202468e+00	(1.885709e-01 3.639201e-02 -1.025000e-02)	0	2.301830e+00	(1.822548e-01 4.267805e-02 -1.025000e-02)	0
1.17          	U             	(5.618497e-01 -9.258815e-01 -1.922792e-18)	(1.821076e-01 4.040377e-02 -1.025000e-02)	0	(2.530771e+00 8.550814e-01 6.225302e-21)	(1.862089e-01 4.969576e-02 -1.025000e-02)	0
1.17          	p             	-2.126896e+00	(1.885709e-01 3.639201e-02 -1.025000e-02)	0	2.297518e+00	(1.822548e-01 4.267805e-02 -1.025000e-02)	0
1.18          	U             	(5.663178e-01 -9.256947e-01 -1.933231e-18)	(1.821076e-01 4.040377e-02 -1.025000e-02)	0	(2.541401e+00 8.551387e-01 6.356736e-21)	(1.862089e-01 4.969576e-02 -1.025000e-02)	0
1.18          	p             	-2.121294e+00	(1.885709e-01 3.639201e-02 -1.025000e-02)	0	2.298525e+00	(1.822548e-01 4.267805e-02 -1.025000e-02)	0
1.19          	U             	(5.676506e-01 -9.314260e-01 -1.920983e-18)	(1.821076e-01 4.040377e-02 -1.025000e-02)	0	(2.517010e+00 8.669529e-01 6.032336e-21)	(1.862089e-01 4.969576e-02 -1.025000e-02)	0
1.19          	p             	-2.197168e+00	(1.885709e-01 3.639201e-02 -1.025000e-02)	0	2.303155e+00	(1.822548e-01 4.267805e-02 -1.025000e-02)	0
1.2           	U             	(5.612052e-01 -9.296656e-01 -1.906167e-18)	(1.821076e-01 4.040377e-02 -1.025000e-02)	0	(2.515185e+00 8.541452e-01 6.001299e-21)	(1.862089e-01 4.969576e-02 -1.025000e-02)	0
1.2           	p             	-2.186487e+00	(1.885709e-01 3.639201e-02 -1.025000e-02)	0	2.296009e+00	(1.822548e-01 4.267805e-02 -1.025000e-02)	0
1.21          	U             	(5.643161e-01 -9.247317e-01 -1.939413e-18)	(1.821076e-01 4.040377e-02 -1.025000e-02)	0	(2.536259e+00 8.539197e-01 6.297077e-21)	(1.862089e-01 4.969576e-02 -1.025000e-02)	0
1.21          	p             	-2.097547e+00	(1.885709e-01 3.639201e-02 -1.025000e-02)	0	2.306078e+00	(1.822548e-01 4.267805e-02 -1.025000e-02)	0
1.22          	U             	(5.691570e-01 -9.287315e-01 -1.918196e-18)	(1.821076e-01 4.040377e-02 -1.025000e-02)	0	(2.533876e+00 8.540559e-01 6.297498e-21)	(1.862089e-01 4.969576e-02 -1.025000e-02)	0
1.22          	p             	-2.151634e+00	(1.885709e-01 3.639201e-02 -1.025000e-02)	0	2.285291e+00	(1.822548e-01 4.267805e-02 -1.025000e-02)	0
1.23          	U             	(5.623692e-01 -9.302165e-01 -1.909527e-18)	(1.821076e-01 4.040377e-02 -1.025000e-02)	0	(2.513986e+00 8.627178e-01 5.921028e-21)	(1.862089e-01 4.969576e-02 -1.025000e-02)	0
1.23          	p             	-2.198374e+00	(1.885709e-01 3.639201e-02 -1.025000e-02)	0	2.299060e+00	(1.822548e-01 4.267805e-02 -1.025000e-02)	0
1.24          	U             	(5.621660e-01 -9.264993e-01 -1.918612e-18)	(1.821076e-01 4.040377e-02 -1.025000e-02)	0	(2.525489e+00 8.484596e-01 6.203581e-21)	(1.862089e-01 4.969576e-02 -1.025000e-02)	0
1.24          	p             	-2.142479e+00	(1.885709e-01 3.639201e-02 -1.025000e-02)	0	2.297388e+00	(1.822548e-01 4.267805e-02 -1.025000e-02)	0
1.25          	U             	(5.670827e-01 -9.248543e-01 -1.942000e-18)	(1.821076e-01 4.040377e-02 -1.025000e-02)	0	(2.540649e+00 8.578013e-01 6.396876e-21)	(1.862089e-01 4.969576e-02 -1.025000e-02)	0
1.25          	p             	-2.117980e+00	(1.885709e-01 3.639201e-02 -1.025000e-02)	0	2.295928e+00	(1.822548e-01 4.267805e-02 -1.025000e-02)	0
1.26          	U             	(5.655639e-01 -9.302916e-01 -1.915907e-18)	(1.821076e-01 4.040377e-02 -1.025000e-02)	0	(2.521602e+00 8.693538e-01 6.091996e-21)	(1.862089e-01 4.969576e-02 -1.025000e-02)	0
1.26          	p             	-2.184586e+00	(1.885709e-01 3.639201e-02 -1.025000e-02)	0	2.301627e+00	(1.822548e-01 4.267805e-02 -1.025000e-02)	0
1.27          	U             	(5.633469e-01 -9.300720e-01 -1.908718e-18)	(1.821076e-01 4.040377e-02 -1.025000e-02)	0	(2.509250e+00 8.562386e-01 5.974819e-21)	(1.862089e-01 4.969576e-02 -1.025000e-02)	0
1.27          	p             	-2.196131e+00	(1.885709e-01 3.639201e-02 -1.025000e-02)	0	2.295102e+00	(1.822548e-01 4.267805e-02 -1.025000e-02)	0
1.28          	U             	(5.630809e-01 -9.245209e-01 -1.939408e-18)	(1.821076e-01 4.040377e-02 -1.025000e-02)	0	(2.537369e+00 8.455391e-01 6.260549e-21)	(1.862089e-01 4.969576e-02 -1.025000e-02)	0
1.28          	p             	-2.096780e+00	(1.885709e-01 3.639201e-02 -1.025000e-02)	0	2.304321e+00	(1.822548e-01 4.267805e-02 -1.025000e-02)	0
1.29          	U             	(5.676982e-01 -9.283592e-01 -1.920469e-18)	(1.821076e-01 4.040377e-02 -1.025000e-02)	0	(2.536522e+00 8.669897e-01 6.332781e-21)	(1.862089e-01 4.969576e-02 -1.025000e-02)	0
1.29          	p             	-2.137999e+00	(1.885709e-01 3.639201e-02 -1.025000e-02)	0	2.293379e+00	(1.822548e-01 4.267805e-02 -1.025000e-02)	0
1.3           	U             	(5.658533e-01 -9.306393e-01 -1.913744e-18)	(1.821076e-01 4.040377e-02 -1.025000e-02)	0	(2.513637e+00 8.614376e-01 5.962989e-21)	(1.862089e-01 4.969576e-02 -1.025000e-02)	0
1.3           	p             	-2.204723e+00	(1.885709e-01 3.639201e-02 -1.025000e-02)	0	2.296477e+00	(1.822548e-01 4.267805e-02 -1.025000e-02)	0
1.31          	U             	(5.599416e-01 -9.271328e-01 -1.911202e-18)	(1.821076e-01 4.040377e-02 -1.025000e-02)	0	(2.524377e+00 8.475398e-01 6.128185e-21)	(1.862089e-01 4.969576e-02 -1.025000e-02)	0
1.31          	p             	-2.160026e+00	(1.885709e-01 3.639201e-02 -1.025000e-02)	0	2.298827e+00	(1.822548e-01 4.267805e-02 -1.025000e-02)	0
1.32          	U             	(5.664220e-01 -9.259891e-01 -1.939693e-18)	(1.821076e-01 4.040377e-02 -1.025000e-02)	0	(2.540862e+00 8.531130e-01 6.358211e-21)	(1.862089e-01 4.969576e-02 -1.025000e-02)	0
1.32          	p             	-2.102691e+00	(1.885709e-01 3.639201e-02 -1.025000e-02)	0	2.303656e+00	(1.822548e-01 4.267805e-02 -1.025000e-02)	0
1.33          	U             	(5.685513e-01 -9.294253e-01 -1.922153e-18)	(1.821076e-01 4.040377e-02 -1.025000e-02)	0	(2.525139e+00 8.629703e-01 6.181258e-21)	(1.862089e-01 4.969576e-02 -1.025000e-02)	0
1.33          	p             	-2.172520e+00	(1.885709e-01 3.639201e-02 -1.025000e-02)	0	2.291945e+00	(1.822548e-01 4.267805e-02 -1.025000e-02)	0
1.34          	U             	(5.613497e-01 -9.307256e-01 -1.904373e-18)	(1.821076e-01 4.040377e-02 -1.025000e-02)	0	(2.512209e+00 8.643099e-01 5.944727e-21)	(1.862089e-01 4.969576e-02 -1.025000e-02)	0
1.34          	p             	-2.204642e+00	(1.885709e-01 3.639201e-02 -1.025000e-02)	0	2.301320e+00	(1.822548e-01 4.267805e-02 -1.025000e-02)	0
1.35          	U             	(5.636090e-01 -9.251155e-01 -1.932228e-18)	(1.821076e-01 4.040377e-02 -1.025000e-02)	0	(2.533357e+00 8.406733e-01 6.251841e-21)	(1.862089e-01 4.969576e-02 -1.025000e-02)	0
1.35          	p             	-2.108866e+00	(1.885709e-01 3.639201e-02 -1.025000e-02)	0	2.301520e+00	(1.822548e-01 4.267805e-02 -1.025000e-02)	0
1.36          	U             	(5.682005e-01 -9.260419e-01 -1.932421e-18)	(1.821076e-01 4.040377e-02 -1.025000e-02)	0	(2.535788e+00 8.669809e-01 6.388165e-21)	(1.862089e-01 4.969576e-02 -1.025000e-02)	0
1.36          	p             	-2.134613e+00	(1.885709e-01 3.639201e-02 -1.025000e-02)	0	2.290365e+00	(1.822548e-01 4.267805e-02 -1.025000e-02)	0
1.37          	U             	(5.637323e-01 -9.306662e-01 -1.914915e-18)	(1.821076e-01 4.040377e-02 -1.025000e-02)	0	(2.518161e+00 8.672211e-01 5.969439e-21)	(1.862089e-01 4.969576e-02 -1.025000e-02)	0
1.37          	p             	-2.195240e+00	(1.885709e-01 3.639201e-02 -1.025000e-02)	0	2.305730e+00	(1.822548e-01 4.267805e-02 -1.025000e-02)	0
1.38          	U             	(5.627769e-01 -9.292794e-01 -1.908484e-18)	(1.821076e-01 4.040377e-02 -1.025000e-02)	0	(2.518770e+00 8.449706e-01 6.100850e-21)	(1.862089e-01 4.969576e-02 -1.025000e-02)	0
1.38          	p             	-2.172496e+00	(1.885709e-01 3.639201e-02 -1.025000e-02)	0	2.291711e+00	(1.822548e-01 4.267805e-02 -1.025000e-02)	0
1.39          	U             	(5.644022e-01 -9.241595e-01 -1.941748e-18)	(1.821076e-01 4.040377e-02 -1.025000e-02)	0	(2.540454e+00 8.520699e-01 6.322801e-21)	(1.862089e-01 4.969576e-02 -1.025000e-02)	0
1.39          	p             	-2.108310e+00	(1.885709e-01 3.639201e-02 -1.025000e-02)	0	2.301917e+00	(1.822548e-01 4.267805e-02 -1.025000e-02)	0
1.4           	U             	(5.671319e-01 -9.292205e-01 -1.913769e-18)	(1.821076e-01 4.040377e-02 -1.025000e-02)	0	(2.530476e+00 8.568398e-01 6.221526e-21)	(1.862089e-01 4.969576e-02 -1.025000e-02)	0
1.4           	p             	-2.168916e+00	(1.885709e-01 3.639201e-02 -1.025000e-02)	0	2.291683e+00	(1.822548e-01 4.267805e-02 -1.025000e-02)	0
1.41          	U             	(5.638248e-01 -9.303144e-01 -1.913523e-18)	(1.821076e-01 4.040377e-02 -1.025000e-02)	0	(2.509894e+00 8.666107e-01 5.938549e-21)	(1.862089e-01 4.969576e-02 -1.025000e-02)	0
1.41          	p             	-2.206910e+00	(1.885709e-01 3.639201e-02 -1.025000e-02)	0	2.298464e+00	(1.822548e-01 4.267805e-02 -1.025000e-02)	0
1.42          	U             	(5.614672e-01 -9.263047e-01 -1.924929e-18)	(1.821076e-01 4.040377e-02 -1.025000e-02)	0	(2.534074e+00 8.482432e-01 6.217678e-21)	(1.862089e-01 4.969576e-02 -1.025000e-02)	0
1.42          	p             	-2.119723e+00	(1.885709e-01 3.639201e-02 -1.025000e-02)	0	2.302530e+00	(1.822548e-01 4.267805e-02 -1.025000e-02)	0
1.43          	U             	(5.673523e-01 -9.259252e-01 -1.937673e-18)	(1.821076e-01 4.040377e-02 -1.025000e-02)	0	(2.536453e+00 8.596113e-01 6.382563e-21)	(1.862089e-01 4.969576e-02 -1.025000e-02)	0
1.43          	p             	-2.120064e+00	(1.885709e-01 3.639201e-02 -1.025000e-02)	0	2.300556e+00	(1.822548e-01 4.267805e-02 -1.025000e-02)	0
1.44          	U             	(5.667996e-01 -9.302768e-01 -1.919682e-18)	(1.821076e-01 4.040377e-02 -1.025000e-02)	0	(2.517749e+00 8.713050e-01 6.029794e-21)	(1.862089e-01 4.969576e-02 -1.025000e-02)	0
1.44          	p             	-2.192432e+00	(1.885709e-01 3.639201e-02 -1.025000e-02)	0	2.298232e+00	(1.822548e-01 4.267805e-02 -1.025000e-02)	0
1.45          	U             	(5.604191e-01 -9.298859e-01 -1.901795e-18)	(1.821076e-01 4.040377e-02 -1.025000e-02)	0	(2.518283e+00 8.554662e-01 6.014888e-21)	(1.862089e-01 4.969576e-02 -1.025000e-02)	0
1.45          	p             	-2.183189e+00	(1.885709e-01 3.639201e-02 -1.025000e-02)	0	2.297319e+00	(1.822548e-01 4.267805e-02 -1.025000e-02)	0
1.46          	U             	(5.657912e-01 -9.256400e-01 -1.942547e-18)	(1.821076e-01 4.040377e-02 -1.025000e-02)	0	(2.536034e+00 8.500728e-01 6.329100e-21)	(1.862089e-01 4.969576e-02 -1.025000e-02)	0
1.46          	p             	-2.094213e+00	(1.885709e-01 3.639201e-02 -1.025000e-02)	0	2.306792e+00	(1.822548e-01 4.267805e-02 -1.025000e-02)	0
1.47          	U             	(5.680652e-01 -9.277473e-01 -1.918534e-18)	(1.821076e-01 4.040377e-02 -1.025000e-02)	0	(2.533920e+00 8.544455e-01 6.275190e-21)	(1.862089e-01 4.969576e-02 -1.025000e-02)	0
1.47          	p             	-2.153819e+00	(1.885709e-01 3.639201e-02 -1.025000e-02)	0	2.285574e+00	(1.822548e-01 4.267805e-02 -1.025000e-02)	0
1.48          	U             	(5.627926e-01 -9.301146e-01 -1.911748e-18)	(1.821076e-01 4.040377e-02 -1.025000e-02)	0	(2.511121e+00 8.632332e-01 5.913078e-21)	(1.862089e-01 4.969576e-02 -1.025000e-02)	0
1.48          	p             	-2.197507e+00	(1.885709e-01 3.639201e-02 -1.025000e-02)	0	2.302408e+00	(1.822548e-01 4.267805e-02 -1.025000e-02)	0
1.49          	U             	(5.632416e-01 -9.261249e-01 -1.922835e-18)	(1.821076e-01 4.040377e-02 -1.025000e-02)	0	(2.525413e+00 8.474912e-01 6.182407e-21)	(1.862089e-01 4.969576e-02 -1.025000e-02)	0
1.49          	p             	-2.138676e+00	(1.885709e-01 3.639201e-02 -1.025000e-02)	0	2.297409e+00	(1.822548e-01 4.267805e-02 -1.025000e-02)	0
1.5           	U             	(5.652649e-01 -9.242900e-01 -1.935118e-18)	(1.821076e-01 4.040377e-02 -1.025000e-02)	0	(2.542012e+00 8.514047e-01 6.353476e-21)	(1.862089e-01 4.969576e-02 -1.025000e-02)	0
1.5           	p             	-2.116207e+00	(1.885709e-01 3.639201e-02 -1.025000e-02)	0	2.295328e+00	(1.822548e-01 4.267805e-02 -1.025000e-02)	0
1.51          	U             	(5.665909e-01 -9.309235e-01 -1.917990e-18)	(1.821076e-01 4.040377e-02 -1.025000e-02)	0	(2.521344e+00 8.695206e-01 6.107034e-21)	(1.862089e-01 4.969576e-02 -1.025000e-02)	0
1.51          	p             	-2.190685e+00	(1.885709e-01 3.639201e-02 -1.025000e-02)	0	2.302701e+00	(1.822548e-01 4.267805e-02 -1.025000e-02)	0
1.52          	U             	(5.634153e-01 -9.299164e-01 -1.912499e-18)	(1.821076e-01 4.040377e-02 -1.025000e-02)	0	(2.511671e+00 8.594329e-01 5.983183e-21)	(1.862089e-01 4.969576e-02 -1.025000e-02)	0
1.52          	p             	-2.192724e+00	(1.885709e-01 3.639201e-02 -1.025000e-02)	0	2.296326e+00	(1.822548e-01 4.267805e-02 -1.025000e-02)	0
1.53          	U             	(5.621136e-01 -9.245480e-01 -1.935420e-18)	(1.821076e-01 4.040377e-02 -1.025000e-02)	0	(2.538835e+00 8.459814e-01 6.256873e-21)	(1.862089e-01 4.969576e-02 -1.025000e-02)	0
1.53          	p             	-2.097835e+00	(1.885709e-01 3.639201e-02 -1.025000e-02)	0	2.306496e+00	(1.822548e-01 4.267805e-02 -1.025000e-02)	0
1.54          	U             	(5.685502e-01 -9.281246e-01 -1.921867e-18)	(1.821076e-01 4.040377e-02 -1.025000e-02)	0	(2.532637e+00 8.622109e-01 6.326786e-21)	(1.862089e-01 4.969576e-02 -1.025000e-02)	0
1.54          	p             	-2.140176e+00	(1.885709e-01 3.639201e-02 -1.025000e-02)	0	2.291016e+00	(1.822548e-01 4.267805e-02 -1.025000e-02)	0
1.55          	U             	(5.651994e-01 -9.304165e-01 -1.915251e-18)	(1.821076e-01 4.040377e-02 -1.025000e-02)	0	(2.513643e+00 8.636942e-01 5.964219e-21)	(1.862089e-01 4.969576e-02 -1.025000e-02)	0
1.55          	p             	-2.206355e+00	(1.885709e-01 3.639201e-02 -1.025000e-02)	0	2.296652e+00	(1.822548e-01 4.267805e-02 -1.025000e-02)	0
1.56          	U             	(5.595677e-01 -9.271467e-01 -1.909178e-18)	(1.821076e-01 4.040377e-02 -1.025000e-02)	0	(2.524619e+00 8.513983e-01 6.143536e-21)	(1.862089e-01 4.969576e-02 -1.025000e-02)	0
1.56          	p             	-2.155171e+00	(1.885709e-01 3.639201e-02 -1.025000e-02)	0	2.295576e+00	(1.822548e-01 4.267805e-02 -1.025000e-02)	0
1.57          	U             	(5.668277e-01 -9.259392e-01 -1.941144e-18)	(1.821076e-01 4.040377e-02 -1.025000e-02)	0	(2.542040e+00 8.513362e-01 6.359122e-21)	(1.862089e-01 4.969576e-02 -1.025000e-02)	0
1.57          	p             	-2.112059e+00	(1.885709e-01 3.639201e-02 -1.025000e-02)	0	2.303388e+00	(1.822548e-01 4.267805e-02 -1.025000e-02)	0
1.58          	U             	(5.676361e-01 -9.294754e-01 -1.921150e-18)	(1.821076e-01 4.040377e-02 -1.025000e-02)	0	(2.523527e+00 8.649346e-01 6.185383e-21)	(1.862089e-01 4.969576e-02 -1.025000e-02)	0
1.58          	p             	-2.178619e+00	(1.885709e-01 3.639201e-02 -1.025000e-02)	0	2.291661e+00	(1.822548e-01 4.267805e-02 -1.025000e-02)	0
1.59          	U             	(5.616457e-01 -9.303641e-01 -1.903326e-18)	(1.821076e-01 4.040377e-02 -1.025000e-02)	0	(2.509783e+00 8.660345e-01 5.958412e-21)	(1.862089e-01 4.969576e-02 -1.025000e-02)	0
1.59          	p             	-2.200106e+00	(1.885709e-01 3.639201e-02 -1.025000e-02)	0	2.298930e+00	(1.822548e-01 4.267805e-02 -1.025000e-02)	0
1.6           	U             	(5.643117e-01 -9.252009e-01 -1.936906e-18)	(1.821076e-01 4.040377e-02 -1.025000e-02)	0	(2.536541e+00 8.393441e-01 6.235631e-21)	(1.862089e-01 4.969576e-02 -1.025000e-02)	0
1.6           	p             	-2.105788e+00	(1.885709e-01 3.639201e-02 -1.025000e-02)	0	2.303193e+00	(1.822548e-01 4.267805e-02 -1.025000e-02)	0
1.61          	U             	(5.668703e-01 -9.256228e-01 -1.928763e-18)	(1.821076e-01 4.040377e-02 -1.025000e-02)	0	(2.536992e+00 8.625509e-01 6.374485e-21)	(1.862089e-01 4.969576e-02 -1.025000e-02)	0
1.61          	p             	-2.134462e+00	(1.885709e-01 3.639201e-02 -1.025000e-02)	0	2.290886e+00	(1.822548e-01 4.267805e-02 -1.025000e-02)	0
1.62          	U             	(5.646562e-01 -9.303175e-01 -1.914522e-18)	(1.821076e-01 4.040377e-02 -1.025000e-02)	0	(2.515150e+00 8.675871e-01 5.988567e-21)	(1.862089e-01 4.969576e-02 -1.025000e-02)	0
1.62          	p             	-2.195991e+00	(1.885709e-01 3.639201e-02 -1.025000e-02)	0	2.302463e+00	(1.822548e-01 4.267805e-02 -1.025000e-02)	0
1.63          	U             	(5.621058e-01 -9.273183e-01 -1.910483e-18)	(1.821076e-01 4.040377e-02 -1.025000e-02)	0	(2.517736e+00 8.526033e-01 6.101768e-21)	(1.862089e-01 4.969576e-02 -1.025000e-02)	0
1.63          	p             	-2.178297e+00	(1.885709e-01 3.639201e-02 -1.025000e-02)	0	2.289947e+00	(1.822548e-01 4.267805e-02 -1.025000e-02)	0
1.64          	U             	(5.640212e-01 -9.248493e-01 -1.936468e-18)	(1.821076e-01 4.040377e-02 -1.025000e-02)	0	(2.545162e+00 8.522126e-01 6.307309e-21)	(1.862089e-01 4.969576e-02 -1.025000e-02)	0
1.64          	p             	-2.112002e+00	(1.885709e-01 3.639201e-02 -1.025000e-02)	0	2.302928e+00	(1.822548e-01 4.267805e-02 -1.025000e-02)	0
1.65          	U             	(5.684877e-01 -9.300900e-01 -1.917268e-18)	(1.821076e-01 4.040377e-02 -1.025000e-02)	0	(2.528006e+00 8.514643e-01 6.235276e-21)	(1.862089e-01 4.969576e-02 -1.025000e-02)	0
1.65          	p             	-2.170640e+00	(1.885709e-01 3.639201e-02 -1.025000e-02)	0	2.291288e+00	(1.822548e-01 4.267805e-02 -1.025000e-02)	0
1.66          	U             	(5.630174e-01 -9.290559e-01 -1.911159e-18)	(1.821076e-01 4.040377e-02 -1.025000e-02)	0	(2.509454e+00 8.712513e-01 5.943688e-21)	(1.862089e-01 4.969576e-02 -1.025000e-02)	0
1.66          	p             	-2.205195e+00	(1.885709e-01 3.639201e-02 -1.025000e-02)	0	2.294414e+00	(1.822548e-01 4.267805e-02 -1.025000e-02)	0
1.67          	U             	(5.610232e-01 -9.260293e-01 -1.921669e-18)	(1.821076e-01 4.040377e-02 -1.025000e-02)	0	(2.533177e+00 8.512460e-01 6.202447e-21)	(1.862089e-01 4.969576e-02 -1.025000e-02)	0
1.67          	p             	-2.119612e+00	(1.885709e-01 3.639201e-02 -1.025000e-02)	0	2.302443e+00	(1.822548e-01 4.267805e-02 -1.025000e-02)	0
1.68          	U             	(5.687710e-01 -9.266057e-01 -1.938547e-18)	(1.821076e-01 4.040377e-02 -1.025000e-02)	0	(2.538366e+00 8.505381e-01 6.369144e-21)	(1.862089e-01 4.969576e-02 -1.025000e-02)	0
1.68          	p             	-2.123414e+00	(1.885709e-01 3.639201e-02 -1.025000e-02)	0	2.298110e+00	(1.822548e-01 4.267805e-02 -1.025000e-02)	0
1.69          	U             	(5.649624e-01 -9.285052e-01 -1.918038e-18)	(1.821076e-01 4.040377e-02 -1.025000e-02)	0	(2.517831e+00 8.749001e-01 6.059341e-21)	(1.862089e-01 4.969576e-02 -1.025000e-02)	0
1.69          	p             	-2.203965e+00	(1.885709e-01 3.639201e-02 -1.025000e-02)	0	2.296379e+00	(1.822548e-01 4.267805e-02 -1.025000e-02)	0
1.7           	U             	(5.606849e-01 -9.293085e-01 -1.903214e-18)	(1.821076e-01 4.040377e-02 -1.025000e-02)	0	(2.514222e+00 8.599629e-01 6.040631e-21)	(1.862089e-01 4.969576e-02 -1.025000e-02)	0
1.7           	p             	-2.186832e+00	(1.885709e-01 3.639201e-02 -1.025000e-02)	0	2.297952e+00	(1.822548e-01 4.267805e-02 -1.025000e-02)	0
1.71          	U             	(5.662987e-01 -9.255161e-01 -1.942828e-18)	(1.821076e-01 4.040377e-02 -1.025000e-02)	0	(2.538263e+00 8.498009e-01 6.304192e-21)	(1.862089e-01 4.969576e-02 -1.025000e-02)	0
1.71          	p             	-2.100783e+00	(1.885709e-01 3.639201e-02 -1.025000e-02)	0	2.303187e+00	(1.822548e-01 4.267805e-02 -1.025000e-02)	0
1.72          	U             	(5.671820e-01 -9.277822e-01 -1.917901e-18)	(1.821076e-01 4.040377e-02 -1.025000e-02)	0	(2.537211e+00 8.448809e-01 6.261824e-21)	(1.862089e-01 4.969576e-02 -1.025000e-02)	0
1.72          	p             	-2.153132e+00	(1.885709e-01 3.639201e-02 -1.025000e-02)	0	2.287756e+00	(1.822548e-01 4.267805e-02 -1.025000e-02)	0
1.73          	U             	(5.633817e-01 -9.303034e-01 -1.911285e-18)	(1.821076e-01 4.040377e-02 -1.025000e-02)	0	(2.509459e+00 8.651860e-01 5.935082e-21)	(1.862089e-01 4.969576e-02 -1.025000e-02)	0
1.73          	p             	-2.196994e+00	(1.885709e-01 3.639201e-02 -1.025000e-02)	0	2.301778e+00	(1.822548e-01 4.267805e-02 -1.025000e-02)	0
1.74          	U             	(5.628928e-01 -9.252575e-01 -1.923783e-18)	(1.821076e-01 4.040377e-02 -1.025000e-02)	0	(2.525316e+00 8.528133e-01 6.205009e-21)	(1.862089e-01 4.969576e-02 -1.025000e-02)	0
1.74          	p             	-2.136800e+00	(1.885709e-01 3.639201e-02 -1.025000e-02)	0	2.294736e+00	(1.822548e-01 4.267805e-02 -1.025000e-02)	0
1.75          	U             	(5.653686e-01 -9.249929e-01 -1.934999e-18)	(1.821076e-01 4.040377e-02 -1.025000e-02)	0	(2.544857e+00 8.479169e-01 6.322891e-21)	(1.862089e-01 4.969576e-02 -1.025000e-02)	0
1.75          	p             	-2.118567e+00	(1.885709e-01 3.639201e-02 -1.025000e-02)	0	2.299405e+00	(1.822548e-01 4.267805e-02 -1.025000e-02)	0
1.76          	U             	(5.672236e-01 -9.309212e-01 -1.918055e-18)	(1.821076e-01 4.040377e-02 -1.025000e-02)	0	(2.520078e+00 8.668187e-01 6.087514e-21)	(1.862089e-01 4.969576e-02 -1.025000e-02)	0
1.76          	p             	-2.191427e+00	(1.885709e-01 3.639201e-02 -1.025000e-02)	0	2.300379e+00	(1.822548e-01 4.267805e-02 -1.025000e-02)	0
1.77          	U             	(5.621960e-01 -9.297319e-01 -1.910100e-18)	(1.821076e-01 4.040377e-02 -1.025000e-02)	0	(2.512779e+00 8.623686e-01 6.012366e-21)	(1.862089e-01 4.969576e-02 -1.025000e-02)	0
1.77          	p             	-2.192105e+00	(1.885709e-01 3.639201e-02 -1.025000e-02)	0	2.295162e+00	(1.822548e-01 4.267805e-02 -1.025000e-02)	0
1.78          	U             	(5.633792e-01 -9.248287e-01 -1.936779e-18)	(1.821076e-01 4.040377e-02 -1.025000e-02)	0	(2.535735e+00 8.551065e-01 6.275280e-21)	(1.862089e-01 4.969576e-02 -1.025000e-02)	0
1.78          	p             	-2.094490e+00	(1.885709e-01 3.639201e-02 -1.025000e-02)	0	2.307995e+00	(1.822548e-01 4.267805e-02 -1.025000e-02)	0
1.79          	U             	(5.692939e-01 -9.283702e-01 -1.921809e-18)	(1.821076e-01 4.040377e-02 -1.025000e-02)	0	(2.534922e+00 8.512696e-01 6.288137e-21)	(1.862089e-01 4.969576e-02 -1.025000e-02)	0
1.79          	p             	-2.146826e+00	(1.885709e-01 3.639201e-02 -1.025000e-02)	0	2.287477e+00	(1.822548e-01 4.267805e-02 -1.025000e-02)	0
1.8           	U             	(5.631105e-01 -9.297229e-01 -1.908286e-18)	(1.821076e-01 4.040377e-02 -1.025000e-02)	0	(2.514668e+00 8.635074e-01 5.964181e-21)	(1.862089e-01 4.969576e-02 -1.025000e-02)	0
1.8           	p             	-2.207404e+00	(1.885709e-01 3.639201e-02 -1.025000e-02)	0	2.293690e+00	(1.822548e-01 4.267805e-02 -1.025000e-02)	0
1.81          	U             	(5.605234e-01 -9.275379e-01 -1.911917e-18)	(1.821076e-01 4.040377e-02 -1.025000e-02)	0	(2.520851e+00 8.559557e-01 6.173224e-21)	(1.862089e-01 4.969576e-02 -1.025000e-02)	0
1.81          	p             	-2.149722e+00	(1.885709e-01 3.639201e-02 -1.025000e-02)	0	2.296547e+00	(1.822548e-01 4.267805e-02 -1.025000e-02)	0
1.82          	U             	(5.673423e-01 -9.260445e-01 -1.943064e-18)	(1.821076e-01 4.040377e-02 -1.025000e-02)	0	(2.543852e+00 8.556434e-01 6.353598e-21)	(1.862089e-01 4.969576e-02 -1.025000e-02)	0
1.82          	p             	-2.111957e+00	(1.885709e-01 3.639201e-02 -1.025000e-02)	0	2.301226e+00	(1.822548e-01 4.267805e-02 -1.025000e-02)	0
1.83          	U             	(5.660327e-01 -9.295549e-01 -1.916136e-18)	(1.821076e-01 4.040377e-02 -1.025000e-02)	0	(2.525682e+00 8.590090e-01 6.154727e-21)	(1.862089e-01 4.969576e-02 -1.025000e-02)	0
1.83          	p             	-2.184664e+00	(1.885709e-01 3.639201e-02 -1.025000e-02)	0	2.295835e+00	(1.822548e-01 4.267805e-02 -1.025000e-02)	0
1.84          	U             	(5.630907e-01 -9.299202e-01 -1.904586e-18)	(1.821076e-01 4.040377e-02 -1.025000e-02)	0	(2.506239e+00 8.638839e-01 5.983106e-21)	(1.862089e-01 4.969576e-02 -1.025000e-02)	0
1.84          	p             	-2.202995e+00	(1.885709e-01 3.639201e-02 -1.025000e-02)	0	2.294722e+00	(1.822548e-01 4.267805e-02 -1.025000e-02)	0
1.85          	U             	(5.635511e-01 -9.241415e-01 -1.938036e-18)	(1.821076e-01 4.040377e-02 -1.025000e-02)	0	(2.535389e+00 8.490263e-01 6.249942e-21)	(1.862089e-01 4.969576e-02 -1.025000e-02)	0
1.85          	p             	-2.108047e+00	(1.885709e-01 3.639201e-02 -1.025000e-02)	0	2.301345e+00	(1.822548e-01 4.267805e-02 -1.025000e-02)	0
1.86          	U             	(5.664045e-01 -9.261308e-01 -1.927413e-18)	(1.821076e-01 4.040377e-02 -1.025000e-02)	0	(2.538415e+00 8.614369e-01 6.331754e-21)	(1.862089e-01 4.969576e-02 -1.025000e-02)	0
1.86          	p             	-2.133794e+00	(1.885709e-01 3.639201e-02 -1.025000e-02)	0	2.296510e+00	(1.822548e-01 4.267805e-02 -1.025000e-02)	0
1.87          	U             	(5.660782e-01 -9.305527e-01 -1.916074e-18)	(1.821076e-01 4.040377e-02 -1.025000e-02)	0	(2.514418e+00 8.622428e-01 5.985738e-21)	(1.862089e-01 4.969576e-02 -1.025000e-02)	0
1.87          	p             	-2.200199e+00	(1.885709e-01 3.639201e-02 -1.025000e-02)	0	2.299439e+00	(1.822548e-01 4.267805e-02 -1.025000e-02)	0
1.88          	U             	(5.608589e-01 -9.271626e-01 -1.909690e-18)	(1.821076e-01 4.040377e-02 -1.025000e-02)	0	(2.521319e+00 8.534996e-01 6.124593e-21)	(1.862089e-01 4.969576e-02 -1.025000e-02)	0
1.88          	p             	-2.176169e+00	(1.885709e-01 3.639201e-02 -1.025000e-02)	0	2.290873e+00	(1.822548e-01 4.267805e-02 -1.025000e-02)	0
1.89          	U             	(5.644747e-01 -9.253104e-01 -1.936647e-18)	(1.821076e-01 4.040377e-02 -1.025000e-02)	0	(2.540895e+00 8.587776e-01 6.331970e-21)	(1.862089e-01 4.969576e-02 -1.025000e-02)	0
1.89          	p             	-2.103925e+00	(1.885709e-01 3.639201e-02 -1.025000e-02)	0	2.306315e+00	(1.822548e-01 4.267805e-02 -1.025000e-02)	0
1.9           	U             	(5.694721e-01 -9.304736e-01 -1.917478e-18)	(1.821076e-01 4.040377e-02 -1.025000e-02)	0	(2.528697e+00 8.486728e-01 6.218017e-21)	(1.862089e-01 4.969576e-02 -1.025000e-02)	0
1.9           	p             	-2.176568e+00	(1.885709e-01 3.639201e-02 -1.025000e-02)	0	2.289321e+00	(1.822548e-01 4.267805e-02 -1.025000e-02)	0
1.91          	U             	(5.622859e-01 -9.297734e-01 -1.908193e-18)	(1.821076e-01 4.040377e-02 -1.025000e-02)	0	(2.509047e+00 8.618790e-01 5.934853e-21)	(1.862089e-01 4.969576e-02 -1.025000e-02)	0
1.91          	p             	-2.203031e+00	(1.885709e-01 3.639201e-02 -1.025000e-02)	0	2.295597e+00	(1.822548e-01 4.267805e-02 -1.025000e-02)	0
1.92          	U             	(5.611643e-01 -9.255830e-01 -1.920685e-18)	(1.821076e-01 4.040377e-02 -1.025000e-02)	0	(2.530501e+00 8.533123e-01 6.243790e-21)	(1.862089e-01 4.969576e-02 -1.025000e-02)	0
1.92          	p             	-2.120233e+00	(1.885709e-01 3.639201e-02 -1.025000e-02)	0	2.298800e+00	(1.822548e-01 4.267805e-02 -1.025000e-02)	0
1.93          	U             	(5.689603e-01 -9.267191e-01 -1.936188e-18)	(1.821076e-01 4.040377e-02 -1.025000e-02)	0	(2.537968e+00 8.653288e-01 6.388751e-21)	(1.862089e-01 4.969576e-02 -1.025000e-02)	0
1.93          	p             	-2.126191e+00	(1.885709e-01 3.639201e-02 -1.025000e-02)	0	2.293348e+00	(1.822548e-01 4.267805e-02 -1.025000e-02)	0
1.94          	U             	(5.643531e-01 -9.304523e-01 -1.916997e-18)	(1.821076e-01 4.040377e-02 -1.025000e-02)	0	(2.519976e+00 8.647427e-01 5.980895e-21)	(1.862089e-01 4.969576e-02 -1.025000e-02)	0
1.94          	p             	-2.196309e+00	(1.885709e-01 3.639201e-02 -1.025000e-02)	0	2.304397e+00	(1.822548e-01 4.267805e-02 -1.025000e-02)	0
1.95          	U             	(5.619832e-01 -9.289929e-01 -1.904459e-18)	(1.821076e-01 4.040377e-02 -1.025000e-02)	0	(2.513335e+00 8.499923e-01 6.063959e-21)	(1.862089e-01 4.969576e-02 -1.025000e-02)	0
1.95          	p             	-2.180592e+00	(1.885709e-01 3.639201e-02 -1.025000e-02)	0	2.291321e+00	(1.822548e-01 4.267805e-02 -1.025000e-02)	0
1.96          	U             	(5.651718e-01 -9.246991e-01 -1.940284e-18)	(1.821076e-01 4.040377e-02 -1.025000e-02)	0	(2.535070e+00 8.627619e-01 6.337822e-21)	(1.862089e-01 4.969576e-02 -1.025000e-02)	0
1.96          	p             	-2.103475e+00	(1.885709e-01 3.639201e-02 -1.025000e-02)	0	2.301537e+00	(1.822548e-01 4.267805e-02 -1.025000e-02)	0
1.97          	U             	(5.669404e-01 -9.287369e-01 -1.916731e-18)	(1.821076e-01 4.040377e-02 -1.025000e-02)	0	(2.537232e+00 8.492817e-01 6.237290e-21)	(1.862089e-01 4.969576e-02 -1.025000e-02)	0
1.97          	p             	-2.152209e+00	(1.885709e-01 3.639201e-02 -1.025000e-02)	0	2.291302e+00	(1.822548e-01 4.267805e-02 -1.025000e-02)	0
1.98          	U             	(5.645803e-01 -9.301299e-01 -1.915936e-18)	(1.821076e-01 4.040377e-02 -1.025000e-02)	0	(2.507758e+00 8.591248e-01 5.922226e-21)	(1.862089e-01 4.969576e-02 -1.025000e-02)	0
1.98          	p             	-2.201477e+00	(1.885709e-01 3.639201e-02 -1.025000e-02)	0	2.301118e+00	(1.822548e-01 4.267805e-02 -1.025000e-02)	0
1.99          	U             	(5.613888e-01 -9.252719e-01 -1.923646e-18)	(1.821076e-01 4.040377e-02 -1.025000e-02)	0	(2.529212e+00 8.550814e-01 6.196446e-21)	(1.862089e-01 4.969576e-02 -1.025000e-02)	0
1.99          	p             	-2.133474e+00	(1.885709e-01 3.639201e-02 -1.025000e-02)	0	2.298253e+00	(1.822548e-01 4.267805e-02 -1.025000e-02)	0
2             	U             	(5.656149e-01 -9.253733e-01 -1.934721e-18)	(1.821076e-01 4.040377e-02 -1.025000e-02)	0	(2.542249e+00 8.591291e-01 6.374196e-21)	(1.862089e-01 4.969576e-02 -1.025000e-02)	0
2             	p             	-2.113489e+00	(1.885709e-01 3.639201e-02 -1.025000e-02)	0	2.301158e+00	(1.822548e-01 4.267805e-02 -1.025000e-02)	0
2.01          	U             	(5.684020e-01 -9.312939e-01 -1.921631e-18)	(1.821076e-01 4.040377e-02 -1.025000e-02)	0	(2.518388e+00 8.661703e-01 6.081259e-21)	(1.862089e-01 4.969576e-02 -1.025000e-02)	0
2.01          	p             	-2.192286e+00	(1.885709e-01 3.639201e-02 -1.025000e-02)	0	2.299957e+00	(1.822548e-01 4.267805e-02 -1.025000e-02)	0
2.02          	U             	(5.607904e-01 -9.294368e-01 -1.906263e-18)	(1.821076e-01 4.040377e-02 -1.025000e-02)	0	(2.514959e+00 8.563085e-01 5.985820e-21)	(1.862089e-01 4.969576e-02 -1.025000e-02)	0
2.02          	p             	-2.192052e+00	(1.885709e-01 3.639201e-02 -1.025000e-02)	0	2.295667e+00	(1.822548e-01 4.267805e-02 -1.025000e-02)	0
2.03          	U             	(5.637611e-01 -9.252759e-01 -1.935448e-18)	(1.821076e-01 4.040377e-02 -1.025000e-02)	0	(2.535813e+00 8.566023e-01 6.324729e-21)	(1.862089e-01 4.969576e-02 -1.025000e-02)	0
2.03          	p             	-2.098237e+00	(1.884477e-01 4.815434e-02 -1.025000e-02)	0	2.306265e+00	(1.822548e-01 4.267805e-02 -1.025000e-02)	0
2.04          	U             	(5.697270e-01 -9.285973e-01 -1.925504e-18)	(1.821076e-01 4.040377e-02 -1.025000e-02)	0	(2.532767e+00 8.600436e-01 6.297105e-21)	(1.862089e-01 4.969576e-02 -1.025000e-02)	0
2.04          	p             	-2.145378e+00	(1.885709e-01 3.639201e-02 -1.025000e-02)	0	2.289233e+00	(1.822548e-01 4.267805e-02 -1.025000e-02)	0
2.05          	U             	(5.624485e-01 -9.303141e-01 -1.906760e-18)	(1.821076e-01 4.040377e-02 -1.025000e-02)	0	(2.516002e+00 8.603212e-01 5.952591e-21)	(1.862089e-01 4.969576e-02 -1.025000e-02)	0
2.05          	p             	-2.204097e+00	(1.885709e-01 3.639201e-02 -1.025000e-02)	0	2.296569e+00	(1.822548e-01 4.267805e-02 -1.025000e-02)	0
2.06          	U             	(5.620447e-01 -9.280769e-01 -1.914250e-18)	(1.821076e-01 4.040377e-02 -1.025000e-02)	0	(2.521835e+00 8.482331e-01 6.182114e-21)	(1.862089e-01 4.969576e-02 -1.025000e-02)	0
2.06          	p             	-2.144444e+00	(1.885709e-01 3.639201e-02 -1.025000e-02)	0	2.295340e+00	(1.822548e-01 4.267805e-02 -1.025000e-02)	0
2.07          	U             	(5.667024e-01 -9.245733e-01 -1.942873e-18)	(1.821076e-01 4.040377e-02 -1.025000e-02)	0	(2.539814e+00 8.587019e-01 6.374781e-21)	(1.862089e-01 4.969576e-02 -1.025000e-02)	0
2.07          	p             	-2.111921e+00	(1.885709e-01 3.639201e-02 -1.025000e-02)	0	2.297399e+00	(1.822548e-01 4.267805e-02 -1.025000e-02)	0
2.08          	U             	(5.655867e-01 -9.300075e-01 -1.909735e-18)	(1.821076e-01 4.040377e-02 -1.025000e-02)	0	(2.525883e+00 8.637808e-01 6.153086e-21)	(1.862089e-01 4.969576e-02 -1.025000e-02)	0
2.08          	p             	-2.187623e+00	(1.885709e-01 3.639201e-02 -1.025000e-02)	0	2.294444e+00	(1.822548e-01 4.267805e-02 -1.025000e-02)	0
2.09          	U             	(5.635967e-01 -9.306804e-01 -1.910287e-18)	(1.821076e-01 4.040377e-02 -1.025000e-02)	0	(2.509564e+00 8.594757e-01 5.980452e-21)	(1.862089e-01 4.969576e-02 -1.025000e-02)	0
2.09          	p             	-2.199955e+00	(1.885709e-01 3.639201e-02 -1.025000e-02)	0	2.297765e+00	(1.822548e-01 4.267805e-02 -1.025000e-02)	0
2.1           	U             	(5.629575e-01 -9.249939e-01 -1.935419e-18)	(1.821076e-01 4.040377e-02 -1.025000e-02)	0	(2.535452e+00 8.468941e-01 6.272143e-21)	(1.862089e-01 4.969576e-02 -1.025000e-02)	0
2.1           	p             	-2.107293e+00	(1.885709e-01 3.639201e-02 -1.025000e-02)	0	2.303866e+00	(1.822548e-01 4.267805e-02 -1.025000e-02)	0
2.11          	U             	(5.667386e-01 -9.261265e-01 -1.924673e-18)	(1.821076e-01 4.040377e-02 -1.025000e-02)	0	(2.535537e+00 8.656362e-01 6.336283e-21)	(1.862089e-01 4.969576e-02 -1.025000e-02)	0
2.11          	p             	-2.136049e+00	(1.885709e-01 3.639201e-02 -1.025000e-02)	0	2.294282e+00	(1.822548e-01 4.267805e-02 -1.025000e-02)	0
2.12          	U             	(5.661241e-01 -9.306327e-01 -1.915481e-18)	(1.821076e-01 4.040377e-02 -1.025000e-02)	0	(2.516225e+00 8.624382e-01 5.967874e-21)	(1.862089e-01 4.969576e-02 -1.025000e-02)	0
2.12          	p             	-2.205831e+00	(1.885709e-01 3.639201e-02 -1.025000e-02)	0	2.296620e+00	(1.822548e-01 4.267805e-02 -1.025000e-02)	0
2.13          	U             	(5.601112e-01 -9.277127e-01 -1.907420e-18)	(1.821076e-01 4.040377e-02 -1.025000e-02)	0	(2.523417e+00 8.522255e-01 6.144868e-21)	(1.862089e-01 4.969576e-02 -1.025000e-02)	0
2.13          	p             	-2.174930e+00	(1.885709e-01 3.639201e-02 -1.025000e-02)	0	2.293508e+00	(1.822548e-01 4.267805e-02 -1.025000e-02)	0
2.14          	U             	(5.661028e-01 -9.257529e-01 -1.939806e-18)	(1.821076e-01 4.040377e-02 -1.025000e-02)	0	(2.537524e+00 8.602116e-01 6.362381e-21)	(1.862089e-01 4.969576e-02 -1.025000e-02)	0
2.14          	p             	-2.104945e+00	(1.885709e-01 3.639201e-02 -1.025000e-02)	0	2.305883e+00	(1.822548e-01 4.267805e-02 -1.025000e-02)	0
2.15          	U             	(5.686661e-01 -9.295395e-01 -1.925625e-18)	(1.821076e-01 4.040377e-02 -1.025000e-02)	0	(2.529126e+00 8.538163e-01 6.149398e-21)	(1.862089e-01 4.969576e-02 -1.025000e-02)	0
2.15          	p             	-2.171208e+00	(1.885709e-01 3.639201e-02 -1.025000e-02)	0	2.294610e+00	(1.822548e-01 4.267805e-02 -1.025000e-02)	0
2.16          	U             	(5.617470e-01 -9.306946e-01 -1.905362e-18)	(1.821076e-01 4.040377e-02 -1.025000e-02)	0	(2.512163e+00 8.617962e-01 5.946872e-21)	(1.862089e-01 4.969576e-02 -1.025000e-02)	0
2.16          	p             	-2.201371e+00	(1.885709e-01 3.639201e-02 -1.025000e-02)	0	2.299659e+00	(1.822548e-01 4.267805e-02 -1.025000e-02)	0
2.17          	U             	(5.632462e-01 -9.251392e-01 -1.930412e-18)	(1.821076e-01 4.040377e-02 -1.025000e-02)	0	(2.530618e+00 8.451121e-01 6.246530e-21)	(1.862089e-01 4.969576e-02 -1.025000e-02)	0
2.17          	p             	-2.112550e+00	(1.885709e-01 3.639201e-02 -1.025000e-02)	0	2.301156e+00	(1.822548e-01 4.267805e-02 -1.025000e-02)	0
2.18          	U             	(5.677692e-01 -9.255868e-01 -1.935216e-18)	(1.821076e-01 4.040377e-02 -1.025000e-02)	0	(2.536429e+00 8.680341e-01 6.393444e-21)	(1.862089e-01 4.969576e-02 -1.025000e-02)	0
2.18          	p             	-2.125043e+00	(1.885709e-01 3.639201e-02 -1.025000e-02)	0	2.292271e+00	(1.822548e-01 4.267805e-02 -1.025000e-02)	0
2.19          	U             	(5.644277e-01 -9.307247e-01 -1.916858e-18)	(1.821076e-01 4.040377e-02 -1.025000e-02)	0	(2.519564e+00 8.657077e-01 5.974503e-21)	(1.862089e-01 4.969576e-02 -1.025000e-02)	0
2.19          	p             	-2.192965e+00	(1.885709e-01 3.639201e-02 -1.025000e-02)	0	2.305832e+00	(1.822548e-01 4.267805e-02 -1.025000e-02)	0
2.2           	U             	(5.628130e-01 -9.294607e-01 -1.908356e-18)	(1.821076e-01 4.040377e-02 -1.025000e-02)	0	(2.516241e+00 8.465338e-01 6.054472e-21)	(1.862089e-01 4.969576e-02 -1.025000e-02)	0
2.2           	p             	-2.179302e+00	(1.885709e-01 3.639201e-02 -1.025000e-02)	0	2.293259e+00	(1.822548e-01 4.267805e-02 -1.025000e-02)	0
2.21          	U             	(5.641475e-01 -9.240078e-01 -1.941387e-18)	(1.821076e-01 4.040377e-02 -1.025000e-02)	0	(2.538413e+00 8.581198e-01 6.350326e-21)	(1.862089e-01 4.969576e-02 -1.025000e-02)	0
2.21          	p             	-2.100169e+00	(1.885709e-01 3.639201e-02 -1.025000e-02)	0	2.301543e+00	(1.822548e-01 4.267805e-02 -1.025000e-02)	0
2.22          	U             	(5.675051e-01 -9.292761e-01 -1.916543e-18)	(1.821076e-01 4.040377e-02 -1.025000e-02)	0	(2.533465e+00 8.554363e-01 6.256546e-21)	(1.862089e-01 4.969576e-02 -1.025000e-02)	0
2.22          	p             	-2.155633e+00	(1.885709e-01 3.639201e-02 -1.025000e-02)	0	2.293290e+00	(1.822548e-01 4.267805e-02 -1.025000e-02)	0
2.23          	U             	(5.642651e-01 -9.297515e-01 -1.913433e-18)	(1.821076e-01 4.040377e-02 -1.025000e-02)	0	(2.509934e+00 8.598692e-01 5.944355e-21)	(1.862089e-01 4.969576e-02 -1.025000e-02)	0
2.23          	p             	-2.202881e+00	(1.885709e-01 3.639201e-02 -1.025000e-02)	0	2.295661e+00	(1.822548e-01 4.267805e-02 -1.025000e-02)	0
2.24          	U             	(5.604304e-01 -9.258497e-01 -1.918233e-18)	(1.821076e-01 4.040377e-02 -1.025000e-02)	0	(2.531437e+00 8.490633e-01 6.191662e-21)	(1.862089e-01 4.969576e-02 -1.025000e-02)	0
2.24          	p             	-2.133415e+00	(1.885709e-01 3.639201e-02 -1.025000e-02)	0	2.298255e+00	(1.822548e-01 4.267805e-02 -1.025000e-02)	0
2.25          	U             	(5.667220e-01 -9.256563e-01 -1.934192e-18)	(1.821076e-01 4.040377e-02 -1.025000e-02)	0	(2.539915e+00 8.594100e-01 6.400375e-21)	(1.862089e-01 4.969576e-02 -1.025000e-02)	0
2.25          	p             	-2.116323e+00	(1.885709e-01 3.639201e-02 -1.025000e-02)	0	2.297222e+00	(1.822548e-01 4.267805e-02 -1.025000e-02)	0
2.26          	U             	(5.675110e-01 -9.303244e-01 -1.922838e-18)	(1.821076e-01 4.040377e-02 -1.025000e-02)	0	(2.517492e+00 8.720771e-01 6.070377e-21)	(1.862089e-01 4.969576e-02 -1.025000e-02)	0
2.26          	p             	-2.193235e+00	(1.885709e-01 3.639201e-02 -1.025000e-02)	0	2.298396e+00	(1.822548e-01 4.267805e-02 -1.025000e-02)	0
2.27          	U             	(5.609078e-01 -9.303846e-01 -1.904887e-18)	(1.821076e-01 4.040377e-02 -1.025000e-02)	0	(2.516240e+00 8.569824e-01 5.972782e-21)	(1.862089e-01 4.969576e-02 -1.025000e-02)	0
2.27          	p             	-2.191421e+00	(1.885709e-01 3.639201e-02 -1.025000e-02)	0	2.300835e+00	(1.822548e-01 4.267805e-02 -1.025000e-02)	0
2.28          	U             	(5.651743e-01 -9.252852e-01 -1.939939e-18)	(1.821076e-01 4.040377e-02 -1.025000e-02)	0	(2.535542e+00 8.489000e-01 6.334578e-21)	(1.862089e-01 4.969576e-02 -1.025000e-02)	0
2.28          	p             	-2.097154e+00	(1.885709e-01 3.639201e-02 -1.025000e-02)	0	2.304713e+00	(1.822548e-01 4.267805e-02 -1.025000e-02)	0
2.29          	U             	(5.683172e-01 -9.270223e-01 -1.920063e-18)	(1.821076e-01 4.040377e-02 -1.025000e-02)	0	(2.532812e+00 8.619067e-01 6.315501e-21)	(1.862089e-01 4.969576e-02 -1.025000e-02)	0
2.29          	p             	-2.150889e+00	(1.885709e-01 3.639201e-02 -1.025000e-02)	0	2.284542e+00	(1.822548e-01 4.267805e-02 -1.025000e-02)	0
2.3           	U             	(5.625253e-01 -9.300237e-01 -1.907688e-18)	(1.821076e-01 4.040377e-02 -1.025000e-02)	0	(2.514245e+00 8.630836e-01 5.947494e-21)	(1.862089e-01 4.969576e-02 -1.025000e-02)	0
2.3           	p             	-2.200651e+00	(1.885709e-01 3.639201e-02 -1.025000e-02)	0	2.298597e+00	(1.822548e-01 4.267805e-02 -1.025000e-02)	0
2.31          	U             	(5.628847e-01 -9.267820e-01 -1.919941e-18)	(1.821076e-01 4.040377e-02 -1.025000e-02)	0	(2.523912e+00 8.487072e-01 6.174395e-21)	(1.862089e-01 4.969576e-02 -1.025000e-02)	0
2.31          	p             	-2.148116e+00	(1.885709e-01 3.639201e-02 -1.025000e-02)	0	2.297093e+00	(1.822548e-01 4.267805e-02 -1.025000e-02)	0
2.32          	U             	(5.655842e-01 -9.245502e-01 -1.941054e-18)	(1.821076e-01 4.040377e-02 -1.025000e-02)	0	(2.543408e+00 8.517239e-01 6.372754e-21)	(1.862089e-01 4.969576e-02 -1.025000e-02)	0
2.32          	p             	-2.112631e+00	(1.885709e-01 3.639201e-02 -1.025000e-02)	0	2.298961e+00	(1.822548e-01 4.267805e-02 -1.025000e-02)	0
2.33          	U             	(5.666454e-01 -9.304046e-01 -1.916510e-18)	(1.821076e-01 4.040377e-02 -1.025000e-02)	0	(2.521597e+00 8.679212e-01 6.153045e-21)	(1.862089e-01 4.969576e-02 -1.025000e-02)	0
2.33          	p             	-2.185164e+00	(1.885709e-01 3.639201e-02 -1.025000e-02)	0	2.299182e+00	(1.822548e-01 4.267805e-02 -1.025000e-02)	0
2.34          	U             	(5.635481e-01 -9.300466e-01 -1.910765e-18)	(1.821076e-01 4.040377e-02 -1.025000e-02)	0	(2.509839e+00 8.616831e-01 5.956640e-21)	(1.862089e-01 4.969576e-02 -1.025000e-02)	0
2.34          	p             	-2.200690e+00	(1.885709e-01 3.639201e-02 -1.025000e-02)	0	2.296314e+00	(1.822548e-01 4.267805e-02 -1.025000e-02)	0
2.35          	U             	(5.620369e-01 -9.246765e-01 -1.932647e-18)	(1.821076e-01 4.040377e-02 -1.025000e-02)	0	(2.540112e+00 8.404197e-01 6.252571e-21)	(1.862089e-01 4.969576e-02 -1.025000e-02)	0
2.35          	p             	-2.099916e+00	(1.885709e-01 3.639201e-02 -1.025000e-02)	0	2.303046e+00	(1.822548e-01 4.267805e-02 -1.025000e-02)	0
2.36          	U             	(5.685294e-01 -9.277923e-01 -1.926584e-18)	(1.821076e-01 4.040377e-02 -1.025000e-02)	0	(2.533507e+00 8.672325e-01 6.381421e-21)	(1.862089e-01 4.969576e-02 -1.025000e-02)	0
2.36          	p             	-2.129940e+00	(1.885709e-01 3.639201e-02 -1.025000e-02)	0	2.294896e+00	(1.822548e-01 4.267805e-02 -1.025000e-02)	0
2.37          	U             	(5.653617e-01 -9.285071e-01 -1.915942e-18)	(1.821076e-01 4.040377e-02 -1.025000e-02)	0	(2.514645e+00 8.660382e-01 5.973770e-21)	(1.862089e-01 4.969576e-02 -1.025000e-02)	0
2.37          	p             	-2.211439e+00	(1.885709e-01 3.639201e-02 -1.025000e-02)	0	2.295787e+00	(1.822548e-01 4.267805e-02 -1.025000e-02)	0
2.38          	U             	(5.601839e-01 -9.277110e-01 -1.909537e-18)	(1.821076e-01 4.040377e-02 -1.025000e-02)	0	(2.523463e+00 8.505001e-01 6.111427e-21)	(1.862089e-01 4.969576e-02 -1.025000e-02)	0
2.38          	p             	-2.165810e+00	(1.885709e-01 3.639201e-02 -1.025000e-02)	0	2.300545e+00	(1.822548e-01 4.267805e-02 -1.025000e-02)	0
2.39          	U             	(5.667596e-01 -9.256470e-01 -1.938857e-18)	(1.821076e-01 4.040377e-02 -1.025000e-02)	0	(2.541094e+00 8.478934e-01 6.353256e-21)	(1.862089e-01 4.969576e-02 -1.025000e-02)	0
2.39          	p             	-2.106685e+00	(1.885709e-01 3.639201e-02 -1.025000e-02)	0	2.299937e+00	(1.822548e-01 4.267805e-02 -1.025000e-02)	0
2.4           	U             	(5.675502e-01 -9.288562e-01 -1.920951e-18)	(1.821076e-01 4.040377e-02 -1.025000e-02)	0	(2.527095e+00 8.613317e-01 6.204596e-21)	(1.862089e-01 4.969576e-02 -1.025000e-02)	0
2.4           	p             	-2.172340e+00	(1.885709e-01 3.639201e-02 -1.025000e-02)	0	2.290582e+00	(1.822548e-01 4.267805e-02 -1.025000e-02)	0
2.41          	U             	(5.623338e-01 -9.305893e-01 -1.906590e-18)	(1.821076e-01 4.040377e-02 -1.025000e-02)	0	(2.507822e+00 8.666323e-01 5.938629e-21)	(1.862089e-01 4.969576e-02 -1.025000e-02)	0
2.41          	p             	-2.200328e+00	(1.885709e-01 3.639201e-02 -1.025000e-02)	0	2.301353e+00	(1.822548e-01 4.267805e-02 -1.025000e-02)	0
2.42          	U             	(5.641148e-01 -9.248269e-01 -1.933630e-18)	(1.821076e-01 4.040377e-02 -1.025000e-02)	0	(2.534209e+00 8.369906e-01 6.219345e-21)	(1.862089e-01 4.969576e-02 -1.025000e-02)	0
2.42          	p             	-2.110469e+00	(1.885709e-01 3.639201e-02 -1.025000e-02)	0	2.299645e+00	(1.822548e-01 4.267805e-02 -1.025000e-02)	0
2.43          	U             	(5.658866e-01 -9.247514e-01 -1.931550e-18)	(1.821076e-01 4.040377e-02 -1.025000e-02)	0	(2.539329e+00 8.614841e-01 6.387242e-21)	(1.862089e-01 4.969576e-02 -1.025000e-02)	0
2.43          	p             	-2.127756e+00	(1.885709e-01 3.639201e-02 -1.025000e-02)	0	2.292436e+00	(1.822548e-01 4.267805e-02 -1.025000e-02)	0
2.44          	U             	(5.655142e-01 -9.307289e-01 -1.918138e-18)	(1.821076e-01 4.040377e-02 -1.025000e-02)	0	(2.514895e+00 8.703537e-01 5.980689e-21)	(1.862089e-01 4.969576e-02 -1.025000e-02)	0
2.44          	p             	-2.195914e+00	(1.885709e-01 3.639201e-02 -1.025000e-02)	0	2.306083e+00	(1.822548e-01 4.267805e-02 -1.025000e-02)	0
2.45          	U             	(5.626807e-01 -9.287316e-01 -1.912543e-18)	(1.821076e-01 4.040377e-02 -1.025000e-02)	0	(2.516231e+00 8.522450e-01 6.047317e-21)	(1.862089e-01 4.969576e-02 -1.025000e-02)	0
2.45          	p             	-2.186094e+00	(1.885709e-01 3.639201e-02 -1.025000e-02)	0	2.293978e+00	(1.822548e-01 4.267805e-02 -1.025000e-02)	0
2.46          	U             	(5.635945e-01 -9.246326e-01 -1.937477e-18)	(1.821076e-01 4.040377e-02 -1.025000e-02)	0	(2.544074e+00 8.475483e-01 6.291601e-21)	(1.862089e-01 4.969576e-02 -1.025000e-02)	0
2.46          	p             	-2.108134e+00	(1.885709e-01 3.639201e-02 -1.025000e-02)	0	2.304695e+00	(1.822548e-01 4.267805e-02 -1.025000e-02)	0
2.47          	U             	(5.687757e-01 -9.299280e-01 -1.918438e-18)	(1.821076e-01 4.040377e-02 -1.025000e-02)	0	(2.530179e+00 8.493457e-01 6.247805e-21)	(1.862089e-01 4.969576e-02 -1.025000e-02)	0
2.47          	p             	-2.161661e+00	(1.885709e-01 3.639201e-02 -1.025000e-02)	0	2.292067e+00	(1.822548e-01 4.267805e-02 -1.025000e-02)	0
2.48          	U             	(5.631523e-01 -9.292042e-01 -1.916132e-18)	(1.821076e-01 4.040377e-02 -1.025000e-02)	0	(2.510174e+00 8.699885e-01 5.923822e-21)	(1.862089e-01 4.969576e-02 -1.025000e-02)	0
2.48          	p             	-2.204230e+00	(1.885709e-01 3.639201e-02 -1.025000e-02)	0	2.298521e+00	(1.822548e-01 4.267805e-02 -1.025000e-02)	0
2.49          	U             	(5.608339e-01 -9.265624e-01 -1.915228e-18)	(1.821076e-01 4.040377e-02 -1.025000e-02)	0	(2.531003e+00 8.523416e-01 6.210193e-21)	(1.862089e-01 4.969576e-02 -1.025000e-02)	0
2.49          	p             	-2.130040e+00	(1.885709e-01 3.639201e-02 -1.025000e-02)	0	2.297092e+00	(1.822548e-01 4.267805e-02 -1.025000e-02)	0
2.5           	U             	(5.684422e-01 -9.264103e-01 -1.940108e-18)	(1.821076e-01 4.040377e-02 -1.025000e-02)	0	(2.539642e+00 8.485045e-01 6.377625e-21)	(1.862089e-01 4.969576e-02 -1.025000e-02)	0
2.5           	p             	-2.119117e+00	(1.885709e-01 3.639201e-02 -1.025000e-02)	0	2.299620e+00	(1.822548e-01 4.267805e-02 -1.025000e-02)	0
2.51          	U             	(5.656433e-01 -9.294176e-01 -1.920085e-18)	(1.821076e-01 4.040377e-02 -1.025000e-02)	0	(2.517713e+00 8.717139e-01 6.038875e-21)	(1.862089e-01 4.969576e-02 -1.025000e-02)	0
2.51          	p             	-2.192169e+00	(1.885709e-01 3.639201e-02 -1.025000e-02)	0	2.300129e+00	(1.822548e-01 4.267805e-02 -1.025000e-02)	0
2.52          	U             	(5.613733e-01 -9.297067e-01 -1.904345e-18)	(1.821076e-01 4.040377e-02 -1.025000e-02)	0	(2.512890e+00 8.584407e-01 5.993927e-21)	(1.862089e-01 4.969576e-02 -1.025000e-02)	0
2.52          	p             	-2.186832e+00	(1.885709e-01 3.639201e-02 -1.025000e-02)	0	2.296336e+00	(1.822548e-01 4.267805e-02 -1.025000e-02)	0
2.53          	U             	(5.655661e-01 -9.253917e-01 -1.943893e-18)	(1.821076e-01 4.040377e-02 -1.025000e-02)	0	(2.538687e+00 8.508026e-01 6.289701e-21)	(1.862089e-01 4.969576e-02 -1.025000e-02)	0
2.53          	p             	-2.100229e+00	(1.885709e-01 3.639201e-02 -1.025000e-02)	0	2.305678e+00	(1.822548e-01 4.267805e-02 -1.025000e-02)	0
2.54          	U             	(5.670002e-01 -9.273147e-01 -1.912236e-18)	(1.821076e-01 4.040377e-02 -1.025000e-02)	0	(2.538220e+00 8.484558e-01 6.318079e-21)	(1.862089e-01 4.969576e-02 -1.025000e-02)	0
2.54          	p             	-2.152930e+00	(1.885709e-01 3.639201e-02 -1.025000e-02)	0	2.283228e+00	(1.822548e-01 4.267805e-02 -1.025000e-02)	0
2.55          	U             	(5.640350e-01 -9.298461e-01 -1.909964e-18)	(1.821076e-01 4.040377e-02 -1.025000e-02)	0	(2.508380e+00 8.631460e-01 5.957244e-21)	(1.862089e-01 4.969576e-02 -1.025000e-02)	0
2.55          	p             	-2.199485e+00	(1.885709e-01 3.639201e-02 -1.025000e-02)	0	2.297668e+00	(1.822548e-01 4.267805e-02 -1.025000e-02)	0
2.56          	U             	(5.620966e-01 -9.252429e-01 -1.921383e-18)	(1.821076e-01 4.040377e-02 -1.025000e-02)	0	(2.524149e+00 8.567755e-01 6.176960e-21)	(1.862089e-01 4.969576e-02 -1.025000e-02)	0
2.56          	p             	-2.145116e+00	(1.885709e-01 3.639201e-02 -1.025000e-02)	0	2.294195e+00	(1.822548e-01 4.267805e-02 -1.025000e-02)	0
2.57          	U             	(5.646468e-01 -9.247809e-01 -1.933923e-18)	(1.821076e-01 4.040377e-02 -1.025000e-02)	0	(2.545509e+00 8.526816e-01 6.361405e-21)	(1.862089e-01 4.969576e-02 -1.025000e-02)	0
2.57          	p             	-2.112468e+00	(1.885709e-01 3.639201e-02 -1.025000e-02)	0	2.299490e+00	(1.822548e-01 4.267805e-02 -1.025000e-02)	0
2.58          	U             	(5.682216e-01 -9.308054e-01 -1.921006e-18)	(1.821076e-01 4.040377e-02 -1.025000e-02)	0	(2.520674e+00 8.629814e-01 6.131726e-21)	(1.862089e-01 4.969576e-02 -1.025000e-02)	0
2.58          	p             	-2.188104e+00	(1.885709e-01 3.639201e-02 -1.025000e-02)	0	2.298617e+00	(1.822548e-01 4.267805e-02 -1.025000e-02)	0
2.59          	U             	(5.622354e-01 -9.298231e-01 -1.906041e-18)	(1.821076e-01 4.040377e-02 -1.025000e-02)	0	(2.510868e+00 8.636920e-01 5.988104e-21)	(1.862089e-01 4.969576e-02 -1.025000e-02)	0
2.59          	p             	-2.199371e+00	(1.885709e-01 3.639201e-02 -1.025000e-02)	0	2.292267e+00	(1.822548e-01 4.267805e-02 -1.025000e-02)	0
2.6           	U             	(5.620576e-01 -9.247781e-01 -1.932477e-18)	(1.821076e-01 4.040377e-02 -1.025000e-02)	0	(2.534056e+00 8.615423e-01 6.291386e-21)	(1.862089e-01 4.969576e-02 -1.025000e-02)	0
2.6           	p             	-2.095599e+00	(1.885709e-01 3.639201e-02 -1.025000e-02)	0	2.307014e+00	(1.822548e-01 4.267805e-02 -1.025000e-02)	0
2.61          	U             	(5.701604e-01 -9.283637e-01 -1.926514e-18)	(1.821076e-01 4.040377e-02 -1.025000e-02)	0	(2.536308e+00 8.535573e-01 6.316280e-21)	(1.862089e-01 4.969576e-02 -1.025000e-02)	0
2.61          	p             	-2.141444e+00	(1.885709e-01 3.639201e-02 -1.025000e-02)	0	2.290238e+00	(1.822548e-01 4.267805e-02 -1.025000e-02)	0
2.62          	U             	(5.628268e-01 -9.290190e-01 -1.907647e-18)	(1.821076e-01 4.040377e-02 -1.025000e-02)	0	(2.515335e+00 8.615840e-01 5.960486e-21)	(1.862089e-01 4.969576e-02 -1.025000e-02)	0
2.62          	p             	-2.205738e+00	(1.885709e-01 3.639201e-02 -1.025000e-02)	0	2.293804e+00	(1.822548e-01 4.267805e-02 -1.025000e-02)	0
2.63          	U             	(5.607590e-01 -9.279675e-01 -1.910704e-18)	(1.821076e-01 4.040377e-02 -1.025000e-02)	0	(2.517926e+00 8.566865e-01 6.165573e-21)	(1.862089e-01 4.969576e-02 -1.025000e-02)	0
2.63          	p             	-2.155226e+00	(1.885709e-01 3.639201e-02 -1.025000e-02)	0	2.295550e+00	(1.822548e-01 4.267805e-02 -1.025000e-02)	0
2.64          	U             	(5.672147e-01 -9.260804e-01 -1.943949e-18)	(1.821076e-01 4.040377e-02 -1.025000e-02)	0	(2.542832e+00 8.541980e-01 6.326011e-21)	(1.862089e-01 4.969576e-02 -1.025000e-02)	0
2.64          	p             	-2.107916e+00	(1.885709e-01 3.639201e-02 -1.025000e-02)	0	2.302568e+00	(1.822548e-01 4.267805e-02 -1.025000e-02)	0
2.65          	U             	(5.658848e-01 -9.288421e-01 -1.918213e-18)	(1.821076e-01 4.040377e-02 -1.025000e-02)	0	(2.529960e+00 8.527727e-01 6.168876e-21)	(1.862089e-01 4.969576e-02 -1.025000e-02)	0
2.65          	p             	-2.169999e+00	(1.885709e-01 3.639201e-02 -1.025000e-02)	0	2.293961e+00	(1.822548e-01 4.267805e-02 -1.025000e-02)	0
2.66          	U             	(5.631585e-01 -9.303747e-01 -1.905111e-18)	(1.821076e-01 4.040377e-02 -1.025000e-02)	0	(2.506141e+00 8.668492e-01 5.965662e-21)	(1.862089e-01 4.969576e-02 -1.025000e-02)	0
2.66          	p             	-2.199678e+00	(1.885709e-01 3.639201e-02 -1.025000e-02)	0	2.296932e+00	(1.822548e-01 4.267805e-02 -1.025000e-02)	0
2.67          	U             	(5.634791e-01 -9.245260e-01 -1.936566e-18)	(1.821076e-01 4.040377e-02 -1.025000e-02)	0	(2.530193e+00 8.506691e-01 6.268982e-21)	(1.862089e-01 4.969576e-02 -1.025000e-02)	0
2.67          	p             	-2.107406e+00	(1.885709e-01 3.639201e-02 -1.025000e-02)	0	2.300781e+00	(1.822548e-01 4.267805e-02 -1.025000e-02)	0
2.68          	U             	(5.661773e-01 -9.257522e-01 -1.927944e-18)	(1.821076e-01 4.040377e-02 -1.025000e-02)	0	(2.539009e+00 8.603657e-01 6.344330e-21)	(1.862089e-01 4.969576e-02 -1.025000e-02)	0
2.68          	p             	-2.127756e+00	(1.885709e-01 3.639201e-02 -1.025000e-02)	0	2.294636e+00	(1.822548e-01 4.267805e-02 -1.025000e-02)	0
2.69          	U             	(5.659139e-01 -9.311628e-01 -1.918363e-18)	(1.821076e-01 4.040377e-02 -1.025000e-02)	0	(2.518325e+00 8.625386e-01 5.963151e-21)	(1.862089e-01 4.969576e-02 -1.025000e-02)	0
2.69          	p             	-2.198572e+00	(1.885709e-01 3.639201e-02 -1.025000e-02)	0	2.304085e+00	(1.822548e-01 4.267805e-02 -1.025000e-02)	0
2.7           	U             	(5.616314e-01 -9.285412e-01 -1.911493e-18)	(1.821076e-01 4.040377e-02 -1.025000e-02)	0	(2.519310e+00 8.529841e-01 6.086988e-21)	(1.862089e-01 4.969576e-02 -1.025000e-02)	0
2.7           	p             	-2.181467e+00	(1.885709e-01 3.639201e-02 -1.025000e-02)	0	2.295675e+00	(1.822548e-01 4.267805e-02 -1.025000e-02)	0
2.71          	U             	(5.643021e-01 -9.250011e-01 -1.935380e-18)	(1.821076e-01 4.040377e-02 -1.025000e-02)	0	(2.537395e+00 8.577405e-01 6.336866e-21)	(1.862089e-01 4.969576e-02 -1.025000e-02)	0
2.71          	p             	-2.104075e+00	(1.885709e-01 3.639201e-02 -1.025000e-02)	0	2.305283e+00	(1.822548e-01 4.267805e-02 -1.025000e-02)	0
2.72          	U             	(5.693079e-01 -9.294562e-01 -1.924435e-18)	(1.821076e-01 4.040377e-02 -1.025000e-02)	0	(2.531544e+00 8.463636e-01 6.213496e-21)	(1.862089e-01 4.969576e-02 -1.025000e-02)	0
2.72          	p             	-2.162488e+00	(1.885709e-01 3.639201e-02 -1.025000e-02)	0	2.291613e+00	(1.822548e-01 4.267805e-02 -1.025000e-02)	0
2.73          	U             	(5.624237e-01 -9.303706e-01 -1.911134e-18)	(1.821076e-01 4.040377e-02 -1.025000e-02)	0	(2.512074e+00 8.630043e-01 5.937802e-21)	(1.862089e-01 4.969576e-02 -1.025000e-02)	0
2.73          	p             	-2.200462e+00	(1.885709e-01 3.639201e-02 -1.025000e-02)	0	2.299068e+00	(1.822548e-01 4.267805e-02 -1.025000e-02)	0
2.74          	U             	(5.616168e-01 -9.267180e-01 -1.921792e-18)	(1.821076e-01 4.040377e-02 -1.025000e-02)	0	(2.528247e+00 8.505622e-01 6.232872e-21)	(1.862089e-01 4.969576e-02 -1.025000e-02)	0
2.74          	p             	-2.121863e+00	(1.885709e-01 3.639201e-02 -1.025000e-02)	0	2.299726e+00	(1.822548e-01 4.267805e-02 -1.025000e-02)	0
2.75          	U             	(5.678138e-01 -9.252409e-01 -1.938149e-18)	(1.821076e-01 4.040377e-02 -1.025000e-02)	0	(2.536712e+00 8.637770e-01 6.380228e-21)	(1.862089e-01 4.969576e-02 -1.025000e-02)	0
2.75          	p             	-2.122749e+00	(1.885709e-01 3.639201e-02 -1.025000e-02)	0	2.293779e+00	(1.822548e-01 4.267805e-02 -1.025000e-02)	0
2.76          	U             	(5.647145e-01 -9.305222e-01 -1.916911e-18)	(1.821076e-01 4.040377e-02 -1.025000e-02)	0	(2.521325e+00 8.688217e-01 6.013270e-21)	(1.862089e-01 4.969576e-02 -1.025000e-02)	0
2.76          	p             	-2.193691e+00	(1.885709e-01 3.639201e-02 -1.025000e-02)	0	2.303989e+00	(1.822548e-01 4.267805e-02 -1.025000e-02)	0
2.77          	U             	(5.627896e-01 -9.297942e-01 -1.910138e-18)	(1.821076e-01 4.040377e-02 -1.025000e-02)	0	(2.511646e+00 8.515223e-01 6.011946e-21)	(1.862089e-01 4.969576e-02 -1.025000e-02)	0
2.77          	p             	-2.185260e+00	(1.885709e-01 3.639201e-02 -1.025000e-02)	0	2.296885e+00	(1.822548e-01 4.267805e-02 -1.025000e-02)	0
2.78          	U             	(5.644550e-01 -9.245177e-01 -1.941707e-18)	(1.821076e-01 4.040377e-02 -1.025000e-02)	0	(2.534970e+00 8.582718e-01 6.313491e-21)	(1.862089e-01 4.969576e-02 -1.025000e-02)	0
2.78          	p             	-2.100620e+00	(1.885709e-01 3.639201e-02 -1.025000e-02)	0	2.303541e+00	(1.822548e-01 4.267805e-02 -1.025000e-02)	0
2.79          	U             	(5.672695e-01 -9.286390e-01 -1.912911e-18)	(1.821076e-01 4.040377e-02 -1.025000e-02)	0	(2.537343e+00 8.558094e-01 6.291754e-21)	(1.862089e-01 4.969576e-02 -1.025000e-02)	0
2.79          	p             	-2.148061e+00	(1.885709e-01 3.639201e-02 -1.025000e-02)	0	2.287888e+00	(1.822548e-01 4.267805e-02 -1.025000e-02)	0
2.8           	U             	(5.653622e-01 -9.304599e-01 -1.916163e-18)	(1.821076e-01 4.040377e-02 -1.025000e-02)	0	(2.511402e+00 8.591557e-01 5.943020e-21)	(1.862089e-01 4.969576e-02 -1.025000e-02)	0
2.8           	p             	-2.201197e+00	(1.885709e-01 3.639201e-02 -1.025000e-02)	0	2.299589e+00	(1.822548e-01 4.267805e-02 -1.025000e-02)	0
2.81          	U             	(5.604800e-01 -9.258520e-01 -1.918348e-18)	(1.821076e-01 4.040377e-02 -1.025000e-02)	0	(2.526622e+00 8.496625e-01 6.166812e-21)	(1.862089e-01 4.969576e-02 -1.025000e-02)	0
2.81          	p             	-2.142939e+00	(1.885709e-01 3.639201e-02 -1.025000e-02)	0	2.299161e+00	(1.822548e-01 4.267805e-02 -1.025000e-02)	0
2.82          	U             	(5.659466e-01 -9.254268e-01 -1.934506e-18)	(1.821076e-01 4.040377e-02 -1.025000e-02)	0	(2.540351e+00 8.573792e-01 6.385145e-21)	(1.862089e-01 4.969576e-02 -1.025000e-02)	0
2.82          	p             	-2.111248e+00	(1.885709e-01 3.639201e-02 -1.025000e-02)	0	2.299151e+00	(1.822548e-01 4.267805e-02 -1.025000e-02)	0
2.83          	U             	(5.683629e-01 -9.309831e-01 -1.925238e-18)	(1.821076e-01 4.040377e-02 -1.025000e-02)	0	(2.521540e+00 8.690416e-01 6.099326e-21)	(1.862089e-01 4.969576e-02 -1.025000e-02)	0
2.83          	p             	-2.191029e+00	(1.885709e-01 3.639201e-02 -1.025000e-02)	0	2.298999e+00	(1.822548e-01 4.267805e-02 -1.025000e-02)	0
2.84          	U             	(5.609791e-01 -9.306137e-01 -1.905223e-18)	(1.821076e-01 4.040377e-02 -1.025000e-02)	0	(2.514396e+00 8.590124e-01 5.977985e-21)	(1.862089e-01 4.969576e-02 -1.025000e-02)	0
2.84          	p             	-2.195282e+00	(1.885709e-01 3.639201e-02 -1.025000e-02)	0	2.299762e+00	(1.822548e-01 4.267805e-02 -1.025000e-02)	0
2.85          	U             	(5.639376e-01 -9.250261e-01 -1.935782e-18)	(1.821076e-01 4.040377e-02 -1.025000e-02)	0	(2.533653e+00 8.470866e-01 6.296263e-21)	(1.862089e-01 4.969576e-02 -1.025000e-02)	0
2.85          	p             	-2.097741e+00	(1.885709e-01 3.639201e-02 -1.025000e-02)	0	2.304121e+00	(1.822548e-01 4.267805e-02 -1.025000e-02)	0
2.86          	U             	(5.691010e-01 -9.272770e-01 -1.926485e-18)	(1.821076e-01 4.040377e-02 -1.025000e-02)	0	(2.534309e+00 8.663892e-01 6.328808e-21)	(1.862089e-01 4.969576e-02 -1.025000e-02)	0
2.86          	p             	-2.145808e+00	(1.885709e-01 3.639201e-02 -1.025000e-02)	0	2.288106e+00	(1.822548e-01 4.267805e-02 -1.025000e-02)	0
2.87          	U             	(5.633321e-01 -9.304826e-01 -1.906450e-18)	(1.821076e-01 4.040377e-02 -1.025000e-02)	0	(2.516097e+00 8.615539e-01 5.966590e-21)	(1.862089e-01 4.969576e-02 -1.025000e-02)	0
2.87          	p             	-2.205779e+00	(1.885709e-01 3.639201e-02 -1.025000e-02)	0	2.297037e+00	(1.822548e-01 4.267805e-02 -1.025000e-02)	0
2.88          	U             	(5.617964e-01 -9.275742e-01 -1.910231e-18)	(1.821076e-01 4.040377e-02 -1.025000e-02)	0	(2.520691e+00 8.458654e-01 6.154011e-21)	(1.862089e-01 4.969576e-02 -1.025000e-02)	0
2.88          	p             	-2.156901e+00	(1.885709e-01 3.639201e-02 -1.025000e-02)	0	2.290264e+00	(1.822548e-01 4.267805e-02 -1.025000e-02)	0
2.89          	U             	(5.657150e-01 -9.248332e-01 -1.943009e-18)	(1.821076e-01 4.040377e-02 -1.025000e-02)	0	(2.543300e+00 8.571309e-01 6.352543e-21)	(1.862089e-01 4.969576e-02 -1.025000e-02)	0
2.89          	p             	-2.115155e+00	(1.885709e-01 3.639201e-02 -1.025000e-02)	0	2.300185e+00	(1.822548e-01 4.267805e-02 -1.025000e-02)	0
2.9           	U             	(5.667557e-01 -9.304446e-01 -1.917813e-18)	(1.821076e-01 4.040377e-02 -1.025000e-02)	0	(2.527016e+00 8.604744e-01 6.178520e-21)	(1.862089e-01 4.969576e-02 -1.025000e-02)	0
2.9           	p             	-2.177112e+00	(1.885709e-01 3.639201e-02 -1.025000e-02)	0	2.299673e+00	(1.822548e-01 4.267805e-02 -1.025000e-02)	0
2.91          	U             	(5.637423e-01 -9.301385e-01 -1.910353e-18)	(1.821076e-01 4.040377e-02 -1.025000e-02)	0	(2.508752e+00 8.607653e-01 5.940883e-21)	(1.862089e-01 4.969576e-02 -1.025000e-02)	0
2.91          	p             	-2.205366e+00	(1.885709e-01 3.639201e-02 -1.025000e-02)	0	2.296497e+00	(1.822548e-01 4.267805e-02 -1.025000e-02)	0
2.92          	U             	(5.617238e-01 -9.249820e-01 -1.930815e-18)	(1.821076e-01 4.040377e-02 -1.025000e-02)	0	(2.537520e+00 8.440843e-01 6.223207e-21)	(1.862089e-01 4.969576e-02 -1.025000e-02)	0
2.92          	p             	-2.108477e+00	(1.885709e-01 3.639201e-02 -1.025000e-02)	0	2.302373e+00	(1.822548e-01 4.267805e-02 -1.025000e-02)	0
2.93          	U             	(5.677596e-01 -9.270068e-01 -1.929499e-18)	(1.821076e-01 4.040377e-02 -1.025000e-02)	0	(2.536714e+00 8.674964e-01 6.392469e-21)	(1.862089e-01 4.969576e-02 -1.025000e-02)	0
2.93          	p             	-2.123235e+00	(1.885709e-01 3.639201e-02 -1.025000e-02)	0	2.296724e+00	(1.822548e-01 4.267805e-02 -1.025000e-02)	0
2.94          	U             	(5.662820e-01 -9.287220e-01 -1.920752e-18)	(1.821076e-01 4.040377e-02 -1.025000e-02)	0	(2.514743e+00 8.670485e-01 6.000310e-21)	(1.862089e-01 4.969576e-02 -1.025000e-02)	0
2.94          	p             	-2.204819e+00	(1.885709e-01 3.639201e-02 -1.025000e-02)	0	2.298409e+00	(1.822548e-01 4.267805e-02 -1.025000e-02)	0
2.95          	U             	(5.599211e-01 -9.283681e-01 -1.903473e-18)	(1.821076e-01 4.040377e-02 -1.025000e-02)	0	(2.521762e+00 8.530277e-01 6.076118e-21)	(1.862089e-01 4.969576e-02 -1.025000e-02)	0
2.95          	p             	-2.180904e+00	(1.885709e-01 3.639201e-02 -1.025000e-02)	0	2.296364e+00	(1.822548e-01 4.267805e-02 -1.025000e-02)	0
2.96          	U             	(5.665010e-01 -9.258387e-01 -1.939988e-18)	(1.821076e-01 4.040377e-02 -1.025000e-02)	0	(2.540029e+00 8.564881e-01 6.366983e-21)	(1.862089e-01 4.969576e-02 -1.025000e-02)	0
2.96          	p             	-2.101479e+00	(1.885709e-01 3.639201e-02 -1.025000e-02)	0	2.302420e+00	(1.822548e-01 4.267805e-02 -1.025000e-02)	0
2.97          	U             	(5.678196e-01 -9.281231e-01 -1.920937e-18)	(1.821076e-01 4.040377e-02 -1.025000e-02)	0	(2.530515e+00 8.518528e-01 6.224702e-21)	(1.862089e-01 4.969576e-02 -1.025000e-02)	0
2.97          	p             	-2.159052e+00	(1.885709e-01 3.639201e-02 -1.025000e-02)	0	2.288227e+00	(1.822548e-01 4.267805e-02 -1.025000e-02)	0
2.98          	U             	(5.619339e-01 -9.297126e-01 -1.907514e-18)	(1.821076e-01 4.040377e-02 -1.025000e-02)	0	(2.507887e+00 8.657593e-01 5.943713e-21)	(1.862089e-01 4.969576e-02 -1.025000e-02)	0
2.98          	p             	-2.197583e+00	(1.885709e-01 3.639201e-02 -1.025000e-02)	0	2.299443e+00	(1.822548e-01 4.267805e-02 -1.025000e-02)	0
2.99          	U             	(5.633872e-01 -9.252979e-01 -1.929304e-18)	(1.821076e-01 4.040377e-02 -1.025000e-02)	0	(2.531664e+00 8.473602e-01 6.209931e-21)	(1.862089e-01 4.969576e-02 -1.025000e-02)	0
2.99          	p             	-2.117638e+00	(1.885709e-01 3.639201e-02 -1.025000e-02)	0	2.298830e+00	(1.822548e-01 4.267805e-02 -1.025000e-02)	0
3             	U             	(5.664235e-01 -9.253279e-01 -1.935331e-18)	(1.821076e-01 4.040377e-02 -1.025000e-02)	0	(2.542272e+00 8.570355e-01 6.367432e-21)	(1.862089e-01 4.969576e-02 -1.025000e-02)	0
3             	p             	-2.122984e+00	(1.885709e-01 3.639201e-02 -1.025000e-02)	0	2.295753e+00	(1.822548e-01 4.267805e-02 -1.025000e-02)	0
3.01          	U             	(5.654738e-01 -9.305771e-01 -1.917739e-18)	(1.821076e-01 4.040377e-02 -1.025000e-02)	0	(2.516877e+00 8.700416e-01 6.047295e-21)	(1.862089e-01 4.969576e-02 -1.025000e-02)	0
3.01          	p             	-2.191439e+00	(1.885709e-01 3.639201e-02 -1.025000e-02)	0	2.304948e+00	(1.822548e-01 4.267805e-02 -1.025000e-02)	0
3.02          	U             	(5.629527e-01 -9.290429e-01 -1.909837e-18)	(1.821076e-01 4.040377e-02 -1.025000e-02)	0	(2.513510e+00 8.543772e-01 6.006604e-21)	(1.862089e-01 4.969576e-02 -1.025000e-02)	0
3.02          	p             	-2.186298e+00	(1.885709e-01 3.639201e-02 -1.025000e-02)	0	2.292207e+00	(1.822548e-01 4.267805e-02 -1.025000e-02)	0
3.03          	U             	(5.631659e-01 -9.243785e-01 -1.938667e-18)	(1.821076e-01 4.040377e-02 -1.025000e-02)	0	(2.540842e+00 8.520142e-01 6.275641e-21)	(1.862089e-01 4.969576e-02 -1.025000e-02)	0
3.03          	p             	-2.097452e+00	(1.885709e-01 3.639201e-02 -1.025000e-02)	0	2.305518e+00	(1.822548e-01 4.267805e-02 -1.025000e-02)	0
3.04          	U             	(5.683420e-01 -9.289064e-01 -1.912732e-18)	(1.821076e-01 4.040377e-02 -1.025000e-02)	0	(2.534277e+00 8.514955e-01 6.313608e-21)	(1.862089e-01 4.969576e-02 -1.025000e-02)	0
3.04          	p             	-2.151990e+00	(1.885709e-01 3.639201e-02 -1.025000e-02)	0	2.285292e+00	(1.822548e-01 4.267805e-02 -1.025000e-02)	0
3.05          	U             	(5.642828e-01 -9.296138e-01 -1.913048e-18)	(1.821076e-01 4.040377e-02 -1.025000e-02)	0	(2.510722e+00 8.655275e-01 5.990694e-21)	(1.862089e-01 4.969576e-02 -1.025000e-02)	0
3.05          	p             	-2.202559e+00	(1.885709e-01 3.639201e-02 -1.025000e-02)	0	2.293134e+00	(1.822548e-01 4.267805e-02 -1.025000e-02)	0
3.06          	U             	(5.602372e-01 -9.267104e-01 -1.913894e-18)	(1.821076e-01 4.040377e-02 -1.025000e-02)	0	(2.529116e+00 8.557465e-01 6.192637e-21)	(1.862089e-01 4.969576e-02 -1.025000e-02)	0
3.06          	p             	-2.143545e+00	(1.885709e-01 3.639201e-02 -1.025000e-02)	0	2.299444e+00	(1.822548e-01 4.267805e-02 -1.025000e-02)	0
3.07          	U             	(5.672425e-01 -9.257691e-01 -1.937096e-18)	(1.821076e-01 4.040377e-02 -1.025000e-02)	0	(2.542755e+00 8.464980e-01 6.391170e-21)	(1.862089e-01 4.969576e-02 -1.025000e-02)	0
3.07          	p             	-2.113995e+00	(1.885709e-01 3.639201e-02 -1.025000e-02)	0	2.298300e+00	(1.822548e-01 4.267805e-02 -1.025000e-02)	0
3.08          	U             	(5.669924e-01 -9.298894e-01 -1.920518e-18)	(1.821076e-01 4.040377e-02 -1.025000e-02)	0	(2.519136e+00 8.693888e-01 6.117142e-21)	(1.862089e-01 4.969576e-02 -1.025000e-02)	0
3.08          	p             	-2.192270e+00	(1.885709e-01 3.639201e-02 -1.025000e-02)	0	2.294834e+00	(1.822548e-01 4.267805e-02 -1.025000e-02)	0
3.09          	U             	(5.610719e-01 -9.302741e-01 -1.905358e-18)	(1.821076e-01 4.040377e-02 -1.025000e-02)	0	(2.510893e+00 8.639337e-01 5.977730e-21)	(1.862089e-01 4.969576e-02 -1.025000e-02)	0
3.09          	p             	-2.191595e+00	(1.885709e-01 3.639201e-02 -1.025000e-02)	0	2.301628e+00	(1.822548e-01 4.267805e-02 -1.025000e-02)	0
3.1           	U             	(5.653114e-01 -9.252691e-01 -1.941726e-18)	(1.821076e-01 4.040377e-02 -1.025000e-02)	0	(2.538001e+00 8.410627e-01 6.275052e-21)	(1.862089e-01 4.969576e-02 -1.025000e-02)	0
3.1           	p             	-2.099136e+00	(1.885709e-01 3.639201e-02 -1.025000e-02)	0	2.304685e+00	(1.822548e-01 4.267805e-02 -1.025000e-02)	0
3.11          	U             	(5.668838e-01 -9.260872e-01 -1.922830e-18)	(1.821076e-01 4.040377e-02 -1.025000e-02)	0	(2.535983e+00 8.606602e-01 6.319151e-21)	(1.862089e-01 4.969576e-02 -1.025000e-02)	0
3.11          	p             	-2.151381e+00	(1.885709e-01 3.639201e-02 -1.025000e-02)	0	2.288629e+00	(1.822548e-01 4.267805e-02 -1.025000e-02)	0
3.12          	U             	(5.641040e-01 -9.306540e-01 -1.906905e-18)	(1.821076e-01 4.040377e-02 -1.025000e-02)	0	(2.513058e+00 8.651592e-01 5.977437e-21)	(1.862089e-01 4.969576e-02 -1.025000e-02)	0
3.12          	p             	-2.206371e+00	(1.885709e-01 3.639201e-02 -1.025000e-02)	0	2.297663e+00	(1.822548e-01 4.267805e-02 -1.025000e-02)	0
3.13          	U             	(5.626910e-01 -9.265700e-01 -1.917397e-18)	(1.821076e-01 4.040377e-02 -1.025000e-02)	0	(2.521139e+00 8.500360e-01 6.159566e-21)	(1.862089e-01 4.969576e-02 -1.025000e-02)	0
3.13          	p             	-2.160966e+00	(1.885709e-01 3.639201e-02 -1.025000e-02)	0	2.293987e+00	(1.822548e-01 4.267805e-02 -1.025000e-02)	0
3.14          	U             	(5.644298e-01 -9.244969e-01 -1.936531e-18)	(1.821076e-01 4.040377e-02 -1.025000e-02)	0	(2.545589e+00 8.467023e-01 6.316317e-21)	(1.862089e-01 4.969576e-02 -1.025000e-02)	0
3.14          	p             	-2.115200e+00	(1.885709e-01 3.639201e-02 -1.025000e-02)	0	2.300463e+00	(1.822548e-01 4.267805e-02 -1.025000e-02)	0
3.15          	U             	(5.676263e-01 -9.302927e-01 -1.917434e-18)	(1.821076e-01 4.040377e-02 -1.025000e-02)	0	(2.524753e+00 8.622786e-01 6.179771e-21)	(1.862089e-01 4.969576e-02 -1.025000e-02)	0
3.15          	p             	-2.185123e+00	(1.885709e-01 3.639201e-02 -1.025000e-02)	0	2.294824e+00	(1.822548e-01 4.267805e-02 -1.025000e-02)	0
3.16          	U             	(5.633978e-01 -9.305094e-01 -1.910123e-18)	(1.821076e-01 4.040377e-02 -1.025000e-02)	0	(2.509273e+00 8.682679e-01 5.969226e-21)	(1.862089e-01 4.969576e-02 -1.025000e-02)	0
3.16          	p             	-2.204969e+00	(1.885709e-01 3.639201e-02 -1.025000e-02)	0	2.296382e+00	(1.822548e-01 4.267805e-02 -1.025000e-02)	0
3.17          	U             	(5.618654e-01 -9.254076e-01 -1.930889e-18)	(1.821076e-01 4.040377e-02 -1.025000e-02)	0	(2.537511e+00 8.454246e-01 6.215040e-21)	(1.862089e-01 4.969576e-02 -1.025000e-02)	0
3.17          	p             	-2.105372e+00	(1.885709e-01 3.639201e-02 -1.025000e-02)	0	2.306338e+00	(1.822548e-01 4.267805e-02 -1.025000e-02)	0
3.18          	U             	(5.687766e-01 -9.271602e-01 -1.931445e-18)	(1.821076e-01 4.040377e-02 -1.025000e-02)	0	(2.534503e+00 8.588421e-01 6.374256e-21)	(1.862089e-01 4.969576e-02 -1.025000e-02)	0
3.18          	p             	-2.130249e+00	(1.885709e-01 3.639201e-02 -1.025000e-02)	0	2.295769e+00	(1.822548e-01 4.267805e-02 -1.025000e-02)	0
3.19          	U             	(5.648971e-01 -9.297650e-01 -1.916637e-18)	(1.821076e-01 4.040377e-02 -1.025000e-02)	0	(2.517379e+00 8.701755e-01 5.993464e-21)	(1.862089e-01 4.969576e-02 -1.025000e-02)	0
3.19          	p             	-2.199326e+00	(1.885709e-01 3.639201e-02 -1.025000e-02)	0	2.297924e+00	(1.822548e-01 4.267805e-02 -1.025000e-02)	0
3.2           	U             	(5.605816e-01 -9.287347e-01 -1.904472e-18)	(1.821076e-01 4.040377e-02 -1.025000e-02)	0	(2.520286e+00 8.519380e-01 6.103848e-21)	(1.862089e-01 4.969576e-02 -1.025000e-02)	0
3.2           	p             	-2.166452e+00	(1.885709e-01 3.639201e-02 -1.025000e-02)	0	2.294076e+00	(1.822548e-01 4.267805e-02 -1.025000e-02)	0
3.21          	U             	(5.665989e-01 -9.256580e-01 -1.942703e-18)	(1.821076e-01 4.040377e-02 -1.025000e-02)	0	(2.538670e+00 8.516737e-01 6.349038e-21)	(1.862089e-01 4.969576e-02 -1.025000e-02)	0
3.21          	p             	-2.107351e+00	(1.885709e-01 3.639201e-02 -1.025000e-02)	0	2.304880e+00	(1.822548e-01 4.267805e-02 -1.025000e-02)	0
3.22          	U             	(5.674096e-01 -9.287949e-01 -1.917492e-18)	(1.821076e-01 4.040377e-02 -1.025000e-02)	0	(2.531483e+00 8.542602e-01 6.236320e-21)	(1.862089e-01 4.969576e-02 -1.025000e-02)	0
3.22          	p             	-2.163647e+00	(1.885709e-01 3.639201e-02 -1.025000e-02)	0	2.286439e+00	(1.822548e-01 4.267805e-02 -1.025000e-02)	0
3.23          	U             	(5.623144e-01 -9.300999e-01 -1.906636e-18)	(1.821076e-01 4.040377e-02 -1.025000e-02)	0	(2.509541e+00 8.669871e-01 5.944579e-21)	(1.862089e-01 4.969576e-02 -1.025000e-02)	0
3.23          	p             	-2.202638e+00	(1.885709e-01 3.639201e-02 -1.025000e-02)	0	2.299533e+00	(1.822548e-01 4.267805e-02 -1.025000e-02)	0
3.24          	U             	(5.635987e-01 -9.253860e-01 -1.932310e-18)	(1.821076e-01 4.040377e-02 -1.025000e-02)	0	(2.530430e+00 8.449737e-01 6.205265e-21)	(1.862089e-01 4.969576e-02 -1.025000e-02)	0
3.24          	p             	-2.121856e+00	(1.885709e-01 3.639201e-02 -1.025000e-02)	0	2.302423e+00	(1.822548e-01 4.267805e-02 -1.025000e-02)	0
3.25          	U             	(5.659290e-01 -9.248498e-01 -1.932412e-18)	(1.821076e-01 4.040377e-02 -1.025000e-02)	0	(2.539855e+00 8.605426e-01 6.355252e-21)	(1.862089e-01 4.969576e-02 -1.025000e-02)	0
3.25          	p             	-2.124057e+00	(1.885709e-01 3.639201e-02 -1.025000e-02)	0	2.293355e+00	(1.822548e-01 4.267805e-02 -1.025000e-02)	0
3.26          	U             	(5.658807e-01 -9.308794e-01 -1.917973e-18)	(1.821076e-01 4.040377e-02 -1.025000e-02)	0	(2.517479e+00 8.693840e-01 6.030031e-21)	(1.862089e-01 4.969576e-02 -1.025000e-02)	0
3.26          	p             	-2.192273e+00	(1.885709e-01 3.639201e-02 -1.025000e-02)	0	2.304709e+00	(1.822548e-01 4.267805e-02 -1.025000e-02)	0
3.27          	U             	(5.625769e-01 -9.288152e-01 -1.912144e-18)	(1.821076e-01 4.040377e-02 -1.025000e-02)	0	(2.513273e+00 8.544352e-01 6.023736e-21)	(1.862089e-01 4.969576e-02 -1.025000e-02)	0
3.27          	p             	-2.188400e+00	(1.885709e-01 3.639201e-02 -1.025000e-02)	0	2.294698e+00	(1.822548e-01 4.267805e-02 -1.025000e-02)	0
3.28          	U             	(5.635676e-01 -9.246681e-01 -1.935317e-18)	(1.821076e-01 4.040377e-02 -1.025000e-02)	0	(2.541246e+00 8.546018e-01 6.292399e-21)	(1.862089e-01 4.969576e-02 -1.025000e-02)	0
3.28          	p             	-2.098526e+00	(1.885709e-01 3.639201e-02 -1.025000e-02)	0	2.303037e+00	(1.822548e-01 4.267805e-02 -1.025000e-02)	0
3.29          	U             	(5.688659e-01 -9.293198e-01 -1.917737e-18)	(1.821076e-01 4.040377e-02 -1.025000e-02)	0	(2.535566e+00 8.488067e-01 6.295630e-21)	(1.862089e-01 4.969576e-02 -1.025000e-02)	0
3.29          	p             	-2.154053e+00	(1.885709e-01 3.639201e-02 -1.025000e-02)	0	2.289529e+00	(1.822548e-01 4.267805e-02 -1.025000e-02)	0
3.3           	U             	(5.634314e-01 -9.292359e-01 -1.912793e-18)	(1.821076e-01 4.040377e-02 -1.025000e-02)	0	(2.508463e+00 8.647691e-01 5.958815e-21)	(1.862089e-01 4.969576e-02 -1.025000e-02)	0
3.3           	p             	-2.201495e+00	(1.885709e-01 3.639201e-02 -1.025000e-02)	0	2.295941e+00	(1.822548e-01 4.267805e-02 -1.025000e-02)	0
3.31          	U             	(5.604614e-01 -9.261425e-01 -1.915070e-18)	(1.821076e-01 4.040377e-02 -1.025000e-02)	0	(2.525023e+00 8.560628e-01 6.182986e-21)	(1.862089e-01 4.969576e-02 -1.025000e-02)	0
3.31          	p             	-2.137824e+00	(1.885709e-01 3.639201e-02 -1.025000e-02)	0	2.297392e+00	(1.822548e-01 4.267805e-02 -1.025000e-02)	0
3.32          	U             	(5.674939e-01 -9.260297e-01 -1.937197e-18)	(1.821076e-01 4.040377e-02 -1.025000e-02)	0	(2.544424e+00 8.494258e-01 6.359176e-21)	(1.862089e-01 4.969576e-02 -1.025000e-02)	0
3.32          	p             	-2.118435e+00	(1.885709e-01 3.639201e-02 -1.025000e-02)	0	2.296451e+00	(1.822548e-01 4.267805e-02 -1.025000e-02)	0
3.33          	U             	(5.661188e-01 -9.294126e-01 -1.920181e-18)	(1.821076e-01 4.040377e-02 -1.025000e-02)	0	(2.520458e+00 8.687813e-01 6.094000e-21)	(1.862089e-01 4.969576e-02 -1.025000e-02)	0
3.33          	p             	-2.203273e+00	(1.885709e-01 3.639201e-02 -1.025000e-02)	0	2.298945e+00	(1.822548e-01 4.267805e-02 -1.025000e-02)	0
3.34          	U             	(5.613749e-01 -9.294735e-01 -1.904635e-18)	(1.821076e-01 4.040377e-02 -1.025000e-02)	0	(2.509193e+00 8.620274e-01 6.013318e-21)	(1.862089e-01 4.969576e-02 -1.025000e-02)	0
3.34          	p             	-2.194167e+00	(1.885709e-01 3.639201e-02 -1.025000e-02)	0	2.297596e+00	(1.822548e-01 4.267805e-02 -1.025000e-02)	0
3.35          	U             	(5.650246e-01 -9.245112e-01 -1.940997e-18)	(1.821076e-01 4.040377e-02 -1.025000e-02)	0	(2.536082e+00 8.490402e-01 6.272239e-21)	(1.862089e-01 4.969576e-02 -1.025000e-02)	0
3.35          	p             	-2.104337e+00	(1.885709e-01 3.639201e-02 -1.025000e-02)	0	2.302048e+00	(1.822548e-01 4.267805e-02 -1.025000e-02)	0
3.36          	U             	(5.666879e-01 -9.263804e-01 -1.920861e-18)	(1.821076e-01 4.040377e-02 -1.025000e-02)	0	(2.539961e+00 8.542631e-01 6.297669e-21)	(1.862089e-01 4.969576e-02 -1.025000e-02)	0
3.36          	p             	-2.152111e+00	(1.885709e-01 3.639201e-02 -1.025000e-02)	0	2.288469e+00	(1.822548e-01 4.267805e-02 -1.025000e-02)	0
3.37          	U             	(5.644599e-01 -9.303530e-01 -1.908889e-18)	(1.821076e-01 4.040377e-02 -1.025000e-02)	0	(2.509268e+00 8.627733e-01 5.986410e-21)	(1.862089e-01 4.969576e-02 -1.025000e-02)	0
3.37          	p             	-2.202037e+00	(1.885709e-01 3.639201e-02 -1.025000e-02)	0	2.297250e+00	(1.822548e-01 4.267805e-02 -1.025000e-02)	0
3.38          	U             	(5.623049e-01 -9.257923e-01 -1.920182e-18)	(1.821076e-01 4.040377e-02 -1.025000e-02)	0	(2.523120e+00 8.542839e-01 6.140116e-21)	(1.862089e-01 4.969576e-02 -1.025000e-02)	0
3.38          	p             	-2.154291e+00	(1.885709e-01 3.639201e-02 -1.025000e-02)	0	2.294886e+00	(1.822548e-01 4.267805e-02 -1.025000e-02)	0
3.39          	U             	(5.644751e-01 -9.248683e-01 -1.935313e-18)	(1.821076e-01 4.040377e-02 -1.025000e-02)	0	(2.547541e+00 8.489592e-01 6.338316e-21)	(1.862089e-01 4.969576e-02 -1.025000e-02)	0
3.39          	p             	-2.109031e+00	(1.885709e-01 3.639201e-02 -1.025000e-02)	0	2.300949e+00	(1.822548e-01 4.267805e-02 -1.025000e-02)	0
3.4           	U             	(5.683060e-01 -9.304997e-01 -1.918348e-18)	(1.821076e-01 4.040377e-02 -1.025000e-02)	0	(2.521386e+00 8.612521e-01 6.185255e-21)	(1.862089e-01 4.969576e-02 -1.025000e-02)	0
3.4           	p             	-2.181892e+00	(1.885709e-01 3.639201e-02 -1.025000e-02)	0	2.295908e+00	(1.822548e-01 4.267805e-02 -1.025000e-02)	0
3.41          	U             	(5.627279e-01 -9.295555e-01 -1.909598e-18)	(1.821076e-01 4.040377e-02 -1.025000e-02)	0	(2.508576e+00 8.668206e-01 5.962347e-21)	(1.862089e-01 4.969576e-02 -1.025000e-02)	0
3.41          	p             	-2.201645e+00	(1.885709e-01 3.639201e-02 -1.025000e-02)	0	2.293790e+00	(1.822548e-01 4.267805e-02 -1.025000e-02)	0
3.42          	U             	(5.616387e-01 -9.256245e-01 -1.929523e-18)	(1.821076e-01 4.040377e-02 -1.025000e-02)	0	(2.535614e+00 8.554491e-01 6.248721e-21)	(1.862089e-01 4.969576e-02 -1.025000e-02)	0
3.42          	p             	-2.103444e+00	(1.885709e-01 3.639201e-02 -1.025000e-02)	0	2.306085e+00	(1.822548e-01 4.267805e-02 -1.025000e-02)	0
3.43          	U             	(5.697191e-01 -9.281066e-01 -1.931635e-18)	(1.821076e-01 4.040377e-02 -1.025000e-02)	0	(2.536265e+00 8.577475e-01 6.348987e-21)	(1.862089e-01 4.969576e-02 -1.025000e-02)	0
3.43          	p             	-2.125274e+00	(1.885709e-01 3.639201e-02 -1.025000e-02)	0	2.294658e+00	(1.822548e-01 4.267805e-02 -1.025000e-02)	0
3.44          	U             	(5.634960e-01 -9.290612e-01 -1.913886e-18)	(1.821076e-01 4.040377e-02 -1.025000e-02)	0	(2.516243e+00 8.669495e-01 5.988548e-21)	(1.862089e-01 4.969576e-02 -1.025000e-02)	0
3.44          	p             	-2.198978e+00	(1.885709e-01 3.639201e-02 -1.025000e-02)	0	2.296826e+00	(1.822548e-01 4.267805e-02 -1.025000e-02)	0
3.45          	U             	(5.610416e-01 -9.285819e-01 -1.905829e-18)	(1.821076e-01 4.040377e-02 -1.025000e-02)	0	(2.517441e+00 8.557685e-01 6.126805e-21)	(1.862089e-01 4.969576e-02 -1.025000e-02)	0
3.45          	p             	-2.163007e+00	(1.885709e-01 3.639201e-02 -1.025000e-02)	0	2.293167e+00	(1.822548e-01 4.267805e-02 -1.025000e-02)	0
3.46          	U             	(5.668032e-01 -9.255728e-01 -1.943761e-18)	(1.821076e-01 4.040377e-02 -1.025000e-02)	0	(2.539853e+00 8.559563e-01 6.329337e-21)	(1.862089e-01 4.969576e-02 -1.025000e-02)	0
3.46          	p             	-2.106827e+00	(1.885709e-01 3.639201e-02 -1.025000e-02)	0	2.303708e+00	(1.822548e-01 4.267805e-02 -1.025000e-02)	0
3.47          	U             	(5.664428e-01 -9.286311e-01 -1.914377e-18)	(1.821076e-01 4.040377e-02 -1.025000e-02)	0	(2.532476e+00 8.486485e-01 6.212394e-21)	(1.862089e-01 4.969576e-02 -1.025000e-02)	0
3.47          	p             	-2.165745e+00	(1.885709e-01 3.639201e-02 -1.025000e-02)	0	2.287914e+00	(1.822548e-01 4.267805e-02 -1.025000e-02)	0
3.48          	U             	(5.632477e-01 -9.303622e-01 -1.906730e-18)	(1.821076e-01 4.040377e-02 -1.025000e-02)	0	(2.506875e+00 8.651281e-01 5.961835e-21)	(1.862089e-01 4.969576e-02 -1.025000e-02)	0
3.48          	p             	-2.204976e+00	(1.885709e-01 3.639201e-02 -1.025000e-02)	0	2.297739e+00	(1.822548e-01 4.267805e-02 -1.025000e-02)	0
3.49          	U             	(5.628417e-01 -9.243655e-01 -1.931983e-18)	(1.821076e-01 4.040377e-02 -1.025000e-02)	0	(2.530834e+00 8.523944e-01 6.213761e-21)	(1.862089e-01 4.969576e-02 -1.025000e-02)	0
3.49          	p             	-2.121981e+00	(1.885709e-01 3.639201e-02 -1.025000e-02)	0	2.299974e+00	(1.822548e-01 4.267805e-02 -1.025000e-02)	0
3.5           	U             	(5.659895e-01 -9.254907e-01 -1.931390e-18)	(1.821076e-01 4.040377e-02 -1.025000e-02)	0	(2.539646e+00 8.591935e-01 6.332910e-21)	(1.862089e-01 4.969576e-02 -1.025000e-02)	0
3.5           	p             	-2.123164e+00	(1.885709e-01 3.639201e-02 -1.025000e-02)	0	2.298365e+00	(1.822548e-01 4.267805e-02 -1.025000e-02)	0
3.51          	U             	(5.669020e-01 -9.307699e-01 -1.919850e-18)	(1.821076e-01 4.040377e-02 -1.025000e-02)	0	(2.516204e+00 8.656672e-01 6.012614e-21)	(1.862089e-01 4.969576e-02 -1.025000e-02)	0
3.51          	p             	-2.195108e+00	(1.885709e-01 3.639201e-02 -1.025000e-02)	0	2.301749e+00	(1.822548e-01 4.267805e-02 -1.025000e-02)	0
3.52          	U             	(5.607277e-01 -9.281682e-01 -1.908207e-18)	(1.821076e-01 4.040377e-02 -1.025000e-02)	0	(2.517247e+00 8.576183e-01 6.045444e-21)	(1.862089e-01 4.969576e-02 -1.025000e-02)	0
3.52          	p             	-2.188841e+00	(1.885709e-01 3.639201e-02 -1.025000e-02)	0	2.292191e+00	(1.822548e-01 4.267805e-02 -1.025000e-02)	0
3.53          	U             	(5.642004e-01 -9.252863e-01 -1.936048e-18)	(1.821076e-01 4.040377e-02 -1.025000e-02)	0	(2.537358e+00 8.612464e-01 6.329964e-21)	(1.862089e-01 4.969576e-02 -1.025000e-02)	0
3.53          	p             	-2.099583e+00	(1.885709e-01 3.639201e-02 -1.025000e-02)	0	2.305920e+00	(1.822548e-01 4.267805e-02 -1.025000e-02)	0
3.54          	U             	(5.695629e-01 -9.294516e-01 -1.923084e-18)	(1.821076e-01 4.040377e-02 -1.025000e-02)	0	(2.533936e+00 8.431002e-01 6.237513e-21)	(1.862089e-01 4.969576e-02 -1.025000e-02)	0
3.54          	p             	-2.156594e+00	(1.885709e-01 3.639201e-02 -1.025000e-02)	0	2.289584e+00	(1.822548e-01 4.267805e-02 -1.025000e-02)	0
3.55          	U             	(5.622663e-01 -9.299663e-01 -1.911994e-18)	(1.821076e-01 4.040377e-02 -1.025000e-02)	0	(2.512093e+00 8.623944e-01 5.925997e-21)	(1.862089e-01 4.969576e-02 -1.025000e-02)	0
3.55          	p             	-2.201048e+00	(1.885709e-01 3.639201e-02 -1.025000e-02)	0	2.299692e+00	(1.822548e-01 4.267805e-02 -1.025000e-02)	0
3.56          	U             	(5.619392e-01 -9.272679e-01 -1.919194e-18)	(1.821076e-01 4.040377e-02 -1.025000e-02)	0	(2.525564e+00 8.535417e-01 6.222217e-21)	(1.862089e-01 4.969576e-02 -1.025000e-02)	0
3.56          	p             	-2.125314e+00	(1.885709e-01 3.639201e-02 -1.025000e-02)	0	2.297309e+00	(1.822548e-01 4.267805e-02 -1.025000e-02)	0
3.57          	U             	(5.673857e-01 -9.249331e-01 -1.939759e-18)	(1.821076e-01 4.040377e-02 -1.025000e-02)	0	(2.538962e+00 8.571555e-01 6.361320e-21)	(1.862089e-01 4.969576e-02 -1.025000e-02)	0
3.57          	p             	-2.118722e+00	(1.885709e-01 3.639201e-02 -1.025000e-02)	0	2.295772e+00	(1.822548e-01 4.267805e-02 -1.025000e-02)	0
3.58          	U             	(5.649384e-01 -9.302828e-01 -1.915214e-18)	(1.821076e-01 4.040377e-02 -1.025000e-02)	0	(2.522060e+00 8.691459e-01 6.067435e-21)	(1.862089e-01 4.969576e-02 -1.025000e-02)	0
3.58          	p             	-2.189339e+00	(1.885709e-01 3.639201e-02 -1.025000e-02)	0	2.302000e+00	(1.822548e-01 4.267805e-02 -1.025000e-02)	0
3.59          	U             	(5.630700e-01 -9.301606e-01 -1.905373e-18)	(1.821076e-01 4.040377e-02 -1.025000e-02)	0	(2.510568e+00 8.557811e-01 6.007196e-21)	(1.862089e-01 4.969576e-02 -1.025000e-02)	0
3.59          	p             	-2.192423e+00	(1.885709e-01 3.639201e-02 -1.025000e-02)	0	2.293797e+00	(1.822548e-01 4.267805e-02 -1.025000e-02)	0
3.6           	U             	(5.641118e-01 -9.243886e-01 -1.941254e-18)	(1.821076e-01 4.040377e-02 -1.025000e-02)	0	(2.535767e+00 8.523483e-01 6.306691e-21)	(1.862089e-01 4.969576e-02 -1.025000e-02)	0
3.6           	p             	-2.101178e+00	(1.885709e-01 3.639201e-02 -1.025000e-02)	0	2.302593e+00	(1.822548e-01 4.267805e-02 -1.025000e-02)	0
3.61          	U             	(5.672743e-01 -9.275225e-01 -1.919951e-18)	(1.821076e-01 4.040377e-02 -1.025000e-02)	0	(2.536834e+00 8.587958e-01 6.275754e-21)	(1.862089e-01 4.969576e-02 -1.025000e-02)	0
3.61          	p             	-2.143378e+00	(1.885709e-01 3.639201e-02 -1.025000e-02)	0	2.294856e+00	(1.822548e-01 4.267805e-02 -1.025000e-02)	0
3.62          	U             	(5.654096e-01 -9.300026e-01 -1.910913e-18)	(1.821076e-01 4.040377e-02 -1.025000e-02)	0	(2.510977e+00 8.598198e-01 5.961344e-21)	(1.862089e-01 4.969576e-02 -1.025000e-02)	0
3.62          	p             	-2.203043e+00	(1.885709e-01 3.639201e-02 -1.025000e-02)	0	2.293268e+00	(1.822548e-01 4.267805e-02 -1.025000e-02)	0
3.63          	U             	(5.605065e-01 -9.260556e-01 -1.915639e-18)	(1.821076e-01 4.040377e-02 -1.025000e-02)	0	(2.525819e+00 8.528842e-01 6.165199e-21)	(1.862089e-01 4.969576e-02 -1.025000e-02)	0
3.63          	p             	-2.154606e+00	(1.885709e-01 3.639201e-02 -1.025000e-02)	0	2.295021e+00	(1.822548e-01 4.267805e-02 -1.025000e-02)	0
3.64          	U             	(5.657775e-01 -9.257899e-01 -1.937120e-18)	(1.821076e-01 4.040377e-02 -1.025000e-02)	0	(2.542129e+00 8.581552e-01 6.366046e-21)	(1.862089e-01 4.969576e-02 -1.025000e-02)	0
3.64          	p             	-2.108019e+00	(1.885709e-01 3.639201e-02 -1.025000e-02)	0	2.303666e+00	(1.822548e-01 4.267805e-02 -1.025000e-02)	0
3.65          	U             	(5.687838e-01 -9.307558e-01 -1.921954e-18)	(1.821076e-01 4.040377e-02 -1.025000e-02)	0	(2.523764e+00 8.616838e-01 6.158363e-21)	(1.862089e-01 4.969576e-02 -1.025000e-02)	0
3.65          	p             	-2.187738e+00	(1.885709e-01 3.639201e-02 -1.025000e-02)	0	2.295214e+00	(1.822548e-01 4.267805e-02 -1.025000e-02)	0
3.66          	U             	(5.613886e-01 -9.304983e-01 -1.905287e-18)	(1.821076e-01 4.040377e-02 -1.025000e-02)	0	(2.510893e+00 8.606004e-01 5.962854e-21)	(1.862089e-01 4.969576e-02 -1.025000e-02)	0
3.66          	p             	-2.200334e+00	(1.885709e-01 3.639201e-02 -1.025000e-02)	0	2.298479e+00	(1.822548e-01 4.267805e-02 -1.025000e-02)	0
3.67          	U             	(5.633932e-01 -9.247938e-01 -1.932347e-18)	(1.821076e-01 4.040377e-02 -1.025000e-02)	0	(2.533131e+00 8.493195e-01 6.271268e-21)	(1.862089e-01 4.969576e-02 -1.025000e-02)	0
3.67          	p             	-2.099606e+00	(1.885709e-01 3.639201e-02 -1.025000e-02)	0	2.302265e+00	(1.822548e-01 4.267805e-02 -1.025000e-02)	0
3.68          	U             	(5.686235e-01 -9.265292e-01 -1.927898e-18)	(1.821076e-01 4.040377e-02 -1.025000e-02)	0	(2.535524e+00 8.672655e-01 6.366941e-21)	(1.862089e-01 4.969576e-02 -1.025000e-02)	0
3.68          	p             	-2.139199e+00	(1.885709e-01 3.639201e-02 -1.025000e-02)	0	2.287443e+00	(1.822548e-01 4.267805e-02 -1.025000e-02)	0
3.69          	U             	(5.635729e-01 -9.304553e-01 -1.911637e-18)	(1.821076e-01 4.040377e-02 -1.025000e-02)	0	(2.516662e+00 8.618302e-01 5.955037e-21)	(1.862089e-01 4.969576e-02 -1.025000e-02)	0
3.69          	p             	-2.199337e+00	(1.885709e-01 3.639201e-02 -1.025000e-02)	0	2.301524e+00	(1.822548e-01 4.267805e-02 -1.025000e-02)	0
3.7           	U             	(5.618501e-01 -9.280521e-01 -1.907616e-18)	(1.821076e-01 4.040377e-02 -1.025000e-02)	0	(2.518742e+00 8.477655e-01 6.133827e-21)	(1.862089e-01 4.969576e-02 -1.025000e-02)	0
3.7           	p             	-2.163212e+00	(1.885709e-01 3.639201e-02 -1.025000e-02)	0	2.289199e+00	(1.822548e-01 4.267805e-02 -1.025000e-02)	0
3.71          	U             	(5.654531e-01 -9.249932e-01 -1.943973e-18)	(1.821076e-01 4.040377e-02 -1.025000e-02)	0	(2.542837e+00 8.580349e-01 6.334280e-21)	(1.862089e-01 4.969576e-02 -1.025000e-02)	0
3.71          	p             	-2.109896e+00	(1.885709e-01 3.639201e-02 -1.025000e-02)	0	2.302626e+00	(1.822548e-01 4.267805e-02 -1.025000e-02)	0
3.72          	U             	(5.667586e-01 -9.297404e-01 -1.918603e-18)	(1.821076e-01 4.040377e-02 -1.025000e-02)	0	(2.528680e+00 8.549113e-01 6.187435e-21)	(1.862089e-01 4.969576e-02 -1.025000e-02)	0
3.72          	p             	-2.165681e+00	(1.885709e-01 3.639201e-02 -1.025000e-02)	0	2.298080e+00	(1.822548e-01 4.267805e-02 -1.025000e-02)	0
3.73          	U             	(5.640307e-01 -9.298840e-01 -1.910464e-18)	(1.821076e-01 4.040377e-02 -1.025000e-02)	0	(2.508642e+00 8.628328e-01 5.937322e-21)	(1.862089e-01 4.969576e-02 -1.025000e-02)	0
3.73          	p             	-2.204812e+00	(1.885709e-01 3.639201e-02 -1.025000e-02)	0	2.295042e+00	(1.822548e-01 4.267805e-02 -1.025000e-02)	0
3.74          	U             	(5.613747e-01 -9.250978e-01 -1.927466e-18)	(1.821076e-01 4.040377e-02 -1.025000e-02)	0	(2.536798e+00 8.489936e-01 6.210262e-21)	(1.862089e-01 4.969576e-02 -1.025000e-02)	0
3.74          	p             	-2.118274e+00	(1.885709e-01 3.639201e-02 -1.025000e-02)	0	2.302260e+00	(1.822548e-01 4.267805e-02 -1.025000e-02)	0
3.75          	U             	(5.672454e-01 -9.261801e-01 -1.934358e-18)	(1.821076e-01 4.040377e-02 -1.025000e-02)	0	(2.535994e+00 8.638466e-01 6.401235e-21)	(1.862089e-01 4.969576e-02 -1.025000e-02)	0
3.75          	p             	-2.120135e+00	(1.885709e-01 3.639201e-02 -1.025000e-02)	0	2.299676e+00	(1.822548e-01 4.267805e-02 -1.025000e-02)	0
3.76          	U             	(5.669238e-01 -9.300328e-01 -1.920727e-18)	(1.821076e-01 4.040377e-02 -1.025000e-02)	0	(2.517312e+00 8.682984e-01 6.015506e-21)	(1.862089e-01 4.969576e-02 -1.025000e-02)	0
3.76          	p             	-2.196607e+00	(1.885709e-01 3.639201e-02 -1.025000e-02)	0	2.297235e+00	(1.822548e-01 4.267805e-02 -1.025000e-02)	0
3.77          	U             	(5.597074e-01 -9.288648e-01 -1.903789e-18)	(1.821076e-01 4.040377e-02 -1.025000e-02)	0	(2.519128e+00 8.515083e-01 6.029200e-21)	(1.862089e-01 4.969576e-02 -1.025000e-02)	0
3.77          	p             	-2.188534e+00	(1.885709e-01 3.639201e-02 -1.025000e-02)	0	2.296887e+00	(1.822548e-01 4.267805e-02 -1.025000e-02)	0
3.78          	U             	(5.659626e-01 -9.260961e-01 -1.938019e-18)	(1.821076e-01 4.040377e-02 -1.025000e-02)	0	(2.537960e+00 8.536714e-01 6.370883e-21)	(1.862089e-01 4.969576e-02 -1.025000e-02)	0
3.78          	p             	-2.099740e+00	(1.884477e-01 4.815434e-02 -1.025000e-02)	0	2.303019e+00	(1.822548e-01 4.267805e-02 -1.025000e-02)	0
3.79          	U             	(5.686744e-01 -9.284061e-01 -1.921489e-18)	(1.821076e-01 4.040377e-02 -1.025000e-02)	0	(2.531618e+00 8.557117e-01 6.257778e-21)	(1.862089e-01 4.969576e-02 -1.025000e-02)	0
3.79          	p             	-2.156974e+00	(1.885709e-01 3.639201e-02 -1.025000e-02)	0	2.287882e+00	(1.822548e-01 4.267805e-02 -1.025000e-02)	0
3.8           	U             	(5.620348e-01 -9.302079e-01 -1.910266e-18)	(1.821076e-01 4.040377e-02 -1.025000e-02)	0	(2.511120e+00 8.638680e-01 5.906160e-21)	(1.862089e-01 4.969576e-02 -1.025000e-02)	0
3.8           	p             	-2.197611e+00	(1.885709e-01 3.639201e-02 -1.025000e-02)	0	2.302728e+00	(1.822548e-01 4.267805e-02 -1.025000e-02)	0
3.81          	U             	(5.635896e-01 -9.262224e-01 -1.923205e-18)	(1.821076e-01 4.040377e-02 -1.025000e-02)	0	(2.528065e+00 8.438589e-01 6.215710e-21)	(1.862089e-01 4.969576e-02 -1.025000e-02)	0
3.81          	p             	-2.131071e+00	(1.885709e-01 3.639201e-02 -1.025000e-02)	0	2.297054e+00	(1.822548e-01 4.267805e-02 -1.025000e-02)	0
3.82          	U             	(5.662182e-01 -9.242731e-01 -1.936618e-18)	(1.821076e-01 4.040377e-02 -1.025000e-02)	0	(2.539466e+00 8.540742e-01 6.378005e-21)	(1.862089e-01 4.969576e-02 -1.025000e-02)	0
3.82          	p             	-2.119784e+00	(1.885709e-01 3.639201e-02 -1.025000e-02)	0	2.293766e+00	(1.822548e-01 4.267805e-02 -1.025000e-02)	0
3.83          	U             	(5.656406e-01 -9.304556e-01 -1.915464e-18)	(1.821076e-01 4.040377e-02 -1.025000e-02)	0	(2.519999e+00 8.733225e-01 6.057709e-21)	(1.862089e-01 4.969576e-02 -1.025000e-02)	0
3.83          	p             	-2.192056e+00	(1.885709e-01 3.639201e-02 -1.025000e-02)	0	2.300830e+00	(1.822548e-01 4.267805e-02 -1.025000e-02)	0
3.84          	U             	(5.629654e-01 -9.304318e-01 -1.911720e-18)	(1.821076e-01 4.040377e-02 -1.025000e-02)	0	(2.514596e+00 8.595355e-01 5.990301e-21)	(1.862089e-01 4.969576e-02 -1.025000e-02)	0
3.84          	p             	-2.195122e+00	(1.885709e-01 3.639201e-02 -1.025000e-02)	0	2.298742e+00	(1.822548e-01 4.267805e-02 -1.025000e-02)	0
3.85          	U             	(5.634493e-01 -9.251474e-01 -1.936776e-18)	(1.821076e-01 4.040377e-02 -1.025000e-02)	0	(2.539655e+00 8.472750e-01 6.306444e-21)	(1.862089e-01 4.969576e-02 -1.025000e-02)	0
3.85          	p             	-2.105658e+00	(1.885709e-01 3.639201e-02 -1.025000e-02)	0	2.304721e+00	(1.822548e-01 4.267805e-02 -1.025000e-02)	0
3.86          	U             	(5.681718e-01 -9.284450e-01 -1.919864e-18)	(1.821076e-01 4.040377e-02 -1.025000e-02)	0	(2.532581e+00 8.599175e-01 6.309496e-21)	(1.862089e-01 4.969576e-02 -1.025000e-02)	0
3.86          	p             	-2.146597e+00	(1.885709e-01 3.639201e-02 -1.025000e-02)	0	2.292372e+00	(1.822548e-01 4.267805e-02 -1.025000e-02)	0
3.87          	U             	(5.645461e-01 -9.299592e-01 -1.913535e-18)	(1.821076e-01 4.040377e-02 -1.025000e-02)	0	(2.512336e+00 8.627454e-01 5.954098e-21)	(1.862089e-01 4.969576e-02 -1.025000e-02)	0
3.87          	p             	-2.207624e+00	(1.885709e-01 3.639201e-02 -1.025000e-02)	0	2.295555e+00	(1.822548e-01 4.267805e-02 -1.025000e-02)	0
3.88          	U             	(5.602943e-01 -9.272684e-01 -1.911807e-18)	(1.821076e-01 4.040377e-02 -1.025000e-02)	0	(2.528411e+00 8.527365e-01 6.176072e-21)	(1.862089e-01 4.969576e-02 -1.025000e-02)	0
3.88          	p             	-2.149951e+00	(1.885709e-01 3.639201e-02 -1.025000e-02)	0	2.294410e+00	(1.822548e-01 4.267805e-02 -1.025000e-02)	0
3.89          	U             	(5.664756e-01 -9.257421e-01 -1.940306e-18)	(1.821076e-01 4.040377e-02 -1.025000e-02)	0	(2.541788e+00 8.535800e-01 6.385315e-21)	(1.862089e-01 4.969576e-02 -1.025000e-02)	0
3.89          	p             	-2.112872e+00	(1.885709e-01 3.639201e-02 -1.025000e-02)	0	2.303695e+00	(1.822548e-01 4.267805e-02 -1.025000e-02)	0
3.9           	U             	(5.681339e-01 -9.304314e-01 -1.922764e-18)	(1.821076e-01 4.040377e-02 -1.025000e-02)	0	(2.521120e+00 8.665976e-01 6.141262e-21)	(1.862089e-01 4.969576e-02 -1.025000e-02)	0
3.9           	p             	-2.185517e+00	(1.885709e-01 3.639201e-02 -1.025000e-02)	0	2.296445e+00	(1.822548e-01 4.267805e-02 -1.025000e-02)	0
3.91          	U             	(5.613881e-01 -9.304743e-01 -1.902166e-18)	(1.821076e-01 4.040377e-02 -1.025000e-02)	0	(2.513229e+00 8.627456e-01 5.972562e-21)	(1.862089e-01 4.969576e-02 -1.025000e-02)	0
3.91          	p             	-2.196792e+00	(1.885709e-01 3.639201e-02 -1.025000e-02)	0	2.297085e+00	(1.822548e-01 4.267805e-02 -1.025000e-02)	0
3.92          	U             	(5.642183e-01 -9.252148e-01 -1.937914e-18)	(1.821076e-01 4.040377e-02 -1.025000e-02)	0	(2.534486e+00 8.443184e-01 6.284303e-21)	(1.862089e-01 4.969576e-02 -1.025000e-02)	0
3.92          	p             	-2.103149e+00	(1.885709e-01 3.639201e-02 -1.025000e-02)	0	2.305321e+00	(1.822548e-01 4.267805e-02 -1.025000e-02)	0
3.93          	U             	(5.678046e-01 -9.260838e-01 -1.927999e-18)	(1.821076e-01 4.040377e-02 -1.025000e-02)	0	(2.533593e+00 8.686910e-01 6.346696e-21)	(1.862089e-01 4.969576e-02 -1.025000e-02)	0
3.93          	p             	-2.139815e+00	(1.885709e-01 3.639201e-02 -1.025000e-02)	0	2.290291e+00	(1.822548e-01 4.267805e-02 -1.025000e-02)	0
3.94          	U             	(5.637948e-01 -9.304081e-01 -1.909555e-18)	(1.821076e-01 4.040377e-02 -1.025000e-02)	0	(2.517028e+00 8.619628e-01 5.962207e-21)	(1.862089e-01 4.969576e-02 -1.025000e-02)	0
3.94          	p             	-2.202419e+00	(1.885709e-01 3.639201e-02 -1.025000e-02)	0	2.299597e+00	(1.822548e-01 4.267805e-02 -1.025000e-02)	0
3.95          	U             	(5.624622e-01 -9.276722e-01 -1.914351e-18)	(1.821076e-01 4.040377e-02 -1.025000e-02)	0	(2.519724e+00 8.457079e-01 6.129368e-21)	(1.862089e-01 4.969576e-02 -1.025000e-02)	0
3.95          	p             	-2.167807e+00	(1.885709e-01 3.639201e-02 -1.025000e-02)	0	2.294925e+00	(1.822548e-01 4.267805e-02 -1.025000e-02)	0
3.96          	U             	(5.652271e-01 -9.248506e-01 -1.939386e-18)	(1.821076e-01 4.040377e-02 -1.025000e-02)	0	(2.543298e+00 8.553233e-01 6.351514e-21)	(1.862089e-01 4.969576e-02 -1.025000e-02)	0
3.96          	p             	-2.111080e+00	(1.885709e-01 3.639201e-02 -1.025000e-02)	0	2.300132e+00	(1.822548e-01 4.267805e-02 -1.025000e-02)	0
3.97          	U             	(5.670814e-01 -9.298183e-01 -1.919999e-18)	(1.821076e-01 4.040377e-02 -1.025000e-02)	0	(2.527744e+00 8.576260e-01 6.181235e-21)	(1.862089e-01 4.969576e-02 -1.025000e-02)	0
3.97          	p             	-2.175587e+00	(1.885709e-01 3.639201e-02 -1.025000e-02)	0	2.299296e+00	(1.822548e-01 4.267805e-02 -1.025000e-02)	0
3.98          	U             	(5.637478e-01 -9.302826e-01 -1.909997e-18)	(1.821076e-01 4.040377e-02 -1.025000e-02)	0	(2.507700e+00 8.629388e-01 5.932315e-21)	(1.862089e-01 4.969576e-02 -1.025000e-02)	0
3.98          	p             	-2.208612e+00	(1.885709e-01 3.639201e-02 -1.025000e-02)	0	2.297322e+00	(1.822548e-01 4.267805e-02 -1.025000e-02)	0
3.99          	U             	(5.614481e-01 -9.252540e-01 -1.924655e-18)	(1.821076e-01 4.040377e-02 -1.025000e-02)	0	(2.536686e+00 8.419024e-01 6.191506e-21)	(1.862089e-01 4.969576e-02 -1.025000e-02)	0
3.99          	p             	-2.117087e+00	(1.885709e-01 3.639201e-02 -1.025000e-02)	0	2.297486e+00	(1.822548e-01 4.267805e-02 -1.025000e-02)	0
4             	U             	(5.679525e-01 -9.268717e-01 -1.935835e-18)	(1.821076e-01 4.040377e-02 -1.025000e-02)	0	(2.538509e+00 8.625949e-01 6.406823e-21)	(1.862089e-01 4.969576e-02 -1.025000e-02)	0
4             	p             	-2.125749e+00	(1.885709e-01 3.639201e-02 -1.025000e-02)	0	2.301408e+00	(1.822548e-01 4.267805e-02 -1.025000e-02)	0
4.01          	U             	(5.662366e-01 -9.303194e-01 -1.919822e-18)	(1.821076e-01 4.040377e-02 -1.025000e-02)	0	(2.515945e+00 8.703988e-01 6.003144e-21)	(1.862089e-01 4.969576e-02 -1.025000e-02)	0
4.01          	p             	-2.197450e+00	(1.885709e-01 3.639201e-02 -1.025000e-02)	0	2.302084e+00	(1.822548e-01 4.267805e-02 -1.025000e-02)	0
4.02          	U             	(5.604782e-01 -9.283326e-01 -1.902233e-18)	(1.821076e-01 4.040377e-02 -1.025000e-02)	0	(2.518567e+00 8.497573e-01 6.049467e-21)	(1.862089e-01 4.969576e-02 -1.025000e-02)	0
4.02          	p             	-2.174996e+00	(1.885709e-01 3.639201e-02 -1.025000e-02)	0	2.288864e+00	(1.822548e-01 4.267805e-02 -1.025000e-02)	0
4.03          	U             	(5.654686e-01 -9.255705e-01 -1.942663e-18)	(1.821076e-01 4.040377e-02 -1.025000e-02)	0	(2.538898e+00 8.569788e-01 6.337648e-21)	(1.862089e-01 4.969576e-02 -1.025000e-02)	0
4.03          	p             	-2.102377e+00	(1.885709e-01 3.639201e-02 -1.025000e-02)	0	2.307607e+00	(1.822548e-01 4.267805e-02 -1.025000e-02)	0
4.04          	U             	(5.683131e-01 -9.296464e-01 -1.919635e-18)	(1.821076e-01 4.040377e-02 -1.025000e-02)	0	(2.533619e+00 8.540589e-01 6.246957e-21)	(1.862089e-01 4.969576e-02 -1.025000e-02)	0
4.04          	p             	-2.155346e+00	(1.885709e-01 3.639201e-02 -1.025000e-02)	0	2.289602e+00	(1.822548e-01 4.267805e-02 -1.025000e-02)	0
4.05          	U             	(5.628626e-01 -9.300470e-01 -1.911701e-18)	(1.821076e-01 4.040377e-02 -1.025000e-02)	0	(2.510516e+00 8.609981e-01 5.922150e-21)	(1.862089e-01 4.969576e-02 -1.025000e-02)	0
4.05          	p             	-2.199276e+00	(1.885709e-01 3.639201e-02 -1.025000e-02)	0	2.301423e+00	(1.822548e-01 4.267805e-02 -1.025000e-02)	0
4.06          	U             	(5.620576e-01 -9.250856e-01 -1.923697e-18)	(1.821076e-01 4.040377e-02 -1.025000e-02)	0	(2.529715e+00 8.472354e-01 6.203579e-21)	(1.862089e-01 4.969576e-02 -1.025000e-02)	0
4.06          	p             	-2.130919e+00	(1.885709e-01 3.639201e-02 -1.025000e-02)	0	2.298836e+00	(1.822548e-01 4.267805e-02 -1.025000e-02)	0
4.07          	U             	(5.669133e-01 -9.256795e-01 -1.934621e-18)	(1.821076e-01 4.040377e-02 -1.025000e-02)	0	(2.540868e+00 8.609012e-01 6.381303e-21)	(1.862089e-01 4.969576e-02 -1.025000e-02)	0
4.07          	p             	-2.118699e+00	(1.885709e-01 3.639201e-02 -1.025000e-02)	0	2.293756e+00	(1.822548e-01 4.267805e-02 -1.025000e-02)	0
4.08          	U             	(5.660122e-01 -9.306394e-01 -1.921136e-18)	(1.821076e-01 4.040377e-02 -1.025000e-02)	0	(2.519883e+00 8.701484e-01 6.055779e-21)	(1.862089e-01 4.969576e-02 -1.025000e-02)	0
4.08          	p             	-2.193222e+00	(1.885709e-01 3.639201e-02 -1.025000e-02)	0	2.305517e+00	(1.822548e-01 4.267805e-02 -1.025000e-02)	0
4.09          	U             	(5.623063e-01 -9.296339e-01 -1.905720e-18)	(1.821076e-01 4.040377e-02 -1.025000e-02)	0	(2.511402e+00 8.540178e-01 5.993011e-21)	(1.862089e-01 4.969576e-02 -1.025000e-02)	0
4.09          	p             	-2.191154e+00	(1.885709e-01 3.639201e-02 -1.025000e-02)	0	2.294864e+00	(1.822548e-01 4.267805e-02 -1.025000e-02)	0
4.1           	U             	(5.643550e-01 -9.243312e-01 -1.936821e-18)	(1.821076e-01 4.040377e-02 -1.025000e-02)	0	(2.537353e+00 8.555561e-01 6.322032e-21)	(1.862089e-01 4.969576e-02 -1.025000e-02)	0
4.1           	p             	-2.099578e+00	(1.885709e-01 3.639201e-02 -1.025000e-02)	0	2.297953e+00	(1.822548e-01 4.267805e-02 -1.025000e-02)	0
4.11          	U             	(5.675931e-01 -9.284608e-01 -1.914194e-18)	(1.821076e-01 4.040377e-02 -1.025000e-02)	0	(2.536218e+00 8.576156e-01 6.331407e-21)	(1.862089e-01 4.969576e-02 -1.025000e-02)	0
4.11          	p             	-2.150078e+00	(1.885709e-01 3.639201e-02 -1.025000e-02)	0	2.286996e+00	(1.822548e-01 4.267805e-02 -1.025000e-02)	0
4.12          	U             	(5.643606e-01 -9.301100e-01 -1.908464e-18)	(1.821076e-01 4.040377e-02 -1.025000e-02)	0	(2.509036e+00 8.606340e-01 5.964129e-21)	(1.862089e-01 4.969576e-02 -1.025000e-02)	0
4.12          	p             	-2.202416e+00	(1.885709e-01 3.639201e-02 -1.025000e-02)	0	2.295145e+00	(1.822548e-01 4.267805e-02 -1.025000e-02)	0
4.13          	U             	(5.616707e-01 -9.257385e-01 -1.917471e-18)	(1.821076e-01 4.040377e-02 -1.025000e-02)	0	(2.526172e+00 8.545934e-01 6.179022e-21)	(1.862089e-01 4.969576e-02 -1.025000e-02)	0
4.13          	p             	-2.147602e+00	(1.885709e-01 3.639201e-02 -1.025000e-02)	0	2.292644e+00	(1.822548e-01 4.267805e-02 -1.025000e-02)	0
4.14          	U             	(5.652244e-01 -9.253647e-01 -1.936825e-18)	(1.821076e-01 4.040377e-02 -1.025000e-02)	0	(2.544411e+00 8.562402e-01 6.373211e-21)	(1.862089e-01 4.969576e-02 -1.025000e-02)	0
4.14          	p             	-2.110811e+00	(1.885709e-01 3.639201e-02 -1.025000e-02)	0	2.302915e+00	(1.822548e-01 4.267805e-02 -1.025000e-02)	0
4.15          	U             	(5.680123e-01 -9.304336e-01 -1.920278e-18)	(1.821076e-01 4.040377e-02 -1.025000e-02)	0	(2.520549e+00 8.636522e-01 6.123069e-21)	(1.862089e-01 4.969576e-02 -1.025000e-02)	0
4.15          	p             	-2.186941e+00	(1.885709e-01 3.639201e-02 -1.025000e-02)	0	2.297565e+00	(1.822548e-01 4.267805e-02 -1.025000e-02)	0
4.16          	U             	(5.620985e-01 -9.297370e-01 -1.906351e-18)	(1.821076e-01 4.040377e-02 -1.025000e-02)	0	(2.511555e+00 8.639085e-01 5.980798e-21)	(1.862089e-01 4.969576e-02 -1.025000e-02)	0
4.16          	p             	-2.201378e+00	(1.885709e-01 3.639201e-02 -1.025000e-02)	0	2.292878e+00	(1.822548e-01 4.267805e-02 -1.025000e-02)	0
4.17          	U             	(5.626071e-01 -9.251342e-01 -1.934673e-18)	(1.821076e-01 4.040377e-02 -1.025000e-02)	0	(2.533207e+00 8.604606e-01 6.297841e-21)	(1.862089e-01 4.969576e-02 -1.025000e-02)	0
4.17          	p             	-2.098421e+00	(1.885709e-01 3.639201e-02 -1.025000e-02)	0	2.307956e+00	(1.822548e-01 4.267805e-02 -1.025000e-02)	0
4.18          	U             	(5.693894e-01 -9.274586e-01 -1.927388e-18)	(1.821076e-01 4.040377e-02 -1.025000e-02)	0	(2.536558e+00 8.538095e-01 6.304408e-21)	(1.862089e-01 4.969576e-02 -1.025000e-02)	0
4.18          	p             	-2.142033e+00	(1.885709e-01 3.639201e-02 -1.025000e-02)	0	2.291309e+00	(1.822548e-01 4.267805e-02 -1.025000e-02)	0
4.19          	U             	(5.632033e-01 -9.293811e-01 -1.909447e-18)	(1.821076e-01 4.040377e-02 -1.025000e-02)	0	(2.516947e+00 8.636658e-01 5.983470e-21)	(1.862089e-01 4.969576e-02 -1.025000e-02)	0
4.19          	p             	-2.208092e+00	(1.885709e-01 3.639201e-02 -1.025000e-02)	0	2.293997e+00	(1.822548e-01 4.267805e-02 -1.025000e-02)	0
4.2           	U             	(5.613280e-01 -9.285644e-01 -1.909445e-18)	(1.821076e-01 4.040377e-02 -1.025000e-02)	0	(2.517772e+00 8.570414e-01 6.169419e-21)	(1.862089e-01 4.969576e-02 -1.025000e-02)	0
4.2           	p             	-2.153410e+00	(1.885709e-01 3.639201e-02 -1.025000e-02)	0	2.294800e+00	(1.822548e-01 4.267805e-02 -1.025000e-02)	0
4.21          	U             	(5.667518e-01 -9.253102e-01 -1.943175e-18)	(1.821076e-01 4.040377e-02 -1.025000e-02)	0	(2.541348e+00 8.555855e-01 6.322571e-21)	(1.862089e-01 4.969576e-02 -1.025000e-02)	0
4.21          	p             	-2.114672e+00	(1.885709e-01 3.639201e-02 -1.025000e-02)	0	2.301475e+00	(1.822548e-01 4.267805e-02 -1.025000e-02)	0
4.22          	U             	(5.659683e-01 -9.294447e-01 -1.917188e-18)	(1.821076e-01 4.040377e-02 -1.025000e-02)	0	(2.530758e+00 8.502434e-01 6.144824e-21)	(1.862089e-01 4.969576e-02 -1.025000e-02)	0
4.22          	p             	-2.180402e+00	(1.885709e-01 3.639201e-02 -1.025000e-02)	0	2.295374e+00	(1.822548e-01 4.267805e-02 -1.025000e-02)	0
4.23          	U             	(5.636739e-01 -9.305152e-01 -1.907398e-18)	(1.821076e-01 4.040377e-02 -1.025000e-02)	0	(2.508718e+00 8.647082e-01 5.986340e-21)	(1.862089e-01 4.969576e-02 -1.025000e-02)	0
4.23          	p             	-2.203641e+00	(1.885709e-01 3.639201e-02 -1.025000e-02)	0	2.296918e+00	(1.822548e-01 4.267805e-02 -1.025000e-02)	0
4.24          	U             	(5.631719e-01 -9.249273e-01 -1.934993e-18)	(1.821076e-01 4.040377e-02 -1.025000e-02)	0	(2.531076e+00 8.505987e-01 6.250154e-21)	(1.862089e-01 4.969576e-02 -1.025000e-02)	0
4.24          	p             	-2.112786e+00	(1.885709e-01 3.639201e-02 -1.025000e-02)	0	2.302611e+00	(1.822548e-01 4.267805e-02 -1.025000e-02)	0
4.25          	U             	(5.660935e-01 -9.256247e-01 -1.930216e-18)	(1.821076e-01 4.040377e-02 -1.025000e-02)	0	(2.538021e+00 8.610391e-01 6.329569e-21)	(1.862089e-01 4.969576e-02 -1.025000e-02)	0
4.25          	p             	-2.127320e+00	(1.885709e-01 3.639201e-02 -1.025000e-02)	0	2.296785e+00	(1.822548e-01 4.267805e-02 -1.025000e-02)	0
4.26          	U             	(5.663790e-01 -9.312539e-01 -1.919009e-18)	(1.821076e-01 4.040377e-02 -1.025000e-02)	0	(2.517778e+00 8.640729e-01 5.960585e-21)	(1.862089e-01 4.969576e-02 -1.025000e-02)	0
4.26          	p             	-2.198623e+00	(1.885709e-01 3.639201e-02 -1.025000e-02)	0	2.302952e+00	(1.822548e-01 4.267805e-02 -1.025000e-02)	0
4.27          	U             	(5.609906e-01 -9.282566e-01 -1.909641e-18)	(1.821076e-01 4.040377e-02 -1.025000e-02)	0	(2.519285e+00 8.540035e-01 6.083406e-21)	(1.862089e-01 4.969576e-02 -1.025000e-02)	0
4.27          	p             	-2.184087e+00	(1.885709e-01 3.639201e-02 -1.025000e-02)	0	2.294877e+00	(1.822548e-01 4.267805e-02 -1.025000e-02)	0
4.28          	U             	(5.647251e-01 -9.250813e-01 -1.935601e-18)	(1.821076e-01 4.040377e-02 -1.025000e-02)	0	(2.538506e+00 8.584683e-01 6.338718e-21)	(1.862089e-01 4.969576e-02 -1.025000e-02)	0
4.28          	p             	-2.098966e+00	(1.885709e-01 3.639201e-02 -1.025000e-02)	0	2.303802e+00	(1.822548e-01 4.267805e-02 -1.025000e-02)	0
4.29          	U             	(5.692247e-01 -9.293708e-01 -1.923453e-18)	(1.821076e-01 4.040377e-02 -1.025000e-02)	0	(2.532031e+00 8.468278e-01 6.223457e-21)	(1.862089e-01 4.969576e-02 -1.025000e-02)	0
4.29          	p             	-2.161476e+00	(1.885709e-01 3.639201e-02 -1.025000e-02)	0	2.291782e+00	(1.822548e-01 4.267805e-02 -1.025000e-02)	0
4.3           	U             	(5.620543e-01 -9.301867e-01 -1.909940e-18)	(1.821076e-01 4.040377e-02 -1.025000e-02)	0	(2.511717e+00 8.643749e-01 5.937675e-21)	(1.862089e-01 4.969576e-02 -1.025000e-02)	0
4.3           	p             	-2.200002e+00	(1.885709e-01 3.639201e-02 -1.025000e-02)	0	2.298829e+00	(1.822548e-01 4.267805e-02 -1.025000e-02)	0
4.31          	U             	(5.618401e-01 -9.270262e-01 -1.921372e-18)	(1.821076e-01 4.040377e-02 -1.025000e-02)	0	(2.528048e+00 8.513701e-01 6.243336e-21)	(1.862089e-01 4.969576e-02 -1.025000e-02)	0
4.31          	p             	-2.120371e+00	(1.885709e-01 3.639201e-02 -1.025000e-02)	0	2.298154e+00	(1.822548e-01 4.267805e-02 -1.025000e-02)	0
4.32          	U             	(5.679999e-01 -9.255002e-01 -1.937857e-18)	(1.821076e-01 4.040377e-02 -1.025000e-02)	0	(2.537592e+00 8.628150e-01 6.382754e-21)	(1.862089e-01 4.969576e-02 -1.025000e-02)	0
4.32          	p             	-2.122957e+00	(1.885709e-01 3.639201e-02 -1.025000e-02)	0	2.293885e+00	(1.822548e-01 4.267805e-02 -1.025000e-02)	0
4.33          	U             	(5.644105e-01 -9.303252e-01 -1.915901e-18)	(1.821076e-01 4.040377e-02 -1.025000e-02)	0	(2.521211e+00 8.692244e-01 6.021247e-21)	(1.862089e-01 4.969576e-02 -1.025000e-02)	0
4.33          	p             	-2.194313e+00	(1.885709e-01 3.639201e-02 -1.025000e-02)	0	2.303208e+00	(1.822548e-01 4.267805e-02 -1.025000e-02)	0
4.34          	U             	(5.629487e-01 -9.298147e-01 -1.909798e-18)	(1.821076e-01 4.040377e-02 -1.025000e-02)	0	(2.511921e+00 8.514252e-01 6.021809e-21)	(1.862089e-01 4.969576e-02 -1.025000e-02)	0
4.34          	p             	-2.186149e+00	(1.885709e-01 3.639201e-02 -1.025000e-02)	0	2.295948e+00	(1.822548e-01 4.267805e-02 -1.025000e-02)	0
4.35          	U             	(5.641318e-01 -9.243599e-01 -1.939810e-18)	(1.821076e-01 4.040377e-02 -1.025000e-02)	0	(2.535317e+00 8.576397e-01 6.318402e-21)	(1.862089e-01 4.969576e-02 -1.025000e-02)	0
4.35          	p             	-2.105843e+00	(1.885709e-01 3.639201e-02 -1.025000e-02)	0	2.302082e+00	(1.822548e-01 4.267805e-02 -1.025000e-02)	0
4.36          	U             	(5.674651e-01 -9.289276e-01 -1.911351e-18)	(1.821076e-01 4.040377e-02 -1.025000e-02)	0	(2.537892e+00 8.552564e-01 6.301731e-21)	(1.862089e-01 4.969576e-02 -1.025000e-02)	0
4.36          	p             	-2.153651e+00	(1.885709e-01 3.639201e-02 -1.025000e-02)	0	2.286783e+00	(1.822548e-01 4.267805e-02 -1.025000e-02)	0
4.37          	U             	(5.650577e-01 -9.304961e-01 -1.919306e-18)	(1.821076e-01 4.040377e-02 -1.025000e-02)	0	(2.511815e+00 8.601892e-01 5.919212e-21)	(1.862089e-01 4.969576e-02 -1.025000e-02)	0
4.37          	p             	-2.203145e+00	(1.885709e-01 3.639201e-02 -1.025000e-02)	0	2.302784e+00	(1.822548e-01 4.267805e-02 -1.025000e-02)	0
4.38          	U             	(5.604440e-01 -9.262319e-01 -1.915824e-18)	(1.821076e-01 4.040377e-02 -1.025000e-02)	0	(2.526225e+00 8.515204e-01 6.183038e-21)	(1.862089e-01 4.969576e-02 -1.025000e-02)	0
4.38          	p             	-2.143163e+00	(1.885709e-01 3.639201e-02 -1.025000e-02)	0	2.296856e+00	(1.822548e-01 4.267805e-02 -1.025000e-02)	0
4.39          	U             	(5.662450e-01 -9.253500e-01 -1.936467e-18)	(1.821076e-01 4.040377e-02 -1.025000e-02)	0	(2.540891e+00 8.535347e-01 6.358413e-21)	(1.862089e-01 4.969576e-02 -1.025000e-02)	0
4.39          	p             	-2.114123e+00	(1.885709e-01 3.639201e-02 -1.025000e-02)	0	2.299821e+00	(1.822548e-01 4.267805e-02 -1.025000e-02)	0
4.4           	U             	(5.682911e-01 -9.307513e-01 -1.923885e-18)	(1.821076e-01 4.040377e-02 -1.025000e-02)	0	(2.521437e+00 8.689232e-01 6.110454e-21)	(1.862089e-01 4.969576e-02 -1.025000e-02)	0
4.4           	p             	-2.187891e+00	(1.885709e-01 3.639201e-02 -1.025000e-02)	0	2.297924e+00	(1.822548e-01 4.267805e-02 -1.025000e-02)	0
4.41          	U             	(5.610058e-01 -9.306732e-01 -1.904540e-18)	(1.821076e-01 4.040377e-02 -1.025000e-02)	0	(2.512734e+00 8.599014e-01 5.973599e-21)	(1.862089e-01 4.969576e-02 -1.025000e-02)	0
4.41          	p             	-2.192458e+00	(1.885709e-01 3.639201e-02 -1.025000e-02)	0	2.300328e+00	(1.822548e-01 4.267805e-02 -1.025000e-02)	0
4.42          	U             	(5.643250e-01 -9.247894e-01 -1.937594e-18)	(1.821076e-01 4.040377e-02 -1.025000e-02)	0	(2.534566e+00 8.429488e-01 6.285470e-21)	(1.862089e-01 4.969576e-02 -1.025000e-02)	0
4.42          	p             	-2.097153e+00	(1.885709e-01 3.639201e-02 -1.025000e-02)	0	2.303416e+00	(1.822548e-01 4.267805e-02 -1.025000e-02)	0
4.43          	U             	(5.685563e-01 -9.268479e-01 -1.926684e-18)	(1.821076e-01 4.040377e-02 -1.025000e-02)	0	(2.534138e+00 8.671131e-01 6.329204e-21)	(1.862089e-01 4.969576e-02 -1.025000e-02)	0
4.43          	p             	-2.143118e+00	(1.885709e-01 3.639201e-02 -1.025000e-02)	0	2.289172e+00	(1.822548e-01 4.267805e-02 -1.025000e-02)	0
4.44          	U             	(5.632470e-01 -9.303785e-01 -1.907872e-18)	(1.821076e-01 4.040377e-02 -1.025000e-02)	0	(2.516058e+00 8.636858e-01 5.967192e-21)	(1.862089e-01 4.969576e-02 -1.025000e-02)	0
4.44          	p             	-2.203178e+00	(1.885709e-01 3.639201e-02 -1.025000e-02)	0	2.298961e+00	(1.822548e-01 4.267805e-02 -1.025000e-02)	0
4.45          	U             	(5.624972e-01 -9.271277e-01 -1.913402e-18)	(1.821076e-01 4.040377e-02 -1.025000e-02)	0	(2.520886e+00 8.456605e-01 6.153699e-21)	(1.862089e-01 4.969576e-02 -1.025000e-02)	0
4.45          	p             	-2.165277e+00	(1.885709e-01 3.639201e-02 -1.025000e-02)	0	2.291970e+00	(1.822548e-01 4.267805e-02 -1.025000e-02)	0
4.46          	U             	(5.649779e-01 -9.243641e-01 -1.941129e-18)	(1.821076e-01 4.040377e-02 -1.025000e-02)	0	(2.545444e+00 8.486436e-01 6.331485e-21)	(1.862089e-01 4.969576e-02 -1.025000e-02)	0
4.46          	p             	-2.113403e+00	(1.885709e-01 3.639201e-02 -1.025000e-02)	0	2.299772e+00	(1.822548e-01 4.267805e-02 -1.025000e-02)	0
4.47          	U             	(5.671984e-01 -9.303458e-01 -1.916777e-18)	(1.821076e-01 4.040377e-02 -1.025000e-02)	0	(2.524975e+00 8.625040e-01 6.198850e-21)	(1.862089e-01 4.969576e-02 -1.025000e-02)	0
4.47          	p             	-2.177578e+00	(1.885709e-01 3.639201e-02 -1.025000e-02)	0	2.298001e+00	(1.822548e-01 4.267805e-02 -1.025000e-02)	0
4.48          	U             	(5.637263e-01 -9.298633e-01 -1.910121e-18)	(1.821076e-01 4.040377e-02 -1.025000e-02)	0	(2.507873e+00 8.650254e-01 5.937251e-21)	(1.862089e-01 4.969576e-02 -1.025000e-02)	0
4.48          	p             	-2.206542e+00	(1.885709e-01 3.639201e-02 -1.025000e-02)	0	2.294945e+00	(1.822548e-01 4.267805e-02 -1.025000e-02)	0
4.49          	U             	(5.614170e-01 -9.250798e-01 -1.929754e-18)	(1.821076e-01 4.040377e-02 -1.025000e-02)	0	(2.539077e+00 8.392620e-01 6.200955e-21)	(1.862089e-01 4.969576e-02 -1.025000e-02)	0
4.49          	p             	-2.106918e+00	(1.885709e-01 3.639201e-02 -1.025000e-02)	0	2.303502e+00	(1.822548e-01 4.267805e-02 -1.025000e-02)	0
4.5           	U             	(5.679044e-01 -9.264823e-01 -1.930266e-18)	(1.821076e-01 4.040377e-02 -1.025000e-02)	0	(2.535732e+00 8.645534e-01 6.392887e-21)	(1.862089e-01 4.969576e-02 -1.025000e-02)	0
4.5           	p             	-2.126425e+00	(1.885709e-01 3.639201e-02 -1.025000e-02)	0	2.295439e+00	(1.822548e-01 4.267805e-02 -1.025000e-02)	0
4.51          	U             	(5.662316e-01 -9.302757e-01 -1.919804e-18)	(1.821076e-01 4.040377e-02 -1.025000e-02)	0	(2.515710e+00 8.709437e-01 6.003290e-21)	(1.862089e-01 4.969576e-02 -1.025000e-02)	0
4.51          	p             	-2.198187e+00	(1.885709e-01 3.639201e-02 -1.025000e-02)	0	2.299185e+00	(1.822548e-01 4.267805e-02 -1.025000e-02)	0
4.52          	U             	(5.600261e-01 -9.288373e-01 -1.905663e-18)	(1.821076e-01 4.040377e-02 -1.025000e-02)	0	(2.520815e+00 8.508918e-01 6.062704e-21)	(1.862089e-01 4.969576e-02 -1.025000e-02)	0
4.52          	p             	-2.175696e+00	(1.885709e-01 3.639201e-02 -1.025000e-02)	0	2.298573e+00	(1.822548e-01 4.267805e-02 -1.025000e-02)	0
4.53          	U             	(5.662221e-01 -9.254045e-01 -1.940853e-18)	(1.821076e-01 4.040377e-02 -1.025000e-02)	0	(2.541221e+00 8.504524e-01 6.351536e-21)	(1.862089e-01 4.969576e-02 -1.025000e-02)	0
4.53          	p             	-2.102528e+00	(1.885709e-01 3.639201e-02 -1.025000e-02)	0	2.302318e+00	(1.822548e-01 4.267805e-02 -1.025000e-02)	0
4.54          	U             	(5.679054e-01 -9.285238e-01 -1.921161e-18)	(1.821076e-01 4.040377e-02 -1.025000e-02)	0	(2.531004e+00 8.549543e-01 6.234905e-21)	(1.862089e-01 4.969576e-02 -1.025000e-02)	0
4.54          	p             	-2.160687e+00	(1.885709e-01 3.639201e-02 -1.025000e-02)	0	2.288885e+00	(1.822548e-01 4.267805e-02 -1.025000e-02)	0
4.55          	U             	(5.623232e-01 -9.301345e-01 -1.908961e-18)	(1.821076e-01 4.040377e-02 -1.025000e-02)	0	(2.507701e+00 8.668863e-01 5.938431e-21)	(1.862089e-01 4.969576e-02 -1.025000e-02)	0
4.55          	p             	-2.197682e+00	(1.885709e-01 3.639201e-02 -1.025000e-02)	0	2.301837e+00	(1.822548e-01 4.267805e-02 -1.025000e-02)	0
4.56          	U             	(5.631308e-01 -9.250997e-01 -1.929184e-18)	(1.821076e-01 4.040377e-02 -1.025000e-02)	0	(2.531701e+00 8.425455e-01 6.189920e-21)	(1.862089e-01 4.969576e-02 -1.025000e-02)	0
4.56          	p             	-2.120555e+00	(1.885709e-01 3.639201e-02 -1.025000e-02)	0	2.298916e+00	(1.822548e-01 4.267805e-02 -1.025000e-02)	0
4.57          	U             	(5.663890e-01 -9.252177e-01 -1.935633e-18)	(1.821076e-01 4.040377e-02 -1.025000e-02)	0	(2.541950e+00 8.576759e-01 6.378095e-21)	(1.862089e-01 4.969576e-02 -1.025000e-02)	0
4.57          	p             	-2.122856e+00	(1.885709e-01 3.639201e-02 -1.025000e-02)	0	2.295093e+00	(1.822548e-01 4.267805e-02 -1.025000e-02)	0
4.58          	U             	(5.656576e-01 -9.305584e-01 -1.916308e-18)	(1.821076e-01 4.040377e-02 -1.025000e-02)	0	(2.516572e+00 8.728755e-01 6.055285e-21)	(1.862089e-01 4.969576e-02 -1.025000e-02)	0
4.58          	p             	-2.191892e+00	(1.885709e-01 3.639201e-02 -1.025000e-02)	0	2.303201e+00	(1.822548e-01 4.267805e-02 -1.025000e-02)	0
4.59          	U             	(5.629003e-01 -9.291676e-01 -1.909031e-18)	(1.821076e-01 4.040377e-02 -1.025000e-02)	0	(2.512706e+00 8.556879e-01 6.015754e-21)	(1.862089e-01 4.969576e-02 -1.025000e-02)	0
4.59          	p             	-2.189081e+00	(1.885709e-01 3.639201e-02 -1.025000e-02)	0	2.291671e+00	(1.822548e-01 4.267805e-02 -1.025000e-02)	0
4.6           	U             	(5.629110e-01 -9.247464e-01 -1.937341e-18)	(1.821076e-01 4.040377e-02 -1.025000e-02)	0	(2.542023e+00 8.533757e-01 6.282637e-21)	(1.862089e-01 4.969576e-02 -1.025000e-02)	0
4.6           	p             	-2.103955e+00	(1.885709e-01 3.639201e-02 -1.025000e-02)	0	2.305593e+00	(1.822548e-01 4.267805e-02 -1.025000e-02)	0
4.61          	U             	(5.688036e-01 -9.296379e-01 -1.914321e-18)	(1.821076e-01 4.040377e-02 -1.025000e-02)	0	(2.533141e+00 8.515967e-01 6.322108e-21)	(1.862089e-01 4.969576e-02 -1.025000e-02)	0
4.61          	p             	-2.155565e+00	(1.885709e-01 3.639201e-02 -1.025000e-02)	0	2.287223e+00	(1.822548e-01 4.267805e-02 -1.025000e-02)	0
4.62          	U             	(5.634710e-01 -9.288785e-01 -1.911768e-18)	(1.821076e-01 4.040377e-02 -1.025000e-02)	0	(2.511289e+00 8.668036e-01 5.962144e-21)	(1.862089e-01 4.969576e-02 -1.025000e-02)	0
4.62          	p             	-2.203865e+00	(1.885709e-01 3.639201e-02 -1.025000e-02)	0	2.292821e+00	(1.822548e-01 4.267805e-02 -1.025000e-02)	0
4.63          	U             	(5.602546e-01 -9.269412e-01 -1.913796e-18)	(1.821076e-01 4.040377e-02 -1.025000e-02)	0	(2.527595e+00 8.543995e-01 6.187969e-21)	(1.862089e-01 4.969576e-02 -1.025000e-02)	0
4.63          	p             	-2.139221e+00	(1.885709e-01 3.639201e-02 -1.025000e-02)	0	2.299020e+00	(1.822548e-01 4.267805e-02 -1.025000e-02)	0
4.64          	U             	(5.680186e-01 -9.261479e-01 -1.941883e-18)	(1.821076e-01 4.040377e-02 -1.025000e-02)	0	(2.542712e+00 8.473349e-01 6.385351e-21)	(1.862089e-01 4.969576e-02 -1.025000e-02)	0
4.64          	p             	-2.113917e+00	(1.885709e-01 3.639201e-02 -1.025000e-02)	0	2.300821e+00	(1.822548e-01 4.267805e-02 -1.025000e-02)	0
4.65          	U             	(5.664979e-01 -9.293699e-01 -1.918906e-18)	(1.821076e-01 4.040377e-02 -1.025000e-02)	0	(2.520462e+00 8.700553e-01 6.122871e-21)	(1.862089e-01 4.969576e-02 -1.025000e-02)	0
4.65          	p             	-2.185337e+00	(1.885709e-01 3.639201e-02 -1.025000e-02)	0	2.293867e+00	(1.822548e-01 4.267805e-02 -1.025000e-02)	0
4.66          	U             	(5.612318e-01 -9.300983e-01 -1.903375e-18)	(1.821076e-01 4.040377e-02 -1.025000e-02)	0	(2.509973e+00 8.636125e-01 5.981645e-21)	(1.862089e-01 4.969576e-02 -1.025000e-02)	0
4.66          	p             	-2.192401e+00	(1.885709e-01 3.639201e-02 -1.025000e-02)	0	2.299361e+00	(1.822548e-01 4.267805e-02 -1.025000e-02)	0
4.67          	U             	(5.651620e-01 -9.246917e-01 -1.942806e-18)	(1.821076e-01 4.040377e-02 -1.025000e-02)	0	(2.535949e+00 8.477818e-01 6.303166e-21)	(1.862089e-01 4.969576e-02 -1.025000e-02)	0
4.67          	p             	-2.096810e+00	(1.885709e-01 3.639201e-02 -1.025000e-02)	0	2.303270e+00	(1.822548e-01 4.267805e-02 -1.025000e-02)	0
4.68          	U             	(5.668441e-01 -9.266180e-01 -1.919461e-18)	(1.821076e-01 4.040377e-02 -1.025000e-02)	0	(2.537625e+00 8.571285e-01 6.302811e-21)	(1.862089e-01 4.969576e-02 -1.025000e-02)	0
4.68          	p             	-2.148046e+00	(1.885709e-01 3.639201e-02 -1.025000e-02)	0	2.289282e+00	(1.822548e-01 4.267805e-02 -1.025000e-02)	0
4.69          	U             	(5.642494e-01 -9.301682e-01 -1.907484e-18)	(1.821076e-01 4.040377e-02 -1.025000e-02)	0	(2.511719e+00 8.620982e-01 5.980626e-21)	(1.862089e-01 4.969576e-02 -1.025000e-02)	0
4.69          	p             	-2.204217e+00	(1.885709e-01 3.639201e-02 -1.025000e-02)	0	2.295696e+00	(1.822548e-01 4.267805e-02 -1.025000e-02)	0
4.7           	U             	(5.621472e-01 -9.267481e-01 -1.917626e-18)	(1.821076e-01 4.040377e-02 -1.025000e-02)	0	(2.522377e+00 8.545976e-01 6.152837e-21)	(1.862089e-01 4.969576e-02 -1.025000e-02)	0
4.7           	p             	-2.161638e+00	(1.885709e-01 3.639201e-02 -1.025000e-02)	0	2.295253e+00	(1.822548e-01 4.267805e-02 -1.025000e-02)	0
4.71          	U             	(5.648010e-01 -9.252019e-01 -1.937015e-18)	(1.821076e-01 4.040377e-02 -1.025000e-02)	0	(2.545330e+00 8.508149e-01 6.332137e-21)	(1.862089e-01 4.969576e-02 -1.025000e-02)	0
4.71          	p             	-2.110750e+00	(1.885709e-01 3.639201e-02 -1.025000e-02)	0	2.303594e+00	(1.822548e-01 4.267805e-02 -1.025000e-02)	0
4.72          	U             	(5.683722e-01 -9.303278e-01 -1.921494e-18)	(1.821076e-01 4.040377e-02 -1.025000e-02)	0	(2.523418e+00 8.572169e-01 6.173053e-21)	(1.862089e-01 4.969576e-02 -1.025000e-02)	0
4.72          	p             	-2.183444e+00	(1.885709e-01 3.639201e-02 -1.025000e-02)	0	2.297539e+00	(1.822548e-01 4.267805e-02 -1.025000e-02)	0
4.73          	U             	(5.624171e-01 -9.295181e-01 -1.907111e-18)	(1.821076e-01 4.040377e-02 -1.025000e-02)	0	(2.508916e+00 8.666501e-01 5.960832e-21)	(1.862089e-01 4.969576e-02 -1.025000e-02)	0
4.73          	p             	-2.205378e+00	(1.885709e-01 3.639201e-02 -1.025000e-02)	0	2.292505e+00	(1.822548e-01 4.267805e-02 -1.025000e-02)	0
4.74          	U             	(5.618617e-01 -9.257956e-01 -1.928963e-18)	(1.821076e-01 4.040377e-02 -1.025000e-02)	0	(2.534430e+00 8.557622e-01 6.254197e-21)	(1.862089e-01 4.969576e-02 -1.025000e-02)	0
4.74          	p             	-2.105939e+00	(1.885709e-01 3.639201e-02 -1.025000e-02)	0	2.305249e+00	(1.822548e-01 4.267805e-02 -1.025000e-02)	0
4.75          	U             	(5.693725e-01 -9.270445e-01 -1.931955e-18)	(1.821076e-01 4.040377e-02 -1.025000e-02)	0	(2.534985e+00 8.602876e-01 6.367878e-21)	(1.862089e-01 4.969576e-02 -1.025000e-02)	0
4.75          	p             	-2.134539e+00	(1.885709e-01 3.639201e-02 -1.025000e-02)	0	2.294032e+00	(1.822548e-01 4.267805e-02 -1.025000e-02)	0
4.76          	U             	(5.635697e-01 -9.292279e-01 -1.914201e-18)	(1.821076e-01 4.040377e-02 -1.025000e-02)	0	(2.518399e+00 8.664936e-01 5.975985e-21)	(1.862089e-01 4.969576e-02 -1.025000e-02)	0
4.76          	p             	-2.198112e+00	(1.885709e-01 3.639201e-02 -1.025000e-02)	0	2.298460e+00	(1.822548e-01 4.267805e-02 -1.025000e-02)	0
4.77          	U             	(5.616117e-01 -9.290232e-01 -1.905965e-18)	(1.821076e-01 4.040377e-02 -1.025000e-02)	0	(2.516265e+00 8.535230e-01 6.119986e-21)	(1.862089e-01 4.969576e-02 -1.025000e-02)	0
4.77          	p             	-2.166917e+00	(1.885709e-01 3.639201e-02 -1.025000e-02)	0	2.292682e+00	(1.822548e-01 4.267805e-02 -1.025000e-02)	0
4.78          	U             	(5.666555e-01 -9.254003e-01 -1.944507e-18)	(1.821076e-01 4.040377e-02 -1.025000e-02)	0	(2.538653e+00 8.585482e-01 6.333368e-21)	(1.862089e-01 4.969576e-02 -1.025000e-02)	0
4.78          	p             	-2.105030e+00	(1.885709e-01 3.639201e-02 -1.025000e-02)	0	2.303762e+00	(1.822548e-01 4.267805e-02 -1.025000e-02)	0
4.79          	U             	(5.661598e-01 -9.288655e-01 -1.913678e-18)	(1.821076e-01 4.040377e-02 -1.025000e-02)	0	(2.534308e+00 8.485716e-01 6.209111e-21)	(1.862089e-01 4.969576e-02 -1.025000e-02)	0
4.79          	p             	-2.163639e+00	(1.885709e-01 3.639201e-02 -1.025000e-02)	0	2.289617e+00	(1.822548e-01 4.267805e-02 -1.025000e-02)	0
4.8           	U             	(5.638263e-01 -9.305414e-01 -1.911422e-18)	(1.821076e-01 4.040377e-02 -1.025000e-02)	0	(2.507729e+00 8.638403e-01 5.939445e-21)	(1.862089e-01 4.969576e-02 -1.025000e-02)	0
4.8           	p             	-2.201160e+00	(1.885709e-01 3.639201e-02 -1.025000e-02)	0	2.300546e+00	(1.822548e-01 4.267805e-02 -1.025000e-02)	0
4.81          	U             	(5.625763e-01 -9.247719e-01 -1.929490e-18)	(1.821076e-01 4.040377e-02 -1.025000e-02)	0	(2.530210e+00 8.507168e-01 6.233966e-21)	(1.862089e-01 4.969576e-02 -1.025000e-02)	0
4.81          	p             	-2.124627e+00	(1.885709e-01 3.639201e-02 -1.025000e-02)	0	2.298633e+00	(1.822548e-01 4.267805e-02 -1.025000e-02)	0
4.82          	U             	(5.660866e-01 -9.255682e-01 -1.931191e-18)	(1.821076e-01 4.040377e-02 -1.025000e-02)	0	(2.539229e+00 8.597807e-01 6.342963e-21)	(1.862089e-01 4.969576e-02 -1.025000e-02)	0
4.82          	p             	-2.123310e+00	(1.885709e-01 3.639201e-02 -1.025000e-02)	0	2.298621e+00	(1.822548e-01 4.267805e-02 -1.025000e-02)	0
4.83          	U             	(5.671498e-01 -9.311115e-01 -1.921624e-18)	(1.821076e-01 4.040377e-02 -1.025000e-02)	0	(2.517682e+00 8.659551e-01 6.005639e-21)	(1.862089e-01 4.969576e-02 -1.025000e-02)	0
4.83          	p             	-2.194407e+00	(1.885709e-01 3.639201e-02 -1.025000e-02)	0	2.303052e+00	(1.822548e-01 4.267805e-02 -1.025000e-02)	0
4.84          	U             	(5.610638e-01 -9.290616e-01 -1.908833e-18)	(1.821076e-01 4.040377e-02 -1.025000e-02)	0	(2.517587e+00 8.536650e-01 6.030258e-21)	(1.862089e-01 4.969576e-02 -1.025000e-02)	0
4.84          	p             	-2.188762e+00	(1.885709e-01 3.639201e-02 -1.025000e-02)	0	2.294885e+00	(1.822548e-01 4.267805e-02 -1.025000e-02)	0
4.85          	U             	(5.640874e-01 -9.251025e-01 -1.934891e-18)	(1.821076e-01 4.040377e-02 -1.025000e-02)	0	(2.535566e+00 8.595429e-01 6.326748e-21)	(1.862089e-01 4.969576e-02 -1.025000e-02)	0
4.85          	p             	-2.097943e+00	(1.885709e-01 3.639201e-02 -1.025000e-02)	0	2.305175e+00	(1.822548e-01 4.267805e-02 -1.025000e-02)	0
4.86          	U             	(5.695885e-01 -9.286552e-01 -1.921238e-18)	(1.821076e-01 4.040377e-02 -1.025000e-02)	0	(2.534070e+00 8.496253e-01 6.260341e-21)	(1.862089e-01 4.969576e-02 -1.025000e-02)	0
4.86          	p             	-2.154582e+00	(1.885709e-01 3.639201e-02 -1.025000e-02)	0	2.286259e+00	(1.822548e-01 4.267805e-02 -1.025000e-02)	0
4.87          	U             	(5.624682e-01 -9.302745e-01 -1.913882e-18)	(1.821076e-01 4.040377e-02 -1.025000e-02)	0	(2.513158e+00 8.614453e-01 5.910946e-21)	(1.862089e-01 4.969576e-02 -1.025000e-02)	0
4.87          	p             	-2.200736e+00	(1.885709e-01 3.639201e-02 -1.025000e-02)	0	2.302090e+00	(1.822548e-01 4.267805e-02 -1.025000e-02)	0
4.88          	U             	(5.616072e-01 -9.271056e-01 -1.917360e-18)	(1.821076e-01 4.040377e-02 -1.025000e-02)	0	(2.524608e+00 8.506149e-01 6.210894e-21)	(1.862089e-01 4.969576e-02 -1.025000e-02)	0
4.88          	p             	-2.133457e+00	(1.885709e-01 3.639201e-02 -1.025000e-02)	0	2.296843e+00	(1.822548e-01 4.267805e-02 -1.025000e-02)	0
4.89          	U             	(5.672023e-01 -9.248559e-01 -1.939442e-18)	(1.821076e-01 4.040377e-02 -1.025000e-02)	0	(2.538893e+00 8.594422e-01 6.376244e-21)	(1.862089e-01 4.969576e-02 -1.025000e-02)	0
4.89          	p             	-2.120957e+00	(1.885709e-01 3.639201e-02 -1.025000e-02)	0	2.293322e+00	(1.822548e-01 4.267805e-02 -1.025000e-02)	0
4.9           	U             	(5.653794e-01 -9.306861e-01 -1.917463e-18)	(1.821076e-01 4.040377e-02 -1.025000e-02)	0	(2.522232e+00 8.684867e-01 6.063120e-21)	(1.862089e-01 4.969576e-02 -1.025000e-02)	0
4.9           	p             	-2.190548e+00	(1.885709e-01 3.639201e-02 -1.025000e-02)	0	2.304721e+00	(1.822548e-01 4.267805e-02 -1.025000e-02)	0
4.91          	U             	(5.632544e-01 -9.298998e-01 -1.909246e-18)	(1.821076e-01 4.040377e-02 -1.025000e-02)	0	(2.510033e+00 8.545774e-01 6.002220e-21)	(1.862089e-01 4.969576e-02 -1.025000e-02)	0
4.91          	p             	-2.189399e+00	(1.885709e-01 3.639201e-02 -1.025000e-02)	0	2.294800e+00	(1.822548e-01 4.267805e-02 -1.025000e-02)	0
4.92          	U             	(5.634833e-01 -9.243734e-01 -1.939942e-18)	(1.821076e-01 4.040377e-02 -1.025000e-02)	0	(2.536488e+00 8.518661e-01 6.295999e-21)	(1.862089e-01 4.969576e-02 -1.025000e-02)	0
4.92          	p             	-2.101422e+00	(1.885709e-01 3.639201e-02 -1.025000e-02)	0	2.303620e+00	(1.822548e-01 4.267805e-02 -1.025000e-02)	0
4.93          	U             	(5.675457e-01 -9.280867e-01 -1.921177e-18)	(1.821076e-01 4.040377e-02 -1.025000e-02)	0	(2.536993e+00 8.622635e-01 6.296623e-21)	(1.862089e-01 4.969576e-02 -1.025000e-02)	0
4.93          	p             	-2.137060e+00	(1.885709e-01 3.639201e-02 -1.025000e-02)	0	2.294953e+00	(1.822548e-01 4.267805e-02 -1.025000e-02)	0
4.94          	U             	(5.656238e-01 -9.302545e-01 -1.915539e-18)	(1.821076e-01 4.040377e-02 -1.025000e-02)	0	(2.512750e+00 8.584088e-01 5.961570e-21)	(1.862089e-01 4.969576e-02 -1.025000e-02)	0
4.94          	p             	-2.202073e+00	(1.885709e-01 3.639201e-02 -1.025000e-02)	0	2.296570e+00	(1.822548e-01 4.267805e-02 -1.025000e-02)	0
4.95          	U             	(5.598807e-01 -9.262975e-01 -1.912749e-18)	(1.821076e-01 4.040377e-02 -1.025000e-02)	0	(2.524949e+00 8.500955e-01 6.140012e-21)	(1.862089e-01 4.969576e-02 -1.025000e-02)	0
4.95          	p             	-2.158805e+00	(1.885709e-01 3.639201e-02 -1.025000e-02)	0	2.296057e+00	(1.822548e-01 4.267805e-02 -1.025000e-02)	0
4.96          	U             	(5.664351e-01 -9.261279e-01 -1.938177e-18)	(1.821076e-01 4.040377e-02 -1.025000e-02)	0	(2.542747e+00 8.547869e-01 6.373462e-21)	(1.862089e-01 4.969576e-02 -1.025000e-02)	0
4.96          	p             	-2.107322e+00	(1.885709e-01 3.639201e-02 -1.025000e-02)	0	2.302298e+00	(1.822548e-01 4.267805e-02 -1.025000e-02)	0
4.97          	U             	(5.686039e-01 -9.304336e-01 -1.923508e-18)	(1.821076e-01 4.040377e-02 -1.025000e-02)	0	(2.523878e+00 8.642779e-01 6.170902e-21)	(1.862089e-01 4.969576e-02 -1.025000e-02)	0
4.97          	p             	-2.181022e+00	(1.885709e-01 3.639201e-02 -1.025000e-02)	0	2.296171e+00	(1.822548e-01 4.267805e-02 -1.025000e-02)	0
4.98          	U             	(5.610630e-01 -9.300618e-01 -1.902849e-18)	(1.821076e-01 4.040377e-02 -1.025000e-02)	0	(2.509031e+00 8.623311e-01 5.950741e-21)	(1.862089e-01 4.969576e-02 -1.025000e-02)	0
4.98          	p             	-2.199129e+00	(1.885709e-01 3.639201e-02 -1.025000e-02)	0	2.297090e+00	(1.822548e-01 4.267805e-02 -1.025000e-02)	0
4.99          	U             	(5.637396e-01 -9.249210e-01 -1.933904e-18)	(1.821076e-01 4.040377e-02 -1.025000e-02)	0	(2.534182e+00 8.443500e-01 6.249309e-21)	(1.862089e-01 4.969576e-02 -1.025000e-02)	0
4.99          	p             	-2.101706e+00	(1.885709e-01 3.639201e-02 -1.025000e-02)	0	2.301728e+00	(1.822548e-01 4.267805e-02 -1.025000e-02)	0
5             	U             	(5.680675e-01 -9.263786e-01 -1.930486e-18)	(1.821076e-01 4.040377e-02 -1.025000e-02)	0	(2.536897e+00 8.673961e-01 6.381591e-21)	(1.862089e-01 4.969576e-02 -1.025000e-02)	0
5             	p             	-2.133618e+00	(1.885709e-01 3.639201e-02 -1.025000e-02)	0	2.290197e+00	(1.822548e-01 4.267805e-02 -1.025000e-02)	0
