/*--------------------------------*- C++ -*----------------------------------*\
| =========                 |                                                 |
| \\      /  F ield         | OpenFOAM: The Open Source CFD Toolbox           |
|  \\    /   O peration     | Version:  2406                                  |
|   \\  /    A nd           | Website:  www.openfoam.com                      |
|    \\/     M anipulation  |                                                 |
\*---------------------------------------------------------------------------*/
FoamFile
{
    version     2.0;
    format      ascii;
    arch        "LSB;label=32;scalar=64";
    class       faceList;
    location    "constant/polyMesh";
    object      faces;
}
// * * * * * * * * * * * * * * * * * * * * * * * * * * * * * * * * * * * * * //


9347
(
4(0 3 2496 2493)
4(3 4 2497 2496)
4(4 1 2494 2497)
4(5 3 2496 2498)
4(2 5 2498 2495)
4(3 6 2499 2496)
4(7 4 2497 2500)
4(6 7 2500 2499)
4(5 8 2501 2498)
4(8 6 2499 2501)
4(11 12 2505 2504)
4(9 10 2503 2502)
4(10 11 2504 2503)
4(12 9 2502 2505)
4(11 13 2506 2504)
4(14 12 2505 2507)
4(13 14 2507 2506)
4(15 21 2514 2508)
4(21 5 2498 2514)
4(16 22 2515 2509)
4(22 21 2514 2515)
4(17 23 2516 2510)
4(23 22 2515 2516)
4(18 24 2517 2511)
4(24 23 2516 2517)
4(19 25 2518 2512)
4(25 24 2517 2518)
4(20 26 2519 2513)
4(26 27 2520 2519)
4(27 25 2518 2520)
4(28 29 2522 2521)
4(29 26 2519 2522)
4(32 33 2526 2525)
4(33 30 2523 2526)
4(31 32 2525 2524)
4(34 33 2526 2527)
4(35 34 2527 2528)
4(32 35 2528 2525)
4(33 29 2522 2526)
4(36 29 2522 2529)
4(34 36 2529 2527)
4(36 27 2520 2529)
4(21 37 2530 2514)
4(37 8 2501 2530)
4(22 38 2531 2515)
4(38 37 2530 2531)
4(23 39 2532 2516)
4(39 38 2531 2532)
4(24 40 2533 2517)
4(40 39 2532 2533)
4(25 41 2534 2518)
4(41 40 2533 2534)
4(27 42 2535 2520)
4(43 41 2534 2536)
4(42 43 2536 2535)
4(36 44 2537 2529)
4(44 42 2535 2537)
4(45 46 2539 2538)
4(46 34 2527 2539)
4(35 45 2538 2528)
4(39 47 2540 2532)
4(47 48 2541 2540)
4(48 38 2531 2541)
4(40 49 2542 2533)
4(49 47 2540 2542)
4(41 50 2543 2534)
4(50 49 2542 2543)
4(43 51 2544 2536)
4(52 50 2543 2545)
4(51 52 2545 2544)
4(43 53 2546 2536)
4(53 54 2547 2546)
4(54 51 2544 2547)
4(55 56 2549 2548)
4(57 58 2551 2550)
4(58 55 2548 2551)
4(56 57 2550 2549)
4(47 59 2552 2540)
4(59 60 2553 2552)
4(60 48 2541 2553)
4(49 61 2554 2542)
4(61 59 2552 2554)
4(50 62 2555 2543)
4(62 61 2554 2555)
4(52 63 2556 2545)
4(64 62 2555 2557)
4(63 64 2557 2556)
4(52 65 2558 2545)
4(65 66 2559 2558)
4(66 63 2556 2559)
4(67 68 2561 2560)
4(69 70 2563 2562)
4(70 67 2560 2563)
4(68 69 2562 2561)
4(59 71 2564 2552)
4(71 72 2565 2564)
4(72 60 2553 2565)
4(61 73 2566 2554)
4(73 71 2564 2566)
4(62 74 2567 2555)
4(74 73 2566 2567)
4(64 75 2568 2557)
4(76 74 2567 2569)
4(75 76 2569 2568)
4(64 77 2570 2557)
4(77 78 2571 2570)
4(78 75 2568 2571)
4(79 80 2573 2572)
4(81 82 2575 2574)
4(82 79 2572 2575)
4(80 81 2574 2573)
4(71 83 2576 2564)
4(83 84 2577 2576)
4(84 72 2565 2577)
4(73 85 2578 2566)
4(85 83 2576 2578)
4(74 86 2579 2567)
4(86 85 2578 2579)
4(76 87 2580 2569)
4(88 86 2579 2581)
4(87 88 2581 2580)
4(76 89 2582 2569)
4(89 90 2583 2582)
4(90 87 2580 2583)
4(91 92 2585 2584)
4(93 94 2587 2586)
4(94 91 2584 2587)
4(92 93 2586 2585)
4(83 10 2503 2576)
4(9 84 2577 2502)
4(85 95 2588 2578)
4(95 10 2503 2588)
4(86 96 2589 2579)
4(96 95 2588 2589)
4(88 97 2590 2581)
4(98 96 2589 2591)
4(97 98 2591 2590)
4(88 99 2592 2581)
4(99 100 2593 2592)
4(100 97 2590 2593)
4(101 102 2595 2594)
4(103 104 2597 2596)
4(104 101 2594 2597)
4(102 103 2596 2595)
4(95 105 2598 2588)
4(105 11 2504 2598)
4(96 106 2599 2589)
4(106 105 2598 2599)
4(98 107 2600 2591)
4(108 106 2599 2601)
4(107 108 2601 2600)
4(98 109 2602 2591)
4(109 110 2603 2602)
4(110 107 2600 2603)
4(111 112 2605 2604)
4(113 114 2607 2606)
4(114 111 2604 2607)
4(112 113 2606 2605)
4(105 115 2608 2598)
4(115 13 2506 2608)
4(106 116 2609 2599)
4(116 115 2608 2609)
4(108 117 2610 2601)
4(118 116 2609 2611)
4(117 118 2611 2610)
4(108 119 2612 2601)
4(119 120 2613 2612)
4(120 117 2610 2613)
4(121 122 2615 2614)
4(123 124 2617 2616)
4(124 121 2614 2617)
4(122 123 2616 2615)
4(118 125 2618 2611)
4(126 127 2620 2619)
4(125 126 2619 2618)
4(127 116 2609 2620)
4(118 128 2621 2611)
4(128 129 2622 2621)
4(129 125 2618 2622)
4(130 131 2624 2623)
4(132 133 2626 2625)
4(133 130 2623 2626)
4(131 132 2625 2624)
4(126 134 2627 2619)
4(135 136 2629 2628)
4(134 135 2628 2627)
4(136 127 2620 2629)
4(126 137 2630 2619)
4(137 138 2631 2630)
4(138 134 2627 2631)
4(139 140 2633 2632)
4(141 142 2635 2634)
4(142 139 2632 2635)
4(140 141 2634 2633)
4(135 143 2636 2628)
4(143 144 2637 2636)
4(145 136 2629 2638)
4(144 145 2638 2637)
4(135 146 2639 2628)
4(146 147 2640 2639)
4(147 143 2636 2640)
4(148 149 2642 2641)
4(150 151 2644 2643)
4(151 148 2641 2644)
4(149 150 2643 2642)
4(55 46 2539 2548)
4(45 56 2549 2538)
4(67 58 2551 2560)
4(57 68 2561 2550)
4(79 70 2563 2572)
4(69 80 2573 2562)
4(91 82 2575 2584)
4(81 92 2585 2574)
4(101 94 2587 2594)
4(93 102 2595 2586)
4(111 104 2597 2604)
4(103 112 2605 2596)
4(121 114 2607 2614)
4(113 122 2615 2606)
4(130 124 2617 2623)
4(123 131 2624 2616)
4(139 133 2626 2632)
4(132 140 2633 2625)
4(148 142 2635 2641)
4(141 149 2642 2634)
4(152 151 2644 2645)
4(150 153 2646 2643)
4(153 152 2645 2646)
4(46 44 2537 2539)
4(53 44 2537 2546)
4(55 53 2546 2548)
4(58 54 2547 2551)
4(65 54 2547 2558)
4(67 65 2558 2560)
4(70 66 2559 2563)
4(77 66 2559 2570)
4(79 77 2570 2572)
4(82 78 2571 2575)
4(89 78 2571 2582)
4(91 89 2582 2584)
4(94 90 2583 2587)
4(99 90 2583 2592)
4(101 99 2592 2594)
4(104 100 2593 2597)
4(109 100 2593 2602)
4(111 109 2602 2604)
4(114 110 2603 2607)
4(119 110 2603 2612)
4(121 119 2612 2614)
4(124 120 2613 2617)
4(128 120 2613 2621)
4(130 128 2621 2623)
4(133 129 2622 2626)
4(137 129 2622 2630)
4(139 137 2630 2632)
4(142 138 2631 2635)
4(146 138 2631 2639)
4(148 146 2639 2641)
4(151 147 2640 2644)
4(154 147 2640 2647)
4(152 154 2647 2645)
4(154 144 2637 2647)
4(155 156 2649 2648)
4(156 32 2525 2649)
4(158 156 2649 2651)
4(156 159 2652 2649)
4(159 35 2528 2652)
4(160 159 2652 2653)
4(159 161 2654 2652)
4(161 45 2538 2654)
4(162 161 2654 2655)
4(163 164 2657 2656)
4(56 163 2656 2549)
4(164 57 2550 2657)
4(163 165 2658 2656)
4(166 164 2657 2659)
4(167 168 2661 2660)
4(68 167 2660 2561)
4(168 69 2562 2661)
4(167 169 2662 2660)
4(170 168 2661 2663)
4(171 172 2665 2664)
4(80 171 2664 2573)
4(172 81 2574 2665)
4(171 173 2666 2664)
4(174 172 2665 2667)
4(175 176 2669 2668)
4(92 175 2668 2585)
4(176 93 2586 2669)
4(175 177 2670 2668)
4(178 176 2669 2671)
4(179 180 2673 2672)
4(102 179 2672 2595)
4(180 103 2596 2673)
4(179 181 2674 2672)
4(182 180 2673 2675)
4(183 184 2677 2676)
4(112 183 2676 2605)
4(184 113 2606 2677)
4(183 185 2678 2676)
4(186 184 2677 2679)
4(187 188 2681 2680)
4(122 187 2680 2615)
4(188 123 2616 2681)
4(187 189 2682 2680)
4(190 188 2681 2683)
4(191 192 2685 2684)
4(131 191 2684 2624)
4(192 132 2625 2685)
4(191 193 2686 2684)
4(194 192 2685 2687)
4(195 196 2689 2688)
4(140 195 2688 2633)
4(196 141 2634 2689)
4(195 197 2690 2688)
4(198 196 2689 2691)
4(199 200 2693 2692)
4(149 199 2692 2642)
4(200 150 2643 2693)
4(199 201 2694 2692)
4(202 200 2693 2695)
4(161 163 2656 2654)
4(164 167 2660 2657)
4(168 171 2664 2661)
4(172 175 2668 2665)
4(176 179 2672 2669)
4(180 183 2676 2673)
4(184 187 2680 2677)
4(188 191 2684 2681)
4(192 195 2688 2685)
4(196 199 2692 2689)
4(200 203 2696 2693)
4(203 153 2646 2696)
4(204 203 2696 2697)
4(206 207 2700 2699)
4(207 208 2701 2700)
4(205 206 2699 2698)
4(208 205 2698 2701)
4(209 210 2703 2702)
4(210 207 2700 2703)
4(206 209 2702 2699)
4(211 212 2705 2704)
4(212 210 2703 2705)
4(209 211 2704 2702)
4(213 214 2707 2706)
4(214 212 2705 2707)
4(211 213 2706 2704)
4(216 214 2707 2709)
4(213 215 2708 2706)
4(215 216 2709 2708)
4(208 218 2711 2701)
4(218 219 2712 2711)
4(217 208 2701 2710)
4(219 217 2710 2712)
4(207 220 2713 2700)
4(220 218 2711 2713)
4(210 221 2714 2703)
4(221 220 2713 2714)
4(212 222 2715 2705)
4(222 221 2714 2715)
4(214 223 2716 2707)
4(223 222 2715 2716)
4(216 224 2717 2709)
4(224 223 2716 2717)
4(225 226 2719 2718)
4(226 224 2717 2719)
4(216 225 2718 2709)
4(227 228 2721 2720)
4(228 226 2719 2721)
4(225 227 2720 2718)
4(229 230 2723 2722)
4(230 228 2721 2723)
4(227 229 2722 2720)
4(231 232 2725 2724)
4(232 230 2723 2725)
4(229 231 2724 2722)
4(233 234 2727 2726)
4(234 232 2725 2727)
4(231 233 2726 2724)
4(235 236 2729 2728)
4(236 234 2727 2729)
4(233 235 2728 2726)
4(237 238 2731 2730)
4(238 236 2729 2731)
4(235 237 2730 2728)
4(239 240 2733 2732)
4(240 238 2731 2733)
4(237 239 2732 2730)
4(241 242 2735 2734)
4(242 240 2733 2735)
4(239 241 2734 2732)
4(243 244 2737 2736)
4(244 242 2735 2737)
4(241 243 2736 2734)
4(246 244 2737 2739)
4(245 246 2739 2738)
4(243 245 2738 2736)
4(218 247 2740 2711)
4(248 219 2712 2741)
4(247 248 2741 2740)
4(220 249 2742 2713)
4(249 247 2740 2742)
4(221 250 2743 2714)
4(250 249 2742 2743)
4(222 251 2744 2715)
4(251 250 2743 2744)
4(223 252 2745 2716)
4(252 251 2744 2745)
4(224 253 2746 2717)
4(253 252 2745 2746)
4(226 254 2747 2719)
4(254 253 2746 2747)
4(228 255 2748 2721)
4(255 254 2747 2748)
4(230 256 2749 2723)
4(256 255 2748 2749)
4(232 257 2750 2725)
4(257 256 2749 2750)
4(234 258 2751 2727)
4(258 257 2750 2751)
4(236 259 2752 2729)
4(259 258 2751 2752)
4(238 260 2753 2731)
4(260 259 2752 2753)
4(240 261 2754 2733)
4(261 260 2753 2754)
4(242 262 2755 2735)
4(262 261 2754 2755)
4(244 263 2756 2737)
4(263 262 2755 2756)
4(246 264 2757 2739)
4(264 263 2756 2757)
4(268 265 2758 2761)
4(266 267 2760 2759)
4(267 268 2761 2760)
4(265 266 2759 2758)
4(272 269 2762 2765)
4(270 271 2764 2763)
4(271 272 2765 2764)
4(269 270 2763 2762)
4(275 276 2769 2768)
4(277 273 2766 2770)
4(276 277 2770 2769)
4(273 274 2767 2766)
4(274 275 2768 2767)
4(281 278 2771 2774)
4(278 279 2772 2771)
4(279 280 2773 2772)
4(280 281 2774 2773)
4(282 283 2776 2775)
4(285 282 2775 2778)
4(283 284 2777 2776)
4(284 285 2778 2777)
4(286 287 2780 2779)
4(288 276 2769 2781)
4(287 288 2781 2780)
4(275 286 2779 2768)
4(292 289 2782 2785)
4(289 290 2783 2782)
4(290 291 2784 2783)
4(291 292 2785 2784)
4(293 294 2787 2786)
4(296 293 2786 2789)
4(294 295 2788 2787)
4(295 296 2789 2788)
4(286 297 2790 2779)
4(297 298 2791 2790)
4(299 287 2780 2792)
4(298 299 2792 2791)
4(300 301 2794 2793)
4(301 297 2790 2794)
4(286 300 2793 2779)
4(302 303 2796 2795)
4(303 301 2794 2796)
4(300 302 2795 2793)
4(304 305 2798 2797)
4(305 303 2796 2798)
4(302 304 2797 2795)
4(307 305 2798 2800)
4(304 306 2799 2797)
4(306 307 2800 2799)
4(311 308 2801 2804)
4(308 309 2802 2801)
4(309 310 2803 2802)
4(310 311 2804 2803)
4(312 313 2806 2805)
4(315 312 2805 2808)
4(313 314 2807 2806)
4(314 315 2808 2807)
4(297 316 2809 2790)
4(316 317 2810 2809)
4(318 298 2791 2811)
4(317 318 2811 2810)
4(301 319 2812 2794)
4(319 316 2809 2812)
4(303 320 2813 2796)
4(320 319 2812 2813)
4(305 321 2814 2798)
4(321 320 2813 2814)
4(307 322 2815 2800)
4(322 321 2814 2815)
4(324 322 2815 2817)
4(307 323 2816 2800)
4(323 324 2817 2816)
4(328 325 2818 2821)
4(325 326 2819 2818)
4(326 327 2820 2819)
4(327 328 2821 2820)
4(329 330 2823 2822)
4(332 329 2822 2825)
4(330 331 2824 2823)
4(331 332 2825 2824)
4(316 333 2826 2809)
4(333 334 2827 2826)
4(335 317 2810 2828)
4(334 335 2828 2827)
4(319 336 2829 2812)
4(336 333 2826 2829)
4(320 337 2830 2813)
4(337 336 2829 2830)
4(321 338 2831 2814)
4(338 337 2830 2831)
4(322 339 2832 2815)
4(339 338 2831 2832)
4(340 339 2832 2833)
4(324 340 2833 2817)
4(344 341 2834 2837)
4(341 342 2835 2834)
4(342 343 2836 2835)
4(343 344 2837 2836)
4(345 346 2839 2838)
4(348 345 2838 2841)
4(346 347 2840 2839)
4(347 348 2841 2840)
4(333 349 2842 2826)
4(349 350 2843 2842)
4(351 334 2827 2844)
4(350 351 2844 2843)
4(336 205 2698 2829)
4(205 349 2842 2698)
4(337 206 2699 2830)
4(338 209 2702 2831)
4(339 211 2704 2832)
4(340 213 2706 2833)
4(355 352 2845 2848)
4(352 353 2846 2845)
4(353 354 2847 2846)
4(354 355 2848 2847)
4(356 357 2850 2849)
4(359 356 2849 2852)
4(357 358 2851 2850)
4(358 359 2852 2851)
4(349 217 2710 2842)
4(361 350 2843 2854)
4(360 361 2854 2853)
4(217 360 2853 2710)
4(268 362 2855 2761)
4(362 363 2856 2855)
4(363 265 2758 2856)
4(278 364 2857 2771)
4(268 278 2771 2761)
4(364 362 2855 2857)
4(281 365 2858 2774)
4(365 364 2857 2858)
4(289 366 2859 2782)
4(281 289 2782 2774)
4(366 365 2858 2859)
4(292 367 2860 2785)
4(367 366 2859 2860)
4(308 368 2861 2801)
4(292 308 2801 2785)
4(368 367 2860 2861)
4(311 369 2862 2804)
4(369 368 2861 2862)
4(325 370 2863 2818)
4(311 325 2818 2804)
4(370 369 2862 2863)
4(328 371 2864 2821)
4(371 370 2863 2864)
4(341 372 2865 2834)
4(328 341 2834 2821)
4(372 371 2864 2865)
4(344 373 2866 2837)
4(373 372 2865 2866)
4(352 374 2867 2845)
4(344 352 2845 2837)
4(374 373 2866 2867)
4(355 375 2868 2848)
4(375 374 2867 2868)
4(355 376 2869 2848)
4(377 375 2868 2870)
4(376 377 2870 2869)
4(272 267 2760 2765)
4(266 269 2762 2759)
4(279 267 2760 2772)
4(272 282 2775 2765)
4(282 279 2772 2775)
4(277 271 2764 2770)
4(270 273 2766 2763)
4(283 271 2764 2776)
4(276 283 2776 2769)
4(285 280 2773 2778)
4(290 280 2773 2783)
4(285 293 2786 2778)
4(293 290 2783 2786)
4(288 284 2777 2781)
4(294 284 2777 2787)
4(287 294 2787 2780)
4(296 291 2784 2789)
4(309 291 2784 2802)
4(296 312 2805 2789)
4(312 309 2802 2805)
4(299 295 2788 2792)
4(313 295 2788 2806)
4(298 313 2806 2791)
4(315 310 2803 2808)
4(326 310 2803 2819)
4(315 329 2822 2808)
4(329 326 2819 2822)
4(318 314 2807 2811)
4(330 314 2807 2823)
4(317 330 2823 2810)
4(332 327 2820 2825)
4(342 327 2820 2835)
4(332 345 2838 2825)
4(345 342 2835 2838)
4(335 331 2824 2828)
4(346 331 2824 2839)
4(334 346 2839 2827)
4(348 343 2836 2841)
4(353 343 2836 2846)
4(348 356 2849 2841)
4(356 353 2846 2849)
4(351 347 2840 2844)
4(357 347 2840 2850)
4(350 357 2850 2843)
4(359 354 2847 2852)
4(379 354 2847 2872)
4(359 378 2871 2852)
4(378 379 2872 2871)
4(379 376 2869 2872)
4(361 358 2851 2854)
4(380 358 2851 2873)
4(360 380 2873 2853)
4(380 378 2871 2873)
4(381 382 2875 2874)
4(362 381 2874 2855)
4(382 363 2856 2875)
4(381 383 2876 2874)
4(384 382 2875 2877)
4(385 386 2879 2878)
4(386 364 2857 2879)
4(365 385 2878 2858)
4(388 386 2879 2881)
4(385 387 2880 2878)
4(389 390 2883 2882)
4(390 366 2859 2883)
4(367 389 2882 2860)
4(392 390 2883 2885)
4(389 391 2884 2882)
4(393 394 2887 2886)
4(394 368 2861 2887)
4(369 393 2886 2862)
4(396 394 2887 2889)
4(393 395 2888 2886)
4(397 398 2891 2890)
4(398 370 2863 2891)
4(371 397 2890 2864)
4(400 398 2891 2893)
4(397 399 2892 2890)
4(401 402 2895 2894)
4(402 372 2865 2895)
4(373 401 2894 2866)
4(404 402 2895 2897)
4(401 403 2896 2894)
4(405 406 2899 2898)
4(406 374 2867 2899)
4(375 405 2898 2868)
4(408 406 2899 2901)
4(405 407 2900 2898)
4(386 381 2874 2879)
4(390 385 2878 2883)
4(394 389 2882 2887)
4(398 393 2886 2891)
4(402 397 2890 2895)
4(406 401 2894 2899)
4(409 405 2898 2902)
4(377 409 2902 2870)
4(409 410 2903 2902)
4(412 376 2869 2905)
4(379 411 2904 2872)
4(411 412 2905 2904)
4(414 378 2871 2907)
4(380 413 2906 2873)
4(413 414 2907 2906)
4(219 415 2908 2712)
4(416 360 2853 2909)
4(415 416 2909 2908)
4(417 418 2911 2910)
4(418 246 2739 2911)
4(245 417 2910 2738)
4(419 420 2913 2912)
4(421 418 2911 2914)
4(420 421 2914 2913)
4(417 419 2912 2910)
4(422 423 2916 2915)
4(423 420 2913 2916)
4(419 422 2915 2912)
4(426 427 2920 2919)
4(427 424 2917 2920)
4(425 426 2919 2918)
4(424 425 2918 2917)
4(431 428 2921 2924)
4(428 429 2922 2921)
4(429 430 2923 2922)
4(430 431 2924 2923)
4(432 433 2926 2925)
4(435 432 2925 2928)
4(433 434 2927 2926)
4(434 435 2928 2927)
4(248 436 2929 2741)
4(437 415 2908 2930)
4(436 437 2930 2929)
4(418 438 2931 2911)
4(438 264 2757 2931)
4(421 439 2932 2914)
4(440 438 2931 2933)
4(439 440 2933 2932)
4(421 441 2934 2914)
4(441 442 2935 2934)
4(442 439 2932 2935)
4(443 444 2937 2936)
4(445 446 2939 2938)
4(446 443 2936 2939)
4(444 445 2938 2937)
4(450 447 2940 2943)
4(447 448 2941 2940)
4(448 449 2942 2941)
4(449 450 2943 2942)
4(451 452 2945 2944)
4(454 451 2944 2947)
4(452 453 2946 2945)
4(453 454 2947 2946)
4(248 455 2948 2741)
4(455 456 2949 2948)
4(457 436 2929 2950)
4(456 457 2950 2949)
4(247 458 2951 2740)
4(458 455 2948 2951)
4(249 459 2952 2742)
4(459 458 2951 2952)
4(250 460 2953 2743)
4(460 459 2952 2953)
4(251 461 2954 2744)
4(461 460 2953 2954)
4(252 462 2955 2745)
4(462 461 2954 2955)
4(253 463 2956 2746)
4(463 462 2955 2956)
4(254 464 2957 2747)
4(464 463 2956 2957)
4(255 465 2958 2748)
4(465 464 2957 2958)
4(256 466 2959 2749)
4(466 465 2958 2959)
4(257 467 2960 2750)
4(467 466 2959 2960)
4(258 468 2961 2751)
4(468 467 2960 2961)
4(259 469 2962 2752)
4(469 468 2961 2962)
4(260 470 2963 2753)
4(470 469 2962 2963)
4(261 471 2964 2754)
4(471 470 2963 2964)
4(262 472 2965 2755)
4(472 471 2964 2965)
4(263 473 2966 2756)
4(473 472 2965 2966)
4(264 474 2967 2757)
4(474 473 2966 2967)
4(438 475 2968 2931)
4(475 474 2967 2968)
4(440 476 2969 2933)
4(477 475 2968 2970)
4(476 477 2970 2969)
4(440 478 2971 2933)
4(478 479 2972 2971)
4(479 476 2969 2972)
4(480 481 2974 2973)
4(482 483 2976 2975)
4(483 480 2973 2976)
4(481 482 2975 2974)
4(487 484 2977 2980)
4(484 485 2978 2977)
4(485 486 2979 2978)
4(486 487 2980 2979)
4(488 489 2982 2981)
4(491 488 2981 2984)
4(489 490 2983 2982)
4(490 491 2984 2983)
4(455 492 2985 2948)
4(492 493 2986 2985)
4(494 456 2949 2987)
4(493 494 2987 2986)
4(458 495 2988 2951)
4(495 492 2985 2988)
4(459 496 2989 2952)
4(496 495 2988 2989)
4(460 497 2990 2953)
4(497 496 2989 2990)
4(461 498 2991 2954)
4(498 497 2990 2991)
4(462 499 2992 2955)
4(499 498 2991 2992)
4(463 500 2993 2956)
4(500 499 2992 2993)
4(464 501 2994 2957)
4(501 500 2993 2994)
4(465 502 2995 2958)
4(502 501 2994 2995)
4(466 503 2996 2959)
4(503 502 2995 2996)
4(467 504 2997 2960)
4(504 503 2996 2997)
4(468 505 2998 2961)
4(505 504 2997 2998)
4(469 506 2999 2962)
4(506 505 2998 2999)
4(470 507 3000 2963)
4(507 506 2999 3000)
4(471 508 3001 2964)
4(508 507 3000 3001)
4(472 509 3002 2965)
4(509 508 3001 3002)
4(473 510 3003 2966)
4(510 509 3002 3003)
4(474 511 3004 2967)
4(511 510 3003 3004)
4(475 512 3005 2968)
4(512 511 3004 3005)
4(477 513 3006 2970)
4(514 512 3005 3007)
4(513 514 3007 3006)
4(477 515 3008 2970)
4(515 516 3009 3008)
4(516 513 3006 3009)
4(517 518 3011 3010)
4(519 520 3013 3012)
4(520 517 3010 3013)
4(518 519 3012 3011)
4(524 521 3014 3017)
4(521 522 3015 3014)
4(522 523 3016 3015)
4(523 524 3017 3016)
4(525 526 3019 3018)
4(528 525 3018 3021)
4(526 527 3020 3019)
4(527 528 3021 3020)
4(492 529 3022 2985)
4(529 530 3023 3022)
4(531 493 2986 3024)
4(530 531 3024 3023)
4(495 532 3025 2988)
4(532 529 3022 3025)
4(496 533 3026 2989)
4(533 532 3025 3026)
4(497 534 3027 2990)
4(534 533 3026 3027)
4(498 535 3028 2991)
4(535 534 3027 3028)
4(499 536 3029 2992)
4(536 535 3028 3029)
4(500 537 3030 2993)
4(537 536 3029 3030)
4(501 538 3031 2994)
4(538 537 3030 3031)
4(502 539 3032 2995)
4(539 538 3031 3032)
4(503 540 3033 2996)
4(540 539 3032 3033)
4(504 541 3034 2997)
4(541 540 3033 3034)
4(505 542 3035 2998)
4(542 541 3034 3035)
4(506 543 3036 2999)
4(543 542 3035 3036)
4(507 544 3037 3000)
4(544 543 3036 3037)
4(508 545 3038 3001)
4(545 544 3037 3038)
4(509 546 3039 3002)
4(546 545 3038 3039)
4(510 547 3040 3003)
4(547 546 3039 3040)
4(511 548 3041 3004)
4(548 547 3040 3041)
4(512 549 3042 3005)
4(549 548 3041 3042)
4(514 550 3043 3007)
4(551 549 3042 3044)
4(550 551 3044 3043)
4(514 552 3045 3007)
4(552 553 3046 3045)
4(553 550 3043 3046)
4(554 555 3048 3047)
4(556 557 3050 3049)
4(557 554 3047 3050)
4(555 556 3049 3048)
4(561 558 3051 3054)
4(558 559 3052 3051)
4(559 560 3053 3052)
4(560 561 3054 3053)
4(562 563 3056 3055)
4(565 562 3055 3058)
4(563 564 3057 3056)
4(564 565 3058 3057)
4(529 566 3059 3022)
4(566 567 3060 3059)
4(568 530 3023 3061)
4(567 568 3061 3060)
4(532 569 3062 3025)
4(569 566 3059 3062)
4(533 570 3063 3026)
4(570 569 3062 3063)
4(534 571 3064 3027)
4(571 570 3063 3064)
4(535 572 3065 3028)
4(572 571 3064 3065)
4(536 573 3066 3029)
4(573 572 3065 3066)
4(537 574 3067 3030)
4(574 573 3066 3067)
4(538 575 3068 3031)
4(575 574 3067 3068)
4(539 576 3069 3032)
4(576 575 3068 3069)
4(540 577 3070 3033)
4(577 576 3069 3070)
4(541 578 3071 3034)
4(578 577 3070 3071)
4(542 579 3072 3035)
4(579 578 3071 3072)
4(543 580 3073 3036)
4(580 579 3072 3073)
4(544 581 3074 3037)
4(581 580 3073 3074)
4(545 582 3075 3038)
4(582 581 3074 3075)
4(546 583 3076 3039)
4(583 582 3075 3076)
4(547 584 3077 3040)
4(584 583 3076 3077)
4(548 585 3078 3041)
4(585 584 3077 3078)
4(549 586 3079 3042)
4(586 585 3078 3079)
4(551 587 3080 3044)
4(588 586 3079 3081)
4(587 588 3081 3080)
4(551 589 3082 3044)
4(589 590 3083 3082)
4(590 587 3080 3083)
4(591 592 3085 3084)
4(593 594 3087 3086)
4(594 591 3084 3087)
4(592 593 3086 3085)
4(598 595 3088 3091)
4(595 596 3089 3088)
4(596 597 3090 3089)
4(597 598 3091 3090)
4(599 600 3093 3092)
4(602 599 3092 3095)
4(600 601 3094 3093)
4(601 602 3095 3094)
4(566 603 3096 3059)
4(603 604 3097 3096)
4(605 567 3060 3098)
4(604 605 3098 3097)
4(569 606 3099 3062)
4(606 603 3096 3099)
4(570 607 3100 3063)
4(607 606 3099 3100)
4(571 608 3101 3064)
4(608 607 3100 3101)
4(572 609 3102 3065)
4(609 608 3101 3102)
4(573 610 3103 3066)
4(610 609 3102 3103)
4(574 611 3104 3067)
4(611 610 3103 3104)
4(575 612 3105 3068)
4(612 611 3104 3105)
4(576 613 3106 3069)
4(613 612 3105 3106)
4(577 614 3107 3070)
4(614 613 3106 3107)
4(578 615 3108 3071)
4(615 614 3107 3108)
4(579 616 3109 3072)
4(616 615 3108 3109)
4(580 617 3110 3073)
4(617 616 3109 3110)
4(581 618 3111 3074)
4(618 617 3110 3111)
4(582 619 3112 3075)
4(619 618 3111 3112)
4(583 620 3113 3076)
4(620 619 3112 3113)
4(584 621 3114 3077)
4(621 620 3113 3114)
4(585 622 3115 3078)
4(622 621 3114 3115)
4(586 623 3116 3079)
4(623 622 3115 3116)
4(588 624 3117 3081)
4(625 623 3116 3118)
4(624 625 3118 3117)
4(588 626 3119 3081)
4(626 627 3120 3119)
4(627 624 3117 3120)
4(628 629 3122 3121)
4(630 631 3124 3123)
4(631 628 3121 3124)
4(629 630 3123 3122)
4(635 632 3125 3128)
4(632 633 3126 3125)
4(633 634 3127 3126)
4(634 635 3128 3127)
4(636 637 3130 3129)
4(639 636 3129 3132)
4(637 638 3131 3130)
4(638 639 3132 3131)
4(603 640 3133 3096)
4(640 641 3134 3133)
4(642 604 3097 3135)
4(641 642 3135 3134)
4(606 643 3136 3099)
4(643 640 3133 3136)
4(607 644 3137 3100)
4(644 643 3136 3137)
4(608 645 3138 3101)
4(645 644 3137 3138)
4(609 646 3139 3102)
4(646 645 3138 3139)
4(610 647 3140 3103)
4(647 646 3139 3140)
4(611 648 3141 3104)
4(648 647 3140 3141)
4(612 649 3142 3105)
4(649 648 3141 3142)
4(613 650 3143 3106)
4(650 649 3142 3143)
4(614 651 3144 3107)
4(651 650 3143 3144)
4(615 652 3145 3108)
4(652 651 3144 3145)
4(616 653 3146 3109)
4(653 652 3145 3146)
4(617 654 3147 3110)
4(654 653 3146 3147)
4(618 655 3148 3111)
4(655 654 3147 3148)
4(619 656 3149 3112)
4(656 655 3148 3149)
4(620 657 3150 3113)
4(657 656 3149 3150)
4(621 658 3151 3114)
4(658 657 3150 3151)
4(622 659 3152 3115)
4(659 658 3151 3152)
4(623 660 3153 3116)
4(660 659 3152 3153)
4(625 661 3154 3118)
4(662 660 3153 3155)
4(661 662 3155 3154)
4(625 663 3156 3118)
4(663 664 3157 3156)
4(664 661 3154 3157)
4(665 666 3159 3158)
4(667 668 3161 3160)
4(668 665 3158 3161)
4(666 667 3160 3159)
4(672 669 3162 3165)
4(669 670 3163 3162)
4(670 671 3164 3163)
4(671 672 3165 3164)
4(673 674 3167 3166)
4(676 673 3166 3169)
4(674 675 3168 3167)
4(675 676 3169 3168)
4(640 677 3170 3133)
4(677 678 3171 3170)
4(679 641 3134 3172)
4(678 679 3172 3171)
4(643 680 3173 3136)
4(680 677 3170 3173)
4(644 681 3174 3137)
4(681 680 3173 3174)
4(645 682 3175 3138)
4(682 681 3174 3175)
4(646 683 3176 3139)
4(683 682 3175 3176)
4(647 684 3177 3140)
4(684 683 3176 3177)
4(648 685 3178 3141)
4(685 684 3177 3178)
4(649 686 3179 3142)
4(686 685 3178 3179)
4(650 687 3180 3143)
4(687 686 3179 3180)
4(651 688 3181 3144)
4(688 687 3180 3181)
4(652 689 3182 3145)
4(689 688 3181 3182)
4(653 690 3183 3146)
4(690 689 3182 3183)
4(654 691 3184 3147)
4(691 690 3183 3184)
4(655 692 3185 3148)
4(692 691 3184 3185)
4(656 693 3186 3149)
4(693 692 3185 3186)
4(657 694 3187 3150)
4(694 693 3186 3187)
4(658 695 3188 3151)
4(695 694 3187 3188)
4(659 696 3189 3152)
4(696 695 3188 3189)
4(660 697 3190 3153)
4(697 696 3189 3190)
4(662 698 3191 3155)
4(699 697 3190 3192)
4(698 699 3192 3191)
4(662 700 3193 3155)
4(700 701 3194 3193)
4(701 698 3191 3194)
4(702 703 3196 3195)
4(704 705 3198 3197)
4(705 702 3195 3198)
4(703 704 3197 3196)
4(709 706 3199 3202)
4(706 707 3200 3199)
4(707 708 3201 3200)
4(708 709 3202 3201)
4(710 711 3204 3203)
4(713 710 3203 3206)
4(711 712 3205 3204)
4(712 713 3206 3205)
4(677 714 3207 3170)
4(714 715 3208 3207)
4(716 678 3171 3209)
4(715 716 3209 3208)
4(680 717 3210 3173)
4(717 714 3207 3210)
4(681 718 3211 3174)
4(718 717 3210 3211)
4(682 719 3212 3175)
4(719 718 3211 3212)
4(683 720 3213 3176)
4(720 719 3212 3213)
4(684 721 3214 3177)
4(721 720 3213 3214)
4(685 722 3215 3178)
4(722 721 3214 3215)
4(686 723 3216 3179)
4(723 722 3215 3216)
4(687 724 3217 3180)
4(724 723 3216 3217)
4(688 725 3218 3181)
4(725 724 3217 3218)
4(689 726 3219 3182)
4(726 725 3218 3219)
4(690 727 3220 3183)
4(727 726 3219 3220)
4(691 728 3221 3184)
4(728 727 3220 3221)
4(692 729 3222 3185)
4(729 728 3221 3222)
4(693 730 3223 3186)
4(730 729 3222 3223)
4(694 731 3224 3187)
4(731 730 3223 3224)
4(695 732 3225 3188)
4(732 731 3224 3225)
4(696 733 3226 3189)
4(733 732 3225 3226)
4(697 734 3227 3190)
4(734 733 3226 3227)
4(699 735 3228 3192)
4(736 734 3227 3229)
4(735 736 3229 3228)
4(699 737 3230 3192)
4(737 738 3231 3230)
4(738 735 3228 3231)
4(739 740 3233 3232)
4(741 742 3235 3234)
4(742 739 3232 3235)
4(740 741 3234 3233)
4(746 743 3236 3239)
4(743 744 3237 3236)
4(744 745 3238 3237)
4(745 746 3239 3238)
4(747 748 3241 3240)
4(750 747 3240 3243)
4(748 749 3242 3241)
4(749 750 3243 3242)
4(714 751 3244 3207)
4(751 752 3245 3244)
4(753 715 3208 3246)
4(752 753 3246 3245)
4(717 754 3247 3210)
4(754 751 3244 3247)
4(718 755 3248 3211)
4(755 754 3247 3248)
4(719 756 3249 3212)
4(756 755 3248 3249)
4(720 757 3250 3213)
4(757 756 3249 3250)
4(721 758 3251 3214)
4(758 757 3250 3251)
4(722 759 3252 3215)
4(759 758 3251 3252)
4(723 760 3253 3216)
4(760 759 3252 3253)
4(724 761 3254 3217)
4(761 760 3253 3254)
4(725 762 3255 3218)
4(762 761 3254 3255)
4(726 763 3256 3219)
4(763 762 3255 3256)
4(727 764 3257 3220)
4(764 763 3256 3257)
4(728 765 3258 3221)
4(765 764 3257 3258)
4(729 766 3259 3222)
4(766 765 3258 3259)
4(730 767 3260 3223)
4(767 766 3259 3260)
4(731 768 3261 3224)
4(768 767 3260 3261)
4(732 769 3262 3225)
4(769 768 3261 3262)
4(733 770 3263 3226)
4(770 769 3262 3263)
4(734 771 3264 3227)
4(771 770 3263 3264)
4(736 772 3265 3229)
4(773 771 3264 3266)
4(772 773 3266 3265)
4(736 774 3267 3229)
4(774 775 3268 3267)
4(775 772 3265 3268)
4(776 777 3270 3269)
4(778 779 3272 3271)
4(779 776 3269 3272)
4(777 778 3271 3270)
4(783 780 3273 3276)
4(780 781 3274 3273)
4(781 782 3275 3274)
4(782 783 3276 3275)
4(784 785 3278 3277)
4(787 784 3277 3280)
4(785 786 3279 3278)
4(786 787 3280 3279)
4(751 788 3281 3244)
4(788 789 3282 3281)
4(790 752 3245 3283)
4(789 790 3283 3282)
4(754 791 3284 3247)
4(791 788 3281 3284)
4(755 792 3285 3248)
4(792 791 3284 3285)
4(756 793 3286 3249)
4(793 792 3285 3286)
4(757 794 3287 3250)
4(794 793 3286 3287)
4(758 795 3288 3251)
4(795 794 3287 3288)
4(759 796 3289 3252)
4(796 795 3288 3289)
4(760 797 3290 3253)
4(797 796 3289 3290)
4(761 798 3291 3254)
4(798 797 3290 3291)
4(762 799 3292 3255)
4(799 798 3291 3292)
4(763 800 3293 3256)
4(800 799 3292 3293)
4(764 801 3294 3257)
4(801 800 3293 3294)
4(765 802 3295 3258)
4(802 801 3294 3295)
4(766 803 3296 3259)
4(803 802 3295 3296)
4(767 804 3297 3260)
4(804 803 3296 3297)
4(768 805 3298 3261)
4(805 804 3297 3298)
4(769 806 3299 3262)
4(806 805 3298 3299)
4(770 807 3300 3263)
4(807 806 3299 3300)
4(771 808 3301 3264)
4(808 807 3300 3301)
4(773 809 3302 3266)
4(810 808 3301 3303)
4(809 810 3303 3302)
4(773 811 3304 3266)
4(811 812 3305 3304)
4(812 809 3302 3305)
4(813 814 3307 3306)
4(815 816 3309 3308)
4(816 813 3306 3309)
4(814 815 3308 3307)
4(820 817 3310 3313)
4(817 818 3311 3310)
4(818 819 3312 3311)
4(819 820 3313 3312)
4(821 822 3315 3314)
4(824 821 3314 3317)
4(822 823 3316 3315)
4(823 824 3317 3316)
4(788 825 3318 3281)
4(825 826 3319 3318)
4(827 789 3282 3320)
4(826 827 3320 3319)
4(791 828 3321 3284)
4(828 825 3318 3321)
4(792 829 3322 3285)
4(829 828 3321 3322)
4(793 830 3323 3286)
4(830 829 3322 3323)
4(794 831 3324 3287)
4(831 830 3323 3324)
4(795 832 3325 3288)
4(832 831 3324 3325)
4(796 833 3326 3289)
4(833 832 3325 3326)
4(797 834 3327 3290)
4(834 833 3326 3327)
4(798 835 3328 3291)
4(835 834 3327 3328)
4(799 836 3329 3292)
4(836 835 3328 3329)
4(800 837 3330 3293)
4(837 836 3329 3330)
4(801 838 3331 3294)
4(838 837 3330 3331)
4(802 839 3332 3295)
4(839 838 3331 3332)
4(803 840 3333 3296)
4(840 839 3332 3333)
4(804 841 3334 3297)
4(841 840 3333 3334)
4(805 842 3335 3298)
4(842 841 3334 3335)
4(806 843 3336 3299)
4(843 842 3335 3336)
4(807 844 3337 3300)
4(844 843 3336 3337)
4(808 845 3338 3301)
4(845 844 3337 3338)
4(810 846 3339 3303)
4(847 845 3338 3340)
4(846 847 3340 3339)
4(810 848 3341 3303)
4(848 849 3342 3341)
4(849 846 3339 3342)
4(850 851 3344 3343)
4(852 853 3346 3345)
4(853 850 3343 3346)
4(851 852 3345 3344)
4(857 854 3347 3350)
4(854 855 3348 3347)
4(855 856 3349 3348)
4(856 857 3350 3349)
4(858 859 3352 3351)
4(861 858 3351 3354)
4(859 860 3353 3352)
4(860 861 3354 3353)
4(825 862 3355 3318)
4(862 863 3356 3355)
4(864 826 3319 3357)
4(863 864 3357 3356)
4(828 865 3358 3321)
4(865 862 3355 3358)
4(829 866 3359 3322)
4(866 865 3358 3359)
4(830 867 3360 3323)
4(867 866 3359 3360)
4(831 868 3361 3324)
4(868 867 3360 3361)
4(832 869 3362 3325)
4(869 868 3361 3362)
4(833 870 3363 3326)
4(870 869 3362 3363)
4(834 871 3364 3327)
4(871 870 3363 3364)
4(835 872 3365 3328)
4(872 871 3364 3365)
4(836 873 3366 3329)
4(873 872 3365 3366)
4(837 874 3367 3330)
4(874 873 3366 3367)
4(838 875 3368 3331)
4(875 874 3367 3368)
4(839 876 3369 3332)
4(876 875 3368 3369)
4(840 877 3370 3333)
4(877 876 3369 3370)
4(841 878 3371 3334)
4(878 877 3370 3371)
4(842 879 3372 3335)
4(879 878 3371 3372)
4(843 880 3373 3336)
4(880 879 3372 3373)
4(844 881 3374 3337)
4(881 880 3373 3374)
4(845 882 3375 3338)
4(882 881 3374 3375)
4(847 883 3376 3340)
4(884 882 3375 3377)
4(883 884 3377 3376)
4(847 885 3378 3340)
4(885 886 3379 3378)
4(886 883 3376 3379)
4(887 888 3381 3380)
4(889 890 3383 3382)
4(890 887 3380 3383)
4(888 889 3382 3381)
4(894 891 3384 3387)
4(891 892 3385 3384)
4(892 893 3386 3385)
4(893 894 3387 3386)
4(895 896 3389 3388)
4(898 895 3388 3391)
4(896 897 3390 3389)
4(897 898 3391 3390)
4(862 899 3392 3355)
4(899 900 3393 3392)
4(901 863 3356 3394)
4(900 901 3394 3393)
4(865 902 3395 3358)
4(902 899 3392 3395)
4(866 903 3396 3359)
4(903 902 3395 3396)
4(867 904 3397 3360)
4(904 903 3396 3397)
4(868 905 3398 3361)
4(905 904 3397 3398)
4(869 906 3399 3362)
4(906 905 3398 3399)
4(870 907 3400 3363)
4(907 906 3399 3400)
4(871 908 3401 3364)
4(908 907 3400 3401)
4(872 909 3402 3365)
4(909 908 3401 3402)
4(873 910 3403 3366)
4(910 909 3402 3403)
4(874 911 3404 3367)
4(911 910 3403 3404)
4(875 912 3405 3368)
4(912 911 3404 3405)
4(876 913 3406 3369)
4(913 912 3405 3406)
4(877 914 3407 3370)
4(914 913 3406 3407)
4(878 915 3408 3371)
4(915 914 3407 3408)
4(879 916 3409 3372)
4(916 915 3408 3409)
4(880 917 3410 3373)
4(917 916 3409 3410)
4(881 918 3411 3374)
4(918 917 3410 3411)
4(882 919 3412 3375)
4(919 918 3411 3412)
4(884 920 3413 3377)
4(921 919 3412 3414)
4(920 921 3414 3413)
4(884 922 3415 3377)
4(922 923 3416 3415)
4(923 920 3413 3416)
4(924 925 3418 3417)
4(926 927 3420 3419)
4(927 924 3417 3420)
4(925 926 3419 3418)
4(931 928 3421 3424)
4(928 929 3422 3421)
4(929 930 3423 3422)
4(930 931 3424 3423)
4(932 933 3426 3425)
4(935 932 3425 3428)
4(933 934 3427 3426)
4(934 935 3428 3427)
4(899 936 3429 3392)
4(936 937 3430 3429)
4(938 900 3393 3431)
4(937 938 3431 3430)
4(902 939 3432 3395)
4(939 936 3429 3432)
4(903 940 3433 3396)
4(940 939 3432 3433)
4(904 941 3434 3397)
4(941 940 3433 3434)
4(905 942 3435 3398)
4(942 941 3434 3435)
4(906 943 3436 3399)
4(943 942 3435 3436)
4(907 944 3437 3400)
4(944 943 3436 3437)
4(908 945 3438 3401)
4(945 944 3437 3438)
4(909 946 3439 3402)
4(946 945 3438 3439)
4(910 947 3440 3403)
4(947 946 3439 3440)
4(911 948 3441 3404)
4(948 947 3440 3441)
4(912 949 3442 3405)
4(949 948 3441 3442)
4(913 950 3443 3406)
4(950 949 3442 3443)
4(914 951 3444 3407)
4(951 950 3443 3444)
4(915 952 3445 3408)
4(952 951 3444 3445)
4(916 953 3446 3409)
4(953 952 3445 3446)
4(917 954 3447 3410)
4(954 953 3446 3447)
4(918 955 3448 3411)
4(955 954 3447 3448)
4(919 956 3449 3412)
4(956 955 3448 3449)
4(921 957 3450 3414)
4(958 956 3449 3451)
4(957 958 3451 3450)
4(921 959 3452 3414)
4(959 960 3453 3452)
4(960 957 3450 3453)
4(961 962 3455 3454)
4(963 964 3457 3456)
4(964 961 3454 3457)
4(962 963 3456 3455)
4(968 965 3458 3461)
4(965 966 3459 3458)
4(966 967 3460 3459)
4(967 968 3461 3460)
4(969 970 3463 3462)
4(972 969 3462 3465)
4(970 971 3464 3463)
4(971 972 3465 3464)
4(936 973 3466 3429)
4(973 974 3467 3466)
4(975 937 3430 3468)
4(974 975 3468 3467)
4(939 976 3469 3432)
4(976 973 3466 3469)
4(940 977 3470 3433)
4(977 976 3469 3470)
4(941 978 3471 3434)
4(978 977 3470 3471)
4(942 979 3472 3435)
4(979 978 3471 3472)
4(943 980 3473 3436)
4(980 979 3472 3473)
4(944 981 3474 3437)
4(981 980 3473 3474)
4(945 982 3475 3438)
4(982 981 3474 3475)
4(946 983 3476 3439)
4(983 982 3475 3476)
4(947 984 3477 3440)
4(984 983 3476 3477)
4(948 985 3478 3441)
4(985 984 3477 3478)
4(949 986 3479 3442)
4(986 985 3478 3479)
4(950 987 3480 3443)
4(987 986 3479 3480)
4(951 988 3481 3444)
4(988 987 3480 3481)
4(952 989 3482 3445)
4(989 988 3481 3482)
4(953 990 3483 3446)
4(990 989 3482 3483)
4(954 991 3484 3447)
4(991 990 3483 3484)
4(955 992 3485 3448)
4(992 991 3484 3485)
4(956 993 3486 3449)
4(993 992 3485 3486)
4(958 994 3487 3451)
4(995 993 3486 3488)
4(994 995 3488 3487)
4(958 996 3489 3451)
4(996 997 3490 3489)
4(997 994 3487 3490)
4(998 999 3492 3491)
4(1000 1001 3494 3493)
4(1001 998 3491 3494)
4(999 1000 3493 3492)
4(1005 1002 3495 3498)
4(1002 1003 3496 3495)
4(1003 1004 3497 3496)
4(1004 1005 3498 3497)
4(1006 1007 3500 3499)
4(1009 1006 3499 3502)
4(1007 1008 3501 3500)
4(1008 1009 3502 3501)
4(973 1010 3503 3466)
4(1010 1011 3504 3503)
4(1012 974 3467 3505)
4(1011 1012 3505 3504)
4(976 1013 3506 3469)
4(1013 1010 3503 3506)
4(977 1014 3507 3470)
4(1014 1013 3506 3507)
4(978 1015 3508 3471)
4(1015 1014 3507 3508)
4(979 1016 3509 3472)
4(1016 1015 3508 3509)
4(980 1017 3510 3473)
4(1017 1016 3509 3510)
4(981 1018 3511 3474)
4(1018 1017 3510 3511)
4(982 1019 3512 3475)
4(1019 1018 3511 3512)
4(983 1020 3513 3476)
4(1020 1019 3512 3513)
4(984 1021 3514 3477)
4(1021 1020 3513 3514)
4(985 1022 3515 3478)
4(1022 1021 3514 3515)
4(986 1023 3516 3479)
4(1023 1022 3515 3516)
4(987 1024 3517 3480)
4(1024 1023 3516 3517)
4(988 1025 3518 3481)
4(1025 1024 3517 3518)
4(989 1026 3519 3482)
4(1026 1025 3518 3519)
4(990 1027 3520 3483)
4(1027 1026 3519 3520)
4(991 1028 3521 3484)
4(1028 1027 3520 3521)
4(992 1029 3522 3485)
4(1029 1028 3521 3522)
4(993 1030 3523 3486)
4(1030 1029 3522 3523)
4(995 1031 3524 3488)
4(1032 1030 3523 3525)
4(1031 1032 3525 3524)
4(995 1033 3526 3488)
4(1033 1034 3527 3526)
4(1034 1031 3524 3527)
4(1035 1036 3529 3528)
4(1037 1038 3531 3530)
4(1038 1035 3528 3531)
4(1036 1037 3530 3529)
4(1042 1039 3532 3535)
4(1039 1040 3533 3532)
4(1040 1041 3534 3533)
4(1041 1042 3535 3534)
4(1043 1044 3537 3536)
4(1046 1043 3536 3539)
4(1044 1045 3538 3537)
4(1045 1046 3539 3538)
4(1010 1047 3540 3503)
4(1048 1049 3542 3541)
4(1050 1011 3504 3543)
4(1049 1050 3543 3542)
4(1047 1048 3541 3540)
4(1013 1051 3544 3506)
4(1052 1047 3540 3545)
4(1051 1052 3545 3544)
4(1014 1053 3546 3507)
4(1054 1051 3544 3547)
4(1053 1054 3547 3546)
4(1015 1055 3548 3508)
4(1056 1053 3546 3549)
4(1055 1056 3549 3548)
4(1016 1057 3550 3509)
4(1058 1055 3548 3551)
4(1057 1058 3551 3550)
4(1017 1059 3552 3510)
4(1060 1057 3550 3553)
4(1059 1060 3553 3552)
4(1018 1061 3554 3511)
4(1062 1059 3552 3555)
4(1061 1062 3555 3554)
4(1019 1063 3556 3512)
4(1064 1061 3554 3557)
4(1063 1064 3557 3556)
4(1020 1065 3558 3513)
4(1066 1063 3556 3559)
4(1065 1066 3559 3558)
4(1021 1067 3560 3514)
4(1068 1065 3558 3561)
4(1067 1068 3561 3560)
4(1022 1069 3562 3515)
4(1070 1067 3560 3563)
4(1069 1070 3563 3562)
4(1023 1071 3564 3516)
4(1072 1069 3562 3565)
4(1071 1072 3565 3564)
4(1024 1073 3566 3517)
4(1074 1071 3564 3567)
4(1073 1074 3567 3566)
4(1025 1075 3568 3518)
4(1076 1073 3566 3569)
4(1075 1076 3569 3568)
4(1026 1077 3570 3519)
4(1078 1075 3568 3571)
4(1077 1078 3571 3570)
4(1027 1079 3572 3520)
4(1080 1077 3570 3573)
4(1079 1080 3573 3572)
4(1028 1081 3574 3521)
4(1082 1079 3572 3575)
4(1081 1082 3575 3574)
4(1029 1083 3576 3522)
4(1084 1081 3574 3577)
4(1083 1084 3577 3576)
4(1030 1085 3578 3523)
4(1086 1083 3576 3579)
4(1085 1086 3579 3578)
4(1032 1087 3580 3525)
4(1089 1085 3578 3582)
4(1087 1088 3581 3580)
4(1088 1089 3582 3581)
4(1032 1090 3583 3525)
4(1090 1091 3584 3583)
4(1091 1087 3580 3584)
4(1092 1093 3586 3585)
4(1094 1095 3588 3587)
4(1095 1092 3585 3588)
4(1093 1094 3587 3586)
4(1099 1096 3589 3592)
4(1096 1097 3590 3589)
4(1097 1098 3591 3590)
4(1098 1099 3592 3591)
4(1100 1101 3594 3593)
4(1103 1100 3593 3596)
4(1101 1102 3595 3594)
4(1102 1103 3596 3595)
4(1105 1049 3542 3598)
4(1048 1104 3597 3541)
4(1104 1105 3598 3597)
4(1107 1047 3540 3600)
4(1052 1106 3599 3545)
4(1106 1107 3600 3599)
4(1109 1051 3544 3602)
4(1054 1108 3601 3547)
4(1108 1109 3602 3601)
4(1111 1053 3546 3604)
4(1056 1110 3603 3549)
4(1110 1111 3604 3603)
4(1113 1055 3548 3606)
4(1058 1112 3605 3551)
4(1112 1113 3606 3605)
4(1115 1057 3550 3608)
4(1060 1114 3607 3553)
4(1114 1115 3608 3607)
4(1117 1059 3552 3610)
4(1062 1116 3609 3555)
4(1116 1117 3610 3609)
4(1119 1061 3554 3612)
4(1064 1118 3611 3557)
4(1118 1119 3612 3611)
4(1121 1063 3556 3614)
4(1066 1120 3613 3559)
4(1120 1121 3614 3613)
4(1123 1065 3558 3616)
4(1068 1122 3615 3561)
4(1122 1123 3616 3615)
4(1125 1067 3560 3618)
4(1070 1124 3617 3563)
4(1124 1125 3618 3617)
4(1127 1069 3562 3620)
4(1072 1126 3619 3565)
4(1126 1127 3620 3619)
4(1129 1071 3564 3622)
4(1074 1128 3621 3567)
4(1128 1129 3622 3621)
4(1131 1073 3566 3624)
4(1076 1130 3623 3569)
4(1130 1131 3624 3623)
4(1133 1075 3568 3626)
4(1078 1132 3625 3571)
4(1132 1133 3626 3625)
4(1135 1077 3570 3628)
4(1080 1134 3627 3573)
4(1134 1135 3628 3627)
4(1137 1079 3572 3630)
4(1082 1136 3629 3575)
4(1136 1137 3630 3629)
4(1139 1081 3574 3632)
4(1084 1138 3631 3577)
4(1138 1139 3632 3631)
4(1141 1083 3576 3634)
4(1086 1140 3633 3579)
4(1140 1141 3634 3633)
4(1143 1085 3578 3636)
4(1089 1142 3635 3582)
4(1142 1143 3636 3635)
4(1088 1144 3637 3581)
4(1146 1088 3581 3639)
4(1144 1145 3638 3637)
4(1145 1146 3639 3638)
4(1147 1148 3641 3640)
4(1149 1150 3643 3642)
4(1150 1147 3640 3643)
4(1148 1149 3642 3641)
4(1154 1151 3644 3647)
4(1152 1153 3646 3645)
4(1151 1152 3645 3644)
4(1158 1155 3648 3651)
4(1156 1157 3650 3649)
4(1155 1156 3649 3648)
4(1162 1159 3652 3655)
4(1160 1161 3654 3653)
4(1159 1160 3653 3652)
4(1166 1163 3656 3659)
4(1164 1165 3658 3657)
4(1163 1164 3657 3656)
4(1170 1167 3660 3663)
4(1168 1169 3662 3661)
4(1167 1168 3661 3660)
4(1174 1171 3664 3667)
4(1172 1173 3666 3665)
4(1171 1172 3665 3664)
4(1178 1175 3668 3671)
4(1176 1177 3670 3669)
4(1175 1176 3669 3668)
4(1182 1179 3672 3675)
4(1180 1181 3674 3673)
4(1179 1180 3673 3672)
4(1186 1183 3676 3679)
4(1184 1185 3678 3677)
4(1183 1184 3677 3676)
4(1190 1187 3680 3683)
4(1188 1189 3682 3681)
4(1187 1188 3681 3680)
4(1194 1191 3684 3687)
4(1192 1193 3686 3685)
4(1191 1192 3685 3684)
4(1198 1195 3688 3691)
4(1196 1197 3690 3689)
4(1195 1196 3689 3688)
4(1202 1199 3692 3695)
4(1200 1201 3694 3693)
4(1199 1200 3693 3692)
4(1206 1203 3696 3699)
4(1204 1205 3698 3697)
4(1203 1204 3697 3696)
4(1210 1207 3700 3703)
4(1208 1209 3702 3701)
4(1207 1208 3701 3700)
4(1214 1211 3704 3707)
4(1212 1213 3706 3705)
4(1211 1212 3705 3704)
4(1218 1215 3708 3711)
4(1216 1217 3710 3709)
4(1215 1216 3709 3708)
4(1222 1219 3712 3715)
4(1220 1221 3714 3713)
4(1219 1220 3713 3712)
4(1226 1223 3716 3719)
4(1224 1225 3718 3717)
4(1223 1224 3717 3716)
4(1230 1227 3720 3723)
4(1228 1229 3722 3721)
4(1227 1228 3721 3720)
4(1234 1231 3724 3727)
4(1232 1233 3726 3725)
4(1231 1232 3725 3724)
4(1238 1235 3728 3731)
4(1236 1237 3730 3729)
4(1235 1236 3729 3728)
4(1242 1239 3732 3735)
4(1240 1241 3734 3733)
4(1239 1240 3733 3732)
4(1243 1244 3737 3736)
4(1246 1243 3736 3739)
4(1244 1245 3738 3737)
4(412 1247 3740 2905)
4(1247 377 2870 3740)
4(428 1248 3741 2921)
4(412 428 2921 2905)
4(1248 1247 3740 3741)
4(443 427 2920 2936)
4(426 444 2937 2919)
4(431 1249 3742 2924)
4(1249 1248 3741 3742)
4(447 1250 3743 2940)
4(431 447 2940 2924)
4(1250 1249 3742 3743)
4(480 446 2939 2973)
4(445 481 2974 2938)
4(450 1251 3744 2943)
4(1251 1250 3743 3744)
4(484 1252 3745 2977)
4(450 484 2977 2943)
4(1252 1251 3744 3745)
4(517 483 2976 3010)
4(482 518 3011 2975)
4(487 1253 3746 2980)
4(1253 1252 3745 3746)
4(521 1254 3747 3014)
4(487 521 3014 2980)
4(1254 1253 3746 3747)
4(554 520 3013 3047)
4(519 555 3048 3012)
4(524 1255 3748 3017)
4(1255 1254 3747 3748)
4(558 1256 3749 3051)
4(524 558 3051 3017)
4(1256 1255 3748 3749)
4(591 557 3050 3084)
4(556 592 3085 3049)
4(561 1257 3750 3054)
4(1257 1256 3749 3750)
4(595 1258 3751 3088)
4(561 595 3088 3054)
4(1258 1257 3750 3751)
4(628 594 3087 3121)
4(593 629 3122 3086)
4(598 1259 3752 3091)
4(1259 1258 3751 3752)
4(632 1260 3753 3125)
4(598 632 3125 3091)
4(1260 1259 3752 3753)
4(665 631 3124 3158)
4(630 666 3159 3123)
4(635 1261 3754 3128)
4(1261 1260 3753 3754)
4(669 1262 3755 3162)
4(635 669 3162 3128)
4(1262 1261 3754 3755)
4(702 668 3161 3195)
4(667 703 3196 3160)
4(672 1263 3756 3165)
4(1263 1262 3755 3756)
4(706 1264 3757 3199)
4(672 706 3199 3165)
4(1264 1263 3756 3757)
4(739 705 3198 3232)
4(704 740 3233 3197)
4(709 1265 3758 3202)
4(1265 1264 3757 3758)
4(743 1266 3759 3236)
4(709 743 3236 3202)
4(1266 1265 3758 3759)
4(776 742 3235 3269)
4(741 777 3270 3234)
4(746 1267 3760 3239)
4(1267 1266 3759 3760)
4(780 1268 3761 3273)
4(746 780 3273 3239)
4(1268 1267 3760 3761)
4(813 779 3272 3306)
4(778 814 3307 3271)
4(783 1269 3762 3276)
4(1269 1268 3761 3762)
4(817 1270 3763 3310)
4(783 817 3310 3276)
4(1270 1269 3762 3763)
4(850 816 3309 3343)
4(815 851 3344 3308)
4(820 1271 3764 3313)
4(1271 1270 3763 3764)
4(854 1272 3765 3347)
4(820 854 3347 3313)
4(1272 1271 3764 3765)
4(887 853 3346 3380)
4(852 888 3381 3345)
4(857 1273 3766 3350)
4(1273 1272 3765 3766)
4(891 1274 3767 3384)
4(857 891 3384 3350)
4(1274 1273 3766 3767)
4(924 890 3383 3417)
4(889 925 3418 3382)
4(894 1275 3768 3387)
4(1275 1274 3767 3768)
4(928 1276 3769 3421)
4(894 928 3421 3387)
4(1276 1275 3768 3769)
4(961 927 3420 3454)
4(926 962 3455 3419)
4(931 1277 3770 3424)
4(1277 1276 3769 3770)
4(965 1278 3771 3458)
4(931 965 3458 3424)
4(1278 1277 3770 3771)
4(998 964 3457 3491)
4(963 999 3492 3456)
4(968 1279 3772 3461)
4(1279 1278 3771 3772)
4(1002 1280 3773 3495)
4(968 1002 3495 3461)
4(1280 1279 3772 3773)
4(1035 1001 3494 3528)
4(1000 1036 3529 3493)
4(1005 1281 3774 3498)
4(1281 1280 3773 3774)
4(1039 1282 3775 3532)
4(1005 1039 3532 3498)
4(1282 1281 3774 3775)
4(1092 1038 3531 3585)
4(1037 1093 3586 3530)
4(1042 1283 3776 3535)
4(1283 1282 3775 3776)
4(1096 1284 3777 3589)
4(1042 1096 3589 3535)
4(1284 1283 3776 3777)
4(1147 1095 3588 3640)
4(1094 1148 3641 3587)
4(1099 1285 3778 3592)
4(1285 1284 3777 3778)
4(1151 1286 3779 3644)
4(1099 1151 3644 3592)
4(1286 1285 3778 3779)
4(1243 1150 3643 3736)
4(1149 1244 3737 3642)
4(1287 1286 3779 3780)
4(1152 1155 3648 3645)
4(1156 1159 3652 3649)
4(1160 1163 3656 3653)
4(1164 1167 3660 3657)
4(1168 1171 3664 3661)
4(1172 1175 3668 3665)
4(1176 1179 3672 3669)
4(1180 1183 3676 3673)
4(1184 1187 3680 3677)
4(1188 1191 3684 3681)
4(1192 1195 3688 3685)
4(1196 1199 3692 3689)
4(1200 1203 3696 3693)
4(1204 1207 3700 3697)
4(1208 1211 3704 3701)
4(1212 1215 3708 3705)
4(1216 1219 3712 3709)
4(1220 1223 3716 3713)
4(1224 1227 3720 3717)
4(1228 1231 3724 3721)
4(1232 1235 3728 3725)
4(1236 1239 3732 3729)
4(1240 1243 3736 3733)
4(414 411 2904 2907)
4(429 411 2904 2922)
4(414 432 2925 2907)
4(432 429 2922 2925)
4(416 413 2906 2909)
4(433 413 2906 2926)
4(415 433 2926 2908)
4(427 423 2916 2920)
4(422 424 2917 2915)
4(441 423 2916 2934)
4(443 441 2934 2936)
4(435 430 2923 2928)
4(448 430 2923 2941)
4(435 451 2944 2928)
4(451 448 2941 2944)
4(437 434 2927 2930)
4(452 434 2927 2945)
4(436 452 2945 2929)
4(446 442 2935 2939)
4(478 442 2935 2971)
4(480 478 2971 2973)
4(454 449 2942 2947)
4(485 449 2942 2978)
4(454 488 2981 2947)
4(488 485 2978 2981)
4(457 453 2946 2950)
4(489 453 2946 2982)
4(456 489 2982 2949)
4(483 479 2972 2976)
4(515 479 2972 3008)
4(517 515 3008 3010)
4(491 486 2979 2984)
4(522 486 2979 3015)
4(491 525 3018 2984)
4(525 522 3015 3018)
4(494 490 2983 2987)
4(526 490 2983 3019)
4(493 526 3019 2986)
4(520 516 3009 3013)
4(552 516 3009 3045)
4(554 552 3045 3047)
4(528 523 3016 3021)
4(559 523 3016 3052)
4(528 562 3055 3021)
4(562 559 3052 3055)
4(531 527 3020 3024)
4(563 527 3020 3056)
4(530 563 3056 3023)
4(557 553 3046 3050)
4(589 553 3046 3082)
4(591 589 3082 3084)
4(565 560 3053 3058)
4(596 560 3053 3089)
4(565 599 3092 3058)
4(599 596 3089 3092)
4(568 564 3057 3061)
4(600 564 3057 3093)
4(567 600 3093 3060)
4(594 590 3083 3087)
4(626 590 3083 3119)
4(628 626 3119 3121)
4(602 597 3090 3095)
4(633 597 3090 3126)
4(602 636 3129 3095)
4(636 633 3126 3129)
4(605 601 3094 3098)
4(637 601 3094 3130)
4(604 637 3130 3097)
4(631 627 3120 3124)
4(663 627 3120 3156)
4(665 663 3156 3158)
4(639 634 3127 3132)
4(670 634 3127 3163)
4(639 673 3166 3132)
4(673 670 3163 3166)
4(642 638 3131 3135)
4(674 638 3131 3167)
4(641 674 3167 3134)
4(668 664 3157 3161)
4(700 664 3157 3193)
4(702 700 3193 3195)
4(676 671 3164 3169)
4(707 671 3164 3200)
4(676 710 3203 3169)
4(710 707 3200 3203)
4(679 675 3168 3172)
4(711 675 3168 3204)
4(678 711 3204 3171)
4(705 701 3194 3198)
4(737 701 3194 3230)
4(739 737 3230 3232)
4(713 708 3201 3206)
4(744 708 3201 3237)
4(713 747 3240 3206)
4(747 744 3237 3240)
4(716 712 3205 3209)
4(748 712 3205 3241)
4(715 748 3241 3208)
4(742 738 3231 3235)
4(774 738 3231 3267)
4(776 774 3267 3269)
4(750 745 3238 3243)
4(781 745 3238 3274)
4(750 784 3277 3243)
4(784 781 3274 3277)
4(753 749 3242 3246)
4(785 749 3242 3278)
4(752 785 3278 3245)
4(779 775 3268 3272)
4(811 775 3268 3304)
4(813 811 3304 3306)
4(787 782 3275 3280)
4(818 782 3275 3311)
4(787 821 3314 3280)
4(821 818 3311 3314)
4(790 786 3279 3283)
4(822 786 3279 3315)
4(789 822 3315 3282)
4(816 812 3305 3309)
4(848 812 3305 3341)
4(850 848 3341 3343)
4(824 819 3312 3317)
4(855 819 3312 3348)
4(824 858 3351 3317)
4(858 855 3348 3351)
4(827 823 3316 3320)
4(859 823 3316 3352)
4(826 859 3352 3319)
4(853 849 3342 3346)
4(885 849 3342 3378)
4(887 885 3378 3380)
4(861 856 3349 3354)
4(892 856 3349 3385)
4(861 895 3388 3354)
4(895 892 3385 3388)
4(864 860 3353 3357)
4(896 860 3353 3389)
4(863 896 3389 3356)
4(890 886 3379 3383)
4(922 886 3379 3415)
4(924 922 3415 3417)
4(898 893 3386 3391)
4(929 893 3386 3422)
4(898 932 3425 3391)
4(932 929 3422 3425)
4(901 897 3390 3394)
4(933 897 3390 3426)
4(900 933 3426 3393)
4(927 923 3416 3420)
4(959 923 3416 3452)
4(961 959 3452 3454)
4(935 930 3423 3428)
4(966 930 3423 3459)
4(935 969 3462 3428)
4(969 966 3459 3462)
4(938 934 3427 3431)
4(970 934 3427 3463)
4(937 970 3463 3430)
4(964 960 3453 3457)
4(996 960 3453 3489)
4(998 996 3489 3491)
4(972 967 3460 3465)
4(1003 967 3460 3496)
4(972 1006 3499 3465)
4(1006 1003 3496 3499)
4(975 971 3464 3468)
4(1007 971 3464 3500)
4(974 1007 3500 3467)
4(1001 997 3490 3494)
4(1033 997 3490 3526)
4(1035 1033 3526 3528)
4(1009 1004 3497 3502)
4(1040 1004 3497 3533)
4(1009 1043 3536 3502)
4(1043 1040 3533 3536)
4(1012 1008 3501 3505)
4(1044 1008 3501 3537)
4(1011 1044 3537 3504)
4(1038 1034 3527 3531)
4(1090 1034 3527 3583)
4(1092 1090 3583 3585)
4(1046 1041 3534 3539)
4(1097 1041 3534 3590)
4(1046 1100 3593 3539)
4(1100 1097 3590 3593)
4(1050 1045 3538 3543)
4(1101 1045 3538 3594)
4(1049 1101 3594 3542)
4(1095 1091 3584 3588)
4(1144 1091 3584 3637)
4(1147 1144 3637 3640)
4(1103 1098 3591 3596)
4(1152 1098 3591 3645)
4(1103 1155 3648 3596)
4(1105 1102 3595 3598)
4(1156 1102 3595 3649)
4(1105 1159 3652 3598)
4(1107 1104 3597 3600)
4(1160 1104 3597 3653)
4(1107 1163 3656 3600)
4(1109 1106 3599 3602)
4(1164 1106 3599 3657)
4(1109 1167 3660 3602)
4(1111 1108 3601 3604)
4(1168 1108 3601 3661)
4(1111 1171 3664 3604)
4(1113 1110 3603 3606)
4(1172 1110 3603 3665)
4(1113 1175 3668 3606)
4(1115 1112 3605 3608)
4(1176 1112 3605 3669)
4(1115 1179 3672 3608)
4(1117 1114 3607 3610)
4(1180 1114 3607 3673)
4(1117 1183 3676 3610)
4(1119 1116 3609 3612)
4(1184 1116 3609 3677)
4(1119 1187 3680 3612)
4(1121 1118 3611 3614)
4(1188 1118 3611 3681)
4(1121 1191 3684 3614)
4(1123 1120 3613 3616)
4(1192 1120 3613 3685)
4(1123 1195 3688 3616)
4(1125 1122 3615 3618)
4(1196 1122 3615 3689)
4(1125 1199 3692 3618)
4(1127 1124 3617 3620)
4(1200 1124 3617 3693)
4(1127 1203 3696 3620)
4(1129 1126 3619 3622)
4(1204 1126 3619 3697)
4(1129 1207 3700 3622)
4(1131 1128 3621 3624)
4(1208 1128 3621 3701)
4(1131 1211 3704 3624)
4(1133 1130 3623 3626)
4(1212 1130 3623 3705)
4(1133 1215 3708 3626)
4(1135 1132 3625 3628)
4(1216 1132 3625 3709)
4(1135 1219 3712 3628)
4(1137 1134 3627 3630)
4(1220 1134 3627 3713)
4(1137 1223 3716 3630)
4(1139 1136 3629 3632)
4(1224 1136 3629 3717)
4(1139 1227 3720 3632)
4(1141 1138 3631 3634)
4(1228 1138 3631 3721)
4(1141 1231 3724 3634)
4(1143 1140 3633 3636)
4(1232 1140 3633 3725)
4(1143 1235 3728 3636)
4(1146 1142 3635 3639)
4(1236 1142 3635 3729)
4(1146 1239 3732 3639)
4(1150 1145 3638 3643)
4(1240 1145 3638 3733)
4(1288 1289 3782 3781)
4(1289 426 2919 3782)
4(425 1288 3781 2918)
4(1291 1289 3782 3784)
4(1288 1290 3783 3781)
4(1292 1293 3786 3785)
4(444 1292 3785 2937)
4(1293 445 2938 3786)
4(1292 1294 3787 3785)
4(1295 1293 3786 3788)
4(1296 1297 3790 3789)
4(481 1296 3789 2974)
4(1297 482 2975 3790)
4(1296 1298 3791 3789)
4(1299 1297 3790 3792)
4(1300 1301 3794 3793)
4(518 1300 3793 3011)
4(1301 519 3012 3794)
4(1300 1302 3795 3793)
4(1303 1301 3794 3796)
4(1304 1305 3798 3797)
4(555 1304 3797 3048)
4(1305 556 3049 3798)
4(1304 1306 3799 3797)
4(1307 1305 3798 3800)
4(1308 1309 3802 3801)
4(592 1308 3801 3085)
4(1309 593 3086 3802)
4(1308 1310 3803 3801)
4(1311 1309 3802 3804)
4(1312 1313 3806 3805)
4(629 1312 3805 3122)
4(1313 630 3123 3806)
4(1312 1314 3807 3805)
4(1315 1313 3806 3808)
4(1316 1317 3810 3809)
4(666 1316 3809 3159)
4(1317 667 3160 3810)
4(1316 1318 3811 3809)
4(1319 1317 3810 3812)
4(1320 1321 3814 3813)
4(703 1320 3813 3196)
4(1321 704 3197 3814)
4(1320 1322 3815 3813)
4(1323 1321 3814 3816)
4(1324 1325 3818 3817)
4(740 1324 3817 3233)
4(1325 741 3234 3818)
4(1324 1326 3819 3817)
4(1327 1325 3818 3820)
4(1328 1329 3822 3821)
4(777 1328 3821 3270)
4(1329 778 3271 3822)
4(1328 1330 3823 3821)
4(1331 1329 3822 3824)
4(1332 1333 3826 3825)
4(814 1332 3825 3307)
4(1333 815 3308 3826)
4(1332 1334 3827 3825)
4(1335 1333 3826 3828)
4(1336 1337 3830 3829)
4(851 1336 3829 3344)
4(1337 852 3345 3830)
4(1336 1338 3831 3829)
4(1339 1337 3830 3832)
4(1340 1341 3834 3833)
4(888 1340 3833 3381)
4(1341 889 3382 3834)
4(1340 1342 3835 3833)
4(1343 1341 3834 3836)
4(1344 1345 3838 3837)
4(925 1344 3837 3418)
4(1345 926 3419 3838)
4(1344 1346 3839 3837)
4(1347 1345 3838 3840)
4(1348 1349 3842 3841)
4(962 1348 3841 3455)
4(1349 963 3456 3842)
4(1348 1350 3843 3841)
4(1351 1349 3842 3844)
4(1352 1353 3846 3845)
4(999 1352 3845 3492)
4(1353 1000 3493 3846)
4(1352 1354 3847 3845)
4(1355 1353 3846 3848)
4(1356 1357 3850 3849)
4(1036 1356 3849 3529)
4(1357 1037 3530 3850)
4(1356 1358 3851 3849)
4(1359 1357 3850 3852)
4(1360 1361 3854 3853)
4(1093 1360 3853 3586)
4(1361 1094 3587 3854)
4(1360 1362 3855 3853)
4(1363 1361 3854 3856)
4(1364 1365 3858 3857)
4(1148 1364 3857 3641)
4(1365 1149 3642 3858)
4(1364 1366 3859 3857)
4(1367 1365 3858 3860)
4(1368 1369 3862 3861)
4(1244 1368 3861 3737)
4(1368 1370 3863 3861)
4(1289 1292 3785 3782)
4(1293 1296 3789 3786)
4(1297 1300 3793 3790)
4(1301 1304 3797 3794)
4(1305 1308 3801 3798)
4(1309 1312 3805 3802)
4(1313 1316 3809 3806)
4(1317 1320 3813 3810)
4(1321 1324 3817 3814)
4(1325 1328 3821 3818)
4(1329 1332 3825 3822)
4(1333 1336 3829 3826)
4(1337 1340 3833 3830)
4(1341 1344 3837 3834)
4(1345 1348 3841 3838)
4(1349 1352 3845 3842)
4(1353 1356 3849 3846)
4(1357 1360 3853 3850)
4(1361 1364 3857 3854)
4(1365 1368 3861 3858)
4(1372 409 2902 3865)
4(1247 1372 3865 3740)
4(1372 1373 3866 3865)
4(1374 1375 3868 3867)
4(1375 1248 3741 3868)
4(1249 1374 3867 3742)
4(1377 1375 3868 3870)
4(1374 1376 3869 3867)
4(1378 1379 3872 3871)
4(1379 1250 3743 3872)
4(1251 1378 3871 3744)
4(1381 1379 3872 3874)
4(1378 1380 3873 3871)
4(1382 1383 3876 3875)
4(1383 1252 3745 3876)
4(1253 1382 3875 3746)
4(1385 1383 3876 3878)
4(1382 1384 3877 3875)
4(1386 1387 3880 3879)
4(1387 1254 3747 3880)
4(1255 1386 3879 3748)
4(1389 1387 3880 3882)
4(1386 1388 3881 3879)
4(1390 1391 3884 3883)
4(1391 1256 3749 3884)
4(1257 1390 3883 3750)
4(1393 1391 3884 3886)
4(1390 1392 3885 3883)
4(1394 1395 3888 3887)
4(1395 1258 3751 3888)
4(1259 1394 3887 3752)
4(1397 1395 3888 3890)
4(1394 1396 3889 3887)
4(1398 1399 3892 3891)
4(1399 1260 3753 3892)
4(1261 1398 3891 3754)
4(1401 1399 3892 3894)
4(1398 1400 3893 3891)
4(1402 1403 3896 3895)
4(1403 1262 3755 3896)
4(1263 1402 3895 3756)
4(1405 1403 3896 3898)
4(1402 1404 3897 3895)
4(1406 1407 3900 3899)
4(1407 1264 3757 3900)
4(1265 1406 3899 3758)
4(1409 1407 3900 3902)
4(1406 1408 3901 3899)
4(1410 1411 3904 3903)
4(1411 1266 3759 3904)
4(1267 1410 3903 3760)
4(1413 1411 3904 3906)
4(1410 1412 3905 3903)
4(1414 1415 3908 3907)
4(1415 1268 3761 3908)
4(1269 1414 3907 3762)
4(1417 1415 3908 3910)
4(1414 1416 3909 3907)
4(1418 1419 3912 3911)
4(1419 1270 3763 3912)
4(1271 1418 3911 3764)
4(1421 1419 3912 3914)
4(1418 1420 3913 3911)
4(1422 1423 3916 3915)
4(1423 1272 3765 3916)
4(1273 1422 3915 3766)
4(1425 1423 3916 3918)
4(1422 1424 3917 3915)
4(1426 1427 3920 3919)
4(1427 1274 3767 3920)
4(1275 1426 3919 3768)
4(1429 1427 3920 3922)
4(1426 1428 3921 3919)
4(1430 1431 3924 3923)
4(1431 1276 3769 3924)
4(1277 1430 3923 3770)
4(1433 1431 3924 3926)
4(1430 1432 3925 3923)
4(1434 1435 3928 3927)
4(1435 1278 3771 3928)
4(1279 1434 3927 3772)
4(1437 1435 3928 3930)
4(1434 1436 3929 3927)
4(1438 1439 3932 3931)
4(1439 1280 3773 3932)
4(1281 1438 3931 3774)
4(1441 1439 3932 3934)
4(1438 1440 3933 3931)
4(1442 1443 3936 3935)
4(1443 1282 3775 3936)
4(1283 1442 3935 3776)
4(1445 1443 3936 3938)
4(1442 1444 3937 3935)
4(1446 1447 3940 3939)
4(1447 1284 3777 3940)
4(1285 1446 3939 3778)
4(1449 1447 3940 3942)
4(1446 1448 3941 3939)
4(1450 1451 3944 3943)
4(1451 1286 3779 3944)
4(1453 1451 3944 3946)
4(1375 1372 3865 3868)
4(1379 1374 3867 3872)
4(1383 1378 3871 3876)
4(1387 1382 3875 3880)
4(1391 1386 3879 3884)
4(1395 1390 3883 3888)
4(1399 1394 3887 3892)
4(1403 1398 3891 3896)
4(1407 1402 3895 3900)
4(1411 1406 3899 3904)
4(1415 1410 3903 3908)
4(1419 1414 3907 3912)
4(1423 1418 3911 3916)
4(1427 1422 3915 3920)
4(1431 1426 3919 3924)
4(1435 1430 3923 3928)
4(1439 1434 3927 3932)
4(1443 1438 3931 3936)
4(1447 1442 3935 3940)
4(1451 1446 3939 3944)
4(1454 1465 3958 3947)
4(1466 1467 3960 3959)
4(1465 1466 3959 3958)
4(1456 1468 3961 3949)
4(1468 1465 3958 3961)
4(1457 1469 3962 3950)
4(1469 1468 3961 3962)
4(1458 1470 3963 3951)
4(1470 1469 3962 3963)
4(1459 1471 3964 3952)
4(1471 1472 3965 3964)
4(1472 1470 3963 3965)
4(1473 1474 3967 3966)
4(1474 1471 3964 3967)
4(1478 1475 3968 3971)
4(1476 1477 3970 3969)
4(1477 1478 3971 3970)
4(1480 1481 3974 3973)
4(1481 1482 3975 3974)
4(1482 1479 3972 3975)
4(1486 1483 3976 3979)
4(1484 1485 3978 3977)
4(1485 1486 3979 3978)
4(1490 1487 3980 3983)
4(1488 1489 3982 3981)
4(1489 1490 3983 3982)
4(1460 1493 3986 3953)
4(1495 1491 3984 3988)
4(1494 1495 3988 3987)
4(1493 1494 3987 3986)
4(4 1493 3986 2497)
4(1462 1497 3990 3955)
4(1497 1498 3991 3990)
4(1498 1496 3989 3991)
4(1486 1481 3974 3979)
4(1500 1481 3974 3993)
4(1486 1499 3992 3979)
4(1499 1500 3993 3992)
4(1501 1482 3975 3994)
4(1500 1501 3994 3993)
4(1503 1461 3954 3996)
4(1464 1502 3995 3957)
4(1502 1503 3996 3995)
4(1503 1497 3990 3996)
4(1504 1463 3956 3997)
4(1466 1504 3997 3959)
4(1504 1502 3995 3997)
4(1478 1474 3967 3971)
4(1506 1474 3967 3999)
4(1478 1505 3998 3971)
4(1505 1506 3999 3998)
4(1506 1472 3965 3999)
4(1482 1477 3970 3975)
4(1507 1477 3970 4000)
4(1501 1507 4000 3994)
4(1507 1505 3998 4000)
4(1490 1485 3978 3983)
4(1509 1485 3978 4002)
4(1490 1508 4001 3983)
4(1508 1509 4002 4001)
4(1509 1499 3992 4002)
4(1495 1489 3982 3988)
4(1510 1489 3982 4003)
4(1494 1510 4003 3987)
4(1510 1508 4001 4003)
4(1512 1513 4006 4005)
4(1513 1514 4007 4006)
4(1511 1512 4005 4004)
4(1514 1511 4004 4007)
4(1516 1513 4006 4009)
4(1512 1515 4008 4005)
4(1515 1516 4009 4008)
4(1518 1519 4012 4011)
4(1519 1520 4013 4012)
4(1517 1518 4011 4010)
4(1520 1517 4010 4013)
4(1521 1522 4015 4014)
4(1522 1519 4012 4015)
4(1518 1521 4014 4011)
4(1523 1524 4017 4016)
4(1524 1522 4015 4017)
4(1521 1523 4016 4014)
4(1525 1526 4019 4018)
4(1526 1524 4017 4019)
4(1523 1525 4018 4016)
4(1527 1528 4021 4020)
4(1528 1526 4019 4021)
4(1525 1527 4020 4018)
4(1514 1529 4022 4007)
4(1529 1528 4021 4022)
4(1527 1514 4007 4020)
4(1513 1530 4023 4006)
4(1530 1529 4022 4023)
4(1531 1530 4023 4024)
4(1516 1531 4024 4009)
4(1532 215 2708 4025)
4(340 1532 4025 2833)
4(1533 1534 4027 4026)
4(1534 215 2708 4027)
4(1532 1533 4026 4025)
4(1535 1536 4029 4028)
4(1536 1534 4027 4029)
4(1533 1535 4028 4026)
4(1520 1537 4030 4013)
4(1537 1536 4029 4030)
4(1535 1520 4013 4028)
4(1519 1538 4031 4012)
4(1538 1537 4030 4031)
4(1522 1539 4032 4015)
4(1539 1538 4031 4032)
4(1524 1540 4033 4017)
4(1540 1539 4032 4033)
4(1526 1541 4034 4019)
4(1541 1540 4033 4034)
4(1528 1542 4035 4021)
4(1542 1541 4034 4035)
4(1529 1543 4036 4022)
4(1543 1542 4035 4036)
4(1530 1544 4037 4023)
4(1544 1543 4036 4037)
4(1545 1544 4037 4038)
4(1531 1545 4038 4024)
4(1534 225 2718 4027)
4(1536 227 2720 4029)
4(1537 229 2722 4030)
4(1538 231 2724 4031)
4(1539 233 2726 4032)
4(1540 235 2728 4033)
4(1541 237 2730 4034)
4(1542 239 2732 4035)
4(1543 241 2734 4036)
4(1544 243 2736 4037)
4(1545 245 2738 4038)
4(1547 1497 3990 4040)
4(1503 1546 4039 3996)
4(1546 1547 4040 4039)
4(1549 1502 3995 4042)
4(1504 1548 4041 3997)
4(1548 1549 4042 4041)
4(1465 1550 4043 3958)
4(1550 1551 4044 4043)
4(1552 1466 3959 4045)
4(1551 1552 4045 4044)
4(1468 1553 4046 3961)
4(1553 1550 4043 4046)
4(1469 1554 4047 3962)
4(1554 1553 4046 4047)
4(1470 1555 4048 3963)
4(1555 1554 4047 4048)
4(1472 1556 4049 3965)
4(1556 1555 4048 4049)
4(1505 1557 4050 3998)
4(1558 1556 4049 4051)
4(1557 1558 4051 4050)
4(1507 1559 4052 4000)
4(1559 1557 4050 4052)
4(1561 1501 3994 4054)
4(1500 1560 4053 3993)
4(1560 1561 4054 4053)
4(1563 1499 3992 4056)
4(1509 1562 4055 4002)
4(1562 1563 4056 4055)
4(1494 1564 4057 3987)
4(1564 1565 4058 4057)
4(1566 1508 4001 4059)
4(1565 1566 4059 4058)
4(1493 1567 4060 3986)
4(1567 1564 4057 4060)
4(7 1567 4060 2500)
4(1571 1568 4061 4064)
4(1568 1569 4062 4061)
4(1569 1570 4063 4062)
4(1570 1571 4064 4063)
4(1572 1573 4066 4065)
4(1575 1572 4065 4068)
4(1573 1574 4067 4066)
4(1574 1575 4068 4067)
4(1550 1576 4069 4043)
4(1576 1577 4070 4069)
4(1578 1551 4044 4071)
4(1577 1578 4071 4070)
4(1553 1579 4072 4046)
4(1579 1576 4069 4072)
4(1554 1580 4073 4047)
4(1580 1579 4072 4073)
4(1555 1581 4074 4048)
4(1581 1580 4073 4074)
4(1556 1582 4075 4049)
4(1582 1581 4074 4075)
4(1558 1583 4076 4051)
4(1583 1582 4075 4076)
4(1585 1586 4079 4078)
4(1586 1583 4076 4079)
4(1584 1585 4078 4077)
4(1558 1584 4077 4051)
4(1588 1589 4082 4081)
4(1589 1586 4079 4082)
4(1587 1588 4081 4080)
4(1585 1587 4080 4078)
4(1565 1591 4084 4058)
4(1591 1589 4082 4084)
4(1590 1565 4058 4083)
4(1588 1590 4083 4081)
4(1564 1592 4085 4057)
4(1592 1591 4084 4085)
4(1567 1593 4086 4060)
4(1593 1592 4085 4086)
4(7 1594 4087 2500)
4(1594 1593 4086 4087)
4(6 1595 4088 2499)
4(1595 1594 4087 4088)
4(8 1596 4089 2501)
4(1596 1595 4088 4089)
4(37 1597 4090 2530)
4(1597 1596 4089 4090)
4(48 1597 4090 2541)
4(1601 1598 4091 4094)
4(1598 1599 4092 4091)
4(1599 1600 4093 4092)
4(1600 1601 4094 4093)
4(1602 1603 4096 4095)
4(1605 1602 4095 4098)
4(1603 1604 4097 4096)
4(1604 1605 4098 4097)
4(1576 1606 4099 4069)
4(1606 1607 4100 4099)
4(1608 1577 4070 4101)
4(1607 1608 4101 4100)
4(1579 1609 4102 4072)
4(1609 1606 4099 4102)
4(1580 1610 4103 4073)
4(1610 1609 4102 4103)
4(1581 1611 4104 4074)
4(1611 1610 4103 4104)
4(1582 1612 4105 4075)
4(1612 1611 4104 4105)
4(1583 1613 4106 4076)
4(1613 1612 4105 4106)
4(1586 1614 4107 4079)
4(1614 1613 4106 4107)
4(1589 1615 4108 4082)
4(1615 1614 4107 4108)
4(1591 1616 4109 4084)
4(1616 1615 4108 4109)
4(1592 1617 4110 4085)
4(1617 1616 4109 4110)
4(1593 1618 4111 4086)
4(1618 1617 4110 4111)
4(1594 1619 4112 4087)
4(1619 1618 4111 4112)
4(1595 1620 4113 4088)
4(1620 1619 4112 4113)
4(1596 1621 4114 4089)
4(1621 1620 4113 4114)
4(1597 1622 4115 4090)
4(1622 1621 4114 4115)
4(60 1622 4115 2553)
4(1626 1623 4116 4119)
4(1623 1624 4117 4116)
4(1624 1625 4118 4117)
4(1625 1626 4119 4118)
4(1627 1628 4121 4120)
4(1630 1627 4120 4123)
4(1628 1629 4122 4121)
4(1629 1630 4123 4122)
4(1606 1631 4124 4099)
4(1631 1632 4125 4124)
4(1633 1607 4100 4126)
4(1632 1633 4126 4125)
4(1609 1634 4127 4102)
4(1634 1631 4124 4127)
4(1610 1635 4128 4103)
4(1635 1634 4127 4128)
4(1611 1636 4129 4104)
4(1636 1635 4128 4129)
4(1612 1637 4130 4105)
4(1637 1636 4129 4130)
4(1613 1638 4131 4106)
4(1638 1637 4130 4131)
4(1614 1639 4132 4107)
4(1639 1638 4131 4132)
4(1615 1640 4133 4108)
4(1640 1639 4132 4133)
4(1616 1641 4134 4109)
4(1641 1640 4133 4134)
4(1617 1642 4135 4110)
4(1642 1641 4134 4135)
4(1618 1643 4136 4111)
4(1643 1642 4135 4136)
4(1619 1644 4137 4112)
4(1644 1643 4136 4137)
4(1620 1645 4138 4113)
4(1645 1644 4137 4138)
4(1621 1646 4139 4114)
4(1646 1645 4138 4139)
4(1622 1647 4140 4115)
4(1647 1646 4139 4140)
4(72 1647 4140 2565)
4(1651 1648 4141 4144)
4(1648 1649 4142 4141)
4(1649 1650 4143 4142)
4(1650 1651 4144 4143)
4(1652 1653 4146 4145)
4(1655 1652 4145 4148)
4(1653 1654 4147 4146)
4(1654 1655 4148 4147)
4(1631 1656 4149 4124)
4(1656 1657 4150 4149)
4(1658 1632 4125 4151)
4(1657 1658 4151 4150)
4(1634 1659 4152 4127)
4(1659 1656 4149 4152)
4(1635 1660 4153 4128)
4(1660 1659 4152 4153)
4(1636 1661 4154 4129)
4(1661 1660 4153 4154)
4(1637 1662 4155 4130)
4(1662 1661 4154 4155)
4(1638 1663 4156 4131)
4(1663 1662 4155 4156)
4(1639 1664 4157 4132)
4(1664 1663 4156 4157)
4(1640 1665 4158 4133)
4(1665 1664 4157 4158)
4(1641 1666 4159 4134)
4(1666 1665 4158 4159)
4(1642 1667 4160 4135)
4(1667 1666 4159 4160)
4(1643 1668 4161 4136)
4(1668 1667 4160 4161)
4(1644 1669 4162 4137)
4(1669 1668 4161 4162)
4(1645 1670 4163 4138)
4(1670 1669 4162 4163)
4(1646 1671 4164 4139)
4(1671 1670 4163 4164)
4(1647 1672 4165 4140)
4(1672 1671 4164 4165)
4(84 1672 4165 2577)
4(1676 1673 4166 4169)
4(1673 1674 4167 4166)
4(1674 1675 4168 4167)
4(1675 1676 4169 4168)
4(1677 1678 4171 4170)
4(1680 1677 4170 4173)
4(1678 1679 4172 4171)
4(1679 1680 4173 4172)
4(1656 1681 4174 4149)
4(1681 1682 4175 4174)
4(1683 1657 4150 4176)
4(1682 1683 4176 4175)
4(1659 1684 4177 4152)
4(1684 1681 4174 4177)
4(1660 1685 4178 4153)
4(1685 1684 4177 4178)
4(1661 1686 4179 4154)
4(1686 1685 4178 4179)
4(1662 1687 4180 4155)
4(1687 1686 4179 4180)
4(1663 1688 4181 4156)
4(1688 1687 4180 4181)
4(1664 1689 4182 4157)
4(1689 1688 4181 4182)
4(1665 1690 4183 4158)
4(1690 1689 4182 4183)
4(1666 1691 4184 4159)
4(1691 1690 4183 4184)
4(1667 1692 4185 4160)
4(1692 1691 4184 4185)
4(1668 1693 4186 4161)
4(1693 1692 4185 4186)
4(1669 1694 4187 4162)
4(1694 1693 4186 4187)
4(1670 1695 4188 4163)
4(1695 1694 4187 4188)
4(1671 1696 4189 4164)
4(1696 1695 4188 4189)
4(1672 1697 4190 4165)
4(1697 1696 4189 4190)
4(9 1697 4190 2502)
4(1701 1698 4191 4194)
4(1698 1699 4192 4191)
4(1699 1700 4193 4192)
4(1700 1701 4194 4193)
4(1702 1703 4196 4195)
4(1705 1702 4195 4198)
4(1703 1704 4197 4196)
4(1704 1705 4198 4197)
4(1681 1706 4199 4174)
4(1706 1707 4200 4199)
4(1708 1682 4175 4201)
4(1707 1708 4201 4200)
4(1684 1709 4202 4177)
4(1709 1706 4199 4202)
4(1685 1710 4203 4178)
4(1710 1709 4202 4203)
4(1686 1711 4204 4179)
4(1711 1710 4203 4204)
4(1687 1712 4205 4180)
4(1712 1711 4204 4205)
4(1688 1713 4206 4181)
4(1713 1712 4205 4206)
4(1689 1714 4207 4182)
4(1714 1713 4206 4207)
4(1690 1715 4208 4183)
4(1715 1714 4207 4208)
4(1691 1716 4209 4184)
4(1716 1715 4208 4209)
4(1692 1717 4210 4185)
4(1717 1716 4209 4210)
4(1693 1718 4211 4186)
4(1718 1717 4210 4211)
4(1694 1719 4212 4187)
4(1719 1718 4211 4212)
4(1695 1720 4213 4188)
4(1720 1719 4212 4213)
4(1696 1721 4214 4189)
4(1721 1720 4213 4214)
4(1697 1722 4215 4190)
4(1722 1721 4214 4215)
4(12 1722 4215 2505)
4(1726 1723 4216 4219)
4(1723 1724 4217 4216)
4(1724 1725 4218 4217)
4(1725 1726 4219 4218)
4(1727 1728 4221 4220)
4(1730 1727 4220 4223)
4(1728 1729 4222 4221)
4(1729 1730 4223 4222)
4(1706 1731 4224 4199)
4(1731 1732 4225 4224)
4(1733 1707 4200 4226)
4(1732 1733 4226 4225)
4(1709 1734 4227 4202)
4(1734 1731 4224 4227)
4(1710 1735 4228 4203)
4(1735 1734 4227 4228)
4(1711 1736 4229 4204)
4(1736 1735 4228 4229)
4(1712 1737 4230 4205)
4(1737 1736 4229 4230)
4(1713 1738 4231 4206)
4(1738 1737 4230 4231)
4(1714 1739 4232 4207)
4(1739 1738 4231 4232)
4(1715 1740 4233 4208)
4(1740 1739 4232 4233)
4(1716 1741 4234 4209)
4(1741 1740 4233 4234)
4(1717 1742 4235 4210)
4(1742 1741 4234 4235)
4(1718 1743 4236 4211)
4(1743 1742 4235 4236)
4(1719 1744 4237 4212)
4(1744 1743 4236 4237)
4(1720 1745 4238 4213)
4(1745 1744 4237 4238)
4(1721 1746 4239 4214)
4(1746 1745 4238 4239)
4(1722 1747 4240 4215)
4(1747 1746 4239 4240)
4(14 1747 4240 2507)
4(1751 1748 4241 4244)
4(1748 1749 4242 4241)
4(1749 1750 4243 4242)
4(1750 1751 4244 4243)
4(1752 1753 4246 4245)
4(1755 1752 4245 4248)
4(1753 1754 4247 4246)
4(1754 1755 4248 4247)
4(1731 1756 4249 4224)
4(1756 1757 4250 4249)
4(1758 1732 4225 4251)
4(1757 1758 4251 4250)
4(1734 1759 4252 4227)
4(1759 1756 4249 4252)
4(1735 1760 4253 4228)
4(1760 1759 4252 4253)
4(1736 1761 4254 4229)
4(1761 1760 4253 4254)
4(1737 1762 4255 4230)
4(1762 1761 4254 4255)
4(1738 1763 4256 4231)
4(1763 1762 4255 4256)
4(1739 1764 4257 4232)
4(1764 1763 4256 4257)
4(1740 1765 4258 4233)
4(1765 1764 4257 4258)
4(1741 1766 4259 4234)
4(1766 1765 4258 4259)
4(1742 1767 4260 4235)
4(1767 1766 4259 4260)
4(1743 1768 4261 4236)
4(1768 1767 4260 4261)
4(1744 1769 4262 4237)
4(1769 1768 4261 4262)
4(1745 1770 4263 4238)
4(1770 1769 4262 4263)
4(1746 1771 4264 4239)
4(1771 1770 4263 4264)
4(1747 1772 4265 4240)
4(1772 1771 4264 4265)
4(14 1773 4266 2507)
4(1773 1772 4265 4266)
4(1774 1773 4266 4267)
4(13 1774 4267 2506)
4(1778 1775 4268 4271)
4(1775 1776 4269 4268)
4(1776 1777 4270 4269)
4(1777 1778 4271 4270)
4(1779 1780 4273 4272)
4(1782 1779 4272 4275)
4(1780 1781 4274 4273)
4(1781 1782 4275 4274)
4(1756 1783 4276 4249)
4(1783 1784 4277 4276)
4(1785 1757 4250 4278)
4(1784 1785 4278 4277)
4(1759 1786 4279 4252)
4(1786 1783 4276 4279)
4(1760 1787 4280 4253)
4(1787 1786 4279 4280)
4(1761 1788 4281 4254)
4(1788 1787 4280 4281)
4(1762 1789 4282 4255)
4(1789 1788 4281 4282)
4(1763 1790 4283 4256)
4(1790 1789 4282 4283)
4(1764 1791 4284 4257)
4(1791 1790 4283 4284)
4(1765 1792 4285 4258)
4(1792 1791 4284 4285)
4(1766 1793 4286 4259)
4(1793 1792 4285 4286)
4(1767 1794 4287 4260)
4(1794 1793 4286 4287)
4(1768 1795 4288 4261)
4(1795 1794 4287 4288)
4(1769 1796 4289 4262)
4(1796 1795 4288 4289)
4(1770 1797 4290 4263)
4(1797 1796 4289 4290)
4(1771 1798 4291 4264)
4(1798 1797 4290 4291)
4(1772 1799 4292 4265)
4(1799 1798 4291 4292)
4(1773 1800 4293 4266)
4(1800 1799 4292 4293)
4(1801 1800 4293 4294)
4(1774 1801 4294 4267)
4(1805 1802 4295 4298)
4(1802 1803 4296 4295)
4(1803 1804 4297 4296)
4(1804 1805 4298 4297)
4(1806 1807 4300 4299)
4(1809 1806 4299 4302)
4(1807 1808 4301 4300)
4(1808 1809 4302 4301)
4(1783 1810 4303 4276)
4(1810 1811 4304 4303)
4(1812 1784 4277 4305)
4(1811 1812 4305 4304)
4(1786 1813 4306 4279)
4(1813 1810 4303 4306)
4(1787 1814 4307 4280)
4(1814 1813 4306 4307)
4(1788 1815 4308 4281)
4(1815 1814 4307 4308)
4(1789 1816 4309 4282)
4(1816 1815 4308 4309)
4(1790 1817 4310 4283)
4(1817 1816 4309 4310)
4(1791 1818 4311 4284)
4(1818 1817 4310 4311)
4(1792 1819 4312 4285)
4(1819 1818 4311 4312)
4(1793 1820 4313 4286)
4(1820 1819 4312 4313)
4(1794 1821 4314 4287)
4(1821 1820 4313 4314)
4(1795 1822 4315 4288)
4(1822 1821 4314 4315)
4(1796 1823 4316 4289)
4(1823 1822 4315 4316)
4(1797 1824 4317 4290)
4(1824 1823 4316 4317)
4(1798 1825 4318 4291)
4(1825 1824 4317 4318)
4(1799 1826 4319 4292)
4(1826 1825 4318 4319)
4(1800 1827 4320 4293)
4(1827 1826 4319 4320)
4(1828 1827 4320 4321)
4(1801 1828 4321 4294)
4(1832 1829 4322 4325)
4(1829 1830 4323 4322)
4(1830 1831 4324 4323)
4(1831 1832 4325 4324)
4(1833 1834 4327 4326)
4(1836 1833 4326 4329)
4(1834 1835 4328 4327)
4(1835 1836 4329 4328)
4(1810 1837 4330 4303)
4(1837 1838 4331 4330)
4(1839 1811 4304 4332)
4(1838 1839 4332 4331)
4(1813 1840 4333 4306)
4(1840 1837 4330 4333)
4(1814 1841 4334 4307)
4(1841 1840 4333 4334)
4(1815 1842 4335 4308)
4(1842 1841 4334 4335)
4(1816 1843 4336 4309)
4(1843 1842 4335 4336)
4(1817 1844 4337 4310)
4(1844 1843 4336 4337)
4(1818 1845 4338 4311)
4(1845 1844 4337 4338)
4(1819 1846 4339 4312)
4(1846 1845 4338 4339)
4(1820 1847 4340 4313)
4(1847 1846 4339 4340)
4(1821 1848 4341 4314)
4(1848 1847 4340 4341)
4(1822 1849 4342 4315)
4(1849 1848 4341 4342)
4(1823 1850 4343 4316)
4(1850 1849 4342 4343)
4(1824 1851 4344 4317)
4(1851 1850 4343 4344)
4(1825 1852 4345 4318)
4(1852 1851 4344 4345)
4(1826 1853 4346 4319)
4(1853 1852 4345 4346)
4(1827 1854 4347 4320)
4(1854 1853 4346 4347)
4(1855 1854 4347 4348)
4(1828 1855 4348 4321)
4(1859 1856 4349 4352)
4(1856 1857 4350 4349)
4(1857 1858 4351 4350)
4(1858 1859 4352 4351)
4(1860 1861 4354 4353)
4(1863 1860 4353 4356)
4(1861 1862 4355 4354)
4(1862 1863 4356 4355)
4(1837 1864 4357 4330)
4(1864 1865 4358 4357)
4(1866 1838 4331 4359)
4(1865 1866 4359 4358)
4(1840 1867 4360 4333)
4(1867 1864 4357 4360)
4(1841 1868 4361 4334)
4(1868 1867 4360 4361)
4(1842 1869 4362 4335)
4(1869 1868 4361 4362)
4(1843 1870 4363 4336)
4(1870 1869 4362 4363)
4(1844 1871 4364 4337)
4(1871 1870 4363 4364)
4(1845 1872 4365 4338)
4(1872 1871 4364 4365)
4(1846 1873 4366 4339)
4(1873 1872 4365 4366)
4(1847 1874 4367 4340)
4(1874 1873 4366 4367)
4(1848 1875 4368 4341)
4(1875 1874 4367 4368)
4(1849 1876 4369 4342)
4(1876 1875 4368 4369)
4(1850 1877 4370 4343)
4(1877 1876 4369 4370)
4(1851 1878 4371 4344)
4(1878 1877 4370 4371)
4(1852 1879 4372 4345)
4(1879 1878 4371 4372)
4(1853 1880 4373 4346)
4(1880 1879 4372 4373)
4(1854 1881 4374 4347)
4(1881 1880 4373 4374)
4(1882 1881 4374 4375)
4(1855 1882 4375 4348)
4(1886 1883 4376 4379)
4(1883 1884 4377 4376)
4(1884 1885 4378 4377)
4(1885 1886 4379 4378)
4(1887 1888 4381 4380)
4(1890 1887 4380 4383)
4(1888 1889 4382 4381)
4(1889 1890 4383 4382)
4(1864 1891 4384 4357)
4(1891 1892 4385 4384)
4(1893 1865 4358 4386)
4(1892 1893 4386 4385)
4(1867 1894 4387 4360)
4(1894 1891 4384 4387)
4(1868 1895 4388 4361)
4(1895 1894 4387 4388)
4(1869 1896 4389 4362)
4(1896 1895 4388 4389)
4(1870 1897 4390 4363)
4(1897 1896 4389 4390)
4(1871 1898 4391 4364)
4(1898 1897 4390 4391)
4(1872 1899 4392 4365)
4(1899 1898 4391 4392)
4(1873 1900 4393 4366)
4(1900 1899 4392 4393)
4(1874 1901 4394 4367)
4(1901 1900 4393 4394)
4(1875 1902 4395 4368)
4(1902 1901 4394 4395)
4(1876 1903 4396 4369)
4(1903 1902 4395 4396)
4(1877 1904 4397 4370)
4(1904 1903 4396 4397)
4(1878 1905 4398 4371)
4(1905 1904 4397 4398)
4(1879 1906 4399 4372)
4(1906 1905 4398 4399)
4(1880 1907 4400 4373)
4(1907 1906 4399 4400)
4(1881 1908 4401 4374)
4(1908 1907 4400 4401)
4(1909 1908 4401 4402)
4(1882 1909 4402 4375)
4(1913 1910 4403 4406)
4(1910 1911 4404 4403)
4(1911 1912 4405 4404)
4(1912 1913 4406 4405)
4(1914 1915 4408 4407)
4(1917 1914 4407 4410)
4(1915 1916 4409 4408)
4(1916 1917 4410 4409)
4(1891 1918 4411 4384)
4(1918 1919 4412 4411)
4(1920 1892 4385 4413)
4(1919 1920 4413 4412)
4(1894 1921 4414 4387)
4(1921 1918 4411 4414)
4(1895 1922 4415 4388)
4(1922 1921 4414 4415)
4(1896 1923 4416 4389)
4(1923 1922 4415 4416)
4(1897 1924 4417 4390)
4(1924 1923 4416 4417)
4(1898 1925 4418 4391)
4(1925 1924 4417 4418)
4(1899 1926 4419 4392)
4(1926 1925 4418 4419)
4(1900 1927 4420 4393)
4(1927 1926 4419 4420)
4(1901 1928 4421 4394)
4(1928 1927 4420 4421)
4(1902 1929 4422 4395)
4(1929 1928 4421 4422)
4(1903 1930 4423 4396)
4(1930 1929 4422 4423)
4(1904 1931 4424 4397)
4(1931 1930 4423 4424)
4(1905 1932 4425 4398)
4(1932 1931 4424 4425)
4(1906 1933 4426 4399)
4(1933 1932 4425 4426)
4(1907 1934 4427 4400)
4(1934 1933 4426 4427)
4(1908 1935 4428 4401)
4(1935 1934 4427 4428)
4(1909 1936 4429 4402)
4(1936 1935 4428 4429)
4(1938 1936 4429 4431)
4(1909 1937 4430 4402)
4(1937 1938 4431 4430)
4(1942 1939 4432 4435)
4(1939 1940 4433 4432)
4(1940 1941 4434 4433)
4(1941 1942 4435 4434)
4(1943 1944 4437 4436)
4(1946 1943 4436 4439)
4(1944 1945 4438 4437)
4(1945 1946 4439 4438)
4(1918 1947 4440 4411)
4(1947 1948 4441 4440)
4(1949 1919 4412 4442)
4(1948 1949 4442 4441)
4(1921 1950 4443 4414)
4(1950 1947 4440 4443)
4(1922 1951 4444 4415)
4(1951 1950 4443 4444)
4(1923 1952 4445 4416)
4(1952 1951 4444 4445)
4(1924 1953 4446 4417)
4(1953 1952 4445 4446)
4(1925 1954 4447 4418)
4(1954 1953 4446 4447)
4(1926 1955 4448 4419)
4(1955 1954 4447 4448)
4(1927 1956 4449 4420)
4(1956 1955 4448 4449)
4(1928 1957 4450 4421)
4(1957 1956 4449 4450)
4(1929 1958 4451 4422)
4(1958 1957 4450 4451)
4(1930 1959 4452 4423)
4(1959 1958 4451 4452)
4(1931 1960 4453 4424)
4(1960 1959 4452 4453)
4(1932 1961 4454 4425)
4(1961 1960 4453 4454)
4(1933 1962 4455 4426)
4(1962 1961 4454 4455)
4(1934 1963 4456 4427)
4(1963 1962 4455 4456)
4(1935 1964 4457 4428)
4(1964 1963 4456 4457)
4(1936 1965 4458 4429)
4(1965 1964 4457 4458)
4(1966 1965 4458 4459)
4(1938 1966 4459 4431)
4(1970 1967 4460 4463)
4(1967 1968 4461 4460)
4(1968 1969 4462 4461)
4(1969 1970 4463 4462)
4(1971 1972 4465 4464)
4(1974 1971 4464 4467)
4(1972 1973 4466 4465)
4(1973 1974 4467 4466)
4(1947 1975 4468 4440)
4(1975 1976 4469 4468)
4(1977 1948 4441 4470)
4(1976 1977 4470 4469)
4(1950 1978 4471 4443)
4(1978 1975 4468 4471)
4(1951 1979 4472 4444)
4(1979 1978 4471 4472)
4(1952 1980 4473 4445)
4(1980 1979 4472 4473)
4(1953 1981 4474 4446)
4(1981 1980 4473 4474)
4(1954 1982 4475 4447)
4(1982 1981 4474 4475)
4(1955 1983 4476 4448)
4(1983 1982 4475 4476)
4(1956 1984 4477 4449)
4(1984 1983 4476 4477)
4(1957 1985 4478 4450)
4(1985 1984 4477 4478)
4(1958 1986 4479 4451)
4(1986 1985 4478 4479)
4(1959 1987 4480 4452)
4(1987 1986 4479 4480)
4(1960 1988 4481 4453)
4(1988 1987 4480 4481)
4(1961 1989 4482 4454)
4(1989 1988 4481 4482)
4(1962 1990 4483 4455)
4(1990 1989 4482 4483)
4(1963 1991 4484 4456)
4(1991 1990 4483 4484)
4(1964 1992 4485 4457)
4(1992 1991 4484 4485)
4(1965 1993 4486 4458)
4(1993 1992 4485 4486)
4(1994 1993 4486 4487)
4(1966 1994 4487 4459)
4(1998 1995 4488 4491)
4(1995 1996 4489 4488)
4(1996 1997 4490 4489)
4(1997 1998 4491 4490)
4(1999 2000 4493 4492)
4(2002 1999 4492 4495)
4(2000 2001 4494 4493)
4(2001 2002 4495 4494)
4(1975 2003 4496 4468)
4(2003 2004 4497 4496)
4(2005 1976 4469 4498)
4(2004 2005 4498 4497)
4(1978 2006 4499 4471)
4(2006 2003 4496 4499)
4(1979 2007 4500 4472)
4(2007 2006 4499 4500)
4(1980 2008 4501 4473)
4(2008 2007 4500 4501)
4(1981 2009 4502 4474)
4(2009 2008 4501 4502)
4(1982 2010 4503 4475)
4(2010 2009 4502 4503)
4(1983 2011 4504 4476)
4(2011 2010 4503 4504)
4(1984 2012 4505 4477)
4(2012 2011 4504 4505)
4(1985 2013 4506 4478)
4(2013 2012 4505 4506)
4(1986 2014 4507 4479)
4(2014 2013 4506 4507)
4(1987 2015 4508 4480)
4(2015 2014 4507 4508)
4(1988 2016 4509 4481)
4(2016 2015 4508 4509)
4(1989 2017 4510 4482)
4(2017 2016 4509 4510)
4(1990 2018 4511 4483)
4(2018 2017 4510 4511)
4(1991 2019 4512 4484)
4(2019 2018 4511 4512)
4(1992 2020 4513 4485)
4(2020 2019 4512 4513)
4(1993 2021 4514 4486)
4(2021 2020 4513 4514)
4(2022 2021 4514 4515)
4(1994 2022 4515 4487)
4(2026 2023 4516 4519)
4(2023 2024 4517 4516)
4(2024 2025 4518 4517)
4(2025 2026 4519 4518)
4(2027 2028 4521 4520)
4(2030 2027 4520 4523)
4(2028 2029 4522 4521)
4(2029 2030 4523 4522)
4(2003 2031 4524 4496)
4(2031 2032 4525 4524)
4(2033 2004 4497 4526)
4(2032 2033 4526 4525)
4(2006 2034 4527 4499)
4(2034 2031 4524 4527)
4(2007 2035 4528 4500)
4(2035 2034 4527 4528)
4(2008 2036 4529 4501)
4(2036 2035 4528 4529)
4(2009 2037 4530 4502)
4(2037 2036 4529 4530)
4(2010 2038 4531 4503)
4(2038 2037 4530 4531)
4(2011 2039 4532 4504)
4(2039 2038 4531 4532)
4(2012 2040 4533 4505)
4(2040 2039 4532 4533)
4(2013 2041 4534 4506)
4(2041 2040 4533 4534)
4(2014 2042 4535 4507)
4(2042 2041 4534 4535)
4(2015 2043 4536 4508)
4(2043 2042 4535 4536)
4(2016 2044 4537 4509)
4(2044 2043 4536 4537)
4(2017 2045 4538 4510)
4(2045 2044 4537 4538)
4(2018 2046 4539 4511)
4(2046 2045 4538 4539)
4(2019 2047 4540 4512)
4(2047 2046 4539 4540)
4(2020 2048 4541 4513)
4(2048 2047 4540 4541)
4(2021 2049 4542 4514)
4(2049 2048 4541 4542)
4(2050 2049 4542 4543)
4(2022 2050 4543 4515)
4(2054 2051 4544 4547)
4(2051 2052 4545 4544)
4(2052 2053 4546 4545)
4(2053 2054 4547 4546)
4(2055 2056 4549 4548)
4(2058 2055 4548 4551)
4(2056 2057 4550 4549)
4(2057 2058 4551 4550)
4(2031 2059 4552 4524)
4(2059 2060 4553 4552)
4(2061 2032 4525 4554)
4(2060 2061 4554 4553)
4(2034 2062 4555 4527)
4(2062 2059 4552 4555)
4(2035 2063 4556 4528)
4(2063 2062 4555 4556)
4(2036 2064 4557 4529)
4(2064 2063 4556 4557)
4(2037 2065 4558 4530)
4(2065 2064 4557 4558)
4(2038 2066 4559 4531)
4(2066 2065 4558 4559)
4(2039 2067 4560 4532)
4(2067 2066 4559 4560)
4(2040 2068 4561 4533)
4(2068 2067 4560 4561)
4(2041 2069 4562 4534)
4(2069 2068 4561 4562)
4(2042 2070 4563 4535)
4(2070 2069 4562 4563)
4(2043 2071 4564 4536)
4(2071 2070 4563 4564)
4(2044 2072 4565 4537)
4(2072 2071 4564 4565)
4(2045 2073 4566 4538)
4(2073 2072 4565 4566)
4(2046 2074 4567 4539)
4(2074 2073 4566 4567)
4(2047 2075 4568 4540)
4(2075 2074 4567 4568)
4(2048 2076 4569 4541)
4(2076 2075 4568 4569)
4(2049 2077 4570 4542)
4(2077 2076 4569 4570)
4(2078 2077 4570 4571)
4(2050 2078 4571 4543)
4(2082 2079 4572 4575)
4(2079 2080 4573 4572)
4(2080 2081 4574 4573)
4(2081 2082 4575 4574)
4(2083 2084 4577 4576)
4(2086 2083 4576 4579)
4(2084 2085 4578 4577)
4(2085 2086 4579 4578)
4(2059 274 2767 4552)
4(2087 2060 4553 4580)
4(273 2087 4580 2766)
4(2062 2088 4581 4555)
4(2088 274 2767 4581)
4(2063 2089 4582 4556)
4(2089 2088 4581 4582)
4(2064 2090 4583 4557)
4(2090 2089 4582 4583)
4(2065 2091 4584 4558)
4(2091 2090 4583 4584)
4(2066 2092 4585 4559)
4(2092 2091 4584 4585)
4(2067 2093 4586 4560)
4(2093 2092 4585 4586)
4(2068 2094 4587 4561)
4(2094 2093 4586 4587)
4(2069 2095 4588 4562)
4(2095 2094 4587 4588)
4(2070 2096 4589 4563)
4(2096 2095 4588 4589)
4(2071 2097 4590 4564)
4(2097 2096 4589 4590)
4(2072 2098 4591 4565)
4(2098 2097 4590 4591)
4(2073 2099 4592 4566)
4(2099 2098 4591 4592)
4(2074 2100 4593 4567)
4(2100 2099 4592 4593)
4(2075 2101 4594 4568)
4(2101 2100 4593 4594)
4(2076 2102 4595 4569)
4(2102 2101 4594 4595)
4(2077 2103 4596 4570)
4(2103 2102 4595 4596)
4(2104 2103 4596 4597)
4(2078 2104 4597 4571)
4(2088 2105 4598 4581)
4(2105 275 2768 4598)
4(2089 2106 4599 4582)
4(2106 2105 4598 4599)
4(2090 2107 4600 4583)
4(2107 2106 4599 4600)
4(2091 2108 4601 4584)
4(2108 2107 4600 4601)
4(2092 2109 4602 4585)
4(2109 2108 4601 4602)
4(2093 2110 4603 4586)
4(2110 2109 4602 4603)
4(2094 2111 4604 4587)
4(2111 2110 4603 4604)
4(2095 2112 4605 4588)
4(2112 2111 4604 4605)
4(2096 2113 4606 4589)
4(2113 2112 4605 4606)
4(2097 2114 4607 4590)
4(2114 2113 4606 4607)
4(2098 2115 4608 4591)
4(2115 2114 4607 4608)
4(2099 2116 4609 4592)
4(2116 2115 4608 4609)
4(2100 2117 4610 4593)
4(2117 2116 4609 4610)
4(2101 2118 4611 4594)
4(2118 2117 4610 4611)
4(2102 2119 4612 4595)
4(2119 2118 4611 4612)
4(2103 2120 4613 4596)
4(2120 2119 4612 4613)
4(2121 2120 4613 4614)
4(2104 2121 4614 4597)
4(2105 300 2793 4598)
4(2106 302 2795 4599)
4(2107 304 2797 4600)
4(2108 306 2799 4601)
4(2109 2122 4615 4602)
4(2122 306 2799 4615)
4(2110 2123 4616 4603)
4(2123 2122 4615 4616)
4(2111 2124 4617 4604)
4(2124 2123 4616 4617)
4(2112 2125 4618 4605)
4(2125 2124 4617 4618)
4(2113 2126 4619 4606)
4(2126 2125 4618 4619)
4(2114 2127 4620 4607)
4(2127 2126 4619 4620)
4(2115 2128 4621 4608)
4(2128 2127 4620 4621)
4(2116 2129 4622 4609)
4(2129 2128 4621 4622)
4(2117 2130 4623 4610)
4(2130 2129 4622 4623)
4(2118 2131 4624 4611)
4(2131 2130 4623 4624)
4(2119 2132 4625 4612)
4(2132 2131 4624 4625)
4(2120 2133 4626 4613)
4(2133 2132 4625 4626)
4(2134 2133 4626 4627)
4(2121 2134 4627 4614)
4(2122 323 2816 4615)
4(2123 2135 4628 4616)
4(2135 323 2816 4628)
4(2124 2136 4629 4617)
4(2136 2135 4628 4629)
4(2125 2137 4630 4618)
4(2137 2136 4629 4630)
4(2126 2138 4631 4619)
4(2138 2137 4630 4631)
4(2127 2139 4632 4620)
4(2139 2138 4631 4632)
4(2128 2140 4633 4621)
4(2140 2139 4632 4633)
4(2129 2141 4634 4622)
4(2141 2140 4633 4634)
4(2130 2142 4635 4623)
4(2142 2141 4634 4635)
4(2131 2143 4636 4624)
4(2143 2142 4635 4636)
4(2132 1511 4004 4625)
4(1511 2143 4636 4004)
4(2133 1512 4005 4626)
4(2134 1515 4008 4627)
4(2135 2144 4637 4628)
4(2144 324 2817 4637)
4(2136 2145 4638 4629)
4(2145 2144 4637 4638)
4(2137 2146 4639 4630)
4(2146 2145 4638 4639)
4(2138 1517 4010 4631)
4(1517 2146 4639 4010)
4(2139 1518 4011 4632)
4(2140 1521 4014 4633)
4(2141 1523 4016 4634)
4(2142 1525 4018 4635)
4(2143 1527 4020 4636)
4(2144 1532 4025 4637)
4(2145 1533 4026 4638)
4(2146 1535 4028 4639)
4(1547 2147 4640 4040)
4(2147 1498 3991 4640)
4(1568 2148 4641 4061)
4(1547 1568 4061 4040)
4(2148 2147 4640 4641)
4(1571 2149 4642 4064)
4(2149 2148 4641 4642)
4(1598 2150 4643 4091)
4(1571 1598 4091 4064)
4(2150 2149 4642 4643)
4(1601 2151 4644 4094)
4(2151 2150 4643 4644)
4(1623 2152 4645 4116)
4(1601 1623 4116 4094)
4(2152 2151 4644 4645)
4(1626 2153 4646 4119)
4(2153 2152 4645 4646)
4(1648 2154 4647 4141)
4(1626 1648 4141 4119)
4(2154 2153 4646 4647)
4(1651 2155 4648 4144)
4(2155 2154 4647 4648)
4(1673 2156 4649 4166)
4(1651 1673 4166 4144)
4(2156 2155 4648 4649)
4(1676 2157 4650 4169)
4(2157 2156 4649 4650)
4(1698 2158 4651 4191)
4(1676 1698 4191 4169)
4(2158 2157 4650 4651)
4(1701 2159 4652 4194)
4(2159 2158 4651 4652)
4(1723 2160 4653 4216)
4(1701 1723 4216 4194)
4(2160 2159 4652 4653)
4(1726 2161 4654 4219)
4(2161 2160 4653 4654)
4(1748 2162 4655 4241)
4(1726 1748 4241 4219)
4(2162 2161 4654 4655)
4(1751 2163 4656 4244)
4(2163 2162 4655 4656)
4(1775 2164 4657 4268)
4(1751 1775 4268 4244)
4(2164 2163 4656 4657)
4(1778 2165 4658 4271)
4(2165 2164 4657 4658)
4(1802 2166 4659 4295)
4(1778 1802 4295 4271)
4(2166 2165 4658 4659)
4(1805 2167 4660 4298)
4(2167 2166 4659 4660)
4(1829 2168 4661 4322)
4(1805 1829 4322 4298)
4(2168 2167 4660 4661)
4(1832 2169 4662 4325)
4(2169 2168 4661 4662)
4(1856 2170 4663 4349)
4(1832 1856 4349 4325)
4(2170 2169 4662 4663)
4(1859 2171 4664 4352)
4(2171 2170 4663 4664)
4(1883 2172 4665 4376)
4(1859 1883 4376 4352)
4(2172 2171 4664 4665)
4(1886 2173 4666 4379)
4(2173 2172 4665 4666)
4(1910 2174 4667 4403)
4(1886 1910 4403 4379)
4(2174 2173 4666 4667)
4(1913 2175 4668 4406)
4(2175 2174 4667 4668)
4(1939 2176 4669 4432)
4(1913 1939 4432 4406)
4(2176 2175 4668 4669)
4(1942 2177 4670 4435)
4(2177 2176 4669 4670)
4(1967 2178 4671 4460)
4(1942 1967 4460 4435)
4(2178 2177 4670 4671)
4(1970 2179 4672 4463)
4(2179 2178 4671 4672)
4(1995 2180 4673 4488)
4(1970 1995 4488 4463)
4(2180 2179 4672 4673)
4(1998 2181 4674 4491)
4(2181 2180 4673 4674)
4(2023 2182 4675 4516)
4(1998 2023 4516 4491)
4(2182 2181 4674 4675)
4(2026 2183 4676 4519)
4(2183 2182 4675 4676)
4(2051 2184 4677 4544)
4(2026 2051 4544 4519)
4(2184 2183 4676 4677)
4(2054 2185 4678 4547)
4(2185 2184 4677 4678)
4(2079 2186 4679 4572)
4(2054 2079 4572 4547)
4(2186 2185 4678 4679)
4(2082 2187 4680 4575)
4(2187 2186 4679 4680)
4(2082 265 2758 4575)
4(363 2187 4680 2856)
4(1549 1546 4039 4042)
4(1569 1546 4039 4062)
4(1549 1572 4065 4042)
4(1572 1569 4062 4065)
4(1552 1548 4041 4045)
4(1573 1548 4041 4066)
4(1551 1573 4066 4044)
4(1561 1559 4052 4054)
4(1584 1559 4052 4077)
4(1561 1585 4078 4054)
4(1563 1560 4053 4056)
4(1587 1560 4053 4080)
4(1563 1588 4081 4056)
4(1566 1562 4055 4059)
4(1590 1562 4055 4083)
4(1575 1570 4063 4068)
4(1599 1570 4063 4092)
4(1575 1602 4095 4068)
4(1602 1599 4092 4095)
4(1578 1574 4067 4071)
4(1603 1574 4067 4096)
4(1577 1603 4096 4070)
4(1605 1600 4093 4098)
4(1624 1600 4093 4117)
4(1605 1627 4120 4098)
4(1627 1624 4117 4120)
4(1608 1604 4097 4101)
4(1628 1604 4097 4121)
4(1607 1628 4121 4100)
4(1630 1625 4118 4123)
4(1649 1625 4118 4142)
4(1630 1652 4145 4123)
4(1652 1649 4142 4145)
4(1633 1629 4122 4126)
4(1653 1629 4122 4146)
4(1632 1653 4146 4125)
4(1655 1650 4143 4148)
4(1674 1650 4143 4167)
4(1655 1677 4170 4148)
4(1677 1674 4167 4170)
4(1658 1654 4147 4151)
4(1678 1654 4147 4171)
4(1657 1678 4171 4150)
4(1680 1675 4168 4173)
4(1699 1675 4168 4192)
4(1680 1702 4195 4173)
4(1702 1699 4192 4195)
4(1683 1679 4172 4176)
4(1703 1679 4172 4196)
4(1682 1703 4196 4175)
4(1705 1700 4193 4198)
4(1724 1700 4193 4217)
4(1705 1727 4220 4198)
4(1727 1724 4217 4220)
4(1708 1704 4197 4201)
4(1728 1704 4197 4221)
4(1707 1728 4221 4200)
4(1730 1725 4218 4223)
4(1749 1725 4218 4242)
4(1730 1752 4245 4223)
4(1752 1749 4242 4245)
4(1733 1729 4222 4226)
4(1753 1729 4222 4246)
4(1732 1753 4246 4225)
4(1755 1750 4243 4248)
4(1776 1750 4243 4269)
4(1755 1779 4272 4248)
4(1779 1776 4269 4272)
4(1758 1754 4247 4251)
4(1780 1754 4247 4273)
4(1757 1780 4273 4250)
4(1782 1777 4270 4275)
4(1803 1777 4270 4296)
4(1782 1806 4299 4275)
4(1806 1803 4296 4299)
4(1785 1781 4274 4278)
4(1807 1781 4274 4300)
4(1784 1807 4300 4277)
4(1809 1804 4297 4302)
4(1830 1804 4297 4323)
4(1809 1833 4326 4302)
4(1833 1830 4323 4326)
4(1812 1808 4301 4305)
4(1834 1808 4301 4327)
4(1811 1834 4327 4304)
4(1836 1831 4324 4329)
4(1857 1831 4324 4350)
4(1836 1860 4353 4329)
4(1860 1857 4350 4353)
4(1839 1835 4328 4332)
4(1861 1835 4328 4354)
4(1838 1861 4354 4331)
4(1863 1858 4351 4356)
4(1884 1858 4351 4377)
4(1863 1887 4380 4356)
4(1887 1884 4377 4380)
4(1866 1862 4355 4359)
4(1888 1862 4355 4381)
4(1865 1888 4381 4358)
4(1890 1885 4378 4383)
4(1911 1885 4378 4404)
4(1890 1914 4407 4383)
4(1914 1911 4404 4407)
4(1893 1889 4382 4386)
4(1915 1889 4382 4408)
4(1892 1915 4408 4385)
4(1917 1912 4405 4410)
4(1940 1912 4405 4433)
4(1917 1943 4436 4410)
4(1943 1940 4433 4436)
4(1920 1916 4409 4413)
4(1944 1916 4409 4437)
4(1919 1944 4437 4412)
4(1946 1941 4434 4439)
4(1968 1941 4434 4461)
4(1946 1971 4464 4439)
4(1971 1968 4461 4464)
4(1949 1945 4438 4442)
4(1972 1945 4438 4465)
4(1948 1972 4465 4441)
4(1974 1969 4462 4467)
4(1996 1969 4462 4489)
4(1974 1999 4492 4467)
4(1999 1996 4489 4492)
4(1977 1973 4466 4470)
4(2000 1973 4466 4493)
4(1976 2000 4493 4469)
4(2002 1997 4490 4495)
4(2024 1997 4490 4517)
4(2002 2027 4520 4495)
4(2027 2024 4517 4520)
4(2005 2001 4494 4498)
4(2028 2001 4494 4521)
4(2004 2028 4521 4497)
4(2030 2025 4518 4523)
4(2052 2025 4518 4545)
4(2030 2055 4548 4523)
4(2055 2052 4545 4548)
4(2033 2029 4522 4526)
4(2056 2029 4522 4549)
4(2032 2056 4549 4525)
4(2058 2053 4546 4551)
4(2080 2053 4546 4573)
4(2058 2083 4576 4551)
4(2083 2080 4573 4576)
4(2061 2057 4550 4554)
4(2084 2057 4550 4577)
4(2060 2084 4577 4553)
4(2086 2081 4574 4579)
4(266 2081 4574 2759)
4(2086 269 2762 4579)
4(2087 2085 4578 4580)
4(270 2085 4578 2763)
4(2190 2188 4681 4683)
4(1498 2190 4683 3991)
4(2190 2191 4684 4683)
4(2192 2190 4683 4685)
4(2147 2192 4685 4640)
4(2192 2193 4686 4685)
4(2194 2195 4688 4687)
4(2195 2148 4641 4688)
4(2149 2194 4687 4642)
4(2197 2195 4688 4690)
4(2194 2196 4689 4687)
4(2198 2199 4692 4691)
4(2199 2150 4643 4692)
4(2151 2198 4691 4644)
4(2201 2199 4692 4694)
4(2198 2200 4693 4691)
4(2202 2203 4696 4695)
4(2203 2152 4645 4696)
4(2153 2202 4695 4646)
4(2205 2203 4696 4698)
4(2202 2204 4697 4695)
4(2206 2207 4700 4699)
4(2207 2154 4647 4700)
4(2155 2206 4699 4648)
4(2209 2207 4700 4702)
4(2206 2208 4701 4699)
4(2210 2211 4704 4703)
4(2211 2156 4649 4704)
4(2157 2210 4703 4650)
4(2213 2211 4704 4706)
4(2210 2212 4705 4703)
4(2214 2215 4708 4707)
4(2215 2158 4651 4708)
4(2159 2214 4707 4652)
4(2217 2215 4708 4710)
4(2214 2216 4709 4707)
4(2218 2219 4712 4711)
4(2219 2160 4653 4712)
4(2161 2218 4711 4654)
4(2221 2219 4712 4714)
4(2218 2220 4713 4711)
4(2222 2223 4716 4715)
4(2223 2162 4655 4716)
4(2163 2222 4715 4656)
4(2225 2223 4716 4718)
4(2222 2224 4717 4715)
4(2226 2227 4720 4719)
4(2227 2164 4657 4720)
4(2165 2226 4719 4658)
4(2229 2227 4720 4722)
4(2226 2228 4721 4719)
4(2230 2231 4724 4723)
4(2231 2166 4659 4724)
4(2167 2230 4723 4660)
4(2233 2231 4724 4726)
4(2230 2232 4725 4723)
4(2234 2235 4728 4727)
4(2235 2168 4661 4728)
4(2169 2234 4727 4662)
4(2237 2235 4728 4730)
4(2234 2236 4729 4727)
4(2238 2239 4732 4731)
4(2239 2170 4663 4732)
4(2171 2238 4731 4664)
4(2241 2239 4732 4734)
4(2238 2240 4733 4731)
4(2242 2243 4736 4735)
4(2243 2172 4665 4736)
4(2173 2242 4735 4666)
4(2245 2243 4736 4738)
4(2242 2244 4737 4735)
4(2246 2247 4740 4739)
4(2247 2174 4667 4740)
4(2175 2246 4739 4668)
4(2249 2247 4740 4742)
4(2246 2248 4741 4739)
4(2250 2251 4744 4743)
4(2251 2176 4669 4744)
4(2177 2250 4743 4670)
4(2253 2251 4744 4746)
4(2250 2252 4745 4743)
4(2254 2255 4748 4747)
4(2255 2178 4671 4748)
4(2179 2254 4747 4672)
4(2257 2255 4748 4750)
4(2254 2256 4749 4747)
4(2258 2259 4752 4751)
4(2259 2180 4673 4752)
4(2181 2258 4751 4674)
4(2261 2259 4752 4754)
4(2258 2260 4753 4751)
4(2262 2263 4756 4755)
4(2263 2182 4675 4756)
4(2183 2262 4755 4676)
4(2265 2263 4756 4758)
4(2262 2264 4757 4755)
4(2266 2267 4760 4759)
4(2267 2184 4677 4760)
4(2185 2266 4759 4678)
4(2269 2267 4760 4762)
4(2266 2268 4761 4759)
4(2270 2271 4764 4763)
4(2271 2186 4679 4764)
4(2187 2270 4763 4680)
4(2273 2271 4764 4766)
4(2270 2272 4765 4763)
4(2195 2192 4685 4688)
4(2199 2194 4687 4692)
4(2203 2198 4691 4696)
4(2207 2202 4695 4700)
4(2211 2206 4699 4704)
4(2215 2210 4703 4708)
4(2219 2214 4707 4712)
4(2223 2218 4711 4716)
4(2227 2222 4715 4720)
4(2231 2226 4719 4724)
4(2235 2230 4723 4728)
4(2239 2234 4727 4732)
4(2243 2238 4731 4736)
4(2247 2242 4735 4740)
4(2251 2246 4739 4744)
4(2255 2250 4743 4748)
4(2259 2254 4747 4752)
4(2263 2258 4751 4756)
4(2267 2262 4755 4760)
4(2271 2266 4759 4764)
4(382 2270 4763 2875)
4(115 2274 4767 2608)
4(2274 1774 4267 4767)
4(127 2274 4767 2620)
4(2274 2275 4768 4767)
4(2275 1801 4294 4768)
4(136 2275 4768 2629)
4(2275 2276 4769 4768)
4(2276 1828 4321 4769)
4(145 2276 4769 2638)
4(2276 2277 4770 4769)
4(2277 1855 4348 4770)
4(145 2278 4771 2638)
4(2278 2277 4770 4771)
4(144 2279 4772 2637)
4(2280 2278 4771 4773)
4(2279 2280 4773 4772)
4(154 2281 4774 2647)
4(2281 2279 4772 4774)
4(2282 2283 4776 4775)
4(2283 152 2645 4776)
4(153 2282 4775 2646)
4(2277 2284 4777 4770)
4(2284 1882 4375 4777)
4(2278 2285 4778 4771)
4(2285 2284 4777 4778)
4(2280 2286 4779 4773)
4(2287 2285 4778 4780)
4(2286 2287 4780 4779)
4(2280 2288 4781 4773)
4(2288 2289 4782 4781)
4(2289 2286 4779 4782)
4(2290 2291 4784 4783)
4(2292 2293 4786 4785)
4(2293 2290 4783 4786)
4(2291 2292 4785 4784)
4(2284 1937 4430 4777)
4(2285 2294 4787 4778)
4(2294 1937 4430 4787)
4(2287 2295 4788 4780)
4(2295 2296 4789 4788)
4(2296 2294 4787 4789)
4(2287 2297 4790 4780)
4(2297 2298 4791 4790)
4(2298 2295 4788 4791)
4(2299 2300 4793 4792)
4(2301 2302 4795 4794)
4(2302 2299 4792 4795)
4(2300 2301 4794 4793)
4(2290 2283 4776 4783)
4(2282 2291 4784 4775)
4(2299 2293 4786 4792)
4(2292 2300 4793 4785)
4(2303 2302 4795 4796)
4(2301 2304 4797 4794)
4(2304 2303 4796 4797)
4(2283 2281 4774 4776)
4(2288 2281 4774 4781)
4(2290 2288 4781 4783)
4(2293 2289 4782 4786)
4(2297 2289 4782 4790)
4(2299 2297 4790 4792)
4(2302 2298 4791 4795)
4(2305 2298 4791 4798)
4(2303 2305 4798 4796)
4(2305 2296 4789 4798)
4(203 2306 4799 2696)
4(2306 2282 4775 4799)
4(2307 2306 4799 4800)
4(2308 2309 4802 4801)
4(2291 2308 4801 4784)
4(2309 2292 4785 4802)
4(2308 2310 4803 4801)
4(2311 2309 4802 4804)
4(2312 2313 4806 4805)
4(2300 2312 4805 4793)
4(2313 2301 4794 4806)
4(2312 2314 4807 4805)
4(2315 2313 4806 4808)
4(2306 2308 4801 4799)
4(2309 2312 4805 4802)
4(2313 2316 4809 4806)
4(2316 2304 4797 4809)
4(2317 2316 4809 4810)
4(2318 2319 4812 4811)
4(2319 2134 4627 4812)
4(2121 2318 4811 4614)
4(2320 2321 4814 4813)
4(2322 2319 4812 4815)
4(2321 2322 4815 4814)
4(2318 2320 4813 4811)
4(2323 2324 4817 4816)
4(2324 2321 4814 4817)
4(2320 2323 4816 4813)
4(2327 2328 4821 4820)
4(2328 2325 4818 4821)
4(2325 2326 4819 4818)
4(2326 2327 4820 4819)
4(2319 2329 4822 4812)
4(2329 1515 4008 4822)
4(2322 2330 4823 4815)
4(2331 2329 4822 4824)
4(2330 2331 4824 4823)
4(2322 2332 4825 4815)
4(2332 2333 4826 4825)
4(2333 2330 4823 4826)
4(2334 2335 4828 4827)
4(2336 2337 4830 4829)
4(2337 2334 4827 4830)
4(2335 2336 4829 4828)
4(2329 2338 4831 4822)
4(2338 1516 4009 4831)
4(2331 2339 4832 4824)
4(2340 2338 4831 4833)
4(2339 2340 4833 4832)
4(2331 2341 4834 4824)
4(2341 2342 4835 4834)
4(2342 2339 4832 4835)
4(2343 2344 4837 4836)
4(2345 2346 4839 4838)
4(2346 2343 4836 4839)
4(2344 2345 4838 4837)
4(2338 2347 4840 4831)
4(2347 1531 4024 4840)
4(2340 2348 4841 4833)
4(2349 2347 4840 4842)
4(2348 2349 4842 4841)
4(2340 2350 4843 4833)
4(2350 2351 4844 4843)
4(2351 2348 4841 4844)
4(2352 2353 4846 4845)
4(2354 2355 4848 4847)
4(2355 2352 4845 4848)
4(2353 2354 4847 4846)
4(2347 2356 4849 4840)
4(2356 1545 4038 4849)
4(2349 2357 4850 4842)
4(2358 2356 4849 4851)
4(2357 2358 4851 4850)
4(2349 2359 4852 4842)
4(2359 2360 4853 4852)
4(2360 2357 4850 4853)
4(2361 2362 4855 4854)
4(2363 2364 4857 4856)
4(2364 2361 4854 4857)
4(2362 2363 4856 4855)
4(2356 417 2910 4849)
4(2358 2365 4858 4851)
4(2365 419 2912 4858)
4(2358 2366 4859 4851)
4(2366 2367 4860 4859)
4(2367 2365 4858 4860)
4(2368 2369 4862 4861)
4(2370 2371 4864 4863)
4(2371 2368 4861 4864)
4(2369 2370 4863 4862)
4(2334 2328 4821 4827)
4(2327 2335 4828 4820)
4(2343 2337 4830 4836)
4(2336 2344 4837 4829)
4(2352 2346 4839 4845)
4(2345 2353 4846 4838)
4(2361 2355 4848 4854)
4(2354 2362 4855 4847)
4(2368 2364 4857 4861)
4(2363 2369 4862 4856)
4(424 2371 4864 2917)
4(2370 425 2918 4863)
4(2328 2324 4817 4821)
4(2323 2325 4818 4816)
4(2332 2324 4817 4825)
4(2334 2332 4825 4827)
4(2337 2333 4826 4830)
4(2341 2333 4826 4834)
4(2343 2341 4834 4836)
4(2346 2342 4835 4839)
4(2350 2342 4835 4843)
4(2352 2350 4843 4845)
4(2355 2351 4844 4848)
4(2359 2351 4844 4852)
4(2361 2359 4852 4854)
4(2364 2360 4853 4857)
4(2366 2360 4853 4859)
4(2368 2366 4859 4861)
4(2371 2367 4860 4864)
4(422 2367 4860 2915)
4(2294 2372 4865 4787)
4(2372 1938 4431 4865)
4(2296 2373 4866 4789)
4(2374 2372 4865 4867)
4(2373 2374 4867 4866)
4(2305 2375 4868 4798)
4(2375 2373 4866 4868)
4(2376 2377 4870 4869)
4(2377 2303 4796 4870)
4(2304 2376 4869 4797)
4(2372 2378 4871 4865)
4(2378 1966 4459 4871)
4(2374 2379 4872 4867)
4(2380 2378 4871 4873)
4(2379 2380 4873 4872)
4(2374 2381 4874 4867)
4(2381 2382 4875 4874)
4(2382 2379 4872 4875)
4(2383 2384 4877 4876)
4(2385 2386 4879 4878)
4(2386 2383 4876 4879)
4(2384 2385 4878 4877)
4(2378 2387 4880 4871)
4(2387 1994 4487 4880)
4(2380 2388 4881 4873)
4(2389 2387 4880 4882)
4(2388 2389 4882 4881)
4(2380 2390 4883 4873)
4(2390 2391 4884 4883)
4(2391 2388 4881 4884)
4(2392 2393 4886 4885)
4(2394 2395 4888 4887)
4(2395 2392 4885 4888)
4(2393 2394 4887 4886)
4(2387 2396 4889 4880)
4(2396 2022 4515 4889)
4(2389 2397 4890 4882)
4(2398 2396 4889 4891)
4(2397 2398 4891 4890)
4(2389 2399 4892 4882)
4(2399 2400 4893 4892)
4(2400 2397 4890 4893)
4(2401 2402 4895 4894)
4(2403 2404 4897 4896)
4(2404 2401 4894 4897)
4(2402 2403 4896 4895)
4(2396 2405 4898 4889)
4(2405 2050 4543 4898)
4(2398 2406 4899 4891)
4(2407 2405 4898 4900)
4(2406 2407 4900 4899)
4(2398 2408 4901 4891)
4(2408 2409 4902 4901)
4(2409 2406 4899 4902)
4(2410 2411 4904 4903)
4(2412 2413 4906 4905)
4(2413 2410 4903 4906)
4(2411 2412 4905 4904)
4(2405 2414 4907 4898)
4(2414 2078 4571 4907)
4(2407 2415 4908 4900)
4(2416 2414 4907 4909)
4(2415 2416 4909 4908)
4(2407 2417 4910 4900)
4(2417 2418 4911 4910)
4(2418 2415 4908 4911)
4(2419 2420 4913 4912)
4(2421 2422 4915 4914)
4(2422 2419 4912 4915)
4(2420 2421 4914 4913)
4(2414 2423 4916 4907)
4(2423 2104 4597 4916)
4(2416 2424 4917 4909)
4(2425 2423 4916 4918)
4(2424 2425 4918 4917)
4(2416 2426 4919 4909)
4(2426 2427 4920 4919)
4(2427 2424 4917 4920)
4(2428 2429 4922 4921)
4(2430 2431 4924 4923)
4(2431 2428 4921 4924)
4(2429 2430 4923 4922)
4(2423 2318 4811 4916)
4(2425 2432 4925 4918)
4(2432 2320 4813 4925)
4(2425 2433 4926 4918)
4(2433 2434 4927 4926)
4(2434 2432 4925 4927)
4(2435 2436 4929 4928)
4(2437 2438 4931 4930)
4(2438 2435 4928 4931)
4(2436 2437 4930 4929)
4(2383 2377 4870 4876)
4(2376 2384 4877 4869)
4(2392 2386 4879 4885)
4(2385 2393 4886 4878)
4(2401 2395 4888 4894)
4(2394 2402 4895 4887)
4(2410 2404 4897 4903)
4(2403 2411 4904 4896)
4(2419 2413 4906 4912)
4(2412 2420 4913 4905)
4(2428 2422 4915 4921)
4(2421 2429 4922 4914)
4(2435 2431 4924 4928)
4(2430 2436 4929 4923)
4(2325 2438 4931 4818)
4(2437 2326 4819 4930)
4(2377 2375 4868 4870)
4(2381 2375 4868 4874)
4(2383 2381 4874 4876)
4(2386 2382 4875 4879)
4(2390 2382 4875 4883)
4(2392 2390 4883 4885)
4(2395 2391 4884 4888)
4(2399 2391 4884 4892)
4(2401 2399 4892 4894)
4(2404 2400 4893 4897)
4(2408 2400 4893 4901)
4(2410 2408 4901 4903)
4(2413 2409 4902 4906)
4(2417 2409 4902 4910)
4(2419 2417 4910 4912)
4(2422 2418 4911 4915)
4(2426 2418 4911 4919)
4(2428 2426 4919 4921)
4(2431 2427 4920 4924)
4(2433 2427 4920 4926)
4(2435 2433 4926 4928)
4(2438 2434 4927 4931)
4(2323 2434 4927 4816)
4(2439 2440 4933 4932)
4(2440 2327 4820 4933)
4(2326 2439 4932 4819)
4(2442 2440 4933 4935)
4(2439 2441 4934 4932)
4(2443 2444 4937 4936)
4(2335 2443 4936 4828)
4(2444 2336 4829 4937)
4(2443 2445 4938 4936)
4(2446 2444 4937 4939)
4(2447 2448 4941 4940)
4(2344 2447 4940 4837)
4(2448 2345 4838 4941)
4(2447 2449 4942 4940)
4(2450 2448 4941 4943)
4(2451 2452 4945 4944)
4(2353 2451 4944 4846)
4(2452 2354 4847 4945)
4(2451 2453 4946 4944)
4(2454 2452 4945 4947)
4(2455 2456 4949 4948)
4(2362 2455 4948 4855)
4(2456 2363 4856 4949)
4(2455 2457 4950 4948)
4(2458 2456 4949 4951)
4(2459 2460 4953 4952)
4(2369 2459 4952 4862)
4(2460 2370 4863 4953)
4(2459 2461 4954 4952)
4(2462 2460 4953 4955)
4(2440 2443 4936 4933)
4(2444 2447 4940 4937)
4(2448 2451 4944 4941)
4(2452 2455 4948 4945)
4(2456 2459 4952 4949)
4(2460 1288 3781 4953)
4(2316 2463 4956 4809)
4(2463 2376 4869 4956)
4(2464 2463 4956 4957)
4(2465 2466 4959 4958)
4(2384 2465 4958 4877)
4(2466 2385 4878 4959)
4(2465 2467 4960 4958)
4(2468 2466 4959 4961)
4(2469 2470 4963 4962)
4(2393 2469 4962 4886)
4(2470 2394 4887 4963)
4(2469 2471 4964 4962)
4(2472 2470 4963 4965)
4(2473 2474 4967 4966)
4(2402 2473 4966 4895)
4(2474 2403 4896 4967)
4(2473 2475 4968 4966)
4(2476 2474 4967 4969)
4(2477 2478 4971 4970)
4(2411 2477 4970 4904)
4(2478 2412 4905 4971)
4(2477 2479 4972 4970)
4(2480 2478 4971 4973)
4(2481 2482 4975 4974)
4(2420 2481 4974 4913)
4(2482 2421 4914 4975)
4(2481 2483 4976 4974)
4(2484 2482 4975 4977)
4(2485 2486 4979 4978)
4(2429 2485 4978 4922)
4(2486 2430 4923 4979)
4(2485 2487 4980 4978)
4(2488 2486 4979 4981)
4(2489 2490 4983 4982)
4(2436 2489 4982 4929)
4(2490 2437 4930 4983)
4(2489 2491 4984 4982)
4(2492 2490 4983 4985)
4(2463 2465 4958 4956)
4(2466 2469 4962 4959)
4(2470 2473 4966 4963)
4(2474 2477 4970 4967)
4(2478 2481 4974 4971)
4(2482 2485 4978 4975)
4(2486 2489 4982 4979)
4(2490 2439 4932 4983)
4(1153 1154 3647 3646)
4(1157 1158 3651 3650)
4(1161 1162 3655 3654)
4(1165 1166 3659 3658)
4(1169 1170 3663 3662)
4(1173 1174 3667 3666)
4(1177 1178 3671 3670)
4(1181 1182 3675 3674)
4(1185 1186 3679 3678)
4(1189 1190 3683 3682)
4(1193 1194 3687 3686)
4(1197 1198 3691 3690)
4(1201 1202 3695 3694)
4(1205 1206 3699 3698)
4(1209 1210 3703 3702)
4(1213 1214 3707 3706)
4(1217 1218 3711 3710)
4(1221 1222 3715 3714)
4(1225 1226 3719 3718)
4(1229 1230 3723 3722)
4(1233 1234 3727 3726)
4(1237 1238 3731 3730)
4(1241 1242 3735 3734)
4(1245 1246 3739 3738)
4(1154 1287 3780 3647)
4(1158 1153 3646 3651)
4(1162 1157 3650 3655)
4(1166 1161 3654 3659)
4(1170 1165 3658 3663)
4(1174 1169 3662 3667)
4(1178 1173 3666 3671)
4(1182 1177 3670 3675)
4(1186 1181 3674 3679)
4(1190 1185 3678 3683)
4(1194 1189 3682 3687)
4(1198 1193 3686 3691)
4(1202 1197 3690 3695)
4(1206 1201 3694 3699)
4(1210 1205 3698 3703)
4(1214 1209 3702 3707)
4(1218 1213 3706 3711)
4(1222 1217 3710 3715)
4(1226 1221 3714 3719)
4(1230 1225 3718 3723)
4(1234 1229 3722 3727)
4(1238 1233 3726 3731)
4(1242 1237 3730 3735)
4(1246 1241 3734 3739)
4(1369 1245 3738 3862)
4(1371 1369 3862 3864)
4(1287 1450 3943 3780)
4(1450 1452 3945 3943)
4(157 158 2651 2650)
4(158 160 2653 2651)
4(160 162 2655 2653)
4(165 166 2659 2658)
4(169 170 2663 2662)
4(173 174 2667 2666)
4(177 178 2671 2670)
4(181 182 2675 2674)
4(185 186 2679 2678)
4(189 190 2683 2682)
4(193 194 2687 2686)
4(197 198 2691 2690)
4(201 202 2695 2694)
4(162 165 2658 2655)
4(166 169 2662 2659)
4(170 173 2666 2663)
4(174 177 2670 2667)
4(178 181 2674 2671)
4(182 185 2678 2675)
4(186 189 2682 2679)
4(190 193 2686 2683)
4(194 197 2690 2687)
4(198 201 2694 2691)
4(202 204 2697 2695)
4(383 384 2877 2876)
4(387 388 2881 2880)
4(391 392 2885 2884)
4(395 396 2889 2888)
4(399 400 2893 2892)
4(403 404 2897 2896)
4(407 408 2901 2900)
4(388 383 2876 2881)
4(392 387 2880 2885)
4(396 391 2884 2889)
4(400 395 2888 2893)
4(404 399 2892 2897)
4(408 403 2896 2901)
4(410 407 2900 2903)
4(1290 1291 3784 3783)
4(1294 1295 3788 3787)
4(1298 1299 3792 3791)
4(1302 1303 3796 3795)
4(1306 1307 3800 3799)
4(1310 1311 3804 3803)
4(1314 1315 3808 3807)
4(1318 1319 3812 3811)
4(1322 1323 3816 3815)
4(1326 1327 3820 3819)
4(1330 1331 3824 3823)
4(1334 1335 3828 3827)
4(1338 1339 3832 3831)
4(1342 1343 3836 3835)
4(1346 1347 3840 3839)
4(1350 1351 3844 3843)
4(1354 1355 3848 3847)
4(1358 1359 3852 3851)
4(1362 1363 3856 3855)
4(1366 1367 3860 3859)
4(1370 1371 3864 3863)
4(1291 1294 3787 3784)
4(1295 1298 3791 3788)
4(1299 1302 3795 3792)
4(1303 1306 3799 3796)
4(1307 1310 3803 3800)
4(1311 1314 3807 3804)
4(1315 1318 3811 3808)
4(1319 1322 3815 3812)
4(1323 1326 3819 3816)
4(1327 1330 3823 3820)
4(1331 1334 3827 3824)
4(1335 1338 3831 3828)
4(1339 1342 3835 3832)
4(1343 1346 3839 3836)
4(1347 1350 3843 3840)
4(1351 1354 3847 3844)
4(1355 1358 3851 3848)
4(1359 1362 3855 3852)
4(1363 1366 3859 3856)
4(1367 1370 3863 3860)
4(1373 410 2903 3866)
4(1376 1377 3870 3869)
4(1380 1381 3874 3873)
4(1384 1385 3878 3877)
4(1388 1389 3882 3881)
4(1392 1393 3886 3885)
4(1396 1397 3890 3889)
4(1400 1401 3894 3893)
4(1404 1405 3898 3897)
4(1408 1409 3902 3901)
4(1412 1413 3906 3905)
4(1416 1417 3910 3909)
4(1420 1421 3914 3913)
4(1424 1425 3918 3917)
4(1428 1429 3922 3921)
4(1432 1433 3926 3925)
4(1436 1437 3930 3929)
4(1440 1441 3934 3933)
4(1444 1445 3938 3937)
4(1448 1449 3942 3941)
4(1452 1453 3946 3945)
4(1377 1373 3866 3870)
4(1381 1376 3869 3874)
4(1385 1380 3873 3878)
4(1389 1384 3877 3882)
4(1393 1388 3881 3886)
4(1397 1392 3885 3890)
4(1401 1396 3889 3894)
4(1405 1400 3893 3898)
4(1409 1404 3897 3902)
4(1413 1408 3901 3906)
4(1417 1412 3905 3910)
4(1421 1416 3909 3914)
4(1425 1420 3913 3918)
4(1429 1424 3917 3922)
4(1433 1428 3921 3926)
4(1437 1432 3925 3930)
4(1441 1436 3929 3934)
4(1445 1440 3933 3938)
4(1449 1444 3937 3942)
4(1453 1448 3941 3946)
4(2191 2189 4682 4684)
4(2193 2191 4684 4686)
4(2196 2197 4690 4689)
4(2200 2201 4694 4693)
4(2204 2205 4698 4697)
4(2208 2209 4702 4701)
4(2212 2213 4706 4705)
4(2216 2217 4710 4709)
4(2220 2221 4714 4713)
4(2224 2225 4718 4717)
4(2228 2229 4722 4721)
4(2232 2233 4726 4725)
4(2236 2237 4730 4729)
4(2240 2241 4734 4733)
4(2244 2245 4738 4737)
4(2248 2249 4742 4741)
4(2252 2253 4746 4745)
4(2256 2257 4750 4749)
4(2260 2261 4754 4753)
4(2264 2265 4758 4757)
4(2268 2269 4762 4761)
4(2272 2273 4766 4765)
4(2197 2193 4686 4690)
4(2201 2196 4689 4694)
4(2205 2200 4693 4698)
4(2209 2204 4697 4702)
4(2213 2208 4701 4706)
4(2217 2212 4705 4710)
4(2221 2216 4709 4714)
4(2225 2220 4713 4718)
4(2229 2224 4717 4722)
4(2233 2228 4721 4726)
4(2237 2232 4725 4730)
4(2241 2236 4729 4734)
4(2245 2240 4733 4738)
4(2249 2244 4737 4742)
4(2253 2248 4741 4746)
4(2257 2252 4745 4750)
4(2261 2256 4749 4754)
4(2265 2260 4753 4758)
4(2269 2264 4757 4762)
4(2273 2268 4761 4766)
4(384 2272 4765 2877)
4(204 2307 4800 2697)
4(2310 2311 4804 4803)
4(2314 2315 4808 4807)
4(2307 2310 4803 4800)
4(2311 2314 4807 4804)
4(2315 2317 4810 4808)
4(2441 2442 4935 4934)
4(2445 2446 4939 4938)
4(2449 2450 4943 4942)
4(2453 2454 4947 4946)
4(2457 2458 4951 4950)
4(2461 2462 4955 4954)
4(2442 2445 4938 4935)
4(2446 2449 4942 4939)
4(2450 2453 4946 4943)
4(2454 2457 4950 4947)
4(2458 2461 4954 4951)
4(2462 1290 3783 4955)
4(2317 2464 4957 4810)
4(2467 2468 4961 4960)
4(2471 2472 4965 4964)
4(2475 2476 4969 4968)
4(2479 2480 4973 4972)
4(2483 2484 4977 4976)
4(2487 2488 4981 4980)
4(2491 2492 4985 4984)
4(2464 2467 4960 4957)
4(2468 2471 4964 4961)
4(2472 2475 4968 4965)
4(2476 2479 4972 4969)
4(2480 2483 4976 4973)
4(2484 2487 4980 4977)
4(2488 2491 4984 4981)
4(2492 2441 4934 4985)
4(2494 2493 2496 2497)
4(2493 2495 2498 2496)
4(2497 2496 2499 2500)
4(2496 2498 2501 2499)
4(2502 2503 2504 2505)
4(2505 2504 2506 2507)
4(2495 2508 2514 2498)
4(2508 2509 2515 2514)
4(2509 2510 2516 2515)
4(2510 2511 2517 2516)
4(2511 2512 2518 2517)
5(2512 2513 2519 2520 2518)
4(2513 2521 2522 2519)
4(2523 2524 2525 2526)
4(2527 2526 2525 2528)
4(2523 2526 2522 2521)
4(2527 2529 2522 2526)
4(2520 2519 2522 2529)
4(2498 2514 2530 2501)
4(2514 2515 2531 2530)
4(2515 2516 2532 2531)
4(2516 2517 2533 2532)
4(2517 2518 2534 2533)
5(2518 2520 2535 2536 2534)
4(2520 2529 2537 2535)
4(2527 2528 2538 2539)
4(2531 2532 2540 2541)
4(2532 2533 2542 2540)
4(2533 2534 2543 2542)
5(2534 2536 2544 2545 2543)
4(2536 2546 2547 2544)
4(2548 2549 2550 2551)
4(2541 2540 2552 2553)
4(2540 2542 2554 2552)
4(2542 2543 2555 2554)
5(2543 2545 2556 2557 2555)
4(2545 2558 2559 2556)
4(2560 2561 2562 2563)
4(2553 2552 2564 2565)
4(2552 2554 2566 2564)
4(2554 2555 2567 2566)
5(2555 2557 2568 2569 2567)
4(2557 2570 2571 2568)
4(2572 2573 2574 2575)
4(2565 2564 2576 2577)
4(2564 2566 2578 2576)
4(2566 2567 2579 2578)
5(2567 2569 2580 2581 2579)
4(2569 2582 2583 2580)
4(2584 2585 2586 2587)
4(2577 2576 2503 2502)
4(2576 2578 2588 2503)
4(2578 2579 2589 2588)
5(2579 2581 2590 2591 2589)
4(2581 2592 2593 2590)
4(2594 2595 2596 2597)
4(2503 2588 2598 2504)
4(2588 2589 2599 2598)
5(2589 2591 2600 2601 2599)
4(2591 2602 2603 2600)
4(2604 2605 2606 2607)
4(2504 2598 2608 2506)
4(2598 2599 2609 2608)
5(2599 2601 2610 2611 2609)
4(2601 2612 2613 2610)
4(2614 2615 2616 2617)
5(2609 2611 2618 2619 2620)
4(2611 2621 2622 2618)
4(2623 2624 2625 2626)
5(2620 2619 2627 2628 2629)
4(2619 2630 2631 2627)
4(2632 2633 2634 2635)
5(2629 2628 2636 2637 2638)
4(2628 2639 2640 2636)
4(2641 2642 2643 2644)
4(2548 2539 2538 2549)
4(2560 2551 2550 2561)
4(2572 2563 2562 2573)
4(2584 2575 2574 2585)
4(2594 2587 2586 2595)
4(2604 2597 2596 2605)
4(2614 2607 2606 2615)
4(2623 2617 2616 2624)
4(2632 2626 2625 2633)
4(2641 2635 2634 2642)
4(2645 2644 2643 2646)
4(2527 2539 2537 2529)
4(2548 2546 2537 2539)
4(2536 2535 2537 2546)
4(2548 2551 2547 2546)
4(2560 2558 2547 2551)
4(2545 2544 2547 2558)
4(2560 2563 2559 2558)
4(2572 2570 2559 2563)
4(2557 2556 2559 2570)
4(2572 2575 2571 2570)
4(2584 2582 2571 2575)
4(2569 2568 2571 2582)
4(2584 2587 2583 2582)
4(2594 2592 2583 2587)
4(2581 2580 2583 2592)
4(2594 2597 2593 2592)
4(2604 2602 2593 2597)
4(2591 2590 2593 2602)
4(2604 2607 2603 2602)
4(2614 2612 2603 2607)
4(2601 2600 2603 2612)
4(2614 2617 2613 2612)
4(2623 2621 2613 2617)
4(2611 2610 2613 2621)
4(2623 2626 2622 2621)
4(2632 2630 2622 2626)
4(2619 2618 2622 2630)
4(2632 2635 2631 2630)
4(2641 2639 2631 2635)
4(2628 2627 2631 2639)
4(2641 2644 2640 2639)
4(2645 2647 2640 2644)
4(2637 2636 2640 2647)
4(2525 2524 2648 2649)
4(2649 2648 2650 2651)
4(2528 2525 2649 2652)
4(2652 2649 2651 2653)
4(2538 2528 2652 2654)
4(2654 2652 2653 2655)
4(2550 2549 2656 2657)
4(2657 2656 2658 2659)
4(2562 2561 2660 2661)
4(2661 2660 2662 2663)
4(2574 2573 2664 2665)
4(2665 2664 2666 2667)
4(2586 2585 2668 2669)
4(2669 2668 2670 2671)
4(2596 2595 2672 2673)
4(2673 2672 2674 2675)
4(2606 2605 2676 2677)
4(2677 2676 2678 2679)
4(2616 2615 2680 2681)
4(2681 2680 2682 2683)
4(2625 2624 2684 2685)
4(2685 2684 2686 2687)
4(2634 2633 2688 2689)
4(2689 2688 2690 2691)
4(2643 2642 2692 2693)
4(2693 2692 2694 2695)
4(2549 2538 2654 2656)
4(2656 2654 2655 2658)
4(2561 2550 2657 2660)
4(2660 2657 2659 2662)
4(2573 2562 2661 2664)
4(2664 2661 2663 2666)
4(2585 2574 2665 2668)
4(2668 2665 2667 2670)
4(2595 2586 2669 2672)
4(2672 2669 2671 2674)
4(2605 2596 2673 2676)
4(2676 2673 2675 2678)
4(2615 2606 2677 2680)
4(2680 2677 2679 2682)
4(2624 2616 2681 2684)
4(2684 2681 2683 2686)
4(2633 2625 2685 2688)
4(2688 2685 2687 2690)
4(2642 2634 2689 2692)
4(2692 2689 2691 2694)
4(2646 2643 2693 2696)
4(2696 2693 2695 2697)
4(2698 2699 2700 2701)
4(2699 2702 2703 2700)
4(2702 2704 2705 2703)
4(2704 2706 2707 2705)
4(2706 2708 2709 2707)
4(2710 2701 2711 2712)
4(2701 2700 2713 2711)
4(2700 2703 2714 2713)
4(2703 2705 2715 2714)
4(2705 2707 2716 2715)
4(2707 2709 2717 2716)
4(2709 2718 2719 2717)
4(2718 2720 2721 2719)
4(2720 2722 2723 2721)
4(2722 2724 2725 2723)
4(2724 2726 2727 2725)
4(2726 2728 2729 2727)
4(2728 2730 2731 2729)
4(2730 2732 2733 2731)
4(2732 2734 2735 2733)
4(2734 2736 2737 2735)
4(2736 2738 2739 2737)
4(2712 2711 2740 2741)
4(2711 2713 2742 2740)
4(2713 2714 2743 2742)
4(2714 2715 2744 2743)
4(2715 2716 2745 2744)
4(2716 2717 2746 2745)
4(2717 2719 2747 2746)
4(2719 2721 2748 2747)
4(2721 2723 2749 2748)
4(2723 2725 2750 2749)
4(2725 2727 2751 2750)
4(2727 2729 2752 2751)
4(2729 2731 2753 2752)
4(2731 2733 2754 2753)
4(2733 2735 2755 2754)
4(2735 2737 2756 2755)
4(2737 2739 2757 2756)
4(2758 2759 2760 2761)
4(2762 2763 2764 2765)
5(2766 2767 2768 2769 2770)
4(2771 2772 2773 2774)
4(2775 2776 2777 2778)
5(2769 2768 2779 2780 2781)
4(2782 2783 2784 2785)
4(2786 2787 2788 2789)
5(2780 2779 2790 2791 2792)
4(2779 2793 2794 2790)
4(2793 2795 2796 2794)
4(2795 2797 2798 2796)
4(2797 2799 2800 2798)
4(2801 2802 2803 2804)
4(2805 2806 2807 2808)
5(2791 2790 2809 2810 2811)
4(2790 2794 2812 2809)
4(2794 2796 2813 2812)
4(2796 2798 2814 2813)
4(2798 2800 2815 2814)
4(2800 2816 2817 2815)
4(2818 2819 2820 2821)
4(2822 2823 2824 2825)
5(2810 2809 2826 2827 2828)
4(2809 2812 2829 2826)
4(2812 2813 2830 2829)
4(2813 2814 2831 2830)
4(2814 2815 2832 2831)
4(2815 2817 2833 2832)
4(2834 2835 2836 2837)
4(2838 2839 2840 2841)
5(2827 2826 2842 2843 2844)
4(2826 2829 2698 2842)
4(2829 2830 2699 2698)
4(2830 2831 2702 2699)
4(2831 2832 2704 2702)
4(2832 2833 2706 2704)
4(2845 2846 2847 2848)
4(2849 2850 2851 2852)
5(2843 2842 2710 2853 2854)
4(2842 2698 2701 2710)
4(2758 2761 2855 2856)
4(2771 2857 2855 2761)
4(2771 2774 2858 2857)
4(2782 2859 2858 2774)
4(2782 2785 2860 2859)
4(2801 2861 2860 2785)
4(2801 2804 2862 2861)
4(2818 2863 2862 2804)
4(2818 2821 2864 2863)
4(2834 2865 2864 2821)
4(2834 2837 2866 2865)
4(2845 2867 2866 2837)
4(2845 2848 2868 2867)
4(2869 2870 2868 2848)
4(2762 2765 2760 2759)
4(2775 2772 2760 2765)
4(2771 2761 2760 2772)
4(2766 2770 2764 2763)
4(2769 2776 2764 2770)
4(2775 2765 2764 2776)
4(2775 2778 2773 2772)
4(2786 2783 2773 2778)
4(2782 2774 2773 2783)
4(2769 2781 2777 2776)
4(2780 2787 2777 2781)
4(2786 2778 2777 2787)
4(2786 2789 2784 2783)
4(2805 2802 2784 2789)
4(2801 2785 2784 2802)
4(2780 2792 2788 2787)
4(2791 2806 2788 2792)
4(2805 2789 2788 2806)
4(2805 2808 2803 2802)
4(2822 2819 2803 2808)
4(2818 2804 2803 2819)
4(2791 2811 2807 2806)
4(2810 2823 2807 2811)
4(2822 2808 2807 2823)
4(2822 2825 2820 2819)
4(2838 2835 2820 2825)
4(2834 2821 2820 2835)
4(2810 2828 2824 2823)
4(2827 2839 2824 2828)
4(2838 2825 2824 2839)
4(2838 2841 2836 2835)
4(2849 2846 2836 2841)
4(2845 2837 2836 2846)
4(2827 2844 2840 2839)
4(2843 2850 2840 2844)
4(2849 2841 2840 2850)
4(2849 2852 2847 2846)
4(2871 2872 2847 2852)
4(2869 2848 2847 2872)
4(2843 2854 2851 2850)
4(2853 2873 2851 2854)
4(2871 2852 2851 2873)
4(2856 2855 2874 2875)
4(2875 2874 2876 2877)
4(2857 2858 2878 2879)
4(2879 2878 2880 2881)
4(2859 2860 2882 2883)
4(2883 2882 2884 2885)
4(2861 2862 2886 2887)
4(2887 2886 2888 2889)
4(2863 2864 2890 2891)
4(2891 2890 2892 2893)
4(2865 2866 2894 2895)
4(2895 2894 2896 2897)
4(2867 2868 2898 2899)
4(2899 2898 2900 2901)
4(2855 2857 2879 2874)
4(2874 2879 2881 2876)
4(2858 2859 2883 2878)
4(2878 2883 2885 2880)
4(2860 2861 2887 2882)
4(2882 2887 2889 2884)
4(2862 2863 2891 2886)
4(2886 2891 2893 2888)
4(2864 2865 2895 2890)
4(2890 2895 2897 2892)
4(2866 2867 2899 2894)
4(2894 2899 2901 2896)
4(2868 2870 2902 2898)
4(2898 2902 2903 2900)
4(2869 2872 2904 2905)
4(2871 2873 2906 2907)
5(2853 2710 2712 2908 2909)
4(2738 2910 2911 2739)
5(2910 2912 2913 2914 2911)
4(2912 2915 2916 2913)
4(2917 2918 2919 2920)
4(2921 2922 2923 2924)
4(2925 2926 2927 2928)
5(2908 2712 2741 2929 2930)
4(2739 2911 2931 2757)
5(2911 2914 2932 2933 2931)
4(2914 2934 2935 2932)
4(2936 2937 2938 2939)
4(2940 2941 2942 2943)
4(2944 2945 2946 2947)
5(2929 2741 2948 2949 2950)
4(2741 2740 2951 2948)
4(2740 2742 2952 2951)
4(2742 2743 2953 2952)
4(2743 2744 2954 2953)
4(2744 2745 2955 2954)
4(2745 2746 2956 2955)
4(2746 2747 2957 2956)
4(2747 2748 2958 2957)
4(2748 2749 2959 2958)
4(2749 2750 2960 2959)
4(2750 2751 2961 2960)
4(2751 2752 2962 2961)
4(2752 2753 2963 2962)
4(2753 2754 2964 2963)
4(2754 2755 2965 2964)
4(2755 2756 2966 2965)
4(2756 2757 2967 2966)
4(2757 2931 2968 2967)
5(2931 2933 2969 2970 2968)
4(2933 2971 2972 2969)
4(2973 2974 2975 2976)
4(2977 2978 2979 2980)
4(2981 2982 2983 2984)
5(2949 2948 2985 2986 2987)
4(2948 2951 2988 2985)
4(2951 2952 2989 2988)
4(2952 2953 2990 2989)
4(2953 2954 2991 2990)
4(2954 2955 2992 2991)
4(2955 2956 2993 2992)
4(2956 2957 2994 2993)
4(2957 2958 2995 2994)
4(2958 2959 2996 2995)
4(2959 2960 2997 2996)
4(2960 2961 2998 2997)
4(2961 2962 2999 2998)
4(2962 2963 3000 2999)
4(2963 2964 3001 3000)
4(2964 2965 3002 3001)
4(2965 2966 3003 3002)
4(2966 2967 3004 3003)
4(2967 2968 3005 3004)
5(2968 2970 3006 3007 3005)
4(2970 3008 3009 3006)
4(3010 3011 3012 3013)
4(3014 3015 3016 3017)
4(3018 3019 3020 3021)
5(2986 2985 3022 3023 3024)
4(2985 2988 3025 3022)
4(2988 2989 3026 3025)
4(2989 2990 3027 3026)
4(2990 2991 3028 3027)
4(2991 2992 3029 3028)
4(2992 2993 3030 3029)
4(2993 2994 3031 3030)
4(2994 2995 3032 3031)
4(2995 2996 3033 3032)
4(2996 2997 3034 3033)
4(2997 2998 3035 3034)
4(2998 2999 3036 3035)
4(2999 3000 3037 3036)
4(3000 3001 3038 3037)
4(3001 3002 3039 3038)
4(3002 3003 3040 3039)
4(3003 3004 3041 3040)
4(3004 3005 3042 3041)
5(3005 3007 3043 3044 3042)
4(3007 3045 3046 3043)
4(3047 3048 3049 3050)
4(3051 3052 3053 3054)
4(3055 3056 3057 3058)
5(3023 3022 3059 3060 3061)
4(3022 3025 3062 3059)
4(3025 3026 3063 3062)
4(3026 3027 3064 3063)
4(3027 3028 3065 3064)
4(3028 3029 3066 3065)
4(3029 3030 3067 3066)
4(3030 3031 3068 3067)
4(3031 3032 3069 3068)
4(3032 3033 3070 3069)
4(3033 3034 3071 3070)
4(3034 3035 3072 3071)
4(3035 3036 3073 3072)
4(3036 3037 3074 3073)
4(3037 3038 3075 3074)
4(3038 3039 3076 3075)
4(3039 3040 3077 3076)
4(3040 3041 3078 3077)
4(3041 3042 3079 3078)
5(3042 3044 3080 3081 3079)
4(3044 3082 3083 3080)
4(3084 3085 3086 3087)
4(3088 3089 3090 3091)
4(3092 3093 3094 3095)
5(3060 3059 3096 3097 3098)
4(3059 3062 3099 3096)
4(3062 3063 3100 3099)
4(3063 3064 3101 3100)
4(3064 3065 3102 3101)
4(3065 3066 3103 3102)
4(3066 3067 3104 3103)
4(3067 3068 3105 3104)
4(3068 3069 3106 3105)
4(3069 3070 3107 3106)
4(3070 3071 3108 3107)
4(3071 3072 3109 3108)
4(3072 3073 3110 3109)
4(3073 3074 3111 3110)
4(3074 3075 3112 3111)
4(3075 3076 3113 3112)
4(3076 3077 3114 3113)
4(3077 3078 3115 3114)
4(3078 3079 3116 3115)
5(3079 3081 3117 3118 3116)
4(3081 3119 3120 3117)
4(3121 3122 3123 3124)
4(3125 3126 3127 3128)
4(3129 3130 3131 3132)
5(3097 3096 3133 3134 3135)
4(3096 3099 3136 3133)
4(3099 3100 3137 3136)
4(3100 3101 3138 3137)
4(3101 3102 3139 3138)
4(3102 3103 3140 3139)
4(3103 3104 3141 3140)
4(3104 3105 3142 3141)
4(3105 3106 3143 3142)
4(3106 3107 3144 3143)
4(3107 3108 3145 3144)
4(3108 3109 3146 3145)
4(3109 3110 3147 3146)
4(3110 3111 3148 3147)
4(3111 3112 3149 3148)
4(3112 3113 3150 3149)
4(3113 3114 3151 3150)
4(3114 3115 3152 3151)
4(3115 3116 3153 3152)
5(3116 3118 3154 3155 3153)
4(3118 3156 3157 3154)
4(3158 3159 3160 3161)
4(3162 3163 3164 3165)
4(3166 3167 3168 3169)
5(3134 3133 3170 3171 3172)
4(3133 3136 3173 3170)
4(3136 3137 3174 3173)
4(3137 3138 3175 3174)
4(3138 3139 3176 3175)
4(3139 3140 3177 3176)
4(3140 3141 3178 3177)
4(3141 3142 3179 3178)
4(3142 3143 3180 3179)
4(3143 3144 3181 3180)
4(3144 3145 3182 3181)
4(3145 3146 3183 3182)
4(3146 3147 3184 3183)
4(3147 3148 3185 3184)
4(3148 3149 3186 3185)
4(3149 3150 3187 3186)
4(3150 3151 3188 3187)
4(3151 3152 3189 3188)
4(3152 3153 3190 3189)
5(3153 3155 3191 3192 3190)
4(3155 3193 3194 3191)
4(3195 3196 3197 3198)
4(3199 3200 3201 3202)
4(3203 3204 3205 3206)
5(3171 3170 3207 3208 3209)
4(3170 3173 3210 3207)
4(3173 3174 3211 3210)
4(3174 3175 3212 3211)
4(3175 3176 3213 3212)
4(3176 3177 3214 3213)
4(3177 3178 3215 3214)
4(3178 3179 3216 3215)
4(3179 3180 3217 3216)
4(3180 3181 3218 3217)
4(3181 3182 3219 3218)
4(3182 3183 3220 3219)
4(3183 3184 3221 3220)
4(3184 3185 3222 3221)
4(3185 3186 3223 3222)
4(3186 3187 3224 3223)
4(3187 3188 3225 3224)
4(3188 3189 3226 3225)
4(3189 3190 3227 3226)
5(3190 3192 3228 3229 3227)
4(3192 3230 3231 3228)
4(3232 3233 3234 3235)
4(3236 3237 3238 3239)
4(3240 3241 3242 3243)
5(3208 3207 3244 3245 3246)
4(3207 3210 3247 3244)
4(3210 3211 3248 3247)
4(3211 3212 3249 3248)
4(3212 3213 3250 3249)
4(3213 3214 3251 3250)
4(3214 3215 3252 3251)
4(3215 3216 3253 3252)
4(3216 3217 3254 3253)
4(3217 3218 3255 3254)
4(3218 3219 3256 3255)
4(3219 3220 3257 3256)
4(3220 3221 3258 3257)
4(3221 3222 3259 3258)
4(3222 3223 3260 3259)
4(3223 3224 3261 3260)
4(3224 3225 3262 3261)
4(3225 3226 3263 3262)
4(3226 3227 3264 3263)
5(3227 3229 3265 3266 3264)
4(3229 3267 3268 3265)
4(3269 3270 3271 3272)
4(3273 3274 3275 3276)
4(3277 3278 3279 3280)
5(3245 3244 3281 3282 3283)
4(3244 3247 3284 3281)
4(3247 3248 3285 3284)
4(3248 3249 3286 3285)
4(3249 3250 3287 3286)
4(3250 3251 3288 3287)
4(3251 3252 3289 3288)
4(3252 3253 3290 3289)
4(3253 3254 3291 3290)
4(3254 3255 3292 3291)
4(3255 3256 3293 3292)
4(3256 3257 3294 3293)
4(3257 3258 3295 3294)
4(3258 3259 3296 3295)
4(3259 3260 3297 3296)
4(3260 3261 3298 3297)
4(3261 3262 3299 3298)
4(3262 3263 3300 3299)
4(3263 3264 3301 3300)
5(3264 3266 3302 3303 3301)
4(3266 3304 3305 3302)
4(3306 3307 3308 3309)
4(3310 3311 3312 3313)
4(3314 3315 3316 3317)
5(3282 3281 3318 3319 3320)
4(3281 3284 3321 3318)
4(3284 3285 3322 3321)
4(3285 3286 3323 3322)
4(3286 3287 3324 3323)
4(3287 3288 3325 3324)
4(3288 3289 3326 3325)
4(3289 3290 3327 3326)
4(3290 3291 3328 3327)
4(3291 3292 3329 3328)
4(3292 3293 3330 3329)
4(3293 3294 3331 3330)
4(3294 3295 3332 3331)
4(3295 3296 3333 3332)
4(3296 3297 3334 3333)
4(3297 3298 3335 3334)
4(3298 3299 3336 3335)
4(3299 3300 3337 3336)
4(3300 3301 3338 3337)
5(3301 3303 3339 3340 3338)
4(3303 3341 3342 3339)
4(3343 3344 3345 3346)
4(3347 3348 3349 3350)
4(3351 3352 3353 3354)
5(3319 3318 3355 3356 3357)
4(3318 3321 3358 3355)
4(3321 3322 3359 3358)
4(3322 3323 3360 3359)
4(3323 3324 3361 3360)
4(3324 3325 3362 3361)
4(3325 3326 3363 3362)
4(3326 3327 3364 3363)
4(3327 3328 3365 3364)
4(3328 3329 3366 3365)
4(3329 3330 3367 3366)
4(3330 3331 3368 3367)
4(3331 3332 3369 3368)
4(3332 3333 3370 3369)
4(3333 3334 3371 3370)
4(3334 3335 3372 3371)
4(3335 3336 3373 3372)
4(3336 3337 3374 3373)
4(3337 3338 3375 3374)
5(3338 3340 3376 3377 3375)
4(3340 3378 3379 3376)
4(3380 3381 3382 3383)
4(3384 3385 3386 3387)
4(3388 3389 3390 3391)
5(3356 3355 3392 3393 3394)
4(3355 3358 3395 3392)
4(3358 3359 3396 3395)
4(3359 3360 3397 3396)
4(3360 3361 3398 3397)
4(3361 3362 3399 3398)
4(3362 3363 3400 3399)
4(3363 3364 3401 3400)
4(3364 3365 3402 3401)
4(3365 3366 3403 3402)
4(3366 3367 3404 3403)
4(3367 3368 3405 3404)
4(3368 3369 3406 3405)
4(3369 3370 3407 3406)
4(3370 3371 3408 3407)
4(3371 3372 3409 3408)
4(3372 3373 3410 3409)
4(3373 3374 3411 3410)
4(3374 3375 3412 3411)
5(3375 3377 3413 3414 3412)
4(3377 3415 3416 3413)
4(3417 3418 3419 3420)
4(3421 3422 3423 3424)
4(3425 3426 3427 3428)
5(3393 3392 3429 3430 3431)
4(3392 3395 3432 3429)
4(3395 3396 3433 3432)
4(3396 3397 3434 3433)
4(3397 3398 3435 3434)
4(3398 3399 3436 3435)
4(3399 3400 3437 3436)
4(3400 3401 3438 3437)
4(3401 3402 3439 3438)
4(3402 3403 3440 3439)
4(3403 3404 3441 3440)
4(3404 3405 3442 3441)
4(3405 3406 3443 3442)
4(3406 3407 3444 3443)
4(3407 3408 3445 3444)
4(3408 3409 3446 3445)
4(3409 3410 3447 3446)
4(3410 3411 3448 3447)
4(3411 3412 3449 3448)
5(3412 3414 3450 3451 3449)
4(3414 3452 3453 3450)
4(3454 3455 3456 3457)
4(3458 3459 3460 3461)
4(3462 3463 3464 3465)
5(3430 3429 3466 3467 3468)
4(3429 3432 3469 3466)
4(3432 3433 3470 3469)
4(3433 3434 3471 3470)
4(3434 3435 3472 3471)
4(3435 3436 3473 3472)
4(3436 3437 3474 3473)
4(3437 3438 3475 3474)
4(3438 3439 3476 3475)
4(3439 3440 3477 3476)
4(3440 3441 3478 3477)
4(3441 3442 3479 3478)
4(3442 3443 3480 3479)
4(3443 3444 3481 3480)
4(3444 3445 3482 3481)
4(3445 3446 3483 3482)
4(3446 3447 3484 3483)
4(3447 3448 3485 3484)
4(3448 3449 3486 3485)
5(3449 3451 3487 3488 3486)
4(3451 3489 3490 3487)
4(3491 3492 3493 3494)
4(3495 3496 3497 3498)
4(3499 3500 3501 3502)
5(3467 3466 3503 3504 3505)
4(3466 3469 3506 3503)
4(3469 3470 3507 3506)
4(3470 3471 3508 3507)
4(3471 3472 3509 3508)
4(3472 3473 3510 3509)
4(3473 3474 3511 3510)
4(3474 3475 3512 3511)
4(3475 3476 3513 3512)
4(3476 3477 3514 3513)
4(3477 3478 3515 3514)
4(3478 3479 3516 3515)
4(3479 3480 3517 3516)
4(3480 3481 3518 3517)
4(3481 3482 3519 3518)
4(3482 3483 3520 3519)
4(3483 3484 3521 3520)
4(3484 3485 3522 3521)
4(3485 3486 3523 3522)
5(3486 3488 3524 3525 3523)
4(3488 3526 3527 3524)
4(3528 3529 3530 3531)
4(3532 3533 3534 3535)
4(3536 3537 3538 3539)
6(3504 3503 3540 3541 3542 3543)
5(3503 3506 3544 3545 3540)
5(3506 3507 3546 3547 3544)
5(3507 3508 3548 3549 3546)
5(3508 3509 3550 3551 3548)
5(3509 3510 3552 3553 3550)
5(3510 3511 3554 3555 3552)
5(3511 3512 3556 3557 3554)
5(3512 3513 3558 3559 3556)
5(3513 3514 3560 3561 3558)
5(3514 3515 3562 3563 3560)
5(3515 3516 3564 3565 3562)
5(3516 3517 3566 3567 3564)
5(3517 3518 3568 3569 3566)
5(3518 3519 3570 3571 3568)
5(3519 3520 3572 3573 3570)
5(3520 3521 3574 3575 3572)
5(3521 3522 3576 3577 3574)
5(3522 3523 3578 3579 3576)
6(3523 3525 3580 3581 3582 3578)
4(3525 3583 3584 3580)
4(3585 3586 3587 3588)
4(3589 3590 3591 3592)
4(3593 3594 3595 3596)
4(3542 3541 3597 3598)
4(3540 3545 3599 3600)
4(3544 3547 3601 3602)
4(3546 3549 3603 3604)
4(3548 3551 3605 3606)
4(3550 3553 3607 3608)
4(3552 3555 3609 3610)
4(3554 3557 3611 3612)
4(3556 3559 3613 3614)
4(3558 3561 3615 3616)
4(3560 3563 3617 3618)
4(3562 3565 3619 3620)
4(3564 3567 3621 3622)
4(3566 3569 3623 3624)
4(3568 3571 3625 3626)
4(3570 3573 3627 3628)
4(3572 3575 3629 3630)
4(3574 3577 3631 3632)
4(3576 3579 3633 3634)
4(3578 3582 3635 3636)
4(3581 3637 3638 3639)
4(3640 3641 3642 3643)
4(3644 3645 3646 3647)
4(3648 3649 3650 3651)
4(3652 3653 3654 3655)
4(3656 3657 3658 3659)
4(3660 3661 3662 3663)
4(3664 3665 3666 3667)
4(3668 3669 3670 3671)
4(3672 3673 3674 3675)
4(3676 3677 3678 3679)
4(3680 3681 3682 3683)
4(3684 3685 3686 3687)
4(3688 3689 3690 3691)
4(3692 3693 3694 3695)
4(3696 3697 3698 3699)
4(3700 3701 3702 3703)
4(3704 3705 3706 3707)
4(3708 3709 3710 3711)
4(3712 3713 3714 3715)
4(3716 3717 3718 3719)
4(3720 3721 3722 3723)
4(3724 3725 3726 3727)
4(3728 3729 3730 3731)
4(3732 3733 3734 3735)
4(3736 3737 3738 3739)
4(2869 2905 3740 2870)
4(2921 3741 3740 2905)
4(2936 2920 2919 2937)
4(2921 2924 3742 3741)
4(2940 3743 3742 2924)
4(2973 2939 2938 2974)
4(2940 2943 3744 3743)
4(2977 3745 3744 2943)
4(3010 2976 2975 3011)
4(2977 2980 3746 3745)
4(3014 3747 3746 2980)
4(3047 3013 3012 3048)
4(3014 3017 3748 3747)
4(3051 3749 3748 3017)
4(3084 3050 3049 3085)
4(3051 3054 3750 3749)
4(3088 3751 3750 3054)
4(3121 3087 3086 3122)
4(3088 3091 3752 3751)
4(3125 3753 3752 3091)
4(3158 3124 3123 3159)
4(3125 3128 3754 3753)
4(3162 3755 3754 3128)
4(3195 3161 3160 3196)
4(3162 3165 3756 3755)
4(3199 3757 3756 3165)
4(3232 3198 3197 3233)
4(3199 3202 3758 3757)
4(3236 3759 3758 3202)
4(3269 3235 3234 3270)
4(3236 3239 3760 3759)
4(3273 3761 3760 3239)
4(3306 3272 3271 3307)
4(3273 3276 3762 3761)
4(3310 3763 3762 3276)
4(3343 3309 3308 3344)
4(3310 3313 3764 3763)
4(3347 3765 3764 3313)
4(3380 3346 3345 3381)
4(3347 3350 3766 3765)
4(3384 3767 3766 3350)
4(3417 3383 3382 3418)
4(3384 3387 3768 3767)
4(3421 3769 3768 3387)
4(3454 3420 3419 3455)
4(3421 3424 3770 3769)
4(3458 3771 3770 3424)
4(3491 3457 3456 3492)
4(3458 3461 3772 3771)
4(3495 3773 3772 3461)
4(3528 3494 3493 3529)
4(3495 3498 3774 3773)
4(3532 3775 3774 3498)
4(3585 3531 3530 3586)
4(3532 3535 3776 3775)
4(3589 3777 3776 3535)
4(3640 3588 3587 3641)
4(3589 3592 3778 3777)
4(3644 3779 3778 3592)
4(3736 3643 3642 3737)
4(3644 3647 3780 3779)
4(3648 3651 3646 3645)
4(3652 3655 3650 3649)
4(3656 3659 3654 3653)
4(3660 3663 3658 3657)
4(3664 3667 3662 3661)
4(3668 3671 3666 3665)
4(3672 3675 3670 3669)
4(3676 3679 3674 3673)
4(3680 3683 3678 3677)
4(3684 3687 3682 3681)
4(3688 3691 3686 3685)
4(3692 3695 3690 3689)
4(3696 3699 3694 3693)
4(3700 3703 3698 3697)
4(3704 3707 3702 3701)
4(3708 3711 3706 3705)
4(3712 3715 3710 3709)
4(3716 3719 3714 3713)
4(3720 3723 3718 3717)
4(3724 3727 3722 3721)
4(3728 3731 3726 3725)
4(3732 3735 3730 3729)
4(3736 3739 3734 3733)
4(2871 2907 2904 2872)
4(2925 2922 2904 2907)
4(2921 2905 2904 2922)
4(2853 2909 2906 2873)
4(2908 2926 2906 2909)
4(2925 2907 2906 2926)
4(2917 2920 2916 2915)
4(2936 2934 2916 2920)
4(2914 2913 2916 2934)
4(2925 2928 2923 2922)
4(2944 2941 2923 2928)
4(2940 2924 2923 2941)
4(2908 2930 2927 2926)
4(2929 2945 2927 2930)
4(2944 2928 2927 2945)
4(2936 2939 2935 2934)
4(2973 2971 2935 2939)
4(2933 2932 2935 2971)
4(2944 2947 2942 2941)
4(2981 2978 2942 2947)
4(2977 2943 2942 2978)
4(2929 2950 2946 2945)
4(2949 2982 2946 2950)
4(2981 2947 2946 2982)
4(2973 2976 2972 2971)
4(3010 3008 2972 2976)
4(2970 2969 2972 3008)
4(2981 2984 2979 2978)
4(3018 3015 2979 2984)
4(3014 2980 2979 3015)
4(2949 2987 2983 2982)
4(2986 3019 2983 2987)
4(3018 2984 2983 3019)
4(3010 3013 3009 3008)
4(3047 3045 3009 3013)
4(3007 3006 3009 3045)
4(3018 3021 3016 3015)
4(3055 3052 3016 3021)
4(3051 3017 3016 3052)
4(2986 3024 3020 3019)
4(3023 3056 3020 3024)
4(3055 3021 3020 3056)
4(3047 3050 3046 3045)
4(3084 3082 3046 3050)
4(3044 3043 3046 3082)
4(3055 3058 3053 3052)
4(3092 3089 3053 3058)
4(3088 3054 3053 3089)
4(3023 3061 3057 3056)
4(3060 3093 3057 3061)
4(3092 3058 3057 3093)
4(3084 3087 3083 3082)
4(3121 3119 3083 3087)
4(3081 3080 3083 3119)
4(3092 3095 3090 3089)
4(3129 3126 3090 3095)
4(3125 3091 3090 3126)
4(3060 3098 3094 3093)
4(3097 3130 3094 3098)
4(3129 3095 3094 3130)
4(3121 3124 3120 3119)
4(3158 3156 3120 3124)
4(3118 3117 3120 3156)
4(3129 3132 3127 3126)
4(3166 3163 3127 3132)
4(3162 3128 3127 3163)
4(3097 3135 3131 3130)
4(3134 3167 3131 3135)
4(3166 3132 3131 3167)
4(3158 3161 3157 3156)
4(3195 3193 3157 3161)
4(3155 3154 3157 3193)
4(3166 3169 3164 3163)
4(3203 3200 3164 3169)
4(3199 3165 3164 3200)
4(3134 3172 3168 3167)
4(3171 3204 3168 3172)
4(3203 3169 3168 3204)
4(3195 3198 3194 3193)
4(3232 3230 3194 3198)
4(3192 3191 3194 3230)
4(3203 3206 3201 3200)
4(3240 3237 3201 3206)
4(3236 3202 3201 3237)
4(3171 3209 3205 3204)
4(3208 3241 3205 3209)
4(3240 3206 3205 3241)
4(3232 3235 3231 3230)
4(3269 3267 3231 3235)
4(3229 3228 3231 3267)
4(3240 3243 3238 3237)
4(3277 3274 3238 3243)
4(3273 3239 3238 3274)
4(3208 3246 3242 3241)
4(3245 3278 3242 3246)
4(3277 3243 3242 3278)
4(3269 3272 3268 3267)
4(3306 3304 3268 3272)
4(3266 3265 3268 3304)
4(3277 3280 3275 3274)
4(3314 3311 3275 3280)
4(3310 3276 3275 3311)
4(3245 3283 3279 3278)
4(3282 3315 3279 3283)
4(3314 3280 3279 3315)
4(3306 3309 3305 3304)
4(3343 3341 3305 3309)
4(3303 3302 3305 3341)
4(3314 3317 3312 3311)
4(3351 3348 3312 3317)
4(3347 3313 3312 3348)
4(3282 3320 3316 3315)
4(3319 3352 3316 3320)
4(3351 3317 3316 3352)
4(3343 3346 3342 3341)
4(3380 3378 3342 3346)
4(3340 3339 3342 3378)
4(3351 3354 3349 3348)
4(3388 3385 3349 3354)
4(3384 3350 3349 3385)
4(3319 3357 3353 3352)
4(3356 3389 3353 3357)
4(3388 3354 3353 3389)
4(3380 3383 3379 3378)
4(3417 3415 3379 3383)
4(3377 3376 3379 3415)
4(3388 3391 3386 3385)
4(3425 3422 3386 3391)
4(3421 3387 3386 3422)
4(3356 3394 3390 3389)
4(3393 3426 3390 3394)
4(3425 3391 3390 3426)
4(3417 3420 3416 3415)
4(3454 3452 3416 3420)
4(3414 3413 3416 3452)
4(3425 3428 3423 3422)
4(3462 3459 3423 3428)
4(3458 3424 3423 3459)
4(3393 3431 3427 3426)
4(3430 3463 3427 3431)
4(3462 3428 3427 3463)
4(3454 3457 3453 3452)
4(3491 3489 3453 3457)
4(3451 3450 3453 3489)
4(3462 3465 3460 3459)
4(3499 3496 3460 3465)
4(3495 3461 3460 3496)
4(3430 3468 3464 3463)
4(3467 3500 3464 3468)
4(3499 3465 3464 3500)
4(3491 3494 3490 3489)
4(3528 3526 3490 3494)
4(3488 3487 3490 3526)
4(3499 3502 3497 3496)
4(3536 3533 3497 3502)
4(3532 3498 3497 3533)
4(3467 3505 3501 3500)
4(3504 3537 3501 3505)
4(3536 3502 3501 3537)
4(3528 3531 3527 3526)
4(3585 3583 3527 3531)
4(3525 3524 3527 3583)
4(3536 3539 3534 3533)
4(3593 3590 3534 3539)
4(3589 3535 3534 3590)
4(3504 3543 3538 3537)
4(3542 3594 3538 3543)
4(3593 3539 3538 3594)
4(3585 3588 3584 3583)
4(3640 3637 3584 3588)
4(3581 3580 3584 3637)
4(3593 3596 3591 3590)
4(3648 3645 3591 3596)
4(3644 3592 3591 3645)
4(3542 3598 3595 3594)
4(3652 3649 3595 3598)
4(3648 3596 3595 3649)
4(3540 3600 3597 3541)
4(3656 3653 3597 3600)
4(3652 3598 3597 3653)
4(3544 3602 3599 3545)
4(3660 3657 3599 3602)
4(3656 3600 3599 3657)
4(3546 3604 3601 3547)
4(3664 3661 3601 3604)
4(3660 3602 3601 3661)
4(3548 3606 3603 3549)
4(3668 3665 3603 3606)
4(3664 3604 3603 3665)
4(3550 3608 3605 3551)
4(3672 3669 3605 3608)
4(3668 3606 3605 3669)
4(3552 3610 3607 3553)
4(3676 3673 3607 3610)
4(3672 3608 3607 3673)
4(3554 3612 3609 3555)
4(3680 3677 3609 3612)
4(3676 3610 3609 3677)
4(3556 3614 3611 3557)
4(3684 3681 3611 3614)
4(3680 3612 3611 3681)
4(3558 3616 3613 3559)
4(3688 3685 3613 3616)
4(3684 3614 3613 3685)
4(3560 3618 3615 3561)
4(3692 3689 3615 3618)
4(3688 3616 3615 3689)
4(3562 3620 3617 3563)
4(3696 3693 3617 3620)
4(3692 3618 3617 3693)
4(3564 3622 3619 3565)
4(3700 3697 3619 3622)
4(3696 3620 3619 3697)
4(3566 3624 3621 3567)
4(3704 3701 3621 3624)
4(3700 3622 3621 3701)
4(3568 3626 3623 3569)
4(3708 3705 3623 3626)
4(3704 3624 3623 3705)
4(3570 3628 3625 3571)
4(3712 3709 3625 3628)
4(3708 3626 3625 3709)
4(3572 3630 3627 3573)
4(3716 3713 3627 3630)
4(3712 3628 3627 3713)
4(3574 3632 3629 3575)
4(3720 3717 3629 3632)
4(3716 3630 3629 3717)
4(3576 3634 3631 3577)
4(3724 3721 3631 3634)
4(3720 3632 3631 3721)
4(3578 3636 3633 3579)
4(3728 3725 3633 3636)
4(3724 3634 3633 3725)
4(3581 3639 3635 3582)
4(3732 3729 3635 3639)
4(3728 3636 3635 3729)
4(3640 3643 3638 3637)
4(3736 3733 3638 3643)
4(3732 3639 3638 3733)
4(2919 2918 3781 3782)
4(3782 3781 3783 3784)
4(2938 2937 3785 3786)
4(3786 3785 3787 3788)
4(2975 2974 3789 3790)
4(3790 3789 3791 3792)
4(3012 3011 3793 3794)
4(3794 3793 3795 3796)
4(3049 3048 3797 3798)
4(3798 3797 3799 3800)
4(3086 3085 3801 3802)
4(3802 3801 3803 3804)
4(3123 3122 3805 3806)
4(3806 3805 3807 3808)
4(3160 3159 3809 3810)
4(3810 3809 3811 3812)
4(3197 3196 3813 3814)
4(3814 3813 3815 3816)
4(3234 3233 3817 3818)
4(3818 3817 3819 3820)
4(3271 3270 3821 3822)
4(3822 3821 3823 3824)
4(3308 3307 3825 3826)
4(3826 3825 3827 3828)
4(3345 3344 3829 3830)
4(3830 3829 3831 3832)
4(3382 3381 3833 3834)
4(3834 3833 3835 3836)
4(3419 3418 3837 3838)
4(3838 3837 3839 3840)
4(3456 3455 3841 3842)
4(3842 3841 3843 3844)
4(3493 3492 3845 3846)
4(3846 3845 3847 3848)
4(3530 3529 3849 3850)
4(3850 3849 3851 3852)
4(3587 3586 3853 3854)
4(3854 3853 3855 3856)
4(3642 3641 3857 3858)
4(3858 3857 3859 3860)
4(3738 3737 3861 3862)
4(3862 3861 3863 3864)
4(2937 2919 3782 3785)
4(3785 3782 3784 3787)
4(2974 2938 3786 3789)
4(3789 3786 3788 3791)
4(3011 2975 3790 3793)
4(3793 3790 3792 3795)
4(3048 3012 3794 3797)
4(3797 3794 3796 3799)
4(3085 3049 3798 3801)
4(3801 3798 3800 3803)
4(3122 3086 3802 3805)
4(3805 3802 3804 3807)
4(3159 3123 3806 3809)
4(3809 3806 3808 3811)
4(3196 3160 3810 3813)
4(3813 3810 3812 3815)
4(3233 3197 3814 3817)
4(3817 3814 3816 3819)
4(3270 3234 3818 3821)
4(3821 3818 3820 3823)
4(3307 3271 3822 3825)
4(3825 3822 3824 3827)
4(3344 3308 3826 3829)
4(3829 3826 3828 3831)
4(3381 3345 3830 3833)
4(3833 3830 3832 3835)
4(3418 3382 3834 3837)
4(3837 3834 3836 3839)
4(3455 3419 3838 3841)
4(3841 3838 3840 3843)
4(3492 3456 3842 3845)
4(3845 3842 3844 3847)
4(3529 3493 3846 3849)
4(3849 3846 3848 3851)
4(3586 3530 3850 3853)
4(3853 3850 3852 3855)
4(3641 3587 3854 3857)
4(3857 3854 3856 3859)
4(3737 3642 3858 3861)
4(3861 3858 3860 3863)
4(2870 3740 3865 2902)
4(2902 3865 3866 2903)
4(3741 3742 3867 3868)
4(3868 3867 3869 3870)
4(3743 3744 3871 3872)
4(3872 3871 3873 3874)
4(3745 3746 3875 3876)
4(3876 3875 3877 3878)
4(3747 3748 3879 3880)
4(3880 3879 3881 3882)
4(3749 3750 3883 3884)
4(3884 3883 3885 3886)
4(3751 3752 3887 3888)
4(3888 3887 3889 3890)
4(3753 3754 3891 3892)
4(3892 3891 3893 3894)
4(3755 3756 3895 3896)
4(3896 3895 3897 3898)
4(3757 3758 3899 3900)
4(3900 3899 3901 3902)
4(3759 3760 3903 3904)
4(3904 3903 3905 3906)
4(3761 3762 3907 3908)
4(3908 3907 3909 3910)
4(3763 3764 3911 3912)
4(3912 3911 3913 3914)
4(3765 3766 3915 3916)
4(3916 3915 3917 3918)
4(3767 3768 3919 3920)
4(3920 3919 3921 3922)
4(3769 3770 3923 3924)
4(3924 3923 3925 3926)
4(3771 3772 3927 3928)
4(3928 3927 3929 3930)
4(3773 3774 3931 3932)
4(3932 3931 3933 3934)
4(3775 3776 3935 3936)
4(3936 3935 3937 3938)
4(3777 3778 3939 3940)
4(3940 3939 3941 3942)
4(3779 3780 3943 3944)
4(3944 3943 3945 3946)
4(3740 3741 3868 3865)
4(3865 3868 3870 3866)
4(3742 3743 3872 3867)
4(3867 3872 3874 3869)
4(3744 3745 3876 3871)
4(3871 3876 3878 3873)
4(3746 3747 3880 3875)
4(3875 3880 3882 3877)
4(3748 3749 3884 3879)
4(3879 3884 3886 3881)
4(3750 3751 3888 3883)
4(3883 3888 3890 3885)
4(3752 3753 3892 3887)
4(3887 3892 3894 3889)
4(3754 3755 3896 3891)
4(3891 3896 3898 3893)
4(3756 3757 3900 3895)
4(3895 3900 3902 3897)
4(3758 3759 3904 3899)
4(3899 3904 3906 3901)
4(3760 3761 3908 3903)
4(3903 3908 3910 3905)
4(3762 3763 3912 3907)
4(3907 3912 3914 3909)
4(3764 3765 3916 3911)
4(3911 3916 3918 3913)
4(3766 3767 3920 3915)
4(3915 3920 3922 3917)
4(3768 3769 3924 3919)
4(3919 3924 3926 3921)
4(3770 3771 3928 3923)
4(3923 3928 3930 3925)
4(3772 3773 3932 3927)
4(3927 3932 3934 3929)
4(3774 3775 3936 3931)
4(3931 3936 3938 3933)
4(3776 3777 3940 3935)
4(3935 3940 3942 3937)
4(3778 3779 3944 3939)
4(3939 3944 3946 3941)
5(3948 3947 3958 3959 3960)
4(3947 3949 3961 3958)
4(3949 3950 3962 3961)
4(3950 3951 3963 3962)
5(3951 3952 3964 3965 3963)
4(3952 3966 3967 3964)
4(3968 3969 3970 3971)
4(3972 3973 3974 3975)
4(3976 3977 3978 3979)
4(3980 3981 3982 3983)
6(3984 3985 3953 3986 3987 3988)
4(3953 2494 2497 3986)
4(3990 3991 3989 3955)
4(3976 3979 3974 3973)
4(3992 3993 3974 3979)
4(3994 3975 3974 3993)
4(3995 3996 3954 3957)
4(3990 3955 3954 3996)
4(3959 3997 3956 3960)
4(3995 3957 3956 3997)
4(3968 3971 3967 3966)
4(3998 3999 3967 3971)
4(3965 3964 3967 3999)
4(3972 3975 3970 3969)
4(3994 4000 3970 3975)
4(3998 3971 3970 4000)
4(3980 3983 3978 3977)
4(4001 4002 3978 3983)
4(3992 3979 3978 4002)
4(3984 3988 3982 3981)
4(3987 4003 3982 3988)
4(4001 3983 3982 4003)
4(4004 4005 4006 4007)
4(4005 4008 4009 4006)
4(4010 4011 4012 4013)
4(4011 4014 4015 4012)
4(4014 4016 4017 4015)
4(4016 4018 4019 4017)
4(4018 4020 4021 4019)
4(4020 4007 4022 4021)
4(4007 4006 4023 4022)
4(4006 4009 4024 4023)
4(2833 4025 2708 2706)
4(4025 4026 4027 2708)
4(4026 4028 4029 4027)
4(4028 4013 4030 4029)
4(4013 4012 4031 4030)
4(4012 4015 4032 4031)
4(4015 4017 4033 4032)
4(4017 4019 4034 4033)
4(4019 4021 4035 4034)
4(4021 4022 4036 4035)
4(4022 4023 4037 4036)
4(4023 4024 4038 4037)
4(2708 4027 2718 2709)
4(4027 4029 2720 2718)
4(4029 4030 2722 2720)
4(4030 4031 2724 2722)
4(4031 4032 2726 2724)
4(4032 4033 2728 2726)
4(4033 4034 2730 2728)
4(4034 4035 2732 2730)
4(4035 4036 2734 2732)
4(4036 4037 2736 2734)
4(4037 4038 2738 2736)
4(3990 3996 4039 4040)
4(3995 3997 4041 4042)
5(3959 3958 4043 4044 4045)
4(3958 3961 4046 4043)
4(3961 3962 4047 4046)
4(3962 3963 4048 4047)
4(3963 3965 4049 4048)
6(3965 3999 3998 4050 4051 4049)
4(3998 4000 4052 4050)
4(3994 3993 4053 4054)
4(3992 4002 4055 4056)
6(4001 4003 3987 4057 4058 4059)
4(3987 3986 4060 4057)
4(3986 2497 2500 4060)
4(4061 4062 4063 4064)
4(4065 4066 4067 4068)
5(4044 4043 4069 4070 4071)
4(4043 4046 4072 4069)
4(4046 4047 4073 4072)
4(4047 4048 4074 4073)
4(4048 4049 4075 4074)
4(4049 4051 4076 4075)
5(4051 4077 4078 4079 4076)
5(4078 4080 4081 4082 4079)
5(4081 4083 4058 4084 4082)
4(4058 4057 4085 4084)
4(4057 4060 4086 4085)
4(4060 2500 4087 4086)
4(2500 2499 4088 4087)
4(2499 2501 4089 4088)
4(2501 2530 4090 4089)
4(2530 2531 2541 4090)
4(4091 4092 4093 4094)
4(4095 4096 4097 4098)
5(4070 4069 4099 4100 4101)
4(4069 4072 4102 4099)
4(4072 4073 4103 4102)
4(4073 4074 4104 4103)
4(4074 4075 4105 4104)
4(4075 4076 4106 4105)
4(4076 4079 4107 4106)
4(4079 4082 4108 4107)
4(4082 4084 4109 4108)
4(4084 4085 4110 4109)
4(4085 4086 4111 4110)
4(4086 4087 4112 4111)
4(4087 4088 4113 4112)
4(4088 4089 4114 4113)
4(4089 4090 4115 4114)
4(4090 2541 2553 4115)
4(4116 4117 4118 4119)
4(4120 4121 4122 4123)
5(4100 4099 4124 4125 4126)
4(4099 4102 4127 4124)
4(4102 4103 4128 4127)
4(4103 4104 4129 4128)
4(4104 4105 4130 4129)
4(4105 4106 4131 4130)
4(4106 4107 4132 4131)
4(4107 4108 4133 4132)
4(4108 4109 4134 4133)
4(4109 4110 4135 4134)
4(4110 4111 4136 4135)
4(4111 4112 4137 4136)
4(4112 4113 4138 4137)
4(4113 4114 4139 4138)
4(4114 4115 4140 4139)
4(4115 2553 2565 4140)
4(4141 4142 4143 4144)
4(4145 4146 4147 4148)
5(4125 4124 4149 4150 4151)
4(4124 4127 4152 4149)
4(4127 4128 4153 4152)
4(4128 4129 4154 4153)
4(4129 4130 4155 4154)
4(4130 4131 4156 4155)
4(4131 4132 4157 4156)
4(4132 4133 4158 4157)
4(4133 4134 4159 4158)
4(4134 4135 4160 4159)
4(4135 4136 4161 4160)
4(4136 4137 4162 4161)
4(4137 4138 4163 4162)
4(4138 4139 4164 4163)
4(4139 4140 4165 4164)
4(4140 2565 2577 4165)
4(4166 4167 4168 4169)
4(4170 4171 4172 4173)
5(4150 4149 4174 4175 4176)
4(4149 4152 4177 4174)
4(4152 4153 4178 4177)
4(4153 4154 4179 4178)
4(4154 4155 4180 4179)
4(4155 4156 4181 4180)
4(4156 4157 4182 4181)
4(4157 4158 4183 4182)
4(4158 4159 4184 4183)
4(4159 4160 4185 4184)
4(4160 4161 4186 4185)
4(4161 4162 4187 4186)
4(4162 4163 4188 4187)
4(4163 4164 4189 4188)
4(4164 4165 4190 4189)
4(4165 2577 2502 4190)
4(4191 4192 4193 4194)
4(4195 4196 4197 4198)
5(4175 4174 4199 4200 4201)
4(4174 4177 4202 4199)
4(4177 4178 4203 4202)
4(4178 4179 4204 4203)
4(4179 4180 4205 4204)
4(4180 4181 4206 4205)
4(4181 4182 4207 4206)
4(4182 4183 4208 4207)
4(4183 4184 4209 4208)
4(4184 4185 4210 4209)
4(4185 4186 4211 4210)
4(4186 4187 4212 4211)
4(4187 4188 4213 4212)
4(4188 4189 4214 4213)
4(4189 4190 4215 4214)
4(4190 2502 2505 4215)
4(4216 4217 4218 4219)
4(4220 4221 4222 4223)
5(4200 4199 4224 4225 4226)
4(4199 4202 4227 4224)
4(4202 4203 4228 4227)
4(4203 4204 4229 4228)
4(4204 4205 4230 4229)
4(4205 4206 4231 4230)
4(4206 4207 4232 4231)
4(4207 4208 4233 4232)
4(4208 4209 4234 4233)
4(4209 4210 4235 4234)
4(4210 4211 4236 4235)
4(4211 4212 4237 4236)
4(4212 4213 4238 4237)
4(4213 4214 4239 4238)
4(4214 4215 4240 4239)
4(4215 2505 2507 4240)
4(4241 4242 4243 4244)
4(4245 4246 4247 4248)
5(4225 4224 4249 4250 4251)
4(4224 4227 4252 4249)
4(4227 4228 4253 4252)
4(4228 4229 4254 4253)
4(4229 4230 4255 4254)
4(4230 4231 4256 4255)
4(4231 4232 4257 4256)
4(4232 4233 4258 4257)
4(4233 4234 4259 4258)
4(4234 4235 4260 4259)
4(4235 4236 4261 4260)
4(4236 4237 4262 4261)
4(4237 4238 4263 4262)
4(4238 4239 4264 4263)
4(4239 4240 4265 4264)
4(4240 2507 4266 4265)
4(2507 2506 4267 4266)
4(4268 4269 4270 4271)
4(4272 4273 4274 4275)
5(4250 4249 4276 4277 4278)
4(4249 4252 4279 4276)
4(4252 4253 4280 4279)
4(4253 4254 4281 4280)
4(4254 4255 4282 4281)
4(4255 4256 4283 4282)
4(4256 4257 4284 4283)
4(4257 4258 4285 4284)
4(4258 4259 4286 4285)
4(4259 4260 4287 4286)
4(4260 4261 4288 4287)
4(4261 4262 4289 4288)
4(4262 4263 4290 4289)
4(4263 4264 4291 4290)
4(4264 4265 4292 4291)
4(4265 4266 4293 4292)
4(4266 4267 4294 4293)
4(4295 4296 4297 4298)
4(4299 4300 4301 4302)
5(4277 4276 4303 4304 4305)
4(4276 4279 4306 4303)
4(4279 4280 4307 4306)
4(4280 4281 4308 4307)
4(4281 4282 4309 4308)
4(4282 4283 4310 4309)
4(4283 4284 4311 4310)
4(4284 4285 4312 4311)
4(4285 4286 4313 4312)
4(4286 4287 4314 4313)
4(4287 4288 4315 4314)
4(4288 4289 4316 4315)
4(4289 4290 4317 4316)
4(4290 4291 4318 4317)
4(4291 4292 4319 4318)
4(4292 4293 4320 4319)
4(4293 4294 4321 4320)
4(4322 4323 4324 4325)
4(4326 4327 4328 4329)
5(4304 4303 4330 4331 4332)
4(4303 4306 4333 4330)
4(4306 4307 4334 4333)
4(4307 4308 4335 4334)
4(4308 4309 4336 4335)
4(4309 4310 4337 4336)
4(4310 4311 4338 4337)
4(4311 4312 4339 4338)
4(4312 4313 4340 4339)
4(4313 4314 4341 4340)
4(4314 4315 4342 4341)
4(4315 4316 4343 4342)
4(4316 4317 4344 4343)
4(4317 4318 4345 4344)
4(4318 4319 4346 4345)
4(4319 4320 4347 4346)
4(4320 4321 4348 4347)
4(4349 4350 4351 4352)
4(4353 4354 4355 4356)
5(4331 4330 4357 4358 4359)
4(4330 4333 4360 4357)
4(4333 4334 4361 4360)
4(4334 4335 4362 4361)
4(4335 4336 4363 4362)
4(4336 4337 4364 4363)
4(4337 4338 4365 4364)
4(4338 4339 4366 4365)
4(4339 4340 4367 4366)
4(4340 4341 4368 4367)
4(4341 4342 4369 4368)
4(4342 4343 4370 4369)
4(4343 4344 4371 4370)
4(4344 4345 4372 4371)
4(4345 4346 4373 4372)
4(4346 4347 4374 4373)
4(4347 4348 4375 4374)
4(4376 4377 4378 4379)
4(4380 4381 4382 4383)
5(4358 4357 4384 4385 4386)
4(4357 4360 4387 4384)
4(4360 4361 4388 4387)
4(4361 4362 4389 4388)
4(4362 4363 4390 4389)
4(4363 4364 4391 4390)
4(4364 4365 4392 4391)
4(4365 4366 4393 4392)
4(4366 4367 4394 4393)
4(4367 4368 4395 4394)
4(4368 4369 4396 4395)
4(4369 4370 4397 4396)
4(4370 4371 4398 4397)
4(4371 4372 4399 4398)
4(4372 4373 4400 4399)
4(4373 4374 4401 4400)
4(4374 4375 4402 4401)
4(4403 4404 4405 4406)
4(4407 4408 4409 4410)
5(4385 4384 4411 4412 4413)
4(4384 4387 4414 4411)
4(4387 4388 4415 4414)
4(4388 4389 4416 4415)
4(4389 4390 4417 4416)
4(4390 4391 4418 4417)
4(4391 4392 4419 4418)
4(4392 4393 4420 4419)
4(4393 4394 4421 4420)
4(4394 4395 4422 4421)
4(4395 4396 4423 4422)
4(4396 4397 4424 4423)
4(4397 4398 4425 4424)
4(4398 4399 4426 4425)
4(4399 4400 4427 4426)
4(4400 4401 4428 4427)
4(4401 4402 4429 4428)
4(4402 4430 4431 4429)
4(4432 4433 4434 4435)
4(4436 4437 4438 4439)
5(4412 4411 4440 4441 4442)
4(4411 4414 4443 4440)
4(4414 4415 4444 4443)
4(4415 4416 4445 4444)
4(4416 4417 4446 4445)
4(4417 4418 4447 4446)
4(4418 4419 4448 4447)
4(4419 4420 4449 4448)
4(4420 4421 4450 4449)
4(4421 4422 4451 4450)
4(4422 4423 4452 4451)
4(4423 4424 4453 4452)
4(4424 4425 4454 4453)
4(4425 4426 4455 4454)
4(4426 4427 4456 4455)
4(4427 4428 4457 4456)
4(4428 4429 4458 4457)
4(4429 4431 4459 4458)
4(4460 4461 4462 4463)
4(4464 4465 4466 4467)
5(4441 4440 4468 4469 4470)
4(4440 4443 4471 4468)
4(4443 4444 4472 4471)
4(4444 4445 4473 4472)
4(4445 4446 4474 4473)
4(4446 4447 4475 4474)
4(4447 4448 4476 4475)
4(4448 4449 4477 4476)
4(4449 4450 4478 4477)
4(4450 4451 4479 4478)
4(4451 4452 4480 4479)
4(4452 4453 4481 4480)
4(4453 4454 4482 4481)
4(4454 4455 4483 4482)
4(4455 4456 4484 4483)
4(4456 4457 4485 4484)
4(4457 4458 4486 4485)
4(4458 4459 4487 4486)
4(4488 4489 4490 4491)
4(4492 4493 4494 4495)
5(4469 4468 4496 4497 4498)
4(4468 4471 4499 4496)
4(4471 4472 4500 4499)
4(4472 4473 4501 4500)
4(4473 4474 4502 4501)
4(4474 4475 4503 4502)
4(4475 4476 4504 4503)
4(4476 4477 4505 4504)
4(4477 4478 4506 4505)
4(4478 4479 4507 4506)
4(4479 4480 4508 4507)
4(4480 4481 4509 4508)
4(4481 4482 4510 4509)
4(4482 4483 4511 4510)
4(4483 4484 4512 4511)
4(4484 4485 4513 4512)
4(4485 4486 4514 4513)
4(4486 4487 4515 4514)
4(4516 4517 4518 4519)
4(4520 4521 4522 4523)
5(4497 4496 4524 4525 4526)
4(4496 4499 4527 4524)
4(4499 4500 4528 4527)
4(4500 4501 4529 4528)
4(4501 4502 4530 4529)
4(4502 4503 4531 4530)
4(4503 4504 4532 4531)
4(4504 4505 4533 4532)
4(4505 4506 4534 4533)
4(4506 4507 4535 4534)
4(4507 4508 4536 4535)
4(4508 4509 4537 4536)
4(4509 4510 4538 4537)
4(4510 4511 4539 4538)
4(4511 4512 4540 4539)
4(4512 4513 4541 4540)
4(4513 4514 4542 4541)
4(4514 4515 4543 4542)
4(4544 4545 4546 4547)
4(4548 4549 4550 4551)
5(4525 4524 4552 4553 4554)
4(4524 4527 4555 4552)
4(4527 4528 4556 4555)
4(4528 4529 4557 4556)
4(4529 4530 4558 4557)
4(4530 4531 4559 4558)
4(4531 4532 4560 4559)
4(4532 4533 4561 4560)
4(4533 4534 4562 4561)
4(4534 4535 4563 4562)
4(4535 4536 4564 4563)
4(4536 4537 4565 4564)
4(4537 4538 4566 4565)
4(4538 4539 4567 4566)
4(4539 4540 4568 4567)
4(4540 4541 4569 4568)
4(4541 4542 4570 4569)
4(4542 4543 4571 4570)
4(4572 4573 4574 4575)
4(4576 4577 4578 4579)
5(4553 4552 2767 2766 4580)
4(4552 4555 4581 2767)
4(4555 4556 4582 4581)
4(4556 4557 4583 4582)
4(4557 4558 4584 4583)
4(4558 4559 4585 4584)
4(4559 4560 4586 4585)
4(4560 4561 4587 4586)
4(4561 4562 4588 4587)
4(4562 4563 4589 4588)
4(4563 4564 4590 4589)
4(4564 4565 4591 4590)
4(4565 4566 4592 4591)
4(4566 4567 4593 4592)
4(4567 4568 4594 4593)
4(4568 4569 4595 4594)
4(4569 4570 4596 4595)
4(4570 4571 4597 4596)
4(2767 4581 4598 2768)
4(4581 4582 4599 4598)
4(4582 4583 4600 4599)
4(4583 4584 4601 4600)
4(4584 4585 4602 4601)
4(4585 4586 4603 4602)
4(4586 4587 4604 4603)
4(4587 4588 4605 4604)
4(4588 4589 4606 4605)
4(4589 4590 4607 4606)
4(4590 4591 4608 4607)
4(4591 4592 4609 4608)
4(4592 4593 4610 4609)
4(4593 4594 4611 4610)
4(4594 4595 4612 4611)
4(4595 4596 4613 4612)
4(4596 4597 4614 4613)
4(2768 4598 2793 2779)
4(4598 4599 2795 2793)
4(4599 4600 2797 2795)
4(4600 4601 2799 2797)
4(4601 4602 4615 2799)
4(4602 4603 4616 4615)
4(4603 4604 4617 4616)
4(4604 4605 4618 4617)
4(4605 4606 4619 4618)
4(4606 4607 4620 4619)
4(4607 4608 4621 4620)
4(4608 4609 4622 4621)
4(4609 4610 4623 4622)
4(4610 4611 4624 4623)
4(4611 4612 4625 4624)
4(4612 4613 4626 4625)
4(4613 4614 4627 4626)
4(2799 4615 2816 2800)
4(4615 4616 4628 2816)
4(4616 4617 4629 4628)
4(4617 4618 4630 4629)
4(4618 4619 4631 4630)
4(4619 4620 4632 4631)
4(4620 4621 4633 4632)
4(4621 4622 4634 4633)
4(4622 4623 4635 4634)
4(4623 4624 4636 4635)
4(4624 4625 4004 4636)
4(4625 4626 4005 4004)
4(4626 4627 4008 4005)
4(2816 4628 4637 2817)
4(4628 4629 4638 4637)
4(4629 4630 4639 4638)
4(4630 4631 4010 4639)
4(4631 4632 4011 4010)
4(4632 4633 4014 4011)
4(4633 4634 4016 4014)
4(4634 4635 4018 4016)
4(4635 4636 4020 4018)
4(4636 4004 4007 4020)
4(2817 4637 4025 2833)
4(4637 4638 4026 4025)
4(4638 4639 4028 4026)
4(4639 4010 4013 4028)
4(3990 4040 4640 3991)
4(4061 4641 4640 4040)
4(4061 4064 4642 4641)
4(4091 4643 4642 4064)
4(4091 4094 4644 4643)
4(4116 4645 4644 4094)
4(4116 4119 4646 4645)
4(4141 4647 4646 4119)
4(4141 4144 4648 4647)
4(4166 4649 4648 4144)
4(4166 4169 4650 4649)
4(4191 4651 4650 4169)
4(4191 4194 4652 4651)
4(4216 4653 4652 4194)
4(4216 4219 4654 4653)
4(4241 4655 4654 4219)
4(4241 4244 4656 4655)
4(4268 4657 4656 4244)
4(4268 4271 4658 4657)
4(4295 4659 4658 4271)
4(4295 4298 4660 4659)
4(4322 4661 4660 4298)
4(4322 4325 4662 4661)
4(4349 4663 4662 4325)
4(4349 4352 4664 4663)
4(4376 4665 4664 4352)
4(4376 4379 4666 4665)
4(4403 4667 4666 4379)
4(4403 4406 4668 4667)
4(4432 4669 4668 4406)
4(4432 4435 4670 4669)
4(4460 4671 4670 4435)
4(4460 4463 4672 4671)
4(4488 4673 4672 4463)
4(4488 4491 4674 4673)
4(4516 4675 4674 4491)
4(4516 4519 4676 4675)
4(4544 4677 4676 4519)
4(4544 4547 4678 4677)
4(4572 4679 4678 4547)
4(4572 4575 4680 4679)
4(2758 2856 4680 4575)
4(3995 4042 4039 3996)
4(4065 4062 4039 4042)
4(4061 4040 4039 4062)
4(3959 4045 4041 3997)
4(4044 4066 4041 4045)
4(4065 4042 4041 4066)
4(3994 4054 4052 4000)
4(4078 4077 4052 4054)
4(4051 4050 4052 4077)
4(3992 4056 4053 3993)
4(4081 4080 4053 4056)
4(4078 4054 4053 4080)
4(4001 4059 4055 4002)
4(4058 4083 4055 4059)
4(4081 4056 4055 4083)
4(4065 4068 4063 4062)
4(4095 4092 4063 4068)
4(4091 4064 4063 4092)
4(4044 4071 4067 4066)
4(4070 4096 4067 4071)
4(4095 4068 4067 4096)
4(4095 4098 4093 4092)
4(4120 4117 4093 4098)
4(4116 4094 4093 4117)
4(4070 4101 4097 4096)
4(4100 4121 4097 4101)
4(4120 4098 4097 4121)
4(4120 4123 4118 4117)
4(4145 4142 4118 4123)
4(4141 4119 4118 4142)
4(4100 4126 4122 4121)
4(4125 4146 4122 4126)
4(4145 4123 4122 4146)
4(4145 4148 4143 4142)
4(4170 4167 4143 4148)
4(4166 4144 4143 4167)
4(4125 4151 4147 4146)
4(4150 4171 4147 4151)
4(4170 4148 4147 4171)
4(4170 4173 4168 4167)
4(4195 4192 4168 4173)
4(4191 4169 4168 4192)
4(4150 4176 4172 4171)
4(4175 4196 4172 4176)
4(4195 4173 4172 4196)
4(4195 4198 4193 4192)
4(4220 4217 4193 4198)
4(4216 4194 4193 4217)
4(4175 4201 4197 4196)
4(4200 4221 4197 4201)
4(4220 4198 4197 4221)
4(4220 4223 4218 4217)
4(4245 4242 4218 4223)
4(4241 4219 4218 4242)
4(4200 4226 4222 4221)
4(4225 4246 4222 4226)
4(4245 4223 4222 4246)
4(4245 4248 4243 4242)
4(4272 4269 4243 4248)
4(4268 4244 4243 4269)
4(4225 4251 4247 4246)
4(4250 4273 4247 4251)
4(4272 4248 4247 4273)
4(4272 4275 4270 4269)
4(4299 4296 4270 4275)
4(4295 4271 4270 4296)
4(4250 4278 4274 4273)
4(4277 4300 4274 4278)
4(4299 4275 4274 4300)
4(4299 4302 4297 4296)
4(4326 4323 4297 4302)
4(4322 4298 4297 4323)
4(4277 4305 4301 4300)
4(4304 4327 4301 4305)
4(4326 4302 4301 4327)
4(4326 4329 4324 4323)
4(4353 4350 4324 4329)
4(4349 4325 4324 4350)
4(4304 4332 4328 4327)
4(4331 4354 4328 4332)
4(4353 4329 4328 4354)
4(4353 4356 4351 4350)
4(4380 4377 4351 4356)
4(4376 4352 4351 4377)
4(4331 4359 4355 4354)
4(4358 4381 4355 4359)
4(4380 4356 4355 4381)
4(4380 4383 4378 4377)
4(4407 4404 4378 4383)
4(4403 4379 4378 4404)
4(4358 4386 4382 4381)
4(4385 4408 4382 4386)
4(4407 4383 4382 4408)
4(4407 4410 4405 4404)
4(4436 4433 4405 4410)
4(4432 4406 4405 4433)
4(4385 4413 4409 4408)
4(4412 4437 4409 4413)
4(4436 4410 4409 4437)
4(4436 4439 4434 4433)
4(4464 4461 4434 4439)
4(4460 4435 4434 4461)
4(4412 4442 4438 4437)
4(4441 4465 4438 4442)
4(4464 4439 4438 4465)
4(4464 4467 4462 4461)
4(4492 4489 4462 4467)
4(4488 4463 4462 4489)
4(4441 4470 4466 4465)
4(4469 4493 4466 4470)
4(4492 4467 4466 4493)
4(4492 4495 4490 4489)
4(4520 4517 4490 4495)
4(4516 4491 4490 4517)
4(4469 4498 4494 4493)
4(4497 4521 4494 4498)
4(4520 4495 4494 4521)
4(4520 4523 4518 4517)
4(4548 4545 4518 4523)
4(4544 4519 4518 4545)
4(4497 4526 4522 4521)
4(4525 4549 4522 4526)
4(4548 4523 4522 4549)
4(4548 4551 4546 4545)
4(4576 4573 4546 4551)
4(4572 4547 4546 4573)
4(4525 4554 4550 4549)
4(4553 4577 4550 4554)
4(4576 4551 4550 4577)
4(4576 4579 4574 4573)
4(2762 2759 4574 4579)
4(2758 4575 4574 2759)
4(4553 4580 4578 4577)
4(2766 2763 4578 4580)
4(2762 4579 4578 2763)
4(3989 3991 4683 4681)
4(4681 4683 4684 4682)
4(3991 4640 4685 4683)
4(4683 4685 4686 4684)
4(4641 4642 4687 4688)
4(4688 4687 4689 4690)
4(4643 4644 4691 4692)
4(4692 4691 4693 4694)
4(4645 4646 4695 4696)
4(4696 4695 4697 4698)
4(4647 4648 4699 4700)
4(4700 4699 4701 4702)
4(4649 4650 4703 4704)
4(4704 4703 4705 4706)
4(4651 4652 4707 4708)
4(4708 4707 4709 4710)
4(4653 4654 4711 4712)
4(4712 4711 4713 4714)
4(4655 4656 4715 4716)
4(4716 4715 4717 4718)
4(4657 4658 4719 4720)
4(4720 4719 4721 4722)
4(4659 4660 4723 4724)
4(4724 4723 4725 4726)
4(4661 4662 4727 4728)
4(4728 4727 4729 4730)
4(4663 4664 4731 4732)
4(4732 4731 4733 4734)
4(4665 4666 4735 4736)
4(4736 4735 4737 4738)
4(4667 4668 4739 4740)
4(4740 4739 4741 4742)
4(4669 4670 4743 4744)
4(4744 4743 4745 4746)
4(4671 4672 4747 4748)
4(4748 4747 4749 4750)
4(4673 4674 4751 4752)
4(4752 4751 4753 4754)
4(4675 4676 4755 4756)
4(4756 4755 4757 4758)
4(4677 4678 4759 4760)
4(4760 4759 4761 4762)
4(4679 4680 4763 4764)
4(4764 4763 4765 4766)
4(4640 4641 4688 4685)
4(4685 4688 4690 4686)
4(4642 4643 4692 4687)
4(4687 4692 4694 4689)
4(4644 4645 4696 4691)
4(4691 4696 4698 4693)
4(4646 4647 4700 4695)
4(4695 4700 4702 4697)
4(4648 4649 4704 4699)
4(4699 4704 4706 4701)
4(4650 4651 4708 4703)
4(4703 4708 4710 4705)
4(4652 4653 4712 4707)
4(4707 4712 4714 4709)
4(4654 4655 4716 4711)
4(4711 4716 4718 4713)
4(4656 4657 4720 4715)
4(4715 4720 4722 4717)
4(4658 4659 4724 4719)
4(4719 4724 4726 4721)
4(4660 4661 4728 4723)
4(4723 4728 4730 4725)
4(4662 4663 4732 4727)
4(4727 4732 4734 4729)
4(4664 4665 4736 4731)
4(4731 4736 4738 4733)
4(4666 4667 4740 4735)
4(4735 4740 4742 4737)
4(4668 4669 4744 4739)
4(4739 4744 4746 4741)
4(4670 4671 4748 4743)
4(4743 4748 4750 4745)
4(4672 4673 4752 4747)
4(4747 4752 4754 4749)
4(4674 4675 4756 4751)
4(4751 4756 4758 4753)
4(4676 4677 4760 4755)
4(4755 4760 4762 4757)
4(4678 4679 4764 4759)
4(4759 4764 4766 4761)
4(4680 2856 2875 4763)
4(4763 2875 2877 4765)
4(2506 2608 4767 4267)
4(2608 2609 2620 4767)
4(4267 4767 4768 4294)
4(4767 2620 2629 4768)
4(4294 4768 4769 4321)
4(4768 2629 2638 4769)
4(4321 4769 4770 4348)
4(4769 2638 4771 4770)
5(2638 2637 4772 4773 4771)
4(2637 2647 4774 4772)
4(2645 2646 4775 4776)
4(4348 4770 4777 4375)
4(4770 4771 4778 4777)
5(4771 4773 4779 4780 4778)
4(4773 4781 4782 4779)
4(4783 4784 4785 4786)
4(4375 4777 4430 4402)
4(4777 4778 4787 4430)
5(4778 4780 4788 4789 4787)
4(4780 4790 4791 4788)
4(4792 4793 4794 4795)
4(4783 4776 4775 4784)
4(4792 4786 4785 4793)
4(4796 4795 4794 4797)
4(2645 4776 4774 2647)
4(4783 4781 4774 4776)
4(4773 4772 4774 4781)
4(4783 4786 4782 4781)
4(4792 4790 4782 4786)
4(4780 4779 4782 4790)
4(4792 4795 4791 4790)
4(4796 4798 4791 4795)
4(4789 4788 4791 4798)
4(4775 2646 2696 4799)
4(4799 2696 2697 4800)
4(4785 4784 4801 4802)
4(4802 4801 4803 4804)
4(4794 4793 4805 4806)
4(4806 4805 4807 4808)
4(4784 4775 4799 4801)
4(4801 4799 4800 4803)
4(4793 4785 4802 4805)
4(4805 4802 4804 4807)
4(4797 4794 4806 4809)
4(4809 4806 4808 4810)
4(4614 4811 4812 4627)
5(4811 4813 4814 4815 4812)
4(4813 4816 4817 4814)
4(4818 4819 4820 4821)
4(4627 4812 4822 4008)
5(4812 4815 4823 4824 4822)
4(4815 4825 4826 4823)
4(4827 4828 4829 4830)
4(4008 4822 4831 4009)
5(4822 4824 4832 4833 4831)
4(4824 4834 4835 4832)
4(4836 4837 4838 4839)
4(4009 4831 4840 4024)
5(4831 4833 4841 4842 4840)
4(4833 4843 4844 4841)
4(4845 4846 4847 4848)
4(4024 4840 4849 4038)
5(4840 4842 4850 4851 4849)
4(4842 4852 4853 4850)
4(4854 4855 4856 4857)
4(4038 4849 2910 2738)
5(4849 4851 4858 2912 2910)
4(4851 4859 4860 4858)
4(4861 4862 4863 4864)
4(4827 4821 4820 4828)
4(4836 4830 4829 4837)
4(4845 4839 4838 4846)
4(4854 4848 4847 4855)
4(4861 4857 4856 4862)
4(2917 4864 4863 2918)
4(4818 4821 4817 4816)
4(4827 4825 4817 4821)
4(4815 4814 4817 4825)
4(4827 4830 4826 4825)
4(4836 4834 4826 4830)
4(4824 4823 4826 4834)
4(4836 4839 4835 4834)
4(4845 4843 4835 4839)
4(4833 4832 4835 4843)
4(4845 4848 4844 4843)
4(4854 4852 4844 4848)
4(4842 4841 4844 4852)
4(4854 4857 4853 4852)
4(4861 4859 4853 4857)
4(4851 4850 4853 4859)
4(4861 4864 4860 4859)
4(2917 2915 4860 4864)
4(2912 4858 4860 2915)
4(4430 4787 4865 4431)
5(4787 4789 4866 4867 4865)
4(4789 4798 4868 4866)
4(4796 4797 4869 4870)
4(4431 4865 4871 4459)
5(4865 4867 4872 4873 4871)
4(4867 4874 4875 4872)
4(4876 4877 4878 4879)
4(4459 4871 4880 4487)
5(4871 4873 4881 4882 4880)
4(4873 4883 4884 4881)
4(4885 4886 4887 4888)
4(4487 4880 4889 4515)
5(4880 4882 4890 4891 4889)
4(4882 4892 4893 4890)
4(4894 4895 4896 4897)
4(4515 4889 4898 4543)
5(4889 4891 4899 4900 4898)
4(4891 4901 4902 4899)
4(4903 4904 4905 4906)
4(4543 4898 4907 4571)
5(4898 4900 4908 4909 4907)
4(4900 4910 4911 4908)
4(4912 4913 4914 4915)
4(4571 4907 4916 4597)
5(4907 4909 4917 4918 4916)
4(4909 4919 4920 4917)
4(4921 4922 4923 4924)
4(4597 4916 4811 4614)
5(4916 4918 4925 4813 4811)
4(4918 4926 4927 4925)
4(4928 4929 4930 4931)
4(4876 4870 4869 4877)
4(4885 4879 4878 4886)
4(4894 4888 4887 4895)
4(4903 4897 4896 4904)
4(4912 4906 4905 4913)
4(4921 4915 4914 4922)
4(4928 4924 4923 4929)
4(4818 4931 4930 4819)
4(4796 4870 4868 4798)
4(4876 4874 4868 4870)
4(4867 4866 4868 4874)
4(4876 4879 4875 4874)
4(4885 4883 4875 4879)
4(4873 4872 4875 4883)
4(4885 4888 4884 4883)
4(4894 4892 4884 4888)
4(4882 4881 4884 4892)
4(4894 4897 4893 4892)
4(4903 4901 4893 4897)
4(4891 4890 4893 4901)
4(4903 4906 4902 4901)
4(4912 4910 4902 4906)
4(4900 4899 4902 4910)
4(4912 4915 4911 4910)
4(4921 4919 4911 4915)
4(4909 4908 4911 4919)
4(4921 4924 4920 4919)
4(4928 4926 4920 4924)
4(4918 4917 4920 4926)
4(4928 4931 4927 4926)
4(4818 4816 4927 4931)
4(4813 4925 4927 4816)
4(4820 4819 4932 4933)
4(4933 4932 4934 4935)
4(4829 4828 4936 4937)
4(4937 4936 4938 4939)
4(4838 4837 4940 4941)
4(4941 4940 4942 4943)
4(4847 4846 4944 4945)
4(4945 4944 4946 4947)
4(4856 4855 4948 4949)
4(4949 4948 4950 4951)
4(4863 4862 4952 4953)
4(4953 4952 4954 4955)
4(4828 4820 4933 4936)
4(4936 4933 4935 4938)
4(4837 4829 4937 4940)
4(4940 4937 4939 4942)
4(4846 4838 4941 4944)
4(4944 4941 4943 4946)
4(4855 4847 4945 4948)
4(4948 4945 4947 4950)
4(4862 4856 4949 4952)
4(4952 4949 4951 4954)
4(2918 4863 4953 3781)
4(3781 4953 4955 3783)
4(4869 4797 4809 4956)
4(4956 4809 4810 4957)
4(4878 4877 4958 4959)
4(4959 4958 4960 4961)
4(4887 4886 4962 4963)
4(4963 4962 4964 4965)
4(4896 4895 4966 4967)
4(4967 4966 4968 4969)
4(4905 4904 4970 4971)
4(4971 4970 4972 4973)
4(4914 4913 4974 4975)
4(4975 4974 4976 4977)
4(4923 4922 4978 4979)
4(4979 4978 4980 4981)
4(4930 4929 4982 4983)
4(4983 4982 4984 4985)
4(4877 4869 4956 4958)
4(4958 4956 4957 4960)
4(4886 4878 4959 4962)
4(4962 4959 4961 4964)
4(4895 4887 4963 4966)
4(4966 4963 4965 4968)
4(4904 4896 4967 4970)
4(4970 4967 4969 4972)
4(4913 4905 4971 4974)
4(4974 4971 4973 4976)
4(4922 4914 4975 4978)
4(4978 4975 4977 4980)
4(4929 4923 4979 4982)
4(4982 4979 4981 4984)
4(4819 4930 4983 4932)
4(4932 4983 4985 4934)
4(1 4 3 0)
4(0 3 5 2)
4(4 7 6 3)
4(3 6 8 5)
4(9 12 11 10)
4(12 14 13 11)
4(2 5 21 15)
4(15 21 22 16)
4(16 22 23 17)
4(17 23 24 18)
4(18 24 25 19)
5(19 25 27 26 20)
4(20 26 29 28)
4(30 33 32 31)
4(34 35 32 33)
4(30 28 29 33)
4(34 33 29 36)
4(27 36 29 26)
4(5 8 37 21)
4(21 37 38 22)
4(22 38 39 23)
4(23 39 40 24)
4(24 40 41 25)
5(25 41 43 42 27)
4(27 42 44 36)
4(34 46 45 35)
4(38 48 47 39)
4(39 47 49 40)
4(40 49 50 41)
5(41 50 52 51 43)
4(43 51 54 53)
4(55 58 57 56)
4(48 60 59 47)
4(47 59 61 49)
4(49 61 62 50)
5(50 62 64 63 52)
4(52 63 66 65)
4(67 70 69 68)
4(60 72 71 59)
4(59 71 73 61)
4(61 73 74 62)
5(62 74 76 75 64)
4(64 75 78 77)
4(79 82 81 80)
4(72 84 83 71)
4(71 83 85 73)
4(73 85 86 74)
5(74 86 88 87 76)
4(76 87 90 89)
4(91 94 93 92)
4(84 9 10 83)
4(83 10 95 85)
4(85 95 96 86)
5(86 96 98 97 88)
4(88 97 100 99)
4(101 104 103 102)
4(10 11 105 95)
4(95 105 106 96)
5(96 106 108 107 98)
4(98 107 110 109)
4(111 114 113 112)
4(11 13 115 105)
4(105 115 116 106)
5(106 116 118 117 108)
4(108 117 120 119)
4(121 124 123 122)
5(116 127 126 125 118)
4(118 125 129 128)
4(130 133 132 131)
5(127 136 135 134 126)
4(126 134 138 137)
4(139 142 141 140)
5(136 145 144 143 135)
4(135 143 147 146)
4(148 151 150 149)
4(55 56 45 46)
4(67 68 57 58)
4(79 80 69 70)
4(91 92 81 82)
4(101 102 93 94)
4(111 112 103 104)
4(121 122 113 114)
4(130 131 123 124)
4(139 140 132 133)
4(148 149 141 142)
4(152 153 150 151)
4(34 36 44 46)
4(55 46 44 53)
4(43 53 44 42)
4(55 53 54 58)
4(67 58 54 65)
4(52 65 54 51)
4(67 65 66 70)
4(79 70 66 77)
4(64 77 66 63)
4(79 77 78 82)
4(91 82 78 89)
4(76 89 78 75)
4(91 89 90 94)
4(101 94 90 99)
4(88 99 90 87)
4(101 99 100 104)
4(111 104 100 109)
4(98 109 100 97)
4(111 109 110 114)
4(121 114 110 119)
4(108 119 110 107)
4(121 119 120 124)
4(130 124 120 128)
4(118 128 120 117)
4(130 128 129 133)
4(139 133 129 137)
4(126 137 129 125)
4(139 137 138 142)
4(148 142 138 146)
4(135 146 138 134)
4(148 146 147 151)
4(152 151 147 154)
4(144 154 147 143)
4(32 156 155 31)
4(156 158 157 155)
4(35 159 156 32)
4(159 160 158 156)
4(45 161 159 35)
4(161 162 160 159)
4(57 164 163 56)
4(164 166 165 163)
4(69 168 167 68)
4(168 170 169 167)
4(81 172 171 80)
4(172 174 173 171)
4(93 176 175 92)
4(176 178 177 175)
4(103 180 179 102)
4(180 182 181 179)
4(113 184 183 112)
4(184 186 185 183)
4(123 188 187 122)
4(188 190 189 187)
4(132 192 191 131)
4(192 194 193 191)
4(141 196 195 140)
4(196 198 197 195)
4(150 200 199 149)
4(200 202 201 199)
4(56 163 161 45)
4(163 165 162 161)
4(68 167 164 57)
4(167 169 166 164)
4(80 171 168 69)
4(171 173 170 168)
4(92 175 172 81)
4(175 177 174 172)
4(102 179 176 93)
4(179 181 178 176)
4(112 183 180 103)
4(183 185 182 180)
4(122 187 184 113)
4(187 189 186 184)
4(131 191 188 123)
4(191 193 190 188)
4(140 195 192 132)
4(195 197 194 192)
4(149 199 196 141)
4(199 201 198 196)
4(153 203 200 150)
4(203 204 202 200)
4(205 208 207 206)
4(206 207 210 209)
4(209 210 212 211)
4(211 212 214 213)
4(213 214 216 215)
4(217 219 218 208)
4(208 218 220 207)
4(207 220 221 210)
4(210 221 222 212)
4(212 222 223 214)
4(214 223 224 216)
4(216 224 226 225)
4(225 226 228 227)
4(227 228 230 229)
4(229 230 232 231)
4(231 232 234 233)
4(233 234 236 235)
4(235 236 238 237)
4(237 238 240 239)
4(239 240 242 241)
4(241 242 244 243)
4(243 244 246 245)
4(219 248 247 218)
4(218 247 249 220)
4(220 249 250 221)
4(221 250 251 222)
4(222 251 252 223)
4(223 252 253 224)
4(224 253 254 226)
4(226 254 255 228)
4(228 255 256 230)
4(230 256 257 232)
4(232 257 258 234)
4(234 258 259 236)
4(236 259 260 238)
4(238 260 261 240)
4(240 261 262 242)
4(242 262 263 244)
4(244 263 264 246)
4(265 268 267 266)
4(269 272 271 270)
5(273 277 276 275 274)
4(278 281 280 279)
4(282 285 284 283)
5(276 288 287 286 275)
4(289 292 291 290)
4(293 296 295 294)
5(287 299 298 297 286)
4(286 297 301 300)
4(300 301 303 302)
4(302 303 305 304)
4(304 305 307 306)
4(308 311 310 309)
4(312 315 314 313)
5(298 318 317 316 297)
4(297 316 319 301)
4(301 319 320 303)
4(303 320 321 305)
4(305 321 322 307)
4(307 322 324 323)
4(325 328 327 326)
4(329 332 331 330)
5(317 335 334 333 316)
4(316 333 336 319)
4(319 336 337 320)
4(320 337 338 321)
4(321 338 339 322)
4(322 339 340 324)
4(341 344 343 342)
4(345 348 347 346)
5(334 351 350 349 333)
4(333 349 205 336)
4(336 205 206 337)
4(337 206 209 338)
4(338 209 211 339)
4(339 211 213 340)
4(352 355 354 353)
4(356 359 358 357)
5(350 361 360 217 349)
4(349 217 208 205)
4(265 363 362 268)
4(278 268 362 364)
4(278 364 365 281)
4(289 281 365 366)
4(289 366 367 292)
4(308 292 367 368)
4(308 368 369 311)
4(325 311 369 370)
4(325 370 371 328)
4(341 328 371 372)
4(341 372 373 344)
4(352 344 373 374)
4(352 374 375 355)
4(376 355 375 377)
4(269 266 267 272)
4(282 272 267 279)
4(278 279 267 268)
4(273 270 271 277)
4(276 277 271 283)
4(282 283 271 272)
4(282 279 280 285)
4(293 285 280 290)
4(289 290 280 281)
4(276 283 284 288)
4(287 288 284 294)
4(293 294 284 285)
4(293 290 291 296)
4(312 296 291 309)
4(308 309 291 292)
4(287 294 295 299)
4(298 299 295 313)
4(312 313 295 296)
4(312 309 310 315)
4(329 315 310 326)
4(325 326 310 311)
4(298 313 314 318)
4(317 318 314 330)
4(329 330 314 315)
4(329 326 327 332)
4(345 332 327 342)
4(341 342 327 328)
4(317 330 331 335)
4(334 335 331 346)
4(345 346 331 332)
4(345 342 343 348)
4(356 348 343 353)
4(352 353 343 344)
4(334 346 347 351)
4(350 351 347 357)
4(356 357 347 348)
4(356 353 354 359)
4(378 359 354 379)
4(376 379 354 355)
4(350 357 358 361)
4(360 361 358 380)
4(378 380 358 359)
4(363 382 381 362)
4(382 384 383 381)
4(364 386 385 365)
4(386 388 387 385)
4(366 390 389 367)
4(390 392 391 389)
4(368 394 393 369)
4(394 396 395 393)
4(370 398 397 371)
4(398 400 399 397)
4(372 402 401 373)
4(402 404 403 401)
4(374 406 405 375)
4(406 408 407 405)
4(362 381 386 364)
4(381 383 388 386)
4(365 385 390 366)
4(385 387 392 390)
4(367 389 394 368)
4(389 391 396 394)
4(369 393 398 370)
4(393 395 400 398)
4(371 397 402 372)
4(397 399 404 402)
4(373 401 406 374)
4(401 403 408 406)
4(375 405 409 377)
4(405 407 410 409)
4(376 412 411 379)
4(378 414 413 380)
5(360 416 415 219 217)
4(245 246 418 417)
5(417 418 421 420 419)
4(419 420 423 422)
4(424 427 426 425)
4(428 431 430 429)
4(432 435 434 433)
5(415 437 436 248 219)
4(246 264 438 418)
5(418 438 440 439 421)
4(421 439 442 441)
4(443 446 445 444)
4(447 450 449 448)
4(451 454 453 452)
5(436 457 456 455 248)
4(248 455 458 247)
4(247 458 459 249)
4(249 459 460 250)
4(250 460 461 251)
4(251 461 462 252)
4(252 462 463 253)
4(253 463 464 254)
4(254 464 465 255)
4(255 465 466 256)
4(256 466 467 257)
4(257 467 468 258)
4(258 468 469 259)
4(259 469 470 260)
4(260 470 471 261)
4(261 471 472 262)
4(262 472 473 263)
4(263 473 474 264)
4(264 474 475 438)
5(438 475 477 476 440)
4(440 476 479 478)
4(480 483 482 481)
4(484 487 486 485)
4(488 491 490 489)
5(456 494 493 492 455)
4(455 492 495 458)
4(458 495 496 459)
4(459 496 497 460)
4(460 497 498 461)
4(461 498 499 462)
4(462 499 500 463)
4(463 500 501 464)
4(464 501 502 465)
4(465 502 503 466)
4(466 503 504 467)
4(467 504 505 468)
4(468 505 506 469)
4(469 506 507 470)
4(470 507 508 471)
4(471 508 509 472)
4(472 509 510 473)
4(473 510 511 474)
4(474 511 512 475)
5(475 512 514 513 477)
4(477 513 516 515)
4(517 520 519 518)
4(521 524 523 522)
4(525 528 527 526)
5(493 531 530 529 492)
4(492 529 532 495)
4(495 532 533 496)
4(496 533 534 497)
4(497 534 535 498)
4(498 535 536 499)
4(499 536 537 500)
4(500 537 538 501)
4(501 538 539 502)
4(502 539 540 503)
4(503 540 541 504)
4(504 541 542 505)
4(505 542 543 506)
4(506 543 544 507)
4(507 544 545 508)
4(508 545 546 509)
4(509 546 547 510)
4(510 547 548 511)
4(511 548 549 512)
5(512 549 551 550 514)
4(514 550 553 552)
4(554 557 556 555)
4(558 561 560 559)
4(562 565 564 563)
5(530 568 567 566 529)
4(529 566 569 532)
4(532 569 570 533)
4(533 570 571 534)
4(534 571 572 535)
4(535 572 573 536)
4(536 573 574 537)
4(537 574 575 538)
4(538 575 576 539)
4(539 576 577 540)
4(540 577 578 541)
4(541 578 579 542)
4(542 579 580 543)
4(543 580 581 544)
4(544 581 582 545)
4(545 582 583 546)
4(546 583 584 547)
4(547 584 585 548)
4(548 585 586 549)
5(549 586 588 587 551)
4(551 587 590 589)
4(591 594 593 592)
4(595 598 597 596)
4(599 602 601 600)
5(567 605 604 603 566)
4(566 603 606 569)
4(569 606 607 570)
4(570 607 608 571)
4(571 608 609 572)
4(572 609 610 573)
4(573 610 611 574)
4(574 611 612 575)
4(575 612 613 576)
4(576 613 614 577)
4(577 614 615 578)
4(578 615 616 579)
4(579 616 617 580)
4(580 617 618 581)
4(581 618 619 582)
4(582 619 620 583)
4(583 620 621 584)
4(584 621 622 585)
4(585 622 623 586)
5(586 623 625 624 588)
4(588 624 627 626)
4(628 631 630 629)
4(632 635 634 633)
4(636 639 638 637)
5(604 642 641 640 603)
4(603 640 643 606)
4(606 643 644 607)
4(607 644 645 608)
4(608 645 646 609)
4(609 646 647 610)
4(610 647 648 611)
4(611 648 649 612)
4(612 649 650 613)
4(613 650 651 614)
4(614 651 652 615)
4(615 652 653 616)
4(616 653 654 617)
4(617 654 655 618)
4(618 655 656 619)
4(619 656 657 620)
4(620 657 658 621)
4(621 658 659 622)
4(622 659 660 623)
5(623 660 662 661 625)
4(625 661 664 663)
4(665 668 667 666)
4(669 672 671 670)
4(673 676 675 674)
5(641 679 678 677 640)
4(640 677 680 643)
4(643 680 681 644)
4(644 681 682 645)
4(645 682 683 646)
4(646 683 684 647)
4(647 684 685 648)
4(648 685 686 649)
4(649 686 687 650)
4(650 687 688 651)
4(651 688 689 652)
4(652 689 690 653)
4(653 690 691 654)
4(654 691 692 655)
4(655 692 693 656)
4(656 693 694 657)
4(657 694 695 658)
4(658 695 696 659)
4(659 696 697 660)
5(660 697 699 698 662)
4(662 698 701 700)
4(702 705 704 703)
4(706 709 708 707)
4(710 713 712 711)
5(678 716 715 714 677)
4(677 714 717 680)
4(680 717 718 681)
4(681 718 719 682)
4(682 719 720 683)
4(683 720 721 684)
4(684 721 722 685)
4(685 722 723 686)
4(686 723 724 687)
4(687 724 725 688)
4(688 725 726 689)
4(689 726 727 690)
4(690 727 728 691)
4(691 728 729 692)
4(692 729 730 693)
4(693 730 731 694)
4(694 731 732 695)
4(695 732 733 696)
4(696 733 734 697)
5(697 734 736 735 699)
4(699 735 738 737)
4(739 742 741 740)
4(743 746 745 744)
4(747 750 749 748)
5(715 753 752 751 714)
4(714 751 754 717)
4(717 754 755 718)
4(718 755 756 719)
4(719 756 757 720)
4(720 757 758 721)
4(721 758 759 722)
4(722 759 760 723)
4(723 760 761 724)
4(724 761 762 725)
4(725 762 763 726)
4(726 763 764 727)
4(727 764 765 728)
4(728 765 766 729)
4(729 766 767 730)
4(730 767 768 731)
4(731 768 769 732)
4(732 769 770 733)
4(733 770 771 734)
5(734 771 773 772 736)
4(736 772 775 774)
4(776 779 778 777)
4(780 783 782 781)
4(784 787 786 785)
5(752 790 789 788 751)
4(751 788 791 754)
4(754 791 792 755)
4(755 792 793 756)
4(756 793 794 757)
4(757 794 795 758)
4(758 795 796 759)
4(759 796 797 760)
4(760 797 798 761)
4(761 798 799 762)
4(762 799 800 763)
4(763 800 801 764)
4(764 801 802 765)
4(765 802 803 766)
4(766 803 804 767)
4(767 804 805 768)
4(768 805 806 769)
4(769 806 807 770)
4(770 807 808 771)
5(771 808 810 809 773)
4(773 809 812 811)
4(813 816 815 814)
4(817 820 819 818)
4(821 824 823 822)
5(789 827 826 825 788)
4(788 825 828 791)
4(791 828 829 792)
4(792 829 830 793)
4(793 830 831 794)
4(794 831 832 795)
4(795 832 833 796)
4(796 833 834 797)
4(797 834 835 798)
4(798 835 836 799)
4(799 836 837 800)
4(800 837 838 801)
4(801 838 839 802)
4(802 839 840 803)
4(803 840 841 804)
4(804 841 842 805)
4(805 842 843 806)
4(806 843 844 807)
4(807 844 845 808)
5(808 845 847 846 810)
4(810 846 849 848)
4(850 853 852 851)
4(854 857 856 855)
4(858 861 860 859)
5(826 864 863 862 825)
4(825 862 865 828)
4(828 865 866 829)
4(829 866 867 830)
4(830 867 868 831)
4(831 868 869 832)
4(832 869 870 833)
4(833 870 871 834)
4(834 871 872 835)
4(835 872 873 836)
4(836 873 874 837)
4(837 874 875 838)
4(838 875 876 839)
4(839 876 877 840)
4(840 877 878 841)
4(841 878 879 842)
4(842 879 880 843)
4(843 880 881 844)
4(844 881 882 845)
5(845 882 884 883 847)
4(847 883 886 885)
4(887 890 889 888)
4(891 894 893 892)
4(895 898 897 896)
5(863 901 900 899 862)
4(862 899 902 865)
4(865 902 903 866)
4(866 903 904 867)
4(867 904 905 868)
4(868 905 906 869)
4(869 906 907 870)
4(870 907 908 871)
4(871 908 909 872)
4(872 909 910 873)
4(873 910 911 874)
4(874 911 912 875)
4(875 912 913 876)
4(876 913 914 877)
4(877 914 915 878)
4(878 915 916 879)
4(879 916 917 880)
4(880 917 918 881)
4(881 918 919 882)
5(882 919 921 920 884)
4(884 920 923 922)
4(924 927 926 925)
4(928 931 930 929)
4(932 935 934 933)
5(900 938 937 936 899)
4(899 936 939 902)
4(902 939 940 903)
4(903 940 941 904)
4(904 941 942 905)
4(905 942 943 906)
4(906 943 944 907)
4(907 944 945 908)
4(908 945 946 909)
4(909 946 947 910)
4(910 947 948 911)
4(911 948 949 912)
4(912 949 950 913)
4(913 950 951 914)
4(914 951 952 915)
4(915 952 953 916)
4(916 953 954 917)
4(917 954 955 918)
4(918 955 956 919)
5(919 956 958 957 921)
4(921 957 960 959)
4(961 964 963 962)
4(965 968 967 966)
4(969 972 971 970)
5(937 975 974 973 936)
4(936 973 976 939)
4(939 976 977 940)
4(940 977 978 941)
4(941 978 979 942)
4(942 979 980 943)
4(943 980 981 944)
4(944 981 982 945)
4(945 982 983 946)
4(946 983 984 947)
4(947 984 985 948)
4(948 985 986 949)
4(949 986 987 950)
4(950 987 988 951)
4(951 988 989 952)
4(952 989 990 953)
4(953 990 991 954)
4(954 991 992 955)
4(955 992 993 956)
5(956 993 995 994 958)
4(958 994 997 996)
4(998 1001 1000 999)
4(1002 1005 1004 1003)
4(1006 1009 1008 1007)
5(974 1012 1011 1010 973)
4(973 1010 1013 976)
4(976 1013 1014 977)
4(977 1014 1015 978)
4(978 1015 1016 979)
4(979 1016 1017 980)
4(980 1017 1018 981)
4(981 1018 1019 982)
4(982 1019 1020 983)
4(983 1020 1021 984)
4(984 1021 1022 985)
4(985 1022 1023 986)
4(986 1023 1024 987)
4(987 1024 1025 988)
4(988 1025 1026 989)
4(989 1026 1027 990)
4(990 1027 1028 991)
4(991 1028 1029 992)
4(992 1029 1030 993)
5(993 1030 1032 1031 995)
4(995 1031 1034 1033)
4(1035 1038 1037 1036)
4(1039 1042 1041 1040)
4(1043 1046 1045 1044)
6(1011 1050 1049 1048 1047 1010)
5(1010 1047 1052 1051 1013)
5(1013 1051 1054 1053 1014)
5(1014 1053 1056 1055 1015)
5(1015 1055 1058 1057 1016)
5(1016 1057 1060 1059 1017)
5(1017 1059 1062 1061 1018)
5(1018 1061 1064 1063 1019)
5(1019 1063 1066 1065 1020)
5(1020 1065 1068 1067 1021)
5(1021 1067 1070 1069 1022)
5(1022 1069 1072 1071 1023)
5(1023 1071 1074 1073 1024)
5(1024 1073 1076 1075 1025)
5(1025 1075 1078 1077 1026)
5(1026 1077 1080 1079 1027)
5(1027 1079 1082 1081 1028)
5(1028 1081 1084 1083 1029)
5(1029 1083 1086 1085 1030)
6(1030 1085 1089 1088 1087 1032)
4(1032 1087 1091 1090)
4(1092 1095 1094 1093)
4(1096 1099 1098 1097)
4(1100 1103 1102 1101)
4(1049 1105 1104 1048)
4(1047 1107 1106 1052)
4(1051 1109 1108 1054)
4(1053 1111 1110 1056)
4(1055 1113 1112 1058)
4(1057 1115 1114 1060)
4(1059 1117 1116 1062)
4(1061 1119 1118 1064)
4(1063 1121 1120 1066)
4(1065 1123 1122 1068)
4(1067 1125 1124 1070)
4(1069 1127 1126 1072)
4(1071 1129 1128 1074)
4(1073 1131 1130 1076)
4(1075 1133 1132 1078)
4(1077 1135 1134 1080)
4(1079 1137 1136 1082)
4(1081 1139 1138 1084)
4(1083 1141 1140 1086)
4(1085 1143 1142 1089)
4(1088 1146 1145 1144)
4(1147 1150 1149 1148)
4(1151 1154 1153 1152)
4(1155 1158 1157 1156)
4(1159 1162 1161 1160)
4(1163 1166 1165 1164)
4(1167 1170 1169 1168)
4(1171 1174 1173 1172)
4(1175 1178 1177 1176)
4(1179 1182 1181 1180)
4(1183 1186 1185 1184)
4(1187 1190 1189 1188)
4(1191 1194 1193 1192)
4(1195 1198 1197 1196)
4(1199 1202 1201 1200)
4(1203 1206 1205 1204)
4(1207 1210 1209 1208)
4(1211 1214 1213 1212)
4(1215 1218 1217 1216)
4(1219 1222 1221 1220)
4(1223 1226 1225 1224)
4(1227 1230 1229 1228)
4(1231 1234 1233 1232)
4(1235 1238 1237 1236)
4(1239 1242 1241 1240)
4(1243 1246 1245 1244)
4(376 377 1247 412)
4(428 412 1247 1248)
4(443 444 426 427)
4(428 1248 1249 431)
4(447 431 1249 1250)
4(480 481 445 446)
4(447 1250 1251 450)
4(484 450 1251 1252)
4(517 518 482 483)
4(484 1252 1253 487)
4(521 487 1253 1254)
4(554 555 519 520)
4(521 1254 1255 524)
4(558 524 1255 1256)
4(591 592 556 557)
4(558 1256 1257 561)
4(595 561 1257 1258)
4(628 629 593 594)
4(595 1258 1259 598)
4(632 598 1259 1260)
4(665 666 630 631)
4(632 1260 1261 635)
4(669 635 1261 1262)
4(702 703 667 668)
4(669 1262 1263 672)
4(706 672 1263 1264)
4(739 740 704 705)
4(706 1264 1265 709)
4(743 709 1265 1266)
4(776 777 741 742)
4(743 1266 1267 746)
4(780 746 1267 1268)
4(813 814 778 779)
4(780 1268 1269 783)
4(817 783 1269 1270)
4(850 851 815 816)
4(817 1270 1271 820)
4(854 820 1271 1272)
4(887 888 852 853)
4(854 1272 1273 857)
4(891 857 1273 1274)
4(924 925 889 890)
4(891 1274 1275 894)
4(928 894 1275 1276)
4(961 962 926 927)
4(928 1276 1277 931)
4(965 931 1277 1278)
4(998 999 963 964)
4(965 1278 1279 968)
4(1002 968 1279 1280)
4(1035 1036 1000 1001)
4(1002 1280 1281 1005)
4(1039 1005 1281 1282)
4(1092 1093 1037 1038)
4(1039 1282 1283 1042)
4(1096 1042 1283 1284)
4(1147 1148 1094 1095)
4(1096 1284 1285 1099)
4(1151 1099 1285 1286)
4(1243 1244 1149 1150)
4(1151 1286 1287 1154)
4(1155 1152 1153 1158)
4(1159 1156 1157 1162)
4(1163 1160 1161 1166)
4(1167 1164 1165 1170)
4(1171 1168 1169 1174)
4(1175 1172 1173 1178)
4(1179 1176 1177 1182)
4(1183 1180 1181 1186)
4(1187 1184 1185 1190)
4(1191 1188 1189 1194)
4(1195 1192 1193 1198)
4(1199 1196 1197 1202)
4(1203 1200 1201 1206)
4(1207 1204 1205 1210)
4(1211 1208 1209 1214)
4(1215 1212 1213 1218)
4(1219 1216 1217 1222)
4(1223 1220 1221 1226)
4(1227 1224 1225 1230)
4(1231 1228 1229 1234)
4(1235 1232 1233 1238)
4(1239 1236 1237 1242)
4(1243 1240 1241 1246)
4(378 379 411 414)
4(432 414 411 429)
4(428 429 411 412)
4(360 380 413 416)
4(415 416 413 433)
4(432 433 413 414)
4(424 422 423 427)
4(443 427 423 441)
4(421 441 423 420)
4(432 429 430 435)
4(451 435 430 448)
4(447 448 430 431)
4(415 433 434 437)
4(436 437 434 452)
4(451 452 434 435)
4(443 441 442 446)
4(480 446 442 478)
4(440 478 442 439)
4(451 448 449 454)
4(488 454 449 485)
4(484 485 449 450)
4(436 452 453 457)
4(456 457 453 489)
4(488 489 453 454)
4(480 478 479 483)
4(517 483 479 515)
4(477 515 479 476)
4(488 485 486 491)
4(525 491 486 522)
4(521 522 486 487)
4(456 489 490 494)
4(493 494 490 526)
4(525 526 490 491)
4(517 515 516 520)
4(554 520 516 552)
4(514 552 516 513)
4(525 522 523 528)
4(562 528 523 559)
4(558 559 523 524)
4(493 526 527 531)
4(530 531 527 563)
4(562 563 527 528)
4(554 552 553 557)
4(591 557 553 589)
4(551 589 553 550)
4(562 559 560 565)
4(599 565 560 596)
4(595 596 560 561)
4(530 563 564 568)
4(567 568 564 600)
4(599 600 564 565)
4(591 589 590 594)
4(628 594 590 626)
4(588 626 590 587)
4(599 596 597 602)
4(636 602 597 633)
4(632 633 597 598)
4(567 600 601 605)
4(604 605 601 637)
4(636 637 601 602)
4(628 626 627 631)
4(665 631 627 663)
4(625 663 627 624)
4(636 633 634 639)
4(673 639 634 670)
4(669 670 634 635)
4(604 637 638 642)
4(641 642 638 674)
4(673 674 638 639)
4(665 663 664 668)
4(702 668 664 700)
4(662 700 664 661)
4(673 670 671 676)
4(710 676 671 707)
4(706 707 671 672)
4(641 674 675 679)
4(678 679 675 711)
4(710 711 675 676)
4(702 700 701 705)
4(739 705 701 737)
4(699 737 701 698)
4(710 707 708 713)
4(747 713 708 744)
4(743 744 708 709)
4(678 711 712 716)
4(715 716 712 748)
4(747 748 712 713)
4(739 737 738 742)
4(776 742 738 774)
4(736 774 738 735)
4(747 744 745 750)
4(784 750 745 781)
4(780 781 745 746)
4(715 748 749 753)
4(752 753 749 785)
4(784 785 749 750)
4(776 774 775 779)
4(813 779 775 811)
4(773 811 775 772)
4(784 781 782 787)
4(821 787 782 818)
4(817 818 782 783)
4(752 785 786 790)
4(789 790 786 822)
4(821 822 786 787)
4(813 811 812 816)
4(850 816 812 848)
4(810 848 812 809)
4(821 818 819 824)
4(858 824 819 855)
4(854 855 819 820)
4(789 822 823 827)
4(826 827 823 859)
4(858 859 823 824)
4(850 848 849 853)
4(887 853 849 885)
4(847 885 849 846)
4(858 855 856 861)
4(895 861 856 892)
4(891 892 856 857)
4(826 859 860 864)
4(863 864 860 896)
4(895 896 860 861)
4(887 885 886 890)
4(924 890 886 922)
4(884 922 886 883)
4(895 892 893 898)
4(932 898 893 929)
4(928 929 893 894)
4(863 896 897 901)
4(900 901 897 933)
4(932 933 897 898)
4(924 922 923 927)
4(961 927 923 959)
4(921 959 923 920)
4(932 929 930 935)
4(969 935 930 966)
4(965 966 930 931)
4(900 933 934 938)
4(937 938 934 970)
4(969 970 934 935)
4(961 959 960 964)
4(998 964 960 996)
4(958 996 960 957)
4(969 966 967 972)
4(1006 972 967 1003)
4(1002 1003 967 968)
4(937 970 971 975)
4(974 975 971 1007)
4(1006 1007 971 972)
4(998 996 997 1001)
4(1035 1001 997 1033)
4(995 1033 997 994)
4(1006 1003 1004 1009)
4(1043 1009 1004 1040)
4(1039 1040 1004 1005)
4(974 1007 1008 1012)
4(1011 1012 1008 1044)
4(1043 1044 1008 1009)
4(1035 1033 1034 1038)
4(1092 1038 1034 1090)
4(1032 1090 1034 1031)
4(1043 1040 1041 1046)
4(1100 1046 1041 1097)
4(1096 1097 1041 1042)
4(1011 1044 1045 1050)
4(1049 1050 1045 1101)
4(1100 1101 1045 1046)
4(1092 1090 1091 1095)
4(1147 1095 1091 1144)
4(1088 1144 1091 1087)
4(1100 1097 1098 1103)
4(1155 1103 1098 1152)
4(1151 1152 1098 1099)
4(1049 1101 1102 1105)
4(1159 1105 1102 1156)
4(1155 1156 1102 1103)
4(1047 1048 1104 1107)
4(1163 1107 1104 1160)
4(1159 1160 1104 1105)
4(1051 1052 1106 1109)
4(1167 1109 1106 1164)
4(1163 1164 1106 1107)
4(1053 1054 1108 1111)
4(1171 1111 1108 1168)
4(1167 1168 1108 1109)
4(1055 1056 1110 1113)
4(1175 1113 1110 1172)
4(1171 1172 1110 1111)
4(1057 1058 1112 1115)
4(1179 1115 1112 1176)
4(1175 1176 1112 1113)
4(1059 1060 1114 1117)
4(1183 1117 1114 1180)
4(1179 1180 1114 1115)
4(1061 1062 1116 1119)
4(1187 1119 1116 1184)
4(1183 1184 1116 1117)
4(1063 1064 1118 1121)
4(1191 1121 1118 1188)
4(1187 1188 1118 1119)
4(1065 1066 1120 1123)
4(1195 1123 1120 1192)
4(1191 1192 1120 1121)
4(1067 1068 1122 1125)
4(1199 1125 1122 1196)
4(1195 1196 1122 1123)
4(1069 1070 1124 1127)
4(1203 1127 1124 1200)
4(1199 1200 1124 1125)
4(1071 1072 1126 1129)
4(1207 1129 1126 1204)
4(1203 1204 1126 1127)
4(1073 1074 1128 1131)
4(1211 1131 1128 1208)
4(1207 1208 1128 1129)
4(1075 1076 1130 1133)
4(1215 1133 1130 1212)
4(1211 1212 1130 1131)
4(1077 1078 1132 1135)
4(1219 1135 1132 1216)
4(1215 1216 1132 1133)
4(1079 1080 1134 1137)
4(1223 1137 1134 1220)
4(1219 1220 1134 1135)
4(1081 1082 1136 1139)
4(1227 1139 1136 1224)
4(1223 1224 1136 1137)
4(1083 1084 1138 1141)
4(1231 1141 1138 1228)
4(1227 1228 1138 1139)
4(1085 1086 1140 1143)
4(1235 1143 1140 1232)
4(1231 1232 1140 1141)
4(1088 1089 1142 1146)
4(1239 1146 1142 1236)
4(1235 1236 1142 1143)
4(1147 1144 1145 1150)
4(1243 1150 1145 1240)
4(1239 1240 1145 1146)
4(426 1289 1288 425)
4(1289 1291 1290 1288)
4(445 1293 1292 444)
4(1293 1295 1294 1292)
4(482 1297 1296 481)
4(1297 1299 1298 1296)
4(519 1301 1300 518)
4(1301 1303 1302 1300)
4(556 1305 1304 555)
4(1305 1307 1306 1304)
4(593 1309 1308 592)
4(1309 1311 1310 1308)
4(630 1313 1312 629)
4(1313 1315 1314 1312)
4(667 1317 1316 666)
4(1317 1319 1318 1316)
4(704 1321 1320 703)
4(1321 1323 1322 1320)
4(741 1325 1324 740)
4(1325 1327 1326 1324)
4(778 1329 1328 777)
4(1329 1331 1330 1328)
4(815 1333 1332 814)
4(1333 1335 1334 1332)
4(852 1337 1336 851)
4(1337 1339 1338 1336)
4(889 1341 1340 888)
4(1341 1343 1342 1340)
4(926 1345 1344 925)
4(1345 1347 1346 1344)
4(963 1349 1348 962)
4(1349 1351 1350 1348)
4(1000 1353 1352 999)
4(1353 1355 1354 1352)
4(1037 1357 1356 1036)
4(1357 1359 1358 1356)
4(1094 1361 1360 1093)
4(1361 1363 1362 1360)
4(1149 1365 1364 1148)
4(1365 1367 1366 1364)
4(1245 1369 1368 1244)
4(1369 1371 1370 1368)
4(444 1292 1289 426)
4(1292 1294 1291 1289)
4(481 1296 1293 445)
4(1296 1298 1295 1293)
4(518 1300 1297 482)
4(1300 1302 1299 1297)
4(555 1304 1301 519)
4(1304 1306 1303 1301)
4(592 1308 1305 556)
4(1308 1310 1307 1305)
4(629 1312 1309 593)
4(1312 1314 1311 1309)
4(666 1316 1313 630)
4(1316 1318 1315 1313)
4(703 1320 1317 667)
4(1320 1322 1319 1317)
4(740 1324 1321 704)
4(1324 1326 1323 1321)
4(777 1328 1325 741)
4(1328 1330 1327 1325)
4(814 1332 1329 778)
4(1332 1334 1331 1329)
4(851 1336 1333 815)
4(1336 1338 1335 1333)
4(888 1340 1337 852)
4(1340 1342 1339 1337)
4(925 1344 1341 889)
4(1344 1346 1343 1341)
4(962 1348 1345 926)
4(1348 1350 1347 1345)
4(999 1352 1349 963)
4(1352 1354 1351 1349)
4(1036 1356 1353 1000)
4(1356 1358 1355 1353)
4(1093 1360 1357 1037)
4(1360 1362 1359 1357)
4(1148 1364 1361 1094)
4(1364 1366 1363 1361)
4(1244 1368 1365 1149)
4(1368 1370 1367 1365)
4(377 409 1372 1247)
4(409 410 1373 1372)
4(1248 1375 1374 1249)
4(1375 1377 1376 1374)
4(1250 1379 1378 1251)
4(1379 1381 1380 1378)
4(1252 1383 1382 1253)
4(1383 1385 1384 1382)
4(1254 1387 1386 1255)
4(1387 1389 1388 1386)
4(1256 1391 1390 1257)
4(1391 1393 1392 1390)
4(1258 1395 1394 1259)
4(1395 1397 1396 1394)
4(1260 1399 1398 1261)
4(1399 1401 1400 1398)
4(1262 1403 1402 1263)
4(1403 1405 1404 1402)
4(1264 1407 1406 1265)
4(1407 1409 1408 1406)
4(1266 1411 1410 1267)
4(1411 1413 1412 1410)
4(1268 1415 1414 1269)
4(1415 1417 1416 1414)
4(1270 1419 1418 1271)
4(1419 1421 1420 1418)
4(1272 1423 1422 1273)
4(1423 1425 1424 1422)
4(1274 1427 1426 1275)
4(1427 1429 1428 1426)
4(1276 1431 1430 1277)
4(1431 1433 1432 1430)
4(1278 1435 1434 1279)
4(1435 1437 1436 1434)
4(1280 1439 1438 1281)
4(1439 1441 1440 1438)
4(1282 1443 1442 1283)
4(1443 1445 1444 1442)
4(1284 1447 1446 1285)
4(1447 1449 1448 1446)
4(1286 1451 1450 1287)
4(1451 1453 1452 1450)
4(1247 1372 1375 1248)
4(1372 1373 1377 1375)
4(1249 1374 1379 1250)
4(1374 1376 1381 1379)
4(1251 1378 1383 1252)
4(1378 1380 1385 1383)
4(1253 1382 1387 1254)
4(1382 1384 1389 1387)
4(1255 1386 1391 1256)
4(1386 1388 1393 1391)
4(1257 1390 1395 1258)
4(1390 1392 1397 1395)
4(1259 1394 1399 1260)
4(1394 1396 1401 1399)
4(1261 1398 1403 1262)
4(1398 1400 1405 1403)
4(1263 1402 1407 1264)
4(1402 1404 1409 1407)
4(1265 1406 1411 1266)
4(1406 1408 1413 1411)
4(1267 1410 1415 1268)
4(1410 1412 1417 1415)
4(1269 1414 1419 1270)
4(1414 1416 1421 1419)
4(1271 1418 1423 1272)
4(1418 1420 1425 1423)
4(1273 1422 1427 1274)
4(1422 1424 1429 1427)
4(1275 1426 1431 1276)
4(1426 1428 1433 1431)
4(1277 1430 1435 1278)
4(1430 1432 1437 1435)
4(1279 1434 1439 1280)
4(1434 1436 1441 1439)
4(1281 1438 1443 1282)
4(1438 1440 1445 1443)
4(1283 1442 1447 1284)
4(1442 1444 1449 1447)
4(1285 1446 1451 1286)
4(1446 1448 1453 1451)
5(1455 1467 1466 1465 1454)
4(1454 1465 1468 1456)
4(1456 1468 1469 1457)
4(1457 1469 1470 1458)
5(1458 1470 1472 1471 1459)
4(1459 1471 1474 1473)
4(1475 1478 1477 1476)
4(1479 1482 1481 1480)
4(1483 1486 1485 1484)
4(1487 1490 1489 1488)
6(1491 1495 1494 1493 1460 1492)
4(1460 1493 4 1)
4(1497 1462 1496 1498)
4(1483 1480 1481 1486)
4(1499 1486 1481 1500)
4(1501 1500 1481 1482)
4(1502 1464 1461 1503)
4(1497 1503 1461 1462)
4(1466 1467 1463 1504)
4(1502 1504 1463 1464)
4(1475 1473 1474 1478)
4(1505 1478 1474 1506)
4(1472 1506 1474 1471)
4(1479 1476 1477 1482)
4(1501 1482 1477 1507)
4(1505 1507 1477 1478)
4(1487 1484 1485 1490)
4(1508 1490 1485 1509)
4(1499 1509 1485 1486)
4(1491 1488 1489 1495)
4(1494 1495 1489 1510)
4(1508 1510 1489 1490)
4(1511 1514 1513 1512)
4(1512 1513 1516 1515)
4(1517 1520 1519 1518)
4(1518 1519 1522 1521)
4(1521 1522 1524 1523)
4(1523 1524 1526 1525)
4(1525 1526 1528 1527)
4(1527 1528 1529 1514)
4(1514 1529 1530 1513)
4(1513 1530 1531 1516)
4(340 213 215 1532)
4(1532 215 1534 1533)
4(1533 1534 1536 1535)
4(1535 1536 1537 1520)
4(1520 1537 1538 1519)
4(1519 1538 1539 1522)
4(1522 1539 1540 1524)
4(1524 1540 1541 1526)
4(1526 1541 1542 1528)
4(1528 1542 1543 1529)
4(1529 1543 1544 1530)
4(1530 1544 1545 1531)
4(215 216 225 1534)
4(1534 225 227 1536)
4(1536 227 229 1537)
4(1537 229 231 1538)
4(1538 231 233 1539)
4(1539 233 235 1540)
4(1540 235 237 1541)
4(1541 237 239 1542)
4(1542 239 241 1543)
4(1543 241 243 1544)
4(1544 243 245 1545)
4(1497 1547 1546 1503)
4(1502 1549 1548 1504)
5(1466 1552 1551 1550 1465)
4(1465 1550 1553 1468)
4(1468 1553 1554 1469)
4(1469 1554 1555 1470)
4(1470 1555 1556 1472)
6(1472 1556 1558 1557 1505 1506)
4(1505 1557 1559 1507)
4(1501 1561 1560 1500)
4(1499 1563 1562 1509)
6(1508 1566 1565 1564 1494 1510)
4(1494 1564 1567 1493)
4(1493 1567 7 4)
4(1568 1571 1570 1569)
4(1572 1575 1574 1573)
5(1551 1578 1577 1576 1550)
4(1550 1576 1579 1553)
4(1553 1579 1580 1554)
4(1554 1580 1581 1555)
4(1555 1581 1582 1556)
4(1556 1582 1583 1558)
5(1558 1583 1586 1585 1584)
5(1585 1586 1589 1588 1587)
5(1588 1589 1591 1565 1590)
4(1565 1591 1592 1564)
4(1564 1592 1593 1567)
4(1567 1593 1594 7)
4(7 1594 1595 6)
4(6 1595 1596 8)
4(8 1596 1597 37)
4(37 1597 48 38)
4(1598 1601 1600 1599)
4(1602 1605 1604 1603)
5(1577 1608 1607 1606 1576)
4(1576 1606 1609 1579)
4(1579 1609 1610 1580)
4(1580 1610 1611 1581)
4(1581 1611 1612 1582)
4(1582 1612 1613 1583)
4(1583 1613 1614 1586)
4(1586 1614 1615 1589)
4(1589 1615 1616 1591)
4(1591 1616 1617 1592)
4(1592 1617 1618 1593)
4(1593 1618 1619 1594)
4(1594 1619 1620 1595)
4(1595 1620 1621 1596)
4(1596 1621 1622 1597)
4(1597 1622 60 48)
4(1623 1626 1625 1624)
4(1627 1630 1629 1628)
5(1607 1633 1632 1631 1606)
4(1606 1631 1634 1609)
4(1609 1634 1635 1610)
4(1610 1635 1636 1611)
4(1611 1636 1637 1612)
4(1612 1637 1638 1613)
4(1613 1638 1639 1614)
4(1614 1639 1640 1615)
4(1615 1640 1641 1616)
4(1616 1641 1642 1617)
4(1617 1642 1643 1618)
4(1618 1643 1644 1619)
4(1619 1644 1645 1620)
4(1620 1645 1646 1621)
4(1621 1646 1647 1622)
4(1622 1647 72 60)
4(1648 1651 1650 1649)
4(1652 1655 1654 1653)
5(1632 1658 1657 1656 1631)
4(1631 1656 1659 1634)
4(1634 1659 1660 1635)
4(1635 1660 1661 1636)
4(1636 1661 1662 1637)
4(1637 1662 1663 1638)
4(1638 1663 1664 1639)
4(1639 1664 1665 1640)
4(1640 1665 1666 1641)
4(1641 1666 1667 1642)
4(1642 1667 1668 1643)
4(1643 1668 1669 1644)
4(1644 1669 1670 1645)
4(1645 1670 1671 1646)
4(1646 1671 1672 1647)
4(1647 1672 84 72)
4(1673 1676 1675 1674)
4(1677 1680 1679 1678)
5(1657 1683 1682 1681 1656)
4(1656 1681 1684 1659)
4(1659 1684 1685 1660)
4(1660 1685 1686 1661)
4(1661 1686 1687 1662)
4(1662 1687 1688 1663)
4(1663 1688 1689 1664)
4(1664 1689 1690 1665)
4(1665 1690 1691 1666)
4(1666 1691 1692 1667)
4(1667 1692 1693 1668)
4(1668 1693 1694 1669)
4(1669 1694 1695 1670)
4(1670 1695 1696 1671)
4(1671 1696 1697 1672)
4(1672 1697 9 84)
4(1698 1701 1700 1699)
4(1702 1705 1704 1703)
5(1682 1708 1707 1706 1681)
4(1681 1706 1709 1684)
4(1684 1709 1710 1685)
4(1685 1710 1711 1686)
4(1686 1711 1712 1687)
4(1687 1712 1713 1688)
4(1688 1713 1714 1689)
4(1689 1714 1715 1690)
4(1690 1715 1716 1691)
4(1691 1716 1717 1692)
4(1692 1717 1718 1693)
4(1693 1718 1719 1694)
4(1694 1719 1720 1695)
4(1695 1720 1721 1696)
4(1696 1721 1722 1697)
4(1697 1722 12 9)
4(1723 1726 1725 1724)
4(1727 1730 1729 1728)
5(1707 1733 1732 1731 1706)
4(1706 1731 1734 1709)
4(1709 1734 1735 1710)
4(1710 1735 1736 1711)
4(1711 1736 1737 1712)
4(1712 1737 1738 1713)
4(1713 1738 1739 1714)
4(1714 1739 1740 1715)
4(1715 1740 1741 1716)
4(1716 1741 1742 1717)
4(1717 1742 1743 1718)
4(1718 1743 1744 1719)
4(1719 1744 1745 1720)
4(1720 1745 1746 1721)
4(1721 1746 1747 1722)
4(1722 1747 14 12)
4(1748 1751 1750 1749)
4(1752 1755 1754 1753)
5(1732 1758 1757 1756 1731)
4(1731 1756 1759 1734)
4(1734 1759 1760 1735)
4(1735 1760 1761 1736)
4(1736 1761 1762 1737)
4(1737 1762 1763 1738)
4(1738 1763 1764 1739)
4(1739 1764 1765 1740)
4(1740 1765 1766 1741)
4(1741 1766 1767 1742)
4(1742 1767 1768 1743)
4(1743 1768 1769 1744)
4(1744 1769 1770 1745)
4(1745 1770 1771 1746)
4(1746 1771 1772 1747)
4(1747 1772 1773 14)
4(14 1773 1774 13)
4(1775 1778 1777 1776)
4(1779 1782 1781 1780)
5(1757 1785 1784 1783 1756)
4(1756 1783 1786 1759)
4(1759 1786 1787 1760)
4(1760 1787 1788 1761)
4(1761 1788 1789 1762)
4(1762 1789 1790 1763)
4(1763 1790 1791 1764)
4(1764 1791 1792 1765)
4(1765 1792 1793 1766)
4(1766 1793 1794 1767)
4(1767 1794 1795 1768)
4(1768 1795 1796 1769)
4(1769 1796 1797 1770)
4(1770 1797 1798 1771)
4(1771 1798 1799 1772)
4(1772 1799 1800 1773)
4(1773 1800 1801 1774)
4(1802 1805 1804 1803)
4(1806 1809 1808 1807)
5(1784 1812 1811 1810 1783)
4(1783 1810 1813 1786)
4(1786 1813 1814 1787)
4(1787 1814 1815 1788)
4(1788 1815 1816 1789)
4(1789 1816 1817 1790)
4(1790 1817 1818 1791)
4(1791 1818 1819 1792)
4(1792 1819 1820 1793)
4(1793 1820 1821 1794)
4(1794 1821 1822 1795)
4(1795 1822 1823 1796)
4(1796 1823 1824 1797)
4(1797 1824 1825 1798)
4(1798 1825 1826 1799)
4(1799 1826 1827 1800)
4(1800 1827 1828 1801)
4(1829 1832 1831 1830)
4(1833 1836 1835 1834)
5(1811 1839 1838 1837 1810)
4(1810 1837 1840 1813)
4(1813 1840 1841 1814)
4(1814 1841 1842 1815)
4(1815 1842 1843 1816)
4(1816 1843 1844 1817)
4(1817 1844 1845 1818)
4(1818 1845 1846 1819)
4(1819 1846 1847 1820)
4(1820 1847 1848 1821)
4(1821 1848 1849 1822)
4(1822 1849 1850 1823)
4(1823 1850 1851 1824)
4(1824 1851 1852 1825)
4(1825 1852 1853 1826)
4(1826 1853 1854 1827)
4(1827 1854 1855 1828)
4(1856 1859 1858 1857)
4(1860 1863 1862 1861)
5(1838 1866 1865 1864 1837)
4(1837 1864 1867 1840)
4(1840 1867 1868 1841)
4(1841 1868 1869 1842)
4(1842 1869 1870 1843)
4(1843 1870 1871 1844)
4(1844 1871 1872 1845)
4(1845 1872 1873 1846)
4(1846 1873 1874 1847)
4(1847 1874 1875 1848)
4(1848 1875 1876 1849)
4(1849 1876 1877 1850)
4(1850 1877 1878 1851)
4(1851 1878 1879 1852)
4(1852 1879 1880 1853)
4(1853 1880 1881 1854)
4(1854 1881 1882 1855)
4(1883 1886 1885 1884)
4(1887 1890 1889 1888)
5(1865 1893 1892 1891 1864)
4(1864 1891 1894 1867)
4(1867 1894 1895 1868)
4(1868 1895 1896 1869)
4(1869 1896 1897 1870)
4(1870 1897 1898 1871)
4(1871 1898 1899 1872)
4(1872 1899 1900 1873)
4(1873 1900 1901 1874)
4(1874 1901 1902 1875)
4(1875 1902 1903 1876)
4(1876 1903 1904 1877)
4(1877 1904 1905 1878)
4(1878 1905 1906 1879)
4(1879 1906 1907 1880)
4(1880 1907 1908 1881)
4(1881 1908 1909 1882)
4(1910 1913 1912 1911)
4(1914 1917 1916 1915)
5(1892 1920 1919 1918 1891)
4(1891 1918 1921 1894)
4(1894 1921 1922 1895)
4(1895 1922 1923 1896)
4(1896 1923 1924 1897)
4(1897 1924 1925 1898)
4(1898 1925 1926 1899)
4(1899 1926 1927 1900)
4(1900 1927 1928 1901)
4(1901 1928 1929 1902)
4(1902 1929 1930 1903)
4(1903 1930 1931 1904)
4(1904 1931 1932 1905)
4(1905 1932 1933 1906)
4(1906 1933 1934 1907)
4(1907 1934 1935 1908)
4(1908 1935 1936 1909)
4(1909 1936 1938 1937)
4(1939 1942 1941 1940)
4(1943 1946 1945 1944)
5(1919 1949 1948 1947 1918)
4(1918 1947 1950 1921)
4(1921 1950 1951 1922)
4(1922 1951 1952 1923)
4(1923 1952 1953 1924)
4(1924 1953 1954 1925)
4(1925 1954 1955 1926)
4(1926 1955 1956 1927)
4(1927 1956 1957 1928)
4(1928 1957 1958 1929)
4(1929 1958 1959 1930)
4(1930 1959 1960 1931)
4(1931 1960 1961 1932)
4(1932 1961 1962 1933)
4(1933 1962 1963 1934)
4(1934 1963 1964 1935)
4(1935 1964 1965 1936)
4(1936 1965 1966 1938)
4(1967 1970 1969 1968)
4(1971 1974 1973 1972)
5(1948 1977 1976 1975 1947)
4(1947 1975 1978 1950)
4(1950 1978 1979 1951)
4(1951 1979 1980 1952)
4(1952 1980 1981 1953)
4(1953 1981 1982 1954)
4(1954 1982 1983 1955)
4(1955 1983 1984 1956)
4(1956 1984 1985 1957)
4(1957 1985 1986 1958)
4(1958 1986 1987 1959)
4(1959 1987 1988 1960)
4(1960 1988 1989 1961)
4(1961 1989 1990 1962)
4(1962 1990 1991 1963)
4(1963 1991 1992 1964)
4(1964 1992 1993 1965)
4(1965 1993 1994 1966)
4(1995 1998 1997 1996)
4(1999 2002 2001 2000)
5(1976 2005 2004 2003 1975)
4(1975 2003 2006 1978)
4(1978 2006 2007 1979)
4(1979 2007 2008 1980)
4(1980 2008 2009 1981)
4(1981 2009 2010 1982)
4(1982 2010 2011 1983)
4(1983 2011 2012 1984)
4(1984 2012 2013 1985)
4(1985 2013 2014 1986)
4(1986 2014 2015 1987)
4(1987 2015 2016 1988)
4(1988 2016 2017 1989)
4(1989 2017 2018 1990)
4(1990 2018 2019 1991)
4(1991 2019 2020 1992)
4(1992 2020 2021 1993)
4(1993 2021 2022 1994)
4(2023 2026 2025 2024)
4(2027 2030 2029 2028)
5(2004 2033 2032 2031 2003)
4(2003 2031 2034 2006)
4(2006 2034 2035 2007)
4(2007 2035 2036 2008)
4(2008 2036 2037 2009)
4(2009 2037 2038 2010)
4(2010 2038 2039 2011)
4(2011 2039 2040 2012)
4(2012 2040 2041 2013)
4(2013 2041 2042 2014)
4(2014 2042 2043 2015)
4(2015 2043 2044 2016)
4(2016 2044 2045 2017)
4(2017 2045 2046 2018)
4(2018 2046 2047 2019)
4(2019 2047 2048 2020)
4(2020 2048 2049 2021)
4(2021 2049 2050 2022)
4(2051 2054 2053 2052)
4(2055 2058 2057 2056)
5(2032 2061 2060 2059 2031)
4(2031 2059 2062 2034)
4(2034 2062 2063 2035)
4(2035 2063 2064 2036)
4(2036 2064 2065 2037)
4(2037 2065 2066 2038)
4(2038 2066 2067 2039)
4(2039 2067 2068 2040)
4(2040 2068 2069 2041)
4(2041 2069 2070 2042)
4(2042 2070 2071 2043)
4(2043 2071 2072 2044)
4(2044 2072 2073 2045)
4(2045 2073 2074 2046)
4(2046 2074 2075 2047)
4(2047 2075 2076 2048)
4(2048 2076 2077 2049)
4(2049 2077 2078 2050)
4(2079 2082 2081 2080)
4(2083 2086 2085 2084)
5(2060 2087 273 274 2059)
4(2059 274 2088 2062)
4(2062 2088 2089 2063)
4(2063 2089 2090 2064)
4(2064 2090 2091 2065)
4(2065 2091 2092 2066)
4(2066 2092 2093 2067)
4(2067 2093 2094 2068)
4(2068 2094 2095 2069)
4(2069 2095 2096 2070)
4(2070 2096 2097 2071)
4(2071 2097 2098 2072)
4(2072 2098 2099 2073)
4(2073 2099 2100 2074)
4(2074 2100 2101 2075)
4(2075 2101 2102 2076)
4(2076 2102 2103 2077)
4(2077 2103 2104 2078)
4(274 275 2105 2088)
4(2088 2105 2106 2089)
4(2089 2106 2107 2090)
4(2090 2107 2108 2091)
4(2091 2108 2109 2092)
4(2092 2109 2110 2093)
4(2093 2110 2111 2094)
4(2094 2111 2112 2095)
4(2095 2112 2113 2096)
4(2096 2113 2114 2097)
4(2097 2114 2115 2098)
4(2098 2115 2116 2099)
4(2099 2116 2117 2100)
4(2100 2117 2118 2101)
4(2101 2118 2119 2102)
4(2102 2119 2120 2103)
4(2103 2120 2121 2104)
4(275 286 300 2105)
4(2105 300 302 2106)
4(2106 302 304 2107)
4(2107 304 306 2108)
4(2108 306 2122 2109)
4(2109 2122 2123 2110)
4(2110 2123 2124 2111)
4(2111 2124 2125 2112)
4(2112 2125 2126 2113)
4(2113 2126 2127 2114)
4(2114 2127 2128 2115)
4(2115 2128 2129 2116)
4(2116 2129 2130 2117)
4(2117 2130 2131 2118)
4(2118 2131 2132 2119)
4(2119 2132 2133 2120)
4(2120 2133 2134 2121)
4(306 307 323 2122)
4(2122 323 2135 2123)
4(2123 2135 2136 2124)
4(2124 2136 2137 2125)
4(2125 2137 2138 2126)
4(2126 2138 2139 2127)
4(2127 2139 2140 2128)
4(2128 2140 2141 2129)
4(2129 2141 2142 2130)
4(2130 2142 2143 2131)
4(2131 2143 1511 2132)
4(2132 1511 1512 2133)
4(2133 1512 1515 2134)
4(323 324 2144 2135)
4(2135 2144 2145 2136)
4(2136 2145 2146 2137)
4(2137 2146 1517 2138)
4(2138 1517 1518 2139)
4(2139 1518 1521 2140)
4(2140 1521 1523 2141)
4(2141 1523 1525 2142)
4(2142 1525 1527 2143)
4(2143 1527 1514 1511)
4(324 340 1532 2144)
4(2144 1532 1533 2145)
4(2145 1533 1535 2146)
4(2146 1535 1520 1517)
4(1497 1498 2147 1547)
4(1568 1547 2147 2148)
4(1568 2148 2149 1571)
4(1598 1571 2149 2150)
4(1598 2150 2151 1601)
4(1623 1601 2151 2152)
4(1623 2152 2153 1626)
4(1648 1626 2153 2154)
4(1648 2154 2155 1651)
4(1673 1651 2155 2156)
4(1673 2156 2157 1676)
4(1698 1676 2157 2158)
4(1698 2158 2159 1701)
4(1723 1701 2159 2160)
4(1723 2160 2161 1726)
4(1748 1726 2161 2162)
4(1748 2162 2163 1751)
4(1775 1751 2163 2164)
4(1775 2164 2165 1778)
4(1802 1778 2165 2166)
4(1802 2166 2167 1805)
4(1829 1805 2167 2168)
4(1829 2168 2169 1832)
4(1856 1832 2169 2170)
4(1856 2170 2171 1859)
4(1883 1859 2171 2172)
4(1883 2172 2173 1886)
4(1910 1886 2173 2174)
4(1910 2174 2175 1913)
4(1939 1913 2175 2176)
4(1939 2176 2177 1942)
4(1967 1942 2177 2178)
4(1967 2178 2179 1970)
4(1995 1970 2179 2180)
4(1995 2180 2181 1998)
4(2023 1998 2181 2182)
4(2023 2182 2183 2026)
4(2051 2026 2183 2184)
4(2051 2184 2185 2054)
4(2079 2054 2185 2186)
4(2079 2186 2187 2082)
4(265 2082 2187 363)
4(1502 1503 1546 1549)
4(1572 1549 1546 1569)
4(1568 1569 1546 1547)
4(1466 1504 1548 1552)
4(1551 1552 1548 1573)
4(1572 1573 1548 1549)
4(1501 1507 1559 1561)
4(1585 1561 1559 1584)
4(1558 1584 1559 1557)
4(1499 1500 1560 1563)
4(1588 1563 1560 1587)
4(1585 1587 1560 1561)
4(1508 1509 1562 1566)
4(1565 1566 1562 1590)
4(1588 1590 1562 1563)
4(1572 1569 1570 1575)
4(1602 1575 1570 1599)
4(1598 1599 1570 1571)
4(1551 1573 1574 1578)
4(1577 1578 1574 1603)
4(1602 1603 1574 1575)
4(1602 1599 1600 1605)
4(1627 1605 1600 1624)
4(1623 1624 1600 1601)
4(1577 1603 1604 1608)
4(1607 1608 1604 1628)
4(1627 1628 1604 1605)
4(1627 1624 1625 1630)
4(1652 1630 1625 1649)
4(1648 1649 1625 1626)
4(1607 1628 1629 1633)
4(1632 1633 1629 1653)
4(1652 1653 1629 1630)
4(1652 1649 1650 1655)
4(1677 1655 1650 1674)
4(1673 1674 1650 1651)
4(1632 1653 1654 1658)
4(1657 1658 1654 1678)
4(1677 1678 1654 1655)
4(1677 1674 1675 1680)
4(1702 1680 1675 1699)
4(1698 1699 1675 1676)
4(1657 1678 1679 1683)
4(1682 1683 1679 1703)
4(1702 1703 1679 1680)
4(1702 1699 1700 1705)
4(1727 1705 1700 1724)
4(1723 1724 1700 1701)
4(1682 1703 1704 1708)
4(1707 1708 1704 1728)
4(1727 1728 1704 1705)
4(1727 1724 1725 1730)
4(1752 1730 1725 1749)
4(1748 1749 1725 1726)
4(1707 1728 1729 1733)
4(1732 1733 1729 1753)
4(1752 1753 1729 1730)
4(1752 1749 1750 1755)
4(1779 1755 1750 1776)
4(1775 1776 1750 1751)
4(1732 1753 1754 1758)
4(1757 1758 1754 1780)
4(1779 1780 1754 1755)
4(1779 1776 1777 1782)
4(1806 1782 1777 1803)
4(1802 1803 1777 1778)
4(1757 1780 1781 1785)
4(1784 1785 1781 1807)
4(1806 1807 1781 1782)
4(1806 1803 1804 1809)
4(1833 1809 1804 1830)
4(1829 1830 1804 1805)
4(1784 1807 1808 1812)
4(1811 1812 1808 1834)
4(1833 1834 1808 1809)
4(1833 1830 1831 1836)
4(1860 1836 1831 1857)
4(1856 1857 1831 1832)
4(1811 1834 1835 1839)
4(1838 1839 1835 1861)
4(1860 1861 1835 1836)
4(1860 1857 1858 1863)
4(1887 1863 1858 1884)
4(1883 1884 1858 1859)
4(1838 1861 1862 1866)
4(1865 1866 1862 1888)
4(1887 1888 1862 1863)
4(1887 1884 1885 1890)
4(1914 1890 1885 1911)
4(1910 1911 1885 1886)
4(1865 1888 1889 1893)
4(1892 1893 1889 1915)
4(1914 1915 1889 1890)
4(1914 1911 1912 1917)
4(1943 1917 1912 1940)
4(1939 1940 1912 1913)
4(1892 1915 1916 1920)
4(1919 1920 1916 1944)
4(1943 1944 1916 1917)
4(1943 1940 1941 1946)
4(1971 1946 1941 1968)
4(1967 1968 1941 1942)
4(1919 1944 1945 1949)
4(1948 1949 1945 1972)
4(1971 1972 1945 1946)
4(1971 1968 1969 1974)
4(1999 1974 1969 1996)
4(1995 1996 1969 1970)
4(1948 1972 1973 1977)
4(1976 1977 1973 2000)
4(1999 2000 1973 1974)
4(1999 1996 1997 2002)
4(2027 2002 1997 2024)
4(2023 2024 1997 1998)
4(1976 2000 2001 2005)
4(2004 2005 2001 2028)
4(2027 2028 2001 2002)
4(2027 2024 2025 2030)
4(2055 2030 2025 2052)
4(2051 2052 2025 2026)
4(2004 2028 2029 2033)
4(2032 2033 2029 2056)
4(2055 2056 2029 2030)
4(2055 2052 2053 2058)
4(2083 2058 2053 2080)
4(2079 2080 2053 2054)
4(2032 2056 2057 2061)
4(2060 2061 2057 2084)
4(2083 2084 2057 2058)
4(2083 2080 2081 2086)
4(269 2086 2081 266)
4(265 266 2081 2082)
4(2060 2084 2085 2087)
4(273 2087 2085 270)
4(269 270 2085 2086)
4(1496 2188 2190 1498)
4(2188 2189 2191 2190)
4(1498 2190 2192 2147)
4(2190 2191 2193 2192)
4(2148 2195 2194 2149)
4(2195 2197 2196 2194)
4(2150 2199 2198 2151)
4(2199 2201 2200 2198)
4(2152 2203 2202 2153)
4(2203 2205 2204 2202)
4(2154 2207 2206 2155)
4(2207 2209 2208 2206)
4(2156 2211 2210 2157)
4(2211 2213 2212 2210)
4(2158 2215 2214 2159)
4(2215 2217 2216 2214)
4(2160 2219 2218 2161)
4(2219 2221 2220 2218)
4(2162 2223 2222 2163)
4(2223 2225 2224 2222)
4(2164 2227 2226 2165)
4(2227 2229 2228 2226)
4(2166 2231 2230 2167)
4(2231 2233 2232 2230)
4(2168 2235 2234 2169)
4(2235 2237 2236 2234)
4(2170 2239 2238 2171)
4(2239 2241 2240 2238)
4(2172 2243 2242 2173)
4(2243 2245 2244 2242)
4(2174 2247 2246 2175)
4(2247 2249 2248 2246)
4(2176 2251 2250 2177)
4(2251 2253 2252 2250)
4(2178 2255 2254 2179)
4(2255 2257 2256 2254)
4(2180 2259 2258 2181)
4(2259 2261 2260 2258)
4(2182 2263 2262 2183)
4(2263 2265 2264 2262)
4(2184 2267 2266 2185)
4(2267 2269 2268 2266)
4(2186 2271 2270 2187)
4(2271 2273 2272 2270)
4(2147 2192 2195 2148)
4(2192 2193 2197 2195)
4(2149 2194 2199 2150)
4(2194 2196 2201 2199)
4(2151 2198 2203 2152)
4(2198 2200 2205 2203)
4(2153 2202 2207 2154)
4(2202 2204 2209 2207)
4(2155 2206 2211 2156)
4(2206 2208 2213 2211)
4(2157 2210 2215 2158)
4(2210 2212 2217 2215)
4(2159 2214 2219 2160)
4(2214 2216 2221 2219)
4(2161 2218 2223 2162)
4(2218 2220 2225 2223)
4(2163 2222 2227 2164)
4(2222 2224 2229 2227)
4(2165 2226 2231 2166)
4(2226 2228 2233 2231)
4(2167 2230 2235 2168)
4(2230 2232 2237 2235)
4(2169 2234 2239 2170)
4(2234 2236 2241 2239)
4(2171 2238 2243 2172)
4(2238 2240 2245 2243)
4(2173 2242 2247 2174)
4(2242 2244 2249 2247)
4(2175 2246 2251 2176)
4(2246 2248 2253 2251)
4(2177 2250 2255 2178)
4(2250 2252 2257 2255)
4(2179 2254 2259 2180)
4(2254 2256 2261 2259)
4(2181 2258 2263 2182)
4(2258 2260 2265 2263)
4(2183 2262 2267 2184)
4(2262 2264 2269 2267)
4(2185 2266 2271 2186)
4(2266 2268 2273 2271)
4(2187 2270 382 363)
4(2270 2272 384 382)
4(13 1774 2274 115)
4(115 2274 127 116)
4(1774 1801 2275 2274)
4(2274 2275 136 127)
4(1801 1828 2276 2275)
4(2275 2276 145 136)
4(1828 1855 2277 2276)
4(2276 2277 2278 145)
5(145 2278 2280 2279 144)
4(144 2279 2281 154)
4(152 2283 2282 153)
4(1855 1882 2284 2277)
4(2277 2284 2285 2278)
5(2278 2285 2287 2286 2280)
4(2280 2286 2289 2288)
4(2290 2293 2292 2291)
4(1882 1909 1937 2284)
4(2284 1937 2294 2285)
5(2285 2294 2296 2295 2287)
4(2287 2295 2298 2297)
4(2299 2302 2301 2300)
4(2290 2291 2282 2283)
4(2299 2300 2292 2293)
4(2303 2304 2301 2302)
4(152 154 2281 2283)
4(2290 2283 2281 2288)
4(2280 2288 2281 2279)
4(2290 2288 2289 2293)
4(2299 2293 2289 2297)
4(2287 2297 2289 2286)
4(2299 2297 2298 2302)
4(2303 2302 2298 2305)
4(2296 2305 2298 2295)
4(2282 2306 203 153)
4(2306 2307 204 203)
4(2292 2309 2308 2291)
4(2309 2311 2310 2308)
4(2301 2313 2312 2300)
4(2313 2315 2314 2312)
4(2291 2308 2306 2282)
4(2308 2310 2307 2306)
4(2300 2312 2309 2292)
4(2312 2314 2311 2309)
4(2304 2316 2313 2301)
4(2316 2317 2315 2313)
4(2121 2134 2319 2318)
5(2318 2319 2322 2321 2320)
4(2320 2321 2324 2323)
4(2325 2328 2327 2326)
4(2134 1515 2329 2319)
5(2319 2329 2331 2330 2322)
4(2322 2330 2333 2332)
4(2334 2337 2336 2335)
4(1515 1516 2338 2329)
5(2329 2338 2340 2339 2331)
4(2331 2339 2342 2341)
4(2343 2346 2345 2344)
4(1516 1531 2347 2338)
5(2338 2347 2349 2348 2340)
4(2340 2348 2351 2350)
4(2352 2355 2354 2353)
4(1531 1545 2356 2347)
5(2347 2356 2358 2357 2349)
4(2349 2357 2360 2359)
4(2361 2364 2363 2362)
4(1545 245 417 2356)
5(2356 417 419 2365 2358)
4(2358 2365 2367 2366)
4(2368 2371 2370 2369)
4(2334 2335 2327 2328)
4(2343 2344 2336 2337)
4(2352 2353 2345 2346)
4(2361 2362 2354 2355)
4(2368 2369 2363 2364)
4(424 425 2370 2371)
4(2325 2323 2324 2328)
4(2334 2328 2324 2332)
4(2322 2332 2324 2321)
4(2334 2332 2333 2337)
4(2343 2337 2333 2341)
4(2331 2341 2333 2330)
4(2343 2341 2342 2346)
4(2352 2346 2342 2350)
4(2340 2350 2342 2339)
4(2352 2350 2351 2355)
4(2361 2355 2351 2359)
4(2349 2359 2351 2348)
4(2361 2359 2360 2364)
4(2368 2364 2360 2366)
4(2358 2366 2360 2357)
4(2368 2366 2367 2371)
4(424 2371 2367 422)
4(419 422 2367 2365)
4(1937 1938 2372 2294)
5(2294 2372 2374 2373 2296)
4(2296 2373 2375 2305)
4(2303 2377 2376 2304)
4(1938 1966 2378 2372)
5(2372 2378 2380 2379 2374)
4(2374 2379 2382 2381)
4(2383 2386 2385 2384)
4(1966 1994 2387 2378)
5(2378 2387 2389 2388 2380)
4(2380 2388 2391 2390)
4(2392 2395 2394 2393)
4(1994 2022 2396 2387)
5(2387 2396 2398 2397 2389)
4(2389 2397 2400 2399)
4(2401 2404 2403 2402)
4(2022 2050 2405 2396)
5(2396 2405 2407 2406 2398)
4(2398 2406 2409 2408)
4(2410 2413 2412 2411)
4(2050 2078 2414 2405)
5(2405 2414 2416 2415 2407)
4(2407 2415 2418 2417)
4(2419 2422 2421 2420)
4(2078 2104 2423 2414)
5(2414 2423 2425 2424 2416)
4(2416 2424 2427 2426)
4(2428 2431 2430 2429)
4(2104 2121 2318 2423)
5(2423 2318 2320 2432 2425)
4(2425 2432 2434 2433)
4(2435 2438 2437 2436)
4(2383 2384 2376 2377)
4(2392 2393 2385 2386)
4(2401 2402 2394 2395)
4(2410 2411 2403 2404)
4(2419 2420 2412 2413)
4(2428 2429 2421 2422)
4(2435 2436 2430 2431)
4(2325 2326 2437 2438)
4(2303 2305 2375 2377)
4(2383 2377 2375 2381)
4(2374 2381 2375 2373)
4(2383 2381 2382 2386)
4(2392 2386 2382 2390)
4(2380 2390 2382 2379)
4(2392 2390 2391 2395)
4(2401 2395 2391 2399)
4(2389 2399 2391 2388)
4(2401 2399 2400 2404)
4(2410 2404 2400 2408)
4(2398 2408 2400 2397)
4(2410 2408 2409 2413)
4(2419 2413 2409 2417)
4(2407 2417 2409 2406)
4(2419 2417 2418 2422)
4(2428 2422 2418 2426)
4(2416 2426 2418 2415)
4(2428 2426 2427 2431)
4(2435 2431 2427 2433)
4(2425 2433 2427 2424)
4(2435 2433 2434 2438)
4(2325 2438 2434 2323)
4(2320 2323 2434 2432)
4(2327 2440 2439 2326)
4(2440 2442 2441 2439)
4(2336 2444 2443 2335)
4(2444 2446 2445 2443)
4(2345 2448 2447 2344)
4(2448 2450 2449 2447)
4(2354 2452 2451 2353)
4(2452 2454 2453 2451)
4(2363 2456 2455 2362)
4(2456 2458 2457 2455)
4(2370 2460 2459 2369)
4(2460 2462 2461 2459)
4(2335 2443 2440 2327)
4(2443 2445 2442 2440)
4(2344 2447 2444 2336)
4(2447 2449 2446 2444)
4(2353 2451 2448 2345)
4(2451 2453 2450 2448)
4(2362 2455 2452 2354)
4(2455 2457 2454 2452)
4(2369 2459 2456 2363)
4(2459 2461 2458 2456)
4(425 1288 2460 2370)
4(1288 1290 2462 2460)
4(2376 2463 2316 2304)
4(2463 2464 2317 2316)
4(2385 2466 2465 2384)
4(2466 2468 2467 2465)
4(2394 2470 2469 2393)
4(2470 2472 2471 2469)
4(2403 2474 2473 2402)
4(2474 2476 2475 2473)
4(2412 2478 2477 2411)
4(2478 2480 2479 2477)
4(2421 2482 2481 2420)
4(2482 2484 2483 2481)
4(2430 2486 2485 2429)
4(2486 2488 2487 2485)
4(2437 2490 2489 2436)
4(2490 2492 2491 2489)
4(2384 2465 2463 2376)
4(2465 2467 2464 2463)
4(2393 2469 2466 2385)
4(2469 2471 2468 2466)
4(2402 2473 2470 2394)
4(2473 2475 2472 2470)
4(2411 2477 2474 2403)
4(2477 2479 2476 2474)
4(2420 2481 2478 2412)
4(2481 2483 2480 2478)
4(2429 2485 2482 2421)
4(2485 2487 2484 2482)
4(2436 2489 2486 2430)
4(2489 2491 2488 2486)
4(2326 2439 2490 2437)
4(2439 2441 2492 2490)
4(0 2493 2494 1)
4(2 2495 2493 0)
4(15 2508 2495 2)
4(16 2509 2508 15)
4(17 2510 2509 16)
4(18 2511 2510 17)
4(19 2512 2511 18)
4(20 2513 2512 19)
4(20 28 2521 2513)
4(30 31 2524 2523)
4(30 2523 2521 28)
4(31 155 2648 2524)
4(155 157 2650 2648)
4(1454 3947 3948 1455)
4(1456 3949 3947 1454)
4(1457 3950 3949 1456)
4(1458 3951 3950 1457)
4(1459 3952 3951 1458)
4(1 2494 3953 1460)
4(1461 3954 3955 1462)
4(1463 3956 3957 1464)
4(1467 1455 3948 3960)
4(1459 1473 3966 3952)
4(1475 1476 3969 3968)
4(1479 1480 3973 3972)
4(1483 1484 3977 3976)
4(1487 1488 3981 3980)
4(1492 1460 3953 3985)
4(1491 1492 3985 3984)
4(1479 3972 3969 1476)
4(1487 3980 3977 1484)
4(1462 3955 3989 1496)
4(1480 1483 3976 3973)
4(1475 3968 3966 1473)
4(1491 3984 3981 1488)
4(1464 3957 3954 1461)
4(1467 3960 3956 1463)
4(1496 3989 4681 2188)
4(2188 4681 4682 2189)
)


// ************************************************************************* //
