0.0001	9.41809e-07
0.0002	-1.88008e-07
0.0003	-5.38322e-07
0.0004	-4.66779e-07
0.0005	-4.53205e-07
0.0006	-4.42367e-07
0.0007	-4.31836e-07
0.0008	-4.23187e-07
0.0009	-4.14724e-07
0.001	-4.08727e-07
0.0011	-4.04275e-07
0.0012	-3.99597e-07
0.0013	-3.97146e-07
0.0014	-3.94154e-07
0.0015	-3.92771e-07
0.0016	-3.90171e-07
0.0017	-3.89479e-07
0.0018	-3.88937e-07
0.0019	-3.89106e-07
0.002	-3.87693e-07
0.0021	-3.86274e-07
0.0022	-3.85694e-07
0.0023	-3.84887e-07
0.0024	-3.84345e-07
0.0025	-3.8377e-07
0.0026	-3.83249e-07
0.0027	-3.82729e-07
0.0028	-3.82293e-07
0.0029	-3.81753e-07
0.003	-3.80954e-07
0.0031	-3.80549e-07
0.0032	-3.80069e-07
0.0033	-3.79628e-07
0.0034	-3.79146e-07
0.0035	-3.78736e-07
0.0036	-3.78259e-07
0.0037	-3.77746e-07
0.0038	-3.77276e-07
0.0039	-3.76881e-07
0.004	-3.76583e-07
0.0041	-3.76302e-07
0.0042	-3.76044e-07
0.0043	-3.7575e-07
0.0044	-3.75344e-07
0.0045	-3.75083e-07
0.0046	-3.7491e-07
0.0047	-3.74704e-07
0.0048	-3.74433e-07
0.0049	-3.74192e-07
0.005	-3.73939e-07
0.0051	-3.73717e-07
0.0052	-3.73521e-07
0.0053	-3.73234e-07
0.0054	-3.73073e-07
0.0055	-3.72856e-07
0.0056	-3.72581e-07
0.0057	-3.72385e-07
0.0058	-3.72147e-07
0.0059	-3.71947e-07
0.006	-3.71712e-07
0.0061	-3.71441e-07
0.0062	-3.71229e-07
0.0063	-3.70978e-07
0.0064	-3.70774e-07
0.0065	-3.7056e-07
0.0066	-3.70335e-07
0.0067	-3.70161e-07
0.0068	-3.69936e-07
0.0069	-3.69728e-07
0.007	-3.69528e-07
0.0071	-3.69337e-07
0.0072	-3.69169e-07
0.0073	-3.68988e-07
0.0074	-3.68844e-07
0.0075	-3.68703e-07
0.0076	-3.68539e-07
0.0077	-3.68368e-07
0.0078	-3.6822e-07
0.0079	-3.68061e-07
0.008	-3.67865e-07
0.0081	-3.67774e-07
0.0082	-3.67582e-07
0.0083	-3.67403e-07
0.0084	-3.67231e-07
0.0085	-3.67069e-07
0.0086	-3.66926e-07
0.0087	-3.66767e-07
0.0088	-3.66618e-07
0.0089	-3.66468e-07
0.009	-3.6629e-07
0.0091	-3.66154e-07
0.0092	-3.65982e-07
0.0093	-3.65831e-07
0.0094	-3.65679e-07
0.0095	-3.6552e-07
0.0096	-3.6537e-07
0.0097	-3.6533e-07
0.0098	-3.65178e-07
0.0099	-3.65052e-07
0.01	-3.64918e-07
0.0101	-3.64808e-07
0.0102	-3.64681e-07
0.0103	-3.64569e-07
0.0104	-3.64479e-07
0.0105	-3.64351e-07
0.0106	-3.64234e-07
0.0107	-3.64121e-07
0.0108	-3.64017e-07
0.0109	-3.63893e-07
0.011	-3.63771e-07
0.0111	-3.63723e-07
0.0112	-3.63617e-07
0.0113	-3.63496e-07
0.0114	-3.63372e-07
0.0115	-3.63268e-07
0.0116	-3.63173e-07
0.0117	-3.6307e-07
0.0118	-3.62957e-07
0.0119	-3.62852e-07
0.012	-3.62736e-07
0.0121	-3.62636e-07
0.0122	-3.62506e-07
0.0123	-3.62412e-07
0.0124	-3.62309e-07
0.0125	-3.62224e-07
0.0126	-3.62128e-07
0.0127	-3.62021e-07
0.0128	-3.61937e-07
0.0129	-3.61853e-07
0.013	-3.61757e-07
0.0131	-3.61658e-07
0.0132	-3.61575e-07
0.0133	-3.6148e-07
0.0134	-3.61391e-07
0.0135	-3.61302e-07
0.0136	-3.61222e-07
0.0137	-3.61156e-07
0.0138	-3.61064e-07
0.0139	-3.60987e-07
0.014	-3.60921e-07
0.0141	-3.6085e-07
0.0142	-3.6078e-07
0.0143	-3.60711e-07
0.0144	-3.60637e-07
0.0145	-3.60565e-07
0.0146	-3.60505e-07
0.0147	-3.60433e-07
0.0148	-3.60368e-07
0.0149	-3.60224e-07
0.015	-3.6019e-07
0.0151	-3.60127e-07
0.0152	-3.59995e-07
0.0153	-3.59956e-07
0.0154	-3.59887e-07
0.0155	-3.59822e-07
0.0156	-3.59759e-07
0.0157	-3.59695e-07
0.0158	-3.59627e-07
0.0159	-3.59603e-07
0.016	-3.59524e-07
0.0161	-3.5942e-07
0.0162	-3.59363e-07
0.0163	-3.59304e-07
0.0164	-3.59244e-07
0.0165	-3.59182e-07
0.0166	-3.59123e-07
0.0167	-3.5906e-07
0.0168	-3.59007e-07
0.0169	-3.58948e-07
0.017	-3.5889e-07
0.0171	-3.58832e-07
0.0172	-3.58773e-07
0.0173	-3.58728e-07
0.0174	-3.5868e-07
0.0175	-3.58619e-07
0.0176	-3.58551e-07
0.0177	-3.58505e-07
0.0178	-3.58444e-07
0.0179	-3.58385e-07
0.018	-3.58334e-07
0.0181	-3.58276e-07
0.0182	-3.58232e-07
0.0183	-3.58186e-07
0.0184	-3.58121e-07
0.0185	-3.58077e-07
0.0186	-3.58027e-07
0.0187	-3.57977e-07
0.0188	-3.57928e-07
0.0189	-3.57887e-07
0.019	-3.57839e-07
0.0191	-3.57785e-07
0.0192	-3.57745e-07
0.0193	-3.57703e-07
0.0194	-3.57663e-07
0.0195	-3.57633e-07
0.0196	-3.57591e-07
0.0197	-3.57544e-07
0.0198	-3.575e-07
0.0199	-3.57455e-07
0.02	-3.57409e-07
0.0201	-3.57357e-07
0.0202	-3.57321e-07
0.0203	-3.5728e-07
0.0204	-3.5724e-07
0.0205	-3.57185e-07
0.0206	-3.57142e-07
0.0207	-3.57091e-07
0.0208	-3.57033e-07
0.0209	-3.56992e-07
0.021	-3.5697e-07
0.0211	-3.569e-07
0.0212	-3.56864e-07
0.0213	-3.56825e-07
0.0214	-3.56766e-07
0.0215	-3.56721e-07
0.0216	-3.56674e-07
0.0217	-3.56647e-07
0.0218	-3.56593e-07
0.0219	-3.56558e-07
0.022	-3.56508e-07
0.0221	-3.56466e-07
0.0222	-3.56446e-07
0.0223	-3.56403e-07
0.0224	-3.56359e-07
0.0225	-3.56317e-07
0.0226	-3.56266e-07
0.0227	-3.56226e-07
0.0228	-3.56186e-07
0.0229	-3.56147e-07
0.023	-3.56105e-07
0.0231	-3.5605e-07
0.0232	-3.56004e-07
0.0233	-3.55973e-07
0.0234	-3.55946e-07
0.0235	-3.559e-07
0.0236	-3.55856e-07
0.0237	-3.55811e-07
0.0238	-3.55782e-07
0.0239	-3.55739e-07
0.024	-3.55694e-07
0.0241	-3.55647e-07
0.0242	-3.55601e-07
0.0243	-3.55576e-07
0.0244	-3.55541e-07
0.0245	-3.55521e-07
0.0246	-3.55489e-07
0.0247	-3.55446e-07
0.0248	-3.5542e-07
0.0249	-3.55384e-07
0.025	-3.55344e-07
0.0251	-3.55319e-07
0.0252	-3.55279e-07
0.0253	-3.55238e-07
0.0254	-3.55208e-07
0.0255	-3.55171e-07
0.0256	-3.55135e-07
0.0257	-3.55115e-07
0.0258	-3.55084e-07
0.0259	-3.55052e-07
0.026	-3.55021e-07
0.0261	-3.54986e-07
0.0262	-3.54956e-07
0.0263	-3.54907e-07
0.0264	-3.54872e-07
0.0265	-3.54838e-07
0.0266	-3.54799e-07
0.0267	-3.54769e-07
0.0268	-3.54737e-07
0.0269	-3.54735e-07
0.027	-3.547e-07
0.0271	-3.54663e-07
0.0272	-3.54639e-07
0.0273	-3.54607e-07
0.0274	-3.54586e-07
0.0275	-3.54548e-07
0.0276	-3.54521e-07
0.0277	-3.54492e-07
0.0278	-3.54477e-07
0.0279	-3.54442e-07
0.028	-3.54411e-07
0.0281	-3.54382e-07
0.0282	-3.54352e-07
0.0283	-3.54319e-07
0.0284	-3.54292e-07
0.0285	-3.5426e-07
0.0286	-3.5423e-07
0.0287	-3.54196e-07
0.0288	-3.54166e-07
0.0289	-3.54134e-07
0.029	-3.54102e-07
0.0291	-3.54078e-07
0.0292	-3.54049e-07
0.0293	-3.54017e-07
0.0294	-3.53983e-07
0.0295	-3.53947e-07
0.0296	-3.53927e-07
0.0297	-3.53898e-07
0.0298	-3.53865e-07
0.0299	-3.53842e-07
0.03	-3.5381e-07
0.0301	-3.53783e-07
0.0302	-3.53753e-07
0.0303	-3.53694e-07
0.0304	-3.53683e-07
0.0305	-3.5365e-07
0.0306	-3.53557e-07
0.0307	-3.53554e-07
0.0308	-3.53526e-07
0.0309	-3.53506e-07
0.031	-3.53482e-07
0.0311	-3.53454e-07
0.0312	-3.53431e-07
0.0313	-3.53405e-07
0.0314	-3.53374e-07
0.0315	-3.53354e-07
0.0316	-3.53328e-07
0.0317	-3.53302e-07
0.0318	-3.53276e-07
0.0319	-3.53254e-07
0.032	-3.5323e-07
0.0321	-3.53201e-07
0.0322	-3.53179e-07
0.0323	-3.53148e-07
0.0324	-3.53128e-07
0.0325	-3.53101e-07
0.0326	-3.53079e-07
0.0327	-3.5306e-07
0.0328	-3.53035e-07
0.0329	-3.53006e-07
0.033	-3.52982e-07
0.0331	-3.52955e-07
0.0332	-3.52929e-07
0.0333	-3.5291e-07
0.0334	-3.52914e-07
0.0335	-3.52866e-07
0.0336	-3.52857e-07
0.0337	-3.52831e-07
0.0338	-3.52809e-07
0.0339	-3.52799e-07
0.034	-3.52761e-07
0.0341	-3.52745e-07
0.0342	-3.52725e-07
0.0343	-3.52699e-07
0.0344	-3.5268e-07
0.0345	-3.5266e-07
0.0346	-3.52634e-07
0.0347	-3.52614e-07
0.0348	-3.52596e-07
0.0349	-3.52574e-07
0.035	-3.52553e-07
0.0351	-3.52533e-07
0.0352	-3.52513e-07
0.0353	-3.5249e-07
0.0354	-3.52467e-07
0.0355	-3.5245e-07
0.0356	-3.52424e-07
0.0357	-3.52399e-07
0.0358	-3.52351e-07
0.0359	-3.52341e-07
0.036	-3.52319e-07
0.0361	-3.52303e-07
0.0362	-3.5228e-07
0.0363	-3.52259e-07
0.0364	-3.52239e-07
0.0365	-3.52222e-07
0.0366	-3.52201e-07
0.0367	-3.52188e-07
0.0368	-3.52151e-07
0.0369	-3.52129e-07
0.037	-3.52108e-07
0.0371	-3.52089e-07
0.0372	-3.52067e-07
0.0373	-3.52051e-07
0.0374	-3.52032e-07
0.0375	-3.52004e-07
0.0376	-3.51987e-07
0.0377	-3.52e-07
0.0378	-3.51979e-07
0.0379	-3.5196e-07
0.038	-3.51949e-07
0.0381	-3.51928e-07
0.0382	-3.51899e-07
0.0383	-3.51886e-07
0.0384	-3.51862e-07
0.0385	-3.5185e-07
0.0386	-3.51842e-07
0.0387	-3.51819e-07
0.0388	-3.51801e-07
0.0389	-3.51784e-07
0.039	-3.51766e-07
0.0391	-3.51749e-07
0.0392	-3.51738e-07
0.0393	-3.51718e-07
0.0394	-3.51702e-07
0.0395	-3.51688e-07
0.0396	-3.51667e-07
0.0397	-3.51645e-07
0.0398	-3.51614e-07
0.0399	-3.51586e-07
0.04	-3.51573e-07
0.0401	-3.51563e-07
0.0402	-3.51552e-07
0.0403	-3.51528e-07
0.0404	-3.51517e-07
0.0405	-3.515e-07
0.0406	-3.51473e-07
0.0407	-3.51466e-07
0.0408	-3.51449e-07
0.0409	-3.5143e-07
0.041	-3.51414e-07
0.0411	-3.51397e-07
0.0412	-3.51371e-07
0.0413	-3.51351e-07
0.0414	-3.51321e-07
0.0415	-3.5131e-07
0.0416	-3.5129e-07
0.0417	-3.51264e-07
0.0418	-3.51251e-07
0.0419	-3.51247e-07
0.042	-3.51217e-07
0.0421	-3.51204e-07
0.0422	-3.51192e-07
0.0423	-3.51165e-07
0.0424	-3.51151e-07
0.0425	-3.51132e-07
0.0426	-3.51116e-07
0.0427	-3.51105e-07
0.0428	-3.5109e-07
0.0429	-3.51073e-07
0.043	-3.51056e-07
0.0431	-3.51036e-07
0.0432	-3.51017e-07
0.0433	-3.50996e-07
0.0434	-3.50989e-07
0.0435	-3.50975e-07
0.0436	-3.50971e-07
0.0437	-3.5095e-07
0.0438	-3.50927e-07
0.0439	-3.50916e-07
0.044	-3.509e-07
0.0441	-3.50883e-07
0.0442	-3.50875e-07
0.0443	-3.50859e-07
0.0444	-3.50846e-07
0.0445	-3.50836e-07
0.0446	-3.50761e-07
0.0447	-3.50782e-07
0.0448	-3.50774e-07
0.0449	-3.50751e-07
0.045	-3.50739e-07
0.0451	-3.50721e-07
0.0452	-3.50708e-07
0.0453	-3.50705e-07
0.0454	-3.5069e-07
0.0455	-3.50681e-07
0.0456	-3.50663e-07
0.0457	-3.50654e-07
0.0458	-3.50641e-07
0.0459	-3.50628e-07
0.046	-3.50612e-07
0.0461	-3.50644e-07
0.0462	-3.50534e-07
0.0463	-3.50553e-07
0.0464	-3.50542e-07
0.0465	-3.50525e-07
0.0466	-3.50515e-07
0.0467	-3.50506e-07
0.0468	-3.50493e-07
0.0469	-3.50485e-07
0.047	-3.50473e-07
0.0471	-3.50457e-07
0.0472	-3.50442e-07
0.0473	-3.5043e-07
0.0474	-3.50416e-07
0.0475	-3.50396e-07
0.0476	-3.50375e-07
0.0477	-3.50355e-07
0.0478	-3.50369e-07
0.0479	-3.50348e-07
0.048	-3.5034e-07
0.0481	-3.5034e-07
0.0482	-3.50321e-07
0.0483	-3.50308e-07
0.0484	-3.50308e-07
0.0485	-3.50298e-07
0.0486	-3.50282e-07
0.0487	-3.50269e-07
0.0488	-3.50261e-07
0.0489	-3.50251e-07
0.049	-3.50247e-07
0.0491	-3.50236e-07
0.0492	-3.50224e-07
0.0493	-3.50212e-07
0.0494	-3.50208e-07
0.0495	-3.50198e-07
0.0496	-3.50184e-07
0.0497	-3.50173e-07
0.0498	-3.50165e-07
0.0499	-3.50152e-07
0.05	-3.50127e-07
0.0501	-3.5012e-07
0.0502	-3.50131e-07
0.0503	-3.50111e-07
0.0504	-3.50104e-07
0.0505	-3.49976e-07
0.0506	-3.49996e-07
0.0507	-3.49985e-07
0.0508	-3.49984e-07
0.0509	-3.49975e-07
0.051	-3.49965e-07
0.0511	-3.49961e-07
0.0512	-3.49954e-07
0.0513	-3.49947e-07
0.0514	-3.49943e-07
0.0515	-3.49936e-07
0.0516	-3.4993e-07
0.0517	-3.49922e-07
0.0518	-3.49907e-07
0.0519	-3.49902e-07
0.052	-3.49892e-07
0.0521	-3.49884e-07
0.0522	-3.49869e-07
0.0523	-3.49863e-07
0.0524	-3.49857e-07
0.0525	-3.49841e-07
0.0526	-3.49833e-07
0.0527	-3.4983e-07
0.0528	-3.49819e-07
0.0529	-3.49809e-07
0.053	-3.49787e-07
0.0531	-3.49812e-07
0.0532	-3.49796e-07
0.0533	-3.49795e-07
0.0534	-3.49786e-07
0.0535	-3.49771e-07
0.0536	-3.49768e-07
0.0537	-3.4976e-07
0.0538	-3.49758e-07
0.0539	-3.49757e-07
0.054	-3.49748e-07
0.0541	-3.49743e-07
0.0542	-3.49718e-07
0.0543	-3.49708e-07
0.0544	-3.49712e-07
0.0545	-3.49705e-07
0.0546	-3.49691e-07
0.0547	-3.49691e-07
0.0548	-3.49637e-07
0.0549	-3.49645e-07
0.055	-3.4964e-07
0.0551	-3.497e-07
0.0552	-3.49666e-07
0.0553	-3.4965e-07
0.0554	-3.49647e-07
0.0555	-3.49636e-07
0.0556	-3.49624e-07
0.0557	-3.49623e-07
0.0558	-3.49629e-07
0.0559	-3.49626e-07
0.056	-3.49606e-07
0.0561	-3.49601e-07
0.0562	-3.49594e-07
0.0563	-3.49594e-07
0.0564	-3.49588e-07
0.0565	-3.49571e-07
0.0566	-3.49569e-07
0.0567	-3.49561e-07
0.0568	-3.49546e-07
0.0569	-3.49541e-07
0.057	-3.49536e-07
0.0571	-3.49537e-07
0.0572	-3.49524e-07
0.0573	-3.4952e-07
0.0574	-3.49513e-07
0.0575	-3.49518e-07
0.0576	-3.49511e-07
0.0577	-3.49508e-07
0.0578	-3.49503e-07
0.0579	-3.49497e-07
0.058	-3.49488e-07
0.0581	-3.49482e-07
0.0582	-3.49416e-07
0.0583	-3.49421e-07
0.0584	-3.49415e-07
0.0585	-3.49419e-07
0.0586	-3.49412e-07
0.0587	-3.49402e-07
0.0588	-3.49398e-07
0.0589	-3.4939e-07
0.059	-3.49384e-07
0.0591	-3.49389e-07
0.0592	-3.49387e-07
0.0593	-3.49371e-07
0.0594	-3.49374e-07
0.0595	-3.49359e-07
0.0596	-3.49332e-07
0.0597	-3.49331e-07
0.0598	-3.49268e-07
0.0599	-3.49284e-07
0.06	-3.49284e-07
0.0601	-3.49282e-07
0.0602	-3.4931e-07
0.0603	-3.49295e-07
0.0604	-3.49289e-07
0.0605	-3.4927e-07
0.0606	-3.49259e-07
0.0607	-3.49261e-07
0.0608	-3.4926e-07
0.0609	-3.49252e-07
0.061	-3.49246e-07
0.0611	-3.49242e-07
0.0612	-3.49244e-07
0.0613	-3.49274e-07
0.0614	-3.49257e-07
0.0615	-3.49262e-07
0.0616	-3.49268e-07
0.0617	-3.49244e-07
0.0618	-3.49237e-07
0.0619	-3.49137e-07
0.062	-3.49169e-07
0.0621	-3.49171e-07
0.0622	-3.4918e-07
0.0623	-3.49165e-07
0.0624	-3.49161e-07
0.0625	-3.49148e-07
0.0626	-3.49144e-07
0.0627	-3.49111e-07
0.0628	-3.49117e-07
0.0629	-3.49115e-07
0.063	-3.491e-07
0.0631	-3.49115e-07
0.0632	-3.49108e-07
0.0633	-3.49112e-07
0.0634	-3.49126e-07
0.0635	-3.49113e-07
0.0636	-3.49099e-07
0.0637	-3.49104e-07
0.0638	-3.49104e-07
0.0639	-3.49096e-07
0.064	-3.49073e-07
0.0641	-3.49076e-07
0.0642	-3.49069e-07
0.0643	-3.49054e-07
0.0644	-3.49056e-07
0.0645	-3.49049e-07
0.0646	-3.49034e-07
0.0647	-3.49029e-07
0.0648	-3.49012e-07
0.0649	-3.49015e-07
0.065	-3.48991e-07
0.0651	-3.48997e-07
0.0652	-3.48995e-07
0.0653	-3.48981e-07
0.0654	-3.48973e-07
0.0655	-3.49009e-07
0.0656	-3.4905e-07
0.0657	-3.49031e-07
0.0658	-3.49004e-07
0.0659	-3.49008e-07
0.066	-3.49001e-07
0.0661	-3.48987e-07
0.0662	-3.48986e-07
0.0663	-3.48978e-07
0.0664	-3.48893e-07
0.0665	-3.48931e-07
0.0666	-3.48829e-07
0.0667	-3.48907e-07
0.0668	-3.48889e-07
0.0669	-3.4887e-07
0.067	-3.48876e-07
0.0671	-3.48861e-07
0.0672	-3.48777e-07
0.0673	-3.48802e-07
0.0674	-3.48789e-07
0.0675	-3.4879e-07
0.0676	-3.48703e-07
0.0677	-3.48729e-07
0.0678	-3.48731e-07
0.0679	-3.48739e-07
0.068	-3.48737e-07
0.0681	-3.48727e-07
0.0682	-3.48709e-07
0.0683	-3.4871e-07
0.0684	-3.48695e-07
0.0685	-3.48686e-07
0.0686	-3.48687e-07
0.0687	-3.4869e-07
0.0688	-3.48695e-07
0.0689	-3.48696e-07
0.069	-3.487e-07
0.0691	-3.48686e-07
0.0692	-3.48688e-07
0.0693	-3.48673e-07
0.0694	-3.48672e-07
0.0695	-3.48664e-07
0.0696	-3.48673e-07
0.0697	-3.48716e-07
0.0698	-3.48705e-07
0.0699	-3.48701e-07
0.07	-3.48709e-07
0.0701	-3.48695e-07
0.0702	-3.487e-07
0.0703	-3.48694e-07
0.0704	-3.48699e-07
0.0705	-3.48703e-07
0.0706	-3.48702e-07
0.0707	-3.48685e-07
0.0708	-3.48676e-07
0.0709	-3.48711e-07
0.071	-3.48702e-07
0.0711	-3.48701e-07
0.0712	-3.48706e-07
0.0713	-3.48699e-07
0.0714	-3.48699e-07
0.0715	-3.48696e-07
0.0716	-3.48685e-07
0.0717	-3.4868e-07
0.0718	-3.48687e-07
0.0719	-3.48691e-07
0.072	-3.48682e-07
0.0721	-3.48686e-07
0.0722	-3.4867e-07
0.0723	-3.4867e-07
0.0724	-3.48674e-07
0.0725	-3.48678e-07
0.0726	-3.48671e-07
0.0727	-3.48673e-07
0.0728	-3.48678e-07
0.0729	-3.48677e-07
0.073	-3.48677e-07
0.0731	-3.48675e-07
0.0732	-3.48671e-07
0.0733	-3.48678e-07
0.0734	-3.48676e-07
0.0735	-3.4868e-07
0.0736	-3.48671e-07
0.0737	-3.48677e-07
0.0738	-3.48695e-07
0.0739	-3.48692e-07
0.074	-3.48689e-07
0.0741	-3.48679e-07
0.0742	-3.48669e-07
0.0743	-3.48664e-07
0.0744	-3.48675e-07
0.0745	-3.48667e-07
0.0746	-3.48662e-07
0.0747	-3.48658e-07
0.0748	-3.48615e-07
0.0749	-3.48624e-07
0.075	-3.4863e-07
0.0751	-3.48627e-07
0.0752	-3.48628e-07
0.0753	-3.48609e-07
0.0754	-3.48613e-07
0.0755	-3.48605e-07
0.0756	-3.48598e-07
0.0757	-3.48588e-07
0.0758	-3.48519e-07
0.0759	-3.48541e-07
0.076	-3.48548e-07
0.0761	-3.48543e-07
0.0762	-3.4855e-07
0.0763	-3.48543e-07
0.0764	-3.48548e-07
0.0765	-3.48542e-07
0.0766	-3.48489e-07
0.0767	-3.48505e-07
0.0768	-3.48502e-07
0.0769	-3.48501e-07
0.077	-3.48501e-07
0.0771	-3.48487e-07
0.0772	-3.48461e-07
0.0773	-3.48463e-07
0.0774	-3.4846e-07
0.0775	-3.48454e-07
0.0776	-3.48457e-07
0.0777	-3.48449e-07
0.0778	-3.48443e-07
0.0779	-3.48434e-07
0.078	-3.48434e-07
0.0781	-3.48423e-07
0.0782	-3.48435e-07
0.0783	-3.48425e-07
0.0784	-3.48407e-07
0.0785	-3.48412e-07
0.0786	-3.4832e-07
0.0787	-3.48333e-07
0.0788	-3.48317e-07
0.0789	-3.48307e-07
0.079	-3.48304e-07
0.0791	-3.48226e-07
0.0792	-3.48256e-07
0.0793	-3.48241e-07
0.0794	-3.48252e-07
0.0795	-3.4825e-07
0.0796	-3.48249e-07
0.0797	-3.48248e-07
0.0798	-3.48255e-07
0.0799	-3.48247e-07
0.08	-3.48244e-07
0.0801	-3.48244e-07
0.0802	-3.48229e-07
0.0803	-3.48233e-07
0.0804	-3.48236e-07
0.0805	-3.48232e-07
0.0806	-3.48219e-07
0.0807	-3.48311e-07
0.0808	-3.48319e-07
0.0809	-3.48298e-07
0.081	-3.48293e-07
0.0811	-3.48286e-07
0.0812	-3.48198e-07
0.0813	-3.48231e-07
0.0814	-3.48193e-07
0.0815	-3.482e-07
0.0816	-3.48149e-07
0.0817	-3.48233e-07
0.0818	-3.48184e-07
0.0819	-3.48187e-07
0.082	-3.48188e-07
0.0821	-3.48192e-07
0.0822	-3.48186e-07
0.0823	-3.48176e-07
0.0824	-3.48185e-07
0.0825	-3.4819e-07
0.0826	-3.48187e-07
0.0827	-3.482e-07
0.0828	-3.48189e-07
0.0829	-3.48196e-07
0.083	-3.48192e-07
0.0831	-3.48194e-07
0.0832	-3.48195e-07
0.0833	-3.48191e-07
0.0834	-3.48194e-07
0.0835	-3.48216e-07
0.0836	-3.48208e-07
0.0837	-3.48209e-07
0.0838	-3.48206e-07
0.0839	-3.48209e-07
0.084	-3.48177e-07
0.0841	-3.48182e-07
0.0842	-3.48187e-07
0.0843	-3.48188e-07
0.0844	-3.48195e-07
0.0845	-3.48195e-07
0.0846	-3.48184e-07
0.0847	-3.48186e-07
0.0848	-3.48184e-07
0.0849	-3.48188e-07
0.085	-3.48201e-07
0.0851	-3.48192e-07
0.0852	-3.48183e-07
0.0853	-3.48176e-07
0.0854	-3.48171e-07
0.0855	-3.48175e-07
0.0856	-3.48163e-07
0.0857	-3.48169e-07
0.0858	-3.48171e-07
0.0859	-3.48162e-07
0.086	-3.48156e-07
0.0861	-3.4816e-07
0.0862	-3.48152e-07
0.0863	-3.48133e-07
0.0864	-3.48135e-07
0.0865	-3.48147e-07
0.0866	-3.48142e-07
0.0867	-3.48143e-07
0.0868	-3.4815e-07
0.0869	-3.4816e-07
0.087	-3.48157e-07
0.0871	-3.48166e-07
0.0872	-3.48171e-07
0.0873	-3.48181e-07
0.0874	-3.48184e-07
0.0875	-3.48141e-07
0.0876	-3.48154e-07
0.0877	-3.48162e-07
0.0878	-3.48175e-07
0.0879	-3.48176e-07
0.088	-3.48167e-07
0.0881	-3.48176e-07
0.0882	-3.4817e-07
0.0883	-3.48186e-07
0.0884	-3.48188e-07
0.0885	-3.48188e-07
0.0886	-3.48193e-07
0.0887	-3.48191e-07
0.0888	-3.48157e-07
0.0889	-3.48161e-07
0.089	-3.48158e-07
0.0891	-3.48169e-07
0.0892	-3.48162e-07
0.0893	-3.48165e-07
0.0894	-3.48156e-07
0.0895	-3.48107e-07
0.0896	-3.48117e-07
0.0897	-3.48106e-07
0.0898	-3.48101e-07
0.0899	-3.481e-07
0.09	-3.48215e-07
0.0901	-3.4818e-07
0.0902	-3.48191e-07
0.0903	-3.48185e-07
0.0904	-3.48189e-07
0.0905	-3.48181e-07
0.0906	-3.48189e-07
0.0907	-3.4818e-07
0.0908	-3.48184e-07
0.0909	-3.48184e-07
0.091	-3.48182e-07
0.0911	-3.48164e-07
0.0912	-3.48154e-07
0.0913	-3.48137e-07
0.0914	-3.48144e-07
0.0915	-3.4815e-07
0.0916	-3.48158e-07
0.0917	-3.48144e-07
0.0918	-3.48146e-07
0.0919	-3.48149e-07
0.092	-3.48158e-07
0.0921	-3.48151e-07
0.0922	-3.48154e-07
0.0923	-3.48149e-07
0.0924	-3.48146e-07
0.0925	-3.48145e-07
0.0926	-3.48128e-07
0.0927	-3.48132e-07
0.0928	-3.48136e-07
0.0929	-3.48085e-07
0.093	-3.48109e-07
0.0931	-3.48089e-07
0.0932	-3.48094e-07
0.0933	-3.48031e-07
0.0934	-3.48051e-07
0.0935	-3.4804e-07
0.0936	-3.48013e-07
0.0937	-3.48022e-07
0.0938	-3.48005e-07
0.0939	-3.48011e-07
0.094	-3.48004e-07
0.0941	-3.47999e-07
0.0942	-3.47982e-07
0.0943	-3.47983e-07
0.0944	-3.47974e-07
0.0945	-3.47962e-07
0.0946	-3.47964e-07
0.0947	-3.47974e-07
0.0948	-3.47952e-07
0.0949	-3.47956e-07
0.095	-3.47948e-07
0.0951	-3.47926e-07
0.0952	-3.479e-07
0.0953	-3.4792e-07
0.0954	-3.47916e-07
0.0955	-3.4791e-07
0.0956	-3.47961e-07
0.0957	-3.47929e-07
0.0958	-3.47925e-07
0.0959	-3.47922e-07
0.096	-3.47931e-07
0.0961	-3.47922e-07
0.0962	-3.479e-07
0.0963	-3.47912e-07
0.0964	-3.47908e-07
0.0965	-3.47899e-07
0.0966	-3.47883e-07
0.0967	-3.47872e-07
0.0968	-3.47775e-07
0.0969	-3.47802e-07
0.097	-3.47805e-07
0.0971	-3.47798e-07
0.0972	-3.47797e-07
0.0973	-3.47764e-07
0.0974	-3.4786e-07
0.0975	-3.47822e-07
0.0976	-3.47817e-07
0.0977	-3.47843e-07
0.0978	-3.4784e-07
0.0979	-3.47803e-07
0.098	-3.4781e-07
0.0981	-3.47808e-07
0.0982	-3.47803e-07
0.0983	-3.47801e-07
0.0984	-3.47796e-07
0.0985	-3.4773e-07
0.0986	-3.47722e-07
0.0987	-3.47734e-07
0.0988	-3.47719e-07
0.0989	-3.47724e-07
0.099	-3.47745e-07
0.0991	-3.47742e-07
0.0992	-3.47719e-07
0.0993	-3.47723e-07
0.0994	-3.47715e-07
0.0995	-3.47707e-07
0.0996	-3.47694e-07
0.0997	-3.47754e-07
0.0998	-3.47744e-07
0.0999	-3.47725e-07
0.1	-3.47723e-07
0.1001	-3.47709e-07
0.1002	-3.47706e-07
0.1003	-3.47714e-07
0.1004	-3.47702e-07
0.1005	-3.47692e-07
0.1006	-3.47698e-07
0.1007	-3.4769e-07
0.1008	-3.47691e-07
0.1009	-3.47652e-07
0.101	-3.47648e-07
0.1011	-3.47642e-07
0.1012	-3.4764e-07
0.1013	-3.47632e-07
0.1014	-3.47633e-07
0.1015	-3.47624e-07
0.1016	-3.47618e-07
0.1017	-3.47607e-07
0.1018	-3.47619e-07
0.1019	-3.47604e-07
0.102	-3.47605e-07
0.1021	-3.476e-07
0.1022	-3.47599e-07
0.1023	-3.47595e-07
0.1024	-3.47586e-07
0.1025	-3.47577e-07
0.1026	-3.47567e-07
0.1027	-3.4758e-07
0.1028	-3.4758e-07
0.1029	-3.47586e-07
0.103	-3.47576e-07
0.1031	-3.47575e-07
0.1032	-3.47565e-07
0.1033	-3.47556e-07
0.1034	-3.47551e-07
0.1035	-3.47551e-07
0.1036	-3.47542e-07
0.1037	-3.47531e-07
0.1038	-3.47523e-07
0.1039	-3.47501e-07
0.104	-3.47573e-07
0.1041	-3.4752e-07
0.1042	-3.4752e-07
0.1043	-3.47509e-07
0.1044	-3.47489e-07
0.1045	-3.47474e-07
0.1046	-3.4746e-07
0.1047	-3.47445e-07
0.1048	-3.47433e-07
0.1049	-3.47417e-07
0.105	-3.47404e-07
0.1051	-3.47406e-07
0.1052	-3.47375e-07
0.1053	-3.47335e-07
0.1054	-3.47326e-07
0.1055	-3.47311e-07
0.1056	-3.47295e-07
0.1057	-3.4728e-07
0.1058	-3.47261e-07
0.1059	-3.47248e-07
0.106	-3.47232e-07
0.1061	-3.47218e-07
0.1062	-3.47207e-07
0.1063	-3.47192e-07
0.1064	-3.47172e-07
0.1065	-3.47157e-07
0.1066	-3.47123e-07
0.1067	-3.47097e-07
0.1068	-3.47112e-07
0.1069	-3.47093e-07
0.107	-3.47096e-07
0.1071	-3.47079e-07
0.1072	-3.47059e-07
0.1073	-3.47044e-07
0.1074	-3.47033e-07
0.1075	-3.46929e-07
0.1076	-3.46955e-07
0.1077	-3.46928e-07
0.1078	-3.46907e-07
0.1079	-3.46886e-07
0.108	-3.4687e-07
0.1081	-3.46846e-07
0.1082	-3.46833e-07
0.1083	-3.46794e-07
0.1084	-3.46758e-07
0.1085	-3.46747e-07
0.1086	-3.4673e-07
0.1087	-3.46705e-07
0.1088	-3.46709e-07
0.1089	-3.46673e-07
0.109	-3.46659e-07
0.1091	-3.46561e-07
0.1092	-3.46577e-07
0.1093	-3.46548e-07
0.1094	-3.46582e-07
0.1095	-3.46536e-07
0.1096	-3.46502e-07
0.1097	-3.46483e-07
0.1098	-3.46461e-07
0.1099	-3.46463e-07
0.11	-3.46443e-07
0.1101	-3.46427e-07
0.1102	-3.46405e-07
0.1103	-3.46375e-07
0.1104	-3.46362e-07
0.1105	-3.46372e-07
0.1106	-3.46334e-07
0.1107	-3.46323e-07
0.1108	-3.463e-07
0.1109	-3.46283e-07
0.111	-3.46266e-07
0.1111	-3.46246e-07
0.1112	-3.46219e-07
0.1113	-3.46193e-07
0.1114	-3.46158e-07
0.1115	-3.46138e-07
0.1116	-3.46109e-07
0.1117	-3.46091e-07
0.1118	-3.46027e-07
0.1119	-3.45973e-07
0.112	-3.45941e-07
0.1121	-3.45916e-07
0.1122	-3.45909e-07
0.1123	-3.45892e-07
0.1124	-3.45866e-07
0.1125	-3.45789e-07
0.1126	-3.45758e-07
0.1127	-3.45741e-07
0.1128	-3.45696e-07
0.1129	-3.45666e-07
0.113	-3.45632e-07
0.1131	-3.45598e-07
0.1132	-3.45577e-07
0.1133	-3.45545e-07
0.1134	-3.45531e-07
0.1135	-3.45498e-07
0.1136	-3.45474e-07
0.1137	-3.45432e-07
0.1138	-3.45388e-07
0.1139	-3.45361e-07
0.114	-3.45342e-07
0.1141	-3.45304e-07
0.1142	-3.45287e-07
0.1143	-3.45275e-07
0.1144	-3.45299e-07
0.1145	-3.45238e-07
0.1146	-3.45145e-07
0.1147	-3.45123e-07
0.1148	-3.45103e-07
0.1149	-3.45102e-07
0.115	-3.45062e-07
0.1151	-3.45039e-07
0.1152	-3.44998e-07
0.1153	-3.44968e-07
0.1154	-3.44917e-07
0.1155	-3.44873e-07
0.1156	-3.44773e-07
0.1157	-3.44754e-07
0.1158	-3.44671e-07
0.1159	-3.44625e-07
0.116	-3.4459e-07
0.1161	-3.44552e-07
0.1162	-3.44529e-07
0.1163	-3.44567e-07
0.1164	-3.44556e-07
0.1165	-3.44491e-07
0.1166	-3.44479e-07
0.1167	-3.4444e-07
0.1168	-3.44389e-07
0.1169	-3.44333e-07
0.117	-3.44282e-07
0.1171	-3.44247e-07
0.1172	-3.4418e-07
0.1173	-3.44131e-07
0.1174	-3.44089e-07
0.1175	-3.44048e-07
0.1176	-3.44e-07
0.1177	-3.43932e-07
0.1178	-3.4387e-07
0.1179	-3.43828e-07
0.118	-3.43787e-07
0.1181	-3.43759e-07
0.1182	-3.43686e-07
0.1183	-3.4364e-07
0.1184	-3.4359e-07
0.1185	-3.43537e-07
0.1186	-3.43462e-07
0.1187	-3.43428e-07
0.1188	-3.43374e-07
0.1189	-3.43337e-07
0.119	-3.43277e-07
0.1191	-3.43224e-07
0.1192	-3.43135e-07
0.1193	-3.43077e-07
0.1194	-3.43024e-07
0.1195	-3.42958e-07
0.1196	-3.4287e-07
0.1197	-3.42782e-07
0.1198	-3.42729e-07
0.1199	-3.42633e-07
0.12	-3.42579e-07
0.1201	-3.42532e-07
0.1202	-3.42453e-07
0.1203	-3.42395e-07
0.1204	-3.42325e-07
0.1205	-3.42367e-07
0.1206	-3.42248e-07
0.1207	-3.42185e-07
0.1208	-3.42124e-07
0.1209	-3.42025e-07
0.121	-3.41927e-07
0.1211	-3.41795e-07
0.1212	-3.41704e-07
0.1213	-3.41614e-07
0.1214	-3.4153e-07
0.1215	-3.41427e-07
0.1216	-3.41326e-07
0.1217	-3.41224e-07
0.1218	-3.41118e-07
0.1219	-3.41019e-07
0.122	-3.40928e-07
0.1221	-3.40819e-07
0.1222	-3.40732e-07
0.1223	-3.40644e-07
0.1224	-3.40567e-07
0.1225	-3.4043e-07
0.1226	-3.40302e-07
0.1227	-3.40217e-07
0.1228	-3.40142e-07
0.1229	-3.40067e-07
0.123	-3.39984e-07
0.1231	-3.39865e-07
0.1232	-3.39751e-07
0.1233	-3.39681e-07
0.1234	-3.39558e-07
0.1235	-3.39391e-07
0.1236	-3.39268e-07
0.1237	-3.39175e-07
0.1238	-3.391e-07
0.1239	-3.38965e-07
0.124	-3.38923e-07
0.1241	-3.38793e-07
0.1242	-3.38686e-07
0.1243	-3.38588e-07
0.1244	-3.38426e-07
0.1245	-3.38322e-07
0.1246	-3.38225e-07
0.1247	-3.38052e-07
0.1248	-3.37947e-07
0.1249	-3.37755e-07
0.125	-3.37599e-07
0.1251	-3.37351e-07
0.1252	-3.37245e-07
0.1253	-3.37087e-07
0.1254	-3.36987e-07
0.1255	-3.36797e-07
0.1256	-3.36677e-07
0.1257	-3.36476e-07
0.1258	-3.36344e-07
0.1259	-3.36161e-07
0.126	-3.35982e-07
0.1261	-3.35853e-07
0.1262	-3.35721e-07
0.1263	-3.3552e-07
0.1264	-3.35327e-07
0.1265	-3.35176e-07
0.1266	-3.35049e-07
0.1267	-3.3486e-07
0.1268	-3.34717e-07
0.1269	-3.34588e-07
0.127	-3.34313e-07
0.1271	-3.34061e-07
0.1272	-3.33843e-07
0.1273	-3.33626e-07
0.1274	-3.33352e-07
0.1275	-3.33038e-07
0.1276	-3.32789e-07
0.1277	-3.32537e-07
0.1278	-3.32327e-07
0.1279	-3.32059e-07
0.128	-3.31801e-07
0.1281	-3.31566e-07
0.1282	-3.31477e-07
0.1283	-3.31258e-07
0.1284	-3.31096e-07
0.1285	-3.30809e-07
0.1286	-3.30586e-07
0.1287	-3.30399e-07
0.1288	-3.30141e-07
0.1289	-3.29926e-07
0.129	-3.29557e-07
0.1291	-3.2929e-07
0.1292	-3.29e-07
0.1293	-3.28675e-07
0.1294	-3.28428e-07
0.1295	-3.28152e-07
0.1296	-3.27814e-07
0.1297	-3.27485e-07
0.1298	-3.27142e-07
0.1299	-3.26855e-07
0.13	-3.26551e-07
0.1301	-3.26115e-07
0.1302	-3.25856e-07
0.1303	-3.25498e-07
0.1304	-3.25179e-07
0.1305	-3.24795e-07
0.1306	-3.24453e-07
0.1307	-3.24184e-07
0.1308	-3.23815e-07
0.1309	-3.23407e-07
0.131	-3.23183e-07
0.1311	-3.22944e-07
0.1312	-3.22625e-07
0.1313	-3.22352e-07
0.1314	-3.21988e-07
0.1315	-3.21661e-07
0.1316	-3.21318e-07
0.1317	-3.20883e-07
0.1318	-3.20525e-07
0.1319	-3.20215e-07
0.132	-3.19932e-07
0.1321	-3.19495e-07
0.1322	-3.19111e-07
0.1323	-3.18773e-07
0.1324	-3.1842e-07
0.1325	-3.17965e-07
0.1326	-3.17655e-07
0.1327	-3.17351e-07
0.1328	-3.17003e-07
0.1329	-3.16542e-07
0.133	-3.16158e-07
0.1331	-3.15771e-07
0.1332	-3.15434e-07
0.1333	-3.15001e-07
0.1334	-3.14536e-07
0.1335	-3.14039e-07
0.1336	-3.13599e-07
0.1337	-3.13189e-07
0.1338	-3.12745e-07
0.1339	-3.12297e-07
0.134	-3.11761e-07
0.1341	-3.11475e-07
0.1342	-3.10966e-07
0.1343	-3.10523e-07
0.1344	-3.10103e-07
0.1345	-3.09606e-07
0.1346	-3.09294e-07
0.1347	-3.08684e-07
0.1348	-3.08261e-07
0.1349	-3.07657e-07
0.135	-3.07199e-07
0.1351	-3.0688e-07
0.1352	-3.06235e-07
0.1353	-3.05745e-07
0.1354	-3.05316e-07
0.1355	-3.04875e-07
0.1356	-3.04379e-07
0.1357	-3.03882e-07
0.1358	-3.03435e-07
0.1359	-3.02949e-07
0.136	-3.02198e-07
0.1361	-3.01751e-07
0.1362	-3.01251e-07
0.1363	-3.00769e-07
0.1364	-3.00234e-07
0.1365	-2.99739e-07
0.1366	-2.99224e-07
0.1367	-2.98445e-07
0.1368	-2.97723e-07
0.1369	-2.97341e-07
0.137	-2.96755e-07
0.1371	-2.96243e-07
0.1372	-2.95696e-07
0.1373	-2.95271e-07
0.1374	-2.94668e-07
0.1375	-2.94121e-07
0.1376	-2.93613e-07
0.1377	-2.92942e-07
0.1378	-2.92323e-07
0.1379	-2.91889e-07
0.138	-2.91266e-07
0.1381	-2.9055e-07
0.1382	-2.89894e-07
0.1383	-2.89119e-07
0.1384	-2.88542e-07
0.1385	-2.87859e-07
0.1386	-2.87182e-07
0.1387	-2.86849e-07
0.1388	-2.8593e-07
0.1389	-2.85122e-07
0.139	-2.84375e-07
0.1391	-2.83892e-07
0.1392	-2.83189e-07
0.1393	-2.82616e-07
0.1394	-2.81979e-07
0.1395	-2.81178e-07
0.1396	-2.8049e-07
0.1397	-2.80072e-07
0.1398	-2.79214e-07
0.1399	-2.78755e-07
0.14	-2.78109e-07
0.1401	-2.7664e-07
0.1402	-2.75952e-07
0.1403	-2.75205e-07
0.1404	-2.74367e-07
0.1405	-2.73886e-07
0.1406	-2.72561e-07
0.1407	-2.71851e-07
0.1408	-2.70994e-07
0.1409	-2.70281e-07
0.141	-2.69389e-07
0.1411	-2.68482e-07
0.1412	-2.67539e-07
0.1413	-2.66753e-07
0.1414	-2.66081e-07
0.1415	-2.65091e-07
0.1416	-2.64401e-07
0.1417	-2.63247e-07
0.1418	-2.62646e-07
0.1419	-2.61253e-07
0.142	-2.60285e-07
0.1421	-2.59216e-07
0.1422	-2.58095e-07
0.1423	-2.57127e-07
0.1424	-2.55316e-07
0.1425	-2.544e-07
0.1426	-2.53199e-07
0.1427	-2.51775e-07
0.1428	-2.50822e-07
0.1429	-2.49884e-07
0.143	-2.4849e-07
0.1431	-2.46754e-07
0.1432	-2.45459e-07
0.1433	-2.44479e-07
0.1434	-2.43001e-07
0.1435	-2.41041e-07
0.1436	-2.40518e-07
0.1437	-2.37599e-07
0.1438	-2.35967e-07
0.1439	-2.33868e-07
0.144	-2.30815e-07
0.1441	-2.29593e-07
0.1442	-2.27452e-07
0.1443	-2.26389e-07
0.1444	-2.24603e-07
0.1445	-2.22743e-07
0.1446	-2.20747e-07
0.1447	-2.18813e-07
0.1448	-2.16636e-07
0.1449	-2.14607e-07
0.145	-2.12412e-07
0.1451	-2.10986e-07
0.1452	-2.08973e-07
0.1453	-2.07011e-07
0.1454	-2.05526e-07
0.1455	-2.02118e-07
0.1456	-2.00452e-07
0.1457	-1.98018e-07
0.1458	-1.95669e-07
0.1459	-1.93423e-07
0.146	-1.90529e-07
0.1461	-1.89198e-07
0.1462	-1.86109e-07
0.1463	-1.83685e-07
0.1464	-1.81064e-07
0.1465	-1.78401e-07
0.1466	-1.77037e-07
0.1467	-1.74943e-07
0.1468	-1.7182e-07
0.1469	-1.70849e-07
0.147	-1.67835e-07
0.1471	-1.651e-07
0.1472	-1.62904e-07
0.1473	-1.61484e-07
0.1474	-1.56394e-07
0.1475	-1.54958e-07
0.1476	-1.52467e-07
0.1477	-1.49397e-07
0.1478	-1.45364e-07
0.1479	-1.43394e-07
0.148	-1.41588e-07
0.1481	-1.39611e-07
0.1482	-1.36144e-07
0.1483	-1.34012e-07
0.1484	-1.33015e-07
0.1485	-1.29692e-07
0.1486	-1.27731e-07
0.1487	-1.25095e-07
0.1488	-1.21588e-07
0.1489	-1.19861e-07
0.149	-1.18233e-07
0.1491	-1.16824e-07
0.1492	-1.12305e-07
0.1493	-1.10011e-07
0.1494	-1.06807e-07
0.1495	-1.05086e-07
0.1496	-1.00478e-07
0.1497	-9.9439e-08
0.1498	-9.7456e-08
0.1499	-9.53492e-08
0.15	-9.25946e-08
0.1501	-9.16448e-08
0.1502	-8.97828e-08
0.1503	-8.73287e-08
0.1504	-8.41728e-08
0.1505	-8.23088e-08
0.1506	-8.11207e-08
0.1507	-7.87375e-08
0.1508	-7.7929e-08
0.1509	-7.60344e-08
0.151	-7.5233e-08
0.1511	-7.02224e-08
0.1512	-6.67153e-08
0.1513	-6.35358e-08
0.1514	-6.15371e-08
0.1515	-5.83348e-08
0.1516	-5.81648e-08
0.1517	-5.65147e-08
0.1518	-5.31144e-08
0.1519	-5.12687e-08
0.152	-4.90776e-08
0.1521	-4.5259e-08
0.1522	-4.29317e-08
0.1523	-4.10251e-08
0.1524	-4.20086e-08
0.1525	-4.12949e-08
0.1526	-3.67303e-08
0.1527	-3.53436e-08
0.1528	-3.45947e-08
0.1529	-3.29427e-08
0.153	-3.1527e-08
0.1531	-2.62573e-08
0.1532	-2.58544e-08
0.1533	-2.38816e-08
0.1534	-2.18057e-08
0.1535	-2.07515e-08
0.1536	-1.75375e-08
0.1537	-1.49079e-08
0.1538	-1.11973e-08
0.1539	-8.59077e-09
0.154	-6.3084e-09
0.1541	-4.18984e-09
0.1542	-2.54355e-09
0.1543	-1.24918e-09
0.1544	-2.25943e-10
0.1545	3.40587e-09
0.1546	6.52433e-09
0.1547	8.02873e-09
0.1548	9.9103e-09
0.1549	1.21229e-08
0.155	1.24808e-08
0.1551	1.70817e-08
0.1552	1.89878e-08
0.1553	2.09006e-08
0.1554	2.16252e-08
0.1555	2.61108e-08
0.1556	2.92859e-08
0.1557	2.72674e-08
0.1558	2.9016e-08
0.1559	2.76079e-08
0.156	3.03854e-08
0.1561	3.26927e-08
0.1562	3.44019e-08
0.1563	3.45989e-08
0.1564	3.94734e-08
0.1565	4.39157e-08
0.1566	4.91735e-08
0.1567	5.11635e-08
0.1568	5.21614e-08
0.1569	5.51881e-08
0.157	5.561e-08
0.1571	6.36367e-08
0.1572	6.71674e-08
0.1573	7.08441e-08
0.1574	7.10623e-08
0.1575	7.25713e-08
0.1576	6.85076e-08
0.1577	7.35348e-08
0.1578	7.84368e-08
0.1579	8.3666e-08
0.158	8.36499e-08
0.1581	9.23122e-08
0.1582	9.54496e-08
0.1583	1.01425e-07
0.1584	1.01918e-07
0.1585	1.02168e-07
0.1586	1.09556e-07
0.1587	1.1722e-07
0.1588	1.17747e-07
0.1589	1.18995e-07
0.159	1.26861e-07
0.1591	1.2323e-07
0.1592	1.23098e-07
0.1593	1.28062e-07
0.1594	1.29007e-07
0.1595	1.23792e-07
0.1596	1.2237e-07
0.1597	1.22616e-07
0.1598	1.26764e-07
0.1599	1.33519e-07
0.16	1.32877e-07
0.1601	1.31741e-07
0.1602	1.30633e-07
0.1603	1.38482e-07
0.1604	1.48178e-07
0.1605	1.46304e-07
0.1606	1.44506e-07
0.1607	1.44561e-07
0.1608	1.44378e-07
0.1609	1.36461e-07
0.161	1.36373e-07
0.1611	1.39913e-07
0.1612	1.36774e-07
0.1613	1.40857e-07
0.1614	1.45218e-07
0.1615	1.53375e-07
0.1616	1.55176e-07
0.1617	1.48717e-07
0.1618	1.44156e-07
0.1619	1.44747e-07
0.162	1.55071e-07
0.1621	1.48414e-07
0.1622	1.49163e-07
0.1623	1.51285e-07
0.1624	1.53412e-07
0.1625	1.50479e-07
0.1626	1.47614e-07
0.1627	1.3391e-07
0.1628	1.43209e-07
0.1629	1.44118e-07
0.163	1.46241e-07
0.1631	1.35386e-07
0.1632	1.38893e-07
0.1633	1.42586e-07
0.1634	1.4008e-07
0.1635	1.47399e-07
0.1636	1.46883e-07
0.1637	1.38999e-07
0.1638	1.36832e-07
0.1639	1.42702e-07
0.164	1.41064e-07
0.1641	1.46606e-07
0.1642	1.4136e-07
0.1643	1.47399e-07
0.1644	1.4583e-07
0.1645	1.34502e-07
0.1646	1.39679e-07
0.1647	1.35977e-07
0.1648	1.31445e-07
0.1649	1.30676e-07
0.165	1.35599e-07
0.1651	1.36344e-07
0.1652	1.38447e-07
0.1653	1.3383e-07
0.1654	1.27929e-07
0.1655	1.30356e-07
0.1656	1.29801e-07
0.1657	1.2119e-07
0.1658	1.14461e-07
0.1659	1.04994e-07
0.166	1.03699e-07
0.1661	1.01758e-07
0.1662	1.0266e-07
0.1663	9.32352e-08
0.1664	8.37176e-08
0.1665	8.11502e-08
0.1666	7.67066e-08
0.1667	7.14537e-08
0.1668	7.54367e-08
0.1669	5.22913e-08
0.167	4.69128e-08
0.1671	4.22009e-08
0.1672	3.58903e-08
0.1673	2.97432e-08
0.1674	2.22706e-08
0.1675	1.00772e-08
0.1676	-1.80545e-09
0.1677	-9.58897e-09
0.1678	-2.16485e-08
0.1679	-3.2004e-08
0.168	-4.3353e-08
0.1681	-5.3697e-08
0.1682	-6.49098e-08
0.1683	-7.52608e-08
0.1684	-8.64039e-08
0.1685	-1.01606e-07
0.1686	-1.11132e-07
0.1687	-1.25936e-07
0.1688	-1.41493e-07
0.1689	-1.55891e-07
0.169	-1.70871e-07
0.1691	-1.86801e-07
0.1692	-2.02774e-07
0.1693	-2.14059e-07
0.1694	-2.30154e-07
0.1695	-2.46598e-07
0.1696	-2.63319e-07
0.1697	-2.81431e-07
0.1698	-2.99209e-07
0.1699	-3.09974e-07
0.17	-3.2372e-07
0.1701	-3.37256e-07
0.1702	-3.46099e-07
0.1703	-3.53861e-07
0.1704	-3.63612e-07
0.1705	-3.73031e-07
0.1706	-3.96949e-07
0.1707	-4.1964e-07
0.1708	-4.29816e-07
0.1709	-4.5158e-07
0.171	-4.62059e-07
0.1711	-4.80023e-07
0.1712	-4.97012e-07
0.1713	-5.2079e-07
0.1714	-5.34224e-07
0.1715	-5.44192e-07
0.1716	-5.61482e-07
0.1717	-5.74491e-07
0.1718	-6.00363e-07
0.1719	-6.1859e-07
0.172	-6.37634e-07
0.1721	-6.48393e-07
0.1722	-6.60722e-07
0.1723	-6.73068e-07
0.1724	-6.90487e-07
0.1725	-7.08957e-07
0.1726	-7.32239e-07
0.1727	-7.57713e-07
0.1728	-7.74886e-07
0.1729	-7.91008e-07
0.173	-8.09085e-07
0.1731	-8.26351e-07
0.1732	-8.42879e-07
0.1733	-8.60239e-07
0.1734	-8.76106e-07
0.1735	-8.97614e-07
0.1736	-9.13483e-07
0.1737	-9.2572e-07
0.1738	-9.40043e-07
0.1739	-9.54345e-07
0.174	-9.66117e-07
0.1741	-9.73905e-07
0.1742	-9.86362e-07
0.1743	-9.97935e-07
0.1744	-1.0143e-06
0.1745	-1.0287e-06
0.1746	-1.04331e-06
0.1747	-1.05678e-06
0.1748	-1.06225e-06
0.1749	-1.07603e-06
0.175	-1.08514e-06
0.1751	-1.09715e-06
0.1752	-1.10895e-06
0.1753	-1.11922e-06
0.1754	-1.13003e-06
0.1755	-1.1338e-06
0.1756	-1.14305e-06
0.1757	-1.15326e-06
0.1758	-1.16151e-06
0.1759	-1.17159e-06
0.176	-1.17826e-06
0.1761	-1.18451e-06
0.1762	-1.19099e-06
0.1763	-1.19576e-06
0.1764	-1.20174e-06
0.1765	-1.20501e-06
0.1766	-1.20468e-06
0.1767	-1.20834e-06
0.1768	-1.2119e-06
0.1769	-1.21393e-06
0.177	-1.21479e-06
0.1771	-1.2167e-06
0.1772	-1.21729e-06
0.1773	-1.21669e-06
0.1774	-1.21705e-06
0.1775	-1.21648e-06
0.1776	-1.22168e-06
0.1777	-1.22248e-06
0.1778	-1.22238e-06
0.1779	-1.21822e-06
0.178	-1.21653e-06
0.1781	-1.21446e-06
0.1782	-1.21274e-06
0.1783	-1.20957e-06
0.1784	-1.20576e-06
0.1785	-1.2022e-06
0.1786	-1.19467e-06
0.1787	-1.19061e-06
0.1788	-1.18723e-06
0.1789	-1.18311e-06
0.179	-1.17813e-06
0.1791	-1.17221e-06
0.1792	-1.16622e-06
0.1793	-1.16157e-06
0.1794	-1.15738e-06
0.1795	-1.15279e-06
0.1796	-1.14851e-06
0.1797	-1.14389e-06
0.1798	-1.13242e-06
0.1799	-1.12768e-06
0.18	-1.1231e-06
0.1801	-1.11755e-06
0.1802	-1.11339e-06
0.1803	-1.10831e-06
0.1804	-1.10052e-06
0.1805	-1.09417e-06
0.1806	-1.08904e-06
0.1807	-1.08251e-06
0.1808	-1.07553e-06
0.1809	-1.06848e-06
0.181	-1.06144e-06
0.1811	-1.05421e-06
0.1812	-1.04818e-06
0.1813	-1.04165e-06
0.1814	-1.03463e-06
0.1815	-1.02664e-06
0.1816	-1.02038e-06
0.1817	-1.01293e-06
0.1818	-1.00643e-06
0.1819	-1.00059e-06
0.182	-9.94489e-07
0.1821	-9.8682e-07
0.1822	-9.77891e-07
0.1823	-9.69736e-07
0.1824	-9.60232e-07
0.1825	-9.52755e-07
0.1826	-9.43253e-07
0.1827	-9.35352e-07
0.1828	-9.27351e-07
0.1829	-9.22987e-07
0.183	-9.14811e-07
0.1831	-9.07527e-07
0.1832	-8.99455e-07
0.1833	-8.91321e-07
0.1834	-8.82922e-07
0.1835	-8.74939e-07
0.1836	-8.67269e-07
0.1837	-8.59782e-07
0.1838	-8.55144e-07
0.1839	-8.4865e-07
0.184	-8.38015e-07
0.1841	-8.30781e-07
0.1842	-8.2307e-07
0.1843	-8.14448e-07
0.1844	-8.0744e-07
0.1845	-7.98794e-07
0.1846	-7.91546e-07
0.1847	-7.83056e-07
0.1848	-7.78114e-07
0.1849	-7.70929e-07
0.185	-7.61556e-07
0.1851	-7.56032e-07
0.1852	-7.52091e-07
0.1853	-7.43617e-07
0.1854	-7.3601e-07
0.1855	-7.3009e-07
0.1856	-7.30355e-07
0.1857	-7.23005e-07
0.1858	-7.14839e-07
0.1859	-7.06449e-07
0.186	-6.98949e-07
0.1861	-6.91298e-07
0.1862	-6.82059e-07
0.1863	-6.74882e-07
0.1864	-6.66788e-07
0.1865	-6.60528e-07
0.1866	-6.52133e-07
0.1867	-6.45351e-07
0.1868	-6.36565e-07
0.1869	-6.31409e-07
0.187	-6.221e-07
0.1871	-6.13694e-07
0.1872	-6.05207e-07
0.1873	-5.97956e-07
0.1874	-5.8948e-07
0.1875	-5.81635e-07
0.1876	-5.74926e-07
0.1877	-5.67902e-07
0.1878	-5.58106e-07
0.1879	-5.49205e-07
0.188	-5.40651e-07
0.1881	-5.3229e-07
0.1882	-5.24142e-07
0.1883	-5.14763e-07
0.1884	-5.07149e-07
0.1885	-4.98752e-07
0.1886	-4.91629e-07
0.1887	-4.8423e-07
0.1888	-4.76453e-07
0.1889	-4.68318e-07
0.189	-4.59342e-07
0.1891	-4.50579e-07
0.1892	-4.43324e-07
0.1893	-4.33966e-07
0.1894	-4.25665e-07
0.1895	-4.15401e-07
0.1896	-4.06765e-07
0.1897	-4.02859e-07
0.1898	-3.95998e-07
0.1899	-3.86615e-07
0.19	-3.79099e-07
0.1901	-3.76637e-07
0.1902	-3.66859e-07
0.1903	-3.60394e-07
0.1904	-3.52191e-07
0.1905	-3.49801e-07
0.1906	-3.41339e-07
0.1907	-3.37162e-07
0.1908	-3.27735e-07
0.1909	-3.19806e-07
0.191	-3.11617e-07
0.1911	-3.02979e-07
0.1912	-2.93552e-07
0.1913	-2.86764e-07
0.1914	-2.82231e-07
0.1915	-2.82074e-07
0.1916	-2.74764e-07
0.1917	-2.73975e-07
0.1918	-2.74923e-07
0.1919	-2.75185e-07
0.192	-2.68055e-07
0.1921	-2.64466e-07
0.1922	-2.57364e-07
0.1923	-2.54079e-07
0.1924	-2.47925e-07
0.1925	-2.44388e-07
0.1926	-2.38019e-07
0.1927	-2.3243e-07
0.1928	-2.29948e-07
0.1929	-2.21871e-07
0.193	-2.15095e-07
0.1931	-2.14621e-07
0.1932	-2.09469e-07
0.1933	-2.04833e-07
0.1934	-2.00172e-07
0.1935	-1.96278e-07
0.1936	-1.99884e-07
0.1937	-1.97765e-07
0.1938	-1.93485e-07
0.1939	-1.90476e-07
0.194	-1.89083e-07
0.1941	-1.8733e-07
0.1942	-1.91142e-07
0.1943	-1.96009e-07
0.1944	-1.94934e-07
0.1945	-1.94516e-07
0.1946	-1.91307e-07
0.1947	-1.91365e-07
0.1948	-1.96397e-07
0.1949	-1.9662e-07
0.195	-1.98592e-07
0.1951	-2.03436e-07
0.1952	-2.05982e-07
0.1953	-2.10586e-07
0.1954	-2.09457e-07
0.1955	-2.13275e-07
0.1956	-2.17785e-07
0.1957	-2.25967e-07
0.1958	-2.35751e-07
0.1959	-2.39895e-07
0.196	-2.42078e-07
0.1961	-2.48617e-07
0.1962	-2.45088e-07
0.1963	-2.47347e-07
0.1964	-2.52302e-07
0.1965	-2.58389e-07
0.1966	-2.67038e-07
0.1967	-2.72339e-07
0.1968	-2.78818e-07
0.1969	-2.85539e-07
0.197	-2.92163e-07
0.1971	-2.93587e-07
0.1972	-3.04034e-07
0.1973	-3.1046e-07
0.1974	-3.17278e-07
0.1975	-3.20016e-07
0.1976	-3.2469e-07
0.1977	-3.30005e-07
0.1978	-3.3741e-07
0.1979	-3.4479e-07
0.198	-3.53734e-07
0.1981	-3.61984e-07
0.1982	-3.71077e-07
0.1983	-3.79213e-07
0.1984	-3.88663e-07
0.1985	-3.98142e-07
0.1986	-4.0925e-07
0.1987	-4.15919e-07
0.1988	-4.17859e-07
0.1989	-4.27207e-07
0.199	-4.38607e-07
0.1991	-4.48603e-07
0.1992	-4.5535e-07
0.1993	-4.60681e-07
0.1994	-4.70733e-07
0.1995	-4.79529e-07
0.1996	-4.86542e-07
0.1997	-4.94662e-07
0.1998	-5.01792e-07
0.1999	-5.12803e-07
0.2	-5.2108e-07
0.2001	-5.28435e-07
0.2002	-5.37357e-07
0.2003	-5.45053e-07
0.2004	-5.49706e-07
0.2005	-5.57634e-07
0.2006	-5.69259e-07
0.2007	-5.77093e-07
0.2008	-5.81794e-07
0.2009	-5.92607e-07
0.201	-6.0286e-07
0.2011	-6.10022e-07
0.2012	-6.16252e-07
0.2013	-6.2336e-07
0.2014	-6.30804e-07
0.2015	-6.42277e-07
0.2016	-6.50578e-07
0.2017	-6.6019e-07
0.2018	-6.6694e-07
0.2019	-6.74006e-07
0.202	-6.79931e-07
0.2021	-6.86098e-07
0.2022	-6.93018e-07
0.2023	-7.01834e-07
0.2024	-7.07534e-07
0.2025	-7.14438e-07
0.2026	-7.22811e-07
0.2027	-7.27514e-07
0.2028	-7.28371e-07
0.2029	-7.35156e-07
0.203	-7.40402e-07
0.2031	-7.45782e-07
0.2032	-7.51208e-07
0.2033	-7.54761e-07
0.2034	-7.60445e-07
0.2035	-7.63895e-07
0.2036	-7.67575e-07
0.2037	-7.70101e-07
0.2038	-7.72841e-07
0.2039	-7.75957e-07
0.204	-7.78827e-07
0.2041	-7.80999e-07
0.2042	-7.82527e-07
0.2043	-7.85031e-07
0.2044	-7.8543e-07
0.2045	-7.88018e-07
0.2046	-7.88307e-07
0.2047	-7.8994e-07
0.2048	-7.9098e-07
0.2049	-7.89311e-07
0.205	-7.91595e-07
0.2051	-7.93593e-07
0.2052	-7.93872e-07
0.2053	-7.96159e-07
0.2054	-7.96673e-07
0.2055	-7.96713e-07
0.2056	-7.92866e-07
0.2057	-7.93672e-07
0.2058	-7.93998e-07
0.2059	-7.92228e-07
0.206	-7.90439e-07
0.2061	-7.91162e-07
0.2062	-7.91042e-07
0.2063	-7.88792e-07
0.2064	-7.88018e-07
0.2065	-7.8766e-07
0.2066	-7.86883e-07
0.2067	-7.87005e-07
0.2068	-7.85701e-07
0.2069	-7.83206e-07
0.207	-7.81466e-07
0.2071	-7.81506e-07
0.2072	-7.79913e-07
0.2073	-7.79112e-07
0.2074	-7.76474e-07
0.2075	-7.73975e-07
0.2076	-7.76057e-07
0.2077	-7.73878e-07
0.2078	-7.69875e-07
0.2079	-7.66938e-07
0.208	-7.66263e-07
0.2081	-7.65045e-07
0.2082	-7.64173e-07
0.2083	-7.63034e-07
0.2084	-7.62801e-07
0.2085	-7.61311e-07
0.2086	-7.59141e-07
0.2087	-7.60056e-07
0.2088	-7.57439e-07
0.2089	-7.54874e-07
0.209	-7.52067e-07
0.2091	-7.53166e-07
0.2092	-7.52564e-07
0.2093	-7.5112e-07
0.2094	-7.49031e-07
0.2095	-7.48076e-07
0.2096	-7.46072e-07
0.2097	-7.43547e-07
0.2098	-7.42212e-07
0.2099	-7.42503e-07
0.21	-7.40027e-07
0.2101	-7.37598e-07
0.2102	-7.36686e-07
0.2103	-7.34754e-07
0.2104	-7.34836e-07
0.2105	-7.32307e-07
0.2106	-7.30651e-07
0.2107	-7.29445e-07
0.2108	-7.27439e-07
0.2109	-7.25985e-07
0.211	-7.22217e-07
0.2111	-7.20695e-07
0.2112	-7.18808e-07
0.2113	-7.17317e-07
0.2114	-7.17424e-07
0.2115	-7.14745e-07
0.2116	-7.12584e-07
0.2117	-7.11037e-07
0.2118	-7.09064e-07
0.2119	-7.0942e-07
0.212	-7.06694e-07
0.2121	-7.05299e-07
0.2122	-7.03736e-07
0.2123	-7.01578e-07
0.2124	-7.01337e-07
0.2125	-6.99787e-07
0.2126	-6.98683e-07
0.2127	-6.96576e-07
0.2128	-6.95013e-07
0.2129	-6.92183e-07
0.213	-6.90654e-07
0.2131	-6.87849e-07
0.2132	-6.86166e-07
0.2133	-6.84416e-07
0.2134	-6.81477e-07
0.2135	-6.78827e-07
0.2136	-6.75814e-07
0.2137	-6.73166e-07
0.2138	-6.7337e-07
0.2139	-6.71407e-07
0.214	-6.68399e-07
0.2141	-6.68963e-07
0.2142	-6.68498e-07
0.2143	-6.65775e-07
0.2144	-6.62986e-07
0.2145	-6.62841e-07
0.2146	-6.60998e-07
0.2147	-6.5856e-07
0.2148	-6.57011e-07
0.2149	-6.52698e-07
0.215	-6.50878e-07
0.2151	-6.47765e-07
0.2152	-6.4709e-07
0.2153	-6.46391e-07
0.2154	-6.44809e-07
0.2155	-6.42527e-07
0.2156	-6.44135e-07
0.2157	-6.41025e-07
0.2158	-6.37355e-07
0.2159	-6.3518e-07
0.216	-6.33725e-07
0.2161	-6.31491e-07
0.2162	-6.28036e-07
0.2163	-6.25595e-07
0.2164	-6.23289e-07
0.2165	-6.20796e-07
0.2166	-6.18996e-07
0.2167	-6.15186e-07
0.2168	-6.1078e-07
0.2169	-6.07532e-07
0.217	-6.05116e-07
0.2171	-6.00544e-07
0.2172	-5.95394e-07
0.2173	-5.90242e-07
0.2174	-5.88589e-07
0.2175	-5.84492e-07
0.2176	-5.79966e-07
0.2177	-5.76267e-07
0.2178	-5.71076e-07
0.2179	-5.6731e-07
0.218	-5.62195e-07
0.2181	-5.57279e-07
0.2182	-5.51269e-07
0.2183	-5.47385e-07
0.2184	-5.42791e-07
0.2185	-5.38852e-07
0.2186	-5.34393e-07
0.2187	-5.297e-07
0.2188	-5.23687e-07
0.2189	-5.17872e-07
0.219	-5.12228e-07
0.2191	-5.06895e-07
0.2192	-5.01249e-07
0.2193	-4.96161e-07
0.2194	-4.90665e-07
0.2195	-4.85122e-07
0.2196	-4.79723e-07
0.2197	-4.74363e-07
0.2198	-4.68453e-07
0.2199	-4.62191e-07
0.22	-4.55368e-07
0.2201	-4.48887e-07
0.2202	-4.42062e-07
0.2203	-4.34846e-07
0.2204	-4.27957e-07
0.2205	-4.21174e-07
0.2206	-4.13551e-07
0.2207	-4.05549e-07
0.2208	-3.99246e-07
0.2209	-3.92092e-07
0.221	-3.84954e-07
0.2211	-3.78078e-07
0.2212	-3.71721e-07
0.2213	-3.64641e-07
0.2214	-3.572e-07
0.2215	-3.49172e-07
0.2216	-3.41973e-07
0.2217	-3.34631e-07
0.2218	-3.2957e-07
0.2219	-3.21851e-07
0.222	-3.1444e-07
0.2221	-3.06671e-07
0.2222	-2.97958e-07
0.2223	-2.90748e-07
0.2224	-2.84046e-07
0.2225	-2.76325e-07
0.2226	-2.70344e-07
0.2227	-2.63346e-07
0.2228	-2.54707e-07
0.2229	-2.467e-07
0.223	-2.39935e-07
0.2231	-2.32401e-07
0.2232	-2.24093e-07
0.2233	-2.16637e-07
0.2234	-2.09107e-07
0.2235	-2.00208e-07
0.2236	-1.91981e-07
0.2237	-1.84636e-07
0.2238	-1.75612e-07
0.2239	-1.66364e-07
0.224	-1.57254e-07
0.2241	-1.47066e-07
0.2242	-1.40285e-07
0.2243	-1.33078e-07
0.2244	-1.29872e-07
0.2245	-1.23144e-07
0.2246	-1.18196e-07
0.2247	-1.11907e-07
0.2248	-1.05622e-07
0.2249	-9.9113e-08
0.225	-9.01848e-08
0.2251	-8.36686e-08
0.2252	-7.75928e-08
0.2253	-7.21328e-08
0.2254	-6.97798e-08
0.2255	-6.04225e-08
0.2256	-5.11094e-08
0.2257	-4.55825e-08
0.2258	-3.97147e-08
0.2259	-3.72752e-08
0.226	-2.77843e-08
0.2261	-1.90887e-08
0.2262	-9.39614e-09
0.2263	-4.62286e-09
0.2264	2.69687e-09
0.2265	7.57678e-09
0.2266	1.59527e-08
0.2267	2.00835e-08
0.2268	2.3755e-08
0.2269	3.21937e-08
0.227	4.08163e-08
0.2271	4.92178e-08
0.2272	5.37409e-08
0.2273	5.79587e-08
0.2274	6.57075e-08
0.2275	6.62298e-08
0.2276	6.51777e-08
0.2277	6.8711e-08
0.2278	7.31205e-08
0.2279	8.19908e-08
0.228	8.57126e-08
0.2281	9.23999e-08
0.2282	9.60796e-08
0.2283	1.04759e-07
0.2284	1.11909e-07
0.2285	1.15065e-07
0.2286	1.22058e-07
0.2287	1.29477e-07
0.2288	1.35585e-07
0.2289	1.43547e-07
0.229	1.45931e-07
0.2291	1.5212e-07
0.2292	1.53301e-07
0.2293	1.60369e-07
0.2294	1.67296e-07
0.2295	1.74494e-07
0.2296	1.81494e-07
0.2297	1.87409e-07
0.2298	1.90039e-07
0.2299	1.85377e-07
0.23	1.91267e-07
0.2301	1.9286e-07
0.2302	1.92038e-07
0.2303	1.9847e-07
0.2304	1.95748e-07
0.2305	2.00968e-07
0.2306	2.06227e-07
0.2307	2.09173e-07
0.2308	2.11521e-07
0.2309	2.15834e-07
0.231	2.19774e-07
0.2311	2.1744e-07
0.2312	2.155e-07
0.2313	2.20124e-07
0.2314	2.22706e-07
0.2315	2.25426e-07
0.2316	2.29159e-07
0.2317	2.32204e-07
0.2318	2.33825e-07
0.2319	2.32412e-07
0.232	2.32265e-07
0.2321	2.28649e-07
0.2322	2.30041e-07
0.2323	2.31386e-07
0.2324	2.32163e-07
0.2325	2.32481e-07
0.2326	2.32787e-07
0.2327	2.32861e-07
0.2328	2.31297e-07
0.2329	2.31284e-07
0.233	2.30276e-07
0.2331	2.26241e-07
0.2332	2.24875e-07
0.2333	2.22907e-07
0.2334	2.17286e-07
0.2335	2.14943e-07
0.2336	2.12962e-07
0.2337	2.1019e-07
0.2338	2.07807e-07
0.2339	2.04155e-07
0.234	2.00968e-07
0.2341	1.98128e-07
0.2342	1.90696e-07
0.2343	1.86093e-07
0.2344	1.79668e-07
0.2345	1.73737e-07
0.2346	1.66721e-07
0.2347	1.61372e-07
0.2348	1.53744e-07
0.2349	1.4595e-07
0.235	1.40538e-07
0.2351	1.34125e-07
0.2352	1.24118e-07
0.2353	1.15874e-07
0.2354	1.09085e-07
0.2355	1.00723e-07
0.2356	8.92204e-08
0.2357	8.11853e-08
0.2358	7.16836e-08
0.2359	6.10798e-08
0.236	5.24141e-08
0.2361	4.13949e-08
0.2362	3.17065e-08
0.2363	2.16236e-08
0.2364	1.16959e-08
0.2365	1.27928e-09
0.2366	-1.14838e-08
0.2367	-2.17161e-08
0.2368	-3.34238e-08
0.2369	-4.40861e-08
0.237	-5.65495e-08
0.2371	-6.78797e-08
0.2372	-7.904e-08
0.2373	-9.16771e-08
0.2374	-1.05303e-07
0.2375	-1.1828e-07
0.2376	-1.3258e-07
0.2377	-1.47212e-07
0.2378	-1.61741e-07
0.2379	-1.78115e-07
0.238	-1.92411e-07
0.2381	-2.07301e-07
0.2382	-2.22137e-07
0.2383	-2.34484e-07
0.2384	-2.48427e-07
0.2385	-2.64e-07
0.2386	-2.79069e-07
0.2387	-2.92119e-07
0.2388	-3.08173e-07
0.2389	-3.1978e-07
0.239	-3.34696e-07
0.2391	-3.50068e-07
0.2392	-3.67888e-07
0.2393	-3.88586e-07
0.2394	-4.04222e-07
0.2395	-4.19425e-07
0.2396	-4.31757e-07
0.2397	-4.48447e-07
0.2398	-4.65087e-07
0.2399	-4.82919e-07
0.24	-5.00015e-07
0.2401	-5.17585e-07
0.2402	-5.35673e-07
0.2403	-5.52811e-07
0.2404	-5.70673e-07
0.2405	-5.87597e-07
0.2406	-6.05977e-07
0.2407	-6.23235e-07
0.2408	-6.41014e-07
0.2409	-6.56771e-07
0.241	-6.74392e-07
0.2411	-6.92126e-07
0.2412	-7.07548e-07
0.2413	-7.23881e-07
0.2414	-7.41134e-07
0.2415	-7.58694e-07
0.2416	-7.76908e-07
0.2417	-7.92141e-07
0.2418	-8.04296e-07
0.2419	-8.21335e-07
0.242	-8.38602e-07
0.2421	-8.55461e-07
0.2422	-8.71781e-07
0.2423	-8.8773e-07
0.2424	-8.97354e-07
0.2425	-9.11042e-07
0.2426	-9.25983e-07
0.2427	-9.38036e-07
0.2428	-9.50927e-07
0.2429	-9.65842e-07
0.243	-9.78888e-07
0.2431	-9.96811e-07
0.2432	-1.01221e-06
0.2433	-1.02578e-06
0.2434	-1.04677e-06
0.2435	-1.06286e-06
0.2436	-1.07601e-06
0.2437	-1.08922e-06
0.2438	-1.10314e-06
0.2439	-1.11601e-06
0.244	-1.12704e-06
0.2441	-1.14073e-06
0.2442	-1.15331e-06
0.2443	-1.16621e-06
0.2444	-1.17653e-06
0.2445	-1.1868e-06
0.2446	-1.19671e-06
0.2447	-1.20589e-06
0.2448	-1.2158e-06
0.2449	-1.22492e-06
0.245	-1.23489e-06
0.2451	-1.24222e-06
0.2452	-1.25113e-06
0.2453	-1.25933e-06
0.2454	-1.26576e-06
0.2455	-1.27243e-06
0.2456	-1.27761e-06
0.2457	-1.28214e-06
0.2458	-1.28644e-06
0.2459	-1.29193e-06
0.246	-1.29625e-06
0.2461	-1.30126e-06
0.2462	-1.30543e-06
0.2463	-1.30749e-06
0.2464	-1.31274e-06
0.2465	-1.31301e-06
0.2466	-1.31521e-06
0.2467	-1.31697e-06
0.2468	-1.31814e-06
0.2469	-1.32001e-06
0.247	-1.32126e-06
0.2471	-1.31997e-06
0.2472	-1.3201e-06
0.2473	-1.31821e-06
0.2474	-1.31558e-06
0.2475	-1.31329e-06
0.2476	-1.3095e-06
0.2477	-1.30536e-06
0.2478	-1.30166e-06
0.2479	-1.29707e-06
0.248	-1.2975e-06
0.2481	-1.29244e-06
0.2482	-1.28817e-06
0.2483	-1.28282e-06
0.2484	-1.2764e-06
0.2485	-1.27083e-06
0.2486	-1.26457e-06
0.2487	-1.25801e-06
0.2488	-1.25204e-06
0.2489	-1.24602e-06
0.249	-1.23975e-06
0.2491	-1.2315e-06
0.2492	-1.22345e-06
0.2493	-1.21504e-06
0.2494	-1.20641e-06
0.2495	-1.19861e-06
0.2496	-1.18924e-06
0.2497	-1.1803e-06
0.2498	-1.16981e-06
0.2499	-1.1588e-06
0.25	-1.15024e-06
0.2501	-1.14076e-06
0.2502	-1.13263e-06
0.2503	-1.12022e-06
0.2504	-1.11099e-06
0.2505	-1.10166e-06
0.2506	-1.09205e-06
0.2507	-1.08299e-06
0.2508	-1.07893e-06
0.2509	-1.06675e-06
0.251	-1.05594e-06
0.2511	-1.04249e-06
0.2512	-1.03094e-06
0.2513	-1.02009e-06
0.2514	-1.00924e-06
0.2515	-9.96292e-07
0.2516	-9.86068e-07
0.2517	-9.73787e-07
0.2518	-9.62611e-07
0.2519	-9.48728e-07
0.252	-9.3605e-07
0.2521	-9.24241e-07
0.2522	-9.12981e-07
0.2523	-9.01042e-07
0.2524	-8.90517e-07
0.2525	-8.78156e-07
0.2526	-8.66307e-07
0.2527	-8.54874e-07
0.2528	-8.42013e-07
0.2529	-8.28543e-07
0.253	-8.19629e-07
0.2531	-8.08629e-07
0.2532	-7.95783e-07
0.2533	-7.84119e-07
0.2534	-7.70807e-07
0.2535	-7.62758e-07
0.2536	-7.54721e-07
0.2537	-7.45564e-07
0.2538	-7.36125e-07
0.2539	-7.28238e-07
0.254	-7.17643e-07
0.2541	-7.10047e-07
0.2542	-6.99375e-07
0.2543	-6.88287e-07
0.2544	-6.77036e-07
0.2545	-6.68716e-07
0.2546	-6.58063e-07
0.2547	-6.51105e-07
0.2548	-6.47215e-07
0.2549	-6.36811e-07
0.255	-6.2442e-07
0.2551	-6.12219e-07
0.2552	-6.00323e-07
0.2553	-5.89271e-07
0.2554	-5.82722e-07
0.2555	-5.72007e-07
0.2556	-5.61245e-07
0.2557	-5.55115e-07
0.2558	-5.43549e-07
0.2559	-5.32473e-07
0.256	-5.20911e-07
0.2561	-5.10616e-07
0.2562	-4.99925e-07
0.2563	-4.86281e-07
0.2564	-4.88311e-07
0.2565	-4.80618e-07
0.2566	-4.71715e-07
0.2567	-4.77191e-07
0.2568	-4.68863e-07
0.2569	-4.61692e-07
0.257	-4.51122e-07
0.2571	-4.48747e-07
0.2572	-4.45766e-07
0.2573	-4.38001e-07
0.2574	-4.37849e-07
0.2575	-4.35543e-07
0.2576	-4.33768e-07
0.2577	-4.31093e-07
0.2578	-4.2964e-07
0.2579	-4.28676e-07
0.258	-4.20977e-07
0.2581	-4.23328e-07
0.2582	-4.17084e-07
0.2583	-4.11679e-07
0.2584	-4.07275e-07
0.2585	-4.07084e-07
0.2586	-4.11069e-07
0.2587	-4.12278e-07
0.2588	-4.09057e-07
0.2589	-4.0845e-07
0.259	-4.0484e-07
0.2591	-4.06403e-07
0.2592	-4.05285e-07
0.2593	-4.01337e-07
0.2594	-3.97909e-07
0.2595	-3.99882e-07
0.2596	-4.00362e-07
0.2597	-3.97968e-07
0.2598	-4.04677e-07
0.2599	-4.06598e-07
0.26	-4.10116e-07
0.2601	-4.14681e-07
0.2602	-4.12291e-07
0.2603	-4.11526e-07
0.2604	-4.10169e-07
0.2605	-4.12283e-07
0.2606	-4.14617e-07
0.2607	-4.19361e-07
0.2608	-4.23701e-07
0.2609	-4.25189e-07
0.261	-4.27231e-07
0.2611	-4.31019e-07
0.2612	-4.34651e-07
0.2613	-4.39868e-07
0.2614	-4.44049e-07
0.2615	-4.51371e-07
0.2616	-4.57407e-07
0.2617	-4.64574e-07
0.2618	-4.70231e-07
0.2619	-4.76661e-07
0.262	-4.79267e-07
0.2621	-4.8375e-07
0.2622	-4.86575e-07
0.2623	-4.94915e-07
0.2624	-5.01626e-07
0.2625	-5.04905e-07
0.2626	-5.14025e-07
0.2627	-5.19081e-07
0.2628	-5.24904e-07
0.2629	-5.31415e-07
0.263	-5.43472e-07
0.2631	-5.51681e-07
0.2632	-5.60959e-07
0.2633	-5.69298e-07
0.2634	-5.82515e-07
0.2635	-5.91863e-07
0.2636	-6.03603e-07
0.2637	-6.06563e-07
0.2638	-6.14179e-07
0.2639	-6.1833e-07
0.264	-6.28241e-07
0.2641	-6.3545e-07
0.2642	-6.4312e-07
0.2643	-6.51418e-07
0.2644	-6.56384e-07
0.2645	-6.66248e-07
0.2646	-6.73404e-07
0.2647	-6.79834e-07
0.2648	-6.91011e-07
0.2649	-7.05437e-07
0.265	-7.09739e-07
0.2651	-7.12887e-07
0.2652	-7.26206e-07
0.2653	-7.35227e-07
0.2654	-7.39183e-07
0.2655	-7.52878e-07
0.2656	-7.59784e-07
0.2657	-7.66128e-07
0.2658	-7.70433e-07
0.2659	-7.77423e-07
0.266	-7.85984e-07
0.2661	-7.94908e-07
0.2662	-8.06496e-07
0.2663	-8.18779e-07
0.2664	-8.32191e-07
0.2665	-8.41738e-07
0.2666	-8.46998e-07
0.2667	-8.56037e-07
0.2668	-8.64403e-07
0.2669	-8.72361e-07
0.267	-8.84568e-07
0.2671	-8.95959e-07
0.2672	-9.07111e-07
0.2673	-9.17755e-07
0.2674	-9.2561e-07
0.2675	-9.33266e-07
0.2676	-9.41561e-07
0.2677	-9.52439e-07
0.2678	-9.5911e-07
0.2679	-9.64527e-07
0.268	-9.70631e-07
0.2681	-9.76214e-07
0.2682	-9.81913e-07
0.2683	-9.90974e-07
0.2684	-1.00034e-06
0.2685	-1.00582e-06
0.2686	-1.01306e-06
0.2687	-1.01876e-06
0.2688	-1.02285e-06
0.2689	-1.02666e-06
0.269	-1.03007e-06
0.2691	-1.0339e-06
0.2692	-1.03758e-06
0.2693	-1.04208e-06
0.2694	-1.04522e-06
0.2695	-1.04639e-06
0.2696	-1.0479e-06
0.2697	-1.0524e-06
0.2698	-1.05669e-06
0.2699	-1.06019e-06
0.27	-1.06005e-06
0.2701	-1.05919e-06
0.2702	-1.05891e-06
0.2703	-1.05951e-06
0.2704	-1.05973e-06
0.2705	-1.05954e-06
0.2706	-1.05827e-06
0.2707	-1.05682e-06
0.2708	-1.05683e-06
0.2709	-1.05485e-06
0.271	-1.05317e-06
0.2711	-1.05155e-06
0.2712	-1.0496e-06
0.2713	-1.04744e-06
0.2714	-1.04571e-06
0.2715	-1.04259e-06
0.2716	-1.04155e-06
0.2717	-1.03876e-06
0.2718	-1.03672e-06
0.2719	-1.03397e-06
0.272	-1.03077e-06
0.2721	-1.02799e-06
0.2722	-1.02472e-06
0.2723	-1.02104e-06
0.2724	-1.01829e-06
0.2725	-1.01384e-06
0.2726	-1.00961e-06
0.2727	-1.00468e-06
0.2728	-9.99913e-07
0.2729	-9.94435e-07
0.273	-9.87676e-07
0.2731	-9.82739e-07
0.2732	-9.77965e-07
0.2733	-9.7329e-07
0.2734	-9.69111e-07
0.2735	-9.62675e-07
0.2736	-9.56535e-07
0.2737	-9.50947e-07
0.2738	-9.44784e-07
0.2739	-9.39087e-07
0.274	-9.32221e-07
0.2741	-9.26213e-07
0.2742	-9.20883e-07
0.2743	-9.14982e-07
0.2744	-9.09002e-07
0.2745	-9.02969e-07
0.2746	-8.97898e-07
0.2747	-8.89786e-07
0.2748	-8.83414e-07
0.2749	-8.75786e-07
0.275	-8.72035e-07
0.2751	-8.6572e-07
0.2752	-8.60204e-07
0.2753	-8.52401e-07
0.2754	-8.46141e-07
0.2755	-8.40207e-07
0.2756	-8.33924e-07
0.2757	-8.28071e-07
0.2758	-8.22576e-07
0.2759	-8.16329e-07
0.276	-8.09547e-07
0.2761	-8.03089e-07
0.2762	-7.95795e-07
0.2763	-7.89716e-07
0.2764	-7.83616e-07
0.2765	-7.77202e-07
0.2766	-7.67999e-07
0.2767	-7.61478e-07
0.2768	-7.5278e-07
0.2769	-7.48079e-07
0.277	-7.40786e-07
0.2771	-7.34653e-07
0.2772	-7.2647e-07
0.2773	-7.19599e-07
0.2774	-7.1304e-07
0.2775	-7.06122e-07
0.2776	-6.99141e-07
0.2777	-6.93202e-07
0.2778	-6.86904e-07
0.2779	-6.79879e-07
0.278	-6.7319e-07
0.2781	-6.65965e-07
0.2782	-6.59934e-07
0.2783	-6.52515e-07
0.2784	-6.45418e-07
0.2785	-6.38663e-07
0.2786	-6.31527e-07
0.2787	-6.26159e-07
0.2788	-6.19285e-07
0.2789	-6.125e-07
0.279	-6.05531e-07
0.2791	-5.993e-07
0.2792	-5.92766e-07
0.2793	-5.84885e-07
0.2794	-5.77273e-07
0.2795	-5.71968e-07
0.2796	-5.65343e-07
0.2797	-5.58413e-07
0.2798	-5.52447e-07
0.2799	-5.45835e-07
0.28	-5.39975e-07
0.2801	-5.33152e-07
0.2802	-5.26469e-07
0.2803	-5.18876e-07
0.2804	-5.13847e-07
0.2805	-5.08128e-07
0.2806	-5.02423e-07
0.2807	-4.9685e-07
0.2808	-4.90794e-07
0.2809	-4.84786e-07
0.281	-4.77616e-07
0.2811	-4.72664e-07
0.2812	-4.65967e-07
0.2813	-4.59026e-07
0.2814	-4.5302e-07
0.2815	-4.48487e-07
0.2816	-4.41678e-07
0.2817	-4.35157e-07
0.2818	-4.29779e-07
0.2819	-4.24462e-07
0.282	-4.19412e-07
0.2821	-4.12903e-07
0.2822	-4.09298e-07
0.2823	-4.04548e-07
0.2824	-3.97695e-07
0.2825	-3.9098e-07
0.2826	-3.84338e-07
0.2827	-3.77382e-07
0.2828	-3.7229e-07
0.2829	-3.67913e-07
0.283	-3.64321e-07
0.2831	-3.58512e-07
0.2832	-3.54978e-07
0.2833	-3.49078e-07
0.2834	-3.42454e-07
0.2835	-3.3598e-07
0.2836	-3.30895e-07
0.2837	-3.24198e-07
0.2838	-3.17688e-07
0.2839	-3.15899e-07
0.284	-3.13416e-07
0.2841	-3.11048e-07
0.2842	-3.0373e-07
0.2843	-2.97213e-07
0.2844	-2.91636e-07
0.2845	-2.88514e-07
0.2846	-2.86036e-07
0.2847	-2.82951e-07
0.2848	-2.76248e-07
0.2849	-2.69136e-07
0.285	-2.63095e-07
0.2851	-2.5756e-07
0.2852	-2.52161e-07
0.2853	-2.46076e-07
0.2854	-2.40076e-07
0.2855	-2.32719e-07
0.2856	-2.24522e-07
0.2857	-2.17389e-07
0.2858	-2.10121e-07
0.2859	-2.02504e-07
0.286	-1.96783e-07
0.2861	-1.91966e-07
0.2862	-1.86377e-07
0.2863	-1.78634e-07
0.2864	-1.70679e-07
0.2865	-1.62728e-07
0.2866	-1.54139e-07
0.2867	-1.47034e-07
0.2868	-1.43259e-07
0.2869	-1.38386e-07
0.287	-1.30927e-07
0.2871	-1.22941e-07
0.2872	-1.15856e-07
0.2873	-1.08213e-07
0.2874	-1.0446e-07
0.2875	-9.9158e-08
0.2876	-9.22952e-08
0.2877	-8.94383e-08
0.2878	-9.11846e-08
0.2879	-8.76749e-08
0.288	-8.74444e-08
0.2881	-8.38713e-08
0.2882	-7.67149e-08
0.2883	-6.95138e-08
0.2884	-6.22405e-08
0.2885	-5.54514e-08
0.2886	-4.87611e-08
0.2887	-4.22624e-08
0.2888	-4.43478e-08
0.2889	-3.87916e-08
0.289	-3.25151e-08
0.2891	-3.57688e-08
0.2892	-3.43841e-08
0.2893	-2.83509e-08
0.2894	-2.24142e-08
0.2895	-1.66876e-08
0.2896	-1.57615e-08
0.2897	-1.81615e-08
0.2898	-1.71063e-08
0.2899	-1.60888e-08
0.29	-1.1471e-08
0.2901	-1.02466e-08
0.2902	-4.49859e-09
0.2903	5.67561e-10
0.2904	5.5137e-09
0.2905	1.04116e-08
0.2906	1.53428e-08
0.2907	2.04309e-08
0.2908	2.5318e-08
0.2909	2.42121e-08
0.291	2.85633e-08
0.2911	3.05506e-08
0.2912	3.42673e-08
0.2913	3.12329e-08
0.2914	3.41703e-08
0.2915	3.75763e-08
0.2916	4.03337e-08
0.2917	4.3259e-08
0.2918	4.64387e-08
0.2919	4.98377e-08
0.292	5.22967e-08
0.2921	5.3976e-08
0.2922	5.61436e-08
0.2923	5.81136e-08
0.2924	6.02003e-08
0.2925	6.17815e-08
0.2926	6.38729e-08
0.2927	6.49388e-08
0.2928	6.54198e-08
0.2929	6.68151e-08
0.293	6.83369e-08
0.2931	6.62787e-08
0.2932	6.61246e-08
0.2933	6.58034e-08
0.2934	6.62822e-08
0.2935	6.21246e-08
0.2936	6.07469e-08
0.2937	5.96988e-08
0.2938	5.95657e-08
0.2939	5.7508e-08
0.294	5.53503e-08
0.2941	5.25297e-08
0.2942	5.00957e-08
0.2943	4.7309e-08
0.2944	4.4145e-08
0.2945	4.0568e-08
0.2946	3.44777e-08
0.2947	3.01696e-08
0.2948	2.56418e-08
0.2949	2.05828e-08
0.295	1.32721e-08
0.2951	5.03293e-09
0.2952	-1.43593e-09
0.2953	-6.31995e-09
0.2954	-1.30859e-08
0.2955	-1.99743e-08
0.2956	-2.63421e-08
0.2957	-3.58627e-08
0.2958	-4.19524e-08
0.2959	-4.99767e-08
0.296	-5.5784e-08
0.2961	-6.53471e-08
0.2962	-7.46071e-08
0.2963	-8.36989e-08
0.2964	-9.51551e-08
0.2965	-1.05096e-07
0.2966	-1.13097e-07
0.2967	-1.23352e-07
0.2968	-1.34033e-07
0.2969	-1.43986e-07
0.297	-1.57382e-07
0.2971	-1.65381e-07
0.2972	-1.76848e-07
0.2973	-1.89901e-07
0.2974	-2.02459e-07
0.2975	-2.13577e-07
0.2976	-2.2752e-07
0.2977	-2.40875e-07
0.2978	-2.55485e-07
0.2979	-2.6753e-07
0.298	-2.82902e-07
0.2981	-2.97374e-07
0.2982	-3.12591e-07
0.2983	-3.26975e-07
0.2984	-3.39449e-07
0.2985	-3.52087e-07
0.2986	-3.69017e-07
0.2987	-3.85008e-07
0.2988	-4.01898e-07
0.2989	-4.19758e-07
0.299	-4.35088e-07
0.2991	-4.50857e-07
0.2992	-4.66331e-07
0.2993	-4.82066e-07
0.2994	-4.98934e-07
0.2995	-5.16778e-07
0.2996	-5.31133e-07
0.2997	-5.43071e-07
0.2998	-5.60652e-07
0.2999	-5.7689e-07
0.3	-5.9358e-07
0.3001	-6.10755e-07
0.3002	-6.21629e-07
0.3003	-6.38214e-07
0.3004	-6.53742e-07
0.3005	-6.71295e-07
0.3006	-6.87839e-07
0.3007	-7.06406e-07
0.3008	-7.24228e-07
0.3009	-7.34074e-07
0.301	-7.49605e-07
0.3011	-7.6268e-07
0.3012	-7.75345e-07
0.3013	-7.91648e-07
0.3014	-8.09113e-07
0.3015	-8.22172e-07
0.3016	-8.39905e-07
0.3017	-8.52699e-07
0.3018	-8.65063e-07
0.3019	-8.8001e-07
0.302	-8.95779e-07
0.3021	-9.10805e-07
0.3022	-9.26066e-07
0.3023	-9.41871e-07
0.3024	-9.57967e-07
0.3025	-9.72298e-07
0.3026	-9.82154e-07
0.3027	-9.94217e-07
0.3028	-1.00903e-06
0.3029	-1.02237e-06
0.303	-1.03572e-06
0.3031	-1.04879e-06
0.3032	-1.06005e-06
0.3033	-1.07202e-06
0.3034	-1.08457e-06
0.3035	-1.0977e-06
0.3036	-1.11054e-06
0.3037	-1.12477e-06
0.3038	-1.13523e-06
0.3039	-1.14555e-06
0.304	-1.15637e-06
0.3041	-1.1675e-06
0.3042	-1.17885e-06
0.3043	-1.18984e-06
0.3044	-1.20119e-06
0.3045	-1.2127e-06
0.3046	-1.22442e-06
0.3047	-1.23443e-06
0.3048	-1.24508e-06
0.3049	-1.25555e-06
0.305	-1.26551e-06
0.3051	-1.27329e-06
0.3052	-1.28058e-06
0.3053	-1.28939e-06
0.3054	-1.29229e-06
0.3055	-1.29998e-06
0.3056	-1.30748e-06
0.3057	-1.31332e-06
0.3058	-1.31721e-06
0.3059	-1.32337e-06
0.306	-1.32843e-06
0.3061	-1.33328e-06
0.3062	-1.33882e-06
0.3063	-1.34224e-06
0.3064	-1.348e-06
0.3065	-1.35214e-06
0.3066	-1.35567e-06
0.3067	-1.35892e-06
0.3068	-1.36244e-06
0.3069	-1.36448e-06
0.307	-1.36497e-06
0.3071	-1.36633e-06
0.3072	-1.36859e-06
0.3073	-1.36914e-06
0.3074	-1.36816e-06
0.3075	-1.36863e-06
0.3076	-1.36766e-06
0.3077	-1.3731e-06
0.3078	-1.37308e-06
0.3079	-1.37304e-06
0.308	-1.3657e-06
0.3081	-1.36478e-06
0.3082	-1.35927e-06
0.3083	-1.35742e-06
0.3084	-1.35427e-06
0.3085	-1.35165e-06
0.3086	-1.34809e-06
0.3087	-1.34353e-06
0.3088	-1.33891e-06
0.3089	-1.33357e-06
0.309	-1.32897e-06
0.3091	-1.32382e-06
0.3092	-1.31912e-06
0.3093	-1.31316e-06
0.3094	-1.30816e-06
0.3095	-1.30114e-06
0.3096	-1.29707e-06
0.3097	-1.29059e-06
0.3098	-1.28481e-06
0.3099	-1.27821e-06
0.31	-1.27037e-06
0.3101	-1.26236e-06
0.3102	-1.25436e-06
0.3103	-1.24604e-06
0.3104	-1.23795e-06
0.3105	-1.22978e-06
0.3106	-1.21986e-06
0.3107	-1.2097e-06
0.3108	-1.19939e-06
0.3109	-1.18961e-06
0.311	-1.18051e-06
0.3111	-1.17046e-06
0.3112	-1.16118e-06
0.3113	-1.15078e-06
0.3114	-1.14107e-06
0.3115	-1.1313e-06
0.3116	-1.12043e-06
0.3117	-1.11038e-06
0.3118	-1.09952e-06
0.3119	-1.08891e-06
0.312	-1.07806e-06
0.3121	-1.0675e-06
0.3122	-1.05666e-06
0.3123	-1.04438e-06
0.3124	-1.03273e-06
0.3125	-1.02281e-06
0.3126	-1.01222e-06
0.3127	-1.00065e-06
0.3128	-9.87812e-07
0.3129	-9.71811e-07
0.313	-9.60693e-07
0.3131	-9.50974e-07
0.3132	-9.39922e-07
0.3133	-9.28209e-07
0.3134	-9.14274e-07
0.3135	-9.05155e-07
0.3136	-8.97123e-07
0.3137	-8.83948e-07
0.3138	-8.73126e-07
0.3139	-8.62722e-07
0.314	-8.54901e-07
0.3141	-8.44601e-07
0.3142	-8.35887e-07
0.3143	-8.26934e-07
0.3144	-8.12611e-07
0.3145	-7.9982e-07
0.3146	-7.91503e-07
0.3147	-7.82941e-07
0.3148	-7.70263e-07
0.3149	-7.57611e-07
0.315	-7.47381e-07
0.3151	-7.35372e-07
0.3152	-7.30327e-07
0.3153	-7.19798e-07
0.3154	-7.10479e-07
0.3155	-6.98687e-07
0.3156	-6.86896e-07
0.3157	-6.77962e-07
0.3158	-6.63996e-07
0.3159	-6.5173e-07
0.316	-6.39992e-07
0.3161	-6.36054e-07
0.3162	-6.30176e-07
0.3163	-6.18003e-07
0.3164	-6.14099e-07
0.3165	-6.08971e-07
0.3166	-5.97685e-07
0.3167	-5.9594e-07
0.3168	-5.97463e-07
0.3169	-5.8674e-07
0.317	-5.83384e-07
0.3171	-5.78902e-07
0.3172	-5.71733e-07
0.3173	-5.65197e-07
0.3174	-5.54781e-07
0.3175	-5.51639e-07
0.3176	-5.50149e-07
0.3177	-5.47991e-07
0.3178	-5.38263e-07
0.3179	-5.3636e-07
0.318	-5.291e-07
0.3181	-5.20975e-07
0.3182	-5.1585e-07
0.3183	-5.1427e-07
0.3184	-5.1034e-07
0.3185	-5.09021e-07
0.3186	-5.09393e-07
0.3187	-5.10699e-07
0.3188	-5.14647e-07
0.3189	-5.14343e-07
0.319	-5.11663e-07
0.3191	-5.04832e-07
0.3192	-4.99057e-07
0.3193	-4.95472e-07
0.3194	-4.9837e-07
0.3195	-4.94527e-07
0.3196	-4.96698e-07
0.3197	-4.9837e-07
0.3198	-4.9598e-07
0.3199	-4.98963e-07
0.32	-4.97017e-07
0.3201	-5.05618e-07
0.3202	-5.09122e-07
0.3203	-5.05685e-07
0.3204	-5.08362e-07
0.3205	-5.14987e-07
0.3206	-5.14005e-07
0.3207	-5.15315e-07
0.3208	-5.14272e-07
0.3209	-5.18902e-07
0.321	-5.20961e-07
0.3211	-5.24439e-07
0.3212	-5.28325e-07
0.3213	-5.32863e-07
0.3214	-5.39125e-07
0.3215	-5.44648e-07
0.3216	-5.48032e-07
0.3217	-5.52458e-07
0.3218	-5.55711e-07
0.3219	-5.58048e-07
0.322	-5.61817e-07
0.3221	-5.67849e-07
0.3222	-5.78919e-07
0.3223	-5.8594e-07
0.3224	-5.91957e-07
0.3225	-5.98342e-07
0.3226	-6.02197e-07
0.3227	-6.0734e-07
0.3228	-6.14355e-07
0.3229	-6.22599e-07
0.323	-6.2596e-07
0.3231	-6.28001e-07
0.3232	-6.32092e-07
0.3233	-6.38963e-07
0.3234	-6.45718e-07
0.3235	-6.55022e-07
0.3236	-6.6367e-07
0.3237	-6.72511e-07
0.3238	-6.82504e-07
0.3239	-6.90724e-07
0.324	-6.97794e-07
0.3241	-7.10676e-07
0.3242	-7.20683e-07
0.3243	-7.3027e-07
0.3244	-7.3963e-07
0.3245	-7.45982e-07
0.3246	-7.58391e-07
0.3247	-7.67627e-07
0.3248	-7.69568e-07
0.3249	-7.76962e-07
0.325	-7.84267e-07
0.3251	-7.90935e-07
0.3252	-7.95958e-07
0.3253	-8.06324e-07
0.3254	-8.15031e-07
0.3255	-8.2817e-07
0.3256	-8.30703e-07
0.3257	-8.38576e-07
0.3258	-8.46617e-07
0.3259	-8.51751e-07
0.326	-8.55461e-07
0.3261	-8.63811e-07
0.3262	-8.7691e-07
0.3263	-8.85046e-07
0.3264	-8.9004e-07
0.3265	-8.94269e-07
0.3266	-9.03049e-07
0.3267	-9.16483e-07
0.3268	-9.2404e-07
0.3269	-9.32281e-07
0.327	-9.40607e-07
0.3271	-9.46716e-07
0.3272	-9.54875e-07
0.3273	-9.62608e-07
0.3274	-9.67678e-07
0.3275	-9.81608e-07
0.3276	-9.89383e-07
0.3277	-9.97859e-07
0.3278	-1.00389e-06
0.3279	-1.01504e-06
0.328	-1.02541e-06
0.3281	-1.02854e-06
0.3282	-1.03444e-06
0.3283	-1.0407e-06
0.3284	-1.04709e-06
0.3285	-1.0522e-06
0.3286	-1.05954e-06
0.3287	-1.06479e-06
0.3288	-1.06997e-06
0.3289	-1.07517e-06
0.329	-1.08099e-06
0.3291	-1.08652e-06
0.3292	-1.08951e-06
0.3293	-1.09392e-06
0.3294	-1.09677e-06
0.3295	-1.10145e-06
0.3296	-1.10545e-06
0.3297	-1.10855e-06
0.3298	-1.11353e-06
0.3299	-1.11698e-06
0.33	-1.11862e-06
0.3301	-1.12081e-06
0.3302	-1.1238e-06
0.3303	-1.12597e-06
0.3304	-1.12577e-06
0.3305	-1.12758e-06
0.3306	-1.12844e-06
0.3307	-1.12658e-06
0.3308	-1.12895e-06
0.3309	-1.1291e-06
0.331	-1.1294e-06
0.3311	-1.1287e-06
0.3312	-1.1276e-06
0.3313	-1.12505e-06
0.3314	-1.12275e-06
0.3315	-1.12145e-06
0.3316	-1.12058e-06
0.3317	-1.11836e-06
0.3318	-1.11596e-06
0.3319	-1.11295e-06
0.332	-1.11098e-06
0.3321	-1.10516e-06
0.3322	-1.10207e-06
0.3323	-1.09975e-06
0.3324	-1.09578e-06
0.3325	-1.09386e-06
0.3326	-1.09082e-06
0.3327	-1.08455e-06
0.3328	-1.08039e-06
0.3329	-1.07579e-06
0.333	-1.07145e-06
0.3331	-1.06609e-06
0.3332	-1.06109e-06
0.3333	-1.05562e-06
0.3334	-1.05016e-06
0.3335	-1.04521e-06
0.3336	-1.03962e-06
0.3337	-1.0339e-06
0.3338	-1.02859e-06
0.3339	-1.02241e-06
0.334	-1.01663e-06
0.3341	-1.01101e-06
0.3342	-1.0045e-06
0.3343	-9.97454e-07
0.3344	-9.92957e-07
0.3345	-9.8691e-07
0.3346	-9.81338e-07
0.3347	-9.75881e-07
0.3348	-9.70056e-07
0.3349	-9.61209e-07
0.335	-9.54882e-07
0.3351	-9.4921e-07
0.3352	-9.42851e-07
0.3353	-9.37608e-07
0.3354	-9.3152e-07
0.3355	-9.24545e-07
0.3356	-9.1802e-07
0.3357	-9.11804e-07
0.3358	-9.07189e-07
0.3359	-9.01129e-07
0.336	-8.94972e-07
0.3361	-8.88289e-07
0.3362	-8.83333e-07
0.3363	-8.76772e-07
0.3364	-8.70718e-07
0.3365	-8.64683e-07
0.3366	-8.58972e-07
0.3367	-8.50109e-07
0.3368	-8.43086e-07
0.3369	-8.36549e-07
0.337	-8.30032e-07
0.3371	-8.25084e-07
0.3372	-8.1921e-07
0.3373	-8.13585e-07
0.3374	-8.0719e-07
0.3375	-8.00115e-07
0.3376	-7.94989e-07
0.3377	-7.90274e-07
0.3378	-7.82984e-07
0.3379	-7.76308e-07
0.338	-7.69992e-07
0.3381	-7.63788e-07
0.3382	-7.57656e-07
0.3383	-7.51959e-07
0.3384	-7.46656e-07
0.3385	-7.38824e-07
0.3386	-7.32438e-07
0.3387	-7.26818e-07
0.3388	-7.19198e-07
0.3389	-7.14566e-07
0.339	-7.07693e-07
0.3391	-7.00381e-07
0.3392	-6.93664e-07
0.3393	-6.87383e-07
0.3394	-6.80564e-07
0.3395	-6.73808e-07
0.3396	-6.66951e-07
0.3397	-6.60118e-07
0.3398	-6.555e-07
0.3399	-6.4867e-07
0.34	-6.42773e-07
0.3401	-6.36497e-07
0.3402	-6.29806e-07
0.3403	-6.24003e-07
0.3404	-6.16249e-07
0.3405	-6.11413e-07
0.3406	-6.0399e-07
0.3407	-5.97982e-07
0.3408	-5.92115e-07
0.3409	-5.85178e-07
0.341	-5.78384e-07
0.3411	-5.71463e-07
0.3412	-5.65258e-07
0.3413	-5.59173e-07
0.3414	-5.52181e-07
0.3415	-5.44799e-07
0.3416	-5.38637e-07
0.3417	-5.34158e-07
0.3418	-5.27606e-07
0.3419	-5.21176e-07
0.342	-5.14617e-07
0.3421	-5.07468e-07
0.3422	-5.01802e-07
0.3423	-4.95264e-07
0.3424	-4.88649e-07
0.3425	-4.82344e-07
0.3426	-4.75989e-07
0.3427	-4.6976e-07
0.3428	-4.62325e-07
0.3429	-4.55677e-07
0.343	-4.49014e-07
0.3431	-4.43301e-07
0.3432	-4.36444e-07
0.3433	-4.29811e-07
0.3434	-4.23422e-07
0.3435	-4.1631e-07
0.3436	-4.0964e-07
0.3437	-4.02601e-07
0.3438	-3.95769e-07
0.3439	-3.88254e-07
0.344	-3.81355e-07
0.3441	-3.74989e-07
0.3442	-3.69088e-07
0.3443	-3.65035e-07
0.3444	-3.5829e-07
0.3445	-3.5158e-07
0.3446	-3.45357e-07
0.3447	-3.38871e-07
0.3448	-3.31894e-07
0.3449	-3.23385e-07
0.345	-3.18232e-07
0.3451	-3.1249e-07
0.3452	-3.08928e-07
0.3453	-3.00939e-07
0.3454	-2.94816e-07
0.3455	-2.88682e-07
0.3456	-2.82583e-07
0.3457	-2.76414e-07
0.3458	-2.70336e-07
0.3459	-2.67762e-07
0.346	-2.60064e-07
0.3461	-2.52369e-07
0.3462	-2.4477e-07
0.3463	-2.43013e-07
0.3464	-2.40648e-07
0.3465	-2.32328e-07
0.3466	-2.25848e-07
0.3467	-2.20337e-07
0.3468	-2.13017e-07
0.3469	-2.053e-07
0.347	-2.00632e-07
0.3471	-1.95143e-07
0.3472	-1.88413e-07
0.3473	-1.83278e-07
0.3474	-1.75441e-07
0.3475	-1.70377e-07
0.3476	-1.65209e-07
0.3477	-1.5706e-07
0.3478	-1.5223e-07
0.3479	-1.51812e-07
0.348	-1.43703e-07
0.3481	-1.3868e-07
0.3482	-1.39033e-07
0.3483	-1.38366e-07
0.3484	-1.3248e-07
0.3485	-1.23297e-07
0.3486	-1.19523e-07
0.3487	-1.15213e-07
0.3488	-1.06936e-07
0.3489	-9.92918e-08
0.349	-9.14199e-08
0.3491	-8.86725e-08
0.3492	-8.52051e-08
0.3493	-8.1919e-08
0.3494	-7.42426e-08
0.3495	-6.61141e-08
0.3496	-6.26597e-08
0.3497	-6.4222e-08
0.3498	-5.68826e-08
0.3499	-4.97416e-08
0.35	-5.23973e-08
0.3501	-4.4591e-08
0.3502	-4.71494e-08
0.3503	-3.96474e-08
0.3504	-3.14131e-08
0.3505	-2.42782e-08
0.3506	-2.31117e-08
0.3507	-2.13242e-08
0.3508	-2.00956e-08
0.3509	-1.39449e-08
0.351	-1.17195e-08
0.3511	-1.1683e-08
0.3512	-7.94037e-09
0.3513	-9.99769e-09
0.3514	-9.82924e-09
0.3515	-1.34796e-08
0.3516	-7.79353e-09
0.3517	-2.24952e-09
0.3518	-3.69096e-09
0.3519	-4.41238e-09
0.352	-7.0259e-09
0.3521	-7.09365e-09
0.3522	-1.94526e-09
0.3523	2.94547e-09
0.3524	9.80298e-10
0.3525	-5.25876e-10
0.3526	-1.85665e-09
0.3527	2.03455e-09
0.3528	4.27755e-11
0.3529	-3.75846e-09
0.353	6.22932e-10
0.3531	3.70079e-09
0.3532	7.10475e-09
0.3533	1.09136e-08
0.3534	6.90129e-09
0.3535	8.43556e-09
0.3536	4.68393e-09
0.3537	7.06178e-09
0.3538	9.13837e-09
0.3539	1.05147e-08
0.354	1.20403e-08
0.3541	7.40898e-09
0.3542	9.69074e-09
0.3543	1.06737e-08
0.3544	1.14172e-08
0.3545	1.23695e-08
0.3546	1.37349e-08
0.3547	1.20436e-08
0.3548	7.59598e-09
0.3549	3.19553e-09
0.355	-2.25723e-09
0.3551	-9.43989e-09
0.3552	-1.43195e-08
0.3553	-1.99592e-08
0.3554	-2.8739e-08
0.3555	-3.73526e-08
0.3556	-4.0088e-08
0.3557	-4.42703e-08
0.3558	-5.26753e-08
0.3559	-5.94668e-08
0.356	-6.90327e-08
0.3561	-7.39123e-08
0.3562	-7.93151e-08
0.3563	-8.55578e-08
0.3564	-9.66153e-08
0.3565	-1.04445e-07
0.3566	-1.13965e-07
0.3567	-1.2065e-07
0.3568	-1.27447e-07
0.3569	-1.37847e-07
0.357	-1.46191e-07
0.3571	-1.55729e-07
0.3572	-1.65582e-07
0.3573	-1.77762e-07
0.3574	-1.88946e-07
0.3575	-2.0002e-07
0.3576	-2.11632e-07
0.3577	-2.23622e-07
0.3578	-2.36418e-07
0.3579	-2.50182e-07
0.358	-2.62525e-07
0.3581	-2.74428e-07
0.3582	-2.81377e-07
0.3583	-2.96804e-07
0.3584	-3.12854e-07
0.3585	-3.26856e-07
0.3586	-3.41287e-07
0.3587	-3.55637e-07
0.3588	-3.67754e-07
0.3589	-3.82194e-07
0.359	-3.99799e-07
0.3591	-4.1613e-07
0.3592	-4.3164e-07
0.3593	-4.48668e-07
0.3594	-4.65035e-07
0.3595	-4.83143e-07
0.3596	-4.97717e-07
0.3597	-5.12331e-07
0.3598	-5.31717e-07
0.3599	-5.38569e-07
0.36	-5.57434e-07
0.3601	-5.68601e-07
0.3602	-5.8443e-07
0.3603	-6.04629e-07
0.3604	-6.2212e-07
0.3605	-6.42363e-07
0.3606	-6.58634e-07
0.3607	-6.74429e-07
0.3608	-6.87725e-07
0.3609	-7.08976e-07
0.361	-7.30213e-07
0.3611	-7.45702e-07
0.3612	-7.6189e-07
0.3613	-7.76051e-07
0.3614	-7.86511e-07
0.3615	-8.07381e-07
0.3616	-8.29695e-07
0.3617	-8.46462e-07
0.3618	-8.69425e-07
0.3619	-8.89285e-07
0.362	-9.05979e-07
0.3621	-9.219e-07
0.3622	-9.3793e-07
0.3623	-9.59407e-07
0.3624	-9.73929e-07
0.3625	-9.93551e-07
0.3626	-1.01398e-06
0.3627	-1.03305e-06
0.3628	-1.05352e-06
0.3629	-1.07367e-06
0.363	-1.08646e-06
0.3631	-1.10579e-06
0.3632	-1.11881e-06
0.3633	-1.13748e-06
0.3634	-1.15529e-06
0.3635	-1.16866e-06
0.3636	-1.18439e-06
0.3637	-1.19473e-06
0.3638	-1.21076e-06
0.3639	-1.22092e-06
0.364	-1.23642e-06
0.3641	-1.25175e-06
0.3642	-1.26501e-06
0.3643	-1.27597e-06
0.3644	-1.28652e-06
0.3645	-1.29969e-06
0.3646	-1.31227e-06
0.3647	-1.32463e-06
0.3648	-1.33485e-06
0.3649	-1.34637e-06
0.365	-1.35666e-06
0.3651	-1.3667e-06
0.3652	-1.37573e-06
0.3653	-1.38394e-06
0.3654	-1.39321e-06
0.3655	-1.39689e-06
0.3656	-1.40477e-06
0.3657	-1.41199e-06
0.3658	-1.419e-06
0.3659	-1.4251e-06
0.366	-1.43066e-06
0.3661	-1.43837e-06
0.3662	-1.44494e-06
0.3663	-1.45216e-06
0.3664	-1.45647e-06
0.3665	-1.46099e-06
0.3666	-1.46526e-06
0.3667	-1.46962e-06
0.3668	-1.47382e-06
0.3669	-1.47821e-06
0.367	-1.48166e-06
0.3671	-1.48474e-06
0.3672	-1.48828e-06
0.3673	-1.48846e-06
0.3674	-1.49072e-06
0.3675	-1.49339e-06
0.3676	-1.49629e-06
0.3677	-1.49737e-06
0.3678	-1.49937e-06
0.3679	-1.50214e-06
0.368	-1.5033e-06
0.3681	-1.50285e-06
0.3682	-1.50436e-06
0.3683	-1.50348e-06
0.3684	-1.50154e-06
0.3685	-1.49933e-06
0.3686	-1.49769e-06
0.3687	-1.49659e-06
0.3688	-1.49352e-06
0.3689	-1.49147e-06
0.369	-1.48853e-06
0.3691	-1.48396e-06
0.3692	-1.47902e-06
0.3693	-1.47459e-06
0.3694	-1.47139e-06
0.3695	-1.47122e-06
0.3696	-1.47044e-06
0.3697	-1.4666e-06
0.3698	-1.46352e-06
0.3699	-1.45808e-06
0.37	-1.45278e-06
0.3701	-1.4467e-06
0.3702	-1.44116e-06
0.3703	-1.436e-06
0.3704	-1.42985e-06
0.3705	-1.42354e-06
0.3706	-1.41841e-06
0.3707	-1.41211e-06
0.3708	-1.40543e-06
0.3709	-1.39833e-06
0.371	-1.39038e-06
0.3711	-1.38116e-06
0.3712	-1.37479e-06
0.3713	-1.36742e-06
0.3714	-1.35988e-06
0.3715	-1.35316e-06
0.3716	-1.34724e-06
0.3717	-1.34231e-06
0.3718	-1.33271e-06
0.3719	-1.32338e-06
0.372	-1.31604e-06
0.3721	-1.30806e-06
0.3722	-1.29859e-06
0.3723	-1.28973e-06
0.3724	-1.27965e-06
0.3725	-1.26968e-06
0.3726	-1.26024e-06
0.3727	-1.25175e-06
0.3728	-1.24165e-06
0.3729	-1.23237e-06
0.373	-1.22275e-06
0.3731	-1.21313e-06
0.3732	-1.20252e-06
0.3733	-1.19567e-06
0.3734	-1.18278e-06
0.3735	-1.17294e-06
0.3736	-1.16096e-06
0.3737	-1.15045e-06
0.3738	-1.1407e-06
0.3739	-1.13059e-06
0.374	-1.12044e-06
0.3741	-1.10908e-06
0.3742	-1.09796e-06
0.3743	-1.08685e-06
0.3744	-1.07691e-06
0.3745	-1.06598e-06
0.3746	-1.05797e-06
0.3747	-1.04868e-06
0.3748	-1.03666e-06
0.3749	-1.02514e-06
0.375	-1.01551e-06
0.3751	-1.0038e-06
0.3752	-9.98394e-07
0.3753	-9.87218e-07
0.3754	-9.75533e-07
0.3755	-9.64057e-07
0.3756	-9.53533e-07
0.3757	-9.45715e-07
0.3758	-9.33312e-07
0.3759	-9.21108e-07
0.376	-9.10648e-07
0.3761	-9.02798e-07
0.3762	-8.95745e-07
0.3763	-8.87213e-07
0.3764	-8.79709e-07
0.3765	-8.68393e-07
0.3766	-8.5928e-07
0.3767	-8.51972e-07
0.3768	-8.43995e-07
0.3769	-8.3197e-07
0.377	-8.27544e-07
0.3771	-8.19976e-07
0.3772	-8.13195e-07
0.3773	-7.99238e-07
0.3774	-7.92579e-07
0.3775	-7.85417e-07
0.3776	-7.78716e-07
0.3777	-7.72768e-07
0.3778	-7.65828e-07
0.3779	-7.61994e-07
0.378	-7.54209e-07
0.3781	-7.52126e-07
0.3782	-7.51472e-07
0.3783	-7.47239e-07
0.3784	-7.42334e-07
0.3785	-7.38558e-07
0.3786	-7.34521e-07
0.3787	-7.30384e-07
0.3788	-7.26477e-07
0.3789	-7.23965e-07
0.379	-7.15432e-07
0.3791	-7.09586e-07
0.3792	-7.05773e-07
0.3793	-7.00171e-07
0.3794	-6.90388e-07
0.3795	-6.88333e-07
0.3796	-6.79929e-07
0.3797	-6.77636e-07
0.3798	-6.76259e-07
0.3799	-6.68023e-07
0.38	-6.68629e-07
0.3801	-6.74524e-07
0.3802	-6.67774e-07
0.3803	-6.7025e-07
0.3804	-6.71938e-07
0.3805	-6.6508e-07
0.3806	-6.67194e-07
0.3807	-6.64876e-07
0.3808	-6.56756e-07
0.3809	-6.56398e-07
0.381	-6.57868e-07
0.3811	-6.59168e-07
0.3812	-6.53852e-07
0.3813	-6.49896e-07
0.3814	-6.46779e-07
0.3815	-6.50376e-07
0.3816	-6.53281e-07
0.3817	-6.56619e-07
0.3818	-6.5521e-07
0.3819	-6.56692e-07
0.382	-6.61005e-07
0.3821	-6.65923e-07
0.3822	-6.69408e-07
0.3823	-6.74091e-07
0.3824	-6.75165e-07
0.3825	-6.7556e-07
0.3826	-6.8082e-07
0.3827	-6.84096e-07
0.3828	-6.86235e-07
0.3829	-6.88466e-07
0.383	-6.93838e-07
0.3831	-6.95223e-07
0.3832	-7.02375e-07
0.3833	-7.03638e-07
0.3834	-7.08055e-07
0.3835	-7.11578e-07
0.3836	-7.14591e-07
0.3837	-7.2253e-07
0.3838	-7.27804e-07
0.3839	-7.32155e-07
0.384	-7.34717e-07
0.3841	-7.39145e-07
0.3842	-7.47931e-07
0.3843	-7.53359e-07
0.3844	-7.5408e-07
0.3845	-7.6177e-07
0.3846	-7.64888e-07
0.3847	-7.68889e-07
0.3848	-7.77658e-07
0.3849	-7.83456e-07
0.385	-7.92569e-07
0.3851	-8.01171e-07
0.3852	-8.07356e-07
0.3853	-8.15647e-07
0.3854	-8.26259e-07
0.3855	-8.34339e-07
0.3856	-8.3757e-07
0.3857	-8.45104e-07
0.3858	-8.49144e-07
0.3859	-8.57586e-07
0.386	-8.66566e-07
0.3861	-8.69195e-07
0.3862	-8.7073e-07
0.3863	-8.78182e-07
0.3864	-8.85706e-07
0.3865	-8.97047e-07
0.3866	-9.05333e-07
0.3867	-9.11234e-07
0.3868	-9.13408e-07
0.3869	-9.17396e-07
0.387	-9.19538e-07
0.3871	-9.23112e-07
0.3872	-9.31929e-07
0.3873	-9.34804e-07
0.3874	-9.38676e-07
0.3875	-9.41502e-07
0.3876	-9.4389e-07
0.3877	-9.50011e-07
0.3878	-9.53336e-07
0.3879	-9.56132e-07
0.388	-9.65333e-07
0.3881	-9.78158e-07
0.3882	-9.92009e-07
0.3883	-1.00095e-06
0.3884	-1.0097e-06
0.3885	-1.02351e-06
0.3886	-1.03318e-06
0.3887	-1.04312e-06
0.3888	-1.04813e-06
0.3889	-1.05679e-06
0.389	-1.06536e-06
0.3891	-1.07813e-06
0.3892	-1.08503e-06
0.3893	-1.09244e-06
0.3894	-1.0999e-06
0.3895	-1.10879e-06
0.3896	-1.11231e-06
0.3897	-1.11926e-06
0.3898	-1.12886e-06
0.3899	-1.13408e-06
0.39	-1.13998e-06
0.3901	-1.14691e-06
0.3902	-1.15064e-06
0.3903	-1.15347e-06
0.3904	-1.1578e-06
0.3905	-1.16468e-06
0.3906	-1.16942e-06
0.3907	-1.17572e-06
0.3908	-1.18099e-06
0.3909	-1.18715e-06
0.391	-1.19203e-06
0.3911	-1.19692e-06
0.3912	-1.20046e-06
0.3913	-1.20814e-06
0.3914	-1.21144e-06
0.3915	-1.21603e-06
0.3916	-1.2202e-06
0.3917	-1.22414e-06
0.3918	-1.22632e-06
0.3919	-1.22872e-06
0.392	-1.23052e-06
0.3921	-1.23338e-06
0.3922	-1.2337e-06
0.3923	-1.2352e-06
0.3924	-1.23699e-06
0.3925	-1.23832e-06
0.3926	-1.23822e-06
0.3927	-1.23854e-06
0.3928	-1.23794e-06
0.3929	-1.23769e-06
0.393	-1.23693e-06
0.3931	-1.23598e-06
0.3932	-1.23476e-06
0.3933	-1.23365e-06
0.3934	-1.23369e-06
0.3935	-1.23201e-06
0.3936	-1.23069e-06
0.3937	-1.22898e-06
0.3938	-1.22632e-06
0.3939	-1.22321e-06
0.394	-1.22028e-06
0.3941	-1.21616e-06
0.3942	-1.21442e-06
0.3943	-1.21034e-06
0.3944	-1.2065e-06
0.3945	-1.2044e-06
0.3946	-1.20081e-06
0.3947	-1.19763e-06
0.3948	-1.19427e-06
0.3949	-1.18738e-06
0.395	-1.18273e-06
0.3951	-1.1786e-06
0.3952	-1.17368e-06
0.3953	-1.16826e-06
0.3954	-1.16366e-06
0.3955	-1.15856e-06
0.3956	-1.15323e-06
0.3957	-1.14802e-06
0.3958	-1.1423e-06
0.3959	-1.13765e-06
0.396	-1.12974e-06
0.3961	-1.12483e-06
0.3962	-1.11891e-06
0.3963	-1.11179e-06
0.3964	-1.10741e-06
0.3965	-1.10231e-06
0.3966	-1.09671e-06
0.3967	-1.09079e-06
0.3968	-1.08556e-06
0.3969	-1.08009e-06
0.397	-1.07354e-06
0.3971	-1.06584e-06
0.3972	-1.06171e-06
0.3973	-1.05538e-06
0.3974	-1.04942e-06
0.3975	-1.04328e-06
0.3976	-1.03826e-06
0.3977	-1.03161e-06
0.3978	-1.02622e-06
0.3979	-1.02117e-06
0.398	-1.01429e-06
0.3981	-1.00921e-06
0.3982	-1.0033e-06
0.3983	-9.98302e-07
0.3984	-9.91845e-07
0.3985	-9.86995e-07
0.3986	-9.80815e-07
0.3987	-9.75526e-07
0.3988	-9.69849e-07
0.3989	-9.62051e-07
0.399	-9.54735e-07
0.3991	-9.50601e-07
0.3992	-9.45177e-07
0.3993	-9.38861e-07
0.3994	-9.32313e-07
0.3995	-9.26625e-07
0.3996	-9.20509e-07
0.3997	-9.14408e-07
0.3998	-9.0813e-07
0.3999	-9.02871e-07
0.4	-8.96628e-07
0.4001	-8.90527e-07
0.4002	-8.83877e-07
0.4003	-8.77733e-07
0.4004	-8.71648e-07
0.4005	-8.66809e-07
0.4006	-8.60673e-07
0.4007	-8.54166e-07
0.4008	-8.46839e-07
0.4009	-8.41342e-07
0.401	-8.35642e-07
0.4011	-8.30457e-07
0.4012	-8.24058e-07
0.4013	-8.19178e-07
0.4014	-8.1411e-07
0.4015	-8.07159e-07
0.4016	-8.00071e-07
0.4017	-7.93787e-07
0.4018	-7.87911e-07
0.4019	-7.81428e-07
0.402	-7.75078e-07
0.4021	-7.69302e-07
0.4022	-7.62632e-07
0.4023	-7.5535e-07
0.4024	-7.48947e-07
0.4025	-7.42241e-07
0.4026	-7.36683e-07
0.4027	-7.31237e-07
0.4028	-7.25838e-07
0.4029	-7.20675e-07
0.403	-7.14452e-07
0.4031	-7.07968e-07
0.4032	-7.03257e-07
0.4033	-6.96698e-07
0.4034	-6.90543e-07
0.4035	-6.84746e-07
0.4036	-6.7865e-07
0.4037	-6.73548e-07
0.4038	-6.67181e-07
0.4039	-6.61501e-07
0.404	-6.54948e-07
0.4041	-6.49072e-07
0.4042	-6.42733e-07
0.4043	-6.36851e-07
0.4044	-6.30582e-07
0.4045	-6.24462e-07
0.4046	-6.18448e-07
0.4047	-6.12183e-07
0.4048	-6.04838e-07
0.4049	-5.98e-07
0.405	-5.90223e-07
0.4051	-5.8367e-07
0.4052	-5.78031e-07
0.4053	-5.72235e-07
0.4054	-5.67142e-07
0.4055	-5.61332e-07
0.4056	-5.54442e-07
0.4057	-5.46884e-07
0.4058	-5.39755e-07
0.4059	-5.34001e-07
0.406	-5.26427e-07
0.4061	-5.19969e-07
0.4062	-5.12528e-07
0.4063	-5.05213e-07
0.4064	-4.97825e-07
0.4065	-4.90607e-07
0.4066	-4.8321e-07
0.4067	-4.75903e-07
0.4068	-4.68602e-07
0.4069	-4.61132e-07
0.407	-4.56415e-07
0.4071	-4.49818e-07
0.4072	-4.42723e-07
0.4073	-4.36285e-07
0.4074	-4.28449e-07
0.4075	-4.21351e-07
0.4076	-4.13553e-07
0.4077	-4.06644e-07
0.4078	-3.99709e-07
0.4079	-3.9286e-07
0.408	-3.90043e-07
0.4081	-3.81495e-07
0.4082	-3.7267e-07
0.4083	-3.65848e-07
0.4084	-3.58803e-07
0.4085	-3.50552e-07
0.4086	-3.42396e-07
0.4087	-3.40514e-07
0.4088	-3.38261e-07
0.4089	-3.29873e-07
0.409	-3.21236e-07
0.4091	-3.14548e-07
0.4092	-3.13203e-07
0.4093	-3.04887e-07
0.4094	-2.96245e-07
0.4095	-2.87458e-07
0.4096	-2.86811e-07
0.4097	-2.80471e-07
0.4098	-2.74291e-07
0.4099	-2.74031e-07
0.41	-2.68533e-07
0.4101	-2.62847e-07
0.4102	-2.59507e-07
0.4103	-2.53156e-07
0.4104	-2.47045e-07
0.4105	-2.37428e-07
0.4106	-2.31866e-07
0.4107	-2.27251e-07
0.4108	-2.22556e-07
0.4109	-2.13994e-07
0.411	-2.14158e-07
0.4111	-2.17633e-07
0.4112	-2.12628e-07
0.4113	-2.12897e-07
0.4114	-2.08376e-07
0.4115	-2.03285e-07
0.4116	-1.93676e-07
0.4117	-1.91819e-07
0.4118	-1.8757e-07
0.4119	-1.8423e-07
0.412	-1.85949e-07
0.4121	-1.8303e-07
0.4122	-1.80309e-07
0.4123	-1.76932e-07
0.4124	-1.74862e-07
0.4125	-1.72414e-07
0.4126	-1.70348e-07
0.4127	-1.68971e-07
0.4128	-1.68441e-07
0.4129	-1.67254e-07
0.413	-1.59876e-07
0.4131	-1.63977e-07
0.4132	-1.623e-07
0.4133	-1.60379e-07
0.4134	-1.64201e-07
0.4135	-1.59216e-07
0.4136	-1.52051e-07
0.4137	-1.51894e-07
0.4138	-1.5531e-07
0.4139	-1.5452e-07
0.414	-1.48368e-07
0.4141	-1.43891e-07
0.4142	-1.43959e-07
0.4143	-1.43197e-07
0.4144	-1.48017e-07
0.4145	-1.5128e-07
0.4146	-1.4551e-07
0.4147	-1.49679e-07
0.4148	-1.54483e-07
0.4149	-1.54691e-07
0.415	-1.56101e-07
0.4151	-1.50512e-07
0.4152	-1.44772e-07
0.4153	-1.50126e-07
0.4154	-1.4455e-07
0.4155	-1.4765e-07
0.4156	-1.44516e-07
0.4157	-1.50263e-07
0.4158	-1.46381e-07
0.4159	-1.43048e-07
0.416	-1.39939e-07
0.4161	-1.42659e-07
0.4162	-1.42347e-07
0.4163	-1.4892e-07
0.4164	-1.4643e-07
0.4165	-1.48372e-07
0.4166	-1.50809e-07
0.4167	-1.52251e-07
0.4168	-1.52155e-07
0.4169	-1.5403e-07
0.417	-1.57582e-07
0.4171	-1.63812e-07
0.4172	-1.71253e-07
0.4173	-1.74552e-07
0.4174	-1.81176e-07
0.4175	-1.88052e-07
0.4176	-1.95638e-07
0.4177	-2.04316e-07
0.4178	-2.08408e-07
0.4179	-2.1715e-07
0.418	-2.15998e-07
0.4181	-2.19895e-07
0.4182	-2.27096e-07
0.4183	-2.34713e-07
0.4184	-2.45547e-07
0.4185	-2.51893e-07
0.4186	-2.59251e-07
0.4187	-2.67791e-07
0.4188	-2.77176e-07
0.4189	-2.8432e-07
0.419	-2.91534e-07
0.4191	-3.02462e-07
0.4192	-3.13071e-07
0.4193	-3.24532e-07
0.4194	-3.31448e-07
0.4195	-3.44384e-07
0.4196	-3.58256e-07
0.4197	-3.70357e-07
0.4198	-3.79132e-07
0.4199	-3.90573e-07
0.42	-4.0365e-07
0.4201	-4.17391e-07
0.4202	-4.32096e-07
0.4203	-4.47002e-07
0.4204	-4.60168e-07
0.4205	-4.7451e-07
0.4206	-4.88048e-07
0.4207	-4.95487e-07
0.4208	-5.1003e-07
0.4209	-5.24156e-07
0.421	-5.31131e-07
0.4211	-5.38553e-07
0.4212	-5.57077e-07
0.4213	-5.75536e-07
0.4214	-5.92673e-07
0.4215	-6.09566e-07
0.4216	-6.2754e-07
0.4217	-6.48211e-07
0.4218	-6.64804e-07
0.4219	-6.8123e-07
0.422	-7.03133e-07
0.4221	-7.19835e-07
0.4222	-7.36853e-07
0.4223	-7.52604e-07
0.4224	-7.74962e-07
0.4225	-7.95915e-07
0.4226	-8.14173e-07
0.4227	-8.30843e-07
0.4228	-8.39011e-07
0.4229	-8.54071e-07
0.423	-8.76682e-07
0.4231	-8.97549e-07
0.4232	-9.02242e-07
0.4233	-9.19585e-07
0.4234	-9.37354e-07
0.4235	-9.59045e-07
0.4236	-9.70211e-07
0.4237	-9.86323e-07
0.4238	-1.00238e-06
0.4239	-1.02059e-06
0.424	-1.04329e-06
0.4241	-1.06097e-06
0.4242	-1.07667e-06
0.4243	-1.09889e-06
0.4244	-1.11469e-06
0.4245	-1.13157e-06
0.4246	-1.14894e-06
0.4247	-1.16471e-06
0.4248	-1.18025e-06
0.4249	-1.19936e-06
0.425	-1.2181e-06
0.4251	-1.23136e-06
0.4252	-1.25019e-06
0.4253	-1.26567e-06
0.4254	-1.27861e-06
0.4255	-1.29192e-06
0.4256	-1.3047e-06
0.4257	-1.32139e-06
0.4258	-1.33671e-06
0.4259	-1.3524e-06
0.426	-1.36907e-06
0.4261	-1.38391e-06
0.4262	-1.39993e-06
0.4263	-1.41527e-06
0.4264	-1.42843e-06
0.4265	-1.44452e-06
0.4266	-1.46012e-06
0.4267	-1.47283e-06
0.4268	-1.48515e-06
0.4269	-1.49891e-06
0.427	-1.50935e-06
0.4271	-1.51657e-06
0.4272	-1.52575e-06
0.4273	-1.53436e-06
0.4274	-1.54454e-06
0.4275	-1.55355e-06
0.4276	-1.56231e-06
0.4277	-1.57003e-06
0.4278	-1.57498e-06
0.4279	-1.58089e-06
0.428	-1.58739e-06
0.4281	-1.59359e-06
0.4282	-1.59991e-06
0.4283	-1.60457e-06
0.4284	-1.60541e-06
0.4285	-1.61001e-06
0.4286	-1.61307e-06
0.4287	-1.6165e-06
0.4288	-1.61979e-06
0.4289	-1.62228e-06
0.429	-1.62597e-06
0.4291	-1.62141e-06
0.4292	-1.62279e-06
0.4293	-1.62272e-06
0.4294	-1.62361e-06
0.4295	-1.62305e-06
0.4296	-1.6225e-06
0.4297	-1.62231e-06
0.4298	-1.62039e-06
0.4299	-1.61874e-06
0.43	-1.61484e-06
0.4301	-1.61531e-06
0.4302	-1.61406e-06
0.4303	-1.61116e-06
0.4304	-1.61018e-06
0.4305	-1.60915e-06
0.4306	-1.60687e-06
0.4307	-1.60497e-06
0.4308	-1.60446e-06
0.4309	-1.60207e-06
0.431	-1.60201e-06
0.4311	-1.59652e-06
0.4312	-1.59446e-06
0.4313	-1.59502e-06
0.4314	-1.5916e-06
0.4315	-1.58859e-06
0.4316	-1.58375e-06
0.4317	-1.57946e-06
0.4318	-1.57615e-06
0.4319	-1.57096e-06
0.432	-1.56658e-06
0.4321	-1.56125e-06
0.4322	-1.55629e-06
0.4323	-1.55116e-06
0.4324	-1.54617e-06
0.4325	-1.54045e-06
0.4326	-1.53459e-06
0.4327	-1.52922e-06
0.4328	-1.52503e-06
0.4329	-1.51767e-06
0.433	-1.51057e-06
0.4331	-1.50513e-06
0.4332	-1.49752e-06
0.4333	-1.48994e-06
0.4334	-1.48324e-06
0.4335	-1.47592e-06
0.4336	-1.47222e-06
0.4337	-1.46515e-06
0.4338	-1.45714e-06
0.4339	-1.45092e-06
0.434	-1.44381e-06
0.4341	-1.43612e-06
0.4342	-1.42798e-06
0.4343	-1.42006e-06
0.4344	-1.41156e-06
0.4345	-1.40179e-06
0.4346	-1.39337e-06
0.4347	-1.38667e-06
0.4348	-1.37747e-06
0.4349	-1.36654e-06
0.435	-1.35735e-06
0.4351	-1.3482e-06
0.4352	-1.3387e-06
0.4353	-1.33037e-06
0.4354	-1.32063e-06
0.4355	-1.31071e-06
0.4356	-1.30155e-06
0.4357	-1.2922e-06
0.4358	-1.28305e-06
0.4359	-1.27325e-06
0.436	-1.26377e-06
0.4361	-1.25402e-06
0.4362	-1.24456e-06
0.4363	-1.23549e-06
0.4364	-1.22678e-06
0.4365	-1.21764e-06
0.4366	-1.20819e-06
0.4367	-1.19638e-06
0.4368	-1.18618e-06
0.4369	-1.17538e-06
0.437	-1.16542e-06
0.4371	-1.15598e-06
0.4372	-1.14516e-06
0.4373	-1.13606e-06
0.4374	-1.12397e-06
0.4375	-1.11612e-06
0.4376	-1.10602e-06
0.4377	-1.09752e-06
0.4378	-1.08744e-06
0.4379	-1.07691e-06
0.438	-1.06913e-06
0.4381	-1.05844e-06
0.4382	-1.05124e-06
0.4383	-1.04039e-06
0.4384	-1.02893e-06
0.4385	-1.01791e-06
0.4386	-1.00656e-06
0.4387	-9.95895e-07
0.4388	-9.85541e-07
0.4389	-9.73335e-07
0.439	-9.65092e-07
0.4391	-9.57633e-07
0.4392	-9.45658e-07
0.4393	-9.34688e-07
0.4394	-9.24053e-07
0.4395	-9.12688e-07
0.4396	-9.0094e-07
0.4397	-8.89118e-07
0.4398	-8.81227e-07
0.4399	-8.70928e-07
0.44	-8.65733e-07
0.4401	-8.58663e-07
0.4402	-8.52e-07
0.4403	-8.42295e-07
0.4404	-8.31219e-07
0.4405	-8.1943e-07
0.4406	-8.13566e-07
0.4407	-8.03445e-07
0.4408	-7.98176e-07
0.4409	-7.93337e-07
0.441	-7.87288e-07
0.4411	-7.81286e-07
0.4412	-7.7523e-07
0.4413	-7.68841e-07
0.4414	-7.67072e-07
0.4415	-7.5772e-07
0.4416	-7.47866e-07
0.4417	-7.50348e-07
0.4418	-7.38068e-07
0.4419	-7.39356e-07
0.442	-7.33996e-07
0.4421	-7.29908e-07
0.4422	-7.27013e-07
0.4423	-7.2753e-07
0.4424	-7.17204e-07
0.4425	-7.14148e-07
0.4426	-7.12634e-07
0.4427	-7.10696e-07
0.4428	-7.11338e-07
0.4429	-7.12881e-07
0.443	-7.15022e-07
0.4431	-7.12799e-07
0.4432	-7.12492e-07
0.4433	-7.10887e-07
0.4434	-7.1408e-07
0.4435	-7.07547e-07
0.4436	-7.02571e-07
0.4437	-7.03761e-07
0.4438	-7.04481e-07
0.4439	-7.01809e-07
0.444	-7.04411e-07
0.4441	-7.06417e-07
0.4442	-7.08692e-07
0.4443	-7.10295e-07
0.4444	-7.13555e-07
0.4445	-7.10283e-07
0.4446	-7.13577e-07
0.4447	-7.19985e-07
0.4448	-7.17129e-07
0.4449	-7.14765e-07
0.445	-7.20116e-07
0.4451	-7.20198e-07
0.4452	-7.17462e-07
0.4453	-7.17481e-07
0.4454	-7.1742e-07
0.4455	-7.22387e-07
0.4456	-7.28012e-07
0.4457	-7.31645e-07
0.4458	-7.37108e-07
0.4459	-7.40891e-07
0.446	-7.4597e-07
0.4461	-7.51216e-07
0.4462	-7.53746e-07
0.4463	-7.56889e-07
0.4464	-7.58808e-07
0.4465	-7.65391e-07
0.4466	-7.71979e-07
0.4467	-7.80874e-07
0.4468	-7.88475e-07
0.4469	-7.97191e-07
0.447	-8.00298e-07
0.4471	-8.02424e-07
0.4472	-8.1035e-07
0.4473	-8.13281e-07
0.4474	-8.18379e-07
0.4475	-8.22354e-07
0.4476	-8.29575e-07
0.4477	-8.36217e-07
0.4478	-8.44449e-07
0.4479	-8.53613e-07
0.448	-8.60159e-07
0.4481	-8.70469e-07
0.4482	-8.72846e-07
0.4483	-8.81338e-07
0.4484	-8.90491e-07
0.4485	-8.98244e-07
0.4486	-9.0701e-07
0.4487	-9.1922e-07
0.4488	-9.26186e-07
0.4489	-9.3665e-07
0.449	-9.46006e-07
0.4491	-9.54283e-07
0.4492	-9.57585e-07
0.4493	-9.6513e-07
0.4494	-9.68102e-07
0.4495	-9.75908e-07
0.4496	-9.83898e-07
0.4497	-9.89748e-07
0.4498	-9.92026e-07
0.4499	-9.99777e-07
0.45	-1.00911e-06
0.4501	-1.02263e-06
0.4502	-1.03013e-06
0.4503	-1.03645e-06
0.4504	-1.04405e-06
0.4505	-1.05711e-06
0.4506	-1.06511e-06
0.4507	-1.07425e-06
0.4508	-1.08173e-06
0.4509	-1.09069e-06
0.451	-1.09484e-06
0.4511	-1.1001e-06
0.4512	-1.10822e-06
0.4513	-1.11196e-06
0.4514	-1.11557e-06
0.4515	-1.12434e-06
0.4516	-1.13002e-06
0.4517	-1.13676e-06
0.4518	-1.14427e-06
0.4519	-1.15249e-06
0.452	-1.15894e-06
0.4521	-1.16363e-06
0.4522	-1.16786e-06
0.4523	-1.18022e-06
0.4524	-1.1862e-06
0.4525	-1.1907e-06
0.4526	-1.2043e-06
0.4527	-1.21245e-06
0.4528	-1.21614e-06
0.4529	-1.22361e-06
0.453	-1.22856e-06
0.4531	-1.23556e-06
0.4532	-1.23976e-06
0.4533	-1.2434e-06
0.4534	-1.25184e-06
0.4535	-1.25682e-06
0.4536	-1.26264e-06
0.4537	-1.26643e-06
0.4538	-1.2699e-06
0.4539	-1.27496e-06
0.454	-1.27764e-06
0.4541	-1.28139e-06
0.4542	-1.28555e-06
0.4543	-1.28821e-06
0.4544	-1.29225e-06
0.4545	-1.29677e-06
0.4546	-1.29969e-06
0.4547	-1.30153e-06
0.4548	-1.30549e-06
0.4549	-1.30758e-06
0.455	-1.30731e-06
0.4551	-1.309e-06
0.4552	-1.31221e-06
0.4553	-1.31295e-06
0.4554	-1.31419e-06
0.4555	-1.31622e-06
0.4556	-1.3169e-06
0.4557	-1.31835e-06
0.4558	-1.3181e-06
0.4559	-1.3177e-06
0.456	-1.3177e-06
0.4561	-1.3187e-06
0.4562	-1.31868e-06
0.4563	-1.31752e-06
0.4564	-1.31637e-06
0.4565	-1.31451e-06
0.4566	-1.312e-06
0.4567	-1.31007e-06
0.4568	-1.30774e-06
0.4569	-1.30677e-06
0.457	-1.30284e-06
0.4571	-1.30017e-06
0.4572	-1.29767e-06
0.4573	-1.29439e-06
0.4574	-1.29129e-06
0.4575	-1.28858e-06
0.4576	-1.2824e-06
0.4577	-1.28012e-06
0.4578	-1.27622e-06
0.4579	-1.27147e-06
0.458	-1.2672e-06
0.4581	-1.26251e-06
0.4582	-1.25913e-06
0.4583	-1.25392e-06
0.4584	-1.24987e-06
0.4585	-1.24551e-06
0.4586	-1.2399e-06
0.4587	-1.23512e-06
0.4588	-1.22816e-06
0.4589	-1.22168e-06
0.459	-1.21858e-06
0.4591	-1.21455e-06
0.4592	-1.20888e-06
0.4593	-1.20336e-06
0.4594	-1.19726e-06
0.4595	-1.191e-06
0.4596	-1.18552e-06
0.4597	-1.18097e-06
0.4598	-1.17276e-06
0.4599	-1.16814e-06
0.46	-1.16291e-06
0.4601	-1.15704e-06
0.4602	-1.15028e-06
0.4603	-1.14523e-06
0.4604	-1.1385e-06
0.4605	-1.13238e-06
0.4606	-1.12747e-06
0.4607	-1.11877e-06
0.4608	-1.11235e-06
0.4609	-1.10763e-06
0.461	-1.10199e-06
0.4611	-1.09743e-06
0.4612	-1.09285e-06
0.4613	-1.08753e-06
0.4614	-1.08209e-06
0.4615	-1.0767e-06
0.4616	-1.06921e-06
0.4617	-1.06259e-06
0.4618	-1.05876e-06
0.4619	-1.05357e-06
0.462	-1.04861e-06
0.4621	-1.04515e-06
0.4622	-1.03866e-06
0.4623	-1.03319e-06
0.4624	-1.02844e-06
0.4625	-1.02373e-06
0.4626	-1.01552e-06
0.4627	-1.00949e-06
0.4628	-1.004e-06
0.4629	-9.99655e-07
0.463	-9.96417e-07
0.4631	-9.91094e-07
0.4632	-9.84734e-07
0.4633	-9.78181e-07
0.4634	-9.71594e-07
0.4635	-9.64614e-07
0.4636	-9.60169e-07
0.4637	-9.5556e-07
0.4638	-9.49247e-07
0.4639	-9.43524e-07
0.464	-9.39084e-07
0.4641	-9.34561e-07
0.4642	-9.27835e-07
0.4643	-9.23545e-07
0.4644	-9.16958e-07
0.4645	-9.11256e-07
0.4646	-9.06461e-07
0.4647	-9.01208e-07
0.4648	-8.96716e-07
0.4649	-8.91585e-07
0.465	-8.8462e-07
0.4651	-8.78261e-07
0.4652	-8.73545e-07
0.4653	-8.67764e-07
0.4654	-8.63432e-07
0.4655	-8.57582e-07
0.4656	-8.51598e-07
0.4657	-8.46257e-07
0.4658	-8.39973e-07
0.4659	-8.33966e-07
0.466	-8.28165e-07
0.4661	-8.21735e-07
0.4662	-8.14838e-07
0.4663	-8.10189e-07
0.4664	-8.04683e-07
0.4665	-7.98921e-07
0.4666	-7.92393e-07
0.4667	-7.87244e-07
0.4668	-7.80998e-07
0.4669	-7.74783e-07
0.467	-7.68574e-07
0.4671	-7.62358e-07
0.4672	-7.5617e-07
0.4673	-7.50196e-07
0.4674	-7.43889e-07
0.4675	-7.3852e-07
0.4676	-7.32958e-07
0.4677	-7.26668e-07
0.4678	-7.20434e-07
0.4679	-7.13359e-07
0.468	-7.05991e-07
0.4681	-7.00072e-07
0.4682	-6.95427e-07
0.4683	-6.89758e-07
0.4684	-6.82281e-07
0.4685	-6.75252e-07
0.4686	-6.68962e-07
0.4687	-6.62156e-07
0.4688	-6.5652e-07
0.4689	-6.51046e-07
0.469	-6.46511e-07
0.4691	-6.38103e-07
0.4692	-6.32467e-07
0.4693	-6.24752e-07
0.4694	-6.17359e-07
0.4695	-6.12765e-07
0.4696	-6.05835e-07
0.4697	-5.98828e-07
0.4698	-5.91582e-07
0.4699	-5.83919e-07
0.47	-5.76214e-07
0.4701	-5.67781e-07
0.4702	-5.60679e-07
0.4703	-5.53701e-07
0.4704	-5.45984e-07
0.4705	-5.40648e-07
0.4706	-5.35289e-07
0.4707	-5.28363e-07
0.4708	-5.21428e-07
0.4709	-5.14037e-07
0.471	-5.06825e-07
0.4711	-4.99811e-07
0.4712	-4.92693e-07
0.4713	-4.85363e-07
0.4714	-4.76703e-07
0.4715	-4.73504e-07
0.4716	-4.69567e-07
0.4717	-4.62929e-07
0.4718	-4.5557e-07
0.4719	-4.49842e-07
0.472	-4.42407e-07
0.4721	-4.34872e-07
0.4722	-4.27018e-07
0.4723	-4.19963e-07
0.4724	-4.13201e-07
0.4725	-4.04283e-07
0.4726	-3.96985e-07
0.4727	-3.8987e-07
0.4728	-3.87853e-07
0.4729	-3.7858e-07
0.473	-3.69402e-07
0.4731	-3.68144e-07
0.4732	-3.62864e-07
0.4733	-3.53958e-07
0.4734	-3.45409e-07
0.4735	-3.38543e-07
0.4736	-3.37492e-07
0.4737	-3.31548e-07
0.4738	-3.31185e-07
0.4739	-3.25517e-07
0.474	-3.20545e-07
0.4741	-3.23167e-07
0.4742	-3.25587e-07
0.4743	-3.19439e-07
0.4744	-3.13235e-07
0.4745	-3.15405e-07
0.4746	-3.16896e-07
0.4747	-3.12114e-07
0.4748	-3.07901e-07
0.4749	-3.06636e-07
0.475	-3.07728e-07
0.4751	-2.98948e-07
0.4752	-2.89683e-07
0.4753	-2.85263e-07
0.4754	-2.81134e-07
0.4755	-2.77673e-07
0.4756	-2.79083e-07
0.4757	-2.80893e-07
0.4758	-2.77748e-07
0.4759	-2.80166e-07
0.476	-2.78071e-07
0.4761	-2.69474e-07
0.4762	-2.61099e-07
0.4763	-2.57964e-07
0.4764	-2.56625e-07
0.4765	-2.52703e-07
0.4766	-2.49276e-07
0.4767	-2.46692e-07
0.4768	-2.39543e-07
0.4769	-2.31411e-07
0.477	-2.31877e-07
0.4771	-2.24489e-07
0.4772	-2.29873e-07
0.4773	-2.28078e-07
0.4774	-2.21253e-07
0.4775	-2.20915e-07
0.4776	-2.20794e-07
0.4777	-2.26767e-07
0.4778	-2.20789e-07
0.4779	-2.27371e-07
0.478	-2.20214e-07
0.4781	-2.2025e-07
0.4782	-2.15315e-07
0.4783	-2.10307e-07
0.4784	-2.12906e-07
0.4785	-2.08973e-07
0.4786	-2.11042e-07
0.4787	-2.06913e-07
0.4788	-2.02152e-07
0.4789	-1.99379e-07
0.479	-1.9813e-07
0.4791	-1.94518e-07
0.4792	-2.02704e-07
0.4793	-2.0016e-07
0.4794	-1.97626e-07
0.4795	-1.97314e-07
0.4796	-2.00353e-07
0.4797	-1.99115e-07
0.4798	-2.02205e-07
0.4799	-2.06195e-07
0.48	-2.06584e-07
0.4801	-2.07038e-07
0.4802	-2.07799e-07
0.4803	-2.14393e-07
0.4804	-2.2128e-07
0.4805	-2.22922e-07
0.4806	-2.27975e-07
0.4807	-2.333e-07
0.4808	-2.37318e-07
0.4809	-2.44201e-07
0.481	-2.5215e-07
0.4811	-2.56007e-07
0.4812	-2.63697e-07
0.4813	-2.70699e-07
0.4814	-2.80297e-07
0.4815	-2.83716e-07
0.4816	-2.93288e-07
0.4817	-2.99468e-07
0.4818	-3.06687e-07
0.4819	-3.17035e-07
0.482	-3.25134e-07
0.4821	-3.35697e-07
0.4822	-3.47527e-07
0.4823	-3.59266e-07
0.4824	-3.6691e-07
0.4825	-3.77449e-07
0.4826	-3.88182e-07
0.4827	-3.99712e-07
0.4828	-4.08617e-07
0.4829	-4.27076e-07
0.483	-4.37997e-07
0.4831	-4.49612e-07
0.4832	-4.61972e-07
0.4833	-4.74869e-07
0.4834	-4.87977e-07
0.4835	-5.03652e-07
0.4836	-5.18603e-07
0.4837	-5.34949e-07
0.4838	-5.50084e-07
0.4839	-5.59861e-07
0.484	-5.69207e-07
0.4841	-5.87438e-07
0.4842	-6.04312e-07
0.4843	-6.157e-07
0.4844	-6.30696e-07
0.4845	-6.48215e-07
0.4846	-6.65201e-07
0.4847	-6.81176e-07
0.4848	-6.96419e-07
0.4849	-7.07643e-07
0.485	-7.2688e-07
0.4851	-7.42286e-07
0.4852	-7.57315e-07
0.4853	-7.78737e-07
0.4854	-8.00236e-07
0.4855	-8.20847e-07
0.4856	-8.3239e-07
0.4857	-8.40481e-07
0.4858	-8.63989e-07
0.4859	-8.88003e-07
0.486	-9.06185e-07
0.4861	-9.2402e-07
0.4862	-9.42502e-07
0.4863	-9.54533e-07
0.4864	-9.71324e-07
0.4865	-9.78062e-07
0.4866	-9.95685e-07
0.4867	-1.01093e-06
0.4868	-1.03474e-06
0.4869	-1.05849e-06
0.487	-1.07629e-06
0.4871	-1.09431e-06
0.4872	-1.11168e-06
0.4873	-1.12806e-06
0.4874	-1.15056e-06
0.4875	-1.17262e-06
0.4876	-1.18326e-06
0.4877	-1.20376e-06
0.4878	-1.21904e-06
0.4879	-1.23523e-06
0.488	-1.25792e-06
0.4881	-1.27337e-06
0.4882	-1.28842e-06
0.4883	-1.30309e-06
0.4884	-1.31827e-06
0.4885	-1.32984e-06
0.4886	-1.34859e-06
0.4887	-1.36172e-06
0.4888	-1.37424e-06
0.4889	-1.38255e-06
0.489	-1.39426e-06
0.4891	-1.4058e-06
0.4892	-1.41682e-06
0.4893	-1.43012e-06
0.4894	-1.44665e-06
0.4895	-1.46046e-06
0.4896	-1.46761e-06
0.4897	-1.48061e-06
0.4898	-1.49191e-06
0.4899	-1.50463e-06
0.49	-1.51876e-06
0.4901	-1.52665e-06
0.4902	-1.53707e-06
0.4903	-1.54834e-06
0.4904	-1.55498e-06
0.4905	-1.56516e-06
0.4906	-1.57477e-06
0.4907	-1.58127e-06
0.4908	-1.589e-06
0.4909	-1.59148e-06
0.491	-1.59488e-06
0.4911	-1.60206e-06
0.4912	-1.60887e-06
0.4913	-1.61432e-06
0.4914	-1.61971e-06
0.4915	-1.62518e-06
0.4916	-1.62829e-06
0.4917	-1.63211e-06
0.4918	-1.6361e-06
0.4919	-1.63888e-06
0.492	-1.64166e-06
0.4921	-1.64435e-06
0.4922	-1.64532e-06
0.4923	-1.64768e-06
0.4924	-1.64956e-06
0.4925	-1.6502e-06
0.4926	-1.65101e-06
0.4927	-1.65212e-06
0.4928	-1.65035e-06
0.4929	-1.64841e-06
0.493	-1.64823e-06
0.4931	-1.64712e-06
0.4932	-1.64634e-06
0.4933	-1.6452e-06
0.4934	-1.64285e-06
0.4935	-1.64109e-06
0.4936	-1.63821e-06
0.4937	-1.63446e-06
0.4938	-1.63138e-06
0.4939	-1.62837e-06
0.494	-1.62734e-06
0.4941	-1.62415e-06
0.4942	-1.61866e-06
0.4943	-1.61454e-06
0.4944	-1.6107e-06
0.4945	-1.60711e-06
0.4946	-1.60444e-06
0.4947	-1.59878e-06
0.4948	-1.59829e-06
0.4949	-1.59316e-06
0.495	-1.58844e-06
0.4951	-1.58471e-06
0.4952	-1.58094e-06
0.4953	-1.57538e-06
0.4954	-1.56932e-06
0.4955	-1.56379e-06
0.4956	-1.55893e-06
0.4957	-1.554e-06
0.4958	-1.54775e-06
0.4959	-1.5427e-06
0.496	-1.53675e-06
0.4961	-1.53112e-06
0.4962	-1.52579e-06
0.4963	-1.5195e-06
0.4964	-1.51417e-06
0.4965	-1.50927e-06
0.4966	-1.49778e-06
0.4967	-1.49133e-06
0.4968	-1.48397e-06
0.4969	-1.47413e-06
0.497	-1.46652e-06
0.4971	-1.4595e-06
0.4972	-1.45184e-06
0.4973	-1.44386e-06
0.4974	-1.43651e-06
0.4975	-1.4282e-06
0.4976	-1.4195e-06
0.4977	-1.41084e-06
0.4978	-1.4029e-06
0.4979	-1.39554e-06
0.498	-1.38845e-06
0.4981	-1.38196e-06
0.4982	-1.37016e-06
0.4983	-1.36239e-06
0.4984	-1.35413e-06
0.4985	-1.34806e-06
0.4986	-1.33701e-06
0.4987	-1.32871e-06
0.4988	-1.31871e-06
0.4989	-1.30858e-06
0.499	-1.29992e-06
0.4991	-1.29056e-06
0.4992	-1.28494e-06
0.4993	-1.27608e-06
0.4994	-1.26595e-06
0.4995	-1.25587e-06
0.4996	-1.24529e-06
0.4997	-1.23773e-06
0.4998	-1.2274e-06
0.4999	-1.21891e-06
0.5	-1.20912e-06
0.5001	-1.19898e-06
0.5002	-1.18931e-06
0.5003	-1.18002e-06
0.5004	-1.16926e-06
0.5005	-1.15824e-06
0.5006	-1.14737e-06
0.5007	-1.13655e-06
0.5008	-1.12657e-06
0.5009	-1.11286e-06
0.501	-1.10252e-06
0.5011	-1.09225e-06
0.5012	-1.08274e-06
0.5013	-1.07384e-06
0.5014	-1.06275e-06
0.5015	-1.05457e-06
0.5016	-1.04847e-06
0.5017	-1.03723e-06
0.5018	-1.0279e-06
0.5019	-1.01743e-06
0.502	-1.00703e-06
0.5021	-1.00055e-06
0.5022	-9.9015e-07
0.5023	-9.78886e-07
0.5024	-9.69115e-07
0.5025	-9.60168e-07
0.5026	-9.50047e-07
0.5027	-9.42512e-07
0.5028	-9.31631e-07
0.5029	-9.20494e-07
0.503	-9.08681e-07
0.5031	-9.02478e-07
0.5032	-8.94828e-07
0.5033	-8.83407e-07
0.5034	-8.76073e-07
0.5035	-8.64736e-07
0.5036	-8.60395e-07
0.5037	-8.54343e-07
0.5038	-8.48335e-07
0.5039	-8.36853e-07
0.504	-8.30089e-07
0.5041	-8.2563e-07
0.5042	-8.21811e-07
0.5043	-8.16562e-07
0.5044	-8.10921e-07
0.5045	-8.06321e-07
0.5046	-8.02149e-07
0.5047	-7.96973e-07
0.5048	-7.88179e-07
0.5049	-7.85952e-07
0.505	-7.76239e-07
0.5051	-7.73013e-07
0.5052	-7.67475e-07
0.5053	-7.64798e-07
0.5054	-7.60572e-07
0.5055	-7.49487e-07
0.5056	-7.45374e-07
0.5057	-7.43076e-07
0.5058	-7.40407e-07
0.5059	-7.37432e-07
0.506	-7.35205e-07
0.5061	-7.35846e-07
0.5062	-7.27563e-07
0.5063	-7.29124e-07
0.5064	-7.27829e-07
0.5065	-7.27159e-07
0.5066	-7.27399e-07
0.5067	-7.28289e-07
0.5068	-7.29725e-07
0.5069	-7.27256e-07
0.507	-7.23955e-07
0.5071	-7.23181e-07
0.5072	-7.2643e-07
0.5073	-7.21324e-07
0.5074	-7.24823e-07
0.5075	-7.26306e-07
0.5076	-7.2552e-07
0.5077	-7.28673e-07
0.5078	-7.30877e-07
0.5079	-7.35554e-07
0.508	-7.42853e-07
0.5081	-7.45189e-07
0.5082	-7.50511e-07
0.5083	-7.52398e-07
0.5084	-7.57471e-07
0.5085	-7.62603e-07
0.5086	-7.58624e-07
0.5087	-7.54486e-07
0.5088	-7.61168e-07
0.5089	-7.66231e-07
0.509	-7.71952e-07
0.5091	-7.7191e-07
0.5092	-7.73882e-07
0.5093	-7.80127e-07
0.5094	-7.82683e-07
0.5095	-7.88291e-07
0.5096	-7.91923e-07
0.5097	-7.98438e-07
0.5098	-7.9388e-07
0.5099	-8.0129e-07
0.51	-8.02714e-07
0.5101	-8.06864e-07
0.5102	-8.13973e-07
0.5103	-8.19418e-07
0.5104	-8.21152e-07
0.5105	-8.22764e-07
0.5106	-8.30285e-07
0.5107	-8.37856e-07
0.5108	-8.46337e-07
0.5109	-8.52655e-07
0.511	-8.60684e-07
0.5111	-8.70054e-07
0.5112	-8.77369e-07
0.5113	-8.81009e-07
0.5114	-8.89139e-07
0.5115	-8.99274e-07
0.5116	-9.077e-07
0.5117	-9.18185e-07
0.5118	-9.29611e-07
0.5119	-9.40416e-07
0.512	-9.52225e-07
0.5121	-9.59058e-07
0.5122	-9.66081e-07
0.5123	-9.76795e-07
0.5124	-9.85147e-07
0.5125	-9.88863e-07
0.5126	-9.9694e-07
0.5127	-1.00926e-06
0.5128	-1.02172e-06
0.5129	-1.03596e-06
0.513	-1.04922e-06
0.5131	-1.05883e-06
0.5132	-1.06107e-06
0.5133	-1.06945e-06
0.5134	-1.07916e-06
0.5135	-1.08784e-06
0.5136	-1.09131e-06
0.5137	-1.09952e-06
0.5138	-1.10362e-06
0.5139	-1.11216e-06
0.514	-1.12491e-06
0.5141	-1.13361e-06
0.5142	-1.13892e-06
0.5143	-1.148e-06
0.5144	-1.15772e-06
0.5145	-1.16714e-06
0.5146	-1.18155e-06
0.5147	-1.18798e-06
0.5148	-1.19345e-06
0.5149	-1.20291e-06
0.515	-1.21119e-06
0.5151	-1.21631e-06
0.5152	-1.22138e-06
0.5153	-1.23025e-06
0.5154	-1.2384e-06
0.5155	-1.24195e-06
0.5156	-1.25126e-06
0.5157	-1.26029e-06
0.5158	-1.26796e-06
0.5159	-1.27549e-06
0.516	-1.28107e-06
0.5161	-1.28819e-06
0.5162	-1.29216e-06
0.5163	-1.3014e-06
0.5164	-1.30935e-06
0.5165	-1.31365e-06
0.5166	-1.32147e-06
0.5167	-1.32729e-06
0.5168	-1.33341e-06
0.5169	-1.33864e-06
0.517	-1.34384e-06
0.5171	-1.35036e-06
0.5172	-1.35198e-06
0.5173	-1.35667e-06
0.5174	-1.36187e-06
0.5175	-1.36654e-06
0.5176	-1.37195e-06
0.5177	-1.37602e-06
0.5178	-1.38002e-06
0.5179	-1.38245e-06
0.518	-1.38718e-06
0.5181	-1.39086e-06
0.5182	-1.39225e-06
0.5183	-1.39382e-06
0.5184	-1.39669e-06
0.5185	-1.39832e-06
0.5186	-1.39858e-06
0.5187	-1.40194e-06
0.5188	-1.4026e-06
0.5189	-1.40321e-06
0.519	-1.40405e-06
0.5191	-1.40278e-06
0.5192	-1.40342e-06
0.5193	-1.40151e-06
0.5194	-1.40113e-06
0.5195	-1.40018e-06
0.5196	-1.39909e-06
0.5197	-1.39806e-06
0.5198	-1.39576e-06
0.5199	-1.39471e-06
0.52	-1.39244e-06
0.5201	-1.3904e-06
0.5202	-1.38743e-06
0.5203	-1.38463e-06
0.5204	-1.38352e-06
0.5205	-1.38066e-06
0.5206	-1.37838e-06
0.5207	-1.37684e-06
0.5208	-1.37375e-06
0.5209	-1.37024e-06
0.521	-1.36606e-06
0.5211	-1.36294e-06
0.5212	-1.36087e-06
0.5213	-1.35707e-06
0.5214	-1.35288e-06
0.5215	-1.34832e-06
0.5216	-1.34364e-06
0.5217	-1.34019e-06
0.5218	-1.33589e-06
0.5219	-1.33129e-06
0.522	-1.32672e-06
0.5221	-1.32182e-06
0.5222	-1.31559e-06
0.5223	-1.3128e-06
0.5224	-1.30892e-06
0.5225	-1.30432e-06
0.5226	-1.30028e-06
0.5227	-1.29469e-06
0.5228	-1.29053e-06
0.5229	-1.28514e-06
0.523	-1.28035e-06
0.5231	-1.27224e-06
0.5232	-1.26715e-06
0.5233	-1.26172e-06
0.5234	-1.25688e-06
0.5235	-1.25177e-06
0.5236	-1.24581e-06
0.5237	-1.24096e-06
0.5238	-1.23627e-06
0.5239	-1.23113e-06
0.524	-1.22331e-06
0.5241	-1.21695e-06
0.5242	-1.2132e-06
0.5243	-1.20774e-06
0.5244	-1.20258e-06
0.5245	-1.19795e-06
0.5246	-1.19281e-06
0.5247	-1.18725e-06
0.5248	-1.18354e-06
0.5249	-1.17598e-06
0.525	-1.16907e-06
0.5251	-1.16531e-06
0.5252	-1.15976e-06
0.5253	-1.15391e-06
0.5254	-1.14773e-06
0.5255	-1.14216e-06
0.5256	-1.13695e-06
0.5257	-1.1305e-06
0.5258	-1.1265e-06
0.5259	-1.11878e-06
0.526	-1.11282e-06
0.5261	-1.10856e-06
0.5262	-1.10353e-06
0.5263	-1.09754e-06
0.5264	-1.09328e-06
0.5265	-1.08791e-06
0.5266	-1.08147e-06
0.5267	-1.07602e-06
0.5268	-1.07006e-06
0.5269	-1.06701e-06
0.527	-1.06113e-06
0.5271	-1.05498e-06
0.5272	-1.04891e-06
0.5273	-1.04315e-06
0.5274	-1.03751e-06
0.5275	-1.03196e-06
0.5276	-1.02608e-06
0.5277	-1.0184e-06
0.5278	-1.01433e-06
0.5279	-1.00981e-06
0.528	-1.00372e-06
0.5281	-9.98462e-07
0.5282	-9.92118e-07
0.5283	-9.85691e-07
0.5284	-9.79996e-07
0.5285	-9.73737e-07
0.5286	-9.71079e-07
0.5287	-9.64865e-07
0.5288	-9.5847e-07
0.5289	-9.53981e-07
0.529	-9.48598e-07
0.5291	-9.4271e-07
0.5292	-9.37179e-07
0.5293	-9.31625e-07
0.5294	-9.24591e-07
0.5295	-9.19634e-07
0.5296	-9.15518e-07
0.5297	-9.09583e-07
0.5298	-9.03528e-07
0.5299	-8.98542e-07
0.53	-8.93432e-07
0.5301	-8.88463e-07
0.5302	-8.82577e-07
0.5303	-8.76817e-07
0.5304	-8.71091e-07
0.5305	-8.65363e-07
0.5306	-8.61888e-07
0.5307	-8.54442e-07
0.5308	-8.49141e-07
0.5309	-8.43215e-07
0.531	-8.36867e-07
0.5311	-8.31673e-07
0.5312	-8.25026e-07
0.5313	-8.18668e-07
0.5314	-8.13001e-07
0.5315	-8.06913e-07
0.5316	-8.00966e-07
0.5317	-7.92554e-07
0.5318	-7.86818e-07
0.5319	-7.80156e-07
0.532	-7.73483e-07
0.5321	-7.66624e-07
0.5322	-7.62436e-07
0.5323	-7.567e-07
0.5324	-7.49242e-07
0.5325	-7.42865e-07
0.5326	-7.34952e-07
0.5327	-7.27354e-07
0.5328	-7.19105e-07
0.5329	-7.11996e-07
0.533	-7.04886e-07
0.5331	-6.97884e-07
0.5332	-6.9042e-07
0.5333	-6.83856e-07
0.5334	-6.7646e-07
0.5335	-6.68507e-07
0.5336	-6.61683e-07
0.5337	-6.54264e-07
0.5338	-6.46357e-07
0.5339	-6.39287e-07
0.534	-6.31207e-07
0.5341	-6.23766e-07
0.5342	-6.16089e-07
0.5343	-6.08317e-07
0.5344	-6.00655e-07
0.5345	-5.92981e-07
0.5346	-5.85381e-07
0.5347	-5.77597e-07
0.5348	-5.70293e-07
0.5349	-5.61692e-07
0.535	-5.53116e-07
0.5351	-5.43826e-07
0.5352	-5.40814e-07
0.5353	-5.33651e-07
0.5354	-5.25936e-07
0.5355	-5.19497e-07
0.5356	-5.12075e-07
0.5357	-5.04341e-07
0.5358	-4.96891e-07
0.5359	-4.94559e-07
0.536	-4.87204e-07
0.5361	-4.79798e-07
0.5362	-4.69778e-07
0.5363	-4.62178e-07
0.5364	-4.55586e-07
0.5365	-4.46222e-07
0.5366	-4.4422e-07
0.5367	-4.42145e-07
0.5368	-4.32894e-07
0.5369	-4.30514e-07
0.537	-4.28904e-07
0.5371	-4.21854e-07
0.5372	-4.13873e-07
0.5373	-4.08615e-07
0.5374	-4.02551e-07
0.5375	-3.96e-07
0.5376	-3.9505e-07
0.5377	-3.89262e-07
0.5378	-3.88212e-07
0.5379	-3.82107e-07
0.538	-3.81259e-07
0.5381	-3.76958e-07
0.5382	-3.67617e-07
0.5383	-3.62466e-07
0.5384	-3.58001e-07
0.5385	-3.58276e-07
0.5386	-3.48722e-07
0.5387	-3.44183e-07
0.5388	-3.34468e-07
0.5389	-3.29329e-07
0.539	-3.25159e-07
0.5391	-3.16029e-07
0.5392	-3.17978e-07
0.5393	-3.13757e-07
0.5394	-3.09259e-07
0.5395	-3.11139e-07
0.5396	-3.14237e-07
0.5397	-3.11317e-07
0.5398	-3.02072e-07
0.5399	-2.99721e-07
0.54	-3.04135e-07
0.5401	-3.03003e-07
0.5402	-2.99131e-07
0.5403	-2.96733e-07
0.5404	-2.95053e-07
0.5405	-3.03678e-07
0.5406	-3.04196e-07
0.5407	-2.97207e-07
0.5408	-3.0022e-07
0.5409	-3.01439e-07
0.541	-3.01401e-07
0.5411	-3.06525e-07
0.5412	-3.0655e-07
0.5413	-3.07081e-07
0.5414	-3.06551e-07
0.5415	-3.07202e-07
0.5416	-3.06731e-07
0.5417	-3.07894e-07
0.5418	-3.09832e-07
0.5419	-3.11134e-07
0.542	-3.10916e-07
0.5421	-3.1263e-07
0.5422	-3.15176e-07
0.5423	-3.11974e-07
0.5424	-3.08572e-07
0.5425	-3.10303e-07
0.5426	-3.14237e-07
0.5427	-3.22235e-07
0.5428	-3.19474e-07
0.5429	-3.16898e-07
0.543	-3.19929e-07
0.5431	-3.18905e-07
0.5432	-3.17333e-07
0.5433	-3.16991e-07
0.5434	-3.16285e-07
0.5435	-3.14682e-07
0.5436	-3.20131e-07
0.5437	-3.23816e-07
0.5438	-3.23804e-07
0.5439	-3.24547e-07
0.544	-3.24702e-07
0.5441	-3.26066e-07
0.5442	-3.33322e-07
0.5443	-3.34171e-07
0.5444	-3.36037e-07
0.5445	-3.42208e-07
0.5446	-3.45261e-07
0.5447	-3.5226e-07
0.5448	-3.55545e-07
0.5449	-3.6481e-07
0.545	-3.71895e-07
0.5451	-3.75906e-07
0.5452	-3.85147e-07
0.5453	-3.92888e-07
0.5454	-3.98795e-07
0.5455	-4.0551e-07
0.5456	-4.15649e-07
0.5457	-4.22248e-07
0.5458	-4.30455e-07
0.5459	-4.3952e-07
0.546	-4.51153e-07
0.5461	-4.61001e-07
0.5462	-4.708e-07
0.5463	-4.81931e-07
0.5464	-4.90881e-07
0.5465	-5.00167e-07
0.5466	-5.14799e-07
0.5467	-5.28415e-07
0.5468	-5.38668e-07
0.5469	-5.50722e-07
0.547	-5.60933e-07
0.5471	-5.74774e-07
0.5472	-5.88226e-07
0.5473	-6.0175e-07
0.5474	-6.16925e-07
0.5475	-6.31929e-07
0.5476	-6.48926e-07
0.5477	-6.66854e-07
0.5478	-6.80186e-07
0.5479	-6.87292e-07
0.548	-7.08143e-07
0.5481	-7.21571e-07
0.5482	-7.35331e-07
0.5483	-7.49766e-07
0.5484	-7.6553e-07
0.5485	-7.81674e-07
0.5486	-7.96667e-07
0.5487	-8.13604e-07
0.5488	-8.30029e-07
0.5489	-8.4645e-07
0.549	-8.56593e-07
0.5491	-8.67178e-07
0.5492	-8.86918e-07
0.5493	-9.07744e-07
0.5494	-9.28825e-07
0.5495	-9.45537e-07
0.5496	-9.52432e-07
0.5497	-9.69559e-07
0.5498	-9.8596e-07
0.5499	-9.92742e-07
0.55	-1.00865e-06
0.5501	-1.02637e-06
0.5502	-1.0428e-06
0.5503	-1.06064e-06
0.5504	-1.07723e-06
0.5505	-1.09536e-06
0.5506	-1.11253e-06
0.5507	-1.12044e-06
0.5508	-1.13776e-06
0.5509	-1.15416e-06
0.551	-1.17133e-06
0.5511	-1.18862e-06
0.5512	-1.21073e-06
0.5513	-1.22621e-06
0.5514	-1.24291e-06
0.5515	-1.2578e-06
0.5516	-1.26399e-06
0.5517	-1.27948e-06
0.5518	-1.29393e-06
0.5519	-1.31059e-06
0.552	-1.32337e-06
0.5521	-1.34054e-06
0.5522	-1.35433e-06
0.5523	-1.36713e-06
0.5524	-1.38489e-06
0.5525	-1.39523e-06
0.5526	-1.40707e-06
0.5527	-1.41644e-06
0.5528	-1.42675e-06
0.5529	-1.43878e-06
0.553	-1.4492e-06
0.5531	-1.46422e-06
0.5532	-1.47777e-06
0.5533	-1.49333e-06
0.5534	-1.50217e-06
0.5535	-1.50996e-06
0.5536	-1.51827e-06
0.5537	-1.53252e-06
0.5538	-1.5449e-06
0.5539	-1.55333e-06
0.554	-1.56539e-06
0.5541	-1.5756e-06
0.5542	-1.58618e-06
0.5543	-1.59548e-06
0.5544	-1.60493e-06
0.5545	-1.61435e-06
0.5546	-1.62456e-06
0.5547	-1.63098e-06
0.5548	-1.63785e-06
0.5549	-1.64624e-06
0.555	-1.65348e-06
0.5551	-1.66027e-06
0.5552	-1.66487e-06
0.5553	-1.66858e-06
0.5554	-1.6736e-06
0.5555	-1.67772e-06
0.5556	-1.67726e-06
0.5557	-1.68121e-06
0.5558	-1.68427e-06
0.5559	-1.68722e-06
0.556	-1.68877e-06
0.5561	-1.69025e-06
0.5562	-1.69227e-06
0.5563	-1.69422e-06
0.5564	-1.69444e-06
0.5565	-1.6954e-06
0.5566	-1.69332e-06
0.5567	-1.69339e-06
0.5568	-1.69249e-06
0.5569	-1.69017e-06
0.557	-1.68857e-06
0.5571	-1.6864e-06
0.5572	-1.68489e-06
0.5573	-1.6844e-06
0.5574	-1.68232e-06
0.5575	-1.67864e-06
0.5576	-1.67503e-06
0.5577	-1.67268e-06
0.5578	-1.66864e-06
0.5579	-1.66577e-06
0.558	-1.66203e-06
0.5581	-1.65754e-06
0.5582	-1.6541e-06
0.5583	-1.64997e-06
0.5584	-1.64648e-06
0.5585	-1.64364e-06
0.5586	-1.63729e-06
0.5587	-1.6314e-06
0.5588	-1.62713e-06
0.5589	-1.6232e-06
0.559	-1.61938e-06
0.5591	-1.61605e-06
0.5592	-1.61053e-06
0.5593	-1.60433e-06
0.5594	-1.59888e-06
0.5595	-1.59444e-06
0.5596	-1.58649e-06
0.5597	-1.5797e-06
0.5598	-1.57435e-06
0.5599	-1.5682e-06
0.56	-1.56272e-06
0.5601	-1.55669e-06
0.5602	-1.55055e-06
0.5603	-1.54453e-06
0.5604	-1.53553e-06
0.5605	-1.52588e-06
0.5606	-1.51834e-06
0.5607	-1.51129e-06
0.5608	-1.50405e-06
0.5609	-1.49537e-06
0.561	-1.49102e-06
0.5611	-1.48306e-06
0.5612	-1.47488e-06
0.5613	-1.46623e-06
0.5614	-1.46005e-06
0.5615	-1.4502e-06
0.5616	-1.44087e-06
0.5617	-1.43231e-06
0.5618	-1.42395e-06
0.5619	-1.41572e-06
0.562	-1.40701e-06
0.5621	-1.39891e-06
0.5622	-1.38986e-06
0.5623	-1.38142e-06
0.5624	-1.37e-06
0.5625	-1.36113e-06
0.5626	-1.35163e-06
0.5627	-1.34192e-06
0.5628	-1.33163e-06
0.5629	-1.32183e-06
0.563	-1.31253e-06
0.5631	-1.30243e-06
0.5632	-1.2921e-06
0.5633	-1.28313e-06
0.5634	-1.27173e-06
0.5635	-1.26397e-06
0.5636	-1.25497e-06
0.5637	-1.24821e-06
0.5638	-1.23956e-06
0.5639	-1.22992e-06
0.564	-1.21969e-06
0.5641	-1.20899e-06
0.5642	-1.20016e-06
0.5643	-1.18895e-06
0.5644	-1.1797e-06
0.5645	-1.17003e-06
0.5646	-1.15973e-06
0.5647	-1.14846e-06
0.5648	-1.13792e-06
0.5649	-1.12653e-06
0.565	-1.11642e-06
0.5651	-1.10859e-06
0.5652	-1.09733e-06
0.5653	-1.08646e-06
0.5654	-1.07999e-06
0.5655	-1.06979e-06
0.5656	-1.06196e-06
0.5657	-1.05358e-06
0.5658	-1.04486e-06
0.5659	-1.03468e-06
0.566	-1.02392e-06
0.5661	-1.01324e-06
0.5662	-1.00369e-06
0.5663	-9.96615e-07
0.5664	-9.87442e-07
0.5665	-9.76617e-07
0.5666	-9.66011e-07
0.5667	-9.5502e-07
0.5668	-9.43592e-07
0.5669	-9.37904e-07
0.567	-9.31444e-07
0.5671	-9.21546e-07
0.5672	-9.14334e-07
0.5673	-9.0408e-07
0.5674	-8.96683e-07
0.5675	-8.91901e-07
0.5676	-8.84874e-07
0.5677	-8.73879e-07
0.5678	-8.69002e-07
0.5679	-8.59291e-07
0.568	-8.55092e-07
0.5681	-8.45539e-07
0.5682	-8.40632e-07
0.5683	-8.35608e-07
0.5684	-8.3049e-07
0.5685	-8.2062e-07
0.5686	-8.17639e-07
0.5687	-8.09075e-07
0.5688	-8.04779e-07
0.5689	-7.99781e-07
0.569	-7.8839e-07
0.5691	-7.86391e-07
0.5692	-7.81281e-07
0.5693	-7.78942e-07
0.5694	-7.76791e-07
0.5695	-7.67871e-07
0.5696	-7.65537e-07
0.5697	-7.66116e-07
0.5698	-7.62997e-07
0.5699	-7.61444e-07
0.57	-7.63164e-07
0.5701	-7.6419e-07
0.5702	-7.64181e-07
0.5703	-7.64697e-07
0.5704	-7.6553e-07
0.5705	-7.66233e-07
0.5706	-7.67303e-07
0.5707	-7.64745e-07
0.5708	-7.57937e-07
0.5709	-7.58558e-07
0.571	-7.59388e-07
0.5711	-7.62269e-07
0.5712	-7.57632e-07
0.5713	-7.5401e-07
0.5714	-7.50237e-07
0.5715	-7.53272e-07
0.5716	-7.5538e-07
0.5717	-7.53792e-07
0.5718	-7.58783e-07
0.5719	-7.60587e-07
0.572	-7.65374e-07
0.5721	-7.62731e-07
0.5722	-7.66704e-07
0.5723	-7.71967e-07
0.5724	-7.72776e-07
0.5725	-7.74154e-07
0.5726	-7.77567e-07
0.5727	-7.77834e-07
0.5728	-7.82494e-07
0.5729	-7.8389e-07
0.573	-7.86892e-07
0.5731	-7.88696e-07
0.5732	-7.91767e-07
0.5733	-7.95656e-07
0.5734	-7.99138e-07
0.5735	-8.0442e-07
0.5736	-8.10351e-07
0.5737	-8.16119e-07
0.5738	-8.23397e-07
0.5739	-8.29413e-07
0.574	-8.32835e-07
0.5741	-8.39241e-07
0.5742	-8.42891e-07
0.5743	-8.46437e-07
0.5744	-8.52484e-07
0.5745	-8.59883e-07
0.5746	-8.65612e-07
0.5747	-8.73373e-07
0.5748	-8.81277e-07
0.5749	-8.88789e-07
0.575	-8.97579e-07
0.5751	-9.0428e-07
0.5752	-9.14204e-07
0.5753	-9.17474e-07
0.5754	-9.26785e-07
0.5755	-9.37478e-07
0.5756	-9.41558e-07
0.5757	-9.52616e-07
0.5758	-9.62298e-07
0.5759	-9.69484e-07
0.576	-9.75526e-07
0.5761	-9.78843e-07
0.5762	-9.90808e-07
0.5763	-1.00228e-06
0.5764	-1.01061e-06
0.5765	-1.02133e-06
0.5766	-1.03088e-06
0.5767	-1.04598e-06
0.5768	-1.05442e-06
0.5769	-1.05867e-06
0.577	-1.0614e-06
0.5771	-1.06571e-06
0.5772	-1.07896e-06
0.5773	-1.09098e-06
0.5774	-1.09951e-06
0.5775	-1.10422e-06
0.5776	-1.11207e-06
0.5777	-1.11547e-06
0.5778	-1.12403e-06
0.5779	-1.13253e-06
0.578	-1.1464e-06
0.5781	-1.15577e-06
0.5782	-1.15833e-06
0.5783	-1.16564e-06
0.5784	-1.17943e-06
0.5785	-1.19063e-06
0.5786	-1.19973e-06
0.5787	-1.20344e-06
0.5788	-1.21293e-06
0.5789	-1.22273e-06
0.579	-1.23155e-06
0.5791	-1.24018e-06
0.5792	-1.24617e-06
0.5793	-1.2496e-06
0.5794	-1.26148e-06
0.5795	-1.27015e-06
0.5796	-1.27617e-06
0.5797	-1.28416e-06
0.5798	-1.29093e-06
0.5799	-1.29885e-06
0.58	-1.30416e-06
0.5801	-1.31063e-06
0.5802	-1.3171e-06
0.5803	-1.32482e-06
0.5804	-1.33182e-06
0.5805	-1.33605e-06
0.5806	-1.3434e-06
0.5807	-1.34733e-06
0.5808	-1.35269e-06
0.5809	-1.35706e-06
0.581	-1.36492e-06
0.5811	-1.36994e-06
0.5812	-1.37334e-06
0.5813	-1.37803e-06
0.5814	-1.38257e-06
0.5815	-1.38613e-06
0.5816	-1.38959e-06
0.5817	-1.39229e-06
0.5818	-1.39624e-06
0.5819	-1.3999e-06
0.582	-1.40189e-06
0.5821	-1.40441e-06
0.5822	-1.40604e-06
0.5823	-1.40871e-06
0.5824	-1.40926e-06
0.5825	-1.40931e-06
0.5826	-1.41074e-06
0.5827	-1.41247e-06
0.5828	-1.41343e-06
0.5829	-1.41368e-06
0.583	-1.41362e-06
0.5831	-1.41405e-06
0.5832	-1.41344e-06
0.5833	-1.41417e-06
0.5834	-1.41238e-06
0.5835	-1.4116e-06
0.5836	-1.41069e-06
0.5837	-1.40887e-06
0.5838	-1.40845e-06
0.5839	-1.4063e-06
0.584	-1.40405e-06
0.5841	-1.40134e-06
0.5842	-1.40025e-06
0.5843	-1.39788e-06
0.5844	-1.39448e-06
0.5845	-1.3911e-06
0.5846	-1.38862e-06
0.5847	-1.38565e-06
0.5848	-1.38019e-06
0.5849	-1.37666e-06
0.585	-1.37219e-06
0.5851	-1.36831e-06
0.5852	-1.36441e-06
0.5853	-1.35969e-06
0.5854	-1.35537e-06
0.5855	-1.35079e-06
0.5856	-1.3461e-06
0.5857	-1.34224e-06
0.5858	-1.3387e-06
0.5859	-1.3324e-06
0.586	-1.32487e-06
0.5861	-1.32213e-06
0.5862	-1.31652e-06
0.5863	-1.31261e-06
0.5864	-1.30734e-06
0.5865	-1.30258e-06
0.5866	-1.29695e-06
0.5867	-1.29128e-06
0.5868	-1.28664e-06
0.5869	-1.28144e-06
0.587	-1.27476e-06
0.5871	-1.26843e-06
0.5872	-1.26291e-06
0.5873	-1.2568e-06
0.5874	-1.25201e-06
0.5875	-1.24618e-06
0.5876	-1.23967e-06
0.5877	-1.23373e-06
0.5878	-1.2274e-06
0.5879	-1.22095e-06
0.588	-1.217e-06
0.5881	-1.21263e-06
0.5882	-1.20691e-06
0.5883	-1.20231e-06
0.5884	-1.19708e-06
0.5885	-1.19267e-06
0.5886	-1.18655e-06
0.5887	-1.18186e-06
0.5888	-1.17623e-06
0.5889	-1.17251e-06
0.589	-1.16676e-06
0.5891	-1.16069e-06
0.5892	-1.1553e-06
0.5893	-1.15034e-06
0.5894	-1.14448e-06
0.5895	-1.13976e-06
0.5896	-1.13649e-06
0.5897	-1.13178e-06
0.5898	-1.12513e-06
0.5899	-1.11988e-06
0.59	-1.11354e-06
0.5901	-1.10818e-06
0.5902	-1.10324e-06
0.5903	-1.09871e-06
0.5904	-1.09322e-06
0.5905	-1.08784e-06
0.5906	-1.08219e-06
0.5907	-1.07986e-06
0.5908	-1.07414e-06
0.5909	-1.0689e-06
0.591	-1.06456e-06
0.5911	-1.0598e-06
0.5912	-1.05341e-06
0.5913	-1.04833e-06
0.5914	-1.0434e-06
0.5915	-1.03782e-06
0.5916	-1.03244e-06
0.5917	-1.02667e-06
0.5918	-1.02182e-06
0.5919	-1.01673e-06
0.592	-1.01159e-06
0.5921	-1.00772e-06
0.5922	-1.0021e-06
0.5923	-9.95534e-07
0.5924	-9.88339e-07
0.5925	-9.86005e-07
0.5926	-9.81808e-07
0.5927	-9.76179e-07
0.5928	-9.72369e-07
0.5929	-9.66477e-07
0.593	-9.60821e-07
0.5931	-9.56018e-07
0.5932	-9.50152e-07
0.5933	-9.43063e-07
0.5934	-9.38708e-07
0.5935	-9.33614e-07
0.5936	-9.28435e-07
0.5937	-9.23247e-07
0.5938	-9.17579e-07
0.5939	-9.11657e-07
0.594	-9.06429e-07
0.5941	-9.0092e-07
0.5942	-8.94261e-07
0.5943	-8.89132e-07
0.5944	-8.8286e-07
0.5945	-8.75941e-07
0.5946	-8.69263e-07
0.5947	-8.63861e-07
0.5948	-8.57721e-07
0.5949	-8.5206e-07
0.595	-8.45539e-07
0.5951	-8.4022e-07
0.5952	-8.34775e-07
0.5953	-8.27668e-07
0.5954	-8.21706e-07
0.5955	-8.14452e-07
0.5956	-8.08038e-07
0.5957	-8.00952e-07
0.5958	-7.94134e-07
0.5959	-7.89962e-07
0.596	-7.84153e-07
0.5961	-7.77888e-07
0.5962	-7.71305e-07
0.5963	-7.62737e-07
0.5964	-7.56326e-07
0.5965	-7.48222e-07
0.5966	-7.4103e-07
0.5967	-7.33614e-07
0.5968	-7.26522e-07
0.5969	-7.19312e-07
0.597	-7.1249e-07
0.5971	-7.05383e-07
0.5972	-6.97914e-07
0.5973	-6.90113e-07
0.5974	-6.82435e-07
0.5975	-6.74282e-07
0.5976	-6.67524e-07
0.5977	-6.60992e-07
0.5978	-6.53441e-07
0.5979	-6.44955e-07
0.598	-6.36727e-07
0.5981	-6.31923e-07
0.5982	-6.24131e-07
0.5983	-6.15776e-07
0.5984	-6.07738e-07
0.5985	-6.00434e-07
0.5986	-5.96579e-07
0.5987	-5.87457e-07
0.5988	-5.79669e-07
0.5989	-5.70271e-07
0.599	-5.64024e-07
0.5991	-5.59911e-07
0.5992	-5.5205e-07
0.5993	-5.44231e-07
0.5994	-5.35888e-07
0.5995	-5.2848e-07
0.5996	-5.20936e-07
0.5997	-5.14048e-07
0.5998	-5.06405e-07
0.5999	-4.97933e-07
0.6	-4.91592e-07
0.6001	-4.84449e-07
0.6002	-4.76944e-07
0.6003	-4.67071e-07
0.6004	-4.59551e-07
0.6005	-4.48779e-07
0.6006	-4.41494e-07
0.6007	-4.34066e-07
0.6008	-4.27728e-07
0.6009	-4.26039e-07
0.601	-4.18831e-07
0.6011	-4.14186e-07
0.6012	-4.05003e-07
0.6013	-3.94834e-07
0.6014	-3.88895e-07
0.6015	-3.82733e-07
0.6016	-3.81992e-07
0.6017	-3.81644e-07
0.6018	-3.75888e-07
0.6019	-3.71197e-07
0.602	-3.71183e-07
0.6021	-3.61819e-07
0.6022	-3.57933e-07
0.6023	-3.52928e-07
0.6024	-3.47544e-07
0.6025	-3.42181e-07
0.6026	-3.32448e-07
0.6027	-3.28739e-07
0.6028	-3.3068e-07
0.6029	-3.21046e-07
0.603	-3.1836e-07
0.6031	-3.09777e-07
0.6032	-3.05064e-07
0.6033	-3.01091e-07
0.6034	-2.91815e-07
0.6035	-2.88439e-07
0.6036	-2.91398e-07
0.6037	-2.88595e-07
0.6038	-2.85787e-07
0.6039	-2.90521e-07
0.604	-2.81541e-07
0.6041	-2.78058e-07
0.6042	-2.75835e-07
0.6043	-2.73734e-07
0.6044	-2.73889e-07
0.6045	-2.68398e-07
0.6046	-2.61011e-07
0.6047	-2.62877e-07
0.6048	-2.61988e-07
0.6049	-2.6142e-07
0.605	-2.6573e-07
0.6051	-2.60688e-07
0.6052	-2.54661e-07
0.6053	-2.58655e-07
0.6054	-2.5336e-07
0.6055	-2.48817e-07
0.6056	-2.50587e-07
0.6057	-2.5124e-07
0.6058	-2.51294e-07
0.6059	-2.46095e-07
0.606	-2.4115e-07
0.6061	-2.37714e-07
0.6062	-2.33849e-07
0.6063	-2.36169e-07
0.6064	-2.37141e-07
0.6065	-2.39874e-07
0.6066	-2.49201e-07
0.6067	-2.45182e-07
0.6068	-2.42269e-07
0.6069	-2.38959e-07
0.607	-2.3743e-07
0.6071	-2.3453e-07
0.6072	-2.33717e-07
0.6073	-2.30873e-07
0.6074	-2.28081e-07
0.6075	-2.29137e-07
0.6076	-2.28615e-07
0.6077	-2.28032e-07
0.6078	-2.28461e-07
0.6079	-2.28137e-07
0.608	-2.29889e-07
0.6081	-2.33764e-07
0.6082	-2.41352e-07
0.6083	-2.41355e-07
0.6084	-2.5286e-07
0.6085	-2.56195e-07
0.6086	-2.64691e-07
0.6087	-2.69726e-07
0.6088	-2.77222e-07
0.6089	-2.841e-07
0.609	-2.89369e-07
0.6091	-2.93068e-07
0.6092	-2.99391e-07
0.6093	-3.06811e-07
0.6094	-3.17622e-07
0.6095	-3.28127e-07
0.6096	-3.38915e-07
0.6097	-3.47044e-07
0.6098	-3.56494e-07
0.6099	-3.67648e-07
0.61	-3.79637e-07
0.6101	-3.87795e-07
0.6102	-3.97885e-07
0.6103	-4.06438e-07
0.6104	-4.16612e-07
0.6105	-4.29569e-07
0.6106	-4.38543e-07
0.6107	-4.50887e-07
0.6108	-4.61524e-07
0.6109	-4.76554e-07
0.611	-4.90894e-07
0.6111	-4.98331e-07
0.6112	-5.11869e-07
0.6113	-5.27928e-07
0.6114	-5.44689e-07
0.6115	-5.6089e-07
0.6116	-5.76399e-07
0.6117	-5.94002e-07
0.6118	-6.14454e-07
0.6119	-6.26955e-07
0.612	-6.39246e-07
0.6121	-6.50412e-07
0.6122	-6.68022e-07
0.6123	-6.83388e-07
0.6124	-6.99213e-07
0.6125	-7.17771e-07
0.6126	-7.34713e-07
0.6127	-7.54642e-07
0.6128	-7.70341e-07
0.6129	-7.90785e-07
0.613	-8.11188e-07
0.6131	-8.28492e-07
0.6132	-8.44809e-07
0.6133	-8.67798e-07
0.6134	-8.89794e-07
0.6135	-9.01322e-07
0.6136	-9.08513e-07
0.6137	-9.28056e-07
0.6138	-9.46437e-07
0.6139	-9.64747e-07
0.614	-9.83245e-07
0.6141	-9.91128e-07
0.6142	-1.01518e-06
0.6143	-1.03242e-06
0.6144	-1.04045e-06
0.6145	-1.06232e-06
0.6146	-1.07897e-06
0.6147	-1.09599e-06
0.6148	-1.11747e-06
0.6149	-1.13383e-06
0.615	-1.15085e-06
0.6151	-1.17204e-06
0.6152	-1.19335e-06
0.6153	-1.21396e-06
0.6154	-1.23435e-06
0.6155	-1.25214e-06
0.6156	-1.267e-06
0.6157	-1.28221e-06
0.6158	-1.29192e-06
0.6159	-1.31019e-06
0.616	-1.32372e-06
0.6161	-1.34006e-06
0.6162	-1.35759e-06
0.6163	-1.37567e-06
0.6164	-1.38861e-06
0.6165	-1.40282e-06
0.6166	-1.41201e-06
0.6167	-1.42443e-06
0.6168	-1.43511e-06
0.6169	-1.45178e-06
0.617	-1.46665e-06
0.6171	-1.48157e-06
0.6172	-1.49591e-06
0.6173	-1.50551e-06
0.6174	-1.51758e-06
0.6175	-1.52527e-06
0.6176	-1.53755e-06
0.6177	-1.54925e-06
0.6178	-1.56092e-06
0.6179	-1.5713e-06
0.618	-1.58044e-06
0.6181	-1.5903e-06
0.6182	-1.59949e-06
0.6183	-1.60758e-06
0.6184	-1.61625e-06
0.6185	-1.62578e-06
0.6186	-1.6322e-06
0.6187	-1.63906e-06
0.6188	-1.64718e-06
0.6189	-1.65378e-06
0.619	-1.65587e-06
0.6191	-1.66129e-06
0.6192	-1.66175e-06
0.6193	-1.66049e-06
0.6194	-1.66434e-06
0.6195	-1.66651e-06
0.6196	-1.66831e-06
0.6197	-1.67141e-06
0.6198	-1.67318e-06
0.6199	-1.67493e-06
0.62	-1.67581e-06
0.6201	-1.67739e-06
0.6202	-1.6788e-06
0.6203	-1.68325e-06
0.6204	-1.68462e-06
0.6205	-1.67766e-06
0.6206	-1.67771e-06
0.6207	-1.67701e-06
0.6208	-1.67566e-06
0.6209	-1.67491e-06
0.621	-1.6744e-06
0.6211	-1.6725e-06
0.6212	-1.67064e-06
0.6213	-1.66809e-06
0.6214	-1.66296e-06
0.6215	-1.65763e-06
0.6216	-1.65387e-06
0.6217	-1.65076e-06
0.6218	-1.64742e-06
0.6219	-1.64389e-06
0.622	-1.64075e-06
0.6221	-1.6369e-06
0.6222	-1.63403e-06
0.6223	-1.63121e-06
0.6224	-1.62447e-06
0.6225	-1.6205e-06
0.6226	-1.61604e-06
0.6227	-1.61081e-06
0.6228	-1.60628e-06
0.6229	-1.60239e-06
0.623	-1.59813e-06
0.6231	-1.59347e-06
0.6232	-1.58795e-06
0.6233	-1.58427e-06
0.6234	-1.57915e-06
0.6235	-1.57376e-06
0.6236	-1.56623e-06
0.6237	-1.5605e-06
0.6238	-1.55541e-06
0.6239	-1.55008e-06
0.624	-1.54376e-06
0.6241	-1.54027e-06
0.6242	-1.53409e-06
0.6243	-1.52269e-06
0.6244	-1.51712e-06
0.6245	-1.50927e-06
0.6246	-1.50262e-06
0.6247	-1.4951e-06
0.6248	-1.48928e-06
0.6249	-1.48123e-06
0.625	-1.47331e-06
0.6251	-1.46472e-06
0.6252	-1.45723e-06
0.6253	-1.44805e-06
0.6254	-1.441e-06
0.6255	-1.43246e-06
0.6256	-1.42425e-06
0.6257	-1.41715e-06
0.6258	-1.41121e-06
0.6259	-1.40003e-06
0.626	-1.39128e-06
0.6261	-1.38368e-06
0.6262	-1.37555e-06
0.6263	-1.36481e-06
0.6264	-1.35599e-06
0.6265	-1.34736e-06
0.6266	-1.33862e-06
0.6267	-1.32921e-06
0.6268	-1.32003e-06
0.6269	-1.31464e-06
0.627	-1.30469e-06
0.6271	-1.2957e-06
0.6272	-1.28645e-06
0.6273	-1.27466e-06
0.6274	-1.26715e-06
0.6275	-1.25711e-06
0.6276	-1.24747e-06
0.6277	-1.24011e-06
0.6278	-1.23058e-06
0.6279	-1.22016e-06
0.628	-1.21172e-06
0.6281	-1.20125e-06
0.6282	-1.19197e-06
0.6283	-1.18191e-06
0.6284	-1.17107e-06
0.6285	-1.16017e-06
0.6286	-1.15071e-06
0.6287	-1.13974e-06
0.6288	-1.12887e-06
0.6289	-1.11978e-06
0.629	-1.11137e-06
0.6291	-1.09946e-06
0.6292	-1.09117e-06
0.6293	-1.08162e-06
0.6294	-1.07351e-06
0.6295	-1.06589e-06
0.6296	-1.05487e-06
0.6297	-1.04597e-06
0.6298	-1.03851e-06
0.6299	-1.03123e-06
0.63	-1.02355e-06
0.6301	-1.01309e-06
0.6302	-9.99924e-07
0.6303	-9.92331e-07
0.6304	-9.81606e-07
0.6305	-9.70311e-07
0.6306	-9.63018e-07
0.6307	-9.55944e-07
0.6308	-9.46043e-07
0.6309	-9.35578e-07
0.631	-9.24746e-07
0.6311	-9.1293e-07
0.6312	-9.02645e-07
0.6313	-8.88926e-07
0.6314	-8.78234e-07
0.6315	-8.69495e-07
0.6316	-8.58921e-07
0.6317	-8.51917e-07
0.6318	-8.45564e-07
0.6319	-8.35594e-07
0.632	-8.2963e-07
0.6321	-8.25094e-07
0.6322	-8.14832e-07
0.6323	-8.10357e-07
0.6324	-8.01147e-07
0.6325	-7.92907e-07
0.6326	-7.8939e-07
0.6327	-7.85001e-07
0.6328	-7.75328e-07
0.6329	-7.72848e-07
0.633	-7.60993e-07
0.6331	-7.5861e-07
0.6332	-7.56491e-07
0.6333	-7.50849e-07
0.6334	-7.40801e-07
0.6335	-7.36936e-07
0.6336	-7.34156e-07
0.6337	-7.30422e-07
0.6338	-7.27793e-07
0.6339	-7.2134e-07
0.634	-7.18976e-07
0.6341	-7.12338e-07
0.6342	-7.14641e-07
0.6343	-7.13834e-07
0.6344	-7.15139e-07
0.6345	-7.1643e-07
0.6346	-7.16566e-07
0.6347	-7.19407e-07
0.6348	-7.13194e-07
0.6349	-7.10687e-07
0.635	-7.11779e-07
0.6351	-7.15954e-07
0.6352	-7.15755e-07
0.6353	-7.17334e-07
0.6354	-7.13167e-07
0.6355	-7.15951e-07
0.6356	-7.12092e-07
0.6357	-7.1103e-07
0.6358	-7.18379e-07
0.6359	-7.22177e-07
0.636	-7.25889e-07
0.6361	-7.3048e-07
0.6362	-7.33895e-07
0.6363	-7.40709e-07
0.6364	-7.38879e-07
0.6365	-7.35781e-07
0.6366	-7.3463e-07
0.6367	-7.37503e-07
0.6368	-7.42087e-07
0.6369	-7.47849e-07
0.637	-7.48837e-07
0.6371	-7.54413e-07
0.6372	-7.56479e-07
0.6373	-7.60211e-07
0.6374	-7.66861e-07
0.6375	-7.71538e-07
0.6376	-7.74407e-07
0.6377	-7.86007e-07
0.6378	-7.92717e-07
0.6379	-7.97572e-07
0.638	-8.03042e-07
0.6381	-8.11023e-07
0.6382	-8.15543e-07
0.6383	-8.19363e-07
0.6384	-8.25786e-07
0.6385	-8.33267e-07
0.6386	-8.42287e-07
0.6387	-8.4913e-07
0.6388	-8.51911e-07
0.6389	-8.59999e-07
0.639	-8.68391e-07
0.6391	-8.77189e-07
0.6392	-8.78954e-07
0.6393	-8.89597e-07
0.6394	-9.0109e-07
0.6395	-9.03097e-07
0.6396	-9.1361e-07
0.6397	-9.24134e-07
0.6398	-9.39332e-07
0.6399	-9.41713e-07
0.64	-9.47452e-07
0.6401	-9.49645e-07
0.6402	-9.61237e-07
0.6403	-9.70368e-07
0.6404	-9.78194e-07
0.6405	-9.80711e-07
0.6406	-9.87918e-07
0.6407	-9.98046e-07
0.6408	-1.00681e-06
0.6409	-1.01009e-06
0.641	-1.01344e-06
0.6411	-1.01724e-06
0.6412	-1.02196e-06
0.6413	-1.03509e-06
0.6414	-1.04179e-06
0.6415	-1.04934e-06
0.6416	-1.05248e-06
0.6417	-1.05773e-06
0.6418	-1.06136e-06
0.6419	-1.07376e-06
0.642	-1.07909e-06
0.6421	-1.08321e-06
0.6422	-1.08775e-06
0.6423	-1.09679e-06
0.6424	-1.10418e-06
0.6425	-1.11474e-06
0.6426	-1.11855e-06
0.6427	-1.12458e-06
0.6428	-1.13097e-06
0.6429	-1.13967e-06
0.643	-1.14427e-06
0.6431	-1.1532e-06
0.6432	-1.15918e-06
0.6433	-1.16457e-06
0.6434	-1.17346e-06
0.6435	-1.18245e-06
0.6436	-1.18764e-06
0.6437	-1.19427e-06
0.6438	-1.19973e-06
0.6439	-1.2076e-06
0.644	-1.21221e-06
0.6441	-1.21602e-06
0.6442	-1.22058e-06
0.6443	-1.23082e-06
0.6444	-1.23691e-06
0.6445	-1.24453e-06
0.6446	-1.25074e-06
0.6447	-1.25648e-06
0.6448	-1.26058e-06
0.6449	-1.26531e-06
0.645	-1.26866e-06
0.6451	-1.27338e-06
0.6452	-1.27775e-06
0.6453	-1.28402e-06
0.6454	-1.2883e-06
0.6455	-1.29249e-06
0.6456	-1.29587e-06
0.6457	-1.29967e-06
0.6458	-1.30274e-06
0.6459	-1.30652e-06
0.646	-1.30896e-06
0.6461	-1.312e-06
0.6462	-1.31187e-06
0.6463	-1.31346e-06
0.6464	-1.31443e-06
0.6465	-1.31635e-06
0.6466	-1.31753e-06
0.6467	-1.31955e-06
0.6468	-1.3182e-06
0.6469	-1.31831e-06
0.647	-1.31899e-06
0.6471	-1.31938e-06
0.6472	-1.31842e-06
0.6473	-1.31751e-06
0.6474	-1.31685e-06
0.6475	-1.31537e-06
0.6476	-1.31344e-06
0.6477	-1.31137e-06
0.6478	-1.31094e-06
0.6479	-1.3087e-06
0.648	-1.30593e-06
0.6481	-1.30507e-06
0.6482	-1.30312e-06
0.6483	-1.30089e-06
0.6484	-1.29734e-06
0.6485	-1.29456e-06
0.6486	-1.29203e-06
0.6487	-1.28761e-06
0.6488	-1.28336e-06
0.6489	-1.27967e-06
0.649	-1.27541e-06
0.6491	-1.27154e-06
0.6492	-1.26764e-06
0.6493	-1.26389e-06
0.6494	-1.25988e-06
0.6495	-1.25595e-06
0.6496	-1.25135e-06
0.6497	-1.24731e-06
0.6498	-1.24272e-06
0.6499	-1.23869e-06
0.65	-1.23237e-06
0.6501	-1.23035e-06
0.6502	-1.22554e-06
0.6503	-1.22149e-06
0.6504	-1.21773e-06
0.6505	-1.21281e-06
0.6506	-1.20688e-06
0.6507	-1.20222e-06
0.6508	-1.19781e-06
0.6509	-1.18996e-06
0.651	-1.18448e-06
0.6511	-1.17986e-06
0.6512	-1.17563e-06
0.6513	-1.16982e-06
0.6514	-1.16379e-06
0.6515	-1.1586e-06
0.6516	-1.15275e-06
0.6517	-1.14859e-06
0.6518	-1.14053e-06
0.6519	-1.1365e-06
0.652	-1.13191e-06
0.6521	-1.12724e-06
0.6522	-1.12295e-06
0.6523	-1.11622e-06
0.6524	-1.11136e-06
0.6525	-1.10599e-06
0.6526	-1.10205e-06
0.6527	-1.09606e-06
0.6528	-1.08937e-06
0.6529	-1.08601e-06
0.653	-1.08116e-06
0.6531	-1.07538e-06
0.6532	-1.06995e-06
0.6533	-1.06464e-06
0.6534	-1.05953e-06
0.6535	-1.05419e-06
0.6536	-1.05093e-06
0.6537	-1.04392e-06
0.6538	-1.03832e-06
0.6539	-1.03462e-06
0.654	-1.02998e-06
0.6541	-1.02582e-06
0.6542	-1.01952e-06
0.6543	-1.01519e-06
0.6544	-1.00956e-06
0.6545	-1.00329e-06
0.6546	-9.97758e-07
0.6547	-9.94806e-07
0.6548	-9.9043e-07
0.6549	-9.85756e-07
0.655	-9.80012e-07
0.6551	-9.74189e-07
0.6552	-9.68425e-07
0.6553	-9.62594e-07
0.6554	-9.56768e-07
0.6555	-9.51552e-07
0.6556	-9.4668e-07
0.6557	-9.41173e-07
0.6558	-9.36225e-07
0.6559	-9.30374e-07
0.656	-9.26036e-07
0.6561	-9.21218e-07
0.6562	-9.17027e-07
0.6563	-9.10981e-07
0.6564	-9.04594e-07
0.6565	-9.01018e-07
0.6566	-8.98913e-07
0.6567	-8.93427e-07
0.6568	-8.8809e-07
0.6569	-8.82636e-07
0.657	-8.76943e-07
0.6571	-8.7135e-07
0.6572	-8.65341e-07
0.6573	-8.58573e-07
0.6574	-8.52954e-07
0.6575	-8.48207e-07
0.6576	-8.43114e-07
0.6577	-8.37815e-07
0.6578	-8.32113e-07
0.6579	-8.27041e-07
0.658	-8.20048e-07
0.6581	-8.14613e-07
0.6582	-8.09039e-07
0.6583	-8.02928e-07
0.6584	-7.97139e-07
0.6585	-7.90769e-07
0.6586	-7.8445e-07
0.6587	-7.78901e-07
0.6588	-7.73721e-07
0.6589	-7.68393e-07
0.659	-7.61673e-07
0.6591	-7.55512e-07
0.6592	-7.50088e-07
0.6593	-7.43268e-07
0.6594	-7.36731e-07
0.6595	-7.30806e-07
0.6596	-7.23776e-07
0.6597	-7.17628e-07
0.6598	-7.10228e-07
0.6599	-7.03835e-07
0.66	-6.97579e-07
0.6601	-6.91897e-07
0.6602	-6.84975e-07
0.6603	-6.78298e-07
0.6604	-6.70276e-07
0.6605	-6.62866e-07
0.6606	-6.57332e-07
0.6607	-6.50742e-07
0.6608	-6.43087e-07
0.6609	-6.36135e-07
0.661	-6.29069e-07
0.6611	-6.24149e-07
0.6612	-6.16979e-07
0.6613	-6.09228e-07
0.6614	-6.00844e-07
0.6615	-5.92325e-07
0.6616	-5.85005e-07
0.6617	-5.78695e-07
0.6618	-5.71169e-07
0.6619	-5.63225e-07
0.662	-5.5588e-07
0.6621	-5.47085e-07
0.6622	-5.39643e-07
0.6623	-5.31915e-07
0.6624	-5.24308e-07
0.6625	-5.16502e-07
0.6626	-5.09066e-07
0.6627	-5.00925e-07
0.6628	-4.94153e-07
0.6629	-4.86874e-07
0.663	-4.78464e-07
0.6631	-4.75581e-07
0.6632	-4.71073e-07
0.6633	-4.63519e-07
0.6634	-4.56062e-07
0.6635	-4.47525e-07
0.6636	-4.43875e-07
0.6637	-4.35985e-07
0.6638	-4.29307e-07
0.6639	-4.21974e-07
0.664	-4.19403e-07
0.6641	-4.11902e-07
0.6642	-4.0418e-07
0.6643	-4.01856e-07
0.6644	-3.92352e-07
0.6645	-3.846e-07
0.6646	-3.75325e-07
0.6647	-3.68976e-07
0.6648	-3.59418e-07
0.6649	-3.51849e-07
0.665	-3.45334e-07
0.6651	-3.37901e-07
0.6652	-3.34258e-07
0.6653	-3.24585e-07
0.6654	-3.17912e-07
0.6655	-3.16836e-07
0.6656	-3.1157e-07
0.6657	-3.11632e-07
0.6658	-3.05862e-07
0.6659	-2.99775e-07
0.666	-2.94186e-07
0.6661	-2.85725e-07
0.6662	-2.81086e-07
0.6663	-2.76798e-07
0.6664	-2.77338e-07
0.6665	-2.67794e-07
0.6666	-2.62153e-07
0.6667	-2.63379e-07
0.6668	-2.64185e-07
0.6669	-2.55071e-07
0.667	-2.52208e-07
0.6671	-2.53263e-07
0.6672	-2.48479e-07
0.6673	-2.40788e-07
0.6674	-2.43058e-07
0.6675	-2.44723e-07
0.6676	-2.4247e-07
0.6677	-2.39894e-07
0.6678	-2.31829e-07
0.6679	-2.24033e-07
0.668	-2.27901e-07
0.6681	-2.19733e-07
0.6682	-2.16468e-07
0.6683	-2.13079e-07
0.6684	-2.14695e-07
0.6685	-2.0851e-07
0.6686	-2.01632e-07
0.6687	-2.00285e-07
0.6688	-2.01045e-07
0.6689	-1.95342e-07
0.669	-1.89069e-07
0.6691	-1.9416e-07
0.6692	-1.9445e-07
0.6693	-1.88008e-07
0.6694	-1.89648e-07
0.6695	-1.90367e-07
0.6696	-1.92644e-07
0.6697	-1.85692e-07
0.6698	-1.86922e-07
0.6699	-1.89774e-07
0.67	-1.95122e-07
0.6701	-1.90716e-07
0.6702	-1.85466e-07
0.6703	-1.87394e-07
0.6704	-1.92235e-07
0.6705	-1.89093e-07
0.6706	-1.87027e-07
0.6707	-1.844e-07
0.6708	-1.82588e-07
0.6709	-1.78986e-07
0.671	-1.76321e-07
0.6711	-1.7717e-07
0.6712	-1.82354e-07
0.6713	-1.80675e-07
0.6714	-1.78731e-07
0.6715	-1.77827e-07
0.6716	-1.75278e-07
0.6717	-1.80756e-07
0.6718	-1.86421e-07
0.6719	-1.86667e-07
0.672	-1.91808e-07
0.6721	-1.98277e-07
0.6722	-2.00133e-07
0.6723	-2.07661e-07
0.6724	-2.11748e-07
0.6725	-2.1511e-07
0.6726	-2.17386e-07
0.6727	-2.21378e-07
0.6728	-2.24937e-07
0.6729	-2.36427e-07
0.673	-2.42742e-07
0.6731	-2.47509e-07
0.6732	-2.54725e-07
0.6733	-2.61576e-07
0.6734	-2.68717e-07
0.6735	-2.77754e-07
0.6736	-2.85899e-07
0.6737	-2.93342e-07
0.6738	-3.02723e-07
0.6739	-3.11584e-07
0.674	-3.23903e-07
0.6741	-3.31807e-07
0.6742	-3.4161e-07
0.6743	-3.52558e-07
0.6744	-3.60382e-07
0.6745	-3.77297e-07
0.6746	-3.92474e-07
0.6747	-4.02322e-07
0.6748	-4.13061e-07
0.6749	-4.2617e-07
0.675	-4.39604e-07
0.6751	-4.5567e-07
0.6752	-4.71712e-07
0.6753	-4.85889e-07
0.6754	-5.01919e-07
0.6755	-5.17959e-07
0.6756	-5.27875e-07
0.6757	-5.45967e-07
0.6758	-5.64295e-07
0.6759	-5.84547e-07
0.676	-5.96267e-07
0.6761	-6.06881e-07
0.6762	-6.21573e-07
0.6763	-6.28319e-07
0.6764	-6.44153e-07
0.6765	-6.647e-07
0.6766	-6.81483e-07
0.6767	-6.98304e-07
0.6768	-7.08281e-07
0.6769	-7.24338e-07
0.677	-7.34899e-07
0.6771	-7.5521e-07
0.6772	-7.76496e-07
0.6773	-7.97964e-07
0.6774	-8.1951e-07
0.6775	-8.25929e-07
0.6776	-8.36669e-07
0.6777	-8.56106e-07
0.6778	-8.72388e-07
0.6779	-8.92687e-07
0.678	-9.03876e-07
0.6781	-9.19106e-07
0.6782	-9.36076e-07
0.6783	-9.53448e-07
0.6784	-9.60132e-07
0.6785	-9.70212e-07
0.6786	-9.8954e-07
0.6787	-1.0052e-06
0.6788	-1.02101e-06
0.6789	-1.03799e-06
0.679	-1.05498e-06
0.6791	-1.07041e-06
0.6792	-1.07698e-06
0.6793	-1.08293e-06
0.6794	-1.09388e-06
0.6795	-1.11311e-06
0.6796	-1.12634e-06
0.6797	-1.14475e-06
0.6798	-1.16501e-06
0.6799	-1.17435e-06
0.68	-1.1933e-06
0.6801	-1.20769e-06
0.6802	-1.22069e-06
0.6803	-1.23213e-06
0.6804	-1.24855e-06
0.6805	-1.25963e-06
0.6806	-1.26884e-06
0.6807	-1.27376e-06
0.6808	-1.28478e-06
0.6809	-1.29464e-06
0.681	-1.30414e-06
0.6811	-1.31408e-06
0.6812	-1.32911e-06
0.6813	-1.34346e-06
0.6814	-1.34906e-06
0.6815	-1.36202e-06
0.6816	-1.37628e-06
0.6817	-1.38264e-06
0.6818	-1.39281e-06
0.6819	-1.40581e-06
0.682	-1.41711e-06
0.6821	-1.42691e-06
0.6822	-1.43482e-06
0.6823	-1.44359e-06
0.6824	-1.45325e-06
0.6825	-1.46096e-06
0.6826	-1.46845e-06
0.6827	-1.47235e-06
0.6828	-1.47988e-06
0.6829	-1.48622e-06
0.683	-1.49193e-06
0.6831	-1.49658e-06
0.6832	-1.5017e-06
0.6833	-1.50647e-06
0.6834	-1.50569e-06
0.6835	-1.51052e-06
0.6836	-1.51436e-06
0.6837	-1.51693e-06
0.6838	-1.51983e-06
0.6839	-1.52243e-06
0.684	-1.52209e-06
0.6841	-1.52235e-06
0.6842	-1.52305e-06
0.6843	-1.52299e-06
0.6844	-1.52425e-06
0.6845	-1.52343e-06
0.6846	-1.52074e-06
0.6847	-1.51899e-06
0.6848	-1.51709e-06
0.6849	-1.51578e-06
0.685	-1.51518e-06
0.6851	-1.51408e-06
0.6852	-1.51257e-06
0.6853	-1.50954e-06
0.6854	-1.50713e-06
0.6855	-1.50452e-06
0.6856	-1.50166e-06
0.6857	-1.49943e-06
0.6858	-1.49536e-06
0.6859	-1.49224e-06
0.686	-1.48864e-06
0.6861	-1.48479e-06
0.6862	-1.4812e-06
0.6863	-1.47787e-06
0.6864	-1.47963e-06
0.6865	-1.47273e-06
0.6866	-1.46769e-06
0.6867	-1.463e-06
0.6868	-1.45917e-06
0.6869	-1.45512e-06
0.687	-1.45127e-06
0.6871	-1.44585e-06
0.6872	-1.44025e-06
0.6873	-1.43622e-06
0.6874	-1.42978e-06
0.6875	-1.42372e-06
0.6876	-1.41651e-06
0.6877	-1.40931e-06
0.6878	-1.40227e-06
0.6879	-1.396e-06
0.688	-1.39046e-06
0.6881	-1.38393e-06
0.6882	-1.37815e-06
0.6883	-1.37356e-06
0.6884	-1.3606e-06
0.6885	-1.35354e-06
0.6886	-1.3449e-06
0.6887	-1.33649e-06
0.6888	-1.3284e-06
0.6889	-1.32043e-06
0.689	-1.31301e-06
0.6891	-1.30466e-06
0.6892	-1.29611e-06
0.6893	-1.28808e-06
0.6894	-1.27922e-06
0.6895	-1.27114e-06
0.6896	-1.26289e-06
0.6897	-1.25532e-06
0.6898	-1.2479e-06
0.6899	-1.24265e-06
0.69	-1.23013e-06
0.6901	-1.22105e-06
0.6902	-1.21322e-06
0.6903	-1.20289e-06
0.6904	-1.19372e-06
0.6905	-1.18409e-06
0.6906	-1.1749e-06
0.6907	-1.16493e-06
0.6908	-1.1559e-06
0.6909	-1.14673e-06
0.691	-1.13767e-06
0.6911	-1.12805e-06
0.6912	-1.11923e-06
0.6913	-1.10804e-06
0.6914	-1.09638e-06
0.6915	-1.08999e-06
0.6916	-1.08251e-06
0.6917	-1.07412e-06
0.6918	-1.06647e-06
0.6919	-1.05647e-06
0.692	-1.04595e-06
0.6921	-1.0365e-06
0.6922	-1.02575e-06
0.6923	-1.01531e-06
0.6924	-1.00394e-06
0.6925	-9.95539e-07
0.6926	-9.85255e-07
0.6927	-9.74165e-07
0.6928	-9.63844e-07
0.6929	-9.56457e-07
0.693	-9.47991e-07
0.6931	-9.39768e-07
0.6932	-9.27702e-07
0.6933	-9.20114e-07
0.6934	-9.10396e-07
0.6935	-8.99135e-07
0.6936	-8.87734e-07
0.6937	-8.80829e-07
0.6938	-8.70461e-07
0.6939	-8.59454e-07
0.694	-8.49083e-07
0.6941	-8.4028e-07
0.6942	-8.28625e-07
0.6943	-8.17212e-07
0.6944	-8.09252e-07
0.6945	-7.98249e-07
0.6946	-7.8664e-07
0.6947	-7.74287e-07
0.6948	-7.67742e-07
0.6949	-7.58563e-07
0.695	-7.47271e-07
0.6951	-7.36161e-07
0.6952	-7.29174e-07
0.6953	-7.20982e-07
0.6954	-7.14522e-07
0.6955	-7.09855e-07
0.6956	-6.9994e-07
0.6957	-6.9558e-07
0.6958	-6.87641e-07
0.6959	-6.82616e-07
0.696	-6.73471e-07
0.6961	-6.64926e-07
0.6962	-6.59754e-07
0.6963	-6.54382e-07
0.6964	-6.49728e-07
0.6965	-6.4501e-07
0.6966	-6.3554e-07
0.6967	-6.28248e-07
0.6968	-6.26897e-07
0.6969	-6.18045e-07
0.697	-6.07782e-07
0.6971	-6.05924e-07
0.6972	-6.02542e-07
0.6973	-5.9632e-07
0.6974	-5.94286e-07
0.6975	-5.9571e-07
0.6976	-5.93024e-07
0.6977	-5.88081e-07
0.6978	-5.88563e-07
0.6979	-5.82674e-07
0.698	-5.82026e-07
0.6981	-5.80415e-07
0.6982	-5.82802e-07
0.6983	-5.7903e-07
0.6984	-5.72068e-07
0.6985	-5.66848e-07
0.6986	-5.67849e-07
0.6987	-5.69431e-07
0.6988	-5.65603e-07
0.6989	-5.63774e-07
0.699	-5.64897e-07
0.6991	-5.67323e-07
0.6992	-5.68174e-07
0.6993	-5.72457e-07
0.6994	-5.69688e-07
0.6995	-5.72434e-07
0.6996	-5.69262e-07
0.6997	-5.71181e-07
0.6998	-5.78675e-07
0.6999	-5.76897e-07
0.7	-5.80667e-07
0.7001	-5.84534e-07
0.7002	-5.90161e-07
0.7003	-5.93454e-07
0.7004	-5.91674e-07
0.7005	-5.88158e-07
0.7006	-5.92774e-07
0.7007	-5.98106e-07
0.7008	-6.02063e-07
0.7009	-6.0489e-07
0.701	-6.07364e-07
0.7011	-6.13519e-07
0.7012	-6.17341e-07
0.7013	-6.18115e-07
0.7014	-6.21645e-07
0.7015	-6.26925e-07
0.7016	-6.333e-07
0.7017	-6.41786e-07
0.7018	-6.45329e-07
0.7019	-6.51508e-07
0.702	-6.57702e-07
0.7021	-6.61787e-07
0.7022	-6.648e-07
0.7023	-6.7148e-07
0.7024	-6.78262e-07
0.7025	-6.81656e-07
0.7026	-6.88962e-07
0.7027	-6.95537e-07
0.7028	-7.03367e-07
0.7029	-7.07005e-07
0.703	-7.14741e-07
0.7031	-7.22953e-07
0.7032	-7.29654e-07
0.7033	-7.32491e-07
0.7034	-7.43363e-07
0.7035	-7.52837e-07
0.7036	-7.61524e-07
0.7037	-7.63977e-07
0.7038	-7.7849e-07
0.7039	-7.85841e-07
0.704	-7.9253e-07
0.7041	-8.00734e-07
0.7042	-8.09774e-07
0.7043	-8.18598e-07
0.7044	-8.27171e-07
0.7045	-8.36029e-07
0.7046	-8.45151e-07
0.7047	-8.55282e-07
0.7048	-8.60397e-07
0.7049	-8.63084e-07
0.705	-8.72005e-07
0.7051	-8.80664e-07
0.7052	-8.84703e-07
0.7053	-8.95199e-07
0.7054	-9.03055e-07
0.7055	-9.14516e-07
0.7056	-9.23359e-07
0.7057	-9.31587e-07
0.7058	-9.44705e-07
0.7059	-9.53626e-07
0.706	-9.62702e-07
0.7061	-9.68914e-07
0.7062	-9.77883e-07
0.7063	-9.86854e-07
0.7064	-9.949e-07
0.7065	-1.00023e-06
0.7066	-1.00743e-06
0.7067	-1.01699e-06
0.7068	-1.0222e-06
0.7069	-1.02721e-06
0.707	-1.03643e-06
0.7071	-1.04183e-06
0.7072	-1.05019e-06
0.7073	-1.05908e-06
0.7074	-1.06826e-06
0.7075	-1.0801e-06
0.7076	-1.08872e-06
0.7077	-1.09745e-06
0.7078	-1.10496e-06
0.7079	-1.10713e-06
0.708	-1.11524e-06
0.7081	-1.12501e-06
0.7082	-1.13259e-06
0.7083	-1.1411e-06
0.7084	-1.14687e-06
0.7085	-1.1528e-06
0.7086	-1.15893e-06
0.7087	-1.16465e-06
0.7088	-1.17084e-06
0.7089	-1.17513e-06
0.709	-1.18039e-06
0.7091	-1.18478e-06
0.7092	-1.19072e-06
0.7093	-1.19455e-06
0.7094	-1.19765e-06
0.7095	-1.20096e-06
0.7096	-1.204e-06
0.7097	-1.20816e-06
0.7098	-1.21042e-06
0.7099	-1.21229e-06
0.71	-1.21398e-06
0.7101	-1.21875e-06
0.7102	-1.22332e-06
0.7103	-1.22502e-06
0.7104	-1.22697e-06
0.7105	-1.22862e-06
0.7106	-1.23029e-06
0.7107	-1.23029e-06
0.7108	-1.23297e-06
0.7109	-1.2335e-06
0.711	-1.23254e-06
0.7111	-1.23192e-06
0.7112	-1.2311e-06
0.7113	-1.23013e-06
0.7114	-1.22898e-06
0.7115	-1.22713e-06
0.7116	-1.22553e-06
0.7117	-1.22455e-06
0.7118	-1.22322e-06
0.7119	-1.22058e-06
0.712	-1.21929e-06
0.7121	-1.21795e-06
0.7122	-1.21502e-06
0.7123	-1.21146e-06
0.7124	-1.20903e-06
0.7125	-1.20705e-06
0.7126	-1.20262e-06
0.7127	-1.19766e-06
0.7128	-1.19326e-06
0.7129	-1.18963e-06
0.713	-1.1873e-06
0.7131	-1.1828e-06
0.7132	-1.17901e-06
0.7133	-1.17429e-06
0.7134	-1.16971e-06
0.7135	-1.16478e-06
0.7136	-1.15986e-06
0.7137	-1.15656e-06
0.7138	-1.15028e-06
0.7139	-1.14707e-06
0.714	-1.1438e-06
0.7141	-1.13946e-06
0.7142	-1.13435e-06
0.7143	-1.12889e-06
0.7144	-1.12301e-06
0.7145	-1.11735e-06
0.7146	-1.11297e-06
0.7147	-1.10728e-06
0.7148	-1.10188e-06
0.7149	-1.09489e-06
0.715	-1.08923e-06
0.7151	-1.08342e-06
0.7152	-1.07773e-06
0.7153	-1.0722e-06
0.7154	-1.06573e-06
0.7155	-1.06175e-06
0.7156	-1.05706e-06
0.7157	-1.04892e-06
0.7158	-1.044e-06
0.7159	-1.04013e-06
0.716	-1.0356e-06
0.7161	-1.03001e-06
0.7162	-1.02621e-06
0.7163	-1.02052e-06
0.7164	-1.01459e-06
0.7165	-1.01126e-06
0.7166	-1.00597e-06
0.7167	-9.99487e-07
0.7168	-9.94791e-07
0.7169	-9.89507e-07
0.717	-9.85692e-07
0.7171	-9.79916e-07
0.7172	-9.74443e-07
0.7173	-9.70079e-07
0.7174	-9.65624e-07
0.7175	-9.61474e-07
0.7176	-9.5505e-07
0.7177	-9.51402e-07
0.7178	-9.45512e-07
0.7179	-9.40869e-07
0.718	-9.36043e-07
0.7181	-9.30007e-07
0.7182	-9.25186e-07
0.7183	-9.2034e-07
0.7184	-9.1445e-07
0.7185	-9.08326e-07
0.7186	-9.05943e-07
0.7187	-9.0046e-07
0.7188	-8.96576e-07
0.7189	-8.90683e-07
0.719	-8.85224e-07
0.7191	-8.80827e-07
0.7192	-8.74862e-07
0.7193	-8.68286e-07
0.7194	-8.64332e-07
0.7195	-8.58981e-07
0.7196	-8.54809e-07
0.7197	-8.4938e-07
0.7198	-8.44856e-07
0.7199	-8.39088e-07
0.72	-8.34353e-07
0.7201	-8.28947e-07
0.7202	-8.22149e-07
0.7203	-8.18861e-07
0.7204	-8.13345e-07
0.7205	-8.07535e-07
0.7206	-8.02183e-07
0.7207	-7.9766e-07
0.7208	-7.93178e-07
0.7209	-7.87142e-07
0.721	-7.81195e-07
0.7211	-7.75453e-07
0.7212	-7.6996e-07
0.7213	-7.65411e-07
0.7214	-7.59639e-07
0.7215	-7.54326e-07
0.7216	-7.49248e-07
0.7217	-7.43144e-07
0.7218	-7.36971e-07
0.7219	-7.31363e-07
0.722	-7.25237e-07
0.7221	-7.18735e-07
0.7222	-7.14025e-07
0.7223	-7.08549e-07
0.7224	-7.01768e-07
0.7225	-6.94937e-07
0.7226	-6.88574e-07
0.7227	-6.82991e-07
0.7228	-6.78215e-07
0.7229	-6.72266e-07
0.723	-6.66754e-07
0.7231	-6.6046e-07
0.7232	-6.54824e-07
0.7233	-6.48435e-07
0.7234	-6.41881e-07
0.7235	-6.35866e-07
0.7236	-6.30369e-07
0.7237	-6.23811e-07
0.7238	-6.17481e-07
0.7239	-6.10416e-07
0.724	-6.04572e-07
0.7241	-5.99213e-07
0.7242	-5.92629e-07
0.7243	-5.84705e-07
0.7244	-5.76949e-07
0.7245	-5.70005e-07
0.7246	-5.63031e-07
0.7247	-5.56089e-07
0.7248	-5.48117e-07
0.7249	-5.40927e-07
0.725	-5.34303e-07
0.7251	-5.26969e-07
0.7252	-5.22388e-07
0.7253	-5.15244e-07
0.7254	-5.09717e-07
0.7255	-5.02634e-07
0.7256	-4.95447e-07
0.7257	-4.87969e-07
0.7258	-4.81785e-07
0.7259	-4.74377e-07
0.726	-4.66189e-07
0.7261	-4.59275e-07
0.7262	-4.51844e-07
0.7263	-4.43859e-07
0.7264	-4.35804e-07
0.7265	-4.27883e-07
0.7266	-4.20951e-07
0.7267	-4.1225e-07
0.7268	-4.04725e-07
0.7269	-3.99603e-07
0.727	-3.95139e-07
0.7271	-3.88554e-07
0.7272	-3.81705e-07
0.7273	-3.74242e-07
0.7274	-3.65451e-07
0.7275	-3.5624e-07
0.7276	-3.48672e-07
0.7277	-3.44694e-07
0.7278	-3.37857e-07
0.7279	-3.31065e-07
0.728	-3.23618e-07
0.7281	-3.15886e-07
0.7282	-3.13381e-07
0.7283	-3.03684e-07
0.7284	-2.96408e-07
0.7285	-2.86811e-07
0.7286	-2.80063e-07
0.7287	-2.78478e-07
0.7288	-2.76968e-07
0.7289	-2.70413e-07
0.729	-2.6215e-07
0.7291	-2.58492e-07
0.7292	-2.52397e-07
0.7293	-2.4631e-07
0.7294	-2.46012e-07
0.7295	-2.45846e-07
0.7296	-2.40458e-07
0.7297	-2.3091e-07
0.7298	-2.24576e-07
0.7299	-2.18092e-07
0.73	-2.13597e-07
0.7301	-2.09758e-07
0.7302	-2.08511e-07
0.7303	-2.09219e-07
0.7304	-2.10234e-07
0.7305	-2.00631e-07
0.7306	-2.00996e-07
0.7307	-1.96304e-07
0.7308	-1.87232e-07
0.7309	-1.82874e-07
0.731	-1.80084e-07
0.7311	-1.703e-07
0.7312	-1.67662e-07
0.7313	-1.69311e-07
0.7314	-1.5918e-07
0.7315	-1.61052e-07
0.7316	-1.59369e-07
0.7317	-1.57414e-07
0.7318	-1.54461e-07
0.7319	-1.52831e-07
0.732	-1.44071e-07
0.7321	-1.41192e-07
0.7322	-1.41474e-07
0.7323	-1.46756e-07
0.7324	-1.41083e-07
0.7325	-1.40658e-07
0.7326	-1.42967e-07
0.7327	-1.3709e-07
0.7328	-1.36565e-07
0.7329	-1.30857e-07
0.733	-1.3619e-07
0.7331	-1.39771e-07
0.7332	-1.39216e-07
0.7333	-1.40243e-07
0.7334	-1.45749e-07
0.7335	-1.47506e-07
0.7336	-1.48983e-07
0.7337	-1.49233e-07
0.7338	-1.5074e-07
0.7339	-1.50688e-07
0.734	-1.4615e-07
0.7341	-1.40357e-07
0.7342	-1.36325e-07
0.7343	-1.30733e-07
0.7344	-1.24471e-07
0.7345	-1.22768e-07
0.7346	-1.19703e-07
0.7347	-1.16181e-07
0.7348	-1.12493e-07
0.7349	-1.10299e-07
0.735	-1.08342e-07
0.7351	-1.14462e-07
0.7352	-1.12452e-07
0.7353	-1.10388e-07
0.7354	-1.09996e-07
0.7355	-1.13303e-07
0.7356	-1.13215e-07
0.7357	-1.18831e-07
0.7358	-1.19944e-07
0.7359	-1.25999e-07
0.736	-1.28921e-07
0.7361	-1.3045e-07
0.7362	-1.35192e-07
0.7363	-1.37363e-07
0.7364	-1.44372e-07
0.7365	-1.49012e-07
0.7366	-1.53275e-07
0.7367	-1.62268e-07
0.7368	-1.655e-07
0.7369	-1.78996e-07
0.737	-1.82069e-07
0.7371	-1.86493e-07
0.7372	-1.9328e-07
0.7373	-2.00657e-07
0.7374	-2.07601e-07
0.7375	-2.14757e-07
0.7376	-2.22377e-07
0.7377	-2.33346e-07
0.7378	-2.42941e-07
0.7379	-2.54023e-07
0.738	-2.65285e-07
0.7381	-2.75541e-07
0.7382	-2.86493e-07
0.7383	-2.97875e-07
0.7384	-3.09407e-07
0.7385	-3.25942e-07
0.7386	-3.38569e-07
0.7387	-3.51348e-07
0.7388	-3.61841e-07
0.7389	-3.74575e-07
0.739	-3.89184e-07
0.7391	-4.03623e-07
0.7392	-4.16505e-07
0.7393	-4.30869e-07
0.7394	-4.46711e-07
0.7395	-4.56062e-07
0.7396	-4.71615e-07
0.7397	-4.85965e-07
0.7398	-5.03976e-07
0.7399	-5.20398e-07
0.74	-5.29365e-07
0.7401	-5.47365e-07
0.7402	-5.5873e-07
0.7403	-5.69722e-07
0.7404	-5.88104e-07
0.7405	-6.02996e-07
0.7406	-6.19178e-07
0.7407	-6.38612e-07
0.7408	-6.48023e-07
0.7409	-6.58538e-07
0.741	-6.78909e-07
0.7411	-6.99184e-07
0.7412	-7.1992e-07
0.7413	-7.30665e-07
0.7414	-7.52359e-07
0.7415	-7.64346e-07
0.7416	-7.81802e-07
0.7417	-7.87732e-07
0.7418	-8.07414e-07
0.7419	-8.19708e-07
0.742	-8.31021e-07
0.7421	-8.46462e-07
0.7422	-8.52137e-07
0.7423	-8.64067e-07
0.7424	-8.81836e-07
0.7425	-8.88822e-07
0.7426	-9.04412e-07
0.7427	-9.2198e-07
0.7428	-9.45632e-07
0.7429	-9.68176e-07
0.743	-9.84001e-07
0.7431	-9.98842e-07
0.7432	-1.0144e-06
0.7433	-1.0307e-06
0.7434	-1.05124e-06
0.7435	-1.06121e-06
0.7436	-1.07631e-06
0.7437	-1.09242e-06
0.7438	-1.10718e-06
0.7439	-1.12295e-06
0.744	-1.14286e-06
0.7441	-1.16126e-06
0.7442	-1.17445e-06
0.7443	-1.18559e-06
0.7444	-1.20266e-06
0.7445	-1.21573e-06
0.7446	-1.22233e-06
0.7447	-1.23476e-06
0.7448	-1.24966e-06
0.7449	-1.26494e-06
0.745	-1.2734e-06
0.7451	-1.2885e-06
0.7452	-1.30057e-06
0.7453	-1.30815e-06
0.7454	-1.31866e-06
0.7455	-1.33228e-06
0.7456	-1.34617e-06
0.7457	-1.35585e-06
0.7458	-1.36733e-06
0.7459	-1.3786e-06
0.746	-1.38981e-06
0.7461	-1.40165e-06
0.7462	-1.40729e-06
0.7463	-1.41582e-06
0.7464	-1.42318e-06
0.7465	-1.42413e-06
0.7466	-1.42822e-06
0.7467	-1.43474e-06
0.7468	-1.44056e-06
0.7469	-1.44732e-06
0.747	-1.45218e-06
0.7471	-1.4578e-06
0.7472	-1.46254e-06
0.7473	-1.46502e-06
0.7474	-1.46871e-06
0.7475	-1.47206e-06
0.7476	-1.47586e-06
0.7477	-1.48305e-06
0.7478	-1.48534e-06
0.7479	-1.48322e-06
0.748	-1.48527e-06
0.7481	-1.48673e-06
0.7482	-1.48671e-06
0.7483	-1.48436e-06
0.7484	-1.48414e-06
0.7485	-1.48395e-06
0.7486	-1.48349e-06
0.7487	-1.48341e-06
0.7488	-1.48219e-06
0.7489	-1.48051e-06
0.749	-1.47981e-06
0.7491	-1.47734e-06
0.7492	-1.47487e-06
0.7493	-1.47201e-06
0.7494	-1.46857e-06
0.7495	-1.46419e-06
0.7496	-1.46516e-06
0.7497	-1.46122e-06
0.7498	-1.45814e-06
0.7499	-1.45445e-06
0.75	-1.45016e-06
0.7501	-1.44678e-06
0.7502	-1.44361e-06
0.7503	-1.44057e-06
0.7504	-1.43445e-06
0.7505	-1.42738e-06
0.7506	-1.42259e-06
0.7507	-1.41888e-06
0.7508	-1.41256e-06
0.7509	-1.40825e-06
0.751	-1.40279e-06
0.7511	-1.39764e-06
0.7512	-1.39226e-06
0.7513	-1.3865e-06
0.7514	-1.38032e-06
0.7515	-1.37297e-06
0.7516	-1.36702e-06
0.7517	-1.36052e-06
0.7518	-1.35503e-06
0.7519	-1.35068e-06
0.752	-1.34348e-06
0.7521	-1.33837e-06
0.7522	-1.33009e-06
0.7523	-1.32188e-06
0.7524	-1.31402e-06
0.7525	-1.30625e-06
0.7526	-1.29934e-06
0.7527	-1.29102e-06
0.7528	-1.28545e-06
0.7529	-1.27794e-06
0.753	-1.26968e-06
0.7531	-1.26026e-06
0.7532	-1.25259e-06
0.7533	-1.24456e-06
0.7534	-1.23582e-06
0.7535	-1.22785e-06
0.7536	-1.22106e-06
0.7537	-1.2155e-06
0.7538	-1.20407e-06
0.7539	-1.19712e-06
0.754	-1.18933e-06
0.7541	-1.18175e-06
0.7542	-1.17245e-06
0.7543	-1.16359e-06
0.7544	-1.15395e-06
0.7545	-1.14403e-06
0.7546	-1.13776e-06
0.7547	-1.12848e-06
0.7548	-1.11983e-06
0.7549	-1.11064e-06
0.755	-1.10175e-06
0.7551	-1.09003e-06
0.7552	-1.08024e-06
0.7553	-1.06869e-06
0.7554	-1.06033e-06
0.7555	-1.05181e-06
0.7556	-1.0439e-06
0.7557	-1.03382e-06
0.7558	-1.02335e-06
0.7559	-1.01382e-06
0.756	-1.00245e-06
0.7561	-9.92203e-07
0.7562	-9.83701e-07
0.7563	-9.7246e-07
0.7564	-9.61313e-07
0.7565	-9.51188e-07
0.7566	-9.40226e-07
0.7567	-9.3086e-07
0.7568	-9.21605e-07
0.7569	-9.11172e-07
0.757	-9.03263e-07
0.7571	-8.93859e-07
0.7572	-8.86734e-07
0.7573	-8.78985e-07
0.7574	-8.71077e-07
0.7575	-8.61664e-07
0.7576	-8.50174e-07
0.7577	-8.3997e-07
0.7578	-8.28911e-07
0.7579	-8.19514e-07
0.758	-8.07106e-07
0.7581	-7.95874e-07
0.7582	-7.87489e-07
0.7583	-7.76578e-07
0.7584	-7.65492e-07
0.7585	-7.57512e-07
0.7586	-7.46318e-07
0.7587	-7.39309e-07
0.7588	-7.33397e-07
0.7589	-7.24131e-07
0.759	-7.1232e-07
0.7591	-7.01751e-07
0.7592	-6.90531e-07
0.7593	-6.80459e-07
0.7594	-6.77089e-07
0.7595	-6.66107e-07
0.7596	-6.54121e-07
0.7597	-6.47618e-07
0.7598	-6.41508e-07
0.7599	-6.3729e-07
0.76	-6.32545e-07
0.7601	-6.27382e-07
0.7602	-6.22502e-07
0.7603	-6.17117e-07
0.7604	-6.12686e-07
0.7605	-6.02196e-07
0.7606	-5.92374e-07
0.7607	-5.85118e-07
0.7608	-5.83291e-07
0.7609	-5.75952e-07
0.761	-5.73688e-07
0.7611	-5.64062e-07
0.7612	-5.58068e-07
0.7613	-5.53117e-07
0.7614	-5.49821e-07
0.7615	-5.4668e-07
0.7616	-5.38819e-07
0.7617	-5.36851e-07
0.7618	-5.39249e-07
0.7619	-5.31565e-07
0.762	-5.29454e-07
0.7621	-5.32103e-07
0.7622	-5.32893e-07
0.7623	-5.34953e-07
0.7624	-5.35396e-07
0.7625	-5.37567e-07
0.7626	-5.39552e-07
0.7627	-5.35679e-07
0.7628	-5.33434e-07
0.7629	-5.3328e-07
0.763	-5.34235e-07
0.7631	-5.35993e-07
0.7632	-5.37573e-07
0.7633	-5.34719e-07
0.7634	-5.37462e-07
0.7635	-5.41285e-07
0.7636	-5.4129e-07
0.7637	-5.48953e-07
0.7638	-5.51772e-07
0.7639	-5.48485e-07
0.764	-5.53885e-07
0.7641	-5.55938e-07
0.7642	-5.61146e-07
0.7643	-5.59624e-07
0.7644	-5.56399e-07
0.7645	-5.62154e-07
0.7646	-5.66707e-07
0.7647	-5.67034e-07
0.7648	-5.69152e-07
0.7649	-5.7069e-07
0.765	-5.76077e-07
0.7651	-5.80705e-07
0.7652	-5.87544e-07
0.7653	-5.91507e-07
0.7654	-5.97344e-07
0.7655	-5.98363e-07
0.7656	-6.09187e-07
0.7657	-6.1352e-07
0.7658	-6.17373e-07
0.7659	-6.22401e-07
0.766	-6.27846e-07
0.7661	-6.29257e-07
0.7662	-6.32901e-07
0.7663	-6.39953e-07
0.7664	-6.47106e-07
0.7665	-6.54286e-07
0.7666	-6.61874e-07
0.7667	-6.70298e-07
0.7668	-6.78793e-07
0.7669	-6.86104e-07
0.767	-6.94296e-07
0.7671	-7.0204e-07
0.7672	-7.14386e-07
0.7673	-7.18087e-07
0.7674	-7.26314e-07
0.7675	-7.34586e-07
0.7676	-7.43924e-07
0.7677	-7.50302e-07
0.7678	-7.51599e-07
0.7679	-7.61035e-07
0.768	-7.67642e-07
0.7681	-7.76204e-07
0.7682	-7.87268e-07
0.7683	-7.90573e-07
0.7684	-7.97805e-07
0.7685	-8.05444e-07
0.7686	-8.11619e-07
0.7687	-8.24835e-07
0.7688	-8.26778e-07
0.7689	-8.30949e-07
0.769	-8.38789e-07
0.7691	-8.47815e-07
0.7692	-8.52515e-07
0.7693	-8.55835e-07
0.7694	-8.57637e-07
0.7695	-8.62535e-07
0.7696	-8.71218e-07
0.7697	-8.74986e-07
0.7698	-8.79583e-07
0.7699	-8.82454e-07
0.77	-8.95944e-07
0.7701	-9.04016e-07
0.7702	-9.1392e-07
0.7703	-9.21148e-07
0.7704	-9.24556e-07
0.7705	-9.29997e-07
0.7706	-9.39188e-07
0.7707	-9.44605e-07
0.7708	-9.53714e-07
0.7709	-9.63108e-07
0.771	-9.68966e-07
0.7711	-9.76912e-07
0.7712	-9.82935e-07
0.7713	-9.89207e-07
0.7714	-9.98874e-07
0.7715	-1.00288e-06
0.7716	-1.01207e-06
0.7717	-1.01919e-06
0.7718	-1.02374e-06
0.7719	-1.03128e-06
0.772	-1.04238e-06
0.7721	-1.04742e-06
0.7722	-1.05419e-06
0.7723	-1.06232e-06
0.7724	-1.06832e-06
0.7725	-1.07351e-06
0.7726	-1.07852e-06
0.7727	-1.08392e-06
0.7728	-1.08883e-06
0.7729	-1.09673e-06
0.773	-1.10069e-06
0.7731	-1.10896e-06
0.7732	-1.11307e-06
0.7733	-1.11683e-06
0.7734	-1.12109e-06
0.7735	-1.12329e-06
0.7736	-1.12681e-06
0.7737	-1.13391e-06
0.7738	-1.13601e-06
0.7739	-1.13904e-06
0.774	-1.14246e-06
0.7741	-1.14483e-06
0.7742	-1.14608e-06
0.7743	-1.14991e-06
0.7744	-1.15134e-06
0.7745	-1.15346e-06
0.7746	-1.15506e-06
0.7747	-1.15427e-06
0.7748	-1.15656e-06
0.7749	-1.15667e-06
0.775	-1.15827e-06
0.7751	-1.1577e-06
0.7752	-1.15773e-06
0.7753	-1.15845e-06
0.7754	-1.15675e-06
0.7755	-1.15673e-06
0.7756	-1.15504e-06
0.7757	-1.15312e-06
0.7758	-1.15082e-06
0.7759	-1.14925e-06
0.776	-1.14756e-06
0.7761	-1.14538e-06
0.7762	-1.14189e-06
0.7763	-1.13771e-06
0.7764	-1.13688e-06
0.7765	-1.13245e-06
0.7766	-1.12744e-06
0.7767	-1.12437e-06
0.7768	-1.12024e-06
0.7769	-1.11726e-06
0.777	-1.11303e-06
0.7771	-1.10884e-06
0.7772	-1.10591e-06
0.7773	-1.10126e-06
0.7774	-1.09758e-06
0.7775	-1.0931e-06
0.7776	-1.08843e-06
0.7777	-1.08349e-06
0.7778	-1.07908e-06
0.7779	-1.07483e-06
0.778	-1.07136e-06
0.7781	-1.06717e-06
0.7782	-1.06296e-06
0.7783	-1.05734e-06
0.7784	-1.05179e-06
0.7785	-1.04677e-06
0.7786	-1.04153e-06
0.7787	-1.03661e-06
0.7788	-1.03014e-06
0.7789	-1.0244e-06
0.779	-1.01878e-06
0.7791	-1.01338e-06
0.7792	-1.00764e-06
0.7793	-1.00234e-06
0.7794	-9.96718e-07
0.7795	-9.91404e-07
0.7796	-9.84415e-07
0.7797	-9.78954e-07
0.7798	-9.73633e-07
0.7799	-9.69217e-07
0.78	-9.63401e-07
0.7801	-9.57921e-07
0.7802	-9.53496e-07
0.7803	-9.47629e-07
0.7804	-9.43793e-07
0.7805	-9.38036e-07
0.7806	-9.32269e-07
0.7807	-9.27245e-07
0.7808	-9.21656e-07
0.7809	-9.16623e-07
0.781	-9.11085e-07
0.7811	-9.05681e-07
0.7812	-8.99569e-07
0.7813	-8.96026e-07
0.7814	-8.90526e-07
0.7815	-8.82779e-07
0.7816	-8.77621e-07
0.7817	-8.72622e-07
0.7818	-8.666e-07
0.7819	-8.61825e-07
0.782	-8.55964e-07
0.7821	-8.50531e-07
0.7822	-8.45224e-07
0.7823	-8.38129e-07
0.7824	-8.31864e-07
0.7825	-8.28421e-07
0.7826	-8.23247e-07
0.7827	-8.17111e-07
0.7828	-8.10976e-07
0.7829	-8.05307e-07
0.783	-7.99116e-07
0.7831	-7.92523e-07
0.7832	-7.86295e-07
0.7833	-7.82143e-07
0.7834	-7.74856e-07
0.7835	-7.68946e-07
0.7836	-7.6349e-07
0.7837	-7.57399e-07
0.7838	-7.52624e-07
0.7839	-7.47408e-07
0.784	-7.42824e-07
0.7841	-7.38199e-07
0.7842	-7.30609e-07
0.7843	-7.27858e-07
0.7844	-7.22173e-07
0.7845	-7.16932e-07
0.7846	-7.1132e-07
0.7847	-7.0532e-07
0.7848	-7.01167e-07
0.7849	-6.95042e-07
0.785	-6.88782e-07
0.7851	-6.82413e-07
0.7852	-6.74329e-07
0.7853	-6.69426e-07
0.7854	-6.64702e-07
0.7855	-6.58852e-07
0.7856	-6.53558e-07
0.7857	-6.47673e-07
0.7858	-6.41968e-07
0.7859	-6.36909e-07
0.786	-6.30928e-07
0.7861	-6.24379e-07
0.7862	-6.20124e-07
0.7863	-6.13518e-07
0.7864	-6.0649e-07
0.7865	-6.00774e-07
0.7866	-5.95526e-07
0.7867	-5.90347e-07
0.7868	-5.83651e-07
0.7869	-5.77179e-07
0.787	-5.71551e-07
0.7871	-5.64298e-07
0.7872	-5.57838e-07
0.7873	-5.50688e-07
0.7874	-5.43609e-07
0.7875	-5.37273e-07
0.7876	-5.30308e-07
0.7877	-5.23588e-07
0.7878	-5.18026e-07
0.7879	-5.11285e-07
0.788	-5.04998e-07
0.7881	-4.98196e-07
0.7882	-4.90234e-07
0.7883	-4.83552e-07
0.7884	-4.76103e-07
0.7885	-4.68906e-07
0.7886	-4.61843e-07
0.7887	-4.54531e-07
0.7888	-4.47741e-07
0.7889	-4.4042e-07
0.789	-4.33148e-07
0.7891	-4.25139e-07
0.7892	-4.18333e-07
0.7893	-4.1337e-07
0.7894	-4.04752e-07
0.7895	-3.98188e-07
0.7896	-3.90657e-07
0.7897	-3.82864e-07
0.7898	-3.74345e-07
0.7899	-3.66265e-07
0.79	-3.58841e-07
0.7901	-3.51199e-07
0.7902	-3.4732e-07
0.7903	-3.4031e-07
0.7904	-3.32094e-07
0.7905	-3.24677e-07
0.7906	-3.1751e-07
0.7907	-3.14292e-07
0.7908	-3.08781e-07
0.7909	-3.02178e-07
0.791	-2.93096e-07
0.7911	-2.84425e-07
0.7912	-2.77954e-07
0.7913	-2.68976e-07
0.7914	-2.61622e-07
0.7915	-2.54274e-07
0.7916	-2.46443e-07
0.7917	-2.426e-07
0.7918	-2.36557e-07
0.7919	-2.27493e-07
0.792	-2.20069e-07
0.7921	-2.10438e-07
0.7922	-2.03912e-07
0.7923	-1.95541e-07
0.7924	-1.89014e-07
0.7925	-1.82084e-07
0.7926	-1.74996e-07
0.7927	-1.7376e-07
0.7928	-1.66622e-07
0.7929	-1.61278e-07
0.793	-1.51647e-07
0.7931	-1.46196e-07
0.7932	-1.45481e-07
0.7933	-1.4516e-07
0.7934	-1.44441e-07
0.7935	-1.3888e-07
0.7936	-1.33516e-07
0.7937	-1.28554e-07
0.7938	-1.21684e-07
0.7939	-1.16028e-07
0.794	-1.07648e-07
0.7941	-9.83232e-08
0.7942	-9.32589e-08
0.7943	-8.89567e-08
0.7944	-8.44178e-08
0.7945	-8.02356e-08
0.7946	-7.59859e-08
0.7947	-7.32313e-08
0.7948	-6.84846e-08
0.7949	-6.43502e-08
0.795	-6.00382e-08
0.7951	-5.80194e-08
0.7952	-5.39326e-08
0.7953	-5.05037e-08
0.7954	-4.8343e-08
0.7955	-3.93342e-08
0.7956	-3.76901e-08
0.7957	-3.47412e-08
0.7958	-3.26621e-08
0.7959	-3.01454e-08
0.796	-3.30312e-08
0.7961	-3.02226e-08
0.7962	-2.26486e-08
0.7963	-1.71602e-08
0.7964	-1.71931e-08
0.7965	-1.06854e-08
0.7966	-1.04608e-08
0.7967	-1.06021e-08
0.7968	-4.19266e-09
0.7969	3.14404e-09
0.797	2.04927e-09
0.7971	9.18249e-09
0.7972	7.01178e-09
0.7973	7.32911e-09
0.7974	1.30469e-08
0.7975	2.01352e-08
0.7976	2.60369e-08
0.7977	3.16914e-08
0.7978	3.70511e-08
0.7979	4.1998e-08
0.798	4.74294e-08
0.7981	5.23515e-08
0.7982	5.77717e-08
0.7983	5.32598e-08
0.7984	4.74058e-08
0.7985	5.0457e-08
0.7986	5.35088e-08
0.7987	5.58205e-08
0.7988	5.68819e-08
0.7989	5.7886e-08
0.799	5.28966e-08
0.7991	5.64396e-08
0.7992	5.70652e-08
0.7993	5.63069e-08
0.7994	5.72883e-08
0.7995	5.80179e-08
0.7996	5.7592e-08
0.7997	5.49835e-08
0.7998	4.84339e-08
0.7999	4.08828e-08
0.8	3.24778e-08
0.8001	3.38327e-08
0.8002	2.02101e-08
0.8003	1.37792e-08
0.8004	6.23733e-09
0.8005	1.37188e-09
0.8006	-7.21004e-09
0.8007	-1.52088e-08
0.8008	-1.90136e-08
0.8009	-2.37178e-08
0.801	-3.08074e-08
0.8011	-4.16451e-08
0.8012	-4.97553e-08
0.8013	-6.02732e-08
0.8014	-6.92738e-08
0.8015	-8.06164e-08
0.8016	-9.13064e-08
0.8017	-1.03274e-07
0.8018	-1.07872e-07
0.8019	-1.18813e-07
0.802	-1.29776e-07
0.8021	-1.36415e-07
0.8022	-1.47775e-07
0.8023	-1.62963e-07
0.8024	-1.75132e-07
0.8025	-1.84892e-07
0.8026	-1.98039e-07
0.8027	-2.10356e-07
0.8028	-2.19848e-07
0.8029	-2.28971e-07
0.803	-2.44896e-07
0.8031	-2.6121e-07
0.8032	-2.77836e-07
0.8033	-2.87917e-07
0.8034	-3.05181e-07
0.8035	-3.20653e-07
0.8036	-3.35951e-07
0.8037	-3.4782e-07
0.8038	-3.65744e-07
0.8039	-3.73263e-07
0.804	-3.90554e-07
0.8041	-4.07162e-07
0.8042	-4.23252e-07
0.8043	-4.46872e-07
0.8044	-4.65499e-07
0.8045	-4.86155e-07
0.8046	-4.9355e-07
0.8047	-5.14332e-07
0.8048	-5.3114e-07
0.8049	-5.52778e-07
0.805	-5.73336e-07
0.8051	-5.96795e-07
0.8052	-6.13024e-07
0.8053	-6.24809e-07
0.8054	-6.4979e-07
0.8055	-6.6555e-07
0.8056	-6.87204e-07
0.8057	-7.09169e-07
0.8058	-7.20391e-07
0.8059	-7.39569e-07
0.806	-7.55317e-07
0.8061	-7.7341e-07
0.8062	-7.80585e-07
0.8063	-7.98763e-07
0.8064	-8.2231e-07
0.8065	-8.41241e-07
0.8066	-8.57266e-07
0.8067	-8.78142e-07
0.8068	-8.89706e-07
0.8069	-9.11275e-07
0.807	-9.33062e-07
0.8071	-9.52778e-07
0.8072	-9.63024e-07
0.8073	-9.77662e-07
0.8074	-9.9213e-07
0.8075	-1.00762e-06
0.8076	-1.02715e-06
0.8077	-1.0437e-06
0.8078	-1.06226e-06
0.8079	-1.07615e-06
0.808	-1.0892e-06
0.8081	-1.09997e-06
0.8082	-1.11619e-06
0.8083	-1.12581e-06
0.8084	-1.13347e-06
0.8085	-1.14207e-06
0.8086	-1.15894e-06
0.8087	-1.16883e-06
0.8088	-1.1789e-06
0.8089	-1.1936e-06
0.809	-1.20776e-06
0.8091	-1.22147e-06
0.8092	-1.22959e-06
0.8093	-1.24408e-06
0.8094	-1.2553e-06
0.8095	-1.26642e-06
0.8096	-1.2767e-06
0.8097	-1.28812e-06
0.8098	-1.29754e-06
0.8099	-1.30631e-06
0.81	-1.31506e-06
0.8101	-1.32418e-06
0.8102	-1.33236e-06
0.8103	-1.33937e-06
0.8104	-1.34658e-06
0.8105	-1.35036e-06
0.8106	-1.35349e-06
0.8107	-1.35945e-06
0.8108	-1.36467e-06
0.8109	-1.36908e-06
0.811	-1.37345e-06
0.8111	-1.37749e-06
0.8112	-1.38007e-06
0.8113	-1.3837e-06
0.8114	-1.3869e-06
0.8115	-1.38901e-06
0.8116	-1.39189e-06
0.8117	-1.39351e-06
0.8118	-1.39393e-06
0.8119	-1.39578e-06
0.812	-1.3962e-06
0.8121	-1.39653e-06
0.8122	-1.39742e-06
0.8123	-1.39474e-06
0.8124	-1.39517e-06
0.8125	-1.39431e-06
0.8126	-1.39262e-06
0.8127	-1.39128e-06
0.8128	-1.39445e-06
0.8129	-1.39384e-06
0.813	-1.39131e-06
0.8131	-1.38856e-06
0.8132	-1.3857e-06
0.8133	-1.38159e-06
0.8134	-1.37817e-06
0.8135	-1.37487e-06
0.8136	-1.37077e-06
0.8137	-1.36672e-06
0.8138	-1.36321e-06
0.8139	-1.35988e-06
0.814	-1.35574e-06
0.8141	-1.35233e-06
0.8142	-1.34739e-06
0.8143	-1.34171e-06
0.8144	-1.33711e-06
0.8145	-1.33271e-06
0.8146	-1.32867e-06
0.8147	-1.32373e-06
0.8148	-1.31935e-06
0.8149	-1.31641e-06
0.815	-1.31024e-06
0.8151	-1.30491e-06
0.8152	-1.29895e-06
0.8153	-1.2926e-06
0.8154	-1.28786e-06
0.8155	-1.28161e-06
0.8156	-1.27542e-06
0.8157	-1.26902e-06
0.8158	-1.26291e-06
0.8159	-1.25682e-06
0.816	-1.2515e-06
0.8161	-1.24139e-06
0.8162	-1.23341e-06
0.8163	-1.22556e-06
0.8164	-1.21751e-06
0.8165	-1.21068e-06
0.8166	-1.20353e-06
0.8167	-1.19596e-06
0.8168	-1.18882e-06
0.8169	-1.18076e-06
0.817	-1.17406e-06
0.8171	-1.1658e-06
0.8172	-1.15728e-06
0.8173	-1.14817e-06
0.8174	-1.14031e-06
0.8175	-1.13283e-06
0.8176	-1.12822e-06
0.8177	-1.11587e-06
0.8178	-1.10738e-06
0.8179	-1.09776e-06
0.818	-1.09027e-06
0.8181	-1.07832e-06
0.8182	-1.06871e-06
0.8183	-1.05907e-06
0.8184	-1.04888e-06
0.8185	-1.03961e-06
0.8186	-1.02937e-06
0.8187	-1.0203e-06
0.8188	-1.011e-06
0.8189	-1.0021e-06
0.819	-9.90719e-07
0.8191	-9.78167e-07
0.8192	-9.73099e-07
0.8193	-9.62723e-07
0.8194	-9.54664e-07
0.8195	-9.45961e-07
0.8196	-9.37852e-07
0.8197	-9.28662e-07
0.8198	-9.18516e-07
0.8199	-9.07025e-07
0.82	-8.96419e-07
0.8201	-8.85965e-07
0.8202	-8.75614e-07
0.8203	-8.65062e-07
0.8204	-8.55963e-07
0.8205	-8.4584e-07
0.8206	-8.34658e-07
0.8207	-8.25759e-07
0.8208	-8.15558e-07
0.8209	-8.04518e-07
0.821	-7.96366e-07
0.8211	-7.89767e-07
0.8212	-7.79123e-07
0.8213	-7.70561e-07
0.8214	-7.59505e-07
0.8215	-7.48865e-07
0.8216	-7.44261e-07
0.8217	-7.32702e-07
0.8218	-7.23191e-07
0.8219	-7.13516e-07
0.822	-7.0572e-07
0.8221	-6.96172e-07
0.8222	-6.88863e-07
0.8223	-6.77897e-07
0.8224	-6.67715e-07
0.8225	-6.56433e-07
0.8226	-6.49944e-07
0.8227	-6.39456e-07
0.8228	-6.28998e-07
0.8229	-6.18003e-07
0.823	-6.07159e-07
0.8231	-5.96535e-07
0.8232	-5.85786e-07
0.8233	-5.75698e-07
0.8234	-5.63291e-07
0.8235	-5.54554e-07
0.8236	-5.4426e-07
0.8237	-5.35267e-07
0.8238	-5.31959e-07
0.8239	-5.22203e-07
0.824	-5.18532e-07
0.8241	-5.16729e-07
0.8242	-5.12546e-07
0.8243	-5.0967e-07
0.8244	-5.0217e-07
0.8245	-4.97584e-07
0.8246	-4.97657e-07
0.8247	-4.91677e-07
0.8248	-4.90296e-07
0.8249	-4.85624e-07
0.825	-4.75394e-07
0.8251	-4.73096e-07
0.8252	-4.71969e-07
0.8253	-4.70047e-07
0.8254	-4.67303e-07
0.8255	-4.65023e-07
0.8256	-4.65697e-07
0.8257	-4.59324e-07
0.8258	-4.65309e-07
0.8259	-4.65171e-07
0.826	-4.64847e-07
0.8261	-4.65931e-07
0.8262	-4.67192e-07
0.8263	-4.6365e-07
0.8264	-4.62687e-07
0.8265	-4.57834e-07
0.8266	-4.57805e-07
0.8267	-4.5912e-07
0.8268	-4.5902e-07
0.8269	-4.56342e-07
0.827	-4.58598e-07
0.8271	-4.62494e-07
0.8272	-4.6483e-07
0.8273	-4.68926e-07
0.8274	-4.66817e-07
0.8275	-4.75449e-07
0.8276	-4.74829e-07
0.8277	-4.72299e-07
0.8278	-4.71357e-07
0.8279	-4.74613e-07
0.828	-4.81409e-07
0.8281	-4.81059e-07
0.8282	-4.7713e-07
0.8283	-4.76631e-07
0.8284	-4.82786e-07
0.8285	-4.88503e-07
0.8286	-4.92523e-07
0.8287	-4.9787e-07
0.8288	-5.0372e-07
0.8289	-5.08974e-07
0.829	-5.13093e-07
0.8291	-5.16698e-07
0.8292	-5.20669e-07
0.8293	-5.24768e-07
0.8294	-5.28965e-07
0.8295	-5.37822e-07
0.8296	-5.42861e-07
0.8297	-5.47776e-07
0.8298	-5.57236e-07
0.8299	-5.60813e-07
0.83	-5.6495e-07
0.8301	-5.71487e-07
0.8302	-5.7527e-07
0.8303	-5.83404e-07
0.8304	-5.89924e-07
0.8305	-5.98169e-07
0.8306	-6.06605e-07
0.8307	-6.09983e-07
0.8308	-6.17423e-07
0.8309	-6.21062e-07
0.831	-6.26558e-07
0.8311	-6.34439e-07
0.8312	-6.38176e-07
0.8313	-6.48864e-07
0.8314	-6.51263e-07
0.8315	-6.65222e-07
0.8316	-6.70156e-07
0.8317	-6.76177e-07
0.8318	-6.85882e-07
0.8319	-6.90405e-07
0.832	-6.93222e-07
0.8321	-7.06022e-07
0.8322	-7.18069e-07
0.8323	-7.24993e-07
0.8324	-7.34658e-07
0.8325	-7.40326e-07
0.8326	-7.43291e-07
0.8327	-7.47525e-07
0.8328	-7.56032e-07
0.8329	-7.64996e-07
0.833	-7.74442e-07
0.8331	-7.81966e-07
0.8332	-7.84654e-07
0.8333	-7.92809e-07
0.8334	-8.01791e-07
0.8335	-8.10768e-07
0.8336	-8.19511e-07
0.8337	-8.23875e-07
0.8338	-8.28628e-07
0.8339	-8.378e-07
0.834	-8.47181e-07
0.8341	-8.56868e-07
0.8342	-8.61899e-07
0.8343	-8.6814e-07
0.8344	-8.74523e-07
0.8345	-8.87631e-07
0.8346	-8.95696e-07
0.8347	-9.05538e-07
0.8348	-9.13775e-07
0.8349	-9.21876e-07
0.835	-9.3156e-07
0.8351	-9.40667e-07
0.8352	-9.52152e-07
0.8353	-9.6075e-07
0.8354	-9.69074e-07
0.8355	-9.78181e-07
0.8356	-9.83258e-07
0.8357	-9.90387e-07
0.8358	-9.98397e-07
0.8359	-1.00485e-06
0.836	-1.01415e-06
0.8361	-1.02107e-06
0.8362	-1.02577e-06
0.8363	-1.03223e-06
0.8364	-1.03824e-06
0.8365	-1.04308e-06
0.8366	-1.04867e-06
0.8367	-1.05147e-06
0.8368	-1.05492e-06
0.8369	-1.06029e-06
0.837	-1.06616e-06
0.8371	-1.06986e-06
0.8372	-1.07329e-06
0.8373	-1.07755e-06
0.8374	-1.08049e-06
0.8375	-1.08414e-06
0.8376	-1.0897e-06
0.8377	-1.09036e-06
0.8378	-1.09337e-06
0.8379	-1.09566e-06
0.838	-1.09582e-06
0.8381	-1.09685e-06
0.8382	-1.10015e-06
0.8383	-1.10293e-06
0.8384	-1.1035e-06
0.8385	-1.10309e-06
0.8386	-1.10309e-06
0.8387	-1.10406e-06
0.8388	-1.10284e-06
0.8389	-1.10249e-06
0.839	-1.1017e-06
0.8391	-1.10118e-06
0.8392	-1.10004e-06
0.8393	-1.0988e-06
0.8394	-1.09756e-06
0.8395	-1.09671e-06
0.8396	-1.09485e-06
0.8397	-1.09179e-06
0.8398	-1.09076e-06
0.8399	-1.08851e-06
0.84	-1.08513e-06
0.8401	-1.08253e-06
0.8402	-1.07877e-06
0.8403	-1.07631e-06
0.8404	-1.07105e-06
0.8405	-1.06618e-06
0.8406	-1.0633e-06
0.8407	-1.05945e-06
0.8408	-1.05571e-06
0.8409	-1.05176e-06
0.841	-1.04754e-06
0.8411	-1.04371e-06
0.8412	-1.03906e-06
0.8413	-1.0348e-06
0.8414	-1.03084e-06
0.8415	-1.02692e-06
0.8416	-1.02038e-06
0.8417	-1.01667e-06
0.8418	-1.01269e-06
0.8419	-1.00793e-06
0.842	-1.00337e-06
0.8421	-9.98874e-07
0.8422	-9.93687e-07
0.8423	-9.8859e-07
0.8424	-9.84282e-07
0.8425	-9.79796e-07
0.8426	-9.73149e-07
0.8427	-9.67918e-07
0.8428	-9.62296e-07
0.8429	-9.57133e-07
0.843	-9.51595e-07
0.8431	-9.46469e-07
0.8432	-9.39651e-07
0.8433	-9.34875e-07
0.8434	-9.30779e-07
0.8435	-9.23055e-07
0.8436	-9.18498e-07
0.8437	-9.13217e-07
0.8438	-9.08971e-07
0.8439	-9.03691e-07
0.844	-9.00019e-07
0.8441	-8.95793e-07
0.8442	-8.89675e-07
0.8443	-8.84378e-07
0.8444	-8.78508e-07
0.8445	-8.74798e-07
0.8446	-8.7009e-07
0.8447	-8.65328e-07
0.8448	-8.59239e-07
0.8449	-8.53807e-07
0.845	-8.48133e-07
0.8451	-8.42551e-07
0.8452	-8.38101e-07
0.8453	-8.31792e-07
0.8454	-8.26182e-07
0.8455	-8.2161e-07
0.8456	-8.16217e-07
0.8457	-8.10561e-07
0.8458	-8.05052e-07
0.8459	-8.00797e-07
0.846	-7.94788e-07
0.8461	-7.88539e-07
0.8462	-7.81423e-07
0.8463	-7.78368e-07
0.8464	-7.74022e-07
0.8465	-7.67913e-07
0.8466	-7.61761e-07
0.8467	-7.5717e-07
0.8468	-7.51462e-07
0.8469	-7.46086e-07
0.847	-7.40977e-07
0.8471	-7.34955e-07
0.8472	-7.28546e-07
0.8473	-7.2302e-07
0.8474	-7.19323e-07
0.8475	-7.14767e-07
0.8476	-7.11032e-07
0.8477	-7.06889e-07
0.8478	-7.00668e-07
0.8479	-6.93955e-07
0.848	-6.87291e-07
0.8481	-6.84435e-07
0.8482	-6.80289e-07
0.8483	-6.75521e-07
0.8484	-6.70051e-07
0.8485	-6.65637e-07
0.8486	-6.6031e-07
0.8487	-6.5453e-07
0.8488	-6.49038e-07
0.8489	-6.43892e-07
0.849	-6.37732e-07
0.8491	-6.33967e-07
0.8492	-6.29603e-07
0.8493	-6.227e-07
0.8494	-6.17301e-07
0.8495	-6.11934e-07
0.8496	-6.06372e-07
0.8497	-6.00642e-07
0.8498	-5.94917e-07
0.8499	-5.90399e-07
0.85	-5.84535e-07
0.8501	-5.78642e-07
0.8502	-5.71808e-07
0.8503	-5.65036e-07
0.8504	-5.59334e-07
0.8505	-5.53836e-07
0.8506	-5.47744e-07
0.8507	-5.43982e-07
0.8508	-5.37482e-07
0.8509	-5.30913e-07
0.851	-5.25369e-07
0.8511	-5.19522e-07
0.8512	-5.13307e-07
0.8513	-5.06058e-07
0.8514	-4.99406e-07
0.8515	-4.92697e-07
0.8516	-4.85747e-07
0.8517	-4.78831e-07
0.8518	-4.72044e-07
0.8519	-4.6663e-07
0.852	-4.6108e-07
0.8521	-4.55683e-07
0.8522	-4.49023e-07
0.8523	-4.41225e-07
0.8524	-4.33439e-07
0.8525	-4.26658e-07
0.8526	-4.19541e-07
0.8527	-4.1229e-07
0.8528	-4.0495e-07
0.8529	-3.99991e-07
0.853	-3.92672e-07
0.8531	-3.84678e-07
0.8532	-3.77767e-07
0.8533	-3.69905e-07
0.8534	-3.62113e-07
0.8535	-3.54279e-07
0.8536	-3.47082e-07
0.8537	-3.39883e-07
0.8538	-3.32466e-07
0.8539	-3.24618e-07
0.854	-3.16912e-07
0.8541	-3.09493e-07
0.8542	-3.01925e-07
0.8543	-2.93437e-07
0.8544	-2.87228e-07
0.8545	-2.79798e-07
0.8546	-2.76278e-07
0.8547	-2.73241e-07
0.8548	-2.63796e-07
0.8549	-2.55419e-07
0.855	-2.48225e-07
0.8551	-2.41238e-07
0.8552	-2.34817e-07
0.8553	-2.31369e-07
0.8554	-2.23462e-07
0.8555	-2.16158e-07
0.8556	-2.08605e-07
0.8557	-2.00817e-07
0.8558	-1.93555e-07
0.8559	-1.84376e-07
0.856	-1.82125e-07
0.8561	-1.79599e-07
0.8562	-1.77302e-07
0.8563	-1.70583e-07
0.8564	-1.60984e-07
0.8565	-1.5246e-07
0.8566	-1.4532e-07
0.8567	-1.37312e-07
0.8568	-1.30054e-07
0.8569	-1.23852e-07
0.857	-1.19015e-07
0.8571	-1.18249e-07
0.8572	-1.1285e-07
0.8573	-1.06542e-07
0.8574	-1.07765e-07
0.8575	-1.08534e-07
0.8576	-1.07675e-07
0.8577	-1.07629e-07
0.8578	-1.02261e-07
0.8579	-9.23727e-08
0.858	-9.38125e-08
0.8581	-8.86298e-08
0.8582	-8.83846e-08
0.8583	-8.86623e-08
0.8584	-8.47563e-08
0.8585	-7.52442e-08
0.8586	-6.82168e-08
0.8587	-7.27903e-08
0.8588	-6.98484e-08
0.8589	-7.17361e-08
0.859	-6.84387e-08
0.8591	-6.96734e-08
0.8592	-6.76788e-08
0.8593	-6.34848e-08
0.8594	-5.46395e-08
0.8595	-5.65319e-08
0.8596	-4.83869e-08
0.8597	-4.66156e-08
0.8598	-4.35395e-08
0.8599	-4.28135e-08
0.86	-3.58668e-08
0.8601	-2.83633e-08
0.8602	-2.72253e-08
0.8603	-2.6393e-08
0.8604	-2.52633e-08
0.8605	-1.95386e-08
0.8606	-1.90923e-08
0.8607	-1.96718e-08
0.8608	-1.82653e-08
0.8609	-1.85612e-08
0.861	-1.84798e-08
0.8611	-1.70003e-08
0.8612	-1.70787e-08
0.8613	-1.64525e-08
0.8614	-1.74499e-08
0.8615	-1.6804e-08
0.8616	-1.86383e-08
0.8617	-1.21203e-08
0.8618	-1.30043e-08
0.8619	-1.79182e-08
0.862	-1.1766e-08
0.8621	-8.10047e-09
0.8622	-8.13279e-09
0.8623	-4.36176e-09
0.8624	-6.95424e-11
0.8625	2.0922e-09
0.8626	5.80674e-09
0.8627	-7.02045e-11
0.8628	3.56564e-09
0.8629	5.34099e-09
0.863	7.60126e-09
0.8631	2.1167e-09
0.8632	4.27579e-09
0.8633	7.39844e-09
0.8634	7.33348e-09
0.8635	2.50728e-09
0.8636	1.56504e-09
0.8637	1.14607e-09
0.8638	-6.04606e-09
0.8639	-1.13628e-08
0.864	-1.50025e-08
0.8641	-2.58773e-08
0.8642	-2.91112e-08
0.8643	-3.2859e-08
0.8644	-3.59694e-08
0.8645	-4.12149e-08
0.8646	-5.03369e-08
0.8647	-5.80113e-08
0.8648	-6.13199e-08
0.8649	-7.18346e-08
0.865	-7.83323e-08
0.8651	-8.48174e-08
0.8652	-9.22813e-08
0.8653	-9.9634e-08
0.8654	-1.09126e-07
0.8655	-1.20103e-07
0.8656	-1.28845e-07
0.8657	-1.37636e-07
0.8658	-1.46912e-07
0.8659	-1.53137e-07
0.866	-1.64564e-07
0.8661	-1.75352e-07
0.8662	-1.9097e-07
0.8663	-2.04381e-07
0.8664	-2.15022e-07
0.8665	-2.24333e-07
0.8666	-2.37393e-07
0.8667	-2.48912e-07
0.8668	-2.62916e-07
0.8669	-2.78043e-07
0.867	-2.92945e-07
0.8671	-3.07432e-07
0.8672	-3.24471e-07
0.8673	-3.40563e-07
0.8674	-3.57517e-07
0.8675	-3.75603e-07
0.8676	-3.94393e-07
0.8677	-4.09516e-07
0.8678	-4.17838e-07
0.8679	-4.23719e-07
0.868	-4.42078e-07
0.8681	-4.6336e-07
0.8682	-4.79069e-07
0.8683	-4.97208e-07
0.8684	-5.14483e-07
0.8685	-5.21359e-07
0.8686	-5.41823e-07
0.8687	-5.61467e-07
0.8688	-5.80964e-07
0.8689	-6.01237e-07
0.869	-6.17876e-07
0.8691	-6.34348e-07
0.8692	-6.55616e-07
0.8693	-6.73244e-07
0.8694	-6.90523e-07
0.8695	-7.09353e-07
0.8696	-7.25282e-07
0.8697	-7.31602e-07
0.8698	-7.47407e-07
0.8699	-7.65121e-07
0.87	-7.72289e-07
0.8701	-7.88517e-07
0.8702	-8.11727e-07
0.8703	-8.28284e-07
0.8704	-8.38406e-07
0.8705	-8.48403e-07
0.8706	-8.60512e-07
0.8707	-8.81731e-07
0.8708	-8.98209e-07
0.8709	-9.13759e-07
0.871	-9.33636e-07
0.8711	-9.44119e-07
0.8712	-9.66022e-07
0.8713	-9.84831e-07
0.8714	-9.99722e-07
0.8715	-1.01416e-06
0.8716	-1.03345e-06
0.8717	-1.05466e-06
0.8718	-1.06962e-06
0.8719	-1.08327e-06
0.872	-1.10029e-06
0.8721	-1.11268e-06
0.8722	-1.12382e-06
0.8723	-1.13534e-06
0.8724	-1.143e-06
0.8725	-1.15803e-06
0.8726	-1.16799e-06
0.8727	-1.18415e-06
0.8728	-1.1954e-06
0.8729	-1.20503e-06
0.873	-1.22011e-06
0.8731	-1.2347e-06
0.8732	-1.24301e-06
0.8733	-1.25216e-06
0.8734	-1.26673e-06
0.8735	-1.27375e-06
0.8736	-1.28558e-06
0.8737	-1.29628e-06
0.8738	-1.30332e-06
0.8739	-1.31272e-06
0.874	-1.31954e-06
0.8741	-1.32591e-06
0.8742	-1.33386e-06
0.8743	-1.34315e-06
0.8744	-1.34982e-06
0.8745	-1.35776e-06
0.8746	-1.36553e-06
0.8747	-1.37123e-06
0.8748	-1.37761e-06
0.8749	-1.37752e-06
0.875	-1.3816e-06
0.8751	-1.38672e-06
0.8752	-1.39131e-06
0.8753	-1.39399e-06
0.8754	-1.39991e-06
0.8755	-1.40175e-06
0.8756	-1.40439e-06
0.8757	-1.40281e-06
0.8758	-1.40889e-06
0.8759	-1.4099e-06
0.876	-1.41099e-06
0.8761	-1.41019e-06
0.8762	-1.40963e-06
0.8763	-1.41122e-06
0.8764	-1.41149e-06
0.8765	-1.41093e-06
0.8766	-1.41008e-06
0.8767	-1.40868e-06
0.8768	-1.40709e-06
0.8769	-1.4045e-06
0.877	-1.40152e-06
0.8771	-1.39563e-06
0.8772	-1.39389e-06
0.8773	-1.39091e-06
0.8774	-1.38799e-06
0.8775	-1.38554e-06
0.8776	-1.38292e-06
0.8777	-1.38054e-06
0.8778	-1.37783e-06
0.8779	-1.37508e-06
0.878	-1.37198e-06
0.8781	-1.36665e-06
0.8782	-1.36249e-06
0.8783	-1.35813e-06
0.8784	-1.35426e-06
0.8785	-1.35144e-06
0.8786	-1.35079e-06
0.8787	-1.34606e-06
0.8788	-1.3419e-06
0.8789	-1.33696e-06
0.879	-1.33122e-06
0.8791	-1.32382e-06
0.8792	-1.31801e-06
0.8793	-1.31246e-06
0.8794	-1.30775e-06
0.8795	-1.30205e-06
0.8796	-1.29515e-06
0.8797	-1.28715e-06
0.8798	-1.28365e-06
0.8799	-1.27695e-06
0.88	-1.26733e-06
0.8801	-1.25981e-06
0.8802	-1.25062e-06
0.8803	-1.24256e-06
0.8804	-1.23447e-06
0.8805	-1.22611e-06
0.8806	-1.2199e-06
0.8807	-1.21231e-06
0.8808	-1.20325e-06
0.8809	-1.19296e-06
0.881	-1.18365e-06
0.8811	-1.17489e-06
0.8812	-1.16643e-06
0.8813	-1.15899e-06
0.8814	-1.15171e-06
0.8815	-1.14476e-06
0.8816	-1.13371e-06
0.8817	-1.12523e-06
0.8818	-1.11812e-06
0.8819	-1.10751e-06
0.882	-1.0983e-06
0.8821	-1.08701e-06
0.8822	-1.07797e-06
0.8823	-1.06849e-06
0.8824	-1.05896e-06
0.8825	-1.04901e-06
0.8826	-1.04014e-06
0.8827	-1.03067e-06
0.8828	-1.02136e-06
0.8829	-1.01087e-06
0.883	-1.00019e-06
0.8831	-9.91437e-07
0.8832	-9.8241e-07
0.8833	-9.75025e-07
0.8834	-9.66387e-07
0.8835	-9.57348e-07
0.8836	-9.47031e-07
0.8837	-9.36341e-07
0.8838	-9.27106e-07
0.8839	-9.17102e-07
0.884	-9.06075e-07
0.8841	-8.96182e-07
0.8842	-8.84301e-07
0.8843	-8.73653e-07
0.8844	-8.64475e-07
0.8845	-8.54267e-07
0.8846	-8.44001e-07
0.8847	-8.35295e-07
0.8848	-8.24422e-07
0.8849	-8.13902e-07
0.885	-8.05809e-07
0.8851	-7.97472e-07
0.8852	-7.89375e-07
0.8853	-7.77797e-07
0.8854	-7.66444e-07
0.8855	-7.61429e-07
0.8856	-7.50477e-07
0.8857	-7.39595e-07
0.8858	-7.27882e-07
0.8859	-7.16838e-07
0.886	-7.09933e-07
0.8861	-6.98986e-07
0.8862	-6.89922e-07
0.8863	-6.79238e-07
0.8864	-6.68176e-07
0.8865	-6.57204e-07
0.8866	-6.45683e-07
0.8867	-6.34573e-07
0.8868	-6.27733e-07
0.8869	-6.16321e-07
0.887	-6.05821e-07
0.8871	-5.99991e-07
0.8872	-5.95199e-07
0.8873	-5.82641e-07
0.8874	-5.75914e-07
0.8875	-5.66554e-07
0.8876	-5.58198e-07
0.8877	-5.47758e-07
0.8878	-5.42962e-07
0.8879	-5.31961e-07
0.888	-5.22476e-07
0.8881	-5.17831e-07
0.8882	-5.125e-07
0.8883	-5.03065e-07
0.8884	-4.99684e-07
0.8885	-4.96338e-07
0.8886	-4.92664e-07
0.8887	-4.86447e-07
0.8888	-4.83075e-07
0.8889	-4.72756e-07
0.889	-4.68466e-07
0.8891	-4.64852e-07
0.8892	-4.62204e-07
0.8893	-4.60375e-07
0.8894	-4.57537e-07
0.8895	-4.55201e-07
0.8896	-4.55028e-07
0.8897	-4.52652e-07
0.8898	-4.54213e-07
0.8899	-4.53723e-07
0.89	-4.53232e-07
0.8901	-4.54607e-07
0.8902	-4.55177e-07
0.8903	-4.58277e-07
0.8904	-4.55345e-07
0.8905	-4.51932e-07
0.8906	-4.52025e-07
0.8907	-4.52728e-07
0.8908	-4.5593e-07
0.8909	-4.52424e-07
0.891	-4.4877e-07
0.8911	-4.51338e-07
0.8912	-4.56431e-07
0.8913	-4.57688e-07
0.8914	-4.62876e-07
0.8915	-4.62938e-07
0.8916	-4.66202e-07
0.8917	-4.70849e-07
0.8918	-4.73566e-07
0.8919	-4.73516e-07
0.892	-4.71856e-07
0.8921	-4.7291e-07
0.8922	-4.74691e-07
0.8923	-4.75764e-07
0.8924	-4.76361e-07
0.8925	-4.81877e-07
0.8926	-4.85484e-07
0.8927	-4.8912e-07
0.8928	-4.9502e-07
0.8929	-5.00838e-07
0.893	-5.0327e-07
0.8931	-5.07286e-07
0.8932	-5.11637e-07
0.8933	-5.12108e-07
0.8934	-5.20297e-07
0.8935	-5.26507e-07
0.8936	-5.32064e-07
0.8937	-5.37006e-07
0.8938	-5.41189e-07
0.8939	-5.4237e-07
0.894	-5.43395e-07
0.8941	-5.48147e-07
0.8942	-5.50904e-07
0.8943	-5.57568e-07
0.8944	-5.66592e-07
0.8945	-5.73707e-07
0.8946	-5.77262e-07
0.8947	-5.79462e-07
0.8948	-5.8611e-07
0.8949	-5.96006e-07
0.895	-6.00526e-07
0.8951	-6.10758e-07
0.8952	-6.21693e-07
0.8953	-6.29684e-07
0.8954	-6.35717e-07
0.8955	-6.46481e-07
0.8956	-6.52634e-07
0.8957	-6.58148e-07
0.8958	-6.69494e-07
0.8959	-6.82175e-07
0.896	-6.90576e-07
0.8961	-7.02207e-07
0.8962	-7.05781e-07
0.8963	-7.09599e-07
0.8964	-7.1535e-07
0.8965	-7.28448e-07
0.8966	-7.40504e-07
0.8967	-7.48479e-07
0.8968	-7.56706e-07
0.8969	-7.66406e-07
0.897	-7.74407e-07
0.8971	-7.78902e-07
0.8972	-7.85616e-07
0.8973	-7.92921e-07
0.8974	-8.01707e-07
0.8975	-8.09548e-07
0.8976	-8.14742e-07
0.8977	-8.2919e-07
0.8978	-8.32585e-07
0.8979	-8.41701e-07
0.898	-8.45132e-07
0.8981	-8.51299e-07
0.8982	-8.61669e-07
0.8983	-8.6651e-07
0.8984	-8.71936e-07
0.8985	-8.77673e-07
0.8986	-8.82593e-07
0.8987	-8.87907e-07
0.8988	-8.93215e-07
0.8989	-9.01973e-07
0.899	-9.10377e-07
0.8991	-9.1648e-07
0.8992	-9.24581e-07
0.8993	-9.33854e-07
0.8994	-9.39019e-07
0.8995	-9.47034e-07
0.8996	-9.52352e-07
0.8997	-9.59649e-07
0.8998	-9.68044e-07
0.8999	-9.74788e-07
0.9	-9.8175e-07
0.9001	-9.87795e-07
0.9002	-9.94408e-07
0.9003	-9.98141e-07
0.9004	-1.00579e-06
0.9005	-1.00904e-06
0.9006	-1.01373e-06
0.9007	-1.01886e-06
0.9008	-1.02387e-06
0.9009	-1.0292e-06
0.901	-1.03222e-06
0.9011	-1.03537e-06
0.9012	-1.03786e-06
0.9013	-1.04188e-06
0.9014	-1.04538e-06
0.9015	-1.04926e-06
0.9016	-1.05236e-06
0.9017	-1.05652e-06
0.9018	-1.05759e-06
0.9019	-1.05982e-06
0.902	-1.06158e-06
0.9021	-1.06198e-06
0.9022	-1.06551e-06
0.9023	-1.06686e-06
0.9024	-1.06626e-06
0.9025	-1.06654e-06
0.9026	-1.06724e-06
0.9027	-1.06706e-06
0.9028	-1.06675e-06
0.9029	-1.06554e-06
0.903	-1.06466e-06
0.9031	-1.0632e-06
0.9032	-1.06368e-06
0.9033	-1.06239e-06
0.9034	-1.06178e-06
0.9035	-1.06015e-06
0.9036	-1.06008e-06
0.9037	-1.05564e-06
0.9038	-1.05402e-06
0.9039	-1.05144e-06
0.904	-1.04808e-06
0.9041	-1.04678e-06
0.9042	-1.04286e-06
0.9043	-1.03798e-06
0.9044	-1.03446e-06
0.9045	-1.03089e-06
0.9046	-1.02807e-06
0.9047	-1.0238e-06
0.9048	-1.01928e-06
0.9049	-1.01516e-06
0.905	-1.01059e-06
0.9051	-1.00665e-06
0.9052	-1.00211e-06
0.9053	-9.97019e-07
0.9054	-9.94101e-07
0.9055	-9.90007e-07
0.9056	-9.84498e-07
0.9057	-9.79873e-07
0.9058	-9.75727e-07
0.9059	-9.71035e-07
0.906	-9.65238e-07
0.9061	-9.59967e-07
0.9062	-9.55088e-07
0.9063	-9.49883e-07
0.9064	-9.44259e-07
0.9065	-9.37923e-07
0.9066	-9.31211e-07
0.9067	-9.26186e-07
0.9068	-9.20271e-07
0.9069	-9.15423e-07
0.907	-9.09621e-07
0.9071	-9.02496e-07
0.9072	-8.96625e-07
0.9073	-8.93209e-07
0.9074	-8.84592e-07
0.9075	-8.80211e-07
0.9076	-8.7494e-07
0.9077	-8.70532e-07
0.9078	-8.65739e-07
0.9079	-8.60315e-07
0.908	-8.56209e-07
0.9081	-8.51707e-07
0.9082	-8.45725e-07
0.9083	-8.41479e-07
0.9084	-8.33158e-07
0.9085	-8.28744e-07
0.9086	-8.23505e-07
0.9087	-8.16966e-07
0.9088	-8.12234e-07
0.9089	-8.07412e-07
0.909	-8.02825e-07
0.9091	-7.96277e-07
0.9092	-7.91175e-07
0.9093	-7.84783e-07
0.9094	-7.8174e-07
0.9095	-7.7599e-07
0.9096	-7.69832e-07
0.9097	-7.63514e-07
0.9098	-7.57984e-07
0.9099	-7.52883e-07
0.91	-7.48301e-07
0.9101	-7.41389e-07
0.9102	-7.35804e-07
0.9103	-7.33042e-07
0.9104	-7.27812e-07
0.9105	-7.22123e-07
0.9106	-7.16139e-07
0.9107	-7.09283e-07
0.9108	-7.04479e-07
0.9109	-6.99026e-07
0.911	-6.93193e-07
0.9111	-6.87391e-07
0.9112	-6.81899e-07
0.9113	-6.76155e-07
0.9114	-6.70436e-07
0.9115	-6.64463e-07
0.9116	-6.59355e-07
0.9117	-6.54628e-07
0.9118	-6.48852e-07
0.9119	-6.42011e-07
0.912	-6.35862e-07
0.9121	-6.32706e-07
0.9122	-6.26652e-07
0.9123	-6.21636e-07
0.9124	-6.15921e-07
0.9125	-6.09777e-07
0.9126	-6.03979e-07
0.9127	-5.97857e-07
0.9128	-5.91731e-07
0.9129	-5.86254e-07
0.913	-5.79999e-07
0.9131	-5.75281e-07
0.9132	-5.69633e-07
0.9133	-5.64449e-07
0.9134	-5.6e-07
0.9135	-5.54394e-07
0.9136	-5.49165e-07
0.9137	-5.43176e-07
0.9138	-5.36822e-07
0.9139	-5.30392e-07
0.914	-5.24548e-07
0.9141	-5.17451e-07
0.9142	-5.12306e-07
0.9143	-5.06414e-07
0.9144	-4.99561e-07
0.9145	-4.94718e-07
0.9146	-4.89016e-07
0.9147	-4.83299e-07
0.9148	-4.77282e-07
0.9149	-4.71179e-07
0.915	-4.65196e-07
0.9151	-4.58436e-07
0.9152	-4.52587e-07
0.9153	-4.45771e-07
0.9154	-4.39481e-07
0.9155	-4.34145e-07
0.9156	-4.26964e-07
0.9157	-4.20618e-07
0.9158	-4.14496e-07
0.9159	-4.08073e-07
0.916	-4.00354e-07
0.9161	-3.93621e-07
0.9162	-3.86111e-07
0.9163	-3.79421e-07
0.9164	-3.72331e-07
0.9165	-3.64002e-07
0.9166	-3.57002e-07
0.9167	-3.51892e-07
0.9168	-3.45075e-07
0.9169	-3.37926e-07
0.917	-3.29198e-07
0.9171	-3.21837e-07
0.9172	-3.15454e-07
0.9173	-3.07854e-07
0.9174	-2.99508e-07
0.9175	-2.91378e-07
0.9176	-2.8328e-07
0.9177	-2.76281e-07
0.9178	-2.68331e-07
0.9179	-2.60409e-07
0.918	-2.5237e-07
0.9181	-2.44667e-07
0.9182	-2.36719e-07
0.9183	-2.30991e-07
0.9184	-2.21871e-07
0.9185	-2.15887e-07
0.9186	-2.07497e-07
0.9187	-2.00352e-07
0.9188	-1.93571e-07
0.9189	-1.89961e-07
0.919	-1.80873e-07
0.9191	-1.77707e-07
0.9192	-1.74634e-07
0.9193	-1.71231e-07
0.9194	-1.63951e-07
0.9195	-1.55476e-07
0.9196	-1.51785e-07
0.9197	-1.51381e-07
0.9198	-1.42164e-07
0.9199	-1.39975e-07
0.92	-1.33785e-07
0.9201	-1.26737e-07
0.9202	-1.16445e-07
0.9203	-1.14574e-07
0.9204	-1.11177e-07
0.9205	-1.03812e-07
0.9206	-9.71009e-08
0.9207	-9.54069e-08
0.9208	-8.93473e-08
0.9209	-8.84293e-08
0.921	-8.81904e-08
0.9211	-8.32169e-08
0.9212	-7.74168e-08
0.9213	-7.82443e-08
0.9214	-7.81722e-08
0.9215	-7.26587e-08
0.9216	-6.80786e-08
0.9217	-6.1212e-08
0.9218	-6.41277e-08
0.9219	-5.91659e-08
0.922	-5.90453e-08
0.9221	-6.01586e-08
0.9222	-5.44716e-08
0.9223	-4.67386e-08
0.9224	-4.17854e-08
0.9225	-4.25693e-08
0.9226	-3.9498e-08
0.9227	-3.62217e-08
0.9228	-3.33029e-08
0.9229	-3.6009e-08
0.923	-3.29703e-08
0.9231	-3.46246e-08
0.9232	-3.93114e-08
0.9233	-3.10108e-08
0.9234	-2.75627e-08
0.9235	-2.44581e-08
0.9236	-2.1332e-08
0.9237	-1.89473e-08
0.9238	-2.37112e-08
0.9239	-1.51107e-08
0.924	-9.56537e-09
0.9241	-1.17613e-08
0.9242	-9.90467e-09
0.9243	-2.8316e-09
0.9244	3.21705e-09
0.9245	9.75628e-09
0.9246	9.96703e-09
0.9247	1.64507e-08
0.9248	1.58996e-08
0.9249	1.39349e-08
0.925	1.29164e-08
0.9251	1.88483e-08
0.9252	2.54306e-08
0.9253	2.93271e-08
0.9254	2.80025e-08
0.9255	2.61362e-08
0.9256	3.01373e-08
0.9257	2.83425e-08
0.9258	2.27889e-08
0.9259	1.65697e-08
0.926	1.67498e-08
0.9261	1.91696e-08
0.9262	2.1163e-08
0.9263	1.69303e-08
0.9264	9.21935e-09
0.9265	1.14992e-08
0.9266	1.47799e-08
0.9267	1.68946e-08
0.9268	1.98711e-08
0.9269	2.0347e-08
0.927	1.51006e-08
0.9271	1.6474e-08
0.9272	9.92177e-09
0.9273	1.00157e-08
0.9274	9.27129e-09
0.9275	7.19402e-09
0.9276	4.38353e-09
0.9277	4.02322e-09
0.9278	2.56465e-09
0.9279	1.97843e-09
0.928	-5.31822e-09
0.9281	-8.68439e-09
0.9282	-1.85649e-08
0.9283	-2.13016e-08
0.9284	-2.58673e-08
0.9285	-2.95072e-08
0.9286	-3.52239e-08
0.9287	-4.18068e-08
0.9288	-5.14557e-08
0.9289	-6.10851e-08
0.929	-6.78934e-08
0.9291	-7.63472e-08
0.9292	-8.72594e-08
0.9293	-9.99154e-08
0.9294	-1.0702e-07
0.9295	-1.1428e-07
0.9296	-1.27297e-07
0.9297	-1.38032e-07
0.9298	-1.50123e-07
0.9299	-1.62384e-07
0.93	-1.72344e-07
0.9301	-1.89015e-07
0.9302	-2.00424e-07
0.9303	-2.14171e-07
0.9304	-2.24554e-07
0.9305	-2.38843e-07
0.9306	-2.52076e-07
0.9307	-2.65223e-07
0.9308	-2.80528e-07
0.9309	-2.96681e-07
0.931	-3.14134e-07
0.9311	-3.31002e-07
0.9312	-3.37752e-07
0.9313	-3.53683e-07
0.9314	-3.65373e-07
0.9315	-3.80919e-07
0.9316	-3.87398e-07
0.9317	-4.05615e-07
0.9318	-4.19857e-07
0.9319	-4.32525e-07
0.932	-4.52088e-07
0.9321	-4.62741e-07
0.9322	-4.82928e-07
0.9323	-4.97689e-07
0.9324	-5.05215e-07
0.9325	-5.27248e-07
0.9326	-5.49015e-07
0.9327	-5.69915e-07
0.9328	-5.81557e-07
0.9329	-5.89579e-07
0.933	-6.01119e-07
0.9331	-6.18995e-07
0.9332	-6.34748e-07
0.9333	-6.47074e-07
0.9334	-6.68648e-07
0.9335	-6.83672e-07
0.9336	-7.01267e-07
0.9337	-7.14219e-07
0.9338	-7.37149e-07
0.9339	-7.44848e-07
0.934	-7.50896e-07
0.9341	-7.63588e-07
0.9342	-7.79817e-07
0.9343	-7.96819e-07
0.9344	-8.1478e-07
0.9345	-8.36431e-07
0.9346	-8.51982e-07
0.9347	-8.68203e-07
0.9348	-8.79022e-07
0.9349	-8.93275e-07
0.935	-9.0839e-07
0.9351	-9.18508e-07
0.9352	-9.34932e-07
0.9353	-9.44041e-07
0.9354	-9.58591e-07
0.9355	-9.72706e-07
0.9356	-9.86522e-07
0.9357	-9.9741e-07
0.9358	-1.00763e-06
0.9359	-1.01997e-06
0.936	-1.03459e-06
0.9361	-1.04458e-06
0.9362	-1.05486e-06
0.9363	-1.06907e-06
0.9364	-1.0792e-06
0.9365	-1.09481e-06
0.9366	-1.10845e-06
0.9367	-1.12227e-06
0.9368	-1.12994e-06
0.9369	-1.14385e-06
0.937	-1.15836e-06
0.9371	-1.16994e-06
0.9372	-1.17763e-06
0.9373	-1.18835e-06
0.9374	-1.19894e-06
0.9375	-1.21118e-06
0.9376	-1.22026e-06
0.9377	-1.22956e-06
0.9378	-1.23889e-06
0.9379	-1.2462e-06
0.938	-1.25314e-06
0.9381	-1.26071e-06
0.9382	-1.26819e-06
0.9383	-1.27513e-06
0.9384	-1.28076e-06
0.9385	-1.28579e-06
0.9386	-1.28987e-06
0.9387	-1.2946e-06
0.9388	-1.29763e-06
0.9389	-1.29761e-06
0.939	-1.30086e-06
0.9391	-1.30402e-06
0.9392	-1.30576e-06
0.9393	-1.30742e-06
0.9394	-1.30887e-06
0.9395	-1.30996e-06
0.9396	-1.31162e-06
0.9397	-1.31207e-06
0.9398	-1.31337e-06
0.9399	-1.31149e-06
0.94	-1.31174e-06
0.9401	-1.31069e-06
0.9402	-1.31025e-06
0.9403	-1.30881e-06
0.9404	-1.30721e-06
0.9405	-1.30667e-06
0.9406	-1.30343e-06
0.9407	-1.30027e-06
0.9408	-1.29565e-06
0.9409	-1.29228e-06
0.941	-1.28575e-06
0.9411	-1.2833e-06
0.9412	-1.27943e-06
0.9413	-1.27563e-06
0.9414	-1.2726e-06
0.9415	-1.26877e-06
0.9416	-1.26456e-06
0.9417	-1.26121e-06
0.9418	-1.25705e-06
0.9419	-1.25133e-06
0.942	-1.24646e-06
0.9421	-1.24186e-06
0.9422	-1.23818e-06
0.9423	-1.23383e-06
0.9424	-1.22993e-06
0.9425	-1.22439e-06
0.9426	-1.21882e-06
0.9427	-1.2143e-06
0.9428	-1.20895e-06
0.9429	-1.20432e-06
0.943	-1.19733e-06
0.9431	-1.19127e-06
0.9432	-1.18544e-06
0.9433	-1.17937e-06
0.9434	-1.17394e-06
0.9435	-1.1675e-06
0.9436	-1.16353e-06
0.9437	-1.15393e-06
0.9438	-1.14334e-06
0.9439	-1.13664e-06
0.944	-1.12838e-06
0.9441	-1.12192e-06
0.9442	-1.11468e-06
0.9443	-1.10671e-06
0.9444	-1.09792e-06
0.9445	-1.08854e-06
0.9446	-1.08025e-06
0.9447	-1.07153e-06
0.9448	-1.06285e-06
0.9449	-1.05196e-06
0.945	-1.04435e-06
0.9451	-1.03516e-06
0.9452	-1.03003e-06
0.9453	-1.01863e-06
0.9454	-1.01233e-06
0.9455	-1.00444e-06
0.9456	-9.96738e-07
0.9457	-9.86365e-07
0.9458	-9.76416e-07
0.9459	-9.66583e-07
0.946	-9.56563e-07
0.9461	-9.47684e-07
0.9462	-9.38748e-07
0.9463	-9.31291e-07
0.9464	-9.22059e-07
0.9465	-9.10913e-07
0.9466	-8.99614e-07
0.9467	-8.89163e-07
0.9468	-8.80235e-07
0.9469	-8.69902e-07
0.947	-8.66425e-07
0.9471	-8.57857e-07
0.9472	-8.47148e-07
0.9473	-8.36884e-07
0.9474	-8.27767e-07
0.9475	-8.1744e-07
0.9476	-8.06484e-07
0.9477	-7.9318e-07
0.9478	-7.83936e-07
0.9479	-7.73562e-07
0.948	-7.63242e-07
0.9481	-7.53866e-07
0.9482	-7.43294e-07
0.9483	-7.34489e-07
0.9484	-7.2475e-07
0.9485	-7.13908e-07
0.9486	-7.03776e-07
0.9487	-6.95669e-07
0.9488	-6.85192e-07
0.9489	-6.74952e-07
0.949	-6.66599e-07
0.9491	-6.55387e-07
0.9492	-6.49328e-07
0.9493	-6.39304e-07
0.9494	-6.28288e-07
0.9495	-6.17588e-07
0.9496	-6.09317e-07
0.9497	-5.98848e-07
0.9498	-5.8641e-07
0.9499	-5.79114e-07
0.95	-5.68161e-07
0.9501	-5.57956e-07
0.9502	-5.46307e-07
0.9503	-5.39972e-07
0.9504	-5.29151e-07
0.9505	-5.27293e-07
0.9506	-5.2101e-07
0.9507	-5.15999e-07
0.9508	-5.09684e-07
0.9509	-5.03758e-07
0.951	-4.96163e-07
0.9511	-4.90594e-07
0.9512	-4.86585e-07
0.9513	-4.85193e-07
0.9514	-4.80473e-07
0.9515	-4.75936e-07
0.9516	-4.66967e-07
0.9517	-4.57143e-07
0.9518	-4.46876e-07
0.9519	-4.36044e-07
0.952	-4.33875e-07
0.9521	-4.24487e-07
0.9522	-4.20189e-07
0.9523	-4.13124e-07
0.9524	-4.10747e-07
0.9525	-4.00278e-07
0.9526	-3.94978e-07
0.9527	-3.90672e-07
0.9528	-3.88194e-07
0.9529	-3.81342e-07
0.953	-3.79457e-07
0.9531	-3.75812e-07
0.9532	-3.7895e-07
0.9533	-3.76416e-07
0.9534	-3.79101e-07
0.9535	-3.7935e-07
0.9536	-3.78179e-07
0.9537	-3.81456e-07
0.9538	-3.82893e-07
0.9539	-3.87372e-07
0.954	-3.81722e-07
0.9541	-3.76259e-07
0.9542	-3.77358e-07
0.9543	-3.7747e-07
0.9544	-3.78731e-07
0.9545	-3.75101e-07
0.9546	-3.78651e-07
0.9547	-3.74689e-07
0.9548	-3.80382e-07
0.9549	-3.77769e-07
0.955	-3.75293e-07
0.9551	-3.75854e-07
0.9552	-3.80102e-07
0.9553	-3.83642e-07
0.9554	-3.87002e-07
0.9555	-3.90724e-07
0.9556	-3.96215e-07
0.9557	-3.97822e-07
0.9558	-3.98024e-07
0.9559	-3.9805e-07
0.956	-4.03776e-07
0.9561	-4.08055e-07
0.9562	-4.13606e-07
0.9563	-4.14805e-07
0.9564	-4.17047e-07
0.9565	-4.19013e-07
0.9566	-4.21758e-07
0.9567	-4.26932e-07
0.9568	-4.33279e-07
0.9569	-4.35057e-07
0.957	-4.39881e-07
0.9571	-4.50436e-07
0.9572	-4.58617e-07
0.9573	-4.65559e-07
0.9574	-4.72613e-07
0.9575	-4.76746e-07
0.9576	-4.80574e-07
0.9577	-4.84908e-07
0.9578	-4.92252e-07
0.9579	-4.96287e-07
0.958	-5.03527e-07
0.9581	-5.07412e-07
0.9582	-5.15783e-07
0.9583	-5.19878e-07
0.9584	-5.26077e-07
0.9585	-5.29773e-07
0.9586	-5.34043e-07
0.9587	-5.44534e-07
0.9588	-5.53445e-07
0.9589	-5.63731e-07
0.959	-5.73706e-07
0.9591	-5.88719e-07
0.9592	-5.93781e-07
0.9593	-6.02621e-07
0.9594	-6.14961e-07
0.9595	-6.27203e-07
0.9596	-6.30048e-07
0.9597	-6.38614e-07
0.9598	-6.47153e-07
0.9599	-6.58688e-07
0.96	-6.63719e-07
0.9601	-6.6852e-07
0.9602	-6.77122e-07
0.9603	-6.80786e-07
0.9604	-6.89268e-07
0.9605	-7.02411e-07
0.9606	-7.16028e-07
0.9607	-7.23269e-07
0.9608	-7.30391e-07
0.9609	-7.43727e-07
0.961	-7.53662e-07
0.9611	-7.62833e-07
0.9612	-7.70779e-07
0.9613	-7.7942e-07
0.9614	-7.82822e-07
0.9615	-7.92214e-07
0.9616	-7.96517e-07
0.9617	-8.05856e-07
0.9618	-8.17325e-07
0.9619	-8.21683e-07
0.962	-8.31117e-07
0.9621	-8.40946e-07
0.9622	-8.49796e-07
0.9623	-8.54556e-07
0.9624	-8.63915e-07
0.9625	-8.68641e-07
0.9626	-8.78336e-07
0.9627	-8.87823e-07
0.9628	-8.96241e-07
0.9629	-9.05243e-07
0.963	-9.128e-07
0.9631	-9.19528e-07
0.9632	-9.25456e-07
0.9633	-9.30772e-07
0.9634	-9.39367e-07
0.9635	-9.46529e-07
0.9636	-9.54075e-07
0.9637	-9.59372e-07
0.9638	-9.66028e-07
0.9639	-9.72562e-07
0.964	-9.7932e-07
0.9641	-9.83097e-07
0.9642	-9.87076e-07
0.9643	-9.91798e-07
0.9644	-9.95042e-07
0.9645	-1.00028e-06
0.9646	-1.00736e-06
0.9647	-1.01241e-06
0.9648	-1.01669e-06
0.9649	-1.02016e-06
0.965	-1.02351e-06
0.9651	-1.02749e-06
0.9652	-1.03108e-06
0.9653	-1.03307e-06
0.9654	-1.03617e-06
0.9655	-1.03731e-06
0.9656	-1.04067e-06
0.9657	-1.04131e-06
0.9658	-1.04247e-06
0.9659	-1.04581e-06
0.966	-1.04666e-06
0.9661	-1.04955e-06
0.9662	-1.04871e-06
0.9663	-1.04909e-06
0.9664	-1.04936e-06
0.9665	-1.04834e-06
0.9666	-1.0494e-06
0.9667	-1.04852e-06
0.9668	-1.04678e-06
0.9669	-1.04624e-06
0.967	-1.04423e-06
0.9671	-1.04287e-06
0.9672	-1.04047e-06
0.9673	-1.0386e-06
0.9674	-1.03625e-06
0.9675	-1.03391e-06
0.9676	-1.03199e-06
0.9677	-1.02861e-06
0.9678	-1.02478e-06
0.9679	-1.02286e-06
0.968	-1.01803e-06
0.9681	-1.01506e-06
0.9682	-1.01058e-06
0.9683	-1.00627e-06
0.9684	-1.00262e-06
0.9685	-9.9961e-07
0.9686	-9.95589e-07
0.9687	-9.92185e-07
0.9688	-9.87425e-07
0.9689	-9.82915e-07
0.969	-9.79471e-07
0.9691	-9.76166e-07
0.9692	-9.68385e-07
0.9693	-9.63754e-07
0.9694	-9.60688e-07
0.9695	-9.56127e-07
0.9696	-9.52006e-07
0.9697	-9.48172e-07
0.9698	-9.42777e-07
0.9699	-9.36773e-07
0.97	-9.31547e-07
0.9701	-9.27104e-07
0.9702	-9.20022e-07
0.9703	-9.15051e-07
0.9704	-9.10045e-07
0.9705	-9.04783e-07
0.9706	-8.99411e-07
0.9707	-8.94131e-07
0.9708	-8.87969e-07
0.9709	-8.8257e-07
0.971	-8.77201e-07
0.9711	-8.67395e-07
0.9712	-8.63873e-07
0.9713	-8.58898e-07
0.9714	-8.53611e-07
0.9715	-8.4856e-07
0.9716	-8.4402e-07
0.9717	-8.37621e-07
0.9718	-8.337e-07
0.9719	-8.2834e-07
0.972	-8.22504e-07
0.9721	-8.15648e-07
0.9722	-8.12315e-07
0.9723	-8.07137e-07
0.9724	-8.01777e-07
0.9725	-7.96195e-07
0.9726	-7.91072e-07
0.9727	-7.86766e-07
0.9728	-7.811e-07
0.9729	-7.77259e-07
0.973	-7.7056e-07
0.9731	-7.65521e-07
0.9732	-7.59908e-07
0.9733	-7.55317e-07
0.9734	-7.50327e-07
0.9735	-7.44866e-07
0.9736	-7.40775e-07
0.9737	-7.34886e-07
0.9738	-7.27456e-07
0.9739	-7.21183e-07
0.974	-7.18103e-07
0.9741	-7.12021e-07
0.9742	-7.06455e-07
0.9743	-6.99852e-07
0.9744	-6.95471e-07
0.9745	-6.8963e-07
0.9746	-6.84198e-07
0.9747	-6.78387e-07
0.9748	-6.7171e-07
0.9749	-6.67091e-07
0.975	-6.61512e-07
0.9751	-6.56491e-07
0.9752	-6.50319e-07
0.9753	-6.46858e-07
0.9754	-6.41055e-07
0.9755	-6.35308e-07
0.9756	-6.28738e-07
0.9757	-6.2399e-07
0.9758	-6.19414e-07
0.9759	-6.15261e-07
0.976	-6.10382e-07
0.9761	-6.05324e-07
0.9762	-5.99766e-07
0.9763	-5.93794e-07
0.9764	-5.88239e-07
0.9765	-5.82222e-07
0.9766	-5.76533e-07
0.9767	-5.70916e-07
0.9768	-5.65608e-07
0.9769	-5.60758e-07
0.977	-5.53735e-07
0.9771	-5.47889e-07
0.9772	-5.42393e-07
0.9773	-5.36716e-07
0.9774	-5.30872e-07
0.9775	-5.24942e-07
0.9776	-5.19049e-07
0.9777	-5.13291e-07
0.9778	-5.06409e-07
0.9779	-5.01518e-07
0.978	-4.95661e-07
0.9781	-4.9215e-07
0.9782	-4.85762e-07
0.9783	-4.78897e-07
0.9784	-4.72647e-07
0.9785	-4.65169e-07
0.9786	-4.59749e-07
0.9787	-4.52322e-07
0.9788	-4.45393e-07
0.9789	-4.39689e-07
0.979	-4.32806e-07
0.9791	-4.25226e-07
0.9792	-4.18748e-07
0.9793	-4.13928e-07
0.9794	-4.06735e-07
0.9795	-3.99878e-07
0.9796	-3.92973e-07
0.9797	-3.8665e-07
0.9798	-3.79445e-07
0.9799	-3.72175e-07
0.98	-3.65219e-07
0.9801	-3.57917e-07
0.9802	-3.50878e-07
0.9803	-3.4423e-07
0.9804	-3.39007e-07
0.9805	-3.31239e-07
0.9806	-3.23941e-07
0.9807	-3.14866e-07
0.9808	-3.07149e-07
0.9809	-3.03728e-07
0.981	-2.95824e-07
0.9811	-2.88311e-07
0.9812	-2.80491e-07
0.9813	-2.72798e-07
0.9814	-2.65037e-07
0.9815	-2.57395e-07
0.9816	-2.49704e-07
0.9817	-2.42131e-07
0.9818	-2.37708e-07
0.9819	-2.30484e-07
0.982	-2.21619e-07
0.9821	-2.17159e-07
0.9822	-2.08866e-07
0.9823	-2.02549e-07
0.9824	-1.94908e-07
0.9825	-1.8693e-07
0.9826	-1.82394e-07
0.9827	-1.74131e-07
0.9828	-1.66973e-07
0.9829	-1.59327e-07
0.983	-1.52208e-07
0.9831	-1.47964e-07
0.9832	-1.46326e-07
0.9833	-1.4407e-07
0.9834	-1.36783e-07
0.9835	-1.28978e-07
0.9836	-1.26438e-07
0.9837	-1.16947e-07
0.9838	-1.09891e-07
0.9839	-1.02532e-07
0.984	-1.00344e-07
0.9841	-9.35489e-08
0.9842	-9.24158e-08
0.9843	-8.95511e-08
0.9844	-8.4167e-08
0.9845	-7.9546e-08
0.9846	-7.82002e-08
0.9847	-7.10906e-08
0.9848	-6.44579e-08
0.9849	-6.36914e-08
0.985	-5.42772e-08
0.9851	-4.75828e-08
0.9852	-4.09192e-08
0.9853	-3.95393e-08
0.9854	-3.10213e-08
0.9855	-2.6539e-08
0.9856	-2.13038e-08
0.9857	-1.13992e-08
0.9858	-1.12274e-08
0.9859	-1.57092e-09
0.986	2.85142e-09
0.9861	7.30104e-09
0.9862	1.35381e-08
0.9863	1.57016e-08
0.9864	2.003e-08
0.9865	2.45836e-08
0.9866	2.86513e-08
0.9867	2.7315e-08
0.9868	3.14735e-08
0.9869	3.51135e-08
0.987	3.78337e-08
0.9871	4.05503e-08
0.9872	4.86331e-08
0.9873	5.14562e-08
0.9874	5.42926e-08
0.9875	5.77846e-08
0.9876	6.00141e-08
0.9877	6.52966e-08
0.9878	7.13502e-08
0.9879	7.26975e-08
0.988	7.34322e-08
0.9881	7.28934e-08
0.9882	7.30908e-08
0.9883	7.1414e-08
0.9884	7.94653e-08
0.9885	7.96437e-08
0.9886	8.1209e-08
0.9887	8.81347e-08
0.9888	9.42246e-08
0.9889	9.37545e-08
0.989	9.95667e-08
0.9891	1.05022e-07
0.9892	1.00373e-07
0.9893	9.5472e-08
0.9894	9.93756e-08
0.9895	1.03728e-07
0.9896	1.006e-07
0.9897	9.90675e-08
0.9898	9.96637e-08
0.9899	9.34274e-08
0.99	9.11875e-08
0.9901	8.56796e-08
0.9902	8.2155e-08
0.9903	8.24903e-08
0.9904	7.85214e-08
0.9905	6.84471e-08
0.9906	6.58763e-08
0.9907	6.55949e-08
0.9908	5.94319e-08
0.9909	5.38447e-08
0.991	5.38131e-08
0.9911	5.40105e-08
0.9912	5.34935e-08
0.9913	4.70668e-08
0.9914	4.07078e-08
0.9915	3.39841e-08
0.9916	2.64342e-08
0.9917	1.98466e-08
0.9918	1.22025e-08
0.9919	4.31666e-09
0.992	8.27499e-11
0.9921	-9.44652e-09
0.9922	-1.66282e-08
0.9923	-2.59204e-08
0.9924	-3.17983e-08
0.9925	-3.76726e-08
0.9926	-4.53527e-08
0.9927	-5.5762e-08
0.9928	-6.311e-08
0.9929	-7.1444e-08
0.993	-8.01113e-08
0.9931	-9.00882e-08
0.9932	-1.02802e-07
0.9933	-1.16346e-07
0.9934	-1.24524e-07
0.9935	-1.36266e-07
0.9936	-1.43101e-07
0.9937	-1.53793e-07
0.9938	-1.74385e-07
0.9939	-1.84489e-07
0.994	-1.96754e-07
0.9941	-2.07026e-07
0.9942	-2.21323e-07
0.9943	-2.35852e-07
0.9944	-2.50514e-07
0.9945	-2.65954e-07
0.9946	-2.81036e-07
0.9947	-2.97944e-07
0.9948	-3.08683e-07
0.9949	-3.25815e-07
0.995	-3.40122e-07
0.9951	-3.51258e-07
0.9952	-3.67188e-07
0.9953	-3.80296e-07
0.9954	-3.91616e-07
0.9955	-4.09048e-07
0.9956	-4.24596e-07
0.9957	-4.4125e-07
0.9958	-4.61547e-07
0.9959	-4.82672e-07
0.996	-4.99023e-07
0.9961	-5.18931e-07
0.9962	-5.39802e-07
0.9963	-5.60789e-07
0.9964	-5.82595e-07
0.9965	-5.9981e-07
0.9966	-6.16468e-07
0.9967	-6.31934e-07
0.9968	-6.38914e-07
0.9969	-6.55916e-07
0.997	-6.78882e-07
0.9971	-6.97238e-07
0.9972	-7.21163e-07
0.9973	-7.41159e-07
0.9974	-7.59437e-07
0.9975	-7.75897e-07
0.9976	-7.99591e-07
0.9977	-8.17181e-07
0.9978	-8.34295e-07
0.9979	-8.52117e-07
0.998	-8.70123e-07
0.9981	-8.86535e-07
0.9982	-9.03183e-07
0.9983	-9.27251e-07
0.9984	-9.49509e-07
0.9985	-9.66428e-07
0.9986	-9.75383e-07
0.9987	-9.82282e-07
0.9988	-9.98528e-07
0.9989	-1.01186e-06
0.999	-1.0327e-06
0.9991	-1.05413e-06
0.9992	-1.06683e-06
0.9993	-1.08284e-06
0.9994	-1.10243e-06
0.9995	-1.1193e-06
0.9996	-1.13018e-06
0.9997	-1.14491e-06
0.9998	-1.1568e-06
0.9999	-1.16874e-06
1	-1.17509e-06
1.0001	-1.19136e-06
1.0002	-1.20772e-06
1.0003	-1.22318e-06
1.0004	-1.23314e-06
1.0005	-1.24687e-06
1.0006	-1.25443e-06
1.0007	-1.26302e-06
1.0008	-1.27723e-06
1.0009	-1.28499e-06
1.001	-1.29632e-06
1.0011	-1.30323e-06
1.0012	-1.31374e-06
1.0013	-1.3237e-06
1.0014	-1.33384e-06
1.0015	-1.33823e-06
1.0016	-1.34756e-06
1.0017	-1.356e-06
1.0018	-1.35836e-06
1.0019	-1.36582e-06
1.002	-1.37059e-06
1.0021	-1.37741e-06
1.0022	-1.3827e-06
1.0023	-1.38509e-06
1.0024	-1.38899e-06
1.0025	-1.39362e-06
1.0026	-1.39751e-06
1.0027	-1.40025e-06
1.0028	-1.40323e-06
1.0029	-1.40636e-06
1.003	-1.40892e-06
1.0031	-1.41129e-06
1.0032	-1.41234e-06
1.0033	-1.41234e-06
1.0034	-1.41379e-06
1.0035	-1.41486e-06
1.0036	-1.41515e-06
1.0037	-1.41613e-06
1.0038	-1.41398e-06
1.0039	-1.41329e-06
1.004	-1.41115e-06
1.0041	-1.41044e-06
1.0042	-1.4086e-06
1.0043	-1.40722e-06
1.0044	-1.40613e-06
1.0045	-1.40293e-06
1.0046	-1.40052e-06
1.0047	-1.39662e-06
1.0048	-1.3937e-06
1.0049	-1.39072e-06
1.005	-1.38688e-06
1.0051	-1.38363e-06
1.0052	-1.37987e-06
1.0053	-1.37528e-06
1.0054	-1.3716e-06
1.0055	-1.36775e-06
1.0056	-1.36448e-06
1.0057	-1.35952e-06
1.0058	-1.35451e-06
1.0059	-1.35038e-06
1.006	-1.34611e-06
1.0061	-1.34178e-06
1.0062	-1.33706e-06
1.0063	-1.33241e-06
1.0064	-1.32782e-06
1.0065	-1.32506e-06
1.0066	-1.32059e-06
1.0067	-1.31452e-06
1.0068	-1.30831e-06
1.0069	-1.30436e-06
1.007	-1.29852e-06
1.0071	-1.29082e-06
1.0072	-1.28437e-06
1.0073	-1.27845e-06
1.0074	-1.27135e-06
1.0075	-1.26733e-06
1.0076	-1.25693e-06
1.0077	-1.2487e-06
1.0078	-1.2418e-06
1.0079	-1.233e-06
1.008	-1.22562e-06
1.0081	-1.21789e-06
1.0082	-1.2099e-06
1.0083	-1.20238e-06
1.0084	-1.19396e-06
1.0085	-1.18682e-06
1.0086	-1.17897e-06
1.0087	-1.17046e-06
1.0088	-1.16182e-06
1.0089	-1.15424e-06
1.009	-1.147e-06
1.0091	-1.14416e-06
1.0092	-1.13284e-06
1.0093	-1.12501e-06
1.0094	-1.11792e-06
1.0095	-1.10948e-06
1.0096	-1.099e-06
1.0097	-1.08947e-06
1.0098	-1.08131e-06
1.0099	-1.07149e-06
1.01	-1.06116e-06
1.0101	-1.05184e-06
1.0102	-1.04328e-06
1.0103	-1.03404e-06
1.0104	-1.02402e-06
1.0105	-1.01417e-06
1.0106	-1.00359e-06
1.0107	-9.9488e-07
1.0108	-9.86598e-07
1.0109	-9.77044e-07
1.011	-9.63973e-07
1.0111	-9.54279e-07
1.0112	-9.44696e-07
1.0113	-9.35379e-07
1.0114	-9.25326e-07
1.0115	-9.14754e-07
1.0116	-9.04107e-07
1.0117	-8.94045e-07
1.0118	-8.83865e-07
1.0119	-8.73726e-07
1.012	-8.62802e-07
1.0121	-8.54089e-07
1.0122	-8.44744e-07
1.0123	-8.3513e-07
1.0124	-8.22547e-07
1.0125	-8.16246e-07
1.0126	-8.08768e-07
1.0127	-7.98328e-07
1.0128	-7.89527e-07
1.0129	-7.78801e-07
1.013	-7.67543e-07
1.0131	-7.62091e-07
1.0132	-7.53699e-07
1.0133	-7.42778e-07
1.0134	-7.31598e-07
1.0135	-7.19132e-07
1.0136	-7.07867e-07
1.0137	-7.00221e-07
1.0138	-6.89221e-07
1.0139	-6.78889e-07
1.014	-6.69111e-07
1.0141	-6.63886e-07
1.0142	-6.52984e-07
1.0143	-6.42462e-07
1.0144	-6.32464e-07
1.0145	-6.23558e-07
1.0146	-6.20172e-07
1.0147	-6.0888e-07
1.0148	-6.02748e-07
1.0149	-5.9038e-07
1.015	-5.80829e-07
1.0151	-5.75331e-07
1.0152	-5.70375e-07
1.0153	-5.64854e-07
1.0154	-5.55964e-07
1.0155	-5.50429e-07
1.0156	-5.454e-07
1.0157	-5.34327e-07
1.0158	-5.24836e-07
1.0159	-5.15944e-07
1.016	-5.15461e-07
1.0161	-5.12419e-07
1.0162	-5.00942e-07
1.0163	-4.95777e-07
1.0164	-4.94363e-07
1.0165	-4.87587e-07
1.0166	-4.8393e-07
1.0167	-4.8102e-07
1.0168	-4.72709e-07
1.0169	-4.70166e-07
1.017	-4.61403e-07
1.0171	-4.60515e-07
1.0172	-4.60969e-07
1.0173	-4.52896e-07
1.0174	-4.52918e-07
1.0175	-4.54254e-07
1.0176	-4.56314e-07
1.0177	-4.56844e-07
1.0178	-4.58311e-07
1.0179	-4.60763e-07
1.018	-4.52378e-07
1.0181	-4.49188e-07
1.0182	-4.4932e-07
1.0183	-4.49977e-07
1.0184	-4.51495e-07
1.0185	-4.48094e-07
1.0186	-4.50467e-07
1.0187	-4.5149e-07
1.0188	-4.54496e-07
1.0189	-4.57172e-07
1.019	-4.61585e-07
1.0191	-4.68157e-07
1.0192	-4.6612e-07
1.0193	-4.69205e-07
1.0194	-4.73414e-07
1.0195	-4.7748e-07
1.0196	-4.8225e-07
1.0197	-4.78611e-07
1.0198	-4.79628e-07
1.0199	-4.83236e-07
1.02	-4.87003e-07
1.0201	-4.93561e-07
1.0202	-4.97252e-07
1.0203	-5.02149e-07
1.0204	-5.07634e-07
1.0205	-5.13788e-07
1.0206	-5.16599e-07
1.0207	-5.21958e-07
1.0208	-5.25014e-07
1.0209	-5.26208e-07
1.021	-5.35478e-07
1.0211	-5.37825e-07
1.0212	-5.41041e-07
1.0213	-5.4958e-07
1.0214	-5.52536e-07
1.0215	-5.57192e-07
1.0216	-5.58601e-07
1.0217	-5.62766e-07
1.0218	-5.69763e-07
1.0219	-5.76848e-07
1.022	-5.79761e-07
1.0221	-5.87266e-07
1.0222	-5.91201e-07
1.0223	-5.99558e-07
1.0224	-6.06435e-07
1.0225	-6.12921e-07
1.0226	-6.2701e-07
1.0227	-6.30898e-07
1.0228	-6.39211e-07
1.0229	-6.42634e-07
1.023	-6.4872e-07
1.0231	-6.59126e-07
1.0232	-6.64911e-07
1.0233	-6.73968e-07
1.0234	-6.83171e-07
1.0235	-6.91637e-07
1.0236	-7.02978e-07
1.0237	-7.1233e-07
1.0238	-7.24216e-07
1.0239	-7.35959e-07
1.024	-7.47533e-07
1.0241	-7.56996e-07
1.0242	-7.6005e-07
1.0243	-7.68492e-07
1.0244	-7.77088e-07
1.0245	-7.81056e-07
1.0246	-7.90458e-07
1.0247	-7.94203e-07
1.0248	-7.97307e-07
1.0249	-8.01368e-07
1.025	-8.11154e-07
1.0251	-8.197e-07
1.0252	-8.2362e-07
1.0253	-8.28502e-07
1.0254	-8.3665e-07
1.0255	-8.41051e-07
1.0256	-8.45943e-07
1.0257	-8.50556e-07
1.0258	-8.57386e-07
1.0259	-8.62764e-07
1.026	-8.71998e-07
1.0261	-8.77703e-07
1.0262	-8.83275e-07
1.0263	-8.88509e-07
1.0264	-8.93896e-07
1.0265	-9.02046e-07
1.0266	-9.08119e-07
1.0267	-9.20909e-07
1.0268	-9.29194e-07
1.0269	-9.35008e-07
1.027	-9.42387e-07
1.0271	-9.4983e-07
1.0272	-9.54444e-07
1.0273	-9.60939e-07
1.0274	-9.67612e-07
1.0275	-9.73841e-07
1.0276	-9.81644e-07
1.0277	-9.89029e-07
1.0278	-9.95226e-07
1.0279	-9.99428e-07
1.028	-1.00357e-06
1.0281	-1.00714e-06
1.0282	-1.01172e-06
1.0283	-1.01461e-06
1.0284	-1.0202e-06
1.0285	-1.02543e-06
1.0286	-1.03096e-06
1.0287	-1.03429e-06
1.0288	-1.03841e-06
1.0289	-1.03966e-06
1.029	-1.04279e-06
1.0291	-1.04846e-06
1.0292	-1.05147e-06
1.0293	-1.0529e-06
1.0294	-1.05711e-06
1.0295	-1.06127e-06
1.0296	-1.06186e-06
1.0297	-1.06362e-06
1.0298	-1.06518e-06
1.0299	-1.06501e-06
1.03	-1.06642e-06
1.0301	-1.06855e-06
1.0302	-1.06916e-06
1.0303	-1.06858e-06
1.0304	-1.07056e-06
1.0305	-1.07015e-06
1.0306	-1.06921e-06
1.0307	-1.07042e-06
1.0308	-1.06889e-06
1.0309	-1.0665e-06
1.031	-1.06535e-06
1.0311	-1.06402e-06
1.0312	-1.06219e-06
1.0313	-1.05969e-06
1.0314	-1.05781e-06
1.0315	-1.0559e-06
1.0316	-1.05237e-06
1.0317	-1.04871e-06
1.0318	-1.04692e-06
1.0319	-1.04409e-06
1.032	-1.03889e-06
1.0321	-1.03585e-06
1.0322	-1.03255e-06
1.0323	-1.02946e-06
1.0324	-1.0257e-06
1.0325	-1.02203e-06
1.0326	-1.01794e-06
1.0327	-1.01393e-06
1.0328	-1.01e-06
1.0329	-1.00601e-06
1.033	-1.00163e-06
1.0331	-9.97346e-07
1.0332	-9.93207e-07
1.0333	-9.86984e-07
1.0334	-9.84729e-07
1.0335	-9.80807e-07
1.0336	-9.76465e-07
1.0337	-9.71471e-07
1.0338	-9.66607e-07
1.0339	-9.615e-07
1.034	-9.56765e-07
1.0341	-9.52202e-07
1.0342	-9.44408e-07
1.0343	-9.39528e-07
1.0344	-9.35072e-07
1.0345	-9.29821e-07
1.0346	-9.23992e-07
1.0347	-9.19202e-07
1.0348	-9.12884e-07
1.0349	-9.08001e-07
1.035	-9.03934e-07
1.0351	-8.98205e-07
1.0352	-8.93477e-07
1.0353	-8.89136e-07
1.0354	-8.8355e-07
1.0355	-8.78698e-07
1.0356	-8.73106e-07
1.0357	-8.67592e-07
1.0358	-8.63182e-07
1.0359	-8.58514e-07
1.036	-8.5214e-07
1.0361	-8.45404e-07
1.0362	-8.4211e-07
1.0363	-8.37256e-07
1.0364	-8.32695e-07
1.0365	-8.28558e-07
1.0366	-8.22899e-07
1.0367	-8.18559e-07
1.0368	-8.13016e-07
1.0369	-8.09174e-07
1.037	-8.03903e-07
1.0371	-8.00298e-07
1.0372	-7.96269e-07
1.0373	-7.92406e-07
1.0374	-7.88129e-07
1.0375	-7.82914e-07
1.0376	-7.80335e-07
1.0377	-7.75342e-07
1.0378	-7.69493e-07
1.0379	-7.63862e-07
1.038	-7.60761e-07
1.0381	-7.56338e-07
1.0382	-7.5043e-07
1.0383	-7.44747e-07
1.0384	-7.3958e-07
1.0385	-7.3335e-07
1.0386	-7.27621e-07
1.0387	-7.20444e-07
1.0388	-7.13755e-07
1.0389	-7.09016e-07
1.039	-7.04146e-07
1.0391	-6.981e-07
1.0392	-6.92406e-07
1.0393	-6.86541e-07
1.0394	-6.8212e-07
1.0395	-6.76592e-07
1.0396	-6.69719e-07
1.0397	-6.65886e-07
1.0398	-6.61811e-07
1.0399	-6.5605e-07
1.04	-6.51382e-07
1.0401	-6.4683e-07
1.0402	-6.41228e-07
1.0403	-6.35627e-07
1.0404	-6.30041e-07
1.0405	-6.2411e-07
1.0406	-6.18342e-07
1.0407	-6.13289e-07
1.0408	-6.07535e-07
1.0409	-6.01658e-07
1.041	-5.95664e-07
1.0411	-5.90165e-07
1.0412	-5.84422e-07
1.0413	-5.77579e-07
1.0414	-5.73147e-07
1.0415	-5.6728e-07
1.0416	-5.62076e-07
1.0417	-5.56513e-07
1.0418	-5.50581e-07
1.0419	-5.43936e-07
1.042	-5.38663e-07
1.0421	-5.31943e-07
1.0422	-5.25953e-07
1.0423	-5.20288e-07
1.0424	-5.15381e-07
1.0425	-5.0862e-07
1.0426	-5.01668e-07
1.0427	-4.95806e-07
1.0428	-4.88797e-07
1.0429	-4.82966e-07
1.043	-4.75956e-07
1.0431	-4.68429e-07
1.0432	-4.63229e-07
1.0433	-4.56145e-07
1.0434	-4.49385e-07
1.0435	-4.42083e-07
1.0436	-4.34284e-07
1.0437	-4.27002e-07
1.0438	-4.20013e-07
1.0439	-4.12955e-07
1.044	-4.06273e-07
1.0441	-3.99131e-07
1.0442	-3.91637e-07
1.0443	-3.84511e-07
1.0444	-3.76913e-07
1.0445	-3.69434e-07
1.0446	-3.61266e-07
1.0447	-3.53862e-07
1.0448	-3.46983e-07
1.0449	-3.39096e-07
1.045	-3.31232e-07
1.0451	-3.23403e-07
1.0452	-3.1596e-07
1.0453	-3.08409e-07
1.0454	-3.04024e-07
1.0455	-2.96596e-07
1.0456	-2.89073e-07
1.0457	-2.84676e-07
1.0458	-2.77165e-07
1.0459	-2.69959e-07
1.046	-2.62345e-07
1.0461	-2.56195e-07
1.0462	-2.47741e-07
1.0463	-2.40269e-07
1.0464	-2.32318e-07
1.0465	-2.23226e-07
1.0466	-2.15316e-07
1.0467	-2.06682e-07
1.0468	-1.97312e-07
1.0469	-1.9026e-07
1.047	-1.87075e-07
1.0471	-1.84977e-07
1.0472	-1.76901e-07
1.0473	-1.67659e-07
1.0474	-1.59585e-07
1.0475	-1.57374e-07
1.0476	-1.485e-07
1.0477	-1.40682e-07
1.0478	-1.3337e-07
1.0479	-1.31325e-07
1.048	-1.24369e-07
1.0481	-1.23372e-07
1.0482	-1.14313e-07
1.0483	-1.07287e-07
1.0484	-9.98835e-08
1.0485	-9.05837e-08
1.0486	-8.41663e-08
1.0487	-7.79876e-08
1.0488	-7.75494e-08
1.0489	-7.7902e-08
1.049	-7.26135e-08
1.0491	-6.59411e-08
1.0492	-6.17459e-08
1.0493	-5.28766e-08
1.0494	-4.81279e-08
1.0495	-4.3808e-08
1.0496	-3.41818e-08
1.0497	-2.92902e-08
1.0498	-2.39398e-08
1.0499	-2.49914e-08
1.05	-1.56843e-08
1.0501	-9.9229e-09
1.0502	-5.31171e-09
1.0503	-3.53093e-09
1.0504	4.64651e-09
1.0505	8.09622e-09
1.0506	1.13906e-08
1.0507	1.38083e-08
1.0508	1.66121e-08
1.0509	2.04287e-08
1.051	2.37963e-08
1.0511	2.61703e-08
1.0512	2.80368e-08
1.0513	3.55764e-08
1.0514	3.83578e-08
1.0515	3.66717e-08
1.0516	4.22328e-08
1.0517	4.92551e-08
1.0518	4.91472e-08
1.0519	5.02176e-08
1.052	5.68174e-08
1.0521	6.24487e-08
1.0522	6.89971e-08
1.0523	7.40471e-08
1.0524	7.42266e-08
1.0525	7.446e-08
1.0526	7.31328e-08
1.0527	6.70346e-08
1.0528	7.30002e-08
1.0529	7.81964e-08
1.053	7.74711e-08
1.0531	7.54868e-08
1.0532	8.19341e-08
1.0533	8.63031e-08
1.0534	8.44076e-08
1.0535	7.95604e-08
1.0536	7.93343e-08
1.0537	7.99548e-08
1.0538	7.54126e-08
1.0539	7.73788e-08
1.054	7.59693e-08
1.0541	7.91452e-08
1.0542	8.3243e-08
1.0543	8.31123e-08
1.0544	7.83665e-08
1.0545	8.01096e-08
1.0546	7.40798e-08
1.0547	7.54314e-08
1.0548	7.73868e-08
1.0549	7.77413e-08
1.055	7.79037e-08
1.0551	7.18992e-08
1.0552	7.02007e-08
1.0553	7.00011e-08
1.0554	6.33171e-08
1.0555	6.22291e-08
1.0556	5.48546e-08
1.0557	4.71139e-08
1.0558	4.56426e-08
1.0559	4.23361e-08
1.056	3.51235e-08
1.0561	2.35648e-08
1.0562	1.42698e-08
1.0563	1.06029e-08
1.0564	2.23887e-09
1.0565	-6.17929e-09
1.0566	-1.16303e-08
1.0567	-1.87468e-08
1.0568	-1.94231e-08
1.0569	-2.86224e-08
1.057	-3.83889e-08
1.0571	-4.86924e-08
1.0572	-6.29378e-08
1.0573	-7.07478e-08
1.0574	-7.84881e-08
1.0575	-8.51869e-08
1.0576	-9.61275e-08
1.0577	-1.127e-07
1.0578	-1.26013e-07
1.0579	-1.32753e-07
1.058	-1.4355e-07
1.0581	-1.53567e-07
1.0582	-1.68362e-07
1.0583	-1.83028e-07
1.0584	-1.97284e-07
1.0585	-2.12741e-07
1.0586	-2.28326e-07
1.0587	-2.40025e-07
1.0588	-2.53207e-07
1.0589	-2.71034e-07
1.059	-2.89179e-07
1.0591	-3.07846e-07
1.0592	-3.19104e-07
1.0593	-3.35834e-07
1.0594	-3.50496e-07
1.0595	-3.66567e-07
1.0596	-3.81453e-07
1.0597	-3.96601e-07
1.0598	-4.14506e-07
1.0599	-4.34583e-07
1.06	-4.50451e-07
1.0601	-4.66218e-07
1.0602	-4.8253e-07
1.0603	-5.02692e-07
1.0604	-5.23385e-07
1.0605	-5.39589e-07
1.0606	-5.45459e-07
1.0607	-5.56302e-07
1.0608	-5.72909e-07
1.0609	-5.83375e-07
1.061	-6.07334e-07
1.0611	-6.25291e-07
1.0612	-6.30674e-07
1.0613	-6.47664e-07
1.0614	-6.64628e-07
1.0615	-6.74834e-07
1.0616	-6.79719e-07
1.0617	-6.98003e-07
1.0618	-7.14696e-07
1.0619	-7.25536e-07
1.062	-7.42876e-07
1.0621	-7.60645e-07
1.0622	-7.81802e-07
1.0623	-7.96201e-07
1.0624	-8.12486e-07
1.0625	-8.27865e-07
1.0626	-8.379e-07
1.0627	-8.51118e-07
1.0628	-8.66157e-07
1.0629	-8.82934e-07
1.063	-9.02673e-07
1.0631	-9.14509e-07
1.0632	-9.34414e-07
1.0633	-9.48684e-07
1.0634	-9.62209e-07
1.0635	-9.7353e-07
1.0636	-9.88379e-07
1.0637	-1.00534e-06
1.0638	-1.01953e-06
1.0639	-1.02873e-06
1.064	-1.04402e-06
1.0641	-1.05903e-06
1.0642	-1.07373e-06
1.0643	-1.08884e-06
1.0644	-1.09897e-06
1.0645	-1.10683e-06
1.0646	-1.11563e-06
1.0647	-1.12601e-06
1.0648	-1.13841e-06
1.0649	-1.1495e-06
1.065	-1.15622e-06
1.0651	-1.16595e-06
1.0652	-1.17685e-06
1.0653	-1.18185e-06
1.0654	-1.19107e-06
1.0655	-1.19984e-06
1.0656	-1.20531e-06
1.0657	-1.21382e-06
1.0658	-1.21754e-06
1.0659	-1.22525e-06
1.066	-1.23183e-06
1.0661	-1.23488e-06
1.0662	-1.24009e-06
1.0663	-1.24514e-06
1.0664	-1.25149e-06
1.0665	-1.25591e-06
1.0666	-1.25931e-06
1.0667	-1.26305e-06
1.0668	-1.26561e-06
1.0669	-1.26867e-06
1.067	-1.27066e-06
1.0671	-1.26912e-06
1.0672	-1.27647e-06
1.0673	-1.27778e-06
1.0674	-1.27824e-06
1.0675	-1.27829e-06
1.0676	-1.28e-06
1.0677	-1.27773e-06
1.0678	-1.27777e-06
1.0679	-1.27643e-06
1.068	-1.27652e-06
1.0681	-1.27445e-06
1.0682	-1.27368e-06
1.0683	-1.27195e-06
1.0684	-1.26904e-06
1.0685	-1.26572e-06
1.0686	-1.26149e-06
1.0687	-1.25939e-06
1.0688	-1.25404e-06
1.0689	-1.25098e-06
1.069	-1.24714e-06
1.0691	-1.2435e-06
1.0692	-1.24046e-06
1.0693	-1.23607e-06
1.0694	-1.23209e-06
1.0695	-1.22912e-06
1.0696	-1.22411e-06
1.0697	-1.21866e-06
1.0698	-1.21457e-06
1.0699	-1.21043e-06
1.07	-1.20588e-06
1.0701	-1.20176e-06
1.0702	-1.19646e-06
1.0703	-1.19179e-06
1.0704	-1.1893e-06
1.0705	-1.18361e-06
1.0706	-1.17785e-06
1.0707	-1.17151e-06
1.0708	-1.16349e-06
1.0709	-1.15732e-06
1.071	-1.15163e-06
1.0711	-1.14524e-06
1.0712	-1.14134e-06
1.0713	-1.13364e-06
1.0714	-1.12885e-06
1.0715	-1.11889e-06
1.0716	-1.10988e-06
1.0717	-1.10313e-06
1.0718	-1.09536e-06
1.0719	-1.08839e-06
1.072	-1.08112e-06
1.0721	-1.07378e-06
1.0722	-1.06544e-06
1.0723	-1.05703e-06
1.0724	-1.04847e-06
1.0725	-1.04152e-06
1.0726	-1.03325e-06
1.0727	-1.0249e-06
1.0728	-1.01704e-06
1.0729	-1.00802e-06
1.073	-1.00349e-06
1.0731	-9.91757e-07
1.0732	-9.82108e-07
1.0733	-9.74147e-07
1.0734	-9.65434e-07
1.0735	-9.54992e-07
1.0736	-9.46329e-07
1.0737	-9.36931e-07
1.0738	-9.2721e-07
1.0739	-9.18098e-07
1.074	-9.08404e-07
1.0741	-9.01688e-07
1.0742	-8.92202e-07
1.0743	-8.81889e-07
1.0744	-8.71409e-07
1.0745	-8.60861e-07
1.0746	-8.54566e-07
1.0747	-8.44589e-07
1.0748	-8.37344e-07
1.0749	-8.28355e-07
1.075	-8.18024e-07
1.0751	-8.08164e-07
1.0752	-7.96996e-07
1.0753	-7.87261e-07
1.0754	-7.75259e-07
1.0755	-7.64843e-07
1.0756	-7.56257e-07
1.0757	-7.45744e-07
1.0758	-7.34956e-07
1.0759	-7.2416e-07
1.076	-7.14885e-07
1.0761	-7.05531e-07
1.0762	-6.98609e-07
1.0763	-6.8894e-07
1.0764	-6.78474e-07
1.0765	-6.72852e-07
1.0766	-6.64408e-07
1.0767	-6.56355e-07
1.0768	-6.47289e-07
1.0769	-6.35986e-07
1.077	-6.31505e-07
1.0771	-6.22907e-07
1.0772	-6.11722e-07
1.0773	-6.0328e-07
1.0774	-5.95818e-07
1.0775	-5.84919e-07
1.0776	-5.78515e-07
1.0777	-5.67781e-07
1.0778	-5.60445e-07
1.0779	-5.48587e-07
1.078	-5.39278e-07
1.0781	-5.28957e-07
1.0782	-5.18203e-07
1.0783	-5.07317e-07
1.0784	-4.99264e-07
1.0785	-4.94452e-07
1.0786	-4.84691e-07
1.0787	-4.74354e-07
1.0788	-4.63756e-07
1.0789	-4.58446e-07
1.079	-4.51918e-07
1.0791	-4.42747e-07
1.0792	-4.3293e-07
1.0793	-4.21975e-07
1.0794	-4.1219e-07
1.0795	-4.08873e-07
1.0796	-3.99927e-07
1.0797	-3.95069e-07
1.0798	-3.9355e-07
1.0799	-3.84669e-07
1.08	-3.81235e-07
1.0801	-3.69356e-07
1.0802	-3.68597e-07
1.0803	-3.63237e-07
1.0804	-3.58357e-07
1.0805	-3.55802e-07
1.0806	-3.5659e-07
1.0807	-3.55863e-07
1.0808	-3.52781e-07
1.0809	-3.43091e-07
1.081	-3.46055e-07
1.0811	-3.38828e-07
1.0812	-3.31684e-07
1.0813	-3.34032e-07
1.0814	-3.33095e-07
1.0815	-3.28982e-07
1.0816	-3.29563e-07
1.0817	-3.27271e-07
1.0818	-3.25297e-07
1.0819	-3.20499e-07
1.082	-3.20944e-07
1.0821	-3.22883e-07
1.0822	-3.23364e-07
1.0823	-3.24983e-07
1.0824	-3.28494e-07
1.0825	-3.24723e-07
1.0826	-3.27882e-07
1.0827	-3.27084e-07
1.0828	-3.28938e-07
1.0829	-3.37887e-07
1.083	-3.42594e-07
1.0831	-3.46007e-07
1.0832	-3.50883e-07
1.0833	-3.54051e-07
1.0834	-3.5883e-07
1.0835	-3.59437e-07
1.0836	-3.6026e-07
1.0837	-3.60239e-07
1.0838	-3.64458e-07
1.0839	-3.68732e-07
1.084	-3.74044e-07
1.0841	-3.74585e-07
1.0842	-3.78498e-07
1.0843	-3.82734e-07
1.0844	-3.88669e-07
1.0845	-3.92937e-07
1.0846	-3.95806e-07
1.0847	-3.99312e-07
1.0848	-4.03757e-07
1.0849	-4.11594e-07
1.085	-4.11785e-07
1.0851	-4.19238e-07
1.0852	-4.26848e-07
1.0853	-4.30137e-07
1.0854	-4.31218e-07
1.0855	-4.37914e-07
1.0856	-4.41656e-07
1.0857	-4.46003e-07
1.0858	-4.53741e-07
1.0859	-4.62039e-07
1.086	-4.66346e-07
1.0861	-4.66635e-07
1.0862	-4.75285e-07
1.0863	-4.8277e-07
1.0864	-4.92471e-07
1.0865	-4.95589e-07
1.0866	-5.06368e-07
1.0867	-5.15713e-07
1.0868	-5.24149e-07
1.0869	-5.37766e-07
1.087	-5.43334e-07
1.0871	-5.45625e-07
1.0872	-5.54023e-07
1.0873	-5.65597e-07
1.0874	-5.76784e-07
1.0875	-5.89093e-07
1.0876	-6.00706e-07
1.0877	-6.08894e-07
1.0878	-6.19413e-07
1.0879	-6.28363e-07
1.088	-6.36762e-07
1.0881	-6.4596e-07
1.0882	-6.54942e-07
1.0883	-6.62773e-07
1.0884	-6.72379e-07
1.0885	-6.79762e-07
1.0886	-6.8325e-07
1.0887	-6.91558e-07
1.0888	-7.01244e-07
1.0889	-7.04837e-07
1.089	-7.18132e-07
1.0891	-7.28197e-07
1.0892	-7.36972e-07
1.0893	-7.46237e-07
1.0894	-7.55545e-07
1.0895	-7.60045e-07
1.0896	-7.70627e-07
1.0897	-7.76156e-07
1.0898	-7.85615e-07
1.0899	-7.95402e-07
1.09	-8.00561e-07
1.0901	-8.03862e-07
1.0902	-8.09641e-07
1.0903	-8.17483e-07
1.0904	-8.26219e-07
1.0905	-8.31765e-07
1.0906	-8.41009e-07
1.0907	-8.4881e-07
1.0908	-8.57468e-07
1.0909	-8.61291e-07
1.091	-8.67337e-07
1.0911	-8.71002e-07
1.0912	-8.75933e-07
1.0913	-8.82496e-07
1.0914	-8.89348e-07
1.0915	-8.93973e-07
1.0916	-9.00739e-07
1.0917	-9.05934e-07
1.0918	-9.11196e-07
1.0919	-9.16301e-07
1.092	-9.21126e-07
1.0921	-9.23616e-07
1.0922	-9.27876e-07
1.0923	-9.32351e-07
1.0924	-9.37293e-07
1.0925	-9.41487e-07
1.0926	-9.45483e-07
1.0927	-9.49026e-07
1.0928	-9.52544e-07
1.0929	-9.56168e-07
1.093	-9.59235e-07
1.0931	-9.60892e-07
1.0932	-9.61061e-07
1.0933	-9.65433e-07
1.0934	-9.67427e-07
1.0935	-9.68614e-07
1.0936	-9.70205e-07
1.0937	-9.72056e-07
1.0938	-9.73205e-07
1.0939	-9.72356e-07
1.094	-9.72865e-07
1.0941	-9.73413e-07
1.0942	-9.73276e-07
1.0943	-9.72273e-07
1.0944	-9.72621e-07
1.0945	-9.71709e-07
1.0946	-9.70232e-07
1.0947	-9.68838e-07
1.0948	-9.68486e-07
1.0949	-9.6673e-07
1.095	-9.64189e-07
1.0951	-9.61915e-07
1.0952	-9.60517e-07
1.0953	-9.58223e-07
1.0954	-9.55018e-07
1.0955	-9.51424e-07
1.0956	-9.47969e-07
1.0957	-9.45555e-07
1.0958	-9.40788e-07
1.0959	-9.37727e-07
1.096	-9.34088e-07
1.0961	-9.29923e-07
1.0962	-9.26392e-07
1.0963	-9.22849e-07
1.0964	-9.18187e-07
1.0965	-9.13425e-07
1.0966	-9.08614e-07
1.0967	-9.03699e-07
1.0968	-8.99203e-07
1.0969	-8.94811e-07
1.097	-8.86897e-07
1.0971	-8.83446e-07
1.0972	-8.79101e-07
1.0973	-8.74684e-07
1.0974	-8.69915e-07
1.0975	-8.65137e-07
1.0976	-8.59677e-07
1.0977	-8.54163e-07
1.0978	-8.49366e-07
1.0979	-8.45699e-07
1.098	-8.38709e-07
1.0981	-8.33499e-07
1.0982	-8.27816e-07
1.0983	-8.22297e-07
1.0984	-8.17957e-07
1.0985	-8.11638e-07
1.0986	-8.06248e-07
1.0987	-8.01031e-07
1.0988	-7.97609e-07
1.0989	-7.89019e-07
1.099	-7.85775e-07
1.0991	-7.80451e-07
1.0992	-7.74756e-07
1.0993	-7.71144e-07
1.0994	-7.66101e-07
1.0995	-7.6083e-07
1.0996	-7.55915e-07
1.0997	-7.5096e-07
1.0998	-7.45217e-07
1.0999	-7.40166e-07
1.1	-7.35229e-07
1.1001	-7.2878e-07
1.1002	-7.23467e-07
1.1003	-7.18249e-07
1.1004	-7.12737e-07
1.1005	-7.06617e-07
1.1006	-7.02907e-07
1.1007	-6.97594e-07
1.1008	-6.91794e-07
1.1009	-6.86668e-07
1.101	-6.82492e-07
1.1011	-6.78544e-07
1.1012	-6.72262e-07
1.1013	-6.66874e-07
1.1014	-6.61688e-07
1.1015	-6.56072e-07
1.1016	-6.49288e-07
1.1017	-6.44058e-07
1.1018	-6.41221e-07
1.1019	-6.35606e-07
1.102	-6.29992e-07
1.1021	-6.24256e-07
1.1022	-6.18252e-07
1.1023	-6.13847e-07
1.1024	-6.08547e-07
1.1025	-6.03441e-07
1.1026	-5.96382e-07
1.1027	-5.91642e-07
1.1028	-5.86726e-07
1.1029	-5.81475e-07
1.103	-5.75564e-07
1.1031	-5.73887e-07
1.1032	-5.69766e-07
1.1033	-5.64178e-07
1.1034	-5.5718e-07
1.1035	-5.5435e-07
1.1036	-5.48073e-07
1.1037	-5.42095e-07
1.1038	-5.37513e-07
1.1039	-5.31904e-07
1.104	-5.26166e-07
1.1041	-5.21568e-07
1.1042	-5.15878e-07
1.1043	-5.10051e-07
1.1044	-5.04483e-07
1.1045	-4.99574e-07
1.1046	-4.94512e-07
1.1047	-4.89e-07
1.1048	-4.83622e-07
1.1049	-4.77938e-07
1.105	-4.73306e-07
1.1051	-4.67572e-07
1.1052	-4.62582e-07
1.1053	-4.5738e-07
1.1054	-4.52316e-07
1.1055	-4.47539e-07
1.1056	-4.40564e-07
1.1057	-4.33961e-07
1.1058	-4.27459e-07
1.1059	-4.22726e-07
1.106	-4.1705e-07
1.1061	-4.11164e-07
1.1062	-4.04819e-07
1.1063	-3.98529e-07
1.1064	-3.93318e-07
1.1065	-3.87433e-07
1.1066	-3.8e-07
1.1067	-3.73835e-07
1.1068	-3.68162e-07
1.1069	-3.61847e-07
1.107	-3.54634e-07
1.1071	-3.47445e-07
1.1072	-3.41666e-07
1.1073	-3.35765e-07
1.1074	-3.29e-07
1.1075	-3.20798e-07
1.1076	-3.12922e-07
1.1077	-3.06502e-07
1.1078	-2.99163e-07
1.1079	-2.93698e-07
1.108	-2.86358e-07
1.1081	-2.78639e-07
1.1082	-2.71341e-07
1.1083	-2.64184e-07
1.1084	-2.5653e-07
1.1085	-2.49973e-07
1.1086	-2.42722e-07
1.1087	-2.3339e-07
1.1088	-2.25212e-07
1.1089	-2.19125e-07
1.109	-2.11809e-07
1.1091	-2.04642e-07
1.1092	-1.96607e-07
1.1093	-1.89395e-07
1.1094	-1.82351e-07
1.1095	-1.74677e-07
1.1096	-1.66724e-07
1.1097	-1.59146e-07
1.1098	-1.52012e-07
1.1099	-1.43825e-07
1.11	-1.36384e-07
1.1101	-1.27139e-07
1.1102	-1.18455e-07
1.1103	-1.11847e-07
1.1104	-1.05526e-07
1.1105	-9.64961e-08
1.1106	-8.90869e-08
1.1107	-8.13289e-08
1.1108	-7.40944e-08
1.1109	-7.07945e-08
1.111	-6.79715e-08
1.1111	-5.86828e-08
1.1112	-5.08421e-08
1.1113	-4.28343e-08
1.1114	-3.32205e-08
1.1115	-2.46139e-08
1.1116	-1.77295e-08
1.1117	-1.05991e-08
1.1118	-4.55268e-09
1.1119	7.00847e-09
1.112	1.35672e-08
1.1121	2.39074e-08
1.1122	2.48042e-08
1.1123	2.98981e-08
1.1124	3.64106e-08
1.1125	3.69417e-08
1.1126	4.64507e-08
1.1127	4.75702e-08
1.1128	5.30583e-08
1.1129	5.92465e-08
1.113	6.54038e-08
1.1131	6.53995e-08
1.1132	7.07409e-08
1.1133	8.03366e-08
1.1134	9.04003e-08
1.1135	9.03092e-08
1.1136	9.853e-08
1.1137	1.03435e-07
1.1138	1.0229e-07
1.1139	1.12507e-07
1.114	1.20569e-07
1.1141	1.3135e-07
1.1142	1.35746e-07
1.1143	1.40268e-07
1.1144	1.48582e-07
1.1145	1.46973e-07
1.1146	1.44167e-07
1.1147	1.48285e-07
1.1148	1.50972e-07
1.1149	1.59581e-07
1.115	1.62313e-07
1.1151	1.64327e-07
1.1152	1.67353e-07
1.1153	1.68621e-07
1.1154	1.70475e-07
1.1155	1.66571e-07
1.1156	1.74517e-07
1.1157	1.74332e-07
1.1158	1.71594e-07
1.1159	1.72598e-07
1.116	1.7897e-07
1.1161	1.73728e-07
1.1162	1.70015e-07
1.1163	1.70148e-07
1.1164	1.69348e-07
1.1165	1.68233e-07
1.1166	1.60894e-07
1.1167	1.68758e-07
1.1168	1.7366e-07
1.1169	1.7083e-07
1.117	1.75745e-07
1.1171	1.70581e-07
1.1172	1.75757e-07
1.1173	1.73393e-07
1.1174	1.70896e-07
1.1175	1.68366e-07
1.1176	1.65314e-07
1.1177	1.61862e-07
1.1178	1.65191e-07
1.1179	1.65104e-07
1.118	1.66231e-07
1.1181	1.5737e-07
1.1182	1.52585e-07
1.1183	1.54982e-07
1.1184	1.57867e-07
1.1185	1.60463e-07
1.1186	1.6177e-07
1.1187	1.55539e-07
1.1188	1.55319e-07
1.1189	1.55015e-07
1.119	1.4951e-07
1.1191	1.43333e-07
1.1192	1.41744e-07
1.1193	1.39133e-07
1.1194	1.35217e-07
1.1195	1.28689e-07
1.1196	1.23956e-07
1.1197	1.18306e-07
1.1198	1.12029e-07
1.1199	1.07504e-07
1.12	1.04144e-07
1.1201	1.00302e-07
1.1202	9.54578e-08
1.1203	9.04214e-08
1.1204	8.03866e-08
1.1205	7.15746e-08
1.1206	6.12172e-08
1.1207	5.34305e-08
1.1208	4.58182e-08
1.1209	3.42614e-08
1.121	2.09713e-08
1.1211	1.07128e-08
1.1212	2.8397e-09
1.1213	-9.83753e-09
1.1214	-2.11619e-08
1.1215	-3.13491e-08
1.1216	-4.20805e-08
1.1217	-5.01508e-08
1.1218	-6.78774e-08
1.1219	-8.01222e-08
1.122	-9.38295e-08
1.1221	-1.04315e-07
1.1222	-1.18589e-07
1.1223	-1.33436e-07
1.1224	-1.48788e-07
1.1225	-1.64601e-07
1.1226	-1.74982e-07
1.1227	-1.92346e-07
1.1228	-2.0951e-07
1.1229	-2.16996e-07
1.123	-2.32499e-07
1.1231	-2.45099e-07
1.1232	-2.53096e-07
1.1233	-2.73545e-07
1.1234	-2.88227e-07
1.1235	-3.0531e-07
1.1236	-3.19709e-07
1.1237	-3.3719e-07
1.1238	-3.54396e-07
1.1239	-3.69105e-07
1.124	-3.80221e-07
1.1241	-4.01888e-07
1.1242	-4.2371e-07
1.1243	-4.4538e-07
1.1244	-4.6137e-07
1.1245	-4.83785e-07
1.1246	-4.96098e-07
1.1247	-5.14024e-07
1.1248	-5.32683e-07
1.1249	-5.51307e-07
1.125	-5.69276e-07
1.1251	-5.87181e-07
1.1252	-5.9984e-07
1.1253	-6.10994e-07
1.1254	-6.34182e-07
1.1255	-6.44589e-07
1.1256	-6.529e-07
1.1257	-6.69698e-07
1.1258	-6.87161e-07
1.1259	-6.97559e-07
1.126	-7.15187e-07
1.1261	-7.35756e-07
1.1262	-7.58581e-07
1.1263	-7.69255e-07
1.1264	-7.80372e-07
1.1265	-7.95959e-07
1.1266	-8.05986e-07
1.1267	-8.2282e-07
1.1268	-8.39902e-07
1.1269	-8.5405e-07
1.127	-8.68195e-07
1.1271	-8.87679e-07
1.1272	-9.0219e-07
1.1273	-9.1857e-07
1.1274	-9.36111e-07
1.1275	-9.50218e-07
1.1276	-9.67162e-07
1.1277	-9.7674e-07
1.1278	-9.84412e-07
1.1279	-9.95106e-07
1.128	-1.00604e-06
1.1281	-1.02196e-06
1.1282	-1.03562e-06
1.1283	-1.04968e-06
1.1284	-1.05698e-06
1.1285	-1.07054e-06
1.1286	-1.08316e-06
1.1287	-1.09599e-06
1.1288	-1.10965e-06
1.1289	-1.11793e-06
1.129	-1.12961e-06
1.1291	-1.14093e-06
1.1292	-1.15005e-06
1.1293	-1.15996e-06
1.1294	-1.16992e-06
1.1295	-1.17625e-06
1.1296	-1.18443e-06
1.1297	-1.19244e-06
1.1298	-1.20045e-06
1.1299	-1.20705e-06
1.13	-1.21301e-06
1.1301	-1.21822e-06
1.1302	-1.22365e-06
1.1303	-1.22843e-06
1.1304	-1.23201e-06
1.1305	-1.23539e-06
1.1306	-1.23974e-06
1.1307	-1.24252e-06
1.1308	-1.24697e-06
1.1309	-1.24913e-06
1.131	-1.25033e-06
1.1311	-1.25204e-06
1.1312	-1.2531e-06
1.1313	-1.25782e-06
1.1314	-1.25803e-06
1.1315	-1.25945e-06
1.1316	-1.25807e-06
1.1317	-1.2574e-06
1.1318	-1.2572e-06
1.1319	-1.2565e-06
1.132	-1.25498e-06
1.1321	-1.25411e-06
1.1322	-1.2526e-06
1.1323	-1.25292e-06
1.1324	-1.25102e-06
1.1325	-1.24712e-06
1.1326	-1.24521e-06
1.1327	-1.24186e-06
1.1328	-1.23874e-06
1.1329	-1.23561e-06
1.133	-1.23225e-06
1.1331	-1.228e-06
1.1332	-1.2247e-06
1.1333	-1.22108e-06
1.1334	-1.21809e-06
1.1335	-1.21318e-06
1.1336	-1.20827e-06
1.1337	-1.20294e-06
1.1338	-1.19885e-06
1.1339	-1.19516e-06
1.134	-1.1912e-06
1.1341	-1.18683e-06
1.1342	-1.18203e-06
1.1343	-1.17627e-06
1.1344	-1.17058e-06
1.1345	-1.16559e-06
1.1346	-1.15751e-06
1.1347	-1.15109e-06
1.1348	-1.1451e-06
1.1349	-1.13907e-06
1.135	-1.13327e-06
1.1351	-1.12743e-06
1.1352	-1.12137e-06
1.1353	-1.11517e-06
1.1354	-1.10326e-06
1.1355	-1.0964e-06
1.1356	-1.08895e-06
1.1357	-1.08118e-06
1.1358	-1.07364e-06
1.1359	-1.06557e-06
1.136	-1.05884e-06
1.1361	-1.05051e-06
1.1362	-1.04311e-06
1.1363	-1.0336e-06
1.1364	-1.02555e-06
1.1365	-1.01622e-06
1.1366	-1.00754e-06
1.1367	-9.99603e-07
1.1368	-9.9283e-07
1.1369	-9.86616e-07
1.137	-9.77523e-07
1.1371	-9.68487e-07
1.1372	-9.6106e-07
1.1373	-9.52769e-07
1.1374	-9.41196e-07
1.1375	-9.31429e-07
1.1376	-9.22053e-07
1.1377	-9.13127e-07
1.1378	-9.04318e-07
1.1379	-8.94695e-07
1.138	-8.85885e-07
1.1381	-8.75964e-07
1.1382	-8.65991e-07
1.1383	-8.56348e-07
1.1384	-8.45084e-07
1.1385	-8.36505e-07
1.1386	-8.26064e-07
1.1387	-8.18673e-07
1.1388	-8.09742e-07
1.1389	-7.97622e-07
1.139	-7.87576e-07
1.1391	-7.78315e-07
1.1392	-7.68228e-07
1.1393	-7.57297e-07
1.1394	-7.48758e-07
1.1395	-7.38423e-07
1.1396	-7.28665e-07
1.1397	-7.17778e-07
1.1398	-7.08771e-07
1.1399	-6.99837e-07
1.14	-6.91965e-07
1.1401	-6.81767e-07
1.1402	-6.70796e-07
1.1403	-6.6361e-07
1.1404	-6.55669e-07
1.1405	-6.45847e-07
1.1406	-6.38172e-07
1.1407	-6.29507e-07
1.1408	-6.19542e-07
1.1409	-6.12344e-07
1.141	-6.02819e-07
1.1411	-5.95686e-07
1.1412	-5.85843e-07
1.1413	-5.73367e-07
1.1414	-5.66166e-07
1.1415	-5.55946e-07
1.1416	-5.45268e-07
1.1417	-5.38643e-07
1.1418	-5.30319e-07
1.1419	-5.242e-07
1.142	-5.18215e-07
1.1421	-5.07389e-07
1.1422	-4.94991e-07
1.1423	-4.83901e-07
1.1424	-4.77201e-07
1.1425	-4.7054e-07
1.1426	-4.67191e-07
1.1427	-4.56563e-07
1.1428	-4.4754e-07
1.1429	-4.40767e-07
1.143	-4.36255e-07
1.1431	-4.24186e-07
1.1432	-4.14713e-07
1.1433	-4.04853e-07
1.1434	-4.00679e-07
1.1435	-3.89818e-07
1.1436	-3.85641e-07
1.1437	-3.76104e-07
1.1438	-3.65492e-07
1.1439	-3.63012e-07
1.144	-3.62225e-07
1.1441	-3.55775e-07
1.1442	-3.51515e-07
1.1443	-3.43659e-07
1.1444	-3.38259e-07
1.1445	-3.33184e-07
1.1446	-3.3107e-07
1.1447	-3.22125e-07
1.1448	-3.20526e-07
1.1449	-3.12494e-07
1.145	-3.06246e-07
1.1451	-2.98158e-07
1.1452	-2.96316e-07
1.1453	-2.97684e-07
1.1454	-2.97838e-07
1.1455	-2.98663e-07
1.1456	-2.99996e-07
1.1457	-3.01167e-07
1.1458	-3.04234e-07
1.1459	-3.01436e-07
1.146	-2.97631e-07
1.1461	-2.98056e-07
1.1462	-2.98769e-07
1.1463	-3.00651e-07
1.1464	-3.02941e-07
1.1465	-2.98183e-07
1.1466	-2.99896e-07
1.1467	-3.04113e-07
1.1468	-3.09378e-07
1.1469	-3.17582e-07
1.147	-3.19764e-07
1.1471	-3.23572e-07
1.1472	-3.27487e-07
1.1473	-3.30439e-07
1.1474	-3.30256e-07
1.1475	-3.28014e-07
1.1476	-3.28439e-07
1.1477	-3.31912e-07
1.1478	-3.3659e-07
1.1479	-3.37445e-07
1.148	-3.42525e-07
1.1481	-3.47006e-07
1.1482	-3.52011e-07
1.1483	-3.54939e-07
1.1484	-3.58176e-07
1.1485	-3.60657e-07
1.1486	-3.64336e-07
1.1487	-3.67596e-07
1.1488	-3.74325e-07
1.1489	-3.78067e-07
1.149	-3.82763e-07
1.1491	-3.90083e-07
1.1492	-3.94656e-07
1.1493	-3.95617e-07
1.1494	-3.98576e-07
1.1495	-4.02904e-07
1.1496	-4.09551e-07
1.1497	-4.1613e-07
1.1498	-4.23959e-07
1.1499	-4.32575e-07
1.15	-4.4073e-07
1.1501	-4.44477e-07
1.1502	-4.48157e-07
1.1503	-4.54304e-07
1.1504	-4.6327e-07
1.1505	-4.74457e-07
1.1506	-4.83012e-07
1.1507	-4.91509e-07
1.1508	-5.003e-07
1.1509	-5.05599e-07
1.151	-5.06295e-07
1.1511	-5.14781e-07
1.1512	-5.21553e-07
1.1513	-5.24558e-07
1.1514	-5.33032e-07
1.1515	-5.41181e-07
1.1516	-5.52025e-07
1.1517	-5.60332e-07
1.1518	-5.70001e-07
1.1519	-5.74036e-07
1.152	-5.78041e-07
1.1521	-5.81374e-07
1.1522	-5.90146e-07
1.1523	-5.99565e-07
1.1524	-6.03586e-07
1.1525	-6.0632e-07
1.1526	-6.08921e-07
1.1527	-6.1663e-07
1.1528	-6.2962e-07
1.1529	-6.37882e-07
1.153	-6.41398e-07
1.1531	-6.46358e-07
1.1532	-6.60301e-07
1.1533	-6.69709e-07
1.1534	-6.7822e-07
1.1535	-6.83487e-07
1.1536	-6.94764e-07
1.1537	-6.98491e-07
1.1538	-7.07652e-07
1.1539	-7.117e-07
1.154	-7.25634e-07
1.1541	-7.34633e-07
1.1542	-7.42008e-07
1.1543	-7.5033e-07
1.1544	-7.58698e-07
1.1545	-7.68248e-07
1.1546	-7.76136e-07
1.1547	-7.81234e-07
1.1548	-7.87693e-07
1.1549	-7.96144e-07
1.155	-8.03669e-07
1.1551	-8.07419e-07
1.1552	-8.16126e-07
1.1553	-8.20544e-07
1.1554	-8.24542e-07
1.1555	-8.30123e-07
1.1556	-8.37872e-07
1.1557	-8.42381e-07
1.1558	-8.4735e-07
1.1559	-8.534e-07
1.156	-8.55955e-07
1.1561	-8.58885e-07
1.1562	-8.65424e-07
1.1563	-8.71551e-07
1.1564	-8.74971e-07
1.1565	-8.78585e-07
1.1566	-8.82597e-07
1.1567	-8.85791e-07
1.1568	-8.92186e-07
1.1569	-8.99404e-07
1.157	-9.03207e-07
1.1571	-9.04316e-07
1.1572	-9.08762e-07
1.1573	-9.09614e-07
1.1574	-9.11144e-07
1.1575	-9.14537e-07
1.1576	-9.15915e-07
1.1577	-9.16656e-07
1.1578	-9.1614e-07
1.1579	-9.16379e-07
1.158	-9.17701e-07
1.1581	-9.1553e-07
1.1582	-9.16183e-07
1.1583	-9.15305e-07
1.1584	-9.14286e-07
1.1585	-9.13041e-07
1.1586	-9.11351e-07
1.1587	-9.11476e-07
1.1588	-9.09348e-07
1.1589	-9.07804e-07
1.159	-9.04681e-07
1.1591	-9.04172e-07
1.1592	-9.024e-07
1.1593	-8.99729e-07
1.1594	-8.95694e-07
1.1595	-8.92715e-07
1.1596	-8.90635e-07
1.1597	-8.88392e-07
1.1598	-8.8216e-07
1.1599	-8.79097e-07
1.16	-8.761e-07
1.1601	-8.72734e-07
1.1602	-8.69011e-07
1.1603	-8.65433e-07
1.1604	-8.61445e-07
1.1605	-8.567e-07
1.1606	-8.53337e-07
1.1607	-8.49199e-07
1.1608	-8.44052e-07
1.1609	-8.3898e-07
1.161	-8.34464e-07
1.1611	-8.31226e-07
1.1612	-8.2732e-07
1.1613	-8.22265e-07
1.1614	-8.17147e-07
1.1615	-8.12247e-07
1.1616	-8.0675e-07
1.1617	-8.02139e-07
1.1618	-7.97046e-07
1.1619	-7.91836e-07
1.162	-7.85142e-07
1.1621	-7.79921e-07
1.1622	-7.7454e-07
1.1623	-7.6925e-07
1.1624	-7.63353e-07
1.1625	-7.58258e-07
1.1626	-7.52111e-07
1.1627	-7.46931e-07
1.1628	-7.4171e-07
1.1629	-7.35333e-07
1.163	-7.32015e-07
1.1631	-7.27276e-07
1.1632	-7.22598e-07
1.1633	-7.19983e-07
1.1634	-7.14389e-07
1.1635	-7.08167e-07
1.1636	-7.04201e-07
1.1637	-6.98529e-07
1.1638	-6.91219e-07
1.1639	-6.86713e-07
1.164	-6.81245e-07
1.1641	-6.75507e-07
1.1642	-6.70373e-07
1.1643	-6.64363e-07
1.1644	-6.58952e-07
1.1645	-6.52412e-07
1.1646	-6.48673e-07
1.1647	-6.40248e-07
1.1648	-6.3488e-07
1.1649	-6.31095e-07
1.165	-6.25701e-07
1.1651	-6.20096e-07
1.1652	-6.1421e-07
1.1653	-6.0874e-07
1.1654	-6.03885e-07
1.1655	-5.95984e-07
1.1656	-5.89423e-07
1.1657	-5.85944e-07
1.1658	-5.80855e-07
1.1659	-5.7451e-07
1.166	-5.68589e-07
1.1661	-5.62546e-07
1.1662	-5.57408e-07
1.1663	-5.5094e-07
1.1664	-5.45971e-07
1.1665	-5.37785e-07
1.1666	-5.32704e-07
1.1667	-5.29224e-07
1.1668	-5.23018e-07
1.1669	-5.1722e-07
1.167	-5.14462e-07
1.1671	-5.10379e-07
1.1672	-5.04587e-07
1.1673	-5.00014e-07
1.1674	-4.93272e-07
1.1675	-4.89039e-07
1.1676	-4.81944e-07
1.1677	-4.766e-07
1.1678	-4.71785e-07
1.1679	-4.66146e-07
1.168	-4.60556e-07
1.1681	-4.54755e-07
1.1682	-4.49075e-07
1.1683	-4.43992e-07
1.1684	-4.3752e-07
1.1685	-4.32743e-07
1.1686	-4.27418e-07
1.1687	-4.21339e-07
1.1688	-4.15891e-07
1.1689	-4.08893e-07
1.169	-4.03917e-07
1.1691	-3.98112e-07
1.1692	-3.92541e-07
1.1693	-3.8703e-07
1.1694	-3.81538e-07
1.1695	-3.75983e-07
1.1696	-3.70012e-07
1.1697	-3.63143e-07
1.1698	-3.58224e-07
1.1699	-3.54265e-07
1.17	-3.47942e-07
1.1701	-3.41388e-07
1.1702	-3.35249e-07
1.1703	-3.29149e-07
1.1704	-3.23249e-07
1.1705	-3.14764e-07
1.1706	-3.07931e-07
1.1707	-3.01319e-07
1.1708	-2.94727e-07
1.1709	-2.88181e-07
1.171	-2.80744e-07
1.1711	-2.74904e-07
1.1712	-2.68849e-07
1.1713	-2.63332e-07
1.1714	-2.56719e-07
1.1715	-2.49146e-07
1.1716	-2.41629e-07
1.1717	-2.3471e-07
1.1718	-2.27623e-07
1.1719	-2.20425e-07
1.172	-2.16219e-07
1.1721	-2.08922e-07
1.1722	-2.01822e-07
1.1723	-1.94309e-07
1.1724	-1.89637e-07
1.1725	-1.85948e-07
1.1726	-1.77206e-07
1.1727	-1.68246e-07
1.1728	-1.6166e-07
1.1729	-1.55087e-07
1.173	-1.47668e-07
1.1731	-1.3992e-07
1.1732	-1.32149e-07
1.1733	-1.24849e-07
1.1734	-1.20419e-07
1.1735	-1.12594e-07
1.1736	-1.05587e-07
1.1737	-1.02576e-07
1.1738	-9.47657e-08
1.1739	-8.93612e-08
1.174	-8.18555e-08
1.1741	-7.3143e-08
1.1742	-6.65002e-08
1.1743	-6.00682e-08
1.1744	-5.37922e-08
1.1745	-4.64349e-08
1.1746	-3.82989e-08
1.1747	-3.46283e-08
1.1748	-2.70151e-08
1.1749	-1.95873e-08
1.175	-1.25298e-08
1.1751	-3.13128e-09
1.1752	4.02056e-09
1.1753	1.08437e-08
1.1754	2.05298e-08
1.1755	2.21236e-08
1.1756	2.90834e-08
1.1757	3.51315e-08
1.1758	4.31329e-08
1.1759	4.35719e-08
1.176	5.1259e-08
1.1761	6.02901e-08
1.1762	7.07377e-08
1.1763	7.58782e-08
1.1764	7.66152e-08
1.1765	7.49091e-08
1.1766	7.98103e-08
1.1767	8.83671e-08
1.1768	8.93927e-08
1.1769	8.93214e-08
1.177	9.93039e-08
1.1771	1.0432e-07
1.1772	1.09021e-07
1.1773	1.08721e-07
1.1774	1.12997e-07
1.1775	1.2302e-07
1.1776	1.32522e-07
1.1777	1.37112e-07
1.1778	1.46021e-07
1.1779	1.55299e-07
1.178	1.59749e-07
1.1781	1.58386e-07
1.1782	1.6233e-07
1.1783	1.661e-07
1.1784	1.63562e-07
1.1785	1.71638e-07
1.1786	1.76227e-07
1.1787	1.79893e-07
1.1788	1.87943e-07
1.1789	1.90172e-07
1.179	1.93453e-07
1.1791	1.94095e-07
1.1792	1.95629e-07
1.1793	1.98447e-07
1.1794	1.99696e-07
1.1795	2.07712e-07
1.1796	2.11203e-07
1.1797	2.11201e-07
1.1798	2.11264e-07
1.1799	2.17771e-07
1.18	2.24396e-07
1.1801	2.26487e-07
1.1802	2.27757e-07
1.1803	2.27156e-07
1.1804	2.26444e-07
1.1805	2.32884e-07
1.1806	2.39127e-07
1.1807	2.45217e-07
1.1808	2.51519e-07
1.1809	2.52114e-07
1.181	2.51444e-07
1.1811	2.56536e-07
1.1812	2.54152e-07
1.1813	2.57489e-07
1.1814	2.48918e-07
1.1815	2.43991e-07
1.1816	2.46773e-07
1.1817	2.43904e-07
1.1818	2.45987e-07
1.1819	2.37613e-07
1.182	2.31041e-07
1.1821	2.27467e-07
1.1822	2.2821e-07
1.1823	2.28126e-07
1.1824	2.24606e-07
1.1825	2.20615e-07
1.1826	2.14346e-07
1.1827	2.13856e-07
1.1828	2.08238e-07
1.1829	2.0718e-07
1.183	2.0077e-07
1.1831	1.95441e-07
1.1832	1.88548e-07
1.1833	1.80625e-07
1.1834	1.71023e-07
1.1835	1.62758e-07
1.1836	1.60595e-07
1.1837	1.53017e-07
1.1838	1.4588e-07
1.1839	1.35367e-07
1.184	1.28158e-07
1.1841	1.23988e-07
1.1842	1.20176e-07
1.1843	1.13543e-07
1.1844	1.06305e-07
1.1845	9.87805e-08
1.1846	9.11508e-08
1.1847	8.25075e-08
1.1848	7.43134e-08
1.1849	6.2547e-08
1.185	5.21583e-08
1.1851	4.35622e-08
1.1852	3.26481e-08
1.1853	2.26218e-08
1.1854	6.52976e-09
1.1855	-6.99211e-09
1.1856	-2.15975e-08
1.1857	-3.27441e-08
1.1858	-4.35503e-08
1.1859	-5.6674e-08
1.186	-6.8668e-08
1.1861	-8.4735e-08
1.1862	-1.00125e-07
1.1863	-1.1461e-07
1.1864	-1.31459e-07
1.1865	-1.47154e-07
1.1866	-1.63482e-07
1.1867	-1.78763e-07
1.1868	-1.95432e-07
1.1869	-2.10267e-07
1.187	-2.25123e-07
1.1871	-2.32605e-07
1.1872	-2.42957e-07
1.1873	-2.58224e-07
1.1874	-2.74099e-07
1.1875	-2.89334e-07
1.1876	-3.04259e-07
1.1877	-3.19953e-07
1.1878	-3.35135e-07
1.1879	-3.51214e-07
1.188	-3.67983e-07
1.1881	-3.88501e-07
1.1882	-4.0324e-07
1.1883	-4.20591e-07
1.1884	-4.38285e-07
1.1885	-4.54367e-07
1.1886	-4.71182e-07
1.1887	-4.89989e-07
1.1888	-5.08303e-07
1.1889	-5.27717e-07
1.189	-5.34727e-07
1.1891	-5.50558e-07
1.1892	-5.72849e-07
1.1893	-5.90097e-07
1.1894	-5.97687e-07
1.1895	-6.15661e-07
1.1896	-6.32139e-07
1.1897	-6.43864e-07
1.1898	-6.54887e-07
1.1899	-6.66149e-07
1.19	-6.88327e-07
1.1901	-7.04528e-07
1.1902	-7.26582e-07
1.1903	-7.4127e-07
1.1904	-7.5719e-07
1.1905	-7.73227e-07
1.1906	-7.89367e-07
1.1907	-8.09565e-07
1.1908	-8.24338e-07
1.1909	-8.4503e-07
1.191	-8.62769e-07
1.1911	-8.79384e-07
1.1912	-8.921e-07
1.1913	-9.08938e-07
1.1914	-9.23588e-07
1.1915	-9.3591e-07
1.1916	-9.50815e-07
1.1917	-9.6162e-07
1.1918	-9.76399e-07
1.1919	-9.89993e-07
1.192	-9.99922e-07
1.1921	-1.01573e-06
1.1922	-1.02497e-06
1.1923	-1.038e-06
1.1924	-1.04897e-06
1.1925	-1.06256e-06
1.1926	-1.07574e-06
1.1927	-1.08882e-06
1.1928	-1.09991e-06
1.1929	-1.11118e-06
1.193	-1.1212e-06
1.1931	-1.1273e-06
1.1932	-1.1361e-06
1.1933	-1.14465e-06
1.1934	-1.15049e-06
1.1935	-1.15905e-06
1.1936	-1.16729e-06
1.1937	-1.17363e-06
1.1938	-1.18081e-06
1.1939	-1.18781e-06
1.194	-1.19213e-06
1.1941	-1.19792e-06
1.1942	-1.20212e-06
1.1943	-1.20545e-06
1.1944	-1.20951e-06
1.1945	-1.21405e-06
1.1946	-1.21712e-06
1.1947	-1.22061e-06
1.1948	-1.22292e-06
1.1949	-1.22477e-06
1.195	-1.22643e-06
1.1951	-1.22793e-06
1.1952	-1.22964e-06
1.1953	-1.23007e-06
1.1954	-1.23088e-06
1.1955	-1.22926e-06
1.1956	-1.22859e-06
1.1957	-1.22762e-06
1.1958	-1.22238e-06
1.1959	-1.22199e-06
1.196	-1.21955e-06
1.1961	-1.22058e-06
1.1962	-1.21783e-06
1.1963	-1.21455e-06
1.1964	-1.21138e-06
1.1965	-1.20812e-06
1.1966	-1.20546e-06
1.1967	-1.20208e-06
1.1968	-1.19894e-06
1.1969	-1.19573e-06
1.197	-1.19191e-06
1.1971	-1.18836e-06
1.1972	-1.18439e-06
1.1973	-1.18182e-06
1.1974	-1.1762e-06
1.1975	-1.16922e-06
1.1976	-1.16422e-06
1.1977	-1.16096e-06
1.1978	-1.15683e-06
1.1979	-1.15177e-06
1.198	-1.14643e-06
1.1981	-1.14404e-06
1.1982	-1.13841e-06
1.1983	-1.13325e-06
1.1984	-1.12633e-06
1.1985	-1.1195e-06
1.1986	-1.11346e-06
1.1987	-1.10747e-06
1.1988	-1.10234e-06
1.1989	-1.09626e-06
1.199	-1.08936e-06
1.1991	-1.08289e-06
1.1992	-1.07769e-06
1.1993	-1.06681e-06
1.1994	-1.05848e-06
1.1995	-1.05201e-06
1.1996	-1.04309e-06
1.1997	-1.0338e-06
1.1998	-1.02627e-06
1.1999	-1.01931e-06
1.2	-1.01063e-06
1.2001	-1.00183e-06
1.2002	-9.94202e-07
1.2003	-9.85534e-07
1.2004	-9.7467e-07
1.2005	-9.66888e-07
1.2006	-9.59602e-07
1.2007	-9.51937e-07
1.2008	-9.46847e-07
1.2009	-9.34435e-07
1.201	-9.27735e-07
1.2011	-9.19038e-07
1.2012	-9.1127e-07
1.2013	-9.0064e-07
1.2014	-8.91387e-07
1.2015	-8.82877e-07
1.2016	-8.74127e-07
1.2017	-8.66967e-07
1.2018	-8.58119e-07
1.2019	-8.49468e-07
1.202	-8.38848e-07
1.2021	-8.27852e-07
1.2022	-8.18188e-07
1.2023	-8.0878e-07
1.2024	-7.99427e-07
1.2025	-7.8993e-07
1.2026	-7.80774e-07
1.2027	-7.7306e-07
1.2028	-7.61958e-07
1.2029	-7.50078e-07
1.203	-7.40553e-07
1.2031	-7.30236e-07
1.2032	-7.18564e-07
1.2033	-7.07833e-07
1.2034	-6.98062e-07
1.2035	-6.86847e-07
1.2036	-6.76251e-07
1.2037	-6.67131e-07
1.2038	-6.56939e-07
1.2039	-6.47407e-07
1.204	-6.38443e-07
1.2041	-6.30698e-07
1.2042	-6.21026e-07
1.2043	-6.14212e-07
1.2044	-6.03236e-07
1.2045	-5.95588e-07
1.2046	-5.88799e-07
1.2047	-5.79711e-07
1.2048	-5.68302e-07
1.2049	-5.56196e-07
1.205	-5.4993e-07
1.2051	-5.38621e-07
1.2052	-5.26996e-07
1.2053	-5.19865e-07
1.2054	-5.09595e-07
1.2055	-4.98511e-07
1.2056	-4.88944e-07
1.2057	-4.78698e-07
1.2058	-4.66099e-07
1.2059	-4.55736e-07
1.206	-4.46234e-07
1.2061	-4.39236e-07
1.2062	-4.31239e-07
1.2063	-4.24231e-07
1.2064	-4.17583e-07
1.2065	-4.1315e-07
1.2066	-4.0541e-07
1.2067	-4.01245e-07
1.2068	-3.93012e-07
1.2069	-3.85938e-07
1.207	-3.76794e-07
1.2071	-3.67032e-07
1.2072	-3.61724e-07
1.2073	-3.56899e-07
1.2074	-3.51223e-07
1.2075	-3.41284e-07
1.2076	-3.3616e-07
1.2077	-3.25794e-07
1.2078	-3.16371e-07
1.2079	-3.16458e-07
1.208	-3.09956e-07
1.2081	-3.0591e-07
1.2082	-3.02164e-07
1.2083	-2.97492e-07
1.2084	-2.92033e-07
1.2085	-2.8845e-07
1.2086	-2.78301e-07
1.2087	-2.70002e-07
1.2088	-2.71507e-07
1.2089	-2.64306e-07
1.209	-2.62759e-07
1.2091	-2.55568e-07
1.2092	-2.53796e-07
1.2093	-2.56475e-07
1.2094	-2.56309e-07
1.2095	-2.5667e-07
1.2096	-2.57307e-07
1.2097	-2.52665e-07
1.2098	-2.52604e-07
1.2099	-2.48969e-07
1.21	-2.44192e-07
1.2101	-2.45379e-07
1.2102	-2.47149e-07
1.2103	-2.42259e-07
1.2104	-2.4458e-07
1.2105	-2.48284e-07
1.2106	-2.49889e-07
1.2107	-2.58708e-07
1.2108	-2.62489e-07
1.2109	-2.66731e-07
1.211	-2.70536e-07
1.2111	-2.75855e-07
1.2112	-2.79478e-07
1.2113	-2.77326e-07
1.2114	-2.76862e-07
1.2115	-2.79088e-07
1.2116	-2.82055e-07
1.2117	-2.87154e-07
1.2118	-2.90861e-07
1.2119	-2.96077e-07
1.212	-3.01348e-07
1.2121	-3.0557e-07
1.2122	-3.09015e-07
1.2123	-3.15865e-07
1.2124	-3.18429e-07
1.2125	-3.21509e-07
1.2126	-3.26354e-07
1.2127	-3.32644e-07
1.2128	-3.37052e-07
1.2129	-3.44241e-07
1.213	-3.49249e-07
1.2131	-3.53557e-07
1.2132	-3.56729e-07
1.2133	-3.62259e-07
1.2134	-3.71259e-07
1.2135	-3.78877e-07
1.2136	-3.86071e-07
1.2137	-3.9385e-07
1.2138	-4.01623e-07
1.2139	-4.09466e-07
1.214	-4.18053e-07
1.2141	-4.20685e-07
1.2142	-4.30145e-07
1.2143	-4.38605e-07
1.2144	-4.43722e-07
1.2145	-4.47072e-07
1.2146	-4.54212e-07
1.2147	-4.5631e-07
1.2148	-4.61512e-07
1.2149	-4.71678e-07
1.215	-4.72496e-07
1.2151	-4.7664e-07
1.2152	-4.84452e-07
1.2153	-4.92919e-07
1.2154	-5.04755e-07
1.2155	-5.08421e-07
1.2156	-5.10424e-07
1.2157	-5.14395e-07
1.2158	-5.19561e-07
1.2159	-5.28868e-07
1.216	-5.36266e-07
1.2161	-5.45546e-07
1.2162	-5.54545e-07
1.2163	-5.58901e-07
1.2164	-5.67294e-07
1.2165	-5.75146e-07
1.2166	-5.87464e-07
1.2167	-5.96607e-07
1.2168	-6.00385e-07
1.2169	-6.04253e-07
1.217	-6.13259e-07
1.2171	-6.22888e-07
1.2172	-6.31914e-07
1.2173	-6.35873e-07
1.2174	-6.4109e-07
1.2175	-6.51581e-07
1.2176	-6.61833e-07
1.2177	-6.70998e-07
1.2178	-6.79425e-07
1.2179	-6.88358e-07
1.218	-6.93881e-07
1.2181	-6.99499e-07
1.2182	-7.0857e-07
1.2183	-7.14829e-07
1.2184	-7.23627e-07
1.2185	-7.29418e-07
1.2186	-7.3399e-07
1.2187	-7.43032e-07
1.2188	-7.50966e-07
1.2189	-7.57391e-07
1.219	-7.63752e-07
1.2191	-7.69994e-07
1.2192	-7.77819e-07
1.2193	-7.84326e-07
1.2194	-7.91662e-07
1.2195	-7.9581e-07
1.2196	-8.00141e-07
1.2197	-8.04842e-07
1.2198	-8.08158e-07
1.2199	-8.11774e-07
1.22	-8.16601e-07
1.2201	-8.23032e-07
1.2202	-8.27135e-07
1.2203	-8.31376e-07
1.2204	-8.34787e-07
1.2205	-8.3855e-07
1.2206	-8.42665e-07
1.2207	-8.46694e-07
1.2208	-8.49918e-07
1.2209	-8.52931e-07
1.221	-8.54869e-07
1.2211	-8.56379e-07
1.2212	-8.59208e-07
1.2213	-8.63564e-07
1.2214	-8.65067e-07
1.2215	-8.66203e-07
1.2216	-8.68631e-07
1.2217	-8.68502e-07
1.2218	-8.69751e-07
1.2219	-8.69252e-07
1.222	-8.71165e-07
1.2221	-8.70745e-07
1.2222	-8.69766e-07
1.2223	-8.70586e-07
1.2224	-8.69389e-07
1.2225	-8.68171e-07
1.2226	-8.66983e-07
1.2227	-8.6591e-07
1.2228	-8.63595e-07
1.2229	-8.61923e-07
1.223	-8.60396e-07
1.2231	-8.58172e-07
1.2232	-8.54134e-07
1.2233	-8.51535e-07
1.2234	-8.50168e-07
1.2235	-8.48015e-07
1.2236	-8.43078e-07
1.2237	-8.38674e-07
1.2238	-8.34782e-07
1.2239	-8.3338e-07
1.224	-8.29288e-07
1.2241	-8.25438e-07
1.2242	-8.20867e-07
1.2243	-8.16435e-07
1.2244	-8.12479e-07
1.2245	-8.08353e-07
1.2246	-8.03075e-07
1.2247	-7.9866e-07
1.2248	-7.95064e-07
1.2249	-7.89254e-07
1.225	-7.86077e-07
1.2251	-7.8132e-07
1.2252	-7.75836e-07
1.2253	-7.71109e-07
1.2254	-7.66003e-07
1.2255	-7.61426e-07
1.2256	-7.55846e-07
1.2257	-7.5122e-07
1.2258	-7.43149e-07
1.2259	-7.38315e-07
1.226	-7.31352e-07
1.2261	-7.26172e-07
1.2262	-7.20495e-07
1.2263	-7.15452e-07
1.2264	-7.10377e-07
1.2265	-7.0404e-07
1.2266	-6.9922e-07
1.2267	-6.91332e-07
1.2268	-6.87185e-07
1.2269	-6.83787e-07
1.227	-6.78319e-07
1.2271	-6.72946e-07
1.2272	-6.67375e-07
1.2273	-6.62408e-07
1.2274	-6.58732e-07
1.2275	-6.54879e-07
1.2276	-6.47758e-07
1.2277	-6.40246e-07
1.2278	-6.36145e-07
1.2279	-6.31021e-07
1.228	-6.24974e-07
1.2281	-6.19938e-07
1.2282	-6.14397e-07
1.2283	-6.10849e-07
1.2284	-6.05395e-07
1.2285	-6.03609e-07
1.2286	-5.96525e-07
1.2287	-5.92205e-07
1.2288	-5.88788e-07
1.2289	-5.82835e-07
1.229	-5.78393e-07
1.2291	-5.74004e-07
1.2292	-5.68891e-07
1.2293	-5.62158e-07
1.2294	-5.56722e-07
1.2295	-5.51892e-07
1.2296	-5.47712e-07
1.2297	-5.42505e-07
1.2298	-5.37687e-07
1.2299	-5.32172e-07
1.23	-5.26149e-07
1.2301	-5.20876e-07
1.2302	-5.16329e-07
1.2303	-5.09361e-07
1.2304	-5.03418e-07
1.2305	-4.99819e-07
1.2306	-4.94482e-07
1.2307	-4.89476e-07
1.2308	-4.83801e-07
1.2309	-4.77977e-07
1.231	-4.7225e-07
1.2311	-4.67168e-07
1.2312	-4.61034e-07
1.2313	-4.5587e-07
1.2314	-4.50572e-07
1.2315	-4.44376e-07
1.2316	-4.40095e-07
1.2317	-4.34893e-07
1.2318	-4.30058e-07
1.2319	-4.25012e-07
1.232	-4.20097e-07
1.2321	-4.14812e-07
1.2322	-4.0905e-07
1.2323	-4.03822e-07
1.2324	-3.97707e-07
1.2325	-3.9282e-07
1.2326	-3.86868e-07
1.2327	-3.81181e-07
1.2328	-3.75622e-07
1.2329	-3.6947e-07
1.233	-3.63838e-07
1.2331	-3.57697e-07
1.2332	-3.51913e-07
1.2333	-3.46106e-07
1.2334	-3.39162e-07
1.2335	-3.33349e-07
1.2336	-3.27389e-07
1.2337	-3.22232e-07
1.2338	-3.16237e-07
1.2339	-3.09869e-07
1.234	-3.03247e-07
1.2341	-2.98247e-07
1.2342	-2.92331e-07
1.2343	-2.86075e-07
1.2344	-2.79373e-07
1.2345	-2.73262e-07
1.2346	-2.6712e-07
1.2347	-2.61423e-07
1.2348	-2.54685e-07
1.2349	-2.46751e-07
1.235	-2.41039e-07
1.2351	-2.34819e-07
1.2352	-2.27755e-07
1.2353	-2.21617e-07
1.2354	-2.1448e-07
1.2355	-2.0623e-07
1.2356	-1.98541e-07
1.2357	-1.91017e-07
1.2358	-1.84329e-07
1.2359	-1.77191e-07
1.236	-1.72098e-07
1.2361	-1.65338e-07
1.2362	-1.58701e-07
1.2363	-1.50777e-07
1.2364	-1.42822e-07
1.2365	-1.34733e-07
1.2366	-1.26108e-07
1.2367	-1.19128e-07
1.2368	-1.12072e-07
1.2369	-1.03965e-07
1.237	-9.70055e-08
1.2371	-8.87722e-08
1.2372	-8.11854e-08
1.2373	-7.40096e-08
1.2374	-6.56549e-08
1.2375	-5.84959e-08
1.2376	-5.05193e-08
1.2377	-4.3021e-08
1.2378	-3.47937e-08
1.2379	-2.7483e-08
1.238	-2.263e-08
1.2381	-1.5658e-08
1.2382	-6.84312e-09
1.2383	3.27486e-10
1.2384	9.51458e-09
1.2385	1.30782e-08
1.2386	1.66703e-08
1.2387	2.40604e-08
1.2388	3.23322e-08
1.2389	3.99401e-08
1.239	4.66523e-08
1.2391	5.51111e-08
1.2392	6.45003e-08
1.2393	6.63038e-08
1.2394	6.87644e-08
1.2395	7.5574e-08
1.2396	7.80788e-08
1.2397	8.02124e-08
1.2398	8.76422e-08
1.2399	8.61458e-08
1.24	9.33564e-08
1.2401	9.90922e-08
1.2402	1.04445e-07
1.2403	1.04546e-07
1.2404	1.09384e-07
1.2405	1.10535e-07
1.2406	1.11652e-07
1.2407	1.11452e-07
1.2408	1.1175e-07
1.2409	1.17082e-07
1.241	1.22657e-07
1.2411	1.21449e-07
1.2412	1.31049e-07
1.2413	1.36135e-07
1.2414	1.45289e-07
1.2415	1.50112e-07
1.2416	1.56666e-07
1.2417	1.65581e-07
1.2418	1.69988e-07
1.2419	1.68623e-07
1.242	1.72309e-07
1.2421	1.7667e-07
1.2422	1.73211e-07
1.2423	1.76561e-07
1.2424	1.79776e-07
1.2425	1.82576e-07
1.2426	1.92252e-07
1.2427	1.93829e-07
1.2428	2.01788e-07
1.2429	2.0448e-07
1.243	2.06526e-07
1.2431	2.03889e-07
1.2432	2.06092e-07
1.2433	2.09005e-07
1.2434	2.07534e-07
1.2435	2.05545e-07
1.2436	2.12971e-07
1.2437	2.19582e-07
1.2438	2.24802e-07
1.2439	2.24373e-07
1.244	2.20253e-07
1.2441	2.20015e-07
1.2442	2.19034e-07
1.2443	2.177e-07
1.2444	2.18104e-07
1.2445	2.23509e-07
1.2446	2.23821e-07
1.2447	2.21087e-07
1.2448	2.26112e-07
1.2449	2.24234e-07
1.245	2.21026e-07
1.2451	2.25496e-07
1.2452	2.19917e-07
1.2453	2.17469e-07
1.2454	2.22083e-07
1.2455	2.15241e-07
1.2456	2.16965e-07
1.2457	2.17364e-07
1.2458	2.10167e-07
1.2459	2.1252e-07
1.246	2.12551e-07
1.2461	2.1477e-07
1.2462	2.11173e-07
1.2463	2.10344e-07
1.2464	2.05485e-07
1.2465	1.98157e-07
1.2466	1.97893e-07
1.2467	1.91656e-07
1.2468	1.84696e-07
1.2469	1.83411e-07
1.247	1.79677e-07
1.2471	1.80285e-07
1.2472	1.73588e-07
1.2473	1.7258e-07
1.2474	1.65251e-07
1.2475	1.62522e-07
1.2476	1.49739e-07
1.2477	1.46963e-07
1.2478	1.43751e-07
1.2479	1.36823e-07
1.248	1.3033e-07
1.2481	1.23834e-07
1.2482	1.18152e-07
1.2483	1.07463e-07
1.2484	9.98478e-08
1.2485	9.21832e-08
1.2486	8.062e-08
1.2487	6.63978e-08
1.2488	5.74719e-08
1.2489	4.93884e-08
1.249	4.24861e-08
1.2491	3.63205e-08
1.2492	2.47276e-08
1.2493	1.30674e-08
1.2494	2.39795e-09
1.2495	-1.40068e-08
1.2496	-2.49804e-08
1.2497	-3.87514e-08
1.2498	-5.27912e-08
1.2499	-6.7435e-08
1.25	-8.18052e-08
1.2501	-8.97997e-08
1.2502	-1.03744e-07
1.2503	-1.19988e-07
1.2504	-1.29842e-07
1.2505	-1.36972e-07
1.2506	-1.55569e-07
1.2507	-1.7036e-07
1.2508	-1.83272e-07
1.2509	-1.99393e-07
1.251	-2.06537e-07
1.2511	-2.25361e-07
1.2512	-2.39288e-07
1.2513	-2.52406e-07
1.2514	-2.7733e-07
1.2515	-2.97662e-07
1.2516	-3.06862e-07
1.2517	-3.28117e-07
1.2518	-3.48007e-07
1.2519	-3.69516e-07
1.252	-3.91638e-07
1.2521	-4.08053e-07
1.2522	-4.25604e-07
1.2523	-4.44098e-07
1.2524	-4.55131e-07
1.2525	-4.74481e-07
1.2526	-4.91843e-07
1.2527	-5.10483e-07
1.2528	-5.16121e-07
1.2529	-5.33749e-07
1.253	-5.55994e-07
1.2531	-5.64417e-07
1.2532	-5.81435e-07
1.2533	-6.00308e-07
1.2534	-6.11327e-07
1.2535	-6.28369e-07
1.2536	-6.40756e-07
1.2537	-6.57266e-07
1.2538	-6.74685e-07
1.2539	-6.97033e-07
1.254	-7.1283e-07
1.2541	-7.23072e-07
1.2542	-7.38864e-07
1.2543	-7.55946e-07
1.2544	-7.71807e-07
1.2545	-7.86384e-07
1.2546	-8.02595e-07
1.2547	-8.16624e-07
1.2548	-8.35643e-07
1.2549	-8.4981e-07
1.255	-8.6068e-07
1.2551	-8.73634e-07
1.2552	-8.87318e-07
1.2553	-8.98795e-07
1.2554	-9.10285e-07
1.2555	-9.24848e-07
1.2556	-9.32189e-07
1.2557	-9.47051e-07
1.2558	-9.5633e-07
1.2559	-9.66441e-07
1.256	-9.80268e-07
1.2561	-9.89321e-07
1.2562	-9.98182e-07
1.2563	-1.01212e-06
1.2564	-1.02402e-06
1.2565	-1.03683e-06
1.2566	-1.04877e-06
1.2567	-1.06134e-06
1.2568	-1.07168e-06
1.2569	-1.0793e-06
1.257	-1.08945e-06
1.2571	-1.09486e-06
1.2572	-1.1043e-06
1.2573	-1.11251e-06
1.2574	-1.12007e-06
1.2575	-1.124e-06
1.2576	-1.13033e-06
1.2577	-1.1368e-06
1.2578	-1.14165e-06
1.2579	-1.14899e-06
1.258	-1.15319e-06
1.2581	-1.15489e-06
1.2582	-1.15834e-06
1.2583	-1.1623e-06
1.2584	-1.16532e-06
1.2585	-1.16798e-06
1.2586	-1.17196e-06
1.2587	-1.1727e-06
1.2588	-1.17445e-06
1.2589	-1.17565e-06
1.259	-1.17685e-06
1.2591	-1.17795e-06
1.2592	-1.17853e-06
1.2593	-1.17679e-06
1.2594	-1.17646e-06
1.2595	-1.17627e-06
1.2596	-1.17573e-06
1.2597	-1.17538e-06
1.2598	-1.17282e-06
1.2599	-1.17117e-06
1.26	-1.16836e-06
1.2601	-1.16525e-06
1.2602	-1.16346e-06
1.2603	-1.15966e-06
1.2604	-1.16129e-06
1.2605	-1.15774e-06
1.2606	-1.15501e-06
1.2607	-1.15254e-06
1.2608	-1.14828e-06
1.2609	-1.14538e-06
1.261	-1.14002e-06
1.2611	-1.13692e-06
1.2612	-1.13342e-06
1.2613	-1.12694e-06
1.2614	-1.12253e-06
1.2615	-1.11838e-06
1.2616	-1.11376e-06
1.2617	-1.10952e-06
1.2618	-1.10449e-06
1.2619	-1.09976e-06
1.262	-1.09477e-06
1.2621	-1.0888e-06
1.2622	-1.08323e-06
1.2623	-1.07775e-06
1.2624	-1.0735e-06
1.2625	-1.0667e-06
1.2626	-1.06057e-06
1.2627	-1.05483e-06
1.2628	-1.04555e-06
1.2629	-1.04009e-06
1.263	-1.0349e-06
1.2631	-1.02637e-06
1.2632	-1.01813e-06
1.2633	-1.0106e-06
1.2634	-1.00367e-06
1.2635	-9.94567e-07
1.2636	-9.86366e-07
1.2637	-9.78769e-07
1.2638	-9.713e-07
1.2639	-9.62665e-07
1.264	-9.54769e-07
1.2641	-9.46277e-07
1.2642	-9.38164e-07
1.2643	-9.27531e-07
1.2644	-9.18981e-07
1.2645	-9.11333e-07
1.2646	-9.06115e-07
1.2647	-8.95537e-07
1.2648	-8.85839e-07
1.2649	-8.7756e-07
1.265	-8.70777e-07
1.2651	-8.608e-07
1.2652	-8.51143e-07
1.2653	-8.42132e-07
1.2654	-8.33114e-07
1.2655	-8.23578e-07
1.2656	-8.14354e-07
1.2657	-8.05708e-07
1.2658	-7.96221e-07
1.2659	-7.85764e-07
1.266	-7.75504e-07
1.2661	-7.63952e-07
1.2662	-7.54259e-07
1.2663	-7.45059e-07
1.2664	-7.35296e-07
1.2665	-7.25579e-07
1.2666	-7.15518e-07
1.2667	-7.05497e-07
1.2668	-6.9504e-07
1.2669	-6.84365e-07
1.267	-6.73676e-07
1.2671	-6.62528e-07
1.2672	-6.51281e-07
1.2673	-6.41884e-07
1.2674	-6.31011e-07
1.2675	-6.20889e-07
1.2676	-6.1169e-07
1.2677	-6.0306e-07
1.2678	-5.93883e-07
1.2679	-5.82916e-07
1.268	-5.74683e-07
1.2681	-5.69308e-07
1.2682	-5.58765e-07
1.2683	-5.48843e-07
1.2684	-5.38168e-07
1.2685	-5.27295e-07
1.2686	-5.16778e-07
1.2687	-5.06673e-07
1.2688	-4.95585e-07
1.2689	-4.84195e-07
1.269	-4.76092e-07
1.2691	-4.68435e-07
1.2692	-4.57957e-07
1.2693	-4.46475e-07
1.2694	-4.3586e-07
1.2695	-4.26011e-07
1.2696	-4.2079e-07
1.2697	-4.10194e-07
1.2698	-3.9949e-07
1.2699	-3.89119e-07
1.27	-3.77115e-07
1.2701	-3.72903e-07
1.2702	-3.63011e-07
1.2703	-3.53351e-07
1.2704	-3.48126e-07
1.2705	-3.37736e-07
1.2706	-3.31409e-07
1.2707	-3.2177e-07
1.2708	-3.12192e-07
1.2709	-3.08311e-07
1.271	-2.99398e-07
1.2711	-2.94187e-07
1.2712	-2.89234e-07
1.2713	-2.83109e-07
1.2714	-2.80784e-07
1.2715	-2.72141e-07
1.2716	-2.69353e-07
1.2717	-2.62544e-07
1.2718	-2.58575e-07
1.2719	-2.55431e-07
1.272	-2.45016e-07
1.2721	-2.42083e-07
1.2722	-2.3944e-07
1.2723	-2.31024e-07
1.2724	-2.28246e-07
1.2725	-2.19703e-07
1.2726	-2.20376e-07
1.2727	-2.18123e-07
1.2728	-2.18248e-07
1.2729	-2.22692e-07
1.273	-2.22682e-07
1.2731	-2.23284e-07
1.2732	-2.25554e-07
1.2733	-2.2107e-07
1.2734	-2.1524e-07
1.2735	-2.11044e-07
1.2736	-2.05123e-07
1.2737	-2.05175e-07
1.2738	-2.0097e-07
1.2739	-2.02288e-07
1.274	-2.06136e-07
1.2741	-2.07558e-07
1.2742	-2.1111e-07
1.2743	-2.15001e-07
1.2744	-2.14737e-07
1.2745	-2.24162e-07
1.2746	-2.27358e-07
1.2747	-2.31658e-07
1.2748	-2.36675e-07
1.2749	-2.40071e-07
1.275	-2.4545e-07
1.2751	-2.42128e-07
1.2752	-2.38933e-07
1.2753	-2.4286e-07
1.2754	-2.46714e-07
1.2755	-2.51954e-07
1.2756	-2.57697e-07
1.2757	-2.60699e-07
1.2758	-2.6454e-07
1.2759	-2.68538e-07
1.276	-2.72602e-07
1.2761	-2.79176e-07
1.2762	-2.84348e-07
1.2763	-2.86586e-07
1.2764	-2.94894e-07
1.2765	-3.01915e-07
1.2766	-3.08366e-07
1.2767	-3.15655e-07
1.2768	-3.24389e-07
1.2769	-3.28183e-07
1.277	-3.31935e-07
1.2771	-3.39468e-07
1.2772	-3.40799e-07
1.2773	-3.47174e-07
1.2774	-3.5568e-07
1.2775	-3.64129e-07
1.2776	-3.73034e-07
1.2777	-3.8048e-07
1.2778	-3.84245e-07
1.2779	-3.90626e-07
1.278	-3.95122e-07
1.2781	-4.04957e-07
1.2782	-4.14287e-07
1.2783	-4.19352e-07
1.2784	-4.27867e-07
1.2785	-4.34821e-07
1.2786	-4.40497e-07
1.2787	-4.47128e-07
1.2788	-4.49502e-07
1.2789	-4.52121e-07
1.279	-4.65029e-07
1.2791	-4.73175e-07
1.2792	-4.8116e-07
1.2793	-4.89761e-07
1.2794	-4.96431e-07
1.2795	-5.01121e-07
1.2796	-5.10569e-07
1.2797	-5.23619e-07
1.2798	-5.32012e-07
1.2799	-5.40937e-07
1.28	-5.5013e-07
1.2801	-5.52686e-07
1.2802	-5.60701e-07
1.2803	-5.68399e-07
1.2804	-5.73745e-07
1.2805	-5.81538e-07
1.2806	-5.86298e-07
1.2807	-5.88405e-07
1.2808	-5.96361e-07
1.2809	-6.01483e-07
1.281	-6.06991e-07
1.2811	-6.14857e-07
1.2812	-6.25176e-07
1.2813	-6.34377e-07
1.2814	-6.48031e-07
1.2815	-6.53323e-07
1.2816	-6.57704e-07
1.2817	-6.66896e-07
1.2818	-6.72205e-07
1.2819	-6.80716e-07
1.282	-6.89501e-07
1.2821	-6.97702e-07
1.2822	-7.0679e-07
1.2823	-7.14204e-07
1.2824	-7.2001e-07
1.2825	-7.24605e-07
1.2826	-7.33897e-07
1.2827	-7.38811e-07
1.2828	-7.4513e-07
1.2829	-7.52867e-07
1.283	-7.61509e-07
1.2831	-7.68422e-07
1.2832	-7.75016e-07
1.2833	-7.8133e-07
1.2834	-7.86594e-07
1.2835	-7.90439e-07
1.2836	-7.98093e-07
1.2837	-8.0151e-07
1.2838	-8.0555e-07
1.2839	-8.10818e-07
1.284	-8.14725e-07
1.2841	-8.17845e-07
1.2842	-8.20085e-07
1.2843	-8.23242e-07
1.2844	-8.26075e-07
1.2845	-8.30473e-07
1.2846	-8.32736e-07
1.2847	-8.33658e-07
1.2848	-8.35664e-07
1.2849	-8.40413e-07
1.285	-8.42247e-07
1.2851	-8.43807e-07
1.2852	-8.47115e-07
1.2853	-8.48658e-07
1.2854	-8.49393e-07
1.2855	-8.49133e-07
1.2856	-8.50602e-07
1.2857	-8.50619e-07
1.2858	-8.49414e-07
1.2859	-8.49149e-07
1.286	-8.49953e-07
1.2861	-8.49341e-07
1.2862	-8.47701e-07
1.2863	-8.47467e-07
1.2864	-8.46284e-07
1.2865	-8.43864e-07
1.2866	-8.41917e-07
1.2867	-8.38863e-07
1.2868	-8.37063e-07
1.2869	-8.34095e-07
1.287	-8.31103e-07
1.2871	-8.26699e-07
1.2872	-8.25606e-07
1.2873	-8.22458e-07
1.2874	-8.16401e-07
1.2875	-8.12658e-07
1.2876	-8.08294e-07
1.2877	-8.04473e-07
1.2878	-8.00444e-07
1.2879	-7.95922e-07
1.288	-7.90853e-07
1.2881	-7.85426e-07
1.2882	-7.80725e-07
1.2883	-7.75417e-07
1.2884	-7.71e-07
1.2885	-7.67024e-07
1.2886	-7.60431e-07
1.2887	-7.54862e-07
1.2888	-7.51154e-07
1.2889	-7.46679e-07
1.289	-7.41709e-07
1.2891	-7.36456e-07
1.2892	-7.30851e-07
1.2893	-7.24534e-07
1.2894	-7.19797e-07
1.2895	-7.14926e-07
1.2896	-7.09615e-07
1.2897	-7.03552e-07
1.2898	-6.9776e-07
1.2899	-6.92501e-07
1.29	-6.87282e-07
1.2901	-6.81501e-07
1.2902	-6.75184e-07
1.2903	-6.69332e-07
1.2904	-6.64956e-07
1.2905	-6.56878e-07
1.2906	-6.53722e-07
1.2907	-6.48728e-07
1.2908	-6.44683e-07
1.2909	-6.41311e-07
1.291	-6.36331e-07
1.2911	-6.30493e-07
1.2912	-6.24349e-07
1.2913	-6.20474e-07
1.2914	-6.15808e-07
1.2915	-6.07532e-07
1.2916	-6.03318e-07
1.2917	-5.98022e-07
1.2918	-5.91768e-07
1.2919	-5.86123e-07
1.292	-5.80355e-07
1.2921	-5.76747e-07
1.2922	-5.70743e-07
1.2923	-5.66878e-07
1.2924	-5.61841e-07
1.2925	-5.56542e-07
1.2926	-5.51476e-07
1.2927	-5.46141e-07
1.2928	-5.40985e-07
1.2929	-5.35229e-07
1.293	-5.30415e-07
1.2931	-5.25206e-07
1.2932	-5.18878e-07
1.2933	-5.13461e-07
1.2934	-5.10149e-07
1.2935	-5.06063e-07
1.2936	-5.00279e-07
1.2937	-4.94639e-07
1.2938	-4.90393e-07
1.2939	-4.84513e-07
1.294	-4.79448e-07
1.2941	-4.72774e-07
1.2942	-4.67172e-07
1.2943	-4.63454e-07
1.2944	-4.58757e-07
1.2945	-4.54021e-07
1.2946	-4.47974e-07
1.2947	-4.42364e-07
1.2948	-4.3706e-07
1.2949	-4.31643e-07
1.295	-4.24827e-07
1.2951	-4.21186e-07
1.2952	-4.15116e-07
1.2953	-4.10152e-07
1.2954	-4.05925e-07
1.2955	-4.00416e-07
1.2956	-3.94511e-07
1.2957	-3.88789e-07
1.2958	-3.8294e-07
1.2959	-3.76963e-07
1.296	-3.70557e-07
1.2961	-3.65371e-07
1.2962	-3.6003e-07
1.2963	-3.55088e-07
1.2964	-3.49989e-07
1.2965	-3.44591e-07
1.2966	-3.38706e-07
1.2967	-3.33676e-07
1.2968	-3.27895e-07
1.2969	-3.21916e-07
1.297	-3.16506e-07
1.2971	-3.10619e-07
1.2972	-3.04718e-07
1.2973	-2.98099e-07
1.2974	-2.9176e-07
1.2975	-2.86384e-07
1.2976	-2.81339e-07
1.2977	-2.746e-07
1.2978	-2.68386e-07
1.2979	-2.62741e-07
1.298	-2.57545e-07
1.2981	-2.51333e-07
1.2982	-2.45117e-07
1.2983	-2.37886e-07
1.2984	-2.32918e-07
1.2985	-2.26612e-07
1.2986	-2.205e-07
1.2987	-2.13193e-07
1.2988	-2.07965e-07
1.2989	-2.01581e-07
1.299	-1.9646e-07
1.2991	-1.89561e-07
1.2992	-1.80844e-07
1.2993	-1.73919e-07
1.2994	-1.66703e-07
1.2995	-1.59344e-07
1.2996	-1.52258e-07
1.2997	-1.45036e-07
1.2998	-1.37883e-07
1.2999	-1.30398e-07
1.3	-1.23154e-07
1.3001	-1.16347e-07
1.3002	-1.08708e-07
1.3003	-1.0043e-07
1.3004	-9.32712e-08
1.3005	-8.61787e-08
1.3006	-7.92161e-08
1.3007	-7.09087e-08
1.3008	-6.26452e-08
1.3009	-5.47893e-08
1.301	-4.75196e-08
1.3011	-3.94246e-08
1.3012	-3.03209e-08
1.3013	-2.31536e-08
1.3014	-1.57287e-08
1.3015	-9.0066e-09
1.3016	-1.82667e-09
1.3017	7.36995e-09
1.3018	1.5439e-08
1.3019	2.33841e-08
1.302	3.13828e-08
1.3021	3.88969e-08
1.3022	4.63594e-08
1.3023	5.37351e-08
1.3024	5.79477e-08
1.3025	5.987e-08
1.3026	6.59422e-08
1.3027	7.37518e-08
1.3028	7.65098e-08
1.3029	8.56706e-08
1.303	9.31207e-08
1.3031	9.55731e-08
1.3032	9.75497e-08
1.3033	9.903e-08
1.3034	1.04582e-07
1.3035	1.03669e-07
1.3036	1.12048e-07
1.3037	1.10751e-07
1.3038	1.12927e-07
1.3039	1.1758e-07
1.304	1.18465e-07
1.3041	1.2386e-07
1.3042	1.24462e-07
1.3043	1.24745e-07
1.3044	1.29867e-07
1.3045	1.35272e-07
1.3046	1.41788e-07
1.3047	1.46797e-07
1.3048	1.49458e-07
1.3049	1.54169e-07
1.305	1.50972e-07
1.3051	1.61955e-07
1.3052	1.67127e-07
1.3053	1.64205e-07
1.3054	1.68711e-07
1.3055	1.77914e-07
1.3056	1.87651e-07
1.3057	1.92137e-07
1.3058	1.95245e-07
1.3059	2.04594e-07
1.306	2.07353e-07
1.3061	2.09479e-07
1.3062	2.12726e-07
1.3063	2.10202e-07
1.3064	2.17907e-07
1.3065	2.2621e-07
1.3066	2.23568e-07
1.3067	2.26411e-07
1.3068	2.28813e-07
1.3069	2.31073e-07
1.307	2.27548e-07
1.3071	2.34162e-07
1.3072	2.35695e-07
1.3073	2.3413e-07
1.3074	2.34538e-07
1.3075	2.40876e-07
1.3076	2.40598e-07
1.3077	2.40881e-07
1.3078	2.41402e-07
1.3079	2.41746e-07
1.308	2.41059e-07
1.3081	2.39548e-07
1.3082	2.45467e-07
1.3083	2.52433e-07
1.3084	2.57876e-07
1.3085	2.58198e-07
1.3086	2.64146e-07
1.3087	2.63177e-07
1.3088	2.67886e-07
1.3089	2.73385e-07
1.309	2.71923e-07
1.3091	2.69998e-07
1.3092	2.6615e-07
1.3093	2.68633e-07
1.3094	2.65552e-07
1.3095	2.6903e-07
1.3096	2.71161e-07
1.3097	2.73937e-07
1.3098	2.76003e-07
1.3099	2.78931e-07
1.31	2.81281e-07
1.3101	2.83456e-07
1.3102	2.86108e-07
1.3103	2.80824e-07
1.3104	2.8065e-07
1.3105	2.79237e-07
1.3106	2.77908e-07
1.3107	2.71314e-07
1.3108	2.69321e-07
1.3109	2.63504e-07
1.311	2.56825e-07
1.3111	2.488e-07
1.3112	2.44638e-07
1.3113	2.36688e-07
1.3114	2.32242e-07
1.3115	2.21047e-07
1.3116	2.17092e-07
1.3117	2.09372e-07
1.3118	2.05258e-07
1.3119	1.96395e-07
1.312	1.9025e-07
1.3121	1.84238e-07
1.3122	1.73519e-07
1.3123	1.65301e-07
1.3124	1.54659e-07
1.3125	1.44261e-07
1.3126	1.2967e-07
1.3127	1.22986e-07
1.3128	1.13331e-07
1.3129	1.0322e-07
1.313	9.25014e-08
1.3131	8.17287e-08
1.3132	6.45719e-08
1.3133	5.55956e-08
1.3134	4.48262e-08
1.3135	3.10254e-08
1.3136	1.85549e-08
1.3137	4.967e-09
1.3138	-8.96331e-09
1.3139	-2.25451e-08
1.314	-3.86563e-08
1.3141	-5.46252e-08
1.3142	-6.7864e-08
1.3143	-7.49993e-08
1.3144	-8.24512e-08
1.3145	-1.02393e-07
1.3146	-1.14225e-07
1.3147	-1.25378e-07
1.3148	-1.41375e-07
1.3149	-1.48262e-07
1.315	-1.63621e-07
1.3151	-1.7984e-07
1.3152	-1.98476e-07
1.3153	-2.14201e-07
1.3154	-2.27846e-07
1.3155	-2.35988e-07
1.3156	-2.51314e-07
1.3157	-2.71618e-07
1.3158	-2.92596e-07
1.3159	-3.13851e-07
1.316	-3.20576e-07
1.3161	-3.33041e-07
1.3162	-3.49446e-07
1.3163	-3.61171e-07
1.3164	-3.78655e-07
1.3165	-3.9561e-07
1.3166	-4.02637e-07
1.3167	-4.14461e-07
1.3168	-4.32415e-07
1.3169	-4.44154e-07
1.317	-4.55336e-07
1.3171	-4.74401e-07
1.3172	-4.9121e-07
1.3173	-5.09073e-07
1.3174	-5.18279e-07
1.3175	-5.35029e-07
1.3176	-5.51972e-07
1.3177	-5.74561e-07
1.3178	-5.96919e-07
1.3179	-6.12011e-07
1.318	-6.29382e-07
1.3181	-6.45231e-07
1.3182	-6.56019e-07
1.3183	-6.73226e-07
1.3184	-6.89056e-07
1.3185	-7.109e-07
1.3186	-7.31846e-07
1.3187	-7.50042e-07
1.3188	-7.64826e-07
1.3189	-7.77122e-07
1.319	-7.9079e-07
1.3191	-8.00129e-07
1.3192	-8.11942e-07
1.3193	-8.22429e-07
1.3194	-8.3649e-07
1.3195	-8.52196e-07
1.3196	-8.68435e-07
1.3197	-8.79342e-07
1.3198	-8.95607e-07
1.3199	-9.09762e-07
1.32	-9.18864e-07
1.3201	-9.31526e-07
1.3202	-9.44829e-07
1.3203	-9.54872e-07
1.3204	-9.63624e-07
1.3205	-9.7495e-07
1.3206	-9.86379e-07
1.3207	-9.96464e-07
1.3208	-1.00186e-06
1.3209	-1.01301e-06
1.321	-1.02279e-06
1.3211	-1.03024e-06
1.3212	-1.03963e-06
1.3213	-1.04346e-06
1.3214	-1.05103e-06
1.3215	-1.05703e-06
1.3216	-1.06441e-06
1.3217	-1.0692e-06
1.3218	-1.07489e-06
1.3219	-1.074e-06
1.322	-1.07848e-06
1.3221	-1.08298e-06
1.3222	-1.08653e-06
1.3223	-1.08988e-06
1.3224	-1.09311e-06
1.3225	-1.09457e-06
1.3226	-1.09648e-06
1.3227	-1.09855e-06
1.3228	-1.10453e-06
1.3229	-1.10506e-06
1.323	-1.10357e-06
1.3231	-1.10346e-06
1.3232	-1.10238e-06
1.3233	-1.10336e-06
1.3234	-1.1031e-06
1.3235	-1.10221e-06
1.3236	-1.10187e-06
1.3237	-1.10061e-06
1.3238	-1.09841e-06
1.3239	-1.09525e-06
1.324	-1.09168e-06
1.3241	-1.08689e-06
1.3242	-1.08314e-06
1.3243	-1.07957e-06
1.3244	-1.07566e-06
1.3245	-1.07338e-06
1.3246	-1.06973e-06
1.3247	-1.06675e-06
1.3248	-1.06248e-06
1.3249	-1.05996e-06
1.325	-1.05363e-06
1.3251	-1.0495e-06
1.3252	-1.04186e-06
1.3253	-1.03821e-06
1.3254	-1.03403e-06
1.3255	-1.02979e-06
1.3256	-1.02458e-06
1.3257	-1.01947e-06
1.3258	-1.01646e-06
1.3259	-1.01145e-06
1.326	-1.00458e-06
1.3261	-9.99056e-07
1.3262	-9.92218e-07
1.3263	-9.85973e-07
1.3264	-9.79431e-07
1.3265	-9.73633e-07
1.3266	-9.67799e-07
1.3267	-9.61873e-07
1.3268	-9.56253e-07
1.3269	-9.46469e-07
1.327	-9.38558e-07
1.3271	-9.31358e-07
1.3272	-9.24314e-07
1.3273	-9.17076e-07
1.3274	-9.12328e-07
1.3275	-9.03717e-07
1.3276	-8.95825e-07
1.3277	-8.87873e-07
1.3278	-8.79661e-07
1.3279	-8.70769e-07
1.328	-8.62003e-07
1.3281	-8.53175e-07
1.3282	-8.44949e-07
1.3283	-8.38278e-07
1.3284	-8.3277e-07
1.3285	-8.21236e-07
1.3286	-8.13198e-07
1.3287	-8.03477e-07
1.3288	-7.94986e-07
1.3289	-7.85381e-07
1.329	-7.76565e-07
1.3291	-7.70087e-07
1.3292	-7.61373e-07
1.3293	-7.51665e-07
1.3294	-7.41684e-07
1.3295	-7.33414e-07
1.3296	-7.23587e-07
1.3297	-7.13462e-07
1.3298	-7.02692e-07
1.3299	-6.93719e-07
1.33	-6.83024e-07
1.3301	-6.709e-07
1.3302	-6.60776e-07
1.3303	-6.53448e-07
1.3304	-6.42754e-07
1.3305	-6.33271e-07
1.3306	-6.23895e-07
1.3307	-6.13904e-07
1.3308	-6.03544e-07
1.3309	-5.93763e-07
1.331	-5.84743e-07
1.3311	-5.73174e-07
1.3312	-5.63083e-07
1.3313	-5.53388e-07
1.3314	-5.42815e-07
1.3315	-5.33374e-07
1.3316	-5.22914e-07
1.3317	-5.15042e-07
1.3318	-5.06491e-07
1.3319	-4.99292e-07
1.332	-4.88062e-07
1.3321	-4.78334e-07
1.3322	-4.66938e-07
1.3323	-4.56903e-07
1.3324	-4.47285e-07
1.3325	-4.35828e-07
1.3326	-4.25871e-07
1.3327	-4.16914e-07
1.3328	-4.07073e-07
1.3329	-3.94988e-07
1.333	-3.84218e-07
1.3331	-3.74747e-07
1.3332	-3.64313e-07
1.3333	-3.55692e-07
1.3334	-3.47951e-07
1.3335	-3.38279e-07
1.3336	-3.27954e-07
1.3337	-3.2082e-07
1.3338	-3.13226e-07
1.3339	-3.05353e-07
1.334	-2.94525e-07
1.3341	-2.89603e-07
1.3342	-2.87006e-07
1.3343	-2.79787e-07
1.3344	-2.6771e-07
1.3345	-2.61753e-07
1.3346	-2.52455e-07
1.3347	-2.42271e-07
1.3348	-2.37335e-07
1.3349	-2.31926e-07
1.335	-2.22974e-07
1.3351	-2.13766e-07
1.3352	-2.03282e-07
1.3353	-1.97763e-07
1.3354	-1.89669e-07
1.3355	-1.87943e-07
1.3356	-1.80448e-07
1.3357	-1.77361e-07
1.3358	-1.68459e-07
1.3359	-1.62636e-07
1.336	-1.58886e-07
1.3361	-1.5675e-07
1.3362	-1.518e-07
1.3363	-1.49393e-07
1.3364	-1.48278e-07
1.3365	-1.48865e-07
1.3366	-1.4715e-07
1.3367	-1.44672e-07
1.3368	-1.39601e-07
1.3369	-1.416e-07
1.337	-1.42122e-07
1.3371	-1.35873e-07
1.3372	-1.35484e-07
1.3373	-1.37121e-07
1.3374	-1.34503e-07
1.3375	-1.25407e-07
1.3376	-1.2484e-07
1.3377	-1.2573e-07
1.3378	-1.28624e-07
1.3379	-1.32072e-07
1.338	-1.2949e-07
1.3381	-1.3166e-07
1.3382	-1.35605e-07
1.3383	-1.42572e-07
1.3384	-1.47859e-07
1.3385	-1.50894e-07
1.3386	-1.48972e-07
1.3387	-1.53152e-07
1.3388	-1.57164e-07
1.3389	-1.60792e-07
1.339	-1.58104e-07
1.3391	-1.56083e-07
1.3392	-1.59799e-07
1.3393	-1.6576e-07
1.3394	-1.70785e-07
1.3395	-1.71597e-07
1.3396	-1.76315e-07
1.3397	-1.80583e-07
1.3398	-1.84707e-07
1.3399	-1.88293e-07
1.34	-1.94142e-07
1.3401	-1.98102e-07
1.3402	-1.99187e-07
1.3403	-2.10847e-07
1.3404	-2.17533e-07
1.3405	-2.23996e-07
1.3406	-2.30257e-07
1.3407	-2.35952e-07
1.3408	-2.40399e-07
1.3409	-2.44774e-07
1.341	-2.48348e-07
1.3411	-2.55632e-07
1.3412	-2.62693e-07
1.3413	-2.66383e-07
1.3414	-2.7456e-07
1.3415	-2.82556e-07
1.3416	-2.85635e-07
1.3417	-2.88493e-07
1.3418	-2.90191e-07
1.3419	-2.93466e-07
1.342	-3.04371e-07
1.3421	-3.14918e-07
1.3422	-3.24161e-07
1.3423	-3.32441e-07
1.3424	-3.4454e-07
1.3425	-3.52209e-07
1.3426	-3.61063e-07
1.3427	-3.68423e-07
1.3428	-3.72398e-07
1.3429	-3.84561e-07
1.343	-3.88405e-07
1.3431	-3.98983e-07
1.3432	-4.07589e-07
1.3433	-4.1123e-07
1.3434	-4.21206e-07
1.3435	-4.23256e-07
1.3436	-4.31728e-07
1.3437	-4.44923e-07
1.3438	-4.52798e-07
1.3439	-4.62758e-07
1.344	-4.65474e-07
1.3441	-4.71417e-07
1.3442	-4.75594e-07
1.3443	-4.82706e-07
1.3444	-4.96448e-07
1.3445	-5.00576e-07
1.3446	-5.05179e-07
1.3447	-5.14202e-07
1.3448	-5.19562e-07
1.3449	-5.29269e-07
1.345	-5.32718e-07
1.3451	-5.43857e-07
1.3452	-5.53684e-07
1.3453	-5.6228e-07
1.3454	-5.67241e-07
1.3455	-5.77382e-07
1.3456	-5.86387e-07
1.3457	-5.9261e-07
1.3458	-6.0064e-07
1.3459	-6.06993e-07
1.346	-6.16362e-07
1.3461	-6.25771e-07
1.3462	-6.30027e-07
1.3463	-6.33737e-07
1.3464	-6.41353e-07
1.3465	-6.49479e-07
1.3466	-6.53696e-07
1.3467	-6.65624e-07
1.3468	-6.71814e-07
1.3469	-6.79989e-07
1.347	-6.85332e-07
1.3471	-6.90589e-07
1.3472	-6.96537e-07
1.3473	-7.00479e-07
1.3474	-7.05407e-07
1.3475	-7.10265e-07
1.3476	-7.13994e-07
1.3477	-7.18594e-07
1.3478	-7.2319e-07
1.3479	-7.27134e-07
1.348	-7.31471e-07
1.3481	-7.36345e-07
1.3482	-7.3812e-07
1.3483	-7.41521e-07
1.3484	-7.45928e-07
1.3485	-7.48245e-07
1.3486	-7.50525e-07
1.3487	-7.52393e-07
1.3488	-7.53745e-07
1.3489	-7.54139e-07
1.349	-7.57668e-07
1.3491	-7.59305e-07
1.3492	-7.62519e-07
1.3493	-7.64327e-07
1.3494	-7.63933e-07
1.3495	-7.64626e-07
1.3496	-7.63698e-07
1.3497	-7.65054e-07
1.3498	-7.64375e-07
1.3499	-7.6549e-07
1.35	-7.64371e-07
1.3501	-7.62595e-07
1.3502	-7.6257e-07
1.3503	-7.61555e-07
1.3504	-7.59838e-07
1.3505	-7.57001e-07
1.3506	-7.5644e-07
1.3507	-7.53715e-07
1.3508	-7.51155e-07
1.3509	-7.46664e-07
1.351	-7.44384e-07
1.3511	-7.42784e-07
1.3512	-7.37594e-07
1.3513	-7.33552e-07
1.3514	-7.28678e-07
1.3515	-7.25378e-07
1.3516	-7.21893e-07
1.3517	-7.17676e-07
1.3518	-7.13388e-07
1.3519	-7.09008e-07
1.352	-7.04928e-07
1.3521	-7.00708e-07
1.3522	-6.96455e-07
1.3523	-6.91606e-07
1.3524	-6.86751e-07
1.3525	-6.80393e-07
1.3526	-6.76956e-07
1.3527	-6.72899e-07
1.3528	-6.68392e-07
1.3529	-6.63903e-07
1.353	-6.59483e-07
1.3531	-6.5405e-07
1.3532	-6.48854e-07
1.3533	-6.43994e-07
1.3534	-6.37881e-07
1.3535	-6.30401e-07
1.3536	-6.25231e-07
1.3537	-6.20558e-07
1.3538	-6.15591e-07
1.3539	-6.10273e-07
1.354	-6.0527e-07
1.3541	-6.01161e-07
1.3542	-5.95485e-07
1.3543	-5.88919e-07
1.3544	-5.83767e-07
1.3545	-5.80904e-07
1.3546	-5.76032e-07
1.3547	-5.72462e-07
1.3548	-5.66369e-07
1.3549	-5.61244e-07
1.355	-5.56602e-07
1.3551	-5.52884e-07
1.3552	-5.46408e-07
1.3553	-5.39763e-07
1.3554	-5.36189e-07
1.3555	-5.3136e-07
1.3556	-5.2529e-07
1.3557	-5.21515e-07
1.3558	-5.15551e-07
1.3559	-5.09783e-07
1.356	-5.04385e-07
1.3561	-4.99706e-07
1.3562	-4.92058e-07
1.3563	-4.88341e-07
1.3564	-4.8419e-07
1.3565	-4.7921e-07
1.3566	-4.73843e-07
1.3567	-4.67612e-07
1.3568	-4.64076e-07
1.3569	-4.5952e-07
1.357	-4.51621e-07
1.3571	-4.44683e-07
1.3572	-4.41968e-07
1.3573	-4.36375e-07
1.3574	-4.30543e-07
1.3575	-4.24437e-07
1.3576	-4.197e-07
1.3577	-4.13718e-07
1.3578	-4.07898e-07
1.3579	-4.01269e-07
1.358	-3.93727e-07
1.3581	-3.87767e-07
1.3582	-3.83881e-07
1.3583	-3.7732e-07
1.3584	-3.74122e-07
1.3585	-3.67441e-07
1.3586	-3.64384e-07
1.3587	-3.59301e-07
1.3588	-3.52552e-07
1.3589	-3.46025e-07
1.359	-3.43457e-07
1.3591	-3.38529e-07
1.3592	-3.33768e-07
1.3593	-3.28578e-07
1.3594	-3.228e-07
1.3595	-3.16596e-07
1.3596	-3.10593e-07
1.3597	-3.04535e-07
1.3598	-2.98464e-07
1.3599	-2.91909e-07
1.36	-2.86736e-07
1.3601	-2.80007e-07
1.3602	-2.76903e-07
1.3603	-2.70939e-07
1.3604	-2.64866e-07
1.3605	-2.58629e-07
1.3606	-2.53452e-07
1.3607	-2.47853e-07
1.3608	-2.41408e-07
1.3609	-2.3584e-07
1.361	-2.29945e-07
1.3611	-2.23725e-07
1.3612	-2.18057e-07
1.3613	-2.12491e-07
1.3614	-2.06442e-07
1.3615	-1.99773e-07
1.3616	-1.93346e-07
1.3617	-1.87519e-07
1.3618	-1.80767e-07
1.3619	-1.74197e-07
1.362	-1.67769e-07
1.3621	-1.61609e-07
1.3622	-1.55652e-07
1.3623	-1.4943e-07
1.3624	-1.42485e-07
1.3625	-1.35556e-07
1.3626	-1.28038e-07
1.3627	-1.2179e-07
1.3628	-1.2051e-07
1.3629	-1.14189e-07
1.363	-1.06795e-07
1.3631	-9.9474e-08
1.3632	-9.1269e-08
1.3633	-8.37845e-08
1.3634	-7.67693e-08
1.3635	-6.93915e-08
1.3636	-6.24702e-08
1.3637	-5.4852e-08
1.3638	-4.79864e-08
1.3639	-4.07374e-08
1.364	-3.27469e-08
1.3641	-2.38171e-08
1.3642	-1.58054e-08
1.3643	-7.17473e-09
1.3644	-1.7043e-09
1.3645	5.79718e-09
1.3646	1.32771e-08
1.3647	1.72992e-08
1.3648	2.14427e-08
1.3649	2.96172e-08
1.365	3.40952e-08
1.3651	4.12703e-08
1.3652	4.83713e-08
1.3653	5.21571e-08
1.3654	5.87736e-08
1.3655	6.46233e-08
1.3656	6.90207e-08
1.3657	7.70865e-08
1.3658	8.29325e-08
1.3659	8.99882e-08
1.366	9.75942e-08
1.3661	1.05374e-07
1.3662	1.09004e-07
1.3663	1.10361e-07
1.3664	1.17657e-07
1.3665	1.25531e-07
1.3666	1.32997e-07
1.3667	1.35499e-07
1.3668	1.44786e-07
1.3669	1.51912e-07
1.367	1.58664e-07
1.3671	1.65342e-07
1.3672	1.71863e-07
1.3673	1.732e-07
1.3674	1.83608e-07
1.3675	1.90636e-07
1.3676	1.96345e-07
1.3677	2.02636e-07
1.3678	2.09292e-07
1.3679	2.14694e-07
1.368	2.14873e-07
1.3681	2.14036e-07
1.3682	2.19748e-07
1.3683	2.29287e-07
1.3684	2.3547e-07
1.3685	2.44683e-07
1.3686	2.48243e-07
1.3687	2.56578e-07
1.3688	2.611e-07
1.3689	2.67756e-07
1.369	2.72876e-07
1.3691	2.77549e-07
1.3692	2.76583e-07
1.3693	2.85647e-07
1.3694	2.93566e-07
1.3695	2.92407e-07
1.3696	2.96621e-07
1.3697	3.05557e-07
1.3698	3.09031e-07
1.3699	3.1231e-07
1.37	3.1517e-07
1.3701	3.19662e-07
1.3702	3.2318e-07
1.3703	3.3204e-07
1.3704	3.35154e-07
1.3705	3.44105e-07
1.3706	3.53788e-07
1.3707	3.57271e-07
1.3708	3.59574e-07
1.3709	3.65578e-07
1.371	3.71879e-07
1.3711	3.73808e-07
1.3712	3.80064e-07
1.3713	3.87512e-07
1.3714	3.94716e-07
1.3715	3.92607e-07
1.3716	3.93317e-07
1.3717	3.93814e-07
1.3718	3.8809e-07
1.3719	3.88313e-07
1.372	3.86039e-07
1.3721	3.8723e-07
1.3722	3.86453e-07
1.3723	3.83631e-07
1.3724	3.81848e-07
1.3725	3.807e-07
1.3726	3.85574e-07
1.3727	3.83766e-07
1.3728	3.81345e-07
1.3729	3.8149e-07
1.373	3.75599e-07
1.3731	3.75372e-07
1.3732	3.79179e-07
1.3733	3.82825e-07
1.3734	3.85293e-07
1.3735	3.8684e-07
1.3736	3.88568e-07
1.3737	3.90873e-07
1.3738	3.93812e-07
1.3739	3.96078e-07
1.374	3.97936e-07
1.3741	3.99346e-07
1.3742	3.93372e-07
1.3743	3.93241e-07
1.3744	3.93048e-07
1.3745	3.91414e-07
1.3746	3.88895e-07
1.3747	3.80324e-07
1.3748	3.75651e-07
1.3749	3.64386e-07
1.375	3.56241e-07
1.3751	3.52164e-07
1.3752	3.48541e-07
1.3753	3.36119e-07
1.3754	3.32211e-07
1.3755	3.27914e-07
1.3756	3.24532e-07
1.3757	3.16978e-07
1.3758	3.10166e-07
1.3759	3.04645e-07
1.376	2.97554e-07
1.3761	2.89701e-07
1.3762	2.78742e-07
1.3763	2.70418e-07
1.3764	2.57307e-07
1.3765	2.47077e-07
1.3766	2.39852e-07
1.3767	2.30058e-07
1.3768	2.25825e-07
1.3769	2.15271e-07
1.377	2.02517e-07
1.3771	1.92892e-07
1.3772	1.79709e-07
1.3773	1.70739e-07
1.3774	1.55507e-07
1.3775	1.40508e-07
1.3776	1.25073e-07
1.3777	1.10187e-07
1.3778	9.49735e-08
1.3779	7.76637e-08
1.378	6.6769e-08
1.3781	5.28068e-08
1.3782	3.44627e-08
1.3783	1.75106e-08
1.3784	3.56485e-09
1.3785	-9.59029e-09
1.3786	-2.43983e-08
1.3787	-4.50651e-08
1.3788	-6.03804e-08
1.3789	-7.85568e-08
1.379	-9.36687e-08
1.3791	-1.15128e-07
1.3792	-1.34728e-07
1.3793	-1.55806e-07
1.3794	-1.70404e-07
1.3795	-1.91215e-07
1.3796	-2.12375e-07
1.3797	-2.32917e-07
1.3798	-2.49405e-07
1.3799	-2.71436e-07
1.38	-2.83118e-07
1.3801	-3.0729e-07
1.3802	-3.17753e-07
1.3803	-3.36071e-07
1.3804	-3.54464e-07
1.3805	-3.64362e-07
1.3806	-3.85873e-07
1.3807	-3.92106e-07
1.3808	-4.0355e-07
1.3809	-4.1389e-07
1.381	-4.32316e-07
1.3811	-4.49329e-07
1.3812	-4.6714e-07
1.3813	-4.82388e-07
1.3814	-4.93523e-07
1.3815	-5.09751e-07
1.3816	-5.31136e-07
1.3817	-5.47478e-07
1.3818	-5.62838e-07
1.3819	-5.75822e-07
1.382	-5.90735e-07
1.3821	-6.07315e-07
1.3822	-6.2176e-07
1.3823	-6.40278e-07
1.3824	-6.55216e-07
1.3825	-6.74798e-07
1.3826	-6.94204e-07
1.3827	-7.11544e-07
1.3828	-7.23613e-07
1.3829	-7.39693e-07
1.383	-7.55234e-07
1.3831	-7.63816e-07
1.3832	-7.73469e-07
1.3833	-7.8883e-07
1.3834	-8.03439e-07
1.3835	-8.13384e-07
1.3836	-8.24966e-07
1.3837	-8.35035e-07
1.3838	-8.42683e-07
1.3839	-8.56578e-07
1.384	-8.69873e-07
1.3841	-8.82656e-07
1.3842	-8.93942e-07
1.3843	-9.00399e-07
1.3844	-9.11704e-07
1.3845	-9.21902e-07
1.3846	-9.3041e-07
1.3847	-9.4019e-07
1.3848	-9.48725e-07
1.3849	-9.58015e-07
1.385	-9.66041e-07
1.3851	-9.73807e-07
1.3852	-9.81295e-07
1.3853	-9.83398e-07
1.3854	-9.91469e-07
1.3855	-9.96536e-07
1.3856	-9.96063e-07
1.3857	-1.00157e-06
1.3858	-1.00593e-06
1.3859	-1.00865e-06
1.386	-1.01198e-06
1.3861	-1.01882e-06
1.3862	-1.02203e-06
1.3863	-1.02421e-06
1.3864	-1.02569e-06
1.3865	-1.02721e-06
1.3866	-1.02873e-06
1.3867	-1.02895e-06
1.3868	-1.0292e-06
1.3869	-1.0292e-06
1.387	-1.02741e-06
1.3871	-1.02815e-06
1.3872	-1.02735e-06
1.3873	-1.02643e-06
1.3874	-1.0243e-06
1.3875	-1.02361e-06
1.3876	-1.02137e-06
1.3877	-1.0183e-06
1.3878	-1.01626e-06
1.3879	-1.01255e-06
1.388	-1.01031e-06
1.3881	-1.00668e-06
1.3882	-1.0031e-06
1.3883	-1.00033e-06
1.3884	-9.9683e-07
1.3885	-9.9291e-07
1.3886	-9.89548e-07
1.3887	-9.85696e-07
1.3888	-9.8259e-07
1.3889	-9.77144e-07
1.389	-9.7206e-07
1.3891	-9.67325e-07
1.3892	-9.63067e-07
1.3893	-9.59351e-07
1.3894	-9.54894e-07
1.3895	-9.49622e-07
1.3896	-9.47827e-07
1.3897	-9.42967e-07
1.3898	-9.36681e-07
1.3899	-9.30957e-07
1.39	-9.23206e-07
1.3901	-9.17748e-07
1.3902	-9.11726e-07
1.3903	-9.0577e-07
1.3904	-9.00135e-07
1.3905	-8.93486e-07
1.3906	-8.88037e-07
1.3907	-8.83139e-07
1.3908	-8.7448e-07
1.3909	-8.65857e-07
1.391	-8.5797e-07
1.3911	-8.5009e-07
1.3912	-8.43653e-07
1.3913	-8.36378e-07
1.3914	-8.27503e-07
1.3915	-8.1938e-07
1.3916	-8.11169e-07
1.3917	-8.03669e-07
1.3918	-7.95738e-07
1.3919	-7.86227e-07
1.392	-7.75885e-07
1.3921	-7.6839e-07
1.3922	-7.61466e-07
1.3923	-7.56221e-07
1.3924	-7.43892e-07
1.3925	-7.34565e-07
1.3926	-7.25638e-07
1.3927	-7.17437e-07
1.3928	-7.06851e-07
1.3929	-6.97951e-07
1.393	-6.88418e-07
1.3931	-6.77662e-07
1.3932	-6.68077e-07
1.3933	-6.62846e-07
1.3934	-6.53878e-07
1.3935	-6.44028e-07
1.3936	-6.3438e-07
1.3937	-6.24001e-07
1.3938	-6.136e-07
1.3939	-6.04434e-07
1.394	-5.96041e-07
1.3941	-5.86534e-07
1.3942	-5.77797e-07
1.3943	-5.6781e-07
1.3944	-5.57768e-07
1.3945	-5.47528e-07
1.3946	-5.374e-07
1.3947	-5.26991e-07
1.3948	-5.18036e-07
1.3949	-5.07021e-07
1.395	-4.99368e-07
1.3951	-4.87765e-07
1.3952	-4.79714e-07
1.3953	-4.68919e-07
1.3954	-4.57281e-07
1.3955	-4.46916e-07
1.3956	-4.37465e-07
1.3957	-4.26847e-07
1.3958	-4.2103e-07
1.3959	-4.13911e-07
1.396	-4.05542e-07
1.3961	-3.98536e-07
1.3962	-3.88064e-07
1.3963	-3.77338e-07
1.3964	-3.656e-07
1.3965	-3.548e-07
1.3966	-3.44548e-07
1.3967	-3.38497e-07
1.3968	-3.30865e-07
1.3969	-3.24186e-07
1.397	-3.14144e-07
1.3971	-3.0719e-07
1.3972	-3.00089e-07
1.3973	-2.88179e-07
1.3974	-2.76874e-07
1.3975	-2.67521e-07
1.3976	-2.60793e-07
1.3977	-2.5251e-07
1.3978	-2.46091e-07
1.3979	-2.40444e-07
1.398	-2.35265e-07
1.3981	-2.29496e-07
1.3982	-2.21364e-07
1.3983	-2.14674e-07
1.3984	-2.11159e-07
1.3985	-2.02049e-07
1.3986	-1.98804e-07
1.3987	-1.94766e-07
1.3988	-1.90975e-07
1.3989	-1.87939e-07
1.399	-1.7804e-07
1.3991	-1.72748e-07
1.3992	-1.72457e-07
1.3993	-1.6853e-07
1.3994	-1.61402e-07
1.3995	-1.5867e-07
1.3996	-1.54949e-07
1.3997	-1.50182e-07
1.3998	-1.46097e-07
1.3999	-1.43324e-07
1.4	-1.39607e-07
1.4001	-1.35691e-07
1.4002	-1.38601e-07
1.4003	-1.39996e-07
1.4004	-1.31643e-07
1.4005	-1.29041e-07
1.4006	-1.30485e-07
1.4007	-1.2988e-07
1.4008	-1.29141e-07
1.4009	-1.23953e-07
1.401	-1.2448e-07
1.4011	-1.19222e-07
1.4012	-1.13519e-07
1.4013	-1.08022e-07
1.4014	-1.08188e-07
1.4015	-1.04504e-07
1.4016	-1.01347e-07
1.4017	-1.049e-07
1.4018	-1.07067e-07
1.4019	-1.08226e-07
1.402	-1.13333e-07
1.4021	-1.1758e-07
1.4022	-1.2503e-07
1.4023	-1.21897e-07
1.4024	-1.25501e-07
1.4025	-1.2583e-07
1.4026	-1.29971e-07
1.4027	-1.34412e-07
1.4028	-1.34557e-07
1.4029	-1.31626e-07
1.403	-1.36471e-07
1.4031	-1.40641e-07
1.4032	-1.44679e-07
1.4033	-1.46155e-07
1.4034	-1.50422e-07
1.4035	-1.53123e-07
1.4036	-1.56166e-07
1.4037	-1.59432e-07
1.4038	-1.63063e-07
1.4039	-1.70314e-07
1.404	-1.70954e-07
1.4041	-1.80465e-07
1.4042	-1.84201e-07
1.4043	-1.91188e-07
1.4044	-1.99006e-07
1.4045	-2.05369e-07
1.4046	-2.08253e-07
1.4047	-2.11736e-07
1.4048	-2.20044e-07
1.4049	-2.27296e-07
1.405	-2.33841e-07
1.4051	-2.41262e-07
1.4052	-2.45915e-07
1.4053	-2.50014e-07
1.4054	-2.53099e-07
1.4055	-2.5674e-07
1.4056	-2.58675e-07
1.4057	-2.71648e-07
1.4058	-2.79358e-07
1.4059	-2.88264e-07
1.406	-2.97074e-07
1.4061	-3.0562e-07
1.4062	-3.1833e-07
1.4063	-3.20899e-07
1.4064	-3.30422e-07
1.4065	-3.4036e-07
1.4066	-3.48727e-07
1.4067	-3.57759e-07
1.4068	-3.65157e-07
1.4069	-3.76823e-07
1.407	-3.81587e-07
1.4071	-3.84481e-07
1.4072	-3.87945e-07
1.4073	-3.97338e-07
1.4074	-4.05924e-07
1.4075	-4.14986e-07
1.4076	-4.1874e-07
1.4077	-4.29716e-07
1.4078	-4.33577e-07
1.4079	-4.40799e-07
1.408	-4.4899e-07
1.4081	-4.52459e-07
1.4082	-4.66431e-07
1.4083	-4.75155e-07
1.4084	-4.78835e-07
1.4085	-4.92672e-07
1.4086	-5.08023e-07
1.4087	-5.13349e-07
1.4088	-5.21294e-07
1.4089	-5.31949e-07
1.409	-5.41791e-07
1.4091	-5.5149e-07
1.4092	-5.60091e-07
1.4093	-5.65085e-07
1.4094	-5.71454e-07
1.4095	-5.80527e-07
1.4096	-5.88872e-07
1.4097	-5.9424e-07
1.4098	-6.00865e-07
1.4099	-6.10785e-07
1.41	-6.19278e-07
1.4101	-6.25288e-07
1.4102	-6.3319e-07
1.4103	-6.41169e-07
1.4104	-6.48652e-07
1.4105	-6.56036e-07
1.4106	-6.65704e-07
1.4107	-6.76879e-07
1.4108	-6.83758e-07
1.4109	-6.91028e-07
1.411	-6.96558e-07
1.4111	-7.00946e-07
1.4112	-7.09333e-07
1.4113	-7.13698e-07
1.4114	-7.17245e-07
1.4115	-7.20811e-07
1.4116	-7.28866e-07
1.4117	-7.32054e-07
1.4118	-7.34684e-07
1.4119	-7.38095e-07
1.412	-7.41688e-07
1.4121	-7.4406e-07
1.4122	-7.48217e-07
1.4123	-7.49866e-07
1.4124	-7.50889e-07
1.4125	-7.52666e-07
1.4126	-7.55438e-07
1.4127	-7.56528e-07
1.4128	-7.58187e-07
1.4129	-7.60288e-07
1.413	-7.63234e-07
1.4131	-7.6338e-07
1.4132	-7.64088e-07
1.4133	-7.64393e-07
1.4134	-7.66304e-07
1.4135	-7.6718e-07
1.4136	-7.67393e-07
1.4137	-7.66318e-07
1.4138	-7.64347e-07
1.4139	-7.64151e-07
1.414	-7.64258e-07
1.4141	-7.63545e-07
1.4142	-7.62036e-07
1.4143	-7.59293e-07
1.4144	-7.57834e-07
1.4145	-7.55932e-07
1.4146	-7.53093e-07
1.4147	-7.49436e-07
1.4148	-7.47075e-07
1.4149	-7.43908e-07
1.415	-7.41534e-07
1.4151	-7.36258e-07
1.4152	-7.32438e-07
1.4153	-7.28637e-07
1.4154	-7.26845e-07
1.4155	-7.23155e-07
1.4156	-7.20192e-07
1.4157	-7.16251e-07
1.4158	-7.12799e-07
1.4159	-7.07961e-07
1.416	-7.04105e-07
1.4161	-7.00163e-07
1.4162	-6.93072e-07
1.4163	-6.88514e-07
1.4164	-6.84735e-07
1.4165	-6.80131e-07
1.4166	-6.75693e-07
1.4167	-6.71237e-07
1.4168	-6.65751e-07
1.4169	-6.59695e-07
1.417	-6.54677e-07
1.4171	-6.49354e-07
1.4172	-6.44076e-07
1.4173	-6.37486e-07
1.4174	-6.32646e-07
1.4175	-6.27152e-07
1.4176	-6.21679e-07
1.4177	-6.15714e-07
1.4178	-6.09922e-07
1.4179	-6.05569e-07
1.418	-5.99886e-07
1.4181	-5.91555e-07
1.4182	-5.86777e-07
1.4183	-5.81917e-07
1.4184	-5.7766e-07
1.4185	-5.72118e-07
1.4186	-5.68156e-07
1.4187	-5.64266e-07
1.4188	-5.60018e-07
1.4189	-5.54936e-07
1.419	-5.50089e-07
1.4191	-5.42121e-07
1.4192	-5.40435e-07
1.4193	-5.34945e-07
1.4194	-5.29922e-07
1.4195	-5.2517e-07
1.4196	-5.191e-07
1.4197	-5.13886e-07
1.4198	-5.07291e-07
1.4199	-5.04063e-07
1.42	-4.96284e-07
1.4201	-4.9133e-07
1.4202	-4.86129e-07
1.4203	-4.8224e-07
1.4204	-4.76894e-07
1.4205	-4.71133e-07
1.4206	-4.67407e-07
1.4207	-4.62182e-07
1.4208	-4.54413e-07
1.4209	-4.49259e-07
1.421	-4.47014e-07
1.4211	-4.41544e-07
1.4212	-4.35614e-07
1.4213	-4.30938e-07
1.4214	-4.25047e-07
1.4215	-4.2066e-07
1.4216	-4.14934e-07
1.4217	-4.09677e-07
1.4218	-4.05029e-07
1.4219	-4.00386e-07
1.422	-3.97253e-07
1.4221	-3.93075e-07
1.4222	-3.87016e-07
1.4223	-3.81214e-07
1.4224	-3.76674e-07
1.4225	-3.70918e-07
1.4226	-3.64847e-07
1.4227	-3.60617e-07
1.4228	-3.56793e-07
1.4229	-3.5061e-07
1.423	-3.45295e-07
1.4231	-3.40274e-07
1.4232	-3.35502e-07
1.4233	-3.29591e-07
1.4234	-3.23895e-07
1.4235	-3.17999e-07
1.4236	-3.12084e-07
1.4237	-3.07121e-07
1.4238	-3.01957e-07
1.4239	-2.95853e-07
1.424	-2.90583e-07
1.4241	-2.85169e-07
1.4242	-2.79455e-07
1.4243	-2.74139e-07
1.4244	-2.68367e-07
1.4245	-2.63386e-07
1.4246	-2.58244e-07
1.4247	-2.52916e-07
1.4248	-2.46155e-07
1.4249	-2.40719e-07
1.425	-2.34935e-07
1.4251	-2.27783e-07
1.4252	-2.21947e-07
1.4253	-2.16372e-07
1.4254	-2.10502e-07
1.4255	-2.03588e-07
1.4256	-1.97219e-07
1.4257	-1.90403e-07
1.4258	-1.8455e-07
1.4259	-1.79195e-07
1.426	-1.72109e-07
1.4261	-1.65458e-07
1.4262	-1.58717e-07
1.4263	-1.51068e-07
1.4264	-1.44911e-07
1.4265	-1.37758e-07
1.4266	-1.32385e-07
1.4267	-1.25334e-07
1.4268	-1.18989e-07
1.4269	-1.1254e-07
1.427	-1.04895e-07
1.4271	-9.94856e-08
1.4272	-9.1967e-08
1.4273	-8.69116e-08
1.4274	-8.00842e-08
1.4275	-7.26607e-08
1.4276	-6.55784e-08
1.4277	-5.81973e-08
1.4278	-5.04321e-08
1.4279	-4.33462e-08
1.428	-3.55687e-08
1.4281	-3.04367e-08
1.4282	-2.07272e-08
1.4283	-1.46757e-08
1.4284	-7.15666e-09
1.4285	-5.04151e-11
1.4286	7.93695e-09
1.4287	1.54194e-08
1.4288	2.29899e-08
1.4289	2.67854e-08
1.429	3.54634e-08
1.4291	4.36526e-08
1.4292	5.0938e-08
1.4293	5.79473e-08
1.4294	6.50696e-08
1.4295	7.43138e-08
1.4296	8.23501e-08
1.4297	8.86207e-08
1.4298	9.51789e-08
1.4299	1.02691e-07
1.43	1.104e-07
1.4301	1.17928e-07
1.4302	1.24554e-07
1.4303	1.31902e-07
1.4304	1.41083e-07
1.4305	1.50269e-07
1.4306	1.59891e-07
1.4307	1.6739e-07
1.4308	1.74416e-07
1.4309	1.81891e-07
1.431	1.91629e-07
1.4311	1.92968e-07
1.4312	1.93407e-07
1.4313	2.00943e-07
1.4314	2.04282e-07
1.4315	2.13484e-07
1.4316	2.21217e-07
1.4317	2.2701e-07
1.4318	2.32853e-07
1.4319	2.38789e-07
1.432	2.4847e-07
1.4321	2.58706e-07
1.4322	2.65226e-07
1.4323	2.72032e-07
1.4324	2.76698e-07
1.4325	2.811e-07
1.4326	2.90691e-07
1.4327	2.89529e-07
1.4328	2.94586e-07
1.4329	3.00422e-07
1.433	2.99117e-07
1.4331	3.08828e-07
1.4332	3.18335e-07
1.4333	3.27881e-07
1.4334	3.3044e-07
1.4335	3.3352e-07
1.4336	3.42285e-07
1.4337	3.46427e-07
1.4338	3.48483e-07
1.4339	3.5673e-07
1.434	3.52525e-07
1.4341	3.57047e-07
1.4342	3.65718e-07
1.4343	3.6727e-07
1.4344	3.69156e-07
1.4345	3.708e-07
1.4346	3.69979e-07
1.4347	3.71211e-07
1.4348	3.76405e-07
1.4349	3.77255e-07
1.435	3.78038e-07
1.4351	3.77232e-07
1.4352	3.83909e-07
1.4353	3.89196e-07
1.4354	3.83992e-07
1.4355	3.84363e-07
1.4356	3.84771e-07
1.4357	3.82698e-07
1.4358	3.81735e-07
1.4359	3.88637e-07
1.436	3.93561e-07
1.4361	3.98664e-07
1.4362	3.96827e-07
1.4363	3.95938e-07
1.4364	3.94215e-07
1.4365	3.91536e-07
1.4366	3.89943e-07
1.4367	3.87895e-07
1.4368	3.93699e-07
1.4369	3.95948e-07
1.437	3.902e-07
1.4371	3.88758e-07
1.4372	3.92012e-07
1.4373	3.88528e-07
1.4374	3.90661e-07
1.4375	3.85827e-07
1.4376	3.87627e-07
1.4377	3.88684e-07
1.4378	3.89421e-07
1.4379	3.92765e-07
1.438	3.88098e-07
1.4381	3.87818e-07
1.4382	3.87971e-07
1.4383	3.88277e-07
1.4384	3.8164e-07
1.4385	3.75288e-07
1.4386	3.67902e-07
1.4387	3.62878e-07
1.4388	3.57674e-07
1.4389	3.52865e-07
1.439	3.48877e-07
1.4391	3.4106e-07
1.4392	3.31769e-07
1.4393	3.24371e-07
1.4394	3.21301e-07
1.4395	3.1707e-07
1.4396	3.11516e-07
1.4397	3.06446e-07
1.4398	2.96864e-07
1.4399	2.89787e-07
1.44	2.81934e-07
1.4401	2.70592e-07
1.4402	2.62149e-07
1.4403	2.50171e-07
1.4404	2.39435e-07
1.4405	2.29505e-07
1.4406	2.19552e-07
1.4407	2.08402e-07
1.4408	1.98623e-07
1.4409	1.82362e-07
1.441	1.65975e-07
1.4411	1.54732e-07
1.4412	1.42775e-07
1.4413	1.31786e-07
1.4414	1.17944e-07
1.4415	1.05269e-07
1.4416	8.91293e-08
1.4417	7.55053e-08
1.4418	6.08172e-08
1.4419	5.26466e-08
1.442	3.637e-08
1.4421	2.20474e-08
1.4422	4.17623e-09
1.4423	-1.69715e-08
1.4424	-2.79841e-08
1.4425	-4.266e-08
1.4426	-5.75058e-08
1.4427	-7.393e-08
1.4428	-8.97557e-08
1.4429	-1.07088e-07
1.443	-1.18008e-07
1.4431	-1.38325e-07
1.4432	-1.53898e-07
1.4433	-1.74358e-07
1.4434	-1.94027e-07
1.4435	-2.1457e-07
1.4436	-2.3041e-07
1.4437	-2.46502e-07
1.4438	-2.69248e-07
1.4439	-2.85815e-07
1.444	-3.02673e-07
1.4441	-3.15029e-07
1.4442	-3.33247e-07
1.4443	-3.45246e-07
1.4444	-3.57387e-07
1.4445	-3.7641e-07
1.4446	-3.98502e-07
1.4447	-4.07979e-07
1.4448	-4.16657e-07
1.4449	-4.34596e-07
1.445	-4.50651e-07
1.4451	-4.66551e-07
1.4452	-4.83462e-07
1.4453	-5.05678e-07
1.4454	-5.28513e-07
1.4455	-5.44563e-07
1.4456	-5.54726e-07
1.4457	-5.75995e-07
1.4458	-5.85224e-07
1.4459	-6.06401e-07
1.446	-6.27407e-07
1.4461	-6.42412e-07
1.4462	-6.62583e-07
1.4463	-6.83126e-07
1.4464	-6.98608e-07
1.4465	-7.16182e-07
1.4466	-7.3002e-07
1.4467	-7.47535e-07
1.4468	-7.60731e-07
1.4469	-7.72985e-07
1.447	-7.83085e-07
1.4471	-7.98664e-07
1.4472	-8.14643e-07
1.4473	-8.29463e-07
1.4474	-8.39763e-07
1.4475	-8.5407e-07
1.4476	-8.62746e-07
1.4477	-8.76599e-07
1.4478	-8.90943e-07
1.4479	-9.07092e-07
1.448	-9.19135e-07
1.4481	-9.33124e-07
1.4482	-9.45225e-07
1.4483	-9.55962e-07
1.4484	-9.62329e-07
1.4485	-9.72682e-07
1.4486	-9.83081e-07
1.4487	-9.91552e-07
1.4488	-1.00154e-06
1.4489	-1.01002e-06
1.449	-1.0174e-06
1.4491	-1.0208e-06
1.4492	-1.02752e-06
1.4493	-1.03472e-06
1.4494	-1.03912e-06
1.4495	-1.04412e-06
1.4496	-1.04404e-06
1.4497	-1.04756e-06
1.4498	-1.05149e-06
1.4499	-1.05978e-06
1.45	-1.06261e-06
1.4501	-1.06565e-06
1.4502	-1.06691e-06
1.4503	-1.0692e-06
1.4504	-1.06761e-06
1.4505	-1.06909e-06
1.4506	-1.07016e-06
1.4507	-1.07144e-06
1.4508	-1.07227e-06
1.4509	-1.06996e-06
1.451	-1.06946e-06
1.4511	-1.06816e-06
1.4512	-1.06831e-06
1.4513	-1.06784e-06
1.4514	-1.06706e-06
1.4515	-1.06512e-06
1.4516	-1.06609e-06
1.4517	-1.06291e-06
1.4518	-1.05635e-06
1.4519	-1.05434e-06
1.452	-1.05118e-06
1.4521	-1.04836e-06
1.4522	-1.04515e-06
1.4523	-1.04153e-06
1.4524	-1.03744e-06
1.4525	-1.03361e-06
1.4526	-1.02996e-06
1.4527	-1.02763e-06
1.4528	-1.0219e-06
1.4529	-1.01371e-06
1.453	-1.00963e-06
1.4531	-1.00529e-06
1.4532	-1.00163e-06
1.4533	-1.00071e-06
1.4534	-9.959e-07
1.4535	-9.90767e-07
1.4536	-9.8571e-07
1.4537	-9.79819e-07
1.4538	-9.73547e-07
1.4539	-9.67987e-07
1.454	-9.6172e-07
1.4541	-9.55617e-07
1.4542	-9.49788e-07
1.4543	-9.4391e-07
1.4544	-9.3788e-07
1.4545	-9.32723e-07
1.4546	-9.28031e-07
1.4547	-9.18064e-07
1.4548	-9.10905e-07
1.4549	-9.03443e-07
1.455	-8.95962e-07
1.4551	-8.88417e-07
1.4552	-8.80589e-07
1.4553	-8.72865e-07
1.4554	-8.64594e-07
1.4555	-8.56172e-07
1.4556	-8.49601e-07
1.4557	-8.40129e-07
1.4558	-8.31014e-07
1.4559	-8.23184e-07
1.456	-8.15643e-07
1.4561	-8.08153e-07
1.4562	-8.01192e-07
1.4563	-7.90415e-07
1.4564	-7.82707e-07
1.4565	-7.74458e-07
1.4566	-7.65209e-07
1.4567	-7.54988e-07
1.4568	-7.46093e-07
1.4569	-7.385e-07
1.457	-7.29404e-07
1.4571	-7.18785e-07
1.4572	-7.09906e-07
1.4573	-7.00011e-07
1.4574	-6.91214e-07
1.4575	-6.80461e-07
1.4576	-6.70358e-07
1.4577	-6.57896e-07
1.4578	-6.48137e-07
1.4579	-6.39339e-07
1.458	-6.31278e-07
1.4581	-6.21881e-07
1.4582	-6.11648e-07
1.4583	-6.01572e-07
1.4584	-5.90226e-07
1.4585	-5.78778e-07
1.4586	-5.6834e-07
1.4587	-5.5495e-07
1.4588	-5.44936e-07
1.4589	-5.35541e-07
1.459	-5.26779e-07
1.4591	-5.17845e-07
1.4592	-5.07554e-07
1.4593	-4.98157e-07
1.4594	-4.9047e-07
1.4595	-4.816e-07
1.4596	-4.73271e-07
1.4597	-4.63944e-07
1.4598	-4.53859e-07
1.4599	-4.43158e-07
1.46	-4.31771e-07
1.4601	-4.23204e-07
1.4602	-4.12155e-07
1.4603	-4.03193e-07
1.4604	-3.93286e-07
1.4605	-3.8145e-07
1.4606	-3.69966e-07
1.4607	-3.63483e-07
1.4608	-3.52416e-07
1.4609	-3.41248e-07
1.461	-3.28952e-07
1.4611	-3.17217e-07
1.4612	-3.0759e-07
1.4613	-2.97488e-07
1.4614	-2.9127e-07
1.4615	-2.85101e-07
1.4616	-2.73651e-07
1.4617	-2.70786e-07
1.4618	-2.60334e-07
1.4619	-2.54708e-07
1.462	-2.45229e-07
1.4621	-2.38161e-07
1.4622	-2.29388e-07
1.4623	-2.19847e-07
1.4624	-2.10741e-07
1.4625	-2.06566e-07
1.4626	-1.97484e-07
1.4627	-1.93705e-07
1.4628	-1.90278e-07
1.4629	-1.78862e-07
1.463	-1.76344e-07
1.4631	-1.68608e-07
1.4632	-1.70325e-07
1.4633	-1.64418e-07
1.4634	-1.61786e-07
1.4635	-1.57624e-07
1.4636	-1.52949e-07
1.4637	-1.49635e-07
1.4638	-1.46663e-07
1.4639	-1.4825e-07
1.464	-1.40184e-07
1.4641	-1.38618e-07
1.4642	-1.44525e-07
1.4643	-1.42595e-07
1.4644	-1.45221e-07
1.4645	-1.4056e-07
1.4646	-1.40265e-07
1.4647	-1.3509e-07
1.4648	-1.29295e-07
1.4649	-1.31351e-07
1.465	-1.2674e-07
1.4651	-1.21736e-07
1.4652	-1.20845e-07
1.4653	-1.22042e-07
1.4654	-1.1809e-07
1.4655	-1.21585e-07
1.4656	-1.22548e-07
1.4657	-1.25805e-07
1.4658	-1.27853e-07
1.4659	-1.31469e-07
1.466	-1.37333e-07
1.4661	-1.44887e-07
1.4662	-1.48094e-07
1.4663	-1.51393e-07
1.4664	-1.55764e-07
1.4665	-1.59387e-07
1.4666	-1.65017e-07
1.4667	-1.61737e-07
1.4668	-1.62683e-07
1.4669	-1.66804e-07
1.467	-1.72204e-07
1.4671	-1.75067e-07
1.4672	-1.8063e-07
1.4673	-1.86073e-07
1.4674	-1.90955e-07
1.4675	-1.96981e-07
1.4676	-2.03065e-07
1.4677	-2.09516e-07
1.4678	-2.12354e-07
1.4679	-2.15094e-07
1.468	-2.25213e-07
1.4681	-2.30559e-07
1.4682	-2.34755e-07
1.4683	-2.42172e-07
1.4684	-2.46857e-07
1.4685	-2.50653e-07
1.4686	-2.55084e-07
1.4687	-2.64341e-07
1.4688	-2.69516e-07
1.4689	-2.762e-07
1.469	-2.84107e-07
1.4691	-2.92348e-07
1.4692	-3.00892e-07
1.4693	-3.05169e-07
1.4694	-3.07745e-07
1.4695	-3.11265e-07
1.4696	-3.21419e-07
1.4697	-3.26268e-07
1.4698	-3.31177e-07
1.4699	-3.41574e-07
1.47	-3.49996e-07
1.4701	-3.54949e-07
1.4702	-3.60518e-07
1.4703	-3.67326e-07
1.4704	-3.75026e-07
1.4705	-3.8384e-07
1.4706	-3.93832e-07
1.4707	-4.04813e-07
1.4708	-4.13167e-07
1.4709	-4.2512e-07
1.471	-4.36553e-07
1.4711	-4.38948e-07
1.4712	-4.47563e-07
1.4713	-4.56044e-07
1.4714	-4.63889e-07
1.4715	-4.7351e-07
1.4716	-4.82677e-07
1.4717	-4.85262e-07
1.4718	-4.93343e-07
1.4719	-5.01709e-07
1.472	-5.09867e-07
1.4721	-5.17658e-07
1.4722	-5.26652e-07
1.4723	-5.35471e-07
1.4724	-5.43555e-07
1.4725	-5.52059e-07
1.4726	-5.6093e-07
1.4727	-5.65627e-07
1.4728	-5.76627e-07
1.4729	-5.85549e-07
1.473	-5.94476e-07
1.4731	-5.98748e-07
1.4732	-6.08323e-07
1.4733	-6.13745e-07
1.4734	-6.22284e-07
1.4735	-6.3119e-07
1.4736	-6.40347e-07
1.4737	-6.49077e-07
1.4738	-6.57446e-07
1.4739	-6.65542e-07
1.474	-6.73643e-07
1.4741	-6.78905e-07
1.4742	-6.83345e-07
1.4743	-6.90399e-07
1.4744	-6.99851e-07
1.4745	-7.07182e-07
1.4746	-7.13883e-07
1.4747	-7.20285e-07
1.4748	-7.24618e-07
1.4749	-7.29716e-07
1.475	-7.3345e-07
1.4751	-7.39233e-07
1.4752	-7.40222e-07
1.4753	-7.44894e-07
1.4754	-7.49281e-07
1.4755	-7.56575e-07
1.4756	-7.59693e-07
1.4757	-7.63212e-07
1.4758	-7.66893e-07
1.4759	-7.68736e-07
1.476	-7.73167e-07
1.4761	-7.76677e-07
1.4762	-7.76943e-07
1.4763	-7.82468e-07
1.4764	-7.83831e-07
1.4765	-7.84987e-07
1.4766	-7.86182e-07
1.4767	-7.87555e-07
1.4768	-7.89099e-07
1.4769	-7.92953e-07
1.477	-7.95217e-07
1.4771	-7.9616e-07
1.4772	-7.9624e-07
1.4773	-7.95767e-07
1.4774	-7.95709e-07
1.4775	-7.95014e-07
1.4776	-7.94703e-07
1.4777	-7.92785e-07
1.4778	-7.9129e-07
1.4779	-7.90401e-07
1.478	-7.88067e-07
1.4781	-7.86731e-07
1.4782	-7.85691e-07
1.4783	-7.83881e-07
1.4784	-7.81529e-07
1.4785	-7.78993e-07
1.4786	-7.75101e-07
1.4787	-7.72501e-07
1.4788	-7.71146e-07
1.4789	-7.64888e-07
1.479	-7.61246e-07
1.4791	-7.57675e-07
1.4792	-7.54809e-07
1.4793	-7.50703e-07
1.4794	-7.47428e-07
1.4795	-7.43569e-07
1.4796	-7.39494e-07
1.4797	-7.35328e-07
1.4798	-7.30877e-07
1.4799	-7.26928e-07
1.48	-7.22845e-07
1.4801	-7.18021e-07
1.4802	-7.12859e-07
1.4803	-7.09297e-07
1.4804	-7.05606e-07
1.4805	-7.00415e-07
1.4806	-6.95643e-07
1.4807	-6.90143e-07
1.4808	-6.84346e-07
1.4809	-6.79886e-07
1.481	-6.74915e-07
1.4811	-6.67159e-07
1.4812	-6.61968e-07
1.4813	-6.56395e-07
1.4814	-6.52116e-07
1.4815	-6.46692e-07
1.4816	-6.41078e-07
1.4817	-6.357e-07
1.4818	-6.30273e-07
1.4819	-6.25829e-07
1.482	-6.1835e-07
1.4821	-6.13816e-07
1.4822	-6.08775e-07
1.4823	-6.02609e-07
1.4824	-5.98676e-07
1.4825	-5.95279e-07
1.4826	-5.89829e-07
1.4827	-5.83974e-07
1.4828	-5.7864e-07
1.4829	-5.72065e-07
1.483	-5.65836e-07
1.4831	-5.62511e-07
1.4832	-5.57451e-07
1.4833	-5.5205e-07
1.4834	-5.46939e-07
1.4835	-5.40407e-07
1.4836	-5.36247e-07
1.4837	-5.3013e-07
1.4838	-5.25617e-07
1.4839	-5.20279e-07
1.484	-5.15026e-07
1.4841	-5.10632e-07
1.4842	-5.04366e-07
1.4843	-4.98781e-07
1.4844	-4.95014e-07
1.4845	-4.89524e-07
1.4846	-4.84153e-07
1.4847	-4.77062e-07
1.4848	-4.71452e-07
1.4849	-4.68493e-07
1.485	-4.6249e-07
1.4851	-4.55882e-07
1.4852	-4.49909e-07
1.4853	-4.45427e-07
1.4854	-4.38935e-07
1.4855	-4.32937e-07
1.4856	-4.27548e-07
1.4857	-4.21531e-07
1.4858	-4.15639e-07
1.4859	-4.1041e-07
1.486	-4.0416e-07
1.4861	-4.00087e-07
1.4862	-3.95562e-07
1.4863	-3.91127e-07
1.4864	-3.85904e-07
1.4865	-3.79141e-07
1.4866	-3.74506e-07
1.4867	-3.7077e-07
1.4868	-3.65218e-07
1.4869	-3.6043e-07
1.487	-3.54741e-07
1.4871	-3.49656e-07
1.4872	-3.4402e-07
1.4873	-3.39276e-07
1.4874	-3.33026e-07
1.4875	-3.24931e-07
1.4876	-3.20319e-07
1.4877	-3.15242e-07
1.4878	-3.12603e-07
1.4879	-3.06779e-07
1.488	-3.01895e-07
1.4881	-2.96631e-07
1.4882	-2.91623e-07
1.4883	-2.85695e-07
1.4884	-2.79868e-07
1.4885	-2.74204e-07
1.4886	-2.67666e-07
1.4887	-2.60517e-07
1.4888	-2.5571e-07
1.4889	-2.50949e-07
1.489	-2.44419e-07
1.4891	-2.3783e-07
1.4892	-2.31819e-07
1.4893	-2.27045e-07
1.4894	-2.20039e-07
1.4895	-2.1534e-07
1.4896	-2.0786e-07
1.4897	-2.00507e-07
1.4898	-1.93475e-07
1.4899	-1.87648e-07
1.49	-1.81433e-07
1.4901	-1.75573e-07
1.4902	-1.6945e-07
1.4903	-1.62769e-07
1.4904	-1.56395e-07
1.4905	-1.50434e-07
1.4906	-1.42857e-07
1.4907	-1.35266e-07
1.4908	-1.28659e-07
1.4909	-1.21476e-07
1.491	-1.14599e-07
1.4911	-1.07235e-07
1.4912	-9.95614e-08
1.4913	-9.27063e-08
1.4914	-8.80883e-08
1.4915	-8.01836e-08
1.4916	-7.21454e-08
1.4917	-6.36319e-08
1.4918	-5.63245e-08
1.4919	-4.99985e-08
1.492	-4.55601e-08
1.4921	-3.75592e-08
1.4922	-2.99444e-08
1.4923	-2.19667e-08
1.4924	-1.44198e-08
1.4925	-6.68602e-09
1.4926	-2.82856e-09
1.4927	3.93523e-09
1.4928	1.23807e-08
1.4929	2.01832e-08
1.493	2.87109e-08
1.4931	3.32239e-08
1.4932	3.97873e-08
1.4933	4.79282e-08
1.4934	5.43469e-08
1.4935	6.31666e-08
1.4936	6.68324e-08
1.4937	7.39824e-08
1.4938	7.74708e-08
1.4939	8.51327e-08
1.494	9.22556e-08
1.4941	1.00341e-07
1.4942	1.09035e-07
1.4943	1.10977e-07
1.4944	1.13106e-07
1.4945	1.15182e-07
1.4946	1.16582e-07
1.4947	1.27618e-07
1.4948	1.35248e-07
1.4949	1.424e-07
1.495	1.44427e-07
1.4951	1.51345e-07
1.4952	1.57833e-07
1.4953	1.63272e-07
1.4954	1.69332e-07
1.4955	1.6961e-07
1.4956	1.75124e-07
1.4957	1.75335e-07
1.4958	1.80377e-07
1.4959	1.8989e-07
1.496	1.91134e-07
1.4961	1.96029e-07
1.4962	2.03488e-07
1.4963	2.07766e-07
1.4964	2.16258e-07
1.4965	2.15444e-07
1.4966	2.20613e-07
1.4967	2.256e-07
1.4968	2.25055e-07
1.4969	2.30691e-07
1.497	2.39289e-07
1.4971	2.43317e-07
1.4972	2.4253e-07
1.4973	2.46051e-07
1.4974	2.48558e-07
1.4975	2.53049e-07
1.4976	2.50487e-07
1.4977	2.53181e-07
1.4978	2.61514e-07
1.4979	2.70185e-07
1.498	2.72812e-07
1.4981	2.75509e-07
1.4982	2.85042e-07
1.4983	2.86654e-07
1.4984	2.8784e-07
1.4985	2.84897e-07
1.4986	2.89473e-07
1.4987	2.89567e-07
1.4988	2.88736e-07
1.4989	2.89348e-07
1.499	2.95585e-07
1.4991	2.95152e-07
1.4992	2.94571e-07
1.4993	3.01612e-07
1.4994	3.00908e-07
1.4995	3.00129e-07
1.4996	2.98443e-07
1.4997	3.04203e-07
1.4998	3.03992e-07
1.4999	2.98259e-07
1.5	3.03729e-07
1.5001	3.09084e-07
1.5002	3.06518e-07
1.5003	3.04973e-07
1.5004	3.0849e-07
1.5005	3.15101e-07
1.5006	3.19877e-07
1.5007	3.21491e-07
1.5008	3.24185e-07
1.5009	3.27986e-07
1.501	3.29234e-07
1.5011	3.29544e-07
1.5012	3.19872e-07
1.5013	3.21865e-07
1.5014	3.23997e-07
1.5015	3.19216e-07
1.5016	3.19184e-07
1.5017	3.18067e-07
1.5018	3.11142e-07
1.5019	3.09146e-07
1.502	3.08134e-07
1.5021	3.01554e-07
1.5022	2.93569e-07
1.5023	2.85467e-07
1.5024	2.79606e-07
1.5025	2.73053e-07
1.5026	2.61568e-07
1.5027	2.57128e-07
1.5028	2.49761e-07
1.5029	2.44887e-07
1.503	2.37986e-07
1.5031	2.30773e-07
1.5032	2.22392e-07
1.5033	2.121e-07
1.5034	2.04014e-07
1.5035	1.98201e-07
1.5036	1.88013e-07
1.5037	1.79854e-07
1.5038	1.71454e-07
1.5039	1.60409e-07
1.504	1.46755e-07
1.5041	1.35812e-07
1.5042	1.26609e-07
1.5043	1.13912e-07
1.5044	1.02702e-07
1.5045	9.17932e-08
1.5046	7.98428e-08
1.5047	6.43581e-08
1.5048	5.30019e-08
1.5049	4.04915e-08
1.505	2.64785e-08
1.5051	1.74977e-08
1.5052	2.0365e-09
1.5053	-1.19529e-08
1.5054	-2.75672e-08
1.5055	-4.16602e-08
1.5056	-5.852e-08
1.5057	-6.70202e-08
1.5058	-8.47092e-08
1.5059	-1.01119e-07
1.506	-1.14151e-07
1.5061	-1.26711e-07
1.5062	-1.32801e-07
1.5063	-1.5095e-07
1.5064	-1.67825e-07
1.5065	-1.82489e-07
1.5066	-2.00935e-07
1.5067	-2.21894e-07
1.5068	-2.42152e-07
1.5069	-2.57014e-07
1.507	-2.72401e-07
1.5071	-2.9376e-07
1.5072	-3.14729e-07
1.5073	-3.35921e-07
1.5074	-3.53635e-07
1.5075	-3.70289e-07
1.5076	-3.77461e-07
1.5077	-3.94901e-07
1.5078	-4.06005e-07
1.5079	-4.25306e-07
1.508	-4.4741e-07
1.5081	-4.5815e-07
1.5082	-4.75339e-07
1.5083	-4.93285e-07
1.5084	-5.11327e-07
1.5085	-5.23515e-07
1.5086	-5.42069e-07
1.5087	-5.66459e-07
1.5088	-5.84945e-07
1.5089	-5.95369e-07
1.509	-6.1283e-07
1.5091	-6.35287e-07
1.5092	-6.58813e-07
1.5093	-6.75933e-07
1.5094	-6.86269e-07
1.5095	-7.01479e-07
1.5096	-7.18115e-07
1.5097	-7.39406e-07
1.5098	-7.5426e-07
1.5099	-7.70179e-07
1.51	-7.84921e-07
1.5101	-8.02312e-07
1.5102	-8.21931e-07
1.5103	-8.34109e-07
1.5104	-8.46281e-07
1.5105	-8.58285e-07
1.5106	-8.70304e-07
1.5107	-8.86523e-07
1.5108	-9.00577e-07
1.5109	-9.10143e-07
1.511	-9.21055e-07
1.5111	-9.36571e-07
1.5112	-9.50404e-07
1.5113	-9.62297e-07
1.5114	-9.74724e-07
1.5115	-9.8815e-07
1.5116	-1.00164e-06
1.5117	-1.01432e-06
1.5118	-1.02564e-06
1.5119	-1.03614e-06
1.512	-1.04725e-06
1.5121	-1.05885e-06
1.5122	-1.06702e-06
1.5123	-1.07717e-06
1.5124	-1.08561e-06
1.5125	-1.09482e-06
1.5126	-1.10055e-06
1.5127	-1.10804e-06
1.5128	-1.11584e-06
1.5129	-1.1238e-06
1.513	-1.1306e-06
1.5131	-1.13579e-06
1.5132	-1.13727e-06
1.5133	-1.14228e-06
1.5134	-1.14678e-06
1.5135	-1.15017e-06
1.5136	-1.15484e-06
1.5137	-1.15808e-06
1.5138	-1.16075e-06
1.5139	-1.16379e-06
1.514	-1.16625e-06
1.5141	-1.16327e-06
1.5142	-1.16411e-06
1.5143	-1.16526e-06
1.5144	-1.16568e-06
1.5145	-1.16512e-06
1.5146	-1.16588e-06
1.5147	-1.16378e-06
1.5148	-1.15817e-06
1.5149	-1.15587e-06
1.515	-1.15557e-06
1.5151	-1.15769e-06
1.5152	-1.15561e-06
1.5153	-1.15364e-06
1.5154	-1.15172e-06
1.5155	-1.14903e-06
1.5156	-1.14313e-06
1.5157	-1.1373e-06
1.5158	-1.1347e-06
1.5159	-1.12963e-06
1.516	-1.12621e-06
1.5161	-1.12263e-06
1.5162	-1.11835e-06
1.5163	-1.11472e-06
1.5164	-1.11146e-06
1.5165	-1.11045e-06
1.5166	-1.10279e-06
1.5167	-1.09841e-06
1.5168	-1.09439e-06
1.5169	-1.0897e-06
1.517	-1.08575e-06
1.5171	-1.08131e-06
1.5172	-1.07719e-06
1.5173	-1.07185e-06
1.5174	-1.06615e-06
1.5175	-1.05955e-06
1.5176	-1.05518e-06
1.5177	-1.04792e-06
1.5178	-1.0422e-06
1.5179	-1.03594e-06
1.518	-1.0301e-06
1.5181	-1.02381e-06
1.5182	-1.01669e-06
1.5183	-1.01241e-06
1.5184	-1.00731e-06
1.5185	-9.96056e-07
1.5186	-9.87887e-07
1.5187	-9.80789e-07
1.5188	-9.73276e-07
1.5189	-9.65606e-07
1.519	-9.57142e-07
1.5191	-9.49155e-07
1.5192	-9.41258e-07
1.5193	-9.34006e-07
1.5194	-9.24775e-07
1.5195	-9.16735e-07
1.5196	-9.07256e-07
1.5197	-8.98566e-07
1.5198	-8.90264e-07
1.5199	-8.83729e-07
1.52	-8.78025e-07
1.5201	-8.66048e-07
1.5202	-8.56931e-07
1.5203	-8.49363e-07
1.5204	-8.3869e-07
1.5205	-8.29042e-07
1.5206	-8.19116e-07
1.5207	-8.09344e-07
1.5208	-7.9938e-07
1.5209	-7.89651e-07
1.521	-7.80082e-07
1.5211	-7.70699e-07
1.5212	-7.61401e-07
1.5213	-7.51347e-07
1.5214	-7.40674e-07
1.5215	-7.31379e-07
1.5216	-7.22934e-07
1.5217	-7.19936e-07
1.5218	-7.1172e-07
1.5219	-7.02342e-07
1.522	-6.92603e-07
1.5221	-6.85328e-07
1.5222	-6.7428e-07
1.5223	-6.63085e-07
1.5224	-6.52332e-07
1.5225	-6.41821e-07
1.5226	-6.31278e-07
1.5227	-6.21606e-07
1.5228	-6.11563e-07
1.5229	-5.9959e-07
1.523	-5.8791e-07
1.5231	-5.78131e-07
1.5232	-5.68395e-07
1.5233	-5.58716e-07
1.5234	-5.51717e-07
1.5235	-5.41726e-07
1.5236	-5.32413e-07
1.5237	-5.22497e-07
1.5238	-5.13607e-07
1.5239	-5.07996e-07
1.524	-4.95663e-07
1.5241	-4.8434e-07
1.5242	-4.76109e-07
1.5243	-4.65373e-07
1.5244	-4.55739e-07
1.5245	-4.48571e-07
1.5246	-4.38445e-07
1.5247	-4.30893e-07
1.5248	-4.20524e-07
1.5249	-4.09841e-07
1.525	-4.02487e-07
1.5251	-3.95424e-07
1.5252	-3.88446e-07
1.5253	-3.80351e-07
1.5254	-3.76037e-07
1.5255	-3.69267e-07
1.5256	-3.6226e-07
1.5257	-3.54151e-07
1.5258	-3.48163e-07
1.5259	-3.42669e-07
1.526	-3.3891e-07
1.5261	-3.29668e-07
1.5262	-3.2463e-07
1.5263	-3.18781e-07
1.5264	-3.13182e-07
1.5265	-3.07934e-07
1.5266	-3.03697e-07
1.5267	-2.94686e-07
1.5268	-2.90806e-07
1.5269	-2.86874e-07
1.527	-2.80092e-07
1.5271	-2.7157e-07
1.5272	-2.71446e-07
1.5273	-2.65222e-07
1.5274	-2.61844e-07
1.5275	-2.58684e-07
1.5276	-2.59828e-07
1.5277	-2.56618e-07
1.5278	-2.53169e-07
1.5279	-2.54758e-07
1.528	-2.48761e-07
1.5281	-2.46088e-07
1.5282	-2.50968e-07
1.5283	-2.50975e-07
1.5284	-2.50082e-07
1.5285	-2.49946e-07
1.5286	-2.44083e-07
1.5287	-2.45946e-07
1.5288	-2.40961e-07
1.5289	-2.3984e-07
1.529	-2.39978e-07
1.5291	-2.40038e-07
1.5292	-2.40742e-07
1.5293	-2.43949e-07
1.5294	-2.40701e-07
1.5295	-2.41699e-07
1.5296	-2.41636e-07
1.5297	-2.38917e-07
1.5298	-2.43225e-07
1.5299	-2.50397e-07
1.53	-2.54113e-07
1.5301	-2.58544e-07
1.5302	-2.57364e-07
1.5303	-2.61544e-07
1.5304	-2.64438e-07
1.5305	-2.61788e-07
1.5306	-2.64642e-07
1.5307	-2.68155e-07
1.5308	-2.73405e-07
1.5309	-2.74377e-07
1.531	-2.75965e-07
1.5311	-2.82053e-07
1.5312	-2.88279e-07
1.5313	-2.9231e-07
1.5314	-2.95608e-07
1.5315	-3.01866e-07
1.5316	-3.04966e-07
1.5317	-3.08434e-07
1.5318	-3.17445e-07
1.5319	-3.22546e-07
1.532	-3.28267e-07
1.5321	-3.34142e-07
1.5322	-3.35982e-07
1.5323	-3.39593e-07
1.5324	-3.4561e-07
1.5325	-3.50548e-07
1.5326	-3.53827e-07
1.5327	-3.602e-07
1.5328	-3.6449e-07
1.5329	-3.67993e-07
1.533	-3.76017e-07
1.5331	-3.84361e-07
1.5332	-3.91484e-07
1.5333	-3.99792e-07
1.5334	-4.0867e-07
1.5335	-4.13075e-07
1.5336	-4.23734e-07
1.5337	-4.27006e-07
1.5338	-4.35938e-07
1.5339	-4.48297e-07
1.534	-4.53541e-07
1.5341	-4.55822e-07
1.5342	-4.60034e-07
1.5343	-4.68168e-07
1.5344	-4.77206e-07
1.5345	-4.84352e-07
1.5346	-4.88516e-07
1.5347	-4.97401e-07
1.5348	-5.08829e-07
1.5349	-5.09598e-07
1.535	-5.21953e-07
1.5351	-5.35246e-07
1.5352	-5.42773e-07
1.5353	-5.52654e-07
1.5354	-5.60511e-07
1.5355	-5.67472e-07
1.5356	-5.74745e-07
1.5357	-5.78962e-07
1.5358	-5.87196e-07
1.5359	-5.94327e-07
1.536	-6.03185e-07
1.5361	-6.07406e-07
1.5362	-6.15845e-07
1.5363	-6.19411e-07
1.5364	-6.28104e-07
1.5365	-6.31564e-07
1.5366	-6.38317e-07
1.5367	-6.44603e-07
1.5368	-6.53987e-07
1.5369	-6.62185e-07
1.537	-6.66335e-07
1.5371	-6.74843e-07
1.5372	-6.83354e-07
1.5373	-6.91331e-07
1.5374	-7.00659e-07
1.5375	-7.09075e-07
1.5376	-7.18222e-07
1.5377	-7.25944e-07
1.5378	-7.34277e-07
1.5379	-7.39543e-07
1.538	-7.5117e-07
1.5381	-7.56019e-07
1.5382	-7.68317e-07
1.5383	-7.74556e-07
1.5384	-7.83725e-07
1.5385	-7.90422e-07
1.5386	-7.94948e-07
1.5387	-7.98761e-07
1.5388	-8.03401e-07
1.5389	-8.09256e-07
1.539	-8.11965e-07
1.5391	-8.15767e-07
1.5392	-8.22259e-07
1.5393	-8.27136e-07
1.5394	-8.31225e-07
1.5395	-8.34751e-07
1.5396	-8.38476e-07
1.5397	-8.41443e-07
1.5398	-8.45692e-07
1.5399	-8.49767e-07
1.54	-8.5077e-07
1.5401	-8.55922e-07
1.5402	-8.58789e-07
1.5403	-8.60136e-07
1.5404	-8.63475e-07
1.5405	-8.67991e-07
1.5406	-8.68779e-07
1.5407	-8.69701e-07
1.5408	-8.68219e-07
1.5409	-8.69936e-07
1.541	-8.69319e-07
1.5411	-8.68936e-07
1.5412	-8.70444e-07
1.5413	-8.69911e-07
1.5414	-8.6941e-07
1.5415	-8.67129e-07
1.5416	-8.65908e-07
1.5417	-8.65219e-07
1.5418	-8.63304e-07
1.5419	-8.61868e-07
1.542	-8.59551e-07
1.5421	-8.58339e-07
1.5422	-8.55689e-07
1.5423	-8.53542e-07
1.5424	-8.50534e-07
1.5425	-8.47447e-07
1.5426	-8.471e-07
1.5427	-8.40835e-07
1.5428	-8.36125e-07
1.5429	-8.31641e-07
1.543	-8.28627e-07
1.5431	-8.24542e-07
1.5432	-8.20122e-07
1.5433	-8.1556e-07
1.5434	-8.12789e-07
1.5435	-8.0828e-07
1.5436	-8.04071e-07
1.5437	-7.9993e-07
1.5438	-7.95124e-07
1.5439	-7.88912e-07
1.544	-7.85156e-07
1.5441	-7.80067e-07
1.5442	-7.7636e-07
1.5443	-7.71279e-07
1.5444	-7.66583e-07
1.5445	-7.61085e-07
1.5446	-7.54983e-07
1.5447	-7.50993e-07
1.5448	-7.46307e-07
1.5449	-7.4097e-07
1.545	-7.34692e-07
1.5451	-7.29512e-07
1.5452	-7.24085e-07
1.5453	-7.19756e-07
1.5454	-7.14052e-07
1.5455	-7.09249e-07
1.5456	-7.05621e-07
1.5457	-7.00658e-07
1.5458	-6.93308e-07
1.5459	-6.89211e-07
1.546	-6.83545e-07
1.5461	-6.80178e-07
1.5462	-6.75953e-07
1.5463	-6.71131e-07
1.5464	-6.67137e-07
1.5465	-6.63393e-07
1.5466	-6.59089e-07
1.5467	-6.53993e-07
1.5468	-6.47084e-07
1.5469	-6.43564e-07
1.547	-6.38121e-07
1.5471	-6.32978e-07
1.5472	-6.27078e-07
1.5473	-6.2178e-07
1.5474	-6.18383e-07
1.5475	-6.14365e-07
1.5476	-6.09948e-07
1.5477	-6.05704e-07
1.5478	-6.00731e-07
1.5479	-5.9835e-07
1.548	-5.92875e-07
1.5481	-5.86898e-07
1.5482	-5.81819e-07
1.5483	-5.76175e-07
1.5484	-5.71388e-07
1.5485	-5.64757e-07
1.5486	-5.60443e-07
1.5487	-5.57099e-07
1.5488	-5.52038e-07
1.5489	-5.46291e-07
1.549	-5.40503e-07
1.5491	-5.35915e-07
1.5492	-5.30116e-07
1.5493	-5.26687e-07
1.5494	-5.20394e-07
1.5495	-5.1472e-07
1.5496	-5.09351e-07
1.5497	-5.04996e-07
1.5498	-5.01434e-07
1.5499	-4.95291e-07
1.55	-4.91659e-07
1.5501	-4.86872e-07
1.5502	-4.80788e-07
1.5503	-4.75437e-07
1.5504	-4.72173e-07
1.5505	-4.66296e-07
1.5506	-4.61499e-07
1.5507	-4.56716e-07
1.5508	-4.52751e-07
1.5509	-4.47223e-07
1.551	-4.41655e-07
1.5511	-4.35687e-07
1.5512	-4.30949e-07
1.5513	-4.24994e-07
1.5514	-4.20662e-07
1.5515	-4.15131e-07
1.5516	-4.11052e-07
1.5517	-4.06358e-07
1.5518	-4.01343e-07
1.5519	-3.94637e-07
1.552	-3.88476e-07
1.5521	-3.82441e-07
1.5522	-3.77257e-07
1.5523	-3.71479e-07
1.5524	-3.65541e-07
1.5525	-3.59813e-07
1.5526	-3.53363e-07
1.5527	-3.46917e-07
1.5528	-3.40805e-07
1.5529	-3.35334e-07
1.553	-3.30204e-07
1.5531	-3.23329e-07
1.5532	-3.17191e-07
1.5533	-3.11424e-07
1.5534	-3.05009e-07
1.5535	-2.98716e-07
1.5536	-2.92219e-07
1.5537	-2.85949e-07
1.5538	-2.80128e-07
1.5539	-2.7359e-07
1.554	-2.66831e-07
1.5541	-2.60963e-07
1.5542	-2.55315e-07
1.5543	-2.4809e-07
1.5544	-2.41458e-07
1.5545	-2.33072e-07
1.5546	-2.25864e-07
1.5547	-2.18613e-07
1.5548	-2.17085e-07
1.5549	-2.09876e-07
1.555	-2.02859e-07
1.5551	-1.95925e-07
1.5552	-1.9142e-07
1.5553	-1.86835e-07
1.5554	-1.81247e-07
1.5555	-1.73907e-07
1.5556	-1.66532e-07
1.5557	-1.58249e-07
1.5558	-1.52034e-07
1.5559	-1.45255e-07
1.556	-1.37007e-07
1.5561	-1.32238e-07
1.5562	-1.2484e-07
1.5563	-1.19917e-07
1.5564	-1.11725e-07
1.5565	-1.079e-07
1.5566	-1.04438e-07
1.5567	-9.81953e-08
1.5568	-9.33722e-08
1.5569	-8.9292e-08
1.557	-8.03605e-08
1.5571	-7.05693e-08
1.5572	-6.80571e-08
1.5573	-6.06974e-08
1.5574	-5.38294e-08
1.5575	-4.509e-08
1.5576	-3.56478e-08
1.5577	-2.79662e-08
1.5578	-2.10774e-08
1.5579	-1.15488e-08
1.558	-3.95585e-09
1.5581	3.61343e-09
1.5582	1.01437e-08
1.5583	1.97216e-08
1.5584	2.18586e-08
1.5585	2.91727e-08
1.5586	3.62319e-08
1.5587	3.79898e-08
1.5588	4.08527e-08
1.5589	5.03937e-08
1.559	5.74797e-08
1.5591	6.49561e-08
1.5592	6.95783e-08
1.5593	7.43761e-08
1.5594	7.98627e-08
1.5595	8.54363e-08
1.5596	9.57302e-08
1.5597	1.01038e-07
1.5598	1.10968e-07
1.5599	1.16914e-07
1.56	1.214e-07
1.5601	1.26535e-07
1.5602	1.36513e-07
1.5603	1.3593e-07
1.5604	1.4543e-07
1.5605	1.50908e-07
1.5606	1.56574e-07
1.5607	1.61697e-07
1.5608	1.67838e-07
1.5609	1.76241e-07
1.561	1.73381e-07
1.5611	1.77101e-07
1.5612	1.80673e-07
1.5613	1.78875e-07
1.5614	1.82946e-07
1.5615	1.8623e-07
1.5616	1.83255e-07
1.5617	1.85387e-07
1.5618	1.93939e-07
1.5619	1.91532e-07
1.562	1.93494e-07
1.5621	1.96576e-07
1.5622	1.99206e-07
1.5623	2.01297e-07
1.5624	2.07918e-07
1.5625	2.10385e-07
1.5626	2.12143e-07
1.5627	2.20511e-07
1.5628	2.27447e-07
1.5629	2.34951e-07
1.563	2.3482e-07
1.5631	2.40247e-07
1.5632	2.47338e-07
1.5633	2.53946e-07
1.5634	2.52893e-07
1.5635	2.5217e-07
1.5636	2.50461e-07
1.5637	2.56165e-07
1.5638	2.62972e-07
1.5639	2.62221e-07
1.564	2.61443e-07
1.5641	2.60363e-07
1.5642	2.65799e-07
1.5643	2.6041e-07
1.5644	2.65691e-07
1.5645	2.67258e-07
1.5646	2.71442e-07
1.5647	2.75232e-07
1.5648	2.7351e-07
1.5649	2.76633e-07
1.565	2.79525e-07
1.5651	2.74434e-07
1.5652	2.77534e-07
1.5653	2.71505e-07
1.5654	2.67356e-07
1.5655	2.69689e-07
1.5656	2.71898e-07
1.5657	2.72634e-07
1.5658	2.7243e-07
1.5659	2.7086e-07
1.566	2.64597e-07
1.5661	2.56903e-07
1.5662	2.50396e-07
1.5663	2.43623e-07
1.5664	2.33329e-07
1.5665	2.26346e-07
1.5666	2.18636e-07
1.5667	2.14068e-07
1.5668	2.05685e-07
1.5669	1.94202e-07
1.567	1.87431e-07
1.5671	1.8379e-07
1.5672	1.76935e-07
1.5673	1.69881e-07
1.5674	1.60947e-07
1.5675	1.5368e-07
1.5676	1.53372e-07
1.5677	1.43847e-07
1.5678	1.32603e-07
1.5679	1.20213e-07
1.568	1.07811e-07
1.5681	1.01266e-07
1.5682	9.25798e-08
1.5683	8.33761e-08
1.5684	7.63009e-08
1.5685	6.08495e-08
1.5686	4.8412e-08
1.5687	3.47509e-08
1.5688	2.23338e-08
1.5689	1.26645e-08
1.569	-1.68099e-09
1.5691	-1.61501e-08
1.5692	-3.10383e-08
1.5693	-4.56015e-08
1.5694	-5.87087e-08
1.5695	-7.53161e-08
1.5696	-8.41229e-08
1.5697	-9.24001e-08
1.5698	-1.1e-07
1.5699	-1.29196e-07
1.57	-1.37415e-07
1.5701	-1.48882e-07
1.5702	-1.6388e-07
1.5703	-1.79577e-07
1.5704	-2.00417e-07
1.5705	-2.10243e-07
1.5706	-2.24984e-07
1.5707	-2.39494e-07
1.5708	-2.59129e-07
1.5709	-2.74715e-07
1.571	-2.94354e-07
1.5711	-3.14117e-07
1.5712	-3.30982e-07
1.5713	-3.4614e-07
1.5714	-3.68507e-07
1.5715	-3.908e-07
1.5716	-4.09198e-07
1.5717	-4.20232e-07
1.5718	-4.32163e-07
1.5719	-4.39464e-07
1.572	-4.57776e-07
1.5721	-4.78371e-07
1.5722	-4.97974e-07
1.5723	-5.14875e-07
1.5724	-5.24208e-07
1.5725	-5.47569e-07
1.5726	-5.64575e-07
1.5727	-5.81081e-07
1.5728	-6.02745e-07
1.5729	-6.25745e-07
1.573	-6.41894e-07
1.5731	-6.57336e-07
1.5732	-6.72404e-07
1.5733	-6.83369e-07
1.5734	-6.93361e-07
1.5735	-7.07037e-07
1.5736	-7.27879e-07
1.5737	-7.42781e-07
1.5738	-7.57158e-07
1.5739	-7.72627e-07
1.574	-7.92841e-07
1.5741	-8.0759e-07
1.5742	-8.19936e-07
1.5743	-8.31035e-07
1.5744	-8.46936e-07
1.5745	-8.59751e-07
1.5746	-8.67259e-07
1.5747	-8.7853e-07
1.5748	-8.88735e-07
1.5749	-9.04634e-07
1.575	-9.1532e-07
1.5751	-9.2874e-07
1.5752	-9.42727e-07
1.5753	-9.56158e-07
1.5754	-9.70331e-07
1.5755	-9.8565e-07
1.5756	-9.98271e-07
1.5757	-1.01142e-06
1.5758	-1.01903e-06
1.5759	-1.03046e-06
1.576	-1.04006e-06
1.5761	-1.05058e-06
1.5762	-1.06097e-06
1.5763	-1.06739e-06
1.5764	-1.07663e-06
1.5765	-1.08501e-06
1.5766	-1.08899e-06
1.5767	-1.09391e-06
1.5768	-1.10115e-06
1.5769	-1.10778e-06
1.577	-1.11299e-06
1.5771	-1.1194e-06
1.5772	-1.1253e-06
1.5773	-1.12619e-06
1.5774	-1.13063e-06
1.5775	-1.13425e-06
1.5776	-1.13322e-06
1.5777	-1.13833e-06
1.5778	-1.14083e-06
1.5779	-1.14219e-06
1.578	-1.14396e-06
1.5781	-1.14548e-06
1.5782	-1.14709e-06
1.5783	-1.14783e-06
1.5784	-1.14892e-06
1.5785	-1.14681e-06
1.5786	-1.14673e-06
1.5787	-1.14583e-06
1.5788	-1.14468e-06
1.5789	-1.14407e-06
1.579	-1.1424e-06
1.5791	-1.14078e-06
1.5792	-1.13796e-06
1.5793	-1.13555e-06
1.5794	-1.13217e-06
1.5795	-1.13005e-06
1.5796	-1.12745e-06
1.5797	-1.12378e-06
1.5798	-1.12029e-06
1.5799	-1.11746e-06
1.58	-1.11331e-06
1.5801	-1.11023e-06
1.5802	-1.10657e-06
1.5803	-1.10379e-06
1.5804	-1.09816e-06
1.5805	-1.09343e-06
1.5806	-1.08904e-06
1.5807	-1.08467e-06
1.5808	-1.08093e-06
1.5809	-1.07579e-06
1.581	-1.07021e-06
1.5811	-1.06549e-06
1.5812	-1.06091e-06
1.5813	-1.05643e-06
1.5814	-1.05076e-06
1.5815	-1.04579e-06
1.5816	-1.03996e-06
1.5817	-1.03479e-06
1.5818	-1.02912e-06
1.5819	-1.02719e-06
1.582	-1.02252e-06
1.5821	-1.01624e-06
1.5822	-1.01038e-06
1.5823	-9.98055e-07
1.5824	-9.9105e-07
1.5825	-9.82231e-07
1.5826	-9.75913e-07
1.5827	-9.68163e-07
1.5828	-9.59676e-07
1.5829	-9.51221e-07
1.583	-9.43162e-07
1.5831	-9.34135e-07
1.5832	-9.25283e-07
1.5833	-9.16984e-07
1.5834	-9.08258e-07
1.5835	-9.0001e-07
1.5836	-8.92367e-07
1.5837	-8.8525e-07
1.5838	-8.79059e-07
1.5839	-8.67381e-07
1.584	-8.60326e-07
1.5841	-8.52424e-07
1.5842	-8.43566e-07
1.5843	-8.34611e-07
1.5844	-8.25124e-07
1.5845	-8.1603e-07
1.5846	-8.06206e-07
1.5847	-7.99953e-07
1.5848	-7.90177e-07
1.5849	-7.79627e-07
1.585	-7.70841e-07
1.5851	-7.612e-07
1.5852	-7.5165e-07
1.5853	-7.4014e-07
1.5854	-7.3145e-07
1.5855	-7.20402e-07
1.5856	-7.1298e-07
1.5857	-7.03394e-07
1.5858	-6.93381e-07
1.5859	-6.83689e-07
1.586	-6.74366e-07
1.5861	-6.61824e-07
1.5862	-6.50343e-07
1.5863	-6.40483e-07
1.5864	-6.29652e-07
1.5865	-6.19835e-07
1.5866	-6.09172e-07
1.5867	-5.99897e-07
1.5868	-5.91403e-07
1.5869	-5.81927e-07
1.587	-5.73251e-07
1.5871	-5.6402e-07
1.5872	-5.56097e-07
1.5873	-5.48603e-07
1.5874	-5.40143e-07
1.5875	-5.30234e-07
1.5876	-5.18288e-07
1.5877	-5.07905e-07
1.5878	-4.98376e-07
1.5879	-4.87649e-07
1.588	-4.78118e-07
1.5881	-4.68114e-07
1.5882	-4.57e-07
1.5883	-4.46168e-07
1.5884	-4.35368e-07
1.5885	-4.23354e-07
1.5886	-4.11367e-07
1.5887	-4.01132e-07
1.5888	-3.95379e-07
1.5889	-3.87001e-07
1.589	-3.796e-07
1.5891	-3.73086e-07
1.5892	-3.65579e-07
1.5893	-3.54898e-07
1.5894	-3.50739e-07
1.5895	-3.43636e-07
1.5896	-3.33278e-07
1.5897	-3.223e-07
1.5898	-3.16536e-07
1.5899	-3.07352e-07
1.59	-3.02643e-07
1.5901	-2.9183e-07
1.5902	-2.81476e-07
1.5903	-2.76852e-07
1.5904	-2.73071e-07
1.5905	-2.68596e-07
1.5906	-2.63804e-07
1.5907	-2.55294e-07
1.5908	-2.5462e-07
1.5909	-2.50132e-07
1.591	-2.44616e-07
1.5911	-2.43923e-07
1.5912	-2.32948e-07
1.5913	-2.28015e-07
1.5914	-2.26001e-07
1.5915	-2.22472e-07
1.5916	-2.20754e-07
1.5917	-2.21423e-07
1.5918	-2.16044e-07
1.5919	-2.14684e-07
1.592	-2.12688e-07
1.5921	-2.15004e-07
1.5922	-2.17171e-07
1.5923	-2.1245e-07
1.5924	-2.07003e-07
1.5925	-2.01959e-07
1.5926	-1.97631e-07
1.5927	-1.95553e-07
1.5928	-1.92003e-07
1.5929	-1.95018e-07
1.593	-1.89489e-07
1.5931	-1.90888e-07
1.5932	-1.91786e-07
1.5933	-1.93219e-07
1.5934	-1.88931e-07
1.5935	-1.87524e-07
1.5936	-1.90307e-07
1.5937	-1.97984e-07
1.5938	-2.00631e-07
1.5939	-1.99067e-07
1.594	-2.04017e-07
1.5941	-2.06159e-07
1.5942	-2.11492e-07
1.5943	-2.15049e-07
1.5944	-2.12526e-07
1.5945	-2.15416e-07
1.5946	-2.20635e-07
1.5947	-2.25863e-07
1.5948	-2.27013e-07
1.5949	-2.27179e-07
1.595	-2.33496e-07
1.5951	-2.38503e-07
1.5952	-2.43283e-07
1.5953	-2.46974e-07
1.5954	-2.49582e-07
1.5955	-2.51804e-07
1.5956	-2.63189e-07
1.5957	-2.67686e-07
1.5958	-2.74124e-07
1.5959	-2.79181e-07
1.596	-2.8477e-07
1.5961	-2.89056e-07
1.5962	-2.91906e-07
1.5963	-2.96579e-07
1.5964	-3.02394e-07
1.5965	-3.06557e-07
1.5966	-3.13878e-07
1.5967	-3.18738e-07
1.5968	-3.27392e-07
1.5969	-3.36115e-07
1.597	-3.39433e-07
1.5971	-3.46225e-07
1.5972	-3.55589e-07
1.5973	-3.64244e-07
1.5974	-3.73115e-07
1.5975	-3.8176e-07
1.5976	-3.89151e-07
1.5977	-4.03466e-07
1.5978	-4.07117e-07
1.5979	-4.1522e-07
1.598	-4.20223e-07
1.5981	-4.27665e-07
1.5982	-4.38772e-07
1.5983	-4.50765e-07
1.5984	-4.62423e-07
1.5985	-4.69671e-07
1.5986	-4.74602e-07
1.5987	-4.79521e-07
1.5988	-4.81469e-07
1.5989	-4.85199e-07
1.599	-4.94253e-07
1.5991	-5.05163e-07
1.5992	-5.09875e-07
1.5993	-5.20978e-07
1.5994	-5.23985e-07
1.5995	-5.28345e-07
1.5996	-5.35123e-07
1.5997	-5.47701e-07
1.5998	-5.53356e-07
1.5999	-5.61262e-07
1.6	-5.6961e-07
1.6001	-5.74638e-07
1.6002	-5.83162e-07
1.6003	-5.90755e-07
1.6004	-5.93898e-07
1.6005	-5.9965e-07
1.6006	-6.08504e-07
1.6007	-6.13752e-07
1.6008	-6.17043e-07
1.6009	-6.20717e-07
1.601	-6.28969e-07
1.6011	-6.38251e-07
1.6012	-6.46026e-07
1.6013	-6.53158e-07
1.6014	-6.66384e-07
1.6015	-6.74438e-07
1.6016	-6.78186e-07
1.6017	-6.8363e-07
1.6018	-6.92099e-07
1.6019	-6.93937e-07
1.602	-7.01424e-07
1.6021	-7.05395e-07
1.6022	-7.11341e-07
1.6023	-7.19174e-07
1.6024	-7.23632e-07
1.6025	-7.29827e-07
1.6026	-7.34518e-07
1.6027	-7.3857e-07
1.6028	-7.44799e-07
1.6029	-7.4697e-07
1.603	-7.50423e-07
1.6031	-7.5535e-07
1.6032	-7.5988e-07
1.6033	-7.63886e-07
1.6034	-7.67694e-07
1.6035	-7.71309e-07
1.6036	-7.75773e-07
1.6037	-7.80421e-07
1.6038	-7.8234e-07
1.6039	-7.83809e-07
1.604	-7.85877e-07
1.6041	-7.87765e-07
1.6042	-7.89226e-07
1.6043	-7.91278e-07
1.6044	-7.92555e-07
1.6045	-7.94124e-07
1.6046	-7.95775e-07
1.6047	-7.94848e-07
1.6048	-7.96562e-07
1.6049	-7.96528e-07
1.605	-7.97881e-07
1.6051	-7.97111e-07
1.6052	-7.95299e-07
1.6053	-7.94738e-07
1.6054	-7.92925e-07
1.6055	-7.91918e-07
1.6056	-7.90584e-07
1.6057	-7.88408e-07
1.6058	-7.86447e-07
1.6059	-7.83842e-07
1.606	-7.83351e-07
1.6061	-7.79954e-07
1.6062	-7.77001e-07
1.6063	-7.7368e-07
1.6064	-7.72479e-07
1.6065	-7.69864e-07
1.6066	-7.64096e-07
1.6067	-7.59596e-07
1.6068	-7.55145e-07
1.6069	-7.53269e-07
1.607	-7.49305e-07
1.6071	-7.45047e-07
1.6072	-7.40751e-07
1.6073	-7.36761e-07
1.6074	-7.32254e-07
1.6075	-7.27644e-07
1.6076	-7.2279e-07
1.6077	-7.17913e-07
1.6078	-7.12948e-07
1.6079	-7.08064e-07
1.608	-7.04346e-07
1.6081	-7.00833e-07
1.6082	-6.95452e-07
1.6083	-6.90171e-07
1.6084	-6.84507e-07
1.6085	-6.80344e-07
1.6086	-6.74907e-07
1.6087	-6.71158e-07
1.6088	-6.64523e-07
1.6089	-6.5888e-07
1.609	-6.53536e-07
1.6091	-6.48614e-07
1.6092	-6.42827e-07
1.6093	-6.37147e-07
1.6094	-6.31533e-07
1.6095	-6.2578e-07
1.6096	-6.20285e-07
1.6097	-6.13236e-07
1.6098	-6.09509e-07
1.6099	-6.0593e-07
1.61	-6.00895e-07
1.6101	-5.95923e-07
1.6102	-5.90549e-07
1.6103	-5.85096e-07
1.6104	-5.80864e-07
1.6105	-5.77045e-07
1.6106	-5.69471e-07
1.6107	-5.63737e-07
1.6108	-5.58517e-07
1.6109	-5.54052e-07
1.611	-5.48351e-07
1.6111	-5.42298e-07
1.6112	-5.37236e-07
1.6113	-5.32294e-07
1.6114	-5.27198e-07
1.6115	-5.22404e-07
1.6116	-5.16802e-07
1.6117	-5.11463e-07
1.6118	-5.06756e-07
1.6119	-5.01664e-07
1.612	-4.95727e-07
1.6121	-4.91433e-07
1.6122	-4.86927e-07
1.6123	-4.81527e-07
1.6124	-4.75359e-07
1.6125	-4.6976e-07
1.6126	-4.6654e-07
1.6127	-4.60975e-07
1.6128	-4.54896e-07
1.6129	-4.48546e-07
1.613	-4.43084e-07
1.6131	-4.37198e-07
1.6132	-4.32798e-07
1.6133	-4.2688e-07
1.6134	-4.2031e-07
1.6135	-4.14622e-07
1.6136	-4.09189e-07
1.6137	-4.03657e-07
1.6138	-3.99079e-07
1.6139	-3.94002e-07
1.614	-3.88092e-07
1.6141	-3.82547e-07
1.6142	-3.75122e-07
1.6143	-3.72592e-07
1.6144	-3.67305e-07
1.6145	-3.62039e-07
1.6146	-3.56335e-07
1.6147	-3.50528e-07
1.6148	-3.44829e-07
1.6149	-3.39166e-07
1.615	-3.33317e-07
1.6151	-3.26361e-07
1.6152	-3.19856e-07
1.6153	-3.14997e-07
1.6154	-3.09789e-07
1.6155	-3.03717e-07
1.6156	-2.99355e-07
1.6157	-2.93684e-07
1.6158	-2.87767e-07
1.6159	-2.8172e-07
1.616	-2.76637e-07
1.6161	-2.71155e-07
1.6162	-2.66128e-07
1.6163	-2.60425e-07
1.6164	-2.53945e-07
1.6165	-2.4871e-07
1.6166	-2.42686e-07
1.6167	-2.3603e-07
1.6168	-2.29633e-07
1.6169	-2.23416e-07
1.617	-2.17133e-07
1.6171	-2.09799e-07
1.6172	-2.0345e-07
1.6173	-1.95194e-07
1.6174	-1.89657e-07
1.6175	-1.83151e-07
1.6176	-1.77053e-07
1.6177	-1.70225e-07
1.6178	-1.63528e-07
1.6179	-1.58035e-07
1.618	-1.51089e-07
1.6181	-1.44169e-07
1.6182	-1.419e-07
1.6183	-1.34344e-07
1.6184	-1.27943e-07
1.6185	-1.21093e-07
1.6186	-1.13904e-07
1.6187	-1.06794e-07
1.6188	-9.95565e-08
1.6189	-9.21674e-08
1.619	-8.6574e-08
1.6191	-7.92842e-08
1.6192	-7.32679e-08
1.6193	-6.53515e-08
1.6194	-5.74014e-08
1.6195	-5.10275e-08
1.6196	-4.62866e-08
1.6197	-3.90812e-08
1.6198	-3.11654e-08
1.6199	-2.30739e-08
1.62	-1.80418e-08
1.6201	-1.05982e-08
1.6202	-2.70668e-09
1.6203	5.15591e-09
1.6204	1.16977e-08
1.6205	2.10255e-08
1.6206	2.97177e-08
1.6207	3.73128e-08
1.6208	4.03897e-08
1.6209	4.82054e-08
1.621	5.40637e-08
1.6211	6.12e-08
1.6212	6.97433e-08
1.6213	7.30187e-08
1.6214	8.02354e-08
1.6215	8.35612e-08
1.6216	8.72454e-08
1.6217	8.97403e-08
1.6218	9.71186e-08
1.6219	1.04539e-07
1.622	1.12245e-07
1.6221	1.14622e-07
1.6222	1.20341e-07
1.6223	1.21816e-07
1.6224	1.2885e-07
1.6225	1.30826e-07
1.6226	1.38163e-07
1.6227	1.39378e-07
1.6228	1.44029e-07
1.6229	1.51243e-07
1.623	1.57455e-07
1.6231	1.58221e-07
1.6232	1.60018e-07
1.6233	1.65087e-07
1.6234	1.64554e-07
1.6235	1.70306e-07
1.6236	1.68656e-07
1.6237	1.74107e-07
1.6238	1.79669e-07
1.6239	1.85883e-07
1.624	1.91552e-07
1.6241	1.97879e-07
1.6242	2.0286e-07
1.6243	2.05288e-07
1.6244	2.0997e-07
1.6245	2.09663e-07
1.6246	2.1279e-07
1.6247	2.20683e-07
1.6248	2.25289e-07
1.6249	2.29917e-07
1.625	2.34621e-07
1.6251	2.37162e-07
1.6252	2.35874e-07
1.6253	2.32661e-07
1.6254	2.35853e-07
1.6255	2.32517e-07
1.6256	2.35427e-07
1.6257	2.4436e-07
1.6258	2.41498e-07
1.6259	2.43576e-07
1.626	2.44498e-07
1.6261	2.45721e-07
1.6262	2.46768e-07
1.6263	2.56053e-07
1.6264	2.54902e-07
1.6265	2.61346e-07
1.6266	2.62105e-07
1.6267	2.69087e-07
1.6268	2.68631e-07
1.6269	2.74523e-07
1.627	2.70502e-07
1.6271	2.76703e-07
1.6272	2.78012e-07
1.6273	2.78003e-07
1.6274	2.83655e-07
1.6275	2.89066e-07
1.6276	2.93604e-07
1.6277	2.91197e-07
1.6278	2.95926e-07
1.6279	2.93767e-07
1.628	2.91535e-07
1.6281	2.96698e-07
1.6282	3.01097e-07
1.6283	2.98919e-07
1.6284	2.97258e-07
1.6285	2.95862e-07
1.6286	2.91308e-07
1.6287	2.91779e-07
1.6288	2.93108e-07
1.6289	2.95257e-07
1.629	2.89398e-07
1.6291	2.92628e-07
1.6292	2.93984e-07
1.6293	2.87833e-07
1.6294	2.82833e-07
1.6295	2.82378e-07
1.6296	2.80478e-07
1.6297	2.73521e-07
1.6298	2.65955e-07
1.6299	2.56125e-07
1.63	2.51054e-07
1.6301	2.48622e-07
1.6302	2.41721e-07
1.6303	2.30725e-07
1.6304	2.24726e-07
1.6305	2.21246e-07
1.6306	2.15623e-07
1.6307	2.12884e-07
1.6308	2.01413e-07
1.6309	1.91875e-07
1.631	1.85179e-07
1.6311	1.7412e-07
1.6312	1.64854e-07
1.6313	1.53976e-07
1.6314	1.45549e-07
1.6315	1.36873e-07
1.6316	1.25597e-07
1.6317	1.14646e-07
1.6318	1.06854e-07
1.6319	1.00785e-07
1.632	9.02837e-08
1.6321	7.84583e-08
1.6322	7.07109e-08
1.6323	6.10011e-08
1.6324	4.58381e-08
1.6325	3.86446e-08
1.6326	2.6317e-08
1.6327	1.22653e-08
1.6328	2.87266e-09
1.6329	-1.15699e-08
1.633	-2.71767e-08
1.6331	-4.27901e-08
1.6332	-5.91027e-08
1.6333	-7.42812e-08
1.6334	-9.27244e-08
1.6335	-1.11207e-07
1.6336	-1.25616e-07
1.6337	-1.36598e-07
1.6338	-1.54724e-07
1.6339	-1.64594e-07
1.634	-1.79622e-07
1.6341	-1.96211e-07
1.6342	-2.09939e-07
1.6343	-2.34679e-07
1.6344	-2.45046e-07
1.6345	-2.61509e-07
1.6346	-2.81789e-07
1.6347	-3.02533e-07
1.6348	-3.193e-07
1.6349	-3.41023e-07
1.635	-3.62937e-07
1.6351	-3.84592e-07
1.6352	-4.02616e-07
1.6353	-4.10046e-07
1.6354	-4.27871e-07
1.6355	-4.39307e-07
1.6356	-4.57269e-07
1.6357	-4.78732e-07
1.6358	-5.01403e-07
1.6359	-5.1872e-07
1.636	-5.25386e-07
1.6361	-5.43329e-07
1.6362	-5.54052e-07
1.6363	-5.76896e-07
1.6364	-6.00041e-07
1.6365	-6.22772e-07
1.6366	-6.3892e-07
1.6367	-6.55646e-07
1.6368	-6.77826e-07
1.6369	-6.98814e-07
1.637	-7.15766e-07
1.6371	-7.29993e-07
1.6372	-7.49938e-07
1.6373	-7.64461e-07
1.6374	-7.79592e-07
1.6375	-8.00466e-07
1.6376	-8.17031e-07
1.6377	-8.3684e-07
1.6378	-8.54954e-07
1.6379	-8.74071e-07
1.638	-8.92174e-07
1.6381	-9.04822e-07
1.6382	-9.1288e-07
1.6383	-9.28316e-07
1.6384	-9.3566e-07
1.6385	-9.48533e-07
1.6386	-9.64929e-07
1.6387	-9.80011e-07
1.6388	-9.91111e-07
1.6389	-1.00568e-06
1.639	-1.0197e-06
1.6391	-1.02734e-06
1.6392	-1.03651e-06
1.6393	-1.04918e-06
1.6394	-1.0607e-06
1.6395	-1.06766e-06
1.6396	-1.07873e-06
1.6397	-1.0901e-06
1.6398	-1.09938e-06
1.6399	-1.10902e-06
1.64	-1.11876e-06
1.6401	-1.1271e-06
1.6402	-1.13346e-06
1.6403	-1.14013e-06
1.6404	-1.14843e-06
1.6405	-1.15219e-06
1.6406	-1.15414e-06
1.6407	-1.15903e-06
1.6408	-1.16655e-06
1.6409	-1.16684e-06
1.641	-1.17144e-06
1.6411	-1.17536e-06
1.6412	-1.17803e-06
1.6413	-1.18147e-06
1.6414	-1.18383e-06
1.6415	-1.18724e-06
1.6416	-1.18606e-06
1.6417	-1.18742e-06
1.6418	-1.18348e-06
1.6419	-1.18431e-06
1.642	-1.18457e-06
1.6421	-1.1839e-06
1.6422	-1.18432e-06
1.6423	-1.18417e-06
1.6424	-1.18397e-06
1.6425	-1.18219e-06
1.6426	-1.18086e-06
1.6427	-1.17807e-06
1.6428	-1.17747e-06
1.6429	-1.17594e-06
1.643	-1.17296e-06
1.6431	-1.16781e-06
1.6432	-1.16399e-06
1.6433	-1.16068e-06
1.6434	-1.15762e-06
1.6435	-1.15407e-06
1.6436	-1.14973e-06
1.6437	-1.14708e-06
1.6438	-1.14314e-06
1.6439	-1.13988e-06
1.644	-1.13578e-06
1.6441	-1.13291e-06
1.6442	-1.12621e-06
1.6443	-1.12038e-06
1.6444	-1.1151e-06
1.6445	-1.11111e-06
1.6446	-1.108e-06
1.6447	-1.10331e-06
1.6448	-1.09835e-06
1.6449	-1.09195e-06
1.645	-1.08903e-06
1.6451	-1.08315e-06
1.6452	-1.07714e-06
1.6453	-1.0711e-06
1.6454	-1.06451e-06
1.6455	-1.05788e-06
1.6456	-1.05249e-06
1.6457	-1.04816e-06
1.6458	-1.04217e-06
1.6459	-1.03578e-06
1.646	-1.03078e-06
1.6461	-1.02052e-06
1.6462	-1.012e-06
1.6463	-1.00396e-06
1.6464	-9.96492e-07
1.6465	-9.88275e-07
1.6466	-9.79635e-07
1.6467	-9.72474e-07
1.6468	-9.66858e-07
1.6469	-9.58432e-07
1.647	-9.49336e-07
1.6471	-9.4039e-07
1.6472	-9.31852e-07
1.6473	-9.2284e-07
1.6474	-9.15523e-07
1.6475	-9.08467e-07
1.6476	-9.00925e-07
1.6477	-8.90833e-07
1.6478	-8.81938e-07
1.6479	-8.72878e-07
1.648	-8.64753e-07
1.6481	-8.5728e-07
1.6482	-8.47395e-07
1.6483	-8.37349e-07
1.6484	-8.27635e-07
1.6485	-8.18018e-07
1.6486	-8.08775e-07
1.6487	-7.99837e-07
1.6488	-7.90453e-07
1.6489	-7.79998e-07
1.649	-7.68518e-07
1.6491	-7.58774e-07
1.6492	-7.48702e-07
1.6493	-7.38716e-07
1.6494	-7.3104e-07
1.6495	-7.21162e-07
1.6496	-7.10846e-07
1.6497	-7.0075e-07
1.6498	-6.91039e-07
1.6499	-6.81031e-07
1.65	-6.69955e-07
1.6501	-6.59247e-07
1.6502	-6.48913e-07
1.6503	-6.39146e-07
1.6504	-6.27962e-07
1.6505	-6.16936e-07
1.6506	-6.09292e-07
1.6507	-6.01475e-07
1.6508	-5.908e-07
1.6509	-5.79446e-07
1.651	-5.72915e-07
1.6511	-5.63064e-07
1.6512	-5.54869e-07
1.6513	-5.46722e-07
1.6514	-5.36221e-07
1.6515	-5.26376e-07
1.6516	-5.19813e-07
1.6517	-5.09721e-07
1.6518	-4.98989e-07
1.6519	-4.91227e-07
1.652	-4.84729e-07
1.6521	-4.73468e-07
1.6522	-4.62771e-07
1.6523	-4.55594e-07
1.6524	-4.45717e-07
1.6525	-4.35991e-07
1.6526	-4.28597e-07
1.6527	-4.21607e-07
1.6528	-4.1108e-07
1.6529	-3.98136e-07
1.653	-3.93829e-07
1.6531	-3.88844e-07
1.6532	-3.78273e-07
1.6533	-3.6631e-07
1.6534	-3.59102e-07
1.6535	-3.56168e-07
1.6536	-3.53067e-07
1.6537	-3.48137e-07
1.6538	-3.38093e-07
1.6539	-3.34348e-07
1.654	-3.29708e-07
1.6541	-3.20484e-07
1.6542	-3.15395e-07
1.6543	-3.14681e-07
1.6544	-3.11423e-07
1.6545	-3.08061e-07
1.6546	-2.97199e-07
1.6547	-2.88703e-07
1.6548	-2.90153e-07
1.6549	-2.84856e-07
1.655	-2.81693e-07
1.6551	-2.778e-07
1.6552	-2.75203e-07
1.6553	-2.72195e-07
1.6554	-2.63604e-07
1.6555	-2.59835e-07
1.6556	-2.5912e-07
1.6557	-2.62062e-07
1.6558	-2.60714e-07
1.6559	-2.54028e-07
1.656	-2.54267e-07
1.6561	-2.54525e-07
1.6562	-2.55144e-07
1.6563	-2.5088e-07
1.6564	-2.47317e-07
1.6565	-2.44222e-07
1.6566	-2.46887e-07
1.6567	-2.42821e-07
1.6568	-2.44422e-07
1.6569	-2.45286e-07
1.657	-2.4614e-07
1.6571	-2.49365e-07
1.6572	-2.51728e-07
1.6573	-2.49829e-07
1.6574	-2.50966e-07
1.6575	-2.52443e-07
1.6576	-2.57039e-07
1.6577	-2.59994e-07
1.6578	-2.6385e-07
1.6579	-2.6376e-07
1.658	-2.62879e-07
1.6581	-2.63077e-07
1.6582	-2.61105e-07
1.6583	-2.59975e-07
1.6584	-2.67783e-07
1.6585	-2.69601e-07
1.6586	-2.74955e-07
1.6587	-2.76137e-07
1.6588	-2.81738e-07
1.6589	-2.87561e-07
1.659	-2.935e-07
1.6591	-2.96867e-07
1.6592	-3.00603e-07
1.6593	-3.06061e-07
1.6594	-3.09642e-07
1.6595	-3.20808e-07
1.6596	-3.24876e-07
1.6597	-3.31051e-07
1.6598	-3.38805e-07
1.6599	-3.42694e-07
1.66	-3.46278e-07
1.6601	-3.52513e-07
1.6602	-3.60312e-07
1.6603	-3.68975e-07
1.6604	-3.76361e-07
1.6605	-3.83769e-07
1.6606	-3.91658e-07
1.6607	-3.988e-07
1.6608	-4.08826e-07
1.6609	-4.11348e-07
1.661	-4.20027e-07
1.6611	-4.28074e-07
1.6612	-4.3284e-07
1.6613	-4.43896e-07
1.6614	-4.55036e-07
1.6615	-4.6238e-07
1.6616	-4.6637e-07
1.6617	-4.69214e-07
1.6618	-4.77508e-07
1.6619	-4.84499e-07
1.662	-4.88055e-07
1.6621	-4.99611e-07
1.6622	-5.08417e-07
1.6623	-5.13513e-07
1.6624	-5.21744e-07
1.6625	-5.30986e-07
1.6626	-5.39571e-07
1.6627	-5.4274e-07
1.6628	-5.51704e-07
1.6629	-5.59561e-07
1.663	-5.66642e-07
1.6631	-5.76557e-07
1.6632	-5.8352e-07
1.6633	-5.91307e-07
1.6634	-5.99974e-07
1.6635	-6.08235e-07
1.6636	-6.21762e-07
1.6637	-6.35314e-07
1.6638	-6.40399e-07
1.6639	-6.54539e-07
1.664	-6.63368e-07
1.6641	-6.74123e-07
1.6642	-6.84081e-07
1.6643	-6.89108e-07
1.6644	-6.98256e-07
1.6645	-7.07878e-07
1.6646	-7.13369e-07
1.6647	-7.18287e-07
1.6648	-7.24031e-07
1.6649	-7.2859e-07
1.665	-7.37339e-07
1.6651	-7.46544e-07
1.6652	-7.54636e-07
1.6653	-7.623e-07
1.6654	-7.68244e-07
1.6655	-7.75371e-07
1.6656	-7.82013e-07
1.6657	-7.87107e-07
1.6658	-7.92648e-07
1.6659	-8.0006e-07
1.666	-8.07359e-07
1.6661	-8.12448e-07
1.6662	-8.18508e-07
1.6663	-8.24134e-07
1.6664	-8.30621e-07
1.6665	-8.34676e-07
1.6666	-8.37959e-07
1.6667	-8.40597e-07
1.6668	-8.44661e-07
1.6669	-8.49963e-07
1.667	-8.55724e-07
1.6671	-8.59014e-07
1.6672	-8.61832e-07
1.6673	-8.654e-07
1.6674	-8.67738e-07
1.6675	-8.71401e-07
1.6676	-8.73424e-07
1.6677	-8.74809e-07
1.6678	-8.75946e-07
1.6679	-8.81018e-07
1.668	-8.81412e-07
1.6681	-8.80614e-07
1.6682	-8.82105e-07
1.6683	-8.83052e-07
1.6684	-8.83588e-07
1.6685	-8.85981e-07
1.6686	-8.86153e-07
1.6687	-8.86659e-07
1.6688	-8.85766e-07
1.6689	-8.8673e-07
1.669	-8.8811e-07
1.6691	-8.87008e-07
1.6692	-8.85805e-07
1.6693	-8.84292e-07
1.6694	-8.83165e-07
1.6695	-8.81819e-07
1.6696	-8.79505e-07
1.6697	-8.75825e-07
1.6698	-8.73897e-07
1.6699	-8.7183e-07
1.67	-8.69486e-07
1.6701	-8.66316e-07
1.6702	-8.62195e-07
1.6703	-8.60942e-07
1.6704	-8.5703e-07
1.6705	-8.51779e-07
1.6706	-8.47102e-07
1.6707	-8.43606e-07
1.6708	-8.4112e-07
1.6709	-8.37304e-07
1.671	-8.33608e-07
1.6711	-8.29831e-07
1.6712	-8.25822e-07
1.6713	-8.2107e-07
1.6714	-8.1783e-07
1.6715	-8.12994e-07
1.6716	-8.06931e-07
1.6717	-8.0347e-07
1.6718	-7.99659e-07
1.6719	-7.94375e-07
1.672	-7.90381e-07
1.6721	-7.85589e-07
1.6722	-7.80112e-07
1.6723	-7.74093e-07
1.6724	-7.69372e-07
1.6725	-7.64551e-07
1.6726	-7.5823e-07
1.6727	-7.52935e-07
1.6728	-7.48479e-07
1.6729	-7.43462e-07
1.673	-7.38743e-07
1.6731	-7.33091e-07
1.6732	-7.28548e-07
1.6733	-7.23762e-07
1.6734	-7.18295e-07
1.6735	-7.08731e-07
1.6736	-7.05789e-07
1.6737	-7.00406e-07
1.6738	-6.95198e-07
1.6739	-6.89864e-07
1.674	-6.85831e-07
1.6741	-6.81642e-07
1.6742	-6.76642e-07
1.6743	-6.70226e-07
1.6744	-6.65477e-07
1.6745	-6.60244e-07
1.6746	-6.55182e-07
1.6747	-6.49294e-07
1.6748	-6.4407e-07
1.6749	-6.38326e-07
1.675	-6.32913e-07
1.6751	-6.27276e-07
1.6752	-6.2131e-07
1.6753	-6.17045e-07
1.6754	-6.09968e-07
1.6755	-6.0546e-07
1.6756	-5.99641e-07
1.6757	-5.95401e-07
1.6758	-5.89054e-07
1.6759	-5.83714e-07
1.676	-5.77996e-07
1.6761	-5.7295e-07
1.6762	-5.65134e-07
1.6763	-5.60582e-07
1.6764	-5.57124e-07
1.6765	-5.5329e-07
1.6766	-5.48094e-07
1.6767	-5.42349e-07
1.6768	-5.36445e-07
1.6769	-5.31646e-07
1.677	-5.26749e-07
1.6771	-5.19453e-07
1.6772	-5.14138e-07
1.6773	-5.09287e-07
1.6774	-5.03641e-07
1.6775	-4.98514e-07
1.6776	-4.92808e-07
1.6777	-4.90034e-07
1.6778	-4.85283e-07
1.6779	-4.79066e-07
1.678	-4.71581e-07
1.6781	-4.68469e-07
1.6782	-4.63123e-07
1.6783	-4.58523e-07
1.6784	-4.52648e-07
1.6785	-4.47269e-07
1.6786	-4.41548e-07
1.6787	-4.36351e-07
1.6788	-4.30837e-07
1.6789	-4.25058e-07
1.679	-4.18376e-07
1.6791	-4.13482e-07
1.6792	-4.10079e-07
1.6793	-4.04631e-07
1.6794	-3.99297e-07
1.6795	-3.9472e-07
1.6796	-3.87997e-07
1.6797	-3.8184e-07
1.6798	-3.75817e-07
1.6799	-3.70709e-07
1.68	-3.65592e-07
1.6801	-3.61317e-07
1.6802	-3.55392e-07
1.6803	-3.49064e-07
1.6804	-3.43217e-07
1.6805	-3.3785e-07
1.6806	-3.3103e-07
1.6807	-3.26189e-07
1.6808	-3.19989e-07
1.6809	-3.14045e-07
1.681	-3.07746e-07
1.6811	-3.00879e-07
1.6812	-2.93938e-07
1.6813	-2.87636e-07
1.6814	-2.80764e-07
1.6815	-2.72967e-07
1.6816	-2.664e-07
1.6817	-2.60385e-07
1.6818	-2.53251e-07
1.6819	-2.46142e-07
1.682	-2.38699e-07
1.6821	-2.30844e-07
1.6822	-2.23709e-07
1.6823	-2.16201e-07
1.6824	-2.09506e-07
1.6825	-2.02114e-07
1.6826	-1.95351e-07
1.6827	-1.87935e-07
1.6828	-1.83309e-07
1.6829	-1.75759e-07
1.683	-1.68107e-07
1.6831	-1.60875e-07
1.6832	-1.53026e-07
1.6833	-1.4647e-07
1.6834	-1.3877e-07
1.6835	-1.3078e-07
1.6836	-1.22669e-07
1.6837	-1.15119e-07
1.6838	-1.07248e-07
1.6839	-9.96489e-08
1.684	-9.20791e-08
1.6841	-8.43474e-08
1.6842	-7.68182e-08
1.6843	-6.96816e-08
1.6844	-6.33744e-08
1.6845	-5.46497e-08
1.6846	-5.07158e-08
1.6847	-4.70286e-08
1.6848	-4.03507e-08
1.6849	-3.27366e-08
1.685	-2.83599e-08
1.6851	-1.99494e-08
1.6852	-1.25241e-08
1.6853	-4.9504e-09
1.6854	-1.25163e-09
1.6855	7.26295e-09
1.6856	9.77301e-09
1.6857	1.699e-08
1.6858	2.49907e-08
1.6859	3.23426e-08
1.686	3.45842e-08
1.6861	4.41299e-08
1.6862	5.07809e-08
1.6863	5.36876e-08
1.6864	6.10174e-08
1.6865	6.78219e-08
1.6866	6.64665e-08
1.6867	7.46837e-08
1.6868	8.25442e-08
1.6869	8.28088e-08
1.687	8.86441e-08
1.6871	9.53089e-08
1.6872	1.05353e-07
1.6873	1.11377e-07
1.6874	1.12404e-07
1.6875	1.114e-07
1.6876	1.17059e-07
1.6877	1.18042e-07
1.6878	1.16312e-07
1.6879	1.21228e-07
1.688	1.26129e-07
1.6881	1.2583e-07
1.6882	1.30286e-07
1.6883	1.35362e-07
1.6884	1.34611e-07
1.6885	1.44374e-07
1.6886	1.53557e-07
1.6887	1.56047e-07
1.6888	1.60802e-07
1.6889	1.69072e-07
1.689	1.72658e-07
1.6891	1.71339e-07
1.6892	1.74492e-07
1.6893	1.76886e-07
1.6894	1.79125e-07
1.6895	1.86915e-07
1.6896	1.951e-07
1.6897	1.97045e-07
1.6898	2.05167e-07
1.6899	2.08043e-07
1.69	2.04827e-07
1.6901	2.02433e-07
1.6902	2.0929e-07
1.6903	2.09449e-07
1.6904	2.09299e-07
1.6905	2.09792e-07
1.6906	2.15657e-07
1.6907	2.1479e-07
1.6908	2.15118e-07
1.6909	2.13642e-07
1.691	2.20422e-07
1.6911	2.20592e-07
1.6912	2.18756e-07
1.6913	2.16981e-07
1.6914	2.23143e-07
1.6915	2.28847e-07
1.6916	2.34114e-07
1.6917	2.32089e-07
1.6918	2.35595e-07
1.6919	2.40609e-07
1.692	2.4589e-07
1.6921	2.50264e-07
1.6922	2.51211e-07
1.6923	2.46943e-07
1.6924	2.51227e-07
1.6925	2.47606e-07
1.6926	2.49068e-07
1.6927	2.49269e-07
1.6928	2.50343e-07
1.6929	2.44188e-07
1.693	2.46227e-07
1.6931	2.47711e-07
1.6932	2.44728e-07
1.6933	2.45596e-07
1.6934	2.44766e-07
1.6935	2.42935e-07
1.6936	2.36827e-07
1.6937	2.30522e-07
1.6938	2.23533e-07
1.6939	2.20969e-07
1.694	2.18154e-07
1.6941	2.08224e-07
1.6942	2.04083e-07
1.6943	1.97626e-07
1.6944	1.93105e-07
1.6945	1.88242e-07
1.6946	1.7806e-07
1.6947	1.70411e-07
1.6948	1.66717e-07
1.6949	1.61004e-07
1.695	1.52005e-07
1.6951	1.45643e-07
1.6952	1.36106e-07
1.6953	1.28234e-07
1.6954	1.19633e-07
1.6955	1.09992e-07
1.6956	9.86698e-08
1.6957	8.28811e-08
1.6958	7.71763e-08
1.6959	6.72831e-08
1.696	5.68333e-08
1.6961	4.52258e-08
1.6962	2.68902e-08
1.6963	1.54886e-08
1.6964	5.86967e-09
1.6965	-5.28818e-09
1.6966	-1.93964e-08
1.6967	-2.70723e-08
1.6968	-4.1437e-08
1.6969	-5.66145e-08
1.697	-7.20035e-08
1.6971	-8.93035e-08
1.6972	-1.05437e-07
1.6973	-1.20699e-07
1.6974	-1.37952e-07
1.6975	-1.56874e-07
1.6976	-1.767e-07
1.6977	-1.87092e-07
1.6978	-1.98693e-07
1.6979	-2.14201e-07
1.698	-2.34817e-07
1.6981	-2.52731e-07
1.6982	-2.71212e-07
1.6983	-2.87936e-07
1.6984	-3.0387e-07
1.6985	-3.19313e-07
1.6986	-3.39987e-07
1.6987	-3.56771e-07
1.6988	-3.77212e-07
1.6989	-3.97715e-07
1.699	-4.15341e-07
1.6991	-4.25357e-07
1.6992	-4.47725e-07
1.6993	-4.5955e-07
1.6994	-4.78988e-07
1.6995	-4.97173e-07
1.6996	-5.20902e-07
1.6997	-5.26791e-07
1.6998	-5.47543e-07
1.6999	-5.65583e-07
1.7	-5.87034e-07
1.7001	-5.97372e-07
1.7002	-6.14998e-07
1.7003	-6.37712e-07
1.7004	-6.5435e-07
1.7005	-6.70556e-07
1.7006	-6.87081e-07
1.7007	-7.07783e-07
1.7008	-7.29073e-07
1.7009	-7.43832e-07
1.701	-7.549e-07
1.7011	-7.64377e-07
1.7012	-7.78871e-07
1.7013	-7.99191e-07
1.7014	-8.18797e-07
1.7015	-8.34752e-07
1.7016	-8.54738e-07
1.7017	-8.74957e-07
1.7018	-8.92265e-07
1.7019	-9.06422e-07
1.702	-9.23683e-07
1.7021	-9.3556e-07
1.7022	-9.46038e-07
1.7023	-9.56488e-07
1.7024	-9.66675e-07
1.7025	-9.81727e-07
1.7026	-9.9197e-07
1.7027	-1.00544e-06
1.7028	-1.02102e-06
1.7029	-1.03484e-06
1.703	-1.04394e-06
1.7031	-1.05063e-06
1.7032	-1.06503e-06
1.7033	-1.07985e-06
1.7034	-1.08762e-06
1.7035	-1.09479e-06
1.7036	-1.10626e-06
1.7037	-1.11677e-06
1.7038	-1.12551e-06
1.7039	-1.13583e-06
1.704	-1.14102e-06
1.7041	-1.15077e-06
1.7042	-1.16018e-06
1.7043	-1.16246e-06
1.7044	-1.16969e-06
1.7045	-1.17606e-06
1.7046	-1.18246e-06
1.7047	-1.18754e-06
1.7048	-1.18783e-06
1.7049	-1.19107e-06
1.705	-1.19489e-06
1.7051	-1.19363e-06
1.7052	-1.19686e-06
1.7053	-1.20006e-06
1.7054	-1.20183e-06
1.7055	-1.20536e-06
1.7056	-1.20643e-06
1.7057	-1.20775e-06
1.7058	-1.20939e-06
1.7059	-1.21006e-06
1.706	-1.21019e-06
1.7061	-1.21014e-06
1.7062	-1.21006e-06
1.7063	-1.20882e-06
1.7064	-1.20822e-06
1.7065	-1.2076e-06
1.7066	-1.20663e-06
1.7067	-1.20554e-06
1.7068	-1.20364e-06
1.7069	-1.20131e-06
1.707	-1.19925e-06
1.7071	-1.19589e-06
1.7072	-1.19309e-06
1.7073	-1.18965e-06
1.7074	-1.18619e-06
1.7075	-1.18385e-06
1.7076	-1.18061e-06
1.7077	-1.17637e-06
1.7078	-1.17399e-06
1.7079	-1.1703e-06
1.708	-1.16654e-06
1.7081	-1.16441e-06
1.7082	-1.15781e-06
1.7083	-1.14997e-06
1.7084	-1.14526e-06
1.7085	-1.14153e-06
1.7086	-1.13732e-06
1.7087	-1.13274e-06
1.7088	-1.12654e-06
1.7089	-1.12104e-06
1.709	-1.11611e-06
1.7091	-1.11001e-06
1.7092	-1.10308e-06
1.7093	-1.09631e-06
1.7094	-1.09015e-06
1.7095	-1.08362e-06
1.7096	-1.07742e-06
1.7097	-1.07141e-06
1.7098	-1.06496e-06
1.7099	-1.06042e-06
1.71	-1.05229e-06
1.7101	-1.04358e-06
1.7102	-1.03736e-06
1.7103	-1.02994e-06
1.7104	-1.0222e-06
1.7105	-1.01389e-06
1.7106	-1.00653e-06
1.7107	-9.98166e-07
1.7108	-9.89159e-07
1.7109	-9.80761e-07
1.711	-9.7147e-07
1.7111	-9.62675e-07
1.7112	-9.5331e-07
1.7113	-9.44366e-07
1.7114	-9.36513e-07
1.7115	-9.3174e-07
1.7116	-9.21303e-07
1.7117	-9.12038e-07
1.7118	-9.0266e-07
1.7119	-8.94327e-07
1.712	-8.84375e-07
1.7121	-8.7727e-07
1.7122	-8.6719e-07
1.7123	-8.58436e-07
1.7124	-8.49015e-07
1.7125	-8.40561e-07
1.7126	-8.35181e-07
1.7127	-8.26201e-07
1.7128	-8.16181e-07
1.7129	-8.06494e-07
1.713	-7.95662e-07
1.7131	-7.85602e-07
1.7132	-7.75792e-07
1.7133	-7.69076e-07
1.7134	-7.60285e-07
1.7135	-7.51212e-07
1.7136	-7.41069e-07
1.7137	-7.3131e-07
1.7138	-7.20821e-07
1.7139	-7.09224e-07
1.714	-6.98052e-07
1.7141	-6.86591e-07
1.7142	-6.76634e-07
1.7143	-6.66323e-07
1.7144	-6.53591e-07
1.7145	-6.42015e-07
1.7146	-6.33797e-07
1.7147	-6.25824e-07
1.7148	-6.15213e-07
1.7149	-6.06629e-07
1.715	-6.00208e-07
1.7151	-5.90446e-07
1.7152	-5.79762e-07
1.7153	-5.68992e-07
1.7154	-5.58654e-07
1.7155	-5.54392e-07
1.7156	-5.45494e-07
1.7157	-5.35645e-07
1.7158	-5.24384e-07
1.7159	-5.14191e-07
1.716	-5.06606e-07
1.7161	-4.98453e-07
1.7162	-4.87063e-07
1.7163	-4.76044e-07
1.7164	-4.68002e-07
1.7165	-4.62224e-07
1.7166	-4.50455e-07
1.7167	-4.39405e-07
1.7168	-4.32562e-07
1.7169	-4.25443e-07
1.717	-4.20978e-07
1.7171	-4.10253e-07
1.7172	-4.03523e-07
1.7173	-3.97843e-07
1.7174	-3.90697e-07
1.7175	-3.84659e-07
1.7176	-3.80436e-07
1.7177	-3.70292e-07
1.7178	-3.5989e-07
1.7179	-3.54444e-07
1.718	-3.442e-07
1.7181	-3.35531e-07
1.7182	-3.31486e-07
1.7183	-3.26648e-07
1.7184	-3.2565e-07
1.7185	-3.16812e-07
1.7186	-3.09146e-07
1.7187	-3.06064e-07
1.7188	-3.0484e-07
1.7189	-2.93068e-07
1.719	-2.88666e-07
1.7191	-2.89224e-07
1.7192	-2.85815e-07
1.7193	-2.83122e-07
1.7194	-2.81409e-07
1.7195	-2.82944e-07
1.7196	-2.75842e-07
1.7197	-2.74389e-07
1.7198	-2.76546e-07
1.7199	-2.75839e-07
1.72	-2.76282e-07
1.7201	-2.77017e-07
1.7202	-2.78254e-07
1.7203	-2.72367e-07
1.7204	-2.68168e-07
1.7205	-2.61146e-07
1.7206	-2.61766e-07
1.7207	-2.62355e-07
1.7208	-2.63955e-07
1.7209	-2.6762e-07
1.721	-2.6835e-07
1.7211	-2.64259e-07
1.7212	-2.69333e-07
1.7213	-2.73251e-07
1.7214	-2.81905e-07
1.7215	-2.78173e-07
1.7216	-2.81877e-07
1.7217	-2.82887e-07
1.7218	-2.86771e-07
1.7219	-2.9301e-07
1.722	-2.95043e-07
1.7221	-2.90118e-07
1.7222	-2.90611e-07
1.7223	-2.94858e-07
1.7224	-3.00353e-07
1.7225	-3.06588e-07
1.7226	-3.07671e-07
1.7227	-3.10826e-07
1.7228	-3.1402e-07
1.7229	-3.1989e-07
1.723	-3.27309e-07
1.7231	-3.29883e-07
1.7232	-3.30722e-07
1.7233	-3.40598e-07
1.7234	-3.4731e-07
1.7235	-3.50291e-07
1.7236	-3.5719e-07
1.7237	-3.6559e-07
1.7238	-3.69275e-07
1.7239	-3.73569e-07
1.724	-3.77228e-07
1.7241	-3.84188e-07
1.7242	-3.91626e-07
1.7243	-3.98612e-07
1.7244	-4.06964e-07
1.7245	-4.1545e-07
1.7246	-4.19005e-07
1.7247	-4.26325e-07
1.7248	-4.29644e-07
1.7249	-4.3926e-07
1.725	-4.48795e-07
1.7251	-4.58726e-07
1.7252	-4.70628e-07
1.7253	-4.78946e-07
1.7254	-4.92209e-07
1.7255	-4.97372e-07
1.7256	-5.05346e-07
1.7257	-5.15854e-07
1.7258	-5.25103e-07
1.7259	-5.34001e-07
1.726	-5.45641e-07
1.7261	-5.5318e-07
1.7262	-5.63669e-07
1.7263	-5.79561e-07
1.7264	-5.83658e-07
1.7265	-5.85126e-07
1.7266	-5.89472e-07
1.7267	-6.01876e-07
1.7268	-6.15226e-07
1.7269	-6.28878e-07
1.727	-6.35785e-07
1.7271	-6.38567e-07
1.7272	-6.46684e-07
1.7273	-6.50332e-07
1.7274	-6.5799e-07
1.7275	-6.65563e-07
1.7276	-6.74139e-07
1.7277	-6.78089e-07
1.7278	-6.91204e-07
1.7279	-6.95546e-07
1.728	-7.01117e-07
1.7281	-7.05345e-07
1.7282	-7.10996e-07
1.7283	-7.20182e-07
1.7284	-7.26004e-07
1.7285	-7.3391e-07
1.7286	-7.42703e-07
1.7287	-7.48126e-07
1.7288	-7.52667e-07
1.7289	-7.58576e-07
1.729	-7.6767e-07
1.7291	-7.7619e-07
1.7292	-7.84123e-07
1.7293	-7.896e-07
1.7294	-7.9713e-07
1.7295	-8.03022e-07
1.7296	-8.06495e-07
1.7297	-8.13018e-07
1.7298	-8.19856e-07
1.7299	-8.29775e-07
1.73	-8.3673e-07
1.7301	-8.40279e-07
1.7302	-8.47541e-07
1.7303	-8.52756e-07
1.7304	-8.56405e-07
1.7305	-8.6031e-07
1.7306	-8.63929e-07
1.7307	-8.66334e-07
1.7308	-8.7174e-07
1.7309	-8.77521e-07
1.731	-8.80308e-07
1.7311	-8.82929e-07
1.7312	-8.86326e-07
1.7313	-8.89821e-07
1.7314	-8.92923e-07
1.7315	-8.96201e-07
1.7316	-8.9774e-07
1.7317	-9.00424e-07
1.7318	-9.0232e-07
1.7319	-9.02846e-07
1.732	-9.039e-07
1.7321	-9.06946e-07
1.7322	-9.08206e-07
1.7323	-9.11124e-07
1.7324	-9.10815e-07
1.7325	-9.10679e-07
1.7326	-9.11615e-07
1.7327	-9.11132e-07
1.7328	-9.10965e-07
1.7329	-9.09977e-07
1.733	-9.08364e-07
1.7331	-9.07521e-07
1.7332	-9.06179e-07
1.7333	-9.04828e-07
1.7334	-9.04535e-07
1.7335	-9.03905e-07
1.7336	-9.01681e-07
1.7337	-8.99842e-07
1.7338	-8.97496e-07
1.7339	-8.94987e-07
1.734	-8.92092e-07
1.7341	-8.88946e-07
1.7342	-8.86974e-07
1.7343	-8.81959e-07
1.7344	-8.76981e-07
1.7345	-8.74933e-07
1.7346	-8.71274e-07
1.7347	-8.67587e-07
1.7348	-8.63817e-07
1.7349	-8.60221e-07
1.735	-8.56252e-07
1.7351	-8.51708e-07
1.7352	-8.47095e-07
1.7353	-8.42828e-07
1.7354	-8.38694e-07
1.7355	-8.31903e-07
1.7356	-8.28472e-07
1.7357	-8.2492e-07
1.7358	-8.20353e-07
1.7359	-8.15717e-07
1.736	-8.10912e-07
1.7361	-8.04985e-07
1.7362	-8.00235e-07
1.7363	-7.95778e-07
1.7364	-7.90339e-07
1.7365	-7.82019e-07
1.7366	-7.76692e-07
1.7367	-7.7225e-07
1.7368	-7.67491e-07
1.7369	-7.62379e-07
1.737	-7.56195e-07
1.7371	-7.51408e-07
1.7372	-7.45724e-07
1.7373	-7.38911e-07
1.7374	-7.33312e-07
1.7375	-7.29682e-07
1.7376	-7.24935e-07
1.7377	-7.19915e-07
1.7378	-7.15119e-07
1.7379	-7.11392e-07
1.738	-7.07414e-07
1.7381	-7.01933e-07
1.7382	-6.97202e-07
1.7383	-6.90642e-07
1.7384	-6.86574e-07
1.7385	-6.811e-07
1.7386	-6.75582e-07
1.7387	-6.70473e-07
1.7388	-6.64967e-07
1.7389	-6.59982e-07
1.739	-6.5428e-07
1.7391	-6.4866e-07
1.7392	-6.42987e-07
1.7393	-6.37385e-07
1.7394	-6.32342e-07
1.7395	-6.27842e-07
1.7396	-6.24037e-07
1.7397	-6.17055e-07
1.7398	-6.12633e-07
1.7399	-6.08256e-07
1.74	-6.01822e-07
1.7401	-5.94793e-07
1.7402	-5.90418e-07
1.7403	-5.86266e-07
1.7404	-5.82049e-07
1.7405	-5.7835e-07
1.7406	-5.72301e-07
1.7407	-5.66343e-07
1.7408	-5.60945e-07
1.7409	-5.56169e-07
1.741	-5.50401e-07
1.7411	-5.44319e-07
1.7412	-5.40309e-07
1.7413	-5.35229e-07
1.7414	-5.28768e-07
1.7415	-5.24671e-07
1.7416	-5.20003e-07
1.7417	-5.14585e-07
1.7418	-5.08713e-07
1.7419	-5.01539e-07
1.742	-4.97383e-07
1.7421	-4.92653e-07
1.7422	-4.88296e-07
1.7423	-4.83148e-07
1.7424	-4.77624e-07
1.7425	-4.71908e-07
1.7426	-4.66351e-07
1.7427	-4.60564e-07
1.7428	-4.54486e-07
1.7429	-4.47565e-07
1.743	-4.42573e-07
1.7431	-4.37126e-07
1.7432	-4.31236e-07
1.7433	-4.26894e-07
1.7434	-4.21437e-07
1.7435	-4.1561e-07
1.7436	-4.09487e-07
1.7437	-4.04148e-07
1.7438	-3.98355e-07
1.7439	-3.92485e-07
1.744	-3.86812e-07
1.7441	-3.81363e-07
1.7442	-3.74658e-07
1.7443	-3.68806e-07
1.7444	-3.63671e-07
1.7445	-3.57872e-07
1.7446	-3.51146e-07
1.7447	-3.44861e-07
1.7448	-3.38287e-07
1.7449	-3.31837e-07
1.745	-3.26199e-07
1.7451	-3.1937e-07
1.7452	-3.13377e-07
1.7453	-3.07017e-07
1.7454	-3.00476e-07
1.7455	-2.93371e-07
1.7456	-2.87017e-07
1.7457	-2.79866e-07
1.7458	-2.73433e-07
1.7459	-2.66385e-07
1.746	-2.59332e-07
1.7461	-2.51802e-07
1.7462	-2.4444e-07
1.7463	-2.37738e-07
1.7464	-2.3072e-07
1.7465	-2.24163e-07
1.7466	-2.17272e-07
1.7467	-2.10287e-07
1.7468	-2.02684e-07
1.7469	-1.95843e-07
1.747	-1.87409e-07
1.7471	-1.79661e-07
1.7472	-1.71309e-07
1.7473	-1.64557e-07
1.7474	-1.56786e-07
1.7475	-1.49338e-07
1.7476	-1.41378e-07
1.7477	-1.3372e-07
1.7478	-1.25912e-07
1.7479	-1.18608e-07
1.748	-1.10682e-07
1.7481	-1.06137e-07
1.7482	-9.94753e-08
1.7483	-9.43143e-08
1.7484	-8.68203e-08
1.7485	-8.31423e-08
1.7486	-7.49107e-08
1.7487	-7.12742e-08
1.7488	-6.34313e-08
1.7489	-5.61095e-08
1.749	-4.77829e-08
1.7491	-4.03386e-08
1.7492	-3.315e-08
1.7493	-2.47888e-08
1.7494	-1.79879e-08
1.7495	-1.16052e-08
1.7496	-4.30803e-09
1.7497	3.92091e-09
1.7498	6.15533e-09
1.7499	1.29761e-08
1.75	2.28621e-08
1.7501	3.24352e-08
1.7502	4.25923e-08
1.7503	4.94438e-08
1.7504	5.90377e-08
1.7505	6.58721e-08
1.7506	7.3798e-08
1.7507	8.20817e-08
1.7508	8.78184e-08
1.7509	9.79464e-08
1.751	1.04184e-07
1.7511	1.04528e-07
1.7512	1.09648e-07
1.7513	1.09352e-07
1.7514	1.14432e-07
1.7515	1.20938e-07
1.7516	1.30124e-07
1.7517	1.33356e-07
1.7518	1.37989e-07
1.7519	1.43067e-07
1.752	1.42659e-07
1.7521	1.48226e-07
1.7522	1.5311e-07
1.7523	1.57435e-07
1.7524	1.66548e-07
1.7525	1.69912e-07
1.7526	1.68482e-07
1.7527	1.66795e-07
1.7528	1.75161e-07
1.7529	1.72654e-07
1.753	1.76336e-07
1.7531	1.85584e-07
1.7532	1.81567e-07
1.7533	1.90089e-07
1.7534	1.93086e-07
1.7535	1.94335e-07
1.7536	1.97078e-07
1.7537	1.99611e-07
1.7538	2.02233e-07
1.7539	2.02961e-07
1.754	2.08566e-07
1.7541	2.09997e-07
1.7542	2.12249e-07
1.7543	2.11926e-07
1.7544	2.18647e-07
1.7545	2.25851e-07
1.7546	2.23666e-07
1.7547	2.24685e-07
1.7548	2.32106e-07
1.7549	2.31389e-07
1.755	2.26978e-07
1.7551	2.23206e-07
1.7552	2.23354e-07
1.7553	2.2852e-07
1.7554	2.27761e-07
1.7555	2.33451e-07
1.7556	2.3103e-07
1.7557	2.3501e-07
1.7558	2.38822e-07
1.7559	2.37003e-07
1.756	2.41283e-07
1.7561	2.33005e-07
1.7562	2.35188e-07
1.7563	2.32418e-07
1.7564	2.29117e-07
1.7565	2.31222e-07
1.7566	2.33369e-07
1.7567	2.26417e-07
1.7568	2.27651e-07
1.7569	2.2929e-07
1.757	2.23516e-07
1.7571	2.25871e-07
1.7572	2.2168e-07
1.7573	2.15154e-07
1.7574	2.15485e-07
1.7575	2.15683e-07
1.7576	2.08863e-07
1.7577	2.01639e-07
1.7578	1.93786e-07
1.7579	1.91684e-07
1.758	1.85274e-07
1.7581	1.82038e-07
1.7582	1.79609e-07
1.7583	1.75919e-07
1.7584	1.68882e-07
1.7585	1.61937e-07
1.7586	1.57191e-07
1.7587	1.53963e-07
1.7588	1.46899e-07
1.7589	1.3831e-07
1.759	1.31899e-07
1.7591	1.21141e-07
1.7592	1.1201e-07
1.7593	1.02914e-07
1.7594	9.11672e-08
1.7595	7.82298e-08
1.7596	6.49193e-08
1.7597	5.81957e-08
1.7598	4.77392e-08
1.7599	3.8735e-08
1.76	2.75698e-08
1.7601	9.97487e-09
1.7602	1.38499e-10
1.7603	-1.2618e-08
1.7604	-2.30081e-08
1.7605	-3.72885e-08
1.7606	-5.12505e-08
1.7607	-6.76451e-08
1.7608	-8.28575e-08
1.7609	-9.81013e-08
1.761	-1.15873e-07
1.7611	-1.32706e-07
1.7612	-1.46509e-07
1.7613	-1.53679e-07
1.7614	-1.62165e-07
1.7615	-1.74466e-07
1.7616	-1.89831e-07
1.7617	-2.04932e-07
1.7618	-2.12799e-07
1.7619	-2.28963e-07
1.762	-2.45692e-07
1.7621	-2.66996e-07
1.7622	-2.88264e-07
1.7623	-3.08201e-07
1.7624	-3.29208e-07
1.7625	-3.36624e-07
1.7626	-3.57492e-07
1.7627	-3.78659e-07
1.7628	-3.9959e-07
1.7629	-4.22339e-07
1.763	-4.39326e-07
1.7631	-4.55857e-07
1.7632	-4.73742e-07
1.7633	-4.84557e-07
1.7634	-4.99947e-07
1.7635	-5.2352e-07
1.7636	-5.40127e-07
1.7637	-5.575e-07
1.7638	-5.80443e-07
1.7639	-5.96853e-07
1.764	-6.13206e-07
1.7641	-6.30429e-07
1.7642	-6.47511e-07
1.7643	-6.64438e-07
1.7644	-6.73564e-07
1.7645	-6.95326e-07
1.7646	-7.17726e-07
1.7647	-7.33207e-07
1.7648	-7.4311e-07
1.7649	-7.54008e-07
1.765	-7.71324e-07
1.7651	-7.80014e-07
1.7652	-7.9627e-07
1.7653	-8.06198e-07
1.7654	-8.25697e-07
1.7655	-8.37838e-07
1.7656	-8.56799e-07
1.7657	-8.69892e-07
1.7658	-8.81719e-07
1.7659	-8.94537e-07
1.766	-9.0622e-07
1.7661	-9.14761e-07
1.7662	-9.26008e-07
1.7663	-9.40594e-07
1.7664	-9.55695e-07
1.7665	-9.70606e-07
1.7666	-9.81684e-07
1.7667	-9.96267e-07
1.7668	-1.00493e-06
1.7669	-1.01268e-06
1.767	-1.02747e-06
1.7671	-1.04092e-06
1.7672	-1.04789e-06
1.7673	-1.05557e-06
1.7674	-1.06657e-06
1.7675	-1.07699e-06
1.7676	-1.0875e-06
1.7677	-1.0928e-06
1.7678	-1.1034e-06
1.7679	-1.11239e-06
1.768	-1.1216e-06
1.7681	-1.12949e-06
1.7682	-1.13718e-06
1.7683	-1.14388e-06
1.7684	-1.15143e-06
1.7685	-1.15789e-06
1.7686	-1.16456e-06
1.7687	-1.16808e-06
1.7688	-1.17274e-06
1.7689	-1.17621e-06
1.769	-1.17459e-06
1.7691	-1.17783e-06
1.7692	-1.18085e-06
1.7693	-1.18403e-06
1.7694	-1.18588e-06
1.7695	-1.18612e-06
1.7696	-1.18738e-06
1.7697	-1.18863e-06
1.7698	-1.18957e-06
1.7699	-1.18902e-06
1.77	-1.18964e-06
1.7701	-1.18796e-06
1.7702	-1.18711e-06
1.7703	-1.18587e-06
1.7704	-1.18527e-06
1.7705	-1.1839e-06
1.7706	-1.18279e-06
1.7707	-1.17985e-06
1.7708	-1.17748e-06
1.7709	-1.17393e-06
1.771	-1.1704e-06
1.7711	-1.16538e-06
1.7712	-1.16069e-06
1.7713	-1.15805e-06
1.7714	-1.15452e-06
1.7715	-1.15107e-06
1.7716	-1.14689e-06
1.7717	-1.1438e-06
1.7718	-1.13967e-06
1.7719	-1.13706e-06
1.772	-1.13086e-06
1.7721	-1.12698e-06
1.7722	-1.12232e-06
1.7723	-1.11845e-06
1.7724	-1.11424e-06
1.7725	-1.11032e-06
1.7726	-1.10384e-06
1.7727	-1.09891e-06
1.7728	-1.09316e-06
1.7729	-1.08719e-06
1.773	-1.08131e-06
1.7731	-1.07457e-06
1.7732	-1.06733e-06
1.7733	-1.06123e-06
1.7734	-1.05488e-06
1.7735	-1.04868e-06
1.7736	-1.03959e-06
1.7737	-1.03287e-06
1.7738	-1.02794e-06
1.7739	-1.01759e-06
1.774	-1.01012e-06
1.7741	-1.00261e-06
1.7742	-9.96863e-07
1.7743	-9.89365e-07
1.7744	-9.80927e-07
1.7745	-9.72585e-07
1.7746	-9.64044e-07
1.7747	-9.56176e-07
1.7748	-9.48721e-07
1.7749	-9.40407e-07
1.775	-9.32242e-07
1.7751	-9.23529e-07
1.7752	-9.15901e-07
1.7753	-9.0896e-07
1.7754	-9.03196e-07
1.7755	-8.91592e-07
1.7756	-8.83316e-07
1.7757	-8.74727e-07
1.7758	-8.6622e-07
1.7759	-8.56632e-07
1.776	-8.47806e-07
1.7761	-8.388e-07
1.7762	-8.3092e-07
1.7763	-8.2509e-07
1.7764	-8.18035e-07
1.7765	-8.08326e-07
1.7766	-7.99016e-07
1.7767	-7.89502e-07
1.7768	-7.77818e-07
1.7769	-7.68029e-07
1.777	-7.59832e-07
1.7771	-7.4983e-07
1.7772	-7.41606e-07
1.7773	-7.29747e-07
1.7774	-7.20176e-07
1.7775	-7.1064e-07
1.7776	-7.01813e-07
1.7777	-6.91399e-07
1.7778	-6.8167e-07
1.7779	-6.70694e-07
1.778	-6.58963e-07
1.7781	-6.48763e-07
1.7782	-6.39096e-07
1.7783	-6.2951e-07
1.7784	-6.19928e-07
1.7785	-6.09627e-07
1.7786	-6.00151e-07
1.7787	-5.88495e-07
1.7788	-5.8294e-07
1.7789	-5.75202e-07
1.779	-5.65204e-07
1.7791	-5.55926e-07
1.7792	-5.48932e-07
1.7793	-5.38598e-07
1.7794	-5.27934e-07
1.7795	-5.20553e-07
1.7796	-5.11136e-07
1.7797	-5.00903e-07
1.7798	-4.89476e-07
1.7799	-4.82129e-07
1.78	-4.71347e-07
1.7801	-4.64293e-07
1.7802	-4.53374e-07
1.7803	-4.43811e-07
1.7804	-4.32688e-07
1.7805	-4.21667e-07
1.7806	-4.10873e-07
1.7807	-4.04124e-07
1.7808	-3.95415e-07
1.7809	-3.84915e-07
1.781	-3.79965e-07
1.7811	-3.74772e-07
1.7812	-3.64124e-07
1.7813	-3.55835e-07
1.7814	-3.45334e-07
1.7815	-3.41052e-07
1.7816	-3.33205e-07
1.7817	-3.2806e-07
1.7818	-3.23521e-07
1.7819	-3.18243e-07
1.782	-3.16056e-07
1.7821	-3.11443e-07
1.7822	-3.05083e-07
1.7823	-3.0837e-07
1.7824	-2.9956e-07
1.7825	-2.92771e-07
1.7826	-2.91364e-07
1.7827	-2.82071e-07
1.7828	-2.7609e-07
1.7829	-2.7129e-07
1.783	-2.68395e-07
1.7831	-2.63637e-07
1.7832	-2.65475e-07
1.7833	-2.66788e-07
1.7834	-2.60669e-07
1.7835	-2.58744e-07
1.7836	-2.57209e-07
1.7837	-2.57018e-07
1.7838	-2.59291e-07
1.7839	-2.58898e-07
1.784	-2.59774e-07
1.7841	-2.55745e-07
1.7842	-2.50331e-07
1.7843	-2.45409e-07
1.7844	-2.38217e-07
1.7845	-2.39058e-07
1.7846	-2.3873e-07
1.7847	-2.39868e-07
1.7848	-2.42093e-07
1.7849	-2.37697e-07
1.785	-2.39916e-07
1.7851	-2.36069e-07
1.7852	-2.41611e-07
1.7853	-2.48824e-07
1.7854	-2.46803e-07
1.7855	-2.46402e-07
1.7856	-2.45267e-07
1.7857	-2.50716e-07
1.7858	-2.48932e-07
1.7859	-2.47083e-07
1.786	-2.47895e-07
1.7861	-2.52041e-07
1.7862	-2.58678e-07
1.7863	-2.64337e-07
1.7864	-2.69077e-07
1.7865	-2.71135e-07
1.7866	-2.76955e-07
1.7867	-2.81261e-07
1.7868	-2.84353e-07
1.7869	-2.90698e-07
1.787	-2.95153e-07
1.7871	-2.97832e-07
1.7872	-3.00331e-07
1.7873	-3.06223e-07
1.7874	-3.11047e-07
1.7875	-3.15072e-07
1.7876	-3.231e-07
1.7877	-3.26736e-07
1.7878	-3.30489e-07
1.7879	-3.38204e-07
1.788	-3.46591e-07
1.7881	-3.5288e-07
1.7882	-3.60551e-07
1.7883	-3.64504e-07
1.7884	-3.7176e-07
1.7885	-3.74687e-07
1.7886	-3.78797e-07
1.7887	-3.85968e-07
1.7888	-3.94505e-07
1.7889	-4.04538e-07
1.789	-4.09184e-07
1.7891	-4.13811e-07
1.7892	-4.24362e-07
1.7893	-4.37208e-07
1.7894	-4.46655e-07
1.7895	-4.57094e-07
1.7896	-4.62283e-07
1.7897	-4.6584e-07
1.7898	-4.73936e-07
1.7899	-4.8235e-07
1.79	-4.90688e-07
1.7901	-5.03295e-07
1.7902	-5.05505e-07
1.7903	-5.09719e-07
1.7904	-5.1746e-07
1.7905	-5.25929e-07
1.7906	-5.33966e-07
1.7907	-5.42553e-07
1.7908	-5.48205e-07
1.7909	-5.51891e-07
1.791	-5.58754e-07
1.7911	-5.67602e-07
1.7912	-5.81508e-07
1.7913	-5.95247e-07
1.7914	-6.09591e-07
1.7915	-6.18429e-07
1.7916	-6.32369e-07
1.7917	-6.41339e-07
1.7918	-6.50928e-07
1.7919	-6.57935e-07
1.792	-6.64102e-07
1.7921	-6.71079e-07
1.7922	-6.79824e-07
1.7923	-6.84519e-07
1.7924	-6.90088e-07
1.7925	-6.93986e-07
1.7926	-7.03643e-07
1.7927	-7.11825e-07
1.7928	-7.20589e-07
1.7929	-7.26484e-07
1.793	-7.36045e-07
1.7931	-7.43681e-07
1.7932	-7.50313e-07
1.7933	-7.58489e-07
1.7934	-7.65517e-07
1.7935	-7.73242e-07
1.7936	-7.78386e-07
1.7937	-7.89944e-07
1.7938	-7.95065e-07
1.7939	-7.994e-07
1.794	-8.09315e-07
1.7941	-8.14835e-07
1.7942	-8.2005e-07
1.7943	-8.25921e-07
1.7944	-8.3083e-07
1.7945	-8.35189e-07
1.7946	-8.39741e-07
1.7947	-8.4502e-07
1.7948	-8.50839e-07
1.7949	-8.5519e-07
1.795	-8.59494e-07
1.7951	-8.62446e-07
1.7952	-8.65976e-07
1.7953	-8.69854e-07
1.7954	-8.72507e-07
1.7955	-8.77314e-07
1.7956	-8.82271e-07
1.7957	-8.8281e-07
1.7958	-8.86476e-07
1.7959	-8.90152e-07
1.796	-8.91366e-07
1.7961	-8.92187e-07
1.7962	-8.94646e-07
1.7963	-8.94055e-07
1.7964	-8.94723e-07
1.7965	-8.92137e-07
1.7966	-8.93753e-07
1.7967	-8.92679e-07
1.7968	-8.91748e-07
1.7969	-8.91639e-07
1.797	-8.904e-07
1.7971	-8.88398e-07
1.7972	-8.8754e-07
1.7973	-8.87354e-07
1.7974	-8.84675e-07
1.7975	-8.83504e-07
1.7976	-8.81154e-07
1.7977	-8.77819e-07
1.7978	-8.74821e-07
1.7979	-8.71399e-07
1.798	-8.70632e-07
1.7981	-8.67543e-07
1.7982	-8.62746e-07
1.7983	-8.58455e-07
1.7984	-8.55776e-07
1.7985	-8.52163e-07
1.7986	-8.47933e-07
1.7987	-8.43967e-07
1.7988	-8.40344e-07
1.7989	-8.36317e-07
1.799	-8.32139e-07
1.7991	-8.27804e-07
1.7992	-8.23373e-07
1.7993	-8.20508e-07
1.7994	-8.1527e-07
1.7995	-8.13092e-07
1.7996	-8.09184e-07
1.7997	-8.05018e-07
1.7998	-8.00418e-07
1.7999	-7.94754e-07
1.8	-7.89871e-07
1.8001	-7.8427e-07
1.8002	-7.80465e-07
1.8003	-7.75075e-07
1.8004	-7.66581e-07
1.8005	-7.61392e-07
1.8006	-7.55262e-07
1.8007	-7.49168e-07
1.8008	-7.43466e-07
1.8009	-7.3858e-07
1.801	-7.34745e-07
1.8011	-7.2852e-07
1.8012	-7.23388e-07
1.8013	-7.17181e-07
1.8014	-7.14069e-07
1.8015	-7.0972e-07
1.8016	-7.0424e-07
1.8017	-7.00045e-07
1.8018	-6.95372e-07
1.8019	-6.9054e-07
1.802	-6.86182e-07
1.8021	-6.8024e-07
1.8022	-6.74716e-07
1.8023	-6.67383e-07
1.8024	-6.6274e-07
1.8025	-6.57897e-07
1.8026	-6.52919e-07
1.8027	-6.47173e-07
1.8028	-6.40812e-07
1.8029	-6.35872e-07
1.803	-6.31437e-07
1.8031	-6.25933e-07
1.8032	-6.19921e-07
1.8033	-6.15765e-07
1.8034	-6.10587e-07
1.8035	-6.05033e-07
1.8036	-6.01018e-07
1.8037	-5.94674e-07
1.8038	-5.90216e-07
1.8039	-5.83041e-07
1.804	-5.78081e-07
1.8041	-5.7207e-07
1.8042	-5.68381e-07
1.8043	-5.62039e-07
1.8044	-5.57285e-07
1.8045	-5.52704e-07
1.8046	-5.46847e-07
1.8047	-5.40295e-07
1.8048	-5.34717e-07
1.8049	-5.27731e-07
1.805	-5.22889e-07
1.8051	-5.18423e-07
1.8052	-5.12858e-07
1.8053	-5.08438e-07
1.8054	-5.02267e-07
1.8055	-4.96065e-07
1.8056	-4.92428e-07
1.8057	-4.86459e-07
1.8058	-4.78181e-07
1.8059	-4.75618e-07
1.806	-4.70461e-07
1.8061	-4.64581e-07
1.8062	-4.59708e-07
1.8063	-4.54209e-07
1.8064	-4.49279e-07
1.8065	-4.43516e-07
1.8066	-4.37209e-07
1.8067	-4.30976e-07
1.8068	-4.24612e-07
1.8069	-4.20968e-07
1.807	-4.16156e-07
1.8071	-4.09309e-07
1.8072	-4.04236e-07
1.8073	-3.98433e-07
1.8074	-3.92931e-07
1.8075	-3.88203e-07
1.8076	-3.81069e-07
1.8077	-3.74749e-07
1.8078	-3.68996e-07
1.8079	-3.6255e-07
1.808	-3.55447e-07
1.8081	-3.50426e-07
1.8082	-3.44922e-07
1.8083	-3.39061e-07
1.8084	-3.33963e-07
1.8085	-3.27715e-07
1.8086	-3.20952e-07
1.8087	-3.15208e-07
1.8088	-3.09231e-07
1.8089	-3.01719e-07
1.809	-2.94669e-07
1.8091	-2.88947e-07
1.8092	-2.82228e-07
1.8093	-2.76019e-07
1.8094	-2.71897e-07
1.8095	-2.64866e-07
1.8096	-2.57971e-07
1.8097	-2.51295e-07
1.8098	-2.43984e-07
1.8099	-2.3719e-07
1.81	-2.30362e-07
1.8101	-2.23272e-07
1.8102	-2.15488e-07
1.8103	-2.08222e-07
1.8104	-2.00946e-07
1.8105	-1.943e-07
1.8106	-1.87388e-07
1.8107	-1.78996e-07
1.8108	-1.70738e-07
1.8109	-1.62946e-07
1.811	-1.56846e-07
1.8111	-1.49539e-07
1.8112	-1.4529e-07
1.8113	-1.37143e-07
1.8114	-1.29446e-07
1.8115	-1.20791e-07
1.8116	-1.15727e-07
1.8117	-1.07978e-07
1.8118	-1.00035e-07
1.8119	-9.29758e-08
1.812	-8.60609e-08
1.8121	-7.84626e-08
1.8122	-6.93238e-08
1.8123	-6.58243e-08
1.8124	-6.19103e-08
1.8125	-5.86571e-08
1.8126	-5.04977e-08
1.8127	-4.35709e-08
1.8128	-3.48275e-08
1.8129	-2.84157e-08
1.813	-2.1056e-08
1.8131	-1.3412e-08
1.8132	-9.69849e-09
1.8133	-1.98135e-09
1.8134	6.0088e-09
1.8135	1.52284e-08
1.8136	2.21955e-08
1.8137	2.45632e-08
1.8138	3.42424e-08
1.8139	4.11123e-08
1.814	4.77126e-08
1.8141	5.71301e-08
1.8142	6.68746e-08
1.8143	6.88628e-08
1.8144	7.86817e-08
1.8145	8.50022e-08
1.8146	8.37224e-08
1.8147	8.95286e-08
1.8148	9.90043e-08
1.8149	1.05324e-07
1.815	1.06412e-07
1.8151	1.1217e-07
1.8152	1.222e-07
1.8153	1.28218e-07
1.8154	1.34727e-07
1.8155	1.4088e-07
1.8156	1.45434e-07
1.8157	1.41981e-07
1.8158	1.46878e-07
1.8159	1.56481e-07
1.816	1.6148e-07
1.8161	1.65394e-07
1.8162	1.75253e-07
1.8163	1.84048e-07
1.8164	1.92707e-07
1.8165	1.90159e-07
1.8166	1.93559e-07
1.8167	1.97202e-07
1.8168	1.94844e-07
1.8169	1.98068e-07
1.817	2.01044e-07
1.8171	2.03436e-07
1.8172	2.05167e-07
1.8173	2.07735e-07
1.8174	2.10698e-07
1.8175	2.12428e-07
1.8176	2.16643e-07
1.8177	2.12013e-07
1.8178	2.20989e-07
1.8179	2.26047e-07
1.818	2.24145e-07
1.8181	2.3136e-07
1.8182	2.37812e-07
1.8183	2.43802e-07
1.8184	2.44327e-07
1.8185	2.43051e-07
1.8186	2.49673e-07
1.8187	2.48568e-07
1.8188	2.47617e-07
1.8189	2.40832e-07
1.819	2.39193e-07
1.8191	2.38613e-07
1.8192	2.45715e-07
1.8193	2.44288e-07
1.8194	2.42766e-07
1.8195	2.40192e-07
1.8196	2.38441e-07
1.8197	2.32822e-07
1.8198	2.30638e-07
1.8199	2.29282e-07
1.82	2.28745e-07
1.8201	2.30417e-07
1.8202	2.3186e-07
1.8203	2.3453e-07
1.8204	2.37153e-07
1.8205	2.38053e-07
1.8206	2.38144e-07
1.8207	2.34093e-07
1.8208	2.29093e-07
1.8209	2.29438e-07
1.821	2.29596e-07
1.8211	2.24319e-07
1.8212	2.17936e-07
1.8213	2.16633e-07
1.8214	2.09418e-07
1.8215	2.03082e-07
1.8216	1.93823e-07
1.8217	1.86149e-07
1.8218	1.80971e-07
1.8219	1.6935e-07
1.822	1.65889e-07
1.8221	1.5827e-07
1.8222	1.53932e-07
1.8223	1.49313e-07
1.8224	1.40034e-07
1.8225	1.33172e-07
1.8226	1.24829e-07
1.8227	1.18424e-07
1.8228	1.09901e-07
1.8229	1.02932e-07
1.823	9.47717e-08
1.8231	8.7341e-08
1.8232	7.49534e-08
1.8233	6.41434e-08
1.8234	5.24169e-08
1.8235	4.64572e-08
1.8236	3.5723e-08
1.8237	2.44639e-08
1.8238	1.31836e-08
1.8239	-2.0894e-10
1.824	-1.51251e-08
1.8241	-2.64426e-08
1.8242	-3.7682e-08
1.8243	-5.12982e-08
1.8244	-6.47807e-08
1.8245	-8.105e-08
1.8246	-9.5804e-08
1.8247	-1.10364e-07
1.8248	-1.26458e-07
1.8249	-1.41788e-07
1.825	-1.58519e-07
1.8251	-1.65977e-07
1.8252	-1.84741e-07
1.8253	-1.99808e-07
1.8254	-2.09844e-07
1.8255	-2.25124e-07
1.8256	-2.35603e-07
1.8257	-2.51134e-07
1.8258	-2.68074e-07
1.8259	-2.85128e-07
1.826	-3.03916e-07
1.8261	-3.15408e-07
1.8262	-3.35543e-07
1.8263	-3.51964e-07
1.8264	-3.67812e-07
1.8265	-3.89401e-07
1.8266	-4.10784e-07
1.8267	-4.31841e-07
1.8268	-4.42676e-07
1.8269	-4.64762e-07
1.827	-4.80998e-07
1.8271	-4.88278e-07
1.8272	-5.03557e-07
1.8273	-5.21371e-07
1.8274	-5.43505e-07
1.8275	-5.65092e-07
1.8276	-5.8233e-07
1.8277	-6.00672e-07
1.8278	-6.19068e-07
1.8279	-6.36505e-07
1.828	-6.52283e-07
1.8281	-6.69474e-07
1.8282	-6.86095e-07
1.8283	-7.08434e-07
1.8284	-7.30522e-07
1.8285	-7.4775e-07
1.8286	-7.64144e-07
1.8287	-7.80987e-07
1.8288	-7.96732e-07
1.8289	-8.11786e-07
1.829	-8.24464e-07
1.8291	-8.43238e-07
1.8292	-8.55382e-07
1.8293	-8.69846e-07
1.8294	-8.8908e-07
1.8295	-9.03651e-07
1.8296	-9.16493e-07
1.8297	-9.29434e-07
1.8298	-9.41576e-07
1.8299	-9.54914e-07
1.83	-9.63353e-07
1.8301	-9.73033e-07
1.8302	-9.89761e-07
1.8303	-1.0053e-06
1.8304	-1.02014e-06
1.8305	-1.03421e-06
1.8306	-1.04532e-06
1.8307	-1.05917e-06
1.8308	-1.06682e-06
1.8309	-1.08163e-06
1.831	-1.09009e-06
1.8311	-1.0961e-06
1.8312	-1.10726e-06
1.8313	-1.11646e-06
1.8314	-1.12675e-06
1.8315	-1.13674e-06
1.8316	-1.14163e-06
1.8317	-1.14962e-06
1.8318	-1.15806e-06
1.8319	-1.16645e-06
1.832	-1.17191e-06
1.8321	-1.17947e-06
1.8322	-1.18384e-06
1.8323	-1.19057e-06
1.8324	-1.1956e-06
1.8325	-1.19946e-06
1.8326	-1.20575e-06
1.8327	-1.20991e-06
1.8328	-1.20902e-06
1.8329	-1.21206e-06
1.833	-1.21523e-06
1.8331	-1.21632e-06
1.8332	-1.21941e-06
1.8333	-1.2223e-06
1.8334	-1.22159e-06
1.8335	-1.22305e-06
1.8336	-1.22339e-06
1.8337	-1.22054e-06
1.8338	-1.22119e-06
1.8339	-1.21926e-06
1.834	-1.21775e-06
1.8341	-1.21642e-06
1.8342	-1.21649e-06
1.8343	-1.21411e-06
1.8344	-1.21361e-06
1.8345	-1.21231e-06
1.8346	-1.21114e-06
1.8347	-1.20735e-06
1.8348	-1.20511e-06
1.8349	-1.20136e-06
1.835	-1.19916e-06
1.8351	-1.19602e-06
1.8352	-1.19114e-06
1.8353	-1.18877e-06
1.8354	-1.18527e-06
1.8355	-1.18153e-06
1.8356	-1.1784e-06
1.8357	-1.1748e-06
1.8358	-1.17215e-06
1.8359	-1.16575e-06
1.836	-1.16131e-06
1.8361	-1.15693e-06
1.8362	-1.15238e-06
1.8363	-1.14775e-06
1.8364	-1.14323e-06
1.8365	-1.13765e-06
1.8366	-1.13263e-06
1.8367	-1.12966e-06
1.8368	-1.12526e-06
1.8369	-1.11813e-06
1.837	-1.11083e-06
1.8371	-1.10309e-06
1.8372	-1.09626e-06
1.8373	-1.09005e-06
1.8374	-1.08402e-06
1.8375	-1.07874e-06
1.8376	-1.07266e-06
1.8377	-1.06722e-06
1.8378	-1.05544e-06
1.8379	-1.04776e-06
1.838	-1.04034e-06
1.8381	-1.03216e-06
1.8382	-1.02368e-06
1.8383	-1.01573e-06
1.8384	-1.00785e-06
1.8385	-9.98876e-07
1.8386	-9.90732e-07
1.8387	-9.82427e-07
1.8388	-9.73969e-07
1.8389	-9.64478e-07
1.839	-9.55332e-07
1.8391	-9.46968e-07
1.8392	-9.40405e-07
1.8393	-9.33103e-07
1.8394	-9.21105e-07
1.8395	-9.12047e-07
1.8396	-9.05358e-07
1.8397	-8.93834e-07
1.8398	-8.8531e-07
1.8399	-8.74479e-07
1.84	-8.64964e-07
1.8401	-8.55387e-07
1.8402	-8.46035e-07
1.8403	-8.3645e-07
1.8404	-8.27255e-07
1.8405	-8.17249e-07
1.8406	-8.07123e-07
1.8407	-7.98353e-07
1.8408	-7.88768e-07
1.8409	-7.79957e-07
1.841	-7.71887e-07
1.8411	-7.62956e-07
1.8412	-7.52935e-07
1.8413	-7.44257e-07
1.8414	-7.34701e-07
1.8415	-7.23864e-07
1.8416	-7.12456e-07
1.8417	-7.02018e-07
1.8418	-6.91958e-07
1.8419	-6.81673e-07
1.842	-6.73526e-07
1.8421	-6.62958e-07
1.8422	-6.5303e-07
1.8423	-6.43569e-07
1.8424	-6.33975e-07
1.8425	-6.23146e-07
1.8426	-6.12422e-07
1.8427	-6.06351e-07
1.8428	-5.98054e-07
1.8429	-5.89004e-07
1.843	-5.80642e-07
1.8431	-5.71583e-07
1.8432	-5.60584e-07
1.8433	-5.49223e-07
1.8434	-5.38694e-07
1.8435	-5.27547e-07
1.8436	-5.19227e-07
1.8437	-5.12415e-07
1.8438	-5.02427e-07
1.8439	-4.95099e-07
1.844	-4.86982e-07
1.8441	-4.76795e-07
1.8442	-4.6626e-07
1.8443	-4.55073e-07
1.8444	-4.48252e-07
1.8445	-4.39333e-07
1.8446	-4.35329e-07
1.8447	-4.29576e-07
1.8448	-4.1881e-07
1.8449	-4.07947e-07
1.845	-4.02637e-07
1.8451	-3.96955e-07
1.8452	-3.91749e-07
1.8453	-3.86026e-07
1.8454	-3.77858e-07
1.8455	-3.74495e-07
1.8456	-3.69887e-07
1.8457	-3.59704e-07
1.8458	-3.55119e-07
1.8459	-3.53103e-07
1.846	-3.50107e-07
1.8461	-3.41428e-07
1.8462	-3.34076e-07
1.8463	-3.33667e-07
1.8464	-3.33854e-07
1.8465	-3.29184e-07
1.8466	-3.25791e-07
1.8467	-3.23133e-07
1.8468	-3.20854e-07
1.8469	-3.17746e-07
1.847	-3.15076e-07
1.8471	-3.14103e-07
1.8472	-3.15114e-07
1.8473	-3.07791e-07
1.8474	-3.09697e-07
1.8475	-3.08946e-07
1.8476	-3.09319e-07
1.8477	-3.10411e-07
1.8478	-3.11614e-07
1.8479	-3.11473e-07
1.848	-3.07096e-07
1.8481	-3.06017e-07
1.8482	-3.07464e-07
1.8483	-3.07832e-07
1.8484	-3.11384e-07
1.8485	-3.07546e-07
1.8486	-3.08503e-07
1.8487	-3.09741e-07
1.8488	-3.13231e-07
1.8489	-3.16156e-07
1.849	-3.19375e-07
1.8491	-3.28749e-07
1.8492	-3.32068e-07
1.8493	-3.3522e-07
1.8494	-3.38913e-07
1.8495	-3.38735e-07
1.8496	-3.41385e-07
1.8497	-3.42441e-07
1.8498	-3.40551e-07
1.8499	-3.40551e-07
1.85	-3.47091e-07
1.8501	-3.51336e-07
1.8502	-3.55073e-07
1.8503	-3.575e-07
1.8504	-3.58854e-07
1.8505	-3.62024e-07
1.8506	-3.65832e-07
1.8507	-3.69524e-07
1.8508	-3.71722e-07
1.8509	-3.76919e-07
1.851	-3.82991e-07
1.8511	-3.91813e-07
1.8512	-3.98182e-07
1.8513	-4.04886e-07
1.8514	-4.11061e-07
1.8515	-4.15533e-07
1.8516	-4.17387e-07
1.8517	-4.23993e-07
1.8518	-4.27205e-07
1.8519	-4.3594e-07
1.852	-4.43098e-07
1.8521	-4.51822e-07
1.8522	-4.60031e-07
1.8523	-4.67941e-07
1.8524	-4.74218e-07
1.8525	-4.8491e-07
1.8526	-4.8684e-07
1.8527	-4.95741e-07
1.8528	-5.04084e-07
1.8529	-5.08835e-07
1.853	-5.20892e-07
1.8531	-5.31987e-07
1.8532	-5.34419e-07
1.8533	-5.43476e-07
1.8534	-5.55159e-07
1.8535	-5.66854e-07
1.8536	-5.74721e-07
1.8537	-5.83403e-07
1.8538	-5.85745e-07
1.8539	-6.00678e-07
1.854	-6.09519e-07
1.8541	-6.12559e-07
1.8542	-6.16635e-07
1.8543	-6.1836e-07
1.8544	-6.2711e-07
1.8545	-6.36331e-07
1.8546	-6.38722e-07
1.8547	-6.43936e-07
1.8548	-6.47465e-07
1.8549	-6.525e-07
1.855	-6.56797e-07
1.8551	-6.6446e-07
1.8552	-6.72791e-07
1.8553	-6.77879e-07
1.8554	-6.83503e-07
1.8555	-6.87718e-07
1.8556	-6.92491e-07
1.8557	-7.01786e-07
1.8558	-7.07735e-07
1.8559	-7.11619e-07
1.856	-7.20542e-07
1.8561	-7.29561e-07
1.8562	-7.34523e-07
1.8563	-7.40528e-07
1.8564	-7.45853e-07
1.8565	-7.51233e-07
1.8566	-7.56633e-07
1.8567	-7.65695e-07
1.8568	-7.71845e-07
1.8569	-7.80665e-07
1.857	-7.8422e-07
1.8571	-7.90238e-07
1.8572	-7.953e-07
1.8573	-8.02418e-07
1.8574	-8.08487e-07
1.8575	-8.15242e-07
1.8576	-8.23085e-07
1.8577	-8.30337e-07
1.8578	-8.40778e-07
1.8579	-8.46786e-07
1.858	-8.51591e-07
1.8581	-8.55742e-07
1.8582	-8.61655e-07
1.8583	-8.6547e-07
1.8584	-8.68041e-07
1.8585	-8.73995e-07
1.8586	-8.78385e-07
1.8587	-8.81813e-07
1.8588	-8.85734e-07
1.8589	-8.89372e-07
1.859	-8.91274e-07
1.8591	-8.94594e-07
1.8592	-8.9748e-07
1.8593	-8.986e-07
1.8594	-9.00607e-07
1.8595	-9.03037e-07
1.8596	-9.02852e-07
1.8597	-9.04696e-07
1.8598	-9.08101e-07
1.8599	-9.1137e-07
1.86	-9.14263e-07
1.8601	-9.15601e-07
1.8602	-9.15074e-07
1.8603	-9.15934e-07
1.8604	-9.13821e-07
1.8605	-9.13187e-07
1.8606	-9.12144e-07
1.8607	-9.11661e-07
1.8608	-9.10003e-07
1.8609	-9.08177e-07
1.861	-9.06182e-07
1.8611	-9.06083e-07
1.8612	-9.04387e-07
1.8613	-9.02177e-07
1.8614	-9.00843e-07
1.8615	-8.99016e-07
1.8616	-8.96494e-07
1.8617	-8.93197e-07
1.8618	-8.9206e-07
1.8619	-8.89111e-07
1.862	-8.84711e-07
1.8621	-8.80721e-07
1.8622	-8.77205e-07
1.8623	-8.72835e-07
1.8624	-8.69446e-07
1.8625	-8.65365e-07
1.8626	-8.60728e-07
1.8627	-8.55762e-07
1.8628	-8.52103e-07
1.8629	-8.47253e-07
1.863	-8.42746e-07
1.8631	-8.38408e-07
1.8632	-8.33479e-07
1.8633	-8.2764e-07
1.8634	-8.25252e-07
1.8635	-8.20688e-07
1.8636	-8.16462e-07
1.8637	-8.11522e-07
1.8638	-8.05954e-07
1.8639	-8.00333e-07
1.864	-7.95867e-07
1.8641	-7.91696e-07
1.8642	-7.83706e-07
1.8643	-7.79147e-07
1.8644	-7.73403e-07
1.8645	-7.67303e-07
1.8646	-7.62837e-07
1.8647	-7.56587e-07
1.8648	-7.50104e-07
1.8649	-7.46427e-07
1.865	-7.40204e-07
1.8651	-7.34267e-07
1.8652	-7.30211e-07
1.8653	-7.25651e-07
1.8654	-7.21822e-07
1.8655	-7.16077e-07
1.8656	-7.12373e-07
1.8657	-7.08651e-07
1.8658	-7.0344e-07
1.8659	-6.99372e-07
1.866	-6.92015e-07
1.8661	-6.88072e-07
1.8662	-6.82658e-07
1.8663	-6.78533e-07
1.8664	-6.7363e-07
1.8665	-6.67679e-07
1.8666	-6.61631e-07
1.8667	-6.5594e-07
1.8668	-6.51245e-07
1.8669	-6.45471e-07
1.867	-6.39133e-07
1.8671	-6.33794e-07
1.8672	-6.2931e-07
1.8673	-6.23197e-07
1.8674	-6.17e-07
1.8675	-6.11573e-07
1.8676	-6.06291e-07
1.8677	-6.00054e-07
1.8678	-5.92533e-07
1.8679	-5.86702e-07
1.868	-5.84588e-07
1.8681	-5.79532e-07
1.8682	-5.73702e-07
1.8683	-5.68838e-07
1.8684	-5.64369e-07
1.8685	-5.58811e-07
1.8686	-5.54552e-07
1.8687	-5.48808e-07
1.8688	-5.43559e-07
1.8689	-5.38291e-07
1.869	-5.3305e-07
1.8691	-5.27473e-07
1.8692	-5.23792e-07
1.8693	-5.18147e-07
1.8694	-5.15277e-07
1.8695	-5.09197e-07
1.8696	-5.01671e-07
1.8697	-4.97902e-07
1.8698	-4.92197e-07
1.8699	-4.87347e-07
1.87	-4.82277e-07
1.8701	-4.77259e-07
1.8702	-4.71594e-07
1.8703	-4.65566e-07
1.8704	-4.60234e-07
1.8705	-4.54736e-07
1.8706	-4.48106e-07
1.8707	-4.43431e-07
1.8708	-4.38148e-07
1.8709	-4.3217e-07
1.871	-4.26712e-07
1.8711	-4.21078e-07
1.8712	-4.15514e-07
1.8713	-4.09925e-07
1.8714	-4.04082e-07
1.8715	-3.98825e-07
1.8716	-3.91263e-07
1.8717	-3.86474e-07
1.8718	-3.79044e-07
1.8719	-3.72977e-07
1.872	-3.6787e-07
1.8721	-3.63304e-07
1.8722	-3.5794e-07
1.8723	-3.5259e-07
1.8724	-3.4639e-07
1.8725	-3.39111e-07
1.8726	-3.32464e-07
1.8727	-3.24372e-07
1.8728	-3.1731e-07
1.8729	-3.10912e-07
1.873	-3.03791e-07
1.8731	-3.01785e-07
1.8732	-2.95183e-07
1.8733	-2.89186e-07
1.8734	-2.83719e-07
1.8735	-2.76753e-07
1.8736	-2.70933e-07
1.8737	-2.63277e-07
1.8738	-2.55439e-07
1.8739	-2.48383e-07
1.874	-2.41212e-07
1.8741	-2.34242e-07
1.8742	-2.26733e-07
1.8743	-2.1965e-07
1.8744	-2.12185e-07
1.8745	-2.07026e-07
1.8746	-1.99594e-07
1.8747	-1.92211e-07
1.8748	-1.86647e-07
1.8749	-1.78405e-07
1.875	-1.71459e-07
1.8751	-1.65113e-07
1.8752	-1.57653e-07
1.8753	-1.49235e-07
1.8754	-1.41069e-07
1.8755	-1.32785e-07
1.8756	-1.25273e-07
1.8757	-1.18337e-07
1.8758	-1.11317e-07
1.8759	-1.0326e-07
1.876	-9.55834e-08
1.8761	-8.70064e-08
1.8762	-7.90289e-08
1.8763	-7.05709e-08
1.8764	-6.27409e-08
1.8765	-5.91262e-08
1.8766	-5.07861e-08
1.8767	-4.78904e-08
1.8768	-4.08068e-08
1.8769	-3.10758e-08
1.877	-2.39599e-08
1.8771	-1.63349e-08
1.8772	-8.79641e-09
1.8773	-1.18506e-09
1.8774	6.00013e-09
1.8775	1.4666e-08
1.8776	2.42203e-08
1.8777	3.03033e-08
1.8778	3.36386e-08
1.8779	4.07096e-08
1.878	4.77115e-08
1.8781	5.45399e-08
1.8782	6.18895e-08
1.8783	7.2039e-08
1.8784	7.67407e-08
1.8785	8.43029e-08
1.8786	9.39111e-08
1.8787	1.00115e-07
1.8788	1.00666e-07
1.8789	1.06417e-07
1.879	1.12412e-07
1.8791	1.17522e-07
1.8792	1.2342e-07
1.8793	1.23372e-07
1.8794	1.29035e-07
1.8795	1.33852e-07
1.8796	1.31541e-07
1.8797	1.36313e-07
1.8798	1.35945e-07
1.8799	1.40778e-07
1.88	1.50277e-07
1.8801	1.55887e-07
1.8802	1.64613e-07
1.8803	1.66539e-07
1.8804	1.65042e-07
1.8805	1.67743e-07
1.8806	1.66723e-07
1.8807	1.63787e-07
1.8808	1.72202e-07
1.8809	1.75714e-07
1.881	1.7842e-07
1.8811	1.7879e-07
1.8812	1.77476e-07
1.8813	1.86038e-07
1.8814	1.94343e-07
1.8815	1.95816e-07
1.8816	1.9172e-07
1.8817	1.93831e-07
1.8818	1.98483e-07
1.8819	1.98983e-07
1.882	1.98112e-07
1.8821	1.97909e-07
1.8822	1.99492e-07
1.8823	2.05267e-07
1.8824	2.00609e-07
1.8825	2.00911e-07
1.8826	2.01137e-07
1.8827	2.0837e-07
1.8828	2.06927e-07
1.8829	2.05089e-07
1.883	2.04616e-07
1.8831	2.09427e-07
1.8832	2.04461e-07
1.8833	2.02417e-07
1.8834	2.07127e-07
1.8835	2.11458e-07
1.8836	2.15591e-07
1.8837	2.10082e-07
1.8838	2.14258e-07
1.8839	2.12912e-07
1.884	2.08548e-07
1.8841	2.05319e-07
1.8842	2.09643e-07
1.8843	2.11703e-07
1.8844	2.13614e-07
1.8845	2.16589e-07
1.8846	2.18959e-07
1.8847	2.15754e-07
1.8848	2.15802e-07
1.8849	2.15636e-07
1.885	2.16194e-07
1.8851	2.16635e-07
1.8852	2.15231e-07
1.8853	2.08182e-07
1.8854	2.0134e-07
1.8855	1.9282e-07
1.8856	1.91112e-07
1.8857	1.83502e-07
1.8858	1.71397e-07
1.8859	1.67146e-07
1.886	1.58761e-07
1.8861	1.52854e-07
1.8862	1.56883e-07
1.8863	1.52734e-07
1.8864	1.43723e-07
1.8865	1.35962e-07
1.8866	1.28754e-07
1.8867	1.1776e-07
1.8868	1.10481e-07
1.8869	1.02014e-07
1.887	9.32304e-08
1.8871	8.1635e-08
1.8872	6.92827e-08
1.8873	5.84811e-08
1.8874	5.18043e-08
1.8875	4.11072e-08
1.8876	3.05413e-08
1.8877	1.93239e-08
1.8878	3.7605e-09
1.8879	-8.09861e-09
1.888	-1.81501e-08
1.8881	-3.02987e-08
1.8882	-4.44681e-08
1.8883	-5.90151e-08
1.8884	-7.39198e-08
1.8885	-8.96073e-08
1.8886	-1.05369e-07
1.8887	-1.22025e-07
1.8888	-1.38556e-07
1.8889	-1.53493e-07
1.889	-1.61804e-07
1.8891	-1.8112e-07
1.8892	-1.95512e-07
1.8893	-2.08661e-07
1.8894	-2.23637e-07
1.8895	-2.41983e-07
1.8896	-2.58694e-07
1.8897	-2.74672e-07
1.8898	-2.95485e-07
1.8899	-3.12299e-07
1.89	-3.33559e-07
1.8901	-3.54368e-07
1.8902	-3.69634e-07
1.8903	-3.91213e-07
1.8904	-4.13061e-07
1.8905	-4.34372e-07
1.8906	-4.51045e-07
1.8907	-4.5761e-07
1.8908	-4.75224e-07
1.8909	-4.92979e-07
1.891	-5.09801e-07
1.8911	-5.24863e-07
1.8912	-5.36853e-07
1.8913	-5.58315e-07
1.8914	-5.68888e-07
1.8915	-5.86799e-07
1.8916	-6.09524e-07
1.8917	-6.27497e-07
1.8918	-6.39205e-07
1.8919	-6.56941e-07
1.892	-6.73976e-07
1.8921	-6.89512e-07
1.8922	-7.10835e-07
1.8923	-7.33773e-07
1.8924	-7.48861e-07
1.8925	-7.59765e-07
1.8926	-7.73811e-07
1.8927	-7.89675e-07
1.8928	-7.99984e-07
1.8929	-8.13434e-07
1.893	-8.28421e-07
1.8931	-8.49556e-07
1.8932	-8.67338e-07
1.8933	-8.79545e-07
1.8934	-8.97826e-07
1.8935	-9.16644e-07
1.8936	-9.28526e-07
1.8937	-9.39499e-07
1.8938	-9.51103e-07
1.8939	-9.56617e-07
1.894	-9.68977e-07
1.8941	-9.85116e-07
1.8942	-9.95918e-07
1.8943	-1.01108e-06
1.8944	-1.02733e-06
1.8945	-1.04081e-06
1.8946	-1.05345e-06
1.8947	-1.0649e-06
1.8948	-1.07451e-06
1.8949	-1.08661e-06
1.895	-1.09328e-06
1.8951	-1.09919e-06
1.8952	-1.10919e-06
1.8953	-1.11961e-06
1.8954	-1.1289e-06
1.8955	-1.13791e-06
1.8956	-1.14663e-06
1.8957	-1.15285e-06
1.8958	-1.16057e-06
1.8959	-1.16311e-06
1.896	-1.16767e-06
1.8961	-1.17462e-06
1.8962	-1.18061e-06
1.8963	-1.1854e-06
1.8964	-1.18991e-06
1.8965	-1.19459e-06
1.8966	-1.19838e-06
1.8967	-1.20119e-06
1.8968	-1.20487e-06
1.8969	-1.20784e-06
1.897	-1.20973e-06
1.8971	-1.21239e-06
1.8972	-1.21465e-06
1.8973	-1.21508e-06
1.8974	-1.2163e-06
1.8975	-1.2174e-06
1.8976	-1.21699e-06
1.8977	-1.21782e-06
1.8978	-1.21827e-06
1.8979	-1.2172e-06
1.898	-1.21618e-06
1.8981	-1.21531e-06
1.8982	-1.21389e-06
1.8983	-1.21218e-06
1.8984	-1.21143e-06
1.8985	-1.20896e-06
1.8986	-1.20543e-06
1.8987	-1.2014e-06
1.8988	-1.19785e-06
1.8989	-1.19513e-06
1.899	-1.19278e-06
1.8991	-1.18964e-06
1.8992	-1.18487e-06
1.8993	-1.18141e-06
1.8994	-1.17718e-06
1.8995	-1.17288e-06
1.8996	-1.1692e-06
1.8997	-1.16603e-06
1.8998	-1.15864e-06
1.8999	-1.15391e-06
1.9	-1.14933e-06
1.9001	-1.14422e-06
1.9002	-1.13954e-06
1.9003	-1.13488e-06
1.9004	-1.12886e-06
1.9005	-1.12311e-06
1.9006	-1.11823e-06
1.9007	-1.11246e-06
1.9008	-1.10587e-06
1.9009	-1.09868e-06
1.901	-1.09184e-06
1.9011	-1.0857e-06
1.9012	-1.07992e-06
1.9013	-1.07377e-06
1.9014	-1.06742e-06
1.9015	-1.06264e-06
1.9016	-1.05373e-06
1.9017	-1.04486e-06
1.9018	-1.03835e-06
1.9019	-1.02988e-06
1.902	-1.02257e-06
1.9021	-1.0142e-06
1.9022	-1.00672e-06
1.9023	-9.98848e-07
1.9024	-9.90549e-07
1.9025	-9.83746e-07
1.9026	-9.76132e-07
1.9027	-9.69736e-07
1.9028	-9.6188e-07
1.9029	-9.521e-07
1.903	-9.43896e-07
1.9031	-9.37263e-07
1.9032	-9.2741e-07
1.9033	-9.18222e-07
1.9034	-9.08524e-07
1.9035	-9.01536e-07
1.9036	-8.91563e-07
1.9037	-8.80871e-07
1.9038	-8.71575e-07
1.9039	-8.64605e-07
1.904	-8.54922e-07
1.9041	-8.45469e-07
1.9042	-8.35484e-07
1.9043	-8.25589e-07
1.9044	-8.16331e-07
1.9045	-8.06201e-07
1.9046	-7.92835e-07
1.9047	-7.86049e-07
1.9048	-7.76589e-07
1.9049	-7.6672e-07
1.905	-7.57216e-07
1.9051	-7.46612e-07
1.9052	-7.36332e-07
1.9053	-7.24431e-07
1.9054	-7.15175e-07
1.9055	-7.05703e-07
1.9056	-6.95658e-07
1.9057	-6.86196e-07
1.9058	-6.75912e-07
1.9059	-6.65691e-07
1.906	-6.55152e-07
1.9061	-6.44505e-07
1.9062	-6.34775e-07
1.9063	-6.25242e-07
1.9064	-6.14419e-07
1.9065	-6.06297e-07
1.9066	-5.97834e-07
1.9067	-5.87435e-07
1.9068	-5.80115e-07
1.9069	-5.72289e-07
1.907	-5.6166e-07
1.9071	-5.51634e-07
1.9072	-5.42076e-07
1.9073	-5.32329e-07
1.9074	-5.26309e-07
1.9075	-5.12918e-07
1.9076	-5.05006e-07
1.9077	-4.97245e-07
1.9078	-4.86016e-07
1.9079	-4.75902e-07
1.908	-4.66247e-07
1.9081	-4.55352e-07
1.9082	-4.44096e-07
1.9083	-4.35792e-07
1.9084	-4.29044e-07
1.9085	-4.18833e-07
1.9086	-4.12778e-07
1.9087	-4.05376e-07
1.9088	-3.93795e-07
1.9089	-3.93042e-07
1.909	-3.90412e-07
1.9091	-3.80492e-07
1.9092	-3.71693e-07
1.9093	-3.62439e-07
1.9094	-3.58251e-07
1.9095	-3.54664e-07
1.9096	-3.45582e-07
1.9097	-3.36643e-07
1.9098	-3.35416e-07
1.9099	-3.31122e-07
1.91	-3.2142e-07
1.9101	-3.15337e-07
1.9102	-3.11891e-07
1.9103	-3.06513e-07
1.9104	-3.06821e-07
1.9105	-3.07338e-07
1.9106	-2.98401e-07
1.9107	-2.95204e-07
1.9108	-2.93506e-07
1.9109	-2.91871e-07
1.911	-2.89369e-07
1.9111	-2.91749e-07
1.9112	-2.85864e-07
1.9113	-2.86025e-07
1.9114	-2.85452e-07
1.9115	-2.88211e-07
1.9116	-2.88151e-07
1.9117	-2.89401e-07
1.9118	-2.90975e-07
1.9119	-2.87681e-07
1.912	-2.87186e-07
1.9121	-2.86983e-07
1.9122	-2.88179e-07
1.9123	-2.8432e-07
1.9124	-2.84704e-07
1.9125	-2.8616e-07
1.9126	-2.8947e-07
1.9127	-2.87365e-07
1.9128	-2.85312e-07
1.9129	-2.88892e-07
1.913	-2.8862e-07
1.9131	-2.87121e-07
1.9132	-2.85706e-07
1.9133	-2.84619e-07
1.9134	-2.90468e-07
1.9135	-2.87532e-07
1.9136	-2.88366e-07
1.9137	-2.92417e-07
1.9138	-2.96562e-07
1.9139	-3.024e-07
1.914	-3.07234e-07
1.9141	-3.1092e-07
1.9142	-3.12424e-07
1.9143	-3.17511e-07
1.9144	-3.23738e-07
1.9145	-3.278e-07
1.9146	-3.33212e-07
1.9147	-3.34304e-07
1.9148	-3.3822e-07
1.9149	-3.45026e-07
1.915	-3.49085e-07
1.9151	-3.55683e-07
1.9152	-3.6383e-07
1.9153	-3.70882e-07
1.9154	-3.73275e-07
1.9155	-3.78764e-07
1.9156	-3.85415e-07
1.9157	-3.90595e-07
1.9158	-3.97921e-07
1.9159	-4.02018e-07
1.916	-4.11275e-07
1.9161	-4.19395e-07
1.9162	-4.25398e-07
1.9163	-4.36573e-07
1.9164	-4.41269e-07
1.9165	-4.52004e-07
1.9166	-4.61846e-07
1.9167	-4.63759e-07
1.9168	-4.65316e-07
1.9169	-4.76312e-07
1.917	-4.84695e-07
1.9171	-4.87634e-07
1.9172	-4.90334e-07
1.9173	-4.98546e-07
1.9174	-5.10753e-07
1.9175	-5.1361e-07
1.9176	-5.2246e-07
1.9177	-5.3503e-07
1.9178	-5.38038e-07
1.9179	-5.46381e-07
1.918	-5.55166e-07
1.9181	-5.64596e-07
1.9182	-5.68443e-07
1.9183	-5.77869e-07
1.9184	-5.84132e-07
1.9185	-5.92301e-07
1.9186	-5.97083e-07
1.9187	-6.01407e-07
1.9188	-6.04877e-07
1.9189	-6.08654e-07
1.919	-6.14033e-07
1.9191	-6.22058e-07
1.9192	-6.29889e-07
1.9193	-6.39025e-07
1.9194	-6.47889e-07
1.9195	-6.62385e-07
1.9196	-6.68058e-07
1.9197	-6.7633e-07
1.9198	-6.88891e-07
1.9199	-6.97264e-07
1.92	-7.03985e-07
1.9201	-7.1384e-07
1.9202	-7.22221e-07
1.9203	-7.30033e-07
1.9204	-7.3522e-07
1.9205	-7.44224e-07
1.9206	-7.52831e-07
1.9207	-7.58029e-07
1.9208	-7.67091e-07
1.9209	-7.73852e-07
1.921	-7.77594e-07
1.9211	-7.81793e-07
1.9212	-7.8954e-07
1.9213	-7.94623e-07
1.9214	-8.0073e-07
1.9215	-8.04214e-07
1.9216	-8.0756e-07
1.9217	-8.13766e-07
1.9218	-8.20016e-07
1.9219	-8.25446e-07
1.922	-8.30584e-07
1.9221	-8.34575e-07
1.9222	-8.39885e-07
1.9223	-8.43702e-07
1.9224	-8.47218e-07
1.9225	-8.52937e-07
1.9226	-8.56449e-07
1.9227	-8.59616e-07
1.9228	-8.61617e-07
1.9229	-8.64719e-07
1.923	-8.6999e-07
1.9231	-8.72426e-07
1.9232	-8.74554e-07
1.9233	-8.75709e-07
1.9234	-8.75815e-07
1.9235	-8.78735e-07
1.9236	-8.7992e-07
1.9237	-8.81654e-07
1.9238	-8.82345e-07
1.9239	-8.80899e-07
1.924	-8.80728e-07
1.9241	-8.8188e-07
1.9242	-8.81757e-07
1.9243	-8.81219e-07
1.9244	-8.7997e-07
1.9245	-8.80867e-07
1.9246	-8.79174e-07
1.9247	-8.77408e-07
1.9248	-8.75242e-07
1.9249	-8.74938e-07
1.925	-8.72917e-07
1.9251	-8.70304e-07
1.9252	-8.66828e-07
1.9253	-8.63896e-07
1.9254	-8.62166e-07
1.9255	-8.5945e-07
1.9256	-8.55798e-07
1.9257	-8.54112e-07
1.9258	-8.52374e-07
1.9259	-8.46999e-07
1.926	-8.43771e-07
1.9261	-8.40653e-07
1.9262	-8.36805e-07
1.9263	-8.32587e-07
1.9264	-8.28582e-07
1.9265	-8.24183e-07
1.9266	-8.20319e-07
1.9267	-8.16178e-07
1.9268	-8.11614e-07
1.9269	-8.07906e-07
1.927	-8.02087e-07
1.9271	-7.96567e-07
1.9272	-7.92818e-07
1.9273	-7.90093e-07
1.9274	-7.8534e-07
1.9275	-7.7963e-07
1.9276	-7.7493e-07
1.9277	-7.69661e-07
1.9278	-7.64479e-07
1.9279	-7.59711e-07
1.928	-7.5456e-07
1.9281	-7.47841e-07
1.9282	-7.42242e-07
1.9283	-7.37202e-07
1.9284	-7.32083e-07
1.9285	-7.26358e-07
1.9286	-7.20817e-07
1.9287	-7.16378e-07
1.9288	-7.12065e-07
1.9289	-7.06498e-07
1.929	-7.00163e-07
1.9291	-6.98086e-07
1.9292	-6.9466e-07
1.9293	-6.89971e-07
1.9294	-6.85058e-07
1.9295	-6.79801e-07
1.9296	-6.74096e-07
1.9297	-6.69596e-07
1.9298	-6.63844e-07
1.9299	-6.5968e-07
1.93	-6.53501e-07
1.9301	-6.47626e-07
1.9302	-6.42043e-07
1.9303	-6.36051e-07
1.9304	-6.30942e-07
1.9305	-6.24872e-07
1.9306	-6.20364e-07
1.9307	-6.13388e-07
1.9308	-6.08355e-07
1.9309	-6.02841e-07
1.931	-5.97084e-07
1.9311	-5.91097e-07
1.9312	-5.86057e-07
1.9313	-5.81442e-07
1.9314	-5.77032e-07
1.9315	-5.71289e-07
1.9316	-5.65942e-07
1.9317	-5.59012e-07
1.9318	-5.56421e-07
1.9319	-5.50445e-07
1.932	-5.45677e-07
1.9321	-5.41088e-07
1.9322	-5.36849e-07
1.9323	-5.30264e-07
1.9324	-5.24044e-07
1.9325	-5.19555e-07
1.9326	-5.12935e-07
1.9327	-5.07672e-07
1.9328	-5.01886e-07
1.9329	-4.95066e-07
1.933	-4.90485e-07
1.9331	-4.8504e-07
1.9332	-4.81296e-07
1.9333	-4.75423e-07
1.9334	-4.69085e-07
1.9335	-4.62065e-07
1.9336	-4.58402e-07
1.9337	-4.54975e-07
1.9338	-4.4916e-07
1.9339	-4.4367e-07
1.934	-4.383e-07
1.9341	-4.32775e-07
1.9342	-4.28342e-07
1.9343	-4.23433e-07
1.9344	-4.17843e-07
1.9345	-4.10886e-07
1.9346	-4.07795e-07
1.9347	-4.02165e-07
1.9348	-3.9652e-07
1.9349	-3.90315e-07
1.935	-3.84748e-07
1.9351	-3.7837e-07
1.9352	-3.72632e-07
1.9353	-3.67572e-07
1.9354	-3.62532e-07
1.9355	-3.56841e-07
1.9356	-3.50045e-07
1.9357	-3.42934e-07
1.9358	-3.37635e-07
1.9359	-3.32659e-07
1.936	-3.27342e-07
1.9361	-3.20366e-07
1.9362	-3.14186e-07
1.9363	-3.07599e-07
1.9364	-3.0078e-07
1.9365	-2.94626e-07
1.9366	-2.87491e-07
1.9367	-2.81202e-07
1.9368	-2.74901e-07
1.9369	-2.67819e-07
1.937	-2.61735e-07
1.9371	-2.56116e-07
1.9372	-2.49756e-07
1.9373	-2.42631e-07
1.9374	-2.36195e-07
1.9375	-2.30941e-07
1.9376	-2.22645e-07
1.9377	-2.15784e-07
1.9378	-2.08839e-07
1.9379	-2.0175e-07
1.938	-1.94849e-07
1.9381	-1.87615e-07
1.9382	-1.80042e-07
1.9383	-1.75287e-07
1.9384	-1.70157e-07
1.9385	-1.6263e-07
1.9386	-1.55382e-07
1.9387	-1.47166e-07
1.9388	-1.41103e-07
1.9389	-1.33193e-07
1.939	-1.2513e-07
1.9391	-1.16769e-07
1.9392	-1.0854e-07
1.9393	-1.00699e-07
1.9394	-9.29696e-08
1.9395	-8.51445e-08
1.9396	-7.76461e-08
1.9397	-7.01163e-08
1.9398	-6.69114e-08
1.9399	-5.89143e-08
1.94	-5.00608e-08
1.9401	-4.16903e-08
1.9402	-3.88253e-08
1.9403	-3.07988e-08
1.9404	-2.64525e-08
1.9405	-1.97431e-08
1.9406	-1.09989e-08
1.9407	-3.59271e-09
1.9408	3.72817e-09
1.9409	1.20035e-08
1.941	1.77098e-08
1.9411	1.96499e-08
1.9412	2.25754e-08
1.9413	2.97993e-08
1.9414	3.76989e-08
1.9415	4.07119e-08
1.9416	5.00552e-08
1.9417	5.63633e-08
1.9418	5.91014e-08
1.9419	6.44496e-08
1.942	7.42118e-08
1.9421	8.15734e-08
1.9422	8.75369e-08
1.9423	9.08469e-08
1.9424	9.69902e-08
1.9425	1.03347e-07
1.9426	1.10236e-07
1.9427	1.16497e-07
1.9428	1.26156e-07
1.9429	1.31672e-07
1.943	1.37577e-07
1.9431	1.42184e-07
1.9432	1.46707e-07
1.9433	1.51748e-07
1.9434	1.56523e-07
1.9435	1.5681e-07
1.9436	1.61241e-07
1.9437	1.66049e-07
1.9438	1.7088e-07
1.9439	1.74209e-07
1.944	1.83467e-07
1.9441	1.85496e-07
1.9442	1.94842e-07
1.9443	1.94432e-07
1.9444	1.91865e-07
1.9445	1.94936e-07
1.9446	1.98044e-07
1.9447	2.06491e-07
1.9448	2.08804e-07
1.9449	2.10837e-07
1.945	2.12587e-07
1.9451	2.20378e-07
1.9452	2.22484e-07
1.9453	2.2562e-07
1.9454	2.29137e-07
1.9455	2.35197e-07
1.9456	2.29759e-07
1.9457	2.36938e-07
1.9458	2.37307e-07
1.9459	2.34328e-07
1.946	2.34045e-07
1.9461	2.33244e-07
1.9462	2.39491e-07
1.9463	2.40053e-07
1.9464	2.39912e-07
1.9465	2.47394e-07
1.9466	2.45292e-07
1.9467	2.50258e-07
1.9468	2.56141e-07
1.9469	2.62567e-07
1.947	2.68597e-07
1.9471	2.65965e-07
1.9472	2.70908e-07
1.9473	2.75262e-07
1.9474	2.73578e-07
1.9475	2.78669e-07
1.9476	2.75571e-07
1.9477	2.77072e-07
1.9478	2.79667e-07
1.9479	2.83971e-07
1.948	2.81416e-07
1.9481	2.83026e-07
1.9482	2.85012e-07
1.9483	2.79181e-07
1.9484	2.73758e-07
1.9485	2.76007e-07
1.9486	2.78491e-07
1.9487	2.7896e-07
1.9488	2.79468e-07
1.9489	2.73709e-07
1.949	2.73526e-07
1.9491	2.71322e-07
1.9492	2.70169e-07
1.9493	2.63076e-07
1.9494	2.62072e-07
1.9495	2.56074e-07
1.9496	2.51612e-07
1.9497	2.4882e-07
1.9498	2.40886e-07
1.9499	2.35272e-07
1.95	2.2549e-07
1.9501	2.22133e-07
1.9502	2.14317e-07
1.9503	2.09712e-07
1.9504	2.04003e-07
1.9505	1.92447e-07
1.9506	1.8298e-07
1.9507	1.7325e-07
1.9508	1.63562e-07
1.9509	1.53574e-07
1.951	1.43785e-07
1.9511	1.29428e-07
1.9512	1.2209e-07
1.9513	1.1136e-07
1.9514	1.00489e-07
1.9515	9.07394e-08
1.9516	8.15745e-08
1.9517	6.94864e-08
1.9518	5.82985e-08
1.9519	4.81653e-08
1.952	3.34498e-08
1.9521	1.99073e-08
1.9522	9.60226e-09
1.9523	-5.0774e-09
1.9524	-2.01474e-08
1.9525	-3.56247e-08
1.9526	-5.166e-08
1.9527	-6.6703e-08
1.9528	-7.68431e-08
1.9529	-9.62232e-08
1.953	-1.12708e-07
1.9531	-1.25313e-07
1.9532	-1.43495e-07
1.9533	-1.60317e-07
1.9534	-1.72008e-07
1.9535	-1.86216e-07
1.9536	-2.06045e-07
1.9537	-2.24812e-07
1.9538	-2.45055e-07
1.9539	-2.60987e-07
1.954	-2.70464e-07
1.9541	-2.85167e-07
1.9542	-2.93286e-07
1.9543	-3.1412e-07
1.9544	-3.3655e-07
1.9545	-3.58949e-07
1.9546	-3.80583e-07
1.9547	-3.99241e-07
1.9548	-4.18474e-07
1.9549	-4.38313e-07
1.955	-4.44816e-07
1.9551	-4.65635e-07
1.9552	-4.83026e-07
1.9553	-4.95269e-07
1.9554	-5.05162e-07
1.9555	-5.15685e-07
1.9556	-5.32189e-07
1.9557	-5.38847e-07
1.9558	-5.5146e-07
1.9559	-5.62414e-07
1.956	-5.79003e-07
1.9561	-5.93704e-07
1.9562	-6.09362e-07
1.9563	-6.31664e-07
1.9564	-6.47208e-07
1.9565	-6.59131e-07
1.9566	-6.73457e-07
1.9567	-6.87964e-07
1.9568	-6.96434e-07
1.9569	-7.10678e-07
1.957	-7.30578e-07
1.9571	-7.43959e-07
1.9572	-7.6279e-07
1.9573	-7.76065e-07
1.9574	-7.92346e-07
1.9575	-8.03991e-07
1.9576	-8.19786e-07
1.9577	-8.35343e-07
1.9578	-8.48335e-07
1.9579	-8.57244e-07
1.958	-8.72632e-07
1.9581	-8.8139e-07
1.9582	-8.96775e-07
1.9583	-9.06719e-07
1.9584	-9.19734e-07
1.9585	-9.34072e-07
1.9586	-9.41028e-07
1.9587	-9.53931e-07
1.9588	-9.60766e-07
1.9589	-9.6798e-07
1.959	-9.77697e-07
1.9591	-9.89412e-07
1.9592	-9.98296e-07
1.9593	-1.00649e-06
1.9594	-1.0141e-06
1.9595	-1.02314e-06
1.9596	-1.02811e-06
1.9597	-1.03432e-06
1.9598	-1.03954e-06
1.9599	-1.04657e-06
1.96	-1.0533e-06
1.9601	-1.05831e-06
1.9602	-1.06303e-06
1.9603	-1.06653e-06
1.9604	-1.0709e-06
1.9605	-1.07488e-06
1.9606	-1.07433e-06
1.9607	-1.07757e-06
1.9608	-1.07644e-06
1.9609	-1.08059e-06
1.961	-1.07902e-06
1.9611	-1.07775e-06
1.9612	-1.07815e-06
1.9613	-1.07914e-06
1.9614	-1.07934e-06
1.9615	-1.07851e-06
1.9616	-1.07789e-06
1.9617	-1.07825e-06
1.9618	-1.07625e-06
1.9619	-1.07519e-06
1.962	-1.07448e-06
1.9621	-1.0726e-06
1.9622	-1.07055e-06
1.9623	-1.06948e-06
1.9624	-1.06713e-06
1.9625	-1.06367e-06
1.9626	-1.05989e-06
1.9627	-1.05684e-06
1.9628	-1.05399e-06
1.9629	-1.05013e-06
1.963	-1.04688e-06
1.9631	-1.04288e-06
1.9632	-1.03898e-06
1.9633	-1.03552e-06
1.9634	-1.03146e-06
1.9635	-1.02732e-06
1.9636	-1.02479e-06
1.9637	-1.01701e-06
1.9638	-1.01249e-06
1.9639	-1.00746e-06
1.964	-1.00275e-06
1.9641	-9.98642e-07
1.9642	-9.93656e-07
1.9643	-9.88035e-07
1.9644	-9.79867e-07
1.9645	-9.751e-07
1.9646	-9.69316e-07
1.9647	-9.63492e-07
1.9648	-9.57712e-07
1.9649	-9.51325e-07
1.965	-9.45769e-07
1.9651	-9.42193e-07
1.9652	-9.35726e-07
1.9653	-9.29648e-07
1.9654	-9.26387e-07
1.9655	-9.17918e-07
1.9656	-9.06826e-07
1.9657	-8.99485e-07
1.9658	-8.91739e-07
1.9659	-8.84352e-07
1.966	-8.76251e-07
1.9661	-8.68132e-07
1.9662	-8.61029e-07
1.9663	-8.53073e-07
1.9664	-8.44008e-07
1.9665	-8.35398e-07
1.9666	-8.27721e-07
1.9667	-8.18043e-07
1.9668	-8.08718e-07
1.9669	-8.02556e-07
1.967	-7.98132e-07
1.9671	-7.87168e-07
1.9672	-7.79765e-07
1.9673	-7.71501e-07
1.9674	-7.63118e-07
1.9675	-7.53149e-07
1.9676	-7.45166e-07
1.9677	-7.36155e-07
1.9678	-7.26438e-07
1.9679	-7.16941e-07
1.968	-7.0773e-07
1.9681	-6.99143e-07
1.9682	-6.90064e-07
1.9683	-6.80346e-07
1.9684	-6.70198e-07
1.9685	-6.61287e-07
1.9686	-6.52202e-07
1.9687	-6.42673e-07
1.9688	-6.41162e-07
1.9689	-6.32249e-07
1.969	-6.21849e-07
1.9691	-6.1127e-07
1.9692	-6.01908e-07
1.9693	-5.9135e-07
1.9694	-5.80799e-07
1.9695	-5.70075e-07
1.9696	-5.60012e-07
1.9697	-5.4934e-07
1.9698	-5.38762e-07
1.9699	-5.27922e-07
1.97	-5.19487e-07
1.9701	-5.10088e-07
1.9702	-4.99717e-07
1.9703	-4.88867e-07
1.9704	-4.78723e-07
1.9705	-4.69871e-07
1.9706	-4.58412e-07
1.9707	-4.4696e-07
1.9708	-4.35736e-07
1.9709	-4.24984e-07
1.971	-4.13528e-07
1.9711	-4.00785e-07
1.9712	-3.90244e-07
1.9713	-3.80833e-07
1.9714	-3.71981e-07
1.9715	-3.61494e-07
1.9716	-3.50099e-07
1.9717	-3.39393e-07
1.9718	-3.28206e-07
1.9719	-3.2136e-07
1.972	-3.10034e-07
1.9721	-3.03385e-07
1.9722	-2.93223e-07
1.9723	-2.8307e-07
1.9724	-2.76364e-07
1.9725	-2.70682e-07
1.9726	-2.65745e-07
1.9727	-2.5868e-07
1.9728	-2.49498e-07
1.9729	-2.43997e-07
1.973	-2.41029e-07
1.9731	-2.36406e-07
1.9732	-2.27877e-07
1.9733	-2.17667e-07
1.9734	-2.12374e-07
1.9735	-2.03126e-07
1.9736	-1.99376e-07
1.9737	-1.95444e-07
1.9738	-1.95982e-07
1.9739	-1.92859e-07
1.974	-1.89929e-07
1.9741	-1.78999e-07
1.9742	-1.7843e-07
1.9743	-1.73867e-07
1.9744	-1.68783e-07
1.9745	-1.6542e-07
1.9746	-1.62885e-07
1.9747	-1.6102e-07
1.9748	-1.58071e-07
1.9749	-1.57222e-07
1.975	-1.53936e-07
1.9751	-1.55713e-07
1.9752	-1.47975e-07
1.9753	-1.49298e-07
1.9754	-1.50257e-07
1.9755	-1.45029e-07
1.9756	-1.44128e-07
1.9757	-1.44526e-07
1.9758	-1.48824e-07
1.9759	-1.42619e-07
1.976	-1.40632e-07
1.9761	-1.42895e-07
1.9762	-1.46466e-07
1.9763	-1.46851e-07
1.9764	-1.48813e-07
1.9765	-1.51211e-07
1.9766	-1.46963e-07
1.9767	-1.50933e-07
1.9768	-1.49911e-07
1.9769	-1.52563e-07
1.977	-1.61731e-07
1.9771	-1.64921e-07
1.9772	-1.68572e-07
1.9773	-1.71162e-07
1.9774	-1.75982e-07
1.9775	-1.80957e-07
1.9776	-1.82337e-07
1.9777	-1.79232e-07
1.9778	-1.84717e-07
1.9779	-1.88668e-07
1.978	-1.93973e-07
1.9781	-1.95653e-07
1.9782	-2.00357e-07
1.9783	-2.03891e-07
1.9784	-2.0915e-07
1.9785	-2.12406e-07
1.9786	-2.18746e-07
1.9787	-2.23827e-07
1.9788	-2.25133e-07
1.9789	-2.34712e-07
1.979	-2.40008e-07
1.9791	-2.46105e-07
1.9792	-2.52922e-07
1.9793	-2.58431e-07
1.9794	-2.61076e-07
1.9795	-2.65992e-07
1.9796	-2.73835e-07
1.9797	-2.75615e-07
1.9798	-2.82238e-07
1.9799	-2.89324e-07
1.98	-2.94035e-07
1.9801	-3.02988e-07
1.9802	-3.10496e-07
1.9803	-3.17873e-07
1.9804	-3.24023e-07
1.9805	-3.3439e-07
1.9806	-3.44841e-07
1.9807	-3.53318e-07
1.9808	-3.64566e-07
1.9809	-3.74694e-07
1.981	-3.82061e-07
1.9811	-3.83423e-07
1.9812	-3.93328e-07
1.9813	-4.01675e-07
1.9814	-4.045e-07
1.9815	-4.07597e-07
1.9816	-4.16032e-07
1.9817	-4.28377e-07
1.9818	-4.36837e-07
1.9819	-4.42698e-07
1.982	-4.52168e-07
1.9821	-4.60551e-07
1.9822	-4.69485e-07
1.9823	-4.78648e-07
1.9824	-4.88437e-07
1.9825	-4.97763e-07
1.9826	-5.09317e-07
1.9827	-5.16949e-07
1.9828	-5.25434e-07
1.9829	-5.31366e-07
1.983	-5.38839e-07
1.9831	-5.47758e-07
1.9832	-5.52081e-07
1.9833	-5.60597e-07
1.9834	-5.75077e-07
1.9835	-5.83643e-07
1.9836	-5.91962e-07
1.9837	-5.97864e-07
1.9838	-6.03711e-07
1.9839	-6.13313e-07
1.984	-6.21718e-07
1.9841	-6.26034e-07
1.9842	-6.39628e-07
1.9843	-6.47692e-07
1.9844	-6.5295e-07
1.9845	-6.58043e-07
1.9846	-6.70862e-07
1.9847	-6.77582e-07
1.9848	-6.86441e-07
1.9849	-6.91946e-07
1.985	-6.99024e-07
1.9851	-7.04884e-07
1.9852	-7.07852e-07
1.9853	-7.11136e-07
1.9854	-7.22831e-07
1.9855	-7.27559e-07
1.9856	-7.34359e-07
1.9857	-7.43833e-07
1.9858	-7.49334e-07
1.9859	-7.53181e-07
1.986	-7.58288e-07
1.9861	-7.63898e-07
1.9862	-7.68229e-07
1.9863	-7.72594e-07
1.9864	-7.78889e-07
1.9865	-7.82845e-07
1.9866	-7.86111e-07
1.9867	-7.88782e-07
1.9868	-7.91211e-07
1.9869	-7.94704e-07
1.987	-7.98064e-07
1.9871	-7.99912e-07
1.9872	-8.00798e-07
1.9873	-8.02379e-07
1.9874	-8.04449e-07
1.9875	-8.05342e-07
1.9876	-8.06986e-07
1.9877	-8.10058e-07
1.9878	-8.10654e-07
1.9879	-8.11172e-07
1.988	-8.10761e-07
1.9881	-8.11418e-07
1.9882	-8.10526e-07
1.9883	-8.09906e-07
1.9884	-8.09518e-07
1.9885	-8.10282e-07
1.9886	-8.086e-07
1.9887	-8.06742e-07
1.9888	-8.05823e-07
1.9889	-8.04774e-07
1.989	-8.02985e-07
1.9891	-8.01168e-07
1.9892	-7.97802e-07
1.9893	-7.96251e-07
1.9894	-7.93653e-07
1.9895	-7.88795e-07
1.9896	-7.84934e-07
1.9897	-7.81834e-07
1.9898	-7.79121e-07
1.9899	-7.75639e-07
1.99	-7.72709e-07
1.9901	-7.68855e-07
1.9902	-7.6558e-07
1.9903	-7.61206e-07
1.9904	-7.56927e-07
1.9905	-7.53248e-07
1.9906	-7.48837e-07
1.9907	-7.43869e-07
1.9908	-7.39968e-07
1.9909	-7.35895e-07
1.991	-7.29249e-07
1.9911	-7.24581e-07
1.9912	-7.21477e-07
1.9913	-7.16183e-07
1.9914	-7.11604e-07
1.9915	-7.06212e-07
1.9916	-7.01845e-07
1.9917	-6.96127e-07
1.9918	-6.91299e-07
1.9919	-6.86376e-07
1.992	-6.8019e-07
1.9921	-6.73967e-07
1.9922	-6.68917e-07
1.9923	-6.63603e-07
1.9924	-6.58064e-07
1.9925	-6.52384e-07
1.9926	-6.45894e-07
1.9927	-6.40819e-07
1.9928	-6.37448e-07
1.9929	-6.28455e-07
1.993	-6.23796e-07
1.9931	-6.1885e-07
1.9932	-6.13688e-07
1.9933	-6.07763e-07
1.9934	-6.03591e-07
1.9935	-5.98388e-07
1.9936	-5.93257e-07
1.9937	-5.8781e-07
1.9938	-5.82899e-07
1.9939	-5.76139e-07
1.994	-5.72582e-07
1.9941	-5.66553e-07
1.9942	-5.61136e-07
1.9943	-5.55389e-07
1.9944	-5.49393e-07
1.9945	-5.43841e-07
1.9946	-5.36595e-07
1.9947	-5.32746e-07
1.9948	-5.25274e-07
1.9949	-5.19874e-07
1.995	-5.14822e-07
1.9951	-5.10525e-07
1.9952	-5.05196e-07
1.9953	-5.0052e-07
1.9954	-4.9545e-07
1.9955	-4.88755e-07
1.9956	-4.81823e-07
1.9957	-4.76046e-07
1.9958	-4.73474e-07
1.9959	-4.68793e-07
1.996	-4.63528e-07
1.9961	-4.57456e-07
1.9962	-4.51144e-07
1.9963	-4.45891e-07
1.9964	-4.40553e-07
1.9965	-4.34143e-07
1.9966	-4.29218e-07
1.9967	-4.24231e-07
1.9968	-4.19372e-07
1.9969	-4.14285e-07
1.997	-4.08834e-07
1.9971	-4.06566e-07
1.9972	-4.01826e-07
1.9973	-3.96911e-07
1.9974	-3.89841e-07
1.9975	-3.87956e-07
1.9976	-3.8347e-07
1.9977	-3.78108e-07
1.9978	-3.73865e-07
1.9979	-3.68333e-07
1.998	-3.62993e-07
1.9981	-3.57358e-07
1.9982	-3.51476e-07
1.9983	-3.45563e-07
1.9984	-3.39134e-07
1.9985	-3.34218e-07
1.9986	-3.29312e-07
1.9987	-3.24011e-07
1.9988	-3.18564e-07
1.9989	-3.12888e-07
1.999	-3.07817e-07
1.9991	-3.01901e-07
1.9992	-2.95909e-07
1.9993	-2.90028e-07
1.9994	-2.8494e-07
1.9995	-2.78941e-07
1.9996	-2.71793e-07
1.9997	-2.64611e-07
1.9998	-2.59743e-07
1.9999	-2.54461e-07
2	-2.47429e-07
2.0001	-2.41935e-07
2.0002	-2.35417e-07
2.0003	-2.28794e-07
2.0004	-2.2292e-07
2.0005	-2.17437e-07
2.0006	-2.09663e-07
2.0007	-2.02687e-07
2.0008	-1.96619e-07
2.0009	-1.893e-07
2.001	-1.818e-07
2.0011	-1.75734e-07
2.0012	-1.70236e-07
2.0013	-1.64174e-07
2.0014	-1.58857e-07
2.0015	-1.52547e-07
2.0016	-1.45561e-07
2.0017	-1.38169e-07
2.0018	-1.30693e-07
2.0019	-1.25717e-07
2.002	-1.19221e-07
2.0021	-1.11923e-07
2.0022	-1.04711e-07
2.0023	-9.76336e-08
2.0024	-9.26406e-08
2.0025	-8.51371e-08
2.0026	-7.66397e-08
2.0027	-6.91449e-08
2.0028	-6.2626e-08
2.0029	-5.49611e-08
2.003	-4.72654e-08
2.0031	-3.87714e-08
2.0032	-3.13194e-08
2.0033	-2.39068e-08
2.0034	-1.94478e-08
2.0035	-1.17776e-08
2.0036	-3.83923e-09
2.0037	-9.89464e-11
2.0038	8.32368e-09
2.0039	1.48725e-08
2.004	2.36965e-08
2.0041	3.17405e-08
2.0042	3.91467e-08
2.0043	4.68287e-08
2.0044	5.4483e-08
2.0045	6.1192e-08
2.0046	6.99276e-08
2.0047	7.73599e-08
2.0048	8.52402e-08
2.0049	9.29312e-08
2.005	9.91428e-08
2.0051	1.06414e-07
2.0052	1.15828e-07
2.0053	1.23086e-07
2.0054	1.30322e-07
2.0055	1.38092e-07
2.0056	1.44906e-07
2.0057	1.51148e-07
2.0058	1.54157e-07
2.0059	1.5646e-07
2.006	1.66563e-07
2.0061	1.76459e-07
2.0062	1.83064e-07
2.0063	1.87266e-07
2.0064	1.93837e-07
2.0065	1.95221e-07
2.0066	1.95686e-07
2.0067	1.94369e-07
2.0068	1.94223e-07
2.0069	1.94861e-07
2.007	1.96168e-07
2.0071	1.96388e-07
2.0072	2.01509e-07
2.0073	2.04526e-07
2.0074	2.09096e-07
2.0075	2.05878e-07
2.0076	2.15587e-07
2.0077	2.21089e-07
2.0078	2.25297e-07
2.0079	2.30662e-07
2.008	2.40826e-07
2.0081	2.44093e-07
2.0082	2.49164e-07
2.0083	2.47164e-07
2.0084	2.5077e-07
2.0085	2.49334e-07
2.0086	2.47013e-07
2.0087	2.44015e-07
2.0088	2.47108e-07
2.0089	2.50526e-07
2.009	2.52955e-07
2.0091	2.5473e-07
2.0092	2.57352e-07
2.0093	2.60126e-07
2.0094	2.62423e-07
2.0095	2.6294e-07
2.0096	2.68219e-07
2.0097	2.74712e-07
2.0098	2.72053e-07
2.0099	2.77487e-07
2.01	2.83108e-07
2.0101	2.83275e-07
2.0102	2.82565e-07
2.0103	2.83308e-07
2.0104	2.89186e-07
2.0105	2.88134e-07
2.0106	2.86537e-07
2.0107	2.84886e-07
2.0108	2.85001e-07
2.0109	2.89919e-07
2.011	2.89287e-07
2.0111	2.87675e-07
2.0112	2.93497e-07
2.0113	2.90791e-07
2.0114	2.87999e-07
2.0115	2.93265e-07
2.0116	2.98534e-07
2.0117	2.92245e-07
2.0118	2.96588e-07
2.0119	2.94552e-07
2.012	2.96163e-07
2.0121	2.99222e-07
2.0122	2.99433e-07
2.0123	2.95348e-07
2.0124	2.9637e-07
2.0125	2.92106e-07
2.0126	2.94561e-07
2.0127	2.94913e-07
2.0128	2.95017e-07
2.0129	2.89494e-07
2.013	2.8923e-07
2.0131	2.83579e-07
2.0132	2.8154e-07
2.0133	2.75219e-07
2.0134	2.68248e-07
2.0135	2.61601e-07
2.0136	2.5394e-07
2.0137	2.51611e-07
2.0138	2.44731e-07
2.0139	2.40901e-07
2.014	2.3298e-07
2.0141	2.28894e-07
2.0142	2.25267e-07
2.0143	2.23482e-07
2.0144	2.15506e-07
2.0145	2.066e-07
2.0146	1.99609e-07
2.0147	1.91363e-07
2.0148	1.82748e-07
2.0149	1.7443e-07
2.015	1.63135e-07
2.0151	1.50891e-07
2.0152	1.40492e-07
2.0153	1.29898e-07
2.0154	1.20014e-07
2.0155	1.08491e-07
2.0156	9.55368e-08
2.0157	7.73843e-08
2.0158	6.48154e-08
2.0159	5.34564e-08
2.016	4.27365e-08
2.0161	2.87251e-08
2.0162	1.48688e-08
2.0163	-3.91958e-10
2.0164	-1.51568e-08
2.0165	-2.53943e-08
2.0166	-3.55533e-08
2.0167	-4.35207e-08
2.0168	-6.05742e-08
2.0169	-6.77163e-08
2.017	-8.79676e-08
2.0171	-1.00135e-07
2.0172	-1.14926e-07
2.0173	-1.33207e-07
2.0174	-1.51068e-07
2.0175	-1.6666e-07
2.0176	-1.77177e-07
2.0177	-1.93181e-07
2.0178	-2.04671e-07
2.0179	-2.19859e-07
2.018	-2.40636e-07
2.0181	-2.62038e-07
2.0182	-2.82504e-07
2.0183	-3.03403e-07
2.0184	-3.25732e-07
2.0185	-3.48353e-07
2.0186	-3.65237e-07
2.0187	-3.83045e-07
2.0188	-4.00524e-07
2.0189	-4.23616e-07
2.019	-4.41677e-07
2.0191	-4.54362e-07
2.0192	-4.74227e-07
2.0193	-4.92717e-07
2.0194	-5.155e-07
2.0195	-5.25247e-07
2.0196	-5.4436e-07
2.0197	-5.62355e-07
2.0198	-5.79699e-07
2.0199	-5.95227e-07
2.02	-6.17025e-07
2.0201	-6.38442e-07
2.0202	-6.59785e-07
2.0203	-6.75153e-07
2.0204	-6.89784e-07
2.0205	-7.00171e-07
2.0206	-7.16205e-07
2.0207	-7.36061e-07
2.0208	-7.46524e-07
2.0209	-7.61363e-07
2.021	-7.81536e-07
2.0211	-8.0037e-07
2.0212	-8.19411e-07
2.0213	-8.30515e-07
2.0214	-8.47117e-07
2.0215	-8.6021e-07
2.0216	-8.76236e-07
2.0217	-8.8362e-07
2.0218	-8.94488e-07
2.0219	-9.09105e-07
2.022	-9.2043e-07
2.0221	-9.31292e-07
2.0222	-9.46299e-07
2.0223	-9.55596e-07
2.0224	-9.69214e-07
2.0225	-9.83693e-07
2.0226	-9.97738e-07
2.0227	-1.01086e-06
2.0228	-1.02332e-06
2.0229	-1.03546e-06
2.023	-1.04713e-06
2.0231	-1.05757e-06
2.0232	-1.06682e-06
2.0233	-1.07692e-06
2.0234	-1.08578e-06
2.0235	-1.09548e-06
2.0236	-1.10024e-06
2.0237	-1.10795e-06
2.0238	-1.11224e-06
2.0239	-1.11895e-06
2.024	-1.12458e-06
2.0241	-1.13041e-06
2.0242	-1.13504e-06
2.0243	-1.13957e-06
2.0244	-1.14412e-06
2.0245	-1.14742e-06
2.0246	-1.15183e-06
2.0247	-1.15515e-06
2.0248	-1.15852e-06
2.0249	-1.16176e-06
2.025	-1.16365e-06
2.0251	-1.16427e-06
2.0252	-1.16602e-06
2.0253	-1.16697e-06
2.0254	-1.16792e-06
2.0255	-1.16849e-06
2.0256	-1.16856e-06
2.0257	-1.16786e-06
2.0258	-1.16769e-06
2.0259	-1.16814e-06
2.026	-1.16733e-06
2.0261	-1.16639e-06
2.0262	-1.16489e-06
2.0263	-1.16296e-06
2.0264	-1.16421e-06
2.0265	-1.1598e-06
2.0266	-1.15708e-06
2.0267	-1.15407e-06
2.0268	-1.1504e-06
2.0269	-1.14777e-06
2.027	-1.14444e-06
2.0271	-1.14173e-06
2.0272	-1.13744e-06
2.0273	-1.13384e-06
2.0274	-1.12984e-06
2.0275	-1.12724e-06
2.0276	-1.11995e-06
2.0277	-1.11446e-06
2.0278	-1.11059e-06
2.0279	-1.10633e-06
2.028	-1.10157e-06
2.0281	-1.09841e-06
2.0282	-1.09363e-06
2.0283	-1.09004e-06
2.0284	-1.08483e-06
2.0285	-1.07851e-06
2.0286	-1.07235e-06
2.0287	-1.06586e-06
2.0288	-1.05947e-06
2.0289	-1.0522e-06
2.029	-1.04635e-06
2.0291	-1.04062e-06
2.0292	-1.03202e-06
2.0293	-1.02874e-06
2.0294	-1.02311e-06
2.0295	-1.01317e-06
2.0296	-1.00573e-06
2.0297	-9.98294e-07
2.0298	-9.9082e-07
2.0299	-9.84055e-07
2.03	-9.76624e-07
2.0301	-9.69223e-07
2.0302	-9.61306e-07
2.0303	-9.52883e-07
2.0304	-9.44528e-07
2.0305	-9.35938e-07
2.0306	-9.25979e-07
2.0307	-9.18194e-07
2.0308	-9.10837e-07
2.0309	-9.04163e-07
2.031	-8.98469e-07
2.0311	-8.90336e-07
2.0312	-8.81054e-07
2.0313	-8.72233e-07
2.0314	-8.62701e-07
2.0315	-8.53184e-07
2.0316	-8.4385e-07
2.0317	-8.35423e-07
2.0318	-8.25774e-07
2.0319	-8.15478e-07
2.032	-8.06841e-07
2.0321	-7.97587e-07
2.0322	-7.87753e-07
2.0323	-7.77954e-07
2.0324	-7.66864e-07
2.0325	-7.56398e-07
2.0326	-7.47429e-07
2.0327	-7.39657e-07
2.0328	-7.31616e-07
2.0329	-7.22098e-07
2.033	-7.11575e-07
2.0331	-7.01659e-07
2.0332	-6.9106e-07
2.0333	-6.76891e-07
2.0334	-6.67851e-07
2.0335	-6.57745e-07
2.0336	-6.47447e-07
2.0337	-6.37998e-07
2.0338	-6.27523e-07
2.0339	-6.19407e-07
2.034	-6.10336e-07
2.0341	-6.02324e-07
2.0342	-5.92738e-07
2.0343	-5.83422e-07
2.0344	-5.77313e-07
2.0345	-5.69913e-07
2.0346	-5.61807e-07
2.0347	-5.53236e-07
2.0348	-5.40763e-07
2.0349	-5.33023e-07
2.035	-5.2208e-07
2.0351	-5.11956e-07
2.0352	-5.0064e-07
2.0353	-4.92157e-07
2.0354	-4.80975e-07
2.0355	-4.73605e-07
2.0356	-4.6245e-07
2.0357	-4.51553e-07
2.0358	-4.38624e-07
2.0359	-4.32057e-07
2.036	-4.21496e-07
2.0361	-4.11003e-07
2.0362	-4.03689e-07
2.0363	-3.97754e-07
2.0364	-3.89449e-07
2.0365	-3.80104e-07
2.0366	-3.75061e-07
2.0367	-3.67445e-07
2.0368	-3.57554e-07
2.0369	-3.46176e-07
2.037	-3.36718e-07
2.0371	-3.27367e-07
2.0372	-3.17425e-07
2.0373	-3.12457e-07
2.0374	-3.07407e-07
2.0375	-3.04739e-07
2.0376	-3.0076e-07
2.0377	-2.90221e-07
2.0378	-2.85202e-07
2.0379	-2.83767e-07
2.038	-2.81625e-07
2.0381	-2.75125e-07
2.0382	-2.72525e-07
2.0383	-2.6955e-07
2.0384	-2.63893e-07
2.0385	-2.59716e-07
2.0386	-2.50954e-07
2.0387	-2.42154e-07
2.0388	-2.34443e-07
2.0389	-2.26864e-07
2.039	-2.21239e-07
2.0391	-2.1954e-07
2.0392	-2.17286e-07
2.0393	-2.1873e-07
2.0394	-2.13107e-07
2.0395	-2.12572e-07
2.0396	-2.12722e-07
2.0397	-2.13431e-07
2.0398	-2.15564e-07
2.0399	-2.10014e-07
2.04	-1.97386e-07
2.0401	-1.97832e-07
2.0402	-1.93142e-07
2.0403	-1.95128e-07
2.0404	-1.99408e-07
2.0405	-2.00572e-07
2.0406	-2.0292e-07
2.0407	-2.06361e-07
2.0408	-2.11869e-07
2.0409	-2.19109e-07
2.041	-2.21949e-07
2.0411	-2.20361e-07
2.0412	-2.25155e-07
2.0413	-2.28338e-07
2.0414	-2.34361e-07
2.0415	-2.30038e-07
2.0416	-2.27802e-07
2.0417	-2.33689e-07
2.0418	-2.3902e-07
2.0419	-2.40474e-07
2.042	-2.41534e-07
2.0421	-2.45845e-07
2.0422	-2.47768e-07
2.0423	-2.53766e-07
2.0424	-2.56291e-07
2.0425	-2.62249e-07
2.0426	-2.68832e-07
2.0427	-2.68737e-07
2.0428	-2.78367e-07
2.0429	-2.85985e-07
2.043	-2.92714e-07
2.0431	-2.98118e-07
2.0432	-3.04739e-07
2.0433	-3.10031e-07
2.0434	-3.14208e-07
2.0435	-3.17697e-07
2.0436	-3.24177e-07
2.0437	-3.32152e-07
2.0438	-3.398e-07
2.0439	-3.45619e-07
2.044	-3.53249e-07
2.0441	-3.61532e-07
2.0442	-3.65303e-07
2.0443	-3.71699e-07
2.0444	-3.83295e-07
2.0445	-3.8746e-07
2.0446	-3.92104e-07
2.0447	-4.00825e-07
2.0448	-4.11771e-07
2.0449	-4.24167e-07
2.045	-4.33157e-07
2.0451	-4.42578e-07
2.0452	-4.5119e-07
2.0453	-4.54903e-07
2.0454	-4.66056e-07
2.0455	-4.78251e-07
2.0456	-4.89366e-07
2.0457	-4.97379e-07
2.0458	-5.09094e-07
2.0459	-5.17966e-07
2.046	-5.22002e-07
2.0461	-5.25688e-07
2.0462	-5.33223e-07
2.0463	-5.47285e-07
2.0464	-5.56465e-07
2.0465	-5.59167e-07
2.0466	-5.6187e-07
2.0467	-5.70002e-07
2.0468	-5.74314e-07
2.0469	-5.81839e-07
2.047	-5.86913e-07
2.0471	-5.9509e-07
2.0472	-6.03816e-07
2.0473	-6.127e-07
2.0474	-6.1791e-07
2.0475	-6.2269e-07
2.0476	-6.29064e-07
2.0477	-6.34152e-07
2.0478	-6.42703e-07
2.0479	-6.4818e-07
2.048	-6.54096e-07
2.0481	-6.59596e-07
2.0482	-6.64926e-07
2.0483	-6.72507e-07
2.0484	-6.80973e-07
2.0485	-6.90317e-07
2.0486	-6.99086e-07
2.0487	-7.02909e-07
2.0488	-7.09953e-07
2.0489	-7.18458e-07
2.049	-7.30122e-07
2.0491	-7.36711e-07
2.0492	-7.46238e-07
2.0493	-7.54184e-07
2.0494	-7.61036e-07
2.0495	-7.68526e-07
2.0496	-7.76001e-07
2.0497	-7.8159e-07
2.0498	-7.85173e-07
2.0499	-7.90553e-07
2.05	-7.95724e-07
2.0501	-7.99743e-07
2.0502	-8.04387e-07
2.0503	-8.10342e-07
2.0504	-8.13914e-07
2.0505	-8.20842e-07
2.0506	-8.2494e-07
2.0507	-8.27179e-07
2.0508	-8.31596e-07
2.0509	-8.35569e-07
2.051	-8.37185e-07
2.0511	-8.40107e-07
2.0512	-8.41166e-07
2.0513	-8.42507e-07
2.0514	-8.43533e-07
2.0515	-8.46918e-07
2.0516	-8.48166e-07
2.0517	-8.48056e-07
2.0518	-8.50491e-07
2.0519	-8.52759e-07
2.052	-8.5459e-07
2.0521	-8.56181e-07
2.0522	-8.55496e-07
2.0523	-8.56258e-07
2.0524	-8.55743e-07
2.0525	-8.54315e-07
2.0526	-8.52514e-07
2.0527	-8.51252e-07
2.0528	-8.48462e-07
2.0529	-8.46363e-07
2.053	-8.44305e-07
2.0531	-8.41857e-07
2.0532	-8.40823e-07
2.0533	-8.37305e-07
2.0534	-8.33206e-07
2.0535	-8.29012e-07
2.0536	-8.27037e-07
2.0537	-8.22672e-07
2.0538	-8.18025e-07
2.0539	-8.14296e-07
2.054	-8.10396e-07
2.0541	-8.0844e-07
2.0542	-8.04257e-07
2.0543	-8.006e-07
2.0544	-7.96715e-07
2.0545	-7.91967e-07
2.0546	-7.88332e-07
2.0547	-7.84413e-07
2.0548	-7.79479e-07
2.0549	-7.73774e-07
2.055	-7.69488e-07
2.0551	-7.65996e-07
2.0552	-7.6246e-07
2.0553	-7.5822e-07
2.0554	-7.53158e-07
2.0555	-7.48703e-07
2.0556	-7.43097e-07
2.0557	-7.38149e-07
2.0558	-7.33738e-07
2.0559	-7.28487e-07
2.056	-7.2097e-07
2.0561	-7.15568e-07
2.0562	-7.0999e-07
2.0563	-7.05497e-07
2.0564	-6.99706e-07
2.0565	-6.9472e-07
2.0566	-6.88001e-07
2.0567	-6.8258e-07
2.0568	-6.74761e-07
2.0569	-6.6902e-07
2.057	-6.64819e-07
2.0571	-6.59464e-07
2.0572	-6.55714e-07
2.0573	-6.52616e-07
2.0574	-6.46773e-07
2.0575	-6.40678e-07
2.0576	-6.35092e-07
2.0577	-6.29469e-07
2.0578	-6.22082e-07
2.0579	-6.18399e-07
2.058	-6.14006e-07
2.0581	-6.07864e-07
2.0582	-6.02188e-07
2.0583	-5.9615e-07
2.0584	-5.9027e-07
2.0585	-5.83826e-07
2.0586	-5.80002e-07
2.0587	-5.72262e-07
2.0588	-5.66987e-07
2.0589	-5.61168e-07
2.059	-5.56538e-07
2.0591	-5.51221e-07
2.0592	-5.45556e-07
2.0593	-5.40322e-07
2.0594	-5.35357e-07
2.0595	-5.27652e-07
2.0596	-5.21905e-07
2.0597	-5.18987e-07
2.0598	-5.14863e-07
2.0599	-5.08923e-07
2.06	-5.04437e-07
2.0601	-4.98952e-07
2.0602	-4.94244e-07
2.0603	-4.88795e-07
2.0604	-4.82598e-07
2.0605	-4.75784e-07
2.0606	-4.70536e-07
2.0607	-4.66208e-07
2.0608	-4.61711e-07
2.0609	-4.56743e-07
2.061	-4.52417e-07
2.0611	-4.47871e-07
2.0612	-4.42145e-07
2.0613	-4.35639e-07
2.0614	-4.29325e-07
2.0615	-4.25784e-07
2.0616	-4.21121e-07
2.0617	-4.16168e-07
2.0618	-4.11129e-07
2.0619	-4.0561e-07
2.062	-3.99883e-07
2.0621	-3.94209e-07
2.0622	-3.88421e-07
2.0623	-3.82946e-07
2.0624	-3.77705e-07
2.0625	-3.7224e-07
2.0626	-3.66965e-07
2.0627	-3.62392e-07
2.0628	-3.5581e-07
2.0629	-3.50322e-07
2.063	-3.44671e-07
2.0631	-3.39032e-07
2.0632	-3.34114e-07
2.0633	-3.28992e-07
2.0634	-3.2348e-07
2.0635	-3.17841e-07
2.0636	-3.11154e-07
2.0637	-3.0459e-07
2.0638	-2.99775e-07
2.0639	-2.93609e-07
2.064	-2.87155e-07
2.0641	-2.81341e-07
2.0642	-2.74609e-07
2.0643	-2.6854e-07
2.0644	-2.63812e-07
2.0645	-2.56286e-07
2.0646	-2.50527e-07
2.0647	-2.45407e-07
2.0648	-2.39075e-07
2.0649	-2.32232e-07
2.065	-2.25578e-07
2.0651	-2.19968e-07
2.0652	-2.13924e-07
2.0653	-2.07172e-07
2.0654	-2.00214e-07
2.0655	-1.93163e-07
2.0656	-1.85357e-07
2.0657	-1.78258e-07
2.0658	-1.713e-07
2.0659	-1.63842e-07
2.066	-1.56918e-07
2.0661	-1.4978e-07
2.0662	-1.42141e-07
2.0663	-1.35576e-07
2.0664	-1.28611e-07
2.0665	-1.23887e-07
2.0666	-1.1424e-07
2.0667	-1.06294e-07
2.0668	-1.00562e-07
2.0669	-9.39516e-08
2.067	-8.67855e-08
2.0671	-7.90169e-08
2.0672	-7.17082e-08
2.0673	-6.43879e-08
2.0674	-5.69928e-08
2.0675	-4.88326e-08
2.0676	-4.17223e-08
2.0677	-3.43445e-08
2.0678	-2.82613e-08
2.0679	-2.67251e-08
2.068	-1.92012e-08
2.0681	-1.48345e-08
2.0682	-8.62371e-09
2.0683	-2.08665e-09
2.0684	5.3139e-09
2.0685	1.4697e-08
2.0686	2.39236e-08
2.0687	3.14174e-08
2.0688	3.45278e-08
2.0689	4.23837e-08
2.069	4.88646e-08
2.0691	5.78609e-08
2.0692	6.54809e-08
2.0693	7.30736e-08
2.0694	8.28851e-08
2.0695	8.983e-08
2.0696	9.61523e-08
2.0697	9.74926e-08
2.0698	1.05835e-07
2.0699	1.08754e-07
2.07	1.13439e-07
2.0701	1.22499e-07
2.0702	1.33336e-07
2.0703	1.38406e-07
2.0704	1.44647e-07
2.0705	1.54624e-07
2.0706	1.60164e-07
2.0707	1.66041e-07
2.0708	1.71298e-07
2.0709	1.76581e-07
2.071	1.86272e-07
2.0711	1.92618e-07
2.0712	1.89771e-07
2.0713	1.93429e-07
2.0714	1.99979e-07
2.0715	2.05292e-07
2.0716	2.09789e-07
2.0717	2.0824e-07
2.0718	2.07289e-07
2.0719	2.16204e-07
2.072	2.25039e-07
2.0721	2.2934e-07
2.0722	2.28888e-07
2.0723	2.33236e-07
2.0724	2.40852e-07
2.0725	2.43095e-07
2.0726	2.51217e-07
2.0727	2.55409e-07
2.0728	2.58514e-07
2.0729	2.60678e-07
2.073	2.63091e-07
2.0731	2.65946e-07
2.0732	2.67479e-07
2.0733	2.75377e-07
2.0734	2.71603e-07
2.0735	2.77525e-07
2.0736	2.85379e-07
2.0737	2.87013e-07
2.0738	2.94851e-07
2.0739	2.93778e-07
2.074	2.9981e-07
2.0741	3.06336e-07
2.0742	3.06107e-07
2.0743	3.07078e-07
2.0744	3.1296e-07
2.0745	3.04946e-07
2.0746	3.1242e-07
2.0747	3.18632e-07
2.0748	3.19471e-07
2.0749	3.17695e-07
2.075	3.22807e-07
2.0751	3.20412e-07
2.0752	3.24294e-07
2.0753	3.27686e-07
2.0754	3.26189e-07
2.0755	3.31418e-07
2.0756	3.33178e-07
2.0757	3.36776e-07
2.0758	3.34879e-07
2.0759	3.36883e-07
2.076	3.4013e-07
2.0761	3.33368e-07
2.0762	3.36725e-07
2.0763	3.38955e-07
2.0764	3.41921e-07
2.0765	3.43095e-07
2.0766	3.38173e-07
2.0767	3.37546e-07
2.0768	3.37578e-07
2.0769	3.38183e-07
2.077	3.32029e-07
2.0771	3.25156e-07
2.0772	3.2242e-07
2.0773	3.16891e-07
2.0774	3.10424e-07
2.0775	3.03876e-07
2.0776	2.95031e-07
2.0777	2.90727e-07
2.0778	2.80181e-07
2.0779	2.73274e-07
2.078	2.6847e-07
2.0781	2.66201e-07
2.0782	2.61777e-07
2.0783	2.5415e-07
2.0784	2.45369e-07
2.0785	2.39381e-07
2.0786	2.28947e-07
2.0787	2.21353e-07
2.0788	2.12865e-07
2.0789	1.98933e-07
2.079	1.90178e-07
2.0791	1.80225e-07
2.0792	1.70486e-07
2.0793	1.58783e-07
2.0794	1.47827e-07
2.0795	1.36602e-07
2.0796	1.22011e-07
2.0797	1.08371e-07
2.0798	9.73285e-08
2.0799	8.31187e-08
2.08	7.45768e-08
2.0801	5.99436e-08
2.0802	4.41756e-08
2.0803	2.92705e-08
2.0804	1.21729e-08
2.0805	-1.56019e-09
2.0806	-1.85108e-08
2.0807	-3.6561e-08
2.0808	-5.75019e-08
2.0809	-6.93104e-08
2.081	-8.62701e-08
2.0811	-1.00551e-07
2.0812	-1.07704e-07
2.0813	-1.15045e-07
2.0814	-1.32125e-07
2.0815	-1.48992e-07
2.0816	-1.57196e-07
2.0817	-1.76678e-07
2.0818	-1.86298e-07
2.0819	-1.94457e-07
2.082	-2.1623e-07
2.0821	-2.38359e-07
2.0822	-2.58654e-07
2.0823	-2.69174e-07
2.0824	-2.76604e-07
2.0825	-2.87791e-07
2.0826	-3.11892e-07
2.0827	-3.3064e-07
2.0828	-3.46821e-07
2.0829	-3.69654e-07
2.083	-3.75762e-07
2.0831	-3.98569e-07
2.0832	-4.0371e-07
2.0833	-4.21746e-07
2.0834	-4.2906e-07
2.0835	-4.42128e-07
2.0836	-4.58253e-07
2.0837	-4.77294e-07
2.0838	-4.87822e-07
2.0839	-4.99263e-07
2.084	-5.21617e-07
2.0841	-5.43114e-07
2.0842	-5.60781e-07
2.0843	-5.7514e-07
2.0844	-5.86449e-07
2.0845	-6.0164e-07
2.0846	-6.17896e-07
2.0847	-6.32682e-07
2.0848	-6.48269e-07
2.0849	-6.6915e-07
2.085	-6.88085e-07
2.0851	-7.00111e-07
2.0852	-7.14137e-07
2.0853	-7.2551e-07
2.0854	-7.38948e-07
2.0855	-7.51179e-07
2.0856	-7.5995e-07
2.0857	-7.69597e-07
2.0858	-7.81087e-07
2.0859	-7.96167e-07
2.086	-8.05557e-07
2.0861	-8.21484e-07
2.0862	-8.33892e-07
2.0863	-8.48563e-07
2.0864	-8.5614e-07
2.0865	-8.70315e-07
2.0866	-8.8244e-07
2.0867	-8.96656e-07
2.0868	-9.03861e-07
2.0869	-9.14317e-07
2.087	-9.26652e-07
2.0871	-9.36524e-07
2.0872	-9.46508e-07
2.0873	-9.55689e-07
2.0874	-9.66578e-07
2.0875	-9.68496e-07
2.0876	-9.7648e-07
2.0877	-9.83065e-07
2.0878	-9.85086e-07
2.0879	-9.90942e-07
2.088	-9.96646e-07
2.0881	-1.00071e-06
2.0882	-1.00632e-06
2.0883	-1.01019e-06
2.0884	-1.01413e-06
2.0885	-1.01839e-06
2.0886	-1.02211e-06
2.0887	-1.02472e-06
2.0888	-1.02699e-06
2.0889	-1.02937e-06
2.089	-1.03057e-06
2.0891	-1.03213e-06
2.0892	-1.03479e-06
2.0893	-1.03549e-06
2.0894	-1.03579e-06
2.0895	-1.03343e-06
2.0896	-1.03402e-06
2.0897	-1.03331e-06
2.0898	-1.03241e-06
2.0899	-1.03059e-06
2.09	-1.0334e-06
2.0901	-1.03197e-06
2.0902	-1.03017e-06
2.0903	-1.02642e-06
2.0904	-1.02317e-06
2.0905	-1.0205e-06
2.0906	-1.01772e-06
2.0907	-1.01128e-06
2.0908	-1.00718e-06
2.0909	-1.00383e-06
2.091	-9.9978e-07
2.0911	-9.95592e-07
2.0912	-9.9177e-07
2.0913	-9.88847e-07
2.0914	-9.82775e-07
2.0915	-9.78148e-07
2.0916	-9.70592e-07
2.0917	-9.66128e-07
2.0918	-9.63488e-07
2.0919	-9.58454e-07
2.092	-9.53666e-07
2.0921	-9.4763e-07
2.0922	-9.42789e-07
2.0923	-9.3806e-07
2.0924	-9.31846e-07
2.0925	-9.27012e-07
2.0926	-9.21715e-07
2.0927	-9.16548e-07
2.0928	-9.11591e-07
2.0929	-9.06406e-07
2.093	-8.9916e-07
2.0931	-8.96884e-07
2.0932	-8.92262e-07
2.0933	-8.82028e-07
2.0934	-8.74094e-07
2.0935	-8.66624e-07
2.0936	-8.59158e-07
2.0937	-8.49468e-07
2.0938	-8.42502e-07
2.0939	-8.34446e-07
2.094	-8.2652e-07
2.0941	-8.18532e-07
2.0942	-8.1021e-07
2.0943	-8.01037e-07
2.0944	-7.93146e-07
2.0945	-7.84418e-07
2.0946	-7.76289e-07
2.0947	-7.69115e-07
2.0948	-7.62509e-07
2.0949	-7.52892e-07
2.095	-7.44533e-07
2.0951	-7.35436e-07
2.0952	-7.26524e-07
2.0953	-7.18107e-07
2.0954	-7.08625e-07
2.0955	-6.98596e-07
2.0956	-6.89384e-07
2.0957	-6.80518e-07
2.0958	-6.71486e-07
2.0959	-6.62268e-07
2.096	-6.53009e-07
2.0961	-6.4416e-07
2.0962	-6.34001e-07
2.0963	-6.22345e-07
2.0964	-6.13764e-07
2.0965	-6.04546e-07
2.0966	-5.97468e-07
2.0967	-5.87989e-07
2.0968	-5.80447e-07
2.0969	-5.69644e-07
2.097	-5.59513e-07
2.0971	-5.48446e-07
2.0972	-5.36484e-07
2.0973	-5.27585e-07
2.0974	-5.16458e-07
2.0975	-5.05468e-07
2.0976	-4.94997e-07
2.0977	-4.82654e-07
2.0978	-4.7397e-07
2.0979	-4.65371e-07
2.098	-4.56117e-07
2.0981	-4.46513e-07
2.0982	-4.3794e-07
2.0983	-4.31603e-07
2.0984	-4.21038e-07
2.0985	-4.12557e-07
2.0986	-4.05718e-07
2.0987	-3.97317e-07
2.0988	-3.89458e-07
2.0989	-3.77476e-07
2.099	-3.66631e-07
2.0991	-3.57793e-07
2.0992	-3.45699e-07
2.0993	-3.34526e-07
2.0994	-3.23252e-07
2.0995	-3.1164e-07
2.0996	-3.04702e-07
2.0997	-2.93705e-07
2.0998	-2.81343e-07
2.0999	-2.71554e-07
2.1	-2.61509e-07
2.1001	-2.50416e-07
2.1002	-2.3869e-07
2.1003	-2.2776e-07
2.1004	-2.16404e-07
2.1005	-2.12706e-07
2.1006	-2.11037e-07
2.1007	-2.00721e-07
2.1008	-1.92341e-07
2.1009	-1.86065e-07
2.101	-1.76259e-07
2.1011	-1.67143e-07
2.1012	-1.62639e-07
2.1013	-1.59428e-07
2.1014	-1.55089e-07
2.1015	-1.44927e-07
2.1016	-1.41053e-07
2.1017	-1.31608e-07
2.1018	-1.20821e-07
2.1019	-1.22355e-07
2.102	-1.12222e-07
2.1021	-1.07901e-07
2.1022	-1.05219e-07
2.1023	-1.01861e-07
2.1024	-9.12085e-08
2.1025	-8.77078e-08
2.1026	-8.54294e-08
2.1027	-7.57766e-08
2.1028	-7.7503e-08
2.1029	-6.96474e-08
2.103	-6.81051e-08
2.1031	-6.93369e-08
2.1032	-6.67205e-08
2.1033	-6.91523e-08
2.1034	-7.06292e-08
2.1035	-6.35908e-08
2.1036	-6.28277e-08
2.1037	-6.55657e-08
2.1038	-6.72002e-08
2.1039	-6.37906e-08
2.104	-6.3311e-08
2.1041	-6.38313e-08
2.1042	-6.54811e-08
2.1043	-6.08581e-08
2.1044	-5.80532e-08
2.1045	-6.10071e-08
2.1046	-6.25916e-08
2.1047	-7.43136e-08
2.1048	-7.21764e-08
2.1049	-7.57456e-08
2.105	-8.06304e-08
2.1051	-8.56351e-08
2.1052	-9.07295e-08
2.1053	-8.97837e-08
2.1054	-8.91758e-08
2.1055	-8.94462e-08
2.1056	-9.27594e-08
2.1057	-9.80057e-08
2.1058	-1.01042e-07
2.1059	-1.02366e-07
2.106	-1.05907e-07
2.1061	-1.09768e-07
2.1062	-1.14367e-07
2.1063	-1.18368e-07
2.1064	-1.21139e-07
2.1065	-1.26227e-07
2.1066	-1.34355e-07
2.1067	-1.38911e-07
2.1068	-1.44878e-07
2.1069	-1.48709e-07
2.107	-1.57816e-07
2.1071	-1.61718e-07
2.1072	-1.65389e-07
2.1073	-1.71678e-07
2.1074	-1.75678e-07
2.1075	-1.79808e-07
2.1076	-1.86344e-07
2.1077	-1.9524e-07
2.1078	-2.0196e-07
2.1079	-2.10303e-07
2.108	-2.18977e-07
2.1081	-2.2196e-07
2.1082	-2.24475e-07
2.1083	-2.32996e-07
2.1084	-2.43544e-07
2.1085	-2.53031e-07
2.1086	-2.62596e-07
2.1087	-2.71209e-07
2.1088	-2.7796e-07
2.1089	-2.86695e-07
2.109	-2.93255e-07
2.1091	-2.99522e-07
2.1092	-3.08598e-07
2.1093	-3.17175e-07
2.1094	-3.26052e-07
2.1095	-3.34157e-07
2.1096	-3.38389e-07
2.1097	-3.50176e-07
2.1098	-3.60731e-07
2.1099	-3.7456e-07
2.11	-3.86767e-07
2.1101	-4.00174e-07
2.1102	-4.10343e-07
2.1103	-4.19386e-07
2.1104	-4.22108e-07
2.1105	-4.30398e-07
2.1106	-4.382e-07
2.1107	-4.51307e-07
2.1108	-4.60604e-07
2.1109	-4.69297e-07
2.111	-4.73634e-07
2.1111	-4.8285e-07
2.1112	-4.86954e-07
2.1113	-4.96484e-07
2.1114	-5.01909e-07
2.1115	-5.10929e-07
2.1116	-5.22074e-07
2.1117	-5.32023e-07
2.1118	-5.35448e-07
2.1119	-5.41339e-07
2.112	-5.49798e-07
2.1121	-5.63507e-07
2.1122	-5.72777e-07
2.1123	-5.81736e-07
2.1124	-5.9049e-07
2.1125	-6.00791e-07
2.1126	-6.09287e-07
2.1127	-6.18535e-07
2.1128	-6.25108e-07
2.1129	-6.32134e-07
2.113	-6.42091e-07
2.1131	-6.52889e-07
2.1132	-6.60786e-07
2.1133	-6.66958e-07
2.1134	-6.72056e-07
2.1135	-6.79055e-07
2.1136	-6.83698e-07
2.1137	-6.88511e-07
2.1138	-6.9448e-07
2.1139	-6.97797e-07
2.114	-7.01868e-07
2.1141	-7.07753e-07
2.1142	-7.11914e-07
2.1143	-7.17946e-07
2.1144	-7.22054e-07
2.1145	-7.26044e-07
2.1146	-7.29945e-07
2.1147	-7.33592e-07
2.1148	-7.37084e-07
2.1149	-7.38276e-07
2.115	-7.43452e-07
2.1151	-7.46076e-07
2.1152	-7.46923e-07
2.1153	-7.4858e-07
2.1154	-7.51839e-07
2.1155	-7.53247e-07
2.1156	-7.56802e-07
2.1157	-7.57057e-07
2.1158	-7.59417e-07
2.1159	-7.58568e-07
2.116	-7.58534e-07
2.1161	-7.58531e-07
2.1162	-7.57926e-07
2.1163	-7.58794e-07
2.1164	-7.57549e-07
2.1165	-7.56577e-07
2.1166	-7.54654e-07
2.1167	-7.53388e-07
2.1168	-7.52436e-07
2.1169	-7.51698e-07
2.117	-7.48912e-07
2.1171	-7.45284e-07
2.1172	-7.43369e-07
2.1173	-7.40013e-07
2.1174	-7.37918e-07
2.1175	-7.36048e-07
2.1176	-7.31752e-07
2.1177	-7.28564e-07
2.1178	-7.23865e-07
2.1179	-7.21245e-07
2.118	-7.18752e-07
2.1181	-7.16183e-07
2.1182	-7.12292e-07
2.1183	-7.0861e-07
2.1184	-7.04384e-07
2.1185	-7.00174e-07
2.1186	-6.95532e-07
2.1187	-6.90587e-07
2.1188	-6.85825e-07
2.1189	-6.829e-07
2.119	-6.79199e-07
2.1191	-6.74438e-07
2.1192	-6.70727e-07
2.1193	-6.65403e-07
2.1194	-6.59772e-07
2.1195	-6.55286e-07
2.1196	-6.50411e-07
2.1197	-6.46814e-07
2.1198	-6.37965e-07
2.1199	-6.32121e-07
2.12	-6.26585e-07
2.1201	-6.21976e-07
2.1202	-6.1625e-07
2.1203	-6.10095e-07
2.1204	-6.05282e-07
2.1205	-6.00626e-07
2.1206	-5.95379e-07
2.1207	-5.86819e-07
2.1208	-5.8366e-07
2.1209	-5.7909e-07
2.121	-5.74604e-07
2.1211	-5.68729e-07
2.1212	-5.64504e-07
2.1213	-5.59008e-07
2.1214	-5.54369e-07
2.1215	-5.49143e-07
2.1216	-5.43294e-07
2.1217	-5.36891e-07
2.1218	-5.3226e-07
2.1219	-5.26449e-07
2.122	-5.20774e-07
2.1221	-5.14885e-07
2.1222	-5.09469e-07
2.1223	-5.04024e-07
2.1224	-5.00174e-07
2.1225	-4.94358e-07
2.1226	-4.87939e-07
2.1227	-4.8175e-07
2.1228	-4.77207e-07
2.1229	-4.71908e-07
2.123	-4.65685e-07
2.1231	-4.60703e-07
2.1232	-4.54425e-07
2.1233	-4.46503e-07
2.1234	-4.41318e-07
2.1235	-4.36313e-07
2.1236	-4.32399e-07
2.1237	-4.2598e-07
2.1238	-4.20124e-07
2.1239	-4.14499e-07
2.124	-4.09038e-07
2.1241	-4.03315e-07
2.1242	-3.98232e-07
2.1243	-3.92318e-07
2.1244	-3.86728e-07
2.1245	-3.82138e-07
2.1246	-3.78026e-07
2.1247	-3.72144e-07
2.1248	-3.67665e-07
2.1249	-3.6297e-07
2.125	-3.58212e-07
2.1251	-3.5241e-07
2.1252	-3.456e-07
2.1253	-3.4214e-07
2.1254	-3.36924e-07
2.1255	-3.30777e-07
2.1256	-3.2531e-07
2.1257	-3.20541e-07
2.1258	-3.15915e-07
2.1259	-3.09838e-07
2.126	-3.04027e-07
2.1261	-2.99042e-07
2.1262	-2.92739e-07
2.1263	-2.88434e-07
2.1264	-2.82619e-07
2.1265	-2.77575e-07
2.1266	-2.7162e-07
2.1267	-2.66027e-07
2.1268	-2.59701e-07
2.1269	-2.54687e-07
2.127	-2.48883e-07
2.1271	-2.42432e-07
2.1272	-2.37225e-07
2.1273	-2.31599e-07
2.1274	-2.24438e-07
2.1275	-2.19309e-07
2.1276	-2.12138e-07
2.1277	-2.06981e-07
2.1278	-2.01152e-07
2.1279	-1.948e-07
2.128	-1.88281e-07
2.1281	-1.82342e-07
2.1282	-1.76297e-07
2.1283	-1.68944e-07
2.1284	-1.63169e-07
2.1285	-1.5699e-07
2.1286	-1.50619e-07
2.1287	-1.43944e-07
2.1288	-1.37467e-07
2.1289	-1.30155e-07
2.129	-1.22743e-07
2.1291	-1.17301e-07
2.1292	-1.11069e-07
2.1293	-1.04161e-07
2.1294	-9.84405e-08
2.1295	-8.99805e-08
2.1296	-8.269e-08
2.1297	-7.52282e-08
2.1298	-6.79824e-08
2.1299	-6.06607e-08
2.13	-5.36748e-08
2.1301	-4.67042e-08
2.1302	-3.91163e-08
2.1303	-3.1466e-08
2.1304	-2.49647e-08
2.1305	-1.59667e-08
2.1306	-7.65519e-09
2.1307	-2.44421e-09
2.1308	3.21833e-09
2.1309	1.10757e-08
2.131	1.88362e-08
2.1311	2.66835e-08
2.1312	3.39134e-08
2.1313	4.13575e-08
2.1314	4.87494e-08
2.1315	5.66576e-08
2.1316	6.37212e-08
2.1317	6.62449e-08
2.1318	7.13151e-08
2.1319	7.85858e-08
2.132	8.27998e-08
2.1321	8.71165e-08
2.1322	9.41284e-08
2.1323	1.00671e-07
2.1324	1.08249e-07
2.1325	1.11332e-07
2.1326	1.19001e-07
2.1327	1.26311e-07
2.1328	1.33025e-07
2.1329	1.39937e-07
2.133	1.47395e-07
2.1331	1.4981e-07
2.1332	1.59317e-07
2.1333	1.66348e-07
2.1334	1.7322e-07
2.1335	1.74685e-07
2.1336	1.75943e-07
2.1337	1.78176e-07
2.1338	1.84544e-07
2.1339	1.91508e-07
2.134	2.01408e-07
2.1341	2.01571e-07
2.1342	2.0689e-07
2.1343	2.07392e-07
2.1344	2.07965e-07
2.1345	2.13197e-07
2.1346	2.12934e-07
2.1347	2.22811e-07
2.1348	2.2455e-07
2.1349	2.35409e-07
2.135	2.41048e-07
2.1351	2.44396e-07
2.1352	2.43699e-07
2.1353	2.4852e-07
2.1354	2.5497e-07
2.1355	2.65093e-07
2.1356	2.69673e-07
2.1357	2.79374e-07
2.1358	2.88851e-07
2.1359	2.9237e-07
2.136	2.96471e-07
2.1361	3.00358e-07
2.1362	2.98711e-07
2.1363	3.00977e-07
2.1364	3.03587e-07
2.1365	3.01613e-07
2.1366	3.05286e-07
2.1367	3.13691e-07
2.1368	3.15617e-07
2.1369	3.17812e-07
2.137	3.19223e-07
2.1371	3.21765e-07
2.1372	3.19171e-07
2.1373	3.26065e-07
2.1374	3.23906e-07
2.1375	3.19727e-07
2.1376	3.20656e-07
2.1377	3.19389e-07
2.1378	3.25191e-07
2.1379	3.24281e-07
2.138	3.20457e-07
2.1381	3.20184e-07
2.1382	3.18788e-07
2.1383	3.17686e-07
2.1384	3.23346e-07
2.1385	3.2864e-07
2.1386	3.34677e-07
2.1387	3.30878e-07
2.1388	3.35417e-07
2.1389	3.33777e-07
2.139	3.37891e-07
2.1391	3.33865e-07
2.1392	3.31715e-07
2.1393	3.29382e-07
2.1394	3.26861e-07
2.1395	3.26141e-07
2.1396	3.2259e-07
2.1397	3.26185e-07
2.1398	3.29533e-07
2.1399	3.25834e-07
2.14	3.20042e-07
2.1401	3.22057e-07
2.1402	3.23082e-07
2.1403	3.166e-07
2.1404	3.18948e-07
2.1405	3.11994e-07
2.1406	3.11157e-07
2.1407	3.1006e-07
2.1408	3.05084e-07
2.1409	2.98353e-07
2.141	2.9129e-07
2.1411	2.84192e-07
2.1412	2.80535e-07
2.1413	2.75166e-07
2.1414	2.64444e-07
2.1415	2.59834e-07
2.1416	2.55264e-07
2.1417	2.47391e-07
2.1418	2.35151e-07
2.1419	2.3145e-07
2.142	2.26759e-07
2.1421	2.2183e-07
2.1422	2.12021e-07
2.1423	2.05766e-07
2.1424	1.97544e-07
2.1425	1.868e-07
2.1426	1.79119e-07
2.1427	1.67679e-07
2.1428	1.55489e-07
2.1429	1.44914e-07
2.143	1.37073e-07
2.1431	1.27177e-07
2.1432	1.21243e-07
2.1433	1.10852e-07
2.1434	1.00105e-07
2.1435	9.09938e-08
2.1436	8.07722e-08
2.1437	6.97075e-08
2.1438	5.9694e-08
2.1439	4.46486e-08
2.144	3.19147e-08
2.1441	1.6937e-08
2.1442	1.85734e-09
2.1443	-1.1505e-08
2.1444	-2.81599e-08
2.1445	-4.55936e-08
2.1446	-5.91095e-08
2.1447	-7.72949e-08
2.1448	-9.78424e-08
2.1449	-1.07234e-07
2.145	-1.21453e-07
2.1451	-1.30983e-07
2.1452	-1.52889e-07
2.1453	-1.66442e-07
2.1454	-1.73883e-07
2.1455	-1.85288e-07
2.1456	-2.05858e-07
2.1457	-2.16071e-07
2.1458	-2.31988e-07
2.1459	-2.5334e-07
2.146	-2.73249e-07
2.1461	-2.90939e-07
2.1462	-3.07219e-07
2.1463	-3.29652e-07
2.1464	-3.47477e-07
2.1465	-3.65208e-07
2.1466	-3.75251e-07
2.1467	-3.92384e-07
2.1468	-4.11357e-07
2.1469	-4.18645e-07
2.147	-4.35678e-07
2.1471	-4.50547e-07
2.1472	-4.5734e-07
2.1473	-4.67487e-07
2.1474	-4.8606e-07
2.1475	-5.03176e-07
2.1476	-5.1997e-07
2.1477	-5.30224e-07
2.1478	-5.42861e-07
2.1479	-5.64049e-07
2.148	-5.85431e-07
2.1481	-5.99335e-07
2.1482	-6.20753e-07
2.1483	-6.30841e-07
2.1484	-6.45727e-07
2.1485	-6.61751e-07
2.1486	-6.76826e-07
2.1487	-6.90899e-07
2.1488	-7.12146e-07
2.1489	-7.2691e-07
2.149	-7.4452e-07
2.1491	-7.57192e-07
2.1492	-7.69904e-07
2.1493	-7.83094e-07
2.1494	-7.96172e-07
2.1495	-8.04815e-07
2.1496	-8.21849e-07
2.1497	-8.32592e-07
2.1498	-8.43529e-07
2.1499	-8.59816e-07
2.15	-8.69278e-07
2.1501	-8.7897e-07
2.1502	-8.8748e-07
2.1503	-9.02047e-07
2.1504	-9.11579e-07
2.1505	-9.24658e-07
2.1506	-9.36241e-07
2.1507	-9.43732e-07
2.1508	-9.55618e-07
2.1509	-9.66411e-07
2.151	-9.74618e-07
2.1511	-9.84262e-07
2.1512	-9.9365e-07
2.1513	-9.98786e-07
2.1514	-1.0081e-06
2.1515	-1.01565e-06
2.1516	-1.02301e-06
2.1517	-1.02548e-06
2.1518	-1.03345e-06
2.1519	-1.03987e-06
2.152	-1.04508e-06
2.1521	-1.04945e-06
2.1522	-1.05318e-06
2.1523	-1.05608e-06
2.1524	-1.06004e-06
2.1525	-1.06231e-06
2.1526	-1.06605e-06
2.1527	-1.06795e-06
2.1528	-1.06881e-06
2.1529	-1.0706e-06
2.153	-1.07302e-06
2.1531	-1.0735e-06
2.1532	-1.06973e-06
2.1533	-1.07231e-06
2.1534	-1.0711e-06
2.1535	-1.0711e-06
2.1536	-1.06994e-06
2.1537	-1.06917e-06
2.1538	-1.06856e-06
2.1539	-1.06724e-06
2.154	-1.06492e-06
2.1541	-1.06337e-06
2.1542	-1.06081e-06
2.1543	-1.05687e-06
2.1544	-1.05423e-06
2.1545	-1.05105e-06
2.1546	-1.04756e-06
2.1547	-1.04501e-06
2.1548	-1.04085e-06
2.1549	-1.0371e-06
2.155	-1.03323e-06
2.1551	-1.02689e-06
2.1552	-1.02343e-06
2.1553	-1.01839e-06
2.1554	-1.01378e-06
2.1555	-1.0089e-06
2.1556	-1.00544e-06
2.1557	-1.00054e-06
2.1558	-9.9589e-07
2.1559	-9.90475e-07
2.156	-9.85524e-07
2.1561	-9.8026e-07
2.1562	-9.74579e-07
2.1563	-9.69044e-07
2.1564	-9.63069e-07
2.1565	-9.55341e-07
2.1566	-9.49296e-07
2.1567	-9.45706e-07
2.1568	-9.40684e-07
2.1569	-9.33153e-07
2.157	-9.26123e-07
2.1571	-9.2185e-07
2.1572	-9.11665e-07
2.1573	-9.03623e-07
2.1574	-8.98732e-07
2.1575	-8.91213e-07
2.1576	-8.82443e-07
2.1577	-8.74759e-07
2.1578	-8.68743e-07
2.1579	-8.60935e-07
2.158	-8.52362e-07
2.1581	-8.43849e-07
2.1582	-8.35687e-07
2.1583	-8.27506e-07
2.1584	-8.1977e-07
2.1585	-8.113e-07
2.1586	-8.04887e-07
2.1587	-7.98147e-07
2.1588	-7.86192e-07
2.1589	-7.77045e-07
2.159	-7.68272e-07
2.1591	-7.60645e-07
2.1592	-7.49106e-07
2.1593	-7.40848e-07
2.1594	-7.31642e-07
2.1595	-7.20977e-07
2.1596	-7.14627e-07
2.1597	-7.0534e-07
2.1598	-6.96505e-07
2.1599	-6.89759e-07
2.16	-6.79384e-07
2.1601	-6.68583e-07
2.1602	-6.56426e-07
2.1603	-6.48138e-07
2.1604	-6.38243e-07
2.1605	-6.30235e-07
2.1606	-6.22491e-07
2.1607	-6.11792e-07
2.1608	-6.01365e-07
2.1609	-5.89075e-07
2.161	-5.78653e-07
2.1611	-5.67639e-07
2.1612	-5.56535e-07
2.1613	-5.46266e-07
2.1614	-5.35966e-07
2.1615	-5.2536e-07
2.1616	-5.14325e-07
2.1617	-5.05582e-07
2.1618	-4.95327e-07
2.1619	-4.85887e-07
2.162	-4.75175e-07
2.1621	-4.67974e-07
2.1622	-4.58477e-07
2.1623	-4.47954e-07
2.1624	-4.37306e-07
2.1625	-4.26752e-07
2.1626	-4.16958e-07
2.1627	-4.073e-07
2.1628	-3.9779e-07
2.1629	-3.89808e-07
2.163	-3.79909e-07
2.1631	-3.68582e-07
2.1632	-3.58519e-07
2.1633	-3.48401e-07
2.1634	-3.37349e-07
2.1635	-3.26251e-07
2.1636	-3.14589e-07
2.1637	-3.04063e-07
2.1638	-2.94296e-07
2.1639	-2.83097e-07
2.164	-2.76781e-07
2.1641	-2.64487e-07
2.1642	-2.54737e-07
2.1643	-2.4916e-07
2.1644	-2.38293e-07
2.1645	-2.33153e-07
2.1646	-2.21714e-07
2.1647	-2.12536e-07
2.1648	-2.03256e-07
2.1649	-1.9355e-07
2.165	-1.88344e-07
2.1651	-1.83797e-07
2.1652	-1.79095e-07
2.1653	-1.74795e-07
2.1654	-1.64447e-07
2.1655	-1.60123e-07
2.1656	-1.58118e-07
2.1657	-1.48452e-07
2.1658	-1.41476e-07
2.1659	-1.32344e-07
2.166	-1.23223e-07
2.1661	-1.17779e-07
2.1662	-1.08219e-07
2.1663	-1.05279e-07
2.1664	-1.01693e-07
2.1665	-9.94316e-08
2.1666	-9.66995e-08
2.1667	-9.8429e-08
2.1668	-9.66118e-08
2.1669	-8.90407e-08
2.167	-9.06271e-08
2.1671	-8.49947e-08
2.1672	-7.99386e-08
2.1673	-8.11478e-08
2.1674	-7.59278e-08
2.1675	-7.78838e-08
2.1676	-7.26219e-08
2.1677	-7.06988e-08
2.1678	-6.53365e-08
2.1679	-6.57585e-08
2.168	-6.62427e-08
2.1681	-7.02796e-08
2.1682	-7.25644e-08
2.1683	-7.49284e-08
2.1684	-7.86676e-08
2.1685	-8.20324e-08
2.1686	-8.98137e-08
2.1687	-8.88569e-08
2.1688	-8.94907e-08
2.1689	-8.75191e-08
2.169	-8.91682e-08
2.1691	-9.34488e-08
2.1692	-9.09561e-08
2.1693	-8.79111e-08
2.1694	-9.12358e-08
2.1695	-9.47959e-08
2.1696	-1.00067e-07
2.1697	-1.01412e-07
2.1698	-1.05358e-07
2.1699	-1.10979e-07
2.17	-1.12836e-07
2.1701	-1.14622e-07
2.1702	-1.20419e-07
2.1703	-1.2698e-07
2.1704	-1.29023e-07
2.1705	-1.32249e-07
2.1706	-1.40366e-07
2.1707	-1.46996e-07
2.1708	-1.50808e-07
2.1709	-1.58953e-07
2.171	-1.6383e-07
2.1711	-1.67066e-07
2.1712	-1.69637e-07
2.1713	-1.77176e-07
2.1714	-1.84532e-07
2.1715	-1.92326e-07
2.1716	-2.01366e-07
2.1717	-2.0569e-07
2.1718	-2.14106e-07
2.1719	-2.17609e-07
2.172	-2.26057e-07
2.1721	-2.36873e-07
2.1722	-2.47456e-07
2.1723	-2.56796e-07
2.1724	-2.68214e-07
2.1725	-2.78842e-07
2.1726	-2.83807e-07
2.1727	-2.89906e-07
2.1728	-2.99433e-07
2.1729	-3.06342e-07
2.173	-3.1447e-07
2.1731	-3.23351e-07
2.1732	-3.27416e-07
2.1733	-3.3803e-07
2.1734	-3.45263e-07
2.1735	-3.57119e-07
2.1736	-3.60742e-07
2.1737	-3.63694e-07
2.1738	-3.7206e-07
2.1739	-3.7935e-07
2.174	-3.88922e-07
2.1741	-3.98697e-07
2.1742	-4.01886e-07
2.1743	-4.09175e-07
2.1744	-4.17813e-07
2.1745	-4.32034e-07
2.1746	-4.3982e-07
2.1747	-4.43292e-07
2.1748	-4.5158e-07
2.1749	-4.65377e-07
2.175	-4.70572e-07
2.1751	-4.76136e-07
2.1752	-4.83552e-07
2.1753	-4.89872e-07
2.1754	-4.99668e-07
2.1755	-5.04934e-07
2.1756	-5.10151e-07
2.1757	-5.19503e-07
2.1758	-5.24484e-07
2.1759	-5.30639e-07
2.176	-5.39206e-07
2.1761	-5.48723e-07
2.1762	-5.54023e-07
2.1763	-5.60295e-07
2.1764	-5.65699e-07
2.1765	-5.73733e-07
2.1766	-5.80942e-07
2.1767	-5.88163e-07
2.1768	-5.8971e-07
2.1769	-5.95787e-07
2.177	-6.05447e-07
2.1771	-6.13119e-07
2.1772	-6.2057e-07
2.1773	-6.25051e-07
2.1774	-6.31367e-07
2.1775	-6.35291e-07
2.1776	-6.4345e-07
2.1777	-6.48288e-07
2.1778	-6.53682e-07
2.1779	-6.57683e-07
2.178	-6.63705e-07
2.1781	-6.67523e-07
2.1782	-6.71373e-07
2.1783	-6.74891e-07
2.1784	-6.79499e-07
2.1785	-6.81558e-07
2.1786	-6.86208e-07
2.1787	-6.88065e-07
2.1788	-6.91242e-07
2.1789	-6.91773e-07
2.179	-6.93504e-07
2.1791	-6.94667e-07
2.1792	-6.9634e-07
2.1793	-6.97831e-07
2.1794	-6.98262e-07
2.1795	-7.00872e-07
2.1796	-7.00107e-07
2.1797	-7.01627e-07
2.1798	-6.99447e-07
2.1799	-6.99627e-07
2.18	-6.98525e-07
2.1801	-6.99103e-07
2.1802	-6.98807e-07
2.1803	-6.97452e-07
2.1804	-6.96131e-07
2.1805	-6.94401e-07
2.1806	-6.93273e-07
2.1807	-6.90321e-07
2.1808	-6.8732e-07
2.1809	-6.87483e-07
2.181	-6.85016e-07
2.1811	-6.81574e-07
2.1812	-6.78519e-07
2.1813	-6.76572e-07
2.1814	-6.7448e-07
2.1815	-6.68511e-07
2.1816	-6.63799e-07
2.1817	-6.60909e-07
2.1818	-6.58807e-07
2.1819	-6.54533e-07
2.182	-6.50629e-07
2.1821	-6.46801e-07
2.1822	-6.42093e-07
2.1823	-6.37502e-07
2.1824	-6.33554e-07
2.1825	-6.28184e-07
2.1826	-6.24731e-07
2.1827	-6.1789e-07
2.1828	-6.14176e-07
2.1829	-6.10393e-07
2.183	-6.06416e-07
2.1831	-6.01134e-07
2.1832	-5.95888e-07
2.1833	-5.91635e-07
2.1834	-5.87191e-07
2.1835	-5.82277e-07
2.1836	-5.77917e-07
2.1837	-5.69856e-07
2.1838	-5.64848e-07
2.1839	-5.58694e-07
2.184	-5.532e-07
2.1841	-5.47193e-07
2.1842	-5.42104e-07
2.1843	-5.36773e-07
2.1844	-5.31062e-07
2.1845	-5.26831e-07
2.1846	-5.18124e-07
2.1847	-5.13952e-07
2.1848	-5.09555e-07
2.1849	-5.05174e-07
2.185	-5.01069e-07
2.1851	-4.96342e-07
2.1852	-4.91023e-07
2.1853	-4.86645e-07
2.1854	-4.82632e-07
2.1855	-4.77463e-07
2.1856	-4.71928e-07
2.1857	-4.66805e-07
2.1858	-4.60771e-07
2.1859	-4.54668e-07
2.186	-4.50452e-07
2.1861	-4.45313e-07
2.1862	-4.38977e-07
2.1863	-4.33639e-07
2.1864	-4.27416e-07
2.1865	-4.21922e-07
2.1866	-4.18476e-07
2.1867	-4.13116e-07
2.1868	-4.07832e-07
2.1869	-4.02016e-07
2.187	-3.96047e-07
2.1871	-3.91814e-07
2.1872	-3.83221e-07
2.1873	-3.77956e-07
2.1874	-3.72725e-07
2.1875	-3.68634e-07
2.1876	-3.62715e-07
2.1877	-3.58533e-07
2.1878	-3.53891e-07
2.1879	-3.48048e-07
2.188	-3.41872e-07
2.1881	-3.35943e-07
2.1882	-3.2894e-07
2.1883	-3.24255e-07
2.1884	-3.18724e-07
2.1885	-3.13203e-07
2.1886	-3.10883e-07
2.1887	-3.04689e-07
2.1888	-2.98394e-07
2.1889	-2.94118e-07
2.189	-2.8846e-07
2.1891	-2.81306e-07
2.1892	-2.79087e-07
2.1893	-2.7433e-07
2.1894	-2.69251e-07
2.1895	-2.63897e-07
2.1896	-2.58186e-07
2.1897	-2.53359e-07
2.1898	-2.47621e-07
2.1899	-2.42127e-07
2.19	-2.36302e-07
2.1901	-2.30085e-07
2.1902	-2.25179e-07
2.1903	-2.1962e-07
2.1904	-2.13458e-07
2.1905	-2.09668e-07
2.1906	-2.03359e-07
2.1907	-1.98569e-07
2.1908	-1.93715e-07
2.1909	-1.88014e-07
2.191	-1.81714e-07
2.1911	-1.75637e-07
2.1912	-1.69762e-07
2.1913	-1.61911e-07
2.1914	-1.56806e-07
2.1915	-1.52134e-07
2.1916	-1.46212e-07
2.1917	-1.39777e-07
2.1918	-1.34098e-07
2.1919	-1.27597e-07
2.192	-1.20931e-07
2.1921	-1.15353e-07
2.1922	-1.08407e-07
2.1923	-1.01492e-07
2.1924	-9.48328e-08
2.1925	-8.81636e-08
2.1926	-8.3074e-08
2.1927	-7.62434e-08
2.1928	-7.13565e-08
2.1929	-6.45243e-08
2.193	-5.77465e-08
2.1931	-5.06428e-08
2.1932	-4.28955e-08
2.1933	-3.54976e-08
2.1934	-2.82919e-08
2.1935	-2.09716e-08
2.1936	-1.43357e-08
2.1937	-6.38473e-09
2.1938	8.85885e-10
2.1939	8.44047e-09
2.194	1.53668e-08
2.1941	2.28448e-08
2.1942	3.0833e-08
2.1943	3.88142e-08
2.1944	4.73427e-08
2.1945	5.35378e-08
2.1946	6.07814e-08
2.1947	6.84578e-08
2.1948	7.64864e-08
2.1949	7.69909e-08
2.195	8.4095e-08
2.1951	9.16551e-08
2.1952	9.9042e-08
2.1953	1.06392e-07
2.1954	1.14635e-07
2.1955	1.22414e-07
2.1956	1.26168e-07
2.1957	1.34336e-07
2.1958	1.39124e-07
2.1959	1.45696e-07
2.196	1.52857e-07
2.1961	1.61233e-07
2.1962	1.64532e-07
2.1963	1.71984e-07
2.1964	1.79621e-07
2.1965	1.87309e-07
2.1966	1.89043e-07
2.1967	1.95896e-07
2.1968	2.03354e-07
2.1969	2.06349e-07
2.197	2.15512e-07
2.1971	2.18032e-07
2.1972	2.24063e-07
2.1973	2.2628e-07
2.1974	2.36109e-07
2.1975	2.37007e-07
2.1976	2.43995e-07
2.1977	2.5163e-07
2.1978	2.61386e-07
2.1979	2.67821e-07
2.198	2.73155e-07
2.1981	2.79436e-07
2.1982	2.8497e-07
2.1983	2.90546e-07
2.1984	2.96088e-07
2.1985	2.97264e-07
2.1986	2.98352e-07
2.1987	3.08822e-07
2.1988	3.18326e-07
2.1989	3.27184e-07
2.199	3.25977e-07
2.1991	3.35628e-07
2.1992	3.40906e-07
2.1993	3.45971e-07
2.1994	3.50101e-07
2.1995	3.54864e-07
2.1996	3.64047e-07
2.1997	3.62244e-07
2.1998	3.66226e-07
2.1999	3.75579e-07
2.2	3.79229e-07
2.2001	3.86352e-07
2.2002	3.89834e-07
2.2003	3.92063e-07
2.2004	4.00733e-07
2.2005	4.09121e-07
2.2006	4.09709e-07
2.2007	4.17942e-07
2.2008	4.20184e-07
2.2009	4.22626e-07
2.201	4.24907e-07
2.2011	4.31086e-07
2.2012	4.37082e-07
2.2013	4.37882e-07
2.2014	4.37915e-07
2.2015	4.43985e-07
2.2016	4.51001e-07
2.2017	4.49421e-07
2.2018	4.49329e-07
2.2019	4.50888e-07
2.202	4.57545e-07
2.2021	4.56517e-07
2.2022	4.55678e-07
2.2023	4.62205e-07
2.2024	4.68436e-07
2.2025	4.68853e-07
2.2026	4.74113e-07
2.2027	4.79613e-07
2.2028	4.7873e-07
2.2029	4.83739e-07
2.203	4.80726e-07
2.2031	4.8052e-07
2.2032	4.75594e-07
2.2033	4.77041e-07
2.2034	4.81076e-07
2.2035	4.83112e-07
2.2036	4.85105e-07
2.2037	4.86841e-07
2.2038	4.81647e-07
2.2039	4.82362e-07
2.204	4.83438e-07
2.2041	4.78467e-07
2.2042	4.79103e-07
2.2043	4.79258e-07
2.2044	4.74289e-07
2.2045	4.73322e-07
2.2046	4.67444e-07
2.2047	4.60383e-07
2.2048	4.5341e-07
2.2049	4.47615e-07
2.205	4.41888e-07
2.2051	4.35975e-07
2.2052	4.26594e-07
2.2053	4.19472e-07
2.2054	4.15843e-07
2.2055	4.06135e-07
2.2056	4.01201e-07
2.2057	3.97217e-07
2.2058	3.94132e-07
2.2059	3.82858e-07
2.206	3.73921e-07
2.2061	3.68479e-07
2.2062	3.61222e-07
2.2063	3.53032e-07
2.2064	3.44458e-07
2.2065	3.33328e-07
2.2066	3.205e-07
2.2067	3.05715e-07
2.2068	2.98054e-07
2.2069	2.87733e-07
2.207	2.76404e-07
2.2071	2.66378e-07
2.2072	2.47101e-07
2.2073	2.37341e-07
2.2074	2.30311e-07
2.2075	2.21396e-07
2.2076	2.08309e-07
2.2077	1.93492e-07
2.2078	1.7773e-07
2.2079	1.62988e-07
2.208	1.48004e-07
2.2081	1.33226e-07
2.2082	1.17931e-07
2.2083	1.01336e-07
2.2084	9.48903e-08
2.2085	7.90606e-08
2.2086	6.4391e-08
2.2087	5.24332e-08
2.2088	4.51016e-08
2.2089	2.84382e-08
2.209	9.80646e-09
2.2091	-6.18729e-09
2.2092	-2.25817e-08
2.2093	-4.45435e-08
2.2094	-5.35125e-08
2.2095	-7.44402e-08
2.2096	-8.97942e-08
2.2097	-1.10203e-07
2.2098	-1.31567e-07
2.2099	-1.52073e-07
2.21	-1.6721e-07
2.2101	-1.84191e-07
2.2102	-2.01554e-07
2.2103	-2.19583e-07
2.2104	-2.30218e-07
2.2105	-2.48331e-07
2.2106	-2.55087e-07
2.2107	-2.72106e-07
2.2108	-2.87669e-07
2.2109	-3.10814e-07
2.211	-3.17939e-07
2.2111	-3.24487e-07
2.2112	-3.43624e-07
2.2113	-3.54503e-07
2.2114	-3.71279e-07
2.2115	-3.81288e-07
2.2116	-3.98502e-07
2.2117	-4.20962e-07
2.2118	-4.42359e-07
2.2119	-4.64969e-07
2.212	-4.80753e-07
2.2121	-4.90882e-07
2.2122	-5.0383e-07
2.2123	-5.25693e-07
2.2124	-5.41292e-07
2.2125	-5.56022e-07
2.2126	-5.73748e-07
2.2127	-5.93798e-07
2.2128	-6.12954e-07
2.2129	-6.25216e-07
2.213	-6.37796e-07
2.2131	-6.49646e-07
2.2132	-6.61205e-07
2.2133	-6.78187e-07
2.2134	-6.91664e-07
2.2135	-7.01103e-07
2.2136	-7.16945e-07
2.2137	-7.32475e-07
2.2138	-7.44343e-07
2.2139	-7.57042e-07
2.214	-7.64434e-07
2.2141	-7.78568e-07
2.2142	-7.91457e-07
2.2143	-7.99038e-07
2.2144	-8.06567e-07
2.2145	-8.18428e-07
2.2146	-8.30408e-07
2.2147	-8.4034e-07
2.2148	-8.4843e-07
2.2149	-8.5798e-07
2.215	-8.66633e-07
2.2151	-8.75057e-07
2.2152	-8.82929e-07
2.2153	-8.91362e-07
2.2154	-8.94673e-07
2.2155	-8.97382e-07
2.2156	-9.03326e-07
2.2157	-9.08139e-07
2.2158	-9.07962e-07
2.2159	-9.13356e-07
2.216	-9.17025e-07
2.2161	-9.15599e-07
2.2162	-9.19876e-07
2.2163	-9.23238e-07
2.2164	-9.26308e-07
2.2165	-9.28422e-07
2.2166	-9.34005e-07
2.2167	-9.35154e-07
2.2168	-9.36981e-07
2.2169	-9.38405e-07
2.217	-9.38425e-07
2.2171	-9.38684e-07
2.2172	-9.35872e-07
2.2173	-9.36182e-07
2.2174	-9.356e-07
2.2175	-9.3503e-07
2.2176	-9.33569e-07
2.2177	-9.33408e-07
2.2178	-9.31528e-07
2.2179	-9.29851e-07
2.218	-9.26758e-07
2.2181	-9.21878e-07
2.2182	-9.1886e-07
2.2183	-9.14668e-07
2.2184	-9.10553e-07
2.2185	-9.07358e-07
2.2186	-9.04507e-07
2.2187	-8.99691e-07
2.2188	-8.95951e-07
2.2189	-8.92133e-07
2.219	-8.88625e-07
2.2191	-8.82284e-07
2.2192	-8.7764e-07
2.2193	-8.73475e-07
2.2194	-8.68682e-07
2.2195	-8.6443e-07
2.2196	-8.60263e-07
2.2197	-8.5513e-07
2.2198	-8.48506e-07
2.2199	-8.44071e-07
2.22	-8.4145e-07
2.2201	-8.38642e-07
2.2202	-8.32183e-07
2.2203	-8.25551e-07
2.2204	-8.19736e-07
2.2205	-8.12502e-07
2.2206	-8.07475e-07
2.2207	-8.00686e-07
2.2208	-7.953e-07
2.2209	-7.89671e-07
2.221	-7.79441e-07
2.2211	-7.71103e-07
2.2212	-7.64328e-07
2.2213	-7.58758e-07
2.2214	-7.51099e-07
2.2215	-7.42729e-07
2.2216	-7.35294e-07
2.2217	-7.26801e-07
2.2218	-7.19181e-07
2.2219	-7.10486e-07
2.222	-7.02628e-07
2.2221	-6.93383e-07
2.2222	-6.87103e-07
2.2223	-6.78877e-07
2.2224	-6.7195e-07
2.2225	-6.65753e-07
2.2226	-6.54821e-07
2.2227	-6.44328e-07
2.2228	-6.35549e-07
2.2229	-6.28319e-07
2.223	-6.17746e-07
2.2231	-6.0876e-07
2.2232	-5.98561e-07
2.2233	-5.89539e-07
2.2234	-5.79963e-07
2.2235	-5.70518e-07
2.2236	-5.60435e-07
2.2237	-5.51161e-07
2.2238	-5.41044e-07
2.2239	-5.30371e-07
2.224	-5.20748e-07
2.2241	-5.1312e-07
2.2242	-5.041e-07
2.2243	-4.9575e-07
2.2244	-4.8692e-07
2.2245	-4.75342e-07
2.2246	-4.6472e-07
2.2247	-4.54925e-07
2.2248	-4.44055e-07
2.2249	-4.33891e-07
2.225	-4.22968e-07
2.2251	-4.12534e-07
2.2252	-4.02047e-07
2.2253	-3.90777e-07
2.2254	-3.8019e-07
2.2255	-3.6935e-07
2.2256	-3.60175e-07
2.2257	-3.52367e-07
2.2258	-3.42096e-07
2.2259	-3.33193e-07
2.226	-3.28328e-07
2.2261	-3.20164e-07
2.2262	-3.11712e-07
2.2263	-3.03356e-07
2.2264	-2.93551e-07
2.2265	-2.84206e-07
2.2266	-2.73448e-07
2.2267	-2.61026e-07
2.2268	-2.54643e-07
2.2269	-2.47922e-07
2.227	-2.41046e-07
2.2271	-2.33963e-07
2.2272	-2.23908e-07
2.2273	-2.13014e-07
2.2274	-2.02053e-07
2.2275	-1.9143e-07
2.2276	-1.80488e-07
2.2277	-1.71334e-07
2.2278	-1.59576e-07
2.2279	-1.54952e-07
2.228	-1.45005e-07
2.2281	-1.39597e-07
2.2282	-1.29719e-07
2.2283	-1.24009e-07
2.2284	-1.18186e-07
2.2285	-1.08227e-07
2.2286	-1.05101e-07
2.2287	-1.00636e-07
2.2288	-9.5209e-08
2.2289	-9.14347e-08
2.229	-8.91646e-08
2.2291	-8.43547e-08
2.2292	-8.1706e-08
2.2293	-7.28829e-08
2.2294	-6.9305e-08
2.2295	-6.13577e-08
2.2296	-5.88284e-08
2.2297	-5.60068e-08
2.2298	-5.00918e-08
2.2299	-4.14512e-08
2.23	-3.95573e-08
2.2301	-3.71773e-08
2.2302	-3.49052e-08
2.2303	-3.33923e-08
2.2304	-3.23707e-08
2.2305	-3.25752e-08
2.2306	-2.46947e-08
2.2307	-3.06107e-08
2.2308	-2.99396e-08
2.2309	-2.45661e-08
2.231	-1.8734e-08
2.2311	-2.08571e-08
2.2312	-2.15966e-08
2.2313	-1.75378e-08
2.2314	-1.72893e-08
2.2315	-1.72643e-08
2.2316	-1.89351e-08
2.2317	-1.92644e-08
2.2318	-2.19055e-08
2.2319	-2.58524e-08
2.232	-2.77316e-08
2.2321	-3.21467e-08
2.2322	-3.492e-08
2.2323	-3.97336e-08
2.2324	-3.93139e-08
2.2325	-3.83638e-08
2.2326	-4.25042e-08
2.2327	-4.19778e-08
2.2328	-4.71364e-08
2.2329	-5.21537e-08
2.233	-4.79189e-08
2.2331	-4.58052e-08
2.2332	-5.24577e-08
2.2333	-5.87508e-08
2.2334	-6.49147e-08
2.2335	-7.02952e-08
2.2336	-7.12901e-08
2.2337	-7.64557e-08
2.2338	-7.84726e-08
2.2339	-8.12869e-08
2.234	-8.77266e-08
2.2341	-9.35888e-08
2.2342	-9.62243e-08
2.2343	-1.06846e-07
2.2344	-1.12772e-07
2.2345	-1.18012e-07
2.2346	-1.2373e-07
2.2347	-1.3067e-07
2.2348	-1.3255e-07
2.2349	-1.36239e-07
2.235	-1.43739e-07
2.2351	-1.4739e-07
2.2352	-1.54853e-07
2.2353	-1.62954e-07
2.2354	-1.71227e-07
2.2355	-1.75298e-07
2.2356	-1.82834e-07
2.2357	-1.89768e-07
2.2358	-1.98605e-07
2.2359	-2.11588e-07
2.236	-2.20955e-07
2.2361	-2.31296e-07
2.2362	-2.41793e-07
2.2363	-2.50198e-07
2.2364	-2.57614e-07
2.2365	-2.65401e-07
2.2366	-2.72053e-07
2.2367	-2.7521e-07
2.2368	-2.83417e-07
2.2369	-2.92444e-07
2.237	-3.00951e-07
2.2371	-3.0902e-07
2.2372	-3.16654e-07
2.2373	-3.22052e-07
2.2374	-3.24187e-07
2.2375	-3.26715e-07
2.2376	-3.35435e-07
2.2377	-3.43471e-07
2.2378	-3.48112e-07
2.2379	-3.57235e-07
2.238	-3.60985e-07
2.2381	-3.6456e-07
2.2382	-3.72996e-07
2.2383	-3.78751e-07
2.2384	-3.86197e-07
2.2385	-3.94967e-07
2.2386	-4.01586e-07
2.2387	-4.15956e-07
2.2388	-4.24822e-07
2.2389	-4.2911e-07
2.239	-4.34178e-07
2.2391	-4.44358e-07
2.2392	-4.53369e-07
2.2393	-4.62664e-07
2.2394	-4.71171e-07
2.2395	-4.75788e-07
2.2396	-4.89267e-07
2.2397	-4.948e-07
2.2398	-5.02944e-07
2.2399	-5.11474e-07
2.24	-5.24036e-07
2.2401	-5.35822e-07
2.2402	-5.43989e-07
2.2403	-5.51884e-07
2.2404	-5.58113e-07
2.2405	-5.66043e-07
2.2406	-5.7275e-07
2.2407	-5.78565e-07
2.2408	-5.8583e-07
2.2409	-5.93165e-07
2.241	-6.00689e-07
2.2411	-6.07539e-07
2.2412	-6.17326e-07
2.2413	-6.21154e-07
2.2414	-6.25606e-07
2.2415	-6.34177e-07
2.2416	-6.37521e-07
2.2417	-6.41181e-07
2.2418	-6.46549e-07
2.2419	-6.51069e-07
2.242	-6.53917e-07
2.2421	-6.61224e-07
2.2422	-6.64447e-07
2.2423	-6.68435e-07
2.2424	-6.72234e-07
2.2425	-6.74545e-07
2.2426	-6.75643e-07
2.2427	-6.805e-07
2.2428	-6.83988e-07
2.2429	-6.83972e-07
2.243	-6.85183e-07
2.2431	-6.86563e-07
2.2432	-6.87256e-07
2.2433	-6.88299e-07
2.2434	-6.87323e-07
2.2435	-6.88089e-07
2.2436	-6.8759e-07
2.2437	-6.86299e-07
2.2438	-6.87121e-07
2.2439	-6.86659e-07
2.244	-6.86735e-07
2.2441	-6.85316e-07
2.2442	-6.83357e-07
2.2443	-6.83484e-07
2.2444	-6.82112e-07
2.2445	-6.80248e-07
2.2446	-6.7815e-07
2.2447	-6.75988e-07
2.2448	-6.73502e-07
2.2449	-6.70607e-07
2.245	-6.66611e-07
2.2451	-6.63995e-07
2.2452	-6.63399e-07
2.2453	-6.58297e-07
2.2454	-6.54045e-07
2.2455	-6.50789e-07
2.2456	-6.46358e-07
2.2457	-6.41944e-07
2.2458	-6.38839e-07
2.2459	-6.34164e-07
2.246	-6.2932e-07
2.2461	-6.25064e-07
2.2462	-6.21284e-07
2.2463	-6.16616e-07
2.2464	-6.1219e-07
2.2465	-6.07642e-07
2.2466	-6.01715e-07
2.2467	-5.99774e-07
2.2468	-5.95364e-07
2.2469	-5.90363e-07
2.247	-5.86327e-07
2.2471	-5.80591e-07
2.2472	-5.75557e-07
2.2473	-5.70947e-07
2.2474	-5.66828e-07
2.2475	-5.57588e-07
2.2476	-5.52922e-07
2.2477	-5.46965e-07
2.2478	-5.40763e-07
2.2479	-5.35894e-07
2.248	-5.30207e-07
2.2481	-5.25406e-07
2.2482	-5.19812e-07
2.2483	-5.15661e-07
2.2484	-5.08993e-07
2.2485	-5.02738e-07
2.2486	-4.98975e-07
2.2487	-4.9342e-07
2.2488	-4.8978e-07
2.2489	-4.84523e-07
2.249	-4.7958e-07
2.2491	-4.74412e-07
2.2492	-4.70164e-07
2.2493	-4.6311e-07
2.2494	-4.56946e-07
2.2495	-4.53045e-07
2.2496	-4.47586e-07
2.2497	-4.42184e-07
2.2498	-4.37393e-07
2.2499	-4.3193e-07
2.25	-4.26888e-07
2.2501	-4.21101e-07
2.2502	-4.16092e-07
2.2503	-4.0982e-07
2.2504	-4.05367e-07
2.2505	-4.00808e-07
2.2506	-3.95805e-07
2.2507	-3.9056e-07
2.2508	-3.85124e-07
2.2509	-3.79276e-07
2.251	-3.74058e-07
2.2511	-3.67198e-07
2.2512	-3.61345e-07
2.2513	-3.58091e-07
2.2514	-3.52371e-07
2.2515	-3.46346e-07
2.2516	-3.40407e-07
2.2517	-3.34702e-07
2.2518	-3.28966e-07
2.2519	-3.23658e-07
2.252	-3.17114e-07
2.2521	-3.11373e-07
2.2522	-3.05215e-07
2.2523	-3.01192e-07
2.2524	-2.95782e-07
2.2525	-2.89748e-07
2.2526	-2.84283e-07
2.2527	-2.79267e-07
2.2528	-2.75301e-07
2.2529	-2.71629e-07
2.253	-2.67719e-07
2.2531	-2.63472e-07
2.2532	-2.57467e-07
2.2533	-2.53158e-07
2.2534	-2.47467e-07
2.2535	-2.42093e-07
2.2536	-2.36407e-07
2.2537	-2.31748e-07
2.2538	-2.26189e-07
2.2539	-2.19842e-07
2.254	-2.16189e-07
2.2541	-2.10778e-07
2.2542	-2.05888e-07
2.2543	-1.99356e-07
2.2544	-1.95036e-07
2.2545	-1.89134e-07
2.2546	-1.83385e-07
2.2547	-1.77275e-07
2.2548	-1.72224e-07
2.2549	-1.66621e-07
2.255	-1.63164e-07
2.2551	-1.57622e-07
2.2552	-1.51021e-07
2.2553	-1.44696e-07
2.2554	-1.38824e-07
2.2555	-1.3427e-07
2.2556	-1.29026e-07
2.2557	-1.23875e-07
2.2558	-1.17529e-07
2.2559	-1.11288e-07
2.256	-1.04332e-07
2.2561	-9.75416e-08
2.2562	-9.02493e-08
2.2563	-8.32094e-08
2.2564	-7.68116e-08
2.2565	-7.20204e-08
2.2566	-6.45822e-08
2.2567	-5.88736e-08
2.2568	-5.22721e-08
2.2569	-4.54235e-08
2.257	-3.87151e-08
2.2571	-3.17203e-08
2.2572	-2.49738e-08
2.2573	-1.76976e-08
2.2574	-1.08593e-08
2.2575	-3.6396e-09
2.2576	3.86672e-09
2.2577	1.06877e-08
2.2578	1.58142e-08
2.2579	2.30538e-08
2.258	2.85269e-08
2.2581	3.65694e-08
2.2582	4.43234e-08
2.2583	5.2654e-08
2.2584	5.82537e-08
2.2585	6.63332e-08
2.2586	7.36988e-08
2.2587	8.11765e-08
2.2588	8.87427e-08
2.2589	9.65208e-08
2.259	1.0116e-07
2.2591	1.08153e-07
2.2592	1.16548e-07
2.2593	1.24825e-07
2.2594	1.2751e-07
2.2595	1.35833e-07
2.2596	1.43759e-07
2.2597	1.53257e-07
2.2598	1.59417e-07
2.2599	1.67093e-07
2.26	1.73133e-07
2.2601	1.8267e-07
2.2602	1.9038e-07
2.2603	1.97693e-07
2.2604	2.006e-07
2.2605	2.03873e-07
2.2606	2.12905e-07
2.2607	2.20171e-07
2.2608	2.27e-07
2.2609	2.36443e-07
2.261	2.43524e-07
2.2611	2.45132e-07
2.2612	2.5242e-07
2.2613	2.58754e-07
2.2614	2.59612e-07
2.2615	2.6243e-07
2.2616	2.68784e-07
2.2617	2.7803e-07
2.2618	2.8521e-07
2.2619	2.90243e-07
2.262	2.96192e-07
2.2621	2.9768e-07
2.2622	3.03319e-07
2.2623	3.11053e-07
2.2624	3.17223e-07
2.2625	3.23012e-07
2.2626	3.28683e-07
2.2627	3.33401e-07
2.2628	3.39086e-07
2.2629	3.43921e-07
2.263	3.5457e-07
2.2631	3.60051e-07
2.2632	3.60174e-07
2.2633	3.65037e-07
2.2634	3.75254e-07
2.2635	3.80337e-07
2.2636	3.8372e-07
2.2637	3.87048e-07
2.2638	3.90661e-07
2.2639	3.89156e-07
2.264	3.8711e-07
2.2641	3.89947e-07
2.2642	3.87849e-07
2.2643	3.92226e-07
2.2644	3.94655e-07
2.2645	4.02402e-07
2.2646	4.05334e-07
2.2647	4.00621e-07
2.2648	4.00105e-07
2.2649	3.97824e-07
2.265	4.06867e-07
2.2651	4.14969e-07
2.2652	4.15706e-07
2.2653	4.23873e-07
2.2654	4.2946e-07
2.2655	4.36447e-07
2.2656	4.3227e-07
2.2657	4.39536e-07
2.2658	4.4031e-07
2.2659	4.47204e-07
2.266	4.46539e-07
2.2661	4.53762e-07
2.2662	4.59305e-07
2.2663	4.57172e-07
2.2664	4.57206e-07
2.2665	4.57574e-07
2.2666	4.62488e-07
2.2667	4.68038e-07
2.2668	4.67618e-07
2.2669	4.72824e-07
2.267	4.73846e-07
2.2671	4.78564e-07
2.2672	4.82123e-07
2.2673	4.81106e-07
2.2674	4.83017e-07
2.2675	4.76268e-07
2.2676	4.7116e-07
2.2677	4.66357e-07
2.2678	4.66776e-07
2.2679	4.60086e-07
2.268	4.54326e-07
2.2681	4.51126e-07
2.2682	4.46646e-07
2.2683	4.40886e-07
2.2684	4.35489e-07
2.2685	4.30278e-07
2.2686	4.23325e-07
2.2687	4.1712e-07
2.2688	4.10551e-07
2.2689	4.03693e-07
2.269	3.95786e-07
2.2691	3.92274e-07
2.2692	3.84902e-07
2.2693	3.82243e-07
2.2694	3.72136e-07
2.2695	3.66222e-07
2.2696	3.60953e-07
2.2697	3.53513e-07
2.2698	3.45787e-07
2.2699	3.36767e-07
2.27	3.26904e-07
2.2701	3.16875e-07
2.2702	3.09126e-07
2.2703	2.99613e-07
2.2704	2.88349e-07
2.2705	2.76691e-07
2.2706	2.6658e-07
2.2707	2.56956e-07
2.2708	2.47034e-07
2.2709	2.3625e-07
2.271	2.23207e-07
2.2711	2.08146e-07
2.2712	1.9341e-07
2.2713	1.82507e-07
2.2714	1.70798e-07
2.2715	1.60038e-07
2.2716	1.47138e-07
2.2717	1.33911e-07
2.2718	1.18011e-07
2.2719	1.03167e-07
2.272	9.08713e-08
2.2721	7.42535e-08
2.2722	5.82291e-08
2.2723	4.35056e-08
2.2724	2.58576e-08
2.2725	8.80619e-09
2.2726	-1.81679e-09
2.2727	-1.58581e-08
2.2728	-3.10761e-08
2.2729	-5.06296e-08
2.273	-6.64411e-08
2.2731	-8.62838e-08
2.2732	-1.0078e-07
2.2733	-1.20463e-07
2.2734	-1.35839e-07
2.2735	-1.56213e-07
2.2736	-1.72454e-07
2.2737	-1.91337e-07
2.2738	-2.07619e-07
2.2739	-2.30176e-07
2.274	-2.40585e-07
2.2741	-2.56489e-07
2.2742	-2.67543e-07
2.2743	-2.80387e-07
2.2744	-2.92454e-07
2.2745	-3.0917e-07
2.2746	-3.15381e-07
2.2747	-3.32974e-07
2.2748	-3.48261e-07
2.2749	-3.53639e-07
2.275	-3.61267e-07
2.2751	-3.74032e-07
2.2752	-3.90348e-07
2.2753	-4.0767e-07
2.2754	-4.18764e-07
2.2755	-4.40945e-07
2.2756	-4.59233e-07
2.2757	-4.75381e-07
2.2758	-4.91268e-07
2.2759	-5.05777e-07
2.276	-5.2154e-07
2.2761	-5.43578e-07
2.2762	-5.60714e-07
2.2763	-5.76546e-07
2.2764	-5.9561e-07
2.2765	-6.14595e-07
2.2766	-6.31723e-07
2.2767	-6.45876e-07
2.2768	-6.58559e-07
2.2769	-6.71942e-07
2.277	-6.83683e-07
2.2771	-6.96067e-07
2.2772	-7.03614e-07
2.2773	-7.10648e-07
2.2774	-7.21766e-07
2.2775	-7.3298e-07
2.2776	-7.41794e-07
2.2777	-7.56213e-07
2.2778	-7.63526e-07
2.2779	-7.77911e-07
2.278	-7.91923e-07
2.2781	-8.05477e-07
2.2782	-8.15553e-07
2.2783	-8.27388e-07
2.2784	-8.34018e-07
2.2785	-8.45555e-07
2.2786	-8.51508e-07
2.2787	-8.62132e-07
2.2788	-8.70374e-07
2.2789	-8.76113e-07
2.279	-8.82531e-07
2.2791	-8.85015e-07
2.2792	-8.9288e-07
2.2793	-9.00124e-07
2.2794	-9.06412e-07
2.2795	-9.13037e-07
2.2796	-9.18744e-07
2.2797	-9.24979e-07
2.2798	-9.31907e-07
2.2799	-9.3637e-07
2.28	-9.4027e-07
2.2801	-9.4375e-07
2.2802	-9.47319e-07
2.2803	-9.49955e-07
2.2804	-9.52168e-07
2.2805	-9.55115e-07
2.2806	-9.57281e-07
2.2807	-9.59072e-07
2.2808	-9.59926e-07
2.2809	-9.61166e-07
2.281	-9.60817e-07
2.2811	-9.6011e-07
2.2812	-9.59567e-07
2.2813	-9.58795e-07
2.2814	-9.577e-07
2.2815	-9.5689e-07
2.2816	-9.54877e-07
2.2817	-9.52862e-07
2.2818	-9.49724e-07
2.2819	-9.46986e-07
2.282	-9.43601e-07
2.2821	-9.41089e-07
2.2822	-9.38084e-07
2.2823	-9.35238e-07
2.2824	-9.31773e-07
2.2825	-9.28593e-07
2.2826	-9.24698e-07
2.2827	-9.2578e-07
2.2828	-9.22949e-07
2.2829	-9.21139e-07
2.283	-9.1529e-07
2.2831	-9.10476e-07
2.2832	-9.06469e-07
2.2833	-8.99835e-07
2.2834	-8.96515e-07
2.2835	-8.9181e-07
2.2836	-8.87569e-07
2.2837	-8.82931e-07
2.2838	-8.77713e-07
2.2839	-8.72951e-07
2.284	-8.67131e-07
2.2841	-8.60079e-07
2.2842	-8.54229e-07
2.2843	-8.48894e-07
2.2844	-8.42656e-07
2.2845	-8.371e-07
2.2846	-8.30604e-07
2.2847	-8.25641e-07
2.2848	-8.18512e-07
2.2849	-8.1042e-07
2.285	-8.03682e-07
2.2851	-7.9544e-07
2.2852	-7.87853e-07
2.2853	-7.79616e-07
2.2854	-7.70959e-07
2.2855	-7.62401e-07
2.2856	-7.55063e-07
2.2857	-7.46711e-07
2.2858	-7.3876e-07
2.2859	-7.30369e-07
2.286	-7.22304e-07
2.2861	-7.14812e-07
2.2862	-7.07445e-07
2.2863	-7.00729e-07
2.2864	-6.90324e-07
2.2865	-6.82302e-07
2.2866	-6.73782e-07
2.2867	-6.66089e-07
2.2868	-6.56304e-07
2.2869	-6.48477e-07
2.287	-6.39775e-07
2.2871	-6.3179e-07
2.2872	-6.22644e-07
2.2873	-6.13035e-07
2.2874	-6.04328e-07
2.2875	-5.94312e-07
2.2876	-5.85768e-07
2.2877	-5.74357e-07
2.2878	-5.64415e-07
2.2879	-5.53631e-07
2.288	-5.43911e-07
2.2881	-5.34127e-07
2.2882	-5.31887e-07
2.2883	-5.22218e-07
2.2884	-5.11836e-07
2.2885	-5.02942e-07
2.2886	-4.9215e-07
2.2887	-4.80477e-07
2.2888	-4.71553e-07
2.2889	-4.60333e-07
2.289	-4.50524e-07
2.2891	-4.40186e-07
2.2892	-4.3152e-07
2.2893	-4.2244e-07
2.2894	-4.13135e-07
2.2895	-4.02507e-07
2.2896	-3.94079e-07
2.2897	-3.86611e-07
2.2898	-3.7922e-07
2.2899	-3.69588e-07
2.29	-3.59266e-07
2.2901	-3.48618e-07
2.2902	-3.37462e-07
2.2903	-3.30152e-07
2.2904	-3.20205e-07
2.2905	-3.09215e-07
2.2906	-2.97621e-07
2.2907	-2.88361e-07
2.2908	-2.75652e-07
2.2909	-2.67878e-07
2.291	-2.57116e-07
2.2911	-2.46386e-07
2.2912	-2.38879e-07
2.2913	-2.32825e-07
2.2914	-2.21488e-07
2.2915	-2.12128e-07
2.2916	-2.03837e-07
2.2917	-1.96861e-07
2.2918	-1.85068e-07
2.2919	-1.79991e-07
2.292	-1.70775e-07
2.2921	-1.60072e-07
2.2922	-1.56584e-07
2.2923	-1.47878e-07
2.2924	-1.41126e-07
2.2925	-1.30683e-07
2.2926	-1.21249e-07
2.2927	-1.1615e-07
2.2928	-1.0586e-07
2.2929	-1.02712e-07
2.293	-9.34235e-08
2.2931	-8.0153e-08
2.2932	-7.12978e-08
2.2933	-6.21993e-08
2.2934	-6.11284e-08
2.2935	-5.51594e-08
2.2936	-5.26942e-08
2.2937	-4.89719e-08
2.2938	-4.25531e-08
2.2939	-3.99972e-08
2.294	-3.69634e-08
2.2941	-2.84174e-08
2.2942	-2.56567e-08
2.2943	-2.39907e-08
2.2944	-2.43897e-08
2.2945	-2.30114e-08
2.2946	-2.16515e-08
2.2947	-2.24871e-08
2.2948	-1.54678e-08
2.2949	-1.6258e-08
2.295	-1.1222e-08
2.2951	-1.10042e-08
2.2952	-1.47688e-08
2.2953	-1.16345e-08
2.2954	-4.20712e-09
2.2955	-3.39996e-09
2.2956	1.55736e-09
2.2957	4.95171e-09
2.2958	2.37723e-09
2.2959	1.49605e-09
2.296	4.60157e-10
2.2961	-2.94615e-09
2.2962	-3.77986e-09
2.2963	-1.14662e-08
2.2964	-1.3799e-08
2.2965	-1.77873e-08
2.2966	-2.18644e-08
2.2967	-2.55798e-08
2.2968	-2.54143e-08
2.2969	-2.24205e-08
2.297	-1.94904e-08
2.2971	-2.54446e-08
2.2972	-2.61444e-08
2.2973	-2.88883e-08
2.2974	-3.10263e-08
2.2975	-3.66088e-08
2.2976	-4.17326e-08
2.2977	-4.39835e-08
2.2978	-4.83198e-08
2.2979	-5.4524e-08
2.298	-5.74533e-08
2.2981	-5.68198e-08
2.2982	-7.10562e-08
2.2983	-7.7129e-08
2.2984	-8.43118e-08
2.2985	-8.98111e-08
2.2986	-9.204e-08
2.2987	-9.30276e-08
2.2988	-9.73932e-08
2.2989	-1.00863e-07
2.299	-1.07612e-07
2.2991	-1.14546e-07
2.2992	-1.22564e-07
2.2993	-1.25764e-07
2.2994	-1.33652e-07
2.2995	-1.41686e-07
2.2996	-1.4991e-07
2.2997	-1.5897e-07
2.2998	-1.68e-07
2.2999	-1.71303e-07
2.3	-1.81623e-07
2.3001	-1.85651e-07
2.3002	-1.97823e-07
2.3003	-2.09087e-07
2.3004	-2.17789e-07
2.3005	-2.26677e-07
2.3006	-2.33926e-07
2.3007	-2.35454e-07
2.3008	-2.43339e-07
2.3009	-2.47085e-07
2.301	-2.54281e-07
2.3011	-2.64309e-07
2.3012	-2.75284e-07
2.3013	-2.7927e-07
2.3014	-2.87755e-07
2.3015	-2.96731e-07
2.3016	-3.08293e-07
2.3017	-3.21685e-07
2.3018	-3.30822e-07
2.3019	-3.3392e-07
2.302	-3.36122e-07
2.3021	-3.44105e-07
2.3022	-3.5343e-07
2.3023	-3.59919e-07
2.3024	-3.64267e-07
2.3025	-3.73379e-07
2.3026	-3.87481e-07
2.3027	-3.95574e-07
2.3028	-4.0068e-07
2.3029	-4.08759e-07
2.303	-4.15705e-07
2.3031	-4.24274e-07
2.3032	-4.38118e-07
2.3033	-4.43683e-07
2.3034	-4.48508e-07
2.3035	-4.57857e-07
2.3036	-4.63411e-07
2.3037	-4.72449e-07
2.3038	-4.76146e-07
2.3039	-4.88e-07
2.304	-4.96147e-07
2.3041	-5.04452e-07
2.3042	-5.1181e-07
2.3043	-5.19827e-07
2.3044	-5.27969e-07
2.3045	-5.3076e-07
2.3046	-5.38227e-07
2.3047	-5.43945e-07
2.3048	-5.51777e-07
2.3049	-5.59302e-07
2.305	-5.68942e-07
2.3051	-5.75232e-07
2.3052	-5.79331e-07
2.3053	-5.84838e-07
2.3054	-5.93212e-07
2.3055	-5.97879e-07
2.3056	-6.02296e-07
2.3057	-6.08267e-07
2.3058	-6.11845e-07
2.3059	-6.14351e-07
2.306	-6.18479e-07
2.3061	-6.21842e-07
2.3062	-6.25192e-07
2.3063	-6.28875e-07
2.3064	-6.30455e-07
2.3065	-6.30439e-07
2.3066	-6.3488e-07
2.3067	-6.36564e-07
2.3068	-6.37287e-07
2.3069	-6.40048e-07
2.307	-6.41709e-07
2.3071	-6.41347e-07
2.3072	-6.42259e-07
2.3073	-6.41942e-07
2.3074	-6.43102e-07
2.3075	-6.42459e-07
2.3076	-6.42623e-07
2.3077	-6.41605e-07
2.3078	-6.41878e-07
2.3079	-6.40687e-07
2.308	-6.39271e-07
2.3081	-6.41335e-07
2.3082	-6.39744e-07
2.3083	-6.37147e-07
2.3084	-6.34639e-07
2.3085	-6.32696e-07
2.3086	-6.31229e-07
2.3087	-6.27687e-07
2.3088	-6.24061e-07
2.3089	-6.21273e-07
2.309	-6.18543e-07
2.3091	-6.17448e-07
2.3092	-6.11098e-07
2.3093	-6.0841e-07
2.3094	-6.05408e-07
2.3095	-6.02312e-07
2.3096	-5.99082e-07
2.3097	-5.9533e-07
2.3098	-5.90191e-07
2.3099	-5.85334e-07
2.31	-5.81534e-07
2.3101	-5.77533e-07
2.3102	-5.72869e-07
2.3103	-5.68854e-07
2.3104	-5.62084e-07
2.3105	-5.56762e-07
2.3106	-5.53026e-07
2.3107	-5.49106e-07
2.3108	-5.44204e-07
2.3109	-5.3888e-07
2.311	-5.32968e-07
2.3111	-5.28119e-07
2.3112	-5.23841e-07
2.3113	-5.19318e-07
2.3114	-5.11215e-07
2.3115	-5.06427e-07
2.3116	-5.00771e-07
2.3117	-4.96739e-07
2.3118	-4.91572e-07
2.3119	-4.86199e-07
2.312	-4.81901e-07
2.3121	-4.76852e-07
2.3122	-4.72354e-07
2.3123	-4.64338e-07
2.3124	-4.6001e-07
2.3125	-4.54349e-07
2.3126	-4.48865e-07
2.3127	-4.43299e-07
2.3128	-4.39171e-07
2.3129	-4.33567e-07
2.313	-4.28441e-07
2.3131	-4.2369e-07
2.3132	-4.16078e-07
2.3133	-4.09266e-07
2.3134	-4.05417e-07
2.3135	-3.99152e-07
2.3136	-3.93119e-07
2.3137	-3.87399e-07
2.3138	-3.81208e-07
2.3139	-3.75303e-07
2.314	-3.70393e-07
2.3141	-3.65241e-07
2.3142	-3.58693e-07
2.3143	-3.54104e-07
2.3144	-3.49199e-07
2.3145	-3.45094e-07
2.3146	-3.39739e-07
2.3147	-3.33086e-07
2.3148	-3.29616e-07
2.3149	-3.23119e-07
2.315	-3.17862e-07
2.3151	-3.12068e-07
2.3152	-3.10087e-07
2.3153	-3.04333e-07
2.3154	-2.98255e-07
2.3155	-2.92761e-07
2.3156	-2.87242e-07
2.3157	-2.8094e-07
2.3158	-2.75795e-07
2.3159	-2.68818e-07
2.316	-2.64564e-07
2.3161	-2.58552e-07
2.3162	-2.53309e-07
2.3163	-2.47447e-07
2.3164	-2.43145e-07
2.3165	-2.38029e-07
2.3166	-2.32065e-07
2.3167	-2.27315e-07
2.3168	-2.19745e-07
2.3169	-2.14832e-07
2.317	-2.11306e-07
2.3171	-2.04739e-07
2.3172	-1.99634e-07
2.3173	-1.93842e-07
2.3174	-1.8821e-07
2.3175	-1.82792e-07
2.3176	-1.76242e-07
2.3177	-1.71229e-07
2.3178	-1.64261e-07
2.3179	-1.59839e-07
2.318	-1.54689e-07
2.3181	-1.4883e-07
2.3182	-1.43682e-07
2.3183	-1.38687e-07
2.3184	-1.3319e-07
2.3185	-1.28852e-07
2.3186	-1.23059e-07
2.3187	-1.16914e-07
2.3188	-1.1225e-07
2.3189	-1.0883e-07
2.319	-1.02197e-07
2.3191	-9.5888e-08
2.3192	-9.07912e-08
2.3193	-8.55648e-08
2.3194	-7.9528e-08
2.3195	-7.30185e-08
2.3196	-6.68326e-08
2.3197	-6.0796e-08
2.3198	-5.45401e-08
2.3199	-4.6822e-08
2.32	-3.96708e-08
2.3201	-3.29402e-08
2.3202	-2.61912e-08
2.3203	-2.00645e-08
2.3204	-1.29575e-08
2.3205	-7.18282e-09
2.3206	-3.19022e-10
2.3207	5.01221e-09
2.3208	1.17318e-08
2.3209	2.00016e-08
2.321	2.7602e-08
2.3211	3.37785e-08
2.3212	4.08287e-08
2.3213	4.76802e-08
2.3214	5.2766e-08
2.3215	5.99677e-08
2.3216	6.67793e-08
2.3217	7.21392e-08
2.3218	7.53912e-08
2.3219	8.22955e-08
2.322	9.13804e-08
2.3221	1.00036e-07
2.3222	1.06291e-07
2.3223	1.13039e-07
2.3224	1.19862e-07
2.3225	1.27412e-07
2.3226	1.35006e-07
2.3227	1.42343e-07
2.3228	1.4966e-07
2.3229	1.57423e-07
2.323	1.64771e-07
2.3231	1.73065e-07
2.3232	1.79413e-07
2.3233	1.88089e-07
2.3234	1.95924e-07
2.3235	2.04567e-07
2.3236	2.11253e-07
2.3237	2.17262e-07
2.3238	2.25927e-07
2.3239	2.35571e-07
2.324	2.43695e-07
2.3241	2.51636e-07
2.3242	2.55254e-07
2.3243	2.57464e-07
2.3244	2.63969e-07
2.3245	2.71926e-07
2.3246	2.81661e-07
2.3247	2.83963e-07
2.3248	2.93399e-07
2.3249	3.01048e-07
2.325	3.08436e-07
2.3251	3.09478e-07
2.3252	3.17644e-07
2.3253	3.24739e-07
2.3254	3.34175e-07
2.3255	3.44493e-07
2.3256	3.49565e-07
2.3257	3.59366e-07
2.3258	3.59439e-07
2.3259	3.64915e-07
2.326	3.65317e-07
2.3261	3.7526e-07
2.3262	3.81135e-07
2.3263	3.8265e-07
2.3264	3.83351e-07
2.3265	3.91721e-07
2.3266	3.94915e-07
2.3267	4.01114e-07
2.3268	4.06573e-07
2.3269	4.16262e-07
2.327	4.20541e-07
2.3271	4.19558e-07
2.3272	4.29253e-07
2.3273	4.37375e-07
2.3274	4.42184e-07
2.3275	4.4589e-07
2.3276	4.49619e-07
2.3277	4.52853e-07
2.3278	4.55336e-07
2.3279	4.57085e-07
2.328	4.60748e-07
2.3281	4.63789e-07
2.3282	4.66213e-07
2.3283	4.67634e-07
2.3284	4.75618e-07
2.3285	4.85152e-07
2.3286	4.87154e-07
2.3287	4.90741e-07
2.3288	4.97391e-07
2.3289	5.03961e-07
2.329	5.12224e-07
2.3291	5.10724e-07
2.3292	5.17536e-07
2.3293	5.23861e-07
2.3294	5.233e-07
2.3295	5.23621e-07
2.3296	5.23554e-07
2.3297	5.23161e-07
2.3298	5.302e-07
2.3299	5.22373e-07
2.33	5.2909e-07
2.3301	5.27569e-07
2.3302	5.32714e-07
2.3303	5.31272e-07
2.3304	5.25817e-07
2.3305	5.29974e-07
2.3306	5.27432e-07
2.3307	5.25053e-07
2.3308	5.20703e-07
2.3309	5.16733e-07
2.331	5.17158e-07
2.3311	5.20263e-07
2.3312	5.16146e-07
2.3313	5.1066e-07
2.3314	5.11236e-07
2.3315	5.12969e-07
2.3316	5.0693e-07
2.3317	5.09179e-07
2.3318	5.0619e-07
2.3319	5.01422e-07
2.332	5.02458e-07
2.3321	5.00616e-07
2.3322	4.94848e-07
2.3323	4.93864e-07
2.3324	4.87171e-07
2.3325	4.80397e-07
2.3326	4.77218e-07
2.3327	4.73861e-07
2.3328	4.62517e-07
2.3329	4.5767e-07
2.333	4.52596e-07
2.3331	4.48326e-07
2.3332	4.39465e-07
2.3333	4.33629e-07
2.3334	4.27374e-07
2.3335	4.24885e-07
2.3336	4.16647e-07
2.3337	4.08759e-07
2.3338	4.00087e-07
2.3339	3.91137e-07
2.334	3.82939e-07
2.3341	3.74874e-07
2.3342	3.63376e-07
2.3343	3.53344e-07
2.3344	3.4425e-07
2.3345	3.35001e-07
2.3346	3.28275e-07
2.3347	3.16771e-07
2.3348	3.07417e-07
2.3349	2.89221e-07
2.335	2.77646e-07
2.3351	2.6545e-07
2.3352	2.56074e-07
2.3353	2.45898e-07
2.3354	2.33284e-07
2.3355	2.18295e-07
2.3356	2.02664e-07
2.3357	1.87952e-07
2.3358	1.71625e-07
2.3359	1.54944e-07
2.336	1.40978e-07
2.3361	1.22515e-07
2.3362	1.03848e-07
2.3363	9.2144e-08
2.3364	7.51152e-08
2.3365	5.93164e-08
2.3366	3.88913e-08
2.3367	1.98653e-08
2.3368	4.01725e-09
2.3369	-1.4575e-08
2.337	-3.58661e-08
2.3371	-5.57655e-08
2.3372	-7.23996e-08
2.3373	-9.30933e-08
2.3374	-1.14056e-07
2.3375	-1.36173e-07
2.3376	-1.57351e-07
2.3377	-1.7493e-07
2.3378	-1.939e-07
2.3379	-2.17713e-07
2.338	-2.35128e-07
2.3381	-2.58387e-07
2.3382	-2.7722e-07
2.3383	-2.95636e-07
2.3384	-3.01059e-07
2.3385	-3.12974e-07
2.3386	-3.29089e-07
2.3387	-3.45637e-07
2.3388	-3.58542e-07
2.3389	-3.78853e-07
2.339	-3.96073e-07
2.3391	-4.11779e-07
2.3392	-4.23584e-07
2.3393	-4.45159e-07
2.3394	-4.66499e-07
2.3395	-4.84608e-07
2.3396	-4.9447e-07
2.3397	-5.10186e-07
2.3398	-5.20769e-07
2.3399	-5.35685e-07
2.34	-5.58565e-07
2.3401	-5.79896e-07
2.3402	-5.88567e-07
2.3403	-6.0348e-07
2.3404	-6.17748e-07
2.3405	-6.29244e-07
2.3406	-6.42523e-07
2.3407	-6.54403e-07
2.3408	-6.64741e-07
2.3409	-6.80214e-07
2.341	-6.88598e-07
2.3411	-6.98946e-07
2.3412	-7.13806e-07
2.3413	-7.2842e-07
2.3414	-7.38122e-07
2.3415	-7.54622e-07
2.3416	-7.63208e-07
2.3417	-7.76179e-07
2.3418	-7.90427e-07
2.3419	-7.99116e-07
2.342	-8.1152e-07
2.3421	-8.21207e-07
2.3422	-8.33543e-07
2.3423	-8.44344e-07
2.3424	-8.53939e-07
2.3425	-8.6368e-07
2.3426	-8.6929e-07
2.3427	-8.77958e-07
2.3428	-8.87981e-07
2.3429	-8.94175e-07
2.343	-9.02575e-07
2.3431	-9.09267e-07
2.3432	-9.15535e-07
2.3433	-9.2117e-07
2.3434	-9.25627e-07
2.3435	-9.30907e-07
2.3436	-9.35369e-07
2.3437	-9.34685e-07
2.3438	-9.37939e-07
2.3439	-9.41662e-07
2.344	-9.44832e-07
2.3441	-9.4779e-07
2.3442	-9.50208e-07
2.3443	-9.51279e-07
2.3444	-9.52317e-07
2.3445	-9.52715e-07
2.3446	-9.5379e-07
2.3447	-9.53913e-07
2.3448	-9.5448e-07
2.3449	-9.53341e-07
2.345	-9.53498e-07
2.3451	-9.5298e-07
2.3452	-9.52178e-07
2.3453	-9.51275e-07
2.3454	-9.49319e-07
2.3455	-9.47431e-07
2.3456	-9.45807e-07
2.3457	-9.43485e-07
2.3458	-9.39925e-07
2.3459	-9.37157e-07
2.346	-9.34816e-07
2.3461	-9.31573e-07
2.3462	-9.28332e-07
2.3463	-9.24536e-07
2.3464	-9.2091e-07
2.3465	-9.18021e-07
2.3466	-9.13825e-07
2.3467	-9.13915e-07
2.3468	-9.07744e-07
2.3469	-9.02856e-07
2.347	-8.9798e-07
2.3471	-8.94075e-07
2.3472	-8.90673e-07
2.3473	-8.85299e-07
2.3474	-8.79636e-07
2.3475	-8.74422e-07
2.3476	-8.685e-07
2.3477	-8.62248e-07
2.3478	-8.56624e-07
2.3479	-8.49665e-07
2.348	-8.43189e-07
2.3481	-8.35899e-07
2.3482	-8.30229e-07
2.3483	-8.24744e-07
2.3484	-8.17752e-07
2.3485	-8.12182e-07
2.3486	-8.04822e-07
2.3487	-7.92396e-07
2.3488	-7.85612e-07
2.3489	-7.78136e-07
2.349	-7.70221e-07
2.3491	-7.63316e-07
2.3492	-7.54549e-07
2.3493	-7.49096e-07
2.3494	-7.39738e-07
2.3495	-7.31036e-07
2.3496	-7.21111e-07
2.3497	-7.12783e-07
2.3498	-7.04374e-07
2.3499	-6.95952e-07
2.35	-6.88348e-07
2.3501	-6.82139e-07
2.3502	-6.75912e-07
2.3503	-6.64816e-07
2.3504	-6.56077e-07
2.3505	-6.50343e-07
2.3506	-6.41807e-07
2.3507	-6.32598e-07
2.3508	-6.22913e-07
2.3509	-6.12486e-07
2.351	-6.03734e-07
2.3511	-5.96266e-07
2.3512	-5.86001e-07
2.3513	-5.77402e-07
2.3514	-5.67211e-07
2.3515	-5.57187e-07
2.3516	-5.46227e-07
2.3517	-5.35726e-07
2.3518	-5.29062e-07
2.3519	-5.18449e-07
2.352	-5.09998e-07
2.3521	-5.00886e-07
2.3522	-4.91186e-07
2.3523	-4.80864e-07
2.3524	-4.70975e-07
2.3525	-4.59593e-07
2.3526	-4.48827e-07
2.3527	-4.39013e-07
2.3528	-4.27399e-07
2.3529	-4.17374e-07
2.353	-4.0699e-07
2.3531	-3.97021e-07
2.3532	-3.88561e-07
2.3533	-3.78036e-07
2.3534	-3.69687e-07
2.3535	-3.58656e-07
2.3536	-3.51766e-07
2.3537	-3.41956e-07
2.3538	-3.31563e-07
2.3539	-3.23135e-07
2.354	-3.12051e-07
2.3541	-3.01279e-07
2.3542	-2.90119e-07
2.3543	-2.8426e-07
2.3544	-2.73531e-07
2.3545	-2.63633e-07
2.3546	-2.54831e-07
2.3547	-2.47046e-07
2.3548	-2.36538e-07
2.3549	-2.25323e-07
2.355	-2.16669e-07
2.3551	-2.09069e-07
2.3552	-1.99321e-07
2.3553	-1.93729e-07
2.3554	-1.82439e-07
2.3555	-1.76588e-07
2.3556	-1.69278e-07
2.3557	-1.57913e-07
2.3558	-1.53739e-07
2.3559	-1.47183e-07
2.356	-1.4035e-07
2.3561	-1.35978e-07
2.3562	-1.27676e-07
2.3563	-1.23318e-07
2.3564	-1.12661e-07
2.3565	-1.06874e-07
2.3566	-9.69738e-08
2.3567	-9.08541e-08
2.3568	-8.75381e-08
2.3569	-8.19153e-08
2.357	-7.20854e-08
2.3571	-6.96033e-08
2.3572	-6.86521e-08
2.3573	-7.19454e-08
2.3574	-6.81951e-08
2.3575	-6.96266e-08
2.3576	-6.5024e-08
2.3577	-5.96775e-08
2.3578	-5.9913e-08
2.3579	-5.63617e-08
2.358	-5.33836e-08
2.3581	-5.00563e-08
2.3582	-5.19232e-08
2.3583	-5.11284e-08
2.3584	-4.87433e-08
2.3585	-4.93712e-08
2.3586	-4.84777e-08
2.3587	-4.9417e-08
2.3588	-4.44954e-08
2.3589	-4.48461e-08
2.359	-4.56327e-08
2.3591	-4.55908e-08
2.3592	-4.11077e-08
2.3593	-4.105e-08
2.3594	-4.20929e-08
2.3595	-4.32514e-08
2.3596	-4.78424e-08
2.3597	-4.39586e-08
2.3598	-3.96179e-08
2.3599	-4.33981e-08
2.36	-4.53443e-08
2.3601	-5.365e-08
2.3602	-5.66977e-08
2.3603	-5.98729e-08
2.3604	-6.4284e-08
2.3605	-6.87575e-08
2.3606	-7.16823e-08
2.3607	-7.57973e-08
2.3608	-7.23702e-08
2.3609	-7.08389e-08
2.361	-7.67948e-08
2.3611	-8.20854e-08
2.3612	-8.3336e-08
2.3613	-8.84945e-08
2.3614	-9.19066e-08
2.3615	-9.78122e-08
2.3616	-1.01178e-07
2.3617	-1.07037e-07
2.3618	-1.0963e-07
2.3619	-1.13812e-07
2.362	-1.13569e-07
2.3621	-1.2638e-07
2.3622	-1.31209e-07
2.3623	-1.37791e-07
2.3624	-1.43329e-07
2.3625	-1.49518e-07
2.3626	-1.54452e-07
2.3627	-1.57776e-07
2.3628	-1.66667e-07
2.3629	-1.74324e-07
2.363	-1.81379e-07
2.3631	-1.89731e-07
2.3632	-1.94549e-07
2.3633	-2.03019e-07
2.3634	-2.05215e-07
2.3635	-2.1282e-07
2.3636	-2.15741e-07
2.3637	-2.28379e-07
2.3638	-2.32276e-07
2.3639	-2.42114e-07
2.364	-2.50777e-07
2.3641	-2.60497e-07
2.3642	-2.6673e-07
2.3643	-2.72864e-07
2.3644	-2.81709e-07
2.3645	-2.84897e-07
2.3646	-2.97388e-07
2.3647	-3.00716e-07
2.3648	-3.12234e-07
2.3649	-3.24202e-07
2.365	-3.27951e-07
2.3651	-3.4351e-07
2.3652	-3.47647e-07
2.3653	-3.56124e-07
2.3654	-3.65541e-07
2.3655	-3.78099e-07
2.3656	-3.87463e-07
2.3657	-3.91768e-07
2.3658	-3.99096e-07
2.3659	-4.02951e-07
2.366	-4.11526e-07
2.3661	-4.19476e-07
2.3662	-4.23802e-07
2.3663	-4.28082e-07
2.3664	-4.35557e-07
2.3665	-4.39771e-07
2.3666	-4.44415e-07
2.3667	-4.49431e-07
2.3668	-4.52595e-07
2.3669	-4.63935e-07
2.367	-4.69168e-07
2.3671	-4.75022e-07
2.3672	-4.80238e-07
2.3673	-4.85626e-07
2.3674	-4.90154e-07
2.3675	-4.96208e-07
2.3676	-5.03718e-07
2.3677	-5.10086e-07
2.3678	-5.19115e-07
2.3679	-5.23115e-07
2.368	-5.28031e-07
2.3681	-5.35327e-07
2.3682	-5.44169e-07
2.3683	-5.49819e-07
2.3684	-5.56614e-07
2.3685	-5.66602e-07
2.3686	-5.73626e-07
2.3687	-5.80613e-07
2.3688	-5.87491e-07
2.3689	-5.94392e-07
2.369	-5.98867e-07
2.3691	-6.04432e-07
2.3692	-6.10975e-07
2.3693	-6.15205e-07
2.3694	-6.20771e-07
2.3695	-6.26422e-07
2.3696	-6.32073e-07
2.3697	-6.34756e-07
2.3698	-6.38422e-07
2.3699	-6.42858e-07
2.37	-6.45969e-07
2.3701	-6.50353e-07
2.3702	-6.53012e-07
2.3703	-6.54349e-07
2.3704	-6.57422e-07
2.3705	-6.59371e-07
2.3706	-6.59193e-07
2.3707	-6.62217e-07
2.3708	-6.63376e-07
2.3709	-6.64431e-07
2.371	-6.68247e-07
2.3711	-6.70864e-07
2.3712	-6.71269e-07
2.3713	-6.71012e-07
2.3714	-6.72958e-07
2.3715	-6.72319e-07
2.3716	-6.71917e-07
2.3717	-6.71812e-07
2.3718	-6.70828e-07
2.3719	-6.69107e-07
2.372	-6.67843e-07
2.3721	-6.64911e-07
2.3722	-6.63663e-07
2.3723	-6.60557e-07
2.3724	-6.58096e-07
2.3725	-6.57153e-07
2.3726	-6.53613e-07
2.3727	-6.49827e-07
2.3728	-6.47308e-07
2.3729	-6.45414e-07
2.373	-6.42057e-07
2.3731	-6.36577e-07
2.3732	-6.33684e-07
2.3733	-6.31801e-07
2.3734	-6.28224e-07
2.3735	-6.2469e-07
2.3736	-6.20346e-07
2.3737	-6.16402e-07
2.3738	-6.12686e-07
2.3739	-6.08675e-07
2.374	-6.04529e-07
2.3741	-6.00485e-07
2.3742	-5.9492e-07
2.3743	-5.89711e-07
2.3744	-5.86458e-07
2.3745	-5.82764e-07
2.3746	-5.78259e-07
2.3747	-5.72955e-07
2.3748	-5.67968e-07
2.3749	-5.63082e-07
2.375	-5.59312e-07
2.3751	-5.53744e-07
2.3752	-5.47236e-07
2.3753	-5.423e-07
2.3754	-5.36866e-07
2.3755	-5.32115e-07
2.3756	-5.26431e-07
2.3757	-5.2108e-07
2.3758	-5.15967e-07
2.3759	-5.10883e-07
2.376	-5.06383e-07
2.3761	-4.98725e-07
2.3762	-4.95439e-07
2.3763	-4.89977e-07
2.3764	-4.84666e-07
2.3765	-4.79261e-07
2.3766	-4.75552e-07
2.3767	-4.69409e-07
2.3768	-4.6422e-07
2.3769	-4.59178e-07
2.377	-4.52253e-07
2.3771	-4.45671e-07
2.3772	-4.43079e-07
2.3773	-4.37982e-07
2.3774	-4.32241e-07
2.3775	-4.26938e-07
2.3776	-4.21169e-07
2.3777	-4.1624e-07
2.3778	-4.09703e-07
2.3779	-4.05584e-07
2.378	-3.98695e-07
2.3781	-3.9488e-07
2.3782	-3.88697e-07
2.3783	-3.83494e-07
2.3784	-3.77651e-07
2.3785	-3.73287e-07
2.3786	-3.67973e-07
2.3787	-3.61576e-07
2.3788	-3.56295e-07
2.3789	-3.51197e-07
2.379	-3.47423e-07
2.3791	-3.4192e-07
2.3792	-3.35944e-07
2.3793	-3.302e-07
2.3794	-3.25138e-07
2.3795	-3.19351e-07
2.3796	-3.14225e-07
2.3797	-3.08042e-07
2.3798	-3.0135e-07
2.3799	-2.97787e-07
2.38	-2.92315e-07
2.3801	-2.87496e-07
2.3802	-2.83431e-07
2.3803	-2.79083e-07
2.3804	-2.74807e-07
2.3805	-2.68521e-07
2.3806	-2.61429e-07
2.3807	-2.56371e-07
2.3808	-2.50714e-07
2.3809	-2.44548e-07
2.381	-2.39923e-07
2.3811	-2.34827e-07
2.3812	-2.29315e-07
2.3813	-2.23296e-07
2.3814	-2.17578e-07
2.3815	-2.12058e-07
2.3816	-2.05872e-07
2.3817	-2.0094e-07
2.3818	-1.94707e-07
2.3819	-1.8956e-07
2.382	-1.8388e-07
2.3821	-1.78783e-07
2.3822	-1.73537e-07
2.3823	-1.67791e-07
2.3824	-1.62259e-07
2.3825	-1.55521e-07
2.3826	-1.49949e-07
2.3827	-1.43863e-07
2.3828	-1.38362e-07
2.3829	-1.31798e-07
2.383	-1.2568e-07
2.3831	-1.20596e-07
2.3832	-1.1694e-07
2.3833	-1.10434e-07
2.3834	-1.03929e-07
2.3835	-9.74089e-08
2.3836	-9.11651e-08
2.3837	-8.46035e-08
2.3838	-7.82185e-08
2.3839	-7.17401e-08
2.384	-6.55428e-08
2.3841	-5.88431e-08
2.3842	-5.14832e-08
2.3843	-4.4096e-08
2.3844	-3.84225e-08
2.3845	-3.20606e-08
2.3846	-2.53077e-08
2.3847	-1.79561e-08
2.3848	-1.03729e-08
2.3849	-3.01329e-09
2.385	2.20928e-09
2.3851	9.8431e-09
2.3852	1.70439e-08
2.3853	2.36565e-08
2.3854	3.10314e-08
2.3855	3.56467e-08
2.3856	4.30572e-08
2.3857	4.98518e-08
2.3858	5.88082e-08
2.3859	6.69217e-08
2.386	7.50696e-08
2.3861	7.84655e-08
2.3862	8.56705e-08
2.3863	9.27667e-08
2.3864	1.01267e-07
2.3865	1.0926e-07
2.3866	1.17216e-07
2.3867	1.24403e-07
2.3868	1.31355e-07
2.3869	1.38739e-07
2.387	1.45408e-07
2.3871	1.53888e-07
2.3872	1.61994e-07
2.3873	1.7125e-07
2.3874	1.76139e-07
2.3875	1.82375e-07
2.3876	1.89262e-07
2.3877	1.96807e-07
2.3878	2.05855e-07
2.3879	2.13673e-07
2.388	2.21231e-07
2.3881	2.28987e-07
2.3882	2.36278e-07
2.3883	2.42078e-07
2.3884	2.49118e-07
2.3885	2.51988e-07
2.3886	2.61585e-07
2.3887	2.68654e-07
2.3888	2.75372e-07
2.3889	2.80366e-07
2.389	2.83322e-07
2.3891	2.90731e-07
2.3892	2.98313e-07
2.3893	3.06807e-07
2.3894	3.13335e-07
2.3895	3.19869e-07
2.3896	3.28191e-07
2.3897	3.2892e-07
2.3898	3.35223e-07
2.3899	3.34858e-07
2.39	3.40577e-07
2.3901	3.47319e-07
2.3902	3.47597e-07
2.3903	3.54029e-07
2.3904	3.57485e-07
2.3905	3.67297e-07
2.3906	3.67346e-07
2.3907	3.72288e-07
2.3908	3.78015e-07
2.3909	3.83193e-07
2.391	3.89921e-07
2.3911	3.99286e-07
2.3912	4.0267e-07
2.3913	4.00997e-07
2.3914	4.10214e-07
2.3915	4.14066e-07
2.3916	4.17187e-07
2.3917	4.20234e-07
2.3918	4.1697e-07
2.3919	4.21558e-07
2.392	4.30347e-07
2.3921	4.31912e-07
2.3922	4.34614e-07
2.3923	4.3738e-07
2.3924	4.40677e-07
2.3925	4.48426e-07
2.3926	4.50318e-07
2.3927	4.49067e-07
2.3928	4.49417e-07
2.3929	4.48594e-07
2.393	4.49457e-07
2.3931	4.5662e-07
2.3932	4.6203e-07
2.3933	4.6199e-07
2.3934	4.6861e-07
2.3935	4.7593e-07
2.3936	4.74081e-07
2.3937	4.72316e-07
2.3938	4.78468e-07
2.3939	4.83888e-07
2.394	4.83459e-07
2.3941	4.87632e-07
2.3942	4.86121e-07
2.3943	4.91299e-07
2.3944	4.89634e-07
2.3945	4.84665e-07
2.3946	4.8241e-07
2.3947	4.86429e-07
2.3948	4.87504e-07
2.3949	4.8164e-07
2.395	4.84397e-07
2.3951	4.87773e-07
2.3952	4.88257e-07
2.3953	4.83652e-07
2.3954	4.83894e-07
2.3955	4.86855e-07
2.3956	4.87292e-07
2.3957	4.84881e-07
2.3958	4.85456e-07
2.3959	4.8566e-07
2.396	4.78916e-07
2.3961	4.77916e-07
2.3962	4.77636e-07
2.3963	4.77071e-07
2.3964	4.69743e-07
2.3965	4.63487e-07
2.3966	4.58304e-07
2.3967	4.50644e-07
2.3968	4.45608e-07
2.3969	4.3772e-07
2.397	4.33453e-07
2.3971	4.21765e-07
2.3972	4.1624e-07
2.3973	4.11379e-07
2.3974	4.06786e-07
2.3975	3.99369e-07
2.3976	3.90038e-07
2.3977	3.79694e-07
2.3978	3.71177e-07
2.3979	3.63757e-07
2.398	3.55188e-07
2.3981	3.462e-07
2.3982	3.30667e-07
2.3983	3.24422e-07
2.3984	3.12234e-07
2.3985	3.00495e-07
2.3986	2.94219e-07
2.3987	2.83893e-07
2.3988	2.68254e-07
2.3989	2.54474e-07
2.399	2.43872e-07
2.3991	2.31793e-07
2.3992	2.21189e-07
2.3993	2.06641e-07
2.3994	1.91202e-07
2.3995	1.75917e-07
2.3996	1.60469e-07
2.3997	1.44612e-07
2.3998	1.34209e-07
2.3999	1.20825e-07
2.4	1.13356e-07
2.4001	9.56048e-08
2.4002	8.32552e-08
2.4003	6.81577e-08
2.4004	5.02071e-08
2.4005	3.35421e-08
2.4006	2.06916e-08
2.4007	7.54989e-09
2.4008	-4.64459e-09
2.4009	-2.45521e-08
2.401	-4.02532e-08
2.4011	-6.0904e-08
2.4012	-8.22106e-08
2.4013	-1.03417e-07
2.4014	-1.25056e-07
2.4015	-1.40585e-07
2.4016	-1.64284e-07
2.4017	-1.88621e-07
2.4018	-2.07003e-07
2.4019	-2.25585e-07
2.402	-2.41505e-07
2.4021	-2.59939e-07
2.4022	-2.82141e-07
2.4023	-3.01402e-07
2.4024	-3.20497e-07
2.4025	-3.45031e-07
2.4026	-3.50785e-07
2.4027	-3.69769e-07
2.4028	-3.8613e-07
2.4029	-4.04356e-07
2.403	-4.21253e-07
2.4031	-4.43186e-07
2.4032	-4.58782e-07
2.4033	-4.76005e-07
2.4034	-4.93683e-07
2.4035	-5.09801e-07
2.4036	-5.19928e-07
2.4037	-5.34621e-07
2.4038	-5.51098e-07
2.4039	-5.67494e-07
2.404	-5.82493e-07
2.4041	-5.97031e-07
2.4042	-6.17177e-07
2.4043	-6.31776e-07
2.4044	-6.43055e-07
2.4045	-6.55942e-07
2.4046	-6.68556e-07
2.4047	-6.86189e-07
2.4048	-6.92131e-07
2.4049	-7.00554e-07
2.405	-7.10311e-07
2.4051	-7.20977e-07
2.4052	-7.36345e-07
2.4053	-7.45834e-07
2.4054	-7.58429e-07
2.4055	-7.71448e-07
2.4056	-7.85458e-07
2.4057	-7.94547e-07
2.4058	-8.02515e-07
2.4059	-8.12949e-07
2.406	-8.25649e-07
2.4061	-8.36867e-07
2.4062	-8.4842e-07
2.4063	-8.58864e-07
2.4064	-8.65851e-07
2.4065	-8.74052e-07
2.4066	-8.79321e-07
2.4067	-8.87674e-07
2.4068	-8.96043e-07
2.4069	-9.04019e-07
2.407	-9.06721e-07
2.4071	-9.11895e-07
2.4072	-9.16936e-07
2.4073	-9.21901e-07
2.4074	-9.26969e-07
2.4075	-9.26283e-07
2.4076	-9.29703e-07
2.4077	-9.34437e-07
2.4078	-9.36748e-07
2.4079	-9.39673e-07
2.408	-9.42931e-07
2.4081	-9.44114e-07
2.4082	-9.46275e-07
2.4083	-9.47563e-07
2.4084	-9.4905e-07
2.4085	-9.49354e-07
2.4086	-9.50826e-07
2.4087	-9.48927e-07
2.4088	-9.49205e-07
2.4089	-9.48589e-07
2.409	-9.47623e-07
2.4091	-9.46621e-07
2.4092	-9.4552e-07
2.4093	-9.4334e-07
2.4094	-9.41522e-07
2.4095	-9.39021e-07
2.4096	-9.32789e-07
2.4097	-9.26283e-07
2.4098	-9.23006e-07
2.4099	-9.21043e-07
2.41	-9.17087e-07
2.4101	-9.13174e-07
2.4102	-9.0929e-07
2.4103	-9.06256e-07
2.4104	-9.0238e-07
2.4105	-8.98945e-07
2.4106	-8.93651e-07
2.4107	-8.89307e-07
2.4108	-8.84455e-07
2.4109	-8.80295e-07
2.411	-8.75824e-07
2.4111	-8.72139e-07
2.4112	-8.66347e-07
2.4113	-8.60894e-07
2.4114	-8.55961e-07
2.4115	-8.50055e-07
2.4116	-8.44644e-07
2.4117	-8.37635e-07
2.4118	-8.31198e-07
2.4119	-8.24497e-07
2.412	-8.19802e-07
2.4121	-8.1425e-07
2.4122	-8.07185e-07
2.4123	-8.0184e-07
2.4124	-7.95243e-07
2.4125	-7.83269e-07
2.4126	-7.75479e-07
2.4127	-7.68048e-07
2.4128	-7.57983e-07
2.4129	-7.50155e-07
2.413	-7.43452e-07
2.4131	-7.37087e-07
2.4132	-7.28189e-07
2.4133	-7.19927e-07
2.4134	-7.13052e-07
2.4135	-7.04581e-07
2.4136	-6.95272e-07
2.4137	-6.86952e-07
2.4138	-6.77978e-07
2.4139	-6.7037e-07
2.414	-6.63858e-07
2.4141	-6.53054e-07
2.4142	-6.44581e-07
2.4143	-6.36071e-07
2.4144	-6.28655e-07
2.4145	-6.21765e-07
2.4146	-6.11943e-07
2.4147	-6.02528e-07
2.4148	-5.9326e-07
2.4149	-5.84568e-07
2.415	-5.75393e-07
2.4151	-5.66593e-07
2.4152	-5.57206e-07
2.4153	-5.47198e-07
2.4154	-5.35667e-07
2.4155	-5.26054e-07
2.4156	-5.1934e-07
2.4157	-5.09122e-07
2.4158	-5.00118e-07
2.4159	-4.93104e-07
2.416	-4.83145e-07
2.4161	-4.74897e-07
2.4162	-4.65163e-07
2.4163	-4.54777e-07
2.4164	-4.44496e-07
2.4165	-4.3318e-07
2.4166	-4.22997e-07
2.4167	-4.0966e-07
2.4168	-3.98966e-07
2.4169	-3.89465e-07
2.417	-3.80622e-07
2.4171	-3.71611e-07
2.4172	-3.63721e-07
2.4173	-3.54695e-07
2.4174	-3.46426e-07
2.4175	-3.40067e-07
2.4176	-3.30836e-07
2.4177	-3.23644e-07
2.4178	-3.1541e-07
2.4179	-3.04396e-07
2.418	-2.94288e-07
2.4181	-2.82954e-07
2.4182	-2.76027e-07
2.4183	-2.66694e-07
2.4184	-2.5845e-07
2.4185	-2.48533e-07
2.4186	-2.40638e-07
2.4187	-2.33358e-07
2.4188	-2.2247e-07
2.4189	-2.15395e-07
2.419	-2.08198e-07
2.4191	-1.97498e-07
2.4192	-1.90774e-07
2.4193	-1.80438e-07
2.4194	-1.73842e-07
2.4195	-1.62472e-07
2.4196	-1.62447e-07
2.4197	-1.56797e-07
2.4198	-1.49403e-07
2.4199	-1.45003e-07
2.42	-1.37906e-07
2.4201	-1.32206e-07
2.4202	-1.29296e-07
2.4203	-1.17979e-07
2.4204	-1.13054e-07
2.4205	-1.09016e-07
2.4206	-1.05649e-07
2.4207	-1.01648e-07
2.4208	-9.55682e-08
2.4209	-8.67561e-08
2.421	-8.70483e-08
2.4211	-8.48556e-08
2.4212	-7.76001e-08
2.4213	-7.45515e-08
2.4214	-6.50061e-08
2.4215	-5.37994e-08
2.4216	-5.02275e-08
2.4217	-4.16521e-08
2.4218	-3.87151e-08
2.4219	-3.71621e-08
2.422	-2.89043e-08
2.4221	-3.01657e-08
2.4222	-2.21306e-08
2.4223	-2.04955e-08
2.4224	-2.22022e-08
2.4225	-2.13795e-08
2.4226	-1.56942e-08
2.4227	-1.22817e-08
2.4228	-5.4345e-09
2.4229	-6.90186e-09
2.423	-8.91384e-10
2.4231	6.13443e-09
2.4232	5.28258e-09
2.4233	3.74872e-09
2.4234	1.77214e-09
2.4235	-6.49473e-10
2.4236	3.32749e-09
2.4237	1.58096e-09
2.4238	-2.89627e-09
2.4239	-6.1606e-09
2.424	-1.42764e-08
2.4241	-1.23266e-08
2.4242	-1.58429e-08
2.4243	-2.02899e-08
2.4244	-2.36779e-08
2.4245	-2.95272e-08
2.4246	-2.63942e-08
2.4247	-2.35849e-08
2.4248	-2.7829e-08
2.4249	-3.34022e-08
2.425	-3.4381e-08
2.4251	-4.02299e-08
2.4252	-4.16777e-08
2.4253	-4.32283e-08
2.4254	-4.88326e-08
2.4255	-5.25096e-08
2.4256	-5.90139e-08
2.4257	-6.43343e-08
2.4258	-6.48525e-08
2.4259	-7.49073e-08
2.426	-8.60735e-08
2.4261	-8.94893e-08
2.4262	-9.69324e-08
2.4263	-1.01487e-07
2.4264	-1.04168e-07
2.4265	-1.08307e-07
2.4266	-1.12798e-07
2.4267	-1.17744e-07
2.4268	-1.2465e-07
2.4269	-1.28078e-07
2.427	-1.36734e-07
2.4271	-1.44675e-07
2.4272	-1.5209e-07
2.4273	-1.55057e-07
2.4274	-1.60899e-07
2.4275	-1.71359e-07
2.4276	-1.81106e-07
2.4277	-1.8325e-07
2.4278	-1.93474e-07
2.4279	-2.02891e-07
2.428	-2.1662e-07
2.4281	-2.17852e-07
2.4282	-2.23594e-07
2.4283	-2.29847e-07
2.4284	-2.38139e-07
2.4285	-2.47945e-07
2.4286	-2.59275e-07
2.4287	-2.71345e-07
2.4288	-2.74327e-07
2.4289	-2.85329e-07
2.429	-2.99194e-07
2.4291	-3.02973e-07
2.4292	-3.1118e-07
2.4293	-3.18665e-07
2.4294	-3.22877e-07
2.4295	-3.32535e-07
2.4296	-3.36116e-07
2.4297	-3.42039e-07
2.4298	-3.45158e-07
2.4299	-3.58298e-07
2.43	-3.71444e-07
2.4301	-3.80696e-07
2.4302	-3.83937e-07
2.4303	-3.9368e-07
2.4304	-3.9868e-07
2.4305	-4.04066e-07
2.4306	-4.11157e-07
2.4307	-4.21605e-07
2.4308	-4.35327e-07
2.4309	-4.4365e-07
2.431	-4.47553e-07
2.4311	-4.56079e-07
2.4312	-4.61012e-07
2.4313	-4.69133e-07
2.4314	-4.77866e-07
2.4315	-4.87184e-07
2.4316	-4.95254e-07
2.4317	-5.03834e-07
2.4318	-5.09649e-07
2.4319	-5.15518e-07
2.432	-5.23621e-07
2.4321	-5.31846e-07
2.4322	-5.37249e-07
2.4323	-5.45466e-07
2.4324	-5.5657e-07
2.4325	-5.65395e-07
2.4326	-5.72204e-07
2.4327	-5.78471e-07
2.4328	-5.8447e-07
2.4329	-5.88314e-07
2.433	-5.94974e-07
2.4331	-5.98769e-07
2.4332	-6.03029e-07
2.4333	-6.09137e-07
2.4334	-6.15796e-07
2.4335	-6.19126e-07
2.4336	-6.22371e-07
2.4337	-6.26896e-07
2.4338	-6.29794e-07
2.4339	-6.3312e-07
2.434	-6.3731e-07
2.4341	-6.39509e-07
2.4342	-6.4115e-07
2.4343	-6.43416e-07
2.4344	-6.44914e-07
2.4345	-6.46634e-07
2.4346	-6.49084e-07
2.4347	-6.50188e-07
2.4348	-6.52862e-07
2.4349	-6.53793e-07
2.435	-6.532e-07
2.4351	-6.56517e-07
2.4352	-6.55804e-07
2.4353	-6.5734e-07
2.4354	-6.56788e-07
2.4355	-6.57434e-07
2.4356	-6.56995e-07
2.4357	-6.55707e-07
2.4358	-6.54642e-07
2.4359	-6.52926e-07
2.436	-6.50228e-07
2.4361	-6.49283e-07
2.4362	-6.46718e-07
2.4363	-6.45685e-07
2.4364	-6.42291e-07
2.4365	-6.38341e-07
2.4366	-6.36428e-07
2.4367	-6.33044e-07
2.4368	-6.31496e-07
2.4369	-6.24266e-07
2.437	-6.20292e-07
2.4371	-6.17492e-07
2.4372	-6.14843e-07
2.4373	-6.10648e-07
2.4374	-6.06403e-07
2.4375	-6.01695e-07
2.4376	-5.97781e-07
2.4377	-5.94128e-07
2.4378	-5.89138e-07
2.4379	-5.83972e-07
2.438	-5.80481e-07
2.4381	-5.72233e-07
2.4382	-5.68197e-07
2.4383	-5.63156e-07
2.4384	-5.59111e-07
2.4385	-5.5343e-07
2.4386	-5.48275e-07
2.4387	-5.42599e-07
2.4388	-5.3765e-07
2.4389	-5.31831e-07
2.439	-5.26708e-07
2.4391	-5.1922e-07
2.4392	-5.13789e-07
2.4393	-5.08249e-07
2.4394	-5.0306e-07
2.4395	-4.97131e-07
2.4396	-4.92013e-07
2.4397	-4.8607e-07
2.4398	-4.78208e-07
2.4399	-4.74017e-07
2.44	-4.65596e-07
2.4401	-4.61199e-07
2.4402	-4.55085e-07
2.4403	-4.4951e-07
2.4404	-4.44672e-07
2.4405	-4.39213e-07
2.4406	-4.3385e-07
2.4407	-4.29598e-07
2.4408	-4.25844e-07
2.4409	-4.17717e-07
2.441	-4.11908e-07
2.4411	-4.09542e-07
2.4412	-4.04719e-07
2.4413	-3.99304e-07
2.4414	-3.95739e-07
2.4415	-3.91296e-07
2.4416	-3.84899e-07
2.4417	-3.78779e-07
2.4418	-3.74141e-07
2.4419	-3.6775e-07
2.442	-3.62495e-07
2.4421	-3.59268e-07
2.4422	-3.52915e-07
2.4423	-3.48415e-07
2.4424	-3.41915e-07
2.4425	-3.37334e-07
2.4426	-3.30182e-07
2.4427	-3.23857e-07
2.4428	-3.18037e-07
2.4429	-3.14728e-07
2.443	-3.09335e-07
2.4431	-3.04531e-07
2.4432	-2.98918e-07
2.4433	-2.94225e-07
2.4434	-2.88375e-07
2.4435	-2.81269e-07
2.4436	-2.76136e-07
2.4437	-2.71023e-07
2.4438	-2.66592e-07
2.4439	-2.61176e-07
2.444	-2.55889e-07
2.4441	-2.49553e-07
2.4442	-2.43265e-07
2.4443	-2.39144e-07
2.4444	-2.32782e-07
2.4445	-2.26861e-07
2.4446	-2.22909e-07
2.4447	-2.18152e-07
2.4448	-2.12538e-07
2.4449	-2.07614e-07
2.445	-2.02002e-07
2.4451	-1.96257e-07
2.4452	-1.90519e-07
2.4453	-1.83989e-07
2.4454	-1.78259e-07
2.4455	-1.71904e-07
2.4456	-1.66962e-07
2.4457	-1.61016e-07
2.4458	-1.55274e-07
2.4459	-1.50647e-07
2.446	-1.45118e-07
2.4461	-1.39817e-07
2.4462	-1.34447e-07
2.4463	-1.28401e-07
2.4464	-1.21573e-07
2.4465	-1.16505e-07
2.4466	-1.09997e-07
2.4467	-1.03003e-07
2.4468	-9.71629e-08
2.4469	-9.09746e-08
2.447	-8.41983e-08
2.4471	-7.79112e-08
2.4472	-7.22662e-08
2.4473	-6.5338e-08
2.4474	-5.88101e-08
2.4475	-5.34184e-08
2.4476	-4.58855e-08
2.4477	-4.05915e-08
2.4478	-3.51509e-08
2.4479	-2.9606e-08
2.448	-2.28154e-08
2.4481	-1.68579e-08
2.4482	-1.06835e-08
2.4483	-2.82061e-09
2.4484	3.64596e-09
2.4485	1.22878e-08
2.4486	1.99584e-08
2.4487	2.68308e-08
2.4488	3.44411e-08
2.4489	4.09598e-08
2.449	4.81026e-08
2.4491	5.5616e-08
2.4492	6.22802e-08
2.4493	6.95876e-08
2.4494	7.75871e-08
2.4495	8.50179e-08
2.4496	9.22054e-08
2.4497	1.0045e-07
2.4498	1.07344e-07
2.4499	1.13406e-07
2.45	1.20483e-07
2.4501	1.29659e-07
2.4502	1.37857e-07
2.4503	1.4169e-07
2.4504	1.48773e-07
2.4505	1.57208e-07
2.4506	1.64184e-07
2.4507	1.69105e-07
2.4508	1.7703e-07
2.4509	1.84612e-07
2.451	1.93373e-07
2.4511	1.98083e-07
2.4512	2.01805e-07
2.4513	2.09891e-07
2.4514	2.18874e-07
2.4515	2.26126e-07
2.4516	2.33613e-07
2.4517	2.41434e-07
2.4518	2.44727e-07
2.4519	2.52523e-07
2.452	2.55672e-07
2.4521	2.65519e-07
2.4522	2.75197e-07
2.4523	2.814e-07
2.4524	2.9015e-07
2.4525	2.91491e-07
2.4526	3.0014e-07
2.4527	3.07249e-07
2.4528	3.14574e-07
2.4529	3.24356e-07
2.453	3.26019e-07
2.4531	3.35822e-07
2.4532	3.42127e-07
2.4533	3.46291e-07
2.4534	3.52585e-07
2.4535	3.53788e-07
2.4536	3.58731e-07
2.4537	3.63979e-07
2.4538	3.69567e-07
2.4539	3.66614e-07
2.454	3.66991e-07
2.4541	3.68029e-07
2.4542	3.68637e-07
2.4543	3.70251e-07
2.4544	3.74338e-07
2.4545	3.70767e-07
2.4546	3.75512e-07
2.4547	3.7945e-07
2.4548	3.83986e-07
2.4549	3.87145e-07
2.455	3.96129e-07
2.4551	3.95134e-07
2.4552	3.99604e-07
2.4553	4.02486e-07
2.4554	4.04395e-07
2.4555	4.07461e-07
2.4556	4.10888e-07
2.4557	4.13712e-07
2.4558	4.09499e-07
2.4559	4.12411e-07
2.456	4.15626e-07
2.4561	4.17046e-07
2.4562	4.18579e-07
2.4563	4.19258e-07
2.4564	4.16403e-07
2.4565	4.24561e-07
2.4566	4.28623e-07
2.4567	4.23426e-07
2.4568	4.3015e-07
2.4569	4.29825e-07
2.457	4.28437e-07
2.4571	4.34498e-07
2.4572	4.31665e-07
2.4573	4.31056e-07
2.4574	4.37229e-07
2.4575	4.36426e-07
2.4576	4.42298e-07
2.4577	4.41732e-07
2.4578	4.47647e-07
2.4579	4.4653e-07
2.458	4.44893e-07
2.4581	4.48144e-07
2.4582	4.45648e-07
2.4583	4.41167e-07
2.4584	4.38918e-07
2.4585	4.36058e-07
2.4586	4.33153e-07
2.4587	4.2592e-07
2.4588	4.28468e-07
2.4589	4.3019e-07
2.459	4.2969e-07
2.4591	4.30687e-07
2.4592	4.27147e-07
2.4593	4.23797e-07
2.4594	4.24456e-07
2.4595	4.18996e-07
2.4596	4.12447e-07
2.4597	4.07113e-07
2.4598	4.06468e-07
2.4599	4.04296e-07
2.46	4.02211e-07
2.4601	3.99058e-07
2.4602	3.9686e-07
2.4603	3.90468e-07
2.4604	3.9057e-07
2.4605	3.8055e-07
2.4606	3.7243e-07
2.4607	3.69029e-07
2.4608	3.61041e-07
2.4609	3.56834e-07
2.461	3.53433e-07
2.4611	3.43525e-07
2.4612	3.37374e-07
2.4613	3.26898e-07
2.4614	3.19028e-07
2.4615	3.10893e-07
2.4616	3.04127e-07
2.4617	2.95134e-07
2.4618	2.85906e-07
2.4619	2.72053e-07
2.462	2.65424e-07
2.4621	2.55063e-07
2.4622	2.44441e-07
2.4623	2.33493e-07
2.4624	2.23256e-07
2.4625	2.1506e-07
2.4626	1.98206e-07
2.4627	1.87807e-07
2.4628	1.73826e-07
2.4629	1.58994e-07
2.463	1.51146e-07
2.4631	1.37065e-07
2.4632	1.21286e-07
2.4633	1.07456e-07
2.4634	9.17104e-08
2.4635	7.40297e-08
2.4636	5.69572e-08
2.4637	4.61905e-08
2.4638	3.05293e-08
2.4639	1.90562e-08
2.464	1.38e-09
2.4641	-1.81526e-08
2.4642	-3.89945e-08
2.4643	-5.60924e-08
2.4644	-6.91327e-08
2.4645	-8.04796e-08
2.4646	-9.90264e-08
2.4647	-1.15883e-07
2.4648	-1.36609e-07
2.4649	-1.57035e-07
2.465	-1.67771e-07
2.4651	-1.89302e-07
2.4652	-2.11223e-07
2.4653	-2.32979e-07
2.4654	-2.5032e-07
2.4655	-2.57903e-07
2.4656	-2.82798e-07
2.4657	-3.03141e-07
2.4658	-3.19526e-07
2.4659	-3.41746e-07
2.466	-3.63894e-07
2.4661	-3.8653e-07
2.4662	-4.03715e-07
2.4663	-4.22349e-07
2.4664	-4.3525e-07
2.4665	-4.52218e-07
2.4666	-4.69969e-07
2.4667	-4.87032e-07
2.4668	-5.03484e-07
2.4669	-5.14238e-07
2.467	-5.30995e-07
2.4671	-5.47198e-07
2.4672	-5.63489e-07
2.4673	-5.79365e-07
2.4674	-5.89458e-07
2.4675	-6.03754e-07
2.4676	-6.18313e-07
2.4677	-6.33577e-07
2.4678	-6.48562e-07
2.4679	-6.67567e-07
2.468	-6.87044e-07
2.4681	-7.03354e-07
2.4682	-7.16723e-07
2.4683	-7.29398e-07
2.4684	-7.41041e-07
2.4685	-7.55813e-07
2.4686	-7.74017e-07
2.4687	-7.83244e-07
2.4688	-7.9474e-07
2.4689	-8.09613e-07
2.469	-8.20447e-07
2.4691	-8.31575e-07
2.4692	-8.44303e-07
2.4693	-8.58547e-07
2.4694	-8.70419e-07
2.4695	-8.7973e-07
2.4696	-8.93392e-07
2.4697	-9.03873e-07
2.4698	-9.11412e-07
2.4699	-9.22634e-07
2.47	-9.28258e-07
2.4701	-9.39227e-07
2.4702	-9.4704e-07
2.4703	-9.56534e-07
2.4704	-9.65549e-07
2.4705	-9.7291e-07
2.4706	-9.80388e-07
2.4707	-9.8498e-07
2.4708	-9.87661e-07
2.4709	-9.93066e-07
2.471	-9.99458e-07
2.4711	-1.00292e-06
2.4712	-1.00649e-06
2.4713	-1.01133e-06
2.4714	-1.00921e-06
2.4715	-1.01215e-06
2.4716	-1.01578e-06
2.4717	-1.01891e-06
2.4718	-1.02094e-06
2.4719	-1.02313e-06
2.472	-1.0238e-06
2.4721	-1.02482e-06
2.4722	-1.02439e-06
2.4723	-1.02511e-06
2.4724	-1.02608e-06
2.4725	-1.02503e-06
2.4726	-1.02433e-06
2.4727	-1.02401e-06
2.4728	-1.02313e-06
2.4729	-1.02309e-06
2.473	-1.02164e-06
2.4731	-1.02021e-06
2.4732	-1.01744e-06
2.4733	-1.01586e-06
2.4734	-1.01102e-06
2.4735	-1.00805e-06
2.4736	-1.00458e-06
2.4737	-1.00089e-06
2.4738	-9.9816e-07
2.4739	-9.93107e-07
2.474	-9.89316e-07
2.4741	-9.8471e-07
2.4742	-9.80653e-07
2.4743	-9.76495e-07
2.4744	-9.71303e-07
2.4745	-9.65721e-07
2.4746	-9.61001e-07
2.4747	-9.55807e-07
2.4748	-9.5093e-07
2.4749	-9.47892e-07
2.475	-9.42734e-07
2.4751	-9.37522e-07
2.4752	-9.31458e-07
2.4753	-9.27332e-07
2.4754	-9.21497e-07
2.4755	-9.15324e-07
2.4756	-9.08656e-07
2.4757	-9.02235e-07
2.4758	-8.96768e-07
2.4759	-8.90504e-07
2.476	-8.85376e-07
2.4761	-8.79151e-07
2.4762	-8.74936e-07
2.4763	-8.65055e-07
2.4764	-8.54993e-07
2.4765	-8.45757e-07
2.4766	-8.41466e-07
2.4767	-8.33916e-07
2.4768	-8.25943e-07
2.4769	-8.18109e-07
2.477	-8.10613e-07
2.4771	-8.03487e-07
2.4772	-7.94238e-07
2.4773	-7.85032e-07
2.4774	-7.76166e-07
2.4775	-7.67771e-07
2.4776	-7.58714e-07
2.4777	-7.51319e-07
2.4778	-7.46546e-07
2.4779	-7.35359e-07
2.478	-7.2525e-07
2.4781	-7.1763e-07
2.4782	-7.0983e-07
2.4783	-7.00437e-07
2.4784	-6.91252e-07
2.4785	-6.81402e-07
2.4786	-6.71763e-07
2.4787	-6.62699e-07
2.4788	-6.53917e-07
2.4789	-6.44637e-07
2.479	-6.35482e-07
2.4791	-6.25107e-07
2.4792	-6.16602e-07
2.4793	-6.04092e-07
2.4794	-5.96177e-07
2.4795	-5.86522e-07
2.4796	-5.7753e-07
2.4797	-5.69975e-07
2.4798	-5.59671e-07
2.4799	-5.4925e-07
2.48	-5.40008e-07
2.4801	-5.29769e-07
2.4802	-5.16413e-07
2.4803	-5.05513e-07
2.4804	-4.96318e-07
2.4805	-4.86341e-07
2.4806	-4.75564e-07
2.4807	-4.65348e-07
2.4808	-4.54987e-07
2.4809	-4.44739e-07
2.481	-4.34485e-07
2.4811	-4.24429e-07
2.4812	-4.15682e-07
2.4813	-4.06455e-07
2.4814	-3.95746e-07
2.4815	-3.84373e-07
2.4816	-3.73909e-07
2.4817	-3.62772e-07
2.4818	-3.57525e-07
2.4819	-3.47456e-07
2.482	-3.35905e-07
2.4821	-3.28882e-07
2.4822	-3.16856e-07
2.4823	-3.09515e-07
2.4824	-2.98372e-07
2.4825	-2.87948e-07
2.4826	-2.77152e-07
2.4827	-2.66516e-07
2.4828	-2.54859e-07
2.4829	-2.47563e-07
2.483	-2.36616e-07
2.4831	-2.25531e-07
2.4832	-2.18201e-07
2.4833	-2.08644e-07
2.4834	-2.02721e-07
2.4835	-1.92596e-07
2.4836	-1.8135e-07
2.4837	-1.73308e-07
2.4838	-1.69843e-07
2.4839	-1.60228e-07
2.484	-1.55714e-07
2.4841	-1.46032e-07
2.4842	-1.41591e-07
2.4843	-1.36664e-07
2.4844	-1.31449e-07
2.4845	-1.26435e-07
2.4846	-1.23667e-07
2.4847	-1.19514e-07
2.4848	-1.11015e-07
2.4849	-9.98754e-08
2.485	-9.78206e-08
2.4851	-9.41147e-08
2.4852	-8.84008e-08
2.4853	-7.93109e-08
2.4854	-7.68766e-08
2.4855	-7.48812e-08
2.4856	-7.20208e-08
2.4857	-6.88113e-08
2.4858	-6.70827e-08
2.4859	-6.8204e-08
2.486	-6.37061e-08
2.4861	-5.64991e-08
2.4862	-5.57009e-08
2.4863	-5.62755e-08
2.4864	-5.78399e-08
2.4865	-5.14294e-08
2.4866	-5.10045e-08
2.4867	-4.24328e-08
2.4868	-4.39144e-08
2.4869	-4.53164e-08
2.487	-4.57884e-08
2.4871	-4.65502e-08
2.4872	-4.80699e-08
2.4873	-5.05966e-08
2.4874	-5.44901e-08
2.4875	-5.12958e-08
2.4876	-4.95791e-08
2.4877	-5.23247e-08
2.4878	-6.00586e-08
2.4879	-6.49934e-08
2.488	-6.74818e-08
2.4881	-6.7024e-08
2.4882	-7.26783e-08
2.4883	-7.28765e-08
2.4884	-7.02817e-08
2.4885	-6.94103e-08
2.4886	-7.48823e-08
2.4887	-7.93693e-08
2.4888	-8.31574e-08
2.4889	-8.31608e-08
2.489	-8.52223e-08
2.4891	-9.14103e-08
2.4892	-9.24875e-08
2.4893	-9.61494e-08
2.4894	-9.90455e-08
2.4895	-1.04126e-07
2.4896	-1.09163e-07
2.4897	-1.16178e-07
2.4898	-1.21317e-07
2.4899	-1.26418e-07
2.49	-1.35887e-07
2.4901	-1.41658e-07
2.4902	-1.44841e-07
2.4903	-1.53553e-07
2.4904	-1.59515e-07
2.4905	-1.64473e-07
2.4906	-1.71598e-07
2.4907	-1.78995e-07
2.4908	-1.87556e-07
2.4909	-1.96144e-07
2.491	-2.0457e-07
2.4911	-2.07695e-07
2.4912	-2.11962e-07
2.4913	-2.2308e-07
2.4914	-2.31524e-07
2.4915	-2.42726e-07
2.4916	-2.51551e-07
2.4917	-2.62645e-07
2.4918	-2.73954e-07
2.4919	-2.83203e-07
2.492	-2.90487e-07
2.4921	-3.02249e-07
2.4922	-3.05255e-07
2.4923	-3.17079e-07
2.4924	-3.29383e-07
2.4925	-3.36762e-07
2.4926	-3.40125e-07
2.4927	-3.43969e-07
2.4928	-3.48842e-07
2.4929	-3.56212e-07
2.493	-3.60941e-07
2.4931	-3.69129e-07
2.4932	-3.79024e-07
2.4933	-3.86498e-07
2.4934	-3.9036e-07
2.4935	-3.91999e-07
2.4936	-3.95849e-07
2.4937	-4.01569e-07
2.4938	-4.14139e-07
2.4939	-4.22794e-07
2.494	-4.26927e-07
2.4941	-4.31572e-07
2.4942	-4.39466e-07
2.4943	-4.48729e-07
2.4944	-4.58196e-07
2.4945	-4.67498e-07
2.4946	-4.77262e-07
2.4947	-4.91509e-07
2.4948	-5.00482e-07
2.4949	-5.10204e-07
2.495	-5.19151e-07
2.4951	-5.27941e-07
2.4952	-5.3655e-07
2.4953	-5.42788e-07
2.4954	-5.52357e-07
2.4955	-5.60677e-07
2.4956	-5.69057e-07
2.4957	-5.75189e-07
2.4958	-5.80657e-07
2.4959	-5.89034e-07
2.496	-5.91641e-07
2.4961	-5.96608e-07
2.4962	-6.07952e-07
2.4963	-6.13834e-07
2.4964	-6.22721e-07
2.4965	-6.27834e-07
2.4966	-6.33554e-07
2.4967	-6.39399e-07
2.4968	-6.44167e-07
2.4969	-6.52418e-07
2.497	-6.55323e-07
2.4971	-6.60173e-07
2.4972	-6.6566e-07
2.4973	-6.68565e-07
2.4974	-6.71663e-07
2.4975	-6.75839e-07
2.4976	-6.78793e-07
2.4977	-6.81847e-07
2.4978	-6.86146e-07
2.4979	-6.87835e-07
2.498	-6.8975e-07
2.4981	-6.91761e-07
2.4982	-6.96173e-07
2.4983	-6.96861e-07
2.4984	-6.98202e-07
2.4985	-7.01315e-07
2.4986	-7.02871e-07
2.4987	-7.04762e-07
2.4988	-7.05022e-07
2.4989	-7.06714e-07
2.499	-7.06687e-07
2.4991	-7.08534e-07
2.4992	-7.09554e-07
2.4993	-7.096e-07
2.4994	-7.08299e-07
2.4995	-7.06369e-07
2.4996	-7.05015e-07
2.4997	-7.04963e-07
2.4998	-7.03991e-07
2.4999	-7.02508e-07
2.5	-6.99192e-07
2.5001	-6.98927e-07
2.5002	-6.95743e-07
2.5003	-6.92554e-07
2.5004	-6.89262e-07
2.5005	-6.86989e-07
2.5006	-6.84914e-07
2.5007	-6.80603e-07
2.5008	-6.75947e-07
2.5009	-6.72974e-07
2.501	-6.70482e-07
2.5011	-6.6623e-07
2.5012	-6.62619e-07
2.5013	-6.58397e-07
2.5014	-6.54512e-07
2.5015	-6.50233e-07
2.5016	-6.45805e-07
2.5017	-6.41219e-07
2.5018	-6.36225e-07
2.5019	-6.31502e-07
2.502	-6.28016e-07
2.5021	-6.22514e-07
2.5022	-6.1845e-07
2.5023	-6.13081e-07
2.5024	-6.07919e-07
2.5025	-6.0237e-07
2.5026	-5.97055e-07
2.5027	-5.93123e-07
2.5028	-5.88642e-07
2.5029	-5.81164e-07
2.503	-5.7478e-07
2.5031	-5.69913e-07
2.5032	-5.64709e-07
2.5033	-5.59402e-07
2.5034	-5.53774e-07
2.5035	-5.4834e-07
2.5036	-5.42357e-07
2.5037	-5.37135e-07
2.5038	-5.31592e-07
2.5039	-5.26565e-07
2.504	-5.20833e-07
2.5041	-5.15634e-07
2.5042	-5.1137e-07
2.5043	-5.07552e-07
2.5044	-5.032e-07
2.5045	-4.98468e-07
2.5046	-4.94326e-07
2.5047	-4.8682e-07
2.5048	-4.82663e-07
2.5049	-4.77157e-07
2.505	-4.7143e-07
2.5051	-4.65691e-07
2.5052	-4.59905e-07
2.5053	-4.53682e-07
2.5054	-4.47341e-07
2.5055	-4.42845e-07
2.5056	-4.39376e-07
2.5057	-4.33951e-07
2.5058	-4.28927e-07
2.5059	-4.26922e-07
2.506	-4.21015e-07
2.5061	-4.15637e-07
2.5062	-4.12066e-07
2.5063	-4.0736e-07
2.5064	-4.00376e-07
2.5065	-3.94943e-07
2.5066	-3.90667e-07
2.5067	-3.86766e-07
2.5068	-3.8145e-07
2.5069	-3.75895e-07
2.507	-3.70219e-07
2.5071	-3.65305e-07
2.5072	-3.61069e-07
2.5073	-3.54203e-07
2.5074	-3.47655e-07
2.5075	-3.41863e-07
2.5076	-3.37525e-07
2.5077	-3.33e-07
2.5078	-3.27193e-07
2.5079	-3.2339e-07
2.508	-3.19291e-07
2.5081	-3.13559e-07
2.5082	-3.07395e-07
2.5083	-3.02974e-07
2.5084	-2.98601e-07
2.5085	-2.94633e-07
2.5086	-2.89819e-07
2.5087	-2.85332e-07
2.5088	-2.80441e-07
2.5089	-2.7483e-07
2.509	-2.69295e-07
2.5091	-2.63609e-07
2.5092	-2.57434e-07
2.5093	-2.53746e-07
2.5094	-2.48088e-07
2.5095	-2.42756e-07
2.5096	-2.38016e-07
2.5097	-2.3218e-07
2.5098	-2.26334e-07
2.5099	-2.20783e-07
2.51	-2.15327e-07
2.5101	-2.09582e-07
2.5102	-2.03682e-07
2.5103	-1.97783e-07
2.5104	-1.93257e-07
2.5105	-1.87402e-07
2.5106	-1.80788e-07
2.5107	-1.7448e-07
2.5108	-1.69007e-07
2.5109	-1.62782e-07
2.511	-1.55916e-07
2.5111	-1.49132e-07
2.5112	-1.41786e-07
2.5113	-1.3615e-07
2.5114	-1.30667e-07
2.5115	-1.25455e-07
2.5116	-1.18591e-07
2.5117	-1.12394e-07
2.5118	-1.0567e-07
2.5119	-9.92715e-08
2.512	-9.26146e-08
2.5121	-8.71109e-08
2.5122	-8.02631e-08
2.5123	-7.78519e-08
2.5124	-7.10398e-08
2.5125	-6.26428e-08
2.5126	-5.76431e-08
2.5127	-5.01113e-08
2.5128	-4.30107e-08
2.5129	-3.57235e-08
2.513	-3.08275e-08
2.5131	-2.4026e-08
2.5132	-1.68017e-08
2.5133	-9.54327e-09
2.5134	-2.69146e-09
2.5135	4.12305e-09
2.5136	1.18007e-08
2.5137	2.08122e-08
2.5138	2.44877e-08
2.5139	3.18251e-08
2.514	3.94083e-08
2.5141	4.72612e-08
2.5142	4.79983e-08
2.5143	5.55365e-08
2.5144	6.24566e-08
2.5145	6.68114e-08
2.5146	7.54033e-08
2.5147	8.32795e-08
2.5148	8.70894e-08
2.5149	9.28399e-08
2.515	9.72073e-08
2.5151	1.06375e-07
2.5152	1.10053e-07
2.5153	1.16974e-07
2.5154	1.25355e-07
2.5155	1.34542e-07
2.5156	1.42248e-07
2.5157	1.49032e-07
2.5158	1.58521e-07
2.5159	1.66017e-07
2.516	1.75115e-07
2.5161	1.8469e-07
2.5162	1.93762e-07
2.5163	2.03862e-07
2.5164	2.10915e-07
2.5165	2.17607e-07
2.5166	2.19105e-07
2.5167	2.27377e-07
2.5168	2.27879e-07
2.5169	2.38027e-07
2.517	2.48492e-07
2.5171	2.53933e-07
2.5172	2.59843e-07
2.5173	2.65616e-07
2.5174	2.71479e-07
2.5175	2.77444e-07
2.5176	2.87204e-07
2.5177	2.97355e-07
2.5178	3.03191e-07
2.5179	3.08604e-07
2.518	3.18397e-07
2.5181	3.24487e-07
2.5182	3.34682e-07
2.5183	3.40713e-07
2.5184	3.45022e-07
2.5185	3.50841e-07
2.5186	3.57267e-07
2.5187	3.65759e-07
2.5188	3.75409e-07
2.5189	3.8436e-07
2.519	3.89109e-07
2.5191	3.93136e-07
2.5192	4.03123e-07
2.5193	4.05419e-07
2.5194	4.10487e-07
2.5195	4.19783e-07
2.5196	4.23516e-07
2.5197	4.327e-07
2.5198	4.40952e-07
2.5199	4.41356e-07
2.52	4.45778e-07
2.5201	4.49832e-07
2.5202	4.5218e-07
2.5203	4.50858e-07
2.5204	4.58723e-07
2.5205	4.65408e-07
2.5206	4.63361e-07
2.5207	4.6137e-07
2.5208	4.69085e-07
2.5209	4.69444e-07
2.521	4.63477e-07
2.5211	4.59713e-07
2.5212	4.65605e-07
2.5213	4.64912e-07
2.5214	4.70641e-07
2.5215	4.68557e-07
2.5216	4.7397e-07
2.5217	4.73764e-07
2.5218	4.70611e-07
2.5219	4.75911e-07
2.522	4.74616e-07
2.5221	4.78056e-07
2.5222	4.76384e-07
2.5223	4.74844e-07
2.5224	4.75261e-07
2.5225	4.68207e-07
2.5226	4.71393e-07
2.5227	4.69353e-07
2.5228	4.70955e-07
2.5229	4.71804e-07
2.523	4.72703e-07
2.5231	4.6825e-07
2.5232	4.6888e-07
2.5233	4.70543e-07
2.5234	4.69787e-07
2.5235	4.71364e-07
2.5236	4.66092e-07
2.5237	4.64708e-07
2.5238	4.58123e-07
2.5239	4.51765e-07
2.524	4.49638e-07
2.5241	4.42917e-07
2.5242	4.36223e-07
2.5243	4.25638e-07
2.5244	4.21916e-07
2.5245	4.14839e-07
2.5246	4.0712e-07
2.5247	4.01246e-07
2.5248	3.91783e-07
2.5249	3.79467e-07
2.525	3.71379e-07
2.5251	3.67663e-07
2.5252	3.58979e-07
2.5253	3.52316e-07
2.5254	3.45419e-07
2.5255	3.36673e-07
2.5256	3.27996e-07
2.5257	3.19266e-07
2.5258	3.08542e-07
2.5259	2.96669e-07
2.526	2.85442e-07
2.5261	2.75946e-07
2.5262	2.65181e-07
2.5263	2.56297e-07
2.5264	2.40154e-07
2.5265	2.26931e-07
2.5266	2.15836e-07
2.5267	2.06391e-07
2.5268	1.96517e-07
2.5269	1.83179e-07
2.527	1.69516e-07
2.5271	1.55546e-07
2.5272	1.41072e-07
2.5273	1.25801e-07
2.5274	1.08902e-07
2.5275	9.28998e-08
2.5276	7.90398e-08
2.5277	6.4345e-08
2.5278	4.38982e-08
2.5279	2.74843e-08
2.528	1.84557e-08
2.5281	5.47772e-10
2.5282	-6.19704e-09
2.5283	-2.76491e-08
2.5284	-4.38441e-08
2.5285	-6.18946e-08
2.5286	-7.7156e-08
2.5287	-9.60933e-08
2.5288	-1.16619e-07
2.5289	-1.32379e-07
2.529	-1.52331e-07
2.5291	-1.7327e-07
2.5292	-1.89446e-07
2.5293	-2.13134e-07
2.5294	-2.2401e-07
2.5295	-2.47634e-07
2.5296	-2.65327e-07
2.5297	-2.89897e-07
2.5298	-3.08646e-07
2.5299	-3.33381e-07
2.53	-3.53449e-07
2.5301	-3.73843e-07
2.5302	-3.91877e-07
2.5303	-4.17189e-07
2.5304	-4.35131e-07
2.5305	-4.5838e-07
2.5306	-4.75923e-07
2.5307	-4.93067e-07
2.5308	-5.03769e-07
2.5309	-5.25685e-07
2.531	-5.46891e-07
2.5311	-5.68027e-07
2.5312	-5.76709e-07
2.5313	-5.92463e-07
2.5314	-6.08279e-07
2.5315	-6.23284e-07
2.5316	-6.39023e-07
2.5317	-6.52415e-07
2.5318	-6.67834e-07
2.5319	-6.83317e-07
2.532	-6.9664e-07
2.5321	-7.11189e-07
2.5322	-7.22775e-07
2.5323	-7.39551e-07
2.5324	-7.50666e-07
2.5325	-7.59014e-07
2.5326	-7.72555e-07
2.5327	-7.82042e-07
2.5328	-7.94419e-07
2.5329	-8.04993e-07
2.533	-8.20233e-07
2.5331	-8.29945e-07
2.5332	-8.41801e-07
2.5333	-8.49854e-07
2.5334	-8.64324e-07
2.5335	-8.76418e-07
2.5336	-8.85337e-07
2.5337	-8.93162e-07
2.5338	-9.04075e-07
2.5339	-9.13207e-07
2.534	-9.23021e-07
2.5341	-9.32892e-07
2.5342	-9.43732e-07
2.5343	-9.52795e-07
2.5344	-9.58365e-07
2.5345	-9.65606e-07
2.5346	-9.728e-07
2.5347	-9.76503e-07
2.5348	-9.83439e-07
2.5349	-9.90189e-07
2.535	-9.95259e-07
2.5351	-1.00004e-06
2.5352	-1.00403e-06
2.5353	-1.00708e-06
2.5354	-1.011e-06
2.5355	-1.01539e-06
2.5356	-1.01925e-06
2.5357	-1.02145e-06
2.5358	-1.02326e-06
2.5359	-1.02457e-06
2.536	-1.02577e-06
2.5361	-1.02677e-06
2.5362	-1.02771e-06
2.5363	-1.02888e-06
2.5364	-1.02809e-06
2.5365	-1.02834e-06
2.5366	-1.02828e-06
2.5367	-1.02712e-06
2.5368	-1.02562e-06
2.5369	-1.02493e-06
2.537	-1.02278e-06
2.5371	-1.02097e-06
2.5372	-1.01802e-06
2.5373	-1.01454e-06
2.5374	-1.01188e-06
2.5375	-1.0091e-06
2.5376	-1.00605e-06
2.5377	-1.0026e-06
2.5378	-9.99595e-07
2.5379	-9.95964e-07
2.538	-9.92365e-07
2.5381	-9.88392e-07
2.5382	-9.84208e-07
2.5383	-9.81005e-07
2.5384	-9.74911e-07
2.5385	-9.70034e-07
2.5386	-9.66126e-07
2.5387	-9.62081e-07
2.5388	-9.57668e-07
2.5389	-9.53336e-07
2.539	-9.49172e-07
2.5391	-9.42736e-07
2.5392	-9.4028e-07
2.5393	-9.34276e-07
2.5394	-9.27232e-07
2.5395	-9.20476e-07
2.5396	-9.17371e-07
2.5397	-9.11641e-07
2.5398	-9.05942e-07
2.5399	-9.00193e-07
2.54	-8.9129e-07
2.5401	-8.86516e-07
2.5402	-8.77043e-07
2.5403	-8.69627e-07
2.5404	-8.65094e-07
2.5405	-8.5703e-07
2.5406	-8.50787e-07
2.5407	-8.43238e-07
2.5408	-8.36445e-07
2.5409	-8.2869e-07
2.541	-8.21446e-07
2.5411	-8.11568e-07
2.5412	-8.0331e-07
2.5413	-7.94437e-07
2.5414	-7.85271e-07
2.5415	-7.77693e-07
2.5416	-7.70635e-07
2.5417	-7.64142e-07
2.5418	-7.53727e-07
2.5419	-7.43321e-07
2.542	-7.3403e-07
2.5421	-7.27516e-07
2.5422	-7.1708e-07
2.5423	-7.07717e-07
2.5424	-7.00104e-07
2.5425	-6.90206e-07
2.5426	-6.80633e-07
2.5427	-6.71216e-07
2.5428	-6.62432e-07
2.5429	-6.53617e-07
2.543	-6.44269e-07
2.5431	-6.34814e-07
2.5432	-6.2393e-07
2.5433	-6.13893e-07
2.5434	-6.05734e-07
2.5435	-5.95776e-07
2.5436	-5.85897e-07
2.5437	-5.77037e-07
2.5438	-5.6678e-07
2.5439	-5.57441e-07
2.544	-5.44561e-07
2.5441	-5.34338e-07
2.5442	-5.25699e-07
2.5443	-5.1619e-07
2.5444	-5.04793e-07
2.5445	-4.94596e-07
2.5446	-4.85447e-07
2.5447	-4.764e-07
2.5448	-4.67357e-07
2.5449	-4.56488e-07
2.545	-4.46794e-07
2.5451	-4.36146e-07
2.5452	-4.28277e-07
2.5453	-4.18619e-07
2.5454	-4.08107e-07
2.5455	-3.99389e-07
2.5456	-3.8805e-07
2.5457	-3.77159e-07
2.5458	-3.69077e-07
2.5459	-3.58165e-07
2.546	-3.49116e-07
2.5461	-3.37243e-07
2.5462	-3.28845e-07
2.5463	-3.2116e-07
2.5464	-3.10196e-07
2.5465	-2.97956e-07
2.5466	-2.86573e-07
2.5467	-2.79474e-07
2.5468	-2.6834e-07
2.5469	-2.58934e-07
2.547	-2.47495e-07
2.5471	-2.41084e-07
2.5472	-2.29258e-07
2.5473	-2.22281e-07
2.5474	-2.18297e-07
2.5475	-2.11586e-07
2.5476	-2.05543e-07
2.5477	-1.95e-07
2.5478	-1.8948e-07
2.5479	-1.79896e-07
2.548	-1.69753e-07
2.5481	-1.60128e-07
2.5482	-1.51542e-07
2.5483	-1.47581e-07
2.5484	-1.44341e-07
2.5485	-1.39179e-07
2.5486	-1.33176e-07
2.5487	-1.23675e-07
2.5488	-1.2338e-07
2.5489	-1.1728e-07
2.549	-1.13093e-07
2.5491	-1.11794e-07
2.5492	-1.05787e-07
2.5493	-9.44598e-08
2.5494	-9.1313e-08
2.5495	-9.16062e-08
2.5496	-9.00571e-08
2.5497	-9.0905e-08
2.5498	-9.26301e-08
2.5499	-9.11395e-08
2.55	-8.90421e-08
2.5501	-8.8893e-08
2.5502	-8.97939e-08
2.5503	-9.14301e-08
2.5504	-8.64664e-08
2.5505	-8.76707e-08
2.5506	-9.41878e-08
2.5507	-8.42413e-08
2.5508	-8.05976e-08
2.5509	-7.513e-08
2.551	-6.98993e-08
2.5511	-7.12375e-08
2.5512	-7.35636e-08
2.5513	-7.63292e-08
2.5514	-7.85956e-08
2.5515	-8.20292e-08
2.5516	-8.64485e-08
2.5517	-9.55634e-08
2.5518	-9.57758e-08
2.5519	-9.89384e-08
2.552	-1.04188e-07
2.5521	-1.09885e-07
2.5522	-1.12451e-07
2.5523	-1.12496e-07
2.5524	-1.13198e-07
2.5525	-1.15171e-07
2.5526	-1.19146e-07
2.5527	-1.23985e-07
2.5528	-1.28565e-07
2.5529	-1.32554e-07
2.553	-1.3843e-07
2.5531	-1.43686e-07
2.5532	-1.46806e-07
2.5533	-1.52909e-07
2.5534	-1.55932e-07
2.5535	-1.59161e-07
2.5536	-1.68493e-07
2.5537	-1.74719e-07
2.5538	-1.81806e-07
2.5539	-1.89791e-07
2.554	-1.93225e-07
2.5541	-1.97195e-07
2.5542	-2.03451e-07
2.5543	-2.11199e-07
2.5544	-2.18961e-07
2.5545	-2.25604e-07
2.5546	-2.31991e-07
2.5547	-2.40743e-07
2.5548	-2.48381e-07
2.5549	-2.51014e-07
2.555	-2.58904e-07
2.5551	-2.66182e-07
2.5552	-2.74458e-07
2.5553	-2.84452e-07
2.5554	-2.93778e-07
2.5555	-3.02956e-07
2.5556	-3.05242e-07
2.5557	-3.12682e-07
2.5558	-3.22351e-07
2.5559	-3.29789e-07
2.556	-3.36572e-07
2.5561	-3.48307e-07
2.5562	-3.56801e-07
2.5563	-3.66589e-07
2.5564	-3.7468e-07
2.5565	-3.87408e-07
2.5566	-3.90304e-07
2.5567	-3.94414e-07
2.5568	-4.02707e-07
2.5569	-4.12449e-07
2.557	-4.20298e-07
2.5571	-4.29802e-07
2.5572	-4.35088e-07
2.5573	-4.3915e-07
2.5574	-4.41459e-07
2.5575	-4.45756e-07
2.5576	-4.54366e-07
2.5577	-4.68372e-07
2.5578	-4.76633e-07
2.5579	-4.85877e-07
2.558	-4.94641e-07
2.5581	-4.98936e-07
2.5582	-5.0827e-07
2.5583	-5.16831e-07
2.5584	-5.25352e-07
2.5585	-5.29954e-07
2.5586	-5.39231e-07
2.5587	-5.48758e-07
2.5588	-5.5313e-07
2.5589	-5.58735e-07
2.559	-5.64815e-07
2.5591	-5.68953e-07
2.5592	-5.77904e-07
2.5593	-5.86129e-07
2.5594	-5.9586e-07
2.5595	-6.01476e-07
2.5596	-6.09424e-07
2.5597	-6.15375e-07
2.5598	-6.21218e-07
2.5599	-6.26295e-07
2.56	-6.34145e-07
2.5601	-6.40847e-07
2.5602	-6.48589e-07
2.5603	-6.55667e-07
2.5604	-6.61541e-07
2.5605	-6.67813e-07
2.5606	-6.71432e-07
2.5607	-6.78217e-07
2.5608	-6.8016e-07
2.5609	-6.8525e-07
2.561	-6.90249e-07
2.5611	-6.9564e-07
2.5612	-7.00989e-07
2.5613	-7.04585e-07
2.5614	-7.09486e-07
2.5615	-7.12981e-07
2.5616	-7.16726e-07
2.5617	-7.20417e-07
2.5618	-7.22776e-07
2.5619	-7.27418e-07
2.562	-7.32193e-07
2.5621	-7.33392e-07
2.5622	-7.3479e-07
2.5623	-7.38878e-07
2.5624	-7.40027e-07
2.5625	-7.41134e-07
2.5626	-7.41988e-07
2.5627	-7.44008e-07
2.5628	-7.44392e-07
2.5629	-7.44058e-07
2.563	-7.44262e-07
2.5631	-7.43558e-07
2.5632	-7.44179e-07
2.5633	-7.43076e-07
2.5634	-7.4189e-07
2.5635	-7.40825e-07
2.5636	-7.39753e-07
2.5637	-7.37855e-07
2.5638	-7.35666e-07
2.5639	-7.34681e-07
2.564	-7.32533e-07
2.5641	-7.29769e-07
2.5642	-7.2647e-07
2.5643	-7.23483e-07
2.5644	-7.22104e-07
2.5645	-7.17527e-07
2.5646	-7.13553e-07
2.5647	-7.08811e-07
2.5648	-7.0706e-07
2.5649	-7.0305e-07
2.565	-7.00483e-07
2.5651	-6.96639e-07
2.5652	-6.92429e-07
2.5653	-6.88232e-07
2.5654	-6.84375e-07
2.5655	-6.79422e-07
2.5656	-6.74323e-07
2.5657	-6.705e-07
2.5658	-6.64222e-07
2.5659	-6.60857e-07
2.566	-6.57562e-07
2.5661	-6.52521e-07
2.5662	-6.48322e-07
2.5663	-6.42343e-07
2.5664	-6.37021e-07
2.5665	-6.31823e-07
2.5666	-6.26832e-07
2.5667	-6.19396e-07
2.5668	-6.13412e-07
2.5669	-6.07616e-07
2.567	-6.02702e-07
2.5671	-5.96958e-07
2.5672	-5.91313e-07
2.5673	-5.8632e-07
2.5674	-5.81498e-07
2.5675	-5.77039e-07
2.5676	-5.70352e-07
2.5677	-5.65337e-07
2.5678	-5.6188e-07
2.5679	-5.57033e-07
2.568	-5.52849e-07
2.5681	-5.47331e-07
2.5682	-5.41491e-07
2.5683	-5.36673e-07
2.5684	-5.32896e-07
2.5685	-5.27177e-07
2.5686	-5.2029e-07
2.5687	-5.17476e-07
2.5688	-5.12623e-07
2.5689	-5.07877e-07
2.569	-5.02426e-07
2.5691	-4.97205e-07
2.5692	-4.92799e-07
2.5693	-4.8685e-07
2.5694	-4.82492e-07
2.5695	-4.75626e-07
2.5696	-4.71095e-07
2.5697	-4.67151e-07
2.5698	-4.61669e-07
2.5699	-4.56466e-07
2.57	-4.50451e-07
2.5701	-4.46605e-07
2.5702	-4.40489e-07
2.5703	-4.34653e-07
2.5704	-4.29574e-07
2.5705	-4.26827e-07
2.5706	-4.2117e-07
2.5707	-4.15005e-07
2.5708	-4.09986e-07
2.5709	-4.04622e-07
2.571	-3.99992e-07
2.5711	-3.93774e-07
2.5712	-3.87664e-07
2.5713	-3.81238e-07
2.5714	-3.76442e-07
2.5715	-3.70747e-07
2.5716	-3.64935e-07
2.5717	-3.60121e-07
2.5718	-3.55551e-07
2.5719	-3.50251e-07
2.572	-3.44604e-07
2.5721	-3.37887e-07
2.5722	-3.34418e-07
2.5723	-3.29621e-07
2.5724	-3.24363e-07
2.5725	-3.19291e-07
2.5726	-3.13476e-07
2.5727	-3.07803e-07
2.5728	-3.01803e-07
2.5729	-2.96171e-07
2.573	-2.89791e-07
2.5731	-2.84191e-07
2.5732	-2.78865e-07
2.5733	-2.7344e-07
2.5734	-2.67272e-07
2.5735	-2.62287e-07
2.5736	-2.58849e-07
2.5737	-2.52668e-07
2.5738	-2.46677e-07
2.5739	-2.41804e-07
2.574	-2.3598e-07
2.5741	-2.31015e-07
2.5742	-2.24972e-07
2.5743	-2.18961e-07
2.5744	-2.12189e-07
2.5745	-2.06403e-07
2.5746	-2.02136e-07
2.5747	-1.96018e-07
2.5748	-1.89921e-07
2.5749	-1.84144e-07
2.575	-1.77662e-07
2.5751	-1.71523e-07
2.5752	-1.64892e-07
2.5753	-1.57432e-07
2.5754	-1.50894e-07
2.5755	-1.44997e-07
2.5756	-1.37829e-07
2.5757	-1.30911e-07
2.5758	-1.2457e-07
2.5759	-1.18635e-07
2.576	-1.12266e-07
2.5761	-1.05816e-07
2.5762	-9.681e-08
2.5763	-8.9545e-08
2.5764	-8.26038e-08
2.5765	-7.54294e-08
2.5766	-6.85315e-08
2.5767	-6.12541e-08
2.5768	-5.44002e-08
2.5769	-4.74324e-08
2.577	-4.28294e-08
2.5771	-3.54364e-08
2.5772	-2.74366e-08
2.5773	-1.93117e-08
2.5774	-1.07172e-08
2.5775	-4.36867e-09
2.5776	3.14812e-09
2.5777	1.00124e-08
2.5778	1.79554e-08
2.5779	2.57227e-08
2.578	3.3221e-08
2.5781	4.03617e-08
2.5782	4.77106e-08
2.5783	5.16304e-08
2.5784	5.86439e-08
2.5785	6.54185e-08
2.5786	7.34743e-08
2.5787	7.74653e-08
2.5788	8.61582e-08
2.5789	9.24302e-08
2.579	9.99716e-08
2.5791	1.07929e-07
2.5792	1.1429e-07
2.5793	1.2147e-07
2.5794	1.29103e-07
2.5795	1.30959e-07
2.5796	1.33337e-07
2.5797	1.40712e-07
2.5798	1.47879e-07
2.5799	1.51687e-07
2.58	1.5862e-07
2.5801	1.65406e-07
2.5802	1.74845e-07
2.5803	1.81584e-07
2.5804	1.82428e-07
2.5805	1.92585e-07
2.5806	1.93393e-07
2.5807	2.00543e-07
2.5808	2.07885e-07
2.5809	2.14236e-07
2.581	2.13847e-07
2.5811	2.19815e-07
2.5812	2.25663e-07
2.5813	2.26261e-07
2.5814	2.3151e-07
2.5815	2.37686e-07
2.5816	2.39191e-07
2.5817	2.38489e-07
2.5818	2.42379e-07
2.5819	2.47225e-07
2.582	2.51939e-07
2.5821	2.51105e-07
2.5822	2.56367e-07
2.5823	2.56584e-07
2.5824	2.55975e-07
2.5825	2.66305e-07
2.5826	2.70999e-07
2.5827	2.80193e-07
2.5828	2.76083e-07
2.5829	2.80131e-07
2.583	2.84116e-07
2.5831	2.92255e-07
2.5832	2.89974e-07
2.5833	2.92096e-07
2.5834	2.95314e-07
2.5835	2.97749e-07
2.5836	3.06403e-07
2.5837	3.07482e-07
2.5838	3.09731e-07
2.5839	3.12037e-07
2.584	3.15907e-07
2.5841	3.2135e-07
2.5842	3.27301e-07
2.5843	3.23591e-07
2.5844	3.24776e-07
2.5845	3.25578e-07
2.5846	3.30439e-07
2.5847	3.36893e-07
2.5848	3.35258e-07
2.5849	3.35607e-07
2.585	3.35104e-07
2.5851	3.3445e-07
2.5852	3.2821e-07
2.5853	3.33831e-07
2.5854	3.39598e-07
2.5855	3.39492e-07
2.5856	3.37406e-07
2.5857	3.33897e-07
2.5858	3.39295e-07
2.5859	3.37016e-07
2.586	3.41891e-07
2.5861	3.46974e-07
2.5862	3.51132e-07
2.5863	3.45516e-07
2.5864	3.487e-07
2.5865	3.45713e-07
2.5866	3.41922e-07
2.5867	3.4558e-07
2.5868	3.47524e-07
2.5869	3.48941e-07
2.587	3.49559e-07
2.5871	3.46079e-07
2.5872	3.48183e-07
2.5873	3.50906e-07
2.5874	3.51035e-07
2.5875	3.45873e-07
2.5876	3.44865e-07
2.5877	3.4409e-07
2.5878	3.36726e-07
2.5879	3.35898e-07
2.588	3.30225e-07
2.5881	3.25887e-07
2.5882	3.16052e-07
2.5883	3.08953e-07
2.5884	3.01371e-07
2.5885	2.97489e-07
2.5886	2.88249e-07
2.5887	2.77755e-07
2.5888	2.74669e-07
2.5889	2.7118e-07
2.589	2.64905e-07
2.5891	2.59371e-07
2.5892	2.52978e-07
2.5893	2.45442e-07
2.5894	2.37981e-07
2.5895	2.28223e-07
2.5896	2.17435e-07
2.5897	2.07456e-07
2.5898	1.95159e-07
2.5899	1.87785e-07
2.59	1.77466e-07
2.5901	1.66559e-07
2.5902	1.5457e-07
2.5903	1.42188e-07
2.5904	1.29918e-07
2.5905	1.1865e-07
2.5906	1.09316e-07
2.5907	9.64509e-08
2.5908	8.15854e-08
2.5909	6.6473e-08
2.591	5.11901e-08
2.5911	3.68147e-08
2.5912	2.07661e-08
2.5913	3.50692e-09
2.5914	-1.32502e-08
2.5915	-2.83197e-08
2.5916	-4.67264e-08
2.5917	-6.62607e-08
2.5918	-7.87533e-08
2.5919	-9.37794e-08
2.592	-1.09856e-07
2.5921	-1.29732e-07
2.5922	-1.44769e-07
2.5923	-1.62501e-07
2.5924	-1.82603e-07
2.5925	-2.03165e-07
2.5926	-2.18766e-07
2.5927	-2.40062e-07
2.5928	-2.59736e-07
2.5929	-2.80549e-07
2.593	-2.96195e-07
2.5931	-3.18312e-07
2.5932	-3.34859e-07
2.5933	-3.5723e-07
2.5934	-3.68101e-07
2.5935	-3.92904e-07
2.5936	-4.1068e-07
2.5937	-4.15816e-07
2.5938	-4.33298e-07
2.5939	-4.54731e-07
2.594	-4.7086e-07
2.5941	-4.81809e-07
2.5942	-5.05446e-07
2.5943	-5.22798e-07
2.5944	-5.40779e-07
2.5945	-5.57131e-07
2.5946	-5.74031e-07
2.5947	-5.90236e-07
2.5948	-6.05262e-07
2.5949	-6.2185e-07
2.595	-6.37325e-07
2.5951	-6.47233e-07
2.5952	-6.61442e-07
2.5953	-6.80311e-07
2.5954	-6.96046e-07
2.5955	-7.1614e-07
2.5956	-7.29998e-07
2.5957	-7.46811e-07
2.5958	-7.61733e-07
2.5959	-7.73396e-07
2.596	-7.90206e-07
2.5961	-8.02996e-07
2.5962	-8.19899e-07
2.5963	-8.32224e-07
2.5964	-8.48023e-07
2.5965	-8.55942e-07
2.5966	-8.6658e-07
2.5967	-8.82615e-07
2.5968	-8.96247e-07
2.5969	-9.11439e-07
2.597	-9.19054e-07
2.5971	-9.34159e-07
2.5972	-9.47566e-07
2.5973	-9.60116e-07
2.5974	-9.71935e-07
2.5975	-9.84027e-07
2.5976	-9.95784e-07
2.5977	-1.00729e-06
2.5978	-1.01541e-06
2.5979	-1.02067e-06
2.598	-1.03113e-06
2.5981	-1.04e-06
2.5982	-1.04494e-06
2.5983	-1.0531e-06
2.5984	-1.06102e-06
2.5985	-1.06805e-06
2.5986	-1.07508e-06
2.5987	-1.08174e-06
2.5988	-1.08683e-06
2.5989	-1.09207e-06
2.599	-1.098e-06
2.5991	-1.10193e-06
2.5992	-1.10597e-06
2.5993	-1.10941e-06
2.5994	-1.11277e-06
2.5995	-1.11685e-06
2.5996	-1.11857e-06
2.5997	-1.12037e-06
2.5998	-1.12164e-06
2.5999	-1.12381e-06
2.6	-1.12479e-06
2.6001	-1.12559e-06
2.6002	-1.12604e-06
2.6003	-1.12335e-06
2.6004	-1.12375e-06
2.6005	-1.12042e-06
2.6006	-1.11977e-06
2.6007	-1.11844e-06
2.6008	-1.11797e-06
2.6009	-1.11666e-06
2.601	-1.1147e-06
2.6011	-1.11122e-06
2.6012	-1.10823e-06
2.6013	-1.10322e-06
2.6014	-1.1004e-06
2.6015	-1.09543e-06
2.6016	-1.09263e-06
2.6017	-1.08895e-06
2.6018	-1.08557e-06
2.6019	-1.08196e-06
2.602	-1.07863e-06
2.6021	-1.07515e-06
2.6022	-1.06933e-06
2.6023	-1.06541e-06
2.6024	-1.06092e-06
2.6025	-1.05682e-06
2.6026	-1.05305e-06
2.6027	-1.04839e-06
2.6028	-1.04548e-06
2.6029	-1.0398e-06
2.603	-1.03487e-06
2.6031	-1.0293e-06
2.6032	-1.02325e-06
2.6033	-1.01409e-06
2.6034	-1.00746e-06
2.6035	-1.00038e-06
2.6036	-9.94331e-07
2.6037	-9.8995e-07
2.6038	-9.83516e-07
2.6039	-9.7668e-07
2.604	-9.7032e-07
2.6041	-9.59793e-07
2.6042	-9.52412e-07
2.6043	-9.45513e-07
2.6044	-9.39107e-07
2.6045	-9.33897e-07
2.6046	-9.26278e-07
2.6047	-9.18053e-07
2.6048	-9.09024e-07
2.6049	-9.00596e-07
2.605	-8.92069e-07
2.6051	-8.83814e-07
2.6052	-8.75457e-07
2.6053	-8.66416e-07
2.6054	-8.59546e-07
2.6055	-8.52477e-07
2.6056	-8.46497e-07
2.6057	-8.32555e-07
2.6058	-8.23274e-07
2.6059	-8.15233e-07
2.606	-8.07199e-07
2.6061	-7.95383e-07
2.6062	-7.8615e-07
2.6063	-7.75844e-07
2.6064	-7.66583e-07
2.6065	-7.61057e-07
2.6066	-7.51647e-07
2.6067	-7.4247e-07
2.6068	-7.32712e-07
2.6069	-7.24457e-07
2.607	-7.12898e-07
2.6071	-7.0266e-07
2.6072	-6.95062e-07
2.6073	-6.86377e-07
2.6074	-6.78192e-07
2.6075	-6.6915e-07
2.6076	-6.59434e-07
2.6077	-6.47875e-07
2.6078	-6.37851e-07
2.6079	-6.27892e-07
2.608	-6.15779e-07
2.6081	-6.0523e-07
2.6082	-5.9458e-07
2.6083	-5.83911e-07
2.6084	-5.73317e-07
2.6085	-5.61238e-07
2.6086	-5.52236e-07
2.6087	-5.42292e-07
2.6088	-5.33122e-07
2.6089	-5.22808e-07
2.609	-5.13874e-07
2.6091	-5.06011e-07
2.6092	-4.95804e-07
2.6093	-4.84882e-07
2.6094	-4.737e-07
2.6095	-4.69005e-07
2.6096	-4.58266e-07
2.6097	-4.48361e-07
2.6098	-4.40575e-07
2.6099	-4.3334e-07
2.61	-4.27034e-07
2.6101	-4.20069e-07
2.6102	-4.09311e-07
2.6103	-3.98614e-07
2.6104	-3.86915e-07
2.6105	-3.80212e-07
2.6106	-3.73457e-07
2.6107	-3.63587e-07
2.6108	-3.56881e-07
2.6109	-3.50056e-07
2.611	-3.46239e-07
2.6111	-3.40953e-07
2.6112	-3.34207e-07
2.6113	-3.26717e-07
2.6114	-3.21734e-07
2.6115	-3.16285e-07
2.6116	-3.11013e-07
2.6117	-3.07217e-07
2.6118	-2.97673e-07
2.6119	-2.93701e-07
2.612	-2.93128e-07
2.6121	-2.89204e-07
2.6122	-2.85125e-07
2.6123	-2.81803e-07
2.6124	-2.78178e-07
2.6125	-2.67403e-07
2.6126	-2.60699e-07
2.6127	-2.51709e-07
2.6128	-2.50244e-07
2.6129	-2.44772e-07
2.613	-2.42141e-07
2.6131	-2.39741e-07
2.6132	-2.37554e-07
2.6133	-2.34429e-07
2.6134	-2.32543e-07
2.6135	-2.31797e-07
2.6136	-2.31475e-07
2.6137	-2.32859e-07
2.6138	-2.31984e-07
2.6139	-2.31942e-07
2.614	-2.2665e-07
2.6141	-2.27681e-07
2.6142	-2.28265e-07
2.6143	-2.26891e-07
2.6144	-2.21096e-07
2.6145	-2.20284e-07
2.6146	-2.19621e-07
2.6147	-2.20391e-07
2.6148	-2.16746e-07
2.6149	-2.19608e-07
2.615	-2.21725e-07
2.6151	-2.18346e-07
2.6152	-2.21806e-07
2.6153	-2.24148e-07
2.6154	-2.22449e-07
2.6155	-2.22951e-07
2.6156	-2.27067e-07
2.6157	-2.3188e-07
2.6158	-2.29874e-07
2.6159	-2.35595e-07
2.616	-2.36701e-07
2.6161	-2.32433e-07
2.6162	-2.3571e-07
2.6163	-2.43189e-07
2.6164	-2.49382e-07
2.6165	-2.51356e-07
2.6166	-2.53089e-07
2.6167	-2.57867e-07
2.6168	-2.62718e-07
2.6169	-2.66911e-07
2.617	-2.67628e-07
2.6171	-2.71409e-07
2.6172	-2.73025e-07
2.6173	-2.7873e-07
2.6174	-2.90053e-07
2.6175	-2.9604e-07
2.6176	-3.03104e-07
2.6177	-3.11948e-07
2.6178	-3.17066e-07
2.6179	-3.21346e-07
2.618	-3.28017e-07
2.6181	-3.32904e-07
2.6182	-3.40278e-07
2.6183	-3.47789e-07
2.6184	-3.50063e-07
2.6185	-3.5212e-07
2.6186	-3.61281e-07
2.6187	-3.68272e-07
2.6188	-3.75636e-07
2.6189	-3.87859e-07
2.619	-3.98674e-07
2.6191	-4.04495e-07
2.6192	-4.14375e-07
2.6193	-4.23891e-07
2.6194	-4.3329e-07
2.6195	-4.38848e-07
2.6196	-4.41559e-07
2.6197	-4.48532e-07
2.6198	-4.59769e-07
2.6199	-4.72052e-07
2.62	-4.80278e-07
2.6201	-4.92427e-07
2.6202	-4.98536e-07
2.6203	-5.03133e-07
2.6204	-5.12569e-07
2.6205	-5.21075e-07
2.6206	-5.29721e-07
2.6207	-5.38929e-07
2.6208	-5.47081e-07
2.6209	-5.57226e-07
2.621	-5.64638e-07
2.6211	-5.67672e-07
2.6212	-5.76228e-07
2.6213	-5.79904e-07
2.6214	-5.89177e-07
2.6215	-6.01914e-07
2.6216	-6.11273e-07
2.6217	-6.19444e-07
2.6218	-6.33339e-07
2.6219	-6.42466e-07
2.622	-6.48172e-07
2.6221	-6.57355e-07
2.6222	-6.63484e-07
2.6223	-6.77272e-07
2.6224	-6.86184e-07
2.6225	-6.91893e-07
2.6226	-7.01282e-07
2.6227	-7.0962e-07
2.6228	-7.18037e-07
2.6229	-7.26313e-07
2.623	-7.35864e-07
2.6231	-7.41565e-07
2.6232	-7.50235e-07
2.6233	-7.57721e-07
2.6234	-7.64947e-07
2.6235	-7.72565e-07
2.6236	-7.84053e-07
2.6237	-7.90157e-07
2.6238	-7.96794e-07
2.6239	-8.04497e-07
2.624	-8.11304e-07
2.6241	-8.16131e-07
2.6242	-8.20366e-07
2.6243	-8.25384e-07
2.6244	-8.29297e-07
2.6245	-8.34148e-07
2.6246	-8.38888e-07
2.6247	-8.40729e-07
2.6248	-8.45261e-07
2.6249	-8.51809e-07
2.625	-8.55596e-07
2.6251	-8.5901e-07
2.6252	-8.62638e-07
2.6253	-8.65627e-07
2.6254	-8.70044e-07
2.6255	-8.74238e-07
2.6256	-8.75429e-07
2.6257	-8.78928e-07
2.6258	-8.82828e-07
2.6259	-8.84877e-07
2.626	-8.85269e-07
2.6261	-8.88154e-07
2.6262	-8.91213e-07
2.6263	-8.91824e-07
2.6264	-8.9252e-07
2.6265	-8.92905e-07
2.6266	-8.93092e-07
2.6267	-8.92975e-07
2.6268	-8.94178e-07
2.6269	-8.93342e-07
2.627	-8.9197e-07
2.6271	-8.90641e-07
2.6272	-8.88609e-07
2.6273	-8.87295e-07
2.6274	-8.85851e-07
2.6275	-8.84385e-07
2.6276	-8.82131e-07
2.6277	-8.79292e-07
2.6278	-8.77427e-07
2.6279	-8.75957e-07
2.628	-8.71904e-07
2.6281	-8.6856e-07
2.6282	-8.67353e-07
2.6283	-8.63008e-07
2.6284	-8.57978e-07
2.6285	-8.543e-07
2.6286	-8.50931e-07
2.6287	-8.48135e-07
2.6288	-8.44547e-07
2.6289	-8.40566e-07
2.629	-8.36873e-07
2.6291	-8.31982e-07
2.6292	-8.27799e-07
2.6293	-8.23133e-07
2.6294	-8.18605e-07
2.6295	-8.12403e-07
2.6296	-8.08375e-07
2.6297	-8.02587e-07
2.6298	-8.00082e-07
2.6299	-7.94931e-07
2.63	-7.89935e-07
2.6301	-7.85112e-07
2.6302	-7.79777e-07
2.6303	-7.74404e-07
2.6304	-7.70305e-07
2.6305	-7.64009e-07
2.6306	-7.56452e-07
2.6307	-7.50965e-07
2.6308	-7.45029e-07
2.6309	-7.39182e-07
2.631	-7.33887e-07
2.6311	-7.28335e-07
2.6312	-7.23399e-07
2.6313	-7.19624e-07
2.6314	-7.12848e-07
2.6315	-7.07091e-07
2.6316	-7.03801e-07
2.6317	-7.00197e-07
2.6318	-6.95368e-07
2.6319	-6.90872e-07
2.632	-6.85459e-07
2.6321	-6.81203e-07
2.6322	-6.76746e-07
2.6323	-6.71879e-07
2.6324	-6.65675e-07
2.6325	-6.61424e-07
2.6326	-6.55515e-07
2.6327	-6.51459e-07
2.6328	-6.45502e-07
2.6329	-6.39964e-07
2.633	-6.33992e-07
2.6331	-6.2917e-07
2.6332	-6.24511e-07
2.6333	-6.17839e-07
2.6334	-6.14042e-07
2.6335	-6.10424e-07
2.6336	-6.05342e-07
2.6337	-6.01255e-07
2.6338	-5.95982e-07
2.6339	-5.91712e-07
2.634	-5.87169e-07
2.6341	-5.79763e-07
2.6342	-5.73668e-07
2.6343	-5.69618e-07
2.6344	-5.6687e-07
2.6345	-5.61436e-07
2.6346	-5.55688e-07
2.6347	-5.49843e-07
2.6348	-5.44335e-07
2.6349	-5.38588e-07
2.635	-5.34246e-07
2.6351	-5.28417e-07
2.6352	-5.22986e-07
2.6353	-5.18549e-07
2.6354	-5.12529e-07
2.6355	-5.08258e-07
2.6356	-5.02967e-07
2.6357	-4.96485e-07
2.6358	-4.90927e-07
2.6359	-4.84739e-07
2.636	-4.77951e-07
2.6361	-4.75751e-07
2.6362	-4.71634e-07
2.6363	-4.67465e-07
2.6364	-4.61556e-07
2.6365	-4.56892e-07
2.6366	-4.50939e-07
2.6367	-4.45115e-07
2.6368	-4.39642e-07
2.6369	-4.33145e-07
2.637	-4.26232e-07
2.6371	-4.22339e-07
2.6372	-4.16546e-07
2.6373	-4.10266e-07
2.6374	-4.04739e-07
2.6375	-3.99832e-07
2.6376	-3.92633e-07
2.6377	-3.87476e-07
2.6378	-3.82242e-07
2.6379	-3.76094e-07
2.638	-3.71059e-07
2.6381	-3.65513e-07
2.6382	-3.58642e-07
2.6383	-3.52257e-07
2.6384	-3.47323e-07
2.6385	-3.41874e-07
2.6386	-3.35332e-07
2.6387	-3.28597e-07
2.6388	-3.2224e-07
2.6389	-3.16892e-07
2.639	-3.10576e-07
2.6391	-3.03913e-07
2.6392	-2.9769e-07
2.6393	-2.92263e-07
2.6394	-2.85378e-07
2.6395	-2.78692e-07
2.6396	-2.7382e-07
2.6397	-2.67462e-07
2.6398	-2.60315e-07
2.6399	-2.53259e-07
2.64	-2.45864e-07
2.6401	-2.38861e-07
2.6402	-2.32249e-07
2.6403	-2.25661e-07
2.6404	-2.18648e-07
2.6405	-2.13403e-07
2.6406	-2.0593e-07
2.6407	-1.99192e-07
2.6408	-1.90892e-07
2.6409	-1.83543e-07
2.641	-1.7581e-07
2.6411	-1.68474e-07
2.6412	-1.60532e-07
2.6413	-1.53264e-07
2.6414	-1.48247e-07
2.6415	-1.40859e-07
2.6416	-1.32298e-07
2.6417	-1.25495e-07
2.6418	-1.21593e-07
2.6419	-1.14255e-07
2.642	-1.06297e-07
2.6421	-1.01708e-07
2.6422	-9.38329e-08
2.6423	-9.00092e-08
2.6424	-8.16351e-08
2.6425	-7.62366e-08
2.6426	-7.27874e-08
2.6427	-6.47065e-08
2.6428	-5.83573e-08
2.6429	-5.07011e-08
2.643	-4.43279e-08
2.6431	-4.09308e-08
2.6432	-3.36704e-08
2.6433	-2.43759e-08
2.6434	-2.22382e-08
2.6435	-1.52748e-08
2.6436	-7.85016e-09
2.6437	-2.21376e-10
2.6438	2.59877e-09
2.6439	5.32436e-09
2.644	1.49749e-08
2.6441	2.19016e-08
2.6442	2.3316e-08
2.6443	3.362e-08
2.6444	4.03567e-08
2.6445	4.30137e-08
2.6446	4.98804e-08
2.6447	6.093e-08
2.6448	6.76874e-08
2.6449	7.40925e-08
2.645	7.96326e-08
2.6451	7.98532e-08
2.6452	8.52368e-08
2.6453	8.49913e-08
2.6454	9.06845e-08
2.6455	9.22589e-08
2.6456	9.64389e-08
2.6457	9.59177e-08
2.6458	1.02349e-07
2.6459	1.00866e-07
2.646	1.00571e-07
2.6461	1.06016e-07
2.6462	1.16304e-07
2.6463	1.21802e-07
2.6464	1.26056e-07
2.6465	1.32063e-07
2.6466	1.34249e-07
2.6467	1.33432e-07
2.6468	1.32123e-07
2.6469	1.33911e-07
2.647	1.32075e-07
2.6471	1.35709e-07
2.6472	1.38171e-07
2.6473	1.4093e-07
2.6474	1.49662e-07
2.6475	1.51023e-07
2.6476	1.5268e-07
2.6477	1.55253e-07
2.6478	1.54483e-07
2.6479	1.51223e-07
2.648	1.56828e-07
2.6481	1.63446e-07
2.6482	1.64516e-07
2.6483	1.71204e-07
2.6484	1.76729e-07
2.6485	1.76584e-07
2.6486	1.75122e-07
2.6487	1.74287e-07
2.6488	1.74428e-07
2.6489	1.69803e-07
2.649	1.65407e-07
2.6491	1.64108e-07
2.6492	1.69467e-07
2.6493	1.69236e-07
2.6494	1.68841e-07
2.6495	1.68994e-07
2.6496	1.73764e-07
2.6497	1.77821e-07
2.6498	1.76967e-07
2.6499	1.82484e-07
2.65	1.87536e-07
2.6501	1.90285e-07
2.6502	1.89947e-07
2.6503	1.92626e-07
2.6504	1.89941e-07
2.6505	1.92682e-07
2.6506	1.85118e-07
2.6507	1.86192e-07
2.6508	1.88173e-07
2.6509	1.89361e-07
2.651	1.91083e-07
2.6511	1.94494e-07
2.6512	1.90221e-07
2.6513	1.83048e-07
2.6514	1.76041e-07
2.6515	1.76069e-07
2.6516	1.74107e-07
2.6517	1.65848e-07
2.6518	1.60479e-07
2.6519	1.60036e-07
2.652	1.53766e-07
2.6521	1.46115e-07
2.6522	1.37855e-07
2.6523	1.34046e-07
2.6524	1.25093e-07
2.6525	1.15492e-07
2.6526	1.11758e-07
2.6527	1.0767e-07
2.6528	1.00485e-07
2.6529	9.17688e-08
2.653	8.5639e-08
2.6531	7.47997e-08
2.6532	6.5594e-08
2.6533	5.64608e-08
2.6534	4.54185e-08
2.6535	3.37018e-08
2.6536	2.35345e-08
2.6537	1.31523e-08
2.6538	3.81555e-09
2.6539	-5.94139e-09
2.654	-1.77373e-08
2.6541	-3.3453e-08
2.6542	-4.43425e-08
2.6543	-5.56444e-08
2.6544	-6.78574e-08
2.6545	-7.84618e-08
2.6546	-9.21597e-08
2.6547	-1.05695e-07
2.6548	-1.20727e-07
2.6549	-1.3358e-07
2.655	-1.48743e-07
2.6551	-1.6581e-07
2.6552	-1.75403e-07
2.6553	-1.89145e-07
2.6554	-2.05353e-07
2.6555	-2.2627e-07
2.6556	-2.35472e-07
2.6557	-2.49279e-07
2.6558	-2.56257e-07
2.6559	-2.77781e-07
2.656	-2.94541e-07
2.6561	-3.11337e-07
2.6562	-3.28046e-07
2.6563	-3.4806e-07
2.6564	-3.53872e-07
2.6565	-3.64425e-07
2.6566	-3.83654e-07
2.6567	-4.03641e-07
2.6568	-4.19689e-07
2.6569	-4.34977e-07
2.657	-4.42514e-07
2.6571	-4.58582e-07
2.6572	-4.76317e-07
2.6573	-4.9482e-07
2.6574	-5.11903e-07
2.6575	-5.31555e-07
2.6576	-5.34604e-07
2.6577	-5.51522e-07
2.6578	-5.58149e-07
2.6579	-5.6779e-07
2.658	-5.84754e-07
2.6581	-6.06313e-07
2.6582	-6.28576e-07
2.6583	-6.45755e-07
2.6584	-6.63168e-07
2.6585	-6.85614e-07
2.6586	-7.02002e-07
2.6587	-7.22387e-07
2.6588	-7.33554e-07
2.6589	-7.49139e-07
2.659	-7.59285e-07
2.6591	-7.72446e-07
2.6592	-7.89206e-07
2.6593	-8.0474e-07
2.6594	-8.20835e-07
2.6595	-8.39694e-07
2.6596	-8.58803e-07
2.6597	-8.73355e-07
2.6598	-8.86279e-07
2.6599	-8.99428e-07
2.66	-9.1192e-07
2.6601	-9.23058e-07
2.6602	-9.34293e-07
2.6603	-9.4956e-07
2.6604	-9.59393e-07
2.6605	-9.70701e-07
2.6606	-9.84863e-07
2.6607	-9.98842e-07
2.6608	-1.00896e-06
2.6609	-1.02269e-06
2.661	-1.03735e-06
2.6611	-1.05021e-06
2.6612	-1.06041e-06
2.6613	-1.07263e-06
2.6614	-1.08429e-06
2.6615	-1.09715e-06
2.6616	-1.10795e-06
2.6617	-1.11769e-06
2.6618	-1.12868e-06
2.6619	-1.13737e-06
2.662	-1.14736e-06
2.6621	-1.15592e-06
2.6622	-1.16356e-06
2.6623	-1.17089e-06
2.6624	-1.17759e-06
2.6625	-1.18741e-06
2.6626	-1.19326e-06
2.6627	-1.19911e-06
2.6628	-1.20422e-06
2.6629	-1.20858e-06
2.663	-1.21253e-06
2.6631	-1.21676e-06
2.6632	-1.21951e-06
2.6633	-1.22326e-06
2.6634	-1.22646e-06
2.6635	-1.22815e-06
2.6636	-1.2301e-06
2.6637	-1.23095e-06
2.6638	-1.2319e-06
2.6639	-1.23149e-06
2.664	-1.23306e-06
2.6641	-1.23139e-06
2.6642	-1.23002e-06
2.6643	-1.22997e-06
2.6644	-1.22969e-06
2.6645	-1.22819e-06
2.6646	-1.22646e-06
2.6647	-1.22416e-06
2.6648	-1.22475e-06
2.6649	-1.22271e-06
2.665	-1.22094e-06
2.6651	-1.21488e-06
2.6652	-1.21232e-06
2.6653	-1.20796e-06
2.6654	-1.20468e-06
2.6655	-1.20223e-06
2.6656	-1.19824e-06
2.6657	-1.19492e-06
2.6658	-1.19232e-06
2.6659	-1.18952e-06
2.666	-1.18562e-06
2.6661	-1.18037e-06
2.6662	-1.1768e-06
2.6663	-1.17327e-06
2.6664	-1.1685e-06
2.6665	-1.16509e-06
2.6666	-1.16302e-06
2.6667	-1.15866e-06
2.6668	-1.15348e-06
2.6669	-1.15273e-06
2.667	-1.14672e-06
2.6671	-1.13919e-06
2.6672	-1.13315e-06
2.6673	-1.12732e-06
2.6674	-1.12156e-06
2.6675	-1.11534e-06
2.6676	-1.10979e-06
2.6677	-1.1051e-06
2.6678	-1.09871e-06
2.6679	-1.0873e-06
2.668	-1.08369e-06
2.6681	-1.07574e-06
2.6682	-1.06784e-06
2.6683	-1.05881e-06
2.6684	-1.04995e-06
2.6685	-1.04296e-06
2.6686	-1.03527e-06
2.6687	-1.02732e-06
2.6688	-1.0195e-06
2.6689	-1.01146e-06
2.669	-1.00283e-06
2.6691	-9.93524e-07
2.6692	-9.85641e-07
2.6693	-9.78861e-07
2.6694	-9.7345e-07
2.6695	-9.61973e-07
2.6696	-9.51003e-07
2.6697	-9.43599e-07
2.6698	-9.35421e-07
2.6699	-9.24557e-07
2.67	-9.15891e-07
2.6701	-9.06923e-07
2.6702	-8.97465e-07
2.6703	-8.88092e-07
2.6704	-8.79268e-07
2.6705	-8.69797e-07
2.6706	-8.59832e-07
2.6707	-8.50486e-07
2.6708	-8.39803e-07
2.6709	-8.28935e-07
2.671	-8.20591e-07
2.6711	-8.10536e-07
2.6712	-8.04219e-07
2.6713	-7.94227e-07
2.6714	-7.83625e-07
2.6715	-7.73673e-07
2.6716	-7.6506e-07
2.6717	-7.5334e-07
2.6718	-7.41957e-07
2.6719	-7.31776e-07
2.672	-7.22479e-07
2.6721	-7.11909e-07
2.6722	-7.00807e-07
2.6723	-6.89708e-07
2.6724	-6.80501e-07
2.6725	-6.70336e-07
2.6726	-6.60919e-07
2.6727	-6.50586e-07
2.6728	-6.42716e-07
2.6729	-6.33371e-07
2.673	-6.23829e-07
2.6731	-6.12972e-07
2.6732	-6.02642e-07
2.6733	-5.9252e-07
2.6734	-5.86064e-07
2.6735	-5.7533e-07
2.6736	-5.65598e-07
2.6737	-5.52872e-07
2.6738	-5.41085e-07
2.6739	-5.33952e-07
2.674	-5.26769e-07
2.6741	-5.15669e-07
2.6742	-5.05099e-07
2.6743	-4.98342e-07
2.6744	-4.88985e-07
2.6745	-4.78251e-07
2.6746	-4.67078e-07
2.6747	-4.55896e-07
2.6748	-4.48857e-07
2.6749	-4.39466e-07
2.675	-4.34339e-07
2.6751	-4.27359e-07
2.6752	-4.22568e-07
2.6753	-4.15915e-07
2.6754	-4.09391e-07
2.6755	-4.05292e-07
2.6756	-3.96238e-07
2.6757	-3.91965e-07
2.6758	-3.81091e-07
2.6759	-3.77247e-07
2.676	-3.73906e-07
2.6761	-3.64157e-07
2.6762	-3.65193e-07
2.6763	-3.63204e-07
2.6764	-3.55121e-07
2.6765	-3.4864e-07
2.6766	-3.38774e-07
2.6767	-3.30207e-07
2.6768	-3.25732e-07
2.6769	-3.20414e-07
2.677	-3.17262e-07
2.6771	-3.14161e-07
2.6772	-3.07383e-07
2.6773	-2.98059e-07
2.6774	-2.90906e-07
2.6775	-2.92891e-07
2.6776	-2.90443e-07
2.6777	-2.92768e-07
2.6778	-2.93238e-07
2.6779	-2.93727e-07
2.678	-2.94372e-07
2.6781	-2.94168e-07
2.6782	-2.95013e-07
2.6783	-2.9498e-07
2.6784	-2.9157e-07
2.6785	-2.85574e-07
2.6786	-2.81497e-07
2.6787	-2.82789e-07
2.6788	-2.86406e-07
2.6789	-2.87295e-07
2.679	-2.83857e-07
2.6791	-2.82951e-07
2.6792	-2.81247e-07
2.6793	-2.88542e-07
2.6794	-2.86414e-07
2.6795	-2.83428e-07
2.6796	-2.81891e-07
2.6797	-2.85143e-07
2.6798	-2.90938e-07
2.6799	-2.87727e-07
2.68	-2.84002e-07
2.6801	-2.87083e-07
2.6802	-2.88356e-07
2.6803	-2.9474e-07
2.6804	-2.95315e-07
2.6805	-2.97449e-07
2.6806	-3.0248e-07
2.6807	-3.05317e-07
2.6808	-3.09707e-07
2.6809	-3.13087e-07
2.681	-3.17057e-07
2.6811	-3.19601e-07
2.6812	-3.25096e-07
2.6813	-3.31971e-07
2.6814	-3.3801e-07
2.6815	-3.46668e-07
2.6816	-3.55176e-07
2.6817	-3.59584e-07
2.6818	-3.64827e-07
2.6819	-3.70118e-07
2.682	-3.78348e-07
2.6821	-3.86211e-07
2.6822	-3.93718e-07
2.6823	-4.01408e-07
2.6824	-4.05642e-07
2.6825	-4.13594e-07
2.6826	-4.2199e-07
2.6827	-4.24276e-07
2.6828	-4.35887e-07
2.6829	-4.39487e-07
2.683	-4.49006e-07
2.6831	-4.52614e-07
2.6832	-4.62028e-07
2.6833	-4.7137e-07
2.6834	-4.79667e-07
2.6835	-4.87167e-07
2.6836	-4.99267e-07
2.6837	-5.08475e-07
2.6838	-5.21173e-07
2.6839	-5.29433e-07
2.684	-5.37949e-07
2.6841	-5.41043e-07
2.6842	-5.45197e-07
2.6843	-5.48973e-07
2.6844	-5.5239e-07
2.6845	-5.60422e-07
2.6846	-5.72283e-07
2.6847	-5.86297e-07
2.6848	-5.94752e-07
2.6849	-5.97773e-07
2.685	-6.01732e-07
2.6851	-6.11151e-07
2.6852	-6.2447e-07
2.6853	-6.32285e-07
2.6854	-6.40461e-07
2.6855	-6.4954e-07
2.6856	-6.62971e-07
2.6857	-6.67687e-07
2.6858	-6.73089e-07
2.6859	-6.78186e-07
2.686	-6.89278e-07
2.6861	-6.98667e-07
2.6862	-7.07313e-07
2.6863	-7.12448e-07
2.6864	-7.21191e-07
2.6865	-7.30859e-07
2.6866	-7.36651e-07
2.6867	-7.44728e-07
2.6868	-7.50522e-07
2.6869	-7.56754e-07
2.687	-7.65413e-07
2.6871	-7.71249e-07
2.6872	-7.79192e-07
2.6873	-7.9053e-07
2.6874	-7.97259e-07
2.6875	-8.01759e-07
2.6876	-8.07162e-07
2.6877	-8.1519e-07
2.6878	-8.22605e-07
2.6879	-8.28919e-07
2.688	-8.34489e-07
2.6881	-8.39807e-07
2.6882	-8.44123e-07
2.6883	-8.49447e-07
2.6884	-8.55803e-07
2.6885	-8.5878e-07
2.6886	-8.63327e-07
2.6887	-8.66974e-07
2.6888	-8.72577e-07
2.6889	-8.76649e-07
2.689	-8.80786e-07
2.6891	-8.8389e-07
2.6892	-8.86968e-07
2.6893	-8.90849e-07
2.6894	-8.93141e-07
2.6895	-8.95216e-07
2.6896	-8.99358e-07
2.6897	-9.0163e-07
2.6898	-9.0278e-07
2.6899	-9.05548e-07
2.69	-9.06871e-07
2.6901	-9.07691e-07
2.6902	-9.0914e-07
2.6903	-9.09777e-07
2.6904	-9.09413e-07
2.6905	-9.08291e-07
2.6906	-9.08964e-07
2.6907	-9.08363e-07
2.6908	-9.07257e-07
2.6909	-9.05761e-07
2.691	-9.04308e-07
2.6911	-9.02258e-07
2.6912	-8.99847e-07
2.6913	-8.99239e-07
2.6914	-8.97014e-07
2.6915	-8.95392e-07
2.6916	-8.93305e-07
2.6917	-8.90353e-07
2.6918	-8.87664e-07
2.6919	-8.83825e-07
2.692	-8.82238e-07
2.6921	-8.79443e-07
2.6922	-8.72925e-07
2.6923	-8.70199e-07
2.6924	-8.67245e-07
2.6925	-8.65073e-07
2.6926	-8.61069e-07
2.6927	-8.5677e-07
2.6928	-8.52203e-07
2.6929	-8.47054e-07
2.693	-8.42792e-07
2.6931	-8.38502e-07
2.6932	-8.33481e-07
2.6933	-8.28739e-07
2.6934	-8.22507e-07
2.6935	-8.17644e-07
2.6936	-8.14861e-07
2.6937	-8.10267e-07
2.6938	-8.05204e-07
2.6939	-8.00377e-07
2.694	-7.95199e-07
2.6941	-7.90296e-07
2.6942	-7.84838e-07
2.6943	-7.79666e-07
2.6944	-7.70197e-07
2.6945	-7.64967e-07
2.6946	-7.58937e-07
2.6947	-7.53779e-07
2.6948	-7.47399e-07
2.6949	-7.41905e-07
2.695	-7.37607e-07
2.6951	-7.31454e-07
2.6952	-7.27902e-07
2.6953	-7.20441e-07
2.6954	-7.15619e-07
2.6955	-7.1044e-07
2.6956	-7.05456e-07
2.6957	-7.01509e-07
2.6958	-6.96355e-07
2.6959	-6.89702e-07
2.696	-6.8515e-07
2.6961	-6.80683e-07
2.6962	-6.74619e-07
2.6963	-6.68166e-07
2.6964	-6.65312e-07
2.6965	-6.59111e-07
2.6966	-6.53282e-07
2.6967	-6.47829e-07
2.6968	-6.41347e-07
2.6969	-6.36156e-07
2.697	-6.31213e-07
2.6971	-6.26915e-07
2.6972	-6.20034e-07
2.6973	-6.15948e-07
2.6974	-6.1076e-07
2.6975	-6.05937e-07
2.6976	-6.02665e-07
2.6977	-5.96331e-07
2.6978	-5.92081e-07
2.6979	-5.85409e-07
2.698	-5.79612e-07
2.6981	-5.74039e-07
2.6982	-5.71467e-07
2.6983	-5.65076e-07
2.6984	-5.60029e-07
2.6985	-5.54249e-07
2.6986	-5.49261e-07
2.6987	-5.42611e-07
2.6988	-5.37179e-07
2.6989	-5.31283e-07
2.699	-5.26743e-07
2.6991	-5.20869e-07
2.6992	-5.15291e-07
2.6993	-5.10691e-07
2.6994	-5.05123e-07
2.6995	-4.99803e-07
2.6996	-4.95063e-07
2.6997	-4.89336e-07
2.6998	-4.82673e-07
2.6999	-4.77155e-07
2.7	-4.72523e-07
2.7001	-4.67832e-07
2.7002	-4.62057e-07
2.7003	-4.56739e-07
2.7004	-4.50683e-07
2.7005	-4.4611e-07
2.7006	-4.40192e-07
2.7007	-4.34553e-07
2.7008	-4.27644e-07
2.7009	-4.2278e-07
2.701	-4.1714e-07
2.7011	-4.12595e-07
2.7012	-4.0823e-07
2.7013	-4.02938e-07
2.7014	-3.96962e-07
2.7015	-3.91928e-07
2.7016	-3.86564e-07
2.7017	-3.81192e-07
2.7018	-3.75705e-07
2.7019	-3.70207e-07
2.702	-3.62742e-07
2.7021	-3.57319e-07
2.7022	-3.52045e-07
2.7023	-3.46557e-07
2.7024	-3.40418e-07
2.7025	-3.33913e-07
2.7026	-3.27743e-07
2.7027	-3.19687e-07
2.7028	-3.13417e-07
2.7029	-3.07322e-07
2.703	-3.00518e-07
2.7031	-2.94754e-07
2.7032	-2.88383e-07
2.7033	-2.81273e-07
2.7034	-2.74624e-07
2.7035	-2.68763e-07
2.7036	-2.61961e-07
2.7037	-2.55057e-07
2.7038	-2.49346e-07
2.7039	-2.42844e-07
2.704	-2.35125e-07
2.7041	-2.27994e-07
2.7042	-2.20867e-07
2.7043	-2.13902e-07
2.7044	-2.0705e-07
2.7045	-1.99866e-07
2.7046	-1.92798e-07
2.7047	-1.85423e-07
2.7048	-1.78912e-07
2.7049	-1.70239e-07
2.705	-1.6234e-07
2.7051	-1.53547e-07
2.7052	-1.47067e-07
2.7053	-1.39603e-07
2.7054	-1.32052e-07
2.7055	-1.24005e-07
2.7056	-1.19445e-07
2.7057	-1.11633e-07
2.7058	-1.04249e-07
2.7059	-1.00004e-07
2.706	-9.17558e-08
2.7061	-8.84665e-08
2.7062	-8.01166e-08
2.7063	-7.27173e-08
2.7064	-6.8792e-08
2.7065	-6.06972e-08
2.7066	-5.68393e-08
2.7067	-4.8188e-08
2.7068	-4.11278e-08
2.7069	-3.35719e-08
2.707	-2.63132e-08
2.7071	-2.3043e-08
2.7072	-1.52091e-08
2.7073	-7.26938e-09
2.7074	-2.38137e-10
2.7075	7.82206e-09
2.7076	1.36547e-08
2.7077	1.48199e-08
2.7078	2.43099e-08
2.7079	3.09711e-08
2.708	4.04602e-08
2.7081	5.09142e-08
2.7082	5.24461e-08
2.7083	6.20584e-08
2.7084	6.86728e-08
2.7085	7.45826e-08
2.7086	8.2875e-08
2.7087	8.94008e-08
2.7088	9.5391e-08
2.7089	9.61953e-08
2.709	1.05882e-07
2.7091	1.11721e-07
2.7092	1.16932e-07
2.7093	1.21949e-07
2.7094	1.27722e-07
2.7095	1.33444e-07
2.7096	1.39419e-07
2.7097	1.37204e-07
2.7098	1.46204e-07
2.7099	1.50981e-07
2.71	1.55549e-07
2.7101	1.59631e-07
2.7102	1.69753e-07
2.7103	1.78393e-07
2.7104	1.8271e-07
2.7105	1.81156e-07
2.7106	1.90591e-07
2.7107	1.93653e-07
2.7108	2.02454e-07
2.7109	2.11858e-07
2.711	2.15812e-07
2.7111	2.18155e-07
2.7112	2.18981e-07
2.7113	2.27255e-07
2.7114	2.29865e-07
2.7115	2.38315e-07
2.7116	2.41048e-07
2.7117	2.43794e-07
2.7118	2.52217e-07
2.7119	2.581e-07
2.712	2.64723e-07
2.7121	2.71761e-07
2.7122	2.72242e-07
2.7123	2.78393e-07
2.7124	2.85246e-07
2.7125	2.86055e-07
2.7126	2.81606e-07
2.7127	2.81261e-07
2.7128	2.81626e-07
2.7129	2.87562e-07
2.713	2.93369e-07
2.7131	2.99875e-07
2.7132	3.05187e-07
2.7133	3.03161e-07
2.7134	3.03077e-07
2.7135	2.99896e-07
2.7136	3.11952e-07
2.7137	3.1718e-07
2.7138	3.14792e-07
2.7139	3.19294e-07
2.714	3.17001e-07
2.7141	3.16513e-07
2.7142	3.18602e-07
2.7143	3.20825e-07
2.7144	3.21873e-07
2.7145	3.2396e-07
2.7146	3.19492e-07
2.7147	3.21822e-07
2.7148	3.1921e-07
2.7149	3.19673e-07
2.715	3.20094e-07
2.7151	3.14558e-07
2.7152	3.0727e-07
2.7153	3.05327e-07
2.7154	2.98503e-07
2.7155	2.90266e-07
2.7156	2.8528e-07
2.7157	2.81736e-07
2.7158	2.80754e-07
2.7159	2.71418e-07
2.716	2.63619e-07
2.7161	2.58875e-07
2.7162	2.52801e-07
2.7163	2.5013e-07
2.7164	2.4204e-07
2.7165	2.36469e-07
2.7166	2.31165e-07
2.7167	2.20524e-07
2.7168	2.09749e-07
2.7169	2.02028e-07
2.717	1.94645e-07
2.7171	1.86394e-07
2.7172	1.76181e-07
2.7173	1.60555e-07
2.7174	1.53838e-07
2.7175	1.4192e-07
2.7176	1.32022e-07
2.7177	1.2044e-07
2.7178	1.09072e-07
2.7179	9.89505e-08
2.718	8.21019e-08
2.7181	7.13559e-08
2.7182	6.3137e-08
2.7183	4.8868e-08
2.7184	3.99704e-08
2.7185	2.4732e-08
2.7186	9.61821e-09
2.7187	1.10203e-10
2.7188	-1.54753e-08
2.7189	-3.36012e-08
2.719	-5.12612e-08
2.7191	-6.8682e-08
2.7192	-8.85211e-08
2.7193	-1.01259e-07
2.7194	-1.1466e-07
2.7195	-1.2986e-07
2.7196	-1.52426e-07
2.7197	-1.65629e-07
2.7198	-1.7916e-07
2.7199	-1.94597e-07
2.72	-2.15339e-07
2.7201	-2.31133e-07
2.7202	-2.47269e-07
2.7203	-2.68255e-07
2.7204	-2.85456e-07
2.7205	-3.06828e-07
2.7206	-3.27857e-07
2.7207	-3.49538e-07
2.7208	-3.60468e-07
2.7209	-3.78562e-07
2.721	-3.95583e-07
2.7211	-4.12575e-07
2.7212	-4.2802e-07
2.7213	-4.40406e-07
2.7214	-4.56066e-07
2.7215	-4.76007e-07
2.7216	-4.92959e-07
2.7217	-5.03883e-07
2.7218	-5.2667e-07
2.7219	-5.44935e-07
2.722	-5.55496e-07
2.7221	-5.72452e-07
2.7222	-5.906e-07
2.7223	-6.07431e-07
2.7224	-6.24587e-07
2.7225	-6.41665e-07
2.7226	-6.63685e-07
2.7227	-6.73379e-07
2.7228	-6.84423e-07
2.7229	-6.94174e-07
2.723	-7.07926e-07
2.7231	-7.29848e-07
2.7232	-7.45728e-07
2.7233	-7.57518e-07
2.7234	-7.72199e-07
2.7235	-7.8695e-07
2.7236	-8.04469e-07
2.7237	-8.21027e-07
2.7238	-8.38146e-07
2.7239	-8.50132e-07
2.724	-8.67445e-07
2.7241	-8.74938e-07
2.7242	-8.86113e-07
2.7243	-9.0224e-07
2.7244	-9.16524e-07
2.7245	-9.27285e-07
2.7246	-9.43684e-07
2.7247	-9.5047e-07
2.7248	-9.58353e-07
2.7249	-9.73139e-07
2.725	-9.81005e-07
2.7251	-9.91989e-07
2.7252	-9.98446e-07
2.7253	-1.00475e-06
2.7254	-1.01098e-06
2.7255	-1.01932e-06
2.7256	-1.02733e-06
2.7257	-1.03673e-06
2.7258	-1.04176e-06
2.7259	-1.04497e-06
2.726	-1.04786e-06
2.7261	-1.05566e-06
2.7262	-1.06222e-06
2.7263	-1.06768e-06
2.7264	-1.07216e-06
2.7265	-1.07744e-06
2.7266	-1.08157e-06
2.7267	-1.08588e-06
2.7268	-1.08829e-06
2.7269	-1.08792e-06
2.727	-1.08988e-06
2.7271	-1.09251e-06
2.7272	-1.09398e-06
2.7273	-1.09174e-06
2.7274	-1.09306e-06
2.7275	-1.09447e-06
2.7276	-1.09175e-06
2.7277	-1.08852e-06
2.7278	-1.0891e-06
2.7279	-1.08641e-06
2.728	-1.08314e-06
2.7281	-1.08292e-06
2.7282	-1.08128e-06
2.7283	-1.07987e-06
2.7284	-1.07914e-06
2.7285	-1.08176e-06
2.7286	-1.07817e-06
2.7287	-1.07488e-06
2.7288	-1.07035e-06
2.7289	-1.0672e-06
2.729	-1.06365e-06
2.7291	-1.05951e-06
2.7292	-1.0559e-06
2.7293	-1.0531e-06
2.7294	-1.0482e-06
2.7295	-1.04416e-06
2.7296	-1.03982e-06
2.7297	-1.03683e-06
2.7298	-1.03142e-06
2.7299	-1.02624e-06
2.73	-1.02101e-06
2.7301	-1.02006e-06
2.7302	-1.01538e-06
2.7303	-1.01076e-06
2.7304	-1.00576e-06
2.7305	-9.99485e-07
2.7306	-9.94437e-07
2.7307	-9.88358e-07
2.7308	-9.83261e-07
2.7309	-9.75817e-07
2.731	-9.68498e-07
2.7311	-9.62415e-07
2.7312	-9.5562e-07
2.7313	-9.49501e-07
2.7314	-9.45532e-07
2.7315	-9.39489e-07
2.7316	-9.34872e-07
2.7317	-9.2467e-07
2.7318	-9.15865e-07
2.7319	-9.08792e-07
2.732	-9.01905e-07
2.7321	-8.93813e-07
2.7322	-8.85158e-07
2.7323	-8.77074e-07
2.7324	-8.6887e-07
2.7325	-8.60635e-07
2.7326	-8.53204e-07
2.7327	-8.44348e-07
2.7328	-8.35403e-07
2.7329	-8.25252e-07
2.733	-8.17706e-07
2.7331	-8.08796e-07
2.7332	-8.03755e-07
2.7333	-7.92308e-07
2.7334	-7.83187e-07
2.7335	-7.74593e-07
2.7336	-7.66338e-07
2.7337	-7.5513e-07
2.7338	-7.46301e-07
2.7339	-7.35958e-07
2.734	-7.2502e-07
2.7341	-7.16114e-07
2.7342	-7.05952e-07
2.7343	-6.96353e-07
2.7344	-6.86932e-07
2.7345	-6.77251e-07
2.7346	-6.6711e-07
2.7347	-6.55777e-07
2.7348	-6.46957e-07
2.7349	-6.3952e-07
2.735	-6.30617e-07
2.7351	-6.22586e-07
2.7352	-6.12106e-07
2.7353	-6.01688e-07
2.7354	-5.92147e-07
2.7355	-5.81637e-07
2.7356	-5.70396e-07
2.7357	-5.59178e-07
2.7358	-5.4762e-07
2.7359	-5.37398e-07
2.736	-5.26595e-07
2.7361	-5.1579e-07
2.7362	-5.06435e-07
2.7363	-4.95548e-07
2.7364	-4.86861e-07
2.7365	-4.77553e-07
2.7366	-4.67291e-07
2.7367	-4.59921e-07
2.7368	-4.49963e-07
2.7369	-4.38776e-07
2.737	-4.28326e-07
2.7371	-4.17911e-07
2.7372	-4.06555e-07
2.7373	-3.94975e-07
2.7374	-3.83887e-07
2.7375	-3.75042e-07
2.7376	-3.66652e-07
2.7377	-3.56794e-07
2.7378	-3.49186e-07
2.7379	-3.41759e-07
2.738	-3.32898e-07
2.7381	-3.25375e-07
2.7382	-3.13187e-07
2.7383	-3.02575e-07
2.7384	-2.92675e-07
2.7385	-2.85908e-07
2.7386	-2.78397e-07
2.7387	-2.7288e-07
2.7388	-2.68085e-07
2.7389	-2.6291e-07
2.739	-2.58027e-07
2.7391	-2.49784e-07
2.7392	-2.43974e-07
2.7393	-2.37997e-07
2.7394	-2.29404e-07
2.7395	-2.24596e-07
2.7396	-2.20124e-07
2.7397	-2.10076e-07
2.7398	-2.01689e-07
2.7399	-1.97879e-07
2.74	-1.87141e-07
2.7401	-1.85017e-07
2.7402	-1.81514e-07
2.7403	-1.74786e-07
2.7404	-1.7174e-07
2.7405	-1.69505e-07
2.7406	-1.64404e-07
2.7407	-1.56224e-07
2.7408	-1.52877e-07
2.7409	-1.53097e-07
2.741	-1.44886e-07
2.7411	-1.4795e-07
2.7412	-1.48425e-07
2.7413	-1.46566e-07
2.7414	-1.38767e-07
2.7415	-1.40207e-07
2.7416	-1.40013e-07
2.7417	-1.40836e-07
2.7418	-1.40874e-07
2.7419	-1.42314e-07
2.742	-1.38546e-07
2.7421	-1.32074e-07
2.7422	-1.34109e-07
2.7423	-1.35119e-07
2.7424	-1.3535e-07
2.7425	-1.30744e-07
2.7426	-1.32321e-07
2.7427	-1.3659e-07
2.7428	-1.35909e-07
2.7429	-1.37706e-07
2.743	-1.43385e-07
2.7431	-1.49586e-07
2.7432	-1.48651e-07
2.7433	-1.51487e-07
2.7434	-1.48997e-07
2.7435	-1.53108e-07
2.7436	-1.58292e-07
2.7437	-1.60032e-07
2.7438	-1.56581e-07
2.7439	-1.56118e-07
2.744	-1.62117e-07
2.7441	-1.67797e-07
2.7442	-1.72661e-07
2.7443	-1.74707e-07
2.7444	-1.8038e-07
2.7445	-1.86245e-07
2.7446	-1.91624e-07
2.7447	-1.98515e-07
2.7448	-2.04608e-07
2.7449	-2.1031e-07
2.745	-2.14848e-07
2.7451	-2.21983e-07
2.7452	-2.25975e-07
2.7453	-2.29635e-07
2.7454	-2.34188e-07
2.7455	-2.38488e-07
2.7456	-2.44237e-07
2.7457	-2.5216e-07
2.7458	-2.55637e-07
2.7459	-2.61292e-07
2.746	-2.69381e-07
2.7461	-2.76859e-07
2.7462	-2.81311e-07
2.7463	-2.89214e-07
2.7464	-2.9361e-07
2.7465	-3.02601e-07
2.7466	-3.12984e-07
2.7467	-3.23336e-07
2.7468	-3.25888e-07
2.7469	-3.31768e-07
2.747	-3.39301e-07
2.7471	-3.54412e-07
2.7472	-3.60235e-07
2.7473	-3.63044e-07
2.7474	-3.71584e-07
2.7475	-3.74953e-07
2.7476	-3.87195e-07
2.7477	-3.9839e-07
2.7478	-4.04264e-07
2.7479	-4.15655e-07
2.748	-4.19668e-07
2.7481	-4.29595e-07
2.7482	-4.33753e-07
2.7483	-4.35132e-07
2.7484	-4.43832e-07
2.7485	-4.56049e-07
2.7486	-4.64991e-07
2.7487	-4.72169e-07
2.7488	-4.84417e-07
2.7489	-4.93821e-07
2.749	-4.98661e-07
2.7491	-5.12051e-07
2.7492	-5.25771e-07
2.7493	-5.35131e-07
2.7494	-5.39865e-07
2.7495	-5.48673e-07
2.7496	-5.53854e-07
2.7497	-5.6193e-07
2.7498	-5.72658e-07
2.7499	-5.823e-07
2.75	-5.86704e-07
2.7501	-5.9721e-07
2.7502	-6.0567e-07
2.7503	-6.11734e-07
2.7504	-6.17367e-07
2.7505	-6.21565e-07
2.7506	-6.29959e-07
2.7507	-6.34769e-07
2.7508	-6.44465e-07
2.7509	-6.5278e-07
2.751	-6.58497e-07
2.7511	-6.62973e-07
2.7512	-6.7149e-07
2.7513	-6.7543e-07
2.7514	-6.78998e-07
2.7515	-6.86148e-07
2.7516	-6.93185e-07
2.7517	-6.97937e-07
2.7518	-7.03198e-07
2.7519	-7.10396e-07
2.752	-7.15227e-07
2.7521	-7.2102e-07
2.7522	-7.27321e-07
2.7523	-7.305e-07
2.7524	-7.35047e-07
2.7525	-7.39504e-07
2.7526	-7.44821e-07
2.7527	-7.4899e-07
2.7528	-7.54212e-07
2.7529	-7.57662e-07
2.753	-7.59866e-07
2.7531	-7.64627e-07
2.7532	-7.67774e-07
2.7533	-7.6965e-07
2.7534	-7.71905e-07
2.7535	-7.76073e-07
2.7536	-7.77839e-07
2.7537	-7.80546e-07
2.7538	-7.84485e-07
2.7539	-7.84972e-07
2.754	-7.85124e-07
2.7541	-7.85108e-07
2.7542	-7.85098e-07
2.7543	-7.8585e-07
2.7544	-7.84201e-07
2.7545	-7.8578e-07
2.7546	-7.85306e-07
2.7547	-7.84392e-07
2.7548	-7.83131e-07
2.7549	-7.81103e-07
2.755	-7.80259e-07
2.7551	-7.78631e-07
2.7552	-7.75692e-07
2.7553	-7.73748e-07
2.7554	-7.73235e-07
2.7555	-7.7053e-07
2.7556	-7.68193e-07
2.7557	-7.64505e-07
2.7558	-7.61159e-07
2.7559	-7.59251e-07
2.756	-7.55786e-07
2.7561	-7.51496e-07
2.7562	-7.4801e-07
2.7563	-7.43546e-07
2.7564	-7.40402e-07
2.7565	-7.35988e-07
2.7566	-7.32122e-07
2.7567	-7.27592e-07
2.7568	-7.22992e-07
2.7569	-7.18358e-07
2.757	-7.13727e-07
2.7571	-7.08794e-07
2.7572	-7.02762e-07
2.7573	-6.98375e-07
2.7574	-6.95751e-07
2.7575	-6.91283e-07
2.7576	-6.8692e-07
2.7577	-6.82637e-07
2.7578	-6.76908e-07
2.7579	-6.71449e-07
2.758	-6.67097e-07
2.7581	-6.6229e-07
2.7582	-6.53916e-07
2.7583	-6.49593e-07
2.7584	-6.44299e-07
2.7585	-6.39454e-07
2.7586	-6.34016e-07
2.7587	-6.2857e-07
2.7588	-6.23529e-07
2.7589	-6.17297e-07
2.759	-6.11711e-07
2.7591	-6.02889e-07
2.7592	-5.98144e-07
2.7593	-5.9367e-07
2.7594	-5.87903e-07
2.7595	-5.82962e-07
2.7596	-5.78392e-07
2.7597	-5.73113e-07
2.7598	-5.67525e-07
2.7599	-5.62448e-07
2.76	-5.55157e-07
2.7601	-5.50528e-07
2.7602	-5.4623e-07
2.7603	-5.4062e-07
2.7604	-5.34591e-07
2.7605	-5.29168e-07
2.7606	-5.23509e-07
2.7607	-5.17579e-07
2.7608	-5.12315e-07
2.7609	-5.05617e-07
2.761	-4.99847e-07
2.7611	-4.94916e-07
2.7612	-4.89089e-07
2.7613	-4.856e-07
2.7614	-4.79332e-07
2.7615	-4.73488e-07
2.7616	-4.70231e-07
2.7617	-4.62096e-07
2.7618	-4.55128e-07
2.7619	-4.50193e-07
2.762	-4.46394e-07
2.7621	-4.40208e-07
2.7622	-4.34479e-07
2.7623	-4.28131e-07
2.7624	-4.21969e-07
2.7625	-4.16346e-07
2.7626	-4.12544e-07
2.7627	-4.07611e-07
2.7628	-4.02534e-07
2.7629	-3.96835e-07
2.763	-3.90237e-07
2.7631	-3.84585e-07
2.7632	-3.78711e-07
2.7633	-3.73737e-07
2.7634	-3.6899e-07
2.7635	-3.6339e-07
2.7636	-3.56067e-07
2.7637	-3.5392e-07
2.7638	-3.47817e-07
2.7639	-3.43942e-07
2.764	-3.40885e-07
2.7641	-3.34719e-07
2.7642	-3.29227e-07
2.7643	-3.23559e-07
2.7644	-3.17907e-07
2.7645	-3.12348e-07
2.7646	-3.06804e-07
2.7647	-3.0197e-07
2.7648	-2.96445e-07
2.7649	-2.90927e-07
2.765	-2.85788e-07
2.7651	-2.8015e-07
2.7652	-2.74595e-07
2.7653	-2.68759e-07
2.7654	-2.628e-07
2.7655	-2.57007e-07
2.7656	-2.51621e-07
2.7657	-2.45982e-07
2.7658	-2.3908e-07
2.7659	-2.3318e-07
2.766	-2.26916e-07
2.7661	-2.20941e-07
2.7662	-2.14917e-07
2.7663	-2.08589e-07
2.7664	-2.02619e-07
2.7665	-1.96465e-07
2.7666	-1.91268e-07
2.7667	-1.84164e-07
2.7668	-1.77533e-07
2.7669	-1.7106e-07
2.767	-1.65251e-07
2.7671	-1.60378e-07
2.7672	-1.53702e-07
2.7673	-1.47156e-07
2.7674	-1.41073e-07
2.7675	-1.35314e-07
2.7676	-1.30119e-07
2.7677	-1.23536e-07
2.7678	-1.16207e-07
2.7679	-1.08093e-07
2.768	-1.0261e-07
2.7681	-9.49366e-08
2.7682	-9.00938e-08
2.7683	-8.2964e-08
2.7684	-7.57662e-08
2.7685	-7.106e-08
2.7686	-6.41674e-08
2.7687	-5.68408e-08
2.7688	-5.05857e-08
2.7689	-4.25519e-08
2.769	-3.42826e-08
2.7691	-2.80212e-08
2.7692	-2.08697e-08
2.7693	-1.35039e-08
2.7694	-5.4206e-09
2.7695	2.46908e-09
2.7696	1.0072e-08
2.7697	1.7321e-08
2.7698	2.39814e-08
2.7699	3.33967e-08
2.77	4.03241e-08
2.7701	4.7241e-08
2.7702	5.42641e-08
2.7703	6.24078e-08
2.7704	7.08378e-08
2.7705	7.8401e-08
2.7706	8.67714e-08
2.7707	9.47222e-08
2.7708	1.02628e-07
2.7709	1.10338e-07
2.771	1.17538e-07
2.7711	1.20611e-07
2.7712	1.28069e-07
2.7713	1.35646e-07
2.7714	1.42879e-07
2.7715	1.49556e-07
2.7716	1.51532e-07
2.7717	1.61234e-07
2.7718	1.64023e-07
2.7719	1.711e-07
2.772	1.73119e-07
2.7721	1.83159e-07
2.7722	1.84876e-07
2.7723	1.94183e-07
2.7724	1.99796e-07
2.7725	2.05381e-07
2.7726	2.10951e-07
2.7727	2.1738e-07
2.7728	2.17741e-07
2.7729	2.18331e-07
2.773	2.23609e-07
2.7731	2.2271e-07
2.7732	2.27687e-07
2.7733	2.38778e-07
2.7734	2.44205e-07
2.7735	2.48822e-07
2.7736	2.57139e-07
2.7737	2.62114e-07
2.7738	2.66048e-07
2.7739	2.70061e-07
2.774	2.75014e-07
2.7741	2.796e-07
2.7742	2.81954e-07
2.7743	2.86168e-07
2.7744	2.90177e-07
2.7745	2.93326e-07
2.7746	2.96874e-07
2.7747	2.93619e-07
2.7748	2.96944e-07
2.7749	3.00143e-07
2.775	2.96034e-07
2.7751	2.9719e-07
2.7752	3.00516e-07
2.7753	3.03411e-07
2.7754	3.05096e-07
2.7755	3.06222e-07
2.7756	3.03001e-07
2.7757	2.9824e-07
2.7758	3.04177e-07
2.7759	3.117e-07
2.776	3.1053e-07
2.7761	3.11271e-07
2.7762	3.16694e-07
2.7763	3.12112e-07
2.7764	3.10736e-07
2.7765	3.09898e-07
2.7766	3.10375e-07
2.7767	3.04549e-07
2.7768	3.03237e-07
2.7769	3.01862e-07
2.777	3.07306e-07
2.7771	3.01996e-07
2.7772	2.97301e-07
2.7773	3.02191e-07
2.7774	2.99773e-07
2.7775	3.04602e-07
2.7776	3.02797e-07
2.7777	2.98069e-07
2.7778	2.93916e-07
2.7779	2.86478e-07
2.778	2.89136e-07
2.7781	2.84736e-07
2.7782	2.86585e-07
2.7783	2.86416e-07
2.7784	2.85648e-07
2.7785	2.83165e-07
2.7786	2.85363e-07
2.7787	2.82736e-07
2.7788	2.76006e-07
2.7789	2.75958e-07
2.779	2.6987e-07
2.7791	2.6766e-07
2.7792	2.65148e-07
2.7793	2.62615e-07
2.7794	2.59681e-07
2.7795	2.49952e-07
2.7796	2.45875e-07
2.7797	2.34625e-07
2.7798	2.26138e-07
2.7799	2.22282e-07
2.78	2.16712e-07
2.7801	2.09347e-07
2.7802	2.05069e-07
2.7803	1.99678e-07
2.7804	1.95318e-07
2.7805	1.89387e-07
2.7806	1.79358e-07
2.7807	1.71216e-07
2.7808	1.63918e-07
2.7809	1.54382e-07
2.781	1.45239e-07
2.7811	1.35771e-07
2.7812	1.21155e-07
2.7813	1.11236e-07
2.7814	1.01558e-07
2.7815	9.12828e-08
2.7816	8.01246e-08
2.7817	6.82238e-08
2.7818	5.0956e-08
2.7819	4.03645e-08
2.782	2.96178e-08
2.7821	1.65455e-08
2.7822	2.44473e-09
2.7823	-1.11701e-08
2.7824	-2.60161e-08
2.7825	-4.1754e-08
2.7826	-5.7153e-08
2.7827	-7.45545e-08
2.7828	-8.83971e-08
2.7829	-1.06169e-07
2.783	-1.24446e-07
2.7831	-1.4544e-07
2.7832	-1.57959e-07
2.7833	-1.72012e-07
2.7834	-1.87478e-07
2.7835	-1.94942e-07
2.7836	-2.11234e-07
2.7837	-2.31515e-07
2.7838	-2.48088e-07
2.7839	-2.66171e-07
2.784	-2.81875e-07
2.7841	-3.03128e-07
2.7842	-3.18717e-07
2.7843	-3.34969e-07
2.7844	-3.55768e-07
2.7845	-3.77162e-07
2.7846	-3.93124e-07
2.7847	-4.14687e-07
2.7848	-4.21909e-07
2.7849	-4.44911e-07
2.785	-4.55918e-07
2.7851	-4.74909e-07
2.7852	-4.93868e-07
2.7853	-5.11064e-07
2.7854	-5.27205e-07
2.7855	-5.48856e-07
2.7856	-5.55894e-07
2.7857	-5.73288e-07
2.7858	-5.814e-07
2.7859	-5.98202e-07
2.786	-6.16342e-07
2.7861	-6.26673e-07
2.7862	-6.4805e-07
2.7863	-6.69513e-07
2.7864	-6.91227e-07
2.7865	-7.08725e-07
2.7866	-7.23815e-07
2.7867	-7.38128e-07
2.7868	-7.54323e-07
2.7869	-7.67468e-07
2.787	-7.82151e-07
2.7871	-7.95925e-07
2.7872	-8.16364e-07
2.7873	-8.35114e-07
2.7874	-8.48828e-07
2.7875	-8.65942e-07
2.7876	-8.76936e-07
2.7877	-8.88463e-07
2.7878	-8.99309e-07
2.7879	-9.08127e-07
2.788	-9.15942e-07
2.7881	-9.26276e-07
2.7882	-9.38255e-07
2.7883	-9.51539e-07
2.7884	-9.67349e-07
2.7885	-9.76561e-07
2.7886	-9.8867e-07
2.7887	-9.99928e-07
2.7888	-1.01055e-06
2.7889	-1.02265e-06
2.789	-1.03247e-06
2.7891	-1.04304e-06
2.7892	-1.05376e-06
2.7893	-1.06396e-06
2.7894	-1.06908e-06
2.7895	-1.07822e-06
2.7896	-1.08574e-06
2.7897	-1.09525e-06
2.7898	-1.09856e-06
2.7899	-1.10117e-06
2.79	-1.10551e-06
2.7901	-1.10787e-06
2.7902	-1.114e-06
2.7903	-1.12009e-06
2.7904	-1.12393e-06
2.7905	-1.12887e-06
2.7906	-1.12929e-06
2.7907	-1.13175e-06
2.7908	-1.13511e-06
2.7909	-1.13843e-06
2.791	-1.14007e-06
2.7911	-1.14296e-06
2.7912	-1.14364e-06
2.7913	-1.14357e-06
2.7914	-1.14548e-06
2.7915	-1.14539e-06
2.7916	-1.14705e-06
2.7917	-1.14694e-06
2.7918	-1.14551e-06
2.7919	-1.14746e-06
2.792	-1.14685e-06
2.7921	-1.14536e-06
2.7922	-1.14367e-06
2.7923	-1.14581e-06
2.7924	-1.14102e-06
2.7925	-1.13909e-06
2.7926	-1.1357e-06
2.7927	-1.13162e-06
2.7928	-1.12856e-06
2.7929	-1.12247e-06
2.793	-1.12262e-06
2.7931	-1.11859e-06
2.7932	-1.11529e-06
2.7933	-1.11163e-06
2.7934	-1.10781e-06
2.7935	-1.10409e-06
2.7936	-1.10057e-06
2.7937	-1.09665e-06
2.7938	-1.09114e-06
2.7939	-1.08668e-06
2.794	-1.08509e-06
2.7941	-1.08039e-06
2.7942	-1.07558e-06
2.7943	-1.07107e-06
2.7944	-1.06544e-06
2.7945	-1.06009e-06
2.7946	-1.05579e-06
2.7947	-1.04922e-06
2.7948	-1.043e-06
2.7949	-1.03855e-06
2.795	-1.03228e-06
2.7951	-1.02575e-06
2.7952	-1.0198e-06
2.7953	-1.01337e-06
2.7954	-1.00701e-06
2.7955	-1.0007e-06
2.7956	-9.91421e-07
2.7957	-9.83194e-07
2.7958	-9.76332e-07
2.7959	-9.67909e-07
2.796	-9.5936e-07
2.7961	-9.50732e-07
2.7962	-9.43002e-07
2.7963	-9.35154e-07
2.7964	-9.26985e-07
2.7965	-9.18928e-07
2.7966	-9.10369e-07
2.7967	-9.01678e-07
2.7968	-8.92479e-07
2.7969	-8.8509e-07
2.797	-8.77885e-07
2.7971	-8.71284e-07
2.7972	-8.59614e-07
2.7973	-8.52287e-07
2.7974	-8.43059e-07
2.7975	-8.34524e-07
2.7976	-8.22936e-07
2.7977	-8.13984e-07
2.7978	-8.0429e-07
2.7979	-7.94224e-07
2.798	-7.85306e-07
2.7981	-7.75864e-07
2.7982	-7.6637e-07
2.7983	-7.56144e-07
2.7984	-7.47212e-07
2.7985	-7.37154e-07
2.7986	-7.26738e-07
2.7987	-7.1786e-07
2.7988	-7.10442e-07
2.7989	-7.01681e-07
2.799	-6.9425e-07
2.7991	-6.84394e-07
2.7992	-6.73905e-07
2.7993	-6.63887e-07
2.7994	-6.52343e-07
2.7995	-6.43103e-07
2.7996	-6.32628e-07
2.7997	-6.22482e-07
2.7998	-6.12039e-07
2.7999	-6.00982e-07
2.8	-5.89364e-07
2.8001	-5.79231e-07
2.8002	-5.69167e-07
2.8003	-5.58844e-07
2.8004	-5.4808e-07
2.8005	-5.41252e-07
2.8006	-5.34151e-07
2.8007	-5.23705e-07
2.8008	-5.13229e-07
2.8009	-5.03555e-07
2.801	-4.94409e-07
2.8011	-4.86573e-07
2.8012	-4.77733e-07
2.8013	-4.65375e-07
2.8014	-4.54843e-07
2.8015	-4.42973e-07
2.8016	-4.34446e-07
2.8017	-4.27104e-07
2.8018	-4.16352e-07
2.8019	-4.09066e-07
2.802	-4.01754e-07
2.8021	-3.95049e-07
2.8022	-3.84532e-07
2.8023	-3.7411e-07
2.8024	-3.65588e-07
2.8025	-3.61844e-07
2.8026	-3.58015e-07
2.8027	-3.46552e-07
2.8028	-3.34847e-07
2.8029	-3.2729e-07
2.803	-3.17577e-07
2.8031	-3.09389e-07
2.8032	-3.05288e-07
2.8033	-2.9631e-07
2.8034	-2.90504e-07
2.8035	-2.85831e-07
2.8036	-2.76641e-07
2.8037	-2.72393e-07
2.8038	-2.68787e-07
2.8039	-2.67455e-07
2.804	-2.63743e-07
2.8041	-2.54502e-07
2.8042	-2.52962e-07
2.8043	-2.51783e-07
2.8044	-2.4597e-07
2.8045	-2.42277e-07
2.8046	-2.38321e-07
2.8047	-2.34301e-07
2.8048	-2.31751e-07
2.8049	-2.23072e-07
2.805	-2.23488e-07
2.8051	-2.25042e-07
2.8052	-2.16905e-07
2.8053	-2.18183e-07
2.8054	-2.20705e-07
2.8055	-2.20488e-07
2.8056	-2.20685e-07
2.8057	-2.20959e-07
2.8058	-2.23131e-07
2.8059	-2.1999e-07
2.806	-2.17221e-07
2.8061	-2.18508e-07
2.8062	-2.1907e-07
2.8063	-2.20275e-07
2.8064	-2.223e-07
2.8065	-2.26442e-07
2.8066	-2.26991e-07
2.8067	-2.24539e-07
2.8068	-2.22184e-07
2.8069	-2.24417e-07
2.807	-2.33478e-07
2.8071	-2.36882e-07
2.8072	-2.35955e-07
2.8073	-2.38553e-07
2.8074	-2.43843e-07
2.8075	-2.48524e-07
2.8076	-2.44999e-07
2.8077	-2.42776e-07
2.8078	-2.47805e-07
2.8079	-2.5426e-07
2.808	-2.60542e-07
2.8081	-2.66725e-07
2.8082	-2.69057e-07
2.8083	-2.71296e-07
2.8084	-2.77103e-07
2.8085	-2.81374e-07
2.8086	-2.84228e-07
2.8087	-2.90584e-07
2.8088	-2.92084e-07
2.8089	-3.0366e-07
2.809	-3.06754e-07
2.8091	-3.12278e-07
2.8092	-3.1857e-07
2.8093	-3.24179e-07
2.8094	-3.25825e-07
2.8095	-3.31357e-07
2.8096	-3.38427e-07
2.8097	-3.45061e-07
2.8098	-3.52847e-07
2.8099	-3.60497e-07
2.81	-3.68284e-07
2.8101	-3.77253e-07
2.8102	-3.84632e-07
2.8103	-3.91904e-07
2.8104	-3.96532e-07
2.8105	-4.07659e-07
2.8106	-4.16346e-07
2.8107	-4.25574e-07
2.8108	-4.35239e-07
2.8109	-4.46921e-07
2.811	-4.56865e-07
2.8111	-4.63799e-07
2.8112	-4.70578e-07
2.8113	-4.74973e-07
2.8114	-4.83574e-07
2.8115	-4.86983e-07
2.8116	-5.0013e-07
2.8117	-5.0799e-07
2.8118	-5.16934e-07
2.8119	-5.27364e-07
2.812	-5.37268e-07
2.8121	-5.3854e-07
2.8122	-5.46903e-07
2.8123	-5.55607e-07
2.8124	-5.65455e-07
2.8125	-5.73367e-07
2.8126	-5.80509e-07
2.8127	-5.83272e-07
2.8128	-5.91975e-07
2.8129	-5.97444e-07
2.813	-6.05741e-07
2.8131	-6.14794e-07
2.8132	-6.24036e-07
2.8133	-6.27969e-07
2.8134	-6.4241e-07
2.8135	-6.462e-07
2.8136	-6.51915e-07
2.8137	-6.62834e-07
2.8138	-6.71598e-07
2.8139	-6.77672e-07
2.814	-6.84718e-07
2.8141	-6.87945e-07
2.8142	-6.92171e-07
2.8143	-6.96419e-07
2.8144	-7.01688e-07
2.8145	-7.06931e-07
2.8146	-7.15705e-07
2.8147	-7.21777e-07
2.8148	-7.27232e-07
2.8149	-7.35875e-07
2.815	-7.4162e-07
2.8151	-7.46727e-07
2.8152	-7.54793e-07
2.8153	-7.59635e-07
2.8154	-7.69962e-07
2.8155	-7.76608e-07
2.8156	-7.83853e-07
2.8157	-7.9038e-07
2.8158	-7.9709e-07
2.8159	-8.01346e-07
2.816	-8.05719e-07
2.8161	-8.11875e-07
2.8162	-8.14403e-07
2.8163	-8.19204e-07
2.8164	-8.2455e-07
2.8165	-8.27607e-07
2.8166	-8.31489e-07
2.8167	-8.34644e-07
2.8168	-8.37655e-07
2.8169	-8.40329e-07
2.817	-8.44481e-07
2.8171	-8.47393e-07
2.8172	-8.48433e-07
2.8173	-8.51371e-07
2.8174	-8.56498e-07
2.8175	-8.56989e-07
2.8176	-8.58443e-07
2.8177	-8.59919e-07
2.8178	-8.61212e-07
2.8179	-8.62685e-07
2.818	-8.6242e-07
2.8181	-8.62942e-07
2.8182	-8.64997e-07
2.8183	-8.64495e-07
2.8184	-8.63814e-07
2.8185	-8.63184e-07
2.8186	-8.62168e-07
2.8187	-8.60585e-07
2.8188	-8.58997e-07
2.8189	-8.57555e-07
2.819	-8.5532e-07
2.8191	-8.52822e-07
2.8192	-8.5013e-07
2.8193	-8.48325e-07
2.8194	-8.45073e-07
2.8195	-8.41919e-07
2.8196	-8.3841e-07
2.8197	-8.36425e-07
2.8198	-8.33028e-07
2.8199	-8.27347e-07
2.82	-8.25001e-07
2.8201	-8.20709e-07
2.8202	-8.18058e-07
2.8203	-8.14461e-07
2.8204	-8.11121e-07
2.8205	-8.06766e-07
2.8206	-8.02756e-07
2.8207	-7.97517e-07
2.8208	-7.9246e-07
2.8209	-7.88188e-07
2.821	-7.83795e-07
2.8211	-7.76808e-07
2.8212	-7.73506e-07
2.8213	-7.68306e-07
2.8214	-7.64021e-07
2.8215	-7.59753e-07
2.8216	-7.54591e-07
2.8217	-7.48385e-07
2.8218	-7.425e-07
2.8219	-7.37437e-07
2.822	-7.33013e-07
2.8221	-7.27656e-07
2.8222	-7.21264e-07
2.8223	-7.16012e-07
2.8224	-7.10605e-07
2.8225	-7.05275e-07
2.8226	-6.99531e-07
2.8227	-6.93003e-07
2.8228	-6.89402e-07
2.8229	-6.8453e-07
2.823	-6.78437e-07
2.8231	-6.74861e-07
2.8232	-6.69263e-07
2.8233	-6.65158e-07
2.8234	-6.60574e-07
2.8235	-6.55901e-07
2.8236	-6.52528e-07
2.8237	-6.48325e-07
2.8238	-6.43961e-07
2.8239	-6.3922e-07
2.824	-6.34835e-07
2.8241	-6.30759e-07
2.8242	-6.2528e-07
2.8243	-6.20339e-07
2.8244	-6.15415e-07
2.8245	-6.10165e-07
2.8246	-6.04981e-07
2.8247	-6.01238e-07
2.8248	-5.98023e-07
2.8249	-5.92566e-07
2.825	-5.88641e-07
2.8251	-5.83803e-07
2.8252	-5.79057e-07
2.8253	-5.7394e-07
2.8254	-5.6957e-07
2.8255	-5.64458e-07
2.8256	-5.58227e-07
2.8257	-5.53632e-07
2.8258	-5.49287e-07
2.8259	-5.4621e-07
2.826	-5.40533e-07
2.8261	-5.35313e-07
2.8262	-5.28853e-07
2.8263	-5.24407e-07
2.8264	-5.19005e-07
2.8265	-5.12886e-07
2.8266	-5.08486e-07
2.8267	-5.02954e-07
2.8268	-4.98505e-07
2.8269	-4.92975e-07
2.827	-4.86854e-07
2.8271	-4.82746e-07
2.8272	-4.77523e-07
2.8273	-4.73541e-07
2.8274	-4.67425e-07
2.8275	-4.60602e-07
2.8276	-4.57613e-07
2.8277	-4.51669e-07
2.8278	-4.47261e-07
2.8279	-4.42709e-07
2.828	-4.37114e-07
2.8281	-4.32548e-07
2.8282	-4.26944e-07
2.8283	-4.20832e-07
2.8284	-4.14988e-07
2.8285	-4.08615e-07
2.8286	-4.03154e-07
2.8287	-3.98601e-07
2.8288	-3.92702e-07
2.8289	-3.8728e-07
2.829	-3.82059e-07
2.8291	-3.76147e-07
2.8292	-3.71117e-07
2.8293	-3.65067e-07
2.8294	-3.59241e-07
2.8295	-3.53732e-07
2.8296	-3.47354e-07
2.8297	-3.40855e-07
2.8298	-3.34527e-07
2.8299	-3.2904e-07
2.83	-3.23805e-07
2.8301	-3.17654e-07
2.8302	-3.11707e-07
2.8303	-3.05592e-07
2.8304	-2.99496e-07
2.8305	-2.94393e-07
2.8306	-2.87508e-07
2.8307	-2.80341e-07
2.8308	-2.74966e-07
2.8309	-2.68401e-07
2.831	-2.60718e-07
2.8311	-2.55352e-07
2.8312	-2.50784e-07
2.8313	-2.43928e-07
2.8314	-2.37009e-07
2.8315	-2.29373e-07
2.8316	-2.22624e-07
2.8317	-2.17035e-07
2.8318	-2.10145e-07
2.8319	-2.03253e-07
2.832	-1.96014e-07
2.8321	-1.90909e-07
2.8322	-1.86358e-07
2.8323	-1.81148e-07
2.8324	-1.73184e-07
2.8325	-1.65557e-07
2.8326	-1.5774e-07
2.8327	-1.50735e-07
2.8328	-1.42119e-07
2.8329	-1.35981e-07
2.833	-1.28528e-07
2.8331	-1.21566e-07
2.8332	-1.14025e-07
2.8333	-1.06477e-07
2.8334	-9.86353e-08
2.8335	-9.45372e-08
2.8336	-8.99674e-08
2.8337	-8.16327e-08
2.8338	-7.85762e-08
2.8339	-7.05281e-08
2.834	-6.10177e-08
2.8341	-5.65817e-08
2.8342	-4.91136e-08
2.8343	-4.25243e-08
2.8344	-3.53473e-08
2.8345	-2.73757e-08
2.8346	-1.89295e-08
2.8347	-1.19973e-08
2.8348	-4.31141e-09
2.8349	2.84589e-09
2.835	1.08088e-08
2.8351	1.8269e-08
2.8352	2.49e-08
2.8353	3.26099e-08
2.8354	3.4897e-08
2.8355	4.4421e-08
2.8356	4.68206e-08
2.8357	5.4149e-08
2.8358	5.71364e-08
2.8359	6.6212e-08
2.836	6.28985e-08
2.8361	7.07636e-08
2.8362	8.14244e-08
2.8363	8.72718e-08
2.8364	9.6109e-08
2.8365	1.0555e-07
2.8366	1.11294e-07
2.8367	1.16941e-07
2.8368	1.21771e-07
2.8369	1.27415e-07
2.837	1.26852e-07
2.8371	1.31655e-07
2.8372	1.38954e-07
2.8373	1.43213e-07
2.8374	1.4801e-07
2.8375	1.5303e-07
2.8376	1.57647e-07
2.8377	1.63212e-07
2.8378	1.67167e-07
2.8379	1.76544e-07
2.838	1.86794e-07
2.8381	1.92386e-07
2.8382	1.96283e-07
2.8383	1.94117e-07
2.8384	2.03019e-07
2.8385	2.07307e-07
2.8386	2.10603e-07
2.8387	2.14514e-07
2.8388	2.16834e-07
2.8389	2.2051e-07
2.839	2.29328e-07
2.8391	2.31169e-07
2.8392	2.33412e-07
2.8393	2.35944e-07
2.8394	2.38854e-07
2.8395	2.36109e-07
2.8396	2.42387e-07
2.8397	2.42594e-07
2.8398	2.39794e-07
2.8399	2.3985e-07
2.84	2.45992e-07
2.8401	2.52916e-07
2.8402	2.51701e-07
2.8403	2.50126e-07
2.8404	2.56201e-07
2.8405	2.62282e-07
2.8406	2.61826e-07
2.8407	2.67019e-07
2.8408	2.722e-07
2.8409	2.77176e-07
2.841	2.71921e-07
2.8411	2.72077e-07
2.8412	2.76309e-07
2.8413	2.7444e-07
2.8414	2.80212e-07
2.8415	2.78065e-07
2.8416	2.82579e-07
2.8417	2.85561e-07
2.8418	2.8489e-07
2.8419	2.80671e-07
2.842	2.83104e-07
2.8421	2.84675e-07
2.8422	2.85486e-07
2.8423	2.79654e-07
2.8424	2.81781e-07
2.8425	2.826e-07
2.8426	2.8285e-07
2.8427	2.85093e-07
2.8428	2.80594e-07
2.8429	2.72934e-07
2.843	2.71577e-07
2.8431	2.65321e-07
2.8432	2.58072e-07
2.8433	2.50703e-07
2.8434	2.48903e-07
2.8435	2.42015e-07
2.8436	2.36108e-07
2.8437	2.31868e-07
2.8438	2.27527e-07
2.8439	2.22842e-07
2.844	2.18227e-07
2.8441	2.09199e-07
2.8442	2.02725e-07
2.8443	1.98437e-07
2.8444	1.88913e-07
2.8445	1.82302e-07
2.8446	1.7231e-07
2.8447	1.72877e-07
2.8448	1.65786e-07
2.8449	1.56465e-07
2.845	1.4581e-07
2.8451	1.37153e-07
2.8452	1.24393e-07
2.8453	1.16e-07
2.8454	1.0598e-07
2.8455	9.57915e-08
2.8456	8.449e-08
2.8457	6.66184e-08
2.8458	5.52334e-08
2.8459	4.19612e-08
2.846	3.23516e-08
2.8461	1.95515e-08
2.8462	5.22167e-09
2.8463	-9.97825e-09
2.8464	-2.16825e-08
2.8465	-3.68744e-08
2.8466	-4.48467e-08
2.8467	-6.11731e-08
2.8468	-7.46098e-08
2.8469	-9.21357e-08
2.847	-1.07673e-07
2.8471	-1.23233e-07
2.8472	-1.33496e-07
2.8473	-1.48628e-07
2.8474	-1.6472e-07
2.8475	-1.802e-07
2.8476	-1.978e-07
2.8477	-2.14017e-07
2.8478	-2.30324e-07
2.8479	-2.4987e-07
2.848	-2.65963e-07
2.8481	-2.80355e-07
2.8482	-2.96492e-07
2.8483	-3.17052e-07
2.8484	-3.38433e-07
2.8485	-3.55237e-07
2.8486	-3.6665e-07
2.8487	-3.78125e-07
2.8488	-3.9408e-07
2.8489	-4.05452e-07
2.849	-4.24583e-07
2.8491	-4.4281e-07
2.8492	-4.57196e-07
2.8493	-4.77411e-07
2.8494	-4.84866e-07
2.8495	-5.02882e-07
2.8496	-5.20759e-07
2.8497	-5.28585e-07
2.8498	-5.4516e-07
2.8499	-5.64043e-07
2.85	-5.80051e-07
2.8501	-5.98408e-07
2.8502	-6.20742e-07
2.8503	-6.36992e-07
2.8504	-6.53767e-07
2.8505	-6.69924e-07
2.8506	-6.8576e-07
2.8507	-6.99489e-07
2.8508	-7.20925e-07
2.8509	-7.37137e-07
2.851	-7.56995e-07
2.8511	-7.76802e-07
2.8512	-7.91013e-07
2.8513	-8.08695e-07
2.8514	-8.20872e-07
2.8515	-8.33125e-07
2.8516	-8.44362e-07
2.8517	-8.5445e-07
2.8518	-8.65607e-07
2.8519	-8.82448e-07
2.852	-8.94642e-07
2.8521	-9.10371e-07
2.8522	-9.24984e-07
2.8523	-9.40062e-07
2.8524	-9.54492e-07
2.8525	-9.62269e-07
2.8526	-9.75841e-07
2.8527	-9.88998e-07
2.8528	-1.0011e-06
2.8529	-1.01237e-06
2.853	-1.02374e-06
2.8531	-1.0335e-06
2.8532	-1.04349e-06
2.8533	-1.05251e-06
2.8534	-1.0637e-06
2.8535	-1.07237e-06
2.8536	-1.08199e-06
2.8537	-1.08861e-06
2.8538	-1.0934e-06
2.8539	-1.10075e-06
2.854	-1.10806e-06
2.8541	-1.12004e-06
2.8542	-1.12482e-06
2.8543	-1.12968e-06
2.8544	-1.13486e-06
2.8545	-1.13395e-06
2.8546	-1.13693e-06
2.8547	-1.14069e-06
2.8548	-1.14397e-06
2.8549	-1.1477e-06
2.855	-1.15006e-06
2.8551	-1.15125e-06
2.8552	-1.15279e-06
2.8553	-1.15399e-06
2.8554	-1.15475e-06
2.8555	-1.15582e-06
2.8556	-1.15624e-06
2.8557	-1.15479e-06
2.8558	-1.15525e-06
2.8559	-1.15421e-06
2.856	-1.15335e-06
2.8561	-1.15224e-06
2.8562	-1.15087e-06
2.8563	-1.14914e-06
2.8564	-1.146e-06
2.8565	-1.14259e-06
2.8566	-1.13933e-06
2.8567	-1.13679e-06
2.8568	-1.13317e-06
2.8569	-1.13041e-06
2.857	-1.12674e-06
2.8571	-1.12383e-06
2.8572	-1.12045e-06
2.8573	-1.11675e-06
2.8574	-1.11251e-06
2.8575	-1.11007e-06
2.8576	-1.10313e-06
2.8577	-1.10051e-06
2.8578	-1.09553e-06
2.8579	-1.0911e-06
2.858	-1.08609e-06
2.8581	-1.08223e-06
2.8582	-1.07699e-06
2.8583	-1.07202e-06
2.8584	-1.06723e-06
2.8585	-1.06145e-06
2.8586	-1.05582e-06
2.8587	-1.05279e-06
2.8588	-1.04834e-06
2.8589	-1.04175e-06
2.859	-1.0359e-06
2.8591	-1.02896e-06
2.8592	-1.02228e-06
2.8593	-1.01634e-06
2.8594	-1.01085e-06
2.8595	-1.00088e-06
2.8596	-9.96694e-07
2.8597	-9.88718e-07
2.8598	-9.81237e-07
2.8599	-9.73976e-07
2.86	-9.66458e-07
2.8601	-9.59015e-07
2.8602	-9.50457e-07
2.8603	-9.41878e-07
2.8604	-9.32634e-07
2.8605	-9.24207e-07
2.8606	-9.14842e-07
2.8607	-9.064e-07
2.8608	-8.99801e-07
2.8609	-8.94077e-07
2.861	-8.89236e-07
2.8611	-8.75765e-07
2.8612	-8.66469e-07
2.8613	-8.58163e-07
2.8614	-8.4931e-07
2.8615	-8.39235e-07
2.8616	-8.32261e-07
2.8617	-8.22201e-07
2.8618	-8.13382e-07
2.8619	-8.03943e-07
2.862	-7.9456e-07
2.8621	-7.86428e-07
2.8622	-7.76591e-07
2.8623	-7.66744e-07
2.8624	-7.5533e-07
2.8625	-7.43458e-07
2.8626	-7.35804e-07
2.8627	-7.27093e-07
2.8628	-7.18886e-07
2.8629	-7.12419e-07
2.863	-7.02188e-07
2.8631	-6.93e-07
2.8632	-6.83433e-07
2.8633	-6.70677e-07
2.8634	-6.60194e-07
2.8635	-6.50664e-07
2.8636	-6.39854e-07
2.8637	-6.29918e-07
2.8638	-6.20975e-07
2.8639	-6.11544e-07
2.864	-6.02482e-07
2.8641	-5.92921e-07
2.8642	-5.83598e-07
2.8643	-5.72349e-07
2.8644	-5.62721e-07
2.8645	-5.57322e-07
2.8646	-5.46959e-07
2.8647	-5.38081e-07
2.8648	-5.27778e-07
2.8649	-5.17452e-07
2.865	-5.08883e-07
2.8651	-4.99293e-07
2.8652	-4.8958e-07
2.8653	-4.79284e-07
2.8654	-4.67304e-07
2.8655	-4.58793e-07
2.8656	-4.48129e-07
2.8657	-4.36495e-07
2.8658	-4.25609e-07
2.8659	-4.15989e-07
2.866	-4.06331e-07
2.8661	-3.93631e-07
2.8662	-3.86673e-07
2.8663	-3.78136e-07
2.8664	-3.72671e-07
2.8665	-3.62724e-07
2.8666	-3.56753e-07
2.8667	-3.49096e-07
2.8668	-3.42477e-07
2.8669	-3.36721e-07
2.867	-3.32976e-07
2.8671	-3.28831e-07
2.8672	-3.18877e-07
2.8673	-3.13898e-07
2.8674	-3.04574e-07
2.8675	-3.01326e-07
2.8676	-2.96933e-07
2.8677	-2.86503e-07
2.8678	-2.8475e-07
2.8679	-2.75781e-07
2.868	-2.6561e-07
2.8681	-2.60645e-07
2.8682	-2.59938e-07
2.8683	-2.54145e-07
2.8684	-2.43302e-07
2.8685	-2.40489e-07
2.8686	-2.37484e-07
2.8687	-2.35106e-07
2.8688	-2.32739e-07
2.8689	-2.30601e-07
2.869	-2.25599e-07
2.8691	-2.23367e-07
2.8692	-2.23554e-07
2.8693	-2.28652e-07
2.8694	-2.28376e-07
2.8695	-2.27985e-07
2.8696	-2.30017e-07
2.8697	-2.30359e-07
2.8698	-2.23224e-07
2.8699	-2.17745e-07
2.87	-2.18168e-07
2.8701	-2.18116e-07
2.8702	-2.13736e-07
2.8703	-2.15058e-07
2.8704	-2.1895e-07
2.8705	-2.2056e-07
2.8706	-2.23267e-07
2.8707	-2.25917e-07
2.8708	-2.30425e-07
2.8709	-2.38168e-07
2.871	-2.35272e-07
2.8711	-2.39837e-07
2.8712	-2.4429e-07
2.8713	-2.4763e-07
2.8714	-2.53203e-07
2.8715	-2.49163e-07
2.8716	-2.50156e-07
2.8717	-2.54844e-07
2.8718	-2.58521e-07
2.8719	-2.64697e-07
2.872	-2.66346e-07
2.8721	-2.69788e-07
2.8722	-2.74896e-07
2.8723	-2.79057e-07
2.8724	-2.83195e-07
2.8725	-2.89341e-07
2.8726	-2.956e-07
2.8727	-2.98575e-07
2.8728	-3.03802e-07
2.8729	-3.09142e-07
2.873	-3.16436e-07
2.8731	-3.23705e-07
2.8732	-3.29769e-07
2.8733	-3.30481e-07
2.8734	-3.35377e-07
2.8735	-3.42567e-07
2.8736	-3.50722e-07
2.8737	-3.57781e-07
2.8738	-3.65241e-07
2.8739	-3.73892e-07
2.874	-3.78599e-07
2.8741	-3.83076e-07
2.8742	-3.92425e-07
2.8743	-3.99595e-07
2.8744	-4.04132e-07
2.8745	-4.12656e-07
2.8746	-4.17022e-07
2.8747	-4.24961e-07
2.8748	-4.3698e-07
2.8749	-4.42885e-07
2.875	-4.49246e-07
2.8751	-4.55835e-07
2.8752	-4.64397e-07
2.8753	-4.77289e-07
2.8754	-4.85129e-07
2.8755	-4.87684e-07
2.8756	-4.99066e-07
2.8757	-5.02464e-07
2.8758	-5.13659e-07
2.8759	-5.22567e-07
2.876	-5.26105e-07
2.8761	-5.34597e-07
2.8762	-5.43093e-07
2.8763	-5.52821e-07
2.8764	-5.57747e-07
2.8765	-5.6021e-07
2.8766	-5.6768e-07
2.8767	-5.71638e-07
2.8768	-5.81091e-07
2.8769	-5.89176e-07
2.877	-5.93249e-07
2.8771	-5.96831e-07
2.8772	-6.01731e-07
2.8773	-6.06611e-07
2.8774	-6.12227e-07
2.8775	-6.20076e-07
2.8776	-6.24581e-07
2.8777	-6.30797e-07
2.8778	-6.35283e-07
2.8779	-6.39821e-07
2.878	-6.4535e-07
2.8781	-6.53529e-07
2.8782	-6.59865e-07
2.8783	-6.64153e-07
2.8784	-6.76993e-07
2.8785	-6.86007e-07
2.8786	-6.94222e-07
2.8787	-6.99375e-07
2.8788	-7.04817e-07
2.8789	-7.11545e-07
2.879	-7.20071e-07
2.8791	-7.26781e-07
2.8792	-7.29979e-07
2.8793	-7.37774e-07
2.8794	-7.45392e-07
2.8795	-7.5043e-07
2.8796	-7.5692e-07
2.8797	-7.63296e-07
2.8798	-7.67429e-07
2.8799	-7.728e-07
2.88	-7.7528e-07
2.8801	-7.79694e-07
2.8802	-7.86677e-07
2.8803	-7.92362e-07
2.8804	-7.95146e-07
2.8805	-7.99752e-07
2.8806	-8.03532e-07
2.8807	-8.06377e-07
2.8808	-8.09704e-07
2.8809	-8.13989e-07
2.881	-8.15271e-07
2.8811	-8.18162e-07
2.8812	-8.1974e-07
2.8813	-8.20642e-07
2.8814	-8.2181e-07
2.8815	-8.24707e-07
2.8816	-8.25804e-07
2.8817	-8.27026e-07
2.8818	-8.2917e-07
2.8819	-8.29537e-07
2.882	-8.30294e-07
2.8821	-8.28001e-07
2.8822	-8.27773e-07
2.8823	-8.28656e-07
2.8824	-8.27282e-07
2.8825	-8.26624e-07
2.8826	-8.25141e-07
2.8827	-8.23743e-07
2.8828	-8.23375e-07
2.8829	-8.21661e-07
2.883	-8.19126e-07
2.8831	-8.17161e-07
2.8832	-8.15789e-07
2.8833	-8.13202e-07
2.8834	-8.09116e-07
2.8835	-8.05446e-07
2.8836	-8.04106e-07
2.8837	-7.99412e-07
2.8838	-7.9443e-07
2.8839	-7.90368e-07
2.884	-7.87079e-07
2.8841	-7.8374e-07
2.8842	-7.79755e-07
2.8843	-7.76173e-07
2.8844	-7.72567e-07
2.8845	-7.68339e-07
2.8846	-7.6385e-07
2.8847	-7.58789e-07
2.8848	-7.55144e-07
2.8849	-7.51135e-07
2.885	-7.45475e-07
2.8851	-7.41799e-07
2.8852	-7.38612e-07
2.8853	-7.33965e-07
2.8854	-7.29018e-07
2.8855	-7.23708e-07
2.8856	-7.18217e-07
2.8857	-7.12966e-07
2.8858	-7.08717e-07
2.8859	-7.01758e-07
2.886	-6.95931e-07
2.8861	-6.90542e-07
2.8862	-6.85312e-07
2.8863	-6.80728e-07
2.8864	-6.74628e-07
2.8865	-6.69563e-07
2.8866	-6.64472e-07
2.8867	-6.59503e-07
2.8868	-6.53302e-07
2.8869	-6.49797e-07
2.887	-6.46519e-07
2.8871	-6.42264e-07
2.8872	-6.37325e-07
2.8873	-6.3182e-07
2.8874	-6.26746e-07
2.8875	-6.21754e-07
2.8876	-6.1775e-07
2.8877	-6.12909e-07
2.8878	-6.05558e-07
2.8879	-6.01964e-07
2.888	-5.95922e-07
2.8881	-5.89931e-07
2.8882	-5.84814e-07
2.8883	-5.80957e-07
2.8884	-5.76052e-07
2.8885	-5.7144e-07
2.8886	-5.66307e-07
2.8887	-5.59495e-07
2.8888	-5.5544e-07
2.8889	-5.51369e-07
2.889	-5.46358e-07
2.8891	-5.40454e-07
2.8892	-5.34584e-07
2.8893	-5.30017e-07
2.8894	-5.24644e-07
2.8895	-5.16884e-07
2.8896	-5.12155e-07
2.8897	-5.08475e-07
2.8898	-5.02509e-07
2.8899	-4.96174e-07
2.89	-4.91794e-07
2.8901	-4.86117e-07
2.8902	-4.80276e-07
2.8903	-4.73854e-07
2.8904	-4.69261e-07
2.8905	-4.64718e-07
2.8906	-4.59245e-07
2.8907	-4.54474e-07
2.8908	-4.48163e-07
2.8909	-4.44349e-07
2.891	-4.38823e-07
2.8911	-4.34326e-07
2.8912	-4.29425e-07
2.8913	-4.218e-07
2.8914	-4.16519e-07
2.8915	-4.12711e-07
2.8916	-4.06798e-07
2.8917	-4.01751e-07
2.8918	-3.95904e-07
2.8919	-3.9011e-07
2.892	-3.83862e-07
2.8921	-3.78222e-07
2.8922	-3.74087e-07
2.8923	-3.67713e-07
2.8924	-3.61503e-07
2.8925	-3.56876e-07
2.8926	-3.50931e-07
2.8927	-3.45189e-07
2.8928	-3.3942e-07
2.8929	-3.34421e-07
2.893	-3.29238e-07
2.8931	-3.24308e-07
2.8932	-3.18393e-07
2.8933	-3.12306e-07
2.8934	-3.06247e-07
2.8935	-2.99588e-07
2.8936	-2.93462e-07
2.8937	-2.86529e-07
2.8938	-2.81696e-07
2.8939	-2.74778e-07
2.894	-2.68478e-07
2.8941	-2.63002e-07
2.8942	-2.57834e-07
2.8943	-2.50845e-07
2.8944	-2.43583e-07
2.8945	-2.38174e-07
2.8946	-2.32199e-07
2.8947	-2.25961e-07
2.8948	-2.19156e-07
2.8949	-2.12245e-07
2.895	-2.05389e-07
2.8951	-1.99293e-07
2.8952	-1.92282e-07
2.8953	-1.85833e-07
2.8954	-1.77639e-07
2.8955	-1.70173e-07
2.8956	-1.63609e-07
2.8957	-1.56375e-07
2.8958	-1.49523e-07
2.8959	-1.4231e-07
2.896	-1.34891e-07
2.8961	-1.281e-07
2.8962	-1.20557e-07
2.8963	-1.13513e-07
2.8964	-1.06358e-07
2.8965	-9.82843e-08
2.8966	-8.93148e-08
2.8967	-8.375e-08
2.8968	-7.66829e-08
2.8969	-6.95472e-08
2.897	-6.29981e-08
2.8971	-5.46461e-08
2.8972	-5.00812e-08
2.8973	-4.27168e-08
2.8974	-3.43689e-08
2.8975	-2.69767e-08
2.8976	-1.84865e-08
2.8977	-1.47591e-08
2.8978	-1.09654e-08
2.8979	-1.78502e-09
2.898	6.84169e-09
2.8981	1.47181e-08
2.8982	2.23383e-08
2.8983	3.02025e-08
2.8984	3.67331e-08
2.8985	4.39174e-08
2.8986	5.29099e-08
2.8987	5.61029e-08
2.8988	5.89226e-08
2.8989	6.63153e-08
2.899	7.31831e-08
2.8991	8.08969e-08
2.8992	8.35596e-08
2.8993	8.58208e-08
2.8994	9.33467e-08
2.8995	1.00144e-07
2.8996	1.0622e-07
2.8997	1.08838e-07
2.8998	1.19059e-07
2.8999	1.28603e-07
2.9	1.35689e-07
2.9001	1.38037e-07
2.9002	1.41639e-07
2.9003	1.51683e-07
2.9004	1.57036e-07
2.9005	1.5762e-07
2.9006	1.63026e-07
2.9007	1.62604e-07
2.9008	1.72182e-07
2.9009	1.70427e-07
2.901	1.75251e-07
2.9011	1.81832e-07
2.9012	1.85064e-07
2.9013	1.83319e-07
2.9014	1.92815e-07
2.9015	1.93277e-07
2.9016	1.98401e-07
2.9017	2.02079e-07
2.9018	2.07011e-07
2.9019	2.16356e-07
2.902	2.18074e-07
2.9021	2.21477e-07
2.9022	2.25508e-07
2.9023	2.29384e-07
2.9024	2.26439e-07
2.9025	2.24145e-07
2.9026	2.32592e-07
2.9027	2.41866e-07
2.9028	2.50234e-07
2.9029	2.52319e-07
2.903	2.5527e-07
2.9031	2.57874e-07
2.9032	2.60349e-07
2.9033	2.67675e-07
2.9034	2.69967e-07
2.9035	2.67608e-07
2.9036	2.67157e-07
2.9037	2.74853e-07
2.9038	2.73546e-07
2.9039	2.80422e-07
2.904	2.80223e-07
2.9041	2.75064e-07
2.9042	2.69709e-07
2.9043	2.7044e-07
2.9044	2.65173e-07
2.9045	2.70312e-07
2.9046	2.68255e-07
2.9047	2.7368e-07
2.9048	2.70239e-07
2.9049	2.6532e-07
2.905	2.64127e-07
2.9051	2.67685e-07
2.9052	2.65363e-07
2.9053	2.69276e-07
2.9054	2.64286e-07
2.9055	2.61458e-07
2.9056	2.55517e-07
2.9057	2.50859e-07
2.9058	2.52328e-07
2.9059	2.55519e-07
2.906	2.50354e-07
2.9061	2.50787e-07
2.9062	2.43319e-07
2.9063	2.45379e-07
2.9064	2.42876e-07
2.9065	2.43833e-07
2.9066	2.38523e-07
2.9067	2.33165e-07
2.9068	2.27635e-07
2.9069	2.21866e-07
2.907	2.14328e-07
2.9071	2.06899e-07
2.9072	1.98964e-07
2.9073	1.97723e-07
2.9074	1.90219e-07
2.9075	1.79367e-07
2.9076	1.74964e-07
2.9077	1.67158e-07
2.9078	1.56675e-07
2.9079	1.46811e-07
2.908	1.4301e-07
2.9081	1.40052e-07
2.9082	1.29133e-07
2.9083	1.19467e-07
2.9084	1.13234e-07
2.9085	1.05356e-07
2.9086	9.71172e-08
2.9087	8.78857e-08
2.9088	7.67648e-08
2.9089	6.71167e-08
2.909	5.50576e-08
2.9091	4.69654e-08
2.9092	3.68253e-08
2.9093	2.60019e-08
2.9094	1.61119e-08
2.9095	-1.61412e-09
2.9096	-1.58317e-08
2.9097	-2.68483e-08
2.9098	-3.68579e-08
2.9099	-5.13771e-08
2.91	-6.61303e-08
2.9101	-8.01719e-08
2.9102	-9.56735e-08
2.9103	-1.08545e-07
2.9104	-1.25405e-07
2.9105	-1.42425e-07
2.9106	-1.56641e-07
2.9107	-1.74508e-07
2.9108	-1.89754e-07
2.9109	-2.09811e-07
2.911	-2.21664e-07
2.9111	-2.35079e-07
2.9112	-2.5165e-07
2.9113	-2.62257e-07
2.9114	-2.75313e-07
2.9115	-2.91483e-07
2.9116	-3.11897e-07
2.9117	-3.27447e-07
2.9118	-3.36712e-07
2.9119	-3.52137e-07
2.912	-3.71999e-07
2.9121	-3.93008e-07
2.9122	-4.14222e-07
2.9123	-4.35066e-07
2.9124	-4.57262e-07
2.9125	-4.79796e-07
2.9126	-4.91752e-07
2.9127	-5.15962e-07
2.9128	-5.32661e-07
2.9129	-5.52857e-07
2.913	-5.69686e-07
2.9131	-5.90215e-07
2.9132	-6.12898e-07
2.9133	-6.24662e-07
2.9134	-6.3432e-07
2.9135	-6.50461e-07
2.9136	-6.67514e-07
2.9137	-6.84383e-07
2.9138	-6.99976e-07
2.9139	-7.16066e-07
2.914	-7.32561e-07
2.9141	-7.43649e-07
2.9142	-7.59659e-07
2.9143	-7.74131e-07
2.9144	-7.87907e-07
2.9145	-8.02689e-07
2.9146	-8.18172e-07
2.9147	-8.29976e-07
2.9148	-8.49803e-07
2.9149	-8.61118e-07
2.915	-8.75542e-07
2.9151	-8.90313e-07
2.9152	-9.07935e-07
2.9153	-9.19193e-07
2.9154	-9.31915e-07
2.9155	-9.43474e-07
2.9156	-9.50595e-07
2.9157	-9.66856e-07
2.9158	-9.76159e-07
2.9159	-9.92275e-07
2.916	-1.00031e-06
2.9161	-1.01555e-06
2.9162	-1.02944e-06
2.9163	-1.03808e-06
2.9164	-1.05202e-06
2.9165	-1.06532e-06
2.9166	-1.07306e-06
2.9167	-1.08452e-06
2.9168	-1.08971e-06
2.9169	-1.10078e-06
2.917	-1.10996e-06
2.9171	-1.11734e-06
2.9172	-1.12391e-06
2.9173	-1.12944e-06
2.9174	-1.1381e-06
2.9175	-1.14711e-06
2.9176	-1.155e-06
2.9177	-1.16277e-06
2.9178	-1.16643e-06
2.9179	-1.17275e-06
2.918	-1.17355e-06
2.9181	-1.17998e-06
2.9182	-1.18474e-06
2.9183	-1.18918e-06
2.9184	-1.1922e-06
2.9185	-1.19583e-06
2.9186	-1.19808e-06
2.9187	-1.20137e-06
2.9188	-1.20444e-06
2.9189	-1.20474e-06
2.919	-1.20647e-06
2.9191	-1.20773e-06
2.9192	-1.208e-06
2.9193	-1.20857e-06
2.9194	-1.20891e-06
2.9195	-1.2062e-06
2.9196	-1.20589e-06
2.9197	-1.20533e-06
2.9198	-1.20032e-06
2.9199	-1.20041e-06
2.92	-1.19992e-06
2.9201	-1.19816e-06
2.9202	-1.19524e-06
2.9203	-1.19232e-06
2.9204	-1.18904e-06
2.9205	-1.18503e-06
2.9206	-1.18164e-06
2.9207	-1.17791e-06
2.9208	-1.17417e-06
2.9209	-1.1716e-06
2.921	-1.16705e-06
2.9211	-1.16277e-06
2.9212	-1.15885e-06
2.9213	-1.1554e-06
2.9214	-1.15147e-06
2.9215	-1.14502e-06
2.9216	-1.14059e-06
2.9217	-1.13616e-06
2.9218	-1.13111e-06
2.9219	-1.12633e-06
2.922	-1.12151e-06
2.9221	-1.11619e-06
2.9222	-1.11108e-06
2.9223	-1.10622e-06
2.9224	-1.10003e-06
2.9225	-1.09335e-06
2.9226	-1.08615e-06
2.9227	-1.07967e-06
2.9228	-1.07395e-06
2.9229	-1.06775e-06
2.923	-1.06072e-06
2.9231	-1.05542e-06
2.9232	-1.0497e-06
2.9233	-1.04046e-06
2.9234	-1.03233e-06
2.9235	-1.02445e-06
2.9236	-1.01693e-06
2.9237	-1.01142e-06
2.9238	-1.00376e-06
2.9239	-9.96006e-07
2.924	-9.88292e-07
2.9241	-9.81131e-07
2.9242	-9.73669e-07
2.9243	-9.6393e-07
2.9244	-9.55195e-07
2.9245	-9.47305e-07
2.9246	-9.39327e-07
2.9247	-9.31887e-07
2.9248	-9.25347e-07
2.9249	-9.16053e-07
2.925	-9.04844e-07
2.9251	-8.96526e-07
2.9252	-8.89114e-07
2.9253	-8.77795e-07
2.9254	-8.69089e-07
2.9255	-8.58785e-07
2.9256	-8.49173e-07
2.9257	-8.42399e-07
2.9258	-8.3314e-07
2.9259	-8.23604e-07
2.926	-8.14477e-07
2.9261	-8.0556e-07
2.9262	-7.95629e-07
2.9263	-7.84278e-07
2.9264	-7.76006e-07
2.9265	-7.72437e-07
2.9266	-7.63278e-07
2.9267	-7.56522e-07
2.9268	-7.4653e-07
2.9269	-7.34012e-07
2.927	-7.26327e-07
2.9271	-7.17414e-07
2.9272	-7.07434e-07
2.9273	-6.96066e-07
2.9274	-6.85645e-07
2.9275	-6.74616e-07
2.9276	-6.63717e-07
2.9277	-6.54943e-07
2.9278	-6.46162e-07
2.9279	-6.36978e-07
2.928	-6.27914e-07
2.9281	-6.17852e-07
2.9282	-6.09716e-07
2.9283	-6.04239e-07
2.9284	-5.93867e-07
2.9285	-5.85079e-07
2.9286	-5.77851e-07
2.9287	-5.71114e-07
2.9288	-5.61571e-07
2.9289	-5.4962e-07
2.929	-5.38828e-07
2.9291	-5.32976e-07
2.9292	-5.21363e-07
2.9293	-5.1069e-07
2.9294	-5.00088e-07
2.9295	-4.93841e-07
2.9296	-4.83409e-07
2.9297	-4.77454e-07
2.9298	-4.70627e-07
2.9299	-4.60045e-07
2.93	-4.55358e-07
2.9301	-4.4688e-07
2.9302	-4.41953e-07
2.9303	-4.3183e-07
2.9304	-4.25415e-07
2.9305	-4.17059e-07
2.9306	-4.1052e-07
2.9307	-4.06705e-07
2.9308	-3.97033e-07
2.9309	-3.88119e-07
2.931	-3.78635e-07
2.9311	-3.72643e-07
2.9312	-3.6458e-07
2.9313	-3.54874e-07
2.9314	-3.4939e-07
2.9315	-3.47551e-07
2.9316	-3.38061e-07
2.9317	-3.28885e-07
2.9318	-3.18103e-07
2.9319	-3.14296e-07
2.932	-3.12166e-07
2.9321	-3.01431e-07
2.9322	-2.98089e-07
2.9323	-2.95811e-07
2.9324	-2.94374e-07
2.9325	-2.91544e-07
2.9326	-2.89569e-07
2.9327	-2.86884e-07
2.9328	-2.87198e-07
2.9329	-2.86036e-07
2.933	-2.86423e-07
2.9331	-2.86874e-07
2.9332	-2.86887e-07
2.9333	-2.82561e-07
2.9334	-2.82856e-07
2.9335	-2.7841e-07
2.9336	-2.70483e-07
2.9337	-2.68098e-07
2.9338	-2.69546e-07
2.9339	-2.69267e-07
2.934	-2.65696e-07
2.9341	-2.6736e-07
2.9342	-2.63037e-07
2.9343	-2.65009e-07
2.9344	-2.69427e-07
2.9345	-2.72294e-07
2.9346	-2.74114e-07
2.9347	-2.83938e-07
2.9348	-2.81753e-07
2.9349	-2.79737e-07
2.935	-2.84108e-07
2.9351	-2.89421e-07
2.9352	-2.94153e-07
2.9353	-2.9431e-07
2.9354	-2.91641e-07
2.9355	-2.97951e-07
2.9356	-3.032e-07
2.9357	-3.10425e-07
2.9358	-3.10514e-07
2.9359	-3.1308e-07
2.936	-3.18402e-07
2.9361	-3.21559e-07
2.9362	-3.254e-07
2.9363	-3.30488e-07
2.9364	-3.33267e-07
2.9365	-3.40031e-07
2.9366	-3.45912e-07
2.9367	-3.53016e-07
2.9368	-3.57397e-07
2.9369	-3.653e-07
2.937	-3.74136e-07
2.9371	-3.77929e-07
2.9372	-3.82142e-07
2.9373	-3.8942e-07
2.9374	-3.92913e-07
2.9375	-3.9938e-07
2.9376	-4.07368e-07
2.9377	-4.15075e-07
2.9378	-4.23528e-07
2.9379	-4.30765e-07
2.938	-4.34677e-07
2.9381	-4.45989e-07
2.9382	-4.54593e-07
2.9383	-4.63428e-07
2.9384	-4.73786e-07
2.9385	-4.82784e-07
2.9386	-4.94178e-07
2.9387	-5.04668e-07
2.9388	-5.13089e-07
2.9389	-5.22241e-07
2.939	-5.30429e-07
2.9391	-5.43155e-07
2.9392	-5.55073e-07
2.9393	-5.66956e-07
2.9394	-5.78085e-07
2.9395	-5.91406e-07
2.9396	-5.96367e-07
2.9397	-6.05126e-07
2.9398	-6.08809e-07
2.9399	-6.12848e-07
2.94	-6.21676e-07
2.9401	-6.25968e-07
2.9402	-6.34061e-07
2.9403	-6.38426e-07
2.9404	-6.42053e-07
2.9405	-6.45665e-07
2.9406	-6.53724e-07
2.9407	-6.6201e-07
2.9408	-6.70296e-07
2.9409	-6.75004e-07
2.941	-6.79764e-07
2.9411	-6.8436e-07
2.9412	-6.98523e-07
2.9413	-7.0822e-07
2.9414	-7.13563e-07
2.9415	-7.1888e-07
2.9416	-7.28076e-07
2.9417	-7.40952e-07
2.9418	-7.4591e-07
2.9419	-7.51124e-07
2.942	-7.59363e-07
2.9421	-7.67021e-07
2.9422	-7.75854e-07
2.9423	-7.82516e-07
2.9424	-7.90772e-07
2.9425	-7.99225e-07
2.9426	-8.03703e-07
2.9427	-8.09628e-07
2.9428	-8.1753e-07
2.9429	-8.23558e-07
2.943	-8.28441e-07
2.9431	-8.37819e-07
2.9432	-8.45517e-07
2.9433	-8.50587e-07
2.9434	-8.56658e-07
2.9435	-8.60136e-07
2.9436	-8.65007e-07
2.9437	-8.69757e-07
2.9438	-8.75077e-07
2.9439	-8.78862e-07
2.944	-8.83577e-07
2.9441	-8.87434e-07
2.9442	-8.92809e-07
2.9443	-8.96094e-07
2.9444	-8.99514e-07
2.9445	-9.03007e-07
2.9446	-9.05362e-07
2.9447	-9.08896e-07
2.9448	-9.11089e-07
2.9449	-9.12369e-07
2.945	-9.1482e-07
2.9451	-9.16667e-07
2.9452	-9.17209e-07
2.9453	-9.19627e-07
2.9454	-9.20722e-07
2.9455	-9.22013e-07
2.9456	-9.21855e-07
2.9457	-9.22566e-07
2.9458	-9.23069e-07
2.9459	-9.22432e-07
2.946	-9.21849e-07
2.9461	-9.21252e-07
2.9462	-9.22084e-07
2.9463	-9.22061e-07
2.9464	-9.20547e-07
2.9465	-9.20021e-07
2.9466	-9.19983e-07
2.9467	-9.17347e-07
2.9468	-9.15823e-07
2.9469	-9.13334e-07
2.947	-9.11193e-07
2.9471	-9.09091e-07
2.9472	-9.06351e-07
2.9473	-9.02461e-07
2.9474	-8.9857e-07
2.9475	-8.96504e-07
2.9476	-8.92381e-07
2.9477	-8.8739e-07
2.9478	-8.8319e-07
2.9479	-8.79948e-07
2.948	-8.76386e-07
2.9481	-8.73979e-07
2.9482	-8.6978e-07
2.9483	-8.64913e-07
2.9484	-8.61026e-07
2.9485	-8.57237e-07
2.9486	-8.52518e-07
2.9487	-8.47766e-07
2.9488	-8.43436e-07
2.9489	-8.38359e-07
2.949	-8.34785e-07
2.9491	-8.31331e-07
2.9492	-8.28411e-07
2.9493	-8.22939e-07
2.9494	-8.16879e-07
2.9495	-8.11688e-07
2.9496	-8.0795e-07
2.9497	-8.03789e-07
2.9498	-7.9605e-07
2.9499	-7.90838e-07
2.95	-7.84905e-07
2.9501	-7.80754e-07
2.9502	-7.75491e-07
2.9503	-7.70272e-07
2.9504	-7.65691e-07
2.9505	-7.59753e-07
2.9506	-7.5424e-07
2.9507	-7.47707e-07
2.9508	-7.44094e-07
2.9509	-7.39211e-07
2.951	-7.32502e-07
2.9511	-7.29216e-07
2.9512	-7.2448e-07
2.9513	-7.18731e-07
2.9514	-7.1297e-07
2.9515	-7.07479e-07
2.9516	-7.01991e-07
2.9517	-6.96853e-07
2.9518	-6.91101e-07
2.9519	-6.86803e-07
2.952	-6.81543e-07
2.9521	-6.75768e-07
2.9522	-6.70304e-07
2.9523	-6.65673e-07
2.9524	-6.58919e-07
2.9525	-6.53895e-07
2.9526	-6.50004e-07
2.9527	-6.46229e-07
2.9528	-6.40997e-07
2.9529	-6.35764e-07
2.953	-6.30147e-07
2.9531	-6.24837e-07
2.9532	-6.20351e-07
2.9533	-6.15137e-07
2.9534	-6.07791e-07
2.9535	-6.04149e-07
2.9536	-6.00478e-07
2.9537	-5.94743e-07
2.9538	-5.88927e-07
2.9539	-5.83686e-07
2.954	-5.77914e-07
2.9541	-5.72418e-07
2.9542	-5.66344e-07
2.9543	-5.61855e-07
2.9544	-5.54049e-07
2.9545	-5.50229e-07
2.9546	-5.4521e-07
2.9547	-5.40371e-07
2.9548	-5.34695e-07
2.9549	-5.29992e-07
2.955	-5.25072e-07
2.9551	-5.20667e-07
2.9552	-5.13473e-07
2.9553	-5.11005e-07
2.9554	-5.06332e-07
2.9555	-5.02326e-07
2.9556	-4.97426e-07
2.9557	-4.91756e-07
2.9558	-4.86182e-07
2.9559	-4.80392e-07
2.956	-4.74627e-07
2.9561	-4.68988e-07
2.9562	-4.63134e-07
2.9563	-4.58952e-07
2.9564	-4.52286e-07
2.9565	-4.48367e-07
2.9566	-4.42862e-07
2.9567	-4.37443e-07
2.9568	-4.31861e-07
2.9569	-4.2602e-07
2.957	-4.21547e-07
2.9571	-4.1626e-07
2.9572	-4.10371e-07
2.9573	-4.04614e-07
2.9574	-3.97379e-07
2.9575	-3.91821e-07
2.9576	-3.86513e-07
2.9577	-3.82032e-07
2.9578	-3.76236e-07
2.9579	-3.69741e-07
2.958	-3.63766e-07
2.9581	-3.56995e-07
2.9582	-3.5114e-07
2.9583	-3.42485e-07
2.9584	-3.38004e-07
2.9585	-3.31807e-07
2.9586	-3.25107e-07
2.9587	-3.18937e-07
2.9588	-3.12118e-07
2.9589	-3.05674e-07
2.959	-2.99651e-07
2.9591	-2.94354e-07
2.9592	-2.87828e-07
2.9593	-2.80942e-07
2.9594	-2.7292e-07
2.9595	-2.65275e-07
2.9596	-2.58772e-07
2.9597	-2.51209e-07
2.9598	-2.43811e-07
2.9599	-2.36702e-07
2.96	-2.28962e-07
2.9601	-2.24589e-07
2.9602	-2.16258e-07
2.9603	-2.09259e-07
2.9604	-2.01598e-07
2.9605	-1.93192e-07
2.9606	-1.88659e-07
2.9607	-1.80953e-07
2.9608	-1.73398e-07
2.9609	-1.66579e-07
2.961	-1.58889e-07
2.9611	-1.51419e-07
2.9612	-1.43331e-07
2.9613	-1.36022e-07
2.9614	-1.28322e-07
2.9615	-1.21195e-07
2.9616	-1.14092e-07
2.9617	-1.06664e-07
2.9618	-9.77104e-08
2.9619	-8.81313e-08
2.962	-8.00553e-08
2.9621	-7.32412e-08
2.9622	-6.68839e-08
2.9623	-5.84025e-08
2.9624	-5.0527e-08
2.9625	-4.28583e-08
2.9626	-3.5397e-08
2.9627	-3.26928e-08
2.9628	-2.60019e-08
2.9629	-1.65801e-08
2.963	-1.33848e-08
2.9631	-1.12229e-08
2.9632	-1.42043e-09
2.9633	5.41781e-09
2.9634	1.21463e-08
2.9635	1.85469e-08
2.9636	2.63088e-08
2.9637	3.34957e-08
2.9638	4.1033e-08
2.9639	5.04148e-08
2.964	5.58626e-08
2.9641	6.08073e-08
2.9642	6.98149e-08
2.9643	7.58194e-08
2.9644	8.13554e-08
2.9645	8.19516e-08
2.9646	9.11125e-08
2.9647	9.67486e-08
2.9648	1.03232e-07
2.9649	1.08714e-07
2.965	1.11924e-07
2.9651	1.16879e-07
2.9652	1.16156e-07
2.9653	1.25829e-07
2.9654	1.35407e-07
2.9655	1.33492e-07
2.9656	1.39048e-07
2.9657	1.49243e-07
2.9658	1.5217e-07
2.9659	1.5125e-07
2.966	1.54699e-07
2.9661	1.64706e-07
2.9662	1.6702e-07
2.9663	1.69759e-07
2.9664	1.733e-07
2.9665	1.76234e-07
2.9666	1.79261e-07
2.9667	1.87343e-07
2.9668	1.89203e-07
2.9669	1.96879e-07
2.967	2.0618e-07
2.9671	2.07993e-07
2.9672	2.09753e-07
2.9673	2.08039e-07
2.9674	2.14493e-07
2.9675	2.15995e-07
2.9676	2.14386e-07
2.9677	2.21202e-07
2.9678	2.273e-07
2.9679	2.3406e-07
2.968	2.41833e-07
2.9681	2.41653e-07
2.9682	2.48874e-07
2.9683	2.47681e-07
2.9684	2.46403e-07
2.9685	2.53118e-07
2.9686	2.58895e-07
2.9687	2.59569e-07
2.9688	2.58763e-07
2.9689	2.64203e-07
2.969	2.68534e-07
2.9691	2.74053e-07
2.9692	2.78585e-07
2.9693	2.84647e-07
2.9694	2.79122e-07
2.9695	2.79719e-07
2.9696	2.83682e-07
2.9697	2.86015e-07
2.9698	2.89949e-07
2.9699	2.9207e-07
2.97	2.9236e-07
2.9701	2.93911e-07
2.9702	2.94235e-07
2.9703	2.97541e-07
2.9704	2.99236e-07
2.9705	2.99035e-07
2.9706	2.98492e-07
2.9707	2.92658e-07
2.9708	2.86451e-07
2.9709	2.7872e-07
2.971	2.76378e-07
2.9711	2.68157e-07
2.9712	2.63426e-07
2.9713	2.56095e-07
2.9714	2.47965e-07
2.9715	2.43801e-07
2.9716	2.40009e-07
2.9717	2.31115e-07
2.9718	2.27715e-07
2.9719	2.23639e-07
2.972	2.20212e-07
2.9721	2.0915e-07
2.9722	2.03604e-07
2.9723	1.95188e-07
2.9724	1.88271e-07
2.9725	1.78564e-07
2.9726	1.68072e-07
2.9727	1.59707e-07
2.9728	1.45337e-07
2.9729	1.37801e-07
2.973	1.28197e-07
2.9731	1.17115e-07
2.9732	1.05427e-07
2.9733	9.43309e-08
2.9734	7.62631e-08
2.9735	6.66565e-08
2.9736	5.51385e-08
2.9737	4.38366e-08
2.9738	3.00692e-08
2.9739	1.65066e-08
2.974	1.38426e-09
2.9741	-1.29664e-08
2.9742	-2.96884e-08
2.9743	-4.60735e-08
2.9744	-6.32368e-08
2.9745	-8.01862e-08
2.9746	-9.51569e-08
2.9747	-1.15778e-07
2.9748	-1.27701e-07
2.9749	-1.38095e-07
2.975	-1.52712e-07
2.9751	-1.69961e-07
2.9752	-1.86764e-07
2.9753	-2.01237e-07
2.9754	-2.17767e-07
2.9755	-2.27183e-07
2.9756	-2.48141e-07
2.9757	-2.68808e-07
2.9758	-2.85299e-07
2.9759	-3.05028e-07
2.976	-3.25714e-07
2.9761	-3.42173e-07
2.9762	-3.64664e-07
2.9763	-3.86277e-07
2.9764	-4.04488e-07
2.9765	-4.23044e-07
2.9766	-4.41195e-07
2.9767	-4.60078e-07
2.9768	-4.65777e-07
2.9769	-4.83399e-07
2.977	-4.99872e-07
2.9771	-5.22642e-07
2.9772	-5.28113e-07
2.9773	-5.46509e-07
2.9774	-5.63657e-07
2.9775	-5.80608e-07
2.9776	-5.90883e-07
2.9777	-6.07661e-07
2.9778	-6.29015e-07
2.9779	-6.46114e-07
2.978	-6.66984e-07
2.9781	-6.76578e-07
2.9782	-6.92195e-07
2.9783	-7.07587e-07
2.9784	-7.27523e-07
2.9785	-7.4392e-07
2.9786	-7.557e-07
2.9787	-7.70311e-07
2.9788	-7.88147e-07
2.9789	-8.04038e-07
2.979	-8.18035e-07
2.9791	-8.30395e-07
2.9792	-8.47675e-07
2.9793	-8.604e-07
2.9794	-8.70353e-07
2.9795	-8.8096e-07
2.9796	-8.90918e-07
2.9797	-9.02579e-07
2.9798	-9.1325e-07
2.9799	-9.22809e-07
2.98	-9.38864e-07
2.9801	-9.51991e-07
2.9802	-9.63726e-07
2.9803	-9.79334e-07
2.9804	-9.91227e-07
2.9805	-1.00333e-06
2.9806	-1.015e-06
2.9807	-1.02647e-06
2.9808	-1.03726e-06
2.9809	-1.04698e-06
2.981	-1.05627e-06
2.9811	-1.0656e-06
2.9812	-1.07416e-06
2.9813	-1.08458e-06
2.9814	-1.08724e-06
2.9815	-1.09428e-06
2.9816	-1.10166e-06
2.9817	-1.10876e-06
2.9818	-1.11499e-06
2.9819	-1.11935e-06
2.982	-1.12514e-06
2.9821	-1.12925e-06
2.9822	-1.12911e-06
2.9823	-1.13324e-06
2.9824	-1.13615e-06
2.9825	-1.13851e-06
2.9826	-1.14165e-06
2.9827	-1.14353e-06
2.9828	-1.14479e-06
2.9829	-1.14601e-06
2.983	-1.1475e-06
2.9831	-1.14786e-06
2.9832	-1.14868e-06
2.9833	-1.14833e-06
2.9834	-1.1471e-06
2.9835	-1.14406e-06
2.9836	-1.14352e-06
2.9837	-1.14164e-06
2.9838	-1.14105e-06
2.9839	-1.1404e-06
2.984	-1.13785e-06
2.9841	-1.13562e-06
2.9842	-1.13682e-06
2.9843	-1.13332e-06
2.9844	-1.12744e-06
2.9845	-1.12379e-06
2.9846	-1.12092e-06
2.9847	-1.11565e-06
2.9848	-1.11148e-06
2.9849	-1.10784e-06
2.985	-1.104e-06
2.9851	-1.10023e-06
2.9852	-1.09766e-06
2.9853	-1.09052e-06
2.9854	-1.0855e-06
2.9855	-1.08122e-06
2.9856	-1.07672e-06
2.9857	-1.07251e-06
2.9858	-1.06811e-06
2.9859	-1.06247e-06
2.986	-1.05746e-06
2.9861	-1.05187e-06
2.9862	-1.04634e-06
2.9863	-1.04098e-06
2.9864	-1.03292e-06
2.9865	-1.02692e-06
2.9866	-1.02095e-06
2.9867	-1.0154e-06
2.9868	-1.00754e-06
2.9869	-9.98278e-07
2.987	-9.92487e-07
2.9871	-9.85225e-07
2.9872	-9.75463e-07
2.9873	-9.68245e-07
2.9874	-9.63232e-07
2.9875	-9.54892e-07
2.9876	-9.48848e-07
2.9877	-9.41157e-07
2.9878	-9.34286e-07
2.9879	-9.25494e-07
2.988	-9.15544e-07
2.9881	-9.06369e-07
2.9882	-8.98014e-07
2.9883	-8.89662e-07
2.9884	-8.8189e-07
2.9885	-8.74967e-07
2.9886	-8.68003e-07
2.9887	-8.60129e-07
2.9888	-8.49361e-07
2.9889	-8.40284e-07
2.989	-8.31161e-07
2.9891	-8.22376e-07
2.9892	-8.13844e-07
2.9893	-8.04689e-07
2.9894	-7.95155e-07
2.9895	-7.86049e-07
2.9896	-7.77566e-07
2.9897	-7.6797e-07
2.9898	-7.61455e-07
2.9899	-7.51099e-07
2.99	-7.40636e-07
2.9901	-7.30374e-07
2.9902	-7.19454e-07
2.9903	-7.10516e-07
2.9904	-7.01862e-07
2.9905	-6.93596e-07
2.9906	-6.8416e-07
2.9907	-6.73822e-07
2.9908	-6.64116e-07
2.9909	-6.54255e-07
2.991	-6.40643e-07
2.9911	-6.30929e-07
2.9912	-6.20022e-07
2.9913	-6.11816e-07
2.9914	-6.03838e-07
2.9915	-5.93468e-07
2.9916	-5.84877e-07
2.9917	-5.74352e-07
2.9918	-5.64839e-07
2.9919	-5.55935e-07
2.992	-5.46222e-07
2.9921	-5.38753e-07
2.9922	-5.28882e-07
2.9923	-5.18525e-07
2.9924	-5.07343e-07
2.9925	-5.00476e-07
2.9926	-4.90296e-07
2.9927	-4.83398e-07
2.9928	-4.7255e-07
2.9929	-4.64138e-07
2.993	-4.53027e-07
2.9931	-4.40756e-07
2.9932	-4.33471e-07
2.9933	-4.23294e-07
2.9934	-4.12021e-07
2.9935	-4.01499e-07
2.9936	-3.91463e-07
2.9937	-3.85767e-07
2.9938	-3.74893e-07
2.9939	-3.6796e-07
2.994	-3.60921e-07
2.9941	-3.55061e-07
2.9942	-3.50562e-07
2.9943	-3.43799e-07
2.9944	-3.38223e-07
2.9945	-3.31653e-07
2.9946	-3.24464e-07
2.9947	-3.20526e-07
2.9948	-3.10982e-07
2.9949	-3.06457e-07
2.995	-2.96263e-07
2.9951	-2.86815e-07
2.9952	-2.83497e-07
2.9953	-2.80075e-07
2.9954	-2.70226e-07
2.9955	-2.68188e-07
2.9956	-2.64565e-07
2.9957	-2.60761e-07
2.9958	-2.57961e-07
2.9959	-2.55851e-07
2.996	-2.51034e-07
2.9961	-2.46441e-07
2.9962	-2.42639e-07
2.9963	-2.39024e-07
2.9964	-2.36445e-07
2.9965	-2.33182e-07
2.9966	-2.34951e-07
2.9967	-2.34143e-07
2.9968	-2.30664e-07
2.9969	-2.32958e-07
2.997	-2.33382e-07
2.9971	-2.3291e-07
2.9972	-2.3281e-07
2.9973	-2.33273e-07
2.9974	-2.33834e-07
2.9975	-2.32506e-07
2.9976	-2.27758e-07
2.9977	-2.22221e-07
2.9978	-2.22162e-07
2.9979	-2.23228e-07
2.998	-2.24273e-07
2.9981	-2.25339e-07
2.9982	-2.25961e-07
2.9983	-2.29657e-07
2.9984	-2.31737e-07
2.9985	-2.42154e-07
2.9986	-2.45771e-07
2.9987	-2.43793e-07
2.9988	-2.48196e-07
2.9989	-2.52898e-07
2.999	-2.56034e-07
2.9991	-2.60536e-07
2.9992	-2.57018e-07
2.9993	-2.53842e-07
2.9994	-2.58035e-07
2.9995	-2.5859e-07
2.9996	-2.64408e-07
2.9997	-2.65294e-07
2.9998	-2.66624e-07
2.9999	-2.7243e-07
3	-2.77919e-07
3.0001	-2.84329e-07
3.0002	-2.90381e-07
3.0003	-2.93828e-07
3.0004	-2.95953e-07
3.0005	-3.08214e-07
3.0006	-3.13988e-07
3.0007	-3.16431e-07
3.0008	-3.2404e-07
3.0009	-3.30361e-07
3.001	-3.35133e-07
3.0011	-3.40104e-07
3.0012	-3.45954e-07
3.0013	-3.52718e-07
3.0014	-3.58483e-07
3.0015	-3.66627e-07
3.0016	-3.74995e-07
3.0017	-3.83303e-07
3.0018	-3.84705e-07
3.0019	-3.8633e-07
3.002	-3.91613e-07
3.0021	-4.01566e-07
3.0022	-4.0693e-07
3.0023	-4.11986e-07
3.0024	-4.19095e-07
3.0025	-4.26572e-07
3.0026	-4.31414e-07
3.0027	-4.41267e-07
3.0028	-4.47165e-07
3.0029	-4.50805e-07
3.003	-4.58317e-07
3.0031	-4.69841e-07
3.0032	-4.73423e-07
3.0033	-4.84089e-07
3.0034	-4.93569e-07
3.0035	-5.04912e-07
3.0036	-5.12833e-07
3.0037	-5.25008e-07
3.0038	-5.33e-07
3.0039	-5.40702e-07
3.004	-5.50895e-07
3.0041	-5.57969e-07
3.0042	-5.60845e-07
3.0043	-5.68541e-07
3.0044	-5.73305e-07
3.0045	-5.82174e-07
3.0046	-5.89874e-07
3.0047	-5.94411e-07
3.0048	-5.97193e-07
3.0049	-6.0648e-07
3.005	-6.11315e-07
3.0051	-6.19374e-07
3.0052	-6.25749e-07
3.0053	-6.35707e-07
3.0054	-6.39803e-07
3.0055	-6.48984e-07
3.0056	-6.52675e-07
3.0057	-6.59202e-07
3.0058	-6.64133e-07
3.0059	-6.70426e-07
3.006	-6.78978e-07
3.0061	-6.90665e-07
3.0062	-6.99225e-07
3.0063	-7.07059e-07
3.0064	-7.1317e-07
3.0065	-7.21522e-07
3.0066	-7.27426e-07
3.0067	-7.35814e-07
3.0068	-7.41314e-07
3.0069	-7.51634e-07
3.007	-7.59833e-07
3.0071	-7.66369e-07
3.0072	-7.73564e-07
3.0073	-7.80631e-07
3.0074	-7.85832e-07
3.0075	-7.88861e-07
3.0076	-7.95527e-07
3.0077	-7.99007e-07
3.0078	-8.04433e-07
3.0079	-8.09247e-07
3.008	-8.15591e-07
3.0081	-8.19358e-07
3.0082	-8.22626e-07
3.0083	-8.27456e-07
3.0084	-8.30528e-07
3.0085	-8.34401e-07
3.0086	-8.38252e-07
3.0087	-8.39651e-07
3.0088	-8.42635e-07
3.0089	-8.4585e-07
3.009	-8.47571e-07
3.0091	-8.48401e-07
3.0092	-8.52359e-07
3.0093	-8.54146e-07
3.0094	-8.56012e-07
3.0095	-8.54585e-07
3.0096	-8.557e-07
3.0097	-8.55644e-07
3.0098	-8.54863e-07
3.0099	-8.5448e-07
3.01	-8.54901e-07
3.0101	-8.56554e-07
3.0102	-8.55621e-07
3.0103	-8.53727e-07
3.0104	-8.53748e-07
3.0105	-8.51519e-07
3.0106	-8.4981e-07
3.0107	-8.47698e-07
3.0108	-8.45698e-07
3.0109	-8.4357e-07
3.011	-8.40815e-07
3.0111	-8.36687e-07
3.0112	-8.336e-07
3.0113	-8.31339e-07
3.0114	-8.27332e-07
3.0115	-8.24012e-07
3.0116	-8.20763e-07
3.0117	-8.18027e-07
3.0118	-8.13935e-07
3.0119	-8.10374e-07
3.012	-8.06415e-07
3.0121	-8.02123e-07
3.0122	-7.97963e-07
3.0123	-7.93608e-07
3.0124	-7.89689e-07
3.0125	-7.85481e-07
3.0126	-7.81584e-07
3.0127	-7.76573e-07
3.0128	-7.73006e-07
3.0129	-7.69108e-07
3.013	-7.64719e-07
3.0131	-7.60171e-07
3.0132	-7.5489e-07
3.0133	-7.49332e-07
3.0134	-7.44072e-07
3.0135	-7.39709e-07
3.0136	-7.32721e-07
3.0137	-7.26802e-07
3.0138	-7.20772e-07
3.0139	-7.15354e-07
3.014	-7.09998e-07
3.0141	-7.03987e-07
3.0142	-6.9866e-07
3.0143	-6.92675e-07
3.0144	-6.88703e-07
3.0145	-6.81323e-07
3.0146	-6.78256e-07
3.0147	-6.72273e-07
3.0148	-6.66484e-07
3.0149	-6.62641e-07
3.015	-6.57936e-07
3.0151	-6.54289e-07
3.0152	-6.49683e-07
3.0153	-6.45423e-07
3.0154	-6.4013e-07
3.0155	-6.31424e-07
3.0156	-6.27569e-07
3.0157	-6.21071e-07
3.0158	-6.15705e-07
3.0159	-6.10737e-07
3.016	-6.04298e-07
3.0161	-5.98705e-07
3.0162	-5.93494e-07
3.0163	-5.88722e-07
3.0164	-5.82983e-07
3.0165	-5.79578e-07
3.0166	-5.74885e-07
3.0167	-5.68584e-07
3.0168	-5.62332e-07
3.0169	-5.55904e-07
3.017	-5.50619e-07
3.0171	-5.4512e-07
3.0172	-5.37171e-07
3.0173	-5.31873e-07
3.0174	-5.28816e-07
3.0175	-5.24344e-07
3.0176	-5.18787e-07
3.0177	-5.12394e-07
3.0178	-5.07164e-07
3.0179	-5.01209e-07
3.018	-4.95147e-07
3.0181	-4.89435e-07
3.0182	-4.82989e-07
3.0183	-4.7783e-07
3.0184	-4.73987e-07
3.0185	-4.6802e-07
3.0186	-4.6302e-07
3.0187	-4.5801e-07
3.0188	-4.54648e-07
3.0189	-4.4956e-07
3.019	-4.43378e-07
3.0191	-4.38191e-07
3.0192	-4.34829e-07
3.0193	-4.2833e-07
3.0194	-4.23586e-07
3.0195	-4.19249e-07
3.0196	-4.14924e-07
3.0197	-4.0961e-07
3.0198	-4.03801e-07
3.0199	-3.98029e-07
3.02	-3.91582e-07
3.0201	-3.86268e-07
3.0202	-3.81183e-07
3.0203	-3.74646e-07
3.0204	-3.69339e-07
3.0205	-3.64652e-07
3.0206	-3.58916e-07
3.0207	-3.52946e-07
3.0208	-3.47048e-07
3.0209	-3.41982e-07
3.021	-3.36254e-07
3.0211	-3.32337e-07
3.0212	-3.27228e-07
3.0213	-3.20133e-07
3.0214	-3.13712e-07
3.0215	-3.08236e-07
3.0216	-3.03756e-07
3.0217	-2.97239e-07
3.0218	-2.90771e-07
3.0219	-2.8504e-07
3.022	-2.78565e-07
3.0221	-2.71233e-07
3.0222	-2.633e-07
3.0223	-2.57367e-07
3.0224	-2.5134e-07
3.0225	-2.46192e-07
3.0226	-2.4032e-07
3.0227	-2.3477e-07
3.0228	-2.2933e-07
3.0229	-2.22572e-07
3.023	-2.17616e-07
3.0231	-2.1105e-07
3.0232	-2.02949e-07
3.0233	-1.95559e-07
3.0234	-1.8824e-07
3.0235	-1.81645e-07
3.0236	-1.7425e-07
3.0237	-1.67307e-07
3.0238	-1.59871e-07
3.0239	-1.55535e-07
3.024	-1.48261e-07
3.0241	-1.41225e-07
3.0242	-1.34169e-07
3.0243	-1.26861e-07
3.0244	-1.18467e-07
3.0245	-1.12291e-07
3.0246	-1.04325e-07
3.0247	-9.68006e-08
3.0248	-8.9064e-08
3.0249	-8.16567e-08
3.025	-7.40833e-08
3.0251	-6.64866e-08
3.0252	-5.86566e-08
3.0253	-5.1483e-08
3.0254	-4.45537e-08
3.0255	-3.73688e-08
3.0256	-3.71849e-08
3.0257	-3.28976e-08
3.0258	-2.63354e-08
3.0259	-1.88044e-08
3.026	-1.06862e-08
3.0261	-4.84531e-09
3.0262	3.18107e-09
3.0263	1.1653e-08
3.0264	1.56371e-08
3.0265	1.74016e-08
3.0266	1.9909e-08
3.0267	2.73308e-08
3.0268	3.0349e-08
3.0269	3.26312e-08
3.027	4.22402e-08
3.0271	4.43441e-08
3.0272	5.07641e-08
3.0273	5.70338e-08
3.0274	6.51084e-08
3.0275	6.56605e-08
3.0276	7.48055e-08
3.0277	8.20734e-08
3.0278	8.71855e-08
3.0279	9.49483e-08
3.028	1.0384e-07
3.0281	1.04492e-07
3.0282	1.10725e-07
3.0283	1.16879e-07
3.0284	1.14635e-07
3.0285	1.14479e-07
3.0286	1.21147e-07
3.0287	1.29867e-07
3.0288	1.34111e-07
3.0289	1.39868e-07
3.029	1.35735e-07
3.0291	1.40847e-07
3.0292	1.46321e-07
3.0293	1.45551e-07
3.0294	1.49608e-07
3.0295	1.59743e-07
3.0296	1.64108e-07
3.0297	1.68476e-07
3.0298	1.72704e-07
3.0299	1.71634e-07
3.03	1.75165e-07
3.0301	1.79889e-07
3.0302	1.83258e-07
3.0303	1.80378e-07
3.0304	1.84455e-07
3.0305	1.92845e-07
3.0306	1.94065e-07
3.0307	2.03404e-07
3.0308	2.06744e-07
3.0309	2.04968e-07
3.031	2.05015e-07
3.0311	2.10566e-07
3.0312	2.11123e-07
3.0313	2.13913e-07
3.0314	2.19486e-07
3.0315	2.25989e-07
3.0316	2.32148e-07
3.0317	2.25791e-07
3.0318	2.32445e-07
3.0319	2.33309e-07
3.032	2.28026e-07
3.0321	2.2276e-07
3.0322	2.15333e-07
3.0323	2.20139e-07
3.0324	2.18924e-07
3.0325	2.16019e-07
3.0326	2.14029e-07
3.0327	2.11566e-07
3.0328	2.16865e-07
3.0329	2.15339e-07
3.033	2.1243e-07
3.0331	2.16428e-07
3.0332	2.15893e-07
3.0333	2.12007e-07
3.0334	2.14632e-07
3.0335	2.16938e-07
3.0336	2.12526e-07
3.0337	2.12531e-07
3.0338	2.14386e-07
3.0339	2.14499e-07
3.034	2.10878e-07
3.0341	2.10953e-07
3.0342	2.07442e-07
3.0343	2.01432e-07
3.0344	2.01358e-07
3.0345	2.01602e-07
3.0346	2.01679e-07
3.0347	1.94243e-07
3.0348	1.87658e-07
3.0349	1.8049e-07
3.035	1.78635e-07
3.0351	1.72266e-07
3.0352	1.64155e-07
3.0353	1.57408e-07
3.0354	1.53741e-07
3.0355	1.48012e-07
3.0356	1.3899e-07
3.0357	1.30038e-07
3.0358	1.2619e-07
3.0359	1.15829e-07
3.036	1.10257e-07
3.0361	1.03601e-07
3.0362	9.4427e-08
3.0363	8.77655e-08
3.0364	7.68082e-08
3.0365	6.53944e-08
3.0366	5.51328e-08
3.0367	4.34869e-08
3.0368	3.54518e-08
3.0369	2.52664e-08
3.037	1.35556e-08
3.0371	2.23748e-09
3.0372	-1.54218e-08
3.0373	-2.50619e-08
3.0374	-3.53257e-08
3.0375	-4.44402e-08
3.0376	-5.86532e-08
3.0377	-7.24148e-08
3.0378	-8.74618e-08
3.0379	-1.02026e-07
3.038	-1.17325e-07
3.0381	-1.32626e-07
3.0382	-1.48933e-07
3.0383	-1.6614e-07
3.0384	-1.80024e-07
3.0385	-2.01773e-07
3.0386	-2.17108e-07
3.0387	-2.27647e-07
3.0388	-2.42777e-07
3.0389	-2.60292e-07
3.039	-2.79545e-07
3.0391	-2.93748e-07
3.0392	-3.10289e-07
3.0393	-3.18616e-07
3.0394	-3.34337e-07
3.0395	-3.55149e-07
3.0396	-3.72386e-07
3.0397	-3.92648e-07
3.0398	-4.12896e-07
3.0399	-4.28876e-07
3.04	-4.45233e-07
3.0401	-4.61873e-07
3.0402	-4.78586e-07
3.0403	-4.88903e-07
3.0404	-4.96057e-07
3.0405	-5.13605e-07
3.0406	-5.21882e-07
3.0407	-5.4215e-07
3.0408	-5.63336e-07
3.0409	-5.69293e-07
3.041	-5.80316e-07
3.0411	-5.98195e-07
3.0412	-6.21177e-07
3.0413	-6.38646e-07
3.0414	-6.5579e-07
3.0415	-6.72615e-07
3.0416	-6.93584e-07
3.0417	-7.06349e-07
3.0418	-7.27534e-07
3.0419	-7.43486e-07
3.042	-7.58866e-07
3.0421	-7.79689e-07
3.0422	-7.94027e-07
3.0423	-8.10168e-07
3.0424	-8.25644e-07
3.0425	-8.46237e-07
3.0426	-8.65972e-07
3.0427	-8.84682e-07
3.0428	-9.0042e-07
3.0429	-9.13739e-07
3.043	-9.31606e-07
3.0431	-9.4303e-07
3.0432	-9.59057e-07
3.0433	-9.68119e-07
3.0434	-9.77692e-07
3.0435	-9.91768e-07
3.0436	-1.00549e-06
3.0437	-1.01891e-06
3.0438	-1.03396e-06
3.0439	-1.04183e-06
3.044	-1.0502e-06
3.0441	-1.06353e-06
3.0442	-1.07552e-06
3.0443	-1.0843e-06
3.0444	-1.09507e-06
3.0445	-1.10726e-06
3.0446	-1.11743e-06
3.0447	-1.12778e-06
3.0448	-1.13559e-06
3.0449	-1.14603e-06
3.045	-1.15411e-06
3.0451	-1.15982e-06
3.0452	-1.16874e-06
3.0453	-1.17592e-06
3.0454	-1.183e-06
3.0455	-1.18635e-06
3.0456	-1.19233e-06
3.0457	-1.19748e-06
3.0458	-1.20318e-06
3.0459	-1.20447e-06
3.046	-1.20491e-06
3.0461	-1.20819e-06
3.0462	-1.21205e-06
3.0463	-1.2152e-06
3.0464	-1.21488e-06
3.0465	-1.21681e-06
3.0466	-1.21807e-06
3.0467	-1.2189e-06
3.0468	-1.22062e-06
3.0469	-1.2202e-06
3.047	-1.22062e-06
3.0471	-1.22177e-06
3.0472	-1.22045e-06
3.0473	-1.22106e-06
3.0474	-1.22046e-06
3.0475	-1.21891e-06
3.0476	-1.21755e-06
3.0477	-1.21561e-06
3.0478	-1.21469e-06
3.0479	-1.21251e-06
3.048	-1.20866e-06
3.0481	-1.20528e-06
3.0482	-1.20232e-06
3.0483	-1.19945e-06
3.0484	-1.19604e-06
3.0485	-1.19285e-06
3.0486	-1.18907e-06
3.0487	-1.18498e-06
3.0488	-1.18157e-06
3.0489	-1.17804e-06
3.049	-1.17444e-06
3.0491	-1.16958e-06
3.0492	-1.16467e-06
3.0493	-1.16051e-06
3.0494	-1.15583e-06
3.0495	-1.15118e-06
3.0496	-1.14627e-06
3.0497	-1.14114e-06
3.0498	-1.13878e-06
3.0499	-1.13317e-06
3.05	-1.12688e-06
3.0501	-1.12098e-06
3.0502	-1.11486e-06
3.0503	-1.10829e-06
3.0504	-1.10026e-06
3.0505	-1.09445e-06
3.0506	-1.08934e-06
3.0507	-1.08352e-06
3.0508	-1.07694e-06
3.0509	-1.07137e-06
3.051	-1.0608e-06
3.0511	-1.05348e-06
3.0512	-1.046e-06
3.0513	-1.04014e-06
3.0514	-1.03315e-06
3.0515	-1.02484e-06
3.0516	-1.0179e-06
3.0517	-1.00913e-06
3.0518	-1.00124e-06
3.0519	-9.93416e-07
3.052	-9.83738e-07
3.0521	-9.72662e-07
3.0522	-9.64677e-07
3.0523	-9.6102e-07
3.0524	-9.533e-07
3.0525	-9.46343e-07
3.0526	-9.33657e-07
3.0527	-9.24295e-07
3.0528	-9.16591e-07
3.0529	-9.08394e-07
3.053	-8.98541e-07
3.0531	-8.88804e-07
3.0532	-8.78006e-07
3.0533	-8.69237e-07
3.0534	-8.59841e-07
3.0535	-8.50555e-07
3.0536	-8.41431e-07
3.0537	-8.32257e-07
3.0538	-8.22695e-07
3.0539	-8.12105e-07
3.054	-8.0329e-07
3.0541	-7.94886e-07
3.0542	-7.85901e-07
3.0543	-7.785e-07
3.0544	-7.68906e-07
3.0545	-7.58646e-07
3.0546	-7.48229e-07
3.0547	-7.37906e-07
3.0548	-7.26341e-07
3.0549	-7.15605e-07
3.055	-7.05276e-07
3.0551	-6.94383e-07
3.0552	-6.83636e-07
3.0553	-6.74519e-07
3.0554	-6.656e-07
3.0555	-6.55937e-07
3.0556	-6.45803e-07
3.0557	-6.36751e-07
3.0558	-6.26213e-07
3.0559	-6.16099e-07
3.056	-6.08398e-07
3.0561	-5.97393e-07
3.0562	-5.8598e-07
3.0563	-5.77784e-07
3.0564	-5.69931e-07
3.0565	-5.63307e-07
3.0566	-5.52317e-07
3.0567	-5.41074e-07
3.0568	-5.34849e-07
3.0569	-5.22703e-07
3.057	-5.16169e-07
3.0571	-5.06051e-07
3.0572	-4.98572e-07
3.0573	-4.86697e-07
3.0574	-4.8077e-07
3.0575	-4.69956e-07
3.0576	-4.60034e-07
3.0577	-4.53426e-07
3.0578	-4.47311e-07
3.0579	-4.41403e-07
3.058	-4.30906e-07
3.0581	-4.25585e-07
3.0582	-4.15972e-07
3.0583	-4.03196e-07
3.0584	-3.92311e-07
3.0585	-3.82842e-07
3.0586	-3.73633e-07
3.0587	-3.63512e-07
3.0588	-3.53805e-07
3.0589	-3.49093e-07
3.059	-3.44433e-07
3.0591	-3.40986e-07
3.0592	-3.30446e-07
3.0593	-3.29371e-07
3.0594	-3.20086e-07
3.0595	-3.12142e-07
3.0596	-3.02675e-07
3.0597	-2.99877e-07
3.0598	-2.93659e-07
3.0599	-2.90531e-07
3.06	-2.87066e-07
3.0601	-2.84039e-07
3.0602	-2.84949e-07
3.0603	-2.81495e-07
3.0604	-2.84299e-07
3.0605	-2.77669e-07
3.0606	-2.75123e-07
3.0607	-2.791e-07
3.0608	-2.80796e-07
3.0609	-2.74867e-07
3.061	-2.69291e-07
3.0611	-2.63854e-07
3.0612	-2.59315e-07
3.0613	-2.53279e-07
3.0614	-2.46594e-07
3.0615	-2.40977e-07
3.0616	-2.3605e-07
3.0617	-2.31986e-07
3.0618	-2.33103e-07
3.0619	-2.36409e-07
3.062	-2.31649e-07
3.0621	-2.35652e-07
3.0622	-2.37478e-07
3.0623	-2.45485e-07
3.0624	-2.50978e-07
3.0625	-2.53876e-07
3.0626	-2.57904e-07
3.0627	-2.61705e-07
3.0628	-2.66817e-07
3.0629	-2.70119e-07
3.063	-2.66103e-07
3.0631	-2.69634e-07
3.0632	-2.7426e-07
3.0633	-2.80216e-07
3.0634	-2.81345e-07
3.0635	-2.86078e-07
3.0636	-2.91573e-07
3.0637	-2.9709e-07
3.0638	-3.03266e-07
3.0639	-3.07158e-07
3.064	-3.12011e-07
3.0641	-3.14704e-07
3.0642	-3.18983e-07
3.0643	-3.22876e-07
3.0644	-3.28376e-07
3.0645	-3.32852e-07
3.0646	-3.3964e-07
3.0647	-3.41421e-07
3.0648	-3.45259e-07
3.0649	-3.51308e-07
3.065	-3.54867e-07
3.0651	-3.61224e-07
3.0652	-3.68987e-07
3.0653	-3.73419e-07
3.0654	-3.78579e-07
3.0655	-3.82756e-07
3.0656	-3.863e-07
3.0657	-3.8901e-07
3.0658	-3.91596e-07
3.0659	-4.03855e-07
3.066	-4.07816e-07
3.0661	-4.16335e-07
3.0662	-4.18895e-07
3.0663	-4.24956e-07
3.0664	-4.35203e-07
3.0665	-4.43429e-07
3.0666	-4.53234e-07
3.0667	-4.55909e-07
3.0668	-4.68303e-07
3.0669	-4.80404e-07
3.067	-4.82971e-07
3.0671	-4.94597e-07
3.0672	-5.03392e-07
3.0673	-5.08365e-07
3.0674	-5.16982e-07
3.0675	-5.20224e-07
3.0676	-5.33758e-07
3.0677	-5.45951e-07
3.0678	-5.55864e-07
3.0679	-5.59935e-07
3.068	-5.66498e-07
3.0681	-5.7391e-07
3.0682	-5.79124e-07
3.0683	-5.88137e-07
3.0684	-5.96676e-07
3.0685	-6.06355e-07
3.0686	-6.1024e-07
3.0687	-6.19902e-07
3.0688	-6.29351e-07
3.0689	-6.38129e-07
3.069	-6.42502e-07
3.0691	-6.53549e-07
3.0692	-6.59191e-07
3.0693	-6.68772e-07
3.0694	-6.73636e-07
3.0695	-6.82922e-07
3.0696	-6.91641e-07
3.0697	-6.98056e-07
3.0698	-7.03373e-07
3.0699	-7.12555e-07
3.07	-7.21774e-07
3.0701	-7.30802e-07
3.0702	-7.36688e-07
3.0703	-7.44331e-07
3.0704	-7.5011e-07
3.0705	-7.57689e-07
3.0706	-7.61431e-07
3.0707	-7.72936e-07
3.0708	-7.77497e-07
3.0709	-7.85399e-07
3.071	-7.90694e-07
3.0711	-7.97014e-07
3.0712	-8.02695e-07
3.0713	-8.06626e-07
3.0714	-8.12742e-07
3.0715	-8.15477e-07
3.0716	-8.1858e-07
3.0717	-8.23348e-07
3.0718	-8.29133e-07
3.0719	-8.33277e-07
3.072	-8.37577e-07
3.0721	-8.39582e-07
3.0722	-8.41465e-07
3.0723	-8.45692e-07
3.0724	-8.49203e-07
3.0725	-8.50453e-07
3.0726	-8.53311e-07
3.0727	-8.55468e-07
3.0728	-8.57202e-07
3.0729	-8.58268e-07
3.073	-8.59594e-07
3.0731	-8.60042e-07
3.0732	-8.62456e-07
3.0733	-8.61933e-07
3.0734	-8.63267e-07
3.0735	-8.62768e-07
3.0736	-8.61039e-07
3.0737	-8.63271e-07
3.0738	-8.62416e-07
3.0739	-8.61469e-07
3.074	-8.60044e-07
3.0741	-8.57864e-07
3.0742	-8.57025e-07
3.0743	-8.56408e-07
3.0744	-8.54065e-07
3.0745	-8.51881e-07
3.0746	-8.51327e-07
3.0747	-8.4947e-07
3.0748	-8.45893e-07
3.0749	-8.42885e-07
3.075	-8.39353e-07
3.0751	-8.37986e-07
3.0752	-8.32767e-07
3.0753	-8.29162e-07
3.0754	-8.25101e-07
3.0755	-8.20265e-07
3.0756	-8.17125e-07
3.0757	-8.14317e-07
3.0758	-8.10362e-07
3.0759	-8.07216e-07
3.076	-8.02854e-07
3.0761	-7.9884e-07
3.0762	-7.93871e-07
3.0763	-7.88603e-07
3.0764	-7.84579e-07
3.0765	-7.78295e-07
3.0766	-7.75627e-07
3.0767	-7.72111e-07
3.0768	-7.67639e-07
3.0769	-7.63315e-07
3.077	-7.57563e-07
3.0771	-7.52547e-07
3.0772	-7.48275e-07
3.0773	-7.43802e-07
3.0774	-7.36874e-07
3.0775	-7.30533e-07
3.0776	-7.24572e-07
3.0777	-7.19596e-07
3.0778	-7.14526e-07
3.0779	-7.0872e-07
3.078	-7.03099e-07
3.0781	-6.97943e-07
3.0782	-6.92671e-07
3.0783	-6.86097e-07
3.0784	-6.80594e-07
3.0785	-6.78167e-07
3.0786	-6.73926e-07
3.0787	-6.69329e-07
3.0788	-6.64224e-07
3.0789	-6.59024e-07
3.079	-6.53156e-07
3.0791	-6.48952e-07
3.0792	-6.42235e-07
3.0793	-6.35435e-07
3.0794	-6.31637e-07
3.0795	-6.25716e-07
3.0796	-6.20238e-07
3.0797	-6.14317e-07
3.0798	-6.08444e-07
3.0799	-6.03226e-07
3.08	-5.97301e-07
3.0801	-5.9405e-07
3.0802	-5.85886e-07
3.0803	-5.8167e-07
3.0804	-5.77484e-07
3.0805	-5.72288e-07
3.0806	-5.66988e-07
3.0807	-5.6124e-07
3.0808	-5.56116e-07
3.0809	-5.51548e-07
3.081	-5.4434e-07
3.0811	-5.3771e-07
3.0812	-5.35423e-07
3.0813	-5.29774e-07
3.0814	-5.23399e-07
3.0815	-5.18599e-07
3.0816	-5.13923e-07
3.0817	-5.07537e-07
3.0818	-5.01271e-07
3.0819	-4.95149e-07
3.082	-4.87349e-07
3.0821	-4.83092e-07
3.0822	-4.78722e-07
3.0823	-4.72648e-07
3.0824	-4.67955e-07
3.0825	-4.62137e-07
3.0826	-4.55975e-07
3.0827	-4.51394e-07
3.0828	-4.44838e-07
3.0829	-4.40901e-07
3.083	-4.36194e-07
3.0831	-4.31004e-07
3.0832	-4.26193e-07
3.0833	-4.19902e-07
3.0834	-4.14427e-07
3.0835	-4.08355e-07
3.0836	-4.02778e-07
3.0837	-3.9726e-07
3.0838	-3.91728e-07
3.0839	-3.85793e-07
3.084	-3.80211e-07
3.0841	-3.74263e-07
3.0842	-3.68273e-07
3.0843	-3.64163e-07
3.0844	-3.57561e-07
3.0845	-3.5139e-07
3.0846	-3.46561e-07
3.0847	-3.41407e-07
3.0848	-3.35119e-07
3.0849	-3.28985e-07
3.085	-3.23204e-07
3.0851	-3.16313e-07
3.0852	-3.10198e-07
3.0853	-3.05086e-07
3.0854	-2.98945e-07
3.0855	-2.92412e-07
3.0856	-2.86167e-07
3.0857	-2.79694e-07
3.0858	-2.71947e-07
3.0859	-2.65994e-07
3.086	-2.57984e-07
3.0861	-2.52681e-07
3.0862	-2.4576e-07
3.0863	-2.39125e-07
3.0864	-2.34012e-07
3.0865	-2.27965e-07
3.0866	-2.20607e-07
3.0867	-2.13478e-07
3.0868	-2.07918e-07
3.0869	-2.00942e-07
3.087	-1.94092e-07
3.0871	-1.87041e-07
3.0872	-1.79925e-07
3.0873	-1.72782e-07
3.0874	-1.65758e-07
3.0875	-1.58815e-07
3.0876	-1.5137e-07
3.0877	-1.44251e-07
3.0878	-1.36209e-07
3.0879	-1.28597e-07
3.088	-1.2023e-07
3.0881	-1.13093e-07
3.0882	-1.06214e-07
3.0883	-9.82999e-08
3.0884	-9.05048e-08
3.0885	-8.29393e-08
3.0886	-7.52886e-08
3.0887	-6.77864e-08
3.0888	-6.04013e-08
3.0889	-5.25449e-08
3.089	-4.50447e-08
3.0891	-3.77357e-08
3.0892	-3.00226e-08
3.0893	-2.14362e-08
3.0894	-1.84248e-08
3.0895	-1.03269e-08
3.0896	-3.61712e-09
3.0897	4.62438e-10
3.0898	9.51691e-09
3.0899	1.6152e-08
3.09	2.35668e-08
3.0901	3.0496e-08
3.0902	3.43388e-08
3.0903	4.19302e-08
3.0904	4.85929e-08
3.0905	5.568e-08
3.0906	6.3225e-08
3.0907	7.07741e-08
3.0908	8.01215e-08
3.0909	8.70868e-08
3.091	9.43758e-08
3.0911	9.53853e-08
3.0912	1.02224e-07
3.0913	1.08968e-07
3.0914	1.15089e-07
3.0915	1.18404e-07
3.0916	1.2236e-07
3.0917	1.28076e-07
3.0918	1.34898e-07
3.0919	1.35843e-07
3.092	1.36323e-07
3.0921	1.45795e-07
3.0922	1.50909e-07
3.0923	1.57386e-07
3.0924	1.57924e-07
3.0925	1.63648e-07
3.0926	1.71948e-07
3.0927	1.76506e-07
3.0928	1.81542e-07
3.0929	1.91093e-07
3.093	1.96577e-07
3.0931	1.95833e-07
3.0932	1.9443e-07
3.0933	2.0331e-07
3.0934	2.0671e-07
3.0935	2.05252e-07
3.0936	2.09408e-07
3.0937	2.12911e-07
3.0938	2.16527e-07
3.0939	2.14803e-07
3.094	2.17918e-07
3.0941	2.27191e-07
3.0942	2.357e-07
3.0943	2.3812e-07
3.0944	2.40198e-07
3.0945	2.49133e-07
3.0946	2.535e-07
3.0947	2.55739e-07
3.0948	2.57981e-07
3.0949	2.64732e-07
3.095	2.65077e-07
3.0951	2.62649e-07
3.0952	2.61538e-07
3.0953	2.6196e-07
3.0954	2.69758e-07
3.0955	2.63599e-07
3.0956	2.69898e-07
3.0957	2.69331e-07
3.0958	2.68979e-07
3.0959	2.68068e-07
3.096	2.64965e-07
3.0961	2.70815e-07
3.0962	2.68929e-07
3.0963	2.66778e-07
3.0964	2.72684e-07
3.0965	2.78047e-07
3.0966	2.76519e-07
3.0967	2.81442e-07
3.0968	2.86486e-07
3.0969	2.84332e-07
3.097	2.83021e-07
3.0971	2.85267e-07
3.0972	2.88025e-07
3.0973	2.89749e-07
3.0974	2.92252e-07
3.0975	2.83183e-07
3.0976	2.78395e-07
3.0977	2.79986e-07
3.0978	2.81678e-07
3.0979	2.77526e-07
3.098	2.78282e-07
3.0981	2.77702e-07
3.0982	2.7721e-07
3.0983	2.77001e-07
3.0984	2.75593e-07
3.0985	2.68086e-07
3.0986	2.65959e-07
3.0987	2.57494e-07
3.0988	2.5639e-07
3.0989	2.44605e-07
3.099	2.40786e-07
3.0991	2.32841e-07
3.0992	2.28015e-07
3.0993	2.17222e-07
3.0994	2.10899e-07
3.0995	2.06197e-07
3.0996	2.01674e-07
3.0997	1.9191e-07
3.0998	1.85006e-07
3.0999	1.78292e-07
3.1	1.68995e-07
3.1001	1.61007e-07
3.1002	1.5267e-07
3.1003	1.41407e-07
3.1004	1.25822e-07
3.1005	1.19036e-07
3.1006	1.0844e-07
3.1007	9.70515e-08
3.1008	9.25214e-08
3.1009	8.0506e-08
3.101	6.34569e-08
3.1011	5.1845e-08
3.1012	4.1287e-08
3.1013	2.93811e-08
3.1014	1.53629e-08
3.1015	6.63789e-09
3.1016	-8.93319e-09
3.1017	-2.30123e-08
3.1018	-3.95583e-08
3.1019	-4.97086e-08
3.102	-6.67624e-08
3.1021	-8.34942e-08
3.1022	-1.01433e-07
3.1023	-1.2217e-07
3.1024	-1.34167e-07
3.1025	-1.39859e-07
3.1026	-1.54966e-07
3.1027	-1.61768e-07
3.1028	-1.77051e-07
3.1029	-1.95526e-07
3.103	-2.13221e-07
3.1031	-2.25189e-07
3.1032	-2.45365e-07
3.1033	-2.66031e-07
3.1034	-2.76309e-07
3.1035	-2.96569e-07
3.1036	-3.18024e-07
3.1037	-3.38721e-07
3.1038	-3.49494e-07
3.1039	-3.65212e-07
3.104	-3.82377e-07
3.1041	-3.93413e-07
3.1042	-4.09454e-07
3.1043	-4.2965e-07
3.1044	-4.45711e-07
3.1045	-4.67334e-07
3.1046	-4.89898e-07
3.1047	-5.005e-07
3.1048	-5.06994e-07
3.1049	-5.24415e-07
3.105	-5.4162e-07
3.1051	-5.59757e-07
3.1052	-5.76466e-07
3.1053	-5.92066e-07
3.1054	-6.10536e-07
3.1055	-6.33437e-07
3.1056	-6.55794e-07
3.1057	-6.76602e-07
3.1058	-6.9174e-07
3.1059	-7.0775e-07
3.106	-7.23734e-07
3.1061	-7.44351e-07
3.1062	-7.5929e-07
3.1063	-7.7703e-07
3.1064	-7.96876e-07
3.1065	-8.11464e-07
3.1066	-8.26061e-07
3.1067	-8.38257e-07
3.1068	-8.50068e-07
3.1069	-8.62481e-07
3.107	-8.74466e-07
3.1071	-8.82216e-07
3.1072	-8.98772e-07
3.1073	-9.15061e-07
3.1074	-9.2561e-07
3.1075	-9.41333e-07
3.1076	-9.51993e-07
3.1077	-9.66054e-07
3.1078	-9.72507e-07
3.1079	-9.86068e-07
3.108	-9.93971e-07
3.1081	-1.00548e-06
3.1082	-1.01544e-06
3.1083	-1.0256e-06
3.1084	-1.03681e-06
3.1085	-1.047e-06
3.1086	-1.05093e-06
3.1087	-1.06027e-06
3.1088	-1.06842e-06
3.1089	-1.07784e-06
3.109	-1.08552e-06
3.1091	-1.08916e-06
3.1092	-1.09621e-06
3.1093	-1.09791e-06
3.1094	-1.10509e-06
3.1095	-1.10922e-06
3.1096	-1.11472e-06
3.1097	-1.12009e-06
3.1098	-1.1206e-06
3.1099	-1.12395e-06
3.11	-1.12746e-06
3.1101	-1.12912e-06
3.1102	-1.13183e-06
3.1103	-1.13382e-06
3.1104	-1.13468e-06
3.1105	-1.13271e-06
3.1106	-1.13336e-06
3.1107	-1.13323e-06
3.1108	-1.13365e-06
3.1109	-1.13381e-06
3.111	-1.13255e-06
3.1111	-1.13194e-06
3.1112	-1.13093e-06
3.1113	-1.1302e-06
3.1114	-1.12955e-06
3.1115	-1.12894e-06
3.1116	-1.12819e-06
3.1117	-1.12438e-06
3.1118	-1.1213e-06
3.1119	-1.11784e-06
3.112	-1.1118e-06
3.1121	-1.10809e-06
3.1122	-1.10405e-06
3.1123	-1.10079e-06
3.1124	-1.09677e-06
3.1125	-1.09303e-06
3.1126	-1.08949e-06
3.1127	-1.0829e-06
3.1128	-1.08013e-06
3.1129	-1.07383e-06
3.113	-1.07011e-06
3.1131	-1.06515e-06
3.1132	-1.06149e-06
3.1133	-1.05712e-06
3.1134	-1.05264e-06
3.1135	-1.05015e-06
3.1136	-1.04523e-06
3.1137	-1.04005e-06
3.1138	-1.03248e-06
3.1139	-1.02681e-06
3.114	-1.02058e-06
3.1141	-1.0135e-06
3.1142	-1.00715e-06
3.1143	-1.0013e-06
3.1144	-9.94912e-07
3.1145	-9.88634e-07
3.1146	-9.81695e-07
3.1147	-9.76708e-07
3.1148	-9.6546e-07
3.1149	-9.57958e-07
3.115	-9.52066e-07
3.1151	-9.44885e-07
3.1152	-9.39487e-07
3.1153	-9.3167e-07
3.1154	-9.23988e-07
3.1155	-9.14454e-07
3.1156	-9.06321e-07
3.1157	-8.99271e-07
3.1158	-8.91261e-07
3.1159	-8.81676e-07
3.116	-8.71621e-07
3.1161	-8.64867e-07
3.1162	-8.58235e-07
3.1163	-8.52611e-07
3.1164	-8.40316e-07
3.1165	-8.32198e-07
3.1166	-8.2342e-07
3.1167	-8.15488e-07
3.1168	-8.04803e-07
3.1169	-7.95743e-07
3.117	-7.87138e-07
3.1171	-7.76239e-07
3.1172	-7.67242e-07
3.1173	-7.6004e-07
3.1174	-7.5165e-07
3.1175	-7.41859e-07
3.1176	-7.33375e-07
3.1177	-7.22628e-07
3.1178	-7.12086e-07
3.1179	-7.03183e-07
3.118	-6.99839e-07
3.1181	-6.91787e-07
3.1182	-6.82091e-07
3.1183	-6.71795e-07
3.1184	-6.6224e-07
3.1185	-6.51792e-07
3.1186	-6.39292e-07
3.1187	-6.28712e-07
3.1188	-6.1801e-07
3.1189	-6.07018e-07
3.119	-5.96287e-07
3.1191	-5.85743e-07
3.1192	-5.76875e-07
3.1193	-5.6755e-07
3.1194	-5.58386e-07
3.1195	-5.48362e-07
3.1196	-5.404e-07
3.1197	-5.3339e-07
3.1198	-5.22765e-07
3.1199	-5.11948e-07
3.12	-5.02494e-07
3.1201	-4.91766e-07
3.1202	-4.81876e-07
3.1203	-4.73315e-07
3.1204	-4.63423e-07
3.1205	-4.52832e-07
3.1206	-4.4377e-07
3.1207	-4.31303e-07
3.1208	-4.20481e-07
3.1209	-4.09488e-07
3.121	-3.99718e-07
3.1211	-3.88888e-07
3.1212	-3.80137e-07
3.1213	-3.67587e-07
3.1214	-3.56784e-07
3.1215	-3.51127e-07
3.1216	-3.43692e-07
3.1217	-3.38473e-07
3.1218	-3.27668e-07
3.1219	-3.16241e-07
3.122	-3.05982e-07
3.1221	-2.99515e-07
3.1222	-2.93491e-07
3.1223	-2.89178e-07
3.1224	-2.84454e-07
3.1225	-2.73896e-07
3.1226	-2.68646e-07
3.1227	-2.59085e-07
3.1228	-2.55577e-07
3.1229	-2.52112e-07
3.123	-2.49424e-07
3.1231	-2.39124e-07
3.1232	-2.30214e-07
3.1233	-2.1803e-07
3.1234	-2.21301e-07
3.1235	-2.15596e-07
3.1236	-2.09643e-07
3.1237	-2.00868e-07
3.1238	-1.97263e-07
3.1239	-1.94939e-07
3.124	-1.92654e-07
3.1241	-1.88307e-07
3.1242	-1.91284e-07
3.1243	-1.88098e-07
3.1244	-1.91106e-07
3.1245	-1.92464e-07
3.1246	-1.86441e-07
3.1247	-1.82434e-07
3.1248	-1.7771e-07
3.1249	-1.71223e-07
3.125	-1.69028e-07
3.1251	-1.64781e-07
3.1252	-1.63399e-07
3.1253	-1.63994e-07
3.1254	-1.64368e-07
3.1255	-1.60491e-07
3.1256	-1.63835e-07
3.1257	-1.67242e-07
3.1258	-1.63155e-07
3.1259	-1.6189e-07
3.126	-1.59346e-07
3.1261	-1.69062e-07
3.1262	-1.73213e-07
3.1263	-1.76787e-07
3.1264	-1.82218e-07
3.1265	-1.84998e-07
3.1266	-1.90278e-07
3.1267	-1.90144e-07
3.1268	-1.86549e-07
3.1269	-1.87242e-07
3.127	-1.90856e-07
3.1271	-1.94881e-07
3.1272	-2.01365e-07
3.1273	-2.05544e-07
3.1274	-2.10466e-07
3.1275	-2.16352e-07
3.1276	-2.18851e-07
3.1277	-2.25201e-07
3.1278	-2.27675e-07
3.1279	-2.32946e-07
3.128	-2.36486e-07
3.1281	-2.45437e-07
3.1282	-2.51634e-07
3.1283	-2.58952e-07
3.1284	-2.67364e-07
3.1285	-2.68359e-07
3.1286	-2.70601e-07
3.1287	-2.75121e-07
3.1288	-2.8209e-07
3.1289	-2.90784e-07
3.129	-2.9724e-07
3.1291	-3.05095e-07
3.1292	-3.14985e-07
3.1293	-3.19134e-07
3.1294	-3.26285e-07
3.1295	-3.27224e-07
3.1296	-3.31201e-07
3.1297	-3.33562e-07
3.1298	-3.43119e-07
3.1299	-3.54199e-07
3.13	-3.57323e-07
3.1301	-3.64302e-07
3.1302	-3.67003e-07
3.1303	-3.73081e-07
3.1304	-3.82319e-07
3.1305	-3.85861e-07
3.1306	-3.94712e-07
3.1307	-4.02254e-07
3.1308	-4.10326e-07
3.1309	-4.16865e-07
3.131	-4.21111e-07
3.1311	-4.24979e-07
3.1312	-4.2951e-07
3.1313	-4.30688e-07
3.1314	-4.39862e-07
3.1315	-4.4484e-07
3.1316	-4.53272e-07
3.1317	-4.56507e-07
3.1318	-4.60074e-07
3.1319	-4.62894e-07
3.132	-4.6735e-07
3.1321	-4.75543e-07
3.1322	-4.83268e-07
3.1323	-4.92859e-07
3.1324	-5.01645e-07
3.1325	-5.10059e-07
3.1326	-5.15138e-07
3.1327	-5.20947e-07
3.1328	-5.25953e-07
3.1329	-5.31216e-07
3.133	-5.40624e-07
3.1331	-5.46057e-07
3.1332	-5.51949e-07
3.1333	-5.57251e-07
3.1334	-5.61421e-07
3.1335	-5.66715e-07
3.1336	-5.73101e-07
3.1337	-5.80117e-07
3.1338	-5.89019e-07
3.1339	-5.97232e-07
3.134	-6.02832e-07
3.1341	-6.09191e-07
3.1342	-6.16111e-07
3.1343	-6.21081e-07
3.1344	-6.28288e-07
3.1345	-6.35423e-07
3.1346	-6.43397e-07
3.1347	-6.51751e-07
3.1348	-6.5841e-07
3.1349	-6.65448e-07
3.135	-6.71382e-07
3.1351	-6.76245e-07
3.1352	-6.81419e-07
3.1353	-6.83867e-07
3.1354	-6.86196e-07
3.1355	-6.91942e-07
3.1356	-6.99501e-07
3.1357	-7.02759e-07
3.1358	-7.06191e-07
3.1359	-7.09392e-07
3.136	-7.12583e-07
3.1361	-7.16163e-07
3.1362	-7.19347e-07
3.1363	-7.20363e-07
3.1364	-7.22542e-07
3.1365	-7.24833e-07
3.1366	-7.25333e-07
3.1367	-7.26191e-07
3.1368	-7.3097e-07
3.1369	-7.32526e-07
3.137	-7.33703e-07
3.1371	-7.33008e-07
3.1372	-7.35374e-07
3.1373	-7.36533e-07
3.1374	-7.35369e-07
3.1375	-7.35008e-07
3.1376	-7.36247e-07
3.1377	-7.34953e-07
3.1378	-7.352e-07
3.1379	-7.34008e-07
3.138	-7.32316e-07
3.1381	-7.3097e-07
3.1382	-7.29169e-07
3.1383	-7.26591e-07
3.1384	-7.24512e-07
3.1385	-7.23093e-07
3.1386	-7.19857e-07
3.1387	-7.1606e-07
3.1388	-7.13623e-07
3.1389	-7.10264e-07
3.139	-7.0782e-07
3.1391	-7.01432e-07
3.1392	-6.96664e-07
3.1393	-6.93998e-07
3.1394	-6.90408e-07
3.1395	-6.86637e-07
3.1396	-6.82527e-07
3.1397	-6.78465e-07
3.1398	-6.74671e-07
3.1399	-6.69751e-07
3.14	-6.65118e-07
3.1401	-6.6053e-07
3.1402	-6.53999e-07
3.1403	-6.49587e-07
3.1404	-6.4499e-07
3.1405	-6.40849e-07
3.1406	-6.37617e-07
3.1407	-6.31917e-07
3.1408	-6.26081e-07
3.1409	-6.20987e-07
3.141	-6.1578e-07
3.1411	-6.10991e-07
3.1412	-6.06087e-07
3.1413	-5.99155e-07
3.1414	-5.93653e-07
3.1415	-5.88361e-07
3.1416	-5.83028e-07
3.1417	-5.7743e-07
3.1418	-5.72065e-07
3.1419	-5.67939e-07
3.142	-5.63418e-07
3.1421	-5.56346e-07
3.1422	-5.51501e-07
3.1423	-5.46838e-07
3.1424	-5.42046e-07
3.1425	-5.38398e-07
3.1426	-5.33895e-07
3.1427	-5.28588e-07
3.1428	-5.23922e-07
3.1429	-5.19116e-07
3.143	-5.14693e-07
3.1431	-5.06444e-07
3.1432	-5.02496e-07
3.1433	-4.97805e-07
3.1434	-4.92259e-07
3.1435	-4.86634e-07
3.1436	-4.81237e-07
3.1437	-4.75379e-07
3.1438	-4.69628e-07
3.1439	-4.6831e-07
3.144	-4.61308e-07
3.1441	-4.57113e-07
3.1442	-4.52567e-07
3.1443	-4.49287e-07
3.1444	-4.45601e-07
3.1445	-4.40582e-07
3.1446	-4.35851e-07
3.1447	-4.30051e-07
3.1448	-4.21955e-07
3.1449	-4.17073e-07
3.145	-4.1374e-07
3.1451	-4.09168e-07
3.1452	-4.03226e-07
3.1453	-3.97078e-07
3.1454	-3.9194e-07
3.1455	-3.85619e-07
3.1456	-3.79399e-07
3.1457	-3.74035e-07
3.1458	-3.67656e-07
3.1459	-3.61458e-07
3.146	-3.57057e-07
3.1461	-3.51645e-07
3.1462	-3.47147e-07
3.1463	-3.40036e-07
3.1464	-3.37751e-07
3.1465	-3.33651e-07
3.1466	-3.27529e-07
3.1467	-3.23826e-07
3.1468	-3.20711e-07
3.1469	-3.15895e-07
3.147	-3.12041e-07
3.1471	-3.05062e-07
3.1472	-3.00868e-07
3.1473	-2.95818e-07
3.1474	-2.90265e-07
3.1475	-2.84573e-07
3.1476	-2.79799e-07
3.1477	-2.7473e-07
3.1478	-2.70031e-07
3.1479	-2.64485e-07
3.148	-2.61397e-07
3.1481	-2.55886e-07
3.1482	-2.50007e-07
3.1483	-2.44893e-07
3.1484	-2.39021e-07
3.1485	-2.33217e-07
3.1486	-2.27691e-07
3.1487	-2.21926e-07
3.1488	-2.15757e-07
3.1489	-2.08812e-07
3.149	-2.02476e-07
3.1491	-1.9684e-07
3.1492	-1.91309e-07
3.1493	-1.84997e-07
3.1494	-1.78348e-07
3.1495	-1.71889e-07
3.1496	-1.65912e-07
3.1497	-1.59054e-07
3.1498	-1.53104e-07
3.1499	-1.45741e-07
3.15	-1.40092e-07
3.1501	-1.33313e-07
3.1502	-1.27685e-07
3.1503	-1.20593e-07
3.1504	-1.14612e-07
3.1505	-1.07988e-07
3.1506	-1.01487e-07
3.1507	-9.36223e-08
3.1508	-8.51778e-08
3.1509	-7.82226e-08
3.151	-7.08312e-08
3.1511	-6.33595e-08
3.1512	-5.64194e-08
3.1513	-4.88834e-08
3.1514	-4.20387e-08
3.1515	-3.46467e-08
3.1516	-2.79295e-08
3.1517	-2.04963e-08
3.1518	-1.3513e-08
3.1519	-6.5533e-09
3.152	1.13719e-09
3.1521	7.80086e-09
3.1522	1.50233e-08
3.1523	2.24392e-08
3.1524	3.02423e-08
3.1525	3.14697e-08
3.1526	3.86542e-08
3.1527	4.63688e-08
3.1528	5.45536e-08
3.1529	6.14701e-08
3.153	6.85817e-08
3.1531	7.75811e-08
3.1532	8.39535e-08
3.1533	9.38168e-08
3.1534	1.00891e-07
3.1535	1.0766e-07
3.1536	1.16502e-07
3.1537	1.25345e-07
3.1538	1.33956e-07
3.1539	1.43661e-07
3.154	1.51415e-07
3.1541	1.58439e-07
3.1542	1.65057e-07
3.1543	1.72366e-07
3.1544	1.79917e-07
3.1545	1.87362e-07
3.1546	1.90107e-07
3.1547	1.92204e-07
3.1548	2.02011e-07
3.1549	2.08612e-07
3.155	2.17895e-07
3.1551	2.28034e-07
3.1552	2.34371e-07
3.1553	2.42388e-07
3.1554	2.53136e-07
3.1555	2.57232e-07
3.1556	2.66362e-07
3.1557	2.72444e-07
3.1558	2.72919e-07
3.1559	2.72405e-07
3.156	2.73071e-07
3.1561	2.78839e-07
3.1562	2.84783e-07
3.1563	2.85402e-07
3.1564	2.88943e-07
3.1565	2.99078e-07
3.1566	2.98271e-07
3.1567	2.98e-07
3.1568	3.0338e-07
3.1569	3.03542e-07
3.157	3.13268e-07
3.1571	3.18953e-07
3.1572	3.28661e-07
3.1573	3.30754e-07
3.1574	3.35369e-07
3.1575	3.3802e-07
3.1576	3.45652e-07
3.1577	3.44729e-07
3.1578	3.47424e-07
3.1579	3.50575e-07
3.158	3.59431e-07
3.1581	3.62738e-07
3.1582	3.60054e-07
3.1583	3.61822e-07
3.1584	3.64199e-07
3.1585	3.621e-07
3.1586	3.61512e-07
3.1587	3.6886e-07
3.1588	3.74646e-07
3.1589	3.75631e-07
3.159	3.76891e-07
3.1591	3.81385e-07
3.1592	3.8807e-07
3.1593	3.96224e-07
3.1594	3.96677e-07
3.1595	4.03926e-07
3.1596	4.10637e-07
3.1597	4.11351e-07
3.1598	4.11989e-07
3.1599	4.10846e-07
3.16	4.16653e-07
3.1601	4.23738e-07
3.1602	4.24799e-07
3.1603	4.24106e-07
3.1604	4.29548e-07
3.1605	4.27347e-07
3.1606	4.31668e-07
3.1607	4.36677e-07
3.1608	4.41256e-07
3.1609	4.42014e-07
3.161	4.4478e-07
3.1611	4.48627e-07
3.1612	4.45526e-07
3.1613	4.41926e-07
3.1614	4.439e-07
3.1615	4.4677e-07
3.1616	4.46793e-07
3.1617	4.49195e-07
3.1618	4.51244e-07
3.1619	4.52652e-07
3.162	4.53962e-07
3.1621	4.55316e-07
3.1622	4.48987e-07
3.1623	4.43216e-07
3.1624	4.36431e-07
3.1625	4.34895e-07
3.1626	4.28165e-07
3.1627	4.19056e-07
3.1628	4.13013e-07
3.1629	4.05888e-07
3.163	4.02355e-07
3.1631	3.93355e-07
3.1632	3.83268e-07
3.1633	3.79129e-07
3.1634	3.74598e-07
3.1635	3.67556e-07
3.1636	3.62262e-07
3.1637	3.57082e-07
3.1638	3.48969e-07
3.1639	3.4185e-07
3.164	3.3378e-07
3.1641	3.2751e-07
3.1642	3.18149e-07
3.1643	3.09056e-07
3.1644	2.97086e-07
3.1645	2.88567e-07
3.1646	2.7839e-07
3.1647	2.70181e-07
3.1648	2.55591e-07
3.1649	2.37926e-07
3.165	2.27598e-07
3.1651	2.15661e-07
3.1652	2.0569e-07
3.1653	1.9217e-07
3.1654	1.76941e-07
3.1655	1.63493e-07
3.1656	1.47662e-07
3.1657	1.32774e-07
3.1658	1.24656e-07
3.1659	1.0916e-07
3.166	9.13077e-08
3.1661	7.33659e-08
3.1662	5.41143e-08
3.1663	3.96955e-08
3.1664	2.80105e-08
3.1665	1.26871e-08
3.1666	-7.87824e-09
3.1667	-2.58283e-08
3.1668	-4.31614e-08
3.1669	-6.04265e-08
3.167	-7.97847e-08
3.1671	-8.98656e-08
3.1672	-1.061e-07
3.1673	-1.25587e-07
3.1674	-1.41747e-07
3.1675	-1.62565e-07
3.1676	-1.83047e-07
3.1677	-1.90243e-07
3.1678	-2.07272e-07
3.1679	-2.16597e-07
3.168	-2.3575e-07
3.1681	-2.47868e-07
3.1682	-2.66925e-07
3.1683	-2.70622e-07
3.1684	-2.92293e-07
3.1685	-3.09045e-07
3.1686	-3.26719e-07
3.1687	-3.3704e-07
3.1688	-3.48055e-07
3.1689	-3.65049e-07
3.169	-3.82023e-07
3.1691	-3.9843e-07
3.1692	-4.19751e-07
3.1693	-4.3563e-07
3.1694	-4.5699e-07
3.1695	-4.72789e-07
3.1696	-4.88001e-07
3.1697	-5.03635e-07
3.1698	-5.1811e-07
3.1699	-5.34084e-07
3.17	-5.45326e-07
3.1701	-5.64114e-07
3.1702	-5.78141e-07
3.1703	-5.97782e-07
3.1704	-6.17942e-07
3.1705	-6.33806e-07
3.1706	-6.46252e-07
3.1707	-6.62681e-07
3.1708	-6.79654e-07
3.1709	-6.88381e-07
3.171	-7.01021e-07
3.1711	-7.1124e-07
3.1712	-7.27534e-07
3.1713	-7.38646e-07
3.1714	-7.4998e-07
3.1715	-7.63942e-07
3.1716	-7.772e-07
3.1717	-7.91056e-07
3.1718	-8.0063e-07
3.1719	-8.12445e-07
3.172	-8.25434e-07
3.1721	-8.36555e-07
3.1722	-8.47409e-07
3.1723	-8.58158e-07
3.1724	-8.67242e-07
3.1725	-8.76195e-07
3.1726	-8.85147e-07
3.1727	-8.95287e-07
3.1728	-9.04338e-07
3.1729	-9.07845e-07
3.173	-9.16671e-07
3.1731	-9.20051e-07
3.1732	-9.27893e-07
3.1733	-9.33864e-07
3.1734	-9.39442e-07
3.1735	-9.44312e-07
3.1736	-9.4873e-07
3.1737	-9.52688e-07
3.1738	-9.55995e-07
3.1739	-9.58621e-07
3.174	-9.62896e-07
3.1741	-9.62509e-07
3.1742	-9.63472e-07
3.1743	-9.65072e-07
3.1744	-9.66521e-07
3.1745	-9.67074e-07
3.1746	-9.68507e-07
3.1747	-9.69801e-07
3.1748	-9.67911e-07
3.1749	-9.649e-07
3.175	-9.64681e-07
3.1751	-9.64257e-07
3.1752	-9.6325e-07
3.1753	-9.61942e-07
3.1754	-9.59172e-07
3.1755	-9.55831e-07
3.1756	-9.54151e-07
3.1757	-9.50662e-07
3.1758	-9.4858e-07
3.1759	-9.4575e-07
3.176	-9.43149e-07
3.1761	-9.39544e-07
3.1762	-9.33693e-07
3.1763	-9.29337e-07
3.1764	-9.26555e-07
3.1765	-9.22992e-07
3.1766	-9.19068e-07
3.1767	-9.14191e-07
3.1768	-9.0671e-07
3.1769	-9.01307e-07
3.177	-8.96813e-07
3.1771	-8.90517e-07
3.1772	-8.8668e-07
3.1773	-8.81076e-07
3.1774	-8.76806e-07
3.1775	-8.71439e-07
3.1776	-8.66065e-07
3.1777	-8.60721e-07
3.1778	-8.54575e-07
3.1779	-8.47935e-07
3.178	-8.42154e-07
3.1781	-8.35842e-07
3.1782	-8.30688e-07
3.1783	-8.23878e-07
3.1784	-8.18553e-07
3.1785	-8.12127e-07
3.1786	-8.02149e-07
3.1787	-7.95073e-07
3.1788	-7.89197e-07
3.1789	-7.81304e-07
3.179	-7.73557e-07
3.1791	-7.65014e-07
3.1792	-7.58009e-07
3.1793	-7.50603e-07
3.1794	-7.42147e-07
3.1795	-7.33513e-07
3.1796	-7.24755e-07
3.1797	-7.16685e-07
3.1798	-7.06769e-07
3.1799	-6.98874e-07
3.18	-6.92379e-07
3.1801	-6.86064e-07
3.1802	-6.74842e-07
3.1803	-6.66056e-07
3.1804	-6.57353e-07
3.1805	-6.48505e-07
3.1806	-6.38946e-07
3.1807	-6.29939e-07
3.1808	-6.20837e-07
3.1809	-6.11927e-07
3.181	-6.06832e-07
3.1811	-5.97677e-07
3.1812	-5.90925e-07
3.1813	-5.81357e-07
3.1814	-5.72715e-07
3.1815	-5.60821e-07
3.1816	-5.49526e-07
3.1817	-5.41209e-07
3.1818	-5.32514e-07
3.1819	-5.23331e-07
3.182	-5.1449e-07
3.1821	-5.04925e-07
3.1822	-4.94758e-07
3.1823	-4.84419e-07
3.1824	-4.73283e-07
3.1825	-4.60845e-07
3.1826	-4.51866e-07
3.1827	-4.40934e-07
3.1828	-4.29952e-07
3.1829	-4.19773e-07
3.183	-4.10008e-07
3.1831	-3.99208e-07
3.1832	-3.88778e-07
3.1833	-3.7944e-07
3.1834	-3.69996e-07
3.1835	-3.61439e-07
3.1836	-3.54828e-07
3.1837	-3.47341e-07
3.1838	-3.38748e-07
3.1839	-3.3054e-07
3.184	-3.19819e-07
3.1841	-3.11299e-07
3.1842	-3.05187e-07
3.1843	-2.95434e-07
3.1844	-2.85806e-07
3.1845	-2.74345e-07
3.1846	-2.67169e-07
3.1847	-2.56631e-07
3.1848	-2.54287e-07
3.1849	-2.47637e-07
3.185	-2.37163e-07
3.1851	-2.30832e-07
3.1852	-2.24997e-07
3.1853	-2.15985e-07
3.1854	-2.08834e-07
3.1855	-1.97566e-07
3.1856	-1.90713e-07
3.1857	-1.87225e-07
3.1858	-1.77165e-07
3.1859	-1.7023e-07
3.186	-1.62215e-07
3.1861	-1.57675e-07
3.1862	-1.52512e-07
3.1863	-1.49769e-07
3.1864	-1.46001e-07
3.1865	-1.41105e-07
3.1866	-1.3593e-07
3.1867	-1.31424e-07
3.1868	-1.27634e-07
3.1869	-1.17305e-07
3.187	-1.16839e-07
3.1871	-1.14099e-07
3.1872	-1.05078e-07
3.1873	-9.79217e-08
3.1874	-9.70471e-08
3.1875	-8.62804e-08
3.1876	-8.16986e-08
3.1877	-8.29252e-08
3.1878	-8.0711e-08
3.1879	-7.21996e-08
3.188	-6.96667e-08
3.1881	-6.06057e-08
3.1882	-6.30358e-08
3.1883	-6.162e-08
3.1884	-6.36915e-08
3.1885	-6.30803e-08
3.1886	-5.76063e-08
3.1887	-5.81813e-08
3.1888	-5.94057e-08
3.1889	-6.06175e-08
3.189	-5.87399e-08
3.1891	-5.47854e-08
3.1892	-5.5192e-08
3.1893	-5.08621e-08
3.1894	-4.66712e-08
3.1895	-4.77569e-08
3.1896	-4.92664e-08
3.1897	-4.95874e-08
3.1898	-5.41246e-08
3.1899	-5.64569e-08
3.19	-6.01812e-08
3.1901	-6.10059e-08
3.1902	-5.86786e-08
3.1903	-6.31765e-08
3.1904	-6.35557e-08
3.1905	-6.24258e-08
3.1906	-6.78882e-08
3.1907	-6.37837e-08
3.1908	-6.22662e-08
3.1909	-6.75336e-08
3.191	-7.29006e-08
3.1911	-7.39679e-08
3.1912	-7.74345e-08
3.1913	-8.33731e-08
3.1914	-8.8429e-08
3.1915	-9.12928e-08
3.1916	-9.11238e-08
3.1917	-9.51357e-08
3.1918	-9.75053e-08
3.1919	-1.0065e-07
3.192	-1.12252e-07
3.1921	-1.18238e-07
3.1922	-1.22618e-07
3.1923	-1.31042e-07
3.1924	-1.33884e-07
3.1925	-1.35315e-07
3.1926	-1.40585e-07
3.1927	-1.45357e-07
3.1928	-1.52328e-07
3.1929	-1.59718e-07
3.193	-1.62744e-07
3.1931	-1.70818e-07
3.1932	-1.78658e-07
3.1933	-1.87668e-07
3.1934	-1.89913e-07
3.1935	-1.99516e-07
3.1936	-2.12169e-07
3.1937	-2.14699e-07
3.1938	-2.23967e-07
3.1939	-2.34272e-07
3.194	-2.37902e-07
3.1941	-2.42204e-07
3.1942	-2.49141e-07
3.1943	-2.57665e-07
3.1944	-2.61523e-07
3.1945	-2.68916e-07
3.1946	-2.81626e-07
3.1947	-2.89457e-07
3.1948	-2.96751e-07
3.1949	-2.99107e-07
3.195	-3.09884e-07
3.1951	-3.22725e-07
3.1952	-3.26004e-07
3.1953	-3.35638e-07
3.1954	-3.39401e-07
3.1955	-3.47572e-07
3.1956	-3.51833e-07
3.1957	-3.55185e-07
3.1958	-3.67694e-07
3.1959	-3.76529e-07
3.196	-3.8564e-07
3.1961	-3.92805e-07
3.1962	-3.97129e-07
3.1963	-4.10648e-07
3.1964	-4.15778e-07
3.1965	-4.20594e-07
3.1966	-4.33451e-07
3.1967	-4.42055e-07
3.1968	-4.52512e-07
3.1969	-4.57313e-07
3.197	-4.6644e-07
3.1971	-4.70717e-07
3.1972	-4.80102e-07
3.1973	-4.8899e-07
3.1974	-4.92834e-07
3.1975	-5.0041e-07
3.1976	-5.09277e-07
3.1977	-5.14592e-07
3.1978	-5.2172e-07
3.1979	-5.28129e-07
3.198	-5.32214e-07
3.1981	-5.40939e-07
3.1982	-5.47748e-07
3.1983	-5.54651e-07
3.1984	-5.61867e-07
3.1985	-5.67389e-07
3.1986	-5.74497e-07
3.1987	-5.80518e-07
3.1988	-5.89986e-07
3.1989	-5.95445e-07
3.199	-6.00167e-07
3.1991	-6.04953e-07
3.1992	-6.09844e-07
3.1993	-6.13586e-07
3.1994	-6.17847e-07
3.1995	-6.24261e-07
3.1996	-6.27563e-07
3.1997	-6.31327e-07
3.1998	-6.34958e-07
3.1999	-6.38068e-07
3.2	-6.42497e-07
3.2001	-6.46284e-07
3.2002	-6.4829e-07
3.2003	-6.4934e-07
3.2004	-6.50826e-07
3.2005	-6.52457e-07
3.2006	-6.5394e-07
3.2007	-6.579e-07
3.2008	-6.5955e-07
3.2009	-6.59122e-07
3.201	-6.59612e-07
3.2011	-6.60166e-07
3.2012	-6.6113e-07
3.2013	-6.60101e-07
3.2014	-6.6107e-07
3.2015	-6.63147e-07
3.2016	-6.62674e-07
3.2017	-6.61979e-07
3.2018	-6.59952e-07
3.2019	-6.58988e-07
3.202	-6.56262e-07
3.2021	-6.54769e-07
3.2022	-6.52843e-07
3.2023	-6.49942e-07
3.2024	-6.48782e-07
3.2025	-6.44967e-07
3.2026	-6.41711e-07
3.2027	-6.38826e-07
3.2028	-6.34455e-07
3.2029	-6.30708e-07
3.203	-6.28321e-07
3.2031	-6.25525e-07
3.2032	-6.2155e-07
3.2033	-6.1764e-07
3.2034	-6.13884e-07
3.2035	-6.09692e-07
3.2036	-6.04597e-07
3.2037	-6.01162e-07
3.2038	-5.96846e-07
3.2039	-5.92341e-07
3.204	-5.87641e-07
3.2041	-5.81587e-07
3.2042	-5.77757e-07
3.2043	-5.75073e-07
3.2044	-5.71155e-07
3.2045	-5.66302e-07
3.2046	-5.61738e-07
3.2047	-5.56754e-07
3.2048	-5.51284e-07
3.2049	-5.4692e-07
3.205	-5.40121e-07
3.2051	-5.33217e-07
3.2052	-5.28414e-07
3.2053	-5.23378e-07
3.2054	-5.17475e-07
3.2055	-5.12144e-07
3.2056	-5.07041e-07
3.2057	-5.02183e-07
3.2058	-4.97198e-07
3.2059	-4.90267e-07
3.206	-4.86141e-07
3.2061	-4.82223e-07
3.2062	-4.78604e-07
3.2063	-4.74164e-07
3.2064	-4.68487e-07
3.2065	-4.6533e-07
3.2066	-4.59232e-07
3.2067	-4.54111e-07
3.2068	-4.49431e-07
3.2069	-4.40769e-07
3.207	-4.36723e-07
3.2071	-4.2984e-07
3.2072	-4.24161e-07
3.2073	-4.18615e-07
3.2074	-4.12197e-07
3.2075	-4.06034e-07
3.2076	-4.00952e-07
3.2077	-3.9545e-07
3.2078	-3.88064e-07
3.2079	-3.82971e-07
3.208	-3.77633e-07
3.2081	-3.72984e-07
3.2082	-3.67339e-07
3.2083	-3.61933e-07
3.2084	-3.55653e-07
3.2085	-3.50866e-07
3.2086	-3.46175e-07
3.2087	-3.37824e-07
3.2088	-3.35169e-07
3.2089	-3.30852e-07
3.209	-3.26571e-07
3.2091	-3.20525e-07
3.2092	-3.14426e-07
3.2093	-3.08191e-07
3.2094	-3.03512e-07
3.2095	-2.97273e-07
3.2096	-2.92946e-07
3.2097	-2.8642e-07
3.2098	-2.80548e-07
3.2099	-2.75752e-07
3.21	-2.69566e-07
3.2101	-2.6481e-07
3.2102	-2.59617e-07
3.2103	-2.55464e-07
3.2104	-2.48959e-07
3.2105	-2.42022e-07
3.2106	-2.36391e-07
3.2107	-2.32594e-07
3.2108	-2.27394e-07
3.2109	-2.2119e-07
3.211	-2.15191e-07
3.2111	-2.10037e-07
3.2112	-2.04193e-07
3.2113	-1.98535e-07
3.2114	-1.92525e-07
3.2115	-1.86533e-07
3.2116	-1.82494e-07
3.2117	-1.78127e-07
3.2118	-1.73833e-07
3.2119	-1.67414e-07
3.212	-1.61447e-07
3.2121	-1.5466e-07
3.2122	-1.49505e-07
3.2123	-1.43547e-07
3.2124	-1.3779e-07
3.2125	-1.31736e-07
3.2126	-1.2581e-07
3.2127	-1.18527e-07
3.2128	-1.1217e-07
3.2129	-1.06732e-07
3.213	-1.00408e-07
3.2131	-9.43358e-08
3.2132	-8.73078e-08
3.2133	-8.18788e-08
3.2134	-7.48507e-08
3.2135	-6.8088e-08
3.2136	-6.07774e-08
3.2137	-5.48202e-08
3.2138	-4.8559e-08
3.2139	-4.24285e-08
3.214	-3.58549e-08
3.2141	-2.87281e-08
3.2142	-2.28125e-08
3.2143	-1.59053e-08
3.2144	-9.00737e-09
3.2145	-2.81795e-09
3.2146	5.52243e-09
3.2147	1.32235e-08
3.2148	2.03486e-08
3.2149	2.77839e-08
3.215	3.48491e-08
3.2151	4.26518e-08
3.2152	4.95204e-08
3.2153	5.62048e-08
3.2154	6.38433e-08
3.2155	7.1287e-08
3.2156	7.93945e-08
3.2157	8.76442e-08
3.2158	9.6011e-08
3.2159	1.02108e-07
3.216	1.0929e-07
3.2161	1.17117e-07
3.2162	1.2461e-07
3.2163	1.33074e-07
3.2164	1.37525e-07
3.2165	1.44861e-07
3.2166	1.52626e-07
3.2167	1.60103e-07
3.2168	1.66986e-07
3.2169	1.70405e-07
3.217	1.78633e-07
3.2171	1.82604e-07
3.2172	1.89758e-07
3.2173	1.96978e-07
3.2174	2.04351e-07
3.2175	2.12417e-07
3.2176	2.2128e-07
3.2177	2.25319e-07
3.2178	2.32461e-07
3.2179	2.40245e-07
3.218	2.4774e-07
3.2181	2.54805e-07
3.2182	2.62367e-07
3.2183	2.69722e-07
3.2184	2.77216e-07
3.2185	2.87068e-07
3.2186	2.94598e-07
3.2187	3.01501e-07
3.2188	3.11027e-07
3.2189	3.21269e-07
3.219	3.31222e-07
3.2191	3.34003e-07
3.2192	3.42912e-07
3.2193	3.491e-07
3.2194	3.54316e-07
3.2195	3.6036e-07
3.2196	3.66576e-07
3.2197	3.66751e-07
3.2198	3.66778e-07
3.2199	3.725e-07
3.22	3.71744e-07
3.2201	3.77678e-07
3.2202	3.83826e-07
3.2203	3.80814e-07
3.2204	3.86292e-07
3.2205	3.91306e-07
3.2206	4.01151e-07
3.2207	4.001e-07
3.2208	4.05046e-07
3.2209	4.04977e-07
3.221	4.1361e-07
3.2211	4.22169e-07
3.2212	4.2708e-07
3.2213	4.36075e-07
3.2214	4.4573e-07
3.2215	4.43107e-07
3.2216	4.47448e-07
3.2217	4.51257e-07
3.2218	4.59391e-07
3.2219	4.6104e-07
3.222	4.68887e-07
3.2221	4.71725e-07
3.2222	4.74804e-07
3.2223	4.82761e-07
3.2224	4.84455e-07
3.2225	4.86083e-07
3.2226	4.78614e-07
3.2227	4.84229e-07
3.2228	4.89719e-07
3.2229	4.90747e-07
3.223	4.97187e-07
3.2231	4.94554e-07
3.2232	4.94491e-07
3.2233	4.90663e-07
3.2234	4.97403e-07
3.2235	5.04935e-07
3.2236	5.03669e-07
3.2237	4.99822e-07
3.2238	5.04807e-07
3.2239	5.04931e-07
3.224	5.04113e-07
3.2241	5.0309e-07
3.2242	5.07839e-07
3.2243	5.11256e-07
3.2244	5.08033e-07
3.2245	5.06701e-07
3.2246	5.05193e-07
3.2247	5.07773e-07
3.2248	5.1095e-07
3.2249	5.08614e-07
3.225	5.04833e-07
3.2251	5.05223e-07
3.2252	5.07049e-07
3.2253	5.08498e-07
3.2254	5.10719e-07
3.2255	5.07246e-07
3.2256	5.08745e-07
3.2257	5.02097e-07
3.2258	5.03649e-07
3.2259	5.03519e-07
3.226	4.96757e-07
3.2261	4.95445e-07
3.2262	4.93827e-07
3.2263	4.91127e-07
3.2264	4.90388e-07
3.2265	4.85862e-07
3.2266	4.79289e-07
3.2267	4.69627e-07
3.2268	4.66459e-07
3.2269	4.60967e-07
3.227	4.5342e-07
3.2271	4.48725e-07
3.2272	4.41892e-07
3.2273	4.36102e-07
3.2274	4.29413e-07
3.2275	4.18362e-07
3.2276	4.08027e-07
3.2277	4.00151e-07
3.2278	3.91501e-07
3.2279	3.82816e-07
3.228	3.69697e-07
3.2281	3.59987e-07
3.2282	3.5021e-07
3.2283	3.38588e-07
3.2284	3.27028e-07
3.2285	3.1559e-07
3.2286	3.01587e-07
3.2287	2.87876e-07
3.2288	2.75418e-07
3.2289	2.66175e-07
3.229	2.52086e-07
3.2291	2.37207e-07
3.2292	2.24412e-07
3.2293	2.08515e-07
3.2294	1.922e-07
3.2295	1.75647e-07
3.2296	1.59155e-07
3.2297	1.41316e-07
3.2298	1.33232e-07
3.2299	1.15083e-07
3.23	9.8679e-08
3.2301	8.5805e-08
3.2302	6.73922e-08
3.2303	5.9456e-08
3.2304	5.15183e-08
3.2305	3.82946e-08
3.2306	1.87399e-08
3.2307	-2.17235e-09
3.2308	-1.98338e-08
3.2309	-3.51055e-08
3.231	-5.49743e-08
3.2311	-6.58557e-08
3.2312	-8.76317e-08
3.2313	-1.09383e-07
3.2314	-1.30518e-07
3.2315	-1.5217e-07
3.2316	-1.69398e-07
3.2317	-1.86749e-07
3.2318	-2.06121e-07
3.2319	-2.24359e-07
3.232	-2.34753e-07
3.2321	-2.56534e-07
3.2322	-2.64063e-07
3.2323	-2.76136e-07
3.2324	-2.93355e-07
3.2325	-3.05912e-07
3.2326	-3.23037e-07
3.2327	-3.39177e-07
3.2328	-3.56794e-07
3.2329	-3.73614e-07
3.233	-3.90163e-07
3.2331	-4.06704e-07
3.2332	-4.24285e-07
3.2333	-4.39359e-07
3.2334	-4.56077e-07
3.2335	-4.66478e-07
3.2336	-4.82588e-07
3.2337	-4.96059e-07
3.2338	-5.10126e-07
3.2339	-5.25613e-07
3.234	-5.37992e-07
3.2341	-5.50858e-07
3.2342	-5.7011e-07
3.2343	-5.81948e-07
3.2344	-5.99993e-07
3.2345	-6.10309e-07
3.2346	-6.22758e-07
3.2347	-6.38213e-07
3.2348	-6.50108e-07
3.2349	-6.57399e-07
3.235	-6.72535e-07
3.2351	-6.82646e-07
3.2352	-6.94572e-07
3.2353	-7.06485e-07
3.2354	-7.20148e-07
3.2355	-7.32426e-07
3.2356	-7.40438e-07
3.2357	-7.55164e-07
3.2358	-7.62686e-07
3.2359	-7.73727e-07
3.236	-7.84656e-07
3.2361	-7.91215e-07
3.2362	-7.96849e-07
3.2363	-8.07196e-07
3.2364	-8.10838e-07
3.2365	-8.18922e-07
3.2366	-8.28698e-07
3.2367	-8.3613e-07
3.2368	-8.43304e-07
3.2369	-8.46891e-07
3.237	-8.53845e-07
3.2371	-8.57386e-07
3.2372	-8.62351e-07
3.2373	-8.66365e-07
3.2374	-8.70488e-07
3.2375	-8.72884e-07
3.2376	-8.72359e-07
3.2377	-8.75992e-07
3.2378	-8.77494e-07
3.2379	-8.80359e-07
3.238	-8.81879e-07
3.2381	-8.83456e-07
3.2382	-8.8487e-07
3.2383	-8.86587e-07
3.2384	-8.90195e-07
3.2385	-8.90708e-07
3.2386	-8.88953e-07
3.2387	-8.88417e-07
3.2388	-8.84231e-07
3.2389	-8.82117e-07
3.239	-8.76882e-07
3.2391	-8.75741e-07
3.2392	-8.74913e-07
3.2393	-8.73382e-07
3.2394	-8.69898e-07
3.2395	-8.68409e-07
3.2396	-8.62874e-07
3.2397	-8.60871e-07
3.2398	-8.57626e-07
3.2399	-8.54366e-07
3.24	-8.50303e-07
3.2401	-8.49032e-07
3.2402	-8.45083e-07
3.2403	-8.40643e-07
3.2404	-8.37308e-07
3.2405	-8.32722e-07
3.2406	-8.25585e-07
3.2407	-8.20696e-07
3.2408	-8.15211e-07
3.2409	-8.11952e-07
3.241	-8.07071e-07
3.2411	-8.03361e-07
3.2412	-7.97696e-07
3.2413	-7.92639e-07
3.2414	-7.88289e-07
3.2415	-7.8369e-07
3.2416	-7.77546e-07
3.2417	-7.70019e-07
3.2418	-7.63272e-07
3.2419	-7.57233e-07
3.242	-7.50721e-07
3.2421	-7.45462e-07
3.2422	-7.40466e-07
3.2423	-7.34753e-07
3.2424	-7.26083e-07
3.2425	-7.18092e-07
3.2426	-7.1162e-07
3.2427	-7.02938e-07
3.2428	-6.94552e-07
3.2429	-6.85722e-07
3.243	-6.77098e-07
3.2431	-6.69311e-07
3.2432	-6.60916e-07
3.2433	-6.52538e-07
3.2434	-6.45062e-07
3.2435	-6.3765e-07
3.2436	-6.30096e-07
3.2437	-6.2031e-07
3.2438	-6.13387e-07
3.2439	-6.05828e-07
3.244	-5.95559e-07
3.2441	-5.88353e-07
3.2442	-5.79612e-07
3.2443	-5.7104e-07
3.2444	-5.5957e-07
3.2445	-5.48978e-07
3.2446	-5.39438e-07
3.2447	-5.29941e-07
3.2448	-5.20339e-07
3.2449	-5.10734e-07
3.245	-5.01355e-07
3.2451	-4.91555e-07
3.2452	-4.81835e-07
3.2453	-4.73969e-07
3.2454	-4.62855e-07
3.2455	-4.55078e-07
3.2456	-4.44101e-07
3.2457	-4.35539e-07
3.2458	-4.29075e-07
3.2459	-4.18799e-07
3.246	-4.08389e-07
3.2461	-4.00917e-07
3.2462	-3.91072e-07
3.2463	-3.79846e-07
3.2464	-3.68633e-07
3.2465	-3.60211e-07
3.2466	-3.49527e-07
3.2467	-3.3906e-07
3.2468	-3.29304e-07
3.2469	-3.18746e-07
3.247	-3.08218e-07
3.2471	-2.99945e-07
3.2472	-2.89375e-07
3.2473	-2.79404e-07
3.2474	-2.72288e-07
3.2475	-2.61879e-07
3.2476	-2.52223e-07
3.2477	-2.43536e-07
3.2478	-2.3615e-07
3.2479	-2.25534e-07
3.248	-2.1359e-07
3.2481	-2.08635e-07
3.2482	-1.99286e-07
3.2483	-1.89639e-07
3.2484	-1.797e-07
3.2485	-1.69031e-07
3.2486	-1.58327e-07
3.2487	-1.51033e-07
3.2488	-1.40493e-07
3.2489	-1.30694e-07
3.249	-1.20496e-07
3.2491	-1.10703e-07
3.2492	-1.01105e-07
3.2493	-8.98404e-08
3.2494	-7.85685e-08
3.2495	-6.74318e-08
3.2496	-6.29818e-08
3.2497	-5.46971e-08
3.2498	-5.05966e-08
3.2499	-3.96841e-08
3.25	-2.74344e-08
3.2501	-2.28889e-08
3.2502	-1.95447e-08
3.2503	-1.52113e-08
3.2504	-1.02233e-08
3.2505	-4.58718e-09
3.2506	-1.13067e-09
3.2507	3.82876e-09
3.2508	9.55067e-09
3.2509	1.96156e-08
3.251	1.98073e-08
3.2511	3.1642e-08
3.2512	3.78841e-08
3.2513	3.92959e-08
3.2514	4.83276e-08
3.2515	5.4803e-08
3.2516	5.75888e-08
3.2517	6.23194e-08
3.2518	6.07837e-08
3.2519	6.46861e-08
3.252	6.99407e-08
3.2521	7.07418e-08
3.2522	7.88427e-08
3.2523	7.95567e-08
3.2524	7.36487e-08
3.2525	7.15873e-08
3.2526	7.08252e-08
3.2527	7.02433e-08
3.2528	6.85775e-08
3.2529	6.83524e-08
3.253	7.37095e-08
3.2531	8.05896e-08
3.2532	8.07889e-08
3.2533	8.07864e-08
3.2534	7.90185e-08
3.2535	7.49641e-08
3.2536	7.19689e-08
3.2537	7.37526e-08
3.2538	7.01992e-08
3.2539	6.23052e-08
3.254	5.89256e-08
3.2541	5.69078e-08
3.2542	5.30765e-08
3.2543	4.79412e-08
3.2544	4.61048e-08
3.2545	4.09034e-08
3.2546	4.02566e-08
3.2547	4.30381e-08
3.2548	3.73493e-08
3.2549	3.15078e-08
3.255	3.09552e-08
3.2551	2.59247e-08
3.2552	2.00147e-08
3.2553	1.56602e-08
3.2554	1.40413e-08
3.2555	7.01963e-09
3.2556	1.46671e-09
3.2557	-4.16591e-09
3.2558	-1.09973e-08
3.2559	-1.66083e-08
3.256	-2.16322e-08
3.2561	-2.62605e-08
3.2562	-3.23942e-08
3.2563	-3.53189e-08
3.2564	-3.96305e-08
3.2565	-4.69599e-08
3.2566	-4.99629e-08
3.2567	-5.47605e-08
3.2568	-5.8676e-08
3.2569	-6.34002e-08
3.257	-7.11319e-08
3.2571	-8.01284e-08
3.2572	-8.86573e-08
3.2573	-8.92159e-08
3.2574	-9.78408e-08
3.2575	-1.09331e-07
3.2576	-1.19013e-07
3.2577	-1.21506e-07
3.2578	-1.29461e-07
3.2579	-1.43281e-07
3.258	-1.49497e-07
3.2581	-1.55964e-07
3.2582	-1.65311e-07
3.2583	-1.7374e-07
3.2584	-1.85782e-07
3.2585	-1.9295e-07
3.2586	-2.00353e-07
3.2587	-2.03422e-07
3.2588	-2.14292e-07
3.2589	-2.1915e-07
3.259	-2.27202e-07
3.2591	-2.30388e-07
3.2592	-2.33389e-07
3.2593	-2.46429e-07
3.2594	-2.60084e-07
3.2595	-2.64345e-07
3.2596	-2.7207e-07
3.2597	-2.76672e-07
3.2598	-2.80871e-07
3.2599	-2.88949e-07
3.26	-2.9829e-07
3.2601	-3.03835e-07
3.2602	-3.13289e-07
3.2603	-3.22587e-07
3.2604	-3.31217e-07
3.2605	-3.39461e-07
3.2606	-3.54174e-07
3.2607	-3.599e-07
3.2608	-3.69343e-07
3.2609	-3.77565e-07
3.261	-3.86693e-07
3.2611	-3.92019e-07
3.2612	-4.05104e-07
3.2613	-4.09495e-07
3.2614	-4.18629e-07
3.2615	-4.24672e-07
3.2616	-4.3446e-07
3.2617	-4.42956e-07
3.2618	-4.51223e-07
3.2619	-4.59058e-07
3.262	-4.64764e-07
3.2621	-4.68639e-07
3.2622	-4.73313e-07
3.2623	-4.82608e-07
3.2624	-4.87921e-07
3.2625	-4.9443e-07
3.2626	-4.99748e-07
3.2627	-5.05475e-07
3.2628	-5.11644e-07
3.2629	-5.16937e-07
3.263	-5.21387e-07
3.2631	-5.25077e-07
3.2632	-5.27982e-07
3.2633	-5.32442e-07
3.2634	-5.36989e-07
3.2635	-5.39351e-07
3.2636	-5.43947e-07
3.2637	-5.47746e-07
3.2638	-5.50668e-07
3.2639	-5.55297e-07
3.264	-5.57821e-07
3.2641	-5.59929e-07
3.2642	-5.61349e-07
3.2643	-5.62023e-07
3.2644	-5.64046e-07
3.2645	-5.66157e-07
3.2646	-5.67904e-07
3.2647	-5.69307e-07
3.2648	-5.7099e-07
3.2649	-5.71355e-07
3.265	-5.71813e-07
3.2651	-5.72302e-07
3.2652	-5.72136e-07
3.2653	-5.71135e-07
3.2654	-5.71977e-07
3.2655	-5.70548e-07
3.2656	-5.69771e-07
3.2657	-5.68318e-07
3.2658	-5.66927e-07
3.2659	-5.66843e-07
3.266	-5.63675e-07
3.2661	-5.6281e-07
3.2662	-5.60011e-07
3.2663	-5.58079e-07
3.2664	-5.55693e-07
3.2665	-5.53245e-07
3.2666	-5.49978e-07
3.2667	-5.48142e-07
3.2668	-5.42999e-07
3.2669	-5.39926e-07
3.267	-5.36997e-07
3.2671	-5.33064e-07
3.2672	-5.30017e-07
3.2673	-5.25849e-07
3.2674	-5.23074e-07
3.2675	-5.1917e-07
3.2676	-5.14152e-07
3.2677	-5.09373e-07
3.2678	-5.04698e-07
3.2679	-5.00909e-07
3.268	-4.9237e-07
3.2681	-4.89426e-07
3.2682	-4.85485e-07
3.2683	-4.81016e-07
3.2684	-4.76247e-07
3.2685	-4.71683e-07
3.2686	-4.65989e-07
3.2687	-4.6029e-07
3.2688	-4.55482e-07
3.2689	-4.50414e-07
3.269	-4.43109e-07
3.2691	-4.36997e-07
3.2692	-4.31628e-07
3.2693	-4.2577e-07
3.2694	-4.19612e-07
3.2695	-4.14058e-07
3.2696	-4.08524e-07
3.2697	-4.02772e-07
3.2698	-3.95905e-07
3.2699	-3.88136e-07
3.27	-3.83686e-07
3.2701	-3.7907e-07
3.2702	-3.74056e-07
3.2703	-3.6854e-07
3.2704	-3.6318e-07
3.2705	-3.57718e-07
3.2706	-3.527e-07
3.2707	-3.46896e-07
3.2708	-3.40954e-07
3.2709	-3.36378e-07
3.271	-3.31306e-07
3.2711	-3.24955e-07
3.2712	-3.1952e-07
3.2713	-3.13807e-07
3.2714	-3.08024e-07
3.2715	-3.01977e-07
3.2716	-2.98935e-07
3.2717	-2.91941e-07
3.2718	-2.871e-07
3.2719	-2.81738e-07
3.272	-2.76096e-07
3.2721	-2.71241e-07
3.2722	-2.65909e-07
3.2723	-2.62464e-07
3.2724	-2.57779e-07
3.2725	-2.50251e-07
3.2726	-2.45066e-07
3.2727	-2.41392e-07
3.2728	-2.36307e-07
3.2729	-2.30355e-07
3.273	-2.24488e-07
3.2731	-2.19661e-07
3.2732	-2.13535e-07
3.2733	-2.08893e-07
3.2734	-2.02948e-07
3.2735	-1.98257e-07
3.2736	-1.94017e-07
3.2737	-1.87986e-07
3.2738	-1.82342e-07
3.2739	-1.76277e-07
3.274	-1.70138e-07
3.2741	-1.67371e-07
3.2742	-1.61492e-07
3.2743	-1.5529e-07
3.2744	-1.5025e-07
3.2745	-1.46556e-07
3.2746	-1.41883e-07
3.2747	-1.36158e-07
3.2748	-1.3262e-07
3.2749	-1.27057e-07
3.275	-1.21379e-07
3.2751	-1.15577e-07
3.2752	-1.0949e-07
3.2753	-1.04159e-07
3.2754	-9.80097e-08
3.2755	-9.29008e-08
3.2756	-8.75529e-08
3.2757	-8.1978e-08
3.2758	-7.63233e-08
3.2759	-7.03207e-08
3.276	-6.47022e-08
3.2761	-5.94734e-08
3.2762	-5.4558e-08
3.2763	-4.83704e-08
3.2764	-4.22465e-08
3.2765	-3.59712e-08
3.2766	-2.87594e-08
3.2767	-2.25679e-08
3.2768	-1.80792e-08
3.2769	-1.20042e-08
3.277	-6.30114e-09
3.2771	-1.9927e-11
3.2772	6.59945e-09
3.2773	1.29275e-08
3.2774	1.95061e-08
3.2775	2.69421e-08
3.2776	3.37993e-08
3.2777	4.0726e-08
3.2778	4.73479e-08
3.2779	5.35222e-08
3.278	6.0445e-08
3.2781	6.57986e-08
3.2782	7.20573e-08
3.2783	7.92937e-08
3.2784	8.63257e-08
3.2785	9.47576e-08
3.2786	1.02352e-07
3.2787	1.0931e-07
3.2788	1.14724e-07
3.2789	1.22279e-07
3.279	1.29611e-07
3.2791	1.36493e-07
3.2792	1.43725e-07
3.2793	1.51659e-07
3.2794	1.5876e-07
3.2795	1.67003e-07
3.2796	1.7447e-07
3.2797	1.82631e-07
3.2798	1.88932e-07
3.2799	1.96247e-07
3.28	2.04051e-07
3.2801	2.11601e-07
3.2802	2.19257e-07
3.2803	2.27388e-07
3.2804	2.3457e-07
3.2805	2.42339e-07
3.2806	2.46057e-07
3.2807	2.54963e-07
3.2808	2.62709e-07
3.2809	2.72081e-07
3.281	2.80084e-07
3.2811	2.83639e-07
3.2812	2.90459e-07
3.2813	2.98556e-07
3.2814	3.0713e-07
3.2815	3.14689e-07
3.2816	3.22233e-07
3.2817	3.299e-07
3.2818	3.37517e-07
3.2819	3.4538e-07
3.282	3.54139e-07
3.2821	3.61829e-07
3.2822	3.696e-07
3.2823	3.78928e-07
3.2824	3.88034e-07
3.2825	3.9564e-07
3.2826	4.03405e-07
3.2827	4.10332e-07
3.2828	4.12731e-07
3.2829	4.21877e-07
3.283	4.31198e-07
3.2831	4.3772e-07
3.2832	4.42494e-07
3.2833	4.51744e-07
3.2834	4.57836e-07
3.2835	4.64582e-07
3.2836	4.6485e-07
3.2837	4.64535e-07
3.2838	4.7416e-07
3.2839	4.73625e-07
3.284	4.73519e-07
3.2841	4.79443e-07
3.2842	4.83096e-07
3.2843	4.92758e-07
3.2844	4.97909e-07
3.2845	5.03091e-07
3.2846	5.12441e-07
3.2847	5.17238e-07
3.2848	5.17025e-07
3.2849	5.20246e-07
3.285	5.2851e-07
3.2851	5.38166e-07
3.2852	5.41984e-07
3.2853	5.45545e-07
3.2854	5.49458e-07
3.2855	5.524e-07
3.2856	5.54972e-07
3.2857	5.53255e-07
3.2858	5.54989e-07
3.2859	5.49767e-07
3.286	5.54107e-07
3.2861	5.62406e-07
3.2862	5.65068e-07
3.2863	5.74044e-07
3.2864	5.72069e-07
3.2865	5.70759e-07
3.2866	5.77227e-07
3.2867	5.77212e-07
3.2868	5.76619e-07
3.2869	5.77141e-07
3.287	5.83754e-07
3.2871	5.8204e-07
3.2872	5.82168e-07
3.2873	5.8147e-07
3.2874	5.81266e-07
3.2875	5.79819e-07
3.2876	5.86042e-07
3.2877	5.91361e-07
3.2878	5.90836e-07
3.2879	5.96523e-07
3.288	5.95325e-07
3.2881	5.99155e-07
3.2882	6.0445e-07
3.2883	6.07973e-07
3.2884	6.06699e-07
3.2885	6.08833e-07
3.2886	6.09949e-07
3.2887	6.07561e-07
3.2888	6.0917e-07
3.2889	6.12258e-07
3.289	6.12697e-07
3.2891	6.13686e-07
3.2892	6.14781e-07
3.2893	6.17595e-07
3.2894	6.19845e-07
3.2895	6.15629e-07
3.2896	6.09108e-07
3.2897	6.08911e-07
3.2898	6.08036e-07
3.2899	6.01689e-07
3.29	5.93371e-07
3.2901	5.87147e-07
3.2902	5.84091e-07
3.2903	5.78241e-07
3.2904	5.69265e-07
3.2905	5.64467e-07
3.2906	5.59884e-07
3.2907	5.52513e-07
3.2908	5.46422e-07
3.2909	5.40399e-07
3.291	5.35818e-07
3.2911	5.28659e-07
3.2912	5.22299e-07
3.2913	5.15807e-07
3.2914	5.05306e-07
3.2915	4.97159e-07
3.2916	4.86444e-07
3.2917	4.78197e-07
3.2918	4.6826e-07
3.2919	4.57184e-07
3.292	4.44122e-07
3.2921	4.36264e-07
3.2922	4.23776e-07
3.2923	4.12572e-07
3.2924	4.02768e-07
3.2925	3.82889e-07
3.2926	3.7132e-07
3.2927	3.58792e-07
3.2928	3.50086e-07
3.2929	3.35904e-07
3.293	3.23425e-07
3.2931	3.09451e-07
3.2932	2.95029e-07
3.2933	2.80777e-07
3.2934	2.64083e-07
3.2935	2.47732e-07
3.2936	2.29668e-07
3.2937	2.11778e-07
3.2938	1.92575e-07
3.2939	1.75134e-07
3.294	1.62495e-07
3.2941	1.43817e-07
3.2942	1.32764e-07
3.2943	1.21873e-07
3.2944	1.05789e-07
3.2945	9.06625e-08
3.2946	7.46461e-08
3.2947	5.70457e-08
3.2948	4.04808e-08
3.2949	2.42149e-08
3.295	3.82481e-09
3.2951	-1.29145e-08
3.2952	-3.45279e-08
3.2953	-5.6566e-08
3.2954	-7.8627e-08
3.2955	-9.45924e-08
3.2956	-1.05025e-07
3.2957	-1.16089e-07
3.2958	-1.34642e-07
3.2959	-1.40705e-07
3.296	-1.61516e-07
3.2961	-1.72051e-07
3.2962	-1.796e-07
3.2963	-2.02007e-07
3.2964	-2.19223e-07
3.2965	-2.36662e-07
3.2966	-2.54541e-07
3.2967	-2.71999e-07
3.2968	-2.89301e-07
3.2969	-3.05409e-07
3.297	-3.26252e-07
3.2971	-3.36583e-07
3.2972	-3.48718e-07
3.2973	-3.64294e-07
3.2974	-3.79459e-07
3.2975	-3.88705e-07
3.2976	-4.07499e-07
3.2977	-4.27047e-07
3.2978	-4.41392e-07
3.2979	-4.56001e-07
3.298	-4.74504e-07
3.2981	-4.932e-07
3.2982	-5.11135e-07
3.2983	-5.2392e-07
3.2984	-5.39911e-07
3.2985	-5.50947e-07
3.2986	-5.66546e-07
3.2987	-5.79804e-07
3.2988	-5.90521e-07
3.2989	-6.06904e-07
3.299	-6.21682e-07
3.2991	-6.37069e-07
3.2992	-6.50969e-07
3.2993	-6.64987e-07
3.2994	-6.76912e-07
3.2995	-6.84487e-07
3.2996	-6.93806e-07
3.2997	-7.06269e-07
3.2998	-7.17124e-07
3.2999	-7.22945e-07
3.3	-7.33784e-07
3.3001	-7.43716e-07
3.3002	-7.52822e-07
3.3003	-7.59483e-07
3.3004	-7.74381e-07
3.3005	-7.83591e-07
3.3006	-7.90025e-07
3.3007	-7.96997e-07
3.3008	-8.05065e-07
3.3009	-8.11538e-07
3.301	-8.14085e-07
3.3011	-8.19538e-07
3.3012	-8.24404e-07
3.3013	-8.28207e-07
3.3014	-8.32091e-07
3.3015	-8.3141e-07
3.3016	-8.34329e-07
3.3017	-8.37037e-07
3.3018	-8.40153e-07
3.3019	-8.43121e-07
3.302	-8.45596e-07
3.3021	-8.44369e-07
3.3022	-8.45525e-07
3.3023	-8.50667e-07
3.3024	-8.5113e-07
3.3025	-8.50967e-07
3.3026	-8.48176e-07
3.3027	-8.48093e-07
3.3028	-8.47113e-07
3.3029	-8.46441e-07
3.303	-8.45378e-07
3.3031	-8.44755e-07
3.3032	-8.43928e-07
3.3033	-8.407e-07
3.3034	-8.39793e-07
3.3035	-8.35172e-07
3.3036	-8.31415e-07
3.3037	-8.2899e-07
3.3038	-8.24985e-07
3.3039	-8.21124e-07
3.304	-8.1823e-07
3.3041	-8.14677e-07
3.3042	-8.11108e-07
3.3043	-8.06921e-07
3.3044	-8.03777e-07
3.3045	-7.97588e-07
3.3046	-7.92835e-07
3.3047	-7.88522e-07
3.3048	-7.83448e-07
3.3049	-7.79033e-07
3.305	-7.74521e-07
3.3051	-7.69265e-07
3.3052	-7.63585e-07
3.3053	-7.59176e-07
3.3054	-7.56951e-07
3.3055	-7.51344e-07
3.3056	-7.44858e-07
3.3057	-7.37192e-07
3.3058	-7.31669e-07
3.3059	-7.24546e-07
3.306	-7.17695e-07
3.3061	-7.12423e-07
3.3062	-7.07089e-07
3.3063	-7.01564e-07
3.3064	-6.9178e-07
3.3065	-6.83747e-07
3.3066	-6.75795e-07
3.3067	-6.67736e-07
3.3068	-6.60239e-07
3.3069	-6.52951e-07
3.307	-6.43579e-07
3.3071	-6.35209e-07
3.3072	-6.26116e-07
3.3073	-6.18499e-07
3.3074	-6.09524e-07
3.3075	-6.00736e-07
3.3076	-5.92475e-07
3.3077	-5.8437e-07
3.3078	-5.7757e-07
3.3079	-5.72468e-07
3.308	-5.59663e-07
3.3081	-5.52044e-07
3.3082	-5.44927e-07
3.3083	-5.3499e-07
3.3084	-5.24803e-07
3.3085	-5.15168e-07
3.3086	-5.06298e-07
3.3087	-4.96539e-07
3.3088	-4.86586e-07
3.3089	-4.76457e-07
3.309	-4.6747e-07
3.3091	-4.57602e-07
3.3092	-4.47809e-07
3.3093	-4.38521e-07
3.3094	-4.29029e-07
3.3095	-4.20304e-07
3.3096	-4.10693e-07
3.3097	-4.02333e-07
3.3098	-3.92257e-07
3.3099	-3.81486e-07
3.31	-3.7176e-07
3.3101	-3.61848e-07
3.3102	-3.50797e-07
3.3103	-3.40015e-07
3.3104	-3.29903e-07
3.3105	-3.19031e-07
3.3106	-3.0906e-07
3.3107	-3.00167e-07
3.3108	-2.89318e-07
3.3109	-2.78737e-07
3.311	-2.69091e-07
3.3111	-2.60047e-07
3.3112	-2.48828e-07
3.3113	-2.43429e-07
3.3114	-2.35205e-07
3.3115	-2.27816e-07
3.3116	-2.17227e-07
3.3117	-2.05855e-07
3.3118	-1.9821e-07
3.3119	-1.86894e-07
3.312	-1.79933e-07
3.3121	-1.68642e-07
3.3122	-1.57019e-07
3.3123	-1.45293e-07
3.3124	-1.37525e-07
3.3125	-1.27585e-07
3.3126	-1.17541e-07
3.3127	-1.06982e-07
3.3128	-9.69942e-08
3.3129	-8.58554e-08
3.313	-7.93745e-08
3.3131	-6.70006e-08
3.3132	-5.63733e-08
3.3133	-4.41111e-08
3.3134	-3.5299e-08
3.3135	-3.03127e-08
3.3136	-1.92796e-08
3.3137	-8.49105e-09
3.3138	2.29108e-09
3.3139	1.12916e-08
3.314	1.45297e-08
3.3141	1.9004e-08
3.3142	2.84829e-08
3.3143	2.86385e-08
3.3144	3.91271e-08
3.3145	4.97e-08
3.3146	5.29959e-08
3.3147	5.81323e-08
3.3148	6.71766e-08
3.3149	6.89401e-08
3.315	8.05989e-08
3.3151	8.36411e-08
3.3152	8.68207e-08
3.3153	9.19136e-08
3.3154	1.02304e-07
3.3155	1.05626e-07
3.3156	1.09359e-07
3.3157	1.11537e-07
3.3158	1.14961e-07
3.3159	1.12796e-07
3.316	1.13321e-07
3.3161	1.22255e-07
3.3162	1.20706e-07
3.3163	1.19804e-07
3.3164	1.19724e-07
3.3165	1.19362e-07
3.3166	1.18184e-07
3.3167	1.1519e-07
3.3168	1.20541e-07
3.3169	1.21864e-07
3.317	1.27096e-07
3.3171	1.26431e-07
3.3172	1.23752e-07
3.3173	1.21597e-07
3.3174	1.26042e-07
3.3175	1.304e-07
3.3176	1.32652e-07
3.3177	1.29829e-07
3.3178	1.21288e-07
3.3179	1.17593e-07
3.318	1.15149e-07
3.3181	1.11792e-07
3.3182	1.07415e-07
3.3183	1.04113e-07
3.3184	1.06069e-07
3.3185	1.09428e-07
3.3186	1.11249e-07
3.3187	1.09897e-07
3.3188	1.0804e-07
3.3189	1.0211e-07
3.319	9.63515e-08
3.3191	9.04747e-08
3.3192	8.80809e-08
3.3193	8.44948e-08
3.3194	7.85304e-08
3.3195	7.21355e-08
3.3196	6.70814e-08
3.3197	6.22824e-08
3.3198	5.49362e-08
3.3199	4.68158e-08
3.32	4.1619e-08
3.3201	3.65129e-08
3.3202	3.32336e-08
3.3203	3.16846e-08
3.3204	2.3232e-08
3.3205	1.96665e-08
3.3206	1.56556e-08
3.3207	8.67823e-09
3.3208	1.9073e-09
3.3209	-6.3235e-09
3.321	-1.49935e-08
3.3211	-1.72004e-08
3.3212	-1.94555e-08
3.3213	-2.84403e-08
3.3214	-4.23119e-08
3.3215	-4.54454e-08
3.3216	-4.92974e-08
3.3217	-5.76312e-08
3.3218	-6.90275e-08
3.3219	-8.08554e-08
3.322	-9.09631e-08
3.3221	-9.27217e-08
3.3222	-1.02495e-07
3.3223	-1.11174e-07
3.3224	-1.22134e-07
3.3225	-1.34175e-07
3.3226	-1.468e-07
3.3227	-1.55599e-07
3.3228	-1.66003e-07
3.3229	-1.74859e-07
3.323	-1.84184e-07
3.3231	-1.98353e-07
3.3232	-2.01877e-07
3.3233	-2.15275e-07
3.3234	-2.29419e-07
3.3235	-2.36213e-07
3.3236	-2.43998e-07
3.3237	-2.49037e-07
3.3238	-2.52687e-07
3.3239	-2.66366e-07
3.324	-2.80619e-07
3.3241	-2.85895e-07
3.3242	-2.94644e-07
3.3243	-3.04032e-07
3.3244	-3.09824e-07
3.3245	-3.15342e-07
3.3246	-3.19453e-07
3.3247	-3.25048e-07
3.3248	-3.30464e-07
3.3249	-3.40122e-07
3.325	-3.43276e-07
3.3251	-3.5214e-07
3.3252	-3.57866e-07
3.3253	-3.66405e-07
3.3254	-3.71911e-07
3.3255	-3.82276e-07
3.3256	-3.94684e-07
3.3257	-4.03171e-07
3.3258	-4.09603e-07
3.3259	-4.15556e-07
3.326	-4.22667e-07
3.3261	-4.34005e-07
3.3262	-4.39127e-07
3.3263	-4.50532e-07
3.3264	-4.58022e-07
3.3265	-4.65281e-07
3.3266	-4.69436e-07
3.3267	-4.75575e-07
3.3268	-4.79625e-07
3.3269	-4.84383e-07
3.327	-4.88793e-07
3.3271	-4.95769e-07
3.3272	-5.00429e-07
3.3273	-5.04521e-07
3.3274	-5.07668e-07
3.3275	-5.11944e-07
3.3276	-5.15778e-07
3.3277	-5.19634e-07
3.3278	-5.23924e-07
3.3279	-5.26828e-07
3.328	-5.28801e-07
3.3281	-5.31328e-07
3.3282	-5.32599e-07
3.3283	-5.34014e-07
3.3284	-5.35263e-07
3.3285	-5.36693e-07
3.3286	-5.40534e-07
3.3287	-5.41865e-07
3.3288	-5.41193e-07
3.3289	-5.39993e-07
3.329	-5.40945e-07
3.3291	-5.42095e-07
3.3292	-5.42592e-07
3.3293	-5.42995e-07
3.3294	-5.41685e-07
3.3295	-5.41139e-07
3.3296	-5.39782e-07
3.3297	-5.37684e-07
3.3298	-5.37145e-07
3.3299	-5.36892e-07
3.33	-5.33973e-07
3.3301	-5.31798e-07
3.3302	-5.29581e-07
3.3303	-5.26593e-07
3.3304	-5.23647e-07
3.3305	-5.21169e-07
3.3306	-5.19039e-07
3.3307	-5.14646e-07
3.3308	-5.10545e-07
3.3309	-5.07485e-07
3.331	-5.03598e-07
3.3311	-5.00486e-07
3.3312	-4.98719e-07
3.3313	-4.9488e-07
3.3314	-4.90798e-07
3.3315	-4.86386e-07
3.3316	-4.81586e-07
3.3317	-4.77413e-07
3.3318	-4.73609e-07
3.3319	-4.67464e-07
3.332	-4.62189e-07
3.3321	-4.59939e-07
3.3322	-4.55654e-07
3.3323	-4.50708e-07
3.3324	-4.46686e-07
3.3325	-4.41977e-07
3.3326	-4.36674e-07
3.3327	-4.3109e-07
3.3328	-4.27057e-07
3.3329	-4.18831e-07
3.333	-4.14018e-07
3.3331	-4.08874e-07
3.3332	-4.04031e-07
3.3333	-3.98938e-07
3.3334	-3.93129e-07
3.3335	-3.87258e-07
3.3336	-3.81576e-07
3.3337	-3.76292e-07
3.3338	-3.67565e-07
3.3339	-3.63979e-07
3.334	-3.59531e-07
3.3341	-3.54828e-07
3.3342	-3.50772e-07
3.3343	-3.45541e-07
3.3344	-3.40232e-07
3.3345	-3.3484e-07
3.3346	-3.29385e-07
3.3347	-3.2311e-07
3.3348	-3.17723e-07
3.3349	-3.14867e-07
3.335	-3.09133e-07
3.3351	-3.05619e-07
3.3352	-3.00703e-07
3.3353	-2.95091e-07
3.3354	-2.90303e-07
3.3355	-2.83346e-07
3.3356	-2.80327e-07
3.3357	-2.7384e-07
3.3358	-2.68936e-07
3.3359	-2.63522e-07
3.336	-2.5952e-07
3.3361	-2.54058e-07
3.3362	-2.51125e-07
3.3363	-2.46213e-07
3.3364	-2.38726e-07
3.3365	-2.32349e-07
3.3366	-2.27267e-07
3.3367	-2.24138e-07
3.3368	-2.19529e-07
3.3369	-2.14993e-07
3.337	-2.0831e-07
3.3371	-2.0199e-07
3.3372	-1.9648e-07
3.3373	-1.91201e-07
3.3374	-1.8577e-07
3.3375	-1.80711e-07
3.3376	-1.74844e-07
3.3377	-1.70398e-07
3.3378	-1.65622e-07
3.3379	-1.59658e-07
3.338	-1.56154e-07
3.3381	-1.50659e-07
3.3382	-1.45588e-07
3.3383	-1.40052e-07
3.3384	-1.3672e-07
3.3385	-1.3162e-07
3.3386	-1.27241e-07
3.3387	-1.22495e-07
3.3388	-1.16803e-07
3.3389	-1.11253e-07
3.339	-1.05396e-07
3.3391	-9.96224e-08
3.3392	-9.4834e-08
3.3393	-8.81599e-08
3.3394	-8.34126e-08
3.3395	-7.75297e-08
3.3396	-7.21301e-08
3.3397	-6.65518e-08
3.3398	-6.17422e-08
3.3399	-5.71243e-08
3.34	-5.11653e-08
3.3401	-4.51731e-08
3.3402	-3.78203e-08
3.3403	-3.42017e-08
3.3404	-2.82358e-08
3.3405	-2.30637e-08
3.3406	-1.61267e-08
3.3407	-1.00869e-08
3.3408	-4.08659e-09
3.3409	1.23886e-09
3.341	7.44192e-09
3.3411	1.38829e-08
3.3412	2.02682e-08
3.3413	2.64217e-08
3.3414	3.28352e-08
3.3415	4.00504e-08
3.3416	4.66455e-08
3.3417	5.26285e-08
3.3418	5.9449e-08
3.3419	6.66777e-08
3.342	7.29792e-08
3.3421	7.82944e-08
3.3422	8.42956e-08
3.3423	8.9702e-08
3.3424	9.51476e-08
3.3425	1.03328e-07
3.3426	1.09998e-07
3.3427	1.17293e-07
3.3428	1.24422e-07
3.3429	1.30541e-07
3.343	1.37443e-07
3.3431	1.42302e-07
3.3432	1.49489e-07
3.3433	1.56658e-07
3.3434	1.64166e-07
3.3435	1.69086e-07
3.3436	1.76683e-07
3.3437	1.85991e-07
3.3438	1.92384e-07
3.3439	2.0028e-07
3.344	2.08005e-07
3.3441	2.15424e-07
3.3442	2.23642e-07
3.3443	2.28205e-07
3.3444	2.35887e-07
3.3445	2.43653e-07
3.3446	2.5185e-07
3.3447	2.60556e-07
3.3448	2.66736e-07
3.3449	2.7178e-07
3.345	2.75891e-07
3.3451	2.80337e-07
3.3452	2.87601e-07
3.3453	2.9169e-07
3.3454	2.98375e-07
3.3455	3.07005e-07
3.3456	3.1487e-07
3.3457	3.21872e-07
3.3458	3.28856e-07
3.3459	3.31957e-07
3.346	3.41324e-07
3.3461	3.49031e-07
3.3462	3.5647e-07
3.3463	3.65905e-07
3.3464	3.68554e-07
3.3465	3.70954e-07
3.3466	3.77028e-07
3.3467	3.86172e-07
3.3468	3.8746e-07
3.3469	3.8904e-07
3.347	3.9054e-07
3.3471	3.98086e-07
3.3472	4.0234e-07
3.3473	4.07861e-07
3.3474	4.09255e-07
3.3475	4.0924e-07
3.3476	4.09789e-07
3.3477	4.11297e-07
3.3478	4.10881e-07
3.3479	4.11346e-07
3.348	4.15901e-07
3.3481	4.208e-07
3.3482	4.20857e-07
3.3483	4.26985e-07
3.3484	4.25822e-07
3.3485	4.30909e-07
3.3486	4.36307e-07
3.3487	4.41303e-07
3.3488	4.46375e-07
3.3489	4.51912e-07
3.349	4.60276e-07
3.3491	4.58962e-07
3.3492	4.6255e-07
3.3493	4.65158e-07
3.3494	4.6761e-07
3.3495	4.71058e-07
3.3496	4.73797e-07
3.3497	4.71415e-07
3.3498	4.74606e-07
3.3499	4.8338e-07
3.35	4.84878e-07
3.3501	4.87608e-07
3.3502	4.90384e-07
3.3503	4.91898e-07
3.3504	4.97958e-07
3.3505	4.99298e-07
3.3506	5.01343e-07
3.3507	4.98981e-07
3.3508	5.04608e-07
3.3509	5.10566e-07
3.351	5.10895e-07
3.3511	5.09123e-07
3.3512	5.09154e-07
3.3513	5.08232e-07
3.3514	5.08413e-07
3.3515	5.14607e-07
3.3516	5.2018e-07
3.3517	5.24147e-07
3.3518	5.19792e-07
3.3519	5.19554e-07
3.352	5.1768e-07
3.3521	5.22732e-07
3.3522	5.20382e-07
3.3523	5.25099e-07
3.3524	5.31111e-07
3.3525	5.32143e-07
3.3526	5.35098e-07
3.3527	5.40061e-07
3.3528	5.38544e-07
3.3529	5.42128e-07
3.353	5.37011e-07
3.3531	5.32708e-07
3.3532	5.33839e-07
3.3533	5.35045e-07
3.3534	5.37647e-07
3.3535	5.33266e-07
3.3536	5.35691e-07
3.3537	5.29372e-07
3.3538	5.2824e-07
3.3539	5.28137e-07
3.354	5.21143e-07
3.3541	5.13804e-07
3.3542	5.11296e-07
3.3543	5.04224e-07
3.3544	4.92167e-07
3.3545	4.8764e-07
3.3546	4.80412e-07
3.3547	4.72803e-07
3.3548	4.67433e-07
3.3549	4.57613e-07
3.355	4.5182e-07
3.3551	4.44113e-07
3.3552	4.40166e-07
3.3553	4.3281e-07
3.3554	4.26992e-07
3.3555	4.2018e-07
3.3556	4.1259e-07
3.3557	4.06487e-07
3.3558	3.95821e-07
3.3559	3.85111e-07
3.356	3.75216e-07
3.3561	3.639e-07
3.3562	3.54835e-07
3.3563	3.42899e-07
3.3564	3.31941e-07
3.3565	3.16845e-07
3.3566	3.03226e-07
3.3567	2.90043e-07
3.3568	2.78689e-07
3.3569	2.68398e-07
3.357	2.54261e-07
3.3571	2.40718e-07
3.3572	2.26917e-07
3.3573	2.11742e-07
3.3574	1.99155e-07
3.3575	1.82687e-07
3.3576	1.6995e-07
3.3577	1.62611e-07
3.3578	1.47798e-07
3.3579	1.29128e-07
3.358	1.1131e-07
3.3581	9.96759e-08
3.3582	8.39841e-08
3.3583	6.77368e-08
3.3584	5.23143e-08
3.3585	3.29842e-08
3.3586	1.81764e-08
3.3587	2.75995e-09
3.3588	-1.21845e-08
3.3589	-2.93242e-08
3.359	-5.01311e-08
3.3591	-6.9673e-08
3.3592	-9.02383e-08
3.3593	-9.88784e-08
3.3594	-1.06898e-07
3.3595	-1.28881e-07
3.3596	-1.50824e-07
3.3597	-1.74347e-07
3.3598	-1.93026e-07
3.3599	-2.10786e-07
3.36	-2.28707e-07
3.3601	-2.35406e-07
3.3602	-2.52083e-07
3.3603	-2.69325e-07
3.3604	-2.75105e-07
3.3605	-2.94166e-07
3.3606	-3.17981e-07
3.3607	-3.34602e-07
3.3608	-3.49633e-07
3.3609	-3.60967e-07
3.361	-3.77045e-07
3.3611	-3.94507e-07
3.3612	-4.10443e-07
3.3613	-4.21526e-07
3.3614	-4.43287e-07
3.3615	-4.57939e-07
3.3616	-4.79566e-07
3.3617	-5.0039e-07
3.3618	-5.15503e-07
3.3619	-5.30084e-07
3.362	-5.51625e-07
3.3621	-5.64078e-07
3.3622	-5.76876e-07
3.3623	-5.89917e-07
3.3624	-5.97497e-07
3.3625	-6.1453e-07
3.3626	-6.24304e-07
3.3627	-6.4148e-07
3.3628	-6.50914e-07
3.3629	-6.66518e-07
3.363	-6.75911e-07
3.3631	-6.91297e-07
3.3632	-7.01678e-07
3.3633	-7.10086e-07
3.3634	-7.24616e-07
3.3635	-7.34968e-07
3.3636	-7.4651e-07
3.3637	-7.58967e-07
3.3638	-7.71855e-07
3.3639	-7.85103e-07
3.364	-7.96726e-07
3.3641	-8.07171e-07
3.3642	-8.17234e-07
3.3643	-8.2611e-07
3.3644	-8.31338e-07
3.3645	-8.37943e-07
3.3646	-8.44683e-07
3.3647	-8.50133e-07
3.3648	-8.56515e-07
3.3649	-8.63533e-07
3.365	-8.68972e-07
3.3651	-8.74017e-07
3.3652	-8.79441e-07
3.3653	-8.83859e-07
3.3654	-8.87174e-07
3.3655	-8.91436e-07
3.3656	-8.95015e-07
3.3657	-8.98563e-07
3.3658	-9.01586e-07
3.3659	-9.03024e-07
3.366	-9.01444e-07
3.3661	-9.03645e-07
3.3662	-9.04903e-07
3.3663	-9.05699e-07
3.3664	-9.06914e-07
3.3665	-9.07567e-07
3.3666	-9.06768e-07
3.3667	-9.06424e-07
3.3668	-9.05953e-07
3.3669	-9.05546e-07
3.367	-9.04687e-07
3.3671	-9.03996e-07
3.3672	-9.02133e-07
3.3673	-8.99734e-07
3.3674	-8.9617e-07
3.3675	-8.93251e-07
3.3676	-8.90735e-07
3.3677	-8.87345e-07
3.3678	-8.84353e-07
3.3679	-8.81059e-07
3.368	-8.77758e-07
3.3681	-8.73796e-07
3.3682	-8.7059e-07
3.3683	-8.66839e-07
3.3684	-8.64425e-07
3.3685	-8.57959e-07
3.3686	-8.52654e-07
3.3687	-8.48625e-07
3.3688	-8.44555e-07
3.3689	-8.4078e-07
3.369	-8.36352e-07
3.3691	-8.34356e-07
3.3692	-8.29343e-07
3.3693	-8.2341e-07
3.3694	-8.17958e-07
3.3695	-8.12325e-07
3.3696	-8.09251e-07
3.3697	-8.05301e-07
3.3698	-7.99548e-07
3.3699	-7.93654e-07
3.37	-7.88521e-07
3.3701	-7.82746e-07
3.3702	-7.78126e-07
3.3703	-7.72597e-07
3.3704	-7.62712e-07
3.3705	-7.55353e-07
3.3706	-7.4868e-07
3.3707	-7.41508e-07
3.3708	-7.33577e-07
3.3709	-7.25869e-07
3.371	-7.19044e-07
3.3711	-7.10119e-07
3.3712	-7.01799e-07
3.3713	-6.93678e-07
3.3714	-6.84688e-07
3.3715	-6.76025e-07
3.3716	-6.68331e-07
3.3717	-6.6144e-07
3.3718	-6.55138e-07
3.3719	-6.47057e-07
3.372	-6.36192e-07
3.3721	-6.26512e-07
3.3722	-6.18133e-07
3.3723	-6.1124e-07
3.3724	-6.02164e-07
3.3725	-5.91939e-07
3.3726	-5.82442e-07
3.3727	-5.73654e-07
3.3728	-5.67891e-07
3.3729	-5.5868e-07
3.373	-5.50088e-07
3.3731	-5.41113e-07
3.3732	-5.31099e-07
3.3733	-5.19298e-07
3.3734	-5.10002e-07
3.3735	-4.99508e-07
3.3736	-4.921e-07
3.3737	-4.83414e-07
3.3738	-4.74045e-07
3.3739	-4.63873e-07
3.374	-4.53502e-07
3.3741	-4.43001e-07
3.3742	-4.31385e-07
3.3743	-4.20975e-07
3.3744	-4.0951e-07
3.3745	-3.98932e-07
3.3746	-3.87865e-07
3.3747	-3.7757e-07
3.3748	-3.6714e-07
3.3749	-3.57935e-07
3.375	-3.49126e-07
3.3751	-3.4182e-07
3.3752	-3.29633e-07
3.3753	-3.2089e-07
3.3754	-3.10468e-07
3.3755	-3.03989e-07
3.3756	-2.93266e-07
3.3757	-2.81987e-07
3.3758	-2.72171e-07
3.3759	-2.6214e-07
3.376	-2.52473e-07
3.3761	-2.41614e-07
3.3762	-2.29357e-07
3.3763	-2.17784e-07
3.3764	-2.10074e-07
3.3765	-2.02687e-07
3.3766	-1.95952e-07
3.3767	-1.89271e-07
3.3768	-1.78233e-07
3.3769	-1.67805e-07
3.377	-1.57755e-07
3.3771	-1.46175e-07
3.3772	-1.39801e-07
3.3773	-1.28462e-07
3.3774	-1.20821e-07
3.3775	-1.11629e-07
3.3776	-1.05768e-07
3.3777	-1.00525e-07
3.3778	-9.02377e-08
3.3779	-8.27071e-08
3.378	-7.27872e-08
3.3781	-6.72055e-08
3.3782	-6.26359e-08
3.3783	-5.79838e-08
3.3784	-5.40185e-08
3.3785	-4.35502e-08
3.3786	-3.95923e-08
3.3787	-3.52091e-08
3.3788	-2.37353e-08
3.3789	-2.96736e-08
3.379	-2.74953e-08
3.3791	-2.08158e-08
3.3792	-1.88804e-08
3.3793	-1.6443e-08
3.3794	-1.11083e-08
3.3795	-1.15018e-08
3.3796	-9.61666e-09
3.3797	-7.68795e-10
3.3798	-5.22945e-12
3.3799	4.61871e-09
3.38	6.72706e-09
3.3801	7.29847e-09
3.3802	8.29491e-09
3.3803	3.13514e-09
3.3804	2.1024e-09
3.3805	9.7569e-10
3.3806	-3.74639e-10
3.3807	-5.01547e-09
3.3808	1.04463e-09
3.3809	6.80788e-09
3.381	1.24717e-08
3.3811	1.60894e-08
3.3812	1.33041e-08
3.3813	1.79535e-08
3.3814	1.36884e-08
3.3815	1.04361e-08
3.3816	7.83649e-09
3.3817	2.93315e-09
3.3818	-4.44431e-09
3.3819	-7.96957e-09
3.382	-1.12789e-08
3.3821	-1.55286e-08
3.3822	-2.11518e-08
3.3823	-1.79849e-08
3.3824	-1.8089e-08
3.3825	-1.59769e-08
3.3826	-1.7798e-08
3.3827	-2.34233e-08
3.3828	-2.27289e-08
3.3829	-2.42712e-08
3.383	-2.92201e-08
3.3831	-3.06309e-08
3.3832	-3.61926e-08
3.3833	-4.29464e-08
3.3834	-4.61967e-08
3.3835	-4.95224e-08
3.3836	-5.13004e-08
3.3837	-5.85412e-08
3.3838	-6.65647e-08
3.3839	-7.28415e-08
3.384	-7.63816e-08
3.3841	-7.92292e-08
3.3842	-8.42815e-08
3.3843	-8.90404e-08
3.3844	-9.53393e-08
3.3845	-1.00932e-07
3.3846	-1.08125e-07
3.3847	-1.15984e-07
3.3848	-1.20094e-07
3.3849	-1.28192e-07
3.385	-1.35813e-07
3.3851	-1.45999e-07
3.3852	-1.48257e-07
3.3853	-1.56336e-07
3.3854	-1.66205e-07
3.3855	-1.70408e-07
3.3856	-1.74749e-07
3.3857	-1.81239e-07
3.3858	-1.89127e-07
3.3859	-1.96964e-07
3.386	-2.02363e-07
3.3861	-2.10062e-07
3.3862	-2.22386e-07
3.3863	-2.24285e-07
3.3864	-2.32797e-07
3.3865	-2.45001e-07
3.3866	-2.54189e-07
3.3867	-2.62393e-07
3.3868	-2.67807e-07
3.3869	-2.71381e-07
3.387	-2.79508e-07
3.3871	-2.87893e-07
3.3872	-2.97395e-07
3.3873	-3.01131e-07
3.3874	-3.0488e-07
3.3875	-3.11328e-07
3.3876	-3.24313e-07
3.3877	-3.37115e-07
3.3878	-3.42688e-07
3.3879	-3.50875e-07
3.388	-3.59679e-07
3.3881	-3.63624e-07
3.3882	-3.69543e-07
3.3883	-3.83142e-07
3.3884	-3.88842e-07
3.3885	-4.02185e-07
3.3886	-4.1348e-07
3.3887	-4.22441e-07
3.3888	-4.27365e-07
3.3889	-4.41649e-07
3.389	-4.46963e-07
3.3891	-4.55865e-07
3.3892	-4.61052e-07
3.3893	-4.69283e-07
3.3894	-4.75729e-07
3.3895	-4.85245e-07
3.3896	-4.93282e-07
3.3897	-5.00373e-07
3.3898	-5.06203e-07
3.3899	-5.13309e-07
3.39	-5.16474e-07
3.3901	-5.27197e-07
3.3902	-5.32297e-07
3.3903	-5.39895e-07
3.3904	-5.45514e-07
3.3905	-5.49935e-07
3.3906	-5.55678e-07
3.3907	-5.61531e-07
3.3908	-5.6683e-07
3.3909	-5.691e-07
3.391	-5.74566e-07
3.3911	-5.80015e-07
3.3912	-5.86166e-07
3.3913	-5.89836e-07
3.3914	-5.96713e-07
3.3915	-6.00605e-07
3.3916	-6.03551e-07
3.3917	-6.07877e-07
3.3918	-6.10195e-07
3.3919	-6.1191e-07
3.392	-6.16812e-07
3.3921	-6.19185e-07
3.3922	-6.19618e-07
3.3923	-6.21616e-07
3.3924	-6.23078e-07
3.3925	-6.24409e-07
3.3926	-6.256e-07
3.3927	-6.26107e-07
3.3928	-6.26081e-07
3.3929	-6.26827e-07
3.393	-6.26063e-07
3.3931	-6.25852e-07
3.3932	-6.25031e-07
3.3933	-6.23755e-07
3.3934	-6.2312e-07
3.3935	-6.23589e-07
3.3936	-6.22647e-07
3.3937	-6.201e-07
3.3938	-6.18847e-07
3.3939	-6.15953e-07
3.394	-6.14826e-07
3.3941	-6.13075e-07
3.3942	-6.09052e-07
3.3943	-6.05585e-07
3.3944	-6.03115e-07
3.3945	-6.01516e-07
3.3946	-5.97538e-07
3.3947	-5.92463e-07
3.3948	-5.88006e-07
3.3949	-5.84896e-07
3.395	-5.81127e-07
3.3951	-5.7752e-07
3.3952	-5.73657e-07
3.3953	-5.70227e-07
3.3954	-5.66484e-07
3.3955	-5.6182e-07
3.3956	-5.57403e-07
3.3957	-5.52539e-07
3.3958	-5.4916e-07
3.3959	-5.42968e-07
3.396	-5.39524e-07
3.3961	-5.35458e-07
3.3962	-5.30748e-07
3.3963	-5.25572e-07
3.3964	-5.20457e-07
3.3965	-5.14668e-07
3.3966	-5.08567e-07
3.3967	-5.04767e-07
3.3968	-4.9888e-07
3.3969	-4.91419e-07
3.397	-4.8618e-07
3.3971	-4.80906e-07
3.3972	-4.75252e-07
3.3973	-4.70557e-07
3.3974	-4.65769e-07
3.3975	-4.60999e-07
3.3976	-4.55265e-07
3.3977	-4.48519e-07
3.3978	-4.43713e-07
3.3979	-4.39411e-07
3.398	-4.34095e-07
3.3981	-4.29086e-07
3.3982	-4.24544e-07
3.3983	-4.18896e-07
3.3984	-4.14027e-07
3.3985	-4.08388e-07
3.3986	-4.03013e-07
3.3987	-3.96976e-07
3.3988	-3.93989e-07
3.3989	-3.89138e-07
3.399	-3.83705e-07
3.3991	-3.77771e-07
3.3992	-3.72144e-07
3.3993	-3.67152e-07
3.3994	-3.6322e-07
3.3995	-3.58543e-07
3.3996	-3.52597e-07
3.3997	-3.48955e-07
3.3998	-3.43811e-07
3.3999	-3.38454e-07
3.4	-3.32315e-07
3.4001	-3.27495e-07
3.4002	-3.22002e-07
3.4003	-3.17418e-07
3.4004	-3.11062e-07
3.4005	-3.04714e-07
3.4006	-3.01408e-07
3.4007	-2.95711e-07
3.4008	-2.88843e-07
3.4009	-2.83714e-07
3.401	-2.78097e-07
3.4011	-2.72017e-07
3.4012	-2.67392e-07
3.4013	-2.60757e-07
3.4014	-2.56494e-07
3.4015	-2.50425e-07
3.4016	-2.44189e-07
3.4017	-2.38186e-07
3.4018	-2.34761e-07
3.4019	-2.29257e-07
3.402	-2.23786e-07
3.4021	-2.18183e-07
3.4022	-2.11636e-07
3.4023	-2.05244e-07
3.4024	-2.01328e-07
3.4025	-1.96159e-07
3.4026	-1.91145e-07
3.4027	-1.85659e-07
3.4028	-1.80395e-07
3.4029	-1.74688e-07
3.403	-1.68788e-07
3.4031	-1.6276e-07
3.4032	-1.55911e-07
3.4033	-1.49701e-07
3.4034	-1.44996e-07
3.4035	-1.40012e-07
3.4036	-1.34301e-07
3.4037	-1.29567e-07
3.4038	-1.2386e-07
3.4039	-1.18298e-07
3.404	-1.12458e-07
3.4041	-1.07492e-07
3.4042	-1.00721e-07
3.4043	-9.40731e-08
3.4044	-8.97559e-08
3.4045	-8.31534e-08
3.4046	-7.69841e-08
3.4047	-7.18092e-08
3.4048	-6.57738e-08
3.4049	-5.92553e-08
3.405	-5.31723e-08
3.4051	-4.71205e-08
3.4052	-4.13635e-08
3.4053	-3.4847e-08
3.4054	-2.78806e-08
3.4055	-2.10587e-08
3.4056	-1.58704e-08
3.4057	-8.96474e-09
3.4058	-2.04687e-09
3.4059	4.03477e-09
3.406	1.13423e-08
3.4061	1.61996e-08
3.4062	2.32237e-08
3.4063	3.11363e-08
3.4064	3.79316e-08
3.4065	4.5366e-08
3.4066	5.05357e-08
3.4067	5.77872e-08
3.4068	6.54019e-08
3.4069	7.2371e-08
3.407	7.90472e-08
3.4071	8.67341e-08
3.4072	9.45538e-08
3.4073	1.01657e-07
3.4074	1.10239e-07
3.4075	1.17866e-07
3.4076	1.24546e-07
3.4077	1.2894e-07
3.4078	1.37352e-07
3.4079	1.45155e-07
3.408	1.52428e-07
3.4081	1.60435e-07
3.4082	1.67989e-07
3.4083	1.76298e-07
3.4084	1.84481e-07
3.4085	1.91688e-07
3.4086	1.99854e-07
3.4087	2.07684e-07
3.4088	2.16581e-07
3.4089	2.23068e-07
3.409	2.31338e-07
3.4091	2.39177e-07
3.4092	2.47526e-07
3.4093	2.55151e-07
3.4094	2.62522e-07
3.4095	2.70023e-07
3.4096	2.72827e-07
3.4097	2.80946e-07
3.4098	2.88386e-07
3.4099	2.97606e-07
3.41	3.00086e-07
3.4101	3.07059e-07
3.4102	3.16464e-07
3.4103	3.18505e-07
3.4104	3.19632e-07
3.4105	3.21934e-07
3.4106	3.31694e-07
3.4107	3.38489e-07
3.4108	3.45547e-07
3.4109	3.47453e-07
3.411	3.51138e-07
3.4111	3.57119e-07
3.4112	3.66412e-07
3.4113	3.71879e-07
3.4114	3.71603e-07
3.4115	3.77055e-07
3.4116	3.82551e-07
3.4117	3.89238e-07
3.4118	3.94007e-07
3.4119	4.02183e-07
3.412	4.07486e-07
3.4121	4.12418e-07
3.4122	4.17294e-07
3.4123	4.26925e-07
3.4124	4.31962e-07
3.4125	4.3083e-07
3.4126	4.40466e-07
3.4127	4.50033e-07
3.4128	4.53016e-07
3.4129	4.57982e-07
3.413	4.60488e-07
3.4131	4.64169e-07
3.4132	4.63121e-07
3.4133	4.65546e-07
3.4134	4.61345e-07
3.4135	4.65362e-07
3.4136	4.73868e-07
3.4137	4.76368e-07
3.4138	4.7844e-07
3.4139	4.87795e-07
3.414	4.90922e-07
3.4141	5.00241e-07
3.4142	5.06707e-07
3.4143	5.13106e-07
3.4144	5.15264e-07
3.4145	5.16641e-07
3.4146	5.18321e-07
3.4147	5.24858e-07
3.4148	5.32556e-07
3.4149	5.38034e-07
3.415	5.38048e-07
3.4151	5.44355e-07
3.4152	5.3919e-07
3.4153	5.37924e-07
3.4154	5.42323e-07
3.4155	5.48707e-07
3.4156	5.54293e-07
3.4157	5.52876e-07
3.4158	5.50658e-07
3.4159	5.55819e-07
3.416	5.53225e-07
3.4161	5.47738e-07
3.4162	5.51893e-07
3.4163	5.5469e-07
3.4164	5.48361e-07
3.4165	5.45249e-07
3.4166	5.42533e-07
3.4167	5.44098e-07
3.4168	5.45326e-07
3.4169	5.40513e-07
3.417	5.42375e-07
3.4171	5.44025e-07
3.4172	5.39021e-07
3.4173	5.4095e-07
3.4174	5.41171e-07
3.4175	5.41673e-07
3.4176	5.39872e-07
3.4177	5.33302e-07
3.4178	5.26783e-07
3.4179	5.25074e-07
3.418	5.22939e-07
3.4181	5.17773e-07
3.4182	5.12032e-07
3.4183	5.07063e-07
3.4184	5.03281e-07
3.4185	4.99173e-07
3.4186	4.90378e-07
3.4187	4.78965e-07
3.4188	4.7418e-07
3.4189	4.69683e-07
3.419	4.62235e-07
3.4191	4.52795e-07
3.4192	4.47329e-07
3.4193	4.38647e-07
3.4194	4.30499e-07
3.4195	4.21019e-07
3.4196	4.09829e-07
3.4197	3.98305e-07
3.4198	3.87046e-07
3.4199	3.7964e-07
3.42	3.66998e-07
3.4201	3.57479e-07
3.4202	3.4708e-07
3.4203	3.29304e-07
3.4204	3.15841e-07
3.4205	3.08078e-07
3.4206	2.97308e-07
3.4207	2.85268e-07
3.4208	2.74962e-07
3.4209	2.59328e-07
3.421	2.44558e-07
3.4211	2.29821e-07
3.4212	2.13608e-07
3.4213	1.96416e-07
3.4214	1.8197e-07
3.4215	1.64652e-07
3.4216	1.55357e-07
3.4217	1.35864e-07
3.4218	1.23425e-07
3.4219	1.1697e-07
3.422	1.01765e-07
3.4221	8.50551e-08
3.4222	6.8586e-08
3.4223	5.19398e-08
3.4224	3.68946e-08
3.4225	2.12412e-08
3.4226	7.32552e-11
3.4227	-2.01336e-08
3.4228	-4.08594e-08
3.4229	-6.09415e-08
3.423	-8.23578e-08
3.4231	-1.03319e-07
3.4232	-1.26286e-07
3.4233	-1.44064e-07
3.4234	-1.62958e-07
3.4235	-1.86885e-07
3.4236	-2.08063e-07
3.4237	-2.28715e-07
3.4238	-2.47205e-07
3.4239	-2.66936e-07
3.424	-2.9072e-07
3.4241	-3.10048e-07
3.4242	-3.152e-07
3.4243	-3.33984e-07
3.4244	-3.56101e-07
3.4245	-3.68817e-07
3.4246	-3.86168e-07
3.4247	-4.08435e-07
3.4248	-4.30714e-07
3.4249	-4.52203e-07
3.425	-4.73465e-07
3.4251	-4.88629e-07
3.4252	-5.04318e-07
3.4253	-5.18488e-07
3.4254	-5.34909e-07
3.4255	-5.55207e-07
3.4256	-5.74413e-07
3.4257	-5.95978e-07
3.4258	-6.15246e-07
3.4259	-6.28065e-07
3.426	-6.41871e-07
3.4261	-6.54623e-07
3.4262	-6.67036e-07
3.4263	-6.75748e-07
3.4264	-6.92525e-07
3.4265	-7.04692e-07
3.4266	-7.13882e-07
3.4267	-7.28606e-07
3.4268	-7.41898e-07
3.4269	-7.57294e-07
3.427	-7.71486e-07
3.4271	-7.83822e-07
3.4272	-7.98068e-07
3.4273	-8.0742e-07
3.4274	-8.2154e-07
3.4275	-8.28386e-07
3.4276	-8.41336e-07
3.4277	-8.52702e-07
3.4278	-8.63237e-07
3.4279	-8.73204e-07
3.428	-8.83498e-07
3.4281	-8.9328e-07
3.4282	-9.03957e-07
3.4283	-9.12094e-07
3.4284	-9.19668e-07
3.4285	-9.27516e-07
3.4286	-9.34745e-07
3.4287	-9.41079e-07
3.4288	-9.46462e-07
3.4289	-9.51639e-07
3.429	-9.57529e-07
3.4291	-9.61034e-07
3.4292	-9.63284e-07
3.4293	-9.67201e-07
3.4294	-9.69683e-07
3.4295	-9.73342e-07
3.4296	-9.75838e-07
3.4297	-9.77744e-07
3.4298	-9.79911e-07
3.4299	-9.80796e-07
3.43	-9.82171e-07
3.4301	-9.83141e-07
3.4302	-9.83206e-07
3.4303	-9.81822e-07
3.4304	-9.81019e-07
3.4305	-9.80664e-07
3.4306	-9.79944e-07
3.4307	-9.7874e-07
3.4308	-9.78281e-07
3.4309	-9.75908e-07
3.431	-9.73047e-07
3.4311	-9.70572e-07
3.4312	-9.67858e-07
3.4313	-9.6555e-07
3.4314	-9.63084e-07
3.4315	-9.59452e-07
3.4316	-9.56376e-07
3.4317	-9.53093e-07
3.4318	-9.49825e-07
3.4319	-9.46103e-07
3.432	-9.42177e-07
3.4321	-9.39306e-07
3.4322	-9.33881e-07
3.4323	-9.28749e-07
3.4324	-9.24203e-07
3.4325	-9.20116e-07
3.4326	-9.15488e-07
3.4327	-9.11455e-07
3.4328	-9.10394e-07
3.4329	-9.08175e-07
3.433	-9.03241e-07
3.4331	-8.97965e-07
3.4332	-8.92717e-07
3.4333	-8.8723e-07
3.4334	-8.82381e-07
3.4335	-8.76598e-07
3.4336	-8.70979e-07
3.4337	-8.66145e-07
3.4338	-8.61539e-07
3.4339	-8.54882e-07
3.434	-8.5026e-07
3.4341	-8.4007e-07
3.4342	-8.3391e-07
3.4343	-8.27006e-07
3.4344	-8.16699e-07
3.4345	-8.08674e-07
3.4346	-8.01505e-07
3.4347	-7.94288e-07
3.4348	-7.86182e-07
3.4349	-7.78413e-07
3.435	-7.70011e-07
3.4351	-7.61323e-07
3.4352	-7.52029e-07
3.4353	-7.44044e-07
3.4354	-7.35183e-07
3.4355	-7.28306e-07
3.4356	-7.23166e-07
3.4357	-7.12086e-07
3.4358	-7.04829e-07
3.4359	-6.9635e-07
3.436	-6.88495e-07
3.4361	-6.77101e-07
3.4362	-6.68089e-07
3.4363	-6.58574e-07
3.4364	-6.48533e-07
3.4365	-6.3922e-07
3.4366	-6.30965e-07
3.4367	-6.22637e-07
3.4368	-6.14142e-07
3.4369	-6.05588e-07
3.437	-5.94413e-07
3.4371	-5.8321e-07
3.4372	-5.74408e-07
3.4373	-5.65173e-07
3.4374	-5.6296e-07
3.4375	-5.5304e-07
3.4376	-5.4321e-07
3.4377	-5.33228e-07
3.4378	-5.23291e-07
3.4379	-5.11937e-07
3.438	-4.98822e-07
3.4381	-4.88611e-07
3.4382	-4.78199e-07
3.4383	-4.68099e-07
3.4384	-4.58041e-07
3.4385	-4.48932e-07
3.4386	-4.39544e-07
3.4387	-4.32961e-07
3.4388	-4.23358e-07
3.4389	-4.13689e-07
3.439	-4.05942e-07
3.4391	-3.97649e-07
3.4392	-3.91149e-07
3.4393	-3.80893e-07
3.4394	-3.69637e-07
3.4395	-3.58195e-07
3.4396	-3.48322e-07
3.4397	-3.41724e-07
3.4398	-3.30268e-07
3.4399	-3.17938e-07
3.44	-3.10465e-07
3.4401	-2.98546e-07
3.4402	-2.90195e-07
3.4403	-2.79031e-07
3.4404	-2.69096e-07
3.4405	-2.6251e-07
3.4406	-2.56252e-07
3.4407	-2.45501e-07
3.4408	-2.34161e-07
3.4409	-2.23018e-07
3.441	-2.16664e-07
3.4411	-2.11461e-07
3.4412	-2.1281e-07
3.4413	-2.04951e-07
3.4414	-1.98392e-07
3.4415	-1.87796e-07
3.4416	-1.77227e-07
3.4417	-1.67897e-07
3.4418	-1.57567e-07
3.4419	-1.47359e-07
3.442	-1.45915e-07
3.4421	-1.35156e-07
3.4422	-1.31141e-07
3.4423	-1.27336e-07
3.4424	-1.22085e-07
3.4425	-1.205e-07
3.4426	-1.11047e-07
3.4427	-1.1017e-07
3.4428	-1.0432e-07
3.4429	-1.02313e-07
3.443	-9.16228e-08
3.4431	-8.19965e-08
3.4432	-8.28133e-08
3.4433	-7.8891e-08
3.4434	-8.00537e-08
3.4435	-7.77585e-08
3.4436	-8.1073e-08
3.4437	-8.18111e-08
3.4438	-7.86975e-08
3.4439	-8.10484e-08
3.444	-8.16806e-08
3.4441	-8.15686e-08
3.4442	-8.03186e-08
3.4443	-7.71223e-08
3.4444	-7.82475e-08
3.4445	-7.12998e-08
3.4446	-6.18254e-08
3.4447	-5.5693e-08
3.4448	-5.57851e-08
3.4449	-5.80769e-08
3.445	-5.90829e-08
3.4451	-5.99878e-08
3.4452	-6.17751e-08
3.4453	-6.64307e-08
3.4454	-6.31415e-08
3.4455	-6.43368e-08
3.4456	-6.97432e-08
3.4457	-6.7588e-08
3.4458	-6.68431e-08
3.4459	-7.02389e-08
3.446	-6.90059e-08
3.4461	-7.44729e-08
3.4462	-7.07969e-08
3.4463	-6.8417e-08
3.4464	-7.31141e-08
3.4465	-7.90837e-08
3.4466	-8.0877e-08
3.4467	-8.4777e-08
3.4468	-8.5073e-08
3.4469	-8.77527e-08
3.447	-9.05001e-08
3.4471	-9.68814e-08
3.4472	-1.03379e-07
3.4473	-1.06352e-07
3.4474	-1.08114e-07
3.4475	-1.17736e-07
3.4476	-1.23994e-07
3.4477	-1.31106e-07
3.4478	-1.35339e-07
3.4479	-1.41227e-07
3.448	-1.4541e-07
3.4481	-1.52051e-07
3.4482	-1.55336e-07
3.4483	-1.6167e-07
3.4484	-1.65334e-07
3.4485	-1.72733e-07
3.4486	-1.74868e-07
3.4487	-1.75679e-07
3.4488	-1.78835e-07
3.4489	-1.80959e-07
3.449	-1.89399e-07
3.4491	-1.97049e-07
3.4492	-2.07386e-07
3.4493	-2.18846e-07
3.4494	-2.28923e-07
3.4495	-2.35473e-07
3.4496	-2.46592e-07
3.4497	-2.49592e-07
3.4498	-2.56104e-07
3.4499	-2.6441e-07
3.45	-2.67883e-07
3.4501	-2.80633e-07
3.4502	-2.92782e-07
3.4503	-3.00026e-07
3.4504	-3.04448e-07
3.4505	-3.19626e-07
3.4506	-3.2786e-07
3.4507	-3.32271e-07
3.4508	-3.41476e-07
3.4509	-3.50138e-07
3.451	-3.64685e-07
3.4511	-3.72402e-07
3.4512	-3.79761e-07
3.4513	-3.87911e-07
3.4514	-3.92648e-07
3.4515	-4.01084e-07
3.4516	-4.1363e-07
3.4517	-4.23797e-07
3.4518	-4.31204e-07
3.4519	-4.40111e-07
3.452	-4.48488e-07
3.4521	-4.58303e-07
3.4522	-4.72551e-07
3.4523	-4.82567e-07
3.4524	-4.91584e-07
3.4525	-5.00588e-07
3.4526	-5.03699e-07
3.4527	-5.1325e-07
3.4528	-5.18639e-07
3.4529	-5.26881e-07
3.453	-5.31311e-07
3.4531	-5.40389e-07
3.4532	-5.46268e-07
3.4533	-5.54727e-07
3.4534	-5.60059e-07
3.4535	-5.65369e-07
3.4536	-5.73895e-07
3.4537	-5.80541e-07
3.4538	-5.89212e-07
3.4539	-5.95594e-07
3.454	-6.01829e-07
3.4541	-6.13117e-07
3.4542	-6.19657e-07
3.4543	-6.26615e-07
3.4544	-6.32266e-07
3.4545	-6.36832e-07
3.4546	-6.41881e-07
3.4547	-6.46651e-07
3.4548	-6.51046e-07
3.4549	-6.56093e-07
3.455	-6.62035e-07
3.4551	-6.66399e-07
3.4552	-6.70133e-07
3.4553	-6.74462e-07
3.4554	-6.77223e-07
3.4555	-6.83843e-07
3.4556	-6.87269e-07
3.4557	-6.88194e-07
3.4558	-6.9021e-07
3.4559	-6.93182e-07
3.456	-6.94239e-07
3.4561	-6.95196e-07
3.4562	-6.98625e-07
3.4563	-6.99855e-07
3.4564	-7.00717e-07
3.4565	-7.00202e-07
3.4566	-7.01079e-07
3.4567	-7.02716e-07
3.4568	-7.02012e-07
3.4569	-7.05533e-07
3.457	-7.04958e-07
3.4571	-7.03981e-07
3.4572	-7.03384e-07
3.4573	-7.01712e-07
3.4574	-7.01007e-07
3.4575	-6.98661e-07
3.4576	-6.97602e-07
3.4577	-6.95995e-07
3.4578	-6.94337e-07
3.4579	-6.91871e-07
3.458	-6.89177e-07
3.4581	-6.85703e-07
3.4582	-6.82747e-07
3.4583	-6.81635e-07
3.4584	-6.78371e-07
3.4585	-6.73707e-07
3.4586	-6.70233e-07
3.4587	-6.66085e-07
3.4588	-6.62955e-07
3.4589	-6.59495e-07
3.459	-6.55105e-07
3.4591	-6.51628e-07
3.4592	-6.47619e-07
3.4593	-6.43113e-07
3.4594	-6.3956e-07
3.4595	-6.34542e-07
3.4596	-6.2727e-07
3.4597	-6.22701e-07
3.4598	-6.18281e-07
3.4599	-6.14763e-07
3.46	-6.10027e-07
3.4601	-6.05196e-07
3.4602	-5.99421e-07
3.4603	-5.94216e-07
3.4604	-5.89341e-07
3.4605	-5.84693e-07
3.4606	-5.78886e-07
3.4607	-5.71515e-07
3.4608	-5.66661e-07
3.4609	-5.62381e-07
3.461	-5.57087e-07
3.4611	-5.5116e-07
3.4612	-5.4521e-07
3.4613	-5.40711e-07
3.4614	-5.36696e-07
3.4615	-5.30455e-07
3.4616	-5.27329e-07
3.4617	-5.22568e-07
3.4618	-5.17829e-07
3.4619	-5.11822e-07
3.462	-5.07103e-07
3.4621	-5.00028e-07
3.4622	-4.97038e-07
3.4623	-4.92174e-07
3.4624	-4.85963e-07
3.4625	-4.80139e-07
3.4626	-4.76308e-07
3.4627	-4.71878e-07
3.4628	-4.67313e-07
3.4629	-4.61873e-07
3.463	-4.56029e-07
3.4631	-4.50179e-07
3.4632	-4.44344e-07
3.4633	-4.40231e-07
3.4634	-4.33807e-07
3.4635	-4.28443e-07
3.4636	-4.24295e-07
3.4637	-4.20731e-07
3.4638	-4.1469e-07
3.4639	-4.08584e-07
3.464	-4.04127e-07
3.4641	-3.9867e-07
3.4642	-3.91631e-07
3.4643	-3.86658e-07
3.4644	-3.83142e-07
3.4645	-3.78377e-07
3.4646	-3.72616e-07
3.4647	-3.66059e-07
3.4648	-3.60065e-07
3.4649	-3.55741e-07
3.465	-3.50091e-07
3.4651	-3.43819e-07
3.4652	-3.3781e-07
3.4653	-3.32162e-07
3.4654	-3.27913e-07
3.4655	-3.22096e-07
3.4656	-3.17332e-07
3.4657	-3.12347e-07
3.4658	-3.08278e-07
3.4659	-3.02068e-07
3.466	-2.96137e-07
3.4661	-2.90846e-07
3.4662	-2.87431e-07
3.4663	-2.82907e-07
3.4664	-2.78083e-07
3.4665	-2.73115e-07
3.4666	-2.67943e-07
3.4667	-2.62276e-07
3.4668	-2.57589e-07
3.4669	-2.51319e-07
3.467	-2.44157e-07
3.4671	-2.38203e-07
3.4672	-2.32391e-07
3.4673	-2.26482e-07
3.4674	-2.21599e-07
3.4675	-2.16178e-07
3.4676	-2.10665e-07
3.4677	-2.04692e-07
3.4678	-1.9883e-07
3.4679	-1.92925e-07
3.468	-1.87901e-07
3.4681	-1.81632e-07
3.4682	-1.75943e-07
3.4683	-1.69428e-07
3.4684	-1.63806e-07
3.4685	-1.5842e-07
3.4686	-1.52597e-07
3.4687	-1.47904e-07
3.4688	-1.41464e-07
3.4689	-1.36392e-07
3.469	-1.30428e-07
3.4691	-1.22401e-07
3.4692	-1.16802e-07
3.4693	-1.10836e-07
3.4694	-1.03742e-07
3.4695	-9.6951e-08
3.4696	-9.07901e-08
3.4697	-8.49767e-08
3.4698	-7.89962e-08
3.4699	-7.14503e-08
3.47	-6.4704e-08
3.4701	-5.72265e-08
3.4702	-4.97803e-08
3.4703	-4.24455e-08
3.4704	-3.56283e-08
3.4705	-2.82499e-08
3.4706	-2.13261e-08
3.4707	-1.28087e-08
3.4708	-5.34637e-09
3.4709	-1.00091e-09
3.471	6.54045e-09
3.4711	1.39158e-08
3.4712	2.20479e-08
3.4713	2.82503e-08
3.4714	3.59603e-08
3.4715	4.36946e-08
3.4716	5.11246e-08
3.4717	5.89207e-08
3.4718	6.63733e-08
3.4719	7.40992e-08
3.472	8.1505e-08
3.4721	8.94706e-08
3.4722	9.35864e-08
3.4723	1.00638e-07
3.4724	1.06016e-07
3.4725	1.15337e-07
3.4726	1.18705e-07
3.4727	1.25917e-07
3.4728	1.33634e-07
3.4729	1.37383e-07
3.473	1.4469e-07
3.4731	1.53323e-07
3.4732	1.60508e-07
3.4733	1.67816e-07
3.4734	1.71027e-07
3.4735	1.78749e-07
3.4736	1.81944e-07
3.4737	1.90808e-07
3.4738	1.98036e-07
3.4739	2.00876e-07
3.474	2.08001e-07
3.4741	2.17515e-07
3.4742	2.24143e-07
3.4743	2.3182e-07
3.4744	2.39187e-07
3.4745	2.46162e-07
3.4746	2.53103e-07
3.4747	2.59727e-07
3.4748	2.68733e-07
3.4749	2.68642e-07
3.475	2.75225e-07
3.4751	2.75901e-07
3.4752	2.76094e-07
3.4753	2.76651e-07
3.4754	2.82746e-07
3.4755	2.87711e-07
3.4756	2.87795e-07
3.4757	2.98096e-07
3.4758	3.03942e-07
3.4759	3.07439e-07
3.476	3.12359e-07
3.4761	3.22219e-07
3.4762	3.27406e-07
3.4763	3.32678e-07
3.4764	3.37668e-07
3.4765	3.4719e-07
3.4766	3.52559e-07
3.4767	3.5513e-07
3.4768	3.5837e-07
3.4769	3.62428e-07
3.477	3.6605e-07
3.4771	3.64618e-07
3.4772	3.74045e-07
3.4773	3.78125e-07
3.4774	3.81317e-07
3.4775	3.84055e-07
3.4776	3.92121e-07
3.4777	3.95734e-07
3.4778	3.98442e-07
3.4779	4.00414e-07
3.478	3.9557e-07
3.4781	3.91366e-07
3.4782	3.98126e-07
3.4783	4.00169e-07
3.4784	4.06017e-07
3.4785	4.12487e-07
3.4786	4.14072e-07
3.4787	4.13656e-07
3.4788	4.15542e-07
3.4789	4.16152e-07
3.479	4.23469e-07
3.4791	4.18693e-07
3.4792	4.11903e-07
3.4793	4.15824e-07
3.4794	4.22341e-07
3.4795	4.2278e-07
3.4796	4.22184e-07
3.4797	4.19421e-07
3.4798	4.24109e-07
3.4799	4.22119e-07
3.48	4.2014e-07
3.4801	4.15048e-07
3.4802	4.12128e-07
3.4803	4.12133e-07
3.4804	4.06434e-07
3.4805	4.08149e-07
3.4806	4.10261e-07
3.4807	4.12897e-07
3.4808	4.08339e-07
3.4809	4.08411e-07
3.481	4.04647e-07
3.4811	3.97123e-07
3.4812	3.93426e-07
3.4813	3.93931e-07
3.4814	3.93421e-07
3.4815	3.86801e-07
3.4816	3.85826e-07
3.4817	3.79225e-07
3.4818	3.77228e-07
3.4819	3.69925e-07
3.482	3.63647e-07
3.4821	3.58229e-07
3.4822	3.54363e-07
3.4823	3.45812e-07
3.4824	3.42373e-07
3.4825	3.33428e-07
3.4826	3.26821e-07
3.4827	3.21623e-07
3.4828	3.1456e-07
3.4829	3.05749e-07
3.483	2.98384e-07
3.4831	2.88494e-07
3.4832	2.81271e-07
3.4833	2.73323e-07
3.4834	2.64505e-07
3.4835	2.56168e-07
3.4836	2.45105e-07
3.4837	2.33272e-07
3.4838	2.25801e-07
3.4839	2.16066e-07
3.484	2.10217e-07
3.4841	1.99863e-07
3.4842	1.81868e-07
3.4843	1.69698e-07
3.4844	1.57835e-07
3.4845	1.47191e-07
3.4846	1.32434e-07
3.4847	1.18331e-07
3.4848	1.0467e-07
3.4849	9.02036e-08
3.485	7.45694e-08
3.4851	5.83972e-08
3.4852	4.31491e-08
3.4853	3.28434e-08
3.4854	1.63019e-08
3.4855	-3.37273e-09
3.4856	-2.26581e-08
3.4857	-3.33044e-08
3.4858	-5.11131e-08
3.4859	-6.17642e-08
3.486	-7.67256e-08
3.4861	-9.04243e-08
3.4862	-1.06735e-07
3.4863	-1.24051e-07
3.4864	-1.44795e-07
3.4865	-1.65506e-07
3.4866	-1.82138e-07
3.4867	-2.02404e-07
3.4868	-2.23191e-07
3.4869	-2.43975e-07
3.487	-2.60143e-07
3.4871	-2.77458e-07
3.4872	-2.84459e-07
3.4873	-3.01342e-07
3.4874	-3.12144e-07
3.4875	-3.27491e-07
3.4876	-3.45422e-07
3.4877	-3.65179e-07
3.4878	-3.86832e-07
3.4879	-4.03886e-07
3.488	-4.21563e-07
3.4881	-4.39038e-07
3.4882	-4.46644e-07
3.4883	-4.6327e-07
3.4884	-4.69993e-07
3.4885	-4.80208e-07
3.4886	-5.02299e-07
3.4887	-5.24711e-07
3.4888	-5.45176e-07
3.4889	-5.60478e-07
3.489	-5.75423e-07
3.4891	-5.91263e-07
3.4892	-6.0041e-07
3.4893	-6.10834e-07
3.4894	-6.31689e-07
3.4895	-6.45976e-07
3.4896	-6.66831e-07
3.4897	-6.8611e-07
3.4898	-6.97398e-07
3.4899	-7.17155e-07
3.49	-7.33875e-07
3.4901	-7.45811e-07
3.4902	-7.56243e-07
3.4903	-7.65132e-07
3.4904	-7.75069e-07
3.4905	-7.89454e-07
3.4906	-8.04056e-07
3.4907	-8.17939e-07
3.4908	-8.33875e-07
3.4909	-8.4821e-07
3.491	-8.60459e-07
3.4911	-8.67906e-07
3.4912	-8.8277e-07
3.4913	-8.91546e-07
3.4914	-8.98483e-07
3.4915	-9.06395e-07
3.4916	-9.16179e-07
3.4917	-9.26995e-07
3.4918	-9.32388e-07
3.4919	-9.41835e-07
3.492	-9.50456e-07
3.4921	-9.60286e-07
3.4922	-9.67731e-07
3.4923	-9.7387e-07
3.4924	-9.77955e-07
3.4925	-9.85544e-07
3.4926	-9.88095e-07
3.4927	-9.94458e-07
3.4928	-9.98016e-07
3.4929	-1.00199e-06
3.493	-1.00648e-06
3.4931	-1.00899e-06
3.4932	-1.01245e-06
3.4933	-1.01583e-06
3.4934	-1.01926e-06
3.4935	-1.02182e-06
3.4936	-1.02342e-06
3.4937	-1.02487e-06
3.4938	-1.02654e-06
3.4939	-1.03226e-06
3.494	-1.03221e-06
3.4941	-1.03263e-06
3.4942	-1.03531e-06
3.4943	-1.03489e-06
3.4944	-1.03395e-06
3.4945	-1.03192e-06
3.4946	-1.03095e-06
3.4947	-1.02983e-06
3.4948	-1.02764e-06
3.4949	-1.02585e-06
3.495	-1.02287e-06
3.4951	-1.01921e-06
3.4952	-1.01596e-06
3.4953	-1.01281e-06
3.4954	-1.00948e-06
3.4955	-1.00356e-06
3.4956	-9.97059e-07
3.4957	-9.93582e-07
3.4958	-9.89752e-07
3.4959	-9.85699e-07
3.496	-9.82883e-07
3.4961	-9.76538e-07
3.4962	-9.72176e-07
3.4963	-9.66457e-07
3.4964	-9.62209e-07
3.4965	-9.57898e-07
3.4966	-9.5402e-07
3.4967	-9.49022e-07
3.4968	-9.42801e-07
3.4969	-9.37347e-07
3.497	-9.32275e-07
3.4971	-9.27833e-07
3.4972	-9.22092e-07
3.4973	-9.14972e-07
3.4974	-9.09126e-07
3.4975	-9.03322e-07
3.4976	-8.97562e-07
3.4977	-8.92192e-07
3.4978	-8.8627e-07
3.4979	-8.82239e-07
3.498	-8.69113e-07
3.4981	-8.62865e-07
3.4982	-8.556e-07
3.4983	-8.4816e-07
3.4984	-8.41002e-07
3.4985	-8.34717e-07
3.4986	-8.27679e-07
3.4987	-8.1764e-07
3.4988	-8.09354e-07
3.4989	-8.01276e-07
3.499	-7.93434e-07
3.4991	-7.8384e-07
3.4992	-7.7412e-07
3.4993	-7.65859e-07
3.4994	-7.57008e-07
3.4995	-7.50965e-07
3.4996	-7.40002e-07
3.4997	-7.31898e-07
3.4998	-7.23513e-07
3.4999	-7.17021e-07
3.5	-7.07848e-07
3.5001	-6.97969e-07
3.5002	-6.88454e-07
3.5003	-6.78815e-07
3.5004	-6.70594e-07
3.5005	-6.61584e-07
3.5006	-6.51746e-07
3.5007	-6.42189e-07
3.5008	-6.32423e-07
3.5009	-6.2384e-07
3.501	-6.11775e-07
3.5011	-6.0143e-07
3.5012	-5.93019e-07
3.5013	-5.85681e-07
3.5014	-5.75821e-07
3.5015	-5.65894e-07
3.5016	-5.56153e-07
3.5017	-5.46474e-07
3.5018	-5.35722e-07
3.5019	-5.24881e-07
3.502	-5.15118e-07
3.5021	-5.04732e-07
3.5022	-4.94836e-07
3.5023	-4.842e-07
3.5024	-4.71596e-07
3.5025	-4.62313e-07
3.5026	-4.54696e-07
3.5027	-4.44947e-07
3.5028	-4.35278e-07
3.5029	-4.27258e-07
3.503	-4.16958e-07
3.5031	-4.09105e-07
3.5032	-4.00229e-07
3.5033	-3.92126e-07
3.5034	-3.81078e-07
3.5035	-3.70537e-07
3.5036	-3.60198e-07
3.5037	-3.49353e-07
3.5038	-3.372e-07
3.5039	-3.29872e-07
3.504	-3.20992e-07
3.5041	-3.10166e-07
3.5042	-3.03009e-07
3.5043	-2.91522e-07
3.5044	-2.82235e-07
3.5045	-2.71879e-07
3.5046	-2.60311e-07
3.5047	-2.53226e-07
3.5048	-2.42735e-07
3.5049	-2.34215e-07
3.505	-2.3006e-07
3.5051	-2.25601e-07
3.5052	-2.19535e-07
3.5053	-2.14383e-07
3.5054	-2.02897e-07
3.5055	-1.92641e-07
3.5056	-1.83985e-07
3.5057	-1.73471e-07
3.5058	-1.67559e-07
3.5059	-1.62472e-07
3.506	-1.52124e-07
3.5061	-1.48752e-07
3.5062	-1.43552e-07
3.5063	-1.33489e-07
3.5064	-1.31631e-07
3.5065	-1.3139e-07
3.5066	-1.23768e-07
3.5067	-1.246e-07
3.5068	-1.22262e-07
3.5069	-1.18179e-07
3.507	-1.08266e-07
3.5071	-1.05635e-07
3.5072	-1.02484e-07
3.5073	-1.00674e-07
3.5074	-9.87457e-08
3.5075	-1.01141e-07
3.5076	-9.87313e-08
3.5077	-9.16366e-08
3.5078	-8.53562e-08
3.5079	-8.50397e-08
3.508	-7.85874e-08
3.5081	-7.90172e-08
3.5082	-8.3509e-08
3.5083	-8.47762e-08
3.5084	-8.06643e-08
3.5085	-7.35897e-08
3.5086	-6.82832e-08
3.5087	-6.83486e-08
3.5088	-6.90637e-08
3.5089	-7.07909e-08
3.509	-7.20043e-08
3.5091	-7.28645e-08
3.5092	-7.64139e-08
3.5093	-8.09553e-08
3.5094	-8.9223e-08
3.5095	-9.37196e-08
3.5096	-9.68636e-08
3.5097	-1.00752e-07
3.5098	-1.0402e-07
3.5099	-1.03842e-07
3.51	-1.05996e-07
3.5101	-1.0652e-07
3.5102	-1.06144e-07
3.5103	-1.12351e-07
3.5104	-1.13233e-07
3.5105	-1.1811e-07
3.5106	-1.18993e-07
3.5107	-1.20601e-07
3.5108	-1.26146e-07
3.5109	-1.30095e-07
3.511	-1.37244e-07
3.5111	-1.41642e-07
3.5112	-1.44479e-07
3.5113	-1.50302e-07
3.5114	-1.56241e-07
3.5115	-1.63929e-07
3.5116	-1.70957e-07
3.5117	-1.7795e-07
3.5118	-1.81333e-07
3.5119	-1.85371e-07
3.512	-1.9356e-07
3.5121	-1.97746e-07
3.5122	-2.03317e-07
3.5123	-2.11281e-07
3.5124	-2.15265e-07
3.5125	-2.20299e-07
3.5126	-2.24981e-07
3.5127	-2.29383e-07
3.5128	-2.31802e-07
3.5129	-2.41832e-07
3.513	-2.50136e-07
3.5131	-2.59806e-07
3.5132	-2.69116e-07
3.5133	-2.77523e-07
3.5134	-2.85209e-07
3.5135	-2.93673e-07
3.5136	-3.00494e-07
3.5137	-3.10693e-07
3.5138	-3.19776e-07
3.5139	-3.31469e-07
3.514	-3.39961e-07
3.5141	-3.47028e-07
3.5142	-3.601e-07
3.5143	-3.64431e-07
3.5144	-3.7453e-07
3.5145	-3.81912e-07
3.5146	-3.85256e-07
3.5147	-3.98791e-07
3.5148	-4.11717e-07
3.5149	-4.20655e-07
3.515	-4.28161e-07
3.5151	-4.34202e-07
3.5152	-4.43485e-07
3.5153	-4.52477e-07
3.5154	-4.60673e-07
3.5155	-4.68117e-07
3.5156	-4.71643e-07
3.5157	-4.80668e-07
3.5158	-4.85029e-07
3.5159	-4.93713e-07
3.516	-5.01882e-07
3.5161	-5.0587e-07
3.5162	-5.14499e-07
3.5163	-5.23315e-07
3.5164	-5.28898e-07
3.5165	-5.37874e-07
3.5166	-5.47272e-07
3.5167	-5.53452e-07
3.5168	-5.58528e-07
3.5169	-5.71338e-07
3.517	-5.76411e-07
3.5171	-5.86095e-07
3.5172	-5.94661e-07
3.5173	-6.00367e-07
3.5174	-6.08863e-07
3.5175	-6.1752e-07
3.5176	-6.21513e-07
3.5177	-6.24571e-07
3.5178	-6.31435e-07
3.5179	-6.38729e-07
3.518	-6.4224e-07
3.5181	-6.4948e-07
3.5182	-6.55414e-07
3.5183	-6.59987e-07
3.5184	-6.65408e-07
3.5185	-6.68105e-07
3.5186	-6.72457e-07
3.5187	-6.75756e-07
3.5188	-6.7918e-07
3.5189	-6.8533e-07
3.519	-6.89608e-07
3.5191	-6.93431e-07
3.5192	-6.96044e-07
3.5193	-6.98189e-07
3.5194	-7.02703e-07
3.5195	-7.05296e-07
3.5196	-7.07983e-07
3.5197	-7.08477e-07
3.5198	-7.10559e-07
3.5199	-7.10835e-07
3.52	-7.11847e-07
3.5201	-7.1536e-07
3.5202	-7.1679e-07
3.5203	-7.18305e-07
3.5204	-7.18982e-07
3.5205	-7.18785e-07
3.5206	-7.19472e-07
3.5207	-7.19062e-07
3.5208	-7.18522e-07
3.5209	-7.17332e-07
3.521	-7.15942e-07
3.5211	-7.14869e-07
3.5212	-7.14875e-07
3.5213	-7.13138e-07
3.5214	-7.10928e-07
3.5215	-7.07835e-07
3.5216	-7.07581e-07
3.5217	-7.04998e-07
3.5218	-7.04399e-07
3.5219	-7.01516e-07
3.522	-6.97173e-07
3.5221	-6.94901e-07
3.5222	-6.92264e-07
3.5223	-6.88083e-07
3.5224	-6.8353e-07
3.5225	-6.79336e-07
3.5226	-6.76945e-07
3.5227	-6.72766e-07
3.5228	-6.69133e-07
3.5229	-6.6472e-07
3.523	-6.60555e-07
3.5231	-6.56189e-07
3.5232	-6.52107e-07
3.5233	-6.47879e-07
3.5234	-6.43274e-07
3.5235	-6.36404e-07
3.5236	-6.33694e-07
3.5237	-6.30049e-07
3.5238	-6.25559e-07
3.5239	-6.22069e-07
3.524	-6.18026e-07
3.5241	-6.12258e-07
3.5242	-6.06863e-07
3.5243	-6.02765e-07
3.5244	-5.98083e-07
3.5245	-5.90497e-07
3.5246	-5.84551e-07
3.5247	-5.79421e-07
3.5248	-5.73501e-07
3.5249	-5.68296e-07
3.525	-5.62677e-07
3.5251	-5.57894e-07
3.5252	-5.52412e-07
3.5253	-5.45258e-07
3.5254	-5.38792e-07
3.5255	-5.34595e-07
3.5256	-5.30176e-07
3.5257	-5.24698e-07
3.5258	-5.18737e-07
3.5259	-5.13385e-07
3.526	-5.1051e-07
3.5261	-5.05246e-07
3.5262	-5.00476e-07
3.5263	-4.92457e-07
3.5264	-4.88971e-07
3.5265	-4.83852e-07
3.5266	-4.78141e-07
3.5267	-4.72939e-07
3.5268	-4.6896e-07
3.5269	-4.63994e-07
3.527	-4.59271e-07
3.5271	-4.55804e-07
3.5272	-4.50605e-07
3.5273	-4.45444e-07
3.5274	-4.42105e-07
3.5275	-4.36665e-07
3.5276	-4.31569e-07
3.5277	-4.25346e-07
3.5278	-4.20471e-07
3.5279	-4.15766e-07
3.528	-4.08339e-07
3.5281	-4.02997e-07
3.5282	-3.99781e-07
3.5283	-3.94089e-07
3.5284	-3.88833e-07
3.5285	-3.82715e-07
3.5286	-3.76832e-07
3.5287	-3.70154e-07
3.5288	-3.6457e-07
3.5289	-3.60167e-07
3.529	-3.53339e-07
3.5291	-3.48136e-07
3.5292	-3.43549e-07
3.5293	-3.37742e-07
3.5294	-3.33593e-07
3.5295	-3.27072e-07
3.5296	-3.24523e-07
3.5297	-3.20373e-07
3.5298	-3.15567e-07
3.5299	-3.08387e-07
3.53	-3.04935e-07
3.5301	-2.99487e-07
3.5302	-2.93986e-07
3.5303	-2.88477e-07
3.5304	-2.8303e-07
3.5305	-2.76492e-07
3.5306	-2.71106e-07
3.5307	-2.64932e-07
3.5308	-2.58721e-07
3.5309	-2.51498e-07
3.531	-2.45723e-07
3.5311	-2.39826e-07
3.5312	-2.34455e-07
3.5313	-2.28888e-07
3.5314	-2.22771e-07
3.5315	-2.17007e-07
3.5316	-2.12518e-07
3.5317	-2.06704e-07
3.5318	-2.01076e-07
3.5319	-1.96356e-07
3.532	-1.90722e-07
3.5321	-1.8337e-07
3.5322	-1.77539e-07
3.5323	-1.71256e-07
3.5324	-1.65624e-07
3.5325	-1.59337e-07
3.5326	-1.54065e-07
3.5327	-1.4817e-07
3.5328	-1.41794e-07
3.5329	-1.35648e-07
3.533	-1.28233e-07
3.5331	-1.21934e-07
3.5332	-1.1491e-07
3.5333	-1.08627e-07
3.5334	-1.02075e-07
3.5335	-9.59373e-08
3.5336	-8.9389e-08
3.5337	-8.25914e-08
3.5338	-7.54478e-08
3.5339	-6.78765e-08
3.534	-6.05532e-08
3.5341	-5.36587e-08
3.5342	-4.81027e-08
3.5343	-4.1163e-08
3.5344	-3.36519e-08
3.5345	-2.69873e-08
3.5346	-1.99911e-08
3.5347	-1.31015e-08
3.5348	-7.17564e-09
3.5349	1.40683e-09
3.535	8.81845e-09
3.5351	1.52412e-08
3.5352	2.2443e-08
3.5353	3.00763e-08
3.5354	3.7741e-08
3.5355	4.5058e-08
3.5356	5.33062e-08
3.5357	6.11669e-08
3.5358	6.89413e-08
3.5359	7.67355e-08
3.536	8.46721e-08
3.5361	8.86207e-08
3.5362	9.73023e-08
3.5363	1.06501e-07
3.5364	1.16012e-07
3.5365	1.22084e-07
3.5366	1.25963e-07
3.5367	1.33386e-07
3.5368	1.40817e-07
3.5369	1.47535e-07
3.537	1.54943e-07
3.5371	1.62279e-07
3.5372	1.69866e-07
3.5373	1.77041e-07
3.5374	1.84577e-07
3.5375	1.87839e-07
3.5376	1.94111e-07
3.5377	2.0102e-07
3.5378	2.08745e-07
3.5379	2.10616e-07
3.538	2.21372e-07
3.5381	2.23381e-07
3.5382	2.33217e-07
3.5383	2.39836e-07
3.5384	2.46954e-07
3.5385	2.48677e-07
3.5386	2.53446e-07
3.5387	2.6237e-07
3.5388	2.68852e-07
3.5389	2.70272e-07
3.539	2.8003e-07
3.5391	2.85709e-07
3.5392	2.8557e-07
3.5393	2.94832e-07
3.5394	2.94687e-07
3.5395	2.99564e-07
3.5396	3.04826e-07
3.5397	3.0944e-07
3.5398	3.12922e-07
3.5399	3.17783e-07
3.54	3.27296e-07
3.5401	3.31771e-07
3.5402	3.36497e-07
3.5403	3.41257e-07
3.5404	3.42678e-07
3.5405	3.46613e-07
3.5406	3.49584e-07
3.5407	3.59259e-07
3.5408	3.62827e-07
3.5409	3.66506e-07
3.541	3.69582e-07
3.5411	3.66869e-07
3.5412	3.75526e-07
3.5413	3.76862e-07
3.5414	3.7892e-07
3.5415	3.86545e-07
3.5416	3.89757e-07
3.5417	3.97633e-07
3.5418	3.99436e-07
3.5419	3.96271e-07
3.542	3.94332e-07
3.5421	3.94991e-07
3.5422	3.93608e-07
3.5423	4.0136e-07
3.5424	4.07988e-07
3.5425	4.08299e-07
3.5426	4.14111e-07
3.5427	4.142e-07
3.5428	4.12954e-07
3.5429	4.19272e-07
3.543	4.25051e-07
3.5431	4.24e-07
3.5432	4.24533e-07
3.5433	4.23898e-07
3.5434	4.28317e-07
3.5435	4.26594e-07
3.5436	4.31657e-07
3.5437	4.36065e-07
3.5438	4.39736e-07
3.5439	4.39033e-07
3.544	4.37228e-07
3.5441	4.37849e-07
3.5442	4.35163e-07
3.5443	4.38226e-07
3.5444	4.41921e-07
3.5445	4.44088e-07
3.5446	4.42154e-07
3.5447	4.45656e-07
3.5448	4.46657e-07
3.5449	4.49067e-07
3.545	4.48576e-07
3.5451	4.47459e-07
3.5452	4.46691e-07
3.5453	4.46245e-07
3.5454	4.45068e-07
3.5455	4.37674e-07
3.5456	4.30427e-07
3.5457	4.2484e-07
3.5458	4.19516e-07
3.5459	4.13437e-07
3.546	4.02821e-07
3.5461	3.99513e-07
3.5462	3.91673e-07
3.5463	3.86084e-07
3.5464	3.7831e-07
3.5465	3.73617e-07
3.5466	3.64205e-07
3.5467	3.58536e-07
3.5468	3.47618e-07
3.5469	3.4053e-07
3.547	3.28909e-07
3.5471	3.2104e-07
3.5472	3.11674e-07
3.5473	3.02001e-07
3.5474	2.87278e-07
3.5475	2.82009e-07
3.5476	2.72918e-07
3.5477	2.64927e-07
3.5478	2.54434e-07
3.5479	2.43237e-07
3.548	2.26131e-07
3.5481	2.13957e-07
3.5482	2.04175e-07
3.5483	1.90882e-07
3.5484	1.77473e-07
3.5485	1.68716e-07
3.5486	1.54487e-07
3.5487	1.36911e-07
3.5488	1.20765e-07
3.5489	1.04653e-07
3.549	8.74906e-08
3.5491	7.68438e-08
3.5492	5.84839e-08
3.5493	4.15285e-08
3.5494	2.89915e-08
3.5495	1.24103e-08
3.5496	5.81909e-09
3.5497	-1.58791e-08
3.5498	-3.02825e-08
3.5499	-4.39677e-08
3.55	-6.69598e-08
3.5501	-8.78162e-08
3.5502	-1.04296e-07
3.5503	-1.19962e-07
3.5504	-1.40447e-07
3.5505	-1.6242e-07
3.5506	-1.83766e-07
3.5507	-2.04875e-07
3.5508	-2.27739e-07
3.5509	-2.50071e-07
3.551	-2.72293e-07
3.5511	-2.8418e-07
3.5512	-3.04834e-07
3.5513	-3.21505e-07
3.5514	-3.38274e-07
3.5515	-3.59449e-07
3.5516	-3.7665e-07
3.5517	-3.94496e-07
3.5518	-4.12014e-07
3.5519	-4.34858e-07
3.552	-4.52314e-07
3.5521	-4.69746e-07
3.5522	-4.86341e-07
3.5523	-5.03152e-07
3.5524	-5.19907e-07
3.5525	-5.36366e-07
3.5526	-5.48065e-07
3.5527	-5.64731e-07
3.5528	-5.7558e-07
3.5529	-5.84916e-07
3.553	-6.04007e-07
3.5531	-6.17977e-07
3.5532	-6.30526e-07
3.5533	-6.50261e-07
3.5534	-6.62894e-07
3.5535	-6.71309e-07
3.5536	-6.89083e-07
3.5537	-7.06136e-07
3.5538	-7.24019e-07
3.5539	-7.35347e-07
3.554	-7.51464e-07
3.5541	-7.67047e-07
3.5542	-7.74618e-07
3.5543	-7.83574e-07
3.5544	-7.99932e-07
3.5545	-8.09733e-07
3.5546	-8.25746e-07
3.5547	-8.39722e-07
3.5548	-8.47709e-07
3.5549	-8.5589e-07
3.555	-8.6308e-07
3.5551	-8.75601e-07
3.5552	-8.86851e-07
3.5553	-8.96829e-07
3.5554	-9.02422e-07
3.5555	-9.13077e-07
3.5556	-9.22481e-07
3.5557	-9.30829e-07
3.5558	-9.37714e-07
3.5559	-9.4694e-07
3.556	-9.56398e-07
3.5561	-9.62199e-07
3.5562	-9.69606e-07
3.5563	-9.72411e-07
3.5564	-9.75676e-07
3.5565	-9.81198e-07
3.5566	-9.858e-07
3.5567	-9.90595e-07
3.5568	-9.94931e-07
3.5569	-9.94446e-07
3.557	-9.96891e-07
3.5571	-9.99161e-07
3.5572	-1.00148e-06
3.5573	-1.00398e-06
3.5574	-1.00628e-06
3.5575	-1.00797e-06
3.5576	-1.00846e-06
3.5577	-1.00992e-06
3.5578	-1.00947e-06
3.5579	-1.01089e-06
3.558	-1.01074e-06
3.5581	-1.00779e-06
3.5582	-1.0074e-06
3.5583	-1.0056e-06
3.5584	-1.00785e-06
3.5585	-1.00618e-06
3.5586	-1.00536e-06
3.5587	-1.00576e-06
3.5588	-1.00139e-06
3.5589	-9.97165e-07
3.559	-9.93527e-07
3.5591	-9.89689e-07
3.5592	-9.86783e-07
3.5593	-9.82773e-07
3.5594	-9.79118e-07
3.5595	-9.74446e-07
3.5596	-9.70534e-07
3.5597	-9.66753e-07
3.5598	-9.62712e-07
3.5599	-9.59822e-07
3.56	-9.52835e-07
3.5601	-9.48702e-07
3.5602	-9.43685e-07
3.5603	-9.38779e-07
3.5604	-9.33948e-07
3.5605	-9.29948e-07
3.5606	-9.24875e-07
3.5607	-9.19291e-07
3.5608	-9.13933e-07
3.5609	-9.07957e-07
3.561	-9.0207e-07
3.5611	-8.95958e-07
3.5612	-8.88119e-07
3.5613	-8.84927e-07
3.5614	-8.79368e-07
3.5615	-8.72994e-07
3.5616	-8.6772e-07
3.5617	-8.60558e-07
3.5618	-8.54861e-07
3.5619	-8.44012e-07
3.562	-8.35827e-07
3.5621	-8.28092e-07
3.5622	-8.20835e-07
3.5623	-8.13657e-07
3.5624	-8.05104e-07
3.5625	-7.96134e-07
3.5626	-7.8864e-07
3.5627	-7.80242e-07
3.5628	-7.77019e-07
3.5629	-7.68384e-07
3.563	-7.59217e-07
3.5631	-7.49289e-07
3.5632	-7.41207e-07
3.5633	-7.33856e-07
3.5634	-7.27211e-07
3.5635	-7.15948e-07
3.5636	-7.07358e-07
3.5637	-6.98839e-07
3.5638	-6.89254e-07
3.5639	-6.79533e-07
3.564	-6.69165e-07
3.5641	-6.59519e-07
3.5642	-6.49797e-07
3.5643	-6.3999e-07
3.5644	-6.30318e-07
3.5645	-6.208e-07
3.5646	-6.11348e-07
3.5647	-6.01634e-07
3.5648	-5.91622e-07
3.5649	-5.83693e-07
3.565	-5.74723e-07
3.5651	-5.71239e-07
3.5652	-5.62892e-07
3.5653	-5.53778e-07
3.5654	-5.43021e-07
3.5655	-5.34618e-07
3.5656	-5.25165e-07
3.5657	-5.12131e-07
3.5658	-5.00944e-07
3.5659	-4.90563e-07
3.566	-4.79902e-07
3.5661	-4.70223e-07
3.5662	-4.59443e-07
3.5663	-4.48429e-07
3.5664	-4.38661e-07
3.5665	-4.28465e-07
3.5666	-4.16527e-07
3.5667	-4.08037e-07
3.5668	-3.98415e-07
3.5669	-3.87647e-07
3.567	-3.75839e-07
3.5671	-3.65714e-07
3.5672	-3.56617e-07
3.5673	-3.57451e-07
3.5674	-3.48203e-07
3.5675	-3.39046e-07
3.5676	-3.27928e-07
3.5677	-3.21085e-07
3.5678	-3.13512e-07
3.5679	-3.05944e-07
3.568	-2.952e-07
3.5681	-2.85027e-07
3.5682	-2.74649e-07
3.5683	-2.63649e-07
3.5684	-2.55607e-07
3.5685	-2.44687e-07
3.5686	-2.34311e-07
3.5687	-2.22572e-07
3.5688	-2.18168e-07
3.5689	-2.11923e-07
3.569	-2.05592e-07
3.5691	-1.95073e-07
3.5692	-1.86899e-07
3.5693	-1.81336e-07
3.5694	-1.72226e-07
3.5695	-1.62312e-07
3.5696	-1.57776e-07
3.5697	-1.47951e-07
3.5698	-1.39745e-07
3.5699	-1.3573e-07
3.57	-1.24622e-07
3.5701	-1.23589e-07
3.5702	-1.21196e-07
3.5703	-1.167e-07
3.5704	-1.10043e-07
3.5705	-1.00124e-07
3.5706	-9.70692e-08
3.5707	-9.16978e-08
3.5708	-8.23202e-08
3.5709	-7.26874e-08
3.571	-6.99065e-08
3.5711	-6.72425e-08
3.5712	-6.44562e-08
3.5713	-6.1262e-08
3.5714	-6.29357e-08
3.5715	-6.01787e-08
3.5716	-6.21077e-08
3.5717	-6.16375e-08
3.5718	-6.49348e-08
3.5719	-5.95077e-08
3.572	-5.36689e-08
3.5721	-5.53742e-08
3.5722	-4.44648e-08
3.5723	-3.71374e-08
3.5724	-3.89211e-08
3.5725	-3.47383e-08
3.5726	-3.90822e-08
3.5727	-3.4836e-08
3.5728	-3.61584e-08
3.5729	-3.88367e-08
3.573	-4.05265e-08
3.5731	-4.29055e-08
3.5732	-4.60761e-08
3.5733	-5.39778e-08
3.5734	-5.30642e-08
3.5735	-5.13009e-08
3.5736	-5.12192e-08
3.5737	-5.52626e-08
3.5738	-5.90488e-08
3.5739	-5.8293e-08
3.574	-5.60489e-08
3.5741	-5.55289e-08
3.5742	-6.1242e-08
3.5743	-6.68051e-08
3.5744	-7.02334e-08
3.5745	-7.51164e-08
3.5746	-7.7203e-08
3.5747	-8.34109e-08
3.5748	-8.93603e-08
3.5749	-9.32194e-08
3.575	-9.76406e-08
3.5751	-1.01691e-07
3.5752	-1.07239e-07
3.5753	-1.12684e-07
3.5754	-1.19367e-07
3.5755	-1.27422e-07
3.5756	-1.32434e-07
3.5757	-1.37108e-07
3.5758	-1.41629e-07
3.5759	-1.49898e-07
3.576	-1.57296e-07
3.5761	-1.61269e-07
3.5762	-1.68918e-07
3.5763	-1.76799e-07
3.5764	-1.80817e-07
3.5765	-1.89066e-07
3.5766	-1.92273e-07
3.5767	-2.00069e-07
3.5768	-2.14122e-07
3.5769	-2.22783e-07
3.577	-2.33613e-07
3.5771	-2.44197e-07
3.5772	-2.54316e-07
3.5773	-2.61869e-07
3.5774	-2.67594e-07
3.5775	-2.72863e-07
3.5776	-2.81333e-07
3.5777	-2.93421e-07
3.5778	-2.97532e-07
3.5779	-3.05212e-07
3.578	-3.13694e-07
3.5781	-3.16747e-07
3.5782	-3.3138e-07
3.5783	-3.36363e-07
3.5784	-3.45393e-07
3.5785	-3.47908e-07
3.5786	-3.61391e-07
3.5787	-3.70809e-07
3.5788	-3.79058e-07
3.5789	-3.86149e-07
3.579	-3.90287e-07
3.5791	-3.93583e-07
3.5792	-4.03012e-07
3.5793	-4.10801e-07
3.5794	-4.24373e-07
3.5795	-4.33572e-07
3.5796	-4.38095e-07
3.5797	-4.4778e-07
3.5798	-4.61928e-07
3.5799	-4.65798e-07
3.58	-4.77115e-07
3.5801	-4.82056e-07
3.5802	-4.87898e-07
3.5803	-5.01769e-07
3.5804	-5.10108e-07
3.5805	-5.14912e-07
3.5806	-5.23257e-07
3.5807	-5.2838e-07
3.5808	-5.34721e-07
3.5809	-5.40404e-07
3.581	-5.49573e-07
3.5811	-5.57434e-07
3.5812	-5.6263e-07
3.5813	-5.71768e-07
3.5814	-5.78876e-07
3.5815	-5.82648e-07
3.5816	-5.87383e-07
3.5817	-5.92124e-07
3.5818	-5.99152e-07
3.5819	-6.06268e-07
3.582	-6.13138e-07
3.5821	-6.16684e-07
3.5822	-6.2221e-07
3.5823	-6.27003e-07
3.5824	-6.31674e-07
3.5825	-6.36958e-07
3.5826	-6.40455e-07
3.5827	-6.45029e-07
3.5828	-6.51104e-07
3.5829	-6.54853e-07
3.583	-6.58229e-07
3.5831	-6.62539e-07
3.5832	-6.64752e-07
3.5833	-6.6901e-07
3.5834	-6.71346e-07
3.5835	-6.75666e-07
3.5836	-6.77696e-07
3.5837	-6.80026e-07
3.5838	-6.80726e-07
3.5839	-6.8131e-07
3.584	-6.82704e-07
3.5841	-6.85447e-07
3.5842	-6.86039e-07
3.5843	-6.86113e-07
3.5844	-6.8525e-07
3.5845	-6.8582e-07
3.5846	-6.85078e-07
3.5847	-6.83386e-07
3.5848	-6.84925e-07
3.5849	-6.83581e-07
3.585	-6.82838e-07
3.5851	-6.81512e-07
3.5852	-6.792e-07
3.5853	-6.77317e-07
3.5854	-6.75531e-07
3.5855	-6.72596e-07
3.5856	-6.7141e-07
3.5857	-6.69516e-07
3.5858	-6.66056e-07
3.5859	-6.62802e-07
3.586	-6.59954e-07
3.5861	-6.57555e-07
3.5862	-6.51912e-07
3.5863	-6.48818e-07
3.5864	-6.45153e-07
3.5865	-6.42206e-07
3.5866	-6.38876e-07
3.5867	-6.34968e-07
3.5868	-6.31201e-07
3.5869	-6.27661e-07
3.587	-6.23044e-07
3.5871	-6.18014e-07
3.5872	-6.1392e-07
3.5873	-6.09538e-07
3.5874	-6.03618e-07
3.5875	-6.01191e-07
3.5876	-5.96563e-07
3.5877	-5.9203e-07
3.5878	-5.87494e-07
3.5879	-5.82371e-07
3.588	-5.77397e-07
3.5881	-5.71647e-07
3.5882	-5.66956e-07
3.5883	-5.63016e-07
3.5884	-5.56068e-07
3.5885	-5.51321e-07
3.5886	-5.46513e-07
3.5887	-5.40841e-07
3.5888	-5.35492e-07
3.5889	-5.30103e-07
3.589	-5.23846e-07
3.5891	-5.18981e-07
3.5892	-5.12929e-07
3.5893	-5.06473e-07
3.5894	-5.0241e-07
3.5895	-4.9766e-07
3.5896	-4.93648e-07
3.5897	-4.88547e-07
3.5898	-4.83066e-07
3.5899	-4.79021e-07
3.59	-4.73745e-07
3.5901	-4.67701e-07
3.5902	-4.62177e-07
3.5903	-4.60036e-07
3.5904	-4.54109e-07
3.5905	-4.49221e-07
3.5906	-4.42792e-07
3.5907	-4.36851e-07
3.5908	-4.32715e-07
3.5909	-4.26009e-07
3.591	-4.21776e-07
3.5911	-4.15048e-07
3.5912	-4.08965e-07
3.5913	-4.03893e-07
3.5914	-3.98324e-07
3.5915	-3.94076e-07
3.5916	-3.89356e-07
3.5917	-3.84227e-07
3.5918	-3.79274e-07
3.5919	-3.71672e-07
3.592	-3.65119e-07
3.5921	-3.62404e-07
3.5922	-3.57717e-07
3.5923	-3.5347e-07
3.5924	-3.47859e-07
3.5925	-3.42482e-07
3.5926	-3.36777e-07
3.5927	-3.31331e-07
3.5928	-3.26419e-07
3.5929	-3.22214e-07
3.593	-3.16588e-07
3.5931	-3.12782e-07
3.5932	-3.08471e-07
3.5933	-3.02385e-07
3.5934	-2.97064e-07
3.5935	-2.92139e-07
3.5936	-2.86716e-07
3.5937	-2.81498e-07
3.5938	-2.7554e-07
3.5939	-2.71948e-07
3.594	-2.65821e-07
3.5941	-2.60836e-07
3.5942	-2.55886e-07
3.5943	-2.50731e-07
3.5944	-2.45132e-07
3.5945	-2.39543e-07
3.5946	-2.33891e-07
3.5947	-2.2845e-07
3.5948	-2.22413e-07
3.5949	-2.17125e-07
3.595	-2.12839e-07
3.5951	-2.06952e-07
3.5952	-2.01473e-07
3.5953	-1.96093e-07
3.5954	-1.9068e-07
3.5955	-1.85208e-07
3.5956	-1.79179e-07
3.5957	-1.72453e-07
3.5958	-1.67714e-07
3.5959	-1.61567e-07
3.596	-1.54816e-07
3.5961	-1.47969e-07
3.5962	-1.42726e-07
3.5963	-1.37829e-07
3.5964	-1.3214e-07
3.5965	-1.26334e-07
3.5966	-1.1976e-07
3.5967	-1.13428e-07
3.5968	-1.06959e-07
3.5969	-9.9863e-08
3.597	-9.31382e-08
3.5971	-8.68703e-08
3.5972	-8.0111e-08
3.5973	-7.23073e-08
3.5974	-6.61725e-08
3.5975	-6.05208e-08
3.5976	-5.35978e-08
3.5977	-4.69088e-08
3.5978	-4.0599e-08
3.5979	-3.47986e-08
3.598	-2.79696e-08
3.5981	-2.04268e-08
3.5982	-1.28762e-08
3.5983	-6.00958e-09
3.5984	1.20909e-09
3.5985	8.30008e-09
3.5986	1.54602e-08
3.5987	2.30414e-08
3.5988	2.76549e-08
3.5989	3.26661e-08
3.599	4.02021e-08
3.5991	4.80065e-08
3.5992	5.44791e-08
3.5993	6.26773e-08
3.5994	7.00917e-08
3.5995	7.79402e-08
3.5996	8.57619e-08
3.5997	9.37516e-08
3.5998	9.36993e-08
3.5999	1.01562e-07
3.6	1.08992e-07
3.6001	1.16413e-07
3.6002	1.23284e-07
3.6003	1.32562e-07
3.6004	1.40449e-07
3.6005	1.48775e-07
3.6006	1.54919e-07
3.6007	1.62455e-07
3.6008	1.71281e-07
3.6009	1.79264e-07
3.601	1.86027e-07
3.6011	1.95676e-07
3.6012	2.03302e-07
3.6013	2.11238e-07
3.6014	2.13652e-07
3.6015	2.14947e-07
3.6016	2.22135e-07
3.6017	2.29711e-07
3.6018	2.32118e-07
3.6019	2.41628e-07
3.602	2.43988e-07
3.6021	2.47432e-07
3.6022	2.57283e-07
3.6023	2.59051e-07
3.6024	2.60952e-07
3.6025	2.68336e-07
3.6026	2.75684e-07
3.6027	2.79575e-07
3.6028	2.80792e-07
3.6029	2.8697e-07
3.603	2.87219e-07
3.6031	2.92966e-07
3.6032	3.02357e-07
3.6033	3.0178e-07
3.6034	3.06502e-07
3.6035	3.1357e-07
3.6036	3.13587e-07
3.6037	3.22145e-07
3.6038	3.31683e-07
3.6039	3.30877e-07
3.604	3.35964e-07
3.6041	3.41577e-07
3.6042	3.40458e-07
3.6043	3.44035e-07
3.6044	3.49575e-07
3.6045	3.54306e-07
3.6046	3.51304e-07
3.6047	3.5504e-07
3.6048	3.63564e-07
3.6049	3.66907e-07
3.605	3.69553e-07
3.6051	3.72908e-07
3.6052	3.70078e-07
3.6053	3.72478e-07
3.6054	3.81087e-07
3.6055	3.83416e-07
3.6056	3.91305e-07
3.6057	3.94351e-07
3.6058	3.96382e-07
3.6059	3.91869e-07
3.606	3.97619e-07
3.6061	3.9861e-07
3.6062	3.9845e-07
3.6063	3.96848e-07
3.6064	3.96787e-07
3.6065	3.9665e-07
3.6066	3.94404e-07
3.6067	3.93748e-07
3.6068	4.01493e-07
3.6069	4.0094e-07
3.607	3.99387e-07
3.6071	4.04677e-07
3.6072	4.10955e-07
3.6073	4.10896e-07
3.6074	4.1751e-07
3.6075	4.14905e-07
3.6076	4.13104e-07
3.6077	4.16121e-07
3.6078	4.20694e-07
3.6079	4.17834e-07
3.608	4.1605e-07
3.6081	4.17753e-07
3.6082	4.20948e-07
3.6083	4.23182e-07
3.6084	4.26348e-07
3.6085	4.289e-07
3.6086	4.2967e-07
3.6087	4.24647e-07
3.6088	4.26342e-07
3.6089	4.28286e-07
3.609	4.28848e-07
3.6091	4.29235e-07
3.6092	4.23862e-07
3.6093	4.23078e-07
3.6094	4.16319e-07
3.6095	4.15135e-07
3.6096	4.0722e-07
3.6097	4.0079e-07
3.6098	3.93426e-07
3.6099	3.88152e-07
3.61	3.81732e-07
3.6101	3.78222e-07
3.6102	3.7424e-07
3.6103	3.70248e-07
3.6104	3.63993e-07
3.6105	3.54307e-07
3.6106	3.49066e-07
3.6107	3.45341e-07
3.6108	3.37235e-07
3.6109	3.30582e-07
3.611	3.20458e-07
3.6111	3.12959e-07
3.6112	3.05206e-07
3.6113	2.95177e-07
3.6114	2.83986e-07
3.6115	2.71019e-07
3.6116	2.57951e-07
3.6117	2.49988e-07
3.6118	2.39457e-07
3.6119	2.29773e-07
3.612	2.14282e-07
3.6121	1.98743e-07
3.6122	1.89489e-07
3.6123	1.76208e-07
3.6124	1.65897e-07
3.6125	1.50767e-07
3.6126	1.36419e-07
3.6127	1.20912e-07
3.6128	1.06309e-07
3.6129	9.04748e-08
3.613	7.21116e-08
3.6131	5.56144e-08
3.6132	3.80907e-08
3.6133	2.32041e-08
3.6134	1.29775e-09
3.6135	-1.18847e-08
3.6136	-2.41852e-08
3.6137	-4.21613e-08
3.6138	-5.91391e-08
3.6139	-7.76058e-08
3.614	-9.3494e-08
3.6141	-1.01124e-07
3.6142	-1.21829e-07
3.6143	-1.37656e-07
3.6144	-1.52949e-07
3.6145	-1.68864e-07
3.6146	-1.89559e-07
3.6147	-2.10906e-07
3.6148	-2.2715e-07
3.6149	-2.37036e-07
3.615	-2.43932e-07
3.6151	-2.50461e-07
3.6152	-2.73486e-07
3.6153	-2.80406e-07
3.6154	-2.98912e-07
3.6155	-3.06573e-07
3.6156	-3.21625e-07
3.6157	-3.37504e-07
3.6158	-3.44124e-07
3.6159	-3.61101e-07
3.616	-3.77911e-07
3.6161	-3.85575e-07
3.6162	-4.0933e-07
3.6163	-4.31835e-07
3.6164	-4.48612e-07
3.6165	-4.65432e-07
3.6166	-4.8037e-07
3.6167	-4.95066e-07
3.6168	-5.11444e-07
3.6169	-5.25101e-07
3.617	-5.41182e-07
3.6171	-5.55734e-07
3.6172	-5.76829e-07
3.6173	-5.96476e-07
3.6174	-6.04892e-07
3.6175	-6.22156e-07
3.6176	-6.36423e-07
3.6177	-6.53998e-07
3.6178	-6.66758e-07
3.6179	-6.78055e-07
3.618	-6.90529e-07
3.6181	-7.04521e-07
3.6182	-7.1621e-07
3.6183	-7.30528e-07
3.6184	-7.46678e-07
3.6185	-7.61642e-07
3.6186	-7.76733e-07
3.6187	-7.8698e-07
3.6188	-8.014e-07
3.6189	-8.08545e-07
3.619	-8.21469e-07
3.6191	-8.3454e-07
3.6192	-8.46063e-07
3.6193	-8.57145e-07
3.6194	-8.65166e-07
3.6195	-8.75191e-07
3.6196	-8.84647e-07
3.6197	-8.94623e-07
3.6198	-9.03022e-07
3.6199	-9.11833e-07
3.62	-9.21195e-07
3.6201	-9.23325e-07
3.6202	-9.31347e-07
3.6203	-9.3811e-07
3.6204	-9.45203e-07
3.6205	-9.52041e-07
3.6206	-9.57139e-07
3.6207	-9.6144e-07
3.6208	-9.66161e-07
3.6209	-9.65806e-07
3.621	-9.68358e-07
3.6211	-9.71164e-07
3.6212	-9.74931e-07
3.6213	-9.77843e-07
3.6214	-9.78502e-07
3.6215	-9.80149e-07
3.6216	-9.81143e-07
3.6217	-9.81816e-07
3.6218	-9.80823e-07
3.6219	-9.80424e-07
3.622	-9.80454e-07
3.6221	-9.79591e-07
3.6222	-9.7884e-07
3.6223	-9.7755e-07
3.6224	-9.76658e-07
3.6225	-9.80028e-07
3.6226	-9.7823e-07
3.6227	-9.76043e-07
3.6228	-9.73789e-07
3.6229	-9.70106e-07
3.623	-9.66169e-07
3.6231	-9.63247e-07
3.6232	-9.60464e-07
3.6233	-9.55367e-07
3.6234	-9.52267e-07
3.6235	-9.49044e-07
3.6236	-9.4481e-07
3.6237	-9.41011e-07
3.6238	-9.36977e-07
3.6239	-9.34503e-07
3.624	-9.276e-07
3.6241	-9.22621e-07
3.6242	-9.17043e-07
3.6243	-9.13109e-07
3.6244	-9.09164e-07
3.6245	-9.04054e-07
3.6246	-8.98451e-07
3.6247	-8.9464e-07
3.6248	-8.89712e-07
3.6249	-8.8374e-07
3.625	-8.78118e-07
3.6251	-8.70551e-07
3.6252	-8.64354e-07
3.6253	-8.58114e-07
3.6254	-8.52205e-07
3.6255	-8.45336e-07
3.6256	-8.37069e-07
3.6257	-8.29618e-07
3.6258	-8.24673e-07
3.6259	-8.12741e-07
3.626	-8.04966e-07
3.6261	-7.99157e-07
3.6262	-7.91947e-07
3.6263	-7.86592e-07
3.6264	-7.78451e-07
3.6265	-7.70864e-07
3.6266	-7.6271e-07
3.6267	-7.5425e-07
3.6268	-7.45606e-07
3.6269	-7.36117e-07
3.627	-7.26604e-07
3.6271	-7.18737e-07
3.6272	-7.10773e-07
3.6273	-7.03855e-07
3.6274	-6.9849e-07
3.6275	-6.86888e-07
3.6276	-6.77474e-07
3.6277	-6.68905e-07
3.6278	-6.61118e-07
3.6279	-6.51e-07
3.628	-6.41855e-07
3.6281	-6.32208e-07
3.6282	-6.2255e-07
3.6283	-6.12643e-07
3.6284	-6.03723e-07
3.6285	-5.94437e-07
3.6286	-5.8571e-07
3.6287	-5.76305e-07
3.6288	-5.65665e-07
3.6289	-5.5711e-07
3.629	-5.48463e-07
3.6291	-5.39877e-07
3.6292	-5.31892e-07
3.6293	-5.21975e-07
3.6294	-5.11156e-07
3.6295	-5.01034e-07
3.6296	-4.89799e-07
3.6297	-4.80123e-07
3.6298	-4.70039e-07
3.6299	-4.58416e-07
3.63	-4.4771e-07
3.6301	-4.37429e-07
3.6302	-4.25776e-07
3.6303	-4.15045e-07
3.6304	-4.04124e-07
3.6305	-3.95767e-07
3.6306	-3.86453e-07
3.6307	-3.76829e-07
3.6308	-3.70086e-07
3.6309	-3.63551e-07
3.631	-3.54646e-07
3.6311	-3.45362e-07
3.6312	-3.34699e-07
3.6313	-3.25174e-07
3.6314	-3.1574e-07
3.6315	-3.07175e-07
3.6316	-2.97929e-07
3.6317	-2.89663e-07
3.6318	-2.77239e-07
3.6319	-2.70259e-07
3.632	-2.58957e-07
3.6321	-2.52136e-07
3.6322	-2.41622e-07
3.6323	-2.3463e-07
3.6324	-2.27762e-07
3.6325	-2.17222e-07
3.6326	-2.06999e-07
3.6327	-2.00726e-07
3.6328	-1.93354e-07
3.6329	-1.84252e-07
3.633	-1.78931e-07
3.6331	-1.68908e-07
3.6332	-1.63152e-07
3.6333	-1.55429e-07
3.6334	-1.50875e-07
3.6335	-1.42211e-07
3.6336	-1.36929e-07
3.6337	-1.32402e-07
3.6338	-1.28021e-07
3.6339	-1.24713e-07
3.634	-1.19893e-07
3.6341	-1.14417e-07
3.6342	-1.0929e-07
3.6343	-1.00349e-07
3.6344	-9.0617e-08
3.6345	-8.36908e-08
3.6346	-8.10909e-08
3.6347	-7.82531e-08
3.6348	-7.19103e-08
3.6349	-6.77571e-08
3.635	-6.50019e-08
3.6351	-5.59341e-08
3.6352	-5.26016e-08
3.6353	-5.42918e-08
3.6354	-5.37356e-08
3.6355	-4.58832e-08
3.6356	-4.3786e-08
3.6357	-4.52278e-08
3.6358	-4.5084e-08
3.6359	-4.47293e-08
3.636	-4.55851e-08
3.6361	-4.06593e-08
3.6362	-3.35096e-08
3.6363	-2.81795e-08
3.6364	-2.73519e-08
3.6365	-2.76314e-08
3.6366	-2.84966e-08
3.6367	-3.0126e-08
3.6368	-3.16763e-08
3.6369	-2.78555e-08
3.637	-2.89104e-08
3.6371	-3.22286e-08
3.6372	-4.11956e-08
3.6373	-4.55609e-08
3.6374	-4.9176e-08
3.6375	-4.73193e-08
3.6376	-5.17983e-08
3.6377	-5.58761e-08
3.6378	-5.60821e-08
3.6379	-5.37998e-08
3.638	-5.00631e-08
3.6381	-5.49442e-08
3.6382	-6.0964e-08
3.6383	-6.54315e-08
3.6384	-6.47598e-08
3.6385	-6.75307e-08
3.6386	-7.38412e-08
3.6387	-8.04393e-08
3.6388	-8.44362e-08
3.6389	-9.04062e-08
3.639	-9.59348e-08
3.6391	-1.00824e-07
3.6392	-1.04293e-07
3.6393	-1.11989e-07
3.6394	-1.19326e-07
3.6395	-1.25905e-07
3.6396	-1.26339e-07
3.6397	-1.27443e-07
3.6398	-1.3424e-07
3.6399	-1.42449e-07
3.64	-1.5053e-07
3.6401	-1.53361e-07
3.6402	-1.61134e-07
3.6403	-1.65872e-07
3.6404	-1.73717e-07
3.6405	-1.81544e-07
3.6406	-1.85661e-07
3.6407	-1.88162e-07
3.6408	-2.00577e-07
3.6409	-2.09874e-07
3.641	-2.18277e-07
3.6411	-2.26232e-07
3.6412	-2.3698e-07
3.6413	-2.42215e-07
3.6414	-2.46349e-07
3.6415	-2.52171e-07
3.6416	-2.59475e-07
3.6417	-2.67611e-07
3.6418	-2.79587e-07
3.6419	-2.88649e-07
3.642	-2.99284e-07
3.6421	-3.02908e-07
3.6422	-3.07498e-07
3.6423	-3.22656e-07
3.6424	-3.24806e-07
3.6425	-3.35357e-07
3.6426	-3.43618e-07
3.6427	-3.5275e-07
3.6428	-3.63245e-07
3.6429	-3.69971e-07
3.643	-3.72357e-07
3.6431	-3.81355e-07
3.6432	-3.89947e-07
3.6433	-3.99273e-07
3.6434	-4.07959e-07
3.6435	-4.12413e-07
3.6436	-4.21272e-07
3.6437	-4.31022e-07
3.6438	-4.398e-07
3.6439	-4.45138e-07
3.644	-4.51009e-07
3.6441	-4.60323e-07
3.6442	-4.69513e-07
3.6443	-4.74229e-07
3.6444	-4.83218e-07
3.6445	-4.89308e-07
3.6446	-4.9701e-07
3.6447	-5.05607e-07
3.6448	-5.10813e-07
3.6449	-5.20785e-07
3.645	-5.26764e-07
3.6451	-5.35074e-07
3.6452	-5.41215e-07
3.6453	-5.46469e-07
3.6454	-5.51671e-07
3.6455	-5.59487e-07
3.6456	-5.63813e-07
3.6457	-5.71176e-07
3.6458	-5.78286e-07
3.6459	-5.8564e-07
3.646	-5.9296e-07
3.6461	-5.98861e-07
3.6462	-6.02972e-07
3.6463	-6.08019e-07
3.6464	-6.15227e-07
3.6465	-6.1835e-07
3.6466	-6.22903e-07
3.6467	-6.32194e-07
3.6468	-6.3573e-07
3.6469	-6.39429e-07
3.647	-6.42763e-07
3.6471	-6.45769e-07
3.6472	-6.49229e-07
3.6473	-6.5335e-07
3.6474	-6.55132e-07
3.6475	-6.57766e-07
3.6476	-6.59385e-07
3.6477	-6.61105e-07
3.6478	-6.62088e-07
3.6479	-6.65791e-07
3.648	-6.67028e-07
3.6481	-6.68346e-07
3.6482	-6.68616e-07
3.6483	-6.69095e-07
3.6484	-6.69556e-07
3.6485	-6.68998e-07
3.6486	-6.68411e-07
3.6487	-6.67621e-07
3.6488	-6.66238e-07
3.6489	-6.65821e-07
3.649	-6.65119e-07
3.6491	-6.63107e-07
3.6492	-6.6327e-07
3.6493	-6.61303e-07
3.6494	-6.5879e-07
3.6495	-6.56961e-07
3.6496	-6.55647e-07
3.6497	-6.52833e-07
3.6498	-6.50425e-07
3.6499	-6.46955e-07
3.65	-6.4513e-07
3.6501	-6.38925e-07
3.6502	-6.36185e-07
3.6503	-6.3158e-07
3.6504	-6.27926e-07
3.6505	-6.24371e-07
3.6506	-6.1985e-07
3.6507	-6.16358e-07
3.6508	-6.12176e-07
3.6509	-6.0749e-07
3.651	-6.04027e-07
3.6511	-5.99536e-07
3.6512	-5.9636e-07
3.6513	-5.898e-07
3.6514	-5.86321e-07
3.6515	-5.82386e-07
3.6516	-5.78568e-07
3.6517	-5.73951e-07
3.6518	-5.70006e-07
3.6519	-5.65356e-07
3.652	-5.60213e-07
3.6521	-5.54681e-07
3.6522	-5.4981e-07
3.6523	-5.42913e-07
3.6524	-5.38008e-07
3.6525	-5.32914e-07
3.6526	-5.27785e-07
3.6527	-5.23103e-07
3.6528	-5.17369e-07
3.6529	-5.11689e-07
3.653	-5.07102e-07
3.6531	-5.0244e-07
3.6532	-4.93051e-07
3.6533	-4.90294e-07
3.6534	-4.85897e-07
3.6535	-4.81341e-07
3.6536	-4.75953e-07
3.6537	-4.72537e-07
3.6538	-4.69448e-07
3.6539	-4.64844e-07
3.654	-4.60211e-07
3.6541	-4.53798e-07
3.6542	-4.48385e-07
3.6543	-4.45954e-07
3.6544	-4.4046e-07
3.6545	-4.34517e-07
3.6546	-4.28922e-07
3.6547	-4.2373e-07
3.6548	-4.18557e-07
3.6549	-4.15025e-07
3.655	-4.10926e-07
3.6551	-4.04286e-07
3.6552	-3.99422e-07
3.6553	-3.93295e-07
3.6554	-3.89293e-07
3.6555	-3.83731e-07
3.6556	-3.78322e-07
3.6557	-3.74072e-07
3.6558	-3.68798e-07
3.6559	-3.61541e-07
3.656	-3.5675e-07
3.6561	-3.54094e-07
3.6562	-3.48288e-07
3.6563	-3.42534e-07
3.6564	-3.36675e-07
3.6565	-3.31664e-07
3.6566	-3.26848e-07
3.6567	-3.20433e-07
3.6568	-3.14897e-07
3.6569	-3.09467e-07
3.657	-3.04438e-07
3.6571	-2.98534e-07
3.6572	-2.92288e-07
3.6573	-2.88013e-07
3.6574	-2.84472e-07
3.6575	-2.78928e-07
3.6576	-2.73789e-07
3.6577	-2.66881e-07
3.6578	-2.626e-07
3.6579	-2.58396e-07
3.658	-2.54095e-07
3.6581	-2.48371e-07
3.6582	-2.4369e-07
3.6583	-2.37623e-07
3.6584	-2.33136e-07
3.6585	-2.28025e-07
3.6586	-2.21812e-07
3.6587	-2.15083e-07
3.6588	-2.10109e-07
3.6589	-2.04587e-07
3.659	-1.9916e-07
3.6591	-1.93429e-07
3.6592	-1.88656e-07
3.6593	-1.8318e-07
3.6594	-1.77312e-07
3.6595	-1.72217e-07
3.6596	-1.6614e-07
3.6597	-1.60814e-07
3.6598	-1.55695e-07
3.6599	-1.49033e-07
3.66	-1.42929e-07
3.6601	-1.3709e-07
3.6602	-1.32273e-07
3.6603	-1.2562e-07
3.6604	-1.19561e-07
3.6605	-1.13412e-07
3.6606	-1.07435e-07
3.6607	-1.01094e-07
3.6608	-9.36629e-08
3.6609	-8.67708e-08
3.661	-8.06359e-08
3.6611	-7.43274e-08
3.6612	-6.93848e-08
3.6613	-6.33719e-08
3.6614	-5.65086e-08
3.6615	-5.09084e-08
3.6616	-4.41955e-08
3.6617	-3.88407e-08
3.6618	-3.00931e-08
3.6619	-2.23336e-08
3.662	-1.67432e-08
3.6621	-9.92779e-09
3.6622	-2.52255e-09
3.6623	4.93885e-09
3.6624	1.2168e-08
3.6625	1.9497e-08
3.6626	2.70018e-08
3.6627	3.42456e-08
3.6628	4.11458e-08
3.6629	4.85935e-08
3.663	5.68977e-08
3.6631	6.30926e-08
3.6632	6.92458e-08
3.6633	7.70874e-08
3.6634	8.53558e-08
3.6635	9.36678e-08
3.6636	1.01334e-07
3.6637	1.08812e-07
3.6638	1.17731e-07
3.6639	1.25997e-07
3.664	1.33148e-07
3.6641	1.40737e-07
3.6642	1.49618e-07
3.6643	1.57367e-07
3.6644	1.66977e-07
3.6645	1.71073e-07
3.6646	1.78291e-07
3.6647	1.85496e-07
3.6648	1.94014e-07
3.6649	2.01199e-07
3.665	2.08642e-07
3.6651	2.12314e-07
3.6652	2.2021e-07
3.6653	2.22899e-07
3.6654	2.30427e-07
3.6655	2.38598e-07
3.6656	2.46684e-07
3.6657	2.53815e-07
3.6658	2.62766e-07
3.6659	2.64667e-07
3.666	2.7125e-07
3.6661	2.80258e-07
3.6662	2.90276e-07
3.6663	2.96771e-07
3.6664	3.03866e-07
3.6665	3.13363e-07
3.6666	3.18498e-07
3.6667	3.24275e-07
3.6668	3.30379e-07
3.6669	3.36354e-07
3.667	3.42507e-07
3.6671	3.48536e-07
3.6672	3.53766e-07
3.6673	3.59771e-07
3.6674	3.65347e-07
3.6675	3.70587e-07
3.6676	3.77691e-07
3.6677	3.87891e-07
3.6678	3.88018e-07
3.6679	3.96475e-07
3.668	4.05834e-07
3.6681	4.02077e-07
3.6682	4.0618e-07
3.6683	4.15376e-07
3.6684	4.20879e-07
3.6685	4.26263e-07
3.6686	4.24096e-07
3.6687	4.26508e-07
3.6688	4.38137e-07
3.6689	4.41851e-07
3.669	4.44204e-07
3.6691	4.47175e-07
3.6692	4.45573e-07
3.6693	4.50085e-07
3.6694	4.53689e-07
3.6695	4.5695e-07
3.6696	4.58414e-07
3.6697	4.59603e-07
3.6698	4.60917e-07
3.6699	4.63163e-07
3.67	4.64686e-07
3.6701	4.5987e-07
3.6702	4.6111e-07
3.6703	4.68385e-07
3.6704	4.733e-07
3.6705	4.7308e-07
3.6706	4.80397e-07
3.6707	4.87226e-07
3.6708	4.86054e-07
3.6709	4.83941e-07
3.671	4.89647e-07
3.6711	4.95903e-07
3.6712	4.91829e-07
3.6713	4.86697e-07
3.6714	4.91756e-07
3.6715	4.89451e-07
3.6716	4.87274e-07
3.6717	4.84676e-07
3.6718	4.89195e-07
3.6719	4.92462e-07
3.672	4.89465e-07
3.6721	4.90575e-07
3.6722	4.90241e-07
3.6723	4.91486e-07
3.6724	4.8548e-07
3.6725	4.78179e-07
3.6726	4.75737e-07
3.6727	4.78051e-07
3.6728	4.79188e-07
3.6729	4.79438e-07
3.673	4.71938e-07
3.6731	4.65244e-07
3.6732	4.64345e-07
3.6733	4.57903e-07
3.6734	4.51561e-07
3.6735	4.43729e-07
3.6736	4.33666e-07
3.6737	4.33912e-07
3.6738	4.27596e-07
3.6739	4.20518e-07
3.674	4.12153e-07
3.6741	4.07108e-07
3.6742	4.00797e-07
3.6743	3.92174e-07
3.6744	3.84723e-07
3.6745	3.76779e-07
3.6746	3.69946e-07
3.6747	3.58793e-07
3.6748	3.52656e-07
3.6749	3.4267e-07
3.675	3.3415e-07
3.6751	3.2591e-07
3.6752	3.14577e-07
3.6753	3.04274e-07
3.6754	2.93931e-07
3.6755	2.87978e-07
3.6756	2.77137e-07
3.6757	2.65995e-07
3.6758	2.54539e-07
3.6759	2.40695e-07
3.676	2.31432e-07
3.6761	2.14915e-07
3.6762	2.02762e-07
3.6763	1.88486e-07
3.6764	1.7428e-07
3.6765	1.5985e-07
3.6766	1.44896e-07
3.6767	1.30132e-07
3.6768	1.19271e-07
3.6769	1.11862e-07
3.677	9.42248e-08
3.6771	8.0817e-08
3.6772	7.13129e-08
3.6773	5.49469e-08
3.6774	4.42553e-08
3.6775	3.35057e-08
3.6776	1.63105e-08
3.6777	-2.99634e-09
3.6778	-1.71119e-08
3.6779	-3.06009e-08
3.678	-5.02972e-08
3.6781	-7.09415e-08
3.6782	-8.71439e-08
3.6783	-1.01933e-07
3.6784	-1.22528e-07
3.6785	-1.44461e-07
3.6786	-1.66332e-07
3.6787	-1.82643e-07
3.6788	-1.89334e-07
3.6789	-2.06516e-07
3.679	-2.1753e-07
3.6791	-2.24728e-07
3.6792	-2.4254e-07
3.6793	-2.61333e-07
3.6794	-2.64356e-07
3.6795	-2.80967e-07
3.6796	-2.99532e-07
3.6797	-3.05285e-07
3.6798	-3.11729e-07
3.6799	-3.29215e-07
3.68	-3.52129e-07
3.6801	-3.71351e-07
3.6802	-3.88162e-07
3.6803	-4.11546e-07
3.6804	-4.33585e-07
3.6805	-4.50558e-07
3.6806	-4.6558e-07
3.6807	-4.82209e-07
3.6808	-4.9733e-07
3.6809	-5.13175e-07
3.681	-5.34387e-07
3.6811	-5.46523e-07
3.6812	-5.65762e-07
3.6813	-5.80926e-07
3.6814	-5.99937e-07
3.6815	-6.1486e-07
3.6816	-6.28324e-07
3.6817	-6.40406e-07
3.6818	-6.51562e-07
3.6819	-6.6385e-07
3.682	-6.7453e-07
3.6821	-6.85046e-07
3.6822	-6.9493e-07
3.6823	-7.09251e-07
3.6824	-7.23958e-07
3.6825	-7.37747e-07
3.6826	-7.53337e-07
3.6827	-7.60364e-07
3.6828	-7.73962e-07
3.6829	-7.83859e-07
3.683	-7.96735e-07
3.6831	-8.08966e-07
3.6832	-8.15352e-07
3.6833	-8.25957e-07
3.6834	-8.36525e-07
3.6835	-8.41238e-07
3.6836	-8.51877e-07
3.6837	-8.60932e-07
3.6838	-8.70838e-07
3.6839	-8.72934e-07
3.684	-8.80343e-07
3.6841	-8.83677e-07
3.6842	-8.90422e-07
3.6843	-8.97659e-07
3.6844	-9.02453e-07
3.6845	-9.07272e-07
3.6846	-9.11621e-07
3.6847	-9.11779e-07
3.6848	-9.11094e-07
3.6849	-9.19218e-07
3.685	-9.21438e-07
3.6851	-9.23797e-07
3.6852	-9.26596e-07
3.6853	-9.26556e-07
3.6854	-9.30843e-07
3.6855	-9.32031e-07
3.6856	-9.33551e-07
3.6857	-9.33172e-07
3.6858	-9.34151e-07
3.6859	-9.31933e-07
3.686	-9.31257e-07
3.6861	-9.30123e-07
3.6862	-9.29384e-07
3.6863	-9.29547e-07
3.6864	-9.2689e-07
3.6865	-9.25405e-07
3.6866	-9.23275e-07
3.6867	-9.21155e-07
3.6868	-9.19095e-07
3.6869	-9.13253e-07
3.687	-9.1018e-07
3.6871	-9.06526e-07
3.6872	-9.02974e-07
3.6873	-9.0022e-07
3.6874	-8.9679e-07
3.6875	-8.93282e-07
3.6876	-8.89918e-07
3.6877	-8.8651e-07
3.6878	-8.81295e-07
3.6879	-8.77031e-07
3.688	-8.71895e-07
3.6881	-8.6792e-07
3.6882	-8.62473e-07
3.6883	-8.57963e-07
3.6884	-8.54322e-07
3.6885	-8.48628e-07
3.6886	-8.43443e-07
3.6887	-8.37592e-07
3.6888	-8.31471e-07
3.6889	-8.25405e-07
3.689	-8.16972e-07
3.6891	-8.11243e-07
3.6892	-8.05045e-07
3.6893	-7.98784e-07
3.6894	-7.92473e-07
3.6895	-7.87009e-07
3.6896	-7.82006e-07
3.6897	-7.72411e-07
3.6898	-7.64718e-07
3.6899	-7.57052e-07
3.69	-7.50486e-07
3.6901	-7.4219e-07
3.6902	-7.34912e-07
3.6903	-7.24875e-07
3.6904	-7.16252e-07
3.6905	-7.08446e-07
3.6906	-7.00712e-07
3.6907	-6.91108e-07
3.6908	-6.8221e-07
3.6909	-6.71443e-07
3.691	-6.62293e-07
3.6911	-6.55629e-07
3.6912	-6.50093e-07
3.6913	-6.38254e-07
3.6914	-6.29551e-07
3.6915	-6.20908e-07
3.6916	-6.1381e-07
3.6917	-6.01999e-07
3.6918	-5.92097e-07
3.6919	-5.82722e-07
3.692	-5.72229e-07
3.6921	-5.62702e-07
3.6922	-5.52664e-07
3.6923	-5.43264e-07
3.6924	-5.3423e-07
3.6925	-5.24783e-07
3.6926	-5.14486e-07
3.6927	-5.03517e-07
3.6928	-4.9557e-07
3.6929	-4.86511e-07
3.693	-4.77779e-07
3.6931	-4.69108e-07
3.6932	-4.58667e-07
3.6933	-4.50628e-07
3.6934	-4.4016e-07
3.6935	-4.28825e-07
3.6936	-4.17765e-07
3.6937	-4.06549e-07
3.6938	-3.96249e-07
3.6939	-3.8544e-07
3.694	-3.7524e-07
3.6941	-3.65073e-07
3.6942	-3.55636e-07
3.6943	-3.44676e-07
3.6944	-3.34849e-07
3.6945	-3.2446e-07
3.6946	-3.17149e-07
3.6947	-3.07556e-07
3.6948	-2.97391e-07
3.6949	-2.89158e-07
3.695	-2.79126e-07
3.6951	-2.6846e-07
3.6952	-2.62679e-07
3.6953	-2.54116e-07
3.6954	-2.43548e-07
3.6955	-2.34159e-07
3.6956	-2.26634e-07
3.6957	-2.15829e-07
3.6958	-2.08344e-07
3.6959	-1.97252e-07
3.696	-1.8615e-07
3.6961	-1.79249e-07
3.6962	-1.67406e-07
3.6963	-1.56564e-07
3.6964	-1.45693e-07
3.6965	-1.38404e-07
3.6966	-1.30117e-07
3.6967	-1.19205e-07
3.6968	-1.14671e-07
3.6969	-1.0425e-07
3.697	-9.83367e-08
3.6971	-8.74201e-08
3.6972	-7.63143e-08
3.6973	-7.29277e-08
3.6974	-6.47223e-08
3.6975	-5.93185e-08
3.6976	-5.42984e-08
3.6977	-5.0262e-08
3.6978	-4.04074e-08
3.6979	-3.08626e-08
3.698	-2.70379e-08
3.6981	-1.82821e-08
3.6982	-8.86499e-09
3.6983	-4.96223e-09
3.6984	8.4996e-11
3.6985	2.1314e-09
3.6986	8.17778e-09
3.6987	1.90523e-08
3.6988	2.20914e-08
3.6989	2.60234e-08
3.699	2.86765e-08
3.6991	3.06549e-08
3.6992	3.70978e-08
3.6993	3.66292e-08
3.6994	3.9457e-08
3.6995	3.84558e-08
3.6996	3.79008e-08
3.6997	3.4929e-08
3.6998	3.35834e-08
3.6999	3.30014e-08
3.7	3.04873e-08
3.7001	3.40625e-08
3.7002	3.65359e-08
3.7003	3.68444e-08
3.7004	4.22406e-08
3.7005	4.57152e-08
3.7006	4.4832e-08
3.7007	4.86673e-08
3.7008	4.64886e-08
3.7009	4.3687e-08
3.701	4.57617e-08
3.7011	3.7818e-08
3.7012	3.43788e-08
3.7013	3.72551e-08
3.7014	3.32579e-08
3.7015	2.78893e-08
3.7016	2.45311e-08
3.7017	2.09611e-08
3.7018	3.1098e-08
3.7019	2.94474e-08
3.702	2.48501e-08
3.7021	1.8902e-08
3.7022	1.69134e-08
3.7023	1.40053e-08
3.7024	1.08742e-08
3.7025	7.57317e-09
3.7026	7.33042e-09
3.7027	3.99343e-09
3.7028	-2.0607e-09
3.7029	-7.94386e-09
3.703	-1.17944e-08
3.7031	-2.08718e-08
3.7032	-2.65342e-08
3.7033	-3.1795e-08
3.7034	-3.65686e-08
3.7035	-4.23082e-08
3.7036	-4.56388e-08
3.7037	-5.15964e-08
3.7038	-5.59436e-08
3.7039	-6.35087e-08
3.704	-6.72341e-08
3.7041	-7.50885e-08
3.7042	-8.36069e-08
3.7043	-9.09139e-08
3.7044	-9.47557e-08
3.7045	-9.78843e-08
3.7046	-1.04903e-07
3.7047	-1.1841e-07
3.7048	-1.23062e-07
3.7049	-1.33605e-07
3.705	-1.41302e-07
3.7051	-1.54719e-07
3.7052	-1.63362e-07
3.7053	-1.69491e-07
3.7054	-1.78239e-07
3.7055	-1.88869e-07
3.7056	-2.0052e-07
3.7057	-2.04282e-07
3.7058	-2.15248e-07
3.7059	-2.23907e-07
3.706	-2.33102e-07
3.7061	-2.4415e-07
3.7062	-2.58048e-07
3.7063	-2.67357e-07
3.7064	-2.79961e-07
3.7065	-2.89091e-07
3.7066	-2.99049e-07
3.7067	-3.0307e-07
3.7068	-3.06442e-07
3.7069	-3.13325e-07
3.707	-3.21982e-07
3.7071	-3.31137e-07
3.7072	-3.44917e-07
3.7073	-3.5916e-07
3.7074	-3.63293e-07
3.7075	-3.6879e-07
3.7076	-3.72777e-07
3.7077	-3.87286e-07
3.7078	-3.90226e-07
3.7079	-4.00405e-07
3.708	-4.0584e-07
3.7081	-4.11767e-07
3.7082	-4.16787e-07
3.7083	-4.2552e-07
3.7084	-4.29397e-07
3.7085	-4.35169e-07
3.7086	-4.4099e-07
3.7087	-4.50153e-07
3.7088	-4.58994e-07
3.7089	-4.64994e-07
3.709	-4.72979e-07
3.7091	-4.792e-07
3.7092	-4.87507e-07
3.7093	-4.94015e-07
3.7094	-4.98713e-07
3.7095	-5.05106e-07
3.7096	-5.14267e-07
3.7097	-5.20339e-07
3.7098	-5.2766e-07
3.7099	-5.34487e-07
3.71	-5.38521e-07
3.7101	-5.42085e-07
3.7102	-5.47988e-07
3.7103	-5.50589e-07
3.7104	-5.55414e-07
3.7105	-5.59829e-07
3.7106	-5.64711e-07
3.7107	-5.68221e-07
3.7108	-5.72194e-07
3.7109	-5.7618e-07
3.711	-5.79352e-07
3.7111	-5.8372e-07
3.7112	-5.87265e-07
3.7113	-5.89145e-07
3.7114	-5.92726e-07
3.7115	-5.95923e-07
3.7116	-5.97719e-07
3.7117	-5.97568e-07
3.7118	-5.99417e-07
3.7119	-6.00319e-07
3.712	-6.03944e-07
3.7121	-6.04325e-07
3.7122	-6.0461e-07
3.7123	-6.03973e-07
3.7124	-6.03342e-07
3.7125	-6.02814e-07
3.7126	-6.0167e-07
3.7127	-6.01767e-07
3.7128	-6.00903e-07
3.7129	-5.99455e-07
3.713	-5.97934e-07
3.7131	-5.96806e-07
3.7132	-5.94846e-07
3.7133	-5.92865e-07
3.7134	-5.91161e-07
3.7135	-5.88314e-07
3.7136	-5.85271e-07
3.7137	-5.81897e-07
3.7138	-5.80202e-07
3.7139	-5.78347e-07
3.714	-5.73069e-07
3.7141	-5.6934e-07
3.7142	-5.6491e-07
3.7143	-5.62168e-07
3.7144	-5.58279e-07
3.7145	-5.54936e-07
3.7146	-5.50112e-07
3.7147	-5.46067e-07
3.7148	-5.42216e-07
3.7149	-5.37455e-07
3.715	-5.32868e-07
3.7151	-5.28592e-07
3.7152	-5.22576e-07
3.7153	-5.16893e-07
3.7154	-5.14182e-07
3.7155	-5.09881e-07
3.7156	-5.04944e-07
3.7157	-5.00057e-07
3.7158	-4.93604e-07
3.7159	-4.88153e-07
3.716	-4.82998e-07
3.7161	-4.78986e-07
3.7162	-4.70495e-07
3.7163	-4.65886e-07
3.7164	-4.59546e-07
3.7165	-4.55004e-07
3.7166	-4.49073e-07
3.7167	-4.43716e-07
3.7168	-4.38463e-07
3.7169	-4.32084e-07
3.717	-4.27161e-07
3.7171	-4.19854e-07
3.7172	-4.16343e-07
3.7173	-4.11321e-07
3.7174	-4.07176e-07
3.7175	-4.03091e-07
3.7176	-3.98182e-07
3.7177	-3.92229e-07
3.7178	-3.88173e-07
3.7179	-3.83124e-07
3.718	-3.77878e-07
3.7181	-3.72829e-07
3.7182	-3.68992e-07
3.7183	-3.63407e-07
3.7184	-3.59276e-07
3.7185	-3.53148e-07
3.7186	-3.46676e-07
3.7187	-3.41852e-07
3.7188	-3.38119e-07
3.7189	-3.321e-07
3.719	-3.27559e-07
3.7191	-3.24125e-07
3.7192	-3.18542e-07
3.7193	-3.12847e-07
3.7194	-3.07672e-07
3.7195	-3.01475e-07
3.7196	-2.96675e-07
3.7197	-2.91955e-07
3.7198	-2.86042e-07
3.7199	-2.81515e-07
3.72	-2.78287e-07
3.7201	-2.73673e-07
3.7202	-2.68142e-07
3.7203	-2.63141e-07
3.7204	-2.5724e-07
3.7205	-2.5041e-07
3.7206	-2.45358e-07
3.7207	-2.39462e-07
3.7208	-2.33496e-07
3.7209	-2.2788e-07
3.721	-2.22489e-07
3.7211	-2.17472e-07
3.7212	-2.11095e-07
3.7213	-2.06248e-07
3.7214	-2.0193e-07
3.7215	-1.95977e-07
3.7216	-1.89138e-07
3.7217	-1.85741e-07
3.7218	-1.81793e-07
3.7219	-1.76551e-07
3.722	-1.71891e-07
3.7221	-1.66213e-07
3.7222	-1.60534e-07
3.7223	-1.54046e-07
3.7224	-1.48368e-07
3.7225	-1.43106e-07
3.7226	-1.36094e-07
3.7227	-1.30494e-07
3.7228	-1.25029e-07
3.7229	-1.19586e-07
3.723	-1.13087e-07
3.7231	-1.08095e-07
3.7232	-1.01969e-07
3.7233	-9.68578e-08
3.7234	-9.00499e-08
3.7235	-8.49888e-08
3.7236	-7.90313e-08
3.7237	-7.37329e-08
3.7238	-6.69791e-08
3.7239	-6.02161e-08
3.724	-5.47447e-08
3.7241	-4.94473e-08
3.7242	-4.32833e-08
3.7243	-3.70843e-08
3.7244	-3.04754e-08
3.7245	-2.34762e-08
3.7246	-1.70464e-08
3.7247	-1.01896e-08
3.7248	-3.22278e-09
3.7249	2.73837e-09
3.725	8.7936e-09
3.7251	1.58852e-08
3.7252	2.12933e-08
3.7253	2.73393e-08
3.7254	3.45539e-08
3.7255	4.04729e-08
3.7256	4.69788e-08
3.7257	5.40597e-08
3.7258	6.11314e-08
3.7259	6.85256e-08
3.726	7.56e-08
3.7261	8.29771e-08
3.7262	9.03836e-08
3.7263	9.7595e-08
3.7264	1.04465e-07
3.7265	1.09149e-07
3.7266	1.16016e-07
3.7267	1.24571e-07
3.7268	1.32775e-07
3.7269	1.40729e-07
3.727	1.47123e-07
3.7271	1.5454e-07
3.7272	1.62304e-07
3.7273	1.69189e-07
3.7274	1.77463e-07
3.7275	1.85054e-07
3.7276	1.93705e-07
3.7277	2.01477e-07
3.7278	2.09692e-07
3.7279	2.18026e-07
3.728	2.26664e-07
3.7281	2.34126e-07
3.7282	2.37889e-07
3.7283	2.46226e-07
3.7284	2.52805e-07
3.7285	2.60272e-07
3.7286	2.66535e-07
3.7287	2.73712e-07
3.7288	2.82862e-07
3.7289	2.90969e-07
3.729	2.98442e-07
3.7291	3.06046e-07
3.7292	3.13195e-07
3.7293	3.22177e-07
3.7294	3.29199e-07
3.7295	3.35757e-07
3.7296	3.4537e-07
3.7297	3.51667e-07
3.7298	3.62661e-07
3.7299	3.64987e-07
3.73	3.72422e-07
3.7301	3.73092e-07
3.7302	3.82132e-07
3.7303	3.89188e-07
3.7304	3.95014e-07
3.7305	4.00352e-07
3.7306	4.0652e-07
3.7307	4.12451e-07
3.7308	4.18167e-07
3.7309	4.23053e-07
3.731	4.28206e-07
3.7311	4.33867e-07
3.7312	4.39149e-07
3.7313	4.4992e-07
3.7314	4.58059e-07
3.7315	4.62564e-07
3.7316	4.67196e-07
3.7317	4.7272e-07
3.7318	4.7761e-07
3.7319	4.76926e-07
3.732	4.81097e-07
3.7321	4.91529e-07
3.7322	4.92437e-07
3.7323	4.9101e-07
3.7324	4.94523e-07
3.7325	5.01654e-07
3.7326	5.04904e-07
3.7327	5.07864e-07
3.7328	5.03865e-07
3.7329	5.12562e-07
3.733	5.20732e-07
3.7331	5.22764e-07
3.7332	5.25537e-07
3.7333	5.28599e-07
3.7334	5.3038e-07
3.7335	5.3373e-07
3.7336	5.34566e-07
3.7337	5.41114e-07
3.7338	5.47956e-07
3.7339	5.47659e-07
3.734	5.48321e-07
3.7341	5.53726e-07
3.7342	5.60487e-07
3.7343	5.55114e-07
3.7344	5.54883e-07
3.7345	5.54716e-07
3.7346	5.53745e-07
3.7347	5.512e-07
3.7348	5.49708e-07
3.7349	5.55164e-07
3.735	5.54989e-07
3.7351	5.52501e-07
3.7352	5.57226e-07
3.7353	5.55366e-07
3.7354	5.53953e-07
3.7355	5.51513e-07
3.7356	5.49059e-07
3.7357	5.52014e-07
3.7358	5.51679e-07
3.7359	5.486e-07
3.736	5.45032e-07
3.7361	5.46994e-07
3.7362	5.49903e-07
3.7363	5.43877e-07
3.7364	5.38197e-07
3.7365	5.40343e-07
3.7366	5.417e-07
3.7367	5.4232e-07
3.7368	5.37062e-07
3.7369	5.29652e-07
3.737	5.28097e-07
3.7371	5.2727e-07
3.7372	5.1983e-07
3.7373	5.12328e-07
3.7374	5.10417e-07
3.7375	5.07621e-07
3.7376	5.00046e-07
3.7377	4.89267e-07
3.7378	4.85897e-07
3.7379	4.78621e-07
3.738	4.75644e-07
3.7381	4.69884e-07
3.7382	4.66505e-07
3.7383	4.63659e-07
3.7384	4.58007e-07
3.7385	4.46091e-07
3.7386	4.41374e-07
3.7387	4.34409e-07
3.7388	4.27014e-07
3.7389	4.18427e-07
3.739	4.07795e-07
3.7391	3.95381e-07
3.7392	3.80195e-07
3.7393	3.75391e-07
3.7394	3.62884e-07
3.7395	3.52401e-07
3.7396	3.42745e-07
3.7397	3.26183e-07
3.7398	3.1312e-07
3.7399	3.00186e-07
3.74	2.9075e-07
3.7401	2.78158e-07
3.7402	2.68965e-07
3.7403	2.53802e-07
3.7404	2.37798e-07
3.7405	2.22448e-07
3.7406	2.08106e-07
3.7407	1.91488e-07
3.7408	1.82823e-07
3.7409	1.67457e-07
3.741	1.62017e-07
3.7411	1.43666e-07
3.7412	1.31295e-07
3.7413	1.21188e-07
3.7414	1.12989e-07
3.7415	9.1955e-08
3.7416	7.6571e-08
3.7417	5.98659e-08
3.7418	4.33579e-08
3.7419	2.70814e-08
3.742	6.70611e-09
3.7421	-9.32689e-09
3.7422	-3.04382e-08
3.7423	-5.10828e-08
3.7424	-7.15425e-08
3.7425	-9.32224e-08
3.7426	-1.15801e-07
3.7427	-1.37153e-07
3.7428	-1.43984e-07
3.7429	-1.54707e-07
3.743	-1.73263e-07
3.7431	-1.94857e-07
3.7432	-2.07849e-07
3.7433	-2.2402e-07
3.7434	-2.42349e-07
3.7435	-2.59514e-07
3.7436	-2.7052e-07
3.7437	-2.86364e-07
3.7438	-3.04463e-07
3.7439	-3.22055e-07
3.744	-3.38313e-07
3.7441	-3.61569e-07
3.7442	-3.78579e-07
3.7443	-3.9331e-07
3.7444	-4.00932e-07
3.7445	-4.1577e-07
3.7446	-4.29737e-07
3.7447	-4.4421e-07
3.7448	-4.64644e-07
3.7449	-4.78764e-07
3.745	-4.93022e-07
3.7451	-4.9896e-07
3.7452	-5.16474e-07
3.7453	-5.35964e-07
3.7454	-5.4868e-07
3.7455	-5.59891e-07
3.7456	-5.70449e-07
3.7457	-5.82015e-07
3.7458	-5.98097e-07
3.7459	-6.0469e-07
3.746	-6.15822e-07
3.7461	-6.3293e-07
3.7462	-6.47568e-07
3.7463	-6.61503e-07
3.7464	-6.73196e-07
3.7465	-6.80978e-07
3.7466	-6.94573e-07
3.7467	-7.07379e-07
3.7468	-7.21149e-07
3.7469	-7.32607e-07
3.747	-7.42263e-07
3.7471	-7.5385e-07
3.7472	-7.65224e-07
3.7473	-7.69038e-07
3.7474	-7.78923e-07
3.7475	-7.88069e-07
3.7476	-7.97276e-07
3.7477	-8.02196e-07
3.7478	-8.09868e-07
3.7479	-8.17816e-07
3.748	-8.20311e-07
3.7481	-8.23513e-07
3.7482	-8.29733e-07
3.7483	-8.34333e-07
3.7484	-8.3954e-07
3.7485	-8.43246e-07
3.7486	-8.47125e-07
3.7487	-8.51276e-07
3.7488	-8.55169e-07
3.7489	-8.56977e-07
3.749	-8.6059e-07
3.7491	-8.62063e-07
3.7492	-8.64034e-07
3.7493	-8.61362e-07
3.7494	-8.6256e-07
3.7495	-8.62622e-07
3.7496	-8.62584e-07
3.7497	-8.64109e-07
3.7498	-8.62101e-07
3.7499	-8.6104e-07
3.75	-8.59842e-07
3.7501	-8.58279e-07
3.7502	-8.56884e-07
3.7503	-8.55995e-07
3.7504	-8.5953e-07
3.7505	-8.57043e-07
3.7506	-8.53939e-07
3.7507	-8.50132e-07
3.7508	-8.4566e-07
3.7509	-8.42389e-07
3.751	-8.38182e-07
3.7511	-8.34135e-07
3.7512	-8.30835e-07
3.7513	-8.26845e-07
3.7514	-8.24008e-07
3.7515	-8.20231e-07
3.7516	-8.17745e-07
3.7517	-8.10529e-07
3.7518	-8.06307e-07
3.7519	-8.02893e-07
3.752	-7.98007e-07
3.7521	-7.93593e-07
3.7522	-7.8973e-07
3.7523	-7.85319e-07
3.7524	-7.7975e-07
3.7525	-7.74257e-07
3.7526	-7.68675e-07
3.7527	-7.63127e-07
3.7528	-7.56597e-07
3.7529	-7.49785e-07
3.753	-7.43531e-07
3.7531	-7.37903e-07
3.7532	-7.31952e-07
3.7533	-7.26238e-07
3.7534	-7.20525e-07
3.7535	-7.14976e-07
3.7536	-7.03527e-07
3.7537	-6.96736e-07
3.7538	-6.89656e-07
3.7539	-6.83813e-07
3.754	-6.76443e-07
3.7541	-6.68946e-07
3.7542	-6.60992e-07
3.7543	-6.53278e-07
3.7544	-6.45232e-07
3.7545	-6.37422e-07
3.7546	-6.29118e-07
3.7547	-6.17424e-07
3.7548	-6.09716e-07
3.7549	-6.02301e-07
3.755	-5.95108e-07
3.7551	-5.88663e-07
3.7552	-5.75665e-07
3.7553	-5.68182e-07
3.7554	-5.5916e-07
3.7555	-5.50579e-07
3.7556	-5.40394e-07
3.7557	-5.2996e-07
3.7558	-5.2003e-07
3.7559	-5.13681e-07
3.756	-5.04511e-07
3.7561	-4.95031e-07
3.7562	-4.84688e-07
3.7563	-4.75146e-07
3.7564	-4.67121e-07
3.7565	-4.56883e-07
3.7566	-4.46652e-07
3.7567	-4.39152e-07
3.7568	-4.30185e-07
3.7569	-4.224e-07
3.757	-4.13134e-07
3.7571	-4.03501e-07
3.7572	-3.92565e-07
3.7573	-3.82117e-07
3.7574	-3.70119e-07
3.7575	-3.60444e-07
3.7576	-3.5001e-07
3.7577	-3.39069e-07
3.7578	-3.28849e-07
3.7579	-3.18647e-07
3.758	-3.0694e-07
3.7581	-2.96261e-07
3.7582	-2.86957e-07
3.7583	-2.77806e-07
3.7584	-2.68259e-07
3.7585	-2.62375e-07
3.7586	-2.55263e-07
3.7587	-2.45872e-07
3.7588	-2.37419e-07
3.7589	-2.26841e-07
3.759	-2.16894e-07
3.7591	-2.0793e-07
3.7592	-1.98001e-07
3.7593	-1.87912e-07
3.7594	-1.77089e-07
3.7595	-1.70555e-07
3.7596	-1.62867e-07
3.7597	-1.52099e-07
3.7598	-1.45261e-07
3.7599	-1.38134e-07
3.76	-1.31603e-07
3.7601	-1.2085e-07
3.7602	-1.10675e-07
3.7603	-1.04151e-07
3.7604	-9.25509e-08
3.7605	-8.27265e-08
3.7606	-7.65812e-08
3.7607	-6.65062e-08
3.7608	-5.87251e-08
3.7609	-4.91638e-08
3.761	-4.33323e-08
3.7611	-4.34538e-08
3.7612	-3.44168e-08
3.7613	-2.8868e-08
3.7614	-2.05153e-08
3.7615	-1.05283e-08
3.7616	-6.13379e-09
3.7617	-1.26362e-10
3.7618	9.02049e-10
3.7619	8.60382e-09
3.762	1.87175e-08
3.7621	2.48896e-08
3.7622	2.31293e-08
3.7623	2.66477e-08
3.7624	3.20987e-08
3.7625	3.54781e-08
3.7626	3.8752e-08
3.7627	4.11349e-08
3.7628	3.97002e-08
3.7629	4.23334e-08
3.763	5.03651e-08
3.7631	4.92657e-08
3.7632	5.13181e-08
3.7633	5.01155e-08
3.7634	4.95153e-08
3.7635	5.53821e-08
3.7636	5.41883e-08
3.7637	5.3715e-08
3.7638	5.95424e-08
3.7639	6.43633e-08
3.764	6.55266e-08
3.7641	6.57583e-08
3.7642	6.44003e-08
3.7643	6.28146e-08
3.7644	6.66475e-08
3.7645	6.58938e-08
3.7646	6.37121e-08
3.7647	5.93476e-08
3.7648	5.66328e-08
3.7649	5.13233e-08
3.765	4.39616e-08
3.7651	4.03959e-08
3.7652	4.17062e-08
3.7653	3.83957e-08
3.7654	3.31519e-08
3.7655	3.36632e-08
3.7656	3.45617e-08
3.7657	3.10804e-08
3.7658	2.61677e-08
3.7659	2.18524e-08
3.766	2.04693e-08
3.7661	1.51567e-08
3.7662	1.15441e-08
3.7663	7.70487e-09
3.7664	2.2427e-09
3.7665	-3.70596e-09
3.7666	-7.28231e-09
3.7667	-1.22398e-08
3.7668	-1.76745e-08
3.7669	-2.77513e-08
3.767	-3.42925e-08
3.7671	-4.00801e-08
3.7672	-4.79233e-08
3.7673	-5.36503e-08
3.7674	-5.71249e-08
3.7675	-6.28896e-08
3.7676	-6.75102e-08
3.7677	-7.40352e-08
3.7678	-8.13611e-08
3.7679	-9.01285e-08
3.768	-9.4152e-08
3.7681	-9.82269e-08
3.7682	-1.06296e-07
3.7683	-1.13354e-07
3.7684	-1.2571e-07
3.7685	-1.34305e-07
3.7686	-1.43726e-07
3.7687	-1.52436e-07
3.7688	-1.61286e-07
3.7689	-1.74124e-07
3.769	-1.83378e-07
3.7691	-1.91886e-07
3.7692	-1.96909e-07
3.7693	-2.05457e-07
3.7694	-2.1753e-07
3.7695	-2.30192e-07
3.7696	-2.41518e-07
3.7697	-2.49577e-07
3.7698	-2.52541e-07
3.7699	-2.62701e-07
3.77	-2.70765e-07
3.7701	-2.7934e-07
3.7702	-2.9112e-07
3.7703	-2.95258e-07
3.7704	-3.04564e-07
3.7705	-3.0837e-07
3.7706	-3.11629e-07
3.7707	-3.15735e-07
3.7708	-3.24106e-07
3.7709	-3.32228e-07
3.771	-3.40589e-07
3.7711	-3.45823e-07
3.7712	-3.58757e-07
3.7713	-3.67346e-07
3.7714	-3.72411e-07
3.7715	-3.81128e-07
3.7716	-3.91029e-07
3.7717	-4.02059e-07
3.7718	-4.10597e-07
3.7719	-4.19326e-07
3.772	-4.24506e-07
3.7721	-4.32808e-07
3.7722	-4.4203e-07
3.7723	-4.50206e-07
3.7724	-4.58994e-07
3.7725	-4.68148e-07
3.7726	-4.76762e-07
3.7727	-4.8552e-07
3.7728	-4.90579e-07
3.7729	-4.9802e-07
3.773	-5.0649e-07
3.7731	-5.13784e-07
3.7732	-5.1813e-07
3.7733	-5.2899e-07
3.7734	-5.37282e-07
3.7735	-5.41555e-07
3.7736	-5.48594e-07
3.7737	-5.54257e-07
3.7738	-5.58378e-07
3.7739	-5.62882e-07
3.774	-5.69688e-07
3.7741	-5.71699e-07
3.7742	-5.77146e-07
3.7743	-5.82169e-07
3.7744	-5.87884e-07
3.7745	-5.91298e-07
3.7746	-5.94907e-07
3.7747	-5.98815e-07
3.7748	-6.01441e-07
3.7749	-6.05512e-07
3.775	-6.07689e-07
3.7751	-6.09993e-07
3.7752	-6.12941e-07
3.7753	-6.14457e-07
3.7754	-6.16143e-07
3.7755	-6.18918e-07
3.7756	-6.20424e-07
3.7757	-6.21672e-07
3.7758	-6.23398e-07
3.7759	-6.23953e-07
3.776	-6.24928e-07
3.7761	-6.24346e-07
3.7762	-6.24195e-07
3.7763	-6.24651e-07
3.7764	-6.24386e-07
3.7765	-6.248e-07
3.7766	-6.23663e-07
3.7767	-6.22256e-07
3.7768	-6.21613e-07
3.7769	-6.19141e-07
3.777	-6.17377e-07
3.7771	-6.15869e-07
3.7772	-6.13734e-07
3.7773	-6.1136e-07
3.7774	-6.07536e-07
3.7775	-6.04716e-07
3.7776	-6.02607e-07
3.7777	-5.99804e-07
3.7778	-5.98175e-07
3.7779	-5.91412e-07
3.778	-5.87407e-07
3.7781	-5.84607e-07
3.7782	-5.80902e-07
3.7783	-5.76759e-07
3.7784	-5.72412e-07
3.7785	-5.68146e-07
3.7786	-5.64335e-07
3.7787	-5.59586e-07
3.7788	-5.55003e-07
3.7789	-5.50879e-07
3.779	-5.44954e-07
3.7791	-5.38998e-07
3.7792	-5.34775e-07
3.7793	-5.31299e-07
3.7794	-5.26618e-07
3.7795	-5.21749e-07
3.7796	-5.16376e-07
3.7797	-5.11921e-07
3.7798	-5.06361e-07
3.7799	-5.00807e-07
3.78	-4.94515e-07
3.7801	-4.89053e-07
3.7802	-4.83281e-07
3.7803	-4.78645e-07
3.7804	-4.72901e-07
3.7805	-4.67231e-07
3.7806	-4.63217e-07
3.7807	-4.56831e-07
3.7808	-4.52355e-07
3.7809	-4.44452e-07
3.781	-4.41014e-07
3.7811	-4.36011e-07
3.7812	-4.31592e-07
3.7813	-4.27577e-07
3.7814	-4.22692e-07
3.7815	-4.19247e-07
3.7816	-4.1376e-07
3.7817	-4.08318e-07
3.7818	-4.03764e-07
3.7819	-3.97795e-07
3.782	-3.95231e-07
3.7821	-3.90658e-07
3.7822	-3.85124e-07
3.7823	-3.79778e-07
3.7824	-3.73407e-07
3.7825	-3.68484e-07
3.7826	-3.62226e-07
3.7827	-3.57868e-07
3.7828	-3.52808e-07
3.7829	-3.47788e-07
3.783	-3.43742e-07
3.7831	-3.38277e-07
3.7832	-3.33243e-07
3.7833	-3.27233e-07
3.7834	-3.23038e-07
3.7835	-3.15922e-07
3.7836	-3.09465e-07
3.7837	-3.04074e-07
3.7838	-3.01285e-07
3.7839	-2.96998e-07
3.784	-2.91144e-07
3.7841	-2.86604e-07
3.7842	-2.80367e-07
3.7843	-2.74589e-07
3.7844	-2.68668e-07
3.7845	-2.62834e-07
3.7846	-2.56276e-07
3.7847	-2.53353e-07
3.7848	-2.48421e-07
3.7849	-2.41316e-07
3.785	-2.35323e-07
3.7851	-2.3055e-07
3.7852	-2.26081e-07
3.7853	-2.20339e-07
3.7854	-2.13231e-07
3.7855	-2.1169e-07
3.7856	-2.07614e-07
3.7857	-2.03596e-07
3.7858	-1.98367e-07
3.7859	-1.93137e-07
3.786	-1.87625e-07
3.7861	-1.82223e-07
3.7862	-1.76983e-07
3.7863	-1.71292e-07
3.7864	-1.64936e-07
3.7865	-1.60531e-07
3.7866	-1.54888e-07
3.7867	-1.49845e-07
3.7868	-1.44396e-07
3.7869	-1.39132e-07
3.787	-1.333e-07
3.7871	-1.2796e-07
3.7872	-1.22831e-07
3.7873	-1.16748e-07
3.7874	-1.11162e-07
3.7875	-1.05161e-07
3.7876	-9.70846e-08
3.7877	-9.0728e-08
3.7878	-8.42086e-08
3.7879	-7.9486e-08
3.788	-7.41137e-08
3.7881	-6.88193e-08
3.7882	-6.33773e-08
3.7883	-5.65798e-08
3.7884	-5.08538e-08
3.7885	-4.2614e-08
3.7886	-3.6454e-08
3.7887	-3.02339e-08
3.7888	-2.46408e-08
3.7889	-1.79773e-08
3.789	-1.05365e-08
3.7891	-4.10082e-09
3.7892	1.98769e-09
3.7893	8.68622e-09
3.7894	1.50226e-08
3.7895	2.23506e-08
3.7896	2.87982e-08
3.7897	3.5988e-08
3.7898	4.26561e-08
3.7899	5.00762e-08
3.79	5.75722e-08
3.7901	6.57312e-08
3.7902	7.30905e-08
3.7903	7.77425e-08
3.7904	8.50338e-08
3.7905	9.17337e-08
3.7906	9.89935e-08
3.7907	1.07443e-07
3.7908	1.14907e-07
3.7909	1.21616e-07
3.791	1.29156e-07
3.7911	1.37008e-07
3.7912	1.41671e-07
3.7913	1.49091e-07
3.7914	1.53136e-07
3.7915	1.60909e-07
3.7916	1.69596e-07
3.7917	1.76404e-07
3.7918	1.84472e-07
3.7919	1.89272e-07
3.792	1.96974e-07
3.7921	2.01215e-07
3.7922	2.07509e-07
3.7923	2.15056e-07
3.7924	2.22248e-07
3.7925	2.30959e-07
3.7926	2.38407e-07
3.7927	2.4598e-07
3.7928	2.53657e-07
3.7929	2.6089e-07
3.793	2.67345e-07
3.7931	2.76719e-07
3.7932	2.83842e-07
3.7933	2.90543e-07
3.7934	3.00277e-07
3.7935	3.07336e-07
3.7936	3.14348e-07
3.7937	3.21351e-07
3.7938	3.24198e-07
3.7939	3.29826e-07
3.794	3.40256e-07
3.7941	3.43165e-07
3.7942	3.48961e-07
3.7943	3.54075e-07
3.7944	3.60243e-07
3.7945	3.61192e-07
3.7946	3.61523e-07
3.7947	3.60985e-07
3.7948	3.66399e-07
3.7949	3.72128e-07
3.795	3.82157e-07
3.7951	3.85931e-07
3.7952	3.84961e-07
3.7953	3.94456e-07
3.7954	3.93085e-07
3.7955	3.98494e-07
3.7956	4.03529e-07
3.7957	4.00523e-07
3.7958	4.05431e-07
3.7959	4.14719e-07
3.796	4.1797e-07
3.7961	4.16563e-07
3.7962	4.20017e-07
3.7963	4.24633e-07
3.7964	4.26914e-07
3.7965	4.30211e-07
3.7966	4.32356e-07
3.7967	4.29637e-07
3.7968	4.33005e-07
3.7969	4.34833e-07
3.797	4.37123e-07
3.7971	4.40092e-07
3.7972	4.4181e-07
3.7973	4.45318e-07
3.7974	4.46119e-07
3.7975	4.51506e-07
3.7976	4.47422e-07
3.7977	4.49649e-07
3.7978	4.55242e-07
3.7979	4.61149e-07
3.798	4.61648e-07
3.7981	4.5622e-07
3.7982	4.56093e-07
3.7983	4.55958e-07
3.7984	4.50932e-07
3.7985	4.49928e-07
3.7986	4.47142e-07
3.7987	4.5289e-07
3.7988	4.58084e-07
3.7989	4.5858e-07
3.799	4.6243e-07
3.7991	4.60365e-07
3.7992	4.58065e-07
3.7993	4.56343e-07
3.7994	4.51301e-07
3.7995	4.49972e-07
3.7996	4.43464e-07
3.7997	4.39626e-07
3.7998	4.35703e-07
3.7999	4.37364e-07
3.8	4.32541e-07
3.8001	4.24584e-07
3.8002	4.26392e-07
3.8003	4.1968e-07
3.8004	4.20396e-07
3.8005	4.20844e-07
3.8006	4.2258e-07
3.8007	4.16069e-07
3.8008	4.10471e-07
3.8009	4.09557e-07
3.801	4.07903e-07
3.8011	3.99947e-07
3.8012	3.92153e-07
3.8013	3.85495e-07
3.8014	3.82646e-07
3.8015	3.7115e-07
3.8016	3.6813e-07
3.8017	3.65142e-07
3.8018	3.6186e-07
3.8019	3.5034e-07
3.802	3.44759e-07
3.8021	3.40663e-07
3.8022	3.37026e-07
3.8023	3.30011e-07
3.8024	3.25235e-07
3.8025	3.18885e-07
3.8026	3.11822e-07
3.8027	3.02677e-07
3.8028	2.93691e-07
3.8029	2.8215e-07
3.803	2.72916e-07
3.8031	2.62274e-07
3.8032	2.54847e-07
3.8033	2.45143e-07
3.8034	2.36551e-07
3.8035	2.25071e-07
3.8036	2.0692e-07
3.8037	1.96432e-07
3.8038	1.83596e-07
3.8039	1.7364e-07
3.804	1.58601e-07
3.8041	1.49039e-07
3.8042	1.34244e-07
3.8043	1.1925e-07
3.8044	1.03493e-07
3.8045	8.60019e-08
3.8046	7.53382e-08
3.8047	5.86417e-08
3.8048	5.19223e-08
3.8049	3.52338e-08
3.805	2.01489e-08
3.8051	8.68453e-09
3.8052	-5.97243e-09
3.8053	-2.26948e-08
3.8054	-4.05354e-08
3.8055	-5.99741e-08
3.8056	-6.77235e-08
3.8057	-8.76186e-08
3.8058	-1.0855e-07
3.8059	-1.24402e-07
3.806	-1.40285e-07
3.8061	-1.60172e-07
3.8062	-1.80203e-07
3.8063	-2.01666e-07
3.8064	-2.24248e-07
3.8065	-2.46365e-07
3.8066	-2.68297e-07
3.8067	-2.8018e-07
3.8068	-2.98457e-07
3.8069	-3.17102e-07
3.807	-3.35823e-07
3.8071	-3.50534e-07
3.8072	-3.70217e-07
3.8073	-3.75567e-07
3.8074	-3.82165e-07
3.8075	-3.98747e-07
3.8076	-4.10356e-07
3.8077	-4.27551e-07
3.8078	-4.38461e-07
3.8079	-4.49776e-07
3.808	-4.70786e-07
3.8081	-4.862e-07
3.8082	-5.08069e-07
3.8083	-5.25188e-07
3.8084	-5.39216e-07
3.8085	-5.50207e-07
3.8086	-5.64666e-07
3.8087	-5.8051e-07
3.8088	-5.96258e-07
3.8089	-6.16678e-07
3.809	-6.34766e-07
3.8091	-6.53879e-07
3.8092	-6.68421e-07
3.8093	-6.80963e-07
3.8094	-6.98363e-07
3.8095	-7.15761e-07
3.8096	-7.27037e-07
3.8097	-7.37675e-07
3.8098	-7.51069e-07
3.8099	-7.61447e-07
3.81	-7.77234e-07
3.8101	-7.91586e-07
3.8102	-8.07547e-07
3.8103	-8.21785e-07
3.8104	-8.29644e-07
3.8105	-8.43498e-07
3.8106	-8.52784e-07
3.8107	-8.65345e-07
3.8108	-8.76944e-07
3.8109	-8.88204e-07
3.811	-8.94976e-07
3.8111	-9.0475e-07
3.8112	-9.14651e-07
3.8113	-9.23969e-07
3.8114	-9.33132e-07
3.8115	-9.42478e-07
3.8116	-9.50057e-07
3.8117	-9.54691e-07
3.8118	-9.61213e-07
3.8119	-9.68304e-07
3.812	-9.74519e-07
3.8121	-9.79973e-07
3.8122	-9.84658e-07
3.8123	-9.88869e-07
3.8124	-9.91959e-07
3.8125	-9.91639e-07
3.8126	-9.96042e-07
3.8127	-9.98055e-07
3.8128	-1.00134e-06
3.8129	-1.00319e-06
3.813	-1.00392e-06
3.8131	-1.00612e-06
3.8132	-1.00644e-06
3.8133	-1.00701e-06
3.8134	-1.00687e-06
3.8135	-1.00829e-06
3.8136	-1.00536e-06
3.8137	-1.00322e-06
3.8138	-1.00197e-06
3.8139	-1.0004e-06
3.814	-9.99237e-07
3.8141	-9.97267e-07
3.8142	-9.96121e-07
3.8143	-9.92727e-07
3.8144	-9.92893e-07
3.8145	-9.89578e-07
3.8146	-9.86652e-07
3.8147	-9.83488e-07
3.8148	-9.79534e-07
3.8149	-9.77127e-07
3.815	-9.74207e-07
3.8151	-9.70662e-07
3.8152	-9.66777e-07
3.8153	-9.66567e-07
3.8154	-9.64802e-07
3.8155	-9.58206e-07
3.8156	-9.53717e-07
3.8157	-9.49444e-07
3.8158	-9.45903e-07
3.8159	-9.41605e-07
3.816	-9.37637e-07
3.8161	-9.31698e-07
3.8162	-9.26422e-07
3.8163	-9.21503e-07
3.8164	-9.15521e-07
3.8165	-9.0959e-07
3.8166	-9.01369e-07
3.8167	-8.95521e-07
3.8168	-8.8885e-07
3.8169	-8.85399e-07
3.817	-8.78797e-07
3.8171	-8.71973e-07
3.8172	-8.64886e-07
3.8173	-8.60197e-07
3.8174	-8.47008e-07
3.8175	-8.39762e-07
3.8176	-8.32357e-07
3.8177	-8.2484e-07
3.8178	-8.1743e-07
3.8179	-8.09685e-07
3.818	-8.02451e-07
3.8181	-7.92961e-07
3.8182	-7.84611e-07
3.8183	-7.75557e-07
3.8184	-7.65864e-07
3.8185	-7.57478e-07
3.8186	-7.48807e-07
3.8187	-7.41043e-07
3.8188	-7.33318e-07
3.8189	-7.28085e-07
3.819	-7.16654e-07
3.8191	-7.07002e-07
3.8192	-6.99346e-07
3.8193	-6.89208e-07
3.8194	-6.80217e-07
3.8195	-6.6946e-07
3.8196	-6.59759e-07
3.8197	-6.50014e-07
3.8198	-6.40911e-07
3.8199	-6.3071e-07
3.82	-6.21089e-07
3.8201	-6.11964e-07
3.8202	-6.01914e-07
3.8203	-5.91064e-07
3.8204	-5.81111e-07
3.8205	-5.72147e-07
3.8206	-5.63382e-07
3.8207	-5.5509e-07
3.8208	-5.45039e-07
3.8209	-5.34219e-07
3.821	-5.24573e-07
3.8211	-5.16568e-07
3.8212	-5.05927e-07
3.8213	-4.96539e-07
3.8214	-4.85939e-07
3.8215	-4.75185e-07
3.8216	-4.65158e-07
3.8217	-4.54648e-07
3.8218	-4.42383e-07
3.8219	-4.33088e-07
3.822	-4.23843e-07
3.8221	-4.14611e-07
3.8222	-4.01908e-07
3.8223	-3.93756e-07
3.8224	-3.84389e-07
3.8225	-3.73997e-07
3.8226	-3.63697e-07
3.8227	-3.52802e-07
3.8228	-3.43123e-07
3.8229	-3.34399e-07
3.823	-3.23212e-07
3.8231	-3.12302e-07
3.8232	-3.06716e-07
3.8233	-2.95381e-07
3.8234	-2.86136e-07
3.8235	-2.75369e-07
3.8236	-2.68685e-07
3.8237	-2.5762e-07
3.8238	-2.47839e-07
3.8239	-2.35593e-07
3.824	-2.24751e-07
3.8241	-2.14255e-07
3.8242	-2.07339e-07
3.8243	-2.03004e-07
3.8244	-1.94331e-07
3.8245	-1.8791e-07
3.8246	-1.75477e-07
3.8247	-1.65017e-07
3.8248	-1.59888e-07
3.8249	-1.56759e-07
3.825	-1.52762e-07
3.8251	-1.48027e-07
3.8252	-1.37393e-07
3.8253	-1.32895e-07
3.8254	-1.23824e-07
3.8255	-1.20512e-07
3.8256	-1.11879e-07
3.8257	-1.09939e-07
3.8258	-1.00507e-07
3.8259	-9.46854e-08
3.826	-9.10443e-08
3.8261	-8.98164e-08
3.8262	-8.31626e-08
3.8263	-8.14407e-08
3.8264	-7.83467e-08
3.8265	-6.93575e-08
3.8266	-6.71011e-08
3.8267	-5.82019e-08
3.8268	-5.20746e-08
3.8269	-4.37471e-08
3.827	-4.16346e-08
3.8271	-4.59513e-08
3.8272	-4.70836e-08
3.8273	-3.96594e-08
3.8274	-3.31319e-08
3.8275	-2.75942e-08
3.8276	-2.7758e-08
3.8277	-2.22798e-08
3.8278	-2.20259e-08
3.8279	-2.22034e-08
3.828	-2.27063e-08
3.8281	-2.45053e-08
3.8282	-2.78072e-08
3.8283	-3.10313e-08
3.8284	-2.68061e-08
3.8285	-3.1625e-08
3.8286	-3.34014e-08
3.8287	-4.4317e-08
3.8288	-4.27947e-08
3.8289	-4.64091e-08
3.829	-5.1396e-08
3.8291	-5.41278e-08
3.8292	-5.95542e-08
3.8293	-6.26904e-08
3.8294	-5.84199e-08
3.8295	-6.20996e-08
3.8296	-6.62465e-08
3.8297	-7.08019e-08
3.8298	-7.6673e-08
3.8299	-7.80079e-08
3.83	-8.23974e-08
3.8301	-8.35634e-08
3.8302	-8.92599e-08
3.8303	-9.31376e-08
3.8304	-9.93711e-08
3.8305	-1.00929e-07
3.8306	-1.08615e-07
3.8307	-1.16801e-07
3.8308	-1.23174e-07
3.8309	-1.26407e-07
3.831	-1.33263e-07
3.8311	-1.34444e-07
3.8312	-1.39392e-07
3.8313	-1.46297e-07
3.8314	-1.49275e-07
3.8315	-1.57755e-07
3.8316	-1.64804e-07
3.8317	-1.72461e-07
3.8318	-1.80261e-07
3.8319	-1.88301e-07
3.832	-1.92393e-07
3.8321	-1.98512e-07
3.8322	-2.10983e-07
3.8323	-2.20511e-07
3.8324	-2.31056e-07
3.8325	-2.36203e-07
3.8326	-2.43358e-07
3.8327	-2.56257e-07
3.8328	-2.59316e-07
3.8329	-2.66606e-07
3.833	-2.74734e-07
3.8331	-2.84108e-07
3.8332	-2.86899e-07
3.8333	-2.99086e-07
3.8334	-3.08761e-07
3.8335	-3.19338e-07
3.8336	-3.28609e-07
3.8337	-3.33824e-07
3.8338	-3.427e-07
3.8339	-3.51512e-07
3.834	-3.60317e-07
3.8341	-3.65431e-07
3.8342	-3.7585e-07
3.8343	-3.79981e-07
3.8344	-3.83103e-07
3.8345	-3.90113e-07
3.8346	-3.94694e-07
3.8347	-4.02895e-07
3.8348	-4.11e-07
3.8349	-4.19817e-07
3.835	-4.2294e-07
3.8351	-4.37213e-07
3.8352	-4.46055e-07
3.8353	-4.54904e-07
3.8354	-4.58463e-07
3.8355	-4.69284e-07
3.8356	-4.74778e-07
3.8357	-4.80941e-07
3.8358	-4.8513e-07
3.8359	-4.90427e-07
3.836	-4.98155e-07
3.8361	-5.04117e-07
3.8362	-5.10284e-07
3.8363	-5.19445e-07
3.8364	-5.26537e-07
3.8365	-5.34237e-07
3.8366	-5.42655e-07
3.8367	-5.49741e-07
3.8368	-5.57428e-07
3.8369	-5.63571e-07
3.837	-5.69931e-07
3.8371	-5.77093e-07
3.8372	-5.84185e-07
3.8373	-5.91716e-07
3.8374	-5.98668e-07
3.8375	-6.02802e-07
3.8376	-6.08421e-07
3.8377	-6.12589e-07
3.8378	-6.16587e-07
3.8379	-6.21241e-07
3.838	-6.26327e-07
3.8381	-6.32179e-07
3.8382	-6.37044e-07
3.8383	-6.40885e-07
3.8384	-6.44455e-07
3.8385	-6.47808e-07
3.8386	-6.50836e-07
3.8387	-6.54628e-07
3.8388	-6.57748e-07
3.8389	-6.59611e-07
3.839	-6.62239e-07
3.8391	-6.64604e-07
3.8392	-6.65898e-07
3.8393	-6.67073e-07
3.8394	-6.68931e-07
3.8395	-6.6992e-07
3.8396	-6.7047e-07
3.8397	-6.71223e-07
3.8398	-6.71449e-07
3.8399	-6.7173e-07
3.84	-6.71114e-07
3.8401	-6.70679e-07
3.8402	-6.69673e-07
3.8403	-6.68764e-07
3.8404	-6.69863e-07
3.8405	-6.6847e-07
3.8406	-6.6671e-07
3.8407	-6.64846e-07
3.8408	-6.63524e-07
3.8409	-6.61128e-07
3.841	-6.5913e-07
3.8411	-6.56579e-07
3.8412	-6.54148e-07
3.8413	-6.5055e-07
3.8414	-6.49154e-07
3.8415	-6.46981e-07
3.8416	-6.4102e-07
3.8417	-6.37977e-07
3.8418	-6.33187e-07
3.8419	-6.30203e-07
3.842	-6.2684e-07
3.8421	-6.22666e-07
3.8422	-6.19046e-07
3.8423	-6.15144e-07
3.8424	-6.10175e-07
3.8425	-6.05571e-07
3.8426	-6.01241e-07
3.8427	-5.9738e-07
3.8428	-5.90954e-07
3.8429	-5.87895e-07
3.843	-5.83152e-07
3.8431	-5.79548e-07
3.8432	-5.74935e-07
3.8433	-5.6961e-07
3.8434	-5.64353e-07
3.8435	-5.59582e-07
3.8436	-5.54322e-07
3.8437	-5.49996e-07
3.8438	-5.41937e-07
3.8439	-5.36933e-07
3.844	-5.31605e-07
3.8441	-5.26273e-07
3.8442	-5.20889e-07
3.8443	-5.15464e-07
3.8444	-5.10063e-07
3.8445	-5.06791e-07
3.8446	-5.01356e-07
3.8447	-4.94764e-07
3.8448	-4.91498e-07
3.8449	-4.86819e-07
3.845	-4.83242e-07
3.8451	-4.78669e-07
3.8452	-4.73134e-07
3.8453	-4.67623e-07
3.8454	-4.6265e-07
3.8455	-4.58759e-07
3.8456	-4.51467e-07
3.8457	-4.46961e-07
3.8458	-4.41961e-07
3.8459	-4.36438e-07
3.846	-4.31635e-07
3.8461	-4.2553e-07
3.8462	-4.19916e-07
3.8463	-4.16068e-07
3.8464	-4.10631e-07
3.8465	-4.04827e-07
3.8466	-4.00099e-07
3.8467	-3.95024e-07
3.8468	-3.91088e-07
3.8469	-3.85389e-07
3.847	-3.79605e-07
3.8471	-3.7504e-07
3.8472	-3.69837e-07
3.8473	-3.64137e-07
3.8474	-3.56227e-07
3.8475	-3.53359e-07
3.8476	-3.4784e-07
3.8477	-3.42196e-07
3.8478	-3.37724e-07
3.8479	-3.31654e-07
3.848	-3.26087e-07
3.8481	-3.20391e-07
3.8482	-3.14563e-07
3.8483	-3.09649e-07
3.8484	-3.02274e-07
3.8485	-2.97046e-07
3.8486	-2.92457e-07
3.8487	-2.86065e-07
3.8488	-2.80341e-07
3.8489	-2.76273e-07
3.849	-2.71439e-07
3.8491	-2.65448e-07
3.8492	-2.58841e-07
3.8493	-2.55115e-07
3.8494	-2.50185e-07
3.8495	-2.44155e-07
3.8496	-2.39773e-07
3.8497	-2.34722e-07
3.8498	-2.30207e-07
3.8499	-2.24434e-07
3.85	-2.1798e-07
3.8501	-2.13214e-07
3.8502	-2.06615e-07
3.8503	-2.0134e-07
3.8504	-1.97091e-07
3.8505	-1.91513e-07
3.8506	-1.85899e-07
3.8507	-1.79708e-07
3.8508	-1.73138e-07
3.8509	-1.68102e-07
3.851	-1.63434e-07
3.8511	-1.57284e-07
3.8512	-1.5228e-07
3.8513	-1.46549e-07
3.8514	-1.39664e-07
3.8515	-1.32815e-07
3.8516	-1.2725e-07
3.8517	-1.22442e-07
3.8518	-1.16113e-07
3.8519	-1.10007e-07
3.852	-1.04148e-07
3.8521	-9.84466e-08
3.8522	-9.22711e-08
3.8523	-8.62696e-08
3.8524	-7.92945e-08
3.8525	-7.29184e-08
3.8526	-6.65291e-08
3.8527	-6.07456e-08
3.8528	-5.45509e-08
3.8529	-4.72192e-08
3.853	-4.23699e-08
3.8531	-3.60051e-08
3.8532	-2.83237e-08
3.8533	-2.16521e-08
3.8534	-1.49703e-08
3.8535	-7.55707e-09
3.8536	-5.20858e-10
3.8537	6.86788e-09
3.8538	1.34439e-08
3.8539	1.86187e-08
3.854	2.61845e-08
3.8541	3.30894e-08
3.8542	4.05021e-08
3.8543	4.8194e-08
3.8544	5.47971e-08
3.8545	6.372e-08
3.8546	7.25242e-08
3.8547	7.86263e-08
3.8548	8.5935e-08
3.8549	9.42337e-08
3.855	1.01361e-07
3.8551	1.06592e-07
3.8552	1.14291e-07
3.8553	1.18791e-07
3.8554	1.26157e-07
3.8555	1.34371e-07
3.8556	1.415e-07
3.8557	1.46804e-07
3.8558	1.54553e-07
3.8559	1.62047e-07
3.856	1.70561e-07
3.8561	1.7665e-07
3.8562	1.85539e-07
3.8563	1.94214e-07
3.8564	2.01304e-07
3.8565	2.09233e-07
3.8566	2.16558e-07
3.8567	2.24197e-07
3.8568	2.32134e-07
3.8569	2.40149e-07
3.857	2.49235e-07
3.8571	2.56711e-07
3.8572	2.63931e-07
3.8573	2.66191e-07
3.8574	2.73355e-07
3.8575	2.80144e-07
3.8576	2.88188e-07
3.8577	2.90069e-07
3.8578	2.96591e-07
3.8579	3.03024e-07
3.858	3.03882e-07
3.8581	3.13246e-07
3.8582	3.1422e-07
3.8583	3.20199e-07
3.8584	3.2057e-07
3.8585	3.30264e-07
3.8586	3.35419e-07
3.8587	3.36274e-07
3.8588	3.35921e-07
3.8589	3.41969e-07
3.859	3.47413e-07
3.8591	3.52857e-07
3.8592	3.56413e-07
3.8593	3.65762e-07
3.8594	3.66316e-07
3.8595	3.65081e-07
3.8596	3.69826e-07
3.8597	3.74924e-07
3.8598	3.80135e-07
3.8599	3.75446e-07
3.86	3.79117e-07
3.8601	3.83529e-07
3.8602	3.86666e-07
3.8603	3.89014e-07
3.8604	3.93145e-07
3.8605	3.95404e-07
3.8606	3.97966e-07
3.8607	3.99366e-07
3.8608	4.01515e-07
3.8609	4.10223e-07
3.861	4.18585e-07
3.8611	4.2141e-07
3.8612	4.17733e-07
3.8613	4.26495e-07
3.8614	4.32508e-07
3.8615	4.32199e-07
3.8616	4.39418e-07
3.8617	4.44851e-07
3.8618	4.51963e-07
3.8619	4.51478e-07
3.862	4.50422e-07
3.8621	4.50402e-07
3.8622	4.56789e-07
3.8623	4.51833e-07
3.8624	4.44575e-07
3.8625	4.43102e-07
3.8626	4.48427e-07
3.8627	4.48439e-07
3.8628	4.46805e-07
3.8629	4.45454e-07
3.863	4.43024e-07
3.8631	4.41068e-07
3.8632	4.38442e-07
3.8633	4.42129e-07
3.8634	4.46961e-07
3.8635	4.40643e-07
3.8636	4.36014e-07
3.8637	4.38886e-07
3.8638	4.41875e-07
3.8639	4.43816e-07
3.864	4.37876e-07
3.8641	4.39043e-07
3.8642	4.35038e-07
3.8643	4.30686e-07
3.8644	4.30819e-07
3.8645	4.30594e-07
3.8646	4.25026e-07
3.8647	4.17597e-07
3.8648	4.15466e-07
3.8649	4.07416e-07
3.865	4.01063e-07
3.8651	3.93133e-07
3.8652	3.85153e-07
3.8653	3.81323e-07
3.8654	3.74237e-07
3.8655	3.65788e-07
3.8656	3.57589e-07
3.8657	3.4794e-07
3.8658	3.43564e-07
3.8659	3.33982e-07
3.866	3.27376e-07
3.8661	3.16696e-07
3.8662	3.10982e-07
3.8663	3.04003e-07
3.8664	2.96821e-07
3.8665	2.89364e-07
3.8666	2.78348e-07
3.8667	2.66975e-07
3.8668	2.56806e-07
3.8669	2.44421e-07
3.867	2.36781e-07
3.8671	2.27048e-07
3.8672	2.14973e-07
3.8673	2.03413e-07
3.8674	1.90111e-07
3.8675	1.74793e-07
3.8676	1.64959e-07
3.8677	1.53903e-07
3.8678	1.44254e-07
3.8679	1.31757e-07
3.868	1.15991e-07
3.8681	1.02221e-07
3.8682	8.74828e-08
3.8683	7.29585e-08
3.8684	5.80088e-08
3.8685	4.1648e-08
3.8686	2.44871e-08
3.8687	5.317e-09
3.8688	-1.4441e-08
3.8689	-2.56486e-08
3.869	-4.35488e-08
3.8691	-5.89257e-08
3.8692	-7.66949e-08
3.8693	-9.19909e-08
3.8694	-1.1201e-07
3.8695	-1.21575e-07
3.8696	-1.36786e-07
3.8697	-1.52516e-07
3.8698	-1.74011e-07
3.8699	-1.94353e-07
3.87	-2.15781e-07
3.8701	-2.36484e-07
3.8702	-2.52512e-07
3.8703	-2.68762e-07
3.8704	-2.85967e-07
3.8705	-3.07992e-07
3.8706	-3.33307e-07
3.8707	-3.49809e-07
3.8708	-3.71001e-07
3.8709	-3.88752e-07
3.871	-4.05012e-07
3.8711	-4.29854e-07
3.8712	-4.41053e-07
3.8713	-4.63751e-07
3.8714	-4.80031e-07
3.8715	-4.98728e-07
3.8716	-5.15459e-07
3.8717	-5.32506e-07
3.8718	-5.48655e-07
3.8719	-5.70996e-07
3.872	-5.91869e-07
3.8721	-6.06961e-07
3.8722	-6.28517e-07
3.8723	-6.44409e-07
3.8724	-6.62707e-07
3.8725	-6.78739e-07
3.8726	-6.9953e-07
3.8727	-7.1211e-07
3.8728	-7.26405e-07
3.8729	-7.40753e-07
3.873	-7.58825e-07
3.8731	-7.77412e-07
3.8732	-7.89167e-07
3.8733	-8.0046e-07
3.8734	-8.08045e-07
3.8735	-8.19101e-07
3.8736	-8.26172e-07
3.8737	-8.37544e-07
3.8738	-8.52332e-07
3.8739	-8.67766e-07
3.874	-8.77749e-07
3.8741	-8.89692e-07
3.8742	-8.98802e-07
3.8743	-9.07265e-07
3.8744	-9.20305e-07
3.8745	-9.32759e-07
3.8746	-9.43838e-07
3.8747	-9.55374e-07
3.8748	-9.64787e-07
3.8749	-9.7127e-07
3.875	-9.76141e-07
3.8751	-9.858e-07
3.8752	-9.94269e-07
3.8753	-1.00251e-06
3.8754	-1.00536e-06
3.8755	-1.01291e-06
3.8756	-1.01968e-06
3.8757	-1.02642e-06
3.8758	-1.03329e-06
3.8759	-1.03813e-06
3.876	-1.04383e-06
3.8761	-1.04787e-06
3.8762	-1.0515e-06
3.8763	-1.0542e-06
3.8764	-1.05722e-06
3.8765	-1.0595e-06
3.8766	-1.06127e-06
3.8767	-1.06246e-06
3.8768	-1.06374e-06
3.8769	-1.06483e-06
3.877	-1.06611e-06
3.8771	-1.06659e-06
3.8772	-1.06831e-06
3.8773	-1.06596e-06
3.8774	-1.06558e-06
3.8775	-1.0658e-06
3.8776	-1.06402e-06
3.8777	-1.06316e-06
3.8778	-1.06211e-06
3.8779	-1.06166e-06
3.878	-1.0607e-06
3.8781	-1.05698e-06
3.8782	-1.0533e-06
3.8783	-1.05058e-06
3.8784	-1.04746e-06
3.8785	-1.04381e-06
3.8786	-1.03942e-06
3.8787	-1.03655e-06
3.8788	-1.03302e-06
3.8789	-1.02949e-06
3.879	-1.02911e-06
3.8791	-1.02538e-06
3.8792	-1.0225e-06
3.8793	-1.01536e-06
3.8794	-1.0109e-06
3.8795	-1.00916e-06
3.8796	-1.00774e-06
3.8797	-1.00312e-06
3.8798	-9.98324e-07
3.8799	-9.92605e-07
3.88	-9.87077e-07
3.8801	-9.81868e-07
3.8802	-9.76398e-07
3.8803	-9.68063e-07
3.8804	-9.61244e-07
3.8805	-9.54485e-07
3.8806	-9.47074e-07
3.8807	-9.40576e-07
3.8808	-9.35692e-07
3.8809	-9.28076e-07
3.881	-9.22352e-07
3.8811	-9.15874e-07
3.8812	-9.06494e-07
3.8813	-8.99733e-07
3.8814	-8.94681e-07
3.8815	-8.88548e-07
3.8816	-8.80243e-07
3.8817	-8.72508e-07
3.8818	-8.64093e-07
3.8819	-8.55027e-07
3.882	-8.48113e-07
3.8821	-8.39207e-07
3.8822	-8.3083e-07
3.8823	-8.23018e-07
3.8824	-8.13929e-07
3.8825	-8.06453e-07
3.8826	-7.99909e-07
3.8827	-7.92882e-07
3.8828	-7.82336e-07
3.8829	-7.73691e-07
3.883	-7.66292e-07
3.8831	-7.56889e-07
3.8832	-7.47326e-07
3.8833	-7.38132e-07
3.8834	-7.2841e-07
3.8835	-7.19442e-07
3.8836	-7.10574e-07
3.8837	-7.0352e-07
3.8838	-6.93848e-07
3.8839	-6.83663e-07
3.884	-6.74292e-07
3.8841	-6.63858e-07
3.8842	-6.54075e-07
3.8843	-6.44386e-07
3.8844	-6.37277e-07
3.8845	-6.28415e-07
3.8846	-6.18868e-07
3.8847	-6.08981e-07
3.8848	-5.99439e-07
3.8849	-5.90776e-07
3.885	-5.80098e-07
3.8851	-5.67294e-07
3.8852	-5.56095e-07
3.8853	-5.4583e-07
3.8854	-5.35386e-07
3.8855	-5.24899e-07
3.8856	-5.14259e-07
3.8857	-5.05624e-07
3.8858	-4.97217e-07
3.8859	-4.86997e-07
3.886	-4.78183e-07
3.8861	-4.7238e-07
3.8862	-4.64535e-07
3.8863	-4.53529e-07
3.8864	-4.45907e-07
3.8865	-4.38509e-07
3.8866	-4.27546e-07
3.8867	-4.17512e-07
3.8868	-4.06005e-07
3.8869	-3.97989e-07
3.887	-3.89963e-07
3.8871	-3.81756e-07
3.8872	-3.74247e-07
3.8873	-3.63774e-07
3.8874	-3.53037e-07
3.8875	-3.44566e-07
3.8876	-3.37839e-07
3.8877	-3.25747e-07
3.8878	-3.19545e-07
3.8879	-3.0904e-07
3.888	-2.98325e-07
3.8881	-2.92126e-07
3.8882	-2.81682e-07
3.8883	-2.73793e-07
3.8884	-2.62182e-07
3.8885	-2.51164e-07
3.8886	-2.42537e-07
3.8887	-2.3762e-07
3.8888	-2.34003e-07
3.8889	-2.30087e-07
3.889	-2.24627e-07
3.8891	-2.20125e-07
3.8892	-2.17304e-07
3.8893	-2.07544e-07
3.8894	-2.06038e-07
3.8895	-2.02616e-07
3.8896	-1.97474e-07
3.8897	-1.86898e-07
3.8898	-1.85337e-07
3.8899	-1.79423e-07
3.89	-1.76208e-07
3.8901	-1.72014e-07
3.8902	-1.67467e-07
3.8903	-1.65728e-07
3.8904	-1.63776e-07
3.8905	-1.61705e-07
3.8906	-1.58987e-07
3.8907	-1.51958e-07
3.8908	-1.53798e-07
3.8909	-1.52324e-07
3.891	-1.53387e-07
3.8911	-1.53393e-07
3.8912	-1.53657e-07
3.8913	-1.54799e-07
3.8914	-1.48293e-07
3.8915	-1.45858e-07
3.8916	-1.43864e-07
3.8917	-1.45551e-07
3.8918	-1.45611e-07
3.8919	-1.46295e-07
3.892	-1.42535e-07
3.8921	-1.45001e-07
3.8922	-1.48949e-07
3.8923	-1.45643e-07
3.8924	-1.4385e-07
3.8925	-1.43355e-07
3.8926	-1.50496e-07
3.8927	-1.55904e-07
3.8928	-1.54373e-07
3.8929	-1.5802e-07
3.893	-1.64236e-07
3.8931	-1.65371e-07
3.8932	-1.65882e-07
3.8933	-1.64804e-07
3.8934	-1.66256e-07
3.8935	-1.72214e-07
3.8936	-1.73253e-07
3.8937	-1.78437e-07
3.8938	-1.80582e-07
3.8939	-1.86379e-07
3.894	-1.92259e-07
3.8941	-1.98698e-07
3.8942	-2.05804e-07
3.8943	-2.10608e-07
3.8944	-2.15038e-07
3.8945	-2.214e-07
3.8946	-2.27874e-07
3.8947	-2.34529e-07
3.8948	-2.39733e-07
3.8949	-2.44379e-07
3.895	-2.48884e-07
3.8951	-2.55329e-07
3.8952	-2.6277e-07
3.8953	-2.71256e-07
3.8954	-2.78959e-07
3.8955	-2.87268e-07
3.8956	-2.91331e-07
3.8957	-3.00152e-07
3.8958	-3.03238e-07
3.8959	-3.09668e-07
3.896	-3.12764e-07
3.8961	-3.22895e-07
3.8962	-3.32153e-07
3.8963	-3.35975e-07
3.8964	-3.44237e-07
3.8965	-3.55952e-07
3.8966	-3.63367e-07
3.8967	-3.68666e-07
3.8968	-3.79742e-07
3.8969	-3.92533e-07
3.897	-4.04414e-07
3.8971	-4.06453e-07
3.8972	-4.13991e-07
3.8973	-4.20453e-07
3.8974	-4.2531e-07
3.8975	-4.29939e-07
3.8976	-4.33993e-07
3.8977	-4.43205e-07
3.8978	-4.47095e-07
3.8979	-4.55463e-07
3.898	-4.68583e-07
3.8981	-4.75739e-07
3.8982	-4.85041e-07
3.8983	-4.90493e-07
3.8984	-5.04579e-07
3.8985	-5.13675e-07
3.8986	-5.26505e-07
3.8987	-5.34384e-07
3.8988	-5.38271e-07
3.8989	-5.4354e-07
3.899	-5.53069e-07
3.8991	-5.6182e-07
3.8992	-5.66691e-07
3.8993	-5.72209e-07
3.8994	-5.81212e-07
3.8995	-5.90201e-07
3.8996	-6.03873e-07
3.8997	-6.0889e-07
3.8998	-6.1435e-07
3.8999	-6.1991e-07
3.9	-6.23791e-07
3.9001	-6.33167e-07
3.9002	-6.37834e-07
3.9003	-6.46235e-07
3.9004	-6.55859e-07
3.9005	-6.62468e-07
3.9006	-6.67199e-07
3.9007	-6.74104e-07
3.9008	-6.80305e-07
3.9009	-6.86839e-07
3.901	-6.93922e-07
3.9011	-6.99216e-07
3.9012	-7.04215e-07
3.9013	-7.11045e-07
3.9014	-7.16449e-07
3.9015	-7.21576e-07
3.9016	-7.26874e-07
3.9017	-7.30815e-07
3.9018	-7.35661e-07
3.9019	-7.38966e-07
3.902	-7.43452e-07
3.9021	-7.49706e-07
3.9022	-7.53764e-07
3.9023	-7.56372e-07
3.9024	-7.59892e-07
3.9025	-7.62316e-07
3.9026	-7.67089e-07
3.9027	-7.69546e-07
3.9028	-7.71082e-07
3.9029	-7.73033e-07
3.903	-7.74251e-07
3.9031	-7.76696e-07
3.9032	-7.79047e-07
3.9033	-7.80534e-07
3.9034	-7.81882e-07
3.9035	-7.8136e-07
3.9036	-7.82e-07
3.9037	-7.8189e-07
3.9038	-7.82079e-07
3.9039	-7.81413e-07
3.904	-7.80978e-07
3.9041	-7.80124e-07
3.9042	-7.7879e-07
3.9043	-7.76567e-07
3.9044	-7.73911e-07
3.9045	-7.73199e-07
3.9046	-7.70702e-07
3.9047	-7.68181e-07
3.9048	-7.66606e-07
3.9049	-7.6557e-07
3.905	-7.63964e-07
3.9051	-7.59829e-07
3.9052	-7.57086e-07
3.9053	-7.54715e-07
3.9054	-7.51675e-07
3.9055	-7.47036e-07
3.9056	-7.45534e-07
3.9057	-7.41791e-07
3.9058	-7.37546e-07
3.9059	-7.34302e-07
3.906	-7.30702e-07
3.9061	-7.26725e-07
3.9062	-7.21808e-07
3.9063	-7.17104e-07
3.9064	-7.12874e-07
3.9065	-7.0855e-07
3.9066	-7.02682e-07
3.9067	-6.96423e-07
3.9068	-6.93227e-07
3.9069	-6.89824e-07
3.907	-6.85361e-07
3.9071	-6.80146e-07
3.9072	-6.75645e-07
3.9073	-6.70533e-07
3.9074	-6.65031e-07
3.9075	-6.61391e-07
3.9076	-6.52809e-07
3.9077	-6.47659e-07
3.9078	-6.42025e-07
3.9079	-6.37154e-07
3.908	-6.31029e-07
3.9081	-6.26586e-07
3.9082	-6.22656e-07
3.9083	-6.17051e-07
3.9084	-6.1324e-07
3.9085	-6.06962e-07
3.9086	-6.01259e-07
3.9087	-5.98448e-07
3.9088	-5.93282e-07
3.9089	-5.87773e-07
3.909	-5.84122e-07
3.9091	-5.78015e-07
3.9092	-5.72885e-07
3.9093	-5.67776e-07
3.9094	-5.6254e-07
3.9095	-5.55286e-07
3.9096	-5.51075e-07
3.9097	-5.44576e-07
3.9098	-5.38202e-07
3.9099	-5.32284e-07
3.91	-5.26806e-07
3.9101	-5.20477e-07
3.9102	-5.14253e-07
3.9103	-5.09654e-07
3.9104	-5.0369e-07
3.9105	-4.98117e-07
3.9106	-4.92791e-07
3.9107	-4.87597e-07
3.9108	-4.82196e-07
3.9109	-4.75697e-07
3.911	-4.68951e-07
3.9111	-4.6331e-07
3.9112	-4.56441e-07
3.9113	-4.51505e-07
3.9114	-4.48342e-07
3.9115	-4.4314e-07
3.9116	-4.38301e-07
3.9117	-4.32444e-07
3.9118	-4.26373e-07
3.9119	-4.19844e-07
3.912	-4.14397e-07
3.9121	-4.08769e-07
3.9122	-4.03925e-07
3.9123	-3.98382e-07
3.9124	-3.93663e-07
3.9125	-3.8784e-07
3.9126	-3.83141e-07
3.9127	-3.77252e-07
3.9128	-3.72381e-07
3.9129	-3.66508e-07
3.913	-3.59805e-07
3.9131	-3.55637e-07
3.9132	-3.52173e-07
3.9133	-3.4688e-07
3.9134	-3.42024e-07
3.9135	-3.36739e-07
3.9136	-3.30953e-07
3.9137	-3.25224e-07
3.9138	-3.19562e-07
3.9139	-3.15091e-07
3.914	-3.1003e-07
3.9141	-3.03133e-07
3.9142	-2.99045e-07
3.9143	-2.93382e-07
3.9144	-2.87577e-07
3.9145	-2.81455e-07
3.9146	-2.76053e-07
3.9147	-2.70356e-07
3.9148	-2.64809e-07
3.9149	-2.59071e-07
3.915	-2.54102e-07
3.9151	-2.47902e-07
3.9152	-2.41171e-07
3.9153	-2.3442e-07
3.9154	-2.2869e-07
3.9155	-2.23602e-07
3.9156	-2.17331e-07
3.9157	-2.10921e-07
3.9158	-2.04487e-07
3.9159	-1.97625e-07
3.916	-1.91561e-07
3.9161	-1.86193e-07
3.9162	-1.77977e-07
3.9163	-1.71556e-07
3.9164	-1.65164e-07
3.9165	-1.59415e-07
3.9166	-1.532e-07
3.9167	-1.4736e-07
3.9168	-1.40537e-07
3.9169	-1.3396e-07
3.917	-1.25727e-07
3.9171	-1.17554e-07
3.9172	-1.12053e-07
3.9173	-1.04508e-07
3.9174	-9.71107e-08
3.9175	-8.96494e-08
3.9176	-8.25312e-08
3.9177	-7.54888e-08
3.9178	-6.83222e-08
3.9179	-6.09421e-08
3.918	-5.33765e-08
3.9181	-4.59185e-08
3.9182	-3.75614e-08
3.9183	-3.09047e-08
3.9184	-2.34035e-08
3.9185	-1.56317e-08
3.9186	-7.78675e-09
3.9187	-2.61915e-10
3.9188	7.48773e-09
3.9189	1.4966e-08
3.919	2.19785e-08
3.9191	2.97821e-08
3.9192	3.71016e-08
3.9193	4.41374e-08
3.9194	4.82557e-08
3.9195	5.70445e-08
3.9196	6.49794e-08
3.9197	7.1419e-08
3.9198	7.48179e-08
3.9199	7.88971e-08
3.92	8.69995e-08
3.9201	9.48091e-08
3.9202	1.02408e-07
3.9203	1.1026e-07
3.9204	1.14709e-07
3.9205	1.17072e-07
3.9206	1.24084e-07
3.9207	1.26809e-07
3.9208	1.2931e-07
3.9209	1.36843e-07
3.921	1.46503e-07
3.9211	1.56023e-07
3.9212	1.59132e-07
3.9213	1.65299e-07
3.9214	1.72856e-07
3.9215	1.74982e-07
3.9216	1.77049e-07
3.9217	1.78227e-07
3.9218	1.83014e-07
3.9219	1.88682e-07
3.922	1.95011e-07
3.9221	2.01465e-07
3.9222	1.99888e-07
3.9223	1.99863e-07
3.9224	2.00682e-07
3.9225	2.06567e-07
3.9226	2.12456e-07
3.9227	2.13618e-07
3.9228	2.18038e-07
3.9229	2.22256e-07
3.923	2.2145e-07
3.9231	2.26499e-07
3.9232	2.31781e-07
3.9233	2.37411e-07
3.9234	2.41599e-07
3.9235	2.40793e-07
3.9236	2.49638e-07
3.9237	2.52994e-07
3.9238	2.58264e-07
3.9239	2.60911e-07
3.924	2.5961e-07
3.9241	2.57646e-07
3.9242	2.55544e-07
3.9243	2.52888e-07
3.9244	2.61726e-07
3.9245	2.57156e-07
3.9246	2.59432e-07
3.9247	2.67591e-07
3.9248	2.69939e-07
3.9249	2.73392e-07
3.925	2.70981e-07
3.9251	2.65968e-07
3.9252	2.6364e-07
3.9253	2.69904e-07
3.9254	2.78388e-07
3.9255	2.78505e-07
3.9256	2.78164e-07
3.9257	2.83624e-07
3.9258	2.89019e-07
3.9259	2.888e-07
3.926	2.88512e-07
3.9261	2.88946e-07
3.9262	2.82379e-07
3.9263	2.86092e-07
3.9264	2.86735e-07
3.9265	2.90914e-07
3.9266	2.89939e-07
3.9267	2.87758e-07
3.9268	2.85039e-07
3.9269	2.82026e-07
3.927	2.86674e-07
3.9271	2.82527e-07
3.9272	2.77969e-07
3.9273	2.77833e-07
3.9274	2.73758e-07
3.9275	2.75854e-07
3.9276	2.77014e-07
3.9277	2.71266e-07
3.9278	2.72692e-07
3.9279	2.7353e-07
3.928	2.7463e-07
3.9281	2.75268e-07
3.9282	2.7556e-07
3.9283	2.74457e-07
3.9284	2.74898e-07
3.9285	2.73685e-07
3.9286	2.71967e-07
3.9287	2.7069e-07
3.9288	2.67165e-07
3.9289	2.5999e-07
3.929	2.5706e-07
3.9291	2.46974e-07
3.9292	2.43736e-07
3.9293	2.39698e-07
3.9294	2.34948e-07
3.9295	2.26225e-07
3.9296	2.18375e-07
3.9297	2.14852e-07
3.9298	2.05251e-07
3.9299	2.02124e-07
3.93	1.95942e-07
3.9301	1.84278e-07
3.9302	1.76717e-07
3.9303	1.69165e-07
3.9304	1.5757e-07
3.9305	1.48942e-07
3.9306	1.37898e-07
3.9307	1.23936e-07
3.9308	1.14427e-07
3.9309	1.0437e-07
3.931	9.16227e-08
3.9311	8.08334e-08
3.9312	7.15155e-08
3.9313	6.16935e-08
3.9314	5.20795e-08
3.9315	4.04847e-08
3.9316	2.66168e-08
3.9317	1.88749e-08
3.9318	8.0553e-09
3.9319	-6.47059e-09
3.932	-2.28597e-08
3.9321	-3.83354e-08
3.9322	-5.39711e-08
3.9323	-7.0734e-08
3.9324	-8.10407e-08
3.9325	-9.66855e-08
3.9326	-1.1594e-07
3.9327	-1.27329e-07
3.9328	-1.45462e-07
3.9329	-1.60885e-07
3.933	-1.68509e-07
3.9331	-1.86504e-07
3.9332	-2.01779e-07
3.9333	-2.20959e-07
3.9334	-2.37396e-07
3.9335	-2.57344e-07
3.9336	-2.67177e-07
3.9337	-2.83355e-07
3.9338	-3.03843e-07
3.9339	-3.25548e-07
3.934	-3.47925e-07
3.9341	-3.65922e-07
3.9342	-3.89393e-07
3.9343	-4.12164e-07
3.9344	-4.32534e-07
3.9345	-4.54113e-07
3.9346	-4.76218e-07
3.9347	-4.97709e-07
3.9348	-5.09151e-07
3.9349	-5.27845e-07
3.935	-5.52399e-07
3.9351	-5.76127e-07
3.9352	-5.92792e-07
3.9353	-6.09956e-07
3.9354	-6.33738e-07
3.9355	-6.51333e-07
3.9356	-6.68417e-07
3.9357	-6.85623e-07
3.9358	-7.01169e-07
3.9359	-7.23592e-07
3.936	-7.42108e-07
3.9361	-7.63055e-07
3.9362	-7.77754e-07
3.9363	-7.91398e-07
3.9364	-8.1087e-07
3.9365	-8.27013e-07
3.9366	-8.39044e-07
3.9367	-8.52675e-07
3.9368	-8.72293e-07
3.9369	-8.85564e-07
3.937	-8.99169e-07
3.9371	-9.1601e-07
3.9372	-9.27851e-07
3.9373	-9.42495e-07
3.9374	-9.5472e-07
3.9375	-9.64527e-07
3.9376	-9.79456e-07
3.9377	-9.89302e-07
3.9378	-1.00409e-06
3.9379	-1.01982e-06
3.938	-1.02773e-06
3.9381	-1.03995e-06
3.9382	-1.05364e-06
3.9383	-1.0678e-06
3.9384	-1.07965e-06
3.9385	-1.08596e-06
3.9386	-1.09683e-06
3.9387	-1.10793e-06
3.9388	-1.11843e-06
3.9389	-1.12354e-06
3.939	-1.13228e-06
3.9391	-1.1413e-06
3.9392	-1.14956e-06
3.9393	-1.15779e-06
3.9394	-1.16526e-06
3.9395	-1.17358e-06
3.9396	-1.18004e-06
3.9397	-1.18658e-06
3.9398	-1.19208e-06
3.9399	-1.19693e-06
3.94	-1.20154e-06
3.9401	-1.19976e-06
3.9402	-1.20328e-06
3.9403	-1.20775e-06
3.9404	-1.21077e-06
3.9405	-1.21409e-06
3.9406	-1.21635e-06
3.9407	-1.21492e-06
3.9408	-1.21712e-06
3.9409	-1.21818e-06
3.941	-1.21913e-06
3.9411	-1.22102e-06
3.9412	-1.21957e-06
3.9413	-1.21925e-06
3.9414	-1.21832e-06
3.9415	-1.21702e-06
3.9416	-1.21707e-06
3.9417	-1.2153e-06
3.9418	-1.2137e-06
3.9419	-1.21266e-06
3.942	-1.20921e-06
3.9421	-1.20732e-06
3.9422	-1.20487e-06
3.9423	-1.20306e-06
3.9424	-1.19975e-06
3.9425	-1.1962e-06
3.9426	-1.19352e-06
3.9427	-1.1896e-06
3.9428	-1.1857e-06
3.9429	-1.18192e-06
3.943	-1.179e-06
3.9431	-1.17583e-06
3.9432	-1.16983e-06
3.9433	-1.16565e-06
3.9434	-1.16073e-06
3.9435	-1.15713e-06
3.9436	-1.1524e-06
3.9437	-1.14902e-06
3.9438	-1.14351e-06
3.9439	-1.13922e-06
3.944	-1.13499e-06
3.9441	-1.1291e-06
3.9442	-1.12303e-06
3.9443	-1.11543e-06
3.9444	-1.10952e-06
3.9445	-1.10422e-06
3.9446	-1.09704e-06
3.9447	-1.09165e-06
3.9448	-1.08564e-06
3.9449	-1.08115e-06
3.945	-1.0709e-06
3.9451	-1.06494e-06
3.9452	-1.05809e-06
3.9453	-1.04927e-06
3.9454	-1.04051e-06
3.9455	-1.03214e-06
3.9456	-1.02412e-06
3.9457	-1.01539e-06
3.9458	-1.00609e-06
3.9459	-9.98546e-07
3.946	-9.90595e-07
3.9461	-9.82383e-07
3.9462	-9.74269e-07
3.9463	-9.65863e-07
3.9464	-9.58639e-07
3.9465	-9.53209e-07
3.9466	-9.438e-07
3.9467	-9.34285e-07
3.9468	-9.26235e-07
3.9469	-9.17926e-07
3.947	-9.06331e-07
3.9471	-8.96737e-07
3.9472	-8.88143e-07
3.9473	-8.78448e-07
3.9474	-8.6814e-07
3.9475	-8.58553e-07
3.9476	-8.48508e-07
3.9477	-8.39541e-07
3.9478	-8.29756e-07
3.9479	-8.20277e-07
3.948	-8.08955e-07
3.9481	-8.00503e-07
3.9482	-7.93286e-07
3.9483	-7.85157e-07
3.9484	-7.75838e-07
3.9485	-7.66326e-07
3.9486	-7.55652e-07
3.9487	-7.45407e-07
3.9488	-7.35192e-07
3.9489	-7.24025e-07
3.949	-7.13319e-07
3.9491	-7.03318e-07
3.9492	-6.95599e-07
3.9493	-6.84422e-07
3.9494	-6.72198e-07
3.9495	-6.62298e-07
3.9496	-6.54489e-07
3.9497	-6.43806e-07
3.9498	-6.31552e-07
3.9499	-6.23955e-07
3.95	-6.17443e-07
3.9501	-6.08778e-07
3.9502	-5.98277e-07
3.9503	-5.91656e-07
3.9504	-5.80251e-07
3.9505	-5.70563e-07
3.9506	-5.60184e-07
3.9507	-5.48984e-07
3.9508	-5.35795e-07
3.9509	-5.2618e-07
3.951	-5.14801e-07
3.9511	-5.03849e-07
3.9512	-4.932e-07
3.9513	-4.8292e-07
3.9514	-4.73431e-07
3.9515	-4.62705e-07
3.9516	-4.55529e-07
3.9517	-4.44922e-07
3.9518	-4.34105e-07
3.9519	-4.2706e-07
3.952	-4.17334e-07
3.9521	-4.06991e-07
3.9522	-3.95555e-07
3.9523	-3.84762e-07
3.9524	-3.76837e-07
3.9525	-3.67983e-07
3.9526	-3.59631e-07
3.9527	-3.55254e-07
3.9528	-3.44588e-07
3.9529	-3.4023e-07
3.953	-3.39468e-07
3.9531	-3.34573e-07
3.9532	-3.30953e-07
3.9533	-3.26536e-07
3.9534	-3.2453e-07
3.9535	-3.21026e-07
3.9536	-3.11696e-07
3.9537	-3.05351e-07
3.9538	-3.01574e-07
3.9539	-2.97612e-07
3.954	-2.92603e-07
3.9541	-2.84023e-07
3.9542	-2.82306e-07
3.9543	-2.79724e-07
3.9544	-2.81564e-07
3.9545	-2.77314e-07
3.9546	-2.78179e-07
3.9547	-2.68915e-07
3.9548	-2.69201e-07
3.9549	-2.69343e-07
3.955	-2.68898e-07
3.9551	-2.71733e-07
3.9552	-2.71237e-07
3.9553	-2.72128e-07
3.9554	-2.74264e-07
3.9555	-2.70534e-07
3.9556	-2.6382e-07
3.9557	-2.67636e-07
3.9558	-2.68574e-07
3.9559	-2.70132e-07
3.956	-2.71842e-07
3.9561	-2.66881e-07
3.9562	-2.71803e-07
3.9563	-2.75195e-07
3.9564	-2.71706e-07
3.9565	-2.71069e-07
3.9566	-2.68137e-07
3.9567	-2.71322e-07
3.9568	-2.75332e-07
3.9569	-2.79339e-07
3.957	-2.84132e-07
3.9571	-2.81791e-07
3.9572	-2.78291e-07
3.9573	-2.80127e-07
3.9574	-2.84276e-07
3.9575	-2.86562e-07
3.9576	-2.87012e-07
3.9577	-2.89193e-07
3.9578	-2.94593e-07
3.9579	-2.9701e-07
3.958	-3.01167e-07
3.9581	-3.04136e-07
3.9582	-3.06528e-07
3.9583	-3.08707e-07
3.9584	-3.09099e-07
3.9585	-3.1554e-07
3.9586	-3.21024e-07
3.9587	-3.254e-07
3.9588	-3.298e-07
3.9589	-3.34088e-07
3.959	-3.3744e-07
3.9591	-3.43485e-07
3.9592	-3.48833e-07
3.9593	-3.55295e-07
3.9594	-3.63024e-07
3.9595	-3.6963e-07
3.9596	-3.77168e-07
3.9597	-3.87167e-07
3.9598	-3.88535e-07
3.9599	-3.91399e-07
3.96	-4.02096e-07
3.9601	-4.09251e-07
3.9602	-4.21286e-07
3.9603	-4.25585e-07
3.9604	-4.35688e-07
3.9605	-4.4586e-07
3.9606	-4.48663e-07
3.9607	-4.56163e-07
3.9608	-4.5814e-07
3.9609	-4.69579e-07
3.961	-4.8168e-07
3.9611	-4.93864e-07
3.9612	-4.99789e-07
3.9613	-5.09774e-07
3.9614	-5.13499e-07
3.9615	-5.15694e-07
3.9616	-5.19513e-07
3.9617	-5.28302e-07
3.9618	-5.37118e-07
3.9619	-5.50438e-07
3.962	-5.59117e-07
3.9621	-5.62973e-07
3.9622	-5.66783e-07
3.9623	-5.70687e-07
3.9624	-5.79292e-07
3.9625	-5.87806e-07
3.9626	-5.95595e-07
3.9627	-6.00013e-07
3.9628	-6.08832e-07
3.9629	-6.18009e-07
3.963	-6.22552e-07
3.9631	-6.31047e-07
3.9632	-6.382e-07
3.9633	-6.48115e-07
3.9634	-6.6206e-07
3.9635	-6.75842e-07
3.9636	-6.85069e-07
3.9637	-6.8819e-07
3.9638	-6.94267e-07
3.9639	-7.01714e-07
3.964	-7.08711e-07
3.9641	-7.17828e-07
3.9642	-7.26094e-07
3.9643	-7.29298e-07
3.9644	-7.33311e-07
3.9645	-7.39245e-07
3.9646	-7.45993e-07
3.9647	-7.52909e-07
3.9648	-7.58011e-07
3.9649	-7.66341e-07
3.965	-7.73923e-07
3.9651	-7.80286e-07
3.9652	-7.89206e-07
3.9653	-7.94879e-07
3.9654	-8.00105e-07
3.9655	-8.05745e-07
3.9656	-8.11959e-07
3.9657	-8.15789e-07
3.9658	-8.21446e-07
3.9659	-8.27001e-07
3.966	-8.30697e-07
3.9661	-8.3321e-07
3.9662	-8.36644e-07
3.9663	-8.40438e-07
3.9664	-8.42451e-07
3.9665	-8.46863e-07
3.9666	-8.49496e-07
3.9667	-8.51747e-07
3.9668	-8.54061e-07
3.9669	-8.56598e-07
3.967	-8.56208e-07
3.9671	-8.57719e-07
3.9672	-8.5912e-07
3.9673	-8.60196e-07
3.9674	-8.62082e-07
3.9675	-8.60838e-07
3.9676	-8.6211e-07
3.9677	-8.61964e-07
3.9678	-8.6343e-07
3.9679	-8.63343e-07
3.968	-8.63017e-07
3.9681	-8.61944e-07
3.9682	-8.60835e-07
3.9683	-8.60925e-07
3.9684	-8.61133e-07
3.9685	-8.58926e-07
3.9686	-8.57149e-07
3.9687	-8.56008e-07
3.9688	-8.55184e-07
3.9689	-8.53518e-07
3.969	-8.50865e-07
3.9691	-8.48313e-07
3.9692	-8.44701e-07
3.9693	-8.42491e-07
3.9694	-8.39097e-07
3.9695	-8.34369e-07
3.9696	-8.29466e-07
3.9697	-8.26443e-07
3.9698	-8.22959e-07
3.9699	-8.18943e-07
3.97	-8.13927e-07
3.9701	-8.10384e-07
3.9702	-8.06739e-07
3.9703	-8.02758e-07
3.9704	-7.97653e-07
3.9705	-7.93817e-07
3.9706	-7.87626e-07
3.9707	-7.81603e-07
3.9708	-7.77912e-07
3.9709	-7.73171e-07
3.971	-7.68777e-07
3.9711	-7.63391e-07
3.9712	-7.58727e-07
3.9713	-7.53671e-07
3.9714	-7.48246e-07
3.9715	-7.43418e-07
3.9716	-7.38033e-07
3.9717	-7.3195e-07
3.9718	-7.27013e-07
3.9719	-7.21763e-07
3.972	-7.15937e-07
3.9721	-7.09533e-07
3.9722	-7.04801e-07
3.9723	-6.98696e-07
3.9724	-6.94957e-07
3.9725	-6.87767e-07
3.9726	-6.83581e-07
3.9727	-6.79078e-07
3.9728	-6.73604e-07
3.9729	-6.68188e-07
3.973	-6.627e-07
3.9731	-6.5817e-07
3.9732	-6.52845e-07
3.9733	-6.47882e-07
3.9734	-6.43861e-07
3.9735	-6.36974e-07
3.9736	-6.33272e-07
3.9737	-6.28278e-07
3.9738	-6.24533e-07
3.9739	-6.18126e-07
3.974	-6.12863e-07
3.9741	-6.08744e-07
3.9742	-6.04023e-07
3.9743	-5.99276e-07
3.9744	-5.93816e-07
3.9745	-5.89976e-07
3.9746	-5.86507e-07
3.9747	-5.80738e-07
3.9748	-5.7424e-07
3.9749	-5.71679e-07
3.975	-5.67112e-07
3.9751	-5.62662e-07
3.9752	-5.56337e-07
3.9753	-5.50027e-07
3.9754	-5.46659e-07
3.9755	-5.41074e-07
3.9756	-5.35178e-07
3.9757	-5.29428e-07
3.9758	-5.24028e-07
3.9759	-5.18168e-07
3.976	-5.13033e-07
3.9761	-5.06926e-07
3.9762	-5.01033e-07
3.9763	-4.96679e-07
3.9764	-4.9009e-07
3.9765	-4.85004e-07
3.9766	-4.80486e-07
3.9767	-4.75292e-07
3.9768	-4.67844e-07
3.9769	-4.62266e-07
3.977	-4.56525e-07
3.9771	-4.52837e-07
3.9772	-4.48884e-07
3.9773	-4.44328e-07
3.9774	-4.38603e-07
3.9775	-4.33527e-07
3.9776	-4.27925e-07
3.9777	-4.22685e-07
3.9778	-4.16952e-07
3.9779	-4.11307e-07
3.978	-4.05876e-07
3.9781	-4.00426e-07
3.9782	-3.95477e-07
3.9783	-3.90916e-07
3.9784	-3.86135e-07
3.9785	-3.81232e-07
3.9786	-3.74873e-07
3.9787	-3.69827e-07
3.9788	-3.64124e-07
3.9789	-3.58213e-07
3.979	-3.5318e-07
3.9791	-3.46835e-07
3.9792	-3.40281e-07
3.9793	-3.33945e-07
3.9794	-3.2834e-07
3.9795	-3.22577e-07
3.9796	-3.15809e-07
3.9797	-3.10036e-07
3.9798	-3.04396e-07
3.9799	-2.97898e-07
3.98	-2.91374e-07
3.9801	-2.85916e-07
3.9802	-2.78813e-07
3.9803	-2.72664e-07
3.9804	-2.6608e-07
3.9805	-2.58763e-07
3.9806	-2.52632e-07
3.9807	-2.47879e-07
3.9808	-2.40874e-07
3.9809	-2.35038e-07
3.981	-2.27565e-07
3.9811	-2.19925e-07
3.9812	-2.12386e-07
3.9813	-2.04871e-07
3.9814	-1.97494e-07
3.9815	-1.89986e-07
3.9816	-1.8258e-07
3.9817	-1.75313e-07
3.9818	-1.67715e-07
3.9819	-1.60209e-07
3.982	-1.52432e-07
3.9821	-1.45499e-07
3.9822	-1.38339e-07
3.9823	-1.30131e-07
3.9824	-1.24121e-07
3.9825	-1.16982e-07
3.9826	-1.09422e-07
3.9827	-1.00958e-07
3.9828	-9.30911e-08
3.9829	-8.61428e-08
3.983	-7.84762e-08
3.9831	-7.03878e-08
3.9832	-6.37021e-08
3.9833	-5.69904e-08
3.9834	-5.13655e-08
3.9835	-4.26095e-08
3.9836	-3.84366e-08
3.9837	-3.20131e-08
3.9838	-2.45016e-08
3.9839	-1.69102e-08
3.984	-1.50244e-08
3.9841	-7.6152e-09
3.9842	1.39352e-09
3.9843	9.1698e-09
3.9844	1.66995e-08
3.9845	2.34498e-08
3.9846	3.09154e-08
3.9847	3.9886e-08
3.9848	4.22398e-08
3.9849	4.47248e-08
3.985	5.4362e-08
3.9851	6.13884e-08
3.9852	6.405e-08
3.9853	7.18594e-08
3.9854	7.7998e-08
3.9855	8.08428e-08
3.9856	8.85897e-08
3.9857	9.71961e-08
3.9858	1.01936e-07
3.9859	1.08289e-07
3.986	1.14569e-07
3.9861	1.20673e-07
3.9862	1.26412e-07
3.9863	1.31506e-07
3.9864	1.36986e-07
3.9865	1.38436e-07
3.9866	1.47472e-07
3.9867	1.51332e-07
3.9868	1.5654e-07
3.9869	1.61105e-07
3.987	1.70027e-07
3.9871	1.75855e-07
3.9872	1.81034e-07
3.9873	1.79912e-07
3.9874	1.83527e-07
3.9875	1.93309e-07
3.9876	1.9647e-07
3.9877	2.00876e-07
3.9878	2.03538e-07
3.9879	2.0269e-07
3.988	2.05853e-07
3.9881	2.02865e-07
3.9882	2.04658e-07
3.9883	2.13721e-07
3.9884	2.17248e-07
3.9885	2.2521e-07
3.9886	2.33086e-07
3.9887	2.35784e-07
3.9888	2.38614e-07
3.9889	2.40666e-07
3.989	2.46748e-07
3.9891	2.47098e-07
3.9892	2.47213e-07
3.9893	2.50233e-07
3.9894	2.48846e-07
3.9895	2.54303e-07
3.9896	2.60773e-07
3.9897	2.56014e-07
3.9898	2.52442e-07
3.9899	2.51551e-07
3.99	2.57087e-07
3.9901	2.50244e-07
3.9902	2.4817e-07
3.9903	2.5395e-07
3.9904	2.5892e-07
3.9905	2.64592e-07
3.9906	2.69609e-07
3.9907	2.67297e-07
3.9908	2.6498e-07
3.9909	2.62676e-07
3.991	2.66675e-07
3.9911	2.70946e-07
3.9912	2.63619e-07
3.9913	2.61017e-07
3.9914	2.5911e-07
3.9915	2.6136e-07
3.9916	2.62426e-07
3.9917	2.63527e-07
3.9918	2.65303e-07
3.9919	2.67178e-07
3.992	2.67386e-07
3.9921	2.69423e-07
3.9922	2.70634e-07
3.9923	2.65076e-07
3.9924	2.64233e-07
3.9925	2.63164e-07
3.9926	2.56773e-07
3.9927	2.4847e-07
3.9928	2.41727e-07
3.9929	2.41788e-07
3.993	2.33773e-07
3.9931	2.25449e-07
3.9932	2.21603e-07
3.9933	2.16714e-07
3.9934	2.13015e-07
3.9935	2.05541e-07
3.9936	2.01186e-07
3.9937	1.96226e-07
3.9938	1.91968e-07
3.9939	1.81959e-07
3.994	1.76305e-07
3.9941	1.68714e-07
3.9942	1.61162e-07
3.9943	1.53804e-07
3.9944	1.43367e-07
3.9945	1.35359e-07
3.9946	1.24749e-07
3.9947	1.14455e-07
3.9948	1.03522e-07
3.9949	9.38727e-08
3.995	8.29868e-08
3.9951	6.68911e-08
3.9952	5.20456e-08
3.9953	4.17398e-08
3.9954	2.90873e-08
3.9955	1.79729e-08
3.9956	4.92936e-09
3.9957	-1.07996e-08
3.9958	-2.57461e-08
3.9959	-4.05865e-08
3.996	-5.63711e-08
3.9961	-7.05064e-08
3.9962	-8.69056e-08
3.9963	-1.00366e-07
3.9964	-1.15459e-07
3.9965	-1.32573e-07
3.9966	-1.44082e-07
3.9967	-1.61172e-07
3.9968	-1.79197e-07
3.9969	-1.9621e-07
3.997	-2.13747e-07
3.9971	-2.30312e-07
3.9972	-2.4559e-07
3.9973	-2.65195e-07
3.9974	-2.8595e-07
3.9975	-3.00628e-07
3.9976	-3.2098e-07
3.9977	-3.37631e-07
3.9978	-3.5866e-07
3.9979	-3.74372e-07
3.998	-3.91493e-07
3.9981	-4.13758e-07
3.9982	-4.25426e-07
3.9983	-4.43559e-07
3.9984	-4.66685e-07
3.9985	-4.85124e-07
3.9986	-4.91422e-07
3.9987	-5.07018e-07
3.9988	-5.23799e-07
3.9989	-5.46551e-07
3.999	-5.53247e-07
3.9991	-5.70603e-07
3.9992	-5.87581e-07
3.9993	-5.99506e-07
3.9994	-6.10043e-07
3.9995	-6.26241e-07
3.9996	-6.42133e-07
3.9997	-6.58345e-07
3.9998	-6.73999e-07
3.9999	-6.87823e-07
4	-6.9707e-07
4.0001	-7.1167e-07
4.0002	-7.27479e-07
4.0003	-7.43879e-07
4.0004	-7.63062e-07
4.0005	-7.71359e-07
4.0006	-7.90945e-07
4.0007	-8.0616e-07
4.0008	-8.22426e-07
4.0009	-8.35699e-07
4.001	-8.47914e-07
4.0011	-8.59869e-07
4.0012	-8.67717e-07
4.0013	-8.80428e-07
4.0014	-8.89743e-07
4.0015	-9.01311e-07
4.0016	-9.14167e-07
4.0017	-9.25111e-07
4.0018	-9.39814e-07
4.0019	-9.48179e-07
4.002	-9.62442e-07
4.0021	-9.76492e-07
4.0022	-9.83711e-07
4.0023	-9.959e-07
4.0024	-1.00444e-06
4.0025	-1.01505e-06
4.0026	-1.02575e-06
4.0027	-1.03384e-06
4.0028	-1.04387e-06
4.0029	-1.05304e-06
4.003	-1.0621e-06
4.0031	-1.0663e-06
4.0032	-1.06985e-06
4.0033	-1.07602e-06
4.0034	-1.08391e-06
4.0035	-1.09069e-06
4.0036	-1.09746e-06
4.0037	-1.10264e-06
4.0038	-1.10749e-06
4.0039	-1.11013e-06
4.004	-1.10911e-06
4.0041	-1.11333e-06
4.0042	-1.1171e-06
4.0043	-1.12056e-06
4.0044	-1.12341e-06
4.0045	-1.12062e-06
4.0046	-1.12205e-06
4.0047	-1.12388e-06
4.0048	-1.12476e-06
4.0049	-1.12429e-06
4.005	-1.1254e-06
4.0051	-1.12522e-06
4.0052	-1.12461e-06
4.0053	-1.12448e-06
4.0054	-1.12361e-06
4.0055	-1.12293e-06
4.0056	-1.12144e-06
4.0057	-1.11936e-06
4.0058	-1.11761e-06
4.0059	-1.11516e-06
4.006	-1.11156e-06
4.0061	-1.1079e-06
4.0062	-1.10175e-06
4.0063	-1.09881e-06
4.0064	-1.09514e-06
4.0065	-1.09168e-06
4.0066	-1.08734e-06
4.0067	-1.08405e-06
4.0068	-1.08015e-06
4.0069	-1.07685e-06
4.007	-1.07126e-06
4.0071	-1.06664e-06
4.0072	-1.0635e-06
4.0073	-1.05942e-06
4.0074	-1.05496e-06
4.0075	-1.05106e-06
4.0076	-1.04611e-06
4.0077	-1.04093e-06
4.0078	-1.03611e-06
4.0079	-1.03083e-06
4.008	-1.02545e-06
4.0081	-1.01911e-06
4.0082	-1.01265e-06
4.0083	-1.00683e-06
4.0084	-1.00092e-06
4.0085	-9.96383e-07
4.0086	-9.91527e-07
4.0087	-9.83909e-07
4.0088	-9.79015e-07
4.0089	-9.69901e-07
4.009	-9.62075e-07
4.0091	-9.54425e-07
4.0092	-9.46614e-07
4.0093	-9.37979e-07
4.0094	-9.29969e-07
4.0095	-9.23086e-07
4.0096	-9.14248e-07
4.0097	-9.05431e-07
4.0098	-8.965e-07
4.0099	-8.87786e-07
4.01	-8.79045e-07
4.0101	-8.69469e-07
4.0102	-8.60098e-07
4.0103	-8.53288e-07
4.0104	-8.47337e-07
4.0105	-8.35243e-07
4.0106	-8.26961e-07
4.0107	-8.20923e-07
4.0108	-8.11688e-07
4.0109	-8.01263e-07
4.011	-7.92314e-07
4.0111	-7.81984e-07
4.0112	-7.72784e-07
4.0113	-7.64029e-07
4.0114	-7.54412e-07
4.0115	-7.4569e-07
4.0116	-7.3654e-07
4.0117	-7.27405e-07
4.0118	-7.16992e-07
4.0119	-7.07055e-07
4.012	-6.98531e-07
4.0121	-6.89166e-07
4.0122	-6.79439e-07
4.0123	-6.70828e-07
4.0124	-6.60858e-07
4.0125	-6.51137e-07
4.0126	-6.41409e-07
4.0127	-6.30396e-07
4.0128	-6.20103e-07
4.0129	-6.08604e-07
4.013	-5.96334e-07
4.0131	-5.86516e-07
4.0132	-5.75435e-07
4.0133	-5.65533e-07
4.0134	-5.56111e-07
4.0135	-5.45836e-07
4.0136	-5.35358e-07
4.0137	-5.25693e-07
4.0138	-5.17788e-07
4.0139	-5.12379e-07
4.014	-5.0121e-07
4.0141	-4.90909e-07
4.0142	-4.82689e-07
4.0143	-4.7138e-07
4.0144	-4.65581e-07
4.0145	-4.53719e-07
4.0146	-4.42744e-07
4.0147	-4.32979e-07
4.0148	-4.20096e-07
4.0149	-4.09751e-07
4.015	-4.02265e-07
4.0151	-3.92197e-07
4.0152	-3.85114e-07
4.0153	-3.74328e-07
4.0154	-3.66787e-07
4.0155	-3.57053e-07
4.0156	-3.46742e-07
4.0157	-3.41783e-07
4.0158	-3.33856e-07
4.0159	-3.24478e-07
4.016	-3.18916e-07
4.0161	-3.08623e-07
4.0162	-3.00338e-07
4.0163	-2.95757e-07
4.0164	-2.87425e-07
4.0165	-2.87976e-07
4.0166	-2.79634e-07
4.0167	-2.7455e-07
4.0168	-2.70773e-07
4.0169	-2.62177e-07
4.017	-2.54012e-07
4.0171	-2.43861e-07
4.0172	-2.35809e-07
4.0173	-2.26766e-07
4.0174	-2.17331e-07
4.0175	-2.11543e-07
4.0176	-2.105e-07
4.0177	-2.05996e-07
4.0178	-2.02579e-07
4.0179	-1.93325e-07
4.018	-1.94727e-07
4.0181	-1.86945e-07
4.0182	-1.78131e-07
4.0183	-1.70048e-07
4.0184	-1.69935e-07
4.0185	-1.63942e-07
4.0186	-1.64844e-07
4.0187	-1.6711e-07
4.0188	-1.67922e-07
4.0189	-1.69728e-07
4.019	-1.70888e-07
4.0191	-1.72026e-07
4.0192	-1.69377e-07
4.0193	-1.66117e-07
4.0194	-1.60809e-07
4.0195	-1.63285e-07
4.0196	-1.6309e-07
4.0197	-1.59844e-07
4.0198	-1.62344e-07
4.0199	-1.64804e-07
4.02	-1.70061e-07
4.0201	-1.73548e-07
4.0202	-1.7545e-07
4.0203	-1.82977e-07
4.0204	-1.87413e-07
4.0205	-1.91585e-07
4.0206	-1.93783e-07
4.0207	-1.99028e-07
4.0208	-2.0351e-07
4.0209	-2.04674e-07
4.021	-2.04454e-07
4.0211	-2.04225e-07
4.0212	-2.10754e-07
4.0213	-2.15853e-07
4.0214	-2.19394e-07
4.0215	-2.25466e-07
4.0216	-2.26701e-07
4.0217	-2.28835e-07
4.0218	-2.3248e-07
4.0219	-2.36515e-07
4.022	-2.41813e-07
4.0221	-2.45541e-07
4.0222	-2.52608e-07
4.0223	-2.64529e-07
4.0224	-2.70339e-07
4.0225	-2.75038e-07
4.0226	-2.8234e-07
4.0227	-2.85667e-07
4.0228	-2.90262e-07
4.0229	-2.94721e-07
4.023	-2.9938e-07
4.0231	-3.059e-07
4.0232	-3.1286e-07
4.0233	-3.2037e-07
4.0234	-3.2344e-07
4.0235	-3.30759e-07
4.0236	-3.34557e-07
4.0237	-3.3726e-07
4.0238	-3.48335e-07
4.0239	-3.52399e-07
4.024	-3.55364e-07
4.0241	-3.66154e-07
4.0242	-3.75683e-07
4.0243	-3.88646e-07
4.0244	-3.90239e-07
4.0245	-3.96314e-07
4.0246	-4.07787e-07
4.0247	-4.15472e-07
4.0248	-4.27102e-07
4.0249	-4.30135e-07
4.025	-4.37399e-07
4.0251	-4.44786e-07
4.0252	-4.56044e-07
4.0253	-4.65199e-07
4.0254	-4.66862e-07
4.0255	-4.71022e-07
4.0256	-4.73867e-07
4.0257	-4.86724e-07
4.0258	-5.00101e-07
4.0259	-5.06003e-07
4.026	-5.136e-07
4.0261	-5.20254e-07
4.0262	-5.25033e-07
4.0263	-5.37978e-07
4.0264	-5.5079e-07
4.0265	-5.55967e-07
4.0266	-5.69414e-07
4.0267	-5.77923e-07
4.0268	-5.86706e-07
4.0269	-5.95398e-07
4.027	-6.01514e-07
4.0271	-6.11264e-07
4.0272	-6.16388e-07
4.0273	-6.25837e-07
4.0274	-6.30048e-07
4.0275	-6.398e-07
4.0276	-6.43756e-07
4.0277	-6.49284e-07
4.0278	-6.54241e-07
4.0279	-6.62859e-07
4.028	-6.72021e-07
4.0281	-6.77823e-07
4.0282	-6.82463e-07
4.0283	-6.88479e-07
4.0284	-6.9389e-07
4.0285	-7.02854e-07
4.0286	-7.06346e-07
4.0287	-7.13015e-07
4.0288	-7.16668e-07
4.0289	-7.2399e-07
4.029	-7.295e-07
4.0291	-7.34793e-07
4.0292	-7.40805e-07
4.0293	-7.44484e-07
4.0294	-7.50032e-07
4.0295	-7.52706e-07
4.0296	-7.5483e-07
4.0297	-7.60079e-07
4.0298	-7.65353e-07
4.0299	-7.68919e-07
4.03	-7.72619e-07
4.0301	-7.76021e-07
4.0302	-7.78527e-07
4.0303	-7.8307e-07
4.0304	-7.88611e-07
4.0305	-7.89854e-07
4.0306	-7.91756e-07
4.0307	-7.94239e-07
4.0308	-7.94955e-07
4.0309	-7.9576e-07
4.031	-7.99531e-07
4.0311	-8.0087e-07
4.0312	-8.01694e-07
4.0313	-8.01923e-07
4.0314	-8.01735e-07
4.0315	-8.02765e-07
4.0316	-8.0161e-07
4.0317	-8.01415e-07
4.0318	-8.00585e-07
4.0319	-7.98732e-07
4.032	-7.97655e-07
4.0321	-7.96241e-07
4.0322	-7.96323e-07
4.0323	-7.95429e-07
4.0324	-7.92705e-07
4.0325	-7.89615e-07
4.0326	-7.88379e-07
4.0327	-7.86246e-07
4.0328	-7.83203e-07
4.0329	-7.79769e-07
4.033	-7.77072e-07
4.0331	-7.75872e-07
4.0332	-7.70141e-07
4.0333	-7.66563e-07
4.0334	-7.62374e-07
4.0335	-7.59387e-07
4.0336	-7.55875e-07
4.0337	-7.52193e-07
4.0338	-7.48028e-07
4.0339	-7.44277e-07
4.034	-7.39829e-07
4.0341	-7.35584e-07
4.0342	-7.31504e-07
4.0343	-7.26537e-07
4.0344	-7.19407e-07
4.0345	-7.15407e-07
4.0346	-7.11285e-07
4.0347	-7.08201e-07
4.0348	-7.0331e-07
4.0349	-6.97558e-07
4.035	-6.92487e-07
4.0351	-6.87496e-07
4.0352	-6.82215e-07
4.0353	-6.78284e-07
4.0354	-6.70096e-07
4.0355	-6.64523e-07
4.0356	-6.59065e-07
4.0357	-6.54221e-07
4.0358	-6.48188e-07
4.0359	-6.43438e-07
4.036	-6.38308e-07
4.0361	-6.34269e-07
4.0362	-6.26591e-07
4.0363	-6.20455e-07
4.0364	-6.17206e-07
4.0365	-6.12301e-07
4.0366	-6.07732e-07
4.0367	-6.03348e-07
4.0368	-5.98432e-07
4.0369	-5.92624e-07
4.037	-5.87382e-07
4.0371	-5.83957e-07
4.0372	-5.76602e-07
4.0373	-5.72261e-07
4.0374	-5.67035e-07
4.0375	-5.61033e-07
4.0376	-5.54696e-07
4.0377	-5.5092e-07
4.0378	-5.4531e-07
4.0379	-5.40822e-07
4.038	-5.36409e-07
4.0381	-5.3063e-07
4.0382	-5.25247e-07
4.0383	-5.20345e-07
4.0384	-5.15013e-07
4.0385	-5.11188e-07
4.0386	-5.04995e-07
4.0387	-5.00735e-07
4.0388	-4.96046e-07
4.0389	-4.89632e-07
4.039	-4.83206e-07
4.0391	-4.80791e-07
4.0392	-4.75405e-07
4.0393	-4.69735e-07
4.0394	-4.66406e-07
4.0395	-4.60419e-07
4.0396	-4.55138e-07
4.0397	-4.49381e-07
4.0398	-4.42985e-07
4.0399	-4.38275e-07
4.04	-4.30887e-07
4.0401	-4.25851e-07
4.0402	-4.21565e-07
4.0403	-4.15281e-07
4.0404	-4.09684e-07
4.0405	-4.04497e-07
4.0406	-3.988e-07
4.0407	-3.92884e-07
4.0408	-3.8529e-07
4.0409	-3.812e-07
4.041	-3.77318e-07
4.0411	-3.73101e-07
4.0412	-3.67439e-07
4.0413	-3.61942e-07
4.0414	-3.56248e-07
4.0415	-3.50642e-07
4.0416	-3.44748e-07
4.0417	-3.38481e-07
4.0418	-3.3264e-07
4.0419	-3.27929e-07
4.042	-3.2285e-07
4.0421	-3.17561e-07
4.0422	-3.10381e-07
4.0423	-3.04631e-07
4.0424	-2.98474e-07
4.0425	-2.9254e-07
4.0426	-2.87605e-07
4.0427	-2.81678e-07
4.0428	-2.75866e-07
4.0429	-2.70302e-07
4.043	-2.62686e-07
4.0431	-2.56858e-07
4.0432	-2.50101e-07
4.0433	-2.44979e-07
4.0434	-2.38075e-07
4.0435	-2.3269e-07
4.0436	-2.26621e-07
4.0437	-2.20691e-07
4.0438	-2.15556e-07
4.0439	-2.08365e-07
4.044	-2.02043e-07
4.0441	-1.95469e-07
4.0442	-1.88809e-07
4.0443	-1.82401e-07
4.0444	-1.77039e-07
4.0445	-1.71538e-07
4.0446	-1.6589e-07
4.0447	-1.59533e-07
4.0448	-1.52466e-07
4.0449	-1.44188e-07
4.045	-1.36831e-07
4.0451	-1.29988e-07
4.0452	-1.24083e-07
4.0453	-1.16866e-07
4.0454	-1.09518e-07
4.0455	-1.02907e-07
4.0456	-9.50152e-08
4.0457	-8.78186e-08
4.0458	-7.98946e-08
4.0459	-7.24839e-08
4.046	-6.38817e-08
4.0461	-5.57048e-08
4.0462	-4.94537e-08
4.0463	-4.39127e-08
4.0464	-3.94437e-08
4.0465	-3.10117e-08
4.0466	-2.36371e-08
4.0467	-1.56848e-08
4.0468	-8.68165e-09
4.0469	-5.67587e-10
4.047	7.42843e-09
4.0471	1.48395e-08
4.0472	2.23416e-08
4.0473	3.06038e-08
4.0474	4.00073e-08
4.0475	4.88465e-08
4.0476	5.21776e-08
4.0477	5.99382e-08
4.0478	6.87702e-08
4.0479	7.63086e-08
4.048	8.41147e-08
4.0481	9.21972e-08
4.0482	9.86596e-08
4.0483	1.0545e-07
4.0484	1.12724e-07
4.0485	1.20323e-07
4.0486	1.28054e-07
4.0487	1.35969e-07
4.0488	1.45421e-07
4.0489	1.52385e-07
4.049	1.59017e-07
4.0491	1.65548e-07
4.0492	1.73481e-07
4.0493	1.74006e-07
4.0494	1.84332e-07
4.0495	1.92157e-07
4.0496	2.01583e-07
4.0497	2.06118e-07
4.0498	2.12528e-07
4.0499	2.13745e-07
4.05	2.13853e-07
4.0501	2.19291e-07
4.0502	2.25675e-07
4.0503	2.31572e-07
4.0504	2.37835e-07
4.0505	2.4259e-07
4.0506	2.46026e-07
4.0507	2.52303e-07
4.0508	2.61328e-07
4.0509	2.66231e-07
4.051	2.71522e-07
4.0511	2.76239e-07
4.0512	2.80656e-07
4.0513	2.8976e-07
4.0514	2.92611e-07
4.0515	2.97132e-07
4.0516	3.01303e-07
4.0517	3.04999e-07
4.0518	3.11794e-07
4.0519	3.21902e-07
4.052	3.24845e-07
4.0521	3.27514e-07
4.0522	3.35842e-07
4.0523	3.43811e-07
4.0524	3.4496e-07
4.0525	3.53487e-07
4.0526	3.56075e-07
4.0527	3.58396e-07
4.0528	3.52803e-07
4.0529	3.59012e-07
4.053	3.59786e-07
4.0531	3.61038e-07
4.0532	3.66456e-07
4.0533	3.66468e-07
4.0534	3.7373e-07
4.0535	3.68059e-07
4.0536	3.67386e-07
4.0537	3.67338e-07
4.0538	3.67474e-07
4.0539	3.6597e-07
4.054	3.59518e-07
4.0541	3.5904e-07
4.0542	3.64882e-07
4.0543	3.64987e-07
4.0544	3.63412e-07
4.0545	3.60946e-07
4.0546	3.65129e-07
4.0547	3.701e-07
4.0548	3.65915e-07
4.0549	3.70674e-07
4.055	3.63725e-07
4.0551	3.60554e-07
4.0552	3.63432e-07
4.0553	3.64775e-07
4.0554	3.6625e-07
4.0555	3.60253e-07
4.0556	3.54011e-07
4.0557	3.56574e-07
4.0558	3.60388e-07
4.0559	3.54939e-07
4.056	3.56111e-07
4.0561	3.56779e-07
4.0562	3.56344e-07
4.0563	3.55463e-07
4.0564	3.55719e-07
4.0565	3.54269e-07
4.0566	3.53176e-07
4.0567	3.46537e-07
4.0568	3.44792e-07
4.0569	3.39039e-07
4.057	3.35925e-07
4.0571	3.32594e-07
4.0572	3.24187e-07
4.0573	3.13474e-07
4.0574	3.06887e-07
4.0575	3.02601e-07
4.0576	2.9537e-07
4.0577	2.88124e-07
4.0578	2.81306e-07
4.0579	2.7572e-07
4.058	2.70427e-07
4.0581	2.62085e-07
4.0582	2.54066e-07
4.0583	2.42595e-07
4.0584	2.32252e-07
4.0585	2.20829e-07
4.0586	2.11369e-07
4.0587	2.00584e-07
4.0588	1.89027e-07
4.0589	1.77868e-07
4.059	1.58379e-07
4.0591	1.49081e-07
4.0592	1.36738e-07
4.0593	1.27234e-07
4.0594	1.18141e-07
4.0595	1.03248e-07
4.0596	8.95889e-08
4.0597	7.60787e-08
4.0598	6.11643e-08
4.0599	4.58921e-08
4.06	2.88477e-08
4.0601	1.18096e-08
4.0602	-6.26413e-09
4.0603	-2.62634e-08
4.0604	-4.06962e-08
4.0605	-5.23815e-08
4.0606	-6.80292e-08
4.0607	-8.82264e-08
4.0608	-1.07428e-07
4.0609	-1.22304e-07
4.061	-1.40871e-07
4.0611	-1.62412e-07
4.0612	-1.81408e-07
4.0613	-1.97333e-07
4.0614	-2.07212e-07
4.0615	-2.27975e-07
4.0616	-2.48805e-07
4.0617	-2.69206e-07
4.0618	-2.91963e-07
4.0619	-3.08146e-07
4.062	-3.14936e-07
4.0621	-3.37519e-07
4.0622	-3.48421e-07
4.0623	-3.64015e-07
4.0624	-3.71876e-07
4.0625	-3.92123e-07
4.0626	-4.08616e-07
4.0627	-4.25559e-07
4.0628	-4.35861e-07
4.0629	-4.4328e-07
4.063	-4.55829e-07
4.0631	-4.72362e-07
4.0632	-4.89416e-07
4.0633	-4.9818e-07
4.0634	-5.17602e-07
4.0635	-5.38184e-07
4.0636	-5.53301e-07
4.0637	-5.67727e-07
4.0638	-5.83646e-07
4.0639	-5.9667e-07
4.064	-6.1202e-07
4.0641	-6.28151e-07
4.0642	-6.38171e-07
4.0643	-6.5114e-07
4.0644	-6.70451e-07
4.0645	-6.85289e-07
4.0646	-6.99804e-07
4.0647	-7.12932e-07
4.0648	-7.22719e-07
4.0649	-7.33421e-07
4.065	-7.44602e-07
4.0651	-7.52485e-07
4.0652	-7.629e-07
4.0653	-7.77416e-07
4.0654	-7.92825e-07
4.0655	-8.0246e-07
4.0656	-8.13761e-07
4.0657	-8.27434e-07
4.0658	-8.34972e-07
4.0659	-8.48671e-07
4.066	-8.61994e-07
4.0661	-8.73473e-07
4.0662	-8.81267e-07
4.0663	-8.92262e-07
4.0664	-9.01917e-07
4.0665	-9.12561e-07
4.0666	-9.21249e-07
4.0667	-9.29706e-07
4.0668	-9.38135e-07
4.0669	-9.44933e-07
4.067	-9.47567e-07
4.0671	-9.55873e-07
4.0672	-9.6287e-07
4.0673	-9.68843e-07
4.0674	-9.7434e-07
4.0675	-9.80065e-07
4.0676	-9.84204e-07
4.0677	-9.88571e-07
4.0678	-9.92091e-07
4.0679	-9.8913e-07
4.068	-9.91996e-07
4.0681	-9.94654e-07
4.0682	-1.00013e-06
4.0683	-9.98767e-07
4.0684	-1.0001e-06
4.0685	-1.00079e-06
4.0686	-1.00147e-06
4.0687	-1.00221e-06
4.0688	-9.99783e-07
4.0689	-9.99663e-07
4.069	-9.98511e-07
4.0691	-9.98011e-07
4.0692	-9.92637e-07
4.0693	-9.91594e-07
4.0694	-9.90949e-07
4.0695	-9.89056e-07
4.0696	-9.87153e-07
4.0697	-9.85932e-07
4.0698	-9.8245e-07
4.0699	-9.78075e-07
4.07	-9.76118e-07
4.0701	-9.72537e-07
4.0702	-9.68681e-07
4.0703	-9.65538e-07
4.0704	-9.62354e-07
4.0705	-9.58704e-07
4.0706	-9.53952e-07
4.0707	-9.50086e-07
4.0708	-9.48488e-07
4.0709	-9.43218e-07
4.071	-9.38352e-07
4.0711	-9.32815e-07
4.0712	-9.2839e-07
4.0713	-9.24795e-07
4.0714	-9.20496e-07
4.0715	-9.15363e-07
4.0716	-9.09349e-07
4.0717	-9.074e-07
4.0718	-9.02443e-07
4.0719	-8.99851e-07
4.072	-8.92502e-07
4.0721	-8.87543e-07
4.0722	-8.80529e-07
4.0723	-8.74595e-07
4.0724	-8.68918e-07
4.0725	-8.60925e-07
4.0726	-8.55016e-07
4.0727	-8.48513e-07
4.0728	-8.38246e-07
4.0729	-8.30271e-07
4.073	-8.22887e-07
4.0731	-8.15038e-07
4.0732	-8.06472e-07
4.0733	-7.9985e-07
4.0734	-7.91911e-07
4.0735	-7.83142e-07
4.0736	-7.74549e-07
4.0737	-7.65858e-07
4.0738	-7.57503e-07
4.0739	-7.48746e-07
4.074	-7.3987e-07
4.0741	-7.32199e-07
4.0742	-7.24511e-07
4.0743	-7.18603e-07
4.0744	-7.07703e-07
4.0745	-6.97922e-07
4.0746	-6.88489e-07
4.0747	-6.79472e-07
4.0748	-6.69544e-07
4.0749	-6.59378e-07
4.075	-6.50361e-07
4.0751	-6.40956e-07
4.0752	-6.30746e-07
4.0753	-6.21444e-07
4.0754	-6.12652e-07
4.0755	-6.02488e-07
4.0756	-5.92195e-07
4.0757	-5.82687e-07
4.0758	-5.7256e-07
4.0759	-5.61518e-07
4.076	-5.5364e-07
4.0761	-5.442e-07
4.0762	-5.35158e-07
4.0763	-5.27143e-07
4.0764	-5.19517e-07
4.0765	-5.09239e-07
4.0766	-4.98197e-07
4.0767	-4.89039e-07
4.0768	-4.78364e-07
4.0769	-4.65991e-07
4.077	-4.55428e-07
4.0771	-4.44657e-07
4.0772	-4.33864e-07
4.0773	-4.23526e-07
4.0774	-4.14578e-07
4.0775	-4.05335e-07
4.0776	-3.95847e-07
4.0777	-3.83858e-07
4.0778	-3.77356e-07
4.0779	-3.67597e-07
4.078	-3.59166e-07
4.0781	-3.51293e-07
4.0782	-3.40917e-07
4.0783	-3.3361e-07
4.0784	-3.23603e-07
4.0785	-3.1093e-07
4.0786	-3.02274e-07
4.0787	-2.95743e-07
4.0788	-2.8533e-07
4.0789	-2.74321e-07
4.079	-2.64121e-07
4.0791	-2.52852e-07
4.0792	-2.45332e-07
4.0793	-2.32213e-07
4.0794	-2.25919e-07
4.0795	-2.15329e-07
4.0796	-2.09192e-07
4.0797	-2.00726e-07
4.0798	-1.94111e-07
4.0799	-1.90866e-07
4.08	-1.80571e-07
4.0801	-1.70104e-07
4.0802	-1.58547e-07
4.0803	-1.48375e-07
4.0804	-1.45941e-07
4.0805	-1.36796e-07
4.0806	-1.26661e-07
4.0807	-1.22013e-07
4.0808	-1.1699e-07
4.0809	-1.1386e-07
4.081	-1.09973e-07
4.0811	-1.04077e-07
4.0812	-1.02852e-07
4.0813	-9.38687e-08
4.0814	-8.69685e-08
4.0815	-8.4214e-08
4.0816	-8.68834e-08
4.0817	-7.57194e-08
4.0818	-6.99156e-08
4.0819	-6.83614e-08
4.082	-6.8071e-08
4.0821	-6.51499e-08
4.0822	-6.56637e-08
4.0823	-6.70997e-08
4.0824	-6.53202e-08
4.0825	-6.38359e-08
4.0826	-6.63682e-08
4.0827	-6.74053e-08
4.0828	-6.76403e-08
4.0829	-6.27575e-08
4.083	-5.83109e-08
4.0831	-6.03417e-08
4.0832	-5.76942e-08
4.0833	-5.60775e-08
4.0834	-5.98037e-08
4.0835	-6.02113e-08
4.0836	-6.20954e-08
4.0837	-6.53161e-08
4.0838	-6.80344e-08
4.0839	-6.80503e-08
4.084	-7.14021e-08
4.0841	-7.04458e-08
4.0842	-7.66858e-08
4.0843	-7.94481e-08
4.0844	-8.19352e-08
4.0845	-8.17736e-08
4.0846	-8.70356e-08
4.0847	-9.12707e-08
4.0848	-9.28453e-08
4.0849	-8.92163e-08
4.085	-9.30916e-08
4.0851	-9.84295e-08
4.0852	-1.03186e-07
4.0853	-1.03783e-07
4.0854	-1.09805e-07
4.0855	-1.13764e-07
4.0856	-1.1776e-07
4.0857	-1.23275e-07
4.0858	-1.27556e-07
4.0859	-1.33162e-07
4.086	-1.35455e-07
4.0861	-1.41521e-07
4.0862	-1.46723e-07
4.0863	-1.52721e-07
4.0864	-1.59704e-07
4.0865	-1.6416e-07
4.0866	-1.67663e-07
4.0867	-1.74282e-07
4.0868	-1.81055e-07
4.0869	-1.85171e-07
4.087	-1.92816e-07
4.0871	-1.95909e-07
4.0872	-2.04792e-07
4.0873	-2.13374e-07
4.0874	-2.22036e-07
4.0875	-2.25934e-07
4.0876	-2.29619e-07
4.0877	-2.42055e-07
4.0878	-2.4448e-07
4.0879	-2.49302e-07
4.088	-2.58875e-07
4.0881	-2.6755e-07
4.0882	-2.78803e-07
4.0883	-2.85792e-07
4.0884	-2.92163e-07
4.0885	-3.02188e-07
4.0886	-3.04698e-07
4.0887	-3.13911e-07
4.0888	-3.23294e-07
4.0889	-3.34652e-07
4.089	-3.43343e-07
4.0891	-3.47446e-07
4.0892	-3.57789e-07
4.0893	-3.60356e-07
4.0894	-3.64933e-07
4.0895	-3.77714e-07
4.0896	-3.85692e-07
4.0897	-3.97054e-07
4.0898	-3.99072e-07
4.0899	-4.02185e-07
4.09	-4.07041e-07
4.0901	-4.10761e-07
4.0902	-4.1985e-07
4.0903	-4.24542e-07
4.0904	-4.3349e-07
4.0905	-4.36029e-07
4.0906	-4.45219e-07
4.0907	-4.50897e-07
4.0908	-4.59109e-07
4.0909	-4.62979e-07
4.091	-4.69592e-07
4.0911	-4.79309e-07
4.0912	-4.87695e-07
4.0913	-4.90455e-07
4.0914	-4.9728e-07
4.0915	-5.04556e-07
4.0916	-5.09576e-07
4.0917	-5.15902e-07
4.0918	-5.25227e-07
4.0919	-5.31679e-07
4.092	-5.37266e-07
4.0921	-5.46157e-07
4.0922	-5.54088e-07
4.0923	-5.61035e-07
4.0924	-5.68821e-07
4.0925	-5.79245e-07
4.0926	-5.89182e-07
4.0927	-5.99446e-07
4.0928	-6.07611e-07
4.0929	-6.17501e-07
4.093	-6.24153e-07
4.0931	-6.30292e-07
4.0932	-6.34995e-07
4.0933	-6.42572e-07
4.0934	-6.47722e-07
4.0935	-6.53092e-07
4.0936	-6.5667e-07
4.0937	-6.62138e-07
4.0938	-6.65237e-07
4.0939	-6.69922e-07
4.094	-6.72166e-07
4.0941	-6.76353e-07
4.0942	-6.78993e-07
4.0943	-6.82062e-07
4.0944	-6.83674e-07
4.0945	-6.86319e-07
4.0946	-6.8825e-07
4.0947	-6.8942e-07
4.0948	-6.90656e-07
4.0949	-6.92964e-07
4.095	-6.94355e-07
4.0951	-6.95595e-07
4.0952	-6.96715e-07
4.0953	-6.97801e-07
4.0954	-6.97696e-07
4.0955	-6.96532e-07
4.0956	-6.96032e-07
4.0957	-6.95142e-07
4.0958	-6.93585e-07
4.0959	-6.92792e-07
4.096	-6.91112e-07
4.0961	-6.91223e-07
4.0962	-6.89279e-07
4.0963	-6.87366e-07
4.0964	-6.85182e-07
4.0965	-6.82842e-07
4.0966	-6.8037e-07
4.0967	-6.77755e-07
4.0968	-6.74392e-07
4.0969	-6.71961e-07
4.097	-6.69242e-07
4.0971	-6.64343e-07
4.0972	-6.5996e-07
4.0973	-6.56622e-07
4.0974	-6.54376e-07
4.0975	-6.5004e-07
4.0976	-6.46105e-07
4.0977	-6.42287e-07
4.0978	-6.3799e-07
4.0979	-6.33715e-07
4.098	-6.29446e-07
4.0981	-6.25816e-07
4.0982	-6.18457e-07
4.0983	-6.14643e-07
4.0984	-6.10846e-07
4.0985	-6.07052e-07
4.0986	-6.02457e-07
4.0987	-5.98424e-07
4.0988	-5.93445e-07
4.0989	-5.86869e-07
4.099	-5.83032e-07
4.0991	-5.78066e-07
4.0992	-5.72789e-07
4.0993	-5.67032e-07
4.0994	-5.61921e-07
4.0995	-5.56957e-07
4.0996	-5.50927e-07
4.0997	-5.4539e-07
4.0998	-5.40231e-07
4.0999	-5.35538e-07
4.1	-5.30326e-07
4.1001	-5.21024e-07
4.1002	-5.1784e-07
4.1003	-5.1246e-07
4.1004	-5.07806e-07
4.1005	-5.02409e-07
4.1006	-4.98597e-07
4.1007	-4.93377e-07
4.1008	-4.88819e-07
4.1009	-4.84392e-07
4.101	-4.77426e-07
4.1011	-4.72199e-07
4.1012	-4.67927e-07
4.1013	-4.61526e-07
4.1014	-4.55824e-07
4.1015	-4.50229e-07
4.1016	-4.44525e-07
4.1017	-4.38941e-07
4.1018	-4.3325e-07
4.1019	-4.2885e-07
4.102	-4.22228e-07
4.1021	-4.17152e-07
4.1022	-4.13711e-07
4.1023	-4.08187e-07
4.1024	-4.01359e-07
4.1025	-3.96649e-07
4.1026	-3.91162e-07
4.1027	-3.84481e-07
4.1028	-3.77901e-07
4.1029	-3.71947e-07
4.103	-3.68225e-07
4.1031	-3.64059e-07
4.1032	-3.5799e-07
4.1033	-3.51853e-07
4.1034	-3.45986e-07
4.1035	-3.40261e-07
4.1036	-3.34603e-07
4.1037	-3.28547e-07
4.1038	-3.21685e-07
4.1039	-3.16859e-07
4.104	-3.1201e-07
4.1041	-3.07871e-07
4.1042	-3.01531e-07
4.1043	-2.96845e-07
4.1044	-2.9131e-07
4.1045	-2.86286e-07
4.1046	-2.80919e-07
4.1047	-2.77025e-07
4.1048	-2.70772e-07
4.1049	-2.66252e-07
4.105	-2.61723e-07
4.1051	-2.5675e-07
4.1052	-2.50752e-07
4.1053	-2.45886e-07
4.1054	-2.40182e-07
4.1055	-2.34472e-07
4.1056	-2.30346e-07
4.1057	-2.23938e-07
4.1058	-2.19271e-07
4.1059	-2.15198e-07
4.106	-2.08838e-07
4.1061	-2.03509e-07
4.1062	-1.98312e-07
4.1063	-1.92507e-07
4.1064	-1.87683e-07
4.1065	-1.81258e-07
4.1066	-1.77298e-07
4.1067	-1.71581e-07
4.1068	-1.6441e-07
4.1069	-1.579e-07
4.107	-1.50835e-07
4.1071	-1.45705e-07
4.1072	-1.40605e-07
4.1073	-1.33403e-07
4.1074	-1.28085e-07
4.1075	-1.21609e-07
4.1076	-1.15057e-07
4.1077	-1.07738e-07
4.1078	-1.01652e-07
4.1079	-9.5235e-08
4.108	-8.89453e-08
4.1081	-8.26101e-08
4.1082	-7.55186e-08
4.1083	-6.93333e-08
4.1084	-6.38432e-08
4.1085	-5.77596e-08
4.1086	-5.00265e-08
4.1087	-4.28231e-08
4.1088	-3.62385e-08
4.1089	-2.8615e-08
4.109	-2.09599e-08
4.1091	-1.36248e-08
4.1092	-6.21234e-09
4.1093	5.63835e-10
4.1094	8.11498e-09
4.1095	1.52268e-08
4.1096	2.32494e-08
4.1097	3.05561e-08
4.1098	3.73935e-08
4.1099	4.58579e-08
4.11	5.21335e-08
4.1101	5.8684e-08
4.1102	6.55721e-08
4.1103	7.33657e-08
4.1104	8.08179e-08
4.1105	8.92212e-08
4.1106	9.70037e-08
4.1107	1.04434e-07
4.1108	1.1221e-07
4.1109	1.15859e-07
4.111	1.22726e-07
4.1111	1.31239e-07
4.1112	1.38409e-07
4.1113	1.42537e-07
4.1114	1.50676e-07
4.1115	1.58293e-07
4.1116	1.64329e-07
4.1117	1.73168e-07
4.1118	1.80304e-07
4.1119	1.87504e-07
4.112	1.95116e-07
4.1121	2.02715e-07
4.1122	2.10718e-07
4.1123	2.18613e-07
4.1124	2.27185e-07
4.1125	2.33628e-07
4.1126	2.43246e-07
4.1127	2.45789e-07
4.1128	2.52451e-07
4.1129	2.59275e-07
4.113	2.62091e-07
4.1131	2.71908e-07
4.1132	2.78157e-07
4.1133	2.8794e-07
4.1134	2.94875e-07
4.1135	3.04619e-07
4.1136	3.10806e-07
4.1137	3.11305e-07
4.1138	3.16925e-07
4.1139	3.17581e-07
4.114	3.23126e-07
4.1141	3.22827e-07
4.1142	3.28172e-07
4.1143	3.3393e-07
4.1144	3.39327e-07
4.1145	3.40624e-07
4.1146	3.49454e-07
4.1147	3.4469e-07
4.1148	3.49682e-07
4.1149	3.59358e-07
4.115	3.58353e-07
4.1151	3.67272e-07
4.1152	3.73614e-07
4.1153	3.8197e-07
4.1154	3.78559e-07
4.1155	3.82298e-07
4.1156	3.85755e-07
4.1157	3.8831e-07
4.1158	3.92444e-07
4.1159	3.95147e-07
4.116	3.97493e-07
4.1161	4.05102e-07
4.1162	4.08138e-07
4.1163	4.10367e-07
4.1164	4.19091e-07
4.1165	4.21657e-07
4.1166	4.22952e-07
4.1167	4.24884e-07
4.1168	4.32432e-07
4.1169	4.30086e-07
4.117	4.30611e-07
4.1171	4.29639e-07
4.1172	4.35129e-07
4.1173	4.4185e-07
4.1174	4.35376e-07
4.1175	4.35521e-07
4.1176	4.35773e-07
4.1177	4.34341e-07
4.1178	4.32632e-07
4.1179	4.26427e-07
4.118	4.31499e-07
4.1181	4.31534e-07
4.1182	4.26491e-07
4.1183	4.31733e-07
4.1184	4.37249e-07
4.1185	4.32601e-07
4.1186	4.37789e-07
4.1187	4.36374e-07
4.1188	4.40809e-07
4.1189	4.38799e-07
4.119	4.39586e-07
4.1191	4.42475e-07
4.1192	4.46062e-07
4.1193	4.49303e-07
4.1194	4.49641e-07
4.1195	4.43281e-07
4.1196	4.46456e-07
4.1197	4.48886e-07
4.1198	4.44491e-07
4.1199	4.4435e-07
4.12	4.45681e-07
4.1201	4.37989e-07
4.1202	4.32998e-07
4.1203	4.26139e-07
4.1204	4.19529e-07
4.1205	4.12045e-07
4.1206	4.02838e-07
4.1207	3.98894e-07
4.1208	3.95784e-07
4.1209	3.85189e-07
4.121	3.8193e-07
4.1211	3.7262e-07
4.1212	3.67643e-07
4.1213	3.59829e-07
4.1214	3.55524e-07
4.1215	3.45939e-07
4.1216	3.35341e-07
4.1217	3.29051e-07
4.1218	3.22366e-07
4.1219	3.14692e-07
4.122	3.06599e-07
4.1221	2.98193e-07
4.1222	2.86103e-07
4.1223	2.7007e-07
4.1224	2.64038e-07
4.1225	2.52537e-07
4.1226	2.40839e-07
4.1227	2.29338e-07
4.1228	2.17484e-07
4.1229	2.00508e-07
4.123	1.89914e-07
4.1231	1.77662e-07
4.1232	1.64765e-07
4.1233	1.51847e-07
4.1234	1.37247e-07
4.1235	1.26891e-07
4.1236	1.13044e-07
4.1237	9.574e-08
4.1238	8.15231e-08
4.1239	6.41828e-08
4.124	5.07187e-08
4.1241	4.09938e-08
4.1242	1.97798e-08
4.1243	8.98546e-09
4.1244	1.19471e-09
4.1245	-1.68632e-08
4.1246	-2.3375e-08
4.1247	-3.69594e-08
4.1248	-5.06839e-08
4.1249	-6.92741e-08
4.125	-8.68763e-08
4.1251	-1.07554e-07
4.1252	-1.28447e-07
4.1253	-1.48488e-07
4.1254	-1.69079e-07
4.1255	-1.90332e-07
4.1256	-2.11388e-07
4.1257	-2.26847e-07
4.1258	-2.43298e-07
4.1259	-2.59962e-07
4.126	-2.78754e-07
4.1261	-2.89738e-07
4.1262	-3.05681e-07
4.1263	-3.12925e-07
4.1264	-3.28837e-07
4.1265	-3.39813e-07
4.1266	-3.57756e-07
4.1267	-3.67965e-07
4.1268	-3.79037e-07
4.1269	-3.97854e-07
4.127	-4.1498e-07
4.1271	-4.32313e-07
4.1272	-4.48997e-07
4.1273	-4.6965e-07
4.1274	-4.85838e-07
4.1275	-5.01805e-07
4.1276	-5.11535e-07
4.1277	-5.27353e-07
4.1278	-5.37587e-07
4.1279	-5.51343e-07
4.128	-5.66346e-07
4.1281	-5.82357e-07
4.1282	-6.02356e-07
4.1283	-6.19509e-07
4.1284	-6.345e-07
4.1285	-6.47907e-07
4.1286	-6.5889e-07
4.1287	-6.70164e-07
4.1288	-6.86485e-07
4.1289	-7.01806e-07
4.129	-7.12705e-07
4.1291	-7.25121e-07
4.1292	-7.36017e-07
4.1293	-7.50294e-07
4.1294	-7.6363e-07
4.1295	-7.75935e-07
4.1296	-7.84282e-07
4.1297	-7.91953e-07
4.1298	-8.06363e-07
4.1299	-8.20083e-07
4.13	-8.32217e-07
4.1301	-8.43628e-07
4.1302	-8.54892e-07
4.1303	-8.65611e-07
4.1304	-8.75244e-07
4.1305	-8.84438e-07
4.1306	-8.94665e-07
4.1307	-8.9883e-07
4.1308	-9.08108e-07
4.1309	-9.1635e-07
4.131	-9.23442e-07
4.1311	-9.3079e-07
4.1312	-9.36977e-07
4.1313	-9.42953e-07
4.1314	-9.48182e-07
4.1315	-9.53999e-07
4.1316	-9.54021e-07
4.1317	-9.58538e-07
4.1318	-9.61328e-07
4.1319	-9.63426e-07
4.132	-9.66351e-07
4.1321	-9.69088e-07
4.1322	-9.6867e-07
4.1323	-9.7023e-07
4.1324	-9.6809e-07
4.1325	-9.68563e-07
4.1326	-9.6929e-07
4.1327	-9.69892e-07
4.1328	-9.70428e-07
4.1329	-9.67413e-07
4.133	-9.66936e-07
4.1331	-9.65848e-07
4.1332	-9.65e-07
4.1333	-9.64408e-07
4.1334	-9.6318e-07
4.1335	-9.61502e-07
4.1336	-9.58247e-07
4.1337	-9.54959e-07
4.1338	-9.52024e-07
4.1339	-9.49176e-07
4.134	-9.4474e-07
4.1341	-9.38765e-07
4.1342	-9.35794e-07
4.1343	-9.3202e-07
4.1344	-9.28163e-07
4.1345	-9.27766e-07
4.1346	-9.24627e-07
4.1347	-9.21425e-07
4.1348	-9.14948e-07
4.1349	-9.10242e-07
4.135	-9.05113e-07
4.1351	-9.00398e-07
4.1352	-8.97213e-07
4.1353	-8.92492e-07
4.1354	-8.87008e-07
4.1355	-8.81759e-07
4.1356	-8.76199e-07
4.1357	-8.70612e-07
4.1358	-8.64208e-07
4.1359	-8.58308e-07
4.136	-8.53448e-07
4.1361	-8.47013e-07
4.1362	-8.41132e-07
4.1363	-8.35633e-07
4.1364	-8.28557e-07
4.1365	-8.22616e-07
4.1366	-8.18158e-07
4.1367	-8.07667e-07
4.1368	-7.99674e-07
4.1369	-7.92612e-07
4.137	-7.84934e-07
4.1371	-7.78387e-07
4.1372	-7.71347e-07
4.1373	-7.62776e-07
4.1374	-7.54696e-07
4.1375	-7.47223e-07
4.1376	-7.38877e-07
4.1377	-7.30559e-07
4.1378	-7.19464e-07
4.1379	-7.10969e-07
4.138	-7.03035e-07
4.1381	-6.9614e-07
4.1382	-6.89356e-07
4.1383	-6.79538e-07
4.1384	-6.70582e-07
4.1385	-6.62888e-07
4.1386	-6.538e-07
4.1387	-6.43528e-07
4.1388	-6.33987e-07
4.1389	-6.2413e-07
4.139	-6.14368e-07
4.1391	-6.0484e-07
4.1392	-5.95255e-07
4.1393	-5.86024e-07
4.1394	-5.774e-07
4.1395	-5.67828e-07
4.1396	-5.57143e-07
4.1397	-5.46582e-07
4.1398	-5.37131e-07
4.1399	-5.29017e-07
4.14	-5.2136e-07
4.1401	-5.14127e-07
4.1402	-5.04348e-07
4.1403	-4.94443e-07
4.1404	-4.86076e-07
4.1405	-4.73424e-07
4.1406	-4.62272e-07
4.1407	-4.5123e-07
4.1408	-4.40473e-07
4.1409	-4.30455e-07
4.141	-4.19809e-07
4.1411	-4.09446e-07
4.1412	-3.9785e-07
4.1413	-3.89006e-07
4.1414	-3.78806e-07
4.1415	-3.70524e-07
4.1416	-3.62992e-07
4.1417	-3.55869e-07
4.1418	-3.45481e-07
4.1419	-3.34721e-07
4.142	-3.23321e-07
4.1421	-3.13182e-07
4.1422	-3.0669e-07
4.1423	-2.96189e-07
4.1424	-2.84902e-07
4.1425	-2.73905e-07
4.1426	-2.68534e-07
4.1427	-2.58893e-07
4.1428	-2.51421e-07
4.1429	-2.41311e-07
4.143	-2.34458e-07
4.1431	-2.24172e-07
4.1432	-2.17504e-07
4.1433	-2.0677e-07
4.1434	-1.96509e-07
4.1435	-1.86387e-07
4.1436	-1.784e-07
4.1437	-1.68377e-07
4.1438	-1.59021e-07
4.1439	-1.54042e-07
4.144	-1.44995e-07
4.1441	-1.31873e-07
4.1442	-1.20469e-07
4.1443	-1.1188e-07
4.1444	-1.06992e-07
4.1445	-1.03409e-07
4.1446	-9.83687e-08
4.1447	-9.4287e-08
4.1448	-9.03637e-08
4.1449	-8.58098e-08
4.145	-7.58449e-08
4.1451	-7.4656e-08
4.1452	-6.50223e-08
4.1453	-5.80883e-08
4.1454	-5.54223e-08
4.1455	-5.27454e-08
4.1456	-4.75277e-08
4.1457	-4.77144e-08
4.1458	-4.49341e-08
4.1459	-4.22779e-08
4.146	-3.91967e-08
4.1461	-4.03542e-08
4.1462	-3.97358e-08
4.1463	-3.83114e-08
4.1464	-3.67578e-08
4.1465	-3.90886e-08
4.1466	-3.38368e-08
4.1467	-3.29973e-08
4.1468	-3.7055e-08
4.1469	-3.33199e-08
4.147	-3.49244e-08
4.1471	-2.92641e-08
4.1472	-2.40096e-08
4.1473	-2.36775e-08
4.1474	-2.4665e-08
4.1475	-2.65499e-08
4.1476	-2.76807e-08
4.1477	-2.86921e-08
4.1478	-2.57542e-08
4.1479	-2.87979e-08
4.148	-3.8188e-08
4.1481	-4.32422e-08
4.1482	-4.59444e-08
4.1483	-5.05945e-08
4.1484	-5.01947e-08
4.1485	-4.96617e-08
4.1486	-5.59585e-08
4.1487	-5.19648e-08
4.1488	-4.89566e-08
4.1489	-5.51611e-08
4.149	-5.93271e-08
4.1491	-6.42366e-08
4.1492	-6.60807e-08
4.1493	-7.11595e-08
4.1494	-7.4859e-08
4.1495	-7.80366e-08
4.1496	-8.14695e-08
4.1497	-8.69826e-08
4.1498	-9.18437e-08
4.1499	-9.40529e-08
4.15	-1.03803e-07
4.1501	-1.06617e-07
4.1502	-1.11962e-07
4.1503	-1.1751e-07
4.1504	-1.21666e-07
4.1505	-1.23134e-07
4.1506	-1.27631e-07
4.1507	-1.30922e-07
4.1508	-1.38e-07
4.1509	-1.45226e-07
4.151	-1.54074e-07
4.1511	-1.58141e-07
4.1512	-1.59729e-07
4.1513	-1.64636e-07
4.1514	-1.73194e-07
4.1515	-1.80183e-07
4.1516	-1.93089e-07
4.1517	-1.96431e-07
4.1518	-2.04385e-07
4.1519	-2.14322e-07
4.152	-2.26992e-07
4.1521	-2.36059e-07
4.1522	-2.37943e-07
4.1523	-2.46913e-07
4.1524	-2.54904e-07
4.1525	-2.64106e-07
4.1526	-2.75875e-07
4.1527	-2.83144e-07
4.1528	-2.95256e-07
4.1529	-3.02879e-07
4.153	-3.08107e-07
4.1531	-3.12208e-07
4.1532	-3.14166e-07
4.1533	-3.17212e-07
4.1534	-3.24111e-07
4.1535	-3.33522e-07
4.1536	-3.41804e-07
4.1537	-3.45119e-07
4.1538	-3.48138e-07
4.1539	-3.56098e-07
4.154	-3.59898e-07
4.1541	-3.72914e-07
4.1542	-3.80866e-07
4.1543	-3.9013e-07
4.1544	-3.98303e-07
4.1545	-4.07491e-07
4.1546	-4.15969e-07
4.1547	-4.21811e-07
4.1548	-4.27243e-07
4.1549	-4.32556e-07
4.155	-4.42294e-07
4.1551	-4.46641e-07
4.1552	-4.52063e-07
4.1553	-4.6107e-07
4.1554	-4.66177e-07
4.1555	-4.72087e-07
4.1556	-4.81047e-07
4.1557	-4.90336e-07
4.1558	-4.98824e-07
4.1559	-5.06827e-07
4.156	-5.15001e-07
4.1561	-5.23768e-07
4.1562	-5.34383e-07
4.1563	-5.39715e-07
4.1564	-5.48328e-07
4.1565	-5.56154e-07
4.1566	-5.6655e-07
4.1567	-5.7349e-07
4.1568	-5.80864e-07
4.1569	-5.86007e-07
4.157	-5.90403e-07
4.1571	-5.94928e-07
4.1572	-6.00079e-07
4.1573	-6.03564e-07
4.1574	-6.07607e-07
4.1575	-6.12561e-07
4.1576	-6.17826e-07
4.1577	-6.21579e-07
4.1578	-6.24852e-07
4.1579	-6.27514e-07
4.158	-6.31996e-07
4.1581	-6.36452e-07
4.1582	-6.38077e-07
4.1583	-6.40211e-07
4.1584	-6.43938e-07
4.1585	-6.46838e-07
4.1586	-6.49245e-07
4.1587	-6.52145e-07
4.1588	-6.53623e-07
4.1589	-6.54264e-07
4.159	-6.53806e-07
4.1591	-6.54435e-07
4.1592	-6.54516e-07
4.1593	-6.5301e-07
4.1594	-6.52676e-07
4.1595	-6.53183e-07
4.1596	-6.52178e-07
4.1597	-6.50315e-07
4.1598	-6.48896e-07
4.1599	-6.48913e-07
4.16	-6.47033e-07
4.1601	-6.45114e-07
4.1602	-6.42834e-07
4.1603	-6.40588e-07
4.1604	-6.39286e-07
4.1605	-6.36654e-07
4.1606	-6.33177e-07
4.1607	-6.30596e-07
4.1608	-6.29435e-07
4.1609	-6.25847e-07
4.161	-6.20491e-07
4.1611	-6.17024e-07
4.1612	-6.13294e-07
4.1613	-6.10384e-07
4.1614	-6.06909e-07
4.1615	-6.02616e-07
4.1616	-5.97999e-07
4.1617	-5.93728e-07
4.1618	-5.90014e-07
4.1619	-5.85488e-07
4.162	-5.81463e-07
4.1621	-5.76831e-07
4.1622	-5.71948e-07
4.1623	-5.68663e-07
4.1624	-5.64592e-07
4.1625	-5.59997e-07
4.1626	-5.5553e-07
4.1627	-5.51053e-07
4.1628	-5.45102e-07
4.1629	-5.40263e-07
4.163	-5.34849e-07
4.1631	-5.29643e-07
4.1632	-5.22065e-07
4.1633	-5.16242e-07
4.1634	-5.10655e-07
4.1635	-5.05132e-07
4.1636	-4.99834e-07
4.1637	-4.94374e-07
4.1638	-4.88314e-07
4.1639	-4.82939e-07
4.164	-4.76352e-07
4.1641	-4.70417e-07
4.1642	-4.67009e-07
4.1643	-4.61537e-07
4.1644	-4.58099e-07
4.1645	-4.53454e-07
4.1646	-4.49977e-07
4.1647	-4.43337e-07
4.1648	-4.37751e-07
4.1649	-4.33604e-07
4.165	-4.25593e-07
4.1651	-4.20758e-07
4.1652	-4.15272e-07
4.1653	-4.10381e-07
4.1654	-4.05042e-07
4.1655	-3.99384e-07
4.1656	-3.95083e-07
4.1657	-3.89138e-07
4.1658	-3.85077e-07
4.1659	-3.78304e-07
4.166	-3.73351e-07
4.1661	-3.69472e-07
4.1662	-3.64896e-07
4.1663	-3.59137e-07
4.1664	-3.54624e-07
4.1665	-3.49506e-07
4.1666	-3.45562e-07
4.1667	-3.39573e-07
4.1668	-3.33631e-07
4.1669	-3.30111e-07
4.167	-3.27107e-07
4.1671	-3.21607e-07
4.1672	-3.15438e-07
4.1673	-3.10394e-07
4.1674	-3.05149e-07
4.1675	-2.98953e-07
4.1676	-2.92844e-07
4.1677	-2.85955e-07
4.1678	-2.81168e-07
4.1679	-2.76179e-07
4.168	-2.70791e-07
4.1681	-2.66251e-07
4.1682	-2.60332e-07
4.1683	-2.54454e-07
4.1684	-2.50098e-07
4.1685	-2.44433e-07
4.1686	-2.37425e-07
4.1687	-2.34259e-07
4.1688	-2.28207e-07
4.1689	-2.2377e-07
4.169	-2.18093e-07
4.1691	-2.12447e-07
4.1692	-2.07467e-07
4.1693	-2.01782e-07
4.1694	-1.95915e-07
4.1695	-1.9081e-07
4.1696	-1.84361e-07
4.1697	-1.79446e-07
4.1698	-1.74078e-07
4.1699	-1.68293e-07
4.17	-1.63066e-07
4.1701	-1.56552e-07
4.1702	-1.50715e-07
4.1703	-1.45622e-07
4.1704	-1.39902e-07
4.1705	-1.337e-07
4.1706	-1.27679e-07
4.1707	-1.22496e-07
4.1708	-1.15037e-07
4.1709	-1.10415e-07
4.171	-1.05068e-07
4.1711	-9.87164e-08
4.1712	-9.28037e-08
4.1713	-8.59819e-08
4.1714	-7.98166e-08
4.1715	-7.42024e-08
4.1716	-6.72988e-08
4.1717	-6.07481e-08
4.1718	-5.4266e-08
4.1719	-4.8457e-08
4.172	-4.24793e-08
4.1721	-3.54167e-08
4.1722	-2.85669e-08
4.1723	-2.29765e-08
4.1724	-1.62852e-08
4.1725	-9.37563e-09
4.1726	-2.66473e-09
4.1727	3.86108e-09
4.1728	1.08478e-08
4.1729	1.7297e-08
4.173	2.49268e-08
4.1731	3.21223e-08
4.1732	3.94711e-08
4.1733	4.64763e-08
4.1734	5.32745e-08
4.1735	6.08764e-08
4.1736	6.92256e-08
4.1737	7.60994e-08
4.1738	8.48073e-08
4.1739	9.3764e-08
4.174	1.00159e-07
4.1741	1.08181e-07
4.1742	1.15761e-07
4.1743	1.2337e-07
4.1744	1.31326e-07
4.1745	1.38846e-07
4.1746	1.46486e-07
4.1747	1.54112e-07
4.1748	1.61498e-07
4.1749	1.69397e-07
4.175	1.76798e-07
4.1751	1.85075e-07
4.1752	1.88237e-07
4.1753	1.9685e-07
4.1754	2.04281e-07
4.1755	2.12378e-07
4.1756	2.219e-07
4.1757	2.29449e-07
4.1758	2.37284e-07
4.1759	2.44834e-07
4.176	2.51366e-07
4.1761	2.58839e-07
4.1762	2.66172e-07
4.1763	2.7561e-07
4.1764	2.82984e-07
4.1765	2.89857e-07
4.1766	2.99245e-07
4.1767	3.06668e-07
4.1768	3.12626e-07
4.1769	3.20208e-07
4.177	3.27155e-07
4.1771	3.34157e-07
4.1772	3.41907e-07
4.1773	3.51151e-07
4.1774	3.57571e-07
4.1775	3.65495e-07
4.1776	3.71935e-07
4.1777	3.77536e-07
4.1778	3.77173e-07
4.1779	3.8248e-07
4.178	3.88969e-07
4.1781	3.93497e-07
4.1782	3.98322e-07
4.1783	4.03596e-07
4.1784	4.11851e-07
4.1785	4.18103e-07
4.1786	4.15324e-07
4.1787	4.20518e-07
4.1788	4.25842e-07
4.1789	4.25022e-07
4.179	4.2464e-07
4.1791	4.33529e-07
4.1792	4.38367e-07
4.1793	4.38362e-07
4.1794	4.40649e-07
4.1795	4.44497e-07
4.1796	4.4688e-07
4.1797	4.49005e-07
4.1798	4.45565e-07
4.1799	4.4902e-07
4.18	4.51581e-07
4.1801	4.59622e-07
4.1802	4.62018e-07
4.1803	4.64934e-07
4.1804	4.63268e-07
4.1805	4.68524e-07
4.1806	4.69356e-07
4.1807	4.70165e-07
4.1808	4.71987e-07
4.1809	4.78131e-07
4.181	4.78819e-07
4.1811	4.84493e-07
4.1812	4.90693e-07
4.1813	4.90406e-07
4.1814	4.89871e-07
4.1815	4.84819e-07
4.1816	4.84031e-07
4.1817	4.77757e-07
4.1818	4.82764e-07
4.1819	4.8847e-07
4.182	4.88049e-07
4.1821	4.86179e-07
4.1822	4.91634e-07
4.1823	4.90188e-07
4.1824	4.88449e-07
4.1825	4.88519e-07
4.1826	4.83418e-07
4.1827	4.83512e-07
4.1828	4.86916e-07
4.1829	4.91238e-07
4.183	4.94894e-07
4.1831	4.96625e-07
4.1832	4.90876e-07
4.1833	4.8651e-07
4.1834	4.87808e-07
4.1835	4.90775e-07
4.1836	4.91184e-07
4.1837	4.87758e-07
4.1838	4.88159e-07
4.1839	4.86377e-07
4.184	4.85344e-07
4.1841	4.84354e-07
4.1842	4.83288e-07
4.1843	4.76239e-07
4.1844	4.7568e-07
4.1845	4.66578e-07
4.1846	4.6013e-07
4.1847	4.57169e-07
4.1848	4.53196e-07
4.1849	4.50592e-07
4.185	4.46042e-07
4.1851	4.36661e-07
4.1852	4.33283e-07
4.1853	4.28922e-07
4.1854	4.2224e-07
4.1855	4.15832e-07
4.1856	4.10343e-07
4.1857	4.034e-07
4.1858	3.96133e-07
4.1859	3.87152e-07
4.186	3.76487e-07
4.1861	3.63882e-07
4.1862	3.51984e-07
4.1863	3.46189e-07
4.1864	3.35725e-07
4.1865	3.25561e-07
4.1866	3.14162e-07
4.1867	2.97396e-07
4.1868	2.84684e-07
4.1869	2.72597e-07
4.187	2.62521e-07
4.1871	2.5042e-07
4.1872	2.37271e-07
4.1873	2.23913e-07
4.1874	2.08504e-07
4.1875	1.93097e-07
4.1876	1.83046e-07
4.1877	1.67528e-07
4.1878	1.5778e-07
4.1879	1.40513e-07
4.188	1.33698e-07
4.1881	1.18613e-07
4.1882	1.04344e-07
4.1883	8.88756e-08
4.1884	7.03953e-08
4.1885	5.98023e-08
4.1886	4.66568e-08
4.1887	2.99693e-08
4.1888	1.37016e-08
4.1889	2.4738e-09
4.189	-1.78552e-08
4.1891	-3.49528e-08
4.1892	-5.51307e-08
4.1893	-7.64804e-08
4.1894	-9.66528e-08
4.1895	-1.13068e-07
4.1896	-1.20632e-07
4.1897	-1.37902e-07
4.1898	-1.49622e-07
4.1899	-1.66849e-07
4.19	-1.84997e-07
4.1901	-2.08625e-07
4.1902	-2.16974e-07
4.1903	-2.34247e-07
4.1904	-2.52304e-07
4.1905	-2.61921e-07
4.1906	-2.68835e-07
4.1907	-2.86458e-07
4.1908	-3.02138e-07
4.1909	-3.18312e-07
4.191	-3.34255e-07
4.1911	-3.4741e-07
4.1912	-3.63113e-07
4.1913	-3.85914e-07
4.1914	-4.02263e-07
4.1915	-4.24877e-07
4.1916	-4.3953e-07
4.1917	-4.56324e-07
4.1918	-4.77077e-07
4.1919	-4.93946e-07
4.192	-5.07851e-07
4.1921	-5.23423e-07
4.1922	-5.41143e-07
4.1923	-5.61429e-07
4.1924	-5.74241e-07
4.1925	-5.87094e-07
4.1926	-5.98439e-07
4.1927	-6.16242e-07
4.1928	-6.3365e-07
4.1929	-6.45107e-07
4.193	-6.60812e-07
4.1931	-6.75809e-07
4.1932	-6.8612e-07
4.1933	-6.94726e-07
4.1934	-7.05041e-07
4.1935	-7.13815e-07
4.1936	-7.28026e-07
4.1937	-7.41458e-07
4.1938	-7.55182e-07
4.1939	-7.61955e-07
4.194	-7.7071e-07
4.1941	-7.8066e-07
4.1942	-7.92793e-07
4.1943	-8.03099e-07
4.1944	-8.13395e-07
4.1945	-8.23382e-07
4.1946	-8.32809e-07
4.1947	-8.37434e-07
4.1948	-8.46124e-07
4.1949	-8.52243e-07
4.195	-8.59908e-07
4.1951	-8.66439e-07
4.1952	-8.6777e-07
4.1953	-8.74267e-07
4.1954	-8.7958e-07
4.1955	-8.79361e-07
4.1956	-8.82814e-07
4.1957	-8.87769e-07
4.1958	-8.91013e-07
4.1959	-8.93849e-07
4.196	-8.96304e-07
4.1961	-8.98077e-07
4.1962	-8.96993e-07
4.1963	-8.94967e-07
4.1964	-8.98048e-07
4.1965	-8.9656e-07
4.1966	-8.97292e-07
4.1967	-8.94391e-07
4.1968	-8.93868e-07
4.1969	-8.94088e-07
4.197	-8.94149e-07
4.1971	-8.93112e-07
4.1972	-8.91828e-07
4.1973	-8.89432e-07
4.1974	-8.87811e-07
4.1975	-8.84021e-07
4.1976	-8.80673e-07
4.1977	-8.78224e-07
4.1978	-8.75559e-07
4.1979	-8.73142e-07
4.198	-8.69711e-07
4.1981	-8.66543e-07
4.1982	-8.62685e-07
4.1983	-8.59159e-07
4.1984	-8.55965e-07
4.1985	-8.50162e-07
4.1986	-8.47289e-07
4.1987	-8.40639e-07
4.1988	-8.36511e-07
4.1989	-8.32899e-07
4.199	-8.28619e-07
4.1991	-8.24815e-07
4.1992	-8.19387e-07
4.1993	-8.14762e-07
4.1994	-8.09279e-07
4.1995	-8.0382e-07
4.1996	-7.98374e-07
4.1997	-7.95903e-07
4.1998	-7.90748e-07
4.1999	-7.84634e-07
4.2	-7.795e-07
4.2001	-7.71759e-07
4.2002	-7.66353e-07
4.2003	-7.60404e-07
4.2004	-7.56116e-07
4.2005	-7.41421e-07
4.2006	-7.36784e-07
4.2007	-7.29295e-07
4.2008	-7.22419e-07
4.2009	-7.142e-07
4.201	-7.07127e-07
4.2011	-7.00405e-07
4.2012	-6.93281e-07
4.2013	-6.85296e-07
4.2014	-6.76381e-07
4.2015	-6.69243e-07
4.2016	-6.61369e-07
4.2017	-6.52654e-07
4.2018	-6.45393e-07
4.2019	-6.39007e-07
4.202	-6.30621e-07
4.2021	-6.19091e-07
4.2022	-6.10626e-07
4.2023	-6.0161e-07
4.2024	-5.93487e-07
4.2025	-5.84973e-07
4.2026	-5.76115e-07
4.2027	-5.67745e-07
4.2028	-5.59035e-07
4.2029	-5.50771e-07
4.203	-5.45776e-07
4.2031	-5.36129e-07
4.2032	-5.27024e-07
4.2033	-5.16854e-07
4.2034	-5.0621e-07
4.2035	-4.94095e-07
4.2036	-4.84232e-07
4.2037	-4.725e-07
4.2038	-4.66507e-07
4.2039	-4.57157e-07
4.204	-4.45651e-07
4.2041	-4.35889e-07
4.2042	-4.25685e-07
4.2043	-4.15343e-07
4.2044	-4.04795e-07
4.2045	-3.95743e-07
4.2046	-3.84725e-07
4.2047	-3.73971e-07
4.2048	-3.62641e-07
4.2049	-3.52122e-07
4.205	-3.43389e-07
4.2051	-3.34046e-07
4.2052	-3.24783e-07
4.2053	-3.15399e-07
4.2054	-3.06887e-07
4.2055	-3.00165e-07
4.2056	-2.88861e-07
4.2057	-2.77762e-07
4.2058	-2.67359e-07
4.2059	-2.56492e-07
4.206	-2.45134e-07
4.2061	-2.38429e-07
4.2062	-2.27377e-07
4.2063	-2.17243e-07
4.2064	-2.03884e-07
4.2065	-1.93789e-07
4.2066	-1.82884e-07
4.2067	-1.71416e-07
4.2068	-1.63534e-07
4.2069	-1.52924e-07
4.207	-1.42343e-07
4.2071	-1.33848e-07
4.2072	-1.2169e-07
4.2073	-1.14345e-07
4.2074	-1.07159e-07
4.2075	-9.56963e-08
4.2076	-9.14153e-08
4.2077	-8.13285e-08
4.2078	-7.12963e-08
4.2079	-6.72286e-08
4.208	-5.9847e-08
4.2081	-5.30637e-08
4.2082	-4.22717e-08
4.2083	-3.22467e-08
4.2084	-2.66497e-08
4.2085	-1.45394e-08
4.2086	-1.11555e-08
4.2087	-1.6483e-10
4.2088	1.01575e-08
4.2089	1.10978e-08
4.209	1.98102e-08
4.2091	1.67756e-08
4.2092	2.39276e-08
4.2093	2.73501e-08
4.2094	3.19818e-08
4.2095	3.70574e-08
4.2096	3.97064e-08
4.2097	4.38227e-08
4.2098	4.69342e-08
4.2099	5.07914e-08
4.21	5.75886e-08
4.2101	5.88608e-08
4.2102	6.10306e-08
4.2103	6.08304e-08
4.2104	6.02416e-08
4.2105	6.1186e-08
4.2106	6.75638e-08
4.2107	6.71264e-08
4.2108	6.51627e-08
4.2109	6.46752e-08
4.211	7.05014e-08
4.2111	6.97052e-08
4.2112	6.95999e-08
4.2113	6.93669e-08
4.2114	6.67933e-08
4.2115	6.69524e-08
4.2116	6.34839e-08
4.2117	6.13186e-08
4.2118	5.89301e-08
4.2119	4.88336e-08
4.212	5.10854e-08
4.2121	4.82418e-08
4.2122	4.90158e-08
4.2123	4.44436e-08
4.2124	4.20039e-08
4.2125	4.1327e-08
4.2126	4.12297e-08
4.2127	4.05551e-08
4.2128	3.69768e-08
4.2129	3.01072e-08
4.213	2.86247e-08
4.2131	2.2747e-08
4.2132	1.70995e-08
4.2133	1.1451e-08
4.2134	7.64686e-09
4.2135	3.62582e-09
4.2136	1.09999e-09
4.2137	-2.30932e-09
4.2138	-6.42225e-09
4.2139	-1.6514e-08
4.214	-1.99335e-08
4.2141	-2.54509e-08
4.2142	-3.24695e-08
4.2143	-3.65799e-08
4.2144	-3.8576e-08
4.2145	-4.23056e-08
4.2146	-4.51065e-08
4.2147	-5.22501e-08
4.2148	-5.50671e-08
4.2149	-6.3407e-08
4.215	-7.21202e-08
4.2151	-7.96013e-08
4.2152	-8.41954e-08
4.2153	-9.07566e-08
4.2154	-9.72451e-08
4.2155	-1.01829e-07
4.2156	-1.04656e-07
4.2157	-1.13078e-07
4.2158	-1.214e-07
4.2159	-1.26238e-07
4.216	-1.31611e-07
4.2161	-1.3943e-07
4.2162	-1.4539e-07
4.2163	-1.54511e-07
4.2164	-1.61968e-07
4.2165	-1.71073e-07
4.2166	-1.78906e-07
4.2167	-1.91059e-07
4.2168	-1.9994e-07
4.2169	-2.10741e-07
4.217	-2.13517e-07
4.2171	-2.1671e-07
4.2172	-2.25577e-07
4.2173	-2.34134e-07
4.2174	-2.43751e-07
4.2175	-2.47795e-07
4.2176	-2.49968e-07
4.2177	-2.58055e-07
4.2178	-2.62951e-07
4.2179	-2.7172e-07
4.218	-2.7997e-07
4.2181	-2.88479e-07
4.2182	-2.92964e-07
4.2183	-3.01885e-07
4.2184	-3.11189e-07
4.2185	-3.16066e-07
4.2186	-3.25045e-07
4.2187	-3.39861e-07
4.2188	-3.53091e-07
4.2189	-3.61977e-07
4.219	-3.66641e-07
4.2191	-3.76147e-07
4.2192	-3.81205e-07
4.2193	-3.9061e-07
4.2194	-3.99191e-07
4.2195	-4.08212e-07
4.2196	-4.17305e-07
4.2197	-4.25831e-07
4.2198	-4.31386e-07
4.2199	-4.39918e-07
4.22	-4.49035e-07
4.2201	-4.56602e-07
4.2202	-4.64264e-07
4.2203	-4.74743e-07
4.2204	-4.80924e-07
4.2205	-4.88801e-07
4.2206	-4.95803e-07
4.2207	-5.02175e-07
4.2208	-5.06741e-07
4.2209	-5.1258e-07
4.221	-5.18913e-07
4.2211	-5.22941e-07
4.2212	-5.28061e-07
4.2213	-5.33933e-07
4.2214	-5.39663e-07
4.2215	-5.43094e-07
4.2216	-5.46702e-07
4.2217	-5.4904e-07
4.2218	-5.51902e-07
4.2219	-5.5615e-07
4.222	-5.58942e-07
4.2221	-5.6029e-07
4.2222	-5.64592e-07
4.2223	-5.66183e-07
4.2224	-5.67716e-07
4.2225	-5.70785e-07
4.2226	-5.74157e-07
4.2227	-5.74936e-07
4.2228	-5.76273e-07
4.2229	-5.75207e-07
4.223	-5.75945e-07
4.2231	-5.75714e-07
4.2232	-5.7561e-07
4.2233	-5.77404e-07
4.2234	-5.76577e-07
4.2235	-5.7705e-07
4.2236	-5.75605e-07
4.2237	-5.74561e-07
4.2238	-5.73363e-07
4.2239	-5.71074e-07
4.224	-5.70346e-07
4.2241	-5.68534e-07
4.2242	-5.6815e-07
4.2243	-5.65492e-07
4.2244	-5.61093e-07
4.2245	-5.58149e-07
4.2246	-5.55209e-07
4.2247	-5.53301e-07
4.2248	-5.48885e-07
4.2249	-5.44136e-07
4.225	-5.41169e-07
4.2251	-5.37201e-07
4.2252	-5.33618e-07
4.2253	-5.29488e-07
4.2254	-5.26408e-07
4.2255	-5.22747e-07
4.2256	-5.18528e-07
4.2257	-5.14271e-07
4.2258	-5.10023e-07
4.2259	-5.05129e-07
4.226	-4.98958e-07
4.2261	-4.94463e-07
4.2262	-4.88968e-07
4.2263	-4.8552e-07
4.2264	-4.80833e-07
4.2265	-4.75682e-07
4.2266	-4.69746e-07
4.2267	-4.64305e-07
4.2268	-4.58572e-07
4.2269	-4.53927e-07
4.227	-4.48171e-07
4.2271	-4.41772e-07
4.2272	-4.36729e-07
4.2273	-4.31716e-07
4.2274	-4.25968e-07
4.2275	-4.20309e-07
4.2276	-4.14988e-07
4.2277	-4.1103e-07
4.2278	-4.0685e-07
4.2279	-3.99072e-07
4.228	-3.94321e-07
4.2281	-3.89489e-07
4.2282	-3.84295e-07
4.2283	-3.79602e-07
4.2284	-3.75682e-07
4.2285	-3.70344e-07
4.2286	-3.64929e-07
4.2287	-3.6025e-07
4.2288	-3.54853e-07
4.2289	-3.50062e-07
4.229	-3.46502e-07
4.2291	-3.40812e-07
4.2292	-3.34983e-07
4.2293	-3.29995e-07
4.2294	-3.23547e-07
4.2295	-3.19985e-07
4.2296	-3.15507e-07
4.2297	-3.10273e-07
4.2298	-3.03891e-07
4.2299	-2.98705e-07
4.23	-2.94399e-07
4.2301	-2.88253e-07
4.2302	-2.82492e-07
4.2303	-2.78008e-07
4.2304	-2.71334e-07
4.2305	-2.66108e-07
4.2306	-2.60656e-07
4.2307	-2.55868e-07
4.2308	-2.5221e-07
4.2309	-2.46412e-07
4.231	-2.40336e-07
4.2311	-2.34927e-07
4.2312	-2.28777e-07
4.2313	-2.23248e-07
4.2314	-2.18509e-07
4.2315	-2.13814e-07
4.2316	-2.07919e-07
4.2317	-2.0244e-07
4.2318	-1.96386e-07
4.2319	-1.91885e-07
4.232	-1.86697e-07
4.2321	-1.81368e-07
4.2322	-1.75616e-07
4.2323	-1.69936e-07
4.2324	-1.62234e-07
4.2325	-1.59312e-07
4.2326	-1.55148e-07
4.2327	-1.49726e-07
4.2328	-1.44002e-07
4.2329	-1.38472e-07
4.233	-1.32862e-07
4.2331	-1.27087e-07
4.2332	-1.21254e-07
4.2333	-1.16173e-07
4.2334	-1.0854e-07
4.2335	-1.03627e-07
4.2336	-9.89505e-08
4.2337	-9.36127e-08
4.2338	-8.7586e-08
4.2339	-8.26765e-08
4.234	-7.67914e-08
4.2341	-7.08473e-08
4.2342	-6.61162e-08
4.2343	-5.98307e-08
4.2344	-5.40673e-08
4.2345	-4.81768e-08
4.2346	-4.2276e-08
4.2347	-3.53241e-08
4.2348	-2.90412e-08
4.2349	-2.42168e-08
4.235	-1.78702e-08
4.2351	-1.21571e-08
4.2352	-7.17128e-09
4.2353	-7.62139e-10
4.2354	5.52568e-09
4.2355	1.22885e-08
4.2356	1.88907e-08
4.2357	2.47457e-08
4.2358	3.07472e-08
4.2359	3.73397e-08
4.236	4.36194e-08
4.2361	4.74232e-08
4.2362	5.22721e-08
4.2363	5.78118e-08
4.2364	6.34596e-08
4.2365	7.12354e-08
4.2366	7.88111e-08
4.2367	8.6173e-08
4.2368	9.35547e-08
4.2369	1.01101e-07
4.237	1.06276e-07
4.2371	1.13326e-07
4.2372	1.20995e-07
4.2373	1.28546e-07
4.2374	1.36085e-07
4.2375	1.42336e-07
4.2376	1.50998e-07
4.2377	1.59227e-07
4.2378	1.65286e-07
4.2379	1.72918e-07
4.238	1.80183e-07
4.2381	1.88299e-07
4.2382	1.95689e-07
4.2383	2.00588e-07
4.2384	2.07249e-07
4.2385	2.15027e-07
4.2386	2.22679e-07
4.2387	2.31056e-07
4.2388	2.39401e-07
4.2389	2.42982e-07
4.239	2.50946e-07
4.2391	2.58738e-07
4.2392	2.65585e-07
4.2393	2.74306e-07
4.2394	2.8056e-07
4.2395	2.87675e-07
4.2396	2.95166e-07
4.2397	3.0237e-07
4.2398	3.06142e-07
4.2399	3.09484e-07
4.24	3.10666e-07
4.2401	3.2029e-07
4.2402	3.27392e-07
4.2403	3.35209e-07
4.2404	3.42672e-07
4.2405	3.44951e-07
4.2406	3.50939e-07
4.2407	3.59489e-07
4.2408	3.65863e-07
4.2409	3.6777e-07
4.241	3.70591e-07
4.2411	3.76484e-07
4.2412	3.81662e-07
4.2413	3.81861e-07
4.2414	3.8847e-07
4.2415	3.88866e-07
4.2416	3.8878e-07
4.2417	3.94767e-07
4.2418	4.00239e-07
4.2419	3.99736e-07
4.242	3.99666e-07
4.2421	4.04927e-07
4.2422	4.09319e-07
4.2423	4.08072e-07
4.2424	4.13181e-07
4.2425	4.17897e-07
4.2426	4.18032e-07
4.2427	4.16421e-07
4.2428	4.21468e-07
4.2429	4.26274e-07
4.243	4.30173e-07
4.2431	4.33789e-07
4.2432	4.37924e-07
4.2433	4.45998e-07
4.2434	4.48583e-07
4.2435	4.52179e-07
4.2436	4.5499e-07
4.2437	4.63664e-07
4.2438	4.65968e-07
4.2439	4.60746e-07
4.244	4.68545e-07
4.2441	4.71579e-07
4.2442	4.80807e-07
4.2443	4.82302e-07
4.2444	4.78726e-07
4.2445	4.83864e-07
4.2446	4.84994e-07
4.2447	4.82866e-07
4.2448	4.83679e-07
4.2449	4.90837e-07
4.245	4.97758e-07
4.2451	4.98116e-07
4.2452	5.00219e-07
4.2453	5.02014e-07
4.2454	5.01699e-07
4.2455	5.01522e-07
4.2456	5.00437e-07
4.2457	4.99997e-07
4.2458	5.00991e-07
4.2459	4.99979e-07
4.246	4.98974e-07
4.2461	5.02995e-07
4.2462	5.07907e-07
4.2463	5.05909e-07
4.2464	5.00293e-07
4.2465	4.98152e-07
4.2466	4.98672e-07
4.2467	4.99016e-07
4.2468	4.96032e-07
4.2469	4.98268e-07
4.247	4.98748e-07
4.2471	4.93715e-07
4.2472	4.86633e-07
4.2473	4.89502e-07
4.2474	4.83881e-07
4.2475	4.83919e-07
4.2476	4.78441e-07
4.2477	4.79542e-07
4.2478	4.73632e-07
4.2479	4.72977e-07
4.248	4.69704e-07
4.2481	4.62332e-07
4.2482	4.60072e-07
4.2483	4.51872e-07
4.2484	4.44166e-07
4.2485	4.37012e-07
4.2486	4.33194e-07
4.2487	4.25865e-07
4.2488	4.17425e-07
4.2489	4.12e-07
4.249	4.07523e-07
4.2491	4.01209e-07
4.2492	3.94253e-07
4.2493	3.84479e-07
4.2494	3.73898e-07
4.2495	3.66416e-07
4.2496	3.601e-07
4.2497	3.50776e-07
4.2498	3.42305e-07
4.2499	3.32162e-07
4.25	3.19089e-07
4.2501	3.11071e-07
4.2502	2.9796e-07
4.2503	2.87163e-07
4.2504	2.78903e-07
4.2505	2.66429e-07
4.2506	2.52252e-07
4.2507	2.39838e-07
4.2508	2.30979e-07
4.2509	2.14577e-07
4.251	2.0108e-07
4.2511	1.87584e-07
4.2512	1.72362e-07
4.2513	1.57859e-07
4.2514	1.41311e-07
4.2515	1.24682e-07
4.2516	1.0811e-07
4.2517	9.86873e-08
4.2518	9.10376e-08
4.2519	7.34489e-08
4.252	6.09847e-08
4.2521	5.04315e-08
4.2522	3.60658e-08
4.2523	2.8441e-08
4.2524	1.36624e-08
4.2525	-3.27982e-09
4.2526	-1.91923e-08
4.2527	-3.51709e-08
4.2528	-5.57507e-08
4.2529	-6.60146e-08
4.253	-8.72662e-08
4.2531	-1.08566e-07
4.2532	-1.29858e-07
4.2533	-1.5037e-07
4.2534	-1.68317e-07
4.2535	-1.87055e-07
4.2536	-2.05057e-07
4.2537	-2.30666e-07
4.2538	-2.47813e-07
4.2539	-2.55321e-07
4.254	-2.65764e-07
4.2541	-2.8358e-07
4.2542	-3.0229e-07
4.2543	-3.20327e-07
4.2544	-3.31178e-07
4.2545	-3.43907e-07
4.2546	-3.59338e-07
4.2547	-3.76424e-07
4.2548	-3.87941e-07
4.2549	-4.04988e-07
4.255	-4.21201e-07
4.2551	-4.43261e-07
4.2552	-4.59805e-07
4.2553	-4.77335e-07
4.2554	-4.83596e-07
4.2555	-4.97666e-07
4.2556	-5.12298e-07
4.2557	-5.27804e-07
4.2558	-5.43121e-07
4.2559	-5.62967e-07
4.256	-5.82079e-07
4.2561	-5.98761e-07
4.2562	-6.12456e-07
4.2563	-6.31502e-07
4.2564	-6.4197e-07
4.2565	-6.5807e-07
4.2566	-6.72969e-07
4.2567	-6.82997e-07
4.2568	-6.95281e-07
4.2569	-7.12279e-07
4.257	-7.23454e-07
4.2571	-7.37853e-07
4.2572	-7.52426e-07
4.2573	-7.66514e-07
4.2574	-7.77551e-07
4.2575	-7.86698e-07
4.2576	-8.00246e-07
4.2577	-8.11639e-07
4.2578	-8.19465e-07
4.2579	-8.25096e-07
4.258	-8.35342e-07
4.2581	-8.4537e-07
4.2582	-8.51125e-07
4.2583	-8.59251e-07
4.2584	-8.65136e-07
4.2585	-8.73542e-07
4.2586	-8.80519e-07
4.2587	-8.87681e-07
4.2588	-8.96099e-07
4.2589	-9.02291e-07
4.259	-9.08514e-07
4.2591	-9.13467e-07
4.2592	-9.16226e-07
4.2593	-9.19725e-07
4.2594	-9.22822e-07
4.2595	-9.2177e-07
4.2596	-9.24681e-07
4.2597	-9.27078e-07
4.2598	-9.28697e-07
4.2599	-9.26853e-07
4.26	-9.28508e-07
4.2601	-9.25822e-07
4.2602	-9.27485e-07
4.2603	-9.32444e-07
4.2604	-9.33001e-07
4.2605	-9.27136e-07
4.2606	-9.28403e-07
4.2607	-9.27204e-07
4.2608	-9.26523e-07
4.2609	-9.2362e-07
4.261	-9.22004e-07
4.2611	-9.20227e-07
4.2612	-9.18989e-07
4.2613	-9.15977e-07
4.2614	-9.13008e-07
4.2615	-9.10026e-07
4.2616	-9.0733e-07
4.2617	-9.03641e-07
4.2618	-9.00362e-07
4.2619	-8.97349e-07
4.262	-8.93199e-07
4.2621	-8.90013e-07
4.2622	-8.86697e-07
4.2623	-8.81143e-07
4.2624	-8.76686e-07
4.2625	-8.71854e-07
4.2626	-8.66242e-07
4.2627	-8.61044e-07
4.2628	-8.57337e-07
4.2629	-8.53037e-07
4.263	-8.47871e-07
4.2631	-8.4284e-07
4.2632	-8.36633e-07
4.2633	-8.30999e-07
4.2634	-8.26032e-07
4.2635	-8.17629e-07
4.2636	-8.11557e-07
4.2637	-8.05172e-07
4.2638	-7.98633e-07
4.2639	-7.92468e-07
4.264	-7.86352e-07
4.2641	-7.80075e-07
4.2642	-7.75281e-07
4.2643	-7.6737e-07
4.2644	-7.60365e-07
4.2645	-7.53803e-07
4.2646	-7.45935e-07
4.2647	-7.41589e-07
4.2648	-7.37251e-07
4.2649	-7.29827e-07
4.265	-7.24572e-07
4.2651	-7.15835e-07
4.2652	-7.07879e-07
4.2653	-6.99439e-07
4.2654	-6.91042e-07
4.2655	-6.82137e-07
4.2656	-6.74522e-07
4.2657	-6.66463e-07
4.2658	-6.59766e-07
4.2659	-6.48454e-07
4.266	-6.41868e-07
4.2661	-6.33219e-07
4.2662	-6.24252e-07
4.2663	-6.15534e-07
4.2664	-6.06357e-07
4.2665	-5.96898e-07
4.2666	-5.87806e-07
4.2667	-5.78506e-07
4.2668	-5.69548e-07
4.2669	-5.61044e-07
4.267	-5.5125e-07
4.2671	-5.4203e-07
4.2672	-5.34426e-07
4.2673	-5.22905e-07
4.2674	-5.13508e-07
4.2675	-5.02987e-07
4.2676	-4.95561e-07
4.2677	-4.87021e-07
4.2678	-4.76817e-07
4.2679	-4.67355e-07
4.268	-4.58157e-07
4.2681	-4.47942e-07
4.2682	-4.36996e-07
4.2683	-4.24421e-07
4.2684	-4.14284e-07
4.2685	-4.03002e-07
4.2686	-3.92986e-07
4.2687	-3.83866e-07
4.2688	-3.72499e-07
4.2689	-3.62755e-07
4.269	-3.54548e-07
4.2691	-3.45595e-07
4.2692	-3.36896e-07
4.2693	-3.28544e-07
4.2694	-3.18707e-07
4.2695	-3.07848e-07
4.2696	-2.9865e-07
4.2697	-2.88237e-07
4.2698	-2.78881e-07
4.2699	-2.70472e-07
4.27	-2.62994e-07
4.2701	-2.53235e-07
4.2702	-2.43111e-07
4.2703	-2.32681e-07
4.2704	-2.24633e-07
4.2705	-2.13397e-07
4.2706	-2.02985e-07
4.2707	-1.92639e-07
4.2708	-1.8627e-07
4.2709	-1.74117e-07
4.271	-1.67093e-07
4.2711	-1.56095e-07
4.2712	-1.45399e-07
4.2713	-1.38187e-07
4.2714	-1.33634e-07
4.2715	-1.29181e-07
4.2716	-1.18595e-07
4.2717	-1.07534e-07
4.2718	-9.55262e-08
4.2719	-8.6012e-08
4.272	-7.64179e-08
4.2721	-7.14665e-08
4.2722	-6.12252e-08
4.2723	-5.08715e-08
4.2724	-4.20964e-08
4.2725	-3.81333e-08
4.2726	-3.31278e-08
4.2727	-2.73816e-08
4.2728	-1.99621e-08
4.2729	-1.77583e-08
4.273	-1.11246e-08
4.2731	-8.37202e-09
4.2732	-5.30322e-09
4.2733	1.12781e-09
4.2734	1.04472e-08
4.2735	1.41596e-08
4.2736	1.85321e-08
4.2737	2.11261e-08
4.2738	2.19643e-08
4.2739	1.99339e-08
4.274	2.75923e-08
4.2741	2.98626e-08
4.2742	2.74171e-08
4.2743	2.74914e-08
4.2744	2.65577e-08
4.2745	2.5218e-08
4.2746	2.54057e-08
4.2747	2.32674e-08
4.2748	2.85968e-08
4.2749	2.95109e-08
4.275	2.92262e-08
4.2751	2.91276e-08
4.2752	3.43529e-08
4.2753	3.24952e-08
4.2754	3.54149e-08
4.2755	3.46066e-08
4.2756	3.10348e-08
4.2757	2.5906e-08
4.2758	1.96313e-08
4.2759	1.50611e-08
4.276	1.11836e-08
4.2761	6.65903e-09
4.2762	3.66205e-09
4.2763	-7.71932e-10
4.2764	-2.19622e-09
4.2765	2.08817e-09
4.2766	1.40382e-09
4.2767	1.15999e-09
4.2768	-3.89086e-09
4.2769	-6.97228e-09
4.277	-1.21981e-08
4.2771	-1.75626e-08
4.2772	-2.32993e-08
4.2773	-2.96426e-08
4.2774	-3.61895e-08
4.2775	-4.24002e-08
4.2776	-4.66195e-08
4.2777	-5.23527e-08
4.2778	-5.76206e-08
4.2779	-6.14583e-08
4.278	-6.5758e-08
4.2781	-6.94517e-08
4.2782	-6.97282e-08
4.2783	-7.45444e-08
4.2784	-7.89269e-08
4.2785	-7.98267e-08
4.2786	-8.56e-08
4.2787	-9.3409e-08
4.2788	-9.43129e-08
4.2789	-1.03656e-07
4.279	-1.11442e-07
4.2791	-1.19632e-07
4.2792	-1.26638e-07
4.2793	-1.36283e-07
4.2794	-1.44018e-07
4.2795	-1.54059e-07
4.2796	-1.62788e-07
4.2797	-1.73258e-07
4.2798	-1.81295e-07
4.2799	-1.83934e-07
4.28	-1.86796e-07
4.2801	-1.93406e-07
4.2802	-2.05408e-07
4.2803	-2.13674e-07
4.2804	-2.25345e-07
4.2805	-2.37859e-07
4.2806	-2.41065e-07
4.2807	-2.45371e-07
4.2808	-2.56333e-07
4.2809	-2.70056e-07
4.281	-2.72017e-07
4.2811	-2.81367e-07
4.2812	-2.90671e-07
4.2813	-3.00179e-07
4.2814	-3.03125e-07
4.2815	-3.09747e-07
4.2816	-3.1461e-07
4.2817	-3.23593e-07
4.2818	-3.36575e-07
4.2819	-3.41529e-07
4.282	-3.50838e-07
4.2821	-3.59244e-07
4.2822	-3.64511e-07
4.2823	-3.77879e-07
4.2824	-3.85589e-07
4.2825	-3.96024e-07
4.2826	-3.99698e-07
4.2827	-4.08389e-07
4.2828	-4.13651e-07
4.2829	-4.22941e-07
4.283	-4.27268e-07
4.2831	-4.32776e-07
4.2832	-4.37058e-07
4.2833	-4.456e-07
4.2834	-4.50735e-07
4.2835	-4.60638e-07
4.2836	-4.66738e-07
4.2837	-4.72537e-07
4.2838	-4.79759e-07
4.2839	-4.83688e-07
4.284	-4.89731e-07
4.2841	-4.94444e-07
4.2842	-5.00883e-07
4.2843	-5.06747e-07
4.2844	-5.10823e-07
4.2845	-5.17814e-07
4.2846	-5.22372e-07
4.2847	-5.26903e-07
4.2848	-5.31995e-07
4.2849	-5.33572e-07
4.285	-5.36985e-07
4.2851	-5.39361e-07
4.2852	-5.44457e-07
4.2853	-5.49277e-07
4.2854	-5.52664e-07
4.2855	-5.55532e-07
4.2856	-5.59715e-07
4.2857	-5.62498e-07
4.2858	-5.66517e-07
4.2859	-5.69159e-07
4.286	-5.72294e-07
4.2861	-5.72807e-07
4.2862	-5.74779e-07
4.2863	-5.76423e-07
4.2864	-5.78789e-07
4.2865	-5.8043e-07
4.2866	-5.83195e-07
4.2867	-5.82163e-07
4.2868	-5.84718e-07
4.2869	-5.85851e-07
4.287	-5.85576e-07
4.2871	-5.8503e-07
4.2872	-5.86142e-07
4.2873	-5.85038e-07
4.2874	-5.85594e-07
4.2875	-5.84104e-07
4.2876	-5.8178e-07
4.2877	-5.81384e-07
4.2878	-5.80157e-07
4.2879	-5.78017e-07
4.288	-5.76425e-07
4.2881	-5.73857e-07
4.2882	-5.71302e-07
4.2883	-5.68531e-07
4.2884	-5.65117e-07
4.2885	-5.6252e-07
4.2886	-5.57701e-07
4.2887	-5.53683e-07
4.2888	-5.49685e-07
4.2889	-5.45729e-07
4.289	-5.41952e-07
4.2891	-5.37818e-07
4.2892	-5.33156e-07
4.2893	-5.29446e-07
4.2894	-5.25448e-07
4.2895	-5.20579e-07
4.2896	-5.16538e-07
4.2897	-5.12309e-07
4.2898	-5.0622e-07
4.2899	-5.00982e-07
4.29	-4.98102e-07
4.2901	-4.94488e-07
4.2902	-4.8919e-07
4.2903	-4.84987e-07
4.2904	-4.796e-07
4.2905	-4.7432e-07
4.2906	-4.68998e-07
4.2907	-4.64746e-07
4.2908	-4.56057e-07
4.2909	-4.51143e-07
4.291	-4.45144e-07
4.2911	-4.40659e-07
4.2912	-4.35939e-07
4.2913	-4.30305e-07
4.2914	-4.25063e-07
4.2915	-4.21214e-07
4.2916	-4.16275e-07
4.2917	-4.08141e-07
4.2918	-4.03923e-07
4.2919	-4.00072e-07
4.292	-3.95817e-07
4.2921	-3.90838e-07
4.2922	-3.85563e-07
4.2923	-3.81243e-07
4.2924	-3.76993e-07
4.2925	-3.72694e-07
4.2926	-3.66964e-07
4.2927	-3.62112e-07
4.2928	-3.57875e-07
4.2929	-3.54283e-07
4.293	-3.49435e-07
4.2931	-3.4325e-07
4.2932	-3.38305e-07
4.2933	-3.33488e-07
4.2934	-3.2878e-07
4.2935	-3.23603e-07
4.2936	-3.16762e-07
4.2937	-3.11834e-07
4.2938	-3.06467e-07
4.2939	-3.00359e-07
4.294	-2.95743e-07
4.2941	-2.89979e-07
4.2942	-2.8503e-07
4.2943	-2.7989e-07
4.2944	-2.71727e-07
4.2945	-2.67214e-07
4.2946	-2.64082e-07
4.2947	-2.58014e-07
4.2948	-2.52974e-07
4.2949	-2.47074e-07
4.295	-2.40951e-07
4.2951	-2.34372e-07
4.2952	-2.28444e-07
4.2953	-2.22326e-07
4.2954	-2.15914e-07
4.2955	-2.11144e-07
4.2956	-2.04455e-07
4.2957	-1.9853e-07
4.2958	-1.91825e-07
4.2959	-1.86561e-07
4.296	-1.80946e-07
4.2961	-1.74833e-07
4.2962	-1.69572e-07
4.2963	-1.64974e-07
4.2964	-1.5933e-07
4.2965	-1.54061e-07
4.2966	-1.48382e-07
4.2967	-1.43162e-07
4.2968	-1.37067e-07
4.2969	-1.30919e-07
4.297	-1.24879e-07
4.2971	-1.19173e-07
4.2972	-1.12076e-07
4.2973	-1.06491e-07
4.2974	-1.00928e-07
4.2975	-9.53175e-08
4.2976	-9.09027e-08
4.2977	-8.4914e-08
4.2978	-7.86781e-08
4.2979	-7.27845e-08
4.298	-6.72497e-08
4.2981	-6.14365e-08
4.2982	-5.63947e-08
4.2983	-5.04698e-08
4.2984	-4.45096e-08
4.2985	-3.74783e-08
4.2986	-3.1913e-08
4.2987	-2.73466e-08
4.2988	-2.11724e-08
4.2989	-1.55985e-08
4.299	-9.33245e-09
4.2991	-1.82769e-09
4.2992	4.09496e-09
4.2993	1.10702e-08
4.2994	1.83076e-08
4.2995	2.40759e-08
4.2996	3.01231e-08
4.2997	3.69632e-08
4.2998	4.33749e-08
4.2999	4.9275e-08
4.3	5.61864e-08
4.3001	6.34497e-08
4.3002	7.05011e-08
4.3003	7.43759e-08
4.3004	8.15793e-08
4.3005	8.90065e-08
4.3006	9.58639e-08
4.3007	1.01158e-07
4.3008	1.08257e-07
4.3009	1.15273e-07
4.301	1.22223e-07
4.3011	1.29145e-07
4.3012	1.36168e-07
4.3013	1.45166e-07
4.3014	1.52718e-07
4.3015	1.5539e-07
4.3016	1.62769e-07
4.3017	1.70537e-07
4.3018	1.78242e-07
4.3019	1.86109e-07
4.302	1.93692e-07
4.3021	2.01863e-07
4.3022	2.06888e-07
4.3023	2.15165e-07
4.3024	2.19416e-07
4.3025	2.26866e-07
4.3026	2.33929e-07
4.3027	2.43314e-07
4.3028	2.49683e-07
4.3029	2.58382e-07
4.303	2.61896e-07
4.3031	2.69398e-07
4.3032	2.76491e-07
4.3033	2.837e-07
4.3034	2.91166e-07
4.3035	2.98617e-07
4.3036	3.05872e-07
4.3037	3.08826e-07
4.3038	3.16222e-07
4.3039	3.1766e-07
4.304	3.2509e-07
4.3041	3.32614e-07
4.3042	3.40447e-07
4.3043	3.47676e-07
4.3044	3.57328e-07
4.3045	3.59735e-07
4.3046	3.67277e-07
4.3047	3.69082e-07
4.3048	3.75716e-07
4.3049	3.82297e-07
4.305	3.86759e-07
4.3051	3.92287e-07
4.3052	3.98665e-07
4.3053	3.99002e-07
4.3054	4.05503e-07
4.3055	4.11474e-07
4.3056	4.16801e-07
4.3057	4.17287e-07
4.3058	4.14473e-07
4.3059	4.19792e-07
4.306	4.2947e-07
4.3061	4.32924e-07
4.3062	4.38258e-07
4.3063	4.43057e-07
4.3064	4.4761e-07
4.3065	4.51674e-07
4.3066	4.61171e-07
4.3067	4.65385e-07
4.3068	4.67227e-07
4.3069	4.72273e-07
4.307	4.7592e-07
4.3071	4.80602e-07
4.3072	4.79722e-07
4.3073	4.83207e-07
4.3074	4.81544e-07
4.3075	4.78966e-07
4.3076	4.81734e-07
4.3077	4.77928e-07
4.3078	4.80166e-07
4.3079	4.84053e-07
4.308	4.87528e-07
4.3081	4.89736e-07
4.3082	4.97683e-07
4.3083	4.99447e-07
4.3084	5.05686e-07
4.3085	5.12378e-07
4.3086	5.10691e-07
4.3087	5.12054e-07
4.3088	5.12268e-07
4.3089	5.10463e-07
4.309	5.17883e-07
4.3091	5.18869e-07
4.3092	5.1761e-07
4.3093	5.23087e-07
4.3094	5.21124e-07
4.3095	5.21197e-07
4.3096	5.26704e-07
4.3097	5.33553e-07
4.3098	5.4001e-07
4.3099	5.3485e-07
4.31	5.33071e-07
4.3101	5.38039e-07
4.3102	5.3509e-07
4.3103	5.40721e-07
4.3104	5.3323e-07
4.3105	5.34043e-07
4.3106	5.31499e-07
4.3107	5.2768e-07
4.3108	5.29149e-07
4.3109	5.28355e-07
4.311	5.2902e-07
4.3111	5.30422e-07
4.3112	5.24644e-07
4.3113	5.28306e-07
4.3114	5.26209e-07
4.3115	5.19697e-07
4.3116	5.19706e-07
4.3117	5.18744e-07
4.3118	5.12243e-07
4.3119	5.09785e-07
4.312	5.07148e-07
4.3121	4.97558e-07
4.3122	4.96963e-07
4.3123	4.84573e-07
4.3124	4.7582e-07
4.3125	4.71083e-07
4.3126	4.62935e-07
4.3127	4.52083e-07
4.3128	4.48259e-07
4.3129	4.43555e-07
4.313	4.34648e-07
4.3131	4.28258e-07
4.3132	4.18871e-07
4.3133	4.11172e-07
4.3134	4.02417e-07
4.3135	3.911e-07
4.3136	3.81961e-07
4.3137	3.71887e-07
4.3138	3.58562e-07
4.3139	3.48109e-07
4.314	3.40044e-07
4.3141	3.28307e-07
4.3142	3.18903e-07
4.3143	3.04191e-07
4.3144	2.8748e-07
4.3145	2.77355e-07
4.3146	2.65302e-07
4.3147	2.53394e-07
4.3148	2.38922e-07
4.3149	2.2378e-07
4.315	2.10085e-07
4.3151	2.01084e-07
4.3152	1.85263e-07
4.3153	1.70547e-07
4.3154	1.54001e-07
4.3155	1.45039e-07
4.3156	1.34952e-07
4.3157	1.27715e-07
4.3158	1.15156e-07
4.3159	1.02378e-07
4.316	8.35863e-08
4.3161	6.60447e-08
4.3162	5.17885e-08
4.3163	3.48682e-08
4.3164	1.97255e-08
4.3165	2.75561e-09
4.3166	-1.74359e-08
4.3167	-3.38123e-08
4.3168	-4.89525e-08
4.3169	-6.97666e-08
4.317	-8.65358e-08
4.3171	-1.08589e-07
4.3172	-1.31648e-07
4.3173	-1.52875e-07
4.3174	-1.63944e-07
4.3175	-1.75216e-07
4.3176	-1.82889e-07
4.3177	-2.01321e-07
4.3178	-2.20427e-07
4.3179	-2.40569e-07
4.318	-2.47675e-07
4.3181	-2.65989e-07
4.3182	-2.8756e-07
4.3183	-2.94585e-07
4.3184	-3.01738e-07
4.3185	-3.18111e-07
4.3186	-3.35426e-07
4.3187	-3.51157e-07
4.3188	-3.66912e-07
4.3189	-3.88643e-07
4.319	-3.99087e-07
4.3191	-4.20233e-07
4.3192	-4.41959e-07
4.3193	-4.58044e-07
4.3194	-4.72637e-07
4.3195	-4.86521e-07
4.3196	-5.01533e-07
4.3197	-5.17777e-07
4.3198	-5.3609e-07
4.3199	-5.48387e-07
4.32	-5.65839e-07
4.3201	-5.81349e-07
4.3202	-5.99278e-07
4.3203	-6.17816e-07
4.3204	-6.32769e-07
4.3205	-6.43461e-07
4.3206	-6.54334e-07
4.3207	-6.60487e-07
4.3208	-6.75867e-07
4.3209	-6.85616e-07
4.321	-7.00852e-07
4.3211	-7.13918e-07
4.3212	-7.26156e-07
4.3213	-7.39564e-07
4.3214	-7.46269e-07
4.3215	-7.58839e-07
4.3216	-7.70739e-07
4.3217	-7.80285e-07
4.3218	-7.90731e-07
4.3219	-7.99698e-07
4.322	-8.11998e-07
4.3221	-8.2239e-07
4.3222	-8.26966e-07
4.3223	-8.36077e-07
4.3224	-8.44472e-07
4.3225	-8.52074e-07
4.3226	-8.5871e-07
4.3227	-8.65347e-07
4.3228	-8.71685e-07
4.3229	-8.72455e-07
4.323	-8.77964e-07
4.3231	-8.83325e-07
4.3232	-8.85467e-07
4.3233	-8.88075e-07
4.3234	-8.86752e-07
4.3235	-8.84323e-07
4.3236	-8.87732e-07
4.3237	-8.89591e-07
4.3238	-8.90507e-07
4.3239	-8.91817e-07
4.324	-8.92723e-07
4.3241	-8.93654e-07
4.3242	-8.94152e-07
4.3243	-8.94499e-07
4.3244	-8.92114e-07
4.3245	-8.9033e-07
4.3246	-8.89022e-07
4.3247	-8.87e-07
4.3248	-8.85253e-07
4.3249	-8.83747e-07
4.325	-8.82381e-07
4.3251	-8.7974e-07
4.3252	-8.76127e-07
4.3253	-8.72337e-07
4.3254	-8.7051e-07
4.3255	-8.66844e-07
4.3256	-8.62693e-07
4.3257	-8.57157e-07
4.3258	-8.53163e-07
4.3259	-8.49693e-07
4.326	-8.46763e-07
4.3261	-8.43655e-07
4.3262	-8.40348e-07
4.3263	-8.33209e-07
4.3264	-8.29e-07
4.3265	-8.24978e-07
4.3266	-8.20521e-07
4.3267	-8.15679e-07
4.3268	-8.11896e-07
4.3269	-8.0674e-07
4.327	-8.02125e-07
4.3271	-7.96995e-07
4.3272	-7.90969e-07
4.3273	-7.86031e-07
4.3274	-7.82057e-07
4.3275	-7.75578e-07
4.3276	-7.68479e-07
4.3277	-7.62284e-07
4.3278	-7.56865e-07
4.3279	-7.51729e-07
4.328	-7.45983e-07
4.3281	-7.4157e-07
4.3282	-7.31974e-07
4.3283	-7.25111e-07
4.3284	-7.16875e-07
4.3285	-7.08833e-07
4.3286	-7.00419e-07
4.3287	-6.93926e-07
4.3288	-6.87273e-07
4.3289	-6.79045e-07
4.329	-6.70937e-07
4.3291	-6.62762e-07
4.3292	-6.5465e-07
4.3293	-6.45578e-07
4.3294	-6.37734e-07
4.3295	-6.29807e-07
4.3296	-6.21964e-07
4.3297	-6.17193e-07
4.3298	-6.06388e-07
4.3299	-5.98222e-07
4.33	-5.9163e-07
4.3301	-5.81289e-07
4.3302	-5.69344e-07
4.3303	-5.60563e-07
4.3304	-5.51278e-07
4.3305	-5.42675e-07
4.3306	-5.33374e-07
4.3307	-5.2336e-07
4.3308	-5.1366e-07
4.3309	-5.04735e-07
4.331	-4.98194e-07
4.3311	-4.8889e-07
4.3312	-4.79681e-07
4.3313	-4.70634e-07
4.3314	-4.60017e-07
4.3315	-4.52561e-07
4.3316	-4.4226e-07
4.3317	-4.32106e-07
4.3318	-4.22025e-07
4.3319	-4.12463e-07
4.332	-4.02014e-07
4.3321	-3.88845e-07
4.3322	-3.79154e-07
4.3323	-3.68677e-07
4.3324	-3.58411e-07
4.3325	-3.4809e-07
4.3326	-3.39304e-07
4.3327	-3.30295e-07
4.3328	-3.2102e-07
4.3329	-3.12582e-07
4.333	-3.03434e-07
4.3331	-2.95544e-07
4.3332	-2.8686e-07
4.3333	-2.75356e-07
4.3334	-2.64652e-07
4.3335	-2.53705e-07
4.3336	-2.44221e-07
4.3337	-2.3665e-07
4.3338	-2.3086e-07
4.3339	-2.20271e-07
4.334	-2.07558e-07
4.3341	-1.99319e-07
4.3342	-1.92277e-07
4.3343	-1.83923e-07
4.3344	-1.76657e-07
4.3345	-1.68951e-07
4.3346	-1.61839e-07
4.3347	-1.50965e-07
4.3348	-1.40646e-07
4.3349	-1.29025e-07
4.335	-1.18316e-07
4.3351	-1.07498e-07
4.3352	-1.0043e-07
4.3353	-9.54567e-08
4.3354	-8.91233e-08
4.3355	-7.73389e-08
4.3356	-7.21485e-08
4.3357	-6.09538e-08
4.3358	-5.00238e-08
4.3359	-4.53403e-08
4.336	-4.09236e-08
4.3361	-3.14753e-08
4.3362	-2.69323e-08
4.3363	-2.30233e-08
4.3364	-1.87045e-08
4.3365	-1.45032e-08
4.3366	-1.25689e-08
4.3367	-3.36859e-09
4.3368	1.12131e-09
4.3369	7.19945e-09
4.337	1.37256e-08
4.3371	1.42996e-08
4.3372	1.98739e-08
4.3373	2.23789e-08
4.3374	2.59023e-08
4.3375	2.76277e-08
4.3376	2.71529e-08
4.3377	2.9916e-08
4.3378	2.89593e-08
4.3379	3.6579e-08
4.338	4.29185e-08
4.3381	4.78261e-08
4.3382	4.91444e-08
4.3383	4.97407e-08
4.3384	4.88736e-08
4.3385	4.90068e-08
4.3386	5.27994e-08
4.3387	5.88881e-08
4.3388	5.87476e-08
4.3389	5.81637e-08
4.339	5.70522e-08
4.3391	5.5151e-08
4.3392	5.34624e-08
4.3393	5.03706e-08
4.3394	4.68594e-08
4.3395	4.4759e-08
4.3396	4.06533e-08
4.3397	3.33728e-08
4.3398	2.95367e-08
4.3399	2.50006e-08
4.34	2.04471e-08
4.3401	1.77264e-08
4.3402	1.08108e-08
4.3403	9.37318e-09
4.3404	9.03686e-09
4.3405	9.45999e-09
4.3406	5.57338e-09
4.3407	-1.65488e-09
4.3408	-7.67839e-09
4.3409	-8.95269e-09
4.341	-1.39832e-08
4.3411	-1.54739e-08
4.3412	-2.17672e-08
4.3413	-2.82439e-08
4.3414	-3.45647e-08
4.3415	-3.77036e-08
4.3416	-4.73282e-08
4.3417	-5.35359e-08
4.3418	-6.04587e-08
4.3419	-6.62974e-08
4.342	-7.51985e-08
4.3421	-7.9372e-08
4.3422	-8.00271e-08
4.3423	-8.73608e-08
4.3424	-9.39516e-08
4.3425	-1.02298e-07
4.3426	-1.09821e-07
4.3427	-1.14693e-07
4.3428	-1.22948e-07
4.3429	-1.2532e-07
4.343	-1.29021e-07
4.3431	-1.32117e-07
4.3432	-1.36799e-07
4.3433	-1.40463e-07
4.3434	-1.48107e-07
4.3435	-1.50512e-07
4.3436	-1.62726e-07
4.3437	-1.70704e-07
4.3438	-1.72215e-07
4.3439	-1.7451e-07
4.344	-1.85574e-07
4.3441	-1.9735e-07
4.3442	-2.00479e-07
4.3443	-2.11174e-07
4.3444	-2.19695e-07
4.3445	-2.2983e-07
4.3446	-2.41328e-07
4.3447	-2.46772e-07
4.3448	-2.54274e-07
4.3449	-2.62892e-07
4.345	-2.71153e-07
4.3451	-2.75853e-07
4.3452	-2.84359e-07
4.3453	-2.91464e-07
4.3454	-2.99513e-07
4.3455	-3.0263e-07
4.3456	-3.11352e-07
4.3457	-3.14733e-07
4.3458	-3.2844e-07
4.3459	-3.37225e-07
4.346	-3.45172e-07
4.3461	-3.49868e-07
4.3462	-3.58997e-07
4.3463	-3.67436e-07
4.3464	-3.72871e-07
4.3465	-3.76096e-07
4.3466	-3.82598e-07
4.3467	-3.89528e-07
4.3468	-3.97806e-07
4.3469	-4.02619e-07
4.347	-4.06652e-07
4.3471	-4.15212e-07
4.3472	-4.20332e-07
4.3473	-4.26542e-07
4.3474	-4.35946e-07
4.3475	-4.42321e-07
4.3476	-4.4832e-07
4.3477	-4.57534e-07
4.3478	-4.63106e-07
4.3479	-4.66924e-07
4.348	-4.75038e-07
4.3481	-4.81859e-07
4.3482	-4.88878e-07
4.3483	-4.94567e-07
4.3484	-5.03771e-07
4.3485	-5.12968e-07
4.3486	-5.18014e-07
4.3487	-5.2221e-07
4.3488	-5.27348e-07
4.3489	-5.32524e-07
4.349	-5.36898e-07
4.3491	-5.42419e-07
4.3492	-5.47514e-07
4.3493	-5.53924e-07
4.3494	-5.5823e-07
4.3495	-5.62365e-07
4.3496	-5.65297e-07
4.3497	-5.68964e-07
4.3498	-5.71392e-07
4.3499	-5.73869e-07
4.35	-5.75105e-07
4.3501	-5.76746e-07
4.3502	-5.79547e-07
4.3503	-5.80652e-07
4.3504	-5.82066e-07
4.3505	-5.85408e-07
4.3506	-5.87037e-07
4.3507	-5.85577e-07
4.3508	-5.86063e-07
4.3509	-5.86879e-07
4.351	-5.86522e-07
4.3511	-5.85843e-07
4.3512	-5.8514e-07
4.3513	-5.83663e-07
4.3514	-5.8273e-07
4.3515	-5.8142e-07
4.3516	-5.79152e-07
4.3517	-5.78056e-07
4.3518	-5.76395e-07
4.3519	-5.73058e-07
4.352	-5.71612e-07
4.3521	-5.70317e-07
4.3522	-5.66846e-07
4.3523	-5.63393e-07
4.3524	-5.60393e-07
4.3525	-5.59045e-07
4.3526	-5.55074e-07
4.3527	-5.5087e-07
4.3528	-5.47284e-07
4.3529	-5.43039e-07
4.353	-5.39388e-07
4.3531	-5.36132e-07
4.3532	-5.32553e-07
4.3533	-5.28344e-07
4.3534	-5.24241e-07
4.3535	-5.19433e-07
4.3536	-5.15704e-07
4.3537	-5.11934e-07
4.3538	-5.03806e-07
4.3539	-5.0092e-07
4.354	-4.96742e-07
4.3541	-4.92702e-07
4.3542	-4.88016e-07
4.3543	-4.84151e-07
4.3544	-4.79667e-07
4.3545	-4.74849e-07
4.3546	-4.70497e-07
4.3547	-4.66675e-07
4.3548	-4.61313e-07
4.3549	-4.56853e-07
4.355	-4.5161e-07
4.3551	-4.46541e-07
4.3552	-4.41346e-07
4.3553	-4.35574e-07
4.3554	-4.30017e-07
4.3555	-4.26328e-07
4.3556	-4.20015e-07
4.3557	-4.13126e-07
4.3558	-4.0965e-07
4.3559	-4.03372e-07
4.356	-3.9887e-07
4.3561	-3.92717e-07
4.3562	-3.88745e-07
4.3563	-3.84289e-07
4.3564	-3.78975e-07
4.3565	-3.75992e-07
4.3566	-3.70085e-07
4.3567	-3.66992e-07
4.3568	-3.61589e-07
4.3569	-3.56497e-07
4.357	-3.50882e-07
4.3571	-3.45209e-07
4.3572	-3.393e-07
4.3573	-3.33723e-07
4.3574	-3.29934e-07
4.3575	-3.24767e-07
4.3576	-3.20245e-07
4.3577	-3.14114e-07
4.3578	-3.09789e-07
4.3579	-3.04357e-07
4.358	-2.98604e-07
4.3581	-2.93845e-07
4.3582	-2.88111e-07
4.3583	-2.81183e-07
4.3584	-2.7321e-07
4.3585	-2.69795e-07
4.3586	-2.6537e-07
4.3587	-2.59795e-07
4.3588	-2.54143e-07
4.3589	-2.48102e-07
4.359	-2.44119e-07
4.3591	-2.38462e-07
4.3592	-2.32858e-07
4.3593	-2.27052e-07
4.3594	-2.2003e-07
4.3595	-2.1372e-07
4.3596	-2.09762e-07
4.3597	-2.04919e-07
4.3598	-2.00542e-07
4.3599	-1.96966e-07
4.36	-1.91506e-07
4.3601	-1.86107e-07
4.3602	-1.79846e-07
4.3603	-1.76596e-07
4.3604	-1.70867e-07
4.3605	-1.64634e-07
4.3606	-1.59895e-07
4.3607	-1.54694e-07
4.3608	-1.489e-07
4.3609	-1.43358e-07
4.361	-1.37602e-07
4.3611	-1.31377e-07
4.3612	-1.2543e-07
4.3613	-1.19444e-07
4.3614	-1.14596e-07
4.3615	-1.09561e-07
4.3616	-1.03886e-07
4.3617	-9.83348e-08
4.3618	-9.29529e-08
4.3619	-8.71229e-08
4.362	-8.09687e-08
4.3621	-7.52641e-08
4.3622	-7.01356e-08
4.3623	-6.42435e-08
4.3624	-5.73604e-08
4.3625	-5.1373e-08
4.3626	-4.52346e-08
4.3627	-3.94834e-08
4.3628	-3.38886e-08
4.3629	-2.87372e-08
4.363	-2.33959e-08
4.3631	-1.727e-08
4.3632	-1.20776e-08
4.3633	-5.94052e-09
4.3634	3.2262e-10
4.3635	6.30424e-09
4.3636	1.16916e-08
4.3637	1.87045e-08
4.3638	2.61975e-08
4.3639	3.21746e-08
4.364	3.85694e-08
4.3641	4.35394e-08
4.3642	4.93786e-08
4.3643	5.61482e-08
4.3644	6.42078e-08
4.3645	7.21681e-08
4.3646	7.90731e-08
4.3647	8.68418e-08
4.3648	9.35892e-08
4.3649	1.00606e-07
4.365	1.05501e-07
4.3651	1.12982e-07
4.3652	1.17677e-07
4.3653	1.25142e-07
4.3654	1.30838e-07
4.3655	1.38051e-07
4.3656	1.45876e-07
4.3657	1.52166e-07
4.3658	1.60964e-07
4.3659	1.68972e-07
4.366	1.76015e-07
4.3661	1.83966e-07
4.3662	1.88646e-07
4.3663	1.96364e-07
4.3664	2.04048e-07
4.3665	2.11419e-07
4.3666	2.19145e-07
4.3667	2.26897e-07
4.3668	2.34607e-07
4.3669	2.3741e-07
4.367	2.46087e-07
4.3671	2.5583e-07
4.3672	2.61689e-07
4.3673	2.70574e-07
4.3674	2.77144e-07
4.3675	2.84561e-07
4.3676	2.88142e-07
4.3677	2.95678e-07
4.3678	2.95061e-07
4.3679	3.02707e-07
4.368	3.12069e-07
4.3681	3.19649e-07
4.3682	3.2175e-07
4.3683	3.31377e-07
4.3684	3.38691e-07
4.3685	3.46424e-07
4.3686	3.53478e-07
4.3687	3.59654e-07
4.3688	3.65896e-07
4.3689	3.73229e-07
4.369	3.80454e-07
4.3691	3.84273e-07
4.3692	3.91774e-07
4.3693	3.92671e-07
4.3694	3.938e-07
4.3695	3.99543e-07
4.3696	4.09737e-07
4.3697	4.0908e-07
4.3698	4.13615e-07
4.3699	4.19265e-07
4.37	4.25624e-07
4.3701	4.3518e-07
4.3702	4.45121e-07
4.3703	4.44278e-07
4.3704	4.48711e-07
4.3705	4.53856e-07
4.3706	4.53021e-07
4.3707	4.58608e-07
4.3708	4.68289e-07
4.3709	4.73832e-07
4.371	4.69024e-07
4.3711	4.72175e-07
4.3712	4.75715e-07
4.3713	4.7408e-07
4.3714	4.77001e-07
4.3715	4.74771e-07
4.3716	4.79235e-07
4.3717	4.83993e-07
4.3718	4.93019e-07
4.3719	4.96562e-07
4.372	4.98103e-07
4.3721	5.02058e-07
4.3722	5.09594e-07
4.3723	5.176e-07
4.3724	5.2607e-07
4.3725	5.26791e-07
4.3726	5.34972e-07
4.3727	5.38584e-07
4.3728	5.42399e-07
4.3729	5.49842e-07
4.373	5.55742e-07
4.3731	5.56943e-07
4.3732	5.633e-07
4.3733	5.64568e-07
4.3734	5.64388e-07
4.3735	5.64805e-07
4.3736	5.71644e-07
4.3737	5.76478e-07
4.3738	5.82343e-07
4.3739	5.80264e-07
4.374	5.84817e-07
4.3741	5.82725e-07
4.3742	5.80844e-07
4.3743	5.78823e-07
4.3744	5.79786e-07
4.3745	5.82292e-07
4.3746	5.85296e-07
4.3747	5.83116e-07
4.3748	5.84101e-07
4.3749	5.88324e-07
4.375	5.90053e-07
4.3751	5.85997e-07
4.3752	5.86846e-07
4.3753	5.80023e-07
4.3754	5.79833e-07
4.3755	5.8121e-07
4.3756	5.8216e-07
4.3757	5.81887e-07
4.3758	5.80662e-07
4.3759	5.74928e-07
4.376	5.74189e-07
4.3761	5.73679e-07
4.3762	5.71339e-07
4.3763	5.66502e-07
4.3764	5.61175e-07
4.3765	5.56943e-07
4.3766	5.53234e-07
4.3767	5.45718e-07
4.3768	5.41772e-07
4.3769	5.31497e-07
4.377	5.24429e-07
4.3771	5.21272e-07
4.3772	5.13392e-07
4.3773	5.10503e-07
4.3774	5.00571e-07
4.3775	4.93056e-07
4.3776	4.85813e-07
4.3777	4.79997e-07
4.3778	4.69069e-07
4.3779	4.59178e-07
4.378	4.5009e-07
4.3781	4.40636e-07
4.3782	4.31158e-07
4.3783	4.20589e-07
4.3784	4.04572e-07
4.3785	3.92756e-07
4.3786	3.79907e-07
4.3787	3.64256e-07
4.3788	3.54197e-07
4.3789	3.41036e-07
4.379	3.29531e-07
4.3791	3.16172e-07
4.3792	3.00867e-07
4.3793	2.855e-07
4.3794	2.70247e-07
4.3795	2.604e-07
4.3796	2.47279e-07
4.3797	2.33457e-07
4.3798	2.15673e-07
4.3799	1.99598e-07
4.38	1.91876e-07
4.3801	1.77576e-07
4.3802	1.5928e-07
4.3803	1.45202e-07
4.3804	1.26011e-07
4.3805	1.11392e-07
4.3806	9.33176e-08
4.3807	7.97356e-08
4.3808	6.97384e-08
4.3809	4.9137e-08
4.381	2.9371e-08
4.3811	9.33173e-09
4.3812	-1.15096e-08
4.3813	-2.83799e-08
4.3814	-5.07234e-08
4.3815	-6.69153e-08
4.3816	-7.79632e-08
4.3817	-9.5278e-08
4.3818	-1.14087e-07
4.3819	-1.25885e-07
4.382	-1.44591e-07
4.3821	-1.61342e-07
4.3822	-1.81087e-07
4.3823	-1.87156e-07
4.3824	-2.05416e-07
4.3825	-2.2314e-07
4.3826	-2.39981e-07
4.3827	-2.5606e-07
4.3828	-2.7366e-07
4.3829	-2.96535e-07
4.383	-3.18502e-07
4.3831	-3.39991e-07
4.3832	-3.49993e-07
4.3833	-3.66406e-07
4.3834	-3.80497e-07
4.3835	-4.02197e-07
4.3836	-4.22401e-07
4.3837	-4.37888e-07
4.3838	-4.52848e-07
4.3839	-4.73596e-07
4.384	-4.88658e-07
4.3841	-5.05403e-07
4.3842	-5.17509e-07
4.3843	-5.29941e-07
4.3844	-5.47344e-07
4.3845	-5.58756e-07
4.3846	-5.68942e-07
4.3847	-5.84464e-07
4.3848	-5.96061e-07
4.3849	-6.12111e-07
4.385	-6.26783e-07
4.3851	-6.42007e-07
4.3852	-6.4874e-07
4.3853	-6.63794e-07
4.3854	-6.77343e-07
4.3855	-6.90836e-07
4.3856	-7.02941e-07
4.3857	-7.12818e-07
4.3858	-7.19382e-07
4.3859	-7.31309e-07
4.386	-7.41761e-07
4.3861	-7.51469e-07
4.3862	-7.61402e-07
4.3863	-7.713e-07
4.3864	-7.77328e-07
4.3865	-7.84332e-07
4.3866	-7.9332e-07
4.3867	-7.99776e-07
4.3868	-8.06918e-07
4.3869	-8.14118e-07
4.387	-8.1938e-07
4.3871	-8.25226e-07
4.3872	-8.30266e-07
4.3873	-8.30677e-07
4.3874	-8.35337e-07
4.3875	-8.38756e-07
4.3876	-8.43201e-07
4.3877	-8.45987e-07
4.3878	-8.48495e-07
4.3879	-8.50565e-07
4.388	-8.52505e-07
4.3881	-8.53496e-07
4.3882	-8.54399e-07
4.3883	-8.53092e-07
4.3884	-8.53134e-07
4.3885	-8.52956e-07
4.3886	-8.52724e-07
4.3887	-8.52738e-07
4.3888	-8.52146e-07
4.3889	-8.51627e-07
4.389	-8.50666e-07
4.3891	-8.47797e-07
4.3892	-8.45514e-07
4.3893	-8.40895e-07
4.3894	-8.36267e-07
4.3895	-8.34115e-07
4.3896	-8.31001e-07
4.3897	-8.26914e-07
4.3898	-8.21386e-07
4.3899	-8.15696e-07
4.39	-8.11976e-07
4.3901	-8.0889e-07
4.3902	-8.04674e-07
4.3903	-8.02457e-07
4.3904	-7.96743e-07
4.3905	-7.91962e-07
4.3906	-7.87565e-07
4.3907	-7.83756e-07
4.3908	-7.7962e-07
4.3909	-7.7517e-07
4.391	-7.70386e-07
4.3911	-7.64898e-07
4.3912	-7.62997e-07
4.3913	-7.57536e-07
4.3914	-7.50569e-07
4.3915	-7.44325e-07
4.3916	-7.3822e-07
4.3917	-7.32536e-07
4.3918	-7.26681e-07
4.3919	-7.20674e-07
4.392	-7.14359e-07
4.3921	-7.08766e-07
4.3922	-7.00534e-07
4.3923	-6.93384e-07
4.3924	-6.85906e-07
4.3925	-6.77889e-07
4.3926	-6.69596e-07
4.3927	-6.60974e-07
4.3928	-6.55681e-07
4.3929	-6.47768e-07
4.393	-6.39806e-07
4.3931	-6.31036e-07
4.3932	-6.21381e-07
4.3933	-6.12722e-07
4.3934	-6.0324e-07
4.3935	-5.95029e-07
4.3936	-5.86528e-07
4.3937	-5.80215e-07
4.3938	-5.71351e-07
4.3939	-5.63285e-07
4.394	-5.53715e-07
4.3941	-5.46695e-07
4.3942	-5.35793e-07
4.3943	-5.2702e-07
4.3944	-5.17695e-07
4.3945	-5.15086e-07
4.3946	-5.05478e-07
4.3947	-4.96831e-07
4.3948	-4.85545e-07
4.3949	-4.77341e-07
4.395	-4.6835e-07
4.3951	-4.5808e-07
4.3952	-4.47314e-07
4.3953	-4.36266e-07
4.3954	-4.2842e-07
4.3955	-4.18024e-07
4.3956	-4.09862e-07
4.3957	-3.99903e-07
4.3958	-3.90243e-07
4.3959	-3.8013e-07
4.396	-3.67758e-07
4.3961	-3.56169e-07
4.3962	-3.47123e-07
4.3963	-3.36318e-07
4.3964	-3.26144e-07
4.3965	-3.15849e-07
4.3966	-3.05116e-07
4.3967	-2.95583e-07
4.3968	-2.86283e-07
4.3969	-2.76766e-07
4.397	-2.67364e-07
4.3971	-2.55934e-07
4.3972	-2.49946e-07
4.3973	-2.39597e-07
4.3974	-2.29385e-07
4.3975	-2.21064e-07
4.3976	-2.09944e-07
4.3977	-1.99887e-07
4.3978	-1.95286e-07
4.3979	-1.85314e-07
4.398	-1.7321e-07
4.3981	-1.65246e-07
4.3982	-1.5353e-07
4.3983	-1.45685e-07
4.3984	-1.35072e-07
4.3985	-1.2458e-07
4.3986	-1.16646e-07
4.3987	-1.05087e-07
4.3988	-9.52099e-08
4.3989	-8.37615e-08
4.399	-7.6431e-08
4.3991	-6.57143e-08
4.3992	-5.84247e-08
4.3993	-5.4581e-08
4.3994	-4.81329e-08
4.3995	-4.1433e-08
4.3996	-3.17142e-08
4.3997	-2.17094e-08
4.3998	-1.75826e-08
4.3999	-1.36115e-08
4.4	-8.9474e-09
4.4001	1.2453e-10
4.4002	4.50506e-09
4.4003	1.00489e-08
4.4004	1.38753e-08
4.4005	2.41574e-08
4.4006	3.3059e-08
4.4007	4.15502e-08
4.4008	4.28451e-08
4.4009	5.42536e-08
4.401	5.6073e-08
4.4011	6.00195e-08
4.4012	6.56974e-08
4.4013	6.4205e-08
4.4014	7.41856e-08
4.4015	7.56068e-08
4.4016	7.78339e-08
4.4017	8.54661e-08
4.4018	8.37384e-08
4.4019	9.26967e-08
4.402	9.76393e-08
4.4021	9.68893e-08
4.4022	1.01545e-07
4.4023	9.91174e-08
4.4024	9.82196e-08
4.4025	9.91212e-08
4.4026	9.57915e-08
4.4027	1.00456e-07
4.4028	1.02664e-07
4.4029	1.02397e-07
4.403	1.00294e-07
4.4031	9.87757e-08
4.4032	9.74653e-08
4.4033	1.00983e-07
4.4034	9.50582e-08
4.4035	9.69212e-08
4.4036	9.24447e-08
4.4037	8.46336e-08
4.4038	8.05344e-08
4.4039	7.65643e-08
4.404	7.52541e-08
4.4041	7.23635e-08
4.4042	6.63149e-08
4.4043	6.92468e-08
4.4044	7.10399e-08
4.4045	6.66447e-08
4.4046	6.23975e-08
4.4047	6.12513e-08
4.4048	6.05396e-08
4.4049	5.48982e-08
4.405	5.55334e-08
4.4051	4.92394e-08
4.4052	4.32906e-08
4.4053	3.92789e-08
4.4054	3.4179e-08
4.4055	3.16773e-08
4.4056	2.25284e-08
4.4057	1.5864e-08
4.4058	8.60319e-09
4.4059	4.22056e-09
4.406	2.26014e-09
4.4061	2.06015e-09
4.4062	-3.08976e-09
4.4063	-7.31324e-09
4.4064	-1.37851e-08
4.4065	-2.08269e-08
4.4066	-2.8539e-08
4.4067	-3.38146e-08
4.4068	-4.19144e-08
4.4069	-4.98746e-08
4.407	-5.20868e-08
4.4071	-6.36506e-08
4.4072	-7.58283e-08
4.4073	-8.58079e-08
4.4074	-9.72825e-08
4.4075	-1.09177e-07
4.4076	-1.207e-07
4.4077	-1.32041e-07
4.4078	-1.32567e-07
4.4079	-1.37309e-07
4.408	-1.46665e-07
4.4081	-1.53997e-07
4.4082	-1.65851e-07
4.4083	-1.73009e-07
4.4084	-1.80466e-07
4.4085	-1.84118e-07
4.4086	-1.89046e-07
4.4087	-1.99101e-07
4.4088	-1.99859e-07
4.4089	-2.08193e-07
4.409	-2.20004e-07
4.4091	-2.29655e-07
4.4092	-2.37886e-07
4.4093	-2.4588e-07
4.4094	-2.53788e-07
4.4095	-2.61345e-07
4.4096	-2.75361e-07
4.4097	-2.82477e-07
4.4098	-2.86309e-07
4.4099	-2.903e-07
4.41	-2.98021e-07
4.4101	-3.02131e-07
4.4102	-3.06372e-07
4.4103	-3.10166e-07
4.4104	-3.13787e-07
4.4105	-3.23013e-07
4.4106	-3.28166e-07
4.4107	-3.37037e-07
4.4108	-3.45956e-07
4.4109	-3.5082e-07
4.411	-3.55214e-07
4.4111	-3.63416e-07
4.4112	-3.728e-07
4.4113	-3.81318e-07
4.4114	-3.8922e-07
4.4115	-3.94054e-07
4.4116	-4.00092e-07
4.4117	-4.05909e-07
4.4118	-4.1374e-07
4.4119	-4.17797e-07
4.412	-4.24514e-07
4.4121	-4.28329e-07
4.4122	-4.35722e-07
4.4123	-4.42609e-07
4.4124	-4.49411e-07
4.4125	-4.55005e-07
4.4126	-4.59854e-07
4.4127	-4.64652e-07
4.4128	-4.70656e-07
4.4129	-4.73543e-07
4.413	-4.7914e-07
4.4131	-4.84577e-07
4.4132	-4.87368e-07
4.4133	-4.90322e-07
4.4134	-4.93903e-07
4.4135	-4.95995e-07
4.4136	-5.01346e-07
4.4137	-5.05247e-07
4.4138	-5.06888e-07
4.4139	-5.08424e-07
4.414	-5.09498e-07
4.4141	-5.11194e-07
4.4142	-5.11862e-07
4.4143	-5.13623e-07
4.4144	-5.15327e-07
4.4145	-5.16976e-07
4.4146	-5.15246e-07
4.4147	-5.16063e-07
4.4148	-5.16129e-07
4.4149	-5.1524e-07
4.415	-5.14534e-07
4.4151	-5.16189e-07
4.4152	-5.15111e-07
4.4153	-5.13344e-07
4.4154	-5.11416e-07
4.4155	-5.10401e-07
4.4156	-5.08126e-07
4.4157	-5.06933e-07
4.4158	-5.04953e-07
4.4159	-5.02571e-07
4.416	-5.00105e-07
4.4161	-4.98258e-07
4.4162	-4.93907e-07
4.4163	-4.90887e-07
4.4164	-4.88753e-07
4.4165	-4.86195e-07
4.4166	-4.80962e-07
4.4167	-4.77079e-07
4.4168	-4.73535e-07
4.4169	-4.69446e-07
4.417	-4.66283e-07
4.4171	-4.62717e-07
4.4172	-4.57308e-07
4.4173	-4.52547e-07
4.4174	-4.48644e-07
4.4175	-4.44935e-07
4.4176	-4.4036e-07
4.4177	-4.35148e-07
4.4178	-4.3006e-07
4.4179	-4.23318e-07
4.418	-4.21004e-07
4.4181	-4.16741e-07
4.4182	-4.11909e-07
4.4183	-4.0715e-07
4.4184	-4.01344e-07
4.4185	-3.96495e-07
4.4186	-3.91771e-07
4.4187	-3.87339e-07
4.4188	-3.78909e-07
4.4189	-3.73796e-07
4.419	-3.68004e-07
4.4191	-3.63154e-07
4.4192	-3.57494e-07
4.4193	-3.51086e-07
4.4194	-3.4556e-07
4.4195	-3.41146e-07
4.4196	-3.37282e-07
4.4197	-3.30687e-07
4.4198	-3.27086e-07
4.4199	-3.2203e-07
4.42	-3.18612e-07
4.4201	-3.15806e-07
4.4202	-3.1084e-07
4.4203	-3.05717e-07
4.4204	-3.00595e-07
4.4205	-2.95362e-07
4.4206	-2.88532e-07
4.4207	-2.83425e-07
4.4208	-2.78795e-07
4.4209	-2.7404e-07
4.421	-2.70011e-07
4.4211	-2.64186e-07
4.4212	-2.59531e-07
4.4213	-2.5522e-07
4.4214	-2.48831e-07
4.4215	-2.43543e-07
4.4216	-2.3793e-07
4.4217	-2.32817e-07
4.4218	-2.28354e-07
4.4219	-2.22309e-07
4.422	-2.16823e-07
4.4221	-2.10654e-07
4.4222	-2.06133e-07
4.4223	-1.99538e-07
4.4224	-1.92635e-07
4.4225	-1.87875e-07
4.4226	-1.84337e-07
4.4227	-1.7854e-07
4.4228	-1.72429e-07
4.4229	-1.66924e-07
4.423	-1.60969e-07
4.4231	-1.5513e-07
4.4232	-1.49685e-07
4.4233	-1.44517e-07
4.4234	-1.37954e-07
4.4235	-1.34379e-07
4.4236	-1.28552e-07
4.4237	-1.24246e-07
4.4238	-1.17967e-07
4.4239	-1.1292e-07
4.424	-1.07785e-07
4.4241	-1.0214e-07
4.4242	-9.45105e-08
4.4243	-9.08981e-08
4.4244	-8.75779e-08
4.4245	-8.26238e-08
4.4246	-7.73845e-08
4.4247	-7.21203e-08
4.4248	-6.78873e-08
4.4249	-6.19201e-08
4.425	-5.5952e-08
4.4251	-4.96746e-08
4.4252	-4.35767e-08
4.4253	-3.91324e-08
4.4254	-3.362e-08
4.4255	-2.76455e-08
4.4256	-2.21437e-08
4.4257	-1.61705e-08
4.4258	-1.05112e-08
4.4259	-4.38673e-09
4.426	1.34073e-09
4.4261	8.59625e-09
4.4262	1.30621e-08
4.4263	1.87847e-08
4.4264	2.48682e-08
4.4265	3.00758e-08
4.4266	3.6161e-08
4.4267	4.25799e-08
4.4268	4.77427e-08
4.4269	5.41085e-08
4.427	6.01122e-08
4.4271	6.64891e-08
4.4272	7.28905e-08
4.4273	8.01531e-08
4.4274	8.68845e-08
4.4275	9.20593e-08
4.4276	9.93372e-08
4.4277	1.05535e-07
4.4278	1.10758e-07
4.4279	1.16992e-07
4.428	1.22197e-07
4.4281	1.24291e-07
4.4282	1.31593e-07
4.4283	1.39026e-07
4.4284	1.45811e-07
4.4285	1.52759e-07
4.4286	1.59435e-07
4.4287	1.66811e-07
4.4288	1.71666e-07
4.4289	1.79051e-07
4.429	1.85754e-07
4.4291	1.92304e-07
4.4292	1.9987e-07
4.4293	2.04803e-07
4.4294	2.12683e-07
4.4295	2.19075e-07
4.4296	2.26893e-07
4.4297	2.34912e-07
4.4298	2.42438e-07
4.4299	2.49591e-07
4.43	2.54207e-07
4.4301	2.61403e-07
4.4302	2.68288e-07
4.4303	2.73083e-07
4.4304	2.8111e-07
4.4305	2.86561e-07
4.4306	2.91006e-07
4.4307	3.00023e-07
4.4308	3.03723e-07
4.4309	3.11043e-07
4.431	3.17983e-07
4.4311	3.24785e-07
4.4312	3.33743e-07
4.4313	3.42903e-07
4.4314	3.50472e-07
4.4315	3.58614e-07
4.4316	3.61083e-07
4.4317	3.63893e-07
4.4318	3.71592e-07
4.4319	3.79377e-07
4.432	3.81463e-07
4.4321	3.81804e-07
4.4322	3.89183e-07
4.4323	3.95521e-07
4.4324	4.03719e-07
4.4325	4.10981e-07
4.4326	4.21024e-07
4.4327	4.289e-07
4.4328	4.33618e-07
4.4329	4.3875e-07
4.433	4.45018e-07
4.4331	4.51499e-07
4.4332	4.57713e-07
4.4333	4.5589e-07
4.4334	4.52705e-07
4.4335	4.58265e-07
4.4336	4.58336e-07
4.4337	4.64067e-07
4.4338	4.6867e-07
4.4339	4.68871e-07
4.434	4.702e-07
4.4341	4.75395e-07
4.4342	4.72031e-07
4.4343	4.76664e-07
4.4344	4.81152e-07
4.4345	4.80864e-07
4.4346	4.8907e-07
4.4347	4.98532e-07
4.4348	5.0308e-07
4.4349	5.01872e-07
4.435	5.04347e-07
4.4351	5.07312e-07
4.4352	5.05178e-07
4.4353	5.0235e-07
4.4354	5.05479e-07
4.4355	5.0738e-07
4.4356	5.06167e-07
4.4357	5.08734e-07
4.4358	5.11104e-07
4.4359	5.11568e-07
4.436	5.09317e-07
4.4361	5.05765e-07
4.4362	5.07748e-07
4.4363	5.08714e-07
4.4364	5.12003e-07
4.4365	5.12714e-07
4.4366	5.13354e-07
4.4367	5.18424e-07
4.4368	5.17919e-07
4.4369	5.24059e-07
4.437	5.24613e-07
4.4371	5.25063e-07
4.4372	5.32643e-07
4.4373	5.40417e-07
4.4374	5.46154e-07
4.4375	5.52318e-07
4.4376	5.52442e-07
4.4377	5.57838e-07
4.4378	5.5641e-07
4.4379	5.54288e-07
4.438	5.52478e-07
4.4381	5.58241e-07
4.4382	5.56106e-07
4.4383	5.55434e-07
4.4384	5.53301e-07
4.4385	5.51996e-07
4.4386	5.55018e-07
4.4387	5.56783e-07
4.4388	5.50456e-07
4.4389	5.48095e-07
4.439	5.49885e-07
4.4391	5.52796e-07
4.4392	5.46373e-07
4.4393	5.46636e-07
4.4394	5.41707e-07
4.4395	5.35643e-07
4.4396	5.29028e-07
4.4397	5.2276e-07
4.4398	5.14466e-07
4.4399	5.08657e-07
4.44	5.05452e-07
4.4401	5.03888e-07
4.4402	4.97961e-07
4.4403	4.86938e-07
4.4404	4.79781e-07
4.4405	4.71776e-07
4.4406	4.68491e-07
4.4407	4.60134e-07
4.4408	4.5477e-07
4.4409	4.49918e-07
4.441	4.3967e-07
4.4411	4.30263e-07
4.4412	4.21562e-07
4.4413	4.12185e-07
4.4414	4.03637e-07
4.4415	3.93987e-07
4.4416	3.86467e-07
4.4417	3.78454e-07
4.4418	3.69373e-07
4.4419	3.58002e-07
4.442	3.49585e-07
4.4421	3.37288e-07
4.4422	3.26093e-07
4.4423	3.17496e-07
4.4424	3.01763e-07
4.4425	2.91185e-07
4.4426	2.7923e-07
4.4427	2.70905e-07
4.4428	2.57232e-07
4.4429	2.4137e-07
4.443	2.26052e-07
4.4431	2.09412e-07
4.4432	1.95717e-07
4.4433	1.88235e-07
4.4434	1.69845e-07
4.4435	1.54062e-07
4.4436	1.4166e-07
4.4437	1.29471e-07
4.4438	1.19418e-07
4.4439	1.11934e-07
4.444	9.77891e-08
4.4441	8.13206e-08
4.4442	6.70773e-08
4.4443	5.93262e-08
4.4444	4.23121e-08
4.4445	2.73553e-08
4.4446	1.06027e-08
4.4447	-7.1669e-09
4.4448	-2.95096e-08
4.4449	-5.11594e-08
4.445	-7.32065e-08
4.4451	-8.36166e-08
4.4452	-9.14937e-08
4.4453	-1.0868e-07
4.4454	-1.26981e-07
4.4455	-1.42001e-07
4.4456	-1.60615e-07
4.4457	-1.81427e-07
4.4458	-1.87888e-07
4.4459	-2.05285e-07
4.446	-2.24174e-07
4.4461	-2.29834e-07
4.4462	-2.36613e-07
4.4463	-2.5483e-07
4.4464	-2.72769e-07
4.4465	-2.89334e-07
4.4466	-3.00127e-07
4.4467	-3.22807e-07
4.4468	-3.46203e-07
4.4469	-3.63145e-07
4.447	-3.85853e-07
4.4471	-4.01676e-07
4.4472	-4.12614e-07
4.4473	-4.26577e-07
4.4474	-4.44415e-07
4.4475	-4.60646e-07
4.4476	-4.81098e-07
4.4477	-5.00964e-07
4.4478	-5.15964e-07
4.4479	-5.32716e-07
4.448	-5.45273e-07
4.4481	-5.63248e-07
4.4482	-5.74703e-07
4.4483	-5.86308e-07
4.4484	-5.97463e-07
4.4485	-6.12934e-07
4.4486	-6.2294e-07
4.4487	-6.34092e-07
4.4488	-6.45066e-07
4.4489	-6.582e-07
4.449	-6.71575e-07
4.4491	-6.78515e-07
4.4492	-6.88501e-07
4.4493	-7.01272e-07
4.4494	-7.10549e-07
4.4495	-7.17575e-07
4.4496	-7.24095e-07
4.4497	-7.35836e-07
4.4498	-7.47063e-07
4.4499	-7.55061e-07
4.45	-7.63122e-07
4.4501	-7.68958e-07
4.4502	-7.78297e-07
4.4503	-7.81032e-07
4.4504	-7.88854e-07
4.4505	-7.97028e-07
4.4506	-8.02943e-07
4.4507	-8.09586e-07
4.4508	-8.13074e-07
4.4509	-8.1697e-07
4.451	-8.21719e-07
4.4511	-8.22364e-07
4.4512	-8.25805e-07
4.4513	-8.28647e-07
4.4514	-8.31457e-07
4.4515	-8.34554e-07
4.4516	-8.36017e-07
4.4517	-8.36642e-07
4.4518	-8.38509e-07
4.4519	-8.39318e-07
4.452	-8.39332e-07
4.4521	-8.39788e-07
4.4522	-8.40059e-07
4.4523	-8.37602e-07
4.4524	-8.37322e-07
4.4525	-8.35415e-07
4.4526	-8.34216e-07
4.4527	-8.33158e-07
4.4528	-8.31049e-07
4.4529	-8.2775e-07
4.453	-8.25254e-07
4.4531	-8.21786e-07
4.4532	-8.14283e-07
4.4533	-8.11024e-07
4.4534	-8.04416e-07
4.4535	-8.01457e-07
4.4536	-7.97465e-07
4.4537	-7.93848e-07
4.4538	-7.90522e-07
4.4539	-7.86132e-07
4.454	-7.82286e-07
4.4541	-7.79899e-07
4.4542	-7.74045e-07
4.4543	-7.68395e-07
4.4544	-7.6348e-07
4.4545	-7.59603e-07
4.4546	-7.55433e-07
4.4547	-7.51114e-07
4.4548	-7.45456e-07
4.4549	-7.40219e-07
4.455	-7.38008e-07
4.4551	-7.32413e-07
4.4552	-7.26648e-07
4.4553	-7.19967e-07
4.4554	-7.13625e-07
4.4555	-7.0889e-07
4.4556	-7.02707e-07
4.4557	-6.97392e-07
4.4558	-6.90524e-07
4.4559	-6.84216e-07
4.456	-6.79328e-07
4.4561	-6.65999e-07
4.4562	-6.59002e-07
4.4563	-6.50869e-07
4.4564	-6.42908e-07
4.4565	-6.356e-07
4.4566	-6.28258e-07
4.4567	-6.20855e-07
4.4568	-6.12711e-07
4.4569	-6.04144e-07
4.457	-5.95566e-07
4.4571	-5.87297e-07
4.4572	-5.78126e-07
4.4573	-5.71497e-07
4.4574	-5.65479e-07
4.4575	-5.59237e-07
4.4576	-5.54491e-07
4.4577	-5.43933e-07
4.4578	-5.34507e-07
4.4579	-5.27065e-07
4.458	-5.18709e-07
4.4581	-5.0748e-07
4.4582	-4.98457e-07
4.4583	-4.89363e-07
4.4584	-4.79386e-07
4.4585	-4.71046e-07
4.4586	-4.61816e-07
4.4587	-4.52818e-07
4.4588	-4.43416e-07
4.4589	-4.33308e-07
4.459	-4.20936e-07
4.4591	-4.10352e-07
4.4592	-4.01602e-07
4.4593	-3.9281e-07
4.4594	-3.86149e-07
4.4595	-3.75517e-07
4.4596	-3.67949e-07
4.4597	-3.57635e-07
4.4598	-3.47639e-07
4.4599	-3.36838e-07
4.46	-3.27227e-07
4.4601	-3.15762e-07
4.4602	-3.05662e-07
4.4603	-2.95729e-07
4.4604	-2.85601e-07
4.4605	-2.75042e-07
4.4606	-2.65906e-07
4.4607	-2.55075e-07
4.4608	-2.46494e-07
4.4609	-2.35156e-07
4.461	-2.30037e-07
4.4611	-2.19482e-07
4.4612	-2.09312e-07
4.4613	-2.01174e-07
4.4614	-1.90176e-07
4.4615	-1.82247e-07
4.4616	-1.75506e-07
4.4617	-1.64921e-07
4.4618	-1.53511e-07
4.4619	-1.44722e-07
4.462	-1.37323e-07
4.4621	-1.26644e-07
4.4622	-1.18556e-07
4.4623	-1.05733e-07
4.4624	-9.46381e-08
4.4625	-8.45609e-08
4.4626	-7.85851e-08
4.4627	-6.84757e-08
4.4628	-5.73614e-08
4.4629	-5.03595e-08
4.463	-4.22605e-08
4.4631	-3.22254e-08
4.4632	-2.17951e-08
4.4633	-1.12875e-08
4.4634	-2.25109e-10
4.4635	1.10547e-08
4.4636	2.17493e-08
4.4637	2.63058e-08
4.4638	3.6022e-08
4.4639	4.488e-08
4.464	5.06685e-08
4.4641	5.97451e-08
4.4642	6.35157e-08
4.4643	6.74185e-08
4.4644	6.94959e-08
4.4645	7.07931e-08
4.4646	8.10528e-08
4.4647	9.31418e-08
4.4648	9.58632e-08
4.4649	9.97028e-08
4.465	1.05425e-07
4.4651	1.08696e-07
4.4652	1.11619e-07
4.4653	1.13858e-07
4.4654	1.1746e-07
4.4655	1.26271e-07
4.4656	1.19572e-07
4.4657	1.2143e-07
4.4658	1.28399e-07
4.4659	1.26152e-07
4.466	1.33289e-07
4.4661	1.33282e-07
4.4662	1.31848e-07
4.4663	1.30993e-07
4.4664	1.3051e-07
4.4665	1.35529e-07
4.4666	1.35918e-07
4.4667	1.36459e-07
4.4668	1.35834e-07
4.4669	1.38782e-07
4.467	1.42569e-07
4.4671	1.45336e-07
4.4672	1.47645e-07
4.4673	1.44136e-07
4.4674	1.41381e-07
4.4675	1.32905e-07
4.4676	1.29388e-07
4.4677	1.3106e-07
4.4678	1.30577e-07
4.4679	1.2726e-07
4.468	1.22048e-07
4.4681	1.21281e-07
4.4682	1.21771e-07
4.4683	1.21743e-07
4.4684	1.15305e-07
4.4685	1.09184e-07
4.4686	1.04577e-07
4.4687	1.04088e-07
4.4688	1.0356e-07
4.4689	9.90817e-08
4.469	9.60669e-08
4.4691	9.23875e-08
4.4692	8.76268e-08
4.4693	8.47069e-08
4.4694	7.64922e-08
4.4695	6.53103e-08
4.4696	6.20576e-08
4.4697	5.37192e-08
4.4698	4.69848e-08
4.4699	4.5685e-08
4.47	4.2064e-08
4.4701	3.79739e-08
4.4702	3.28732e-08
4.4703	2.63591e-08
4.4704	1.81672e-08
4.4705	1.43912e-08
4.4706	1.04071e-08
4.4707	1.02955e-09
4.4708	-5.97398e-09
4.4709	-1.48763e-08
4.471	-2.55935e-08
4.4711	-3.62643e-08
4.4712	-4.63539e-08
4.4713	-5.65914e-08
4.4714	-6.76589e-08
4.4715	-7.54402e-08
4.4716	-8.34832e-08
4.4717	-9.0064e-08
4.4718	-9.85841e-08
4.4719	-1.07159e-07
4.472	-1.15701e-07
4.4721	-1.2351e-07
4.4722	-1.26178e-07
4.4723	-1.34246e-07
4.4724	-1.39902e-07
4.4725	-1.4795e-07
4.4726	-1.52131e-07
4.4727	-1.5566e-07
4.4728	-1.68833e-07
4.4729	-1.77205e-07
4.473	-1.85326e-07
4.4731	-1.92646e-07
4.4732	-2.05313e-07
4.4733	-2.08994e-07
4.4734	-2.22979e-07
4.4735	-2.30329e-07
4.4736	-2.42964e-07
4.4737	-2.48016e-07
4.4738	-2.51799e-07
4.4739	-2.60505e-07
4.474	-2.65497e-07
4.4741	-2.71016e-07
4.4742	-2.76172e-07
4.4743	-2.81532e-07
4.4744	-2.8601e-07
4.4745	-2.95672e-07
4.4746	-2.99416e-07
4.4747	-3.04984e-07
4.4748	-3.10741e-07
4.4749	-3.15358e-07
4.475	-3.20678e-07
4.4751	-3.29287e-07
4.4752	-3.37921e-07
4.4753	-3.45989e-07
4.4754	-3.51042e-07
4.4755	-3.54773e-07
4.4756	-3.61487e-07
4.4757	-3.65426e-07
4.4758	-3.71075e-07
4.4759	-3.76706e-07
4.476	-3.83599e-07
4.4761	-3.87507e-07
4.4762	-3.94855e-07
4.4763	-4.04209e-07
4.4764	-4.09179e-07
4.4765	-4.13575e-07
4.4766	-4.16645e-07
4.4767	-4.2217e-07
4.4768	-4.26344e-07
4.4769	-4.34701e-07
4.477	-4.4154e-07
4.4771	-4.44439e-07
4.4772	-4.47328e-07
4.4773	-4.50623e-07
4.4774	-4.53323e-07
4.4775	-4.5671e-07
4.4776	-4.60499e-07
4.4777	-4.62137e-07
4.4778	-4.62865e-07
4.4779	-4.67032e-07
4.478	-4.68194e-07
4.4781	-4.71378e-07
4.4782	-4.73426e-07
4.4783	-4.7452e-07
4.4784	-4.75546e-07
4.4785	-4.74702e-07
4.4786	-4.75728e-07
4.4787	-4.76854e-07
4.4788	-4.76511e-07
4.4789	-4.76294e-07
4.479	-4.76813e-07
4.4791	-4.75772e-07
4.4792	-4.74425e-07
4.4793	-4.72289e-07
4.4794	-4.71111e-07
4.4795	-4.69616e-07
4.4796	-4.67144e-07
4.4797	-4.65289e-07
4.4798	-4.63368e-07
4.4799	-4.6125e-07
4.48	-4.59037e-07
4.4801	-4.54449e-07
4.4802	-4.52111e-07
4.4803	-4.50903e-07
4.4804	-4.47543e-07
4.4805	-4.43041e-07
4.4806	-4.38748e-07
4.4807	-4.35903e-07
4.4808	-4.32358e-07
4.4809	-4.28591e-07
4.481	-4.24047e-07
4.4811	-4.20027e-07
4.4812	-4.15849e-07
4.4813	-4.11737e-07
4.4814	-4.07464e-07
4.4815	-4.03114e-07
4.4816	-3.95474e-07
4.4817	-3.91099e-07
4.4818	-3.8715e-07
4.4819	-3.82484e-07
4.482	-3.7751e-07
4.4821	-3.72827e-07
4.4822	-3.67941e-07
4.4823	-3.62255e-07
4.4824	-3.57589e-07
4.4825	-3.52777e-07
4.4826	-3.4453e-07
4.4827	-3.40141e-07
4.4828	-3.35136e-07
4.4829	-3.30272e-07
4.483	-3.2483e-07
4.4831	-3.1869e-07
4.4832	-3.14043e-07
4.4833	-3.09598e-07
4.4834	-3.03751e-07
4.4835	-2.94557e-07
4.4836	-2.90791e-07
4.4837	-2.86763e-07
4.4838	-2.82136e-07
4.4839	-2.77173e-07
4.484	-2.72663e-07
4.4841	-2.68209e-07
4.4842	-2.63323e-07
4.4843	-2.58659e-07
4.4844	-2.54863e-07
4.4845	-2.48277e-07
4.4846	-2.44485e-07
4.4847	-2.39471e-07
4.4848	-2.34313e-07
4.4849	-2.29371e-07
4.485	-2.24556e-07
4.4851	-2.18717e-07
4.4852	-2.13589e-07
4.4853	-2.08949e-07
4.4854	-2.0271e-07
4.4855	-1.97996e-07
4.4856	-1.92743e-07
4.4857	-1.88914e-07
4.4858	-1.83039e-07
4.4859	-1.76612e-07
4.486	-1.7255e-07
4.4861	-1.66153e-07
4.4862	-1.5959e-07
4.4863	-1.53987e-07
4.4864	-1.50976e-07
4.4865	-1.45898e-07
4.4866	-1.40162e-07
4.4867	-1.34442e-07
4.4868	-1.28765e-07
4.4869	-1.23287e-07
4.487	-1.18331e-07
4.4871	-1.12884e-07
4.4872	-1.06768e-07
4.4873	-1.00897e-07
4.4874	-9.61749e-08
4.4875	-9.09898e-08
4.4876	-8.55234e-08
4.4877	-8.07189e-08
4.4878	-7.64903e-08
4.4879	-7.15588e-08
4.488	-6.73211e-08
4.4881	-6.16983e-08
4.4882	-5.81331e-08
4.4883	-5.10235e-08
4.4884	-4.61012e-08
4.4885	-4.14681e-08
4.4886	-3.58517e-08
4.4887	-3.02126e-08
4.4888	-2.45551e-08
4.4889	-1.89429e-08
4.489	-1.36828e-08
4.4891	-9.68494e-09
4.4892	-4.6814e-09
4.4893	2.33061e-09
4.4894	6.07647e-09
4.4895	1.1799e-08
4.4896	1.69955e-08
4.4897	2.2866e-08
4.4898	2.87712e-08
4.4899	3.38023e-08
4.49	3.98976e-08
4.4901	4.49616e-08
4.4902	5.1701e-08
4.4903	5.7621e-08
4.4904	6.44987e-08
4.4905	7.06959e-08
4.4906	7.4941e-08
4.4907	8.18182e-08
4.4908	8.79494e-08
4.4909	9.37346e-08
4.491	9.96039e-08
4.4911	1.06791e-07
4.4912	1.13936e-07
4.4913	1.19687e-07
4.4914	1.2673e-07
4.4915	1.33241e-07
4.4916	1.39697e-07
4.4917	1.46398e-07
4.4918	1.52878e-07
4.4919	1.58996e-07
4.492	1.66527e-07
4.4921	1.73356e-07
4.4922	1.80423e-07
4.4923	1.87469e-07
4.4924	1.94635e-07
4.4925	2.02125e-07
4.4926	2.09447e-07
4.4927	2.16734e-07
4.4928	2.23588e-07
4.4929	2.31329e-07
4.493	2.38334e-07
4.4931	2.43242e-07
4.4932	2.50146e-07
4.4933	2.57392e-07
4.4934	2.6665e-07
4.4935	2.72826e-07
4.4936	2.77733e-07
4.4937	2.85093e-07
4.4938	2.93034e-07
4.4939	3.00659e-07
4.494	3.08301e-07
4.4941	3.15495e-07
4.4942	3.20493e-07
4.4943	3.29053e-07
4.4944	3.32855e-07
4.4945	3.40718e-07
4.4946	3.43515e-07
4.4947	3.48506e-07
4.4948	3.52957e-07
4.4949	3.60151e-07
4.495	3.67067e-07
4.4951	3.757e-07
4.4952	3.79502e-07
4.4953	3.87264e-07
4.4954	3.89827e-07
4.4955	3.92882e-07
4.4956	3.95812e-07
4.4957	4.0322e-07
4.4958	4.10487e-07
4.4959	4.17898e-07
4.496	4.25484e-07
4.4961	4.35012e-07
4.4962	4.36566e-07
4.4963	4.38838e-07
4.4964	4.40436e-07
4.4965	4.49414e-07
4.4966	4.51908e-07
4.4967	4.58441e-07
4.4968	4.67389e-07
4.4969	4.72946e-07
4.497	4.78501e-07
4.4971	4.84901e-07
4.4972	4.90916e-07
4.4973	4.91161e-07
4.4974	4.9763e-07
4.4975	5.037e-07
4.4976	5.10016e-07
4.4977	5.13593e-07
4.4978	5.19309e-07
4.4979	5.24255e-07
4.498	5.33308e-07
4.4981	5.32373e-07
4.4982	5.41838e-07
4.4983	5.46836e-07
4.4984	5.46388e-07
4.4985	5.51916e-07
4.4986	5.56094e-07
4.4987	5.65834e-07
4.4988	5.70439e-07
4.4989	5.74048e-07
4.499	5.76513e-07
4.4991	5.75204e-07
4.4992	5.72392e-07
4.4993	5.80831e-07
4.4994	5.86008e-07
4.4995	5.9507e-07
4.4996	5.9719e-07
4.4997	6.00566e-07
4.4998	6.04654e-07
4.4999	6.04149e-07
4.5	6.05997e-07
4.5001	6.13502e-07
4.5002	6.14793e-07
4.5003	6.15498e-07
4.5004	6.15237e-07
4.5005	6.17179e-07
4.5006	6.23373e-07
4.5007	6.30238e-07
4.5008	6.36186e-07
4.5009	6.36856e-07
4.501	6.37364e-07
4.5011	6.37817e-07
4.5012	6.31969e-07
4.5013	6.36682e-07
4.5014	6.42443e-07
4.5015	6.48585e-07
4.5016	6.55143e-07
4.5017	6.54104e-07
4.5018	6.59122e-07
4.5019	6.57348e-07
4.502	6.62163e-07
4.5021	6.6013e-07
4.5022	6.60471e-07
4.5023	6.56532e-07
4.5024	6.59385e-07
4.5025	6.57376e-07
4.5026	6.58014e-07
4.5027	6.51026e-07
4.5028	6.51504e-07
4.5029	6.47402e-07
4.503	6.47951e-07
4.5031	6.43474e-07
4.5032	6.45445e-07
4.5033	6.4613e-07
4.5034	6.40477e-07
4.5035	6.3994e-07
4.5036	6.38995e-07
4.5037	6.32763e-07
4.5038	6.2541e-07
4.5039	6.23154e-07
4.504	6.18379e-07
4.5041	6.06346e-07
4.5042	5.9748e-07
4.5043	5.9382e-07
4.5044	5.89447e-07
4.5045	5.81874e-07
4.5046	5.68398e-07
4.5047	5.64801e-07
4.5048	5.61524e-07
4.5049	5.57221e-07
4.505	5.49335e-07
4.5051	5.43083e-07
4.5052	5.36141e-07
4.5053	5.30043e-07
4.5054	5.21898e-07
4.5055	5.13362e-07
4.5056	5.02409e-07
4.5057	4.87921e-07
4.5058	4.81884e-07
4.5059	4.70141e-07
4.506	4.59802e-07
4.5061	4.48986e-07
4.5062	4.3527e-07
4.5063	4.1899e-07
4.5064	4.06953e-07
4.5065	3.95862e-07
4.5066	3.83821e-07
4.5067	3.70419e-07
4.5068	3.5679e-07
4.5069	3.4151e-07
4.507	3.27001e-07
4.5071	3.11819e-07
4.5072	2.98083e-07
4.5073	2.8231e-07
4.5074	2.7527e-07
4.5075	2.67948e-07
4.5076	2.51113e-07
4.5077	2.39853e-07
4.5078	2.21962e-07
4.5079	2.06408e-07
4.508	1.89436e-07
4.5081	1.76698e-07
4.5082	1.61515e-07
4.5083	1.4499e-07
4.5084	1.25405e-07
4.5085	1.05084e-07
4.5086	9.05868e-08
4.5087	6.93069e-08
4.5088	4.84703e-08
4.5089	2.80566e-08
4.509	1.10154e-08
4.5091	-1.30174e-08
4.5092	-2.12889e-08
4.5093	-3.7657e-08
4.5094	-4.90526e-08
4.5095	-6.84705e-08
4.5096	-9.16072e-08
4.5097	-9.55942e-08
4.5098	-1.11738e-07
4.5099	-1.29685e-07
4.51	-1.40611e-07
4.5101	-1.46418e-07
4.5102	-1.70084e-07
4.5103	-1.85872e-07
4.5104	-1.96567e-07
4.5105	-2.128e-07
4.5106	-2.31131e-07
4.5107	-2.52694e-07
4.5108	-2.75053e-07
4.5109	-2.90395e-07
4.511	-3.03564e-07
4.5111	-3.14902e-07
4.5112	-3.3107e-07
4.5113	-3.47417e-07
4.5114	-3.63986e-07
4.5115	-3.78976e-07
4.5116	-3.92954e-07
4.5117	-4.13542e-07
4.5118	-4.28194e-07
4.5119	-4.47278e-07
4.512	-4.63718e-07
4.5121	-4.82176e-07
4.5122	-4.9521e-07
4.5123	-5.04464e-07
4.5124	-5.16818e-07
4.5125	-5.31945e-07
4.5126	-5.4763e-07
4.5127	-5.57741e-07
4.5128	-5.69792e-07
4.5129	-5.85469e-07
4.513	-5.98256e-07
4.5131	-6.13581e-07
4.5132	-6.27611e-07
4.5133	-6.39897e-07
4.5134	-6.54002e-07
4.5135	-6.62161e-07
4.5136	-6.72859e-07
4.5137	-6.83801e-07
4.5138	-6.92941e-07
4.5139	-7.02761e-07
4.514	-7.1181e-07
4.5141	-7.16659e-07
4.5142	-7.19086e-07
4.5143	-7.27546e-07
4.5144	-7.35814e-07
4.5145	-7.43157e-07
4.5146	-7.48008e-07
4.5147	-7.54033e-07
4.5148	-7.59953e-07
4.5149	-7.65336e-07
4.515	-7.68661e-07
4.5151	-7.69414e-07
4.5152	-7.7256e-07
4.5153	-7.75912e-07
4.5154	-7.78899e-07
4.5155	-7.78499e-07
4.5156	-7.79419e-07
4.5157	-7.82077e-07
4.5158	-7.83531e-07
4.5159	-7.85714e-07
4.516	-7.86739e-07
4.5161	-7.86274e-07
4.5162	-7.85518e-07
4.5163	-7.84234e-07
4.5164	-7.84799e-07
4.5165	-7.85216e-07
4.5166	-7.84444e-07
4.5167	-7.83678e-07
4.5168	-7.82257e-07
4.5169	-7.79631e-07
4.517	-7.76598e-07
4.5171	-7.73724e-07
4.5172	-7.71144e-07
4.5173	-7.67485e-07
4.5174	-7.65116e-07
4.5175	-7.62064e-07
4.5176	-7.59204e-07
4.5177	-7.55572e-07
4.5178	-7.55215e-07
4.5179	-7.51818e-07
4.518	-7.49685e-07
4.5181	-7.42549e-07
4.5182	-7.38231e-07
4.5183	-7.33806e-07
4.5184	-7.2965e-07
4.5185	-7.26192e-07
4.5186	-7.21892e-07
4.5187	-7.16543e-07
4.5188	-7.11249e-07
4.5189	-7.08774e-07
4.519	-7.03793e-07
4.5191	-7.00168e-07
4.5192	-6.94308e-07
4.5193	-6.90073e-07
4.5194	-6.8508e-07
4.5195	-6.79476e-07
4.5196	-6.72832e-07
4.5197	-6.66256e-07
4.5198	-6.62386e-07
4.5199	-6.54333e-07
4.52	-6.44988e-07
4.5201	-6.38111e-07
4.5202	-6.30087e-07
4.5203	-6.22216e-07
4.5204	-6.1523e-07
4.5205	-6.09671e-07
4.5206	-6.00416e-07
4.5207	-5.92596e-07
4.5208	-5.84994e-07
4.5209	-5.77035e-07
4.521	-5.68937e-07
4.5211	-5.60059e-07
4.5212	-5.5274e-07
4.5213	-5.45487e-07
4.5214	-5.38881e-07
4.5215	-5.33234e-07
4.5216	-5.22122e-07
4.5217	-5.13616e-07
4.5218	-5.05255e-07
4.5219	-4.95638e-07
4.522	-4.86226e-07
4.5221	-4.75754e-07
4.5222	-4.6743e-07
4.5223	-4.58715e-07
4.5224	-4.51004e-07
4.5225	-4.40922e-07
4.5226	-4.31558e-07
4.5227	-4.22062e-07
4.5228	-4.12823e-07
4.5229	-4.01968e-07
4.523	-3.90023e-07
4.5231	-3.82078e-07
4.5232	-3.74432e-07
4.5233	-3.68446e-07
4.5234	-3.60666e-07
4.5235	-3.50414e-07
4.5236	-3.43184e-07
4.5237	-3.30746e-07
4.5238	-3.19925e-07
4.5239	-3.10775e-07
4.524	-3.02084e-07
4.5241	-2.9209e-07
4.5242	-2.81505e-07
4.5243	-2.71235e-07
4.5244	-2.61993e-07
4.5245	-2.53505e-07
4.5246	-2.44536e-07
4.5247	-2.36311e-07
4.5248	-2.25416e-07
4.5249	-2.18105e-07
4.525	-2.07443e-07
4.5251	-1.97295e-07
4.5252	-1.89345e-07
4.5253	-1.80652e-07
4.5254	-1.69549e-07
4.5255	-1.5819e-07
4.5256	-1.47079e-07
4.5257	-1.37132e-07
4.5258	-1.25531e-07
4.5259	-1.12059e-07
4.526	-1.0107e-07
4.5261	-9.05839e-08
4.5262	-8.20766e-08
4.5263	-7.12327e-08
4.5264	-5.99115e-08
4.5265	-5.38378e-08
4.5266	-4.43602e-08
4.5267	-3.30226e-08
4.5268	-3.01346e-08
4.5269	-2.24145e-08
4.527	-1.14395e-08
4.5271	-5.55508e-09
4.5272	-1.03715e-09
4.5273	1.00306e-08
4.5274	1.55241e-08
4.5275	2.28221e-08
4.5276	2.96377e-08
4.5277	4.07466e-08
4.5278	5.10318e-08
4.5279	6.12304e-08
4.528	7.07547e-08
4.5281	7.61388e-08
4.5282	7.95248e-08
4.5283	8.86961e-08
4.5284	9.96011e-08
4.5285	1.01036e-07
4.5286	1.03325e-07
4.5287	1.09825e-07
4.5288	1.08411e-07
4.5289	1.11117e-07
4.529	1.15917e-07
4.5291	1.20598e-07
4.5292	1.24333e-07
4.5293	1.27349e-07
4.5294	1.3066e-07
4.5295	1.29925e-07
4.5296	1.30817e-07
4.5297	1.32184e-07
4.5298	1.33903e-07
4.5299	1.31193e-07
4.53	1.29764e-07
4.5301	1.35942e-07
4.5302	1.35488e-07
4.5303	1.34602e-07
4.5304	1.31273e-07
4.5305	1.36847e-07
4.5306	1.37017e-07
4.5307	1.41028e-07
4.5308	1.39557e-07
4.5309	1.37137e-07
4.531	1.35145e-07
4.5311	1.32933e-07
4.5312	1.3675e-07
4.5313	1.38715e-07
4.5314	1.31067e-07
4.5315	1.25902e-07
4.5316	1.23455e-07
4.5317	1.19937e-07
4.5318	1.15881e-07
4.5319	1.13136e-07
4.532	1.07343e-07
4.5321	1.11014e-07
4.5322	1.14184e-07
4.5323	1.09831e-07
4.5324	1.06051e-07
4.5325	1.01472e-07
4.5326	9.97914e-08
4.5327	9.80058e-08
4.5328	9.38905e-08
4.5329	9.06993e-08
4.533	8.63904e-08
4.5331	8.35064e-08
4.5332	8.01113e-08
4.5333	7.84798e-08
4.5334	7.31333e-08
4.5335	6.557e-08
4.5336	5.91975e-08
4.5337	5.24129e-08
4.5338	4.47896e-08
4.5339	4.18638e-08
4.534	3.75887e-08
4.5341	3.44702e-08
4.5342	2.8933e-08
4.5343	2.09542e-08
4.5344	1.29393e-08
4.5345	7.16727e-09
4.5346	-1.01776e-09
4.5347	-4.69474e-09
4.5348	-1.1889e-08
4.5349	-1.84686e-08
4.535	-2.32234e-08
4.5351	-3.45469e-08
4.5352	-4.54989e-08
4.5353	-5.5021e-08
4.5354	-6.78984e-08
4.5355	-7.22008e-08
4.5356	-7.85699e-08
4.5357	-8.76504e-08
4.5358	-8.99915e-08
4.5359	-9.75191e-08
4.536	-1.09357e-07
4.5361	-1.17988e-07
4.5362	-1.28952e-07
4.5363	-1.3257e-07
4.5364	-1.36611e-07
4.5365	-1.49529e-07
4.5366	-1.63104e-07
4.5367	-1.72113e-07
4.5368	-1.83643e-07
4.5369	-1.92344e-07
4.537	-2.00971e-07
4.5371	-2.03515e-07
4.5372	-2.07123e-07
4.5373	-2.15356e-07
4.5374	-2.23543e-07
4.5375	-2.31518e-07
4.5376	-2.3646e-07
4.5377	-2.40963e-07
4.5378	-2.53976e-07
4.5379	-2.58655e-07
4.538	-2.63913e-07
4.5381	-2.67552e-07
4.5382	-2.7375e-07
4.5383	-2.79261e-07
4.5384	-2.88407e-07
4.5385	-2.92215e-07
4.5386	-2.97441e-07
4.5387	-3.06237e-07
4.5388	-3.12383e-07
4.5389	-3.20612e-07
4.539	-3.28665e-07
4.5391	-3.40774e-07
4.5392	-3.48998e-07
4.5393	-3.53942e-07
4.5394	-3.60545e-07
4.5395	-3.69589e-07
4.5396	-3.7707e-07
4.5397	-3.84288e-07
4.5398	-3.9352e-07
4.5399	-3.97863e-07
4.54	-4.01914e-07
4.5401	-4.08942e-07
4.5402	-4.15389e-07
4.5403	-4.19935e-07
4.5404	-4.24451e-07
4.5405	-4.28832e-07
4.5406	-4.31977e-07
4.5407	-4.34743e-07
4.5408	-4.39525e-07
4.5409	-4.45543e-07
4.541	-4.49617e-07
4.5411	-4.53758e-07
4.5412	-4.56966e-07
4.5413	-4.58866e-07
4.5414	-4.63327e-07
4.5415	-4.67118e-07
4.5416	-4.68823e-07
4.5417	-4.69821e-07
4.5418	-4.73953e-07
4.5419	-4.75225e-07
4.542	-4.76489e-07
4.5421	-4.80922e-07
4.5422	-4.82247e-07
4.5423	-4.83351e-07
4.5424	-4.81457e-07
4.5425	-4.82108e-07
4.5426	-4.84207e-07
4.5427	-4.84219e-07
4.5428	-4.84002e-07
4.5429	-4.82977e-07
4.543	-4.81839e-07
4.5431	-4.80342e-07
4.5432	-4.78616e-07
4.5433	-4.77589e-07
4.5434	-4.76037e-07
4.5435	-4.73071e-07
4.5436	-4.70987e-07
4.5437	-4.68962e-07
4.5438	-4.67083e-07
4.5439	-4.64621e-07
4.544	-4.60421e-07
4.5441	-4.57906e-07
4.5442	-4.5595e-07
4.5443	-4.49804e-07
4.5444	-4.46931e-07
4.5445	-4.44147e-07
4.5446	-4.40679e-07
4.5447	-4.373e-07
4.5448	-4.33299e-07
4.5449	-4.29603e-07
4.545	-4.25564e-07
4.5451	-4.20963e-07
4.5452	-4.16862e-07
4.5453	-4.1243e-07
4.5454	-4.08237e-07
4.5455	-4.00985e-07
4.5456	-3.97289e-07
4.5457	-3.93849e-07
4.5458	-3.90404e-07
4.5459	-3.86099e-07
4.546	-3.80263e-07
4.5461	-3.74801e-07
4.5462	-3.69845e-07
4.5463	-3.65054e-07
4.5464	-3.61157e-07
4.5465	-3.54679e-07
4.5466	-3.48963e-07
4.5467	-3.4377e-07
4.5468	-3.38479e-07
4.5469	-3.33365e-07
4.547	-3.27718e-07
4.5471	-3.21533e-07
4.5472	-3.16811e-07
4.5473	-3.12296e-07
4.5474	-3.03927e-07
4.5475	-3.01159e-07
4.5476	-2.9591e-07
4.5477	-2.90195e-07
4.5478	-2.86743e-07
4.5479	-2.82572e-07
4.548	-2.79467e-07
4.5481	-2.74519e-07
4.5482	-2.69641e-07
4.5483	-2.63194e-07
4.5484	-2.57131e-07
4.5485	-2.53909e-07
4.5486	-2.47339e-07
4.5487	-2.41604e-07
4.5488	-2.36749e-07
4.5489	-2.30972e-07
4.549	-2.26016e-07
4.5491	-2.20288e-07
4.5492	-2.16498e-07
4.5493	-2.09158e-07
4.5494	-2.03821e-07
4.5495	-1.98756e-07
4.5496	-1.94853e-07
4.5497	-1.89334e-07
4.5498	-1.84393e-07
4.5499	-1.79311e-07
4.55	-1.73515e-07
4.5501	-1.67969e-07
4.5502	-1.62365e-07
4.5503	-1.59406e-07
4.5504	-1.54046e-07
4.5505	-1.4841e-07
4.5506	-1.42371e-07
4.5507	-1.36296e-07
4.5508	-1.309e-07
4.5509	-1.24477e-07
4.551	-1.201e-07
4.5511	-1.13435e-07
4.5512	-1.08516e-07
4.5513	-1.02831e-07
4.5514	-9.66766e-08
4.5515	-9.15328e-08
4.5516	-8.80298e-08
4.5517	-8.27329e-08
4.5518	-7.69049e-08
4.5519	-7.2075e-08
4.552	-6.6677e-08
4.5521	-6.23324e-08
4.5522	-5.54174e-08
4.5523	-5.07866e-08
4.5524	-4.54762e-08
4.5525	-3.95562e-08
4.5526	-3.37256e-08
4.5527	-2.80587e-08
4.5528	-2.18201e-08
4.5529	-1.55073e-08
4.553	-1.00626e-08
4.5531	-4.21317e-09
4.5532	1.9829e-09
4.5533	7.93323e-09
4.5534	1.33086e-08
4.5535	1.74218e-08
4.5536	2.40349e-08
4.5537	3.01448e-08
4.5538	3.52395e-08
4.5539	4.09943e-08
4.554	4.59025e-08
4.5541	5.05949e-08
4.5542	5.69694e-08
4.5543	6.35167e-08
4.5544	6.87579e-08
4.5545	7.46729e-08
4.5546	8.23134e-08
4.5547	8.78052e-08
4.5548	9.44567e-08
4.5549	1.00712e-07
4.555	1.07e-07
4.5551	1.13391e-07
4.5552	1.19941e-07
4.5553	1.26032e-07
4.5554	1.3228e-07
4.5555	1.37682e-07
4.5556	1.44232e-07
4.5557	1.51953e-07
4.5558	1.57378e-07
4.5559	1.61619e-07
4.556	1.69637e-07
4.5561	1.75701e-07
4.5562	1.82201e-07
4.5563	1.89227e-07
4.5564	1.96482e-07
4.5565	2.03956e-07
4.5566	2.09042e-07
4.5567	2.16019e-07
4.5568	2.2066e-07
4.5569	2.28212e-07
4.557	2.35647e-07
4.5571	2.42049e-07
4.5572	2.50944e-07
4.5573	2.58765e-07
4.5574	2.67345e-07
4.5575	2.71649e-07
4.5576	2.776e-07
4.5577	2.84854e-07
4.5578	2.92507e-07
4.5579	3.00168e-07
4.558	3.07703e-07
4.5581	3.12263e-07
4.5582	3.19586e-07
4.5583	3.26359e-07
4.5584	3.29833e-07
4.5585	3.35228e-07
4.5586	3.38907e-07
4.5587	3.4687e-07
4.5588	3.55045e-07
4.5589	3.62109e-07
4.559	3.70595e-07
4.5591	3.79866e-07
4.5592	3.87478e-07
4.5593	3.957e-07
4.5594	4.02433e-07
4.5595	4.03542e-07
4.5596	4.10969e-07
4.5597	4.17755e-07
4.5598	4.25421e-07
4.5599	4.28062e-07
4.56	4.35291e-07
4.5601	4.4509e-07
4.5602	4.51909e-07
4.5603	4.57483e-07
4.5604	4.68722e-07
4.5605	4.75683e-07
4.5606	4.83494e-07
4.5607	4.92524e-07
4.5608	4.99018e-07
4.5609	5.00288e-07
4.561	5.05073e-07
4.5611	5.0554e-07
4.5612	5.1125e-07
4.5613	5.11887e-07
4.5614	5.17067e-07
4.5615	5.18155e-07
4.5616	5.23352e-07
4.5617	5.26637e-07
4.5618	5.30545e-07
4.5619	5.35215e-07
4.562	5.42811e-07
4.5621	5.52818e-07
4.5622	5.57534e-07
4.5623	5.5508e-07
4.5624	5.60179e-07
4.5625	5.69243e-07
4.5626	5.73076e-07
4.5627	5.7182e-07
4.5628	5.7598e-07
4.5629	5.79467e-07
4.563	5.82073e-07
4.5631	5.79064e-07
4.5632	5.81426e-07
4.5633	5.84394e-07
4.5634	5.87189e-07
4.5635	5.94452e-07
4.5636	5.97116e-07
4.5637	6.00051e-07
4.5638	6.01349e-07
4.5639	6.03004e-07
4.564	6.01206e-07
4.5641	6.07673e-07
4.5642	6.05041e-07
4.5643	6.10876e-07
4.5644	6.11537e-07
4.5645	6.16813e-07
4.5646	6.14956e-07
4.5647	6.14481e-07
4.5648	6.13546e-07
4.5649	6.18559e-07
4.565	6.12866e-07
4.5651	6.11078e-07
4.5652	6.10112e-07
4.5653	6.15531e-07
4.5654	6.21896e-07
4.5655	6.19224e-07
4.5656	6.22969e-07
4.5657	6.21414e-07
4.5658	6.1975e-07
4.5659	6.25035e-07
4.566	6.2396e-07
4.5661	6.18482e-07
4.5662	6.12574e-07
4.5663	6.10224e-07
4.5664	6.04602e-07
4.5665	6.04446e-07
4.5666	6.06249e-07
4.5667	6.00624e-07
4.5668	5.96425e-07
4.5669	5.98273e-07
4.567	5.94201e-07
4.5671	5.93473e-07
4.5672	5.95254e-07
4.5673	5.8951e-07
4.5674	5.82886e-07
4.5675	5.76341e-07
4.5676	5.68903e-07
4.5677	5.62677e-07
4.5678	5.59349e-07
4.5679	5.6029e-07
4.568	5.55648e-07
4.5681	5.49218e-07
4.5682	5.45859e-07
4.5683	5.36305e-07
4.5684	5.26188e-07
4.5685	5.20601e-07
4.5686	5.15352e-07
4.5687	5.12658e-07
4.5688	5.07148e-07
4.5689	4.99048e-07
4.569	4.92776e-07
4.5691	4.84785e-07
4.5692	4.76188e-07
4.5693	4.67664e-07
4.5694	4.58988e-07
4.5695	4.47039e-07
4.5696	4.34523e-07
4.5697	4.25577e-07
4.5698	4.13849e-07
4.5699	4.02758e-07
4.57	3.92683e-07
4.5701	3.75163e-07
4.5702	3.63218e-07
4.5703	3.50002e-07
4.5704	3.39526e-07
4.5705	3.29647e-07
4.5706	3.16065e-07
4.5707	3.03155e-07
4.5708	2.87122e-07
4.5709	2.71712e-07
4.571	2.57294e-07
4.5711	2.4841e-07
4.5712	2.31008e-07
4.5713	2.14249e-07
4.5714	1.93227e-07
4.5715	1.80081e-07
4.5716	1.65091e-07
4.5717	1.46206e-07
4.5718	1.30026e-07
4.5719	1.11831e-07
4.572	9.56227e-08
4.5721	7.83272e-08
4.5722	7.21399e-08
4.5723	5.58627e-08
4.5724	4.02127e-08
4.5725	1.95699e-08
4.5726	-2.50914e-09
4.5727	-2.39544e-08
4.5728	-4.46897e-08
4.5729	-6.12127e-08
4.573	-6.9163e-08
4.5731	-8.74252e-08
4.5732	-1.06099e-07
4.5733	-1.24691e-07
4.5734	-1.4237e-07
4.5735	-1.53936e-07
4.5736	-1.71546e-07
4.5737	-1.9449e-07
4.5738	-2.17808e-07
4.5739	-2.34489e-07
4.574	-2.41173e-07
4.5741	-2.59779e-07
4.5742	-2.77879e-07
4.5743	-2.94835e-07
4.5744	-3.11059e-07
4.5745	-3.29333e-07
4.5746	-3.51106e-07
4.5747	-3.73194e-07
4.5748	-3.90187e-07
4.5749	-4.00149e-07
4.575	-4.15782e-07
4.5751	-4.26553e-07
4.5752	-4.42241e-07
4.5753	-4.63686e-07
4.5754	-4.78725e-07
4.5755	-4.99505e-07
4.5756	-5.15111e-07
4.5757	-5.32423e-07
4.5758	-5.4622e-07
4.5759	-5.63966e-07
4.576	-5.76088e-07
4.5761	-5.92159e-07
4.5762	-6.02893e-07
4.5763	-6.12941e-07
4.5764	-6.22592e-07
4.5765	-6.37536e-07
4.5766	-6.48334e-07
4.5767	-6.64429e-07
4.5768	-6.77572e-07
4.5769	-6.84521e-07
4.577	-6.98779e-07
4.5771	-7.11832e-07
4.5772	-7.24697e-07
4.5773	-7.37378e-07
4.5774	-7.4473e-07
4.5775	-7.54168e-07
4.5776	-7.65038e-07
4.5777	-7.69382e-07
4.5778	-7.79042e-07
4.5779	-7.82709e-07
4.578	-7.88682e-07
4.5781	-7.95078e-07
4.5782	-8.0271e-07
4.5783	-8.09515e-07
4.5784	-8.16189e-07
4.5785	-8.2168e-07
4.5786	-8.256e-07
4.5787	-8.30547e-07
4.5788	-8.35619e-07
4.5789	-8.38991e-07
4.579	-8.38708e-07
4.5791	-8.42275e-07
4.5792	-8.45057e-07
4.5793	-8.48021e-07
4.5794	-8.51232e-07
4.5795	-8.52612e-07
4.5796	-8.54719e-07
4.5797	-8.56659e-07
4.5798	-8.5772e-07
4.5799	-8.59361e-07
4.58	-8.59287e-07
4.5801	-8.57425e-07
4.5802	-8.5728e-07
4.5803	-8.55784e-07
4.5804	-8.55905e-07
4.5805	-8.54719e-07
4.5806	-8.54078e-07
4.5807	-8.5225e-07
4.5808	-8.49943e-07
4.5809	-8.45562e-07
4.581	-8.43408e-07
4.5811	-8.36976e-07
4.5812	-8.33716e-07
4.5813	-8.30504e-07
4.5814	-8.26434e-07
4.5815	-8.23593e-07
4.5816	-8.1942e-07
4.5817	-8.15718e-07
4.5818	-8.11983e-07
4.5819	-8.08876e-07
4.582	-8.0246e-07
4.5821	-7.97609e-07
4.5822	-7.92117e-07
4.5823	-7.87541e-07
4.5824	-7.84247e-07
4.5825	-7.80743e-07
4.5826	-7.75172e-07
4.5827	-7.68875e-07
4.5828	-7.6434e-07
4.5829	-7.58755e-07
4.583	-7.5373e-07
4.5831	-7.46585e-07
4.5832	-7.39693e-07
4.5833	-7.33392e-07
4.5834	-7.28442e-07
4.5835	-7.22118e-07
4.5836	-7.15227e-07
4.5837	-7.08875e-07
4.5838	-7.02844e-07
4.5839	-6.92668e-07
4.584	-6.84725e-07
4.5841	-6.77552e-07
4.5842	-6.70327e-07
4.5843	-6.63033e-07
4.5844	-6.60752e-07
4.5845	-6.53714e-07
4.5846	-6.45103e-07
4.5847	-6.3791e-07
4.5848	-6.30521e-07
4.5849	-6.23323e-07
4.585	-6.1471e-07
4.5851	-6.05988e-07
4.5852	-5.98358e-07
4.5853	-5.91955e-07
4.5854	-5.83318e-07
4.5855	-5.73204e-07
4.5856	-5.65982e-07
4.5857	-5.58068e-07
4.5858	-5.47568e-07
4.5859	-5.38106e-07
4.586	-5.28857e-07
4.5861	-5.20192e-07
4.5862	-5.11521e-07
4.5863	-5.01673e-07
4.5864	-4.92271e-07
4.5865	-4.82787e-07
4.5866	-4.73618e-07
4.5867	-4.63676e-07
4.5868	-4.53435e-07
4.5869	-4.43451e-07
4.587	-4.34735e-07
4.5871	-4.23355e-07
4.5872	-4.16782e-07
4.5873	-4.07685e-07
4.5874	-3.97447e-07
4.5875	-3.87662e-07
4.5876	-3.76126e-07
4.5877	-3.65549e-07
4.5878	-3.54292e-07
4.5879	-3.43199e-07
4.588	-3.33014e-07
4.5881	-3.22307e-07
4.5882	-3.12169e-07
4.5883	-3.01608e-07
4.5884	-2.91422e-07
4.5885	-2.82147e-07
4.5886	-2.7359e-07
4.5887	-2.62496e-07
4.5888	-2.55456e-07
4.5889	-2.47712e-07
4.589	-2.402e-07
4.5891	-2.29977e-07
4.5892	-2.21442e-07
4.5893	-2.10534e-07
4.5894	-2.01266e-07
4.5895	-1.93855e-07
4.5896	-1.84729e-07
4.5897	-1.73127e-07
4.5898	-1.64656e-07
4.5899	-1.54694e-07
4.59	-1.44384e-07
4.5901	-1.33806e-07
4.5902	-1.2358e-07
4.5903	-1.16439e-07
4.5904	-1.05019e-07
4.5905	-9.84246e-08
4.5906	-9.06703e-08
4.5907	-8.04484e-08
4.5908	-7.37438e-08
4.5909	-6.58346e-08
4.591	-6.25269e-08
4.5911	-5.08218e-08
4.5912	-4.54019e-08
4.5913	-4.08179e-08
4.5914	-3.26675e-08
4.5915	-2.78483e-08
4.5916	-1.74433e-08
4.5917	-7.89655e-09
4.5918	1.4709e-09
4.5919	1.24732e-08
4.592	2.22157e-08
4.5921	2.30347e-08
4.5922	3.31785e-08
4.5923	4.16059e-08
4.5924	5.04388e-08
4.5925	5.44964e-08
4.5926	6.13371e-08
4.5927	7.07528e-08
4.5928	7.37073e-08
4.5929	8.45094e-08
4.593	8.88796e-08
4.5931	9.17733e-08
4.5932	9.52896e-08
4.5933	1.04038e-07
4.5934	1.03056e-07
4.5935	1.09863e-07
4.5936	1.10296e-07
4.5937	1.10436e-07
4.5938	1.10015e-07
4.5939	1.1076e-07
4.594	1.10607e-07
4.5941	1.06636e-07
4.5942	1.11584e-07
4.5943	1.12731e-07
4.5944	1.17878e-07
4.5945	1.24188e-07
4.5946	1.24137e-07
4.5947	1.28248e-07
4.5948	1.32326e-07
4.5949	1.30244e-07
4.595	1.28874e-07
4.5951	1.30718e-07
4.5952	1.35466e-07
4.5953	1.33923e-07
4.5954	1.29152e-07
4.5955	1.31317e-07
4.5956	1.27269e-07
4.5957	1.23059e-07
4.5958	1.19515e-07
4.5959	1.13565e-07
4.596	1.13181e-07
4.5961	1.16721e-07
4.5962	1.10169e-07
4.5963	1.03845e-07
4.5964	1.0057e-07
4.5965	9.99854e-08
4.5966	9.82724e-08
4.5967	9.56117e-08
4.5968	9.38142e-08
4.5969	9.05732e-08
4.597	8.79045e-08
4.5971	8.14553e-08
4.5972	8.17569e-08
4.5973	6.7888e-08
4.5974	5.98371e-08
4.5975	5.32056e-08
4.5976	4.59767e-08
4.5977	4.03735e-08
4.5978	3.89896e-08
4.5979	3.43603e-08
4.598	3.13792e-08
4.5981	2.33977e-08
4.5982	1.64587e-08
4.5983	7.37472e-09
4.5984	-6.39078e-10
4.5985	-3.78767e-09
4.5986	-1.2776e-08
4.5987	-2.01742e-08
4.5988	-2.80843e-08
4.5989	-3.84294e-08
4.599	-4.73126e-08
4.5991	-5.20379e-08
4.5992	-6.00881e-08
4.5993	-6.54212e-08
4.5994	-7.49053e-08
4.5995	-7.71814e-08
4.5996	-8.31231e-08
4.5997	-9.08572e-08
4.5998	-9.44985e-08
4.5999	-1.02227e-07
4.6	-1.10507e-07
4.6001	-1.13317e-07
4.6002	-1.21363e-07
4.6003	-1.2672e-07
4.6004	-1.35651e-07
4.6005	-1.43954e-07
4.6006	-1.47028e-07
4.6007	-1.5536e-07
4.6008	-1.68252e-07
4.6009	-1.77318e-07
4.601	-1.80679e-07
4.6011	-1.83183e-07
4.6012	-1.87702e-07
4.6013	-1.96402e-07
4.6014	-2.09134e-07
4.6015	-2.17562e-07
4.6016	-2.22132e-07
4.6017	-2.31522e-07
4.6018	-2.40749e-07
4.6019	-2.49339e-07
4.602	-2.57672e-07
4.6021	-2.68449e-07
4.6022	-2.77754e-07
4.6023	-2.92101e-07
4.6024	-3.01164e-07
4.6025	-3.06463e-07
4.6026	-3.1995e-07
4.6027	-3.27827e-07
4.6028	-3.36493e-07
4.6029	-3.44827e-07
4.603	-3.54911e-07
4.6031	-3.63194e-07
4.6032	-3.71491e-07
4.6033	-3.79876e-07
4.6034	-3.88432e-07
4.6035	-3.94881e-07
4.6036	-3.99568e-07
4.6037	-4.05902e-07
4.6038	-4.1038e-07
4.6039	-4.15064e-07
4.604	-4.2238e-07
4.6041	-4.29263e-07
4.6042	-4.35394e-07
4.6043	-4.39561e-07
4.6044	-4.45842e-07
4.6045	-4.49906e-07
4.6046	-4.54796e-07
4.6047	-4.59139e-07
4.6048	-4.66832e-07
4.6049	-4.70993e-07
4.605	-4.75633e-07
4.6051	-4.79427e-07
4.6052	-4.82279e-07
4.6053	-4.86821e-07
4.6054	-4.90667e-07
4.6055	-4.92246e-07
4.6056	-4.95901e-07
4.6057	-4.96475e-07
4.6058	-4.98577e-07
4.6059	-4.99427e-07
4.606	-5.01148e-07
4.6061	-5.0206e-07
4.6062	-5.0327e-07
4.6063	-5.02178e-07
4.6064	-5.01512e-07
4.6065	-5.02334e-07
4.6066	-5.01746e-07
4.6067	-5.00898e-07
4.6068	-5.00266e-07
4.6069	-4.98755e-07
4.607	-4.97634e-07
4.6071	-4.95781e-07
4.6072	-4.9473e-07
4.6073	-4.94514e-07
4.6074	-4.92737e-07
4.6075	-4.90565e-07
4.6076	-4.88224e-07
4.6077	-4.86834e-07
4.6078	-4.84406e-07
4.6079	-4.80462e-07
4.608	-4.77539e-07
4.6081	-4.77012e-07
4.6082	-4.74225e-07
4.6083	-4.69316e-07
4.6084	-4.64219e-07
4.6085	-4.59985e-07
4.6086	-4.58379e-07
4.6087	-4.5441e-07
4.6088	-4.50784e-07
4.6089	-4.46884e-07
4.609	-4.42839e-07
4.6091	-4.38939e-07
4.6092	-4.34887e-07
4.6093	-4.30318e-07
4.6094	-4.23984e-07
4.6095	-4.18083e-07
4.6096	-4.14058e-07
4.6097	-4.1037e-07
4.6098	-4.06274e-07
4.6099	-4.01529e-07
4.61	-3.9643e-07
4.6101	-3.90565e-07
4.6102	-3.85833e-07
4.6103	-3.80657e-07
4.6104	-3.75759e-07
4.6105	-3.69516e-07
4.6106	-3.64349e-07
4.6107	-3.59023e-07
4.6108	-3.54179e-07
4.6109	-3.48586e-07
4.611	-3.42881e-07
4.6111	-3.38284e-07
4.6112	-3.3322e-07
4.6113	-3.25665e-07
4.6114	-3.21224e-07
4.6115	-3.16124e-07
4.6116	-3.11796e-07
4.6117	-3.0719e-07
4.6118	-3.03666e-07
4.6119	-2.99161e-07
4.612	-2.94581e-07
4.6121	-2.89957e-07
4.6122	-2.85592e-07
4.6123	-2.77297e-07
4.6124	-2.74152e-07
4.6125	-2.67911e-07
4.6126	-2.63132e-07
4.6127	-2.57524e-07
4.6128	-2.51804e-07
4.6129	-2.46966e-07
4.613	-2.40883e-07
4.6131	-2.36719e-07
4.6132	-2.3013e-07
4.6133	-2.24272e-07
4.6134	-2.19237e-07
4.6135	-2.14264e-07
4.6136	-2.10036e-07
4.6137	-2.04053e-07
4.6138	-1.98257e-07
4.6139	-1.92895e-07
4.614	-1.8473e-07
4.6141	-1.79338e-07
4.6142	-1.75569e-07
4.6143	-1.69927e-07
4.6144	-1.6363e-07
4.6145	-1.58019e-07
4.6146	-1.51782e-07
4.6147	-1.47067e-07
4.6148	-1.40644e-07
4.6149	-1.34962e-07
4.615	-1.29282e-07
4.6151	-1.23168e-07
4.6152	-1.17568e-07
4.6153	-1.1244e-07
4.6154	-1.0926e-07
4.6155	-1.05115e-07
4.6156	-1.00733e-07
4.6157	-9.58783e-08
4.6158	-8.96361e-08
4.6159	-8.27568e-08
4.616	-7.88367e-08
4.6161	-7.32849e-08
4.6162	-6.84911e-08
4.6163	-6.34364e-08
4.6164	-5.77195e-08
4.6165	-5.19869e-08
4.6166	-4.64547e-08
4.6167	-4.06422e-08
4.6168	-3.47652e-08
4.6169	-2.81229e-08
4.617	-2.30337e-08
4.6171	-1.75133e-08
4.6172	-1.19401e-08
4.6173	-6.00671e-09
4.6174	-9.18325e-10
4.6175	5.01667e-09
4.6176	1.10247e-08
4.6177	1.61051e-08
4.6178	2.17776e-08
4.6179	2.70299e-08
4.618	3.43063e-08
4.6181	4.0494e-08
4.6182	4.5813e-08
4.6183	5.22838e-08
4.6184	5.84997e-08
4.6185	6.54735e-08
4.6186	7.15288e-08
4.6187	7.64738e-08
4.6188	8.37978e-08
4.6189	8.98793e-08
4.619	9.74447e-08
4.6191	1.04529e-07
4.6192	1.1072e-07
4.6193	1.17379e-07
4.6194	1.24242e-07
4.6195	1.28948e-07
4.6196	1.3512e-07
4.6197	1.42302e-07
4.6198	1.48934e-07
4.6199	1.56095e-07
4.62	1.64013e-07
4.6201	1.69962e-07
4.6202	1.77554e-07
4.6203	1.84036e-07
4.6204	1.91264e-07
4.6205	1.98587e-07
4.6206	2.06097e-07
4.6207	2.13792e-07
4.6208	2.21955e-07
4.6209	2.29194e-07
4.621	2.3661e-07
4.6211	2.41271e-07
4.6212	2.46153e-07
4.6213	2.5246e-07
4.6214	2.60112e-07
4.6215	2.67718e-07
4.6216	2.75595e-07
4.6217	2.83686e-07
4.6218	2.87221e-07
4.6219	2.9598e-07
4.622	3.0071e-07
4.6221	3.04403e-07
4.6222	3.13181e-07
4.6223	3.17727e-07
4.6224	3.24393e-07
4.6225	3.32369e-07
4.6226	3.41148e-07
4.6227	3.46633e-07
4.6228	3.55039e-07
4.6229	3.62083e-07
4.623	3.69528e-07
4.6231	3.77008e-07
4.6232	3.87073e-07
4.6233	3.90579e-07
4.6234	3.93042e-07
4.6235	4.00063e-07
4.6236	4.07863e-07
4.6237	4.16165e-07
4.6238	4.2211e-07
4.6239	4.31603e-07
4.624	4.40677e-07
4.6241	4.49858e-07
4.6242	4.52901e-07
4.6243	4.62909e-07
4.6244	4.64355e-07
4.6245	4.69948e-07
4.6246	4.79264e-07
4.6247	4.89682e-07
4.6248	4.94712e-07
4.6249	5.01107e-07
4.625	5.07163e-07
4.6251	5.07119e-07
4.6252	5.12957e-07
4.6253	5.18249e-07
4.6254	5.28197e-07
4.6255	5.28244e-07
4.6256	5.32789e-07
4.6257	5.39745e-07
4.6258	5.46258e-07
4.6259	5.49921e-07
4.626	5.58344e-07
4.6261	5.62768e-07
4.6262	5.62766e-07
4.6263	5.66646e-07
4.6264	5.76389e-07
4.6265	5.80475e-07
4.6266	5.84405e-07
4.6267	5.89239e-07
4.6268	5.93275e-07
4.6269	5.94734e-07
4.627	5.93202e-07
4.6271	5.89826e-07
4.6272	5.98363e-07
4.6273	6.0221e-07
4.6274	5.99536e-07
4.6275	6.01782e-07
4.6276	6.03428e-07
4.6277	6.04869e-07
4.6278	6.05908e-07
4.6279	6.14039e-07
4.628	6.18761e-07
4.6281	6.14119e-07
4.6282	6.14262e-07
4.6283	6.2262e-07
4.6284	6.22903e-07
4.6285	6.16623e-07
4.6286	6.1791e-07
4.6287	6.18729e-07
4.6288	6.1765e-07
4.6289	6.17793e-07
4.629	6.18341e-07
4.6291	6.24121e-07
4.6292	6.29397e-07
4.6293	6.34952e-07
4.6294	6.40021e-07
4.6295	6.44684e-07
4.6296	6.50053e-07
4.6297	6.4843e-07
4.6298	6.4692e-07
4.6299	6.51996e-07
4.63	6.57222e-07
4.6301	6.56054e-07
4.6302	6.54132e-07
4.6303	6.48225e-07
4.6304	6.47454e-07
4.6305	6.47858e-07
4.6306	6.50731e-07
4.6307	6.52128e-07
4.6308	6.54556e-07
4.6309	6.48214e-07
4.631	6.4765e-07
4.6311	6.47304e-07
4.6312	6.41718e-07
4.6313	6.4037e-07
4.6314	6.33117e-07
4.6315	6.26223e-07
4.6316	6.20468e-07
4.6317	6.16867e-07
4.6318	6.10157e-07
4.6319	6.04147e-07
4.632	5.95455e-07
4.6321	5.88083e-07
4.6322	5.82307e-07
4.6323	5.74928e-07
4.6324	5.69738e-07
4.6325	5.66286e-07
4.6326	5.59631e-07
4.6327	5.53175e-07
4.6328	5.47353e-07
4.6329	5.40468e-07
4.633	5.29796e-07
4.6331	5.20025e-07
4.6332	5.10122e-07
4.6333	4.99142e-07
4.6334	4.8878e-07
4.6335	4.8152e-07
4.6336	4.70868e-07
4.6337	4.57775e-07
4.6338	4.45587e-07
4.6339	4.33299e-07
4.634	4.25315e-07
4.6341	4.09562e-07
4.6342	3.95065e-07
4.6343	3.80662e-07
4.6344	3.66565e-07
4.6345	3.54004e-07
4.6346	3.40431e-07
4.6347	3.24167e-07
4.6348	3.08662e-07
4.6349	2.92686e-07
4.635	2.856e-07
4.6351	2.67595e-07
4.6352	2.57741e-07
4.6353	2.39995e-07
4.6354	2.2804e-07
4.6355	2.09643e-07
4.6356	1.9285e-07
4.6357	1.7343e-07
4.6358	1.59385e-07
4.6359	1.41759e-07
4.636	1.22998e-07
4.6361	1.10497e-07
4.6362	9.39152e-08
4.6363	7.75541e-08
4.6364	6.10682e-08
4.6365	4.42904e-08
4.6366	2.29437e-08
4.6367	1.35982e-09
4.6368	-2.05197e-08
4.6369	-3.18829e-08
4.637	-5.44178e-08
4.6371	-6.59881e-08
4.6372	-8.481e-08
4.6373	-1.02686e-07
4.6374	-1.24732e-07
4.6375	-1.36497e-07
4.6376	-1.50047e-07
4.6377	-1.67327e-07
4.6378	-1.8497e-07
4.6379	-1.91448e-07
4.638	-2.10221e-07
4.6381	-2.35504e-07
4.6382	-2.45794e-07
4.6383	-2.6373e-07
4.6384	-2.79614e-07
4.6385	-2.9665e-07
4.6386	-3.19649e-07
4.6387	-3.36107e-07
4.6388	-3.5276e-07
4.6389	-3.69626e-07
4.639	-3.82834e-07
4.6391	-3.98698e-07
4.6392	-4.14578e-07
4.6393	-4.28746e-07
4.6394	-4.45688e-07
4.6395	-4.61428e-07
4.6396	-4.75339e-07
4.6397	-4.94769e-07
4.6398	-5.07393e-07
4.6399	-5.19559e-07
4.64	-5.37525e-07
4.6401	-5.47634e-07
4.6402	-5.58272e-07
4.6403	-5.74481e-07
4.6404	-5.86845e-07
4.6405	-6.02598e-07
4.6406	-6.16717e-07
4.6407	-6.26366e-07
4.6408	-6.3899e-07
4.6409	-6.47774e-07
4.641	-6.61273e-07
4.6411	-6.73992e-07
4.6412	-6.82166e-07
4.6413	-6.94554e-07
4.6414	-7.00573e-07
4.6415	-7.11449e-07
4.6416	-7.19847e-07
4.6417	-7.276e-07
4.6418	-7.36475e-07
4.6419	-7.4611e-07
4.642	-7.5162e-07
4.6421	-7.60108e-07
4.6422	-7.68305e-07
4.6423	-7.75737e-07
4.6424	-7.80868e-07
4.6425	-7.86926e-07
4.6426	-7.91345e-07
4.6427	-7.99911e-07
4.6428	-8.03714e-07
4.6429	-8.06411e-07
4.643	-8.08619e-07
4.6431	-8.11548e-07
4.6432	-8.14968e-07
4.6433	-8.16987e-07
4.6434	-8.17884e-07
4.6435	-8.18658e-07
4.6436	-8.1971e-07
4.6437	-8.1907e-07
4.6438	-8.18376e-07
4.6439	-8.19988e-07
4.644	-8.1792e-07
4.6441	-8.16565e-07
4.6442	-8.14442e-07
4.6443	-8.13075e-07
4.6444	-8.1094e-07
4.6445	-8.0971e-07
4.6446	-8.06535e-07
4.6447	-8.02691e-07
4.6448	-7.98819e-07
4.6449	-7.95962e-07
4.645	-7.92406e-07
4.6451	-7.88965e-07
4.6452	-7.84438e-07
4.6453	-7.76814e-07
4.6454	-7.73306e-07
4.6455	-7.69253e-07
4.6456	-7.64924e-07
4.6457	-7.61889e-07
4.6458	-7.58432e-07
4.6459	-7.52313e-07
4.646	-7.47529e-07
4.6461	-7.42523e-07
4.6462	-7.37373e-07
4.6463	-7.33224e-07
4.6464	-7.29289e-07
4.6465	-7.23525e-07
4.6466	-7.18196e-07
4.6467	-7.13157e-07
4.6468	-7.0693e-07
4.6469	-7.0104e-07
4.647	-6.94831e-07
4.6471	-6.89064e-07
4.6472	-6.81282e-07
4.6473	-6.75527e-07
4.6474	-6.69568e-07
4.6475	-6.63912e-07
4.6476	-6.58066e-07
4.6477	-6.54585e-07
4.6478	-6.43661e-07
4.6479	-6.36071e-07
4.648	-6.29224e-07
4.6481	-6.24833e-07
4.6482	-6.1713e-07
4.6483	-6.09406e-07
4.6484	-6.0138e-07
4.6485	-5.93797e-07
4.6486	-5.85968e-07
4.6487	-5.78192e-07
4.6488	-5.69807e-07
4.6489	-5.63537e-07
4.649	-5.55835e-07
4.6491	-5.47021e-07
4.6492	-5.40015e-07
4.6493	-5.31352e-07
4.6494	-5.18818e-07
4.6495	-5.11676e-07
4.6496	-5.03227e-07
4.6497	-4.92826e-07
4.6498	-4.86028e-07
4.6499	-4.77034e-07
4.65	-4.67772e-07
4.6501	-4.58247e-07
4.6502	-4.48204e-07
4.6503	-4.39072e-07
4.6504	-4.30575e-07
4.6505	-4.20154e-07
4.6506	-4.11475e-07
4.6507	-4.00758e-07
4.6508	-3.9138e-07
4.6509	-3.82428e-07
4.651	-3.72542e-07
4.6511	-3.64664e-07
4.6512	-3.56209e-07
4.6513	-3.46192e-07
4.6514	-3.37821e-07
4.6515	-3.27749e-07
4.6516	-3.17384e-07
4.6517	-3.06669e-07
4.6518	-2.96732e-07
4.6519	-2.85712e-07
4.652	-2.75345e-07
4.6521	-2.66261e-07
4.6522	-2.54666e-07
4.6523	-2.45043e-07
4.6524	-2.36621e-07
4.6525	-2.28226e-07
4.6526	-2.1789e-07
4.6527	-2.1107e-07
4.6528	-2.00405e-07
4.6529	-1.92095e-07
4.653	-1.81738e-07
4.6531	-1.70536e-07
4.6532	-1.59167e-07
4.6533	-1.4809e-07
4.6534	-1.42071e-07
4.6535	-1.31322e-07
4.6536	-1.19016e-07
4.6537	-1.09899e-07
4.6538	-9.87753e-08
4.6539	-8.76268e-08
4.654	-7.64869e-08
4.6541	-6.84341e-08
4.6542	-6.11899e-08
4.6543	-5.47136e-08
4.6544	-4.48739e-08
4.6545	-3.36349e-08
4.6546	-2.24565e-08
4.6547	-1.22482e-08
4.6548	-4.60968e-09
4.6549	-8.78232e-10
4.655	9.45565e-09
4.6551	2.12651e-08
4.6552	3.15778e-08
4.6553	4.37571e-08
4.6554	5.3317e-08
4.6555	5.75548e-08
4.6556	6.25997e-08
4.6557	7.20941e-08
4.6558	8.11139e-08
4.6559	8.58887e-08
4.656	9.06412e-08
4.6561	9.55682e-08
4.6562	1.03787e-07
4.6563	1.06985e-07
4.6564	1.09168e-07
4.6565	1.19855e-07
4.6566	1.21593e-07
4.6567	1.25891e-07
4.6568	1.31015e-07
4.6569	1.34913e-07
4.657	1.36656e-07
4.6571	1.39591e-07
4.6572	1.43264e-07
4.6573	1.51111e-07
4.6574	1.57986e-07
4.6575	1.61001e-07
4.6576	1.58679e-07
4.6577	1.59522e-07
4.6578	1.60241e-07
4.6579	1.64576e-07
4.658	1.64116e-07
4.6581	1.63369e-07
4.6582	1.62931e-07
4.6583	1.68607e-07
4.6584	1.68521e-07
4.6585	1.73459e-07
4.6586	1.72859e-07
4.6587	1.71772e-07
4.6588	1.74925e-07
4.6589	1.7353e-07
4.659	1.74597e-07
4.6591	1.72325e-07
4.6592	1.72093e-07
4.6593	1.67223e-07
4.6594	1.62776e-07
4.6595	1.6263e-07
4.6596	1.58275e-07
4.6597	1.5384e-07
4.6598	1.49406e-07
4.6599	1.47983e-07
4.66	1.51736e-07
4.6601	1.46709e-07
4.6602	1.40305e-07
4.6603	1.33876e-07
4.6604	1.31299e-07
4.6605	1.2769e-07
4.6606	1.25164e-07
4.6607	1.2184e-07
4.6608	1.19111e-07
4.6609	1.16112e-07
4.661	1.1232e-07
4.6611	1.1163e-07
4.6612	1.03149e-07
4.6613	1.03067e-07
4.6614	9.75835e-08
4.6615	9.05235e-08
4.6616	8.40693e-08
4.6617	8.23811e-08
4.6618	8.05486e-08
4.6619	7.79089e-08
4.662	7.21097e-08
4.6621	6.50542e-08
4.6622	5.7857e-08
4.6623	4.96047e-08
4.6624	4.55182e-08
4.6625	4.19495e-08
4.6626	3.53935e-08
4.6627	2.32592e-08
4.6628	1.83276e-08
4.6629	7.94102e-09
4.663	2.935e-09
4.6631	-7.30591e-09
4.6632	-1.98946e-08
4.6633	-2.37169e-08
4.6634	-3.02382e-08
4.6635	-3.65277e-08
4.6636	-4.49194e-08
4.6637	-5.38038e-08
4.6638	-5.64614e-08
4.6639	-5.92946e-08
4.664	-6.70998e-08
4.6641	-7.70053e-08
4.6642	-8.23441e-08
4.6643	-9.05183e-08
4.6644	-9.92689e-08
4.6645	-1.02023e-07
4.6646	-1.05766e-07
4.6647	-1.1903e-07
4.6648	-1.26471e-07
4.6649	-1.38393e-07
4.665	-1.40567e-07
4.6651	-1.44272e-07
4.6652	-1.48441e-07
4.6653	-1.55851e-07
4.6654	-1.63985e-07
4.6655	-1.67456e-07
4.6656	-1.72379e-07
4.6657	-1.77695e-07
4.6658	-1.82426e-07
4.6659	-1.91068e-07
4.666	-1.95466e-07
4.6661	-2.01057e-07
4.6662	-2.06243e-07
4.6663	-2.1471e-07
4.6664	-2.18862e-07
4.6665	-2.24515e-07
4.6666	-2.30154e-07
4.6667	-2.34593e-07
4.6668	-2.41876e-07
4.6669	-2.47677e-07
4.667	-2.55985e-07
4.6671	-2.64439e-07
4.6672	-2.69889e-07
4.6673	-2.76072e-07
4.6674	-2.84484e-07
4.6675	-2.88068e-07
4.6676	-2.93803e-07
4.6677	-2.99615e-07
4.6678	-3.0409e-07
4.6679	-3.10001e-07
4.668	-3.13534e-07
4.6681	-3.19867e-07
4.6682	-3.25162e-07
4.6683	-3.30073e-07
4.6684	-3.33596e-07
4.6685	-3.38056e-07
4.6686	-3.40656e-07
4.6687	-3.46633e-07
4.6688	-3.49737e-07
4.6689	-3.52428e-07
4.669	-3.54698e-07
4.6691	-3.56882e-07
4.6692	-3.59906e-07
4.6693	-3.64716e-07
4.6694	-3.64889e-07
4.6695	-3.67207e-07
4.6696	-3.68135e-07
4.6697	-3.70037e-07
4.6698	-3.71555e-07
4.6699	-3.73257e-07
4.67	-3.7661e-07
4.6701	-3.78384e-07
4.6702	-3.79254e-07
4.6703	-3.81547e-07
4.6704	-3.82257e-07
4.6705	-3.82611e-07
4.6706	-3.8451e-07
4.6707	-3.84293e-07
4.6708	-3.84301e-07
4.6709	-3.82793e-07
4.671	-3.81109e-07
4.6711	-3.80125e-07
4.6712	-3.78124e-07
4.6713	-3.76652e-07
4.6714	-3.75105e-07
4.6715	-3.72068e-07
4.6716	-3.71058e-07
4.6717	-3.68856e-07
4.6718	-3.65438e-07
4.6719	-3.61707e-07
4.672	-3.5929e-07
4.6721	-3.57164e-07
4.6722	-3.51788e-07
4.6723	-3.48006e-07
4.6724	-3.45076e-07
4.6725	-3.41095e-07
4.6726	-3.37975e-07
4.6727	-3.34783e-07
4.6728	-3.31041e-07
4.6729	-3.26994e-07
4.673	-3.23417e-07
4.6731	-3.1876e-07
4.6732	-3.14914e-07
4.6733	-3.07913e-07
4.6734	-3.02156e-07
4.6735	-2.98687e-07
4.6736	-2.95096e-07
4.6737	-2.89875e-07
4.6738	-2.84884e-07
4.6739	-2.80323e-07
4.674	-2.74871e-07
4.6741	-2.69116e-07
4.6742	-2.64846e-07
4.6743	-2.59516e-07
4.6744	-2.52333e-07
4.6745	-2.4665e-07
4.6746	-2.41388e-07
4.6747	-2.36114e-07
4.6748	-2.30374e-07
4.6749	-2.24483e-07
4.675	-2.20018e-07
4.6751	-2.1464e-07
4.6752	-2.0521e-07
4.6753	-2.01385e-07
4.6754	-1.95359e-07
4.6755	-1.90566e-07
4.6756	-1.86413e-07
4.6757	-1.82077e-07
4.6758	-1.78428e-07
4.6759	-1.74359e-07
4.676	-1.69092e-07
4.6761	-1.64981e-07
4.6762	-1.57016e-07
4.6763	-1.54334e-07
4.6764	-1.49512e-07
4.6765	-1.43566e-07
4.6766	-1.37644e-07
4.6767	-1.32374e-07
4.6768	-1.27527e-07
4.6769	-1.21083e-07
4.677	-1.17209e-07
4.6771	-1.10615e-07
4.6772	-1.04469e-07
4.6773	-1.01091e-07
4.6774	-9.78633e-08
4.6775	-9.21806e-08
4.6776	-8.62381e-08
4.6777	-8.1307e-08
4.6778	-7.53956e-08
4.6779	-6.73338e-08
4.678	-6.18255e-08
4.6781	-5.85109e-08
4.6782	-5.27179e-08
4.6783	-4.80508e-08
4.6784	-4.22682e-08
4.6785	-3.67199e-08
4.6786	-3.12606e-08
4.6787	-2.66527e-08
4.6788	-2.01091e-08
4.6789	-1.20021e-08
4.679	-7.60569e-09
4.6791	-2.3171e-09
4.6792	2.71692e-09
4.6793	8.4974e-09
4.6794	1.3541e-08
4.6795	1.7363e-08
4.6796	2.22046e-08
4.6797	2.84977e-08
4.6798	3.47633e-08
4.6799	3.84329e-08
4.68	4.31366e-08
4.6801	4.64928e-08
4.6802	5.19251e-08
4.6803	5.78734e-08
4.6804	6.39061e-08
4.6805	6.94412e-08
4.6806	7.51673e-08
4.6807	8.13196e-08
4.6808	8.84969e-08
4.6809	9.32181e-08
4.681	9.92184e-08
4.6811	1.04599e-07
4.6812	1.10298e-07
4.6813	1.15908e-07
4.6814	1.20687e-07
4.6815	1.2625e-07
4.6816	1.32073e-07
4.6817	1.37193e-07
4.6818	1.41246e-07
4.6819	1.46794e-07
4.682	1.53072e-07
4.6821	1.59114e-07
4.6822	1.63935e-07
4.6823	1.69846e-07
4.6824	1.77195e-07
4.6825	1.83717e-07
4.6826	1.90598e-07
4.6827	1.96086e-07
4.6828	2.01261e-07
4.6829	2.09812e-07
4.683	2.16051e-07
4.6831	2.21654e-07
4.6832	2.2826e-07
4.6833	2.3449e-07
4.6834	2.41725e-07
4.6835	2.47652e-07
4.6836	2.54484e-07
4.6837	2.60879e-07
4.6838	2.68293e-07
4.6839	2.75882e-07
4.684	2.8408e-07
4.6841	2.9044e-07
4.6842	2.9812e-07
4.6843	3.05546e-07
4.6844	3.13031e-07
4.6845	3.20417e-07
4.6846	3.27547e-07
4.6847	3.35174e-07
4.6848	3.42978e-07
4.6849	3.49691e-07
4.685	3.5527e-07
4.6851	3.63963e-07
4.6852	3.70208e-07
4.6853	3.7533e-07
4.6854	3.82836e-07
4.6855	3.90367e-07
4.6856	3.97589e-07
4.6857	4.05127e-07
4.6858	4.13232e-07
4.6859	4.21128e-07
4.686	4.28478e-07
4.6861	4.35323e-07
4.6862	4.43903e-07
4.6863	4.51519e-07
4.6864	4.59735e-07
4.6865	4.642e-07
4.6866	4.70365e-07
4.6867	4.78159e-07
4.6868	4.84536e-07
4.6869	4.92252e-07
4.687	4.99661e-07
4.6871	5.0734e-07
4.6872	5.10443e-07
4.6873	5.17421e-07
4.6874	5.20227e-07
4.6875	5.27568e-07
4.6876	5.35427e-07
4.6877	5.42531e-07
4.6878	5.52237e-07
4.6879	5.59056e-07
4.688	5.66736e-07
4.6881	5.74549e-07
4.6882	5.80945e-07
4.6883	5.91059e-07
4.6884	5.97716e-07
4.6885	6.07495e-07
4.6886	6.1391e-07
4.6887	6.19183e-07
4.6888	6.2521e-07
4.6889	6.25452e-07
4.689	6.25809e-07
4.6891	6.25419e-07
4.6892	6.31099e-07
4.6893	6.37104e-07
4.6894	6.46518e-07
4.6895	6.56759e-07
4.6896	6.6139e-07
4.6897	6.65656e-07
4.6898	6.70765e-07
4.6899	6.76078e-07
4.69	6.81309e-07
4.6901	6.85817e-07
4.6902	6.85461e-07
4.6903	6.9524e-07
4.6904	7.03726e-07
4.6905	7.03104e-07
4.6906	7.07387e-07
4.6907	7.09694e-07
4.6908	7.0865e-07
4.6909	7.11366e-07
4.691	7.08729e-07
4.6911	7.12175e-07
4.6912	7.14776e-07
4.6913	7.17176e-07
4.6914	7.14646e-07
4.6915	7.21966e-07
4.6916	7.25208e-07
4.6917	7.26329e-07
4.6918	7.24917e-07
4.6919	7.24376e-07
4.692	7.31482e-07
4.6921	7.31824e-07
4.6922	7.31921e-07
4.6923	7.32199e-07
4.6924	7.37205e-07
4.6925	7.36001e-07
4.6926	7.35843e-07
4.6927	7.3413e-07
4.6928	7.34051e-07
4.6929	7.33468e-07
4.693	7.38958e-07
4.6931	7.38265e-07
4.6932	7.38269e-07
4.6933	7.36929e-07
4.6934	7.36216e-07
4.6935	7.35855e-07
4.6936	7.40353e-07
4.6937	7.37632e-07
4.6938	7.43885e-07
4.6939	7.45696e-07
4.694	7.48628e-07
4.6941	7.53231e-07
4.6942	7.50732e-07
4.6943	7.52161e-07
4.6944	7.53643e-07
4.6945	7.45412e-07
4.6946	7.46478e-07
4.6947	7.50057e-07
4.6948	7.51852e-07
4.6949	7.49447e-07
4.695	7.48932e-07
4.6951	7.49598e-07
4.6952	7.49601e-07
4.6953	7.49852e-07
4.6954	7.48972e-07
4.6955	7.41149e-07
4.6956	7.39754e-07
4.6957	7.32768e-07
4.6958	7.26231e-07
4.6959	7.17392e-07
4.696	7.14161e-07
4.6961	7.08626e-07
4.6962	7.04175e-07
4.6963	6.91085e-07
4.6964	6.87476e-07
4.6965	6.78738e-07
4.6966	6.73839e-07
4.6967	6.63765e-07
4.6968	6.57298e-07
4.6969	6.5067e-07
4.697	6.4317e-07
4.6971	6.3485e-07
4.6972	6.2581e-07
4.6973	6.13905e-07
4.6974	5.98677e-07
4.6975	5.90227e-07
4.6976	5.79459e-07
4.6977	5.68498e-07
4.6978	5.5752e-07
4.6979	5.44759e-07
4.698	5.33583e-07
4.6981	5.26778e-07
4.6982	5.22684e-07
4.6983	5.08852e-07
4.6984	4.94507e-07
4.6985	4.79138e-07
4.6986	4.65752e-07
4.6987	4.49489e-07
4.6988	4.34567e-07
4.6989	4.20686e-07
4.699	4.11034e-07
4.6991	3.93436e-07
4.6992	3.77703e-07
4.6993	3.59432e-07
4.6994	3.47542e-07
4.6995	3.32266e-07
4.6996	3.21234e-07
4.6997	3.1432e-07
4.6998	2.97727e-07
4.6999	2.82125e-07
4.7	2.65171e-07
4.7001	2.57009e-07
4.7002	2.37664e-07
4.7003	2.28181e-07
4.7004	2.08028e-07
4.7005	1.91452e-07
4.7006	1.70387e-07
4.7007	1.53598e-07
4.7008	1.37539e-07
4.7009	1.30065e-07
4.701	1.13389e-07
4.7011	9.55466e-08
4.7012	7.70667e-08
4.7013	5.32162e-08
4.7014	3.22253e-08
4.7015	2.51529e-08
4.7016	1.78108e-08
4.7017	1.22803e-09
4.7018	-9.73066e-09
4.7019	-2.4966e-08
4.702	-4.21614e-08
4.7021	-5.91752e-08
4.7022	-6.99654e-08
4.7023	-8.64902e-08
4.7024	-1.03886e-07
4.7025	-1.25964e-07
4.7026	-1.4165e-07
4.7027	-1.57789e-07
4.7028	-1.72533e-07
4.7029	-1.86718e-07
4.703	-2.05842e-07
4.7031	-2.20954e-07
4.7032	-2.37321e-07
4.7033	-2.504e-07
4.7034	-2.64291e-07
4.7035	-2.76139e-07
4.7036	-2.89898e-07
4.7037	-3.06671e-07
4.7038	-3.18293e-07
4.7039	-3.30058e-07
4.704	-3.44692e-07
4.7041	-3.59745e-07
4.7042	-3.69202e-07
4.7043	-3.79096e-07
4.7044	-3.89437e-07
4.7045	-3.99008e-07
4.7046	-4.14982e-07
4.7047	-4.24555e-07
4.7048	-4.3931e-07
4.7049	-4.53466e-07
4.705	-4.66756e-07
4.7051	-4.74979e-07
4.7052	-4.86044e-07
4.7053	-4.9701e-07
4.7054	-5.0655e-07
4.7055	-5.16651e-07
4.7056	-5.27508e-07
4.7057	-5.36679e-07
4.7058	-5.44109e-07
4.7059	-5.48463e-07
4.706	-5.57336e-07
4.7061	-5.61444e-07
4.7062	-5.66737e-07
4.7063	-5.72218e-07
4.7064	-5.77864e-07
4.7065	-5.82314e-07
4.7066	-5.87342e-07
4.7067	-5.9121e-07
4.7068	-5.94411e-07
4.7069	-5.97265e-07
4.707	-6.00576e-07
4.7071	-6.03896e-07
4.7072	-6.06026e-07
4.7073	-6.0805e-07
4.7074	-6.0875e-07
4.7075	-6.09837e-07
4.7076	-6.11057e-07
4.7077	-6.12141e-07
4.7078	-6.13023e-07
4.7079	-6.12124e-07
4.708	-6.10953e-07
4.7081	-6.10099e-07
4.7082	-6.09373e-07
4.7083	-6.09376e-07
4.7084	-6.07953e-07
4.7085	-6.06585e-07
4.7086	-6.05129e-07
4.7087	-6.00761e-07
4.7088	-5.98208e-07
4.7089	-5.9607e-07
4.709	-5.90308e-07
4.7091	-5.86789e-07
4.7092	-5.83212e-07
4.7093	-5.7991e-07
4.7094	-5.77065e-07
4.7095	-5.73083e-07
4.7096	-5.69245e-07
4.7097	-5.6618e-07
4.7098	-5.63256e-07
4.7099	-5.56812e-07
4.71	-5.52269e-07
4.7101	-5.47541e-07
4.7102	-5.43323e-07
4.7103	-5.39077e-07
4.7104	-5.35148e-07
4.7105	-5.298e-07
4.7106	-5.24452e-07
4.7107	-5.19298e-07
4.7108	-5.13199e-07
4.7109	-5.07901e-07
4.711	-5.00779e-07
4.7111	-4.94177e-07
4.7112	-4.87941e-07
4.7113	-4.82177e-07
4.7114	-4.76021e-07
4.7115	-4.71321e-07
4.7116	-4.65767e-07
4.7117	-4.56377e-07
4.7118	-4.50198e-07
4.7119	-4.43714e-07
4.712	-4.35337e-07
4.7121	-4.2734e-07
4.7122	-4.19788e-07
4.7123	-4.11949e-07
4.7124	-4.04123e-07
4.7125	-3.97301e-07
4.7126	-3.88912e-07
4.7127	-3.8039e-07
4.7128	-3.72237e-07
4.7129	-3.6363e-07
4.713	-3.56704e-07
4.7131	-3.49463e-07
4.7132	-3.43271e-07
4.7133	-3.30693e-07
4.7134	-3.23017e-07
4.7135	-3.1427e-07
4.7136	-3.06815e-07
4.7137	-2.95878e-07
4.7138	-2.87513e-07
4.7139	-2.77675e-07
4.714	-2.70252e-07
4.7141	-2.60317e-07
4.7142	-2.52188e-07
4.7143	-2.42692e-07
4.7144	-2.33182e-07
4.7145	-2.238e-07
4.7146	-2.13282e-07
4.7147	-2.02072e-07
4.7148	-1.96203e-07
4.7149	-1.86203e-07
4.715	-1.76404e-07
4.7151	-1.67373e-07
4.7152	-1.58429e-07
4.7153	-1.48548e-07
4.7154	-1.37316e-07
4.7155	-1.26618e-07
4.7156	-1.1474e-07
4.7157	-1.05107e-07
4.7158	-9.65568e-08
4.7159	-8.58407e-08
4.716	-7.59223e-08
4.7161	-6.76255e-08
4.7162	-5.63979e-08
4.7163	-4.75693e-08
4.7164	-4.03688e-08
4.7165	-2.98948e-08
4.7166	-1.96479e-08
4.7167	-1.32769e-08
4.7168	-2.03301e-09
4.7169	4.8373e-09
4.717	1.28753e-08
4.7171	2.19309e-08
4.7172	2.77015e-08
4.7173	3.86782e-08
4.7174	4.41891e-08
4.7175	5.22329e-08
4.7176	6.2958e-08
4.7177	7.18797e-08
4.7178	7.84557e-08
4.7179	8.81974e-08
4.718	9.91182e-08
4.7181	1.08419e-07
4.7182	1.15834e-07
4.7183	1.26834e-07
4.7184	1.36644e-07
4.7185	1.44026e-07
4.7186	1.51643e-07
4.7187	1.57611e-07
4.7188	1.6941e-07
4.7189	1.72567e-07
4.719	1.78651e-07
4.7191	1.84616e-07
4.7192	1.90335e-07
4.7193	2.00154e-07
4.7194	2.05463e-07
4.7195	2.1626e-07
4.7196	2.19542e-07
4.7197	2.247e-07
4.7198	2.34395e-07
4.7199	2.3901e-07
4.72	2.49514e-07
4.7201	2.54485e-07
4.7202	2.59413e-07
4.7203	2.59913e-07
4.7204	2.60543e-07
4.7205	2.67105e-07
4.7206	2.76215e-07
4.7207	2.77709e-07
4.7208	2.87506e-07
4.7209	2.92199e-07
4.721	2.94284e-07
4.7211	2.9776e-07
4.7212	3.00542e-07
4.7213	3.05688e-07
4.7214	3.06836e-07
4.7215	3.07555e-07
4.7216	3.15929e-07
4.7217	3.18681e-07
4.7218	3.18089e-07
4.7219	3.21435e-07
4.722	3.21925e-07
4.7221	3.1886e-07
4.7222	3.14014e-07
4.7223	3.17902e-07
4.7224	3.1953e-07
4.7225	3.17661e-07
4.7226	3.21695e-07
4.7227	3.18957e-07
4.7228	3.17078e-07
4.7229	3.14117e-07
4.723	3.17612e-07
4.7231	3.17376e-07
4.7232	3.14725e-07
4.7233	3.10658e-07
4.7234	3.07605e-07
4.7235	3.04351e-07
4.7236	2.98747e-07
4.7237	2.95385e-07
4.7238	2.96085e-07
4.7239	2.97271e-07
4.724	2.96662e-07
4.7241	2.90907e-07
4.7242	2.85908e-07
4.7243	2.84193e-07
4.7244	2.7835e-07
4.7245	2.73549e-07
4.7246	2.68879e-07
4.7247	2.66315e-07
4.7248	2.63877e-07
4.7249	2.59315e-07
4.725	2.5625e-07
4.7251	2.54665e-07
4.7252	2.481e-07
4.7253	2.41694e-07
4.7254	2.34791e-07
4.7255	2.3048e-07
4.7256	2.22714e-07
4.7257	2.17611e-07
4.7258	2.14221e-07
4.7259	2.09993e-07
4.726	2.04028e-07
4.7261	1.96431e-07
4.7262	1.91943e-07
4.7263	1.84008e-07
4.7264	1.80115e-07
4.7265	1.70986e-07
4.7266	1.61857e-07
4.7267	1.55233e-07
4.7268	1.4478e-07
4.7269	1.33007e-07
4.727	1.23291e-07
4.7271	1.15123e-07
4.7272	1.07928e-07
4.7273	9.69775e-08
4.7274	8.79591e-08
4.7275	8.10139e-08
4.7276	7.22178e-08
4.7277	5.94529e-08
4.7278	5.12096e-08
4.7279	4.31401e-08
4.728	3.97494e-08
4.7281	3.0725e-08
4.7282	2.00745e-08
4.7283	7.61655e-09
4.7284	-4.78796e-10
4.7285	-1.35961e-08
4.7286	-1.80387e-08
4.7287	-3.19767e-08
4.7288	-3.6459e-08
4.7289	-4.24536e-08
4.729	-5.05677e-08
4.7291	-6.3461e-08
4.7292	-7.23806e-08
4.7293	-7.55181e-08
4.7294	-7.89879e-08
4.7295	-8.76355e-08
4.7296	-1.02876e-07
4.7297	-1.12477e-07
4.7298	-1.17194e-07
4.7299	-1.21913e-07
4.73	-1.33433e-07
4.7301	-1.42738e-07
4.7302	-1.47856e-07
4.7303	-1.56908e-07
4.7304	-1.61041e-07
4.7305	-1.70374e-07
4.7306	-1.78656e-07
4.7307	-1.88744e-07
4.7308	-1.97621e-07
4.7309	-2.06736e-07
4.731	-2.15931e-07
4.7311	-2.23748e-07
4.7312	-2.31922e-07
4.7313	-2.40696e-07
4.7314	-2.45477e-07
4.7315	-2.50979e-07
4.7316	-2.61336e-07
4.7317	-2.69877e-07
4.7318	-2.76515e-07
4.7319	-2.83418e-07
4.732	-2.88599e-07
4.7321	-2.9461e-07
4.7322	-3.00505e-07
4.7323	-3.05937e-07
4.7324	-3.07689e-07
4.7325	-3.13483e-07
4.7326	-3.18695e-07
4.7327	-3.2469e-07
4.7328	-3.28199e-07
4.7329	-3.32571e-07
4.733	-3.36008e-07
4.7331	-3.38952e-07
4.7332	-3.43425e-07
4.7333	-3.46101e-07
4.7334	-3.48793e-07
4.7335	-3.52064e-07
4.7336	-3.53086e-07
4.7337	-3.54291e-07
4.7338	-3.57965e-07
4.7339	-3.59382e-07
4.734	-3.60655e-07
4.7341	-3.63404e-07
4.7342	-3.61902e-07
4.7343	-3.62702e-07
4.7344	-3.62779e-07
4.7345	-3.63123e-07
4.7346	-3.64425e-07
4.7347	-3.63494e-07
4.7348	-3.61807e-07
4.7349	-3.61109e-07
4.735	-3.5947e-07
4.7351	-3.58171e-07
4.7352	-3.57231e-07
4.7353	-3.54193e-07
4.7354	-3.52625e-07
4.7355	-3.5015e-07
4.7356	-3.48024e-07
4.7357	-3.44614e-07
4.7358	-3.4111e-07
4.7359	-3.39606e-07
4.736	-3.3773e-07
4.7361	-3.32095e-07
4.7362	-3.27337e-07
4.7363	-3.24497e-07
4.7364	-3.21016e-07
4.7365	-3.16869e-07
4.7366	-3.12565e-07
4.7367	-3.08211e-07
4.7368	-3.03876e-07
4.7369	-3.00127e-07
4.737	-2.96036e-07
4.7371	-2.91046e-07
4.7372	-2.86882e-07
4.7373	-2.80072e-07
4.7374	-2.74859e-07
4.7375	-2.7207e-07
4.7376	-2.67653e-07
4.7377	-2.62718e-07
4.7378	-2.56909e-07
4.7379	-2.52317e-07
4.738	-2.4686e-07
4.7381	-2.41818e-07
4.7382	-2.38047e-07
4.7383	-2.29113e-07
4.7384	-2.24636e-07
4.7385	-2.18767e-07
4.7386	-2.13409e-07
4.7387	-2.07959e-07
4.7388	-2.02248e-07
4.7389	-1.97187e-07
4.739	-1.90237e-07
4.7391	-1.86001e-07
4.7392	-1.77142e-07
4.7393	-1.72634e-07
4.7394	-1.68598e-07
4.7395	-1.63415e-07
4.7396	-1.59062e-07
4.7397	-1.53958e-07
4.7398	-1.4958e-07
4.7399	-1.45457e-07
4.74	-1.40975e-07
4.7401	-1.34204e-07
4.7402	-1.26896e-07
4.7403	-1.22507e-07
4.7404	-1.17448e-07
4.7405	-1.12327e-07
4.7406	-1.06994e-07
4.7407	-1.01804e-07
4.7408	-9.74569e-08
4.7409	-9.13048e-08
4.741	-8.82683e-08
4.7411	-8.22994e-08
4.7412	-7.81837e-08
4.7413	-7.28333e-08
4.7414	-6.75738e-08
4.7415	-6.24007e-08
4.7416	-5.6499e-08
4.7417	-5.23543e-08
4.7418	-4.47422e-08
4.7419	-3.97011e-08
4.742	-3.31208e-08
4.7421	-3.05837e-08
4.7422	-2.51349e-08
4.7423	-1.93532e-08
4.7424	-1.35894e-08
4.7425	-8.98266e-09
4.7426	-2.54075e-09
4.7427	2.12011e-09
4.7428	7.68552e-09
4.7429	1.4214e-08
4.743	1.72222e-08
4.7431	2.25065e-08
4.7432	2.72311e-08
4.7433	3.3869e-08
4.7434	3.79146e-08
4.7435	4.22197e-08
4.7436	4.80032e-08
4.7437	5.50383e-08
4.7438	5.9915e-08
4.7439	6.32781e-08
4.744	6.93747e-08
4.7441	7.35956e-08
4.7442	7.87999e-08
4.7443	8.43748e-08
4.7444	9.03466e-08
4.7445	9.61637e-08
4.7446	1.02883e-07
4.7447	1.07707e-07
4.7448	1.12519e-07
4.7449	1.17709e-07
4.745	1.2324e-07
4.7451	1.27214e-07
4.7452	1.32872e-07
4.7453	1.38288e-07
4.7454	1.43231e-07
4.7455	1.4844e-07
4.7456	1.52871e-07
4.7457	1.58672e-07
4.7458	1.6424e-07
4.7459	1.69732e-07
4.746	1.75661e-07
4.7461	1.82487e-07
4.7462	1.87865e-07
4.7463	1.94133e-07
4.7464	2.00957e-07
4.7465	2.07431e-07
4.7466	2.13153e-07
4.7467	2.18492e-07
4.7468	2.25371e-07
4.7469	2.32035e-07
4.747	2.38088e-07
4.7471	2.44565e-07
4.7472	2.50833e-07
4.7473	2.57491e-07
4.7474	2.65082e-07
4.7475	2.71035e-07
4.7476	2.75682e-07
4.7477	2.82392e-07
4.7478	2.89445e-07
4.7479	2.96601e-07
4.748	3.04309e-07
4.7481	3.1176e-07
4.7482	3.18683e-07
4.7483	3.25498e-07
4.7484	3.33213e-07
4.7485	3.40416e-07
4.7486	3.47503e-07
4.7487	3.5542e-07
4.7488	3.633e-07
4.7489	3.70439e-07
4.749	3.78199e-07
4.7491	3.86788e-07
4.7492	3.92933e-07
4.7493	4.00414e-07
4.7494	4.06602e-07
4.7495	4.14877e-07
4.7496	4.22328e-07
4.7497	4.3001e-07
4.7498	4.34436e-07
4.7499	4.42368e-07
4.75	4.48788e-07
4.7501	4.56034e-07
4.7502	4.63308e-07
4.7503	4.70754e-07
4.7504	4.79595e-07
4.7505	4.87629e-07
4.7506	4.94451e-07
4.7507	5.03086e-07
4.7508	5.09852e-07
4.7509	5.16296e-07
4.751	5.23433e-07
4.7511	5.26885e-07
4.7512	5.34059e-07
4.7513	5.41753e-07
4.7514	5.49091e-07
4.7515	5.5593e-07
4.7516	5.65118e-07
4.7517	5.6782e-07
4.7518	5.74351e-07
4.7519	5.76462e-07
4.752	5.77647e-07
4.7521	5.86267e-07
4.7522	5.88607e-07
4.7523	5.95018e-07
4.7524	6.05625e-07
4.7525	6.10147e-07
4.7526	6.17187e-07
4.7527	6.17552e-07
4.7528	6.18142e-07
4.7529	6.18056e-07
4.753	6.23643e-07
4.7531	6.29298e-07
4.7532	6.33689e-07
4.7533	6.38855e-07
4.7534	6.48478e-07
4.7535	6.5303e-07
4.7536	6.57478e-07
4.7537	6.62806e-07
4.7538	6.61526e-07
4.7539	6.70857e-07
4.754	6.6984e-07
4.7541	6.7957e-07
4.7542	6.88991e-07
4.7543	6.91781e-07
4.7544	6.90469e-07
4.7545	6.93722e-07
4.7546	6.96978e-07
4.7547	6.95693e-07
4.7548	6.98344e-07
4.7549	7.00829e-07
4.755	6.98437e-07
4.7551	7.00132e-07
4.7552	7.08083e-07
4.7553	7.17052e-07
4.7554	7.18957e-07
4.7555	7.20607e-07
4.7556	7.16014e-07
4.7557	7.23163e-07
4.7558	7.23894e-07
4.7559	7.24427e-07
4.756	7.26569e-07
4.7561	7.24285e-07
4.7562	7.24159e-07
4.7563	7.22294e-07
4.7564	7.22082e-07
4.7565	7.22221e-07
4.7566	7.28401e-07
4.7567	7.22033e-07
4.7568	7.20888e-07
4.7569	7.18296e-07
4.757	7.2364e-07
4.7571	7.28476e-07
4.7572	7.27132e-07
4.7573	7.25916e-07
4.7574	7.29965e-07
4.7575	7.33623e-07
4.7576	7.38263e-07
4.7577	7.34297e-07
4.7578	7.34386e-07
4.7579	7.36177e-07
4.758	7.39583e-07
4.7581	7.36418e-07
4.7582	7.36996e-07
4.7583	7.31689e-07
4.7584	7.3418e-07
4.7585	7.27491e-07
4.7586	7.28585e-07
4.7587	7.29372e-07
4.7588	7.23937e-07
4.7589	7.21226e-07
4.759	7.20879e-07
4.7591	7.19875e-07
4.7592	7.18496e-07
4.7593	7.12525e-07
4.7594	7.11589e-07
4.7595	7.04952e-07
4.7596	7.03005e-07
4.7597	6.91204e-07
4.7598	6.83647e-07
4.7599	6.74357e-07
4.76	6.71156e-07
4.7601	6.67362e-07
4.7602	6.58115e-07
4.7603	6.51322e-07
4.7604	6.47683e-07
4.7605	6.42712e-07
4.7606	6.3578e-07
4.7607	6.27805e-07
4.7608	6.20734e-07
4.7609	6.12849e-07
4.761	6.04652e-07
4.7611	5.93785e-07
4.7612	5.85288e-07
4.7613	5.72112e-07
4.7614	5.60389e-07
4.7615	5.53235e-07
4.7616	5.45826e-07
4.7617	5.38179e-07
4.7618	5.21173e-07
4.7619	5.08156e-07
4.762	4.94471e-07
4.7621	4.82596e-07
4.7622	4.72652e-07
4.7623	4.59556e-07
4.7624	4.44715e-07
4.7625	4.30842e-07
4.7626	4.15818e-07
4.7627	4.06703e-07
4.7628	3.89955e-07
4.7629	3.75098e-07
4.763	3.57913e-07
4.7631	3.40831e-07
4.7632	3.20201e-07
4.7633	3.0381e-07
4.7634	2.92264e-07
4.7635	2.76954e-07
4.7636	2.62489e-07
4.7637	2.41823e-07
4.7638	2.26505e-07
4.7639	2.10859e-07
4.764	1.91373e-07
4.7641	1.75804e-07
4.7642	1.66533e-07
4.7643	1.46262e-07
4.7644	1.26209e-07
4.7645	1.05759e-07
4.7646	8.97709e-08
4.7647	7.30009e-08
4.7648	6.56981e-08
4.7649	4.28364e-08
4.765	1.89183e-08
4.7651	-6.1616e-10
4.7652	-1.84127e-08
4.7653	-2.43873e-08
4.7654	-4.20762e-08
4.7655	-5.68771e-08
4.7656	-6.33822e-08
4.7657	-6.84942e-08
4.7658	-8.62605e-08
4.7659	-1.02833e-07
4.766	-1.19615e-07
4.7661	-1.36432e-07
4.7662	-1.54312e-07
4.7663	-1.70856e-07
4.7664	-1.9158e-07
4.7665	-2.09835e-07
4.7666	-2.20794e-07
4.7667	-2.31257e-07
4.7668	-2.51734e-07
4.7669	-2.68386e-07
4.767	-2.8357e-07
4.7671	-3.02934e-07
4.7672	-3.23428e-07
4.7673	-3.43499e-07
4.7674	-3.55352e-07
4.7675	-3.74146e-07
4.7676	-3.87615e-07
4.7677	-3.99117e-07
4.7678	-4.11316e-07
4.7679	-4.21588e-07
4.768	-4.37499e-07
4.7681	-4.54179e-07
4.7682	-4.68916e-07
4.7683	-4.79139e-07
4.7684	-4.93873e-07
4.7685	-5.08375e-07
4.7686	-5.20776e-07
4.7687	-5.30904e-07
4.7688	-5.44496e-07
4.7689	-5.57626e-07
4.769	-5.70564e-07
4.7691	-5.83092e-07
4.7692	-5.93892e-07
4.7693	-6.04581e-07
4.7694	-6.12289e-07
4.7695	-6.22671e-07
4.7696	-6.3275e-07
4.7697	-6.42082e-07
4.7698	-6.51355e-07
4.7699	-6.58559e-07
4.77	-6.62729e-07
4.7701	-6.69553e-07
4.7702	-6.76332e-07
4.7703	-6.82051e-07
4.7704	-6.87345e-07
4.7705	-6.91997e-07
4.7706	-6.95496e-07
4.7707	-6.99111e-07
4.7708	-7.02534e-07
4.7709	-7.05945e-07
4.771	-7.09969e-07
4.7711	-7.12462e-07
4.7712	-7.13903e-07
4.7713	-7.15706e-07
4.7714	-7.1705e-07
4.7715	-7.18033e-07
4.7716	-7.18351e-07
4.7717	-7.17463e-07
4.7718	-7.15823e-07
4.7719	-7.15455e-07
4.772	-7.15031e-07
4.7721	-7.13869e-07
4.7722	-7.12972e-07
4.7723	-7.1204e-07
4.7724	-7.12297e-07
4.7725	-7.11575e-07
4.7726	-7.08753e-07
4.7727	-7.04268e-07
4.7728	-7.02814e-07
4.7729	-6.99708e-07
4.773	-6.96555e-07
4.7731	-6.92922e-07
4.7732	-6.89925e-07
4.7733	-6.86802e-07
4.7734	-6.82176e-07
4.7735	-6.7824e-07
4.7736	-6.74743e-07
4.7737	-6.70777e-07
4.7738	-6.65151e-07
4.7739	-6.60003e-07
4.774	-6.56306e-07
4.7741	-6.52547e-07
4.7742	-6.4882e-07
4.7743	-6.43855e-07
4.7744	-6.41859e-07
4.7745	-6.39103e-07
4.7746	-6.33451e-07
4.7747	-6.27594e-07
4.7748	-6.21136e-07
4.7749	-6.14907e-07
4.775	-6.09292e-07
4.7751	-6.04841e-07
4.7752	-5.99753e-07
4.7753	-5.92704e-07
4.7754	-5.8698e-07
4.7755	-5.82918e-07
4.7756	-5.72011e-07
4.7757	-5.63854e-07
4.7758	-5.56585e-07
4.7759	-5.49236e-07
4.776	-5.41591e-07
4.7761	-5.35177e-07
4.7762	-5.27217e-07
4.7763	-5.1831e-07
4.7764	-5.10016e-07
4.7765	-5.02591e-07
4.7766	-4.94417e-07
4.7767	-4.86103e-07
4.7768	-4.77541e-07
4.7769	-4.69947e-07
4.777	-4.62083e-07
4.7771	-4.55485e-07
4.7772	-4.44053e-07
4.7773	-4.35668e-07
4.7774	-4.2672e-07
4.7775	-4.18916e-07
4.7776	-4.0724e-07
4.7777	-3.99427e-07
4.7778	-3.89423e-07
4.7779	-3.79288e-07
4.778	-3.69999e-07
4.7781	-3.61833e-07
4.7782	-3.53663e-07
4.7783	-3.44546e-07
4.7784	-3.3497e-07
4.7785	-3.23712e-07
4.7786	-3.13413e-07
4.7787	-3.04036e-07
4.7788	-2.94659e-07
4.7789	-2.87623e-07
4.779	-2.79043e-07
4.7791	-2.68221e-07
4.7792	-2.5671e-07
4.7793	-2.46537e-07
4.7794	-2.35205e-07
4.7795	-2.25275e-07
4.7796	-2.1504e-07
4.7797	-2.05658e-07
4.7798	-1.95234e-07
4.7799	-1.84679e-07
4.78	-1.74082e-07
4.7801	-1.64368e-07
4.7802	-1.53025e-07
4.7803	-1.44904e-07
4.7804	-1.34755e-07
4.7805	-1.26997e-07
4.7806	-1.182e-07
4.7807	-1.08459e-07
4.7808	-9.76184e-08
4.7809	-8.70456e-08
4.781	-7.63934e-08
4.7811	-6.64508e-08
4.7812	-5.82662e-08
4.7813	-4.79805e-08
4.7814	-3.84883e-08
4.7815	-2.69439e-08
4.7816	-1.67777e-08
4.7817	-5.97148e-09
4.7818	5.33646e-09
4.7819	1.68732e-08
4.782	2.41306e-08
4.7821	3.47473e-08
4.7822	4.50844e-08
4.7823	5.58799e-08
4.7824	6.24601e-08
4.7825	7.04526e-08
4.7826	7.54674e-08
4.7827	8.39678e-08
4.7828	9.54128e-08
4.7829	1.05876e-07
4.783	1.16444e-07
4.7831	1.24212e-07
4.7832	1.34023e-07
4.7833	1.41493e-07
4.7834	1.5254e-07
4.7835	1.57823e-07
4.7836	1.6873e-07
4.7837	1.7278e-07
4.7838	1.82794e-07
4.7839	1.87044e-07
4.784	1.88909e-07
4.7841	1.927e-07
4.7842	1.97917e-07
4.7843	2.01241e-07
4.7844	2.04391e-07
4.7845	2.16232e-07
4.7846	2.18921e-07
4.7847	2.22158e-07
4.7848	2.25519e-07
4.7849	2.2712e-07
4.785	2.30355e-07
4.7851	2.28651e-07
4.7852	2.29936e-07
4.7853	2.38269e-07
4.7854	2.35849e-07
4.7855	2.36876e-07
4.7856	2.36396e-07
4.7857	2.42866e-07
4.7858	2.47238e-07
4.7859	2.458e-07
4.786	2.50638e-07
4.7861	2.51822e-07
4.7862	2.51823e-07
4.7863	2.57478e-07
4.7864	2.57575e-07
4.7865	2.55624e-07
4.7866	2.53078e-07
4.7867	2.58387e-07
4.7868	2.53142e-07
4.7869	2.51188e-07
4.787	2.42192e-07
4.7871	2.39158e-07
4.7872	2.35397e-07
4.7873	2.31763e-07
4.7874	2.27776e-07
4.7875	2.23803e-07
4.7876	2.26722e-07
4.7877	2.30691e-07
4.7878	2.30177e-07
4.7879	2.26161e-07
4.788	2.19822e-07
4.7881	2.1311e-07
4.7882	2.11604e-07
4.7883	2.08583e-07
4.7884	2.02942e-07
4.7885	1.96969e-07
4.7886	1.90614e-07
4.7887	1.83928e-07
4.7888	1.79704e-07
4.7889	1.77452e-07
4.789	1.701e-07
4.7891	1.652e-07
4.7892	1.60046e-07
4.7893	1.51855e-07
4.7894	1.49121e-07
4.7895	1.45199e-07
4.7896	1.39472e-07
4.7897	1.34522e-07
4.7898	1.26853e-07
4.7899	1.20989e-07
4.79	1.12265e-07
4.7901	1.08767e-07
4.7902	1.01631e-07
4.7903	9.73516e-08
4.7904	9.06218e-08
4.7905	8.60154e-08
4.7906	7.88712e-08
4.7907	7.38267e-08
4.7908	6.28058e-08
4.7909	5.45064e-08
4.791	4.68626e-08
4.7911	4.16817e-08
4.7912	3.56708e-08
4.7913	2.50998e-08
4.7914	1.72229e-08
4.7915	8.18555e-09
4.7916	-2.46493e-09
4.7917	-5.43664e-09
4.7918	-1.64781e-08
4.7919	-2.23924e-08
4.792	-2.64811e-08
4.7921	-3.41294e-08
4.7922	-4.34842e-08
4.7923	-5.22126e-08
4.7924	-6.07513e-08
4.7925	-7.03666e-08
4.7926	-7.42194e-08
4.7927	-7.77286e-08
4.7928	-8.59198e-08
4.7929	-9.08941e-08
4.793	-1.04005e-07
4.7931	-1.12084e-07
4.7932	-1.17658e-07
4.7933	-1.21898e-07
4.7934	-1.31196e-07
4.7935	-1.40503e-07
4.7936	-1.52373e-07
4.7937	-1.56021e-07
4.7938	-1.66527e-07
4.7939	-1.72071e-07
4.794	-1.78224e-07
4.7941	-1.8665e-07
4.7942	-1.92693e-07
4.7943	-1.98138e-07
4.7944	-2.07297e-07
4.7945	-2.16254e-07
4.7946	-2.25557e-07
4.7947	-2.34176e-07
4.7948	-2.40572e-07
4.7949	-2.48526e-07
4.795	-2.54499e-07
4.7951	-2.6016e-07
4.7952	-2.63183e-07
4.7953	-2.68325e-07
4.7954	-2.76257e-07
4.7955	-2.83099e-07
4.7956	-2.91366e-07
4.7957	-2.98031e-07
4.7958	-3.04825e-07
4.7959	-3.1e-07
4.796	-3.14682e-07
4.7961	-3.20523e-07
4.7962	-3.24363e-07
4.7963	-3.28851e-07
4.7964	-3.34373e-07
4.7965	-3.39249e-07
4.7966	-3.42295e-07
4.7967	-3.44903e-07
4.7968	-3.48532e-07
4.7969	-3.50657e-07
4.797	-3.54331e-07
4.7971	-3.56993e-07
4.7972	-3.58184e-07
4.7973	-3.59505e-07
4.7974	-3.63154e-07
4.7975	-3.64336e-07
4.7976	-3.65412e-07
4.7977	-3.69467e-07
4.7978	-3.70318e-07
4.7979	-3.71531e-07
4.798	-3.71306e-07
4.7981	-3.71345e-07
4.7982	-3.71115e-07
4.7983	-3.70951e-07
4.7984	-3.72956e-07
4.7985	-3.72037e-07
4.7986	-3.7022e-07
4.7987	-3.69733e-07
4.7988	-3.67765e-07
4.7989	-3.66639e-07
4.799	-3.65837e-07
4.7991	-3.64755e-07
4.7992	-3.61608e-07
4.7993	-3.61011e-07
4.7994	-3.59148e-07
4.7995	-3.55615e-07
4.7996	-3.52503e-07
4.7997	-3.49363e-07
4.7998	-3.47878e-07
4.7999	-3.42307e-07
4.8	-3.39166e-07
4.8001	-3.36295e-07
4.8002	-3.3266e-07
4.8003	-3.29366e-07
4.8004	-3.25435e-07
4.8005	-3.20294e-07
4.8006	-3.16703e-07
4.8007	-3.12221e-07
4.8008	-3.07669e-07
4.8009	-3.03292e-07
4.801	-2.9884e-07
4.8011	-2.92126e-07
4.8012	-2.87803e-07
4.8013	-2.83274e-07
4.8014	-2.79216e-07
4.8015	-2.74603e-07
4.8016	-2.69038e-07
4.8017	-2.62787e-07
4.8018	-2.58351e-07
4.8019	-2.53605e-07
4.802	-2.4953e-07
4.8021	-2.41599e-07
4.8022	-2.36495e-07
4.8023	-2.30954e-07
4.8024	-2.25815e-07
4.8025	-2.19897e-07
4.8026	-2.14079e-07
4.8027	-2.08224e-07
4.8028	-2.02575e-07
4.8029	-1.9792e-07
4.803	-1.90185e-07
4.8031	-1.8667e-07
4.8032	-1.81571e-07
4.8033	-1.7607e-07
4.8034	-1.71809e-07
4.8035	-1.66363e-07
4.8036	-1.61993e-07
4.8037	-1.56356e-07
4.8038	-1.52815e-07
4.8039	-1.44992e-07
4.804	-1.40045e-07
4.8041	-1.3468e-07
4.8042	-1.28806e-07
4.8043	-1.22544e-07
4.8044	-1.16886e-07
4.8045	-1.11007e-07
4.8046	-1.04501e-07
4.8047	-9.95633e-08
4.8048	-9.39274e-08
4.8049	-8.86153e-08
4.805	-8.25084e-08
4.8051	-7.81228e-08
4.8052	-7.26667e-08
4.8053	-6.71599e-08
4.8054	-6.29858e-08
4.8055	-5.76772e-08
4.8056	-4.9618e-08
4.8057	-4.3172e-08
4.8058	-3.87361e-08
4.8059	-3.46593e-08
4.806	-2.89375e-08
4.8061	-2.33636e-08
4.8062	-1.72914e-08
4.8063	-1.16032e-08
4.8064	-6.0028e-09
4.8065	-1.45026e-09
4.8066	5.66364e-09
4.8067	1.08395e-08
4.8068	1.4747e-08
4.8069	1.81077e-08
4.807	2.40745e-08
4.8071	2.97745e-08
4.8072	3.46481e-08
4.8073	4.06227e-08
4.8074	4.6291e-08
4.8075	5.36808e-08
4.8076	5.65734e-08
4.8077	6.22984e-08
4.8078	6.74574e-08
4.8079	7.23101e-08
4.808	7.79126e-08
4.8081	8.3239e-08
4.8082	8.89412e-08
4.8083	9.43364e-08
4.8084	9.93797e-08
4.8085	1.05707e-07
4.8086	1.10612e-07
4.8087	1.16155e-07
4.8088	1.21466e-07
4.8089	1.27129e-07
4.809	1.31871e-07
4.8091	1.37809e-07
4.8092	1.42654e-07
4.8093	1.47811e-07
4.8094	1.53774e-07
4.8095	1.58415e-07
4.8096	1.64387e-07
4.8097	1.72389e-07
4.8098	1.78651e-07
4.8099	1.84655e-07
4.81	1.89611e-07
4.8101	1.96045e-07
4.8102	2.02219e-07
4.8103	2.08469e-07
4.8104	2.1471e-07
4.8105	2.206e-07
4.8106	2.29267e-07
4.8107	2.36206e-07
4.8108	2.42297e-07
4.8109	2.47936e-07
4.811	2.54488e-07
4.8111	2.61743e-07
4.8112	2.67158e-07
4.8113	2.72784e-07
4.8114	2.79188e-07
4.8115	2.81713e-07
4.8116	2.89534e-07
4.8117	2.97789e-07
4.8118	3.0483e-07
4.8119	3.09911e-07
4.812	3.1621e-07
4.8121	3.23447e-07
4.8122	3.30451e-07
4.8123	3.37814e-07
4.8124	3.45111e-07
4.8125	3.52727e-07
4.8126	3.59395e-07
4.8127	3.6738e-07
4.8128	3.76226e-07
4.8129	3.82135e-07
4.813	3.88072e-07
4.8131	3.95653e-07
4.8132	4.04186e-07
4.8133	4.11866e-07
4.8134	4.16264e-07
4.8135	4.2365e-07
4.8136	4.31218e-07
4.8137	4.35603e-07
4.8138	4.42578e-07
4.8139	4.4965e-07
4.814	4.5406e-07
4.8141	4.61873e-07
4.8142	4.69552e-07
4.8143	4.74108e-07
4.8144	4.81306e-07
4.8145	4.89615e-07
4.8146	4.96907e-07
4.8147	5.00292e-07
4.8148	5.10255e-07
4.8149	5.12431e-07
4.815	5.19428e-07
4.8151	5.21911e-07
4.8152	5.30879e-07
4.8153	5.38143e-07
4.8154	5.45539e-07
4.8155	5.52598e-07
4.8156	5.54737e-07
4.8157	5.60525e-07
4.8158	5.69032e-07
4.8159	5.75278e-07
4.816	5.81235e-07
4.8161	5.88557e-07
4.8162	5.94976e-07
4.8163	6.00095e-07
4.8164	6.07883e-07
4.8165	6.08733e-07
4.8166	6.17767e-07
4.8167	6.17895e-07
4.8168	6.18298e-07
4.8169	6.1556e-07
4.817	6.22078e-07
4.8171	6.31092e-07
4.8172	6.35027e-07
4.8173	6.39805e-07
4.8174	6.50571e-07
4.8175	6.49453e-07
4.8176	6.5479e-07
4.8177	6.59828e-07
4.8178	6.59081e-07
4.8179	6.63468e-07
4.818	6.68432e-07
4.8181	6.7186e-07
4.8182	6.76176e-07
4.8183	6.75075e-07
4.8184	6.83869e-07
4.8185	6.87591e-07
4.8186	6.88933e-07
4.8187	6.9287e-07
4.8188	6.89039e-07
4.8189	6.98035e-07
4.819	7.00372e-07
4.8191	7.01016e-07
4.8192	7.03545e-07
4.8193	7.0691e-07
4.8194	7.08358e-07
4.8195	7.08233e-07
4.8196	7.10728e-07
4.8197	7.18483e-07
4.8198	7.13126e-07
4.8199	7.14484e-07
4.82	7.22511e-07
4.8201	7.3007e-07
4.8202	7.30854e-07
4.8203	7.38111e-07
4.8204	7.39737e-07
4.8205	7.40231e-07
4.8206	7.40034e-07
4.8207	7.38375e-07
4.8208	7.44541e-07
4.8209	7.50194e-07
4.821	7.48192e-07
4.8211	7.47304e-07
4.8212	7.46281e-07
4.8213	7.50041e-07
4.8214	7.55114e-07
4.8215	7.53412e-07
4.8216	7.5575e-07
4.8217	7.49401e-07
4.8218	7.5272e-07
4.8219	7.54394e-07
4.822	7.56715e-07
4.8221	7.5187e-07
4.8222	7.52591e-07
4.8223	7.46729e-07
4.8224	7.48406e-07
4.8225	7.44053e-07
4.8226	7.45152e-07
4.8227	7.46593e-07
4.8228	7.40725e-07
4.8229	7.40502e-07
4.823	7.39161e-07
4.8231	7.37355e-07
4.8232	7.30169e-07
4.8233	7.23202e-07
4.8234	7.21141e-07
4.8235	7.10942e-07
4.8236	7.01028e-07
4.8237	6.96651e-07
4.8238	6.92469e-07
4.8239	6.88484e-07
4.824	6.77109e-07
4.8241	6.73776e-07
4.8242	6.69723e-07
4.8243	6.65953e-07
4.8244	6.57564e-07
4.8245	6.51743e-07
4.8246	6.44682e-07
4.8247	6.36723e-07
4.8248	6.27727e-07
4.8249	6.18764e-07
4.825	6.071e-07
4.8251	5.93753e-07
4.8252	5.84928e-07
4.8253	5.74552e-07
4.8254	5.63132e-07
4.8255	5.53009e-07
4.8256	5.39377e-07
4.8257	5.23678e-07
4.8258	5.12849e-07
4.8259	5.0141e-07
4.826	4.89121e-07
4.8261	4.82373e-07
4.8262	4.6869e-07
4.8263	4.52625e-07
4.8264	4.38401e-07
4.8265	4.23639e-07
4.8266	4.0663e-07
4.8267	3.96127e-07
4.8268	3.82681e-07
4.8269	3.75877e-07
4.827	3.5855e-07
4.8271	3.46811e-07
4.8272	3.39295e-07
4.8273	3.23665e-07
4.8274	3.15719e-07
4.8275	3.02998e-07
4.8276	2.87086e-07
4.8277	2.7216e-07
4.8278	2.6402e-07
4.8279	2.4404e-07
4.828	2.28708e-07
4.8281	2.07839e-07
4.8282	1.8831e-07
4.8283	1.67235e-07
4.8284	1.52359e-07
4.8285	1.35617e-07
4.8286	1.18803e-07
4.8287	1.07975e-07
4.8288	8.97376e-08
4.8289	7.23295e-08
4.829	5.22342e-08
4.8291	2.98583e-08
4.8292	1.40505e-08
4.8293	-7.59177e-09
4.8294	-1.91972e-08
4.8295	-2.62411e-08
4.8296	-3.76399e-08
4.8297	-5.59564e-08
4.8298	-7.33177e-08
4.8299	-9.08581e-08
4.83	-1.07427e-07
4.8301	-1.29755e-07
4.8302	-1.51877e-07
4.8303	-1.67605e-07
4.8304	-1.81475e-07
4.8305	-1.93203e-07
4.8306	-2.08611e-07
4.8307	-2.22867e-07
4.8308	-2.38978e-07
4.8309	-2.54233e-07
4.831	-2.75324e-07
4.8311	-2.93487e-07
4.8312	-3.08553e-07
4.8313	-3.20625e-07
4.8314	-3.31895e-07
4.8315	-3.49509e-07
4.8316	-3.67049e-07
4.8317	-3.77375e-07
4.8318	-3.82684e-07
4.8319	-3.95463e-07
4.832	-4.09286e-07
4.8321	-4.24491e-07
4.8322	-4.3472e-07
4.8323	-4.50804e-07
4.8324	-4.58234e-07
4.8325	-4.7159e-07
4.8326	-4.8565e-07
4.8327	-4.99767e-07
4.8328	-5.10653e-07
4.8329	-5.20079e-07
4.833	-5.27191e-07
4.8331	-5.38436e-07
4.8332	-5.48331e-07
4.8333	-5.57603e-07
4.8334	-5.67308e-07
4.8335	-5.76401e-07
4.8336	-5.82081e-07
4.8337	-5.89404e-07
4.8338	-5.9667e-07
4.8339	-6.00582e-07
4.834	-6.07516e-07
4.8341	-6.18944e-07
4.8342	-6.24169e-07
4.8343	-6.29416e-07
4.8344	-6.33976e-07
4.8345	-6.37803e-07
4.8346	-6.41792e-07
4.8347	-6.45175e-07
4.8348	-6.49034e-07
4.8349	-6.52133e-07
4.835	-6.54599e-07
4.8351	-6.55562e-07
4.8352	-6.5679e-07
4.8353	-6.57721e-07
4.8354	-6.5696e-07
4.8355	-6.57312e-07
4.8356	-6.55489e-07
4.8357	-6.56398e-07
4.8358	-6.56423e-07
4.8359	-6.55691e-07
4.836	-6.55021e-07
4.8361	-6.54153e-07
4.8362	-6.52638e-07
4.8363	-6.49607e-07
4.8364	-6.52823e-07
4.8365	-6.50041e-07
4.8366	-6.46902e-07
4.8367	-6.42764e-07
4.8368	-6.38465e-07
4.8369	-6.35358e-07
4.837	-6.29801e-07
4.8371	-6.2682e-07
4.8372	-6.22154e-07
4.8373	-6.1876e-07
4.8374	-6.16537e-07
4.8375	-6.13459e-07
4.8376	-6.0678e-07
4.8377	-6.02471e-07
4.8378	-5.98694e-07
4.8379	-5.94512e-07
4.838	-5.90006e-07
4.8381	-5.85596e-07
4.8382	-5.79556e-07
4.8383	-5.74126e-07
4.8384	-5.69156e-07
4.8385	-5.63296e-07
4.8386	-5.55122e-07
4.8387	-5.51924e-07
4.8388	-5.48545e-07
4.8389	-5.41813e-07
4.839	-5.38558e-07
4.8391	-5.28345e-07
4.8392	-5.21959e-07
4.8393	-5.19163e-07
4.8394	-5.11884e-07
4.8395	-5.02062e-07
4.8396	-4.95976e-07
4.8397	-4.89034e-07
4.8398	-4.80995e-07
4.8399	-4.71741e-07
4.84	-4.66932e-07
4.8401	-4.59085e-07
4.8402	-4.5013e-07
4.8403	-4.41331e-07
4.8404	-4.32243e-07
4.8405	-4.23762e-07
4.8406	-4.14187e-07
4.8407	-4.07095e-07
4.8408	-3.99481e-07
4.8409	-3.9186e-07
4.841	-3.82812e-07
4.8411	-3.72017e-07
4.8412	-3.63539e-07
4.8413	-3.55975e-07
4.8414	-3.44684e-07
4.8415	-3.34961e-07
4.8416	-3.2487e-07
4.8417	-3.1494e-07
4.8418	-3.05197e-07
4.8419	-2.95227e-07
4.842	-2.86066e-07
4.8421	-2.76161e-07
4.8422	-2.66699e-07
4.8423	-2.56222e-07
4.8424	-2.46508e-07
4.8425	-2.41288e-07
4.8426	-2.32419e-07
4.8427	-2.25059e-07
4.8428	-2.16101e-07
4.8429	-2.05485e-07
4.843	-1.95364e-07
4.8431	-1.85423e-07
4.8432	-1.77339e-07
4.8433	-1.67641e-07
4.8434	-1.56045e-07
4.8435	-1.45369e-07
4.8436	-1.34732e-07
4.8437	-1.2403e-07
4.8438	-1.1338e-07
4.8439	-1.02772e-07
4.844	-9.32839e-08
4.8441	-8.36332e-08
4.8442	-7.37201e-08
4.8443	-6.5272e-08
4.8444	-5.82433e-08
4.8445	-4.82754e-08
4.8446	-3.75016e-08
4.8447	-2.84253e-08
4.8448	-1.7256e-08
4.8449	-1.20541e-08
4.845	-1.85222e-10
4.8451	9.93964e-09
4.8452	1.97663e-08
4.8453	2.65032e-08
4.8454	3.78017e-08
4.8455	4.69953e-08
4.8456	5.47238e-08
4.8457	6.19531e-08
4.8458	6.98504e-08
4.8459	7.70975e-08
4.846	8.75416e-08
4.8461	9.80521e-08
4.8462	1.08869e-07
4.8463	1.16795e-07
4.8464	1.22409e-07
4.8465	1.32334e-07
4.8466	1.38577e-07
4.8467	1.46626e-07
4.8468	1.53921e-07
4.8469	1.57084e-07
4.847	1.61043e-07
4.8471	1.65622e-07
4.8472	1.75922e-07
4.8473	1.80171e-07
4.8474	1.85336e-07
4.8475	1.89866e-07
4.8476	1.99666e-07
4.8477	2.01586e-07
4.8478	2.10727e-07
4.8479	2.14433e-07
4.848	2.20394e-07
4.8481	2.23521e-07
4.8482	2.27218e-07
4.8483	2.319e-07
4.8484	2.34691e-07
4.8485	2.36643e-07
4.8486	2.39603e-07
4.8487	2.42051e-07
4.8488	2.43599e-07
4.8489	2.47007e-07
4.849	2.5407e-07
4.8491	2.47961e-07
4.8492	2.45766e-07
4.8493	2.50707e-07
4.8494	2.50798e-07
4.8495	2.51088e-07
4.8496	2.56504e-07
4.8497	2.52869e-07
4.8498	2.54999e-07
4.8499	2.54337e-07
4.85	2.60255e-07
4.8501	2.56893e-07
4.8502	2.59739e-07
4.8503	2.57905e-07
4.8504	2.55976e-07
4.8505	2.54126e-07
4.8506	2.50739e-07
4.8507	2.47396e-07
4.8508	2.44537e-07
4.8509	2.37681e-07
4.851	2.33687e-07
4.8511	2.29128e-07
4.8512	2.31129e-07
4.8513	2.26366e-07
4.8514	2.23949e-07
4.8515	2.27782e-07
4.8516	2.28771e-07
4.8517	2.2382e-07
4.8518	2.18122e-07
4.8519	2.15666e-07
4.852	2.14925e-07
4.8521	2.11897e-07
4.8522	2.10763e-07
4.8523	2.05278e-07
4.8524	2.02861e-07
4.8525	1.9672e-07
4.8526	1.92062e-07
4.8527	1.8924e-07
4.8528	1.78585e-07
4.8529	1.73988e-07
4.853	1.69384e-07
4.8531	1.6029e-07
4.8532	1.54206e-07
4.8533	1.50413e-07
4.8534	1.44554e-07
4.8535	1.38854e-07
4.8536	1.33446e-07
4.8537	1.28552e-07
4.8538	1.20432e-07
4.8539	1.12151e-07
4.854	1.03534e-07
4.8541	1.00182e-07
4.8542	9.63747e-08
4.8543	8.71216e-08
4.8544	7.68184e-08
4.8545	7.25945e-08
4.8546	6.35506e-08
4.8547	5.48663e-08
4.8548	4.51829e-08
4.8549	3.11351e-08
4.855	2.52465e-08
4.8551	1.6338e-08
4.8552	8.11229e-09
4.8553	-6.68859e-10
4.8554	-1.33649e-08
4.8555	-2.49723e-08
4.8556	-2.80605e-08
4.8557	-3.12842e-08
4.8558	-3.60929e-08
4.8559	-4.43994e-08
4.856	-5.33511e-08
4.8561	-5.68812e-08
4.8562	-6.9378e-08
4.8563	-7.40677e-08
4.8564	-8.28911e-08
4.8565	-8.65514e-08
4.8566	-9.94795e-08
4.8567	-1.07725e-07
4.8568	-1.21891e-07
4.8569	-1.34972e-07
4.857	-1.40053e-07
4.8571	-1.44462e-07
4.8572	-1.57684e-07
4.8573	-1.62368e-07
4.8574	-1.68086e-07
4.8575	-1.70956e-07
4.8576	-1.81916e-07
4.8577	-1.86554e-07
4.8578	-1.92548e-07
4.8579	-1.97595e-07
4.858	-2.06949e-07
4.8581	-2.09536e-07
4.8582	-2.14926e-07
4.8583	-2.20776e-07
4.8584	-2.27508e-07
4.8585	-2.34365e-07
4.8586	-2.42163e-07
4.8587	-2.47035e-07
4.8588	-2.51277e-07
4.8589	-2.57901e-07
4.859	-2.68155e-07
4.8591	-2.71535e-07
4.8592	-2.8302e-07
4.8593	-2.92819e-07
4.8594	-2.96838e-07
4.8595	-3.02974e-07
4.8596	-3.09184e-07
4.8597	-3.14943e-07
4.8598	-3.19259e-07
4.8599	-3.2452e-07
4.86	-3.28532e-07
4.8601	-3.31385e-07
4.8602	-3.34913e-07
4.8603	-3.41111e-07
4.8604	-3.4416e-07
4.8605	-3.47715e-07
4.8606	-3.5137e-07
4.8607	-3.52805e-07
4.8608	-3.55753e-07
4.8609	-3.59783e-07
4.861	-3.61019e-07
4.8611	-3.63225e-07
4.8612	-3.66139e-07
4.8613	-3.65988e-07
4.8614	-3.67305e-07
4.8615	-3.69307e-07
4.8616	-3.70117e-07
4.8617	-3.70927e-07
4.8618	-3.70548e-07
4.8619	-3.70708e-07
4.862	-3.71571e-07
4.8621	-3.70254e-07
4.8622	-3.70799e-07
4.8623	-3.71685e-07
4.8624	-3.72099e-07
4.8625	-3.71265e-07
4.8626	-3.69472e-07
4.8627	-3.68162e-07
4.8628	-3.66089e-07
4.8629	-3.64002e-07
4.863	-3.62702e-07
4.8631	-3.59755e-07
4.8632	-3.57849e-07
4.8633	-3.54942e-07
4.8634	-3.52845e-07
4.8635	-3.48654e-07
4.8636	-3.46858e-07
4.8637	-3.44225e-07
4.8638	-3.38451e-07
4.8639	-3.34476e-07
4.864	-3.30332e-07
4.8641	-3.27434e-07
4.8642	-3.23078e-07
4.8643	-3.188e-07
4.8644	-3.14655e-07
4.8645	-3.10166e-07
4.8646	-3.05752e-07
4.8647	-3.01216e-07
4.8648	-2.97263e-07
4.8649	-2.92088e-07
4.865	-2.8516e-07
4.8651	-2.81584e-07
4.8652	-2.77339e-07
4.8653	-2.73614e-07
4.8654	-2.68001e-07
4.8655	-2.63193e-07
4.8656	-2.58595e-07
4.8657	-2.54562e-07
4.8658	-2.50321e-07
4.8659	-2.45071e-07
4.866	-2.37873e-07
4.8661	-2.31878e-07
4.8662	-2.26854e-07
4.8663	-2.22156e-07
4.8664	-2.1681e-07
4.8665	-2.10635e-07
4.8666	-2.05776e-07
4.8667	-2.01607e-07
4.8668	-1.9603e-07
4.8669	-1.90169e-07
4.867	-1.86207e-07
4.8671	-1.82102e-07
4.8672	-1.78876e-07
4.8673	-1.73448e-07
4.8674	-1.68178e-07
4.8675	-1.62827e-07
4.8676	-1.58465e-07
4.8677	-1.53449e-07
4.8678	-1.45658e-07
4.8679	-1.40918e-07
4.868	-1.35538e-07
4.8681	-1.29904e-07
4.8682	-1.24565e-07
4.8683	-1.18777e-07
4.8684	-1.13431e-07
4.8685	-1.0989e-07
4.8686	-1.06516e-07
4.8687	-9.98625e-08
4.8688	-9.44514e-08
4.8689	-9.06576e-08
4.869	-8.66017e-08
4.8691	-8.14345e-08
4.8692	-7.5213e-08
4.8693	-7.20002e-08
4.8694	-6.68088e-08
4.8695	-5.88309e-08
4.8696	-5.30022e-08
4.8697	-4.96854e-08
4.8698	-4.46349e-08
4.8699	-3.95196e-08
4.87	-3.32691e-08
4.8701	-2.84167e-08
4.8702	-2.28588e-08
4.8703	-1.65484e-08
4.8704	-1.18603e-08
4.8705	-4.59154e-09
4.8706	9.48395e-10
4.8707	5.39131e-09
4.8708	1.12536e-08
4.8709	1.65097e-08
4.871	2.24774e-08
4.8711	2.6059e-08
4.8712	3.15392e-08
4.8713	3.80847e-08
4.8714	4.45075e-08
4.8715	4.6823e-08
4.8716	5.23372e-08
4.8717	5.70592e-08
4.8718	6.26265e-08
4.8719	6.76233e-08
4.872	7.34679e-08
4.8721	7.91873e-08
4.8722	8.49707e-08
4.8723	9.26818e-08
4.8724	9.79521e-08
4.8725	1.02564e-07
4.8726	1.07435e-07
4.8727	1.12402e-07
4.8728	1.17999e-07
4.8729	1.21985e-07
4.873	1.28001e-07
4.8731	1.3325e-07
4.8732	1.38185e-07
4.8733	1.43393e-07
4.8734	1.49608e-07
4.8735	1.5661e-07
4.8736	1.62986e-07
4.8737	1.70108e-07
4.8738	1.75479e-07
4.8739	1.80707e-07
4.874	1.87558e-07
4.8741	1.939e-07
4.8742	2.00549e-07
4.8743	2.06548e-07
4.8744	2.12589e-07
4.8745	2.19245e-07
4.8746	2.25624e-07
4.8747	2.31964e-07
4.8748	2.38147e-07
4.8749	2.44814e-07
4.875	2.51813e-07
4.8751	2.57339e-07
4.8752	2.63933e-07
4.8753	2.69477e-07
4.8754	2.77143e-07
4.8755	2.84643e-07
4.8756	2.91305e-07
4.8757	2.9825e-07
4.8758	3.05443e-07
4.8759	3.127e-07
4.876	3.17501e-07
4.8761	3.24417e-07
4.8762	3.32491e-07
4.8763	3.39632e-07
4.8764	3.47477e-07
4.8765	3.55322e-07
4.8766	3.63628e-07
4.8767	3.70024e-07
4.8768	3.77039e-07
4.8769	3.85018e-07
4.877	3.92033e-07
4.8771	3.99559e-07
4.8772	4.07147e-07
4.8773	4.15037e-07
4.8774	4.22527e-07
4.8775	4.3031e-07
4.8776	4.37608e-07
4.8777	4.44775e-07
4.8778	4.48258e-07
4.8779	4.52234e-07
4.878	4.60747e-07
4.8781	4.66973e-07
4.8782	4.74522e-07
4.8783	4.82523e-07
4.8784	4.8907e-07
4.8785	4.9628e-07
4.8786	4.99959e-07
4.8787	5.07551e-07
4.8788	5.13754e-07
4.8789	5.1617e-07
4.879	5.23445e-07
4.8791	5.31221e-07
4.8792	5.38634e-07
4.8793	5.40993e-07
4.8794	5.50716e-07
4.8795	5.52765e-07
4.8796	5.59847e-07
4.8797	5.65878e-07
4.8798	5.69374e-07
4.8799	5.71271e-07
4.88	5.77628e-07
4.8801	5.83186e-07
4.8802	5.88154e-07
4.8803	5.94461e-07
4.8804	6.00385e-07
4.8805	6.00849e-07
4.8806	6.01342e-07
4.8807	6.06888e-07
4.8808	6.0677e-07
4.8809	6.06881e-07
4.881	6.11202e-07
4.8811	6.16076e-07
4.8812	6.21018e-07
4.8813	6.2667e-07
4.8814	6.25351e-07
4.8815	6.30678e-07
4.8816	6.35746e-07
4.8817	6.35048e-07
4.8818	6.40524e-07
4.8819	6.4929e-07
4.882	6.52042e-07
4.8821	6.5084e-07
4.8822	6.49218e-07
4.8823	6.52618e-07
4.8824	6.62919e-07
4.8825	6.65853e-07
4.8826	6.74202e-07
4.8827	6.71802e-07
4.8828	6.74553e-07
4.8829	6.77245e-07
4.883	6.79171e-07
4.8831	6.81327e-07
4.8832	6.8475e-07
4.8833	6.7934e-07
4.8834	6.7919e-07
4.8835	6.80499e-07
4.8836	6.83136e-07
4.8837	6.90253e-07
4.8838	6.88037e-07
4.8839	6.95003e-07
4.884	6.93431e-07
4.8841	6.92842e-07
4.8842	6.95303e-07
4.8843	6.95042e-07
4.8844	7.0087e-07
4.8845	6.93482e-07
4.8846	6.99218e-07
4.8847	6.99689e-07
4.8848	6.99493e-07
4.8849	7.00339e-07
4.885	7.04516e-07
4.8851	7.10134e-07
4.8852	7.08586e-07
4.8853	7.05932e-07
4.8854	7.11625e-07
4.8855	7.12841e-07
4.8856	7.13382e-07
4.8857	7.16646e-07
4.8858	7.18529e-07
4.8859	7.14298e-07
4.886	7.09134e-07
4.8861	7.10787e-07
4.8862	7.07185e-07
4.8863	7.0767e-07
4.8864	7.02586e-07
4.8865	7.04196e-07
4.8866	7.05495e-07
4.8867	6.97567e-07
4.8868	6.95509e-07
4.8869	6.89685e-07
4.887	6.83499e-07
4.8871	6.74969e-07
4.8872	6.72137e-07
4.8873	6.66366e-07
4.8874	6.54131e-07
4.8875	6.48005e-07
4.8876	6.43883e-07
4.8877	6.39188e-07
4.8878	6.34087e-07
4.8879	6.24701e-07
4.888	6.20487e-07
4.8881	6.16108e-07
4.8882	6.12319e-07
4.8883	6.02424e-07
4.8884	5.96494e-07
4.8885	5.89782e-07
4.8886	5.83059e-07
4.8887	5.74768e-07
4.8888	5.64185e-07
4.8889	5.5559e-07
4.889	5.45403e-07
4.8891	5.35675e-07
4.8892	5.26831e-07
4.8893	5.15533e-07
4.8894	5.04816e-07
4.8895	4.86724e-07
4.8896	4.71949e-07
4.8897	4.60456e-07
4.8898	4.47187e-07
4.8899	4.36526e-07
4.89	4.22762e-07
4.8901	4.07808e-07
4.8902	3.9373e-07
4.8903	3.78342e-07
4.8904	3.63101e-07
4.8905	3.45864e-07
4.8906	3.3231e-07
4.8907	3.14615e-07
4.8908	2.96226e-07
4.8909	2.75247e-07
4.891	2.62983e-07
4.8911	2.48831e-07
4.8912	2.33496e-07
4.8913	2.16916e-07
4.8914	2.03068e-07
4.8915	1.82017e-07
4.8916	1.64632e-07
4.8917	1.49592e-07
4.8918	1.29003e-07
4.8919	1.12523e-07
4.892	9.26753e-08
4.8921	7.31554e-08
4.8922	5.21509e-08
4.8923	3.15583e-08
4.8924	2.3954e-08
4.8925	1.3751e-08
4.8926	-8.11241e-09
4.8927	-1.48511e-08
4.8928	-3.2298e-08
4.8929	-5.22589e-08
4.893	-5.88603e-08
4.8931	-7.44567e-08
4.8932	-9.86718e-08
4.8933	-1.20492e-07
4.8934	-1.31257e-07
4.8935	-1.50398e-07
4.8936	-1.73262e-07
4.8937	-1.91365e-07
4.8938	-2.08264e-07
4.8939	-2.25122e-07
4.894	-2.47408e-07
4.8941	-2.69647e-07
4.8942	-2.90747e-07
4.8943	-3.07111e-07
4.8944	-3.21382e-07
4.8945	-3.36076e-07
4.8946	-3.5257e-07
4.8947	-3.68558e-07
4.8948	-3.82946e-07
4.8949	-3.90133e-07
4.895	-4.11608e-07
4.8951	-4.27054e-07
4.8952	-4.40818e-07
4.8953	-4.53086e-07
4.8954	-4.66156e-07
4.8955	-4.78941e-07
4.8956	-4.93544e-07
4.8957	-5.05312e-07
4.8958	-5.208e-07
4.8959	-5.31334e-07
4.896	-5.45535e-07
4.8961	-5.60485e-07
4.8962	-5.76636e-07
4.8963	-5.84575e-07
4.8964	-5.97292e-07
4.8965	-6.06254e-07
4.8966	-6.20707e-07
4.8967	-6.28856e-07
4.8968	-6.36399e-07
4.8969	-6.4727e-07
4.897	-6.58662e-07
4.8971	-6.67108e-07
4.8972	-6.7788e-07
4.8973	-6.86673e-07
4.8974	-6.9625e-07
4.8975	-6.99466e-07
4.8976	-7.03633e-07
4.8977	-7.10527e-07
4.8978	-7.18058e-07
4.8979	-7.25549e-07
4.898	-7.30747e-07
4.8981	-7.36696e-07
4.8982	-7.41698e-07
4.8983	-7.4581e-07
4.8984	-7.49448e-07
4.8985	-7.54023e-07
4.8986	-7.56152e-07
4.8987	-7.60249e-07
4.8988	-7.62292e-07
4.8989	-7.63125e-07
4.899	-7.65089e-07
4.8991	-7.62287e-07
4.8992	-7.63356e-07
4.8993	-7.63612e-07
4.8994	-7.65334e-07
4.8995	-7.63386e-07
4.8996	-7.62819e-07
4.8997	-7.58367e-07
4.8998	-7.5713e-07
4.8999	-7.61152e-07
4.9	-7.59779e-07
4.9001	-7.57323e-07
4.9002	-7.53907e-07
4.9003	-7.51368e-07
4.9004	-7.48763e-07
4.9005	-7.45326e-07
4.9006	-7.41175e-07
4.9007	-7.38066e-07
4.9008	-7.3484e-07
4.9009	-7.31021e-07
4.901	-7.27182e-07
4.9011	-7.23888e-07
4.9012	-7.19953e-07
4.9013	-7.17037e-07
4.9014	-7.13799e-07
4.9015	-7.0732e-07
4.9016	-7.02708e-07
4.9017	-6.98463e-07
4.9018	-6.9449e-07
4.9019	-6.90741e-07
4.902	-6.85747e-07
4.9021	-6.8076e-07
4.9022	-6.74838e-07
4.9023	-6.69606e-07
4.9024	-6.63913e-07
4.9025	-6.5685e-07
4.9026	-6.5332e-07
4.9027	-6.47115e-07
4.9028	-6.41096e-07
4.9029	-6.33934e-07
4.903	-6.2528e-07
4.9031	-6.16372e-07
4.9032	-6.12411e-07
4.9033	-6.00661e-07
4.9034	-5.95345e-07
4.9035	-5.85735e-07
4.9036	-5.7898e-07
4.9037	-5.7207e-07
4.9038	-5.64597e-07
4.9039	-5.57069e-07
4.904	-5.49015e-07
4.9041	-5.40225e-07
4.9042	-5.31043e-07
4.9043	-5.2256e-07
4.9044	-5.15112e-07
4.9045	-5.06401e-07
4.9046	-4.98862e-07
4.9047	-4.91356e-07
4.9048	-4.84088e-07
4.9049	-4.73195e-07
4.905	-4.65227e-07
4.9051	-4.56557e-07
4.9052	-4.48297e-07
4.9053	-4.38136e-07
4.9054	-4.29374e-07
4.9055	-4.20164e-07
4.9056	-4.11716e-07
4.9057	-4.03382e-07
4.9058	-3.92808e-07
4.9059	-3.8446e-07
4.906	-3.76743e-07
4.9061	-3.66992e-07
4.9062	-3.56337e-07
4.9063	-3.46361e-07
4.9064	-3.36596e-07
4.9065	-3.27258e-07
4.9066	-3.21319e-07
4.9067	-3.11722e-07
4.9068	-3.02118e-07
4.9069	-2.91825e-07
4.907	-2.81985e-07
4.9071	-2.71066e-07
4.9072	-2.5665e-07
4.9073	-2.47523e-07
4.9074	-2.37111e-07
4.9075	-2.27342e-07
4.9076	-2.1692e-07
4.9077	-2.07541e-07
4.9078	-1.97358e-07
4.9079	-1.87293e-07
4.908	-1.78898e-07
4.9081	-1.69302e-07
4.9082	-1.60071e-07
4.9083	-1.52437e-07
4.9084	-1.44556e-07
4.9085	-1.36188e-07
4.9086	-1.2525e-07
4.9087	-1.14124e-07
4.9088	-1.08282e-07
4.9089	-9.74157e-08
4.909	-8.67072e-08
4.9091	-7.73912e-08
4.9092	-6.59504e-08
4.9093	-5.92162e-08
4.9094	-5.17826e-08
4.9095	-4.48158e-08
4.9096	-3.89317e-08
4.9097	-2.81863e-08
4.9098	-1.84026e-08
4.9099	-7.77232e-09
4.91	2.48959e-09
4.9101	8.60235e-09
4.9102	1.6211e-08
4.9103	2.645e-08
4.9104	3.13571e-08
4.9105	4.3534e-08
4.9106	5.48087e-08
4.9107	6.5529e-08
4.9108	7.50014e-08
4.9109	8.48387e-08
4.911	9.45767e-08
4.9111	1.034e-07
4.9112	1.08556e-07
4.9113	1.17404e-07
4.9114	1.2543e-07
4.9115	1.31719e-07
4.9116	1.41616e-07
4.9117	1.41653e-07
4.9118	1.50475e-07
4.9119	1.55333e-07
4.912	1.61305e-07
4.9121	1.6249e-07
4.9122	1.72587e-07
4.9123	1.78613e-07
4.9124	1.87957e-07
4.9125	1.96613e-07
4.9126	1.98829e-07
4.9127	2.08008e-07
4.9128	2.0721e-07
4.9129	2.14545e-07
4.913	2.17485e-07
4.9131	2.13788e-07
4.9132	2.15204e-07
4.9133	2.15865e-07
4.9134	2.15131e-07
4.9135	2.19463e-07
4.9136	2.19487e-07
4.9137	2.2128e-07
4.9138	2.25968e-07
4.9139	2.2317e-07
4.914	2.27078e-07
4.9141	2.261e-07
4.9142	2.25627e-07
4.9143	2.24141e-07
4.9144	2.23853e-07
4.9145	2.25487e-07
4.9146	2.2413e-07
4.9147	2.1474e-07
4.9148	2.10588e-07
4.9149	2.07661e-07
4.915	2.03348e-07
4.9151	1.9902e-07
4.9152	1.93985e-07
4.9153	1.89054e-07
4.9154	1.91795e-07
4.9155	1.90321e-07
4.9156	1.86783e-07
4.9157	1.87495e-07
4.9158	1.87528e-07
4.9159	1.87331e-07
4.916	1.81879e-07
4.9161	1.78473e-07
4.9162	1.78649e-07
4.9163	1.72518e-07
4.9164	1.65558e-07
4.9165	1.62498e-07
4.9166	1.58447e-07
4.9167	1.46058e-07
4.9168	1.43502e-07
4.9169	1.37577e-07
4.917	1.30113e-07
4.9171	1.24915e-07
4.9172	1.20206e-07
4.9173	1.16287e-07
4.9174	1.12919e-07
4.9175	1.05974e-07
4.9176	9.8919e-08
4.9177	9.08636e-08
4.9178	8.25633e-08
4.9179	7.47531e-08
4.918	7.08145e-08
4.9181	6.21134e-08
4.9182	5.01599e-08
4.9183	4.20052e-08
4.9184	3.36722e-08
4.9185	2.37356e-08
4.9186	1.59505e-08
4.9187	5.0255e-09
4.9188	-3.97261e-09
4.9189	-1.10048e-08
4.919	-1.70611e-08
4.9191	-2.50696e-08
4.9192	-3.69073e-08
4.9193	-4.03592e-08
4.9194	-4.8772e-08
4.9195	-5.69522e-08
4.9196	-6.7587e-08
4.9197	-7.83848e-08
4.9198	-8.08898e-08
4.9199	-8.42542e-08
4.92	-9.21198e-08
4.9201	-9.97954e-08
4.9202	-1.10451e-07
4.9203	-1.18744e-07
4.9204	-1.22165e-07
4.9205	-1.30464e-07
4.9206	-1.3748e-07
4.9207	-1.50509e-07
4.9208	-1.58294e-07
4.9209	-1.62166e-07
4.921	-1.66345e-07
4.9211	-1.70809e-07
4.9212	-1.80143e-07
4.9213	-1.88249e-07
4.9214	-1.93376e-07
4.9215	-2.04358e-07
4.9216	-2.13019e-07
4.9217	-2.18549e-07
4.9218	-2.22732e-07
4.9219	-2.28098e-07
4.922	-2.33871e-07
4.9221	-2.39791e-07
4.9222	-2.44074e-07
4.9223	-2.52943e-07
4.9224	-2.61491e-07
4.9225	-2.70314e-07
4.9226	-2.76547e-07
4.9227	-2.83296e-07
4.9228	-2.92807e-07
4.9229	-2.97417e-07
4.923	-3.01012e-07
4.9231	-3.12004e-07
4.9232	-3.16979e-07
4.9233	-3.21591e-07
4.9234	-3.27949e-07
4.9235	-3.34989e-07
4.9236	-3.39185e-07
4.9237	-3.42957e-07
4.9238	-3.49357e-07
4.9239	-3.50604e-07
4.924	-3.55168e-07
4.9241	-3.57654e-07
4.9242	-3.63685e-07
4.9243	-3.67991e-07
4.9244	-3.72377e-07
4.9245	-3.74296e-07
4.9246	-3.76349e-07
4.9247	-3.81043e-07
4.9248	-3.83772e-07
4.9249	-3.85998e-07
4.925	-3.90251e-07
4.9251	-3.91766e-07
4.9252	-3.92889e-07
4.9253	-3.94416e-07
4.9254	-3.96546e-07
4.9255	-3.98003e-07
4.9256	-4.00593e-07
4.9257	-4.00514e-07
4.9258	-4.01242e-07
4.9259	-4.01979e-07
4.926	-4.01236e-07
4.9261	-4.03118e-07
4.9262	-4.02692e-07
4.9263	-4.01625e-07
4.9264	-4.00097e-07
4.9265	-3.98828e-07
4.9266	-3.97527e-07
4.9267	-3.95685e-07
4.9268	-3.93697e-07
4.9269	-3.92188e-07
4.927	-3.89967e-07
4.9271	-3.88331e-07
4.9272	-3.85433e-07
4.9273	-3.81332e-07
4.9274	-3.79668e-07
4.9275	-3.7668e-07
4.9276	-3.71489e-07
4.9277	-3.67883e-07
4.9278	-3.64623e-07
4.9279	-3.61577e-07
4.928	-3.57329e-07
4.9281	-3.53219e-07
4.9282	-3.48728e-07
4.9283	-3.45018e-07
4.9284	-3.41028e-07
4.9285	-3.36954e-07
4.9286	-3.32539e-07
4.9287	-3.28471e-07
4.9288	-3.24331e-07
4.9289	-3.17248e-07
4.929	-3.15649e-07
4.9291	-3.1141e-07
4.9292	-3.0612e-07
4.9293	-3.01364e-07
4.9294	-2.95393e-07
4.9295	-2.89928e-07
4.9296	-2.84993e-07
4.9297	-2.79749e-07
4.9298	-2.72355e-07
4.9299	-2.66412e-07
4.93	-2.60265e-07
4.9301	-2.55047e-07
4.9302	-2.49445e-07
4.9303	-2.44105e-07
4.9304	-2.38127e-07
4.9305	-2.33171e-07
4.9306	-2.27783e-07
4.9307	-2.20716e-07
4.9308	-2.15058e-07
4.9309	-2.1212e-07
4.931	-2.06731e-07
4.9311	-2.04002e-07
4.9312	-1.98617e-07
4.9313	-1.9257e-07
4.9314	-1.87664e-07
4.9315	-1.81892e-07
4.9316	-1.76531e-07
4.9317	-1.69003e-07
4.9318	-1.65502e-07
4.9319	-1.60338e-07
4.932	-1.545e-07
4.9321	-1.48652e-07
4.9322	-1.42941e-07
4.9323	-1.38283e-07
4.9324	-1.32095e-07
4.9325	-1.28141e-07
4.9326	-1.21191e-07
4.9327	-1.1627e-07
4.9328	-1.1262e-07
4.9329	-1.07122e-07
4.933	-1.0247e-07
4.9331	-9.72538e-08
4.9332	-9.19747e-08
4.9333	-8.56578e-08
4.9334	-7.98247e-08
4.9335	-7.3907e-08
4.9336	-7.14967e-08
4.9337	-6.57736e-08
4.9338	-6.02584e-08
4.9339	-5.37494e-08
4.934	-4.92234e-08
4.9341	-4.31695e-08
4.9342	-3.78634e-08
4.9343	-3.17217e-08
4.9344	-2.40999e-08
4.9345	-1.93065e-08
4.9346	-1.35438e-08
4.9347	-8.05775e-09
4.9348	-3.37816e-09
4.9349	3.3043e-09
4.935	6.22674e-09
4.9351	1.15402e-08
4.9352	1.79221e-08
4.9353	2.41342e-08
4.9354	2.85563e-08
4.9355	3.41507e-08
4.9356	3.9126e-08
4.9357	4.48037e-08
4.9358	5.01728e-08
4.9359	5.60332e-08
4.936	6.15293e-08
4.9361	6.6734e-08
4.9362	7.20417e-08
4.9363	7.84485e-08
4.9364	8.42544e-08
4.9365	8.98605e-08
4.9366	9.56692e-08
4.9367	1.0253e-07
4.9368	1.08499e-07
4.9369	1.14324e-07
4.937	1.19937e-07
4.9371	1.25143e-07
4.9372	1.30374e-07
4.9373	1.36319e-07
4.9374	1.43111e-07
4.9375	1.5012e-07
4.9376	1.56423e-07
4.9377	1.60746e-07
4.9378	1.67e-07
4.9379	1.72652e-07
4.938	1.78036e-07
4.9381	1.83169e-07
4.9382	1.89324e-07
4.9383	1.95988e-07
4.9384	2.03674e-07
4.9385	2.09169e-07
4.9386	2.1609e-07
4.9387	2.22863e-07
4.9388	2.2966e-07
4.9389	2.35479e-07
4.939	2.42235e-07
4.9391	2.4913e-07
4.9392	2.54626e-07
4.9393	2.61888e-07
4.9394	2.67705e-07
4.9395	2.75107e-07
4.9396	2.8232e-07
4.9397	2.89437e-07
4.9398	2.96733e-07
4.9399	3.03566e-07
4.94	3.10554e-07
4.9401	3.17872e-07
4.9402	3.2578e-07
4.9403	3.32531e-07
4.9404	3.41585e-07
4.9405	3.49112e-07
4.9406	3.55429e-07
4.9407	3.63478e-07
4.9408	3.70878e-07
4.9409	3.78955e-07
4.941	3.86934e-07
4.9411	3.90807e-07
4.9412	3.97998e-07
4.9413	4.05276e-07
4.9414	4.12965e-07
4.9415	4.16747e-07
4.9416	4.24067e-07
4.9417	4.31406e-07
4.9418	4.394e-07
4.9419	4.42925e-07
4.942	4.50788e-07
4.9421	4.58454e-07
4.9422	4.67189e-07
4.9423	4.74815e-07
4.9424	4.77764e-07
4.9425	4.86915e-07
4.9426	4.90448e-07
4.9427	4.93577e-07
4.9428	4.95247e-07
4.9429	5.02024e-07
4.943	5.10838e-07
4.9431	5.12645e-07
4.9432	5.22248e-07
4.9433	5.29842e-07
4.9434	5.36798e-07
4.9435	5.44012e-07
4.9436	5.46242e-07
4.9437	5.47686e-07
4.9438	5.54495e-07
4.9439	5.6396e-07
4.944	5.69093e-07
4.9441	5.7569e-07
4.9442	5.81604e-07
4.9443	5.81751e-07
4.9444	5.81952e-07
4.9445	5.81278e-07
4.9446	5.81191e-07
4.9447	5.8663e-07
4.9448	5.84896e-07
4.9449	5.90057e-07
4.945	5.93251e-07
4.9451	6.02239e-07
4.9452	5.99083e-07
4.9453	6.04538e-07
4.9454	6.09845e-07
4.9455	6.0813e-07
4.9456	6.13318e-07
4.9457	6.21993e-07
4.9458	6.25707e-07
4.9459	6.34985e-07
4.946	6.34203e-07
4.9461	6.3738e-07
4.9462	6.40838e-07
4.9463	6.43955e-07
4.9464	6.46834e-07
4.9465	6.55732e-07
4.9466	6.59469e-07
4.9467	6.61283e-07
4.9468	6.63036e-07
4.9469	6.71462e-07
4.947	6.74254e-07
4.9471	6.76187e-07
4.9472	6.72496e-07
4.9473	6.78092e-07
4.9474	6.85081e-07
4.9475	6.9197e-07
4.9476	6.9259e-07
4.9477	6.98698e-07
4.9478	7.05176e-07
4.9479	7.03896e-07
4.948	7.1133e-07
4.9481	7.11701e-07
4.9482	7.10579e-07
4.9483	7.08865e-07
4.9484	7.03038e-07
4.9485	7.08795e-07
4.9486	7.15003e-07
4.9487	7.13541e-07
4.9488	7.19899e-07
4.9489	7.17718e-07
4.949	7.15552e-07
4.9491	7.13162e-07
4.9492	7.10907e-07
4.9493	7.15217e-07
4.9494	7.14516e-07
4.9495	7.17625e-07
4.9496	7.15642e-07
4.9497	7.19022e-07
4.9498	7.20963e-07
4.9499	7.22295e-07
4.95	7.23285e-07
4.9501	7.2543e-07
4.9502	7.27128e-07
4.9503	7.28646e-07
4.9504	7.29303e-07
4.9505	7.29236e-07
4.9506	7.22212e-07
4.9507	7.21769e-07
4.9508	7.2035e-07
4.9509	7.17976e-07
4.951	7.15846e-07
4.9511	7.13856e-07
4.9512	7.10168e-07
4.9513	6.99731e-07
4.9514	6.97007e-07
4.9515	6.92591e-07
4.9516	6.88377e-07
4.9517	6.76208e-07
4.9518	6.72007e-07
4.9519	6.67988e-07
4.952	6.59072e-07
4.9521	6.4875e-07
4.9522	6.42027e-07
4.9523	6.34618e-07
4.9524	6.25509e-07
4.9525	6.17231e-07
4.9526	6.05801e-07
4.9527	5.95839e-07
4.9528	5.80113e-07
4.9529	5.75191e-07
4.953	5.63488e-07
4.9531	5.55382e-07
4.9532	5.4512e-07
4.9533	5.29066e-07
4.9534	5.14924e-07
4.9535	5.02454e-07
4.9536	4.93002e-07
4.9537	4.78791e-07
4.9538	4.69091e-07
4.9539	4.55281e-07
4.954	4.38692e-07
4.9541	4.23656e-07
4.9542	4.06527e-07
4.9543	3.89575e-07
4.9544	3.72883e-07
4.9545	3.56014e-07
4.9546	3.39681e-07
4.9547	3.20787e-07
4.9548	3.0813e-07
4.9549	2.93266e-07
4.955	2.7492e-07
4.9551	2.58344e-07
4.9552	2.45697e-07
4.9553	2.26351e-07
4.9554	2.08141e-07
4.9555	1.87658e-07
4.9556	1.71991e-07
4.9557	1.50966e-07
4.9558	1.34167e-07
4.9559	1.12873e-07
4.956	9.21491e-08
4.9561	7.09397e-08
4.9562	4.81964e-08
4.9563	3.72046e-08
4.9564	1.39764e-08
4.9565	4.53826e-09
4.9566	-1.269e-08
4.9567	-3.5653e-08
4.9568	-5.25194e-08
4.9569	-6.98335e-08
4.957	-8.83473e-08
4.9571	-9.82669e-08
4.9572	-1.08022e-07
4.9573	-1.31097e-07
4.9574	-1.42936e-07
4.9575	-1.59478e-07
4.9576	-1.69853e-07
4.9577	-1.81053e-07
4.9578	-2.02038e-07
4.9579	-2.18353e-07
4.958	-2.33575e-07
4.9581	-2.5001e-07
4.9582	-2.55893e-07
4.9583	-2.7606e-07
4.9584	-2.90104e-07
4.9585	-3.06274e-07
4.9586	-3.21558e-07
4.9587	-3.33533e-07
4.9588	-3.50679e-07
4.9589	-3.65619e-07
4.959	-3.8413e-07
4.9591	-3.9495e-07
4.9592	-4.05275e-07
4.9593	-4.1731e-07
4.9594	-4.27021e-07
4.9595	-4.35165e-07
4.9596	-4.5046e-07
4.9597	-4.62188e-07
4.9598	-4.77246e-07
4.9599	-4.88937e-07
4.96	-5.01348e-07
4.9601	-5.14192e-07
4.9602	-5.20755e-07
4.9603	-5.35276e-07
4.9604	-5.47593e-07
4.9605	-5.54376e-07
4.9606	-5.60208e-07
4.9607	-5.72094e-07
4.9608	-5.8205e-07
4.9609	-5.90853e-07
4.961	-6.00892e-07
4.9611	-6.09917e-07
4.9612	-6.18846e-07
4.9613	-6.23858e-07
4.9614	-6.32062e-07
4.9615	-6.39223e-07
4.9616	-6.46306e-07
4.9617	-6.48517e-07
4.9618	-6.55336e-07
4.9619	-6.60589e-07
4.962	-6.61557e-07
4.9621	-6.66374e-07
4.9622	-6.69611e-07
4.9623	-6.73057e-07
4.9624	-6.75163e-07
4.9625	-6.79252e-07
4.9626	-6.79075e-07
4.9627	-6.80511e-07
4.9628	-6.81312e-07
4.9629	-6.79169e-07
4.963	-6.80204e-07
4.9631	-6.80965e-07
4.9632	-6.81011e-07
4.9633	-6.80141e-07
4.9634	-6.80061e-07
4.9635	-6.78783e-07
4.9636	-6.78024e-07
4.9637	-6.77692e-07
4.9638	-6.80606e-07
4.9639	-6.79825e-07
4.964	-6.78328e-07
4.9641	-6.73687e-07
4.9642	-6.71183e-07
4.9643	-6.68714e-07
4.9644	-6.65084e-07
4.9645	-6.61361e-07
4.9646	-6.5779e-07
4.9647	-6.54421e-07
4.9648	-6.50225e-07
4.9649	-6.46666e-07
4.965	-6.42247e-07
4.9651	-6.38719e-07
4.9652	-6.35464e-07
4.9653	-6.2905e-07
4.9654	-6.24187e-07
4.9655	-6.19663e-07
4.9656	-6.15519e-07
4.9657	-6.11279e-07
4.9658	-6.06329e-07
4.9659	-6.00934e-07
4.966	-5.95603e-07
4.9661	-5.9056e-07
4.9662	-5.84684e-07
4.9663	-5.792e-07
4.9664	-5.71622e-07
4.9665	-5.68781e-07
4.9666	-5.626e-07
4.9667	-5.57017e-07
4.9668	-5.49421e-07
4.9669	-5.43657e-07
4.967	-5.38731e-07
4.9671	-5.30708e-07
4.9672	-5.21574e-07
4.9673	-5.14706e-07
4.9674	-5.06317e-07
4.9675	-4.98802e-07
4.9676	-4.90916e-07
4.9677	-4.82732e-07
4.9678	-4.74697e-07
4.9679	-4.65315e-07
4.968	-4.57128e-07
4.9681	-4.4834e-07
4.9682	-4.38595e-07
4.9683	-4.29838e-07
4.9684	-4.21682e-07
4.9685	-4.12814e-07
4.9686	-4.07915e-07
4.9687	-3.98752e-07
4.9688	-3.88406e-07
4.9689	-3.7994e-07
4.969	-3.72894e-07
4.9691	-3.61504e-07
4.9692	-3.53243e-07
4.9693	-3.43169e-07
4.9694	-3.34155e-07
4.9695	-3.24117e-07
4.9696	-3.15482e-07
4.9697	-3.06454e-07
4.9698	-2.97981e-07
4.9699	-2.88059e-07
4.97	-2.80312e-07
4.9701	-2.69833e-07
4.9702	-2.61041e-07
4.9703	-2.50991e-07
4.9704	-2.43228e-07
4.9705	-2.33897e-07
4.9706	-2.23835e-07
4.9707	-2.13677e-07
4.9708	-2.03427e-07
4.9709	-1.92967e-07
4.971	-1.8027e-07
4.9711	-1.70132e-07
4.9712	-1.60138e-07
4.9713	-1.49268e-07
4.9714	-1.39851e-07
4.9715	-1.29451e-07
4.9716	-1.19456e-07
4.9717	-1.10477e-07
4.9718	-1.00976e-07
4.9719	-9.15407e-08
4.972	-8.10116e-08
4.9721	-7.27963e-08
4.9722	-6.30499e-08
4.9723	-5.26211e-08
4.9724	-4.12171e-08
4.9725	-3.02196e-08
4.9726	-1.99033e-08
4.9727	-8.78865e-09
4.9728	1.74963e-09
4.9729	1.10642e-08
4.973	2.00845e-08
4.9731	2.97055e-08
4.9732	3.73141e-08
4.9733	4.83235e-08
4.9734	5.4998e-08
4.9735	6.51963e-08
4.9736	7.5893e-08
4.9737	8.73732e-08
4.9738	9.79554e-08
4.9739	1.05288e-07
4.974	1.12079e-07
4.9741	1.17293e-07
4.9742	1.22676e-07
4.9743	1.27315e-07
4.9744	1.37627e-07
4.9745	1.4799e-07
4.9746	1.56017e-07
4.9747	1.61345e-07
4.9748	1.69714e-07
4.9749	1.78941e-07
4.975	1.88578e-07
4.9751	1.9754e-07
4.9752	2.06211e-07
4.9753	2.10893e-07
4.9754	2.19599e-07
4.9755	2.27969e-07
4.9756	2.31034e-07
4.9757	2.42131e-07
4.9758	2.43581e-07
4.9759	2.42399e-07
4.976	2.47621e-07
4.9761	2.57423e-07
4.9762	2.59914e-07
4.9763	2.64184e-07
4.9764	2.65759e-07
4.9765	2.68357e-07
4.9766	2.62231e-07
4.9767	2.70037e-07
4.9768	2.73142e-07
4.9769	2.71044e-07
4.977	2.71233e-07
4.9771	2.71494e-07
4.9772	2.71544e-07
4.9773	2.71144e-07
4.9774	2.69651e-07
4.9775	2.74912e-07
4.9776	2.76311e-07
4.9777	2.75205e-07
4.9778	2.74724e-07
4.9779	2.73572e-07
4.978	2.72171e-07
4.9781	2.75372e-07
4.9782	2.79779e-07
4.9783	2.74838e-07
4.9784	2.71849e-07
4.9785	2.65715e-07
4.9786	2.61092e-07
4.9787	2.58498e-07
4.9788	2.54895e-07
4.9789	2.51531e-07
4.979	2.47432e-07
4.9791	2.43955e-07
4.9792	2.48024e-07
4.9793	2.4929e-07
4.9794	2.44047e-07
4.9795	2.37831e-07
4.9796	2.37635e-07
4.9797	2.35158e-07
4.9798	2.29568e-07
4.9799	2.25489e-07
4.98	2.22472e-07
4.9801	2.15619e-07
4.9802	2.11105e-07
4.9803	2.0833e-07
4.9804	2.05099e-07
4.9805	1.96179e-07
4.9806	1.91211e-07
4.9807	1.84592e-07
4.9808	1.77324e-07
4.9809	1.72884e-07
4.981	1.68888e-07
4.9811	1.60692e-07
4.9812	1.56987e-07
4.9813	1.48748e-07
4.9814	1.42926e-07
4.9815	1.34241e-07
4.9816	1.25067e-07
4.9817	1.21107e-07
4.9818	1.17823e-07
4.9819	1.10125e-07
4.982	1.05023e-07
4.9821	9.53233e-08
4.9822	8.62607e-08
4.9823	7.59603e-08
4.9824	6.52292e-08
4.9825	5.29756e-08
4.9826	5.03429e-08
4.9827	4.40406e-08
4.9828	3.79835e-08
4.9829	3.02538e-08
4.983	2.70158e-08
4.9831	1.57307e-08
4.9832	1.18574e-08
4.9833	5.3146e-09
4.9834	9.08111e-10
4.9835	-3.90677e-09
4.9836	-1.19288e-08
4.9837	-1.45489e-08
4.9838	-1.78056e-08
4.9839	-2.6833e-08
4.984	-4.16375e-08
4.9841	-5.39061e-08
4.9842	-6.11829e-08
4.9843	-6.46531e-08
4.9844	-6.97305e-08
4.9845	-8.34833e-08
4.9846	-9.68259e-08
4.9847	-1.11733e-07
4.9848	-1.15917e-07
4.9849	-1.30305e-07
4.985	-1.38737e-07
4.9851	-1.47504e-07
4.9852	-1.57426e-07
4.9853	-1.63156e-07
4.9854	-1.72513e-07
4.9855	-1.82111e-07
4.9856	-1.89748e-07
4.9857	-1.95142e-07
4.9858	-2.01485e-07
4.9859	-2.06087e-07
4.986	-2.15064e-07
4.9861	-2.21283e-07
4.9862	-2.28932e-07
4.9863	-2.36879e-07
4.9864	-2.45184e-07
4.9865	-2.51705e-07
4.9866	-2.5931e-07
4.9867	-2.6278e-07
4.9868	-2.71461e-07
4.9869	-2.75415e-07
4.987	-2.81812e-07
4.9871	-2.8986e-07
4.9872	-2.97593e-07
4.9873	-3.03975e-07
4.9874	-3.10004e-07
4.9875	-3.14769e-07
4.9876	-3.1899e-07
4.9877	-3.2518e-07
4.9878	-3.2818e-07
4.9879	-3.33396e-07
4.988	-3.38449e-07
4.9881	-3.43231e-07
4.9882	-3.46733e-07
4.9883	-3.51262e-07
4.9884	-3.53409e-07
4.9885	-3.57701e-07
4.9886	-3.60651e-07
4.9887	-3.62491e-07
4.9888	-3.64385e-07
4.9889	-3.66853e-07
4.989	-3.68519e-07
4.9891	-3.68607e-07
4.9892	-3.71763e-07
4.9893	-3.73465e-07
4.9894	-3.74491e-07
4.9895	-3.72793e-07
4.9896	-3.74513e-07
4.9897	-3.73919e-07
4.9898	-3.73047e-07
4.9899	-3.72476e-07
4.99	-3.71644e-07
4.9901	-3.70934e-07
4.9902	-3.69608e-07
4.9903	-3.6798e-07
4.9904	-3.66807e-07
4.9905	-3.66765e-07
4.9906	-3.6433e-07
4.9907	-3.62347e-07
4.9908	-3.60758e-07
4.9909	-3.58408e-07
4.991	-3.55686e-07
4.9911	-3.52196e-07
4.9912	-3.48664e-07
4.9913	-3.46389e-07
4.9914	-3.41726e-07
4.9915	-3.38048e-07
4.9916	-3.34883e-07
4.9917	-3.30868e-07
4.9918	-3.2745e-07
4.9919	-3.22824e-07
4.992	-3.20029e-07
4.9921	-3.16046e-07
4.9922	-3.11846e-07
4.9923	-3.07339e-07
4.9924	-3.02971e-07
4.9925	-2.99208e-07
4.9926	-2.91391e-07
4.9927	-2.88198e-07
4.9928	-2.84586e-07
4.9929	-2.79843e-07
4.993	-2.75534e-07
4.9931	-2.71431e-07
4.9932	-2.66939e-07
4.9933	-2.62198e-07
4.9934	-2.57669e-07
4.9935	-2.53327e-07
4.9936	-2.46928e-07
4.9937	-2.40746e-07
4.9938	-2.36096e-07
4.9939	-2.31166e-07
4.994	-2.2689e-07
4.9941	-2.20999e-07
4.9942	-2.16396e-07
4.9943	-2.10931e-07
4.9944	-2.04542e-07
4.9945	-1.97189e-07
4.9946	-1.93084e-07
4.9947	-1.88252e-07
4.9948	-1.84259e-07
4.9949	-1.78737e-07
4.995	-1.74387e-07
4.9951	-1.70239e-07
4.9952	-1.64924e-07
4.9953	-1.60216e-07
4.9954	-1.52622e-07
4.9955	-1.49423e-07
4.9956	-1.43889e-07
4.9957	-1.37471e-07
4.9958	-1.32314e-07
4.9959	-1.26391e-07
4.996	-1.20935e-07
4.9961	-1.15283e-07
4.9962	-1.099e-07
4.9963	-1.03812e-07
4.9964	-9.80661e-08
4.9965	-9.39182e-08
4.9966	-8.81076e-08
4.9967	-8.30291e-08
4.9968	-7.65774e-08
4.9969	-7.28561e-08
4.997	-6.78251e-08
4.9971	-6.18226e-08
4.9972	-5.4685e-08
4.9973	-5.18296e-08
4.9974	-4.73838e-08
4.9975	-4.30557e-08
4.9976	-3.77936e-08
4.9977	-3.20886e-08
4.9978	-2.62188e-08
4.9979	-2.08589e-08
4.998	-1.60753e-08
4.9981	-9.52866e-09
4.9982	-3.9772e-09
4.9983	1.70915e-09
4.9984	5.85757e-09
4.9985	1.17374e-08
4.9986	1.8319e-08
4.9987	2.23314e-08
4.9988	2.80403e-08
4.9989	3.46394e-08
4.999	4.03567e-08
4.9991	4.34852e-08
4.9992	4.7926e-08
4.9993	5.36376e-08
4.9994	5.81552e-08
4.9995	6.34338e-08
4.9996	6.81658e-08
4.9997	7.38295e-08
4.9998	7.94431e-08
4.9999	8.51834e-08
5	9.22099e-08
