0.0001	2.2043e-05
0.0002	4.68732e-05
0.0003	2.2706e-05
0.0004	3.02961e-06
0.0005	1.64363e-06
0.0006	1.097e-06
0.0007	8.28114e-07
0.0008	6.61592e-07
0.0009	5.8714e-07
0.001	5.18784e-07
0.0011	4.9373e-07
0.0012	3.79389e-07
0.0013	2.65493e-07
0.0014	3.45897e-07
0.0015	2.80222e-07
0.0016	2.52434e-07
0.0017	2.33143e-07
0.0018	1.97969e-07
0.0019	1.47845e-07
0.002	1.98166e-07
0.0021	1.72778e-07
0.0022	1.61538e-07
0.0023	1.23668e-07
0.0024	1.25151e-07
0.0025	9.70811e-08
0.0026	1.1089e-07
0.0027	1.15886e-07
0.0028	1.00758e-07
0.0029	1.27981e-07
0.003	7.16874e-08
0.0031	8.34967e-08
0.0032	9.66581e-08
0.0033	8.20547e-08
0.0034	7.64066e-08
0.0035	8.15964e-08
0.0036	9.00478e-08
0.0037	6.4205e-08
0.0038	5.91369e-08
0.0039	5.54822e-08
0.004	7.76865e-08
0.0041	7.4602e-08
0.0042	5.78588e-08
0.0043	5.20035e-08
0.0044	4.1593e-08
0.0045	3.44735e-08
0.0046	3.82711e-08
0.0047	5.50845e-08
0.0048	8.35494e-08
0.0049	3.91582e-08
0.005	3.14284e-08
0.0051	6.08058e-08
0.0052	4.77996e-08
0.0053	5.05756e-08
0.0054	4.93248e-08
0.0055	3.15561e-08
0.0056	3.27704e-08
0.0057	3.44088e-08
0.0058	7.50456e-08
0.0059	6.62892e-08
0.006	4.2098e-08
0.0061	4.54788e-08
0.0062	3.79223e-08
0.0063	4.20643e-08
0.0064	3.83631e-08
0.0065	3.48059e-08
0.0066	2.86574e-08
0.0067	2.52183e-08
0.0068	3.15297e-08
0.0069	3.73901e-08
0.007	2.60642e-08
0.0071	4.9198e-08
0.0072	4.37112e-08
0.0073	3.16752e-08
0.0074	5.05347e-08
0.0075	5.8606e-08
0.0076	3.74107e-08
0.0077	4.50638e-08
0.0078	3.63649e-08
0.0079	2.43496e-08
0.008	3.56843e-08
0.0081	5.57919e-08
0.0082	2.91856e-08
0.0083	2.54538e-08
0.0084	2.77005e-08
0.0085	3.46312e-08
0.0086	2.94852e-08
0.0087	2.78095e-08
0.0088	2.27026e-08
0.0089	2.80368e-08
0.009	2.03312e-08
0.0091	2.32981e-08
0.0092	3.38648e-08
0.0093	2.2213e-08
0.0094	4.27578e-08
0.0095	2.85336e-08
0.0096	2.71415e-08
0.0097	4.10608e-08
0.0098	3.02849e-08
0.0099	3.16932e-08
0.01	3.61115e-08
0.0101	2.99522e-08
0.0102	2.50265e-08
0.0103	4.03592e-08
0.0104	2.78357e-08
0.0105	2.72102e-08
0.0106	1.79552e-08
0.0107	3.36152e-08
0.0108	4.54335e-08
0.0109	2.56992e-08
0.011	3.49078e-08
0.0111	4.23867e-08
0.0112	2.59392e-08
0.0113	1.7054e-08
0.0114	1.79872e-08
0.0115	1.42669e-08
0.0116	1.60117e-08
0.0117	1.65998e-08
0.0118	1.43721e-08
0.0119	1.4295e-08
0.012	1.57207e-08
0.0121	1.27484e-08
0.0122	1.32254e-08
0.0123	1.58836e-08
0.0124	1.50385e-08
0.0125	1.354e-08
0.0126	1.75031e-08
0.0127	1.38802e-08
0.0128	1.54721e-08
0.0129	1.18412e-08
0.013	1.24877e-08
0.0131	1.23751e-08
0.0132	1.13639e-08
0.0133	1.21761e-08
0.0134	1.15927e-08
0.0135	1.37108e-08
0.0136	1.64971e-08
0.0137	1.69631e-08
0.0138	1.33507e-08
0.0139	1.48956e-08
0.014	1.16351e-08
0.0141	1.40192e-08
0.0142	1.27872e-08
0.0143	1.13906e-08
0.0144	1.01165e-08
0.0145	1.04369e-08
0.0146	9.03788e-09
0.0147	1.19984e-08
0.0148	1.80207e-08
0.0149	1.31569e-08
0.015	1.30992e-08
0.0151	1.23905e-08
0.0152	1.7235e-08
0.0153	1.35971e-08
0.0154	1.52881e-08
0.0155	1.07422e-08
0.0156	1.405e-08
0.0157	1.16878e-08
0.0158	1.12642e-08
0.0159	1.1846e-08
0.016	1.51538e-08
0.0161	1.01713e-08
0.0162	1.25423e-08
0.0163	1.3535e-08
0.0164	9.0646e-09
0.0165	1.61315e-08
0.0166	9.84502e-09
0.0167	9.59006e-09
0.0168	1.00774e-08
0.0169	9.70257e-09
0.017	1.1166e-08
0.0171	1.20673e-08
0.0172	1.27924e-08
0.0173	1.80946e-08
0.0174	1.36626e-08
0.0175	1.24445e-08
0.0176	1.30335e-08
0.0177	1.61648e-08
0.0178	2.67306e-08
0.0179	2.021e-08
0.018	1.76332e-08
0.0181	1.38046e-08
0.0182	1.41693e-08
0.0183	1.3958e-08
0.0184	1.77806e-08
0.0185	1.20329e-08
0.0186	1.41066e-08
0.0187	1.14649e-08
0.0188	1.45881e-08
0.0189	1.54061e-08
0.019	1.5599e-08
0.0191	1.08917e-08
0.0192	1.54711e-08
0.0193	1.34672e-08
0.0194	8.71077e-09
0.0195	1.1774e-08
0.0196	2.01675e-08
0.0197	1.27763e-08
0.0198	1.92028e-08
0.0199	1.08234e-08
0.02	1.89829e-08
0.0201	1.57861e-08
0.0202	2.0897e-08
0.0203	1.48144e-08
0.0204	1.67987e-08
0.0205	9.93949e-09
0.0206	1.36106e-08
0.0207	1.53161e-08
0.0208	1.34684e-08
0.0209	1.44367e-08
0.021	1.59221e-08
0.0211	1.79304e-08
0.0212	1.0315e-08
0.0213	1.3414e-08
0.0214	1.40718e-08
0.0215	8.88297e-09
0.0216	1.55914e-08
0.0217	1.41036e-08
0.0218	1.38028e-08
0.0219	1.43292e-08
0.022	1.46586e-08
0.0221	1.41738e-08
0.0222	1.39994e-08
0.0223	1.40716e-08
0.0224	1.45383e-08
0.0225	9.18658e-09
0.0226	1.58913e-08
0.0227	1.57475e-08
0.0228	1.11623e-08
0.0229	1.4588e-08
0.023	1.46206e-08
0.0231	9.18021e-09
0.0232	1.46676e-08
0.0233	2.31125e-08
0.0234	8.49571e-09
0.0235	1.15342e-08
0.0236	9.23987e-09
0.0237	9.12736e-09
0.0238	7.73293e-09
0.0239	1.5856e-08
0.024	2.0368e-08
0.0241	1.2942e-08
0.0242	8.55195e-09
0.0243	1.21479e-08
0.0244	1.60319e-08
0.0245	8.04972e-09
0.0246	1.28367e-08
0.0247	1.42087e-08
0.0248	9.35076e-09
0.0249	1.09346e-08
0.025	8.91305e-09
0.0251	8.38879e-09
0.0252	1.51264e-08
0.0253	8.13865e-09
0.0254	8.58502e-09
0.0255	1.09378e-08
0.0256	8.4945e-09
0.0257	7.79628e-09
0.0258	1.15434e-08
0.0259	1.46899e-08
0.026	1.76126e-08
0.0261	1.33635e-08
0.0262	2.10565e-08
0.0263	1.83514e-08
0.0264	1.28835e-08
0.0265	7.88517e-09
0.0266	7.59524e-09
0.0267	9.1983e-09
0.0268	8.26345e-09
0.0269	8.83434e-09
0.027	7.37493e-09
0.0271	1.087e-08
0.0272	1.89443e-08
0.0273	1.62207e-08
0.0274	9.37034e-09
0.0275	7.99748e-09
0.0276	8.08075e-09
0.0277	1.66612e-08
0.0278	1.5723e-08
0.0279	1.33396e-08
0.028	9.67194e-09
0.0281	1.52054e-08
0.0282	1.29536e-08
0.0283	6.78186e-09
0.0284	1.5213e-08
0.0285	1.32819e-08
0.0286	7.21377e-09
0.0287	1.43909e-08
0.0288	1.38826e-08
0.0289	7.62611e-09
0.029	1.44436e-08
0.0291	1.39901e-08
0.0292	7.94205e-09
0.0293	1.59708e-08
0.0294	1.26784e-08
0.0295	7.44958e-09
0.0296	1.38771e-08
0.0297	1.15893e-08
0.0298	6.43222e-09
0.0299	1.58975e-08
0.03	1.1364e-08
0.0301	7.43611e-09
0.0302	1.447e-08
0.0303	1.28674e-08
0.0304	6.76301e-09
0.0305	6.80879e-09
0.0306	1.35576e-08
0.0307	1.26078e-08
0.0308	7.61218e-09
0.0309	7.38154e-09
0.031	6.95123e-09
0.0311	6.87778e-09
0.0312	7.19061e-09
0.0313	1.328e-08
0.0314	1.13572e-08
0.0315	9.69323e-09
0.0316	1.10655e-08
0.0317	6.57317e-09
0.0318	5.88059e-09
0.0319	7.07431e-09
0.032	9.11551e-09
0.0321	9.64531e-09
0.0322	9.78339e-09
0.0323	6.11496e-09
0.0324	6.18379e-09
0.0325	7.36993e-09
0.0326	6.48054e-09
0.0327	7.24422e-09
0.0328	7.21253e-09
0.0329	6.72338e-09
0.033	7.02162e-09
0.0331	7.00394e-09
0.0332	6.9243e-09
0.0333	7.19183e-09
0.0334	7.40787e-09
0.0335	1.09276e-08
0.0336	9.43709e-09
0.0337	1.05581e-08
0.0338	7.88618e-09
0.0339	7.52068e-09
0.034	7.19437e-09
0.0341	7.54931e-09
0.0342	1.00127e-08
0.0343	8.52094e-09
0.0344	7.32217e-09
0.0345	6.99988e-09
0.0346	7.34543e-09
0.0347	6.89551e-09
0.0348	7.86124e-09
0.0349	8.68824e-09
0.035	8.11084e-09
0.0351	7.80825e-09
0.0352	7.58697e-09
0.0353	6.82636e-09
0.0354	9.55806e-09
0.0355	1.09024e-08
0.0356	8.02198e-09
0.0357	8.17259e-09
0.0358	6.30154e-09
0.0359	8.13258e-09
0.036	8.58105e-09
0.0361	7.3489e-09
0.0362	6.9761e-09
0.0363	8.26547e-09
0.0364	7.79126e-09
0.0365	8.43644e-09
0.0366	7.72633e-09
0.0367	7.59088e-09
0.0368	7.64998e-09
0.0369	6.8084e-09
0.037	6.66197e-09
0.0371	7.17582e-09
0.0372	6.99822e-09
0.0373	7.1591e-09
0.0374	6.85597e-09
0.0375	6.60057e-09
0.0376	8.51477e-09
0.0377	8.49143e-09
0.0378	8.82588e-09
0.0379	6.64558e-09
0.038	9.65892e-09
0.0381	9.06117e-09
0.0382	7.57759e-09
0.0383	1.17949e-08
0.0384	9.99828e-09
0.0385	7.90003e-09
0.0386	1.04862e-08
0.0387	7.97085e-09
0.0388	1.02675e-08
0.0389	7.85116e-09
0.039	1.33647e-08
0.0391	9.92478e-09
0.0392	1.01854e-08
0.0393	8.0651e-09
0.0394	1.06386e-08
0.0395	7.8055e-09
0.0396	1.12731e-08
0.0397	1.52854e-08
0.0398	1.59777e-08
0.0399	1.27512e-08
0.04	1.55469e-08
0.0401	1.60148e-08
0.0402	1.06873e-08
0.0403	1.41716e-08
0.0404	1.2841e-08
0.0405	1.02445e-08
0.0406	1.35052e-08
0.0407	9.93824e-09
0.0408	1.18461e-08
0.0409	1.27354e-08
0.041	1.86621e-08
0.0411	1.55531e-08
0.0412	1.11256e-08
0.0413	1.04957e-08
0.0414	9.98909e-09
0.0415	7.33082e-09
0.0416	7.93406e-09
0.0417	9.82091e-09
0.0418	1.13731e-08
0.0419	1.147e-08
0.042	7.52102e-09
0.0421	1.09519e-08
0.0422	6.81726e-09
0.0423	9.81878e-09
0.0424	1.66608e-08
0.0425	2.1189e-08
0.0426	1.45056e-08
0.0427	7.00838e-09
0.0428	9.70743e-09
0.0429	9.02709e-09
0.043	8.3101e-09
0.0431	8.1293e-09
0.0432	9.04815e-09
0.0433	8.45787e-09
0.0434	7.73375e-09
0.0435	8.03878e-09
0.0436	8.52931e-09
0.0437	7.98704e-09
0.0438	8.55719e-09
0.0439	2.23197e-08
0.044	1.14761e-08
0.0441	9.77912e-09
0.0442	9.43991e-09
0.0443	9.01688e-09
0.0444	9.19008e-09
0.0445	8.87657e-09
0.0446	9.4041e-09
0.0447	1.11019e-08
0.0448	1.216e-08
0.0449	1.44059e-08
0.045	1.50315e-08
0.0451	9.99119e-09
0.0452	1.2028e-08
0.0453	1.04415e-08
0.0454	1.16659e-08
0.0455	1.02997e-08
0.0456	9.79929e-09
0.0457	9.72068e-09
0.0458	1.75971e-08
0.0459	9.32121e-09
0.046	9.88038e-09
0.0461	7.13592e-09
0.0462	6.31775e-09
0.0463	7.09793e-09
0.0464	7.33867e-09
0.0465	5.83567e-09
0.0466	1.01123e-08
0.0467	6.51433e-09
0.0468	6.94352e-09
0.0469	6.66427e-09
0.047	6.56439e-09
0.0471	8.40969e-09
0.0472	8.18875e-09
0.0473	7.88849e-09
0.0474	7.53313e-09
0.0475	8.59185e-09
0.0476	1.35191e-08
0.0477	1.06518e-08
0.0478	1.80721e-08
0.0479	2.03276e-08
0.048	1.47472e-08
0.0481	1.59284e-08
0.0482	8.27785e-09
0.0483	1.41809e-08
0.0484	1.0436e-08
0.0485	1.39037e-08
0.0486	1.55498e-08
0.0487	1.59507e-08
0.0488	1.44272e-08
0.0489	1.08585e-08
0.049	1.5029e-08
0.0491	2.15112e-08
0.0492	1.53738e-08
0.0493	1.05468e-08
0.0494	9.1326e-09
0.0495	8.75192e-09
0.0496	8.33135e-09
0.0497	1.1579e-08
0.0498	7.47818e-09
0.0499	7.8443e-09
0.05	9.10772e-09
0.0501	8.73463e-09
0.0502	8.5831e-09
0.0503	7.53534e-09
0.0504	1.82651e-08
0.0505	9.45529e-09
0.0506	1.58655e-08
0.0507	8.66276e-09
0.0508	8.18105e-09
0.0509	8.09581e-09
0.051	2.17761e-08
0.0511	1.10478e-08
0.0512	1.19684e-08
0.0513	1.09707e-08
0.0514	1.13155e-08
0.0515	1.0853e-08
0.0516	9.26949e-09
0.0517	1.11884e-08
0.0518	8.07208e-09
0.0519	1.17894e-08
0.052	8.66173e-09
0.0521	7.35264e-09
0.0522	7.82708e-09
0.0523	7.73807e-09
0.0524	7.55367e-09
0.0525	9.73287e-09
0.0526	1.94679e-08
0.0527	2.03644e-08
0.0528	1.25401e-08
0.0529	1.13527e-08
0.053	1.04858e-08
0.0531	1.02103e-08
0.0532	1.28772e-08
0.0533	1.06868e-08
0.0534	1.14679e-08
0.0535	1.07438e-08
0.0536	1.04303e-08
0.0537	1.54916e-08
0.0538	1.13243e-08
0.0539	9.80562e-09
0.054	7.30916e-09
0.0541	1.03738e-08
0.0542	9.58517e-09
0.0543	1.0659e-08
0.0544	9.66249e-09
0.0545	1.04529e-08
0.0546	9.00129e-09
0.0547	9.24606e-09
0.0548	8.70873e-09
0.0549	1.16612e-08
0.055	1.00014e-08
0.0551	8.75713e-09
0.0552	9.58496e-09
0.0553	1.22175e-08
0.0554	1.59354e-08
0.0555	9.7816e-09
0.0556	1.36271e-08
0.0557	1.65358e-08
0.0558	1.98514e-08
0.0559	1.0045e-08
0.056	1.29558e-08
0.0561	1.36029e-08
0.0562	1.32602e-08
0.0563	1.4401e-08
0.0564	1.42594e-08
0.0565	1.31357e-08
0.0566	2.2073e-08
0.0567	1.46298e-08
0.0568	1.9716e-08
0.0569	1.7208e-08
0.057	1.91381e-08
0.0571	1.56265e-08
0.0572	9.40357e-09
0.0573	1.80811e-08
0.0574	1.5216e-08
0.0575	1.15783e-08
0.0576	1.10946e-08
0.0577	9.08804e-09
0.0578	1.53285e-08
0.0579	2.45513e-08
0.058	1.38148e-08
0.0581	8.87367e-09
0.0582	1.02256e-08
0.0583	9.77091e-09
0.0584	7.77811e-09
0.0585	1.18688e-08
0.0586	1.09166e-08
0.0587	1.07235e-08
0.0588	1.59229e-08
0.0589	1.3155e-08
0.059	1.08384e-08
0.0591	1.07018e-08
0.0592	1.1433e-08
0.0593	1.08665e-08
0.0594	1.00565e-08
0.0595	8.61264e-09
0.0596	7.95717e-09
0.0597	9.45434e-09
0.0598	2.87647e-08
0.0599	2.08302e-08
0.06	9.49675e-09
0.0601	2.82722e-08
0.0602	1.47774e-08
0.0603	8.91486e-09
0.0604	8.79744e-09
0.0605	8.44271e-09
0.0606	9.97792e-09
0.0607	9.30146e-09
0.0608	9.91152e-09
0.0609	7.71091e-09
0.061	7.83807e-09
0.0611	7.32051e-09
0.0612	8.45354e-09
0.0613	7.7362e-09
0.0614	1.03903e-08
0.0615	1.11748e-08
0.0616	7.89047e-09
0.0617	7.41383e-09
0.0618	7.89406e-09
0.0619	9.07115e-09
0.062	1.34536e-08
0.0621	7.17801e-09
0.0622	8.55008e-09
0.0623	6.95876e-09
0.0624	8.09139e-09
0.0625	7.53913e-09
0.0626	7.58447e-09
0.0627	1.02183e-08
0.0628	6.61362e-09
0.0629	7.81836e-09
0.063	8.37898e-09
0.0631	9.15974e-09
0.0632	8.68227e-09
0.0633	7.20742e-09
0.0634	7.99219e-09
0.0635	7.5498e-09
0.0636	6.80023e-09
0.0637	7.01907e-09
0.0638	7.34883e-09
0.0639	9.26422e-09
0.064	1.30752e-08
0.0641	7.93711e-09
0.0642	1.65717e-08
0.0643	1.43971e-08
0.0644	8.3012e-09
0.0645	7.35444e-09
0.0646	7.48706e-09
0.0647	8.16991e-09
0.0648	8.17082e-09
0.0649	7.48946e-09
0.065	7.72256e-09
0.0651	7.51176e-09
0.0652	7.37674e-09
0.0653	1.06965e-08
0.0654	1.05639e-08
0.0655	1.0446e-08
0.0656	1.17137e-08
0.0657	9.46735e-09
0.0658	7.00122e-09
0.0659	7.61504e-09
0.066	8.09224e-09
0.0661	9.99789e-09
0.0662	1.5685e-08
0.0663	1.20989e-08
0.0664	8.51349e-09
0.0665	1.49667e-08
0.0666	1.39631e-08
0.0667	1.08553e-08
0.0668	1.27703e-08
0.0669	8.98231e-09
0.067	7.99704e-09
0.0671	9.07508e-09
0.0672	1.56554e-08
0.0673	1.44379e-08
0.0674	9.79486e-09
0.0675	1.09683e-08
0.0676	7.6955e-09
0.0677	1.09533e-08
0.0678	8.56673e-09
0.0679	6.84758e-09
0.068	8.27362e-09
0.0681	8.92296e-09
0.0682	6.47461e-09
0.0683	6.61302e-09
0.0684	7.31903e-09
0.0685	8.97653e-09
0.0686	7.29076e-09
0.0687	8.53588e-09
0.0688	1.40492e-08
0.0689	6.44492e-09
0.069	1.26919e-08
0.0691	9.48516e-09
0.0692	7.13137e-09
0.0693	9.0053e-09
0.0694	1.09812e-08
0.0695	7.33737e-09
0.0696	6.90443e-09
0.0697	7.68367e-09
0.0698	7.78477e-09
0.0699	1.08346e-08
0.07	9.54537e-09
0.0701	7.66528e-09
0.0702	6.6674e-09
0.0703	8.85255e-09
0.0704	8.5858e-09
0.0705	7.99492e-09
0.0706	9.6937e-09
0.0707	1.0019e-08
0.0708	9.45781e-09
0.0709	7.63352e-09
0.071	7.11183e-09
0.0711	6.86059e-09
0.0712	1.05908e-08
0.0713	9.58375e-09
0.0714	8.03884e-09
0.0715	8.3563e-09
0.0716	8.7348e-09
0.0717	9.0304e-09
0.0718	9.28474e-09
0.0719	9.57339e-09
0.072	9.06104e-09
0.0721	9.00919e-09
0.0722	8.77972e-09
0.0723	9.76507e-09
0.0724	1.03821e-08
0.0725	7.46015e-09
0.0726	1.27586e-08
0.0727	7.66234e-09
0.0728	8.898e-09
0.0729	8.1836e-09
0.073	7.35833e-09
0.0731	8.35345e-09
0.0732	8.85477e-09
0.0733	1.92649e-08
0.0734	1.01766e-08
0.0735	8.06481e-09
0.0736	1.1046e-08
0.0737	8.65201e-09
0.0738	9.80592e-09
0.0739	1.35548e-08
0.074	1.01358e-08
0.0741	8.11393e-09
0.0742	9.16474e-09
0.0743	8.38311e-09
0.0744	8.3593e-09
0.0745	8.7666e-09
0.0746	8.33121e-09
0.0747	9.37057e-09
0.0748	1.16529e-08
0.0749	9.66859e-09
0.075	8.42231e-09
0.0751	9.00075e-09
0.0752	1.06213e-08
0.0753	1.09948e-08
0.0754	3.30953e-08
0.0755	1.76544e-08
0.0756	1.33472e-08
0.0757	1.45685e-08
0.0758	1.0833e-08
0.0759	1.08918e-08
0.076	1.10847e-08
0.0761	9.39459e-09
0.0762	1.01884e-08
0.0763	1.01025e-08
0.0764	1.25975e-08
0.0765	1.0838e-08
0.0766	1.08538e-08
0.0767	1.2512e-08
0.0768	1.00544e-08
0.0769	1.53253e-08
0.077	1.50028e-08
0.0771	1.19845e-08
0.0772	1.52277e-08
0.0773	1.12014e-08
0.0774	1.12062e-08
0.0775	1.06809e-08
0.0776	9.8361e-09
0.0777	1.00598e-08
0.0778	1.85252e-08
0.0779	1.35614e-08
0.078	1.06839e-08
0.0781	1.40376e-08
0.0782	1.1568e-08
0.0783	2.35881e-08
0.0784	1.68321e-08
0.0785	1.58857e-08
0.0786	1.63266e-08
0.0787	1.5988e-08
0.0788	1.06078e-08
0.0789	1.17259e-08
0.079	1.10247e-08
0.0791	1.451e-08
0.0792	1.54764e-08
0.0793	1.25828e-08
0.0794	9.48819e-09
0.0795	9.35863e-09
0.0796	1.02299e-08
0.0797	1.57734e-08
0.0798	1.43431e-08
0.0799	1.53955e-08
0.08	1.34625e-08
0.0801	1.4104e-08
0.0802	1.30106e-08
0.0803	1.04496e-08
0.0804	9.07506e-09
0.0805	1.50141e-08
0.0806	8.61776e-09
0.0807	9.1383e-09
0.0808	1.23102e-08
0.0809	1.50521e-08
0.081	1.53292e-08
0.0811	1.14081e-08
0.0812	1.41416e-08
0.0813	1.27501e-08
0.0814	1.44856e-08
0.0815	1.01467e-08
0.0816	1.28876e-08
0.0817	1.41526e-08
0.0818	8.96826e-09
0.0819	9.43235e-09
0.082	8.75056e-09
0.0821	1.1434e-08
0.0822	9.56242e-09
0.0823	1.13186e-08
0.0824	1.73443e-08
0.0825	1.57394e-08
0.0826	1.30271e-08
0.0827	1.20874e-08
0.0828	1.26536e-08
0.0829	1.77081e-08
0.083	1.40637e-08
0.0831	1.97857e-08
0.0832	1.55817e-08
0.0833	1.40508e-08
0.0834	1.24984e-08
0.0835	1.35515e-08
0.0836	1.24404e-08
0.0837	1.4152e-08
0.0838	1.05706e-08
0.0839	1.27726e-08
0.084	1.92426e-08
0.0841	1.2226e-08
0.0842	1.71948e-08
0.0843	1.17138e-08
0.0844	1.11246e-08
0.0845	1.28282e-08
0.0846	1.29537e-08
0.0847	1.02982e-08
0.0848	1.48333e-08
0.0849	1.55595e-08
0.085	1.04749e-08
0.0851	8.62184e-09
0.0852	1.08676e-08
0.0853	1.0778e-08
0.0854	2.89069e-08
0.0855	1.24608e-08
0.0856	1.40511e-08
0.0857	1.43507e-08
0.0858	1.32805e-08
0.0859	1.88175e-08
0.086	1.44479e-08
0.0861	1.39484e-08
0.0862	1.25723e-08
0.0863	1.36381e-08
0.0864	1.10468e-08
0.0865	9.29544e-09
0.0866	1.30618e-08
0.0867	1.03428e-08
0.0868	9.22664e-09
0.0869	1.26342e-08
0.087	1.35614e-08
0.0871	1.02918e-08
0.0872	1.01211e-08
0.0873	1.13457e-08
0.0874	1.2951e-08
0.0875	1.31975e-08
0.0876	1.50808e-08
0.0877	1.06086e-08
0.0878	1.08166e-08
0.0879	1.08082e-08
0.088	1.32548e-08
0.0881	1.06366e-08
0.0882	1.36384e-08
0.0883	1.31798e-08
0.0884	1.23441e-08
0.0885	1.21138e-08
0.0886	1.36634e-08
0.0887	1.08994e-08
0.0888	1.56099e-08
0.0889	1.55792e-08
0.089	9.06292e-09
0.0891	8.07914e-09
0.0892	1.30848e-08
0.0893	1.14967e-08
0.0894	1.20719e-08
0.0895	1.2382e-08
0.0896	1.70208e-08
0.0897	1.03965e-08
0.0898	1.32989e-08
0.0899	1.91625e-08
0.09	1.29361e-08
0.0901	1.66877e-08
0.0902	1.28396e-08
0.0903	1.19481e-08
0.0904	1.14141e-08
0.0905	1.55305e-08
0.0906	1.26736e-08
0.0907	1.82788e-08
0.0908	1.35624e-08
0.0909	1.01114e-08
0.091	1.41059e-08
0.0911	1.10039e-08
0.0912	1.14735e-08
0.0913	1.86815e-08
0.0914	1.27585e-08
0.0915	1.51112e-08
0.0916	1.38032e-08
0.0917	1.10317e-08
0.0918	1.14287e-08
0.0919	1.20297e-08
0.092	1.44138e-08
0.0921	2.0066e-08
0.0922	1.21471e-08
0.0923	1.71074e-08
0.0924	1.96839e-08
0.0925	1.28694e-08
0.0926	1.30211e-08
0.0927	1.75292e-08
0.0928	1.33906e-08
0.0929	2.11272e-08
0.093	1.85271e-08
0.0931	1.73157e-08
0.0932	1.98594e-08
0.0933	1.27379e-08
0.0934	1.11346e-08
0.0935	1.59721e-08
0.0936	1.17031e-08
0.0937	1.49383e-08
0.0938	1.31402e-08
0.0939	1.52407e-08
0.094	1.23564e-08
0.0941	1.65397e-08
0.0942	1.30986e-08
0.0943	1.38387e-08
0.0944	1.44512e-08
0.0945	1.03437e-08
0.0946	1.23406e-08
0.0947	1.37561e-08
0.0948	1.59789e-08
0.0949	1.51814e-08
0.095	1.33122e-08
0.0951	1.57121e-08
0.0952	1.03123e-08
0.0953	9.57092e-09
0.0954	1.36963e-08
0.0955	1.44362e-08
0.0956	1.12103e-08
0.0957	1.28767e-08
0.0958	1.70289e-08
0.0959	1.20151e-08
0.096	1.00224e-08
0.0961	1.34482e-08
0.0962	1.40752e-08
0.0963	1.23948e-08
0.0964	1.28339e-08
0.0965	1.68044e-08
0.0966	9.51872e-09
0.0967	1.3744e-08
0.0968	1.22781e-08
0.0969	1.37776e-08
0.097	9.95313e-09
0.0971	1.13178e-08
0.0972	1.72436e-08
0.0973	1.31384e-08
0.0974	1.6828e-08
0.0975	1.28146e-08
0.0976	1.51896e-08
0.0977	1.95986e-08
0.0978	1.60412e-08
0.0979	1.45556e-08
0.098	1.53863e-08
0.0981	1.81059e-08
0.0982	1.66161e-08
0.0983	1.76836e-08
0.0984	2.281e-08
0.0985	1.67174e-08
0.0986	1.15061e-08
0.0987	1.08837e-08
0.0988	1.86663e-08
0.0989	1.37571e-08
0.099	1.89293e-08
0.0991	1.34416e-08
0.0992	1.59775e-08
0.0993	1.35217e-08
0.0994	1.34625e-08
0.0995	1.84443e-08
0.0996	2.43394e-08
0.0997	1.64251e-08
0.0998	1.94578e-08
0.0999	1.33921e-08
0.1	1.02086e-08
0.1001	1.10044e-08
0.1002	2.06731e-08
0.1003	1.51255e-08
0.1004	1.34618e-08
0.1005	1.57422e-08
0.1006	1.64844e-08
0.1007	1.40847e-08
0.1008	2.59321e-08
0.1009	1.76908e-08
0.101	1.74505e-08
0.1011	1.86801e-08
0.1012	1.4128e-08
0.1013	1.26584e-08
0.1014	1.89306e-08
0.1015	1.36204e-08
0.1016	1.20641e-08
0.1017	1.32983e-08
0.1018	1.7885e-08
0.1019	1.84041e-08
0.102	1.48171e-08
0.1021	1.51424e-08
0.1022	1.82889e-08
0.1023	1.95914e-08
0.1024	2.30748e-08
0.1025	1.54263e-08
0.1026	1.73239e-08
0.1027	2.1814e-08
0.1028	1.67532e-08
0.1029	1.38344e-08
0.103	1.63287e-08
0.1031	1.51436e-08
0.1032	1.72562e-08
0.1033	1.22326e-08
0.1034	1.33808e-08
0.1035	1.51345e-08
0.1036	1.29501e-08
0.1037	1.54475e-08
0.1038	1.28517e-08
0.1039	1.44054e-08
0.104	1.87553e-08
0.1041	1.23386e-08
0.1042	1.12117e-08
0.1043	1.5205e-08
0.1044	1.66002e-08
0.1045	2.01155e-08
0.1046	1.26098e-08
0.1047	1.50318e-08
0.1048	2.11796e-08
0.1049	1.29011e-08
0.105	1.53911e-08
0.1051	2.06218e-08
0.1052	2.29238e-08
0.1053	2.7849e-08
0.1054	1.49646e-08
0.1055	1.52337e-08
0.1056	1.69336e-08
0.1057	1.46394e-08
0.1058	1.5452e-08
0.1059	1.4148e-08
0.106	1.59314e-08
0.1061	2.10935e-08
0.1062	1.49831e-08
0.1063	1.57878e-08
0.1064	2.06931e-08
0.1065	1.52799e-08
0.1066	1.37856e-08
0.1067	1.43362e-08
0.1068	1.67849e-08
0.1069	1.6671e-08
0.107	1.17828e-08
0.1071	1.26172e-08
0.1072	1.1774e-08
0.1073	1.62243e-08
0.1074	1.41408e-08
0.1075	1.25598e-08
0.1076	1.35205e-08
0.1077	1.75245e-08
0.1078	1.60161e-08
0.1079	2.28521e-08
0.108	2.3247e-08
0.1081	2.51266e-08
0.1082	2.05641e-08
0.1083	1.74825e-08
0.1084	1.36961e-08
0.1085	1.32922e-08
0.1086	1.53568e-08
0.1087	1.47735e-08
0.1088	1.48907e-08
0.1089	1.89362e-08
0.109	1.55197e-08
0.1091	2.26779e-08
0.1092	1.49848e-08
0.1093	1.35028e-08
0.1094	1.54632e-08
0.1095	1.95622e-08
0.1096	1.63817e-08
0.1097	1.74989e-08
0.1098	2.03299e-08
0.1099	1.4365e-08
0.11	1.66339e-08
0.1101	1.91456e-08
0.1102	2.31679e-08
0.1103	2.51752e-08
0.1104	1.85066e-08
0.1105	2.00427e-08
0.1106	1.46226e-08
0.1107	1.28585e-08
0.1108	1.76089e-08
0.1109	1.75397e-08
0.111	1.15789e-08
0.1111	1.29044e-08
0.1112	1.54152e-08
0.1113	1.33209e-08
0.1114	1.92403e-08
0.1115	1.55258e-08
0.1116	1.98979e-08
0.1117	1.727e-08
0.1118	1.5916e-08
0.1119	1.79521e-08
0.112	1.22033e-08
0.1121	1.30259e-08
0.1122	2.13921e-08
0.1123	2.15997e-08
0.1124	2.57675e-08
0.1125	1.90679e-08
0.1126	2.11958e-08
0.1127	2.62592e-08
0.1128	2.25915e-08
0.1129	1.88921e-08
0.113	1.67948e-08
0.1131	2.30974e-08
0.1132	2.31518e-08
0.1133	1.74776e-08
0.1134	1.66597e-08
0.1135	1.95021e-08
0.1136	2.0409e-08
0.1137	2.41e-08
0.1138	1.87003e-08
0.1139	1.76991e-08
0.114	1.98924e-08
0.1141	1.39397e-08
0.1142	1.21093e-08
0.1143	1.63853e-08
0.1144	1.69361e-08
0.1145	1.62074e-08
0.1146	1.81372e-08
0.1147	1.42682e-08
0.1148	1.71137e-08
0.1149	2.17408e-08
0.115	2.15585e-08
0.1151	3.27893e-08
0.1152	2.03329e-08
0.1153	2.1015e-08
0.1154	1.89384e-08
0.1155	1.66675e-08
0.1156	2.54308e-08
0.1157	1.84411e-08
0.1158	2.09156e-08
0.1159	2.77693e-08
0.116	2.27406e-08
0.1161	2.51165e-08
0.1162	1.79741e-08
0.1163	2.45044e-08
0.1164	2.15532e-08
0.1165	1.61979e-08
0.1166	1.28365e-08
0.1167	2.52102e-08
0.1168	1.48089e-08
0.1169	1.21724e-08
0.117	1.56273e-08
0.1171	1.58273e-08
0.1172	1.41649e-08
0.1173	2.12466e-08
0.1174	1.58215e-08
0.1175	1.46514e-08
0.1176	2.32623e-08
0.1177	2.251e-08
0.1178	2.02338e-08
0.1179	2.43127e-08
0.118	2.72045e-08
0.1181	1.93962e-08
0.1182	2.10739e-08
0.1183	1.63865e-08
0.1184	2.52349e-08
0.1185	2.25231e-08
0.1186	3.04004e-08
0.1187	1.98556e-08
0.1188	2.08628e-08
0.1189	1.76468e-08
0.119	1.75847e-08
0.1191	1.8503e-08
0.1192	1.72641e-08
0.1193	1.45955e-08
0.1194	1.30846e-08
0.1195	1.52328e-08
0.1196	1.83435e-08
0.1197	2.04719e-08
0.1198	1.71483e-08
0.1199	1.91575e-08
0.12	2.6889e-08
0.1201	2.17689e-08
0.1202	2.34651e-08
0.1203	2.36433e-08
0.1204	1.55085e-08
0.1205	1.95385e-08
0.1206	2.02099e-08
0.1207	1.77874e-08
0.1208	2.05807e-08
0.1209	2.70702e-08
0.121	2.26407e-08
0.1211	3.12806e-08
0.1212	1.37445e-08
0.1213	1.57525e-08
0.1214	1.664e-08
0.1215	2.5062e-08
0.1216	2.15413e-08
0.1217	1.62245e-08
0.1218	1.69037e-08
0.1219	1.95911e-08
0.122	1.75275e-08
0.1221	2.4665e-08
0.1222	2.72962e-08
0.1223	2.96319e-08
0.1224	1.534e-08
0.1225	2.48899e-08
0.1226	1.80992e-08
0.1227	2.40887e-08
0.1228	2.3143e-08
0.1229	2.06868e-08
0.123	2.11951e-08
0.1231	2.09601e-08
0.1232	2.31342e-08
0.1233	2.05977e-08
0.1234	2.86254e-08
0.1235	1.91102e-08
0.1236	2.12292e-08
0.1237	1.72583e-08
0.1238	1.72673e-08
0.1239	2.36878e-08
0.124	2.22896e-08
0.1241	1.90952e-08
0.1242	1.80253e-08
0.1243	2.28963e-08
0.1244	2.46837e-08
0.1245	1.92243e-08
0.1246	1.87742e-08
0.1247	2.50596e-08
0.1248	1.98243e-08
0.1249	2.18172e-08
0.125	2.55994e-08
0.1251	3.15241e-08
0.1252	2.72585e-08
0.1253	2.19053e-08
0.1254	2.93416e-08
0.1255	3.09875e-08
0.1256	1.61951e-08
0.1257	1.90135e-08
0.1258	2.98389e-08
0.1259	1.87219e-08
0.126	2.20053e-08
0.1261	2.33592e-08
0.1262	1.68614e-08
0.1263	2.12734e-08
0.1264	3.32639e-08
0.1265	2.7418e-08
0.1266	1.71048e-08
0.1267	2.02633e-08
0.1268	2.22445e-08
0.1269	1.84577e-08
0.127	2.32132e-08
0.1271	1.87633e-08
0.1272	1.86364e-08
0.1273	2.06911e-08
0.1274	1.93884e-08
0.1275	2.6473e-08
0.1276	1.60969e-08
0.1277	2.37064e-08
0.1278	1.9465e-08
0.1279	1.97622e-08
0.128	2.17686e-08
0.1281	2.26018e-08
0.1282	2.00343e-08
0.1283	2.23422e-08
0.1284	1.80927e-08
0.1285	2.13987e-08
0.1286	1.8549e-08
0.1287	2.69136e-08
0.1288	2.16594e-08
0.1289	2.67818e-08
0.129	2.69544e-08
0.1291	2.67605e-08
0.1292	2.8575e-08
0.1293	2.13405e-08
0.1294	1.75883e-08
0.1295	2.26053e-08
0.1296	1.93021e-08
0.1297	2.25526e-08
0.1298	1.93001e-08
0.1299	2.46524e-08
0.13	1.82746e-08
0.1301	1.72134e-08
0.1302	2.11027e-08
0.1303	2.11353e-08
0.1304	2.89475e-08
0.1305	2.66142e-08
0.1306	2.48638e-08
0.1307	2.82791e-08
0.1308	2.32156e-08
0.1309	2.06892e-08
0.131	1.80294e-08
0.1311	2.11865e-08
0.1312	2.25221e-08
0.1313	1.92856e-08
0.1314	2.3494e-08
0.1315	2.61379e-08
0.1316	2.07548e-08
0.1317	1.86304e-08
0.1318	2.68644e-08
0.1319	2.31508e-08
0.132	2.03863e-08
0.1321	2.78999e-08
0.1322	2.12994e-08
0.1323	2.0739e-08
0.1324	1.7358e-08
0.1325	2.86713e-08
0.1326	3.12487e-08
0.1327	2.90543e-08
0.1328	1.91398e-08
0.1329	2.88472e-08
0.133	1.78939e-08
0.1331	1.86009e-08
0.1332	2.26383e-08
0.1333	2.53977e-08
0.1334	2.61459e-08
0.1335	2.6624e-08
0.1336	2.72745e-08
0.1337	2.29161e-08
0.1338	2.00921e-08
0.1339	2.69779e-08
0.134	1.82595e-08
0.1341	2.58612e-08
0.1342	2.58012e-08
0.1343	1.99682e-08
0.1344	2.91138e-08
0.1345	2.00413e-08
0.1346	2.80316e-08
0.1347	2.56715e-08
0.1348	2.81855e-08
0.1349	2.22706e-08
0.135	2.87994e-08
0.1351	2.24768e-08
0.1352	2.29023e-08
0.1353	1.793e-08
0.1354	2.65748e-08
0.1355	1.78316e-08
0.1356	1.77107e-08
0.1357	1.8842e-08
0.1358	2.54052e-08
0.1359	2.78654e-08
0.136	2.73703e-08
0.1361	3.08101e-08
0.1362	2.23198e-08
0.1363	2.69562e-08
0.1364	2.43057e-08
0.1365	2.09246e-08
0.1366	2.34235e-08
0.1367	2.5197e-08
0.1368	2.75679e-08
0.1369	3.03415e-08
0.137	2.99642e-08
0.1371	2.94345e-08
0.1372	2.23132e-08
0.1373	1.9855e-08
0.1374	2.19032e-08
0.1375	2.91649e-08
0.1376	1.68884e-08
0.1377	1.94615e-08
0.1378	1.61332e-08
0.1379	1.80806e-08
0.138	2.41596e-08
0.1381	3.04753e-08
0.1382	2.41661e-08
0.1383	2.32394e-08
0.1384	2.40335e-08
0.1385	2.65154e-08
0.1386	2.65906e-08
0.1387	2.79622e-08
0.1388	3.39884e-08
0.1389	2.44716e-08
0.139	2.19676e-08
0.1391	2.61343e-08
0.1392	3.09523e-08
0.1393	2.61152e-08
0.1394	2.86869e-08
0.1395	2.55807e-08
0.1396	2.43483e-08
0.1397	2.69009e-08
0.1398	1.93382e-08
0.1399	2.3476e-08
0.14	2.56887e-08
0.1401	3.40633e-08
0.1402	2.94455e-08
0.1403	2.87856e-08
0.1404	2.0932e-08
0.1405	2.59201e-08
0.1406	1.96763e-08
0.1407	1.94378e-08
0.1408	2.67621e-08
0.1409	2.0298e-08
0.141	2.07024e-08
0.1411	2.5064e-08
0.1412	2.55669e-08
0.1413	2.98071e-08
0.1414	2.81891e-08
0.1415	2.86986e-08
0.1416	2.75117e-08
0.1417	1.90609e-08
0.1418	2.04882e-08
0.1419	2.69649e-08
0.142	2.88466e-08
0.1421	1.79836e-08
0.1422	2.03527e-08
0.1423	1.77211e-08
0.1424	1.82308e-08
0.1425	2.48175e-08
0.1426	2.14145e-08
0.1427	2.05682e-08
0.1428	2.65063e-08
0.1429	2.18742e-08
0.143	2.23101e-08
0.1431	1.74394e-08
0.1432	2.24837e-08
0.1433	2.47577e-08
0.1434	2.63123e-08
0.1435	2.61851e-08
0.1436	3.29559e-08
0.1437	2.74293e-08
0.1438	1.79303e-08
0.1439	1.87954e-08
0.144	2.81413e-08
0.1441	2.5433e-08
0.1442	2.27208e-08
0.1443	2.27326e-08
0.1444	2.44005e-08
0.1445	2.8282e-08
0.1446	2.55381e-08
0.1447	2.2036e-08
0.1448	1.93858e-08
0.1449	2.2125e-08
0.145	2.45125e-08
0.1451	2.52935e-08
0.1452	2.29515e-08
0.1453	2.13247e-08
0.1454	2.07763e-08
0.1455	2.63302e-08
0.1456	2.8738e-08
0.1457	3.24379e-08
0.1458	2.9732e-08
0.1459	3.1691e-08
0.146	2.27128e-08
0.1461	2.0326e-08
0.1462	2.50866e-08
0.1463	1.81981e-08
0.1464	1.51681e-08
0.1465	1.67935e-08
0.1466	2.15015e-08
0.1467	2.11014e-08
0.1468	3.04632e-08
0.1469	2.49981e-08
0.147	2.51454e-08
0.1471	2.07396e-08
0.1472	1.8072e-08
0.1473	3.53922e-08
0.1474	1.73334e-08
0.1475	1.79541e-08
0.1476	2.17161e-08
0.1477	2.84649e-08
0.1478	2.43961e-08
0.1479	2.55364e-08
0.148	1.96266e-08
0.1481	2.93612e-08
0.1482	3.49567e-08
0.1483	2.54349e-08
0.1484	2.48857e-08
0.1485	2.14226e-08
0.1486	2.13632e-08
0.1487	2.09696e-08
0.1488	1.81347e-08
0.1489	2.74804e-08
0.149	2.27033e-08
0.1491	2.61546e-08
0.1492	2.41266e-08
0.1493	2.83155e-08
0.1494	2.98403e-08
0.1495	3.00283e-08
0.1496	2.29156e-08
0.1497	3.0947e-08
0.1498	2.50494e-08
0.1499	3.36701e-08
0.15	3.25086e-08
0.1501	2.70611e-08
0.1502	2.40079e-08
0.1503	2.13824e-08
0.1504	2.48998e-08
0.1505	4.05994e-08
0.1506	2.73164e-08
0.1507	1.64915e-08
0.1508	2.38467e-08
0.1509	2.46331e-08
0.151	2.64925e-08
0.1511	1.7872e-08
0.1512	2.4582e-08
0.1513	2.88616e-08
0.1514	2.27937e-08
0.1515	2.83224e-08
0.1516	3.01222e-08
0.1517	3.52133e-08
0.1518	2.75221e-08
0.1519	2.94526e-08
0.152	3.48102e-08
0.1521	3.00126e-08
0.1522	3.33122e-08
0.1523	2.84674e-08
0.1524	2.20312e-08
0.1525	2.13289e-08
0.1526	2.58806e-08
0.1527	2.91873e-08
0.1528	2.34873e-08
0.1529	2.38815e-08
0.153	2.13049e-08
0.1531	3.30117e-08
0.1532	2.62305e-08
0.1533	2.87114e-08
0.1534	2.30115e-08
0.1535	2.6313e-08
0.1536	2.29981e-08
0.1537	2.06603e-08
0.1538	2.60801e-08
0.1539	2.5978e-08
0.154	2.39111e-08
0.1541	2.7211e-08
0.1542	2.92955e-08
0.1543	2.3099e-08
0.1544	3.21721e-08
0.1545	3.41371e-08
0.1546	2.27229e-08
0.1547	3.07808e-08
0.1548	2.37501e-08
0.1549	2.47429e-08
0.155	2.11578e-08
0.1551	2.72198e-08
0.1552	3.39499e-08
0.1553	1.93018e-08
0.1554	2.35784e-08
0.1555	3.2033e-08
0.1556	3.41131e-08
0.1557	2.6955e-08
0.1558	2.34666e-08
0.1559	2.60431e-08
0.156	2.43045e-08
0.1561	3.12847e-08
0.1562	2.99578e-08
0.1563	2.43496e-08
0.1564	3.17987e-08
0.1565	3.14982e-08
0.1566	2.92469e-08
0.1567	3.02494e-08
0.1568	2.62646e-08
0.1569	2.13831e-08
0.157	2.6333e-08
0.1571	3.82685e-08
0.1572	2.53223e-08
0.1573	2.71702e-08
0.1574	2.71617e-08
0.1575	1.87907e-08
0.1576	2.10173e-08
0.1577	2.59884e-08
0.1578	2.67916e-08
0.1579	2.34521e-08
0.158	2.01711e-08
0.1581	2.33824e-08
0.1582	2.09139e-08
0.1583	2.43431e-08
0.1584	3.57425e-08
0.1585	3.34738e-08
0.1586	3.02691e-08
0.1587	3.30714e-08
0.1588	3.48048e-08
0.1589	3.32414e-08
0.159	2.42995e-08
0.1591	2.22208e-08
0.1592	2.73097e-08
0.1593	2.68678e-08
0.1594	2.39196e-08
0.1595	3.34751e-08
0.1596	2.63896e-08
0.1597	3.42931e-08
0.1598	2.26802e-08
0.1599	2.44742e-08
0.16	3.06699e-08
0.1601	1.80316e-08
0.1602	1.83041e-08
0.1603	2.14027e-08
0.1604	2.25087e-08
0.1605	2.4201e-08
0.1606	3.14704e-08
0.1607	3.24091e-08
0.1608	1.83472e-08
0.1609	2.81204e-08
0.161	2.83778e-08
0.1611	2.7173e-08
0.1612	3.41622e-08
0.1613	4.13576e-08
0.1614	3.76656e-08
0.1615	3.12791e-08
0.1616	2.968e-08
0.1617	2.88994e-08
0.1618	2.94905e-08
0.1619	2.12917e-08
0.162	2.58445e-08
0.1621	3.15286e-08
0.1622	3.09107e-08
0.1623	2.67475e-08
0.1624	2.15453e-08
0.1625	2.47342e-08
0.1626	2.96938e-08
0.1627	2.38401e-08
0.1628	2.75862e-08
0.1629	3.06136e-08
0.163	2.47572e-08
0.1631	2.67039e-08
0.1632	3.20359e-08
0.1633	2.10506e-08
0.1634	2.07748e-08
0.1635	2.81256e-08
0.1636	3.13214e-08
0.1637	4.22433e-08
0.1638	3.39218e-08
0.1639	2.65362e-08
0.164	2.9469e-08
0.1641	2.63441e-08
0.1642	3.99637e-08
0.1643	3.25012e-08
0.1644	3.03054e-08
0.1645	3.31561e-08
0.1646	2.25639e-08
0.1647	2.00033e-08
0.1648	2.99931e-08
0.1649	3.19459e-08
0.165	2.81248e-08
0.1651	3.27501e-08
0.1652	3.13238e-08
0.1653	3.8694e-08
0.1654	3.20845e-08
0.1655	2.4862e-08
0.1656	2.91776e-08
0.1657	2.36736e-08
0.1658	2.61452e-08
0.1659	3.5687e-08
0.166	3.9107e-08
0.1661	3.01096e-08
0.1662	3.41972e-08
0.1663	2.10023e-08
0.1664	3.21221e-08
0.1665	2.79073e-08
0.1666	2.60252e-08
0.1667	2.85959e-08
0.1668	2.75685e-08
0.1669	2.4628e-08
0.167	3.13515e-08
0.1671	3.38631e-08
0.1672	3.13971e-08
0.1673	2.57104e-08
0.1674	2.6889e-08
0.1675	3.12083e-08
0.1676	3.12356e-08
0.1677	2.12487e-08
0.1678	2.99641e-08
0.1679	3.51429e-08
0.168	3.33188e-08
0.1681	3.03333e-08
0.1682	3.42205e-08
0.1683	3.56967e-08
0.1684	3.11076e-08
0.1685	2.56041e-08
0.1686	3.47223e-08
0.1687	3.51739e-08
0.1688	3.00696e-08
0.1689	2.50598e-08
0.169	2.8254e-08
0.1691	2.63897e-08
0.1692	2.21643e-08
0.1693	2.61844e-08
0.1694	3.25299e-08
0.1695	3.1919e-08
0.1696	2.68928e-08
0.1697	3.8397e-08
0.1698	3.61025e-08
0.1699	2.541e-08
0.17	2.93501e-08
0.1701	3.24987e-08
0.1702	3.30498e-08
0.1703	2.33413e-08
0.1704	2.46608e-08
0.1705	2.6824e-08
0.1706	3.76953e-08
0.1707	4.10664e-08
0.1708	2.7631e-08
0.1709	2.67091e-08
0.171	2.36107e-08
0.1711	2.39654e-08
0.1712	3.1439e-08
0.1713	2.43633e-08
0.1714	3.218e-08
0.1715	4.10605e-08
0.1716	3.64181e-08
0.1717	2.83208e-08
0.1718	2.49391e-08
0.1719	2.31176e-08
0.172	3.67504e-08
0.1721	2.87804e-08
0.1722	3.23125e-08
0.1723	3.15921e-08
0.1724	3.51075e-08
0.1725	2.82847e-08
0.1726	2.41581e-08
0.1727	3.61464e-08
0.1728	2.99038e-08
0.1729	3.51011e-08
0.173	2.79465e-08
0.1731	3.19295e-08
0.1732	2.72154e-08
0.1733	2.06032e-08
0.1734	2.07738e-08
0.1735	2.61935e-08
0.1736	2.95638e-08
0.1737	3.14683e-08
0.1738	2.87777e-08
0.1739	2.94224e-08
0.174	2.54464e-08
0.1741	2.81994e-08
0.1742	3.87751e-08
0.1743	2.31835e-08
0.1744	2.93943e-08
0.1745	2.87173e-08
0.1746	2.56557e-08
0.1747	3.25069e-08
0.1748	3.99307e-08
0.1749	3.25716e-08
0.175	3.83064e-08
0.1751	3.39039e-08
0.1752	3.20623e-08
0.1753	3.55941e-08
0.1754	3.26564e-08
0.1755	2.46703e-08
0.1756	3.37589e-08
0.1757	2.77509e-08
0.1758	3.32367e-08
0.1759	3.65651e-08
0.176	2.89899e-08
0.1761	2.37712e-08
0.1762	2.83439e-08
0.1763	2.6896e-08
0.1764	2.76713e-08
0.1765	2.36833e-08
0.1766	1.85402e-08
0.1767	2.56462e-08
0.1768	2.83593e-08
0.1769	2.73821e-08
0.177	2.7918e-08
0.1771	4.01019e-08
0.1772	3.52344e-08
0.1773	3.50252e-08
0.1774	2.99717e-08
0.1775	2.75499e-08
0.1776	3.24342e-08
0.1777	2.74937e-08
0.1778	2.46362e-08
0.1779	2.47688e-08
0.178	2.35628e-08
0.1781	3.90296e-08
0.1782	2.78474e-08
0.1783	2.98434e-08
0.1784	3.33121e-08
0.1785	2.96386e-08
0.1786	2.02486e-08
0.1787	2.28008e-08
0.1788	1.92957e-08
0.1789	2.53973e-08
0.179	2.82861e-08
0.1791	2.35046e-08
0.1792	3.60226e-08
0.1793	2.86849e-08
0.1794	2.59141e-08
0.1795	3.3935e-08
0.1796	2.76358e-08
0.1797	2.89654e-08
0.1798	2.67615e-08
0.1799	3.15671e-08
0.18	3.50755e-08
0.1801	2.12717e-08
0.1802	2.65745e-08
0.1803	3.15942e-08
0.1804	2.78937e-08
0.1805	2.50315e-08
0.1806	2.65648e-08
0.1807	2.56485e-08
0.1808	3.41298e-08
0.1809	1.94086e-08
0.181	2.23033e-08
0.1811	2.18356e-08
0.1812	3.3003e-08
0.1813	3.53437e-08
0.1814	3.65173e-08
0.1815	2.44086e-08
0.1816	2.94268e-08
0.1817	3.28963e-08
0.1818	3.64092e-08
0.1819	3.56747e-08
0.182	2.32413e-08
0.1821	2.70559e-08
0.1822	2.47058e-08
0.1823	3.04146e-08
0.1824	3.28103e-08
0.1825	2.10696e-08
0.1826	3.86707e-08
0.1827	2.49585e-08
0.1828	3.4069e-08
0.1829	2.1202e-08
0.183	3.52027e-08
0.1831	1.8761e-08
0.1832	2.3986e-08
0.1833	1.98869e-08
0.1834	2.91716e-08
0.1835	2.75648e-08
0.1836	3.80945e-08
0.1837	2.16867e-08
0.1838	2.92295e-08
0.1839	2.26843e-08
0.184	4.16809e-08
0.1841	4.32342e-08
0.1842	3.64974e-08
0.1843	2.46776e-08
0.1844	2.27888e-08
0.1845	2.81673e-08
0.1846	3.38117e-08
0.1847	3.64244e-08
0.1848	3.03772e-08
0.1849	3.33774e-08
0.185	2.80268e-08
0.1851	2.90602e-08
0.1852	3.77155e-08
0.1853	2.74285e-08
0.1854	3.36909e-08
0.1855	2.8084e-08
0.1856	3.38889e-08
0.1857	3.43779e-08
0.1858	3.32677e-08
0.1859	2.29457e-08
0.186	3.09622e-08
0.1861	2.04985e-08
0.1862	2.61624e-08
0.1863	2.68427e-08
0.1864	3.19098e-08
0.1865	3.38042e-08
0.1866	2.68634e-08
0.1867	3.97808e-08
0.1868	2.82728e-08
0.1869	3.29506e-08
0.187	3.16992e-08
0.1871	2.40235e-08
0.1872	3.81405e-08
0.1873	3.39999e-08
0.1874	2.89202e-08
0.1875	2.63331e-08
0.1876	2.85886e-08
0.1877	3.56321e-08
0.1878	3.79882e-08
0.1879	3.35031e-08
0.188	2.80956e-08
0.1881	2.72725e-08
0.1882	3.97917e-08
0.1883	2.28817e-08
0.1884	2.53579e-08
0.1885	2.87654e-08
0.1886	3.35443e-08
0.1887	3.18209e-08
0.1888	2.92714e-08
0.1889	3.2302e-08
0.189	3.72148e-08
0.1891	2.41682e-08
0.1892	2.89353e-08
0.1893	2.64643e-08
0.1894	2.92872e-08
0.1895	2.66067e-08
0.1896	2.65054e-08
0.1897	2.54738e-08
0.1898	3.52836e-08
0.1899	3.62705e-08
0.19	4.72908e-08
0.1901	4.30714e-08
0.1902	3.95691e-08
0.1903	3.31686e-08
0.1904	2.98279e-08
0.1905	2.59388e-08
0.1906	2.53119e-08
0.1907	2.88791e-08
0.1908	4.2315e-08
0.1909	3.41264e-08
0.191	4.14423e-08
0.1911	3.03042e-08
0.1912	3.92941e-08
0.1913	3.91822e-08
0.1914	2.69136e-08
0.1915	2.70978e-08
0.1916	2.7483e-08
0.1917	2.84224e-08
0.1918	2.67605e-08
0.1919	2.49228e-08
0.192	2.75824e-08
0.1921	2.77064e-08
0.1922	2.84705e-08
0.1923	3.39444e-08
0.1924	2.76557e-08
0.1925	3.27486e-08
0.1926	3.37257e-08
0.1927	4.24037e-08
0.1928	4.51629e-08
0.1929	3.08433e-08
0.193	3.9968e-08
0.1931	2.8019e-08
0.1932	3.34435e-08
0.1933	3.25909e-08
0.1934	3.79506e-08
0.1935	4.44794e-08
0.1936	2.06195e-08
0.1937	2.77359e-08
0.1938	2.32765e-08
0.1939	3.00105e-08
0.194	2.29365e-08
0.1941	2.85164e-08
0.1942	2.55107e-08
0.1943	3.06422e-08
0.1944	3.30945e-08
0.1945	3.15978e-08
0.1946	2.93077e-08
0.1947	3.18605e-08
0.1948	4.16446e-08
0.1949	3.83865e-08
0.195	2.75009e-08
0.1951	4.49197e-08
0.1952	3.23337e-08
0.1953	4.06275e-08
0.1954	2.90633e-08
0.1955	3.38922e-08
0.1956	2.43433e-08
0.1957	4.13042e-08
0.1958	4.04597e-08
0.1959	2.23452e-08
0.196	2.10988e-08
0.1961	3.38993e-08
0.1962	3.03753e-08
0.1963	2.08223e-08
0.1964	3.10109e-08
0.1965	2.16408e-08
0.1966	1.94136e-08
0.1967	3.90022e-08
0.1968	3.45922e-08
0.1969	4.76576e-08
0.197	4.34931e-08
0.1971	3.63206e-08
0.1972	3.2602e-08
0.1973	4.05631e-08
0.1974	2.95299e-08
0.1975	2.93201e-08
0.1976	2.8086e-08
0.1977	3.51942e-08
0.1978	3.68029e-08
0.1979	3.38682e-08
0.198	3.63488e-08
0.1981	3.64899e-08
0.1982	2.90091e-08
0.1983	3.22383e-08
0.1984	3.34026e-08
0.1985	3.24077e-08
0.1986	2.39047e-08
0.1987	2.30263e-08
0.1988	2.18989e-08
0.1989	2.07772e-08
0.199	3.65744e-08
0.1991	2.72248e-08
0.1992	4.25035e-08
0.1993	3.92906e-08
0.1994	3.02707e-08
0.1995	2.95135e-08
0.1996	2.5416e-08
0.1997	3.76608e-08
0.1998	3.46086e-08
0.1999	3.0955e-08
0.2	4.75494e-08
0.2001	4.01798e-08
0.2002	2.74078e-08
0.2003	3.40379e-08
0.2004	3.46634e-08
0.2005	2.91448e-08
0.2006	3.6364e-08
0.2007	2.62737e-08
0.2008	3.97581e-08
0.2009	3.02128e-08
0.201	2.67638e-08
0.2011	2.70429e-08
0.2012	3.57201e-08
0.2013	3.04008e-08
0.2014	3.98479e-08
0.2015	4.05645e-08
0.2016	3.96547e-08
0.2017	3.39457e-08
0.2018	2.53909e-08
0.2019	2.70254e-08
0.202	2.97208e-08
0.2021	3.16594e-08
0.2022	4.04142e-08
0.2023	2.95224e-08
0.2024	3.45974e-08
0.2025	4.42142e-08
0.2026	4.11005e-08
0.2027	3.04282e-08
0.2028	3.30763e-08
0.2029	3.41148e-08
0.203	3.14394e-08
0.2031	2.19559e-08
0.2032	2.78892e-08
0.2033	2.51261e-08
0.2034	3.51138e-08
0.2035	3.76033e-08
0.2036	3.30765e-08
0.2037	3.31829e-08
0.2038	4.22865e-08
0.2039	2.71017e-08
0.204	3.30697e-08
0.2041	3.2781e-08
0.2042	3.75489e-08
0.2043	4.21791e-08
0.2044	2.62847e-08
0.2045	3.03489e-08
0.2046	3.34881e-08
0.2047	2.91013e-08
0.2048	4.00415e-08
0.2049	3.53114e-08
0.205	2.89929e-08
0.2051	3.13642e-08
0.2052	2.22527e-08
0.2053	3.16946e-08
0.2054	3.79695e-08
0.2055	3.05328e-08
0.2056	3.30814e-08
0.2057	2.45062e-08
0.2058	2.78777e-08
0.2059	3.10388e-08
0.206	3.08602e-08
0.2061	2.429e-08
0.2062	2.98901e-08
0.2063	3.35934e-08
0.2064	3.15472e-08
0.2065	3.02751e-08
0.2066	3.79136e-08
0.2067	3.15441e-08
0.2068	3.63977e-08
0.2069	3.64246e-08
0.207	3.72948e-08
0.2071	3.20954e-08
0.2072	4.201e-08
0.2073	3.50894e-08
0.2074	3.83123e-08
0.2075	3.00593e-08
0.2076	3.63465e-08
0.2077	2.64601e-08
0.2078	3.45805e-08
0.2079	3.67394e-08
0.208	3.44814e-08
0.2081	3.81199e-08
0.2082	3.58168e-08
0.2083	3.69238e-08
0.2084	3.23087e-08
0.2085	3.69166e-08
0.2086	3.81112e-08
0.2087	2.82068e-08
0.2088	3.24007e-08
0.2089	3.75287e-08
0.209	3.11234e-08
0.2091	2.86152e-08
0.2092	2.81062e-08
0.2093	3.45293e-08
0.2094	2.85578e-08
0.2095	4.27347e-08
0.2096	4.58456e-08
0.2097	2.73127e-08
0.2098	3.1363e-08
0.2099	4.0044e-08
0.21	3.22407e-08
0.2101	3.51213e-08
0.2102	3.64104e-08
0.2103	3.43845e-08
0.2104	3.5926e-08
0.2105	3.56878e-08
0.2106	2.81936e-08
0.2107	3.41839e-08
0.2108	3.98143e-08
0.2109	3.39147e-08
0.211	3.01039e-08
0.2111	3.08042e-08
0.2112	2.81806e-08
0.2113	3.19955e-08
0.2114	3.33071e-08
0.2115	2.47121e-08
0.2116	4.26703e-08
0.2117	3.02184e-08
0.2118	3.29759e-08
0.2119	4.02211e-08
0.212	3.61967e-08
0.2121	1.95679e-08
0.2122	2.60879e-08
0.2123	3.33822e-08
0.2124	2.63307e-08
0.2125	3.48101e-08
0.2126	3.35711e-08
0.2127	3.89489e-08
0.2128	3.82482e-08
0.2129	2.84275e-08
0.213	2.8693e-08
0.2131	4.02235e-08
0.2132	2.56833e-08
0.2133	2.82018e-08
0.2134	3.53992e-08
0.2135	3.22603e-08
0.2136	2.83828e-08
0.2137	2.66121e-08
0.2138	3.26127e-08
0.2139	3.02414e-08
0.214	4.32388e-08
0.2141	3.25489e-08
0.2142	2.88552e-08
0.2143	3.04753e-08
0.2144	3.06979e-08
0.2145	2.33843e-08
0.2146	3.27621e-08
0.2147	3.37426e-08
0.2148	3.00966e-08
0.2149	2.5895e-08
0.215	3.25394e-08
0.2151	2.78461e-08
0.2152	3.24261e-08
0.2153	3.4862e-08
0.2154	2.37058e-08
0.2155	2.94606e-08
0.2156	3.66624e-08
0.2157	2.47126e-08
0.2158	3.2122e-08
0.2159	2.61137e-08
0.216	4.00993e-08
0.2161	3.60344e-08
0.2162	3.19467e-08
0.2163	2.71753e-08
0.2164	2.34325e-08
0.2165	2.32966e-08
0.2166	2.37108e-08
0.2167	3.16472e-08
0.2168	3.79972e-08
0.2169	3.86405e-08
0.217	2.48015e-08
0.2171	2.674e-08
0.2172	3.7387e-08
0.2173	2.8449e-08
0.2174	4.08691e-08
0.2175	2.76995e-08
0.2176	3.17588e-08
0.2177	2.84739e-08
0.2178	2.85888e-08
0.2179	3.2702e-08
0.218	2.78629e-08
0.2181	3.3605e-08
0.2182	3.95932e-08
0.2183	3.31984e-08
0.2184	4.45383e-08
0.2185	2.20642e-08
0.2186	2.08861e-08
0.2187	2.29445e-08
0.2188	2.50062e-08
0.2189	2.76872e-08
0.219	3.26115e-08
0.2191	3.72498e-08
0.2192	2.76282e-08
0.2193	3.58338e-08
0.2194	2.63043e-08
0.2195	3.37005e-08
0.2196	4.08093e-08
0.2197	3.6623e-08
0.2198	3.29551e-08
0.2199	2.29364e-08
0.22	2.01533e-08
0.2201	2.98609e-08
0.2202	3.71465e-08
0.2203	2.9662e-08
0.2204	3.519e-08
0.2205	3.0852e-08
0.2206	4.29263e-08
0.2207	3.61163e-08
0.2208	3.0676e-08
0.2209	3.04033e-08
0.221	2.92618e-08
0.2211	2.31157e-08
0.2212	2.93956e-08
0.2213	3.52356e-08
0.2214	2.4368e-08
0.2215	2.6511e-08
0.2216	2.81066e-08
0.2217	2.60342e-08
0.2218	3.96898e-08
0.2219	3.45927e-08
0.222	2.10997e-08
0.2221	2.34632e-08
0.2222	3.93987e-08
0.2223	2.90736e-08
0.2224	3.60528e-08
0.2225	3.14439e-08
0.2226	3.20948e-08
0.2227	2.95757e-08
0.2228	3.39618e-08
0.2229	3.61962e-08
0.223	3.83481e-08
0.2231	4.02461e-08
0.2232	3.44313e-08
0.2233	3.74078e-08
0.2234	3.33205e-08
0.2235	3.32843e-08
0.2236	2.79775e-08
0.2237	2.68578e-08
0.2238	2.75564e-08
0.2239	3.6188e-08
0.224	2.34361e-08
0.2241	2.63482e-08
0.2242	3.47266e-08
0.2243	3.27067e-08
0.2244	3.12363e-08
0.2245	2.63414e-08
0.2246	3.41677e-08
0.2247	4.24399e-08
0.2248	3.79841e-08
0.2249	3.6977e-08
0.225	3.48219e-08
0.2251	3.40888e-08
0.2252	3.35994e-08
0.2253	3.52543e-08
0.2254	2.55094e-08
0.2255	4.39351e-08
0.2256	3.68246e-08
0.2257	4.86991e-08
0.2258	3.20713e-08
0.2259	3.46314e-08
0.226	3.24058e-08
0.2261	2.46192e-08
0.2262	2.77706e-08
0.2263	4.35037e-08
0.2264	4.44308e-08
0.2265	3.50754e-08
0.2266	3.02235e-08
0.2267	3.16152e-08
0.2268	4.36775e-08
0.2269	3.19236e-08
0.227	3.62604e-08
0.2271	3.4246e-08
0.2272	3.55218e-08
0.2273	3.60024e-08
0.2274	4.06023e-08
0.2275	2.66484e-08
0.2276	3.38917e-08
0.2277	2.55016e-08
0.2278	2.41216e-08
0.2279	3.61401e-08
0.228	4.74446e-08
0.2281	4.59982e-08
0.2282	2.74471e-08
0.2283	3.25055e-08
0.2284	3.87929e-08
0.2285	2.61757e-08
0.2286	3.10603e-08
0.2287	3.7544e-08
0.2288	3.8158e-08
0.2289	3.56179e-08
0.229	3.62938e-08
0.2291	2.95338e-08
0.2292	2.49839e-08
0.2293	3.28373e-08
0.2294	3.45455e-08
0.2295	3.32116e-08
0.2296	2.87588e-08
0.2297	3.83448e-08
0.2298	3.24185e-08
0.2299	3.69897e-08
0.23	4.61015e-08
0.2301	5.28533e-08
0.2302	3.66263e-08
0.2303	3.54104e-08
0.2304	2.84277e-08
0.2305	3.43595e-08
0.2306	2.92729e-08
0.2307	4.15491e-08
0.2308	3.37483e-08
0.2309	3.76942e-08
0.231	3.8924e-08
0.2311	3.6484e-08
0.2312	2.9834e-08
0.2313	2.18298e-08
0.2314	2.55619e-08
0.2315	3.09354e-08
0.2316	3.53304e-08
0.2317	2.5698e-08
0.2318	3.10411e-08
0.2319	3.22183e-08
0.232	2.15444e-08
0.2321	2.82835e-08
0.2322	2.68537e-08
0.2323	3.36354e-08
0.2324	4.43419e-08
0.2325	4.8896e-08
0.2326	4.75268e-08
0.2327	4.71775e-08
0.2328	3.12454e-08
0.2329	3.81972e-08
0.233	2.59794e-08
0.2331	2.31178e-08
0.2332	3.34523e-08
0.2333	3.78525e-08
0.2334	3.25026e-08
0.2335	3.15837e-08
0.2336	3.18495e-08
0.2337	3.79855e-08
0.2338	2.92252e-08
0.2339	3.38651e-08
0.234	2.27076e-08
0.2341	2.7217e-08
0.2342	2.33095e-08
0.2343	2.43624e-08
0.2344	2.95668e-08
0.2345	3.25401e-08
0.2346	3.45288e-08
0.2347	3.40898e-08
0.2348	3.63291e-08
0.2349	3.02276e-08
0.235	3.35003e-08
0.2351	3.7916e-08
0.2352	3.96596e-08
0.2353	4.15263e-08
0.2354	4.19083e-08
0.2355	4.00464e-08
0.2356	3.32404e-08
0.2357	2.82993e-08
0.2358	4.11733e-08
0.2359	3.07638e-08
0.236	3.38826e-08
0.2361	2.86599e-08
0.2362	3.41984e-08
0.2363	3.64088e-08
0.2364	3.41652e-08
0.2365	2.78052e-08
0.2366	3.99545e-08
0.2367	3.70991e-08
0.2368	2.41889e-08
0.2369	3.38573e-08
0.237	3.22633e-08
0.2371	3.42352e-08
0.2372	3.60681e-08
0.2373	2.25913e-08
0.2374	2.72076e-08
0.2375	3.67568e-08
0.2376	2.8085e-08
0.2377	3.38551e-08
0.2378	3.26772e-08
0.2379	3.41213e-08
0.238	4.48139e-08
0.2381	3.98993e-08
0.2382	3.69381e-08
0.2383	3.62839e-08
0.2384	3.78319e-08
0.2385	3.1478e-08
0.2386	3.18682e-08
0.2387	3.26756e-08
0.2388	3.21539e-08
0.2389	3.8276e-08
0.239	2.99687e-08
0.2391	3.33542e-08
0.2392	3.15443e-08
0.2393	3.25116e-08
0.2394	3.74826e-08
0.2395	2.52049e-08
0.2396	2.5934e-08
0.2397	2.96488e-08
0.2398	3.13108e-08
0.2399	3.46854e-08
0.24	2.79411e-08
0.2401	3.03448e-08
0.2402	3.16101e-08
0.2403	4.07685e-08
0.2404	3.19126e-08
0.2405	3.37971e-08
0.2406	3.20406e-08
0.2407	3.02785e-08
0.2408	3.63743e-08
0.2409	3.14297e-08
0.241	4.11885e-08
0.2411	3.63159e-08
0.2412	2.79529e-08
0.2413	2.5426e-08
0.2414	2.71677e-08
0.2415	3.25596e-08
0.2416	3.27782e-08
0.2417	3.28277e-08
0.2418	2.30959e-08
0.2419	3.03326e-08
0.242	3.16874e-08
0.2421	3.90845e-08
0.2422	3.37388e-08
0.2423	2.94302e-08
0.2424	4.41758e-08
0.2425	2.87615e-08
0.2426	3.38321e-08
0.2427	4.27993e-08
0.2428	3.8975e-08
0.2429	4.50228e-08
0.243	3.00416e-08
0.2431	3.37566e-08
0.2432	3.70379e-08
0.2433	3.21812e-08
0.2434	3.68681e-08
0.2435	4.06924e-08
0.2436	3.81099e-08
0.2437	3.48298e-08
0.2438	3.06084e-08
0.2439	4.1713e-08
0.244	3.75689e-08
0.2441	3.70461e-08
0.2442	3.32041e-08
0.2443	3.583e-08
0.2444	2.95051e-08
0.2445	3.51651e-08
0.2446	3.38921e-08
0.2447	4.02783e-08
0.2448	2.82211e-08
0.2449	2.86275e-08
0.245	4.07191e-08
0.2451	3.2296e-08
0.2452	4.03508e-08
0.2453	3.40377e-08
0.2454	2.96005e-08
0.2455	3.19273e-08
0.2456	3.17796e-08
0.2457	4.29509e-08
0.2458	3.8713e-08
0.2459	3.9665e-08
0.246	3.38049e-08
0.2461	3.96733e-08
0.2462	2.99268e-08
0.2463	3.28737e-08
0.2464	3.49719e-08
0.2465	3.60164e-08
0.2466	4.45066e-08
0.2467	2.35259e-08
0.2468	3.31773e-08
0.2469	3.5083e-08
0.247	2.47964e-08
0.2471	3.54846e-08
0.2472	3.2792e-08
0.2473	4.43464e-08
0.2474	4.01062e-08
0.2475	4.02571e-08
0.2476	2.08506e-08
0.2477	2.90088e-08
0.2478	2.67733e-08
0.2479	3.38243e-08
0.248	2.88307e-08
0.2481	2.83723e-08
0.2482	3.22255e-08
0.2483	4.05488e-08
0.2484	4.03316e-08
0.2485	3.61401e-08
0.2486	2.74862e-08
0.2487	2.42365e-08
0.2488	3.18744e-08
0.2489	2.70155e-08
0.249	2.54916e-08
0.2491	3.26172e-08
0.2492	2.45355e-08
0.2493	2.99451e-08
0.2494	3.70328e-08
0.2495	2.68659e-08
0.2496	3.08796e-08
0.2497	2.69924e-08
0.2498	3.11431e-08
0.2499	2.96022e-08
0.25	2.92376e-08
0.2501	2.87649e-08
0.2502	2.7109e-08
0.2503	2.6984e-08
0.2504	2.95737e-08
0.2505	2.55911e-08
0.2506	3.51652e-08
0.2507	2.52887e-08
0.2508	3.08109e-08
0.2509	2.52966e-08
0.251	2.2697e-08
0.2511	3.0632e-08
0.2512	3.18474e-08
0.2513	3.77907e-08
0.2514	3.70429e-08
0.2515	4.47044e-08
0.2516	2.75041e-08
0.2517	2.76707e-08
0.2518	2.37049e-08
0.2519	2.10653e-08
0.252	2.32022e-08
0.2521	2.50016e-08
0.2522	4.19152e-08
0.2523	2.86392e-08
0.2524	2.73e-08
0.2525	3.42855e-08
0.2526	2.89534e-08
0.2527	2.45309e-08
0.2528	2.92146e-08
0.2529	3.62294e-08
0.253	4.03161e-08
0.2531	3.07562e-08
0.2532	2.3092e-08
0.2533	2.2656e-08
0.2534	2.55964e-08
0.2535	3.95403e-08
0.2536	4.19438e-08
0.2537	3.58138e-08
0.2538	3.21516e-08
0.2539	3.46794e-08
0.254	2.57748e-08
0.2541	3.90842e-08
0.2542	2.18947e-08
0.2543	2.5493e-08
0.2544	2.88328e-08
0.2545	2.49187e-08
0.2546	3.28555e-08
0.2547	3.7292e-08
0.2548	2.47488e-08
0.2549	3.15907e-08
0.255	2.87033e-08
0.2551	3.54632e-08
0.2552	4.10654e-08
0.2553	2.87541e-08
0.2554	3.22181e-08
0.2555	2.16858e-08
0.2556	2.38438e-08
0.2557	3.24248e-08
0.2558	3.3736e-08
0.2559	3.34402e-08
0.256	2.83518e-08
0.2561	4.95139e-08
0.2562	2.44682e-08
0.2563	3.40073e-08
0.2564	2.56769e-08
0.2565	2.0902e-08
0.2566	4.03425e-08
0.2567	3.08155e-08
0.2568	3.1554e-08
0.2569	2.71156e-08
0.257	2.88708e-08
0.2571	2.71054e-08
0.2572	3.00338e-08
0.2573	2.58302e-08
0.2574	2.66252e-08
0.2575	3.12994e-08
0.2576	2.37224e-08
0.2577	2.92706e-08
0.2578	3.77287e-08
0.2579	3.69637e-08
0.258	3.63551e-08
0.2581	2.52431e-08
0.2582	3.63982e-08
0.2583	4.19996e-08
0.2584	4.48362e-08
0.2585	4.24544e-08
0.2586	4.34859e-08
0.2587	3.56574e-08
0.2588	3.33219e-08
0.2589	3.62363e-08
0.259	3.45776e-08
0.2591	3.48581e-08
0.2592	3.60683e-08
0.2593	2.42201e-08
0.2594	3.4995e-08
0.2595	3.67188e-08
0.2596	3.13165e-08
0.2597	4.26922e-08
0.2598	2.57003e-08
0.2599	3.2547e-08
0.26	4.29924e-08
0.2601	2.61226e-08
0.2602	3.20141e-08
0.2603	3.27801e-08
0.2604	4.34364e-08
0.2605	3.09075e-08
0.2606	3.68858e-08
0.2607	2.3861e-08
0.2608	3.14062e-08
0.2609	2.52332e-08
0.261	2.11485e-08
0.2611	3.43467e-08
0.2612	3.98445e-08
0.2613	3.73096e-08
0.2614	3.22799e-08
0.2615	4.29612e-08
0.2616	3.08074e-08
0.2617	2.52769e-08
0.2618	3.76313e-08
0.2619	3.50152e-08
0.262	3.82763e-08
0.2621	3.20766e-08
0.2622	4.10019e-08
0.2623	2.76892e-08
0.2624	3.39557e-08
0.2625	3.46752e-08
0.2626	3.78545e-08
0.2627	2.5144e-08
0.2628	2.35204e-08
0.2629	3.2376e-08
0.263	2.82681e-08
0.2631	3.34466e-08
0.2632	2.68793e-08
0.2633	2.98782e-08
0.2634	3.17146e-08
0.2635	4.56222e-08
0.2636	4.42977e-08
0.2637	3.32017e-08
0.2638	3.25417e-08
0.2639	3.81192e-08
0.264	3.11033e-08
0.2641	4.51477e-08
0.2642	4.2811e-08
0.2643	2.78837e-08
0.2644	4.09774e-08
0.2645	3.08993e-08
0.2646	3.03635e-08
0.2647	3.78768e-08
0.2648	3.32932e-08
0.2649	3.96528e-08
0.265	2.70323e-08
0.2651	2.51733e-08
0.2652	3.02653e-08
0.2653	2.63901e-08
0.2654	2.43156e-08
0.2655	3.00496e-08
0.2656	4.08325e-08
0.2657	4.85973e-08
0.2658	3.55806e-08
0.2659	4.10404e-08
0.266	2.75227e-08
0.2661	3.70662e-08
0.2662	2.96259e-08
0.2663	3.54201e-08
0.2664	3.66471e-08
0.2665	3.5888e-08
0.2666	2.99008e-08
0.2667	3.93927e-08
0.2668	2.91269e-08
0.2669	3.66661e-08
0.267	2.6841e-08
0.2671	3.2771e-08
0.2672	2.76196e-08
0.2673	3.21091e-08
0.2674	2.90514e-08
0.2675	2.19271e-08
0.2676	2.42581e-08
0.2677	3.27119e-08
0.2678	3.52754e-08
0.2679	3.32195e-08
0.268	3.33824e-08
0.2681	3.68181e-08
0.2682	4.9734e-08
0.2683	4.47924e-08
0.2684	2.82082e-08
0.2685	2.18631e-08
0.2686	3.70263e-08
0.2687	3.29577e-08
0.2688	3.80721e-08
0.2689	3.42504e-08
0.269	2.64111e-08
0.2691	3.48888e-08
0.2692	2.96069e-08
0.2693	2.75399e-08
0.2694	3.2345e-08
0.2695	2.93057e-08
0.2696	2.9655e-08
0.2697	3.36832e-08
0.2698	2.27592e-08
0.2699	2.85704e-08
0.27	3.54956e-08
0.2701	2.9017e-08
0.2702	2.97457e-08
0.2703	4.16995e-08
0.2704	3.90488e-08
0.2705	2.48865e-08
0.2706	2.74347e-08
0.2707	2.61457e-08
0.2708	3.2537e-08
0.2709	3.86671e-08
0.271	3.83745e-08
0.2711	3.41368e-08
0.2712	2.77566e-08
0.2713	3.04403e-08
0.2714	3.54035e-08
0.2715	3.03498e-08
0.2716	3.4984e-08
0.2717	2.40852e-08
0.2718	3.47933e-08
0.2719	3.7312e-08
0.272	3.18635e-08
0.2721	2.47926e-08
0.2722	3.95151e-08
0.2723	3.35724e-08
0.2724	3.48734e-08
0.2725	4.45973e-08
0.2726	2.59874e-08
0.2727	3.96273e-08
0.2728	3.78176e-08
0.2729	2.49683e-08
0.273	2.96149e-08
0.2731	2.67891e-08
0.2732	3.99255e-08
0.2733	2.43642e-08
0.2734	2.89892e-08
0.2735	3.98016e-08
0.2736	4.04812e-08
0.2737	4.2276e-08
0.2738	3.22042e-08
0.2739	3.32492e-08
0.274	3.15144e-08
0.2741	3.3767e-08
0.2742	3.33463e-08
0.2743	2.6927e-08
0.2744	2.96985e-08
0.2745	2.97175e-08
0.2746	3.30758e-08
0.2747	3.50835e-08
0.2748	3.73784e-08
0.2749	4.00885e-08
0.275	3.92007e-08
0.2751	3.58335e-08
0.2752	2.78138e-08
0.2753	4.157e-08
0.2754	3.50047e-08
0.2755	3.76692e-08
0.2756	3.00175e-08
0.2757	2.62209e-08
0.2758	3.79184e-08
0.2759	4.19896e-08
0.276	2.81845e-08
0.2761	3.3449e-08
0.2762	2.86956e-08
0.2763	3.52777e-08
0.2764	3.55906e-08
0.2765	3.58019e-08
0.2766	3.21477e-08
0.2767	3.06015e-08
0.2768	2.69272e-08
0.2769	3.21957e-08
0.277	2.71853e-08
0.2771	3.27868e-08
0.2772	3.10271e-08
0.2773	3.0584e-08
0.2774	2.68482e-08
0.2775	3.4232e-08
0.2776	2.73574e-08
0.2777	4.01756e-08
0.2778	2.96581e-08
0.2779	2.8348e-08
0.278	3.62072e-08
0.2781	3.41498e-08
0.2782	3.98208e-08
0.2783	3.40157e-08
0.2784	2.96948e-08
0.2785	3.46291e-08
0.2786	3.93686e-08
0.2787	3.10615e-08
0.2788	3.51277e-08
0.2789	2.61885e-08
0.279	2.90379e-08
0.2791	3.64002e-08
0.2792	3.30104e-08
0.2793	2.8269e-08
0.2794	4.64111e-08
0.2795	3.612e-08
0.2796	5.14108e-08
0.2797	4.05717e-08
0.2798	3.46438e-08
0.2799	3.49311e-08
0.28	2.52864e-08
0.2801	2.94296e-08
0.2802	3.12986e-08
0.2803	3.36876e-08
0.2804	3.5363e-08
0.2805	4.45046e-08
0.2806	3.60484e-08
0.2807	4.1515e-08
0.2808	3.44033e-08
0.2809	3.62998e-08
0.281	3.25265e-08
0.2811	2.67757e-08
0.2812	2.82529e-08
0.2813	4.12299e-08
0.2814	4.58641e-08
0.2815	3.92699e-08
0.2816	3.63977e-08
0.2817	3.94892e-08
0.2818	3.38662e-08
0.2819	2.66399e-08
0.282	3.25948e-08
0.2821	3.08556e-08
0.2822	3.48161e-08
0.2823	3.02905e-08
0.2824	2.68461e-08
0.2825	3.19622e-08
0.2826	3.81221e-08
0.2827	3.32337e-08
0.2828	4.25382e-08
0.2829	3.80794e-08
0.283	2.47615e-08
0.2831	3.30501e-08
0.2832	2.17631e-08
0.2833	2.77055e-08
0.2834	2.03571e-08
0.2835	2.68982e-08
0.2836	2.82139e-08
0.2837	3.22582e-08
0.2838	3.23725e-08
0.2839	3.90096e-08
0.284	3.43047e-08
0.2841	3.19801e-08
0.2842	3.16786e-08
0.2843	3.4081e-08
0.2844	3.4401e-08
0.2845	3.17234e-08
0.2846	2.66324e-08
0.2847	3.46932e-08
0.2848	3.03323e-08
0.2849	3.03688e-08
0.285	3.67106e-08
0.2851	3.09443e-08
0.2852	2.51722e-08
0.2853	3.87891e-08
0.2854	2.54729e-08
0.2855	3.11207e-08
0.2856	2.8712e-08
0.2857	2.34122e-08
0.2858	3.56031e-08
0.2859	2.91507e-08
0.286	2.64919e-08
0.2861	2.31853e-08
0.2862	4.34674e-08
0.2863	2.39196e-08
0.2864	2.62383e-08
0.2865	2.48465e-08
0.2866	3.23839e-08
0.2867	2.85373e-08
0.2868	3.40502e-08
0.2869	2.89573e-08
0.287	3.75648e-08
0.2871	3.48136e-08
0.2872	4.02033e-08
0.2873	2.96584e-08
0.2874	2.09029e-08
0.2875	2.0457e-08
0.2876	2.11237e-08
0.2877	3.03896e-08
0.2878	2.75677e-08
0.2879	2.2986e-08
0.288	3.23212e-08
0.2881	4.13996e-08
0.2882	2.37428e-08
0.2883	2.27554e-08
0.2884	3.14238e-08
0.2885	3.51228e-08
0.2886	4.07751e-08
0.2887	2.64277e-08
0.2888	2.24604e-08
0.2889	3.26926e-08
0.289	2.68106e-08
0.2891	3.04142e-08
0.2892	3.85949e-08
0.2893	3.06295e-08
0.2894	3.83185e-08
0.2895	2.95327e-08
0.2896	3.34551e-08
0.2897	3.94819e-08
0.2898	2.42826e-08
0.2899	2.89867e-08
0.29	2.08768e-08
0.2901	2.74978e-08
0.2902	3.39078e-08
0.2903	3.39447e-08
0.2904	2.20062e-08
0.2905	3.30738e-08
0.2906	2.86705e-08
0.2907	3.6228e-08
0.2908	3.01771e-08
0.2909	2.96307e-08
0.291	3.02361e-08
0.2911	3.1525e-08
0.2912	3.2169e-08
0.2913	2.89381e-08
0.2914	2.92871e-08
0.2915	3.93009e-08
0.2916	3.76273e-08
0.2917	4.42322e-08
0.2918	4.0729e-08
0.2919	3.17944e-08
0.292	3.00202e-08
0.2921	2.70285e-08
0.2922	2.46018e-08
0.2923	2.85853e-08
0.2924	3.39434e-08
0.2925	3.89805e-08
0.2926	2.74275e-08
0.2927	2.29526e-08
0.2928	2.43577e-08
0.2929	2.84871e-08
0.293	3.35936e-08
0.2931	3.36166e-08
0.2932	2.95865e-08
0.2933	3.68412e-08
0.2934	3.53068e-08
0.2935	3.21671e-08
0.2936	3.08803e-08
0.2937	3.08851e-08
0.2938	3.13772e-08
0.2939	2.75171e-08
0.294	2.86283e-08
0.2941	3.25908e-08
0.2942	4.39607e-08
0.2943	3.47909e-08
0.2944	4.28531e-08
0.2945	4.23043e-08
0.2946	4.63328e-08
0.2947	3.19309e-08
0.2948	3.73839e-08
0.2949	3.30299e-08
0.295	4.15319e-08
0.2951	2.84757e-08
0.2952	3.32296e-08
0.2953	4.19646e-08
0.2954	3.46018e-08
0.2955	2.49886e-08
0.2956	2.73441e-08
0.2957	2.22316e-08
0.2958	2.46944e-08
0.2959	4.10022e-08
0.296	4.35465e-08
0.2961	3.2578e-08
0.2962	3.58688e-08
0.2963	2.55615e-08
0.2964	2.01308e-08
0.2965	2.7727e-08
0.2966	3.2398e-08
0.2967	3.53641e-08
0.2968	2.96699e-08
0.2969	2.99088e-08
0.297	4.5215e-08
0.2971	3.86085e-08
0.2972	3.13385e-08
0.2973	2.92907e-08
0.2974	3.6945e-08
0.2975	3.34732e-08
0.2976	4.80731e-08
0.2977	2.48856e-08
0.2978	3.59041e-08
0.2979	2.86769e-08
0.298	3.32336e-08
0.2981	3.31979e-08
0.2982	3.99364e-08
0.2983	2.84131e-08
0.2984	1.94464e-08
0.2985	2.1238e-08
0.2986	2.91794e-08
0.2987	2.66997e-08
0.2988	3.19472e-08
0.2989	3.06574e-08
0.299	3.80928e-08
0.2991	4.22436e-08
0.2992	3.50373e-08
0.2993	4.38455e-08
0.2994	2.67921e-08
0.2995	3.68229e-08
0.2996	2.64567e-08
0.2997	4.4305e-08
0.2998	4.86124e-08
0.2999	2.9764e-08
0.3	2.33824e-08
0.3001	2.9641e-08
0.3002	3.5585e-08
0.3003	3.48988e-08
0.3004	2.98336e-08
0.3005	2.11214e-08
0.3006	2.48699e-08
0.3007	3.02021e-08
0.3008	2.94535e-08
0.3009	2.60775e-08
0.301	2.40704e-08
0.3011	2.87099e-08
0.3012	3.8665e-08
0.3013	4.06689e-08
0.3014	4.32014e-08
0.3015	3.19266e-08
0.3016	3.37456e-08
0.3017	4.51371e-08
0.3018	3.18254e-08
0.3019	3.55396e-08
0.302	3.45811e-08
0.3021	2.88507e-08
0.3022	4.552e-08
0.3023	2.85562e-08
0.3024	3.45998e-08
0.3025	3.30503e-08
0.3026	2.15562e-08
0.3027	2.66259e-08
0.3028	2.38651e-08
0.3029	2.93801e-08
0.303	2.9508e-08
0.3031	2.02543e-08
0.3032	1.96422e-08
0.3033	3.31213e-08
0.3034	3.32163e-08
0.3035	3.31162e-08
0.3036	2.9176e-08
0.3037	3.03103e-08
0.3038	3.91802e-08
0.3039	4.99941e-08
0.304	2.86577e-08
0.3041	2.91498e-08
0.3042	4.2445e-08
0.3043	3.68615e-08
0.3044	3.03733e-08
0.3045	3.42761e-08
0.3046	3.53527e-08
0.3047	2.49081e-08
0.3048	2.72281e-08
0.3049	2.14721e-08
0.305	3.36142e-08
0.3051	3.20688e-08
0.3052	3.09128e-08
0.3053	2.98692e-08
0.3054	2.08815e-08
0.3055	2.61494e-08
0.3056	3.12503e-08
0.3057	2.78677e-08
0.3058	3.02614e-08
0.3059	3.50857e-08
0.306	4.32941e-08
0.3061	2.64715e-08
0.3062	2.26551e-08
0.3063	3.7941e-08
0.3064	4.01838e-08
0.3065	3.49823e-08
0.3066	2.87621e-08
0.3067	3.37604e-08
0.3068	4.31747e-08
0.3069	3.54108e-08
0.307	2.47105e-08
0.3071	3.12279e-08
0.3072	3.54575e-08
0.3073	3.2423e-08
0.3074	2.46523e-08
0.3075	3.27504e-08
0.3076	3.78401e-08
0.3077	3.98917e-08
0.3078	3.53645e-08
0.3079	3.12814e-08
0.308	3.68291e-08
0.3081	3.29972e-08
0.3082	4.40684e-08
0.3083	2.22567e-08
0.3084	4.2113e-08
0.3085	3.34983e-08
0.3086	2.95543e-08
0.3087	2.73356e-08
0.3088	3.42853e-08
0.3089	3.07411e-08
0.309	3.67077e-08
0.3091	2.76915e-08
0.3092	3.58586e-08
0.3093	3.66106e-08
0.3094	3.46883e-08
0.3095	3.15559e-08
0.3096	3.54489e-08
0.3097	3.18243e-08
0.3098	3.3878e-08
0.3099	2.55588e-08
0.31	2.68748e-08
0.3101	2.41333e-08
0.3102	3.07951e-08
0.3103	4.76599e-08
0.3104	3.0309e-08
0.3105	3.85419e-08
0.3106	3.64233e-08
0.3107	2.9822e-08
0.3108	3.43234e-08
0.3109	4.32406e-08
0.311	3.0836e-08
0.3111	3.28032e-08
0.3112	3.22576e-08
0.3113	3.69866e-08
0.3114	3.47624e-08
0.3115	3.35277e-08
0.3116	3.20361e-08
0.3117	3.4841e-08
0.3118	3.31776e-08
0.3119	3.50215e-08
0.312	3.73417e-08
0.3121	3.47697e-08
0.3122	3.37263e-08
0.3123	3.25062e-08
0.3124	3.43181e-08
0.3125	3.15852e-08
0.3126	2.77593e-08
0.3127	3.10014e-08
0.3128	4.03174e-08
0.3129	3.61289e-08
0.313	3.31096e-08
0.3131	3.17729e-08
0.3132	3.68734e-08
0.3133	3.46202e-08
0.3134	3.60211e-08
0.3135	3.62971e-08
0.3136	3.79332e-08
0.3137	4.10015e-08
0.3138	3.18711e-08
0.3139	3.75071e-08
0.314	2.78855e-08
0.3141	3.11428e-08
0.3142	4.58169e-08
0.3143	3.86519e-08
0.3144	4.44183e-08
0.3145	2.75297e-08
0.3146	2.57875e-08
0.3147	2.66621e-08
0.3148	3.18518e-08
0.3149	4.40909e-08
0.315	3.78503e-08
0.3151	4.69911e-08
0.3152	3.45244e-08
0.3153	3.7984e-08
0.3154	4.87669e-08
0.3155	3.67765e-08
0.3156	2.57159e-08
0.3157	2.9846e-08
0.3158	2.44955e-08
0.3159	3.29482e-08
0.316	3.54243e-08
0.3161	3.12562e-08
0.3162	3.11668e-08
0.3163	2.69535e-08
0.3164	2.95068e-08
0.3165	3.3965e-08
0.3166	3.13122e-08
0.3167	2.30973e-08
0.3168	2.93151e-08
0.3169	3.54374e-08
0.317	4.63957e-08
0.3171	4.53735e-08
0.3172	3.71499e-08
0.3173	3.85954e-08
0.3174	4.3369e-08
0.3175	3.71436e-08
0.3176	3.68581e-08
0.3177	2.82294e-08
0.3178	3.13596e-08
0.3179	3.88005e-08
0.318	3.33175e-08
0.3181	3.67962e-08
0.3182	3.60728e-08
0.3183	4.09603e-08
0.3184	3.98489e-08
0.3185	3.04065e-08
0.3186	3.38509e-08
0.3187	2.39098e-08
0.3188	3.01889e-08
0.3189	3.37031e-08
0.319	2.41939e-08
0.3191	2.51174e-08
0.3192	2.93151e-08
0.3193	2.65873e-08
0.3194	3.31731e-08
0.3195	3.76875e-08
0.3196	3.31444e-08
0.3197	3.9393e-08
0.3198	3.37334e-08
0.3199	3.5105e-08
0.32	2.44302e-08
0.3201	3.29551e-08
0.3202	3.13661e-08
0.3203	2.5615e-08
0.3204	3.38087e-08
0.3205	2.69515e-08
0.3206	2.86081e-08
0.3207	3.87699e-08
0.3208	2.71457e-08
0.3209	3.2428e-08
0.321	2.96326e-08
0.3211	3.08786e-08
0.3212	2.82535e-08
0.3213	2.17972e-08
0.3214	2.60521e-08
0.3215	3.57167e-08
0.3216	3.63485e-08
0.3217	2.80804e-08
0.3218	2.72751e-08
0.3219	3.6042e-08
0.322	2.57496e-08
0.3221	3.39892e-08
0.3222	2.16357e-08
0.3223	2.83701e-08
0.3224	2.56943e-08
0.3225	3.63544e-08
0.3226	2.89216e-08
0.3227	3.65827e-08
0.3228	4.16504e-08
0.3229	2.98932e-08
0.323	2.1917e-08
0.3231	2.14936e-08
0.3232	2.39478e-08
0.3233	2.93156e-08
0.3234	2.55918e-08
0.3235	2.2418e-08
0.3236	2.36114e-08
0.3237	3.07793e-08
0.3238	3.63925e-08
0.3239	2.56776e-08
0.324	3.11515e-08
0.3241	3.78241e-08
0.3242	4.55241e-08
0.3243	3.94671e-08
0.3244	3.24136e-08
0.3245	2.06011e-08
0.3246	2.97987e-08
0.3247	2.49732e-08
0.3248	2.54412e-08
0.3249	4.30878e-08
0.325	2.65044e-08
0.3251	3.56443e-08
0.3252	3.46135e-08
0.3253	2.21284e-08
0.3254	3.85781e-08
0.3255	3.8739e-08
0.3256	2.74154e-08
0.3257	2.55467e-08
0.3258	2.32441e-08
0.3259	3.38072e-08
0.326	3.36461e-08
0.3261	2.1031e-08
0.3262	2.86558e-08
0.3263	2.90263e-08
0.3264	4.61632e-08
0.3265	2.96493e-08
0.3266	3.61155e-08
0.3267	3.68075e-08
0.3268	2.42717e-08
0.3269	2.21176e-08
0.327	3.59294e-08
0.3271	2.68788e-08
0.3272	2.54807e-08
0.3273	3.79872e-08
0.3274	3.91718e-08
0.3275	3.31702e-08
0.3276	3.72398e-08
0.3277	2.81458e-08
0.3278	2.89329e-08
0.3279	3.55223e-08
0.328	3.35408e-08
0.3281	3.74757e-08
0.3282	2.7731e-08
0.3283	2.49887e-08
0.3284	2.50014e-08
0.3285	2.98715e-08
0.3286	3.60113e-08
0.3287	3.8282e-08
0.3288	3.40438e-08
0.3289	3.05115e-08
0.329	3.1283e-08
0.3291	3.68358e-08
0.3292	2.84907e-08
0.3293	3.5681e-08
0.3294	2.75313e-08
0.3295	3.31347e-08
0.3296	2.64895e-08
0.3297	3.35437e-08
0.3298	3.73071e-08
0.3299	3.11392e-08
0.33	3.10576e-08
0.3301	4.06716e-08
0.3302	4.14269e-08
0.3303	3.97778e-08
0.3304	2.92957e-08
0.3305	4.09202e-08
0.3306	3.75923e-08
0.3307	2.73994e-08
0.3308	2.97407e-08
0.3309	2.91557e-08
0.331	4.17887e-08
0.3311	2.96232e-08
0.3312	3.12523e-08
0.3313	2.74998e-08
0.3314	2.8352e-08
0.3315	2.84068e-08
0.3316	3.98754e-08
0.3317	3.18789e-08
0.3318	3.31377e-08
0.3319	2.67203e-08
0.332	2.28643e-08
0.3321	3.23751e-08
0.3322	2.51629e-08
0.3323	3.01807e-08
0.3324	3.74596e-08
0.3325	3.53385e-08
0.3326	3.79316e-08
0.3327	3.4326e-08
0.3328	3.31516e-08
0.3329	2.41944e-08
0.333	3.97286e-08
0.3331	3.54797e-08
0.3332	4.32995e-08
0.3333	2.92063e-08
0.3334	3.14239e-08
0.3335	3.19789e-08
0.3336	3.42264e-08
0.3337	3.13093e-08
0.3338	4.14113e-08
0.3339	3.48739e-08
0.334	2.39451e-08
0.3341	2.06482e-08
0.3342	3.19072e-08
0.3343	2.5935e-08
0.3344	3.47224e-08
0.3345	3.15815e-08
0.3346	3.04365e-08
0.3347	3.0433e-08
0.3348	4.63696e-08
0.3349	2.70301e-08
0.335	3.59891e-08
0.3351	3.50079e-08
0.3352	3.97785e-08
0.3353	3.74812e-08
0.3354	3.68444e-08
0.3355	4.29652e-08
0.3356	2.40729e-08
0.3357	2.42424e-08
0.3358	3.45179e-08
0.3359	3.246e-08
0.336	3.27762e-08
0.3361	2.23243e-08
0.3362	2.20101e-08
0.3363	2.23026e-08
0.3364	2.65422e-08
0.3365	3.16564e-08
0.3366	2.28843e-08
0.3367	2.37838e-08
0.3368	4.08203e-08
0.3369	3.95043e-08
0.337	3.30882e-08
0.3371	3.20278e-08
0.3372	4.32026e-08
0.3373	3.51229e-08
0.3374	3.61404e-08
0.3375	3.96521e-08
0.3376	3.45644e-08
0.3377	2.67176e-08
0.3378	3.37559e-08
0.3379	4.25845e-08
0.338	4.26253e-08
0.3381	2.6624e-08
0.3382	2.86513e-08
0.3383	2.5281e-08
0.3384	2.66659e-08
0.3385	2.6641e-08
0.3386	4.08289e-08
0.3387	2.8078e-08
0.3388	1.90743e-08
0.3389	1.92192e-08
0.339	2.87456e-08
0.3391	3.59613e-08
0.3392	3.78952e-08
0.3393	2.95495e-08
0.3394	3.31065e-08
0.3395	3.77227e-08
0.3396	4.45955e-08
0.3397	3.91879e-08
0.3398	2.99871e-08
0.3399	3.04305e-08
0.34	3.56798e-08
0.3401	3.56755e-08
0.3402	3.16189e-08
0.3403	2.60832e-08
0.3404	2.21918e-08
0.3405	3.05083e-08
0.3406	2.65685e-08
0.3407	3.18958e-08
0.3408	2.3934e-08
0.3409	2.54509e-08
0.341	3.06218e-08
0.3411	2.61162e-08
0.3412	2.93281e-08
0.3413	3.37887e-08
0.3414	2.85319e-08
0.3415	3.64668e-08
0.3416	2.7985e-08
0.3417	4.30177e-08
0.3418	2.7225e-08
0.3419	2.79497e-08
0.342	3.25132e-08
0.3421	3.61405e-08
0.3422	3.9258e-08
0.3423	3.67376e-08
0.3424	3.64729e-08
0.3425	3.58517e-08
0.3426	2.06479e-08
0.3427	2.68907e-08
0.3428	2.82472e-08
0.3429	2.91569e-08
0.343	2.88638e-08
0.3431	2.92e-08
0.3432	3.2643e-08
0.3433	2.89863e-08
0.3434	3.09977e-08
0.3435	3.70499e-08
0.3436	2.78742e-08
0.3437	3.79017e-08
0.3438	3.73809e-08
0.3439	2.57687e-08
0.344	3.10534e-08
0.3441	3.59682e-08
0.3442	3.33136e-08
0.3443	3.85482e-08
0.3444	3.79071e-08
0.3445	3.31057e-08
0.3446	2.97773e-08
0.3447	3.57898e-08
0.3448	2.48903e-08
0.3449	2.72325e-08
0.345	3.31621e-08
0.3451	4.04525e-08
0.3452	2.42016e-08
0.3453	3.00003e-08
0.3454	3.53958e-08
0.3455	4.22086e-08
0.3456	2.81902e-08
0.3457	2.39363e-08
0.3458	2.89977e-08
0.3459	2.58771e-08
0.346	4.45248e-08
0.3461	3.6817e-08
0.3462	3.38027e-08
0.3463	3.59984e-08
0.3464	3.50337e-08
0.3465	3.89907e-08
0.3466	3.66208e-08
0.3467	2.82024e-08
0.3468	2.92897e-08
0.3469	2.87767e-08
0.347	3.44335e-08
0.3471	3.01271e-08
0.3472	4.0159e-08
0.3473	2.87523e-08
0.3474	3.24985e-08
0.3475	2.30509e-08
0.3476	3.71059e-08
0.3477	3.50823e-08
0.3478	3.17035e-08
0.3479	2.2552e-08
0.348	3.73222e-08
0.3481	2.47507e-08
0.3482	2.80207e-08
0.3483	3.17545e-08
0.3484	3.70324e-08
0.3485	3.06258e-08
0.3486	3.57342e-08
0.3487	2.88401e-08
0.3488	3.23958e-08
0.3489	3.48453e-08
0.349	2.82466e-08
0.3491	3.24531e-08
0.3492	3.33917e-08
0.3493	3.08656e-08
0.3494	3.81937e-08
0.3495	3.04915e-08
0.3496	3.38615e-08
0.3497	3.14307e-08
0.3498	3.50237e-08
0.3499	4.47792e-08
0.35	2.85381e-08
0.3501	3.58642e-08
0.3502	2.82198e-08
0.3503	2.1886e-08
0.3504	2.88933e-08
0.3505	3.45443e-08
0.3506	4.8827e-08
0.3507	4.19693e-08
0.3508	3.6008e-08
0.3509	4.23355e-08
0.351	2.91658e-08
0.3511	3.9759e-08
0.3512	3.08002e-08
0.3513	3.13292e-08
0.3514	2.7589e-08
0.3515	3.84342e-08
0.3516	3.20349e-08
0.3517	3.24752e-08
0.3518	3.01376e-08
0.3519	3.34854e-08
0.352	3.33956e-08
0.3521	3.29434e-08
0.3522	2.68285e-08
0.3523	3.68313e-08
0.3524	2.5502e-08
0.3525	2.30145e-08
0.3526	3.43867e-08
0.3527	3.51023e-08
0.3528	4.27325e-08
0.3529	3.91092e-08
0.353	3.9172e-08
0.3531	3.61147e-08
0.3532	3.30943e-08
0.3533	3.79309e-08
0.3534	3.33501e-08
0.3535	2.62972e-08
0.3536	4.13204e-08
0.3537	2.88233e-08
0.3538	4.42801e-08
0.3539	3.10063e-08
0.354	4.06528e-08
0.3541	3.80134e-08
0.3542	4.33268e-08
0.3543	2.52654e-08
0.3544	3.14634e-08
0.3545	3.09338e-08
0.3546	3.32988e-08
0.3547	2.36623e-08
0.3548	2.22178e-08
0.3549	3.13822e-08
0.355	3.59446e-08
0.3551	3.56424e-08
0.3552	3.25769e-08
0.3553	4.121e-08
0.3554	3.47812e-08
0.3555	4.21533e-08
0.3556	2.71541e-08
0.3557	3.10946e-08
0.3558	2.78444e-08
0.3559	3.49123e-08
0.356	3.35889e-08
0.3561	2.62186e-08
0.3562	2.94834e-08
0.3563	2.91633e-08
0.3564	3.1903e-08
0.3565	2.134e-08
0.3566	2.99132e-08
0.3567	2.98982e-08
0.3568	3.17747e-08
0.3569	2.95603e-08
0.357	2.14176e-08
0.3571	2.73131e-08
0.3572	3.24289e-08
0.3573	3.37687e-08
0.3574	3.37477e-08
0.3575	3.11333e-08
0.3576	3.7175e-08
0.3577	3.52109e-08
0.3578	3.05511e-08
0.3579	2.38649e-08
0.358	3.36367e-08
0.3581	2.2267e-08
0.3582	3.87723e-08
0.3583	3.50178e-08
0.3584	3.25065e-08
0.3585	3.42195e-08
0.3586	2.88223e-08
0.3587	2.15682e-08
0.3588	2.21472e-08
0.3589	2.13522e-08
0.359	3.27232e-08
0.3591	3.28407e-08
0.3592	1.89601e-08
0.3593	2.40565e-08
0.3594	3.00223e-08
0.3595	3.53517e-08
0.3596	3.11162e-08
0.3597	3.18663e-08
0.3598	4.21088e-08
0.3599	4.25337e-08
0.36	4.41596e-08
0.3601	2.10998e-08
0.3602	2.59588e-08
0.3603	3.28911e-08
0.3604	2.67762e-08
0.3605	3.55032e-08
0.3606	3.70175e-08
0.3607	2.33678e-08
0.3608	3.35113e-08
0.3609	2.77864e-08
0.361	3.24131e-08
0.3611	3.49326e-08
0.3612	3.55122e-08
0.3613	2.91888e-08
0.3614	2.44557e-08
0.3615	2.5025e-08
0.3616	2.61598e-08
0.3617	3.3736e-08
0.3618	2.80386e-08
0.3619	2.82761e-08
0.362	3.47068e-08
0.3621	3.94559e-08
0.3622	4.21707e-08
0.3623	2.3116e-08
0.3624	2.806e-08
0.3625	3.51829e-08
0.3626	3.52301e-08
0.3627	3.12027e-08
0.3628	2.41513e-08
0.3629	2.5731e-08
0.363	3.70683e-08
0.3631	3.9146e-08
0.3632	4.13112e-08
0.3633	2.66063e-08
0.3634	2.82085e-08
0.3635	2.87679e-08
0.3636	3.03799e-08
0.3637	3.50533e-08
0.3638	4.33518e-08
0.3639	2.66865e-08
0.364	3.10185e-08
0.3641	1.77689e-08
0.3642	3.17617e-08
0.3643	3.18151e-08
0.3644	4.13527e-08
0.3645	2.68578e-08
0.3646	3.31888e-08
0.3647	2.83647e-08
0.3648	3.22907e-08
0.3649	3.43521e-08
0.365	3.78052e-08
0.3651	2.48458e-08
0.3652	2.81211e-08
0.3653	2.66225e-08
0.3654	2.95729e-08
0.3655	3.57939e-08
0.3656	3.49557e-08
0.3657	3.81405e-08
0.3658	3.78504e-08
0.3659	4.28855e-08
0.366	4.25155e-08
0.3661	2.98522e-08
0.3662	2.98233e-08
0.3663	3.55711e-08
0.3664	2.90939e-08
0.3665	3.82383e-08
0.3666	3.46129e-08
0.3667	3.90547e-08
0.3668	2.84361e-08
0.3669	2.79673e-08
0.367	2.90796e-08
0.3671	2.20172e-08
0.3672	3.54693e-08
0.3673	3.31182e-08
0.3674	2.92401e-08
0.3675	2.399e-08
0.3676	2.44261e-08
0.3677	2.2471e-08
0.3678	2.93448e-08
0.3679	3.13622e-08
0.368	3.5698e-08
0.3681	3.52258e-08
0.3682	3.62607e-08
0.3683	4.23373e-08
0.3684	4.27615e-08
0.3685	3.02982e-08
0.3686	2.75064e-08
0.3687	3.45229e-08
0.3688	4.05571e-08
0.3689	4.46266e-08
0.369	2.16894e-08
0.3691	2.72921e-08
0.3692	3.77004e-08
0.3693	2.93879e-08
0.3694	3.84106e-08
0.3695	3.8106e-08
0.3696	3.11317e-08
0.3697	2.55012e-08
0.3698	1.98216e-08
0.3699	2.17112e-08
0.37	3.14721e-08
0.3701	4.08675e-08
0.3702	4.62146e-08
0.3703	3.10659e-08
0.3704	3.17427e-08
0.3705	3.52712e-08
0.3706	2.75994e-08
0.3707	4.52602e-08
0.3708	3.65989e-08
0.3709	4.46743e-08
0.371	3.30412e-08
0.3711	4.23891e-08
0.3712	3.45205e-08
0.3713	2.45436e-08
0.3714	2.98675e-08
0.3715	4.19838e-08
0.3716	3.10665e-08
0.3717	3.22054e-08
0.3718	2.17907e-08
0.3719	2.29574e-08
0.372	2.61338e-08
0.3721	3.13868e-08
0.3722	3.06548e-08
0.3723	2.31038e-08
0.3724	2.50303e-08
0.3725	3.03841e-08
0.3726	4.58705e-08
0.3727	3.10144e-08
0.3728	3.60422e-08
0.3729	3.11439e-08
0.373	4.91069e-08
0.3731	3.47571e-08
0.3732	3.77394e-08
0.3733	3.37535e-08
0.3734	3.75569e-08
0.3735	3.60737e-08
0.3736	3.67804e-08
0.3737	2.52025e-08
0.3738	3.7547e-08
0.3739	2.68467e-08
0.374	2.29626e-08
0.3741	3.05469e-08
0.3742	2.85679e-08
0.3743	3.27303e-08
0.3744	2.82191e-08
0.3745	2.09338e-08
0.3746	3.16664e-08
0.3747	3.03354e-08
0.3748	2.92589e-08
0.3749	3.69969e-08
0.375	3.0696e-08
0.3751	3.7377e-08
0.3752	5.18638e-08
0.3753	4.93498e-08
0.3754	3.05135e-08
0.3755	3.54865e-08
0.3756	4.06929e-08
0.3757	3.98486e-08
0.3758	2.90983e-08
0.3759	3.16334e-08
0.376	2.82103e-08
0.3761	2.18747e-08
0.3762	3.15241e-08
0.3763	3.36724e-08
0.3764	3.08737e-08
0.3765	2.09335e-08
0.3766	2.87386e-08
0.3767	3.86005e-08
0.3768	2.55239e-08
0.3769	1.91538e-08
0.377	3.55614e-08
0.3771	2.49334e-08
0.3772	3.94802e-08
0.3773	2.63899e-08
0.3774	4.40988e-08
0.3775	3.6024e-08
0.3776	4.25666e-08
0.3777	3.09318e-08
0.3778	3.24738e-08
0.3779	3.8591e-08
0.378	3.68966e-08
0.3781	3.49611e-08
0.3782	2.70276e-08
0.3783	2.81255e-08
0.3784	3.22098e-08
0.3785	2.93587e-08
0.3786	3.5092e-08
0.3787	2.92564e-08
0.3788	2.86844e-08
0.3789	3.97724e-08
0.379	3.32264e-08
0.3791	3.79423e-08
0.3792	3.2383e-08
0.3793	3.29561e-08
0.3794	4.09676e-08
0.3795	3.66668e-08
0.3796	2.23962e-08
0.3797	3.42346e-08
0.3798	2.98448e-08
0.3799	4.0532e-08
0.38	2.77953e-08
0.3801	3.91265e-08
0.3802	2.87389e-08
0.3803	2.79872e-08
0.3804	3.25526e-08
0.3805	3.12813e-08
0.3806	3.40213e-08
0.3807	3.85403e-08
0.3808	3.89026e-08
0.3809	2.97441e-08
0.381	3.53766e-08
0.3811	3.63639e-08
0.3812	3.52077e-08
0.3813	3.35658e-08
0.3814	2.15856e-08
0.3815	2.74849e-08
0.3816	2.73339e-08
0.3817	4.02549e-08
0.3818	4.13459e-08
0.3819	2.75652e-08
0.382	3.49035e-08
0.3821	3.2109e-08
0.3822	3.85074e-08
0.3823	4.79941e-08
0.3824	2.16549e-08
0.3825	3.44264e-08
0.3826	3.80846e-08
0.3827	3.14176e-08
0.3828	3.14899e-08
0.3829	4.03646e-08
0.383	3.02258e-08
0.3831	3.2135e-08
0.3832	2.57155e-08
0.3833	3.60411e-08
0.3834	3.34659e-08
0.3835	3.05315e-08
0.3836	2.40762e-08
0.3837	3.05695e-08
0.3838	2.74457e-08
0.3839	2.97029e-08
0.384	2.66247e-08
0.3841	3.14388e-08
0.3842	3.42347e-08
0.3843	4.04166e-08
0.3844	2.42378e-08
0.3845	4.1562e-08
0.3846	2.36945e-08
0.3847	2.55169e-08
0.3848	3.05472e-08
0.3849	3.48869e-08
0.385	4.0286e-08
0.3851	3.8128e-08
0.3852	3.72741e-08
0.3853	3.89884e-08
0.3854	3.15719e-08
0.3855	3.51809e-08
0.3856	4.53333e-08
0.3857	2.76544e-08
0.3858	3.4246e-08
0.3859	3.16747e-08
0.386	2.59875e-08
0.3861	2.73735e-08
0.3862	3.6585e-08
0.3863	4.69643e-08
0.3864	3.63008e-08
0.3865	4.26973e-08
0.3866	3.97979e-08
0.3867	3.57994e-08
0.3868	4.50455e-08
0.3869	2.74426e-08
0.387	3.45172e-08
0.3871	2.60815e-08
0.3872	3.76022e-08
0.3873	3.42604e-08
0.3874	4.01772e-08
0.3875	2.37728e-08
0.3876	3.57377e-08
0.3877	3.71307e-08
0.3878	3.55766e-08
0.3879	2.88873e-08
0.388	3.56255e-08
0.3881	2.28825e-08
0.3882	2.78493e-08
0.3883	3.73776e-08
0.3884	3.9933e-08
0.3885	4.59411e-08
0.3886	3.92662e-08
0.3887	3.83603e-08
0.3888	5.15165e-08
0.3889	3.95251e-08
0.389	3.06381e-08
0.3891	3.21305e-08
0.3892	2.40126e-08
0.3893	4.0792e-08
0.3894	4.15493e-08
0.3895	3.30907e-08
0.3896	3.22235e-08
0.3897	3.87981e-08
0.3898	3.70946e-08
0.3899	4.0369e-08
0.39	2.53989e-08
0.3901	2.74143e-08
0.3902	2.89256e-08
0.3903	3.31167e-08
0.3904	2.24399e-08
0.3905	2.33462e-08
0.3906	3.21244e-08
0.3907	3.46257e-08
0.3908	3.19261e-08
0.3909	3.06677e-08
0.391	3.48885e-08
0.3911	4.12308e-08
0.3912	3.94308e-08
0.3913	2.8258e-08
0.3914	3.11848e-08
0.3915	3.04153e-08
0.3916	2.76356e-08
0.3917	2.66037e-08
0.3918	3.21487e-08
0.3919	2.84313e-08
0.392	2.64739e-08
0.3921	3.41631e-08
0.3922	3.19217e-08
0.3923	2.87259e-08
0.3924	3.03973e-08
0.3925	3.48407e-08
0.3926	3.15075e-08
0.3927	2.71581e-08
0.3928	3.65883e-08
0.3929	2.34848e-08
0.393	3.42138e-08
0.3931	3.31797e-08
0.3932	3.03915e-08
0.3933	2.97975e-08
0.3934	3.1273e-08
0.3935	2.84364e-08
0.3936	2.70841e-08
0.3937	2.9206e-08
0.3938	3.22244e-08
0.3939	3.35807e-08
0.394	3.38276e-08
0.3941	2.85528e-08
0.3942	3.62249e-08
0.3943	2.87115e-08
0.3944	2.29383e-08
0.3945	2.26138e-08
0.3946	3.06239e-08
0.3947	2.61272e-08
0.3948	2.75889e-08
0.3949	2.02387e-08
0.395	2.93668e-08
0.3951	2.87401e-08
0.3952	2.55925e-08
0.3953	2.29944e-08
0.3954	2.94524e-08
0.3955	4.09058e-08
0.3956	3.20064e-08
0.3957	3.87605e-08
0.3958	2.37177e-08
0.3959	2.69431e-08
0.396	3.04948e-08
0.3961	3.11767e-08
0.3962	3.09575e-08
0.3963	3.14336e-08
0.3964	3.40384e-08
0.3965	3.22572e-08
0.3966	3.09969e-08
0.3967	2.52385e-08
0.3968	3.747e-08
0.3969	2.46406e-08
0.397	1.98351e-08
0.3971	3.05298e-08
0.3972	2.9183e-08
0.3973	2.6796e-08
0.3974	2.89127e-08
0.3975	2.90658e-08
0.3976	3.09068e-08
0.3977	3.51205e-08
0.3978	3.52681e-08
0.3979	2.84287e-08
0.398	2.59935e-08
0.3981	2.77453e-08
0.3982	3.43188e-08
0.3983	3.58647e-08
0.3984	2.51725e-08
0.3985	2.80914e-08
0.3986	2.88639e-08
0.3987	4.10715e-08
0.3988	3.03224e-08
0.3989	3.57518e-08
0.399	3.25755e-08
0.3991	3.09168e-08
0.3992	2.06921e-08
0.3993	3.27982e-08
0.3994	2.90728e-08
0.3995	3.5876e-08
0.3996	2.99478e-08
0.3997	3.04981e-08
0.3998	2.37733e-08
0.3999	3.16912e-08
0.4	4.40426e-08
0.4001	4.25608e-08
0.4002	2.91351e-08
0.4003	3.38051e-08
0.4004	4.0018e-08
0.4005	3.13873e-08
0.4006	3.83446e-08
0.4007	3.19562e-08
0.4008	3.13574e-08
0.4009	2.97948e-08
0.401	2.79649e-08
0.4011	2.48879e-08
0.4012	4.37673e-08
0.4013	4.0467e-08
0.4014	3.31727e-08
0.4015	4.35897e-08
0.4016	3.59974e-08
0.4017	3.31476e-08
0.4018	2.72303e-08
0.4019	3.03538e-08
0.402	4.25632e-08
0.4021	2.97258e-08
0.4022	3.01391e-08
0.4023	3.75411e-08
0.4024	2.89068e-08
0.4025	3.53081e-08
0.4026	3.22506e-08
0.4027	2.78472e-08
0.4028	2.56861e-08
0.4029	2.8869e-08
0.403	3.46223e-08
0.4031	3.13404e-08
0.4032	2.8087e-08
0.4033	2.61646e-08
0.4034	1.94456e-08
0.4035	3.24954e-08
0.4036	3.06134e-08
0.4037	3.75164e-08
0.4038	2.51397e-08
0.4039	3.70064e-08
0.404	4.8094e-08
0.4041	3.68702e-08
0.4042	3.65322e-08
0.4043	3.28007e-08
0.4044	3.88492e-08
0.4045	4.11693e-08
0.4046	4.30157e-08
0.4047	2.65483e-08
0.4048	3.44591e-08
0.4049	2.75929e-08
0.405	2.66858e-08
0.4051	2.93465e-08
0.4052	3.59526e-08
0.4053	3.54847e-08
0.4054	1.97034e-08
0.4055	2.04476e-08
0.4056	2.44314e-08
0.4057	3.57074e-08
0.4058	3.66042e-08
0.4059	2.53665e-08
0.406	3.38087e-08
0.4061	2.92621e-08
0.4062	4.11178e-08
0.4063	3.34492e-08
0.4064	3.73593e-08
0.4065	3.39983e-08
0.4066	4.78474e-08
0.4067	3.26409e-08
0.4068	4.07665e-08
0.4069	3.81311e-08
0.407	2.26598e-08
0.4071	3.72966e-08
0.4072	3.21203e-08
0.4073	2.98899e-08
0.4074	2.52971e-08
0.4075	2.1723e-08
0.4076	2.56779e-08
0.4077	2.90635e-08
0.4078	2.58323e-08
0.4079	3.20192e-08
0.408	2.27131e-08
0.4081	2.08269e-08
0.4082	3.4663e-08
0.4083	3.76318e-08
0.4084	2.95079e-08
0.4085	3.51613e-08
0.4086	5.12372e-08
0.4087	2.99313e-08
0.4088	3.43468e-08
0.4089	2.78939e-08
0.409	3.25496e-08
0.4091	3.23707e-08
0.4092	3.91232e-08
0.4093	2.89378e-08
0.4094	2.70572e-08
0.4095	2.83199e-08
0.4096	2.65244e-08
0.4097	2.31185e-08
0.4098	2.76688e-08
0.4099	2.58982e-08
0.41	2.47735e-08
0.4101	2.05366e-08
0.4102	2.07023e-08
0.4103	2.56188e-08
0.4104	3.66781e-08
0.4105	3.19784e-08
0.4106	3.75641e-08
0.4107	3.13586e-08
0.4108	4.08333e-08
0.4109	3.98601e-08
0.411	3.45764e-08
0.4111	2.99125e-08
0.4112	4.01368e-08
0.4113	3.56583e-08
0.4114	3.45858e-08
0.4115	2.81381e-08
0.4116	2.77515e-08
0.4117	2.66596e-08
0.4118	2.85102e-08
0.4119	2.73262e-08
0.412	3.32591e-08
0.4121	3.83979e-08
0.4122	2.62088e-08
0.4123	2.32634e-08
0.4124	2.64e-08
0.4125	2.29396e-08
0.4126	2.46036e-08
0.4127	3.3756e-08
0.4128	2.67809e-08
0.4129	4.58682e-08
0.413	4.01155e-08
0.4131	3.1282e-08
0.4132	3.01093e-08
0.4133	4.11088e-08
0.4134	2.89822e-08
0.4135	3.34156e-08
0.4136	3.93247e-08
0.4137	2.89023e-08
0.4138	3.90341e-08
0.4139	3.77365e-08
0.414	3.12785e-08
0.4141	3.04794e-08
0.4142	3.50315e-08
0.4143	2.49922e-08
0.4144	3.26756e-08
0.4145	3.97444e-08
0.4146	3.6215e-08
0.4147	3.71857e-08
0.4148	2.95428e-08
0.4149	2.87061e-08
0.415	3.59468e-08
0.4151	3.14619e-08
0.4152	3.67455e-08
0.4153	2.99116e-08
0.4154	3.88676e-08
0.4155	2.40945e-08
0.4156	3.23422e-08
0.4157	4.19372e-08
0.4158	3.47618e-08
0.4159	2.55943e-08
0.416	2.81673e-08
0.4161	2.99773e-08
0.4162	2.85642e-08
0.4163	2.93603e-08
0.4164	3.51245e-08
0.4165	3.92364e-08
0.4166	3.50871e-08
0.4167	3.1193e-08
0.4168	2.971e-08
0.4169	3.642e-08
0.417	3.64549e-08
0.4171	2.65066e-08
0.4172	3.57581e-08
0.4173	3.41504e-08
0.4174	4.14149e-08
0.4175	4.4633e-08
0.4176	3.01509e-08
0.4177	3.104e-08
0.4178	3.79097e-08
0.4179	4.15706e-08
0.418	3.5987e-08
0.4181	2.37155e-08
0.4182	2.70194e-08
0.4183	3.25349e-08
0.4184	2.81232e-08
0.4185	3.33591e-08
0.4186	2.76064e-08
0.4187	3.30673e-08
0.4188	3.81876e-08
0.4189	3.66181e-08
0.419	3.51558e-08
0.4191	3.89377e-08
0.4192	2.70571e-08
0.4193	4.3655e-08
0.4194	3.85199e-08
0.4195	2.79245e-08
0.4196	3.1699e-08
0.4197	2.8306e-08
0.4198	3.15336e-08
0.4199	4.87323e-08
0.42	4.19429e-08
0.4201	2.56923e-08
0.4202	4.05464e-08
0.4203	2.21124e-08
0.4204	3.23108e-08
0.4205	3.08797e-08
0.4206	2.60701e-08
0.4207	4.22793e-08
0.4208	3.51951e-08
0.4209	3.54126e-08
0.421	2.43977e-08
0.4211	3.55438e-08
0.4212	4.39595e-08
0.4213	3.85705e-08
0.4214	2.45121e-08
0.4215	2.7094e-08
0.4216	3.11222e-08
0.4217	2.62556e-08
0.4218	3.0715e-08
0.4219	3.71901e-08
0.422	3.36047e-08
0.4221	4.49783e-08
0.4222	3.73525e-08
0.4223	3.38698e-08
0.4224	4.80606e-08
0.4225	2.60924e-08
0.4226	2.69946e-08
0.4227	2.83157e-08
0.4228	2.81468e-08
0.4229	2.76427e-08
0.423	3.83193e-08
0.4231	3.95935e-08
0.4232	2.49465e-08
0.4233	3.18539e-08
0.4234	3.98826e-08
0.4235	2.85318e-08
0.4236	2.7585e-08
0.4237	3.13157e-08
0.4238	2.89014e-08
0.4239	2.57932e-08
0.424	3.90936e-08
0.4241	3.66928e-08
0.4242	4.67022e-08
0.4243	3.5257e-08
0.4244	3.49731e-08
0.4245	4.31712e-08
0.4246	3.5607e-08
0.4247	2.576e-08
0.4248	3.40726e-08
0.4249	3.86543e-08
0.425	2.76806e-08
0.4251	4.43804e-08
0.4252	2.85961e-08
0.4253	2.92522e-08
0.4254	3.75008e-08
0.4255	2.47713e-08
0.4256	3.44983e-08
0.4257	2.75534e-08
0.4258	2.85254e-08
0.4259	3.01919e-08
0.426	2.9322e-08
0.4261	2.31855e-08
0.4262	2.457e-08
0.4263	2.94932e-08
0.4264	3.18802e-08
0.4265	3.83208e-08
0.4266	3.77212e-08
0.4267	3.98985e-08
0.4268	2.73207e-08
0.4269	3.49311e-08
0.427	3.1142e-08
0.4271	3.21475e-08
0.4272	3.15306e-08
0.4273	3.47271e-08
0.4274	3.46062e-08
0.4275	2.35265e-08
0.4276	3.18969e-08
0.4277	3.74513e-08
0.4278	3.46587e-08
0.4279	3.62302e-08
0.428	3.08022e-08
0.4281	3.44363e-08
0.4282	3.20963e-08
0.4283	2.19868e-08
0.4284	2.49495e-08
0.4285	3.72762e-08
0.4286	3.29558e-08
0.4287	2.54894e-08
0.4288	3.66493e-08
0.4289	3.74818e-08
0.429	2.77546e-08
0.4291	3.05581e-08
0.4292	2.34677e-08
0.4293	3.41425e-08
0.4294	2.76928e-08
0.4295	3.54513e-08
0.4296	2.92413e-08
0.4297	2.95407e-08
0.4298	4.01848e-08
0.4299	2.80283e-08
0.43	2.18723e-08
0.4301	2.01268e-08
0.4302	2.40892e-08
0.4303	3.00912e-08
0.4304	2.08705e-08
0.4305	2.59919e-08
0.4306	2.36995e-08
0.4307	2.98477e-08
0.4308	2.95343e-08
0.4309	2.08157e-08
0.431	2.86422e-08
0.4311	3.49872e-08
0.4312	4.05217e-08
0.4313	4.69048e-08
0.4314	3.06909e-08
0.4315	2.02804e-08
0.4316	3.02234e-08
0.4317	2.84042e-08
0.4318	2.93257e-08
0.4319	3.23912e-08
0.432	2.68857e-08
0.4321	3.79177e-08
0.4322	3.38378e-08
0.4323	2.82747e-08
0.4324	3.32098e-08
0.4325	2.58285e-08
0.4326	2.32663e-08
0.4327	2.90241e-08
0.4328	2.74987e-08
0.4329	2.82511e-08
0.433	3.30435e-08
0.4331	2.47964e-08
0.4332	3.3674e-08
0.4333	3.36273e-08
0.4334	3.4048e-08
0.4335	3.67618e-08
0.4336	3.71897e-08
0.4337	2.98797e-08
0.4338	2.3819e-08
0.4339	2.95381e-08
0.434	3.40375e-08
0.4341	2.5527e-08
0.4342	2.8617e-08
0.4343	3.82815e-08
0.4344	3.79576e-08
0.4345	3.6715e-08
0.4346	4.01886e-08
0.4347	3.68801e-08
0.4348	3.21138e-08
0.4349	3.17116e-08
0.435	3.31272e-08
0.4351	2.85403e-08
0.4352	3.83964e-08
0.4353	2.545e-08
0.4354	2.78893e-08
0.4355	3.25603e-08
0.4356	3.10376e-08
0.4357	2.64709e-08
0.4358	4.69782e-08
0.4359	3.10274e-08
0.436	2.97579e-08
0.4361	3.71582e-08
0.4362	2.75951e-08
0.4363	3.63864e-08
0.4364	3.07847e-08
0.4365	3.10176e-08
0.4366	2.76049e-08
0.4367	2.66184e-08
0.4368	3.66971e-08
0.4369	3.14816e-08
0.437	2.95418e-08
0.4371	3.26616e-08
0.4372	3.84074e-08
0.4373	4.36079e-08
0.4374	3.72349e-08
0.4375	3.84019e-08
0.4376	3.57827e-08
0.4377	3.33729e-08
0.4378	3.6875e-08
0.4379	3.10981e-08
0.438	4.02893e-08
0.4381	3.156e-08
0.4382	3.11782e-08
0.4383	2.72836e-08
0.4384	2.84025e-08
0.4385	2.31045e-08
0.4386	3.36159e-08
0.4387	3.36581e-08
0.4388	3.58682e-08
0.4389	3.42826e-08
0.439	2.23318e-08
0.4391	2.61918e-08
0.4392	3.12941e-08
0.4393	3.26183e-08
0.4394	3.57326e-08
0.4395	2.7724e-08
0.4396	4.29576e-08
0.4397	4.42535e-08
0.4398	3.61533e-08
0.4399	2.68154e-08
0.44	4.11499e-08
0.4401	4.37525e-08
0.4402	3.11721e-08
0.4403	3.63174e-08
0.4404	3.34215e-08
0.4405	2.52746e-08
0.4406	2.72315e-08
0.4407	2.78337e-08
0.4408	3.90663e-08
0.4409	3.63971e-08
0.441	2.23836e-08
0.4411	2.22007e-08
0.4412	2.32096e-08
0.4413	3.12837e-08
0.4414	3.00519e-08
0.4415	3.66617e-08
0.4416	3.08726e-08
0.4417	3.43973e-08
0.4418	4.01525e-08
0.4419	3.35789e-08
0.442	3.54343e-08
0.4421	3.21534e-08
0.4422	4.00334e-08
0.4423	3.876e-08
0.4424	4.12033e-08
0.4425	4.75342e-08
0.4426	2.75378e-08
0.4427	2.50273e-08
0.4428	3.72718e-08
0.4429	3.34586e-08
0.443	3.94727e-08
0.4431	1.95006e-08
0.4432	2.17277e-08
0.4433	2.70068e-08
0.4434	2.85302e-08
0.4435	2.96762e-08
0.4436	2.5516e-08
0.4437	2.3173e-08
0.4438	4.23487e-08
0.4439	3.94834e-08
0.444	3.59791e-08
0.4441	2.80922e-08
0.4442	3.80785e-08
0.4443	3.74482e-08
0.4444	4.06972e-08
0.4445	4.50763e-08
0.4446	3.61555e-08
0.4447	3.0289e-08
0.4448	2.60335e-08
0.4449	3.64867e-08
0.445	3.54822e-08
0.4451	3.99606e-08
0.4452	3.04263e-08
0.4453	2.46089e-08
0.4454	2.78544e-08
0.4455	3.44372e-08
0.4456	3.04211e-08
0.4457	2.65818e-08
0.4458	1.73989e-08
0.4459	2.22647e-08
0.446	3.40046e-08
0.4461	3.12735e-08
0.4462	3.35715e-08
0.4463	2.65183e-08
0.4464	3.90287e-08
0.4465	3.90969e-08
0.4466	4.18392e-08
0.4467	3.85772e-08
0.4468	3.84825e-08
0.4469	3.6445e-08
0.447	3.924e-08
0.4471	4.06971e-08
0.4472	2.28959e-08
0.4473	2.49686e-08
0.4474	2.62062e-08
0.4475	2.81796e-08
0.4476	2.38641e-08
0.4477	4.28797e-08
0.4478	3.3479e-08
0.4479	3.01769e-08
0.448	2.91029e-08
0.4481	2.33471e-08
0.4482	3.1637e-08
0.4483	2.40576e-08
0.4484	3.00279e-08
0.4485	3.20044e-08
0.4486	3.52729e-08
0.4487	4.14577e-08
0.4488	2.66745e-08
0.4489	4.04938e-08
0.449	3.00148e-08
0.4491	4.0534e-08
0.4492	4.56441e-08
0.4493	2.9895e-08
0.4494	3.75825e-08
0.4495	3.27012e-08
0.4496	2.24828e-08
0.4497	2.87299e-08
0.4498	3.11959e-08
0.4499	3.05682e-08
0.45	2.94125e-08
0.4501	2.4687e-08
0.4502	3.10677e-08
0.4503	2.66868e-08
0.4504	3.66338e-08
0.4505	4.01901e-08
0.4506	2.7001e-08
0.4507	3.88537e-08
0.4508	3.13262e-08
0.4509	3.82435e-08
0.451	2.60645e-08
0.4511	3.31114e-08
0.4512	3.55611e-08
0.4513	3.43632e-08
0.4514	3.79108e-08
0.4515	3.14447e-08
0.4516	2.83272e-08
0.4517	3.58582e-08
0.4518	2.12183e-08
0.4519	3.23571e-08
0.452	3.35691e-08
0.4521	3.38261e-08
0.4522	3.25255e-08
0.4523	3.57086e-08
0.4524	3.81669e-08
0.4525	3.45705e-08
0.4526	3.03354e-08
0.4527	2.57483e-08
0.4528	2.40056e-08
0.4529	3.9572e-08
0.453	4.78628e-08
0.4531	3.67769e-08
0.4532	3.18786e-08
0.4533	3.43388e-08
0.4534	2.66593e-08
0.4535	4.00829e-08
0.4536	3.98128e-08
0.4537	2.99926e-08
0.4538	2.73212e-08
0.4539	2.93906e-08
0.454	3.513e-08
0.4541	2.64828e-08
0.4542	2.40966e-08
0.4543	3.17878e-08
0.4544	3.03856e-08
0.4545	2.69724e-08
0.4546	3.51715e-08
0.4547	3.47806e-08
0.4548	2.8744e-08
0.4549	2.37569e-08
0.455	2.92391e-08
0.4551	3.33387e-08
0.4552	2.51587e-08
0.4553	3.23303e-08
0.4554	3.00086e-08
0.4555	2.43183e-08
0.4556	3.6944e-08
0.4557	3.76238e-08
0.4558	2.35378e-08
0.4559	3.69275e-08
0.456	2.53917e-08
0.4561	2.77491e-08
0.4562	2.42704e-08
0.4563	2.93353e-08
0.4564	3.67063e-08
0.4565	3.21919e-08
0.4566	3.70902e-08
0.4567	3.02006e-08
0.4568	2.6225e-08
0.4569	5.38895e-08
0.457	3.23287e-08
0.4571	3.18526e-08
0.4572	2.75823e-08
0.4573	2.16823e-08
0.4574	2.60726e-08
0.4575	3.49236e-08
0.4576	4.77288e-08
0.4577	3.61516e-08
0.4578	3.52386e-08
0.4579	4.21354e-08
0.458	3.41106e-08
0.4581	4.08205e-08
0.4582	2.99932e-08
0.4583	2.59098e-08
0.4584	3.39893e-08
0.4585	2.90689e-08
0.4586	3.41802e-08
0.4587	3.82055e-08
0.4588	3.23266e-08
0.4589	2.9756e-08
0.459	2.32842e-08
0.4591	4.09355e-08
0.4592	2.575e-08
0.4593	3.77219e-08
0.4594	2.75688e-08
0.4595	2.83293e-08
0.4596	3.11298e-08
0.4597	4.20057e-08
0.4598	3.99693e-08
0.4599	4.50665e-08
0.46	3.57423e-08
0.4601	3.48589e-08
0.4602	4.78412e-08
0.4603	4.37024e-08
0.4604	2.47664e-08
0.4605	2.97708e-08
0.4606	3.67781e-08
0.4607	3.05811e-08
0.4608	4.70946e-08
0.4609	3.152e-08
0.461	2.762e-08
0.4611	3.06359e-08
0.4612	3.73849e-08
0.4613	2.97014e-08
0.4614	2.80224e-08
0.4615	2.74233e-08
0.4616	2.8747e-08
0.4617	2.5367e-08
0.4618	1.9637e-08
0.4619	2.58834e-08
0.462	2.6221e-08
0.4621	3.19028e-08
0.4622	3.66057e-08
0.4623	3.71625e-08
0.4624	3.64714e-08
0.4625	4.41343e-08
0.4626	2.83324e-08
0.4627	2.64381e-08
0.4628	2.3568e-08
0.4629	3.84032e-08
0.463	2.91095e-08
0.4631	3.41292e-08
0.4632	2.73977e-08
0.4633	3.26962e-08
0.4634	3.43034e-08
0.4635	2.05536e-08
0.4636	2.88748e-08
0.4637	2.64954e-08
0.4638	3.69597e-08
0.4639	3.68106e-08
0.464	2.36379e-08
0.4641	2.54647e-08
0.4642	3.15766e-08
0.4643	3.35017e-08
0.4644	3.23605e-08
0.4645	3.31174e-08
0.4646	3.99782e-08
0.4647	3.22457e-08
0.4648	2.74968e-08
0.4649	2.85399e-08
0.465	3.71753e-08
0.4651	2.50553e-08
0.4652	3.43832e-08
0.4653	2.84195e-08
0.4654	3.67803e-08
0.4655	4.29607e-08
0.4656	2.88231e-08
0.4657	2.26058e-08
0.4658	2.46714e-08
0.4659	2.45922e-08
0.466	3.15743e-08
0.4661	2.88257e-08
0.4662	2.27695e-08
0.4663	2.4368e-08
0.4664	3.05591e-08
0.4665	3.35534e-08
0.4666	2.20994e-08
0.4667	2.80112e-08
0.4668	4.69009e-08
0.4669	4.46873e-08
0.467	4.86276e-08
0.4671	2.29429e-08
0.4672	2.49707e-08
0.4673	4.12593e-08
0.4674	2.55405e-08
0.4675	2.97268e-08
0.4676	3.38792e-08
0.4677	2.22857e-08
0.4678	3.79502e-08
0.4679	3.29536e-08
0.468	2.0994e-08
0.4681	2.28613e-08
0.4682	4.31402e-08
0.4683	3.39697e-08
0.4684	2.50418e-08
0.4685	2.15996e-08
0.4686	3.13336e-08
0.4687	3.16726e-08
0.4688	2.6229e-08
0.4689	3.43302e-08
0.469	2.77075e-08
0.4691	4.28808e-08
0.4692	3.79954e-08
0.4693	2.70429e-08
0.4694	2.85149e-08
0.4695	3.23398e-08
0.4696	2.94135e-08
0.4697	3.26508e-08
0.4698	2.40799e-08
0.4699	3.29916e-08
0.47	2.91652e-08
0.4701	3.1481e-08
0.4702	3.703e-08
0.4703	3.09604e-08
0.4704	3.1509e-08
0.4705	2.69603e-08
0.4706	3.04654e-08
0.4707	3.69461e-08
0.4708	3.83614e-08
0.4709	3.49489e-08
0.471	1.94133e-08
0.4711	2.54325e-08
0.4712	2.94445e-08
0.4713	4.03071e-08
0.4714	3.24873e-08
0.4715	3.7252e-08
0.4716	3.51424e-08
0.4717	2.70999e-08
0.4718	3.49863e-08
0.4719	2.94284e-08
0.472	3.25903e-08
0.4721	2.56467e-08
0.4722	2.56495e-08
0.4723	2.75925e-08
0.4724	2.55141e-08
0.4725	2.59497e-08
0.4726	4.36894e-08
0.4727	2.9794e-08
0.4728	3.23157e-08
0.4729	3.62162e-08
0.473	4.13663e-08
0.4731	3.63783e-08
0.4732	3.66312e-08
0.4733	3.49971e-08
0.4734	3.10036e-08
0.4735	2.66559e-08
0.4736	3.87075e-08
0.4737	3.79826e-08
0.4738	3.61412e-08
0.4739	3.01268e-08
0.474	2.87453e-08
0.4741	2.19469e-08
0.4742	3.41594e-08
0.4743	3.81488e-08
0.4744	3.53472e-08
0.4745	3.52974e-08
0.4746	2.88404e-08
0.4747	2.5246e-08
0.4748	3.23489e-08
0.4749	3.05818e-08
0.475	3.34359e-08
0.4751	3.91809e-08
0.4752	2.41412e-08
0.4753	4.78031e-08
0.4754	4.35734e-08
0.4755	3.35249e-08
0.4756	3.03691e-08
0.4757	3.29525e-08
0.4758	4.39746e-08
0.4759	3.40488e-08
0.476	2.193e-08
0.4761	3.0963e-08
0.4762	3.2706e-08
0.4763	3.01351e-08
0.4764	3.73927e-08
0.4765	4.02351e-08
0.4766	2.99889e-08
0.4767	3.18242e-08
0.4768	2.06825e-08
0.4769	2.17832e-08
0.477	2.54295e-08
0.4771	3.33696e-08
0.4772	3.58687e-08
0.4773	3.13878e-08
0.4774	3.14238e-08
0.4775	4.01634e-08
0.4776	3.30069e-08
0.4777	3.05051e-08
0.4778	3.80643e-08
0.4779	4.4687e-08
0.478	3.41261e-08
0.4781	3.20879e-08
0.4782	3.58249e-08
0.4783	2.73563e-08
0.4784	2.81056e-08
0.4785	3.41443e-08
0.4786	3.07561e-08
0.4787	3.37065e-08
0.4788	1.86063e-08
0.4789	2.4052e-08
0.479	2.49381e-08
0.4791	2.37262e-08
0.4792	2.7093e-08
0.4793	2.81734e-08
0.4794	2.62395e-08
0.4795	3.94858e-08
0.4796	3.00448e-08
0.4797	3.80042e-08
0.4798	3.15611e-08
0.4799	4.2985e-08
0.48	3.56027e-08
0.4801	4.66253e-08
0.4802	4.09326e-08
0.4803	4.51207e-08
0.4804	3.75782e-08
0.4805	3.76349e-08
0.4806	3.40996e-08
0.4807	2.88373e-08
0.4808	4.13995e-08
0.4809	2.60513e-08
0.481	2.46249e-08
0.4811	2.80474e-08
0.4812	2.37517e-08
0.4813	2.20827e-08
0.4814	2.77558e-08
0.4815	2.69577e-08
0.4816	2.45635e-08
0.4817	2.98168e-08
0.4818	2.99332e-08
0.4819	3.97689e-08
0.482	3.37403e-08
0.4821	3.98489e-08
0.4822	3.96974e-08
0.4823	5.24378e-08
0.4824	4.23571e-08
0.4825	3.63218e-08
0.4826	2.81949e-08
0.4827	3.61252e-08
0.4828	3.15168e-08
0.4829	1.86935e-08
0.483	2.7085e-08
0.4831	2.50053e-08
0.4832	2.72928e-08
0.4833	3.06301e-08
0.4834	3.11867e-08
0.4835	3.19427e-08
0.4836	2.13029e-08
0.4837	3.11625e-08
0.4838	2.84986e-08
0.4839	2.8882e-08
0.484	2.8354e-08
0.4841	2.89331e-08
0.4842	3.83395e-08
0.4843	2.98501e-08
0.4844	3.67389e-08
0.4845	3.59224e-08
0.4846	3.45384e-08
0.4847	3.24748e-08
0.4848	4.04667e-08
0.4849	3.99824e-08
0.485	2.96664e-08
0.4851	4.01854e-08
0.4852	2.9172e-08
0.4853	3.20123e-08
0.4854	2.9906e-08
0.4855	2.72303e-08
0.4856	3.32334e-08
0.4857	3.68024e-08
0.4858	2.85575e-08
0.4859	3.69039e-08
0.486	2.92851e-08
0.4861	3.49287e-08
0.4862	3.92776e-08
0.4863	2.47727e-08
0.4864	3.85109e-08
0.4865	3.9923e-08
0.4866	3.49403e-08
0.4867	2.55984e-08
0.4868	3.24728e-08
0.4869	3.86375e-08
0.487	3.30325e-08
0.4871	3.46311e-08
0.4872	3.11084e-08
0.4873	2.90015e-08
0.4874	3.1797e-08
0.4875	2.339e-08
0.4876	3.92441e-08
0.4877	3.51368e-08
0.4878	3.47199e-08
0.4879	3.59762e-08
0.488	2.78724e-08
0.4881	2.18983e-08
0.4882	2.2915e-08
0.4883	3.53155e-08
0.4884	2.72008e-08
0.4885	2.2848e-08
0.4886	2.86351e-08
0.4887	5.04987e-08
0.4888	3.06355e-08
0.4889	2.86179e-08
0.489	3.24444e-08
0.4891	3.4311e-08
0.4892	4.77994e-08
0.4893	3.59202e-08
0.4894	2.36272e-08
0.4895	3.09632e-08
0.4896	3.54966e-08
0.4897	3.15423e-08
0.4898	2.97793e-08
0.4899	3.13668e-08
0.49	2.51473e-08
0.4901	3.48125e-08
0.4902	3.51575e-08
0.4903	2.96743e-08
0.4904	3.77675e-08
0.4905	3.96843e-08
0.4906	2.34208e-08
0.4907	2.80101e-08
0.4908	3.58577e-08
0.4909	2.24745e-08
0.491	2.9997e-08
0.4911	3.14364e-08
0.4912	2.64357e-08
0.4913	3.62301e-08
0.4914	3.25439e-08
0.4915	4.77348e-08
0.4916	2.92445e-08
0.4917	2.38835e-08
0.4918	3.34894e-08
0.4919	3.67926e-08
0.492	4.10409e-08
0.4921	3.37659e-08
0.4922	3.104e-08
0.4923	3.20339e-08
0.4924	2.59708e-08
0.4925	4.26226e-08
0.4926	3.8751e-08
0.4927	3.9566e-08
0.4928	2.33016e-08
0.4929	3.11203e-08
0.493	2.68313e-08
0.4931	2.33412e-08
0.4932	3.93595e-08
0.4933	4.46759e-08
0.4934	3.90585e-08
0.4935	4.41135e-08
0.4936	3.86151e-08
0.4937	4.21102e-08
0.4938	3.64986e-08
0.4939	3.15102e-08
0.494	2.41442e-08
0.4941	2.55129e-08
0.4942	3.57941e-08
0.4943	3.50635e-08
0.4944	3.4024e-08
0.4945	3.3561e-08
0.4946	3.33498e-08
0.4947	3.56287e-08
0.4948	3.27401e-08
0.4949	2.70415e-08
0.495	2.95648e-08
0.4951	3.27091e-08
0.4952	3.12323e-08
0.4953	3.12536e-08
0.4954	3.45132e-08
0.4955	3.57445e-08
0.4956	4.72649e-08
0.4957	2.98948e-08
0.4958	3.26038e-08
0.4959	3.706e-08
0.496	3.25244e-08
0.4961	3.57916e-08
0.4962	3.47327e-08
0.4963	3.80371e-08
0.4964	3.33734e-08
0.4965	3.00399e-08
0.4966	3.16148e-08
0.4967	3.47659e-08
0.4968	3.00114e-08
0.4969	3.25593e-08
0.497	3.79184e-08
0.4971	2.59971e-08
0.4972	3.27056e-08
0.4973	3.39206e-08
0.4974	2.45202e-08
0.4975	2.19669e-08
0.4976	2.8144e-08
0.4977	2.98142e-08
0.4978	3.51453e-08
0.4979	3.82431e-08
0.498	4.50496e-08
0.4981	3.79825e-08
0.4982	3.56691e-08
0.4983	2.66299e-08
0.4984	3.12258e-08
0.4985	2.64572e-08
0.4986	3.56338e-08
0.4987	2.83105e-08
0.4988	3.29879e-08
0.4989	2.36713e-08
0.499	3.20947e-08
0.4991	3.63716e-08
0.4992	3.07947e-08
0.4993	2.55032e-08
0.4994	2.93761e-08
0.4995	2.4498e-08
0.4996	2.87196e-08
0.4997	2.2048e-08
0.4998	2.37115e-08
0.4999	3.48722e-08
0.5	3.46944e-08
0.5001	3.1884e-08
0.5002	2.44e-08
0.5003	3.63408e-08
0.5004	2.70442e-08
0.5005	2.9217e-08
0.5006	2.47365e-08
0.5007	3.13587e-08
0.5008	2.00535e-08
0.5009	3.46797e-08
0.501	3.48199e-08
0.5011	3.10698e-08
0.5012	4.29258e-08
0.5013	2.27236e-08
0.5014	2.43483e-08
0.5015	2.2204e-08
0.5016	2.67174e-08
0.5017	2.46883e-08
0.5018	2.64463e-08
0.5019	2.12923e-08
0.502	2.34387e-08
0.5021	3.3491e-08
0.5022	3.3906e-08
0.5023	2.17015e-08
0.5024	2.97028e-08
0.5025	3.55614e-08
0.5026	3.60915e-08
0.5027	3.62996e-08
0.5028	2.0047e-08
0.5029	3.03272e-08
0.503	3.11749e-08
0.5031	2.23664e-08
0.5032	3.11577e-08
0.5033	3.45971e-08
0.5034	2.04363e-08
0.5035	4.06045e-08
0.5036	3.22106e-08
0.5037	2.79787e-08
0.5038	3.6106e-08
0.5039	3.23501e-08
0.504	2.72369e-08
0.5041	2.83612e-08
0.5042	2.43721e-08
0.5043	2.76288e-08
0.5044	3.33863e-08
0.5045	2.31889e-08
0.5046	3.23273e-08
0.5047	3.20553e-08
0.5048	3.26696e-08
0.5049	3.88433e-08
0.505	2.53784e-08
0.5051	2.79481e-08
0.5052	2.67473e-08
0.5053	3.31716e-08
0.5054	2.94423e-08
0.5055	2.40021e-08
0.5056	2.682e-08
0.5057	3.53427e-08
0.5058	3.94283e-08
0.5059	4.02439e-08
0.506	3.15624e-08
0.5061	2.82729e-08
0.5062	2.71569e-08
0.5063	3.10598e-08
0.5064	3.43339e-08
0.5065	2.88056e-08
0.5066	3.26655e-08
0.5067	2.09289e-08
0.5068	2.50649e-08
0.5069	2.83254e-08
0.507	3.40054e-08
0.5071	3.56328e-08
0.5072	3.83826e-08
0.5073	3.54951e-08
0.5074	2.63131e-08
0.5075	3.5614e-08
0.5076	3.36596e-08
0.5077	3.69942e-08
0.5078	2.74972e-08
0.5079	2.6397e-08
0.508	2.65004e-08
0.5081	2.70369e-08
0.5082	3.58953e-08
0.5083	4.47941e-08
0.5084	2.77504e-08
0.5085	3.33536e-08
0.5086	3.43691e-08
0.5087	3.37107e-08
0.5088	4.15809e-08
0.5089	3.93431e-08
0.509	2.3937e-08
0.5091	3.77072e-08
0.5092	2.59028e-08
0.5093	3.17235e-08
0.5094	3.81993e-08
0.5095	3.36649e-08
0.5096	3.23123e-08
0.5097	2.92051e-08
0.5098	2.96546e-08
0.5099	2.60945e-08
0.51	3.66733e-08
0.5101	3.44465e-08
0.5102	3.41568e-08
0.5103	3.30719e-08
0.5104	2.24118e-08
0.5105	2.69513e-08
0.5106	2.83424e-08
0.5107	3.46238e-08
0.5108	3.55416e-08
0.5109	2.89767e-08
0.511	3.52951e-08
0.5111	4.74179e-08
0.5112	4.36837e-08
0.5113	3.20305e-08
0.5114	3.30045e-08
0.5115	4.51129e-08
0.5116	3.06085e-08
0.5117	3.29635e-08
0.5118	3.45971e-08
0.5119	2.53716e-08
0.512	2.9449e-08
0.5121	2.9813e-08
0.5122	3.35231e-08
0.5123	3.5381e-08
0.5124	2.76263e-08
0.5125	2.19861e-08
0.5126	2.11964e-08
0.5127	2.26029e-08
0.5128	3.70057e-08
0.5129	3.69032e-08
0.513	3.1784e-08
0.5131	2.26312e-08
0.5132	3.5595e-08
0.5133	3.71294e-08
0.5134	4.69564e-08
0.5135	3.31988e-08
0.5136	4.74269e-08
0.5137	4.10726e-08
0.5138	4.17451e-08
0.5139	4.03225e-08
0.514	2.84948e-08
0.5141	3.76516e-08
0.5142	3.32607e-08
0.5143	2.91321e-08
0.5144	3.05738e-08
0.5145	2.92875e-08
0.5146	2.19056e-08
0.5147	2.78984e-08
0.5148	2.83366e-08
0.5149	3.14473e-08
0.515	2.50287e-08
0.5151	2.60034e-08
0.5152	3.52049e-08
0.5153	4.03328e-08
0.5154	4.43625e-08
0.5155	3.21577e-08
0.5156	3.41375e-08
0.5157	3.92973e-08
0.5158	4.38278e-08
0.5159	4.10879e-08
0.516	4.11653e-08
0.5161	3.41959e-08
0.5162	3.45398e-08
0.5163	3.40771e-08
0.5164	2.73883e-08
0.5165	2.55673e-08
0.5166	2.9675e-08
0.5167	2.22387e-08
0.5168	2.61161e-08
0.5169	2.48593e-08
0.517	2.91895e-08
0.5171	2.8213e-08
0.5172	1.90964e-08
0.5173	2.30813e-08
0.5174	3.32531e-08
0.5175	3.18891e-08
0.5176	3.31903e-08
0.5177	3.29396e-08
0.5178	4.01018e-08
0.5179	4.58316e-08
0.518	4.82052e-08
0.5181	3.22257e-08
0.5182	3.56516e-08
0.5183	3.345e-08
0.5184	4.0159e-08
0.5185	2.86578e-08
0.5186	2.27641e-08
0.5187	3.00768e-08
0.5188	3.12085e-08
0.5189	2.81997e-08
0.519	2.77405e-08
0.5191	3.04638e-08
0.5192	3.29162e-08
0.5193	2.8044e-08
0.5194	3.21121e-08
0.5195	2.42007e-08
0.5196	3.12495e-08
0.5197	3.53548e-08
0.5198	3.14588e-08
0.5199	3.30292e-08
0.52	3.96653e-08
0.5201	4.39684e-08
0.5202	3.62246e-08
0.5203	3.98237e-08
0.5204	2.62539e-08
0.5205	3.85902e-08
0.5206	4.30998e-08
0.5207	3.56592e-08
0.5208	3.9084e-08
0.5209	3.2947e-08
0.521	2.8997e-08
0.5211	2.51076e-08
0.5212	3.0043e-08
0.5213	3.45657e-08
0.5214	3.2351e-08
0.5215	2.54969e-08
0.5216	3.74912e-08
0.5217	2.84999e-08
0.5218	3.59418e-08
0.5219	3.98947e-08
0.522	3.30542e-08
0.5221	3.27385e-08
0.5222	3.72426e-08
0.5223	3.01638e-08
0.5224	3.45043e-08
0.5225	3.02742e-08
0.5226	3.69129e-08
0.5227	3.57188e-08
0.5228	3.82096e-08
0.5229	3.83721e-08
0.523	2.70581e-08
0.5231	3.30133e-08
0.5232	2.21733e-08
0.5233	3.30082e-08
0.5234	3.92558e-08
0.5235	3.54534e-08
0.5236	2.59374e-08
0.5237	3.36609e-08
0.5238	3.23534e-08
0.5239	3.4777e-08
0.524	2.65418e-08
0.5241	2.78702e-08
0.5242	2.4992e-08
0.5243	3.16448e-08
0.5244	5.35613e-08
0.5245	3.53508e-08
0.5246	3.21425e-08
0.5247	3.01432e-08
0.5248	3.52017e-08
0.5249	3.42723e-08
0.525	3.19034e-08
0.5251	2.31068e-08
0.5252	2.5898e-08
0.5253	3.03785e-08
0.5254	3.1039e-08
0.5255	2.90378e-08
0.5256	3.14258e-08
0.5257	2.78887e-08
0.5258	2.92376e-08
0.5259	2.87842e-08
0.526	3.36404e-08
0.5261	3.25962e-08
0.5262	2.92534e-08
0.5263	2.93364e-08
0.5264	3.27218e-08
0.5265	3.1961e-08
0.5266	3.23209e-08
0.5267	2.8873e-08
0.5268	3.1612e-08
0.5269	3.11536e-08
0.527	3.98494e-08
0.5271	2.68711e-08
0.5272	3.85096e-08
0.5273	3.14135e-08
0.5274	2.4812e-08
0.5275	3.13517e-08
0.5276	3.34477e-08
0.5277	3.26835e-08
0.5278	3.7516e-08
0.5279	3.08578e-08
0.528	3.38692e-08
0.5281	3.62134e-08
0.5282	3.5884e-08
0.5283	4.42075e-08
0.5284	3.13929e-08
0.5285	2.5952e-08
0.5286	2.68599e-08
0.5287	2.93833e-08
0.5288	3.14769e-08
0.5289	3.90279e-08
0.529	4.33652e-08
0.5291	3.70865e-08
0.5292	3.75717e-08
0.5293	3.9787e-08
0.5294	4.15824e-08
0.5295	4.29121e-08
0.5296	3.14801e-08
0.5297	2.47529e-08
0.5298	2.90281e-08
0.5299	4.13779e-08
0.53	3.43927e-08
0.5301	3.86897e-08
0.5302	3.21311e-08
0.5303	3.13083e-08
0.5304	2.88068e-08
0.5305	3.98347e-08
0.5306	2.54661e-08
0.5307	2.86187e-08
0.5308	2.54751e-08
0.5309	2.9778e-08
0.531	3.57142e-08
0.5311	4.26327e-08
0.5312	4.35249e-08
0.5313	3.51913e-08
0.5314	3.11415e-08
0.5315	4.16205e-08
0.5316	3.99454e-08
0.5317	4.33501e-08
0.5318	3.01293e-08
0.5319	2.96019e-08
0.532	3.51598e-08
0.5321	2.80835e-08
0.5322	3.87677e-08
0.5323	2.79195e-08
0.5324	3.54036e-08
0.5325	3.43342e-08
0.5326	3.59793e-08
0.5327	3.48705e-08
0.5328	2.73543e-08
0.5329	2.73047e-08
0.533	2.90481e-08
0.5331	3.01984e-08
0.5332	2.14623e-08
0.5333	3.25726e-08
0.5334	3.19235e-08
0.5335	3.24258e-08
0.5336	3.09664e-08
0.5337	4.10239e-08
0.5338	3.73403e-08
0.5339	3.77286e-08
0.534	2.96182e-08
0.5341	3.07351e-08
0.5342	3.30907e-08
0.5343	3.08477e-08
0.5344	2.98389e-08
0.5345	2.54438e-08
0.5346	2.76764e-08
0.5347	2.76249e-08
0.5348	3.96677e-08
0.5349	1.94736e-08
0.535	2.89368e-08
0.5351	3.36165e-08
0.5352	3.20828e-08
0.5353	2.49591e-08
0.5354	2.32414e-08
0.5355	2.90759e-08
0.5356	2.93922e-08
0.5357	3.60744e-08
0.5358	3.50301e-08
0.5359	2.87829e-08
0.536	3.54513e-08
0.5361	3.07799e-08
0.5362	2.565e-08
0.5363	3.12668e-08
0.5364	2.74196e-08
0.5365	3.04523e-08
0.5366	3.33572e-08
0.5367	3.21077e-08
0.5368	3.27282e-08
0.5369	3.87191e-08
0.537	3.17314e-08
0.5371	2.01769e-08
0.5372	2.47941e-08
0.5373	2.18072e-08
0.5374	2.75907e-08
0.5375	2.56869e-08
0.5376	2.29891e-08
0.5377	2.73833e-08
0.5378	2.70486e-08
0.5379	3.40095e-08
0.538	2.45807e-08
0.5381	3.19148e-08
0.5382	3.69205e-08
0.5383	3.57236e-08
0.5384	3.31983e-08
0.5385	2.3866e-08
0.5386	2.48127e-08
0.5387	3.30977e-08
0.5388	2.40272e-08
0.5389	2.91443e-08
0.539	3.66422e-08
0.5391	3.19341e-08
0.5392	3.26134e-08
0.5393	3.58697e-08
0.5394	2.50534e-08
0.5395	4.15907e-08
0.5396	3.72562e-08
0.5397	3.0757e-08
0.5398	2.37781e-08
0.5399	2.5258e-08
0.54	2.45828e-08
0.5401	3.51812e-08
0.5402	2.56396e-08
0.5403	2.76708e-08
0.5404	3.26492e-08
0.5405	3.39701e-08
0.5406	4.45453e-08
0.5407	2.587e-08
0.5408	2.79638e-08
0.5409	2.9831e-08
0.541	3.0794e-08
0.5411	3.8612e-08
0.5412	2.38559e-08
0.5413	2.79549e-08
0.5414	4.0208e-08
0.5415	3.52912e-08
0.5416	3.63952e-08
0.5417	3.24576e-08
0.5418	2.88641e-08
0.5419	3.01386e-08
0.542	3.98301e-08
0.5421	3.73414e-08
0.5422	3.83692e-08
0.5423	2.51775e-08
0.5424	2.79466e-08
0.5425	2.56353e-08
0.5426	3.1164e-08
0.5427	3.93601e-08
0.5428	4.27161e-08
0.5429	2.18755e-08
0.543	3.28037e-08
0.5431	3.25379e-08
0.5432	3.25733e-08
0.5433	3.49244e-08
0.5434	3.26179e-08
0.5435	2.84769e-08
0.5436	2.85178e-08
0.5437	2.46844e-08
0.5438	2.75312e-08
0.5439	3.16517e-08
0.544	3.81131e-08
0.5441	3.2907e-08
0.5442	4.419e-08
0.5443	4.09573e-08
0.5444	4.08266e-08
0.5445	3.3233e-08
0.5446	3.42809e-08
0.5447	3.01712e-08
0.5448	2.91634e-08
0.5449	3.46006e-08
0.545	3.63529e-08
0.5451	3.59445e-08
0.5452	3.66821e-08
0.5453	3.27032e-08
0.5454	3.06716e-08
0.5455	2.36048e-08
0.5456	2.73819e-08
0.5457	3.28186e-08
0.5458	3.1534e-08
0.5459	2.84865e-08
0.546	2.36201e-08
0.5461	2.25259e-08
0.5462	2.89826e-08
0.5463	3.30084e-08
0.5464	2.985e-08
0.5465	2.47111e-08
0.5466	3.71563e-08
0.5467	4.06278e-08
0.5468	3.98125e-08
0.5469	3.35764e-08
0.547	3.52119e-08
0.5471	3.21589e-08
0.5472	4.3259e-08
0.5473	4.25471e-08
0.5474	2.38354e-08
0.5475	3.36552e-08
0.5476	2.93519e-08
0.5477	3.08539e-08
0.5478	3.43824e-08
0.5479	3.49411e-08
0.548	3.40482e-08
0.5481	2.43624e-08
0.5482	3.03527e-08
0.5483	2.24348e-08
0.5484	2.98629e-08
0.5485	3.83672e-08
0.5486	3.5465e-08
0.5487	3.29846e-08
0.5488	2.83446e-08
0.5489	3.62243e-08
0.549	2.56831e-08
0.5491	3.66785e-08
0.5492	3.04039e-08
0.5493	4.30683e-08
0.5494	3.8696e-08
0.5495	3.82854e-08
0.5496	3.72758e-08
0.5497	2.37398e-08
0.5498	3.11724e-08
0.5499	3.64133e-08
0.55	3.46363e-08
0.5501	3.10116e-08
0.5502	1.96008e-08
0.5503	2.34258e-08
0.5504	1.90414e-08
0.5505	2.42857e-08
0.5506	3.31011e-08
0.5507	2.07537e-08
0.5508	2.25088e-08
0.5509	3.16828e-08
0.551	3.63909e-08
0.5511	3.5855e-08
0.5512	3.30282e-08
0.5513	4.81802e-08
0.5514	3.67e-08
0.5515	4.70447e-08
0.5516	3.11701e-08
0.5517	3.13001e-08
0.5518	3.41273e-08
0.5519	3.48777e-08
0.552	3.14175e-08
0.5521	3.21393e-08
0.5522	3.54456e-08
0.5523	2.81125e-08
0.5524	2.4219e-08
0.5525	3.30044e-08
0.5526	2.81424e-08
0.5527	2.99695e-08
0.5528	2.69137e-08
0.5529	1.96537e-08
0.553	2.94505e-08
0.5531	2.3591e-08
0.5532	3.28769e-08
0.5533	3.67078e-08
0.5534	2.82115e-08
0.5535	3.67036e-08
0.5536	4.59155e-08
0.5537	3.81954e-08
0.5538	3.05254e-08
0.5539	2.96274e-08
0.554	3.63722e-08
0.5541	3.9642e-08
0.5542	2.72319e-08
0.5543	3.11264e-08
0.5544	2.77223e-08
0.5545	2.62378e-08
0.5546	2.74799e-08
0.5547	3.15381e-08
0.5548	3.09974e-08
0.5549	2.30396e-08
0.555	2.71203e-08
0.5551	3.18559e-08
0.5552	2.23809e-08
0.5553	2.84942e-08
0.5554	3.54652e-08
0.5555	2.71124e-08
0.5556	4.23265e-08
0.5557	2.85797e-08
0.5558	3.7031e-08
0.5559	3.65468e-08
0.556	4.1976e-08
0.5561	3.09816e-08
0.5562	2.92961e-08
0.5563	3.52014e-08
0.5564	4.00804e-08
0.5565	3.99464e-08
0.5566	2.55656e-08
0.5567	2.4522e-08
0.5568	2.95587e-08
0.5569	3.07641e-08
0.557	3.19447e-08
0.5571	3.40014e-08
0.5572	3.36258e-08
0.5573	4.03025e-08
0.5574	3.36124e-08
0.5575	3.77189e-08
0.5576	4.12917e-08
0.5577	3.38292e-08
0.5578	3.86388e-08
0.5579	3.93568e-08
0.558	2.87809e-08
0.5581	3.98617e-08
0.5582	2.64061e-08
0.5583	3.45139e-08
0.5584	2.91485e-08
0.5585	3.67796e-08
0.5586	2.88453e-08
0.5587	2.76459e-08
0.5588	3.55809e-08
0.5589	3.12608e-08
0.559	2.93489e-08
0.5591	4.12841e-08
0.5592	3.57805e-08
0.5593	2.60663e-08
0.5594	2.76483e-08
0.5595	3.28928e-08
0.5596	3.69157e-08
0.5597	3.76739e-08
0.5598	2.40682e-08
0.5599	3.28417e-08
0.56	3.77029e-08
0.5601	4.719e-08
0.5602	4.19311e-08
0.5603	3.39974e-08
0.5604	3.07809e-08
0.5605	3.59347e-08
0.5606	3.62839e-08
0.5607	3.74267e-08
0.5608	2.63646e-08
0.5609	2.80818e-08
0.561	2.63737e-08
0.5611	3.0883e-08
0.5612	3.01229e-08
0.5613	3.53063e-08
0.5614	3.02157e-08
0.5615	3.50214e-08
0.5616	2.88991e-08
0.5617	3.5199e-08
0.5618	3.5272e-08
0.5619	3.19242e-08
0.562	3.57188e-08
0.5621	3.58334e-08
0.5622	2.72575e-08
0.5623	2.82492e-08
0.5624	3.00355e-08
0.5625	3.44693e-08
0.5626	4.49433e-08
0.5627	4.03716e-08
0.5628	2.692e-08
0.5629	4.0009e-08
0.563	2.52096e-08
0.5631	2.81978e-08
0.5632	3.30694e-08
0.5633	3.59251e-08
0.5634	3.97819e-08
0.5635	3.70595e-08
0.5636	4.02405e-08
0.5637	3.37977e-08
0.5638	3.15075e-08
0.5639	3.40479e-08
0.564	4.03701e-08
0.5641	2.36055e-08
0.5642	3.0128e-08
0.5643	2.63294e-08
0.5644	2.46658e-08
0.5645	2.82433e-08
0.5646	2.69907e-08
0.5647	4.0874e-08
0.5648	4.18181e-08
0.5649	3.20428e-08
0.565	4.96428e-08
0.5651	3.78991e-08
0.5652	4.10245e-08
0.5653	2.70677e-08
0.5654	2.75188e-08
0.5655	3.09099e-08
0.5656	3.80335e-08
0.5657	3.94713e-08
0.5658	4.07208e-08
0.5659	3.35146e-08
0.566	3.82115e-08
0.5661	4.55559e-08
0.5662	3.00799e-08
0.5663	2.61408e-08
0.5664	3.64432e-08
0.5665	2.66334e-08
0.5666	2.43752e-08
0.5667	3.52853e-08
0.5668	4.1262e-08
0.5669	3.40625e-08
0.567	3.66287e-08
0.5671	4.39381e-08
0.5672	3.68433e-08
0.5673	3.7219e-08
0.5674	2.84599e-08
0.5675	3.11112e-08
0.5676	2.99468e-08
0.5677	3.30113e-08
0.5678	3.59047e-08
0.5679	3.93287e-08
0.568	3.15917e-08
0.5681	3.45313e-08
0.5682	3.67603e-08
0.5683	4.40959e-08
0.5684	2.53042e-08
0.5685	3.03059e-08
0.5686	2.57214e-08
0.5687	3.27117e-08
0.5688	2.54742e-08
0.5689	2.4215e-08
0.569	2.76146e-08
0.5691	3.05328e-08
0.5692	3.41526e-08
0.5693	3.99068e-08
0.5694	3.66752e-08
0.5695	4.01221e-08
0.5696	3.60232e-08
0.5697	2.7206e-08
0.5698	3.06853e-08
0.5699	2.94383e-08
0.57	2.91116e-08
0.5701	3.45332e-08
0.5702	2.41233e-08
0.5703	3.32891e-08
0.5704	3.43241e-08
0.5705	3.01927e-08
0.5706	2.8992e-08
0.5707	2.80848e-08
0.5708	3.06921e-08
0.5709	3.41263e-08
0.571	2.71636e-08
0.5711	2.8515e-08
0.5712	3.37205e-08
0.5713	2.72478e-08
0.5714	3.40548e-08
0.5715	3.82672e-08
0.5716	3.72088e-08
0.5717	3.76094e-08
0.5718	3.38738e-08
0.5719	2.79413e-08
0.572	2.843e-08
0.5721	2.77102e-08
0.5722	3.20402e-08
0.5723	3.14042e-08
0.5724	4.31114e-08
0.5725	3.82206e-08
0.5726	3.37762e-08
0.5727	2.53164e-08
0.5728	2.07511e-08
0.5729	2.14918e-08
0.573	2.67863e-08
0.5731	2.26172e-08
0.5732	2.36829e-08
0.5733	1.97813e-08
0.5734	2.71757e-08
0.5735	3.02247e-08
0.5736	2.70353e-08
0.5737	2.28146e-08
0.5738	3.16774e-08
0.5739	4.11533e-08
0.574	3.0845e-08
0.5741	3.47339e-08
0.5742	2.86566e-08
0.5743	2.936e-08
0.5744	2.92294e-08
0.5745	3.30736e-08
0.5746	3.08982e-08
0.5747	3.03576e-08
0.5748	3.17833e-08
0.5749	2.84556e-08
0.575	2.79891e-08
0.5751	3.09158e-08
0.5752	3.93978e-08
0.5753	2.35295e-08
0.5754	2.28734e-08
0.5755	2.99159e-08
0.5756	2.97424e-08
0.5757	2.66531e-08
0.5758	2.65783e-08
0.5759	3.57501e-08
0.576	3.74495e-08
0.5761	3.69478e-08
0.5762	3.49273e-08
0.5763	2.605e-08
0.5764	2.94594e-08
0.5765	2.45748e-08
0.5766	3.39735e-08
0.5767	3.39773e-08
0.5768	2.85572e-08
0.5769	2.85628e-08
0.577	3.15045e-08
0.5771	4.41988e-08
0.5772	2.6126e-08
0.5773	3.81424e-08
0.5774	3.2411e-08
0.5775	3.32344e-08
0.5776	2.27834e-08
0.5777	3.67029e-08
0.5778	4.02014e-08
0.5779	3.63078e-08
0.578	2.89702e-08
0.5781	3.00548e-08
0.5782	2.51681e-08
0.5783	2.99782e-08
0.5784	3.28795e-08
0.5785	4.12809e-08
0.5786	2.38961e-08
0.5787	3.87264e-08
0.5788	2.92082e-08
0.5789	2.96014e-08
0.579	3.65668e-08
0.5791	2.97597e-08
0.5792	3.05961e-08
0.5793	2.53201e-08
0.5794	2.48616e-08
0.5795	2.90887e-08
0.5796	3.96073e-08
0.5797	3.62112e-08
0.5798	4.10879e-08
0.5799	4.11393e-08
0.58	4.05035e-08
0.5801	3.44136e-08
0.5802	3.50809e-08
0.5803	3.42915e-08
0.5804	4.18722e-08
0.5805	2.86276e-08
0.5806	3.45096e-08
0.5807	3.93141e-08
0.5808	2.80791e-08
0.5809	3.10055e-08
0.581	3.01982e-08
0.5811	3.06289e-08
0.5812	2.99488e-08
0.5813	3.23367e-08
0.5814	3.81507e-08
0.5815	3.72006e-08
0.5816	2.73362e-08
0.5817	2.32318e-08
0.5818	2.08917e-08
0.5819	3.50309e-08
0.582	3.26616e-08
0.5821	3.37433e-08
0.5822	2.60803e-08
0.5823	4.12254e-08
0.5824	4.4287e-08
0.5825	3.85451e-08
0.5826	2.936e-08
0.5827	4.00969e-08
0.5828	3.9037e-08
0.5829	3.60267e-08
0.583	3.98923e-08
0.5831	2.38815e-08
0.5832	3.2596e-08
0.5833	2.64836e-08
0.5834	2.4981e-08
0.5835	3.37482e-08
0.5836	3.85667e-08
0.5837	3.4009e-08
0.5838	1.96883e-08
0.5839	1.98496e-08
0.584	2.40571e-08
0.5841	3.82855e-08
0.5842	3.8137e-08
0.5843	2.96299e-08
0.5844	3.39492e-08
0.5845	3.83702e-08
0.5846	3.80563e-08
0.5847	3.15472e-08
0.5848	3.27478e-08
0.5849	4.18537e-08
0.585	3.87673e-08
0.5851	4.0439e-08
0.5852	3.9471e-08
0.5853	3.46627e-08
0.5854	2.72784e-08
0.5855	3.65313e-08
0.5856	3.63615e-08
0.5857	3.00228e-08
0.5858	2.50746e-08
0.5859	2.37955e-08
0.586	2.59553e-08
0.5861	2.96335e-08
0.5862	2.34352e-08
0.5863	3.22538e-08
0.5864	2.07274e-08
0.5865	2.59291e-08
0.5866	3.06388e-08
0.5867	4.34249e-08
0.5868	3.70473e-08
0.5869	4.18291e-08
0.587	3.9786e-08
0.5871	2.80372e-08
0.5872	3.45122e-08
0.5873	3.43723e-08
0.5874	3.50933e-08
0.5875	3.7702e-08
0.5876	2.95741e-08
0.5877	2.65763e-08
0.5878	3.27292e-08
0.5879	3.2071e-08
0.588	2.47447e-08
0.5881	2.77673e-08
0.5882	2.7475e-08
0.5883	2.68887e-08
0.5884	3.58615e-08
0.5885	2.11271e-08
0.5886	1.94168e-08
0.5887	3.1373e-08
0.5888	2.64512e-08
0.5889	3.77252e-08
0.589	3.55681e-08
0.5891	3.20398e-08
0.5892	3.95864e-08
0.5893	3.7283e-08
0.5894	4.43833e-08
0.5895	2.62678e-08
0.5896	4.72936e-08
0.5897	4.03876e-08
0.5898	3.77633e-08
0.5899	2.57509e-08
0.59	2.88378e-08
0.5901	2.66948e-08
0.5902	2.67657e-08
0.5903	2.7215e-08
0.5904	3.56534e-08
0.5905	4.03643e-08
0.5906	2.52432e-08
0.5907	2.33737e-08
0.5908	3.26997e-08
0.5909	2.83594e-08
0.591	2.53706e-08
0.5911	2.78635e-08
0.5912	2.56579e-08
0.5913	3.95981e-08
0.5914	3.9754e-08
0.5915	2.98673e-08
0.5916	3.06849e-08
0.5917	4.13836e-08
0.5918	3.53634e-08
0.5919	2.78143e-08
0.592	3.71609e-08
0.5921	3.75254e-08
0.5922	3.91425e-08
0.5923	3.13324e-08
0.5924	2.38541e-08
0.5925	3.09012e-08
0.5926	3.34341e-08
0.5927	2.89288e-08
0.5928	2.50613e-08
0.5929	3.48162e-08
0.593	3.74908e-08
0.5931	3.69301e-08
0.5932	3.8513e-08
0.5933	2.79789e-08
0.5934	3.53695e-08
0.5935	2.6246e-08
0.5936	3.54802e-08
0.5937	3.69676e-08
0.5938	3.79116e-08
0.5939	2.88903e-08
0.594	3.92494e-08
0.5941	3.95343e-08
0.5942	3.73149e-08
0.5943	3.07579e-08
0.5944	2.59612e-08
0.5945	2.4679e-08
0.5946	3.18265e-08
0.5947	3.40963e-08
0.5948	3.09968e-08
0.5949	3.52376e-08
0.595	3.19835e-08
0.5951	3.23996e-08
0.5952	2.91248e-08
0.5953	4.00618e-08
0.5954	3.22925e-08
0.5955	2.83672e-08
0.5956	3.60982e-08
0.5957	4.64231e-08
0.5958	3.75239e-08
0.5959	3.88693e-08
0.596	2.88667e-08
0.5961	3.32135e-08
0.5962	3.81653e-08
0.5963	4.7379e-08
0.5964	3.3046e-08
0.5965	2.63863e-08
0.5966	2.67606e-08
0.5967	3.96285e-08
0.5968	2.77592e-08
0.5969	3.00122e-08
0.597	3.14229e-08
0.5971	3.14232e-08
0.5972	3.09088e-08
0.5973	3.32513e-08
0.5974	3.22593e-08
0.5975	3.34572e-08
0.5976	2.7364e-08
0.5977	3.17232e-08
0.5978	3.87518e-08
0.5979	3.02154e-08
0.598	3.49035e-08
0.5981	3.07136e-08
0.5982	3.36394e-08
0.5983	3.61605e-08
0.5984	3.68572e-08
0.5985	3.44116e-08
0.5986	3.82175e-08
0.5987	2.40021e-08
0.5988	3.30307e-08
0.5989	2.90688e-08
0.599	4.38576e-08
0.5991	3.08401e-08
0.5992	4.31719e-08
0.5993	4.02886e-08
0.5994	2.60665e-08
0.5995	3.30215e-08
0.5996	5.87829e-08
0.5997	4.62712e-08
0.5998	2.40289e-08
0.5999	2.65634e-08
0.6	2.30737e-08
0.6001	2.41756e-08
0.6002	3.12125e-08
0.6003	4.19202e-08
0.6004	3.15825e-08
0.6005	4.32691e-08
0.6006	3.08383e-08
0.6007	4.68545e-08
0.6008	4.88519e-08
0.6009	2.84912e-08
0.601	2.50391e-08
0.6011	2.97149e-08
0.6012	3.04987e-08
0.6013	2.6458e-08
0.6014	3.57359e-08
0.6015	3.34248e-08
0.6016	2.93459e-08
0.6017	3.41386e-08
0.6018	4.08944e-08
0.6019	2.96094e-08
0.602	2.99841e-08
0.6021	2.99932e-08
0.6022	3.60908e-08
0.6023	2.8453e-08
0.6024	3.98965e-08
0.6025	3.78876e-08
0.6026	3.71245e-08
0.6027	4.06713e-08
0.6028	4.22e-08
0.6029	3.59773e-08
0.603	3.69271e-08
0.6031	2.92684e-08
0.6032	3.44906e-08
0.6033	3.81359e-08
0.6034	3.36089e-08
0.6035	4.47303e-08
0.6036	2.88656e-08
0.6037	3.43156e-08
0.6038	2.96541e-08
0.6039	3.24072e-08
0.604	4.04657e-08
0.6041	3.12589e-08
0.6042	3.1736e-08
0.6043	3.27576e-08
0.6044	2.79447e-08
0.6045	2.51707e-08
0.6046	2.54436e-08
0.6047	2.48522e-08
0.6048	3.25583e-08
0.6049	3.33027e-08
0.605	3.33636e-08
0.6051	3.67517e-08
0.6052	2.59401e-08
0.6053	3.24073e-08
0.6054	3.18071e-08
0.6055	3.56989e-08
0.6056	3.39647e-08
0.6057	3.33783e-08
0.6058	3.50054e-08
0.6059	2.38969e-08
0.606	3.21359e-08
0.6061	4.03856e-08
0.6062	2.4561e-08
0.6063	3.29487e-08
0.6064	2.78959e-08
0.6065	2.91532e-08
0.6066	2.90022e-08
0.6067	2.01225e-08
0.6068	2.2401e-08
0.6069	3.18177e-08
0.607	3.69298e-08
0.6071	2.51891e-08
0.6072	2.72396e-08
0.6073	3.52651e-08
0.6074	3.76749e-08
0.6075	3.46992e-08
0.6076	2.23227e-08
0.6077	3.38982e-08
0.6078	2.90124e-08
0.6079	4.18998e-08
0.608	2.61217e-08
0.6081	3.1409e-08
0.6082	4.08186e-08
0.6083	2.65422e-08
0.6084	2.28763e-08
0.6085	2.1905e-08
0.6086	2.11406e-08
0.6087	3.08642e-08
0.6088	2.40286e-08
0.6089	2.59509e-08
0.609	2.12659e-08
0.6091	3.45457e-08
0.6092	4.1094e-08
0.6093	2.03764e-08
0.6094	2.90123e-08
0.6095	3.62056e-08
0.6096	4.03896e-08
0.6097	4.61665e-08
0.6098	2.57735e-08
0.6099	2.22917e-08
0.61	3.01177e-08
0.6101	2.80786e-08
0.6102	2.95737e-08
0.6103	3.27439e-08
0.6104	2.73015e-08
0.6105	3.46787e-08
0.6106	3.44136e-08
0.6107	2.88546e-08
0.6108	3.77491e-08
0.6109	3.42548e-08
0.611	2.9257e-08
0.6111	2.80523e-08
0.6112	2.23658e-08
0.6113	2.78791e-08
0.6114	3.49742e-08
0.6115	2.4684e-08
0.6116	3.18573e-08
0.6117	3.72923e-08
0.6118	4.87677e-08
0.6119	3.83443e-08
0.612	3.58355e-08
0.6121	2.91441e-08
0.6122	2.79213e-08
0.6123	2.96297e-08
0.6124	3.15402e-08
0.6125	2.5455e-08
0.6126	3.07371e-08
0.6127	3.09313e-08
0.6128	3.07636e-08
0.6129	4.34606e-08
0.613	3.8574e-08
0.6131	3.11394e-08
0.6132	2.76468e-08
0.6133	2.79737e-08
0.6134	3.14229e-08
0.6135	2.73883e-08
0.6136	3.20235e-08
0.6137	2.29813e-08
0.6138	2.83975e-08
0.6139	2.96302e-08
0.614	3.58596e-08
0.6141	3.00695e-08
0.6142	4.15825e-08
0.6143	3.09769e-08
0.6144	2.88324e-08
0.6145	2.99681e-08
0.6146	2.81152e-08
0.6147	3.54678e-08
0.6148	2.33903e-08
0.6149	2.91776e-08
0.615	2.49528e-08
0.6151	2.80079e-08
0.6152	3.93193e-08
0.6153	3.02008e-08
0.6154	3.1765e-08
0.6155	3.69365e-08
0.6156	4.05981e-08
0.6157	4.26403e-08
0.6158	3.50844e-08
0.6159	3.50352e-08
0.616	2.7687e-08
0.6161	4.23319e-08
0.6162	3.13724e-08
0.6163	3.31827e-08
0.6164	3.72138e-08
0.6165	3.05609e-08
0.6166	2.71482e-08
0.6167	2.64981e-08
0.6168	3.04186e-08
0.6169	3.59165e-08
0.617	3.81185e-08
0.6171	3.412e-08
0.6172	3.25034e-08
0.6173	2.82219e-08
0.6174	1.9886e-08
0.6175	2.57557e-08
0.6176	3.03904e-08
0.6177	3.43436e-08
0.6178	3.93058e-08
0.6179	3.31086e-08
0.618	3.68035e-08
0.6181	3.99356e-08
0.6182	3.95403e-08
0.6183	2.88451e-08
0.6184	4.03618e-08
0.6185	4.43396e-08
0.6186	2.94655e-08
0.6187	3.80751e-08
0.6188	2.97178e-08
0.6189	3.34231e-08
0.619	3.04098e-08
0.6191	3.06109e-08
0.6192	3.51681e-08
0.6193	3.91013e-08
0.6194	3.19678e-08
0.6195	2.38597e-08
0.6196	1.95915e-08
0.6197	2.6278e-08
0.6198	4.18189e-08
0.6199	3.33421e-08
0.62	2.66353e-08
0.6201	2.96301e-08
0.6202	4.14973e-08
0.6203	3.42989e-08
0.6204	4.2602e-08
0.6205	3.21546e-08
0.6206	4.10369e-08
0.6207	3.55708e-08
0.6208	3.82388e-08
0.6209	4.23595e-08
0.621	2.69893e-08
0.6211	3.08444e-08
0.6212	4.14376e-08
0.6213	3.54215e-08
0.6214	3.07664e-08
0.6215	2.25478e-08
0.6216	2.146e-08
0.6217	2.57191e-08
0.6218	3.12398e-08
0.6219	2.8394e-08
0.622	2.61762e-08
0.6221	2.4514e-08
0.6222	3.72634e-08
0.6223	4.7532e-08
0.6224	4.20297e-08
0.6225	3.4418e-08
0.6226	3.52409e-08
0.6227	4.44539e-08
0.6228	3.72226e-08
0.6229	4.34257e-08
0.623	3.07093e-08
0.6231	2.94662e-08
0.6232	3.0688e-08
0.6233	4.31948e-08
0.6234	3.15306e-08
0.6235	2.72813e-08
0.6236	2.83289e-08
0.6237	2.59793e-08
0.6238	2.69648e-08
0.6239	2.41365e-08
0.624	2.78207e-08
0.6241	3.04597e-08
0.6242	1.92164e-08
0.6243	2.96491e-08
0.6244	2.47653e-08
0.6245	3.59571e-08
0.6246	3.45264e-08
0.6247	3.13303e-08
0.6248	3.83356e-08
0.6249	3.91426e-08
0.625	4.52528e-08
0.6251	3.94253e-08
0.6252	2.89039e-08
0.6253	3.38842e-08
0.6254	3.56071e-08
0.6255	3.10262e-08
0.6256	2.73531e-08
0.6257	2.45276e-08
0.6258	2.35602e-08
0.6259	3.06735e-08
0.626	2.67406e-08
0.6261	3.78001e-08
0.6262	2.55535e-08
0.6263	2.55595e-08
0.6264	3.35758e-08
0.6265	2.3416e-08
0.6266	3.13538e-08
0.6267	3.56665e-08
0.6268	3.15831e-08
0.6269	3.1647e-08
0.627	3.15298e-08
0.6271	4.67829e-08
0.6272	3.41116e-08
0.6273	3.21963e-08
0.6274	3.13525e-08
0.6275	4.10305e-08
0.6276	3.83607e-08
0.6277	3.29171e-08
0.6278	3.872e-08
0.6279	3.31921e-08
0.628	2.65317e-08
0.6281	2.46728e-08
0.6282	3.18923e-08
0.6283	3.00689e-08
0.6284	3.48152e-08
0.6285	2.59571e-08
0.6286	3.29116e-08
0.6287	2.88102e-08
0.6288	3.49856e-08
0.6289	3.72589e-08
0.629	3.19292e-08
0.6291	3.90242e-08
0.6292	3.75641e-08
0.6293	3.07206e-08
0.6294	2.81664e-08
0.6295	3.04223e-08
0.6296	3.40758e-08
0.6297	3.01218e-08
0.6298	4.2642e-08
0.6299	2.84959e-08
0.63	3.01889e-08
0.6301	2.9719e-08
0.6302	2.41967e-08
0.6303	3.23237e-08
0.6304	4.12541e-08
0.6305	3.7032e-08
0.6306	2.85837e-08
0.6307	3.94164e-08
0.6308	3.27829e-08
0.6309	3.2441e-08
0.631	2.54809e-08
0.6311	2.67791e-08
0.6312	2.45502e-08
0.6313	2.36293e-08
0.6314	4.26212e-08
0.6315	2.99497e-08
0.6316	3.84259e-08
0.6317	3.35511e-08
0.6318	3.65935e-08
0.6319	3.8596e-08
0.632	4.7188e-08
0.6321	3.12393e-08
0.6322	2.71514e-08
0.6323	3.05026e-08
0.6324	3.54104e-08
0.6325	2.79537e-08
0.6326	3.69858e-08
0.6327	3.1917e-08
0.6328	2.57545e-08
0.6329	3.15144e-08
0.633	2.92432e-08
0.6331	3.50606e-08
0.6332	3.2679e-08
0.6333	2.33829e-08
0.6334	3.15866e-08
0.6335	2.5995e-08
0.6336	2.74116e-08
0.6337	3.51307e-08
0.6338	3.09947e-08
0.6339	2.86525e-08
0.634	3.70099e-08
0.6341	3.80841e-08
0.6342	2.75475e-08
0.6343	3.62763e-08
0.6344	2.44418e-08
0.6345	3.30129e-08
0.6346	2.54189e-08
0.6347	4.03615e-08
0.6348	3.47616e-08
0.6349	2.91002e-08
0.635	3.6168e-08
0.6351	2.6386e-08
0.6352	4.1091e-08
0.6353	3.88945e-08
0.6354	3.18635e-08
0.6355	2.57535e-08
0.6356	2.73344e-08
0.6357	2.32707e-08
0.6358	2.61288e-08
0.6359	3.438e-08
0.636	4.37531e-08
0.6361	4.16855e-08
0.6362	3.66367e-08
0.6363	4.24191e-08
0.6364	3.53266e-08
0.6365	4.15024e-08
0.6366	3.22656e-08
0.6367	2.49489e-08
0.6368	3.05632e-08
0.6369	3.27005e-08
0.637	3.16868e-08
0.6371	3.8043e-08
0.6372	3.55796e-08
0.6373	2.8554e-08
0.6374	2.90263e-08
0.6375	3.98029e-08
0.6376	3.10025e-08
0.6377	3.34001e-08
0.6378	2.15939e-08
0.6379	2.74414e-08
0.638	3.41038e-08
0.6381	4.10462e-08
0.6382	3.8601e-08
0.6383	3.55635e-08
0.6384	3.61635e-08
0.6385	4.19577e-08
0.6386	3.43857e-08
0.6387	3.83796e-08
0.6388	2.52278e-08
0.6389	3.15077e-08
0.639	3.64529e-08
0.6391	3.11086e-08
0.6392	3.91217e-08
0.6393	2.90888e-08
0.6394	2.65668e-08
0.6395	3.10282e-08
0.6396	4.31834e-08
0.6397	2.81541e-08
0.6398	2.76129e-08
0.6399	2.63571e-08
0.64	2.90485e-08
0.6401	2.30685e-08
0.6402	2.43078e-08
0.6403	3.00918e-08
0.6404	2.7653e-08
0.6405	2.97895e-08
0.6406	4.08422e-08
0.6407	3.56282e-08
0.6408	3.61461e-08
0.6409	4.1803e-08
0.641	2.40236e-08
0.6411	2.97727e-08
0.6412	2.30557e-08
0.6413	4.01585e-08
0.6414	2.92777e-08
0.6415	3.15931e-08
0.6416	3.01298e-08
0.6417	2.80995e-08
0.6418	3.70167e-08
0.6419	2.31849e-08
0.642	3.08655e-08
0.6421	2.51963e-08
0.6422	3.35999e-08
0.6423	3.0615e-08
0.6424	2.17231e-08
0.6425	2.5282e-08
0.6426	3.28413e-08
0.6427	3.30126e-08
0.6428	3.32644e-08
0.6429	2.60118e-08
0.643	3.32904e-08
0.6431	3.2873e-08
0.6432	3.13198e-08
0.6433	2.197e-08
0.6434	3.2263e-08
0.6435	2.4316e-08
0.6436	3.71877e-08
0.6437	2.98608e-08
0.6438	2.87761e-08
0.6439	3.922e-08
0.644	2.49635e-08
0.6441	2.24805e-08
0.6442	2.18177e-08
0.6443	2.12901e-08
0.6444	2.94027e-08
0.6445	3.03342e-08
0.6446	2.01842e-08
0.6447	2.34922e-08
0.6448	2.94203e-08
0.6449	4.09005e-08
0.645	2.46493e-08
0.6451	3.5451e-08
0.6452	2.94716e-08
0.6453	4.88299e-08
0.6454	3.79824e-08
0.6455	2.41233e-08
0.6456	2.67028e-08
0.6457	3.56015e-08
0.6458	2.81482e-08
0.6459	2.51604e-08
0.646	3.71958e-08
0.6461	2.53766e-08
0.6462	3.74841e-08
0.6463	2.9935e-08
0.6464	2.58334e-08
0.6465	3.20318e-08
0.6466	3.24129e-08
0.6467	2.37842e-08
0.6468	2.75742e-08
0.6469	2.15534e-08
0.647	2.93164e-08
0.6471	3.46332e-08
0.6472	2.3424e-08
0.6473	2.99696e-08
0.6474	2.66807e-08
0.6475	3.07461e-08
0.6476	2.8995e-08
0.6477	2.66963e-08
0.6478	3.76659e-08
0.6479	2.95462e-08
0.648	3.42189e-08
0.6481	2.99983e-08
0.6482	2.61766e-08
0.6483	2.63585e-08
0.6484	3.15769e-08
0.6485	3.86469e-08
0.6486	3.95186e-08
0.6487	3.11617e-08
0.6488	2.81264e-08
0.6489	2.86058e-08
0.649	4.24821e-08
0.6491	3.41176e-08
0.6492	3.62297e-08
0.6493	2.6357e-08
0.6494	2.87506e-08
0.6495	2.28489e-08
0.6496	3.13479e-08
0.6497	3.26613e-08
0.6498	3.52425e-08
0.6499	2.59231e-08
0.65	3.32093e-08
0.6501	3.42453e-08
0.6502	3.57176e-08
0.6503	3.19407e-08
0.6504	3.79699e-08
0.6505	2.72751e-08
0.6506	2.65618e-08
0.6507	2.64157e-08
0.6508	2.81004e-08
0.6509	4.02229e-08
0.651	4.70354e-08
0.6511	3.08061e-08
0.6512	3.97562e-08
0.6513	3.98149e-08
0.6514	3.86925e-08
0.6515	4.06159e-08
0.6516	3.58984e-08
0.6517	3.54976e-08
0.6518	2.53367e-08
0.6519	3.11976e-08
0.652	3.76725e-08
0.6521	2.90204e-08
0.6522	3.32763e-08
0.6523	2.87433e-08
0.6524	2.61585e-08
0.6525	3.10305e-08
0.6526	3.73418e-08
0.6527	3.5161e-08
0.6528	3.66433e-08
0.6529	3.21767e-08
0.653	2.49178e-08
0.6531	2.20921e-08
0.6532	3.08748e-08
0.6533	2.84687e-08
0.6534	3.04955e-08
0.6535	3.12265e-08
0.6536	3.67124e-08
0.6537	4.49879e-08
0.6538	4.61637e-08
0.6539	2.86738e-08
0.654	2.95242e-08
0.6541	2.97918e-08
0.6542	3.5177e-08
0.6543	4.90797e-08
0.6544	2.42198e-08
0.6545	3.18325e-08
0.6546	3.08325e-08
0.6547	2.84545e-08
0.6548	2.87887e-08
0.6549	4.73434e-08
0.655	2.76433e-08
0.6551	2.21677e-08
0.6552	2.23259e-08
0.6553	2.09022e-08
0.6554	2.58375e-08
0.6555	3.83462e-08
0.6556	2.87438e-08
0.6557	3.10935e-08
0.6558	2.86127e-08
0.6559	4.13525e-08
0.656	2.77647e-08
0.6561	4.39793e-08
0.6562	3.27996e-08
0.6563	4.26282e-08
0.6564	3.87748e-08
0.6565	3.99053e-08
0.6566	4.33862e-08
0.6567	3.02293e-08
0.6568	2.77843e-08
0.6569	3.58988e-08
0.657	2.62773e-08
0.6571	3.70705e-08
0.6572	2.14274e-08
0.6573	2.40391e-08
0.6574	2.5256e-08
0.6575	2.61878e-08
0.6576	3.41448e-08
0.6577	2.13429e-08
0.6578	2.39311e-08
0.6579	4.32446e-08
0.658	3.91035e-08
0.6581	2.86404e-08
0.6582	3.27699e-08
0.6583	3.809e-08
0.6584	3.58996e-08
0.6585	3.95783e-08
0.6586	3.73129e-08
0.6587	3.13481e-08
0.6588	3.85511e-08
0.6589	3.41984e-08
0.659	3.76503e-08
0.6591	2.5558e-08
0.6592	3.56784e-08
0.6593	2.98422e-08
0.6594	2.27139e-08
0.6595	3.0457e-08
0.6596	2.90875e-08
0.6597	3.22752e-08
0.6598	2.94003e-08
0.6599	1.77222e-08
0.66	3.10791e-08
0.6601	2.95185e-08
0.6602	2.92931e-08
0.6603	3.88078e-08
0.6604	2.78701e-08
0.6605	3.88e-08
0.6606	4.46471e-08
0.6607	5.53186e-08
0.6608	2.75906e-08
0.6609	3.20965e-08
0.661	3.62672e-08
0.6611	3.81392e-08
0.6612	2.90025e-08
0.6613	3.24208e-08
0.6614	3.06781e-08
0.6615	2.27245e-08
0.6616	2.92992e-08
0.6617	3.17187e-08
0.6618	4.14698e-08
0.6619	2.84613e-08
0.662	2.56056e-08
0.6621	3.61515e-08
0.6622	2.2204e-08
0.6623	2.47258e-08
0.6624	3.61241e-08
0.6625	2.83747e-08
0.6626	3.99787e-08
0.6627	2.86221e-08
0.6628	3.20522e-08
0.6629	3.66364e-08
0.663	3.74626e-08
0.6631	2.52886e-08
0.6632	3.30354e-08
0.6633	3.76501e-08
0.6634	3.9745e-08
0.6635	3.91279e-08
0.6636	3.59718e-08
0.6637	2.32459e-08
0.6638	3.15114e-08
0.6639	3.06364e-08
0.664	3.0721e-08
0.6641	2.73261e-08
0.6642	3.27149e-08
0.6643	3.43388e-08
0.6644	2.97398e-08
0.6645	3.20857e-08
0.6646	3.14847e-08
0.6647	2.70957e-08
0.6648	3.70182e-08
0.6649	3.30604e-08
0.665	2.93177e-08
0.6651	3.47998e-08
0.6652	3.30762e-08
0.6653	3.23245e-08
0.6654	4.52812e-08
0.6655	4.34048e-08
0.6656	3.66824e-08
0.6657	3.33649e-08
0.6658	3.48852e-08
0.6659	3.07767e-08
0.666	2.6671e-08
0.6661	3.80204e-08
0.6662	3.56693e-08
0.6663	2.77712e-08
0.6664	3.1842e-08
0.6665	3.43932e-08
0.6666	3.76999e-08
0.6667	3.27389e-08
0.6668	2.35927e-08
0.6669	2.98163e-08
0.667	3.41966e-08
0.6671	4.06034e-08
0.6672	4.10139e-08
0.6673	3.10497e-08
0.6674	3.04695e-08
0.6675	3.81083e-08
0.6676	3.86721e-08
0.6677	3.98292e-08
0.6678	3.06707e-08
0.6679	2.7766e-08
0.668	2.99382e-08
0.6681	2.98461e-08
0.6682	3.2814e-08
0.6683	3.44896e-08
0.6684	3.13966e-08
0.6685	3.46654e-08
0.6686	2.79255e-08
0.6687	3.55847e-08
0.6688	3.348e-08
0.6689	3.33194e-08
0.669	2.63702e-08
0.6691	3.23457e-08
0.6692	2.61496e-08
0.6693	2.53426e-08
0.6694	3.27625e-08
0.6695	3.75606e-08
0.6696	3.83453e-08
0.6697	4.11366e-08
0.6698	2.59359e-08
0.6699	4.11359e-08
0.67	2.89982e-08
0.6701	2.85376e-08
0.6702	3.37702e-08
0.6703	3.60981e-08
0.6704	3.77705e-08
0.6705	3.65194e-08
0.6706	3.34237e-08
0.6707	3.45772e-08
0.6708	2.9312e-08
0.6709	3.77061e-08
0.671	4.28137e-08
0.6711	2.7074e-08
0.6712	3.18645e-08
0.6713	3.02868e-08
0.6714	2.11109e-08
0.6715	2.77413e-08
0.6716	2.97059e-08
0.6717	3.72723e-08
0.6718	4.48211e-08
0.6719	2.46441e-08
0.672	4.45158e-08
0.6721	3.78828e-08
0.6722	3.76896e-08
0.6723	2.78045e-08
0.6724	2.60369e-08
0.6725	2.72234e-08
0.6726	3.68703e-08
0.6727	3.782e-08
0.6728	3.76046e-08
0.6729	2.99827e-08
0.673	3.82034e-08
0.6731	3.54137e-08
0.6732	3.515e-08
0.6733	2.66304e-08
0.6734	3.61456e-08
0.6735	2.50723e-08
0.6736	2.39445e-08
0.6737	3.73571e-08
0.6738	3.73297e-08
0.6739	4.40032e-08
0.674	3.42883e-08
0.6741	4.3931e-08
0.6742	3.30436e-08
0.6743	3.36335e-08
0.6744	3.40724e-08
0.6745	2.64349e-08
0.6746	2.74175e-08
0.6747	3.14206e-08
0.6748	3.34471e-08
0.6749	3.19475e-08
0.675	2.52716e-08
0.6751	3.88859e-08
0.6752	3.61599e-08
0.6753	4.17839e-08
0.6754	2.29799e-08
0.6755	2.82624e-08
0.6756	2.72057e-08
0.6757	3.00628e-08
0.6758	2.00093e-08
0.6759	2.11455e-08
0.676	2.85074e-08
0.6761	3.43808e-08
0.6762	3.7522e-08
0.6763	3.41217e-08
0.6764	4.46701e-08
0.6765	3.05306e-08
0.6766	3.77879e-08
0.6767	2.69787e-08
0.6768	3.16961e-08
0.6769	3.28356e-08
0.677	2.63556e-08
0.6771	3.02842e-08
0.6772	2.71559e-08
0.6773	3.15834e-08
0.6774	2.59419e-08
0.6775	3.30325e-08
0.6776	2.22455e-08
0.6777	3.01903e-08
0.6778	3.19486e-08
0.6779	3.16218e-08
0.678	2.71586e-08
0.6781	2.82923e-08
0.6782	2.8742e-08
0.6783	2.56754e-08
0.6784	3.2532e-08
0.6785	2.75641e-08
0.6786	3.50693e-08
0.6787	3.76092e-08
0.6788	3.31599e-08
0.6789	2.90398e-08
0.679	2.82651e-08
0.6791	2.83445e-08
0.6792	2.99904e-08
0.6793	3.64451e-08
0.6794	3.76442e-08
0.6795	2.97831e-08
0.6796	4.27936e-08
0.6797	2.69014e-08
0.6798	2.04777e-08
0.6799	2.48608e-08
0.68	2.95185e-08
0.6801	2.16902e-08
0.6802	2.82072e-08
0.6803	1.91074e-08
0.6804	2.39526e-08
0.6805	2.61496e-08
0.6806	2.95555e-08
0.6807	2.41027e-08
0.6808	2.99117e-08
0.6809	3.54976e-08
0.681	4.73718e-08
0.6811	3.56362e-08
0.6812	3.44261e-08
0.6813	2.88345e-08
0.6814	2.74227e-08
0.6815	2.78719e-08
0.6816	3.32282e-08
0.6817	3.37437e-08
0.6818	2.9612e-08
0.6819	3.16403e-08
0.682	2.89525e-08
0.6821	2.28476e-08
0.6822	3.88155e-08
0.6823	2.40649e-08
0.6824	2.39517e-08
0.6825	2.84178e-08
0.6826	2.95808e-08
0.6827	2.28664e-08
0.6828	3.26562e-08
0.6829	3.09165e-08
0.683	3.33222e-08
0.6831	3.92173e-08
0.6832	4.47681e-08
0.6833	2.48827e-08
0.6834	2.79394e-08
0.6835	3.11034e-08
0.6836	3.66542e-08
0.6837	3.16937e-08
0.6838	2.90323e-08
0.6839	2.81187e-08
0.684	2.93707e-08
0.6841	4.02059e-08
0.6842	2.48833e-08
0.6843	3.9471e-08
0.6844	3.36986e-08
0.6845	2.57281e-08
0.6846	2.33719e-08
0.6847	3.79119e-08
0.6848	3.76248e-08
0.6849	3.45713e-08
0.685	3.36187e-08
0.6851	2.79301e-08
0.6852	2.72629e-08
0.6853	3.25245e-08
0.6854	3.3555e-08
0.6855	4.06473e-08
0.6856	2.66467e-08
0.6857	3.8923e-08
0.6858	3.47419e-08
0.6859	3.11632e-08
0.686	3.75546e-08
0.6861	2.90016e-08
0.6862	2.66147e-08
0.6863	2.83822e-08
0.6864	2.75952e-08
0.6865	3.11675e-08
0.6866	4.28564e-08
0.6867	3.8808e-08
0.6868	4.31141e-08
0.6869	4.1875e-08
0.687	3.56066e-08
0.6871	3.82777e-08
0.6872	2.83001e-08
0.6873	3.14594e-08
0.6874	4.35261e-08
0.6875	2.64991e-08
0.6876	4.02023e-08
0.6877	3.64256e-08
0.6878	2.91252e-08
0.6879	2.91566e-08
0.688	3.05973e-08
0.6881	2.92673e-08
0.6882	2.98323e-08
0.6883	2.82183e-08
0.6884	3.32707e-08
0.6885	3.42168e-08
0.6886	3.27213e-08
0.6887	2.57091e-08
0.6888	2.03766e-08
0.6889	3.22724e-08
0.689	3.39718e-08
0.6891	3.37609e-08
0.6892	2.49074e-08
0.6893	3.68973e-08
0.6894	3.90694e-08
0.6895	4.12832e-08
0.6896	3.62819e-08
0.6897	3.31255e-08
0.6898	3.58793e-08
0.6899	3.74519e-08
0.69	4.31829e-08
0.6901	2.98542e-08
0.6902	3.23312e-08
0.6903	2.89487e-08
0.6904	2.70623e-08
0.6905	3.03572e-08
0.6906	3.62174e-08
0.6907	2.50175e-08
0.6908	2.01266e-08
0.6909	2.05994e-08
0.691	2.19361e-08
0.6911	3.21805e-08
0.6912	4.66602e-08
0.6913	3.05278e-08
0.6914	3.10776e-08
0.6915	3.52896e-08
0.6916	3.57164e-08
0.6917	2.57261e-08
0.6918	3.71335e-08
0.6919	3.93789e-08
0.692	4.46238e-08
0.6921	3.71899e-08
0.6922	4.45844e-08
0.6923	3.48532e-08
0.6924	2.63479e-08
0.6925	3.38275e-08
0.6926	3.35245e-08
0.6927	2.95452e-08
0.6928	2.95123e-08
0.6929	2.2863e-08
0.693	2.38086e-08
0.6931	2.50242e-08
0.6932	2.6533e-08
0.6933	3.24819e-08
0.6934	2.3776e-08
0.6935	2.20954e-08
0.6936	3.00207e-08
0.6937	3.97025e-08
0.6938	3.09237e-08
0.6939	4.03517e-08
0.694	3.94627e-08
0.6941	4.68275e-08
0.6942	3.42629e-08
0.6943	2.92637e-08
0.6944	3.50528e-08
0.6945	3.77535e-08
0.6946	4.18384e-08
0.6947	2.88254e-08
0.6948	3.33656e-08
0.6949	3.09765e-08
0.695	2.59032e-08
0.6951	2.30249e-08
0.6952	2.57263e-08
0.6953	2.34073e-08
0.6954	2.86424e-08
0.6955	2.65665e-08
0.6956	2.67286e-08
0.6957	2.50283e-08
0.6958	3.2996e-08
0.6959	3.00796e-08
0.696	3.02676e-08
0.6961	3.1093e-08
0.6962	3.45329e-08
0.6963	5.10606e-08
0.6964	4.20284e-08
0.6965	2.97574e-08
0.6966	4.06474e-08
0.6967	3.97651e-08
0.6968	4.20076e-08
0.6969	2.72696e-08
0.697	3.17433e-08
0.6971	3.07434e-08
0.6972	2.71686e-08
0.6973	2.89139e-08
0.6974	3.38992e-08
0.6975	3.96655e-08
0.6976	2.16069e-08
0.6977	2.58192e-08
0.6978	3.08584e-08
0.6979	2.68989e-08
0.698	2.36246e-08
0.6981	2.98679e-08
0.6982	2.56169e-08
0.6983	4.28475e-08
0.6984	3.34716e-08
0.6985	3.68783e-08
0.6986	2.87262e-08
0.6987	4.05002e-08
0.6988	3.38264e-08
0.6989	3.24585e-08
0.699	3.5274e-08
0.6991	3.77486e-08
0.6992	3.64598e-08
0.6993	3.4235e-08
0.6994	2.65944e-08
0.6995	3.28877e-08
0.6996	3.02156e-08
0.6997	3.58669e-08
0.6998	2.74006e-08
0.6999	3.84427e-08
0.7	4.02086e-08
0.7001	3.69652e-08
0.7002	4.0187e-08
0.7003	3.47796e-08
0.7004	3.42017e-08
0.7005	2.8304e-08
0.7006	3.72338e-08
0.7007	2.34475e-08
0.7008	3.36097e-08
0.7009	2.25064e-08
0.701	3.11702e-08
0.7011	3.4891e-08
0.7012	4.13211e-08
0.7013	2.74555e-08
0.7014	2.44043e-08
0.7015	2.70467e-08
0.7016	2.96004e-08
0.7017	3.38557e-08
0.7018	3.73936e-08
0.7019	3.88691e-08
0.702	3.25269e-08
0.7021	3.36631e-08
0.7022	3.1506e-08
0.7023	3.45584e-08
0.7024	3.13867e-08
0.7025	2.2338e-08
0.7026	2.56358e-08
0.7027	4.62881e-08
0.7028	3.89636e-08
0.7029	4.59826e-08
0.703	2.87134e-08
0.7031	2.64349e-08
0.7032	3.6022e-08
0.7033	3.29602e-08
0.7034	2.86744e-08
0.7035	2.64207e-08
0.7036	2.75119e-08
0.7037	3.85145e-08
0.7038	2.85453e-08
0.7039	2.97889e-08
0.704	3.35985e-08
0.7041	2.92631e-08
0.7042	3.36236e-08
0.7043	2.97724e-08
0.7044	3.04018e-08
0.7045	3.46929e-08
0.7046	3.49111e-08
0.7047	3.81285e-08
0.7048	4.00808e-08
0.7049	3.49217e-08
0.705	3.10285e-08
0.7051	2.53507e-08
0.7052	3.74927e-08
0.7053	3.57084e-08
0.7054	3.79668e-08
0.7055	2.30525e-08
0.7056	3.84099e-08
0.7057	2.57705e-08
0.7058	3.05726e-08
0.7059	2.95282e-08
0.706	4.24544e-08
0.7061	3.31682e-08
0.7062	3.86563e-08
0.7063	4.08386e-08
0.7064	2.79558e-08
0.7065	3.20644e-08
0.7066	5.26216e-08
0.7067	4.25329e-08
0.7068	2.37083e-08
0.7069	2.99257e-08
0.707	3.02244e-08
0.7071	2.34397e-08
0.7072	3.49691e-08
0.7073	3.86833e-08
0.7074	3.23636e-08
0.7075	3.4529e-08
0.7076	3.96323e-08
0.7077	4.40415e-08
0.7078	4.27054e-08
0.7079	4.00602e-08
0.708	2.71246e-08
0.7081	2.89612e-08
0.7082	3.4333e-08
0.7083	3.06762e-08
0.7084	3.923e-08
0.7085	3.90297e-08
0.7086	2.37811e-08
0.7087	3.01888e-08
0.7088	3.9079e-08
0.7089	2.84301e-08
0.709	2.87384e-08
0.7091	3.37203e-08
0.7092	2.94757e-08
0.7093	2.52636e-08
0.7094	4.05671e-08
0.7095	3.45519e-08
0.7096	3.76733e-08
0.7097	4.10844e-08
0.7098	3.50628e-08
0.7099	3.73726e-08
0.71	3.52006e-08
0.7101	2.67351e-08
0.7102	3.47574e-08
0.7103	3.67617e-08
0.7104	3.05627e-08
0.7105	3.5868e-08
0.7106	3.1625e-08
0.7107	3.98372e-08
0.7108	3.31543e-08
0.7109	3.3239e-08
0.711	3.52657e-08
0.7111	2.40577e-08
0.7112	3.04952e-08
0.7113	2.82014e-08
0.7114	3.10748e-08
0.7115	3.13455e-08
0.7116	2.27685e-08
0.7117	2.89564e-08
0.7118	3.20993e-08
0.7119	4.0195e-08
0.712	3.45378e-08
0.7121	4.10655e-08
0.7122	3.55391e-08
0.7123	3.48017e-08
0.7124	2.5982e-08
0.7125	2.7916e-08
0.7126	3.52631e-08
0.7127	2.30486e-08
0.7128	2.75632e-08
0.7129	2.49027e-08
0.713	3.27058e-08
0.7131	3.6581e-08
0.7132	2.47213e-08
0.7133	3.09764e-08
0.7134	2.83218e-08
0.7135	3.4199e-08
0.7136	3.06937e-08
0.7137	2.3694e-08
0.7138	2.60662e-08
0.7139	3.68704e-08
0.714	3.48754e-08
0.7141	2.66115e-08
0.7142	2.95701e-08
0.7143	3.19514e-08
0.7144	3.66315e-08
0.7145	3.08845e-08
0.7146	2.29221e-08
0.7147	2.86523e-08
0.7148	2.76441e-08
0.7149	3.59411e-08
0.715	2.84185e-08
0.7151	3.58148e-08
0.7152	3.88292e-08
0.7153	2.85412e-08
0.7154	2.31489e-08
0.7155	2.42954e-08
0.7156	2.04399e-08
0.7157	3.11402e-08
0.7158	2.30398e-08
0.7159	2.4787e-08
0.716	1.96333e-08
0.7161	2.93724e-08
0.7162	2.81977e-08
0.7163	2.23542e-08
0.7164	2.80672e-08
0.7165	3.37356e-08
0.7166	3.53745e-08
0.7167	4.90179e-08
0.7168	2.80145e-08
0.7169	2.03895e-08
0.717	3.58194e-08
0.7171	3.10079e-08
0.7172	2.9523e-08
0.7173	3.28491e-08
0.7174	2.38204e-08
0.7175	3.18973e-08
0.7176	2.9718e-08
0.7177	2.66335e-08
0.7178	3.20088e-08
0.7179	3.683e-08
0.718	3.0938e-08
0.7181	2.195e-08
0.7182	2.28012e-08
0.7183	2.98946e-08
0.7184	3.12029e-08
0.7185	2.56117e-08
0.7186	3.43809e-08
0.7187	3.63367e-08
0.7188	4.7394e-08
0.7189	3.74826e-08
0.719	3.60426e-08
0.7191	3.17519e-08
0.7192	2.62867e-08
0.7193	2.89645e-08
0.7194	3.09942e-08
0.7195	2.58148e-08
0.7196	3.0923e-08
0.7197	3.18537e-08
0.7198	4.22882e-08
0.7199	3.70958e-08
0.72	3.25385e-08
0.7201	3.64726e-08
0.7202	2.77254e-08
0.7203	2.77923e-08
0.7204	3.27628e-08
0.7205	3.06823e-08
0.7206	3.27502e-08
0.7207	2.24213e-08
0.7208	3.0425e-08
0.7209	2.92291e-08
0.721	3.34278e-08
0.7211	2.72244e-08
0.7212	3.77057e-08
0.7213	2.86187e-08
0.7214	2.7416e-08
0.7215	2.98096e-08
0.7216	2.68941e-08
0.7217	3.55081e-08
0.7218	2.71089e-08
0.7219	2.91976e-08
0.722	2.36419e-08
0.7221	2.79678e-08
0.7222	3.17535e-08
0.7223	4.20239e-08
0.7224	2.86709e-08
0.7225	3.54816e-08
0.7226	4.02338e-08
0.7227	3.63608e-08
0.7228	3.76204e-08
0.7229	3.43338e-08
0.723	2.89694e-08
0.7231	3.95073e-08
0.7232	2.77606e-08
0.7233	3.04476e-08
0.7234	4.30987e-08
0.7235	3.12732e-08
0.7236	3.07234e-08
0.7237	2.61097e-08
0.7238	3.06348e-08
0.7239	3.17469e-08
0.724	3.06823e-08
0.7241	3.54325e-08
0.7242	3.63119e-08
0.7243	3.29347e-08
0.7244	2.19037e-08
0.7245	2.30642e-08
0.7246	3.47783e-08
0.7247	3.44352e-08
0.7248	4.13029e-08
0.7249	2.88681e-08
0.725	4.25218e-08
0.7251	4.97592e-08
0.7252	3.66511e-08
0.7253	3.19256e-08
0.7254	3.72347e-08
0.7255	4.23957e-08
0.7256	2.85776e-08
0.7257	3.93201e-08
0.7258	3.32428e-08
0.7259	3.14142e-08
0.726	2.96782e-08
0.7261	2.65e-08
0.7262	3.72756e-08
0.7263	3.50772e-08
0.7264	2.436e-08
0.7265	2.17379e-08
0.7266	2.59708e-08
0.7267	3.21423e-08
0.7268	3.10134e-08
0.7269	3.68248e-08
0.727	3.58929e-08
0.7271	2.90464e-08
0.7272	3.6984e-08
0.7273	3.66852e-08
0.7274	4.53191e-08
0.7275	2.96825e-08
0.7276	3.92561e-08
0.7277	3.73105e-08
0.7278	3.74208e-08
0.7279	3.65456e-08
0.728	2.6649e-08
0.7281	2.46502e-08
0.7282	3.7011e-08
0.7283	3.88487e-08
0.7284	3.14231e-08
0.7285	2.36342e-08
0.7286	2.0905e-08
0.7287	2.71288e-08
0.7288	3.18272e-08
0.7289	2.97942e-08
0.729	2.86824e-08
0.7291	2.43881e-08
0.7292	3.36857e-08
0.7293	4.7163e-08
0.7294	4.14666e-08
0.7295	2.62128e-08
0.7296	3.73632e-08
0.7297	3.72978e-08
0.7298	3.51394e-08
0.7299	4.22032e-08
0.73	2.60719e-08
0.7301	3.31951e-08
0.7302	3.30886e-08
0.7303	3.94306e-08
0.7304	3.43407e-08
0.7305	3.93345e-08
0.7306	2.67455e-08
0.7307	2.66786e-08
0.7308	2.85504e-08
0.7309	3.97164e-08
0.731	2.68865e-08
0.7311	2.47935e-08
0.7312	1.88941e-08
0.7313	2.21848e-08
0.7314	3.56314e-08
0.7315	3.00504e-08
0.7316	3.7906e-08
0.7317	3.1205e-08
0.7318	2.87521e-08
0.7319	4.18793e-08
0.732	4.88285e-08
0.7321	3.7681e-08
0.7322	3.33258e-08
0.7323	3.43946e-08
0.7324	4.07892e-08
0.7325	2.87364e-08
0.7326	2.5279e-08
0.7327	2.70121e-08
0.7328	2.63002e-08
0.7329	2.78696e-08
0.733	2.43487e-08
0.7331	3.80023e-08
0.7332	3.19835e-08
0.7333	3.08981e-08
0.7334	3.28311e-08
0.7335	2.15742e-08
0.7336	3.04175e-08
0.7337	3.1872e-08
0.7338	3.09582e-08
0.7339	2.81794e-08
0.734	3.39497e-08
0.7341	3.68554e-08
0.7342	3.45374e-08
0.7343	3.03986e-08
0.7344	3.61918e-08
0.7345	4.1553e-08
0.7346	3.9982e-08
0.7347	3.43183e-08
0.7348	3.85238e-08
0.7349	3.27796e-08
0.735	2.40839e-08
0.7351	2.71123e-08
0.7352	3.28786e-08
0.7353	3.74132e-08
0.7354	2.94588e-08
0.7355	2.38309e-08
0.7356	3.68054e-08
0.7357	3.55244e-08
0.7358	3.5663e-08
0.7359	4.31255e-08
0.736	2.78678e-08
0.7361	3.70236e-08
0.7362	2.67963e-08
0.7363	3.12025e-08
0.7364	3.33291e-08
0.7365	3.59041e-08
0.7366	2.60537e-08
0.7367	3.29804e-08
0.7368	3.58866e-08
0.7369	3.59213e-08
0.737	3.22468e-08
0.7371	3.11667e-08
0.7372	2.0578e-08
0.7373	3.19666e-08
0.7374	3.83899e-08
0.7375	3.89031e-08
0.7376	2.7093e-08
0.7377	3.13757e-08
0.7378	3.62968e-08
0.7379	2.96974e-08
0.738	2.96752e-08
0.7381	2.89718e-08
0.7382	2.00981e-08
0.7383	3.73613e-08
0.7384	4.66065e-08
0.7385	3.18851e-08
0.7386	3.256e-08
0.7387	3.15773e-08
0.7388	3.03597e-08
0.7389	3.53639e-08
0.739	3.80373e-08
0.7391	3.23496e-08
0.7392	2.615e-08
0.7393	2.79587e-08
0.7394	3.62127e-08
0.7395	2.82356e-08
0.7396	3.15977e-08
0.7397	3.12127e-08
0.7398	3.11222e-08
0.7399	3.31818e-08
0.74	3.29909e-08
0.7401	3.03207e-08
0.7402	2.53203e-08
0.7403	2.26797e-08
0.7404	2.9099e-08
0.7405	3.35073e-08
0.7406	2.71947e-08
0.7407	3.60801e-08
0.7408	2.99322e-08
0.7409	2.72328e-08
0.741	4.28844e-08
0.7411	3.9313e-08
0.7412	2.48658e-08
0.7413	3.07509e-08
0.7414	2.35799e-08
0.7415	2.89293e-08
0.7416	2.84377e-08
0.7417	4.14732e-08
0.7418	2.96065e-08
0.7419	3.43829e-08
0.742	4.12181e-08
0.7421	2.93422e-08
0.7422	3.00095e-08
0.7423	3.71126e-08
0.7424	3.278e-08
0.7425	2.88081e-08
0.7426	2.73502e-08
0.7427	2.48179e-08
0.7428	2.60562e-08
0.7429	3.74637e-08
0.743	4.71043e-08
0.7431	4.14049e-08
0.7432	3.80536e-08
0.7433	3.90184e-08
0.7434	3.16286e-08
0.7435	4.27381e-08
0.7436	3.12484e-08
0.7437	2.62411e-08
0.7438	3.09872e-08
0.7439	3.18697e-08
0.744	3.07733e-08
0.7441	4.00156e-08
0.7442	3.84101e-08
0.7443	2.79904e-08
0.7444	2.51592e-08
0.7445	4.07484e-08
0.7446	2.89943e-08
0.7447	3.01084e-08
0.7448	2.79679e-08
0.7449	3.20409e-08
0.745	3.4069e-08
0.7451	4.00219e-08
0.7452	3.74472e-08
0.7453	4.12195e-08
0.7454	3.72773e-08
0.7455	3.57037e-08
0.7456	4.10126e-08
0.7457	4.63905e-08
0.7458	2.1984e-08
0.7459	2.98744e-08
0.746	3.39175e-08
0.7461	3.50829e-08
0.7462	5.13753e-08
0.7463	3.24791e-08
0.7464	3.11663e-08
0.7465	2.70968e-08
0.7466	3.13351e-08
0.7467	3.39807e-08
0.7468	2.60485e-08
0.7469	2.86764e-08
0.747	3.28195e-08
0.7471	2.43554e-08
0.7472	1.94116e-08
0.7473	2.55936e-08
0.7474	2.74058e-08
0.7475	3.40941e-08
0.7476	3.9054e-08
0.7477	3.47705e-08
0.7478	3.58281e-08
0.7479	3.25306e-08
0.748	2.74911e-08
0.7481	2.74479e-08
0.7482	2.57075e-08
0.7483	3.66902e-08
0.7484	2.76742e-08
0.7485	2.46531e-08
0.7486	2.80975e-08
0.7487	2.89376e-08
0.7488	3.96601e-08
0.7489	2.32274e-08
0.749	3.03887e-08
0.7491	2.72136e-08
0.7492	3.42043e-08
0.7493	3.20175e-08
0.7494	1.95403e-08
0.7495	2.59344e-08
0.7496	3.13913e-08
0.7497	3.35497e-08
0.7498	2.9575e-08
0.7499	2.89525e-08
0.75	3.34549e-08
0.7501	3.58285e-08
0.7502	2.79408e-08
0.7503	2.62452e-08
0.7504	3.60838e-08
0.7505	2.34246e-08
0.7506	3.65541e-08
0.7507	2.68704e-08
0.7508	3.86285e-08
0.7509	3.26545e-08
0.751	2.88875e-08
0.7511	2.43167e-08
0.7512	2.31747e-08
0.7513	2.4026e-08
0.7514	3.1369e-08
0.7515	2.53864e-08
0.7516	2.52357e-08
0.7517	2.37875e-08
0.7518	3.2463e-08
0.7519	3.96065e-08
0.752	2.35169e-08
0.7521	2.90562e-08
0.7522	4.19859e-08
0.7523	3.72767e-08
0.7524	4.67105e-08
0.7525	2.54055e-08
0.7526	3.05881e-08
0.7527	3.08646e-08
0.7528	2.9193e-08
0.7529	2.71605e-08
0.753	3.30407e-08
0.7531	2.51882e-08
0.7532	3.83997e-08
0.7533	3.44118e-08
0.7534	2.19226e-08
0.7535	2.50717e-08
0.7536	4.10711e-08
0.7537	3.07902e-08
0.7538	2.60527e-08
0.7539	2.3024e-08
0.754	3.08881e-08
0.7541	3.53101e-08
0.7542	2.6497e-08
0.7543	3.49968e-08
0.7544	2.83411e-08
0.7545	3.54262e-08
0.7546	3.65302e-08
0.7547	2.8258e-08
0.7548	3.55517e-08
0.7549	3.13436e-08
0.755	2.90597e-08
0.7551	3.37869e-08
0.7552	2.82232e-08
0.7553	2.87708e-08
0.7554	3.34027e-08
0.7555	4.01083e-08
0.7556	3.88674e-08
0.7557	3.00083e-08
0.7558	3.07718e-08
0.7559	2.68356e-08
0.756	2.71292e-08
0.7561	3.52159e-08
0.7562	2.74911e-08
0.7563	3.47553e-08
0.7564	2.15284e-08
0.7565	2.91064e-08
0.7566	3.42423e-08
0.7567	3.24435e-08
0.7568	2.77696e-08
0.7569	3.59004e-08
0.757	3.54308e-08
0.7571	3.66081e-08
0.7572	3.38876e-08
0.7573	3.52045e-08
0.7574	3.59196e-08
0.7575	2.45894e-08
0.7576	2.82035e-08
0.7577	2.58396e-08
0.7578	2.83807e-08
0.7579	2.9303e-08
0.758	3.17942e-08
0.7581	3.00947e-08
0.7582	3.48417e-08
0.7583	4.49202e-08
0.7584	3.9442e-08
0.7585	3.81491e-08
0.7586	3.53797e-08
0.7587	3.81816e-08
0.7588	3.22912e-08
0.7589	2.45272e-08
0.759	3.92974e-08
0.7591	3.62732e-08
0.7592	3.96554e-08
0.7593	2.80778e-08
0.7594	2.99455e-08
0.7595	2.70269e-08
0.7596	3.36866e-08
0.7597	3.49358e-08
0.7598	3.93434e-08
0.7599	2.76394e-08
0.76	3.26182e-08
0.7601	2.37778e-08
0.7602	2.89621e-08
0.7603	2.80135e-08
0.7604	3.26624e-08
0.7605	3.88076e-08
0.7606	2.7666e-08
0.7607	4.71769e-08
0.7608	4.76812e-08
0.7609	3.59813e-08
0.761	2.96287e-08
0.7611	4.01261e-08
0.7612	4.07897e-08
0.7613	3.69206e-08
0.7614	2.68612e-08
0.7615	3.17376e-08
0.7616	3.0407e-08
0.7617	3.07381e-08
0.7618	3.07737e-08
0.7619	3.9742e-08
0.762	3.02997e-08
0.7621	2.13324e-08
0.7622	2.21031e-08
0.7623	2.37163e-08
0.7624	2.5704e-08
0.7625	3.27191e-08
0.7626	3.29755e-08
0.7627	3.48413e-08
0.7628	2.78038e-08
0.7629	4.53273e-08
0.763	3.06188e-08
0.7631	3.76748e-08
0.7632	3.21871e-08
0.7633	4.47398e-08
0.7634	3.55463e-08
0.7635	3.19683e-08
0.7636	4.37292e-08
0.7637	2.11025e-08
0.7638	2.76395e-08
0.7639	3.17113e-08
0.764	3.11518e-08
0.7641	3.85713e-08
0.7642	1.98826e-08
0.7643	2.21596e-08
0.7644	2.7506e-08
0.7645	2.97952e-08
0.7646	2.73146e-08
0.7647	2.37984e-08
0.7648	2.45514e-08
0.7649	3.77105e-08
0.765	4.43975e-08
0.7651	3.7328e-08
0.7652	2.96158e-08
0.7653	4.35183e-08
0.7654	4.13991e-08
0.7655	3.1641e-08
0.7656	4.51299e-08
0.7657	3.19438e-08
0.7658	4.13983e-08
0.7659	3.53663e-08
0.766	3.82746e-08
0.7661	3.22443e-08
0.7662	2.92321e-08
0.7663	2.98941e-08
0.7664	2.16072e-08
0.7665	2.85346e-08
0.7666	2.36199e-08
0.7667	2.18413e-08
0.7668	1.90165e-08
0.7669	2.10061e-08
0.767	2.99727e-08
0.7671	2.25625e-08
0.7672	3.48969e-08
0.7673	4.06125e-08
0.7674	2.99923e-08
0.7675	4.23794e-08
0.7676	4.40814e-08
0.7677	4.96165e-08
0.7678	4.07215e-08
0.7679	3.34937e-08
0.768	3.83576e-08
0.7681	2.80522e-08
0.7682	3.04096e-08
0.7683	2.59144e-08
0.7684	2.37456e-08
0.7685	2.43051e-08
0.7686	3.04902e-08
0.7687	2.48049e-08
0.7688	3.12188e-08
0.7689	2.7802e-08
0.769	2.17704e-08
0.7691	2.52412e-08
0.7692	2.51754e-08
0.7693	2.90917e-08
0.7694	2.51279e-08
0.7695	3.03936e-08
0.7696	3.71808e-08
0.7697	3.21434e-08
0.7698	4.11853e-08
0.7699	3.53851e-08
0.77	3.45381e-08
0.7701	3.14354e-08
0.7702	4.35327e-08
0.7703	3.79311e-08
0.7704	3.06168e-08
0.7705	3.97122e-08
0.7706	2.97136e-08
0.7707	2.62668e-08
0.7708	2.57882e-08
0.7709	3.11047e-08
0.771	3.16332e-08
0.7711	3.38341e-08
0.7712	2.7051e-08
0.7713	3.18992e-08
0.7714	3.37989e-08
0.7715	3.39825e-08
0.7716	3.91133e-08
0.7717	2.54807e-08
0.7718	4.1834e-08
0.7719	3.74279e-08
0.772	3.58285e-08
0.7721	3.11574e-08
0.7722	3.0762e-08
0.7723	3.65795e-08
0.7724	3.11917e-08
0.7725	3.27966e-08
0.7726	3.44441e-08
0.7727	2.86104e-08
0.7728	3.43518e-08
0.7729	2.25056e-08
0.773	3.77204e-08
0.7731	4.01572e-08
0.7732	3.44511e-08
0.7733	3.42646e-08
0.7734	3.53449e-08
0.7735	2.76247e-08
0.7736	2.31542e-08
0.7737	3.49243e-08
0.7738	2.75707e-08
0.7739	2.25796e-08
0.774	3.02006e-08
0.7741	4.20347e-08
0.7742	3.64603e-08
0.7743	3.18536e-08
0.7744	3.1433e-08
0.7745	2.90804e-08
0.7746	4.14583e-08
0.7747	3.76094e-08
0.7748	2.78055e-08
0.7749	2.86722e-08
0.775	3.05377e-08
0.7751	3.44321e-08
0.7752	3.15229e-08
0.7753	2.47201e-08
0.7754	2.55478e-08
0.7755	3.50329e-08
0.7756	3.70029e-08
0.7757	3.25646e-08
0.7758	3.3153e-08
0.7759	3.74615e-08
0.776	2.17731e-08
0.7761	2.8266e-08
0.7762	3.64097e-08
0.7763	2.47391e-08
0.7764	3.1458e-08
0.7765	3.29013e-08
0.7766	2.85993e-08
0.7767	3.77387e-08
0.7768	3.36203e-08
0.7769	2.87186e-08
0.777	3.90889e-08
0.7771	2.59447e-08
0.7772	2.92038e-08
0.7773	2.90318e-08
0.7774	3.33218e-08
0.7775	3.00795e-08
0.7776	3.17353e-08
0.7777	3.29125e-08
0.7778	2.74688e-08
0.7779	4.19762e-08
0.778	4.29907e-08
0.7781	2.96339e-08
0.7782	2.77176e-08
0.7783	2.77138e-08
0.7784	2.81061e-08
0.7785	2.90244e-08
0.7786	3.75636e-08
0.7787	5.48182e-08
0.7788	4.49706e-08
0.7789	3.63414e-08
0.779	3.95156e-08
0.7791	3.70276e-08
0.7792	3.35638e-08
0.7793	3.29181e-08
0.7794	2.44077e-08
0.7795	2.88208e-08
0.7796	3.73799e-08
0.7797	3.27737e-08
0.7798	3.12336e-08
0.7799	3.64687e-08
0.78	3.22483e-08
0.7801	3.7224e-08
0.7802	3.96752e-08
0.7803	2.57136e-08
0.7804	2.90426e-08
0.7805	2.86151e-08
0.7806	2.90216e-08
0.7807	3.30987e-08
0.7808	3.50069e-08
0.7809	3.75102e-08
0.781	4.40258e-08
0.7811	3.28859e-08
0.7812	3.53434e-08
0.7813	3.96707e-08
0.7814	3.94567e-08
0.7815	3.35334e-08
0.7816	3.43462e-08
0.7817	3.79996e-08
0.7818	2.98468e-08
0.7819	3.11291e-08
0.782	2.98335e-08
0.7821	3.4167e-08
0.7822	2.55771e-08
0.7823	3.21929e-08
0.7824	3.35354e-08
0.7825	2.72988e-08
0.7826	3.3203e-08
0.7827	3.07461e-08
0.7828	2.39972e-08
0.7829	2.3202e-08
0.783	2.61607e-08
0.7831	2.98774e-08
0.7832	3.39402e-08
0.7833	3.75392e-08
0.7834	4.20124e-08
0.7835	4.58562e-08
0.7836	3.78274e-08
0.7837	2.48714e-08
0.7838	3.22639e-08
0.7839	2.51937e-08
0.784	3.63808e-08
0.7841	2.6592e-08
0.7842	3.322e-08
0.7843	2.37691e-08
0.7844	3.26078e-08
0.7845	4.0598e-08
0.7846	2.69708e-08
0.7847	2.45079e-08
0.7848	2.83618e-08
0.7849	2.89947e-08
0.785	3.31295e-08
0.7851	1.75143e-08
0.7852	3.20182e-08
0.7853	3.15513e-08
0.7854	3.57535e-08
0.7855	3.28729e-08
0.7856	2.50724e-08
0.7857	3.44889e-08
0.7858	3.47666e-08
0.7859	2.92046e-08
0.786	2.43289e-08
0.7861	3.2574e-08
0.7862	2.02972e-08
0.7863	3.52345e-08
0.7864	2.86145e-08
0.7865	3.02413e-08
0.7866	4.4167e-08
0.7867	2.30175e-08
0.7868	2.68349e-08
0.7869	2.22549e-08
0.787	2.57489e-08
0.7871	2.36821e-08
0.7872	2.47282e-08
0.7873	2.07584e-08
0.7874	2.15178e-08
0.7875	3.47434e-08
0.7876	3.81624e-08
0.7877	2.30569e-08
0.7878	2.56473e-08
0.7879	4.21814e-08
0.788	3.63287e-08
0.7881	3.83168e-08
0.7882	2.15557e-08
0.7883	2.98892e-08
0.7884	3.22091e-08
0.7885	2.35731e-08
0.7886	2.76313e-08
0.7887	4.60773e-08
0.7888	2.2357e-08
0.7889	3.75616e-08
0.789	3.47743e-08
0.7891	2.8478e-08
0.7892	3.66834e-08
0.7893	3.13411e-08
0.7894	2.49268e-08
0.7895	3.18016e-08
0.7896	2.30544e-08
0.7897	2.68539e-08
0.7898	3.48019e-08
0.7899	2.08913e-08
0.79	3.33486e-08
0.7901	3.309e-08
0.7902	3.30342e-08
0.7903	3.6055e-08
0.7904	2.48278e-08
0.7905	2.68529e-08
0.7906	3.27071e-08
0.7907	3.10305e-08
0.7908	2.96854e-08
0.7909	2.21678e-08
0.791	2.68462e-08
0.7911	3.7447e-08
0.7912	3.43175e-08
0.7913	4.23215e-08
0.7914	3.5207e-08
0.7915	2.91545e-08
0.7916	2.38424e-08
0.7917	3.37379e-08
0.7918	3.55046e-08
0.7919	3.65023e-08
0.792	3.93954e-08
0.7921	2.51296e-08
0.7922	2.49056e-08
0.7923	2.91897e-08
0.7924	3.49504e-08
0.7925	3.40014e-08
0.7926	3.9239e-08
0.7927	2.89737e-08
0.7928	2.9071e-08
0.7929	3.83639e-08
0.793	2.76493e-08
0.7931	4.57147e-08
0.7932	2.52461e-08
0.7933	2.9064e-08
0.7934	2.39993e-08
0.7935	2.80168e-08
0.7936	3.04277e-08
0.7937	4.51426e-08
0.7938	3.18611e-08
0.7939	3.7919e-08
0.794	4.43901e-08
0.7941	4.14493e-08
0.7942	3.61348e-08
0.7943	3.73735e-08
0.7944	3.30902e-08
0.7945	2.98801e-08
0.7946	3.04733e-08
0.7947	3.77263e-08
0.7948	3.77392e-08
0.7949	3.51971e-08
0.795	3.10598e-08
0.7951	3.10959e-08
0.7952	2.96391e-08
0.7953	2.8732e-08
0.7954	3.78475e-08
0.7955	3.21115e-08
0.7956	3.38509e-08
0.7957	3.0676e-08
0.7958	2.15495e-08
0.7959	3.34698e-08
0.796	2.55219e-08
0.7961	3.45455e-08
0.7962	3.88505e-08
0.7963	3.15468e-08
0.7964	3.76776e-08
0.7965	3.68964e-08
0.7966	4.38986e-08
0.7967	3.35957e-08
0.7968	3.14349e-08
0.7969	4.39296e-08
0.797	4.66287e-08
0.7971	2.72321e-08
0.7972	3.29262e-08
0.7973	2.58942e-08
0.7974	2.6326e-08
0.7975	2.80834e-08
0.7976	2.88885e-08
0.7977	3.20374e-08
0.7978	2.62605e-08
0.7979	2.16287e-08
0.798	2.18497e-08
0.7981	2.29619e-08
0.7982	3.74647e-08
0.7983	3.9773e-08
0.7984	3.29777e-08
0.7985	2.66725e-08
0.7986	3.84376e-08
0.7987	3.62753e-08
0.7988	4.65715e-08
0.7989	3.34307e-08
0.799	4.27558e-08
0.7991	4.44462e-08
0.7992	4.2336e-08
0.7993	4.03527e-08
0.7994	2.74782e-08
0.7995	2.91005e-08
0.7996	4.21283e-08
0.7997	2.47093e-08
0.7998	3.38655e-08
0.7999	2.71773e-08
0.8	2.22086e-08
0.8001	2.76017e-08
0.8002	2.89258e-08
0.8003	3.00725e-08
0.8004	2.32755e-08
0.8005	2.52545e-08
0.8006	3.97677e-08
0.8007	3.78278e-08
0.8008	4.13917e-08
0.8009	2.87959e-08
0.801	4.04215e-08
0.8011	4.81312e-08
0.8012	3.29314e-08
0.8013	3.85648e-08
0.8014	3.34466e-08
0.8015	3.84563e-08
0.8016	4.29728e-08
0.8017	3.18869e-08
0.8018	3.01528e-08
0.8019	3.04242e-08
0.802	2.86673e-08
0.8021	2.43248e-08
0.8022	2.4493e-08
0.8023	2.8391e-08
0.8024	2.77631e-08
0.8025	2.79926e-08
0.8026	1.88188e-08
0.8027	3.18644e-08
0.8028	2.2968e-08
0.8029	3.77534e-08
0.803	3.42426e-08
0.8031	4.10716e-08
0.8032	3.85809e-08
0.8033	4.68568e-08
0.8034	4.7452e-08
0.8035	3.1038e-08
0.8036	3.31781e-08
0.8037	3.07561e-08
0.8038	3.39137e-08
0.8039	3.28932e-08
0.804	2.64722e-08
0.8041	3.02794e-08
0.8042	2.43795e-08
0.8043	2.88602e-08
0.8044	3.0492e-08
0.8045	3.60745e-08
0.8046	2.60897e-08
0.8047	2.95018e-08
0.8048	3.19871e-08
0.8049	2.15776e-08
0.805	3.22889e-08
0.8051	2.5537e-08
0.8052	3.38103e-08
0.8053	3.47364e-08
0.8054	3.35998e-08
0.8055	3.59421e-08
0.8056	3.54022e-08
0.8057	4.02891e-08
0.8058	2.52602e-08
0.8059	2.69385e-08
0.806	4.35574e-08
0.8061	3.35343e-08
0.8062	3.90748e-08
0.8063	3.16218e-08
0.8064	2.56422e-08
0.8065	2.41114e-08
0.8066	3.0805e-08
0.8067	2.903e-08
0.8068	3.65219e-08
0.8069	2.65718e-08
0.807	3.39963e-08
0.8071	2.83116e-08
0.8072	3.6423e-08
0.8073	3.85442e-08
0.8074	2.7728e-08
0.8075	3.40375e-08
0.8076	4.5556e-08
0.8077	2.99186e-08
0.8078	2.82876e-08
0.8079	3.2227e-08
0.808	4.402e-08
0.8081	4.02698e-08
0.8082	3.91152e-08
0.8083	3.17987e-08
0.8084	2.71328e-08
0.8085	3.55412e-08
0.8086	2.02608e-08
0.8087	3.37398e-08
0.8088	4.22181e-08
0.8089	2.89685e-08
0.809	2.52883e-08
0.8091	3.58768e-08
0.8092	3.16739e-08
0.8093	4.33503e-08
0.8094	2.87124e-08
0.8095	2.45947e-08
0.8096	2.62493e-08
0.8097	2.45634e-08
0.8098	4.3522e-08
0.8099	4.2443e-08
0.81	3.2414e-08
0.8101	2.85224e-08
0.8102	3.33661e-08
0.8103	3.56659e-08
0.8104	3.82176e-08
0.8105	2.44833e-08
0.8106	2.78038e-08
0.8107	3.14726e-08
0.8108	3.07728e-08
0.8109	2.81408e-08
0.811	3.62328e-08
0.8111	2.758e-08
0.8112	2.92469e-08
0.8113	2.66751e-08
0.8114	2.98346e-08
0.8115	3.48867e-08
0.8116	3.12572e-08
0.8117	2.38085e-08
0.8118	3.08155e-08
0.8119	3.53246e-08
0.812	3.22661e-08
0.8121	2.85175e-08
0.8122	3.41216e-08
0.8123	3.23135e-08
0.8124	4.24976e-08
0.8125	2.45491e-08
0.8126	2.96905e-08
0.8127	2.91647e-08
0.8128	2.3091e-08
0.8129	3.36425e-08
0.813	3.79031e-08
0.8131	3.66356e-08
0.8132	3.81747e-08
0.8133	3.24157e-08
0.8134	3.21117e-08
0.8135	3.17478e-08
0.8136	4.10422e-08
0.8137	4.81725e-08
0.8138	2.67378e-08
0.8139	2.72361e-08
0.814	2.59327e-08
0.8141	2.80124e-08
0.8142	3.43134e-08
0.8143	3.62685e-08
0.8144	3.8051e-08
0.8145	3.82401e-08
0.8146	4.23848e-08
0.8147	3.82156e-08
0.8148	4.00586e-08
0.8149	3.90912e-08
0.815	3.02276e-08
0.8151	2.69859e-08
0.8152	2.97827e-08
0.8153	3.67702e-08
0.8154	3.41586e-08
0.8155	4.158e-08
0.8156	3.05537e-08
0.8157	3.11145e-08
0.8158	2.68433e-08
0.8159	4.46669e-08
0.816	2.35496e-08
0.8161	3.243e-08
0.8162	2.29271e-08
0.8163	2.91558e-08
0.8164	3.62722e-08
0.8165	4.48842e-08
0.8166	4.65455e-08
0.8167	3.36042e-08
0.8168	2.92403e-08
0.8169	3.9899e-08
0.817	3.30907e-08
0.8171	3.55803e-08
0.8172	3.58226e-08
0.8173	3.29671e-08
0.8174	3.41311e-08
0.8175	2.73109e-08
0.8176	3.6317e-08
0.8177	2.58407e-08
0.8178	3.66332e-08
0.8179	3.71089e-08
0.818	4.06633e-08
0.8181	3.1959e-08
0.8182	2.69796e-08
0.8183	2.69377e-08
0.8184	3.17381e-08
0.8185	2.63947e-08
0.8186	2.29018e-08
0.8187	3.18317e-08
0.8188	3.41697e-08
0.8189	2.96231e-08
0.819	3.40416e-08
0.8191	4.14223e-08
0.8192	3.72915e-08
0.8193	3.65792e-08
0.8194	2.70517e-08
0.8195	3.06907e-08
0.8196	3.698e-08
0.8197	2.97613e-08
0.8198	3.38672e-08
0.8199	2.63375e-08
0.82	3.11285e-08
0.8201	2.49763e-08
0.8202	3.73366e-08
0.8203	2.12453e-08
0.8204	3.42992e-08
0.8205	3.12916e-08
0.8206	2.92287e-08
0.8207	2.62081e-08
0.8208	2.54126e-08
0.8209	3.02882e-08
0.821	3.00271e-08
0.8211	3.60938e-08
0.8212	3.37424e-08
0.8213	2.65782e-08
0.8214	3.55814e-08
0.8215	3.26802e-08
0.8216	3.04887e-08
0.8217	2.18766e-08
0.8218	2.93205e-08
0.8219	2.60939e-08
0.822	3.3468e-08
0.8221	3.29447e-08
0.8222	3.05777e-08
0.8223	3.98649e-08
0.8224	2.67207e-08
0.8225	2.10955e-08
0.8226	2.31003e-08
0.8227	2.68148e-08
0.8228	2.80154e-08
0.8229	2.87394e-08
0.823	2.02289e-08
0.8231	2.41975e-08
0.8232	2.61987e-08
0.8233	3.70068e-08
0.8234	2.53404e-08
0.8235	2.83633e-08
0.8236	3.92355e-08
0.8237	3.23102e-08
0.8238	3.56928e-08
0.8239	2.52223e-08
0.824	2.4665e-08
0.8241	3.05624e-08
0.8242	2.77578e-08
0.8243	2.59286e-08
0.8244	3.74494e-08
0.8245	2.89957e-08
0.8246	3.36638e-08
0.8247	3.2922e-08
0.8248	2.86837e-08
0.8249	3.37181e-08
0.825	3.13979e-08
0.8251	2.02954e-08
0.8252	2.91923e-08
0.8253	2.46087e-08
0.8254	2.846e-08
0.8255	3.31892e-08
0.8256	2.83383e-08
0.8257	2.7562e-08
0.8258	2.73256e-08
0.8259	4.26319e-08
0.826	4.33811e-08
0.8261	2.40578e-08
0.8262	2.6179e-08
0.8263	2.9434e-08
0.8264	3.28283e-08
0.8265	3.25784e-08
0.8266	2.15791e-08
0.8267	2.59344e-08
0.8268	3.84941e-08
0.8269	4.24333e-08
0.827	3.98535e-08
0.8271	2.71475e-08
0.8272	2.7261e-08
0.8273	2.80645e-08
0.8274	3.7278e-08
0.8275	3.53008e-08
0.8276	3.26591e-08
0.8277	3.51446e-08
0.8278	2.80985e-08
0.8279	2.55225e-08
0.828	3.11763e-08
0.8281	3.56783e-08
0.8282	4.5161e-08
0.8283	3.04212e-08
0.8284	3.94951e-08
0.8285	3.20912e-08
0.8286	3.4041e-08
0.8287	3.29202e-08
0.8288	2.98097e-08
0.8289	2.66896e-08
0.829	2.9931e-08
0.8291	2.45571e-08
0.8292	3.11828e-08
0.8293	3.36331e-08
0.8294	3.10498e-08
0.8295	3.46851e-08
0.8296	4.31853e-08
0.8297	4.26247e-08
0.8298	4.2503e-08
0.8299	3.03202e-08
0.83	3.27607e-08
0.8301	4.11835e-08
0.8302	2.86861e-08
0.8303	3.20018e-08
0.8304	3.6254e-08
0.8305	3.23449e-08
0.8306	3.57855e-08
0.8307	2.79155e-08
0.8308	2.9891e-08
0.8309	2.67667e-08
0.831	3.53768e-08
0.8311	3.04614e-08
0.8312	4.0005e-08
0.8313	2.83012e-08
0.8314	2.37224e-08
0.8315	2.07931e-08
0.8316	2.86895e-08
0.8317	3.15666e-08
0.8318	3.48206e-08
0.8319	2.33906e-08
0.832	3.67847e-08
0.8321	4.14671e-08
0.8322	4.30953e-08
0.8323	3.37667e-08
0.8324	2.78095e-08
0.8325	3.65041e-08
0.8326	3.8094e-08
0.8327	3.77634e-08
0.8328	2.86373e-08
0.8329	3.08928e-08
0.833	2.98024e-08
0.8331	2.95186e-08
0.8332	3.1938e-08
0.8333	4.07731e-08
0.8334	3.12272e-08
0.8335	2.5168e-08
0.8336	2.06344e-08
0.8337	2.21113e-08
0.8338	3.12554e-08
0.8339	4.38952e-08
0.834	3.61995e-08
0.8341	3.15533e-08
0.8342	2.92636e-08
0.8343	4.24362e-08
0.8344	2.61845e-08
0.8345	3.98674e-08
0.8346	3.15971e-08
0.8347	4.6622e-08
0.8348	3.18497e-08
0.8349	3.57572e-08
0.835	4.24689e-08
0.8351	2.41252e-08
0.8352	2.79417e-08
0.8353	3.91583e-08
0.8354	3.18383e-08
0.8355	2.64603e-08
0.8356	2.00363e-08
0.8357	2.28861e-08
0.8358	2.17323e-08
0.8359	2.79395e-08
0.836	3.63987e-08
0.8361	2.04869e-08
0.8362	2.22288e-08
0.8363	3.85288e-08
0.8364	4.30733e-08
0.8365	3.85081e-08
0.8366	3.02087e-08
0.8367	4.75589e-08
0.8368	3.92488e-08
0.8369	3.60775e-08
0.837	3.36893e-08
0.8371	3.15817e-08
0.8372	2.91296e-08
0.8373	4.00161e-08
0.8374	3.27593e-08
0.8375	2.62663e-08
0.8376	3.5099e-08
0.8377	2.76911e-08
0.8378	2.48292e-08
0.8379	2.60518e-08
0.838	2.75337e-08
0.8381	3.21051e-08
0.8382	2.64738e-08
0.8383	1.90333e-08
0.8384	3.27124e-08
0.8385	2.49183e-08
0.8386	3.39254e-08
0.8387	3.39769e-08
0.8388	3.16132e-08
0.8389	3.49405e-08
0.839	5.14915e-08
0.8391	4.79544e-08
0.8392	3.02299e-08
0.8393	4.1617e-08
0.8394	4.4901e-08
0.8395	4.083e-08
0.8396	2.54186e-08
0.8397	3.08373e-08
0.8398	2.664e-08
0.8399	2.59143e-08
0.84	3.02287e-08
0.8401	3.30796e-08
0.8402	3.17489e-08
0.8403	2.18627e-08
0.8404	2.53677e-08
0.8405	3.33517e-08
0.8406	2.10881e-08
0.8407	2.78081e-08
0.8408	3.3941e-08
0.8409	2.55456e-08
0.841	4.06732e-08
0.8411	3.04618e-08
0.8412	3.65072e-08
0.8413	3.56181e-08
0.8414	4.13804e-08
0.8415	3.15645e-08
0.8416	3.46739e-08
0.8417	4.11333e-08
0.8418	4.17438e-08
0.8419	3.82897e-08
0.842	3.57187e-08
0.8421	2.32448e-08
0.8422	2.97878e-08
0.8423	2.76264e-08
0.8424	3.06038e-08
0.8425	3.44703e-08
0.8426	2.94232e-08
0.8427	2.8677e-08
0.8428	3.52692e-08
0.8429	3.79702e-08
0.843	2.91711e-08
0.8431	3.23295e-08
0.8432	3.80373e-08
0.8433	3.9596e-08
0.8434	2.4249e-08
0.8435	3.68643e-08
0.8436	2.52723e-08
0.8437	3.37e-08
0.8438	3.01798e-08
0.8439	3.91555e-08
0.844	2.57715e-08
0.8441	3.05428e-08
0.8442	3.57145e-08
0.8443	3.08565e-08
0.8444	3.01671e-08
0.8445	3.74816e-08
0.8446	4.14722e-08
0.8447	2.49498e-08
0.8448	3.29889e-08
0.8449	3.6222e-08
0.845	3.76943e-08
0.8451	3.40676e-08
0.8452	2.61343e-08
0.8453	2.83976e-08
0.8454	3.21977e-08
0.8455	3.62233e-08
0.8456	3.79797e-08
0.8457	3.51883e-08
0.8458	4.23935e-08
0.8459	3.77456e-08
0.846	3.69555e-08
0.8461	3.76478e-08
0.8462	2.19269e-08
0.8463	2.98551e-08
0.8464	3.10615e-08
0.8465	2.80965e-08
0.8466	2.66623e-08
0.8467	2.9408e-08
0.8468	2.76393e-08
0.8469	3.38473e-08
0.847	2.64364e-08
0.8471	2.88426e-08
0.8472	3.28017e-08
0.8473	2.47156e-08
0.8474	2.9479e-08
0.8475	2.71077e-08
0.8476	2.71655e-08
0.8477	2.77188e-08
0.8478	3.0628e-08
0.8479	3.18983e-08
0.848	3.32573e-08
0.8481	3.73122e-08
0.8482	2.56383e-08
0.8483	4.12615e-08
0.8484	2.46125e-08
0.8485	2.74809e-08
0.8486	3.25549e-08
0.8487	2.72575e-08
0.8488	3.7224e-08
0.8489	3.5111e-08
0.849	3.96757e-08
0.8491	3.24294e-08
0.8492	3.17787e-08
0.8493	3.3575e-08
0.8494	4.45358e-08
0.8495	2.68945e-08
0.8496	3.32349e-08
0.8497	2.91784e-08
0.8498	2.28425e-08
0.8499	2.78859e-08
0.85	2.98918e-08
0.8501	4.12195e-08
0.8502	3.82426e-08
0.8503	3.62668e-08
0.8504	4.2113e-08
0.8505	3.0103e-08
0.8506	3.18991e-08
0.8507	2.83886e-08
0.8508	2.72709e-08
0.8509	2.71153e-08
0.851	3.49821e-08
0.8511	3.79413e-08
0.8512	3.72975e-08
0.8513	2.44883e-08
0.8514	3.59301e-08
0.8515	4.13822e-08
0.8516	3.24189e-08
0.8517	2.95789e-08
0.8518	3.24504e-08
0.8519	2.69751e-08
0.852	2.71611e-08
0.8521	3.72305e-08
0.8522	3.34424e-08
0.8523	4.53542e-08
0.8524	3.95048e-08
0.8525	3.40195e-08
0.8526	3.22242e-08
0.8527	3.49305e-08
0.8528	3.23361e-08
0.8529	3.58313e-08
0.853	2.51127e-08
0.8531	3.51684e-08
0.8532	3.38927e-08
0.8533	3.34008e-08
0.8534	3.20838e-08
0.8535	3.48085e-08
0.8536	3.32929e-08
0.8537	4.25091e-08
0.8538	2.32446e-08
0.8539	2.92618e-08
0.854	2.85387e-08
0.8541	3.26098e-08
0.8542	2.21961e-08
0.8543	2.0538e-08
0.8544	3.50733e-08
0.8545	3.0214e-08
0.8546	3.09124e-08
0.8547	2.81392e-08
0.8548	4.18967e-08
0.8549	2.86079e-08
0.855	4.2977e-08
0.8551	2.86648e-08
0.8552	3.36796e-08
0.8553	3.34817e-08
0.8554	2.77662e-08
0.8555	2.77138e-08
0.8556	2.52339e-08
0.8557	3.80451e-08
0.8558	3.32423e-08
0.8559	3.20593e-08
0.856	2.88713e-08
0.8561	2.86791e-08
0.8562	2.59301e-08
0.8563	3.48945e-08
0.8564	2.76866e-08
0.8565	2.69866e-08
0.8566	3.69952e-08
0.8567	2.66632e-08
0.8568	3.50273e-08
0.8569	3.83241e-08
0.857	2.81997e-08
0.8571	3.83057e-08
0.8572	3.40866e-08
0.8573	2.71893e-08
0.8574	2.81333e-08
0.8575	2.86971e-08
0.8576	3.10155e-08
0.8577	3.18621e-08
0.8578	3.40989e-08
0.8579	3.03659e-08
0.858	3.13239e-08
0.8581	2.75905e-08
0.8582	2.64133e-08
0.8583	2.37159e-08
0.8584	2.86409e-08
0.8585	2.59254e-08
0.8586	2.58879e-08
0.8587	1.93652e-08
0.8588	2.85235e-08
0.8589	2.67313e-08
0.859	2.90642e-08
0.8591	2.47182e-08
0.8592	3.04098e-08
0.8593	3.85562e-08
0.8594	4.82177e-08
0.8595	3.61667e-08
0.8596	2.40306e-08
0.8597	2.78955e-08
0.8598	3.19774e-08
0.8599	2.95209e-08
0.86	3.32043e-08
0.8601	3.1931e-08
0.8602	3.21813e-08
0.8603	3.22965e-08
0.8604	2.91652e-08
0.8605	2.37867e-08
0.8606	3.98363e-08
0.8607	2.37783e-08
0.8608	3.27528e-08
0.8609	2.23778e-08
0.861	2.85899e-08
0.8611	2.52202e-08
0.8612	3.08559e-08
0.8613	3.17204e-08
0.8614	2.98072e-08
0.8615	3.4112e-08
0.8616	3.99901e-08
0.8617	3.87441e-08
0.8618	2.52165e-08
0.8619	2.77106e-08
0.862	3.00622e-08
0.8621	3.05293e-08
0.8622	2.65754e-08
0.8623	2.73629e-08
0.8624	2.42719e-08
0.8625	3.93964e-08
0.8626	3.10674e-08
0.8627	4.96458e-08
0.8628	2.93667e-08
0.8629	3.3298e-08
0.863	2.83129e-08
0.8631	4.30268e-08
0.8632	2.84686e-08
0.8633	4.08318e-08
0.8634	2.41859e-08
0.8635	2.96961e-08
0.8636	2.51984e-08
0.8637	3.28701e-08
0.8638	3.246e-08
0.8639	4.56082e-08
0.864	3.39139e-08
0.8641	2.67757e-08
0.8642	3.09751e-08
0.8643	3.07343e-08
0.8644	3.95369e-08
0.8645	3.08881e-08
0.8646	3.04805e-08
0.8647	2.64131e-08
0.8648	2.53781e-08
0.8649	2.66899e-08
0.865	3.72323e-08
0.8651	4.10302e-08
0.8652	3.93823e-08
0.8653	3.89441e-08
0.8654	3.5615e-08
0.8655	3.67707e-08
0.8656	3.22986e-08
0.8657	3.44776e-08
0.8658	3.60475e-08
0.8659	2.88265e-08
0.866	4.47166e-08
0.8661	3.1569e-08
0.8662	3.81045e-08
0.8663	3.47304e-08
0.8664	2.73204e-08
0.8665	2.65871e-08
0.8666	2.93778e-08
0.8667	4.04124e-08
0.8668	3.5573e-08
0.8669	3.61489e-08
0.867	2.63344e-08
0.8671	2.61806e-08
0.8672	2.42198e-08
0.8673	3.17234e-08
0.8674	3.20499e-08
0.8675	3.33e-08
0.8676	2.48054e-08
0.8677	4.04793e-08
0.8678	4.08268e-08
0.8679	4.04942e-08
0.868	3.02446e-08
0.8681	3.17256e-08
0.8682	5.06124e-08
0.8683	3.35784e-08
0.8684	4.35402e-08
0.8685	2.48286e-08
0.8686	3.43999e-08
0.8687	3.18092e-08
0.8688	2.82291e-08
0.8689	3.77133e-08
0.869	4.03443e-08
0.8691	3.22416e-08
0.8692	2.21676e-08
0.8693	2.20524e-08
0.8694	2.38946e-08
0.8695	3.2748e-08
0.8696	3.95586e-08
0.8697	2.86809e-08
0.8698	3.63506e-08
0.8699	3.36853e-08
0.87	3.60032e-08
0.8701	2.93383e-08
0.8702	3.45153e-08
0.8703	3.35297e-08
0.8704	4.6126e-08
0.8705	3.52909e-08
0.8706	4.19376e-08
0.8707	3.20157e-08
0.8708	2.55364e-08
0.8709	2.49624e-08
0.871	4.40121e-08
0.8711	3.35218e-08
0.8712	2.94177e-08
0.8713	2.32822e-08
0.8714	2.30212e-08
0.8715	2.58688e-08
0.8716	2.33728e-08
0.8717	3.23661e-08
0.8718	2.16675e-08
0.8719	2.26382e-08
0.872	3.75376e-08
0.8721	3.81198e-08
0.8722	3.49066e-08
0.8723	3.77255e-08
0.8724	4.19461e-08
0.8725	2.67672e-08
0.8726	3.48001e-08
0.8727	3.29342e-08
0.8728	3.57204e-08
0.8729	3.75094e-08
0.873	4.61087e-08
0.8731	2.65476e-08
0.8732	2.88608e-08
0.8733	3.47682e-08
0.8734	3.00179e-08
0.8735	2.20887e-08
0.8736	3.97627e-08
0.8737	2.83405e-08
0.8738	2.81586e-08
0.8739	2.42404e-08
0.874	1.80917e-08
0.8741	2.84551e-08
0.8742	3.52464e-08
0.8743	4.65095e-08
0.8744	3.9474e-08
0.8745	2.79178e-08
0.8746	4.13178e-08
0.8747	5.57039e-08
0.8748	3.13906e-08
0.8749	2.78254e-08
0.875	3.85736e-08
0.8751	3.75253e-08
0.8752	3.83412e-08
0.8753	2.63139e-08
0.8754	2.76877e-08
0.8755	2.6539e-08
0.8756	2.6386e-08
0.8757	2.70028e-08
0.8758	3.45662e-08
0.8759	3.40964e-08
0.876	2.53336e-08
0.8761	2.18465e-08
0.8762	3.76775e-08
0.8763	2.41326e-08
0.8764	2.43638e-08
0.8765	2.97467e-08
0.8766	2.60363e-08
0.8767	4.1585e-08
0.8768	3.41889e-08
0.8769	3.28741e-08
0.877	2.83916e-08
0.8771	4.21663e-08
0.8772	3.56869e-08
0.8773	3.71027e-08
0.8774	3.1027e-08
0.8775	3.5705e-08
0.8776	4.61861e-08
0.8777	2.72961e-08
0.8778	2.69949e-08
0.8779	3.61888e-08
0.878	2.71646e-08
0.8781	2.3771e-08
0.8782	2.77062e-08
0.8783	3.69891e-08
0.8784	3.89104e-08
0.8785	2.70028e-08
0.8786	3.2994e-08
0.8787	3.6385e-08
0.8788	3.33639e-08
0.8789	3.38451e-08
0.879	3.61685e-08
0.8791	3.51187e-08
0.8792	3.47372e-08
0.8793	2.03791e-08
0.8794	3.36946e-08
0.8795	4.27476e-08
0.8796	3.86123e-08
0.8797	3.11042e-08
0.8798	2.7567e-08
0.8799	2.77951e-08
0.88	3.13839e-08
0.8801	3.07705e-08
0.8802	3.55403e-08
0.8803	3.57606e-08
0.8804	2.87656e-08
0.8805	3.34471e-08
0.8806	3.11593e-08
0.8807	3.50219e-08
0.8808	3.56455e-08
0.8809	2.19608e-08
0.881	3.51694e-08
0.8811	4.12939e-08
0.8812	4.20239e-08
0.8813	3.92989e-08
0.8814	2.96553e-08
0.8815	3.56421e-08
0.8816	3.70611e-08
0.8817	4.0242e-08
0.8818	3.84774e-08
0.8819	2.32087e-08
0.882	3.19401e-08
0.8821	3.92452e-08
0.8822	2.59671e-08
0.8823	3.35158e-08
0.8824	2.58083e-08
0.8825	2.89745e-08
0.8826	2.94327e-08
0.8827	2.8078e-08
0.8828	3.47856e-08
0.8829	3.22729e-08
0.883	2.55292e-08
0.8831	3.05765e-08
0.8832	2.89996e-08
0.8833	2.82306e-08
0.8834	3.34711e-08
0.8835	2.72287e-08
0.8836	3.88062e-08
0.8837	4.52793e-08
0.8838	3.9355e-08
0.8839	3.17978e-08
0.884	4.44215e-08
0.8841	2.29144e-08
0.8842	3.02528e-08
0.8843	2.84965e-08
0.8844	4.33069e-08
0.8845	4.18944e-08
0.8846	3.29371e-08
0.8847	4.1591e-08
0.8848	3.07689e-08
0.8849	2.8441e-08
0.885	5.37942e-08
0.8851	4.3826e-08
0.8852	2.53039e-08
0.8853	2.90816e-08
0.8854	2.3328e-08
0.8855	2.41465e-08
0.8856	2.8831e-08
0.8857	3.43403e-08
0.8858	3.33259e-08
0.8859	4.76355e-08
0.886	3.68182e-08
0.8861	4.82644e-08
0.8862	3.83791e-08
0.8863	2.9886e-08
0.8864	2.69615e-08
0.8865	2.5923e-08
0.8866	2.72789e-08
0.8867	3.2137e-08
0.8868	2.98674e-08
0.8869	4.41804e-08
0.887	2.64091e-08
0.8871	3.9113e-08
0.8872	4.44902e-08
0.8873	2.47664e-08
0.8874	2.64741e-08
0.8875	3.80467e-08
0.8876	2.94347e-08
0.8877	2.22342e-08
0.8878	3.92269e-08
0.8879	4.12192e-08
0.888	3.39644e-08
0.8881	3.769e-08
0.8882	3.21876e-08
0.8883	4.17211e-08
0.8884	3.9169e-08
0.8885	3.08885e-08
0.8886	3.55682e-08
0.8887	3.21708e-08
0.8888	3.30393e-08
0.8889	3.73129e-08
0.889	3.10756e-08
0.8891	3.62532e-08
0.8892	2.93133e-08
0.8893	3.51973e-08
0.8894	3.8587e-08
0.8895	2.62394e-08
0.8896	2.95116e-08
0.8897	2.51011e-08
0.8898	3.65166e-08
0.8899	2.30452e-08
0.89	2.38762e-08
0.8901	2.87194e-08
0.8902	3.37026e-08
0.8903	3.91166e-08
0.8904	3.46201e-08
0.8905	4.06646e-08
0.8906	2.80873e-08
0.8907	3.35001e-08
0.8908	3.01398e-08
0.8909	3.00234e-08
0.891	3.37289e-08
0.8911	3.09395e-08
0.8912	2.61801e-08
0.8913	2.35242e-08
0.8914	3.07864e-08
0.8915	3.25251e-08
0.8916	2.62825e-08
0.8917	3.26677e-08
0.8918	2.93535e-08
0.8919	3.02109e-08
0.892	2.91029e-08
0.8921	2.60084e-08
0.8922	2.56052e-08
0.8923	3.84313e-08
0.8924	3.3768e-08
0.8925	2.49563e-08
0.8926	3.26601e-08
0.8927	3.61653e-08
0.8928	2.71337e-08
0.8929	3.44914e-08
0.893	2.67007e-08
0.8931	3.10732e-08
0.8932	2.9597e-08
0.8933	3.27964e-08
0.8934	3.24661e-08
0.8935	3.73384e-08
0.8936	3.913e-08
0.8937	3.14332e-08
0.8938	2.23652e-08
0.8939	1.99761e-08
0.894	2.49853e-08
0.8941	3.03881e-08
0.8942	2.21196e-08
0.8943	2.80772e-08
0.8944	1.99408e-08
0.8945	3.07871e-08
0.8946	3.55263e-08
0.8947	2.41033e-08
0.8948	2.7921e-08
0.8949	3.39462e-08
0.895	3.55615e-08
0.8951	4.94902e-08
0.8952	3.17489e-08
0.8953	2.43736e-08
0.8954	2.91283e-08
0.8955	2.97998e-08
0.8956	3.09888e-08
0.8957	3.36316e-08
0.8958	2.62477e-08
0.8959	3.0291e-08
0.896	2.78129e-08
0.8961	3.30752e-08
0.8962	2.80267e-08
0.8963	3.46559e-08
0.8964	2.51058e-08
0.8965	2.68068e-08
0.8966	2.42897e-08
0.8967	3.05324e-08
0.8968	3.23396e-08
0.8969	2.38433e-08
0.897	3.19381e-08
0.8971	3.34342e-08
0.8972	4.38544e-08
0.8973	4.18059e-08
0.8974	3.41823e-08
0.8975	2.82326e-08
0.8976	2.45805e-08
0.8977	3.25569e-08
0.8978	3.4558e-08
0.8979	2.31199e-08
0.898	2.85455e-08
0.8981	2.97281e-08
0.8982	4.32306e-08
0.8983	3.72732e-08
0.8984	3.60365e-08
0.8985	2.86089e-08
0.8986	2.78556e-08
0.8987	2.5736e-08
0.8988	3.47272e-08
0.8989	3.40148e-08
0.899	4.05165e-08
0.8991	2.15965e-08
0.8992	2.45793e-08
0.8993	2.25226e-08
0.8994	3.00753e-08
0.8995	2.81814e-08
0.8996	3.64823e-08
0.8997	3.62517e-08
0.8998	2.87378e-08
0.8999	2.90544e-08
0.9	2.95267e-08
0.9001	3.40195e-08
0.9002	3.49763e-08
0.9003	2.58377e-08
0.9004	2.66314e-08
0.9005	2.83163e-08
0.9006	3.16268e-08
0.9007	2.7358e-08
0.9008	3.48908e-08
0.9009	3.72764e-08
0.901	4.08546e-08
0.9011	3.84803e-08
0.9012	3.86446e-08
0.9013	3.6424e-08
0.9014	3.65081e-08
0.9015	3.71588e-08
0.9016	2.77691e-08
0.9017	3.26957e-08
0.9018	3.95313e-08
0.9019	3.03412e-08
0.902	3.21501e-08
0.9021	2.48426e-08
0.9022	3.0706e-08
0.9023	2.84652e-08
0.9024	3.48153e-08
0.9025	3.16571e-08
0.9026	3.89906e-08
0.9027	2.58262e-08
0.9028	2.53158e-08
0.9029	2.44641e-08
0.903	3.24278e-08
0.9031	2.86234e-08
0.9032	3.49165e-08
0.9033	2.61423e-08
0.9034	3.96174e-08
0.9035	4.07208e-08
0.9036	4.02817e-08
0.9037	3.18682e-08
0.9038	3.69673e-08
0.9039	3.94348e-08
0.904	2.8589e-08
0.9041	4.08887e-08
0.9042	2.39834e-08
0.9043	3.46264e-08
0.9044	3.06619e-08
0.9045	2.86692e-08
0.9046	3.25276e-08
0.9047	4.55347e-08
0.9048	3.27392e-08
0.9049	2.47841e-08
0.905	1.874e-08
0.9051	2.48768e-08
0.9052	3.33107e-08
0.9053	3.67388e-08
0.9054	2.91599e-08
0.9055	3.05457e-08
0.9056	3.69027e-08
0.9057	3.77741e-08
0.9058	4.10601e-08
0.9059	3.22263e-08
0.906	4.18518e-08
0.9061	4.28881e-08
0.9062	4.28979e-08
0.9063	3.88533e-08
0.9064	3.83055e-08
0.9065	3.21251e-08
0.9066	3.0789e-08
0.9067	3.13131e-08
0.9068	2.78803e-08
0.9069	3.07871e-08
0.907	2.35032e-08
0.9071	2.50495e-08
0.9072	3.1107e-08
0.9073	2.40507e-08
0.9074	3.48751e-08
0.9075	2.39125e-08
0.9076	3.10201e-08
0.9077	4.81993e-08
0.9078	4.10627e-08
0.9079	3.10436e-08
0.908	3.71846e-08
0.9081	4.20117e-08
0.9082	3.45003e-08
0.9083	4.20312e-08
0.9084	2.52674e-08
0.9085	4.33171e-08
0.9086	3.61267e-08
0.9087	3.52942e-08
0.9088	4.057e-08
0.9089	3.213e-08
0.909	2.66177e-08
0.9091	4.15806e-08
0.9092	2.99551e-08
0.9093	2.55314e-08
0.9094	2.53758e-08
0.9095	2.55588e-08
0.9096	2.07413e-08
0.9097	2.06806e-08
0.9098	2.52782e-08
0.9099	3.32917e-08
0.91	3.4074e-08
0.9101	2.80916e-08
0.9102	3.17552e-08
0.9103	3.9992e-08
0.9104	5.43457e-08
0.9105	4.25825e-08
0.9106	3.49836e-08
0.9107	3.52396e-08
0.9108	3.83177e-08
0.9109	4.13804e-08
0.911	2.34368e-08
0.9111	2.59646e-08
0.9112	2.82677e-08
0.9113	2.89479e-08
0.9114	2.69576e-08
0.9115	3.24444e-08
0.9116	3.42045e-08
0.9117	2.87714e-08
0.9118	3.20487e-08
0.9119	2.18226e-08
0.912	2.93161e-08
0.9121	2.94126e-08
0.9122	2.85777e-08
0.9123	2.6574e-08
0.9124	3.7859e-08
0.9125	4.0358e-08
0.9126	2.45046e-08
0.9127	3.34045e-08
0.9128	3.98504e-08
0.9129	2.8469e-08
0.913	3.81124e-08
0.9131	3.37643e-08
0.9132	3.80161e-08
0.9133	3.46609e-08
0.9134	2.97311e-08
0.9135	2.56127e-08
0.9136	3.3268e-08
0.9137	2.8805e-08
0.9138	2.7809e-08
0.9139	2.72917e-08
0.914	3.37441e-08
0.9141	3.59128e-08
0.9142	3.65072e-08
0.9143	3.62052e-08
0.9144	3.36165e-08
0.9145	3.90294e-08
0.9146	3.689e-08
0.9147	2.85732e-08
0.9148	2.82902e-08
0.9149	3.53436e-08
0.915	2.33238e-08
0.9151	2.94241e-08
0.9152	3.94734e-08
0.9153	3.32065e-08
0.9154	2.64968e-08
0.9155	2.98436e-08
0.9156	2.61497e-08
0.9157	3.2678e-08
0.9158	3.80381e-08
0.9159	3.51841e-08
0.916	3.64217e-08
0.9161	3.52464e-08
0.9162	3.32555e-08
0.9163	3.10611e-08
0.9164	3.01519e-08
0.9165	2.85702e-08
0.9166	2.25231e-08
0.9167	3.34736e-08
0.9168	4.07516e-08
0.9169	3.54922e-08
0.917	3.89457e-08
0.9171	2.80695e-08
0.9172	2.74935e-08
0.9173	3.55913e-08
0.9174	4.10234e-08
0.9175	3.153e-08
0.9176	2.53682e-08
0.9177	2.96692e-08
0.9178	3.68033e-08
0.9179	2.87801e-08
0.918	2.55584e-08
0.9181	3.29599e-08
0.9182	2.76406e-08
0.9183	3.16001e-08
0.9184	3.22244e-08
0.9185	3.3966e-08
0.9186	2.72869e-08
0.9187	2.43444e-08
0.9188	2.96299e-08
0.9189	3.07346e-08
0.919	2.69071e-08
0.9191	3.40043e-08
0.9192	2.99859e-08
0.9193	2.76672e-08
0.9194	4.20527e-08
0.9195	3.82198e-08
0.9196	3.01499e-08
0.9197	3.59212e-08
0.9198	2.35328e-08
0.9199	2.91222e-08
0.92	2.7238e-08
0.9201	4.53065e-08
0.9202	3.35178e-08
0.9203	2.91842e-08
0.9204	3.80614e-08
0.9205	2.95461e-08
0.9206	2.7738e-08
0.9207	4.22187e-08
0.9208	3.88644e-08
0.9209	2.95099e-08
0.921	2.72226e-08
0.9211	2.13629e-08
0.9212	2.64752e-08
0.9213	3.47999e-08
0.9214	4.27231e-08
0.9215	4.31069e-08
0.9216	4.50778e-08
0.9217	3.18858e-08
0.9218	3.82331e-08
0.9219	3.20253e-08
0.922	3.74207e-08
0.9221	2.53985e-08
0.9222	2.81563e-08
0.9223	2.99875e-08
0.9224	2.89147e-08
0.9225	3.68971e-08
0.9226	4.13641e-08
0.9227	2.76479e-08
0.9228	2.64136e-08
0.9229	4.17098e-08
0.923	2.71707e-08
0.9231	2.90153e-08
0.9232	2.60851e-08
0.9233	2.79953e-08
0.9234	3.51983e-08
0.9235	3.51673e-08
0.9236	4.49126e-08
0.9237	3.78791e-08
0.9238	3.82636e-08
0.9239	3.92082e-08
0.924	4.11121e-08
0.9241	3.90106e-08
0.9242	2.21139e-08
0.9243	3.3864e-08
0.9244	3.76973e-08
0.9245	3.07114e-08
0.9246	4.77248e-08
0.9247	2.78452e-08
0.9248	2.6967e-08
0.9249	3.15811e-08
0.925	3.64643e-08
0.9251	3.21868e-08
0.9252	2.58431e-08
0.9253	2.72813e-08
0.9254	2.34838e-08
0.9255	2.72467e-08
0.9256	2.53149e-08
0.9257	2.7063e-08
0.9258	2.68857e-08
0.9259	3.08572e-08
0.926	3.8675e-08
0.9261	3.46417e-08
0.9262	4.32252e-08
0.9263	4.16117e-08
0.9264	2.57796e-08
0.9265	2.61244e-08
0.9266	2.88266e-08
0.9267	3.6384e-08
0.9268	3.44673e-08
0.9269	3.80389e-08
0.927	2.79712e-08
0.9271	3.0468e-08
0.9272	3.52718e-08
0.9273	2.9382e-08
0.9274	3.5059e-08
0.9275	2.51816e-08
0.9276	2.98766e-08
0.9277	2.93487e-08
0.9278	2.13119e-08
0.9279	2.93811e-08
0.928	3.1257e-08
0.9281	3.40512e-08
0.9282	2.8083e-08
0.9283	2.65151e-08
0.9284	3.57761e-08
0.9285	3.26378e-08
0.9286	3.08431e-08
0.9287	2.49019e-08
0.9288	3.09167e-08
0.9289	2.93131e-08
0.929	3.62795e-08
0.9291	3.09966e-08
0.9292	3.72687e-08
0.9293	4.42139e-08
0.9294	2.79386e-08
0.9295	2.29089e-08
0.9296	2.08507e-08
0.9297	2.32016e-08
0.9298	3.01958e-08
0.9299	2.76135e-08
0.93	2.22758e-08
0.9301	2.38114e-08
0.9302	3.35573e-08
0.9303	3.8788e-08
0.9304	2.03963e-08
0.9305	2.73568e-08
0.9306	4.17883e-08
0.9307	4.95575e-08
0.9308	4.21392e-08
0.9309	2.30927e-08
0.931	2.7996e-08
0.9311	3.25553e-08
0.9312	2.54549e-08
0.9313	2.6198e-08
0.9314	4.04331e-08
0.9315	2.60468e-08
0.9316	4.1487e-08
0.9317	3.17983e-08
0.9318	2.20712e-08
0.9319	2.31679e-08
0.932	4.53213e-08
0.9321	2.33792e-08
0.9322	2.67205e-08
0.9323	2.35837e-08
0.9324	3.3853e-08
0.9325	3.54692e-08
0.9326	2.11111e-08
0.9327	3.10513e-08
0.9328	2.76614e-08
0.9329	3.32532e-08
0.933	3.9482e-08
0.9331	3.15202e-08
0.9332	2.86689e-08
0.9333	3.58984e-08
0.9334	3.02414e-08
0.9335	3.04758e-08
0.9336	2.33431e-08
0.9337	3.24372e-08
0.9338	2.76417e-08
0.9339	4.07982e-08
0.934	2.90464e-08
0.9341	3.52663e-08
0.9342	2.62997e-08
0.9343	2.46538e-08
0.9344	3.08844e-08
0.9345	3.61739e-08
0.9346	3.5133e-08
0.9347	3.56972e-08
0.9348	2.63324e-08
0.9349	2.47065e-08
0.935	3.18543e-08
0.9351	3.59656e-08
0.9352	3.51195e-08
0.9353	4.04756e-08
0.9354	3.47411e-08
0.9355	3.65505e-08
0.9356	3.57931e-08
0.9357	2.94389e-08
0.9358	3.58878e-08
0.9359	2.78392e-08
0.936	2.79034e-08
0.9361	2.50471e-08
0.9362	2.47929e-08
0.9363	2.57088e-08
0.9364	3.21325e-08
0.9365	3.47935e-08
0.9366	4.11127e-08
0.9367	3.92189e-08
0.9368	3.557e-08
0.9369	3.26175e-08
0.937	4.0208e-08
0.9371	3.64997e-08
0.9372	3.07675e-08
0.9373	2.5175e-08
0.9374	4.22588e-08
0.9375	3.17708e-08
0.9376	3.12869e-08
0.9377	2.8736e-08
0.9378	2.63784e-08
0.9379	2.79076e-08
0.938	3.54723e-08
0.9381	3.47864e-08
0.9382	3.43203e-08
0.9383	3.34913e-08
0.9384	2.57405e-08
0.9385	2.54176e-08
0.9386	2.76752e-08
0.9387	2.99155e-08
0.9388	3.28833e-08
0.9389	3.99553e-08
0.939	2.85579e-08
0.9391	4.83972e-08
0.9392	4.00306e-08
0.9393	3.41085e-08
0.9394	3.21644e-08
0.9395	3.38105e-08
0.9396	4.68472e-08
0.9397	3.96247e-08
0.9398	2.77378e-08
0.9399	2.643e-08
0.94	3.24579e-08
0.9401	2.71036e-08
0.9402	2.63882e-08
0.9403	2.98476e-08
0.9404	3.17402e-08
0.9405	3.18698e-08
0.9406	2.17999e-08
0.9407	2.22214e-08
0.9408	2.41137e-08
0.9409	3.29376e-08
0.941	3.3741e-08
0.9411	3.11774e-08
0.9412	3.02394e-08
0.9413	4.85387e-08
0.9414	3.51349e-08
0.9415	4.39519e-08
0.9416	3.28737e-08
0.9417	4.1853e-08
0.9418	3.70539e-08
0.9419	3.71248e-08
0.942	4.05597e-08
0.9421	2.68589e-08
0.9422	2.54896e-08
0.9423	3.82126e-08
0.9424	2.78292e-08
0.9425	3.46741e-08
0.9426	2.09668e-08
0.9427	2.19739e-08
0.9428	2.60423e-08
0.9429	2.99409e-08
0.943	2.35876e-08
0.9431	2.5214e-08
0.9432	2.55889e-08
0.9433	3.29034e-08
0.9434	4.4218e-08
0.9435	3.26262e-08
0.9436	3.21891e-08
0.9437	4.11052e-08
0.9438	4.13558e-08
0.9439	3.69745e-08
0.944	3.80823e-08
0.9441	3.40177e-08
0.9442	3.59325e-08
0.9443	3.13259e-08
0.9444	3.64769e-08
0.9445	2.77261e-08
0.9446	3.71927e-08
0.9447	2.48396e-08
0.9448	2.81722e-08
0.9449	2.60452e-08
0.945	2.69801e-08
0.9451	2.56112e-08
0.9452	1.7399e-08
0.9453	1.81928e-08
0.9454	2.58387e-08
0.9455	3.41314e-08
0.9456	3.97294e-08
0.9457	3.70551e-08
0.9458	2.68606e-08
0.9459	4.21826e-08
0.946	4.3447e-08
0.9461	5.87585e-08
0.9462	3.59733e-08
0.9463	2.92939e-08
0.9464	3.31894e-08
0.9465	3.62039e-08
0.9466	3.15388e-08
0.9467	3.0901e-08
0.9468	2.48588e-08
0.9469	2.37403e-08
0.947	2.98028e-08
0.9471	2.68159e-08
0.9472	2.94055e-08
0.9473	2.79265e-08
0.9474	2.65124e-08
0.9475	3.26638e-08
0.9476	2.36328e-08
0.9477	2.82816e-08
0.9478	3.62982e-08
0.9479	2.86647e-08
0.948	3.87561e-08
0.9481	2.92776e-08
0.9482	3.46083e-08
0.9483	3.43027e-08
0.9484	3.44848e-08
0.9485	3.08837e-08
0.9486	3.9869e-08
0.9487	3.80824e-08
0.9488	2.73199e-08
0.9489	3.67689e-08
0.949	3.58697e-08
0.9491	3.32576e-08
0.9492	2.65387e-08
0.9493	3.05037e-08
0.9494	3.56519e-08
0.9495	3.45892e-08
0.9496	2.54487e-08
0.9497	3.50108e-08
0.9498	3.25784e-08
0.9499	3.41408e-08
0.95	3.23227e-08
0.9501	2.61066e-08
0.9502	3.80558e-08
0.9503	3.79986e-08
0.9504	3.73761e-08
0.9505	2.87198e-08
0.9506	3.30208e-08
0.9507	3.35426e-08
0.9508	4.29411e-08
0.9509	4.56742e-08
0.951	3.45784e-08
0.9511	2.85517e-08
0.9512	3.52376e-08
0.9513	2.39643e-08
0.9514	3.5104e-08
0.9515	2.8912e-08
0.9516	3.88942e-08
0.9517	3.77318e-08
0.9518	3.89858e-08
0.9519	2.91359e-08
0.952	3.13753e-08
0.9521	2.7755e-08
0.9522	2.77471e-08
0.9523	2.39739e-08
0.9524	3.72388e-08
0.9525	4.48724e-08
0.9526	3.86095e-08
0.9527	3.33809e-08
0.9528	3.13485e-08
0.9529	3.65336e-08
0.953	3.40491e-08
0.9531	4.13621e-08
0.9532	3.24651e-08
0.9533	2.47565e-08
0.9534	2.86503e-08
0.9535	3.24945e-08
0.9536	3.0948e-08
0.9537	3.55927e-08
0.9538	2.94009e-08
0.9539	3.22946e-08
0.954	2.84833e-08
0.9541	2.97287e-08
0.9542	3.2983e-08
0.9543	3.64685e-08
0.9544	2.93017e-08
0.9545	3.4917e-08
0.9546	3.66353e-08
0.9547	2.8956e-08
0.9548	3.5744e-08
0.9549	3.32915e-08
0.955	2.6968e-08
0.9551	3.14642e-08
0.9552	3.51885e-08
0.9553	3.17619e-08
0.9554	3.89913e-08
0.9555	2.64747e-08
0.9556	3.28026e-08
0.9557	2.97265e-08
0.9558	3.07288e-08
0.9559	3.80645e-08
0.956	2.74522e-08
0.9561	3.77164e-08
0.9562	3.192e-08
0.9563	3.31262e-08
0.9564	5.4667e-08
0.9565	3.20406e-08
0.9566	2.61869e-08
0.9567	2.86887e-08
0.9568	2.55015e-08
0.9569	3.26535e-08
0.957	3.98705e-08
0.9571	3.96127e-08
0.9572	3.91284e-08
0.9573	3.39354e-08
0.9574	4.66379e-08
0.9575	3.36409e-08
0.9576	3.29299e-08
0.9577	3.60974e-08
0.9578	2.61817e-08
0.9579	3.00262e-08
0.958	2.82485e-08
0.9581	2.9699e-08
0.9582	3.42007e-08
0.9583	3.51861e-08
0.9584	3.02848e-08
0.9585	3.60398e-08
0.9586	4.10363e-08
0.9587	2.57891e-08
0.9588	2.89278e-08
0.9589	2.27484e-08
0.959	3.33551e-08
0.9591	2.98139e-08
0.9592	4.348e-08
0.9593	4.1964e-08
0.9594	3.9762e-08
0.9595	3.58723e-08
0.9596	3.24826e-08
0.9597	3.90673e-08
0.9598	3.91126e-08
0.9599	3.35874e-08
0.96	2.60265e-08
0.9601	3.64243e-08
0.9602	3.1565e-08
0.9603	3.58322e-08
0.9604	2.62776e-08
0.9605	3.98362e-08
0.9606	3.01717e-08
0.9607	3.0086e-08
0.9608	3.40583e-08
0.9609	2.37891e-08
0.961	3.54148e-08
0.9611	2.25367e-08
0.9612	2.64149e-08
0.9613	2.23909e-08
0.9614	2.44924e-08
0.9615	2.83652e-08
0.9616	3.13587e-08
0.9617	3.80005e-08
0.9618	3.34241e-08
0.9619	4.32274e-08
0.962	2.96462e-08
0.9621	2.74149e-08
0.9622	3.17507e-08
0.9623	2.95077e-08
0.9624	2.74937e-08
0.9625	3.06409e-08
0.9626	3.5101e-08
0.9627	2.86711e-08
0.9628	3.03697e-08
0.9629	3.91224e-08
0.963	2.0942e-08
0.9631	2.65025e-08
0.9632	3.21466e-08
0.9633	3.00444e-08
0.9634	2.36933e-08
0.9635	2.67224e-08
0.9636	2.53535e-08
0.9637	3.18237e-08
0.9638	3.23048e-08
0.9639	2.91939e-08
0.964	2.23064e-08
0.9641	3.31126e-08
0.9642	3.39392e-08
0.9643	3.19251e-08
0.9644	2.40045e-08
0.9645	3.38538e-08
0.9646	2.80184e-08
0.9647	3.79905e-08
0.9648	2.95832e-08
0.9649	3.61615e-08
0.965	4.15696e-08
0.9651	2.77788e-08
0.9652	2.32848e-08
0.9653	2.53777e-08
0.9654	2.78796e-08
0.9655	2.24808e-08
0.9656	2.31514e-08
0.9657	2.27755e-08
0.9658	2.18238e-08
0.9659	2.83344e-08
0.966	4.07336e-08
0.9661	2.62586e-08
0.9662	2.77186e-08
0.9663	3.69748e-08
0.9664	4.60228e-08
0.9665	4.21698e-08
0.9666	3.51494e-08
0.9667	2.45274e-08
0.9668	2.70584e-08
0.9669	2.55539e-08
0.967	2.58865e-08
0.9671	3.14307e-08
0.9672	2.53459e-08
0.9673	3.66479e-08
0.9674	3.41051e-08
0.9675	3.03804e-08
0.9676	3.37587e-08
0.9677	2.86733e-08
0.9678	2.60429e-08
0.9679	2.98916e-08
0.968	2.55897e-08
0.9681	2.93759e-08
0.9682	3.33349e-08
0.9683	2.19014e-08
0.9684	2.93164e-08
0.9685	3.12239e-08
0.9686	3.71069e-08
0.9687	3.41217e-08
0.9688	2.98729e-08
0.9689	2.71351e-08
0.969	3.57635e-08
0.9691	2.82668e-08
0.9692	3.67702e-08
0.9693	2.25059e-08
0.9694	2.79161e-08
0.9695	3.33126e-08
0.9696	4.09918e-08
0.9697	3.84661e-08
0.9698	3.22818e-08
0.9699	2.9407e-08
0.97	2.71709e-08
0.9701	3.35355e-08
0.9702	3.44409e-08
0.9703	3.73772e-08
0.9704	3.39728e-08
0.9705	2.87508e-08
0.9706	2.63266e-08
0.9707	3.33062e-08
0.9708	4.16748e-08
0.9709	3.61134e-08
0.971	3.26427e-08
0.9711	3.65655e-08
0.9712	3.78367e-08
0.9713	4.00086e-08
0.9714	3.40062e-08
0.9715	3.9272e-08
0.9716	2.9629e-08
0.9717	2.99447e-08
0.9718	2.47249e-08
0.9719	2.69543e-08
0.972	3.16824e-08
0.9721	2.97843e-08
0.9722	3.05615e-08
0.9723	4.43045e-08
0.9724	3.69425e-08
0.9725	4.12829e-08
0.9726	3.37165e-08
0.9727	3.90754e-08
0.9728	4.09769e-08
0.9729	3.11004e-08
0.973	2.94649e-08
0.9731	3.93487e-08
0.9732	3.684e-08
0.9733	3.16278e-08
0.9734	2.65843e-08
0.9735	3.15756e-08
0.9736	2.72527e-08
0.9737	3.51837e-08
0.9738	3.28641e-08
0.9739	3.20815e-08
0.974	3.15489e-08
0.9741	2.65344e-08
0.9742	2.9088e-08
0.9743	2.808e-08
0.9744	2.83782e-08
0.9745	3.12535e-08
0.9746	3.44148e-08
0.9747	3.41407e-08
0.9748	3.55785e-08
0.9749	3.52144e-08
0.975	4.13157e-08
0.9751	2.74684e-08
0.9752	3.56386e-08
0.9753	5.01278e-08
0.9754	4.34561e-08
0.9755	2.76323e-08
0.9756	2.7334e-08
0.9757	3.03849e-08
0.9758	2.62728e-08
0.9759	3.05387e-08
0.976	3.24447e-08
0.9761	3.1304e-08
0.9762	2.42013e-08
0.9763	2.14905e-08
0.9764	2.09028e-08
0.9765	2.61438e-08
0.9766	3.35636e-08
0.9767	3.32729e-08
0.9768	3.75304e-08
0.9769	2.60531e-08
0.977	3.97613e-08
0.9771	3.00978e-08
0.9772	4.13454e-08
0.9773	3.17444e-08
0.9774	3.80088e-08
0.9775	3.75898e-08
0.9776	3.57837e-08
0.9777	4.49208e-08
0.9778	2.5994e-08
0.9779	2.84568e-08
0.978	4.15184e-08
0.9781	2.59563e-08
0.9782	2.84849e-08
0.9783	2.34915e-08
0.9784	2.20625e-08
0.9785	2.72226e-08
0.9786	2.9647e-08
0.9787	3.04377e-08
0.9788	2.42717e-08
0.9789	2.20851e-08
0.979	3.03826e-08
0.9791	4.59447e-08
0.9792	3.89211e-08
0.9793	3.56922e-08
0.9794	3.83062e-08
0.9795	3.94022e-08
0.9796	4.15272e-08
0.9797	2.98159e-08
0.9798	3.33213e-08
0.9799	3.77496e-08
0.98	3.52791e-08
0.9801	3.98865e-08
0.9802	2.97154e-08
0.9803	3.18028e-08
0.9804	2.49482e-08
0.9805	2.27848e-08
0.9806	2.82248e-08
0.9807	4.27907e-08
0.9808	3.23271e-08
0.9809	2.79548e-08
0.981	1.89033e-08
0.9811	2.36682e-08
0.9812	2.71357e-08
0.9813	3.52789e-08
0.9814	3.71304e-08
0.9815	2.48119e-08
0.9816	3.6959e-08
0.9817	4.30915e-08
0.9818	3.95147e-08
0.9819	2.90528e-08
0.982	2.77627e-08
0.9821	3.62645e-08
0.9822	3.70114e-08
0.9823	2.78763e-08
0.9824	2.91479e-08
0.9825	2.60638e-08
0.9826	2.33996e-08
0.9827	2.92919e-08
0.9828	3.28472e-08
0.9829	3.90131e-08
0.983	2.85301e-08
0.9831	2.8024e-08
0.9832	3.1774e-08
0.9833	2.11009e-08
0.9834	2.70448e-08
0.9835	3.24114e-08
0.9836	3.09518e-08
0.9837	3.7149e-08
0.9838	2.9403e-08
0.9839	3.4376e-08
0.984	3.55401e-08
0.9841	3.45116e-08
0.9842	3.23988e-08
0.9843	3.71687e-08
0.9844	3.74774e-08
0.9845	3.42093e-08
0.9846	3.48307e-08
0.9847	2.86539e-08
0.9848	2.53369e-08
0.9849	2.94727e-08
0.985	2.49745e-08
0.9851	3.51585e-08
0.9852	3.10856e-08
0.9853	2.69842e-08
0.9854	3.40679e-08
0.9855	3.42997e-08
0.9856	3.38494e-08
0.9857	3.1177e-08
0.9858	2.67595e-08
0.9859	3.91976e-08
0.986	4.2522e-08
0.9861	2.98616e-08
0.9862	2.80864e-08
0.9863	3.15652e-08
0.9864	4.22032e-08
0.9865	4.03461e-08
0.9866	3.3175e-08
0.9867	3.18726e-08
0.9868	3.01435e-08
0.9869	3.50303e-08
0.987	2.42131e-08
0.9871	2.893e-08
0.9872	3.96902e-08
0.9873	3.06084e-08
0.9874	2.70059e-08
0.9875	3.562e-08
0.9876	2.93237e-08
0.9877	3.36847e-08
0.9878	2.80219e-08
0.9879	2.52404e-08
0.988	2.65584e-08
0.9881	2.5482e-08
0.9882	3.63785e-08
0.9883	4.08041e-08
0.9884	2.92481e-08
0.9885	3.21214e-08
0.9886	3.84822e-08
0.9887	4.03078e-08
0.9888	4.47286e-08
0.9889	2.23912e-08
0.989	2.90955e-08
0.9891	2.96697e-08
0.9892	3.24483e-08
0.9893	2.93493e-08
0.9894	2.61343e-08
0.9895	3.29579e-08
0.9896	3.22998e-08
0.9897	3.54428e-08
0.9898	3.23381e-08
0.9899	4.0803e-08
0.99	3.3424e-08
0.9901	2.8896e-08
0.9902	3.39203e-08
0.9903	3.10352e-08
0.9904	2.67437e-08
0.9905	2.90627e-08
0.9906	3.96579e-08
0.9907	3.18181e-08
0.9908	3.70732e-08
0.9909	3.30152e-08
0.991	3.48373e-08
0.9911	2.85449e-08
0.9912	2.69483e-08
0.9913	3.12451e-08
0.9914	3.77748e-08
0.9915	4.09983e-08
0.9916	3.52786e-08
0.9917	3.34842e-08
0.9918	3.65586e-08
0.9919	2.75661e-08
0.992	2.95135e-08
0.9921	5.6803e-08
0.9922	2.54837e-08
0.9923	2.63385e-08
0.9924	2.73675e-08
0.9925	2.96515e-08
0.9926	2.66229e-08
0.9927	3.24484e-08
0.9928	4.50328e-08
0.9929	3.7422e-08
0.993	3.84141e-08
0.9931	4.73631e-08
0.9932	4.39343e-08
0.9933	3.62234e-08
0.9934	3.32614e-08
0.9935	2.4102e-08
0.9936	2.68634e-08
0.9937	3.67081e-08
0.9938	2.95352e-08
0.9939	3.08674e-08
0.994	3.27897e-08
0.9941	3.34669e-08
0.9942	2.81585e-08
0.9943	4.061e-08
0.9944	2.8562e-08
0.9945	3.12777e-08
0.9946	2.38195e-08
0.9947	2.64245e-08
0.9948	3.46583e-08
0.9949	4.15982e-08
0.995	4.88884e-08
0.9951	3.79815e-08
0.9952	3.15857e-08
0.9953	4.30312e-08
0.9954	2.86176e-08
0.9955	3.59218e-08
0.9956	3.36148e-08
0.9957	3.0319e-08
0.9958	3.74168e-08
0.9959	3.77941e-08
0.996	4.08111e-08
0.9961	3.57198e-08
0.9962	3.37988e-08
0.9963	3.86468e-08
0.9964	4.14903e-08
0.9965	2.43623e-08
0.9966	2.80298e-08
0.9967	2.91417e-08
0.9968	3.30185e-08
0.9969	1.9614e-08
0.997	2.39745e-08
0.9971	2.9279e-08
0.9972	2.71745e-08
0.9973	3.01428e-08
0.9974	3.81258e-08
0.9975	3.70094e-08
0.9976	3.79725e-08
0.9977	4.04761e-08
0.9978	2.74938e-08
0.9979	3.39683e-08
0.998	3.68093e-08
0.9981	2.70289e-08
0.9982	2.53946e-08
0.9983	3.20663e-08
0.9984	2.9791e-08
0.9985	2.69743e-08
0.9986	3.55733e-08
0.9987	2.17267e-08
0.9988	3.2339e-08
0.9989	3.00137e-08
0.999	2.94743e-08
0.9991	2.83414e-08
0.9992	2.18489e-08
0.9993	3.10007e-08
0.9994	3.47682e-08
0.9995	3.45254e-08
0.9996	3.31423e-08
0.9997	2.42083e-08
0.9998	3.90802e-08
0.9999	3.45757e-08
1	3.15429e-08
1.0001	2.09368e-08
1.0002	3.15559e-08
1.0003	2.29987e-08
1.0004	3.96003e-08
1.0005	2.84792e-08
1.0006	2.80113e-08
1.0007	3.92189e-08
1.0008	2.50741e-08
1.0009	2.05963e-08
1.001	2.31133e-08
1.0011	2.90318e-08
1.0012	2.65625e-08
1.0013	2.88663e-08
1.0014	2.35879e-08
1.0015	2.2613e-08
1.0016	3.3896e-08
1.0017	3.75637e-08
1.0018	3.07329e-08
1.0019	3.18836e-08
1.002	4.35751e-08
1.0021	3.12552e-08
1.0022	3.34628e-08
1.0023	2.41427e-08
1.0024	2.62068e-08
1.0025	2.92784e-08
1.0026	2.5319e-08
1.0027	2.33649e-08
1.0028	3.73684e-08
1.0029	2.61626e-08
1.003	3.35577e-08
1.0031	3.21425e-08
1.0032	3.11178e-08
1.0033	3.32404e-08
1.0034	2.81578e-08
1.0035	2.1013e-08
1.0036	2.7929e-08
1.0037	2.07861e-08
1.0038	2.82807e-08
1.0039	3.67575e-08
1.004	2.14175e-08
1.0041	3.04617e-08
1.0042	2.8013e-08
1.0043	3.69458e-08
1.0044	3.28832e-08
1.0045	2.41267e-08
1.0046	3.02255e-08
1.0047	3.53458e-08
1.0048	3.51552e-08
1.0049	2.95945e-08
1.005	2.49192e-08
1.0051	2.68309e-08
1.0052	3.87324e-08
1.0053	4.22226e-08
1.0054	3.99873e-08
1.0055	3.33089e-08
1.0056	3.0591e-08
1.0057	2.80293e-08
1.0058	3.70936e-08
1.0059	3.35403e-08
1.006	3.5844e-08
1.0061	3.66199e-08
1.0062	3.01174e-08
1.0063	2.44428e-08
1.0064	3.14353e-08
1.0065	3.80624e-08
1.0066	3.84214e-08
1.0067	2.8302e-08
1.0068	3.69079e-08
1.0069	3.41767e-08
1.007	3.42298e-08
1.0071	2.83652e-08
1.0072	3.2163e-08
1.0073	2.62299e-08
1.0074	2.91223e-08
1.0075	2.87581e-08
1.0076	2.92779e-08
1.0077	3.24246e-08
1.0078	2.90637e-08
1.0079	3.43687e-08
1.008	3.61034e-08
1.0081	3.26756e-08
1.0082	3.73915e-08
1.0083	2.78834e-08
1.0084	3.84891e-08
1.0085	4.27821e-08
1.0086	3.5315e-08
1.0087	3.20861e-08
1.0088	3.58634e-08
1.0089	2.88104e-08
1.009	3.11355e-08
1.0091	2.84285e-08
1.0092	3.18698e-08
1.0093	2.49178e-08
1.0094	3.48027e-08
1.0095	3.21565e-08
1.0096	2.83513e-08
1.0097	2.99814e-08
1.0098	2.81322e-08
1.0099	2.31742e-08
1.01	2.97988e-08
1.0101	3.04322e-08
1.0102	2.89872e-08
1.0103	3.16995e-08
1.0104	3.38157e-08
1.0105	3.99557e-08
1.0106	4.30879e-08
1.0107	3.28275e-08
1.0108	2.21143e-08
1.0109	4.30175e-08
1.011	4.99932e-08
1.0111	4.59746e-08
1.0112	2.40885e-08
1.0113	3.17235e-08
1.0114	2.87367e-08
1.0115	2.40375e-08
1.0116	3.60618e-08
1.0117	4.07506e-08
1.0118	2.74281e-08
1.0119	2.71496e-08
1.012	2.28039e-08
1.0121	2.08099e-08
1.0122	2.96892e-08
1.0123	4.18093e-08
1.0124	2.70544e-08
1.0125	4.55909e-08
1.0126	2.71737e-08
1.0127	4.57572e-08
1.0128	2.70774e-08
1.0129	4.3668e-08
1.013	3.46095e-08
1.0131	4.52525e-08
1.0132	2.80001e-08
1.0133	3.87043e-08
1.0134	4.49734e-08
1.0135	2.4388e-08
1.0136	3.17035e-08
1.0137	4.5692e-08
1.0138	2.48994e-08
1.0139	2.86554e-08
1.014	2.06569e-08
1.0141	2.11891e-08
1.0142	2.65988e-08
1.0143	3.2175e-08
1.0144	3.58651e-08
1.0145	2.20236e-08
1.0146	2.48359e-08
1.0147	4.06849e-08
1.0148	4.06329e-08
1.0149	3.27692e-08
1.015	3.97323e-08
1.0151	3.8741e-08
1.0152	4.67312e-08
1.0153	3.47408e-08
1.0154	3.58432e-08
1.0155	3.17547e-08
1.0156	3.33019e-08
1.0157	3.6018e-08
1.0158	3.63681e-08
1.0159	3.10924e-08
1.016	3.80601e-08
1.0161	2.90589e-08
1.0162	2.58878e-08
1.0163	2.59441e-08
1.0164	3.14501e-08
1.0165	3.19893e-08
1.0166	2.60835e-08
1.0167	1.86493e-08
1.0168	2.75637e-08
1.0169	2.68757e-08
1.017	3.09231e-08
1.0171	3.586e-08
1.0172	3.11418e-08
1.0173	3.44878e-08
1.0174	4.35566e-08
1.0175	4.61184e-08
1.0176	3.14214e-08
1.0177	4.04961e-08
1.0178	3.73986e-08
1.0179	3.61039e-08
1.018	3.20743e-08
1.0181	3.14117e-08
1.0182	2.92089e-08
1.0183	2.00294e-08
1.0184	3.05046e-08
1.0185	3.48511e-08
1.0186	3.21592e-08
1.0187	2.1493e-08
1.0188	2.48595e-08
1.0189	3.61702e-08
1.019	2.33473e-08
1.0191	2.45658e-08
1.0192	3.2402e-08
1.0193	2.87643e-08
1.0194	3.96368e-08
1.0195	2.54775e-08
1.0196	3.53006e-08
1.0197	3.37662e-08
1.0198	3.25826e-08
1.0199	2.78952e-08
1.02	3.71198e-08
1.0201	3.96103e-08
1.0202	4.28482e-08
1.0203	3.7447e-08
1.0204	3.24157e-08
1.0205	2.54566e-08
1.0206	2.822e-08
1.0207	2.39185e-08
1.0208	2.7716e-08
1.0209	3.34893e-08
1.021	2.85665e-08
1.0211	3.27753e-08
1.0212	2.99674e-08
1.0213	3.31419e-08
1.0214	2.85233e-08
1.0215	3.05697e-08
1.0216	4.23511e-08
1.0217	3.8349e-08
1.0218	2.7673e-08
1.0219	2.72956e-08
1.022	3.3411e-08
1.0221	3.52243e-08
1.0222	3.51657e-08
1.0223	3.24344e-08
1.0224	3.03605e-08
1.0225	2.67095e-08
1.0226	3.20331e-08
1.0227	3.10193e-08
1.0228	3.29823e-08
1.0229	3.65168e-08
1.023	2.9346e-08
1.0231	2.8615e-08
1.0232	3.71074e-08
1.0233	2.71266e-08
1.0234	3.6395e-08
1.0235	3.44277e-08
1.0236	2.40053e-08
1.0237	2.79201e-08
1.0238	2.95049e-08
1.0239	3.54271e-08
1.024	4.29517e-08
1.0241	3.12794e-08
1.0242	3.20408e-08
1.0243	4.04484e-08
1.0244	3.80844e-08
1.0245	4.14682e-08
1.0246	2.20358e-08
1.0247	3.07224e-08
1.0248	3.75335e-08
1.0249	2.91919e-08
1.025	3.15341e-08
1.0251	3.46352e-08
1.0252	2.78304e-08
1.0253	2.90551e-08
1.0254	3.37251e-08
1.0255	2.69075e-08
1.0256	3.2768e-08
1.0257	2.80413e-08
1.0258	2.19412e-08
1.0259	2.65601e-08
1.026	2.85516e-08
1.0261	2.67952e-08
1.0262	3.34819e-08
1.0263	3.28551e-08
1.0264	2.98828e-08
1.0265	3.8092e-08
1.0266	2.82724e-08
1.0267	3.7469e-08
1.0268	2.68131e-08
1.0269	2.23628e-08
1.027	3.17579e-08
1.0271	3.27796e-08
1.0272	3.28576e-08
1.0273	3.26284e-08
1.0274	2.79672e-08
1.0275	3.9317e-08
1.0276	2.80864e-08
1.0277	3.22113e-08
1.0278	4.87642e-08
1.0279	2.63511e-08
1.028	2.27416e-08
1.0281	2.71714e-08
1.0282	2.13104e-08
1.0283	2.83057e-08
1.0284	3.37951e-08
1.0285	4.22902e-08
1.0286	4.28551e-08
1.0287	3.60389e-08
1.0288	4.04734e-08
1.0289	3.27628e-08
1.029	2.94604e-08
1.0291	2.55349e-08
1.0292	2.58797e-08
1.0293	2.88059e-08
1.0294	3.08285e-08
1.0295	3.40351e-08
1.0296	3.2179e-08
1.0297	2.36149e-08
1.0298	3.47407e-08
1.0299	3.09648e-08
1.03	3.93146e-08
1.0301	2.84627e-08
1.0302	3.73655e-08
1.0303	2.21737e-08
1.0304	2.39629e-08
1.0305	3.76364e-08
1.0306	3.40345e-08
1.0307	4.60461e-08
1.0308	3.8656e-08
1.0309	3.35339e-08
1.031	3.04775e-08
1.0311	3.25762e-08
1.0312	3.50809e-08
1.0313	3.32024e-08
1.0314	2.5416e-08
1.0315	4.16593e-08
1.0316	3.81106e-08
1.0317	3.31741e-08
1.0318	3.07221e-08
1.0319	3.97262e-08
1.032	3.63462e-08
1.0321	4.3019e-08
1.0322	2.31341e-08
1.0323	2.78154e-08
1.0324	2.8013e-08
1.0325	3.16781e-08
1.0326	2.53512e-08
1.0327	2.1975e-08
1.0328	2.88739e-08
1.0329	2.62816e-08
1.033	2.63351e-08
1.0331	3.41484e-08
1.0332	4.08616e-08
1.0333	3.09545e-08
1.0334	3.63506e-08
1.0335	2.52841e-08
1.0336	3.59339e-08
1.0337	2.9194e-08
1.0338	3.64958e-08
1.0339	3.57279e-08
1.034	2.65196e-08
1.0341	3.15194e-08
1.0342	2.89036e-08
1.0343	3.38523e-08
1.0344	2.74615e-08
1.0345	2.64558e-08
1.0346	2.75012e-08
1.0347	3.48309e-08
1.0348	3.12145e-08
1.0349	2.34195e-08
1.035	2.77218e-08
1.0351	3.29392e-08
1.0352	3.38795e-08
1.0353	3.61518e-08
1.0354	2.78711e-08
1.0355	4.18166e-08
1.0356	3.27931e-08
1.0357	2.62575e-08
1.0358	2.22033e-08
1.0359	3.38105e-08
1.036	2.39567e-08
1.0361	4.02817e-08
1.0362	3.19513e-08
1.0363	2.94429e-08
1.0364	3.43031e-08
1.0365	2.92814e-08
1.0366	2.6421e-08
1.0367	2.60189e-08
1.0368	3.06304e-08
1.0369	2.39784e-08
1.037	3.01105e-08
1.0371	1.92176e-08
1.0372	2.52614e-08
1.0373	3.08221e-08
1.0374	3.42267e-08
1.0375	2.99878e-08
1.0376	2.9931e-08
1.0377	3.9536e-08
1.0378	4.97294e-08
1.0379	3.42608e-08
1.038	2.28579e-08
1.0381	2.93424e-08
1.0382	2.85052e-08
1.0383	2.90048e-08
1.0384	2.92024e-08
1.0385	3.4015e-08
1.0386	2.88245e-08
1.0387	3.42723e-08
1.0388	3.13595e-08
1.0389	2.94789e-08
1.039	3.55362e-08
1.0391	3.13929e-08
1.0392	2.93586e-08
1.0393	2.21398e-08
1.0394	2.46615e-08
1.0395	2.52779e-08
1.0396	3.36415e-08
1.0397	2.62829e-08
1.0398	2.90359e-08
1.0399	3.05514e-08
1.04	3.68953e-08
1.0401	3.06927e-08
1.0402	2.48177e-08
1.0403	3.33222e-08
1.0404	3.2888e-08
1.0405	2.97036e-08
1.0406	2.79632e-08
1.0407	2.69757e-08
1.0408	2.28561e-08
1.0409	2.75934e-08
1.041	4.0077e-08
1.0411	4.72853e-08
1.0412	3.09125e-08
1.0413	2.88659e-08
1.0414	3.06159e-08
1.0415	2.85884e-08
1.0416	3.36289e-08
1.0417	4.07575e-08
1.0418	2.62749e-08
1.0419	2.64815e-08
1.042	2.36363e-08
1.0421	3.21795e-08
1.0422	3.71136e-08
1.0423	4.19934e-08
1.0424	2.81872e-08
1.0425	3.34878e-08
1.0426	3.5731e-08
1.0427	3.35036e-08
1.0428	3.86042e-08
1.0429	3.14552e-08
1.043	2.38838e-08
1.0431	2.68579e-08
1.0432	2.64444e-08
1.0433	3.01021e-08
1.0434	3.06747e-08
1.0435	4.06263e-08
1.0436	4.04045e-08
1.0437	4.65649e-08
1.0438	4.08627e-08
1.0439	3.71632e-08
1.044	3.04462e-08
1.0441	3.6252e-08
1.0442	3.65803e-08
1.0443	2.76883e-08
1.0444	3.24202e-08
1.0445	2.95873e-08
1.0446	4.10995e-08
1.0447	3.32085e-08
1.0448	2.69017e-08
1.0449	3.02966e-08
1.045	2.88877e-08
1.0451	3.38672e-08
1.0452	3.38392e-08
1.0453	3.22616e-08
1.0454	3.01729e-08
1.0455	2.57461e-08
1.0456	2.39064e-08
1.0457	3.1032e-08
1.0458	3.06088e-08
1.0459	2.9546e-08
1.046	3.07457e-08
1.0461	3.41857e-08
1.0462	4.32368e-08
1.0463	4.39664e-08
1.0464	3.10176e-08
1.0465	3.5216e-08
1.0466	4.60816e-08
1.0467	3.82355e-08
1.0468	3.62157e-08
1.0469	2.27808e-08
1.047	3.51207e-08
1.0471	3.19887e-08
1.0472	2.88385e-08
1.0473	3.39192e-08
1.0474	4.19186e-08
1.0475	2.60519e-08
1.0476	2.29934e-08
1.0477	2.10173e-08
1.0478	2.28381e-08
1.0479	2.80947e-08
1.048	3.9007e-08
1.0481	5.21088e-08
1.0482	3.79412e-08
1.0483	2.49266e-08
1.0484	4.01461e-08
1.0485	2.87011e-08
1.0486	4.09053e-08
1.0487	3.47183e-08
1.0488	4.62835e-08
1.0489	3.11351e-08
1.049	4.15366e-08
1.0491	4.12605e-08
1.0492	2.79235e-08
1.0493	3.59195e-08
1.0494	3.5039e-08
1.0495	2.41894e-08
1.0496	3.69228e-08
1.0497	2.71121e-08
1.0498	2.21898e-08
1.0499	2.62678e-08
1.05	3.37587e-08
1.0501	3.53725e-08
1.0502	2.29465e-08
1.0503	2.39521e-08
1.0504	3.78753e-08
1.0505	3.98515e-08
1.0506	3.29415e-08
1.0507	3.81343e-08
1.0508	3.6284e-08
1.0509	3.90785e-08
1.051	3.50053e-08
1.0511	3.8112e-08
1.0512	3.12984e-08
1.0513	3.56591e-08
1.0514	3.77015e-08
1.0515	3.2091e-08
1.0516	2.48695e-08
1.0517	3.82701e-08
1.0518	2.92693e-08
1.0519	1.89053e-08
1.052	2.75726e-08
1.0521	3.31131e-08
1.0522	3.13317e-08
1.0523	2.73039e-08
1.0524	2.07153e-08
1.0525	2.88349e-08
1.0526	2.83613e-08
1.0527	2.78874e-08
1.0528	3.72742e-08
1.0529	2.93652e-08
1.053	3.73077e-08
1.0531	5.22457e-08
1.0532	4.58742e-08
1.0533	3.07245e-08
1.0534	3.62418e-08
1.0535	3.50314e-08
1.0536	3.28395e-08
1.0537	3.05803e-08
1.0538	3.45572e-08
1.0539	2.77804e-08
1.054	2.18002e-08
1.0541	2.85335e-08
1.0542	3.32396e-08
1.0543	4.34615e-08
1.0544	2.19371e-08
1.0545	2.92763e-08
1.0546	3.35417e-08
1.0547	2.5635e-08
1.0548	2.09207e-08
1.0549	3.57819e-08
1.055	3.01331e-08
1.0551	2.87248e-08
1.0552	2.71483e-08
1.0553	3.70902e-08
1.0554	2.79091e-08
1.0555	3.87296e-08
1.0556	2.74214e-08
1.0557	3.65321e-08
1.0558	4.24939e-08
1.0559	3.85035e-08
1.056	3.98237e-08
1.0561	3.11537e-08
1.0562	2.67661e-08
1.0563	3.26066e-08
1.0564	3.02132e-08
1.0565	2.81436e-08
1.0566	3.00314e-08
1.0567	2.62442e-08
1.0568	3.72072e-08
1.0569	3.13522e-08
1.057	3.3264e-08
1.0571	2.92799e-08
1.0572	3.0037e-08
1.0573	4.2948e-08
1.0574	3.81704e-08
1.0575	3.17266e-08
1.0576	2.88244e-08
1.0577	3.39501e-08
1.0578	3.3525e-08
1.0579	3.44659e-08
1.058	3.01877e-08
1.0581	3.05423e-08
1.0582	2.49726e-08
1.0583	3.06978e-08
1.0584	2.99504e-08
1.0585	3.29183e-08
1.0586	3.93442e-08
1.0587	3.00766e-08
1.0588	2.86454e-08
1.0589	3.94597e-08
1.059	3.16651e-08
1.0591	3.93169e-08
1.0592	3.2596e-08
1.0593	2.17232e-08
1.0594	2.78912e-08
1.0595	2.93214e-08
1.0596	3.72503e-08
1.0597	4.06711e-08
1.0598	2.98073e-08
1.0599	3.05926e-08
1.06	3.71507e-08
1.0601	4.49747e-08
1.0602	3.37565e-08
1.0603	2.29699e-08
1.0604	3.05316e-08
1.0605	3.52298e-08
1.0606	3.00819e-08
1.0607	3.11986e-08
1.0608	3.5974e-08
1.0609	3.08534e-08
1.061	2.65512e-08
1.0611	2.56894e-08
1.0612	3.72369e-08
1.0613	3.2071e-08
1.0614	3.26314e-08
1.0615	2.77714e-08
1.0616	3.85468e-08
1.0617	2.87565e-08
1.0618	3.15287e-08
1.0619	3.28066e-08
1.062	3.28197e-08
1.0621	3.49177e-08
1.0622	4.31612e-08
1.0623	2.61858e-08
1.0624	3.93748e-08
1.0625	2.48177e-08
1.0626	2.32858e-08
1.0627	3.25109e-08
1.0628	2.97643e-08
1.0629	3.44105e-08
1.063	2.9043e-08
1.0631	2.58028e-08
1.0632	3.22367e-08
1.0633	3.2959e-08
1.0634	4.41223e-08
1.0635	4.41898e-08
1.0636	2.67409e-08
1.0637	3.27722e-08
1.0638	2.87179e-08
1.0639	2.76927e-08
1.064	3.42025e-08
1.0641	2.92837e-08
1.0642	4.06106e-08
1.0643	3.72918e-08
1.0644	2.93655e-08
1.0645	4.1347e-08
1.0646	3.33854e-08
1.0647	4.18871e-08
1.0648	2.4648e-08
1.0649	2.94211e-08
1.065	2.57541e-08
1.0651	3.25784e-08
1.0652	3.88224e-08
1.0653	3.65477e-08
1.0654	2.38938e-08
1.0655	3.68374e-08
1.0656	2.782e-08
1.0657	3.67274e-08
1.0658	2.68438e-08
1.0659	3.63395e-08
1.066	2.38517e-08
1.0661	2.5735e-08
1.0662	3.83345e-08
1.0663	4.05551e-08
1.0664	4.58491e-08
1.0665	4.12213e-08
1.0666	3.31614e-08
1.0667	4.22767e-08
1.0668	4.06822e-08
1.0669	3.55121e-08
1.067	3.49068e-08
1.0671	2.6361e-08
1.0672	3.8356e-08
1.0673	3.48948e-08
1.0674	2.82835e-08
1.0675	3.10145e-08
1.0676	3.81686e-08
1.0677	3.77443e-08
1.0678	3.91171e-08
1.0679	2.53724e-08
1.068	2.70605e-08
1.0681	2.84293e-08
1.0682	3.25879e-08
1.0683	2.38216e-08
1.0684	2.14094e-08
1.0685	3.14364e-08
1.0686	3.42505e-08
1.0687	3.80481e-08
1.0688	2.96045e-08
1.0689	4.34825e-08
1.069	3.12062e-08
1.0691	3.48521e-08
1.0692	2.53226e-08
1.0693	3.16512e-08
1.0694	3.61981e-08
1.0695	3.18267e-08
1.0696	2.70201e-08
1.0697	2.45832e-08
1.0698	2.9937e-08
1.0699	2.50173e-08
1.07	3.56345e-08
1.0701	2.68983e-08
1.0702	2.97559e-08
1.0703	3.48409e-08
1.0704	3.20764e-08
1.0705	2.64491e-08
1.0706	2.58563e-08
1.0707	3.0603e-08
1.0708	2.79268e-08
1.0709	3.3309e-08
1.071	3.29603e-08
1.0711	3.01099e-08
1.0712	2.92459e-08
1.0713	3.29852e-08
1.0714	2.63654e-08
1.0715	2.48056e-08
1.0716	2.84739e-08
1.0717	3.20274e-08
1.0718	3.1711e-08
1.0719	3.57145e-08
1.072	2.38257e-08
1.0721	3.80434e-08
1.0722	2.59289e-08
1.0723	2.21914e-08
1.0724	2.29195e-08
1.0725	2.94177e-08
1.0726	2.44277e-08
1.0727	3.04988e-08
1.0728	1.98597e-08
1.0729	2.57217e-08
1.073	2.8005e-08
1.0731	2.92921e-08
1.0732	2.57588e-08
1.0733	3.30699e-08
1.0734	4.02251e-08
1.0735	3.26203e-08
1.0736	3.73523e-08
1.0737	2.69126e-08
1.0738	2.75948e-08
1.0739	3.12088e-08
1.074	2.80932e-08
1.0741	2.65586e-08
1.0742	3.19584e-08
1.0743	3.29716e-08
1.0744	3.09112e-08
1.0745	3.0298e-08
1.0746	2.34607e-08
1.0747	3.70765e-08
1.0748	2.2968e-08
1.0749	2.39243e-08
1.075	2.87388e-08
1.0751	2.58771e-08
1.0752	2.24658e-08
1.0753	3.40552e-08
1.0754	2.89662e-08
1.0755	3.34385e-08
1.0756	3.26503e-08
1.0757	4.32895e-08
1.0758	3.95507e-08
1.0759	2.64404e-08
1.076	2.84938e-08
1.0761	3.39924e-08
1.0762	3.26738e-08
1.0763	2.57336e-08
1.0764	2.40214e-08
1.0765	2.61265e-08
1.0766	3.70538e-08
1.0767	3.4549e-08
1.0768	3.80407e-08
1.0769	3.30807e-08
1.077	2.67046e-08
1.0771	2.51816e-08
1.0772	3.32581e-08
1.0773	3.87347e-08
1.0774	3.22317e-08
1.0775	3.16706e-08
1.0776	2.7984e-08
1.0777	2.44416e-08
1.0778	3.19134e-08
1.0779	3.33072e-08
1.078	4.20625e-08
1.0781	2.38901e-08
1.0782	3.8888e-08
1.0783	2.9688e-08
1.0784	3.26004e-08
1.0785	3.74861e-08
1.0786	2.6778e-08
1.0787	2.65088e-08
1.0788	2.79862e-08
1.0789	2.44962e-08
1.079	2.87534e-08
1.0791	4.04921e-08
1.0792	4.18822e-08
1.0793	3.23205e-08
1.0794	3.89747e-08
1.0795	4.15261e-08
1.0796	3.35741e-08
1.0797	2.81704e-08
1.0798	3.41509e-08
1.0799	4.29082e-08
1.08	3.1825e-08
1.0801	4.07988e-08
1.0802	3.33797e-08
1.0803	3.31358e-08
1.0804	3.39685e-08
1.0805	2.85097e-08
1.0806	2.82435e-08
1.0807	2.87717e-08
1.0808	3.72334e-08
1.0809	3.22521e-08
1.081	3.48959e-08
1.0811	2.98286e-08
1.0812	2.34111e-08
1.0813	2.40731e-08
1.0814	3.38434e-08
1.0815	3.30037e-08
1.0816	3.40719e-08
1.0817	2.72387e-08
1.0818	3.99079e-08
1.0819	4.2483e-08
1.082	3.80134e-08
1.0821	3.45799e-08
1.0822	2.9625e-08
1.0823	5.00429e-08
1.0824	3.60312e-08
1.0825	4.36676e-08
1.0826	2.22802e-08
1.0827	3.02261e-08
1.0828	2.819e-08
1.0829	2.76796e-08
1.083	3.56311e-08
1.0831	3.52175e-08
1.0832	3.63591e-08
1.0833	1.97233e-08
1.0834	1.95015e-08
1.0835	2.46448e-08
1.0836	3.3439e-08
1.0837	3.62867e-08
1.0838	3.20723e-08
1.0839	3.47557e-08
1.084	3.22642e-08
1.0841	4.29054e-08
1.0842	2.51944e-08
1.0843	3.55624e-08
1.0844	3.2136e-08
1.0845	4.32323e-08
1.0846	3.16248e-08
1.0847	3.71846e-08
1.0848	3.6468e-08
1.0849	2.58865e-08
1.085	3.67737e-08
1.0851	3.80547e-08
1.0852	3.01338e-08
1.0853	2.40242e-08
1.0854	2.20026e-08
1.0855	2.50534e-08
1.0856	2.46045e-08
1.0857	2.34602e-08
1.0858	2.98934e-08
1.0859	2.19206e-08
1.086	2.48847e-08
1.0861	3.59296e-08
1.0862	4.2671e-08
1.0863	3.47621e-08
1.0864	3.33289e-08
1.0865	4.8715e-08
1.0866	2.84358e-08
1.0867	3.41454e-08
1.0868	3.34937e-08
1.0869	3.67213e-08
1.087	3.47597e-08
1.0871	3.14795e-08
1.0872	3.41065e-08
1.0873	2.77116e-08
1.0874	3.15605e-08
1.0875	2.86632e-08
1.0876	2.90094e-08
1.0877	2.49124e-08
1.0878	2.47148e-08
1.0879	3.16818e-08
1.088	2.50879e-08
1.0881	1.89725e-08
1.0882	3.32911e-08
1.0883	3.04585e-08
1.0884	3.25074e-08
1.0885	3.59064e-08
1.0886	2.95902e-08
1.0887	3.61023e-08
1.0888	4.40901e-08
1.0889	4.44821e-08
1.089	2.88386e-08
1.0891	4.15186e-08
1.0892	3.98107e-08
1.0893	3.77944e-08
1.0894	2.65666e-08
1.0895	3.09321e-08
1.0896	2.83419e-08
1.0897	2.29638e-08
1.0898	2.95998e-08
1.0899	3.26956e-08
1.09	3.01222e-08
1.0901	2.37704e-08
1.0902	2.66447e-08
1.0903	3.27338e-08
1.0904	2.50889e-08
1.0905	2.33987e-08
1.0906	2.90381e-08
1.0907	2.54441e-08
1.0908	4.27038e-08
1.0909	3.61348e-08
1.091	3.49557e-08
1.0911	2.69504e-08
1.0912	3.34823e-08
1.0913	3.59141e-08
1.0914	2.78133e-08
1.0915	3.3124e-08
1.0916	3.80274e-08
1.0917	3.65181e-08
1.0918	2.50545e-08
1.0919	2.57253e-08
1.092	3.23795e-08
1.0921	2.9908e-08
1.0922	2.64361e-08
1.0923	3.54605e-08
1.0924	4.00906e-08
1.0925	3.73845e-08
1.0926	3.08826e-08
1.0927	3.69586e-08
1.0928	3.02409e-08
1.0929	3.2923e-08
1.093	3.70319e-08
1.0931	3.90349e-08
1.0932	3.34007e-08
1.0933	2.83142e-08
1.0934	3.69335e-08
1.0935	3.82059e-08
1.0936	3.98295e-08
1.0937	3.74709e-08
1.0938	2.62249e-08
1.0939	2.73736e-08
1.094	3.36967e-08
1.0941	3.28604e-08
1.0942	3.41903e-08
1.0943	3.86809e-08
1.0944	3.85127e-08
1.0945	2.87262e-08
1.0946	3.13724e-08
1.0947	3.03215e-08
1.0948	4.61914e-08
1.0949	3.21914e-08
1.095	2.43886e-08
1.0951	3.38796e-08
1.0952	4.70736e-08
1.0953	4.16938e-08
1.0954	3.97794e-08
1.0955	3.01676e-08
1.0956	3.61182e-08
1.0957	3.44422e-08
1.0958	3.36081e-08
1.0959	3.48658e-08
1.096	2.59918e-08
1.0961	2.87195e-08
1.0962	4.13628e-08
1.0963	2.47911e-08
1.0964	3.18277e-08
1.0965	3.38088e-08
1.0966	3.07125e-08
1.0967	2.77623e-08
1.0968	3.27837e-08
1.0969	3.39113e-08
1.097	3.07761e-08
1.0971	2.74155e-08
1.0972	3.03014e-08
1.0973	3.67542e-08
1.0974	2.74907e-08
1.0975	2.77235e-08
1.0976	3.16307e-08
1.0977	4.12223e-08
1.0978	4.48684e-08
1.0979	3.61557e-08
1.098	2.49805e-08
1.0981	4.01732e-08
1.0982	2.12108e-08
1.0983	2.95843e-08
1.0984	2.68865e-08
1.0985	2.89703e-08
1.0986	3.40758e-08
1.0987	3.54511e-08
1.0988	3.71148e-08
1.0989	3.24694e-08
1.099	2.77892e-08
1.0991	3.65656e-08
1.0992	4.48214e-08
1.0993	2.45684e-08
1.0994	2.88164e-08
1.0995	2.44108e-08
1.0996	2.47387e-08
1.0997	2.5282e-08
1.0998	3.55704e-08
1.0999	3.5971e-08
1.1	3.52695e-08
1.1001	2.819e-08
1.1002	4.29731e-08
1.1003	4.31326e-08
1.1004	2.8523e-08
1.1005	3.14757e-08
1.1006	3.6383e-08
1.1007	3.18921e-08
1.1008	3.77048e-08
1.1009	4.53415e-08
1.101	4.61906e-08
1.1011	2.50875e-08
1.1012	3.47871e-08
1.1013	4.12647e-08
1.1014	2.87171e-08
1.1015	2.91767e-08
1.1016	3.91129e-08
1.1017	2.86668e-08
1.1018	2.81934e-08
1.1019	3.9834e-08
1.102	3.3969e-08
1.1021	3.97994e-08
1.1022	3.46551e-08
1.1023	3.38072e-08
1.1024	3.77804e-08
1.1025	4.09937e-08
1.1026	2.88551e-08
1.1027	3.65565e-08
1.1028	3.29656e-08
1.1029	2.82656e-08
1.103	3.00261e-08
1.1031	2.91795e-08
1.1032	2.75586e-08
1.1033	3.66633e-08
1.1034	3.14311e-08
1.1035	3.38199e-08
1.1036	2.31661e-08
1.1037	3.0369e-08
1.1038	2.93456e-08
1.1039	3.0896e-08
1.104	2.40297e-08
1.1041	2.09722e-08
1.1042	2.97921e-08
1.1043	3.13614e-08
1.1044	3.37742e-08
1.1045	2.80364e-08
1.1046	4.11682e-08
1.1047	2.94811e-08
1.1048	3.14737e-08
1.1049	2.36755e-08
1.105	3.50258e-08
1.1051	4.04403e-08
1.1052	3.39926e-08
1.1053	2.59805e-08
1.1054	2.23267e-08
1.1055	3.2008e-08
1.1056	3.79295e-08
1.1057	2.74139e-08
1.1058	3.16817e-08
1.1059	2.76581e-08
1.106	2.87073e-08
1.1061	3.09189e-08
1.1062	2.50118e-08
1.1063	2.8438e-08
1.1064	2.57667e-08
1.1065	3.04286e-08
1.1066	3.76742e-08
1.1067	3.65605e-08
1.1068	2.91027e-08
1.1069	3.76177e-08
1.107	3.20973e-08
1.1071	2.54218e-08
1.1072	2.24938e-08
1.1073	3.03953e-08
1.1074	3.24738e-08
1.1075	3.17409e-08
1.1076	3.67458e-08
1.1077	4.46062e-08
1.1078	3.58295e-08
1.1079	2.39182e-08
1.108	2.64434e-08
1.1081	2.18354e-08
1.1082	3.08438e-08
1.1083	2.20633e-08
1.1084	2.7439e-08
1.1085	2.12546e-08
1.1086	2.34463e-08
1.1087	3.08073e-08
1.1088	2.69437e-08
1.1089	2.89086e-08
1.109	2.97431e-08
1.1091	3.33471e-08
1.1092	4.59623e-08
1.1093	2.79047e-08
1.1094	2.44142e-08
1.1095	3.6078e-08
1.1096	2.70297e-08
1.1097	2.91812e-08
1.1098	3.66178e-08
1.1099	2.9856e-08
1.11	3.25854e-08
1.1101	3.38057e-08
1.1102	2.80966e-08
1.1103	2.41506e-08
1.1104	3.46062e-08
1.1105	2.14356e-08
1.1106	2.85137e-08
1.1107	2.19805e-08
1.1108	2.92688e-08
1.1109	2.31337e-08
1.111	3.60788e-08
1.1111	2.83924e-08
1.1112	2.44967e-08
1.1113	3.37466e-08
1.1114	2.87395e-08
1.1115	2.78046e-08
1.1116	3.12704e-08
1.1117	3.07724e-08
1.1118	3.07819e-08
1.1119	2.81887e-08
1.112	2.63169e-08
1.1121	2.74476e-08
1.1122	2.96371e-08
1.1123	3.6809e-08
1.1124	3.16689e-08
1.1125	4.23875e-08
1.1126	2.84076e-08
1.1127	2.33618e-08
1.1128	3.21977e-08
1.1129	3.24076e-08
1.113	2.77517e-08
1.1131	3.35157e-08
1.1132	2.48584e-08
1.1133	3.28628e-08
1.1134	2.34359e-08
1.1135	3.13133e-08
1.1136	3.39503e-08
1.1137	3.93135e-08
1.1138	3.18343e-08
1.1139	2.67147e-08
1.114	3.94023e-08
1.1141	2.83487e-08
1.1142	4.40866e-08
1.1143	2.89284e-08
1.1144	3.0775e-08
1.1145	2.64854e-08
1.1146	2.34065e-08
1.1147	3.14265e-08
1.1148	3.88561e-08
1.1149	3.70338e-08
1.115	3.75174e-08
1.1151	3.7447e-08
1.1152	3.75758e-08
1.1153	3.77924e-08
1.1154	3.1769e-08
1.1155	3.35255e-08
1.1156	3.50949e-08
1.1157	2.97572e-08
1.1158	3.46941e-08
1.1159	3.3294e-08
1.116	3.29414e-08
1.1161	3.17413e-08
1.1162	2.61359e-08
1.1163	2.63187e-08
1.1164	2.9103e-08
1.1165	3.8682e-08
1.1166	3.74163e-08
1.1167	3.40051e-08
1.1168	2.96012e-08
1.1169	2.80276e-08
1.117	2.3069e-08
1.1171	3.02794e-08
1.1172	3.18109e-08
1.1173	3.23861e-08
1.1174	2.75819e-08
1.1175	4.32711e-08
1.1176	3.28651e-08
1.1177	4.20779e-08
1.1178	3.53216e-08
1.1179	3.87917e-08
1.118	4.55163e-08
1.1181	3.04453e-08
1.1182	4.20289e-08
1.1183	2.75469e-08
1.1184	3.42039e-08
1.1185	2.74835e-08
1.1186	2.79937e-08
1.1187	3.41585e-08
1.1188	3.32667e-08
1.1189	2.53697e-08
1.119	2.03177e-08
1.1191	2.01678e-08
1.1192	2.26748e-08
1.1193	3.33978e-08
1.1194	3.53894e-08
1.1195	2.85077e-08
1.1196	3.45449e-08
1.1197	3.26794e-08
1.1198	3.6424e-08
1.1199	2.4564e-08
1.12	3.81155e-08
1.1201	3.88029e-08
1.1202	4.54352e-08
1.1203	3.62436e-08
1.1204	4.71536e-08
1.1205	3.39153e-08
1.1206	2.59193e-08
1.1207	4.0913e-08
1.1208	3.16369e-08
1.1209	2.6399e-08
1.121	2.58285e-08
1.1211	2.1855e-08
1.1212	2.22962e-08
1.1213	2.30252e-08
1.1214	2.4729e-08
1.1215	3.10357e-08
1.1216	2.15755e-08
1.1217	2.22479e-08
1.1218	3.12365e-08
1.1219	4.19438e-08
1.122	4.0244e-08
1.1221	4.19045e-08
1.1222	4.10673e-08
1.1223	3.08221e-08
1.1224	4.95488e-08
1.1225	3.47021e-08
1.1226	3.06616e-08
1.1227	2.89585e-08
1.1228	3.99065e-08
1.1229	2.86378e-08
1.123	2.94923e-08
1.1231	3.52808e-08
1.1232	3.045e-08
1.1233	2.71695e-08
1.1234	2.41744e-08
1.1235	2.59073e-08
1.1236	3.35072e-08
1.1237	2.54835e-08
1.1238	1.848e-08
1.1239	3.38344e-08
1.124	3.04771e-08
1.1241	4.30989e-08
1.1242	2.85237e-08
1.1243	4.19842e-08
1.1244	4.23109e-08
1.1245	5.24609e-08
1.1246	4.28673e-08
1.1247	2.79197e-08
1.1248	4.54566e-08
1.1249	4.28588e-08
1.125	3.19021e-08
1.1251	2.79149e-08
1.1252	2.93974e-08
1.1253	2.85457e-08
1.1254	2.93104e-08
1.1255	2.90057e-08
1.1256	3.25753e-08
1.1257	4.5174e-08
1.1258	2.26699e-08
1.1259	2.78886e-08
1.126	3.60594e-08
1.1261	2.91552e-08
1.1262	2.493e-08
1.1263	3.15139e-08
1.1264	2.41271e-08
1.1265	3.94971e-08
1.1266	3.12163e-08
1.1267	4.45107e-08
1.1268	3.17374e-08
1.1269	3.73583e-08
1.127	3.41348e-08
1.1271	3.83177e-08
1.1272	3.35564e-08
1.1273	3.58772e-08
1.1274	3.98034e-08
1.1275	2.27245e-08
1.1276	2.45636e-08
1.1277	3.75121e-08
1.1278	3.39835e-08
1.1279	2.74509e-08
1.128	2.31776e-08
1.1281	3.45838e-08
1.1282	3.34098e-08
1.1283	3.39852e-08
1.1284	4.24418e-08
1.1285	3.06429e-08
1.1286	3.51163e-08
1.1287	3.07425e-08
1.1288	3.92828e-08
1.1289	3.00971e-08
1.129	4.127e-08
1.1291	2.58281e-08
1.1292	2.97726e-08
1.1293	4.24526e-08
1.1294	3.02739e-08
1.1295	3.0816e-08
1.1296	3.25728e-08
1.1297	2.61966e-08
1.1298	3.08877e-08
1.1299	2.92312e-08
1.13	3.81513e-08
1.1301	3.61921e-08
1.1302	2.77623e-08
1.1303	3.19457e-08
1.1304	3.22664e-08
1.1305	3.51386e-08
1.1306	3.38802e-08
1.1307	2.23593e-08
1.1308	2.75666e-08
1.1309	3.27048e-08
1.131	4.23219e-08
1.1311	3.74323e-08
1.1312	3.38452e-08
1.1313	3.33802e-08
1.1314	4.14608e-08
1.1315	3.90875e-08
1.1316	3.99733e-08
1.1317	2.2319e-08
1.1318	2.66605e-08
1.1319	3.86279e-08
1.132	2.61556e-08
1.1321	3.60651e-08
1.1322	4.41316e-08
1.1323	2.04503e-08
1.1324	4.13659e-08
1.1325	3.21998e-08
1.1326	3.76327e-08
1.1327	3.54549e-08
1.1328	3.15948e-08
1.1329	3.13047e-08
1.133	3.79914e-08
1.1331	3.15462e-08
1.1332	3.70797e-08
1.1333	3.27626e-08
1.1334	3.44557e-08
1.1335	3.4114e-08
1.1336	4.16076e-08
1.1337	3.52103e-08
1.1338	4.42105e-08
1.1339	3.01258e-08
1.134	3.17243e-08
1.1341	3.34621e-08
1.1342	3.63282e-08
1.1343	4.12811e-08
1.1344	3.0862e-08
1.1345	3.76462e-08
1.1346	2.77328e-08
1.1347	2.57823e-08
1.1348	4.00916e-08
1.1349	4.16596e-08
1.135	2.98465e-08
1.1351	3.39784e-08
1.1352	2.53247e-08
1.1353	2.35628e-08
1.1354	3.15178e-08
1.1355	3.76707e-08
1.1356	3.60934e-08
1.1357	4.07784e-08
1.1358	4.08093e-08
1.1359	5.14206e-08
1.136	3.87994e-08
1.1361	2.73193e-08
1.1362	2.73826e-08
1.1363	2.78812e-08
1.1364	2.78821e-08
1.1365	3.10457e-08
1.1366	3.55854e-08
1.1367	2.85915e-08
1.1368	2.59612e-08
1.1369	3.54413e-08
1.137	3.4894e-08
1.1371	3.00144e-08
1.1372	2.99152e-08
1.1373	3.22577e-08
1.1374	2.8128e-08
1.1375	2.82471e-08
1.1376	3.89646e-08
1.1377	3.47808e-08
1.1378	4.39908e-08
1.1379	4.04046e-08
1.138	4.58516e-08
1.1381	4.35725e-08
1.1382	3.60479e-08
1.1383	2.96996e-08
1.1384	3.26326e-08
1.1385	2.81884e-08
1.1386	3.60162e-08
1.1387	3.85907e-08
1.1388	2.87594e-08
1.1389	3.73431e-08
1.139	2.80911e-08
1.1391	3.8584e-08
1.1392	3.747e-08
1.1393	2.93889e-08
1.1394	2.936e-08
1.1395	3.37357e-08
1.1396	3.02202e-08
1.1397	2.35514e-08
1.1398	2.46691e-08
1.1399	2.668e-08
1.14	3.38896e-08
1.1401	3.97031e-08
1.1402	3.37394e-08
1.1403	3.87305e-08
1.1404	4.06514e-08
1.1405	3.06376e-08
1.1406	3.29595e-08
1.1407	3.59913e-08
1.1408	3.19867e-08
1.1409	3.51951e-08
1.141	3.73757e-08
1.1411	2.33116e-08
1.1412	3.6733e-08
1.1413	3.67696e-08
1.1414	2.75096e-08
1.1415	3.37314e-08
1.1416	2.88818e-08
1.1417	3.18602e-08
1.1418	3.4131e-08
1.1419	2.54862e-08
1.142	2.46478e-08
1.1421	3.928e-08
1.1422	3.57493e-08
1.1423	2.54504e-08
1.1424	2.69972e-08
1.1425	3.38281e-08
1.1426	4.09892e-08
1.1427	3.1916e-08
1.1428	2.31763e-08
1.1429	3.03461e-08
1.143	2.70494e-08
1.1431	3.85656e-08
1.1432	3.01968e-08
1.1433	3.75175e-08
1.1434	3.18371e-08
1.1435	3.57082e-08
1.1436	2.63289e-08
1.1437	2.33614e-08
1.1438	2.09096e-08
1.1439	2.91216e-08
1.144	2.37118e-08
1.1441	2.42184e-08
1.1442	2.24337e-08
1.1443	3.35339e-08
1.1444	3.81531e-08
1.1445	2.32685e-08
1.1446	2.65098e-08
1.1447	3.89459e-08
1.1448	3.98397e-08
1.1449	4.73519e-08
1.145	2.29164e-08
1.1451	2.19448e-08
1.1452	3.13446e-08
1.1453	3.17126e-08
1.1454	3.19557e-08
1.1455	4.14198e-08
1.1456	2.53283e-08
1.1457	3.33633e-08
1.1458	3.0852e-08
1.1459	3.24585e-08
1.146	3.54266e-08
1.1461	3.39148e-08
1.1462	2.74228e-08
1.1463	2.62587e-08
1.1464	2.48947e-08
1.1465	3.58324e-08
1.1466	3.42523e-08
1.1467	2.40417e-08
1.1468	3.37909e-08
1.1469	3.60391e-08
1.147	3.45338e-08
1.1471	4.28871e-08
1.1472	2.68495e-08
1.1473	3.25749e-08
1.1474	2.39568e-08
1.1475	2.98715e-08
1.1476	2.855e-08
1.1477	2.55261e-08
1.1478	2.97097e-08
1.1479	3.21569e-08
1.148	3.17551e-08
1.1481	3.81483e-08
1.1482	3.8561e-08
1.1483	2.99307e-08
1.1484	2.76074e-08
1.1485	2.4836e-08
1.1486	3.41741e-08
1.1487	2.88164e-08
1.1488	3.31457e-08
1.1489	2.33014e-08
1.149	2.33793e-08
1.1491	2.52713e-08
1.1492	3.53054e-08
1.1493	3.30731e-08
1.1494	3.81178e-08
1.1495	3.30816e-08
1.1496	3.17854e-08
1.1497	3.29597e-08
1.1498	2.9718e-08
1.1499	3.34852e-08
1.15	2.79322e-08
1.1501	2.31988e-08
1.1502	2.69978e-08
1.1503	3.08524e-08
1.1504	3.4406e-08
1.1505	3.64655e-08
1.1506	3.17341e-08
1.1507	3.29627e-08
1.1508	4.0084e-08
1.1509	4.0413e-08
1.151	3.28935e-08
1.1511	3.14901e-08
1.1512	2.96396e-08
1.1513	4.00892e-08
1.1514	3.00923e-08
1.1515	3.11859e-08
1.1516	4.40262e-08
1.1517	2.95493e-08
1.1518	2.99141e-08
1.1519	2.83174e-08
1.152	3.10173e-08
1.1521	2.66348e-08
1.1522	3.54372e-08
1.1523	3.02073e-08
1.1524	4.06003e-08
1.1525	2.96901e-08
1.1526	2.37119e-08
1.1527	2.13495e-08
1.1528	3.26573e-08
1.1529	2.96762e-08
1.153	4.08337e-08
1.1531	2.80618e-08
1.1532	3.81538e-08
1.1533	4.77803e-08
1.1534	3.93431e-08
1.1535	2.66333e-08
1.1536	3.76663e-08
1.1537	4.18071e-08
1.1538	3.07165e-08
1.1539	3.6934e-08
1.154	3.07822e-08
1.1541	3.51505e-08
1.1542	2.87643e-08
1.1543	3.32618e-08
1.1544	4.03997e-08
1.1545	3.34108e-08
1.1546	2.89524e-08
1.1547	2.12519e-08
1.1548	1.88951e-08
1.1549	2.42473e-08
1.155	3.39584e-08
1.1551	3.71115e-08
1.1552	3.24779e-08
1.1553	2.9463e-08
1.1554	4.03629e-08
1.1555	3.66828e-08
1.1556	4.11848e-08
1.1557	3.46082e-08
1.1558	4.07198e-08
1.1559	3.90104e-08
1.156	3.77295e-08
1.1561	3.63972e-08
1.1562	2.46803e-08
1.1563	2.7266e-08
1.1564	4.23926e-08
1.1565	3.38244e-08
1.1566	3.02494e-08
1.1567	2.4161e-08
1.1568	2.12723e-08
1.1569	2.54385e-08
1.157	2.95047e-08
1.1571	2.94019e-08
1.1572	2.57066e-08
1.1573	2.29405e-08
1.1574	3.08128e-08
1.1575	5.03625e-08
1.1576	4.41829e-08
1.1577	3.19788e-08
1.1578	3.89454e-08
1.1579	4.66346e-08
1.158	3.83663e-08
1.1581	3.68533e-08
1.1582	2.88888e-08
1.1583	3.73281e-08
1.1584	3.09829e-08
1.1585	4.04096e-08
1.1586	3.55781e-08
1.1587	3.09955e-08
1.1588	2.68316e-08
1.1589	2.76607e-08
1.159	2.87937e-08
1.1591	2.36717e-08
1.1592	2.5369e-08
1.1593	2.82566e-08
1.1594	1.9847e-08
1.1595	2.13968e-08
1.1596	3.29665e-08
1.1597	2.97158e-08
1.1598	3.40924e-08
1.1599	3.25326e-08
1.16	4.08306e-08
1.1601	4.17985e-08
1.1602	4.66018e-08
1.1603	3.37207e-08
1.1604	2.74593e-08
1.1605	3.679e-08
1.1606	4.08239e-08
1.1607	2.69136e-08
1.1608	2.5329e-08
1.1609	2.59134e-08
1.161	2.44371e-08
1.1611	2.75372e-08
1.1612	2.59507e-08
1.1613	3.89809e-08
1.1614	2.8518e-08
1.1615	2.57189e-08
1.1616	3.51506e-08
1.1617	2.13e-08
1.1618	2.79801e-08
1.1619	3.19551e-08
1.162	3.1131e-08
1.1621	2.68358e-08
1.1622	3.45737e-08
1.1623	3.55018e-08
1.1624	3.31874e-08
1.1625	2.60442e-08
1.1626	3.70891e-08
1.1627	3.74416e-08
1.1628	3.81899e-08
1.1629	2.9854e-08
1.163	3.90567e-08
1.1631	3.38912e-08
1.1632	2.50185e-08
1.1633	2.46877e-08
1.1634	3.3677e-08
1.1635	3.13937e-08
1.1636	3.46862e-08
1.1637	2.68944e-08
1.1638	3.53851e-08
1.1639	3.74801e-08
1.164	3.48046e-08
1.1641	3.68937e-08
1.1642	2.62343e-08
1.1643	4.14299e-08
1.1644	3.92279e-08
1.1645	3.58277e-08
1.1646	2.75368e-08
1.1647	3.32648e-08
1.1648	2.97519e-08
1.1649	3.04872e-08
1.165	3.63937e-08
1.1651	2.95609e-08
1.1652	2.84584e-08
1.1653	3.0795e-08
1.1654	2.75217e-08
1.1655	3.31486e-08
1.1656	4.28485e-08
1.1657	3.78009e-08
1.1658	2.91092e-08
1.1659	3.90899e-08
1.166	3.44909e-08
1.1661	3.05567e-08
1.1662	2.70853e-08
1.1663	2.79969e-08
1.1664	2.43744e-08
1.1665	2.34099e-08
1.1666	4.21701e-08
1.1667	2.8755e-08
1.1668	3.13489e-08
1.1669	3.34602e-08
1.167	3.13332e-08
1.1671	3.89566e-08
1.1672	4.44234e-08
1.1673	3.37514e-08
1.1674	2.77522e-08
1.1675	2.8293e-08
1.1676	3.62921e-08
1.1677	3.14049e-08
1.1678	3.1978e-08
1.1679	3.12954e-08
1.168	2.74584e-08
1.1681	3.56717e-08
1.1682	3.65299e-08
1.1683	3.3978e-08
1.1684	2.66909e-08
1.1685	2.69904e-08
1.1686	3.51088e-08
1.1687	2.90736e-08
1.1688	2.40125e-08
1.1689	3.01541e-08
1.169	2.82557e-08
1.1691	2.42438e-08
1.1692	3.79344e-08
1.1693	3.57052e-08
1.1694	2.65788e-08
1.1695	3.67498e-08
1.1696	2.62524e-08
1.1697	2.73978e-08
1.1698	2.77566e-08
1.1699	4.31675e-08
1.17	3.47093e-08
1.1701	2.94251e-08
1.1702	3.94591e-08
1.1703	2.5656e-08
1.1704	3.85465e-08
1.1705	4.1468e-08
1.1706	3.2299e-08
1.1707	2.59348e-08
1.1708	2.66198e-08
1.1709	2.45879e-08
1.171	2.65911e-08
1.1711	3.42148e-08
1.1712	4.02543e-08
1.1713	4.51465e-08
1.1714	4.15902e-08
1.1715	4.27635e-08
1.1716	2.69006e-08
1.1717	4.0534e-08
1.1718	3.24987e-08
1.1719	2.6653e-08
1.172	2.93452e-08
1.1721	3.37366e-08
1.1722	3.57902e-08
1.1723	4.53043e-08
1.1724	3.52168e-08
1.1725	2.62953e-08
1.1726	2.63494e-08
1.1727	3.94986e-08
1.1728	3.11743e-08
1.1729	3.20757e-08
1.173	2.96267e-08
1.1731	2.63799e-08
1.1732	3.34884e-08
1.1733	4.20201e-08
1.1734	3.40885e-08
1.1735	4.43798e-08
1.1736	3.08018e-08
1.1737	3.76395e-08
1.1738	3.68836e-08
1.1739	3.86371e-08
1.174	2.22318e-08
1.1741	3.34786e-08
1.1742	3.93675e-08
1.1743	2.86683e-08
1.1744	3.69709e-08
1.1745	3.11195e-08
1.1746	2.63043e-08
1.1747	4.43602e-08
1.1748	4.28056e-08
1.1749	2.78031e-08
1.175	2.95803e-08
1.1751	2.76293e-08
1.1752	3.32266e-08
1.1753	2.29647e-08
1.1754	2.23785e-08
1.1755	2.82818e-08
1.1756	2.6962e-08
1.1757	3.04479e-08
1.1758	3.97855e-08
1.1759	3.33214e-08
1.176	3.28805e-08
1.1761	3.94446e-08
1.1762	2.36313e-08
1.1763	2.63526e-08
1.1764	2.61617e-08
1.1765	4.03733e-08
1.1766	2.66877e-08
1.1767	3.22388e-08
1.1768	2.62344e-08
1.1769	2.96737e-08
1.177	3.72428e-08
1.1771	2.90861e-08
1.1772	2.59904e-08
1.1773	2.9454e-08
1.1774	3.59507e-08
1.1775	3.48297e-08
1.1776	2.53276e-08
1.1777	2.59334e-08
1.1778	3.1172e-08
1.1779	3.18258e-08
1.178	2.8266e-08
1.1781	2.67198e-08
1.1782	3.41213e-08
1.1783	3.38242e-08
1.1784	3.28408e-08
1.1785	2.18838e-08
1.1786	2.86077e-08
1.1787	2.41768e-08
1.1788	3.91296e-08
1.1789	2.76392e-08
1.179	3.59847e-08
1.1791	3.89116e-08
1.1792	2.6563e-08
1.1793	2.17987e-08
1.1794	2.36801e-08
1.1795	2.34428e-08
1.1796	2.93783e-08
1.1797	3.05025e-08
1.1798	1.98025e-08
1.1799	2.28725e-08
1.18	3.02806e-08
1.1801	3.92727e-08
1.1802	2.42451e-08
1.1803	2.9515e-08
1.1804	4.42094e-08
1.1805	5.28898e-08
1.1806	4.05178e-08
1.1807	2.38153e-08
1.1808	2.60725e-08
1.1809	3.66485e-08
1.181	2.84041e-08
1.1811	2.54767e-08
1.1812	3.85873e-08
1.1813	2.52324e-08
1.1814	3.62212e-08
1.1815	3.11466e-08
1.1816	3.01376e-08
1.1817	3.05528e-08
1.1818	3.22876e-08
1.1819	2.26175e-08
1.182	2.80487e-08
1.1821	2.35485e-08
1.1822	3.29801e-08
1.1823	3.33362e-08
1.1824	2.22747e-08
1.1825	2.93467e-08
1.1826	2.99121e-08
1.1827	4.28201e-08
1.1828	3.26617e-08
1.1829	2.47685e-08
1.183	3.19208e-08
1.1831	3.27599e-08
1.1832	3.49643e-08
1.1833	3.04053e-08
1.1834	2.45297e-08
1.1835	2.80172e-08
1.1836	2.72822e-08
1.1837	3.97354e-08
1.1838	3.85139e-08
1.1839	3.1705e-08
1.184	3.26785e-08
1.1841	2.55249e-08
1.1842	2.6639e-08
1.1843	4.12165e-08
1.1844	4.04407e-08
1.1845	3.1027e-08
1.1846	2.3788e-08
1.1847	2.44799e-08
1.1848	3.18239e-08
1.1849	3.53491e-08
1.185	3.12205e-08
1.1851	2.98443e-08
1.1852	3.38984e-08
1.1853	3.98539e-08
1.1854	3.40937e-08
1.1855	2.89563e-08
1.1856	3.89289e-08
1.1857	2.71017e-08
1.1858	2.73812e-08
1.1859	2.46931e-08
1.186	2.82111e-08
1.1861	3.96445e-08
1.1862	4.12476e-08
1.1863	3.18562e-08
1.1864	4.06896e-08
1.1865	3.61524e-08
1.1866	4.19287e-08
1.1867	3.85125e-08
1.1868	3.49352e-08
1.1869	3.60795e-08
1.187	2.93612e-08
1.1871	3.13697e-08
1.1872	3.74928e-08
1.1873	3.32819e-08
1.1874	2.56435e-08
1.1875	2.89237e-08
1.1876	2.58875e-08
1.1877	2.50971e-08
1.1878	3.92461e-08
1.1879	3.7698e-08
1.188	3.34184e-08
1.1881	2.94809e-08
1.1882	3.08051e-08
1.1883	2.37886e-08
1.1884	3.20321e-08
1.1885	2.68685e-08
1.1886	3.00561e-08
1.1887	3.74495e-08
1.1888	3.27759e-08
1.1889	4.50714e-08
1.189	4.27839e-08
1.1891	3.17297e-08
1.1892	2.45768e-08
1.1893	3.58561e-08
1.1894	3.62157e-08
1.1895	4.59514e-08
1.1896	2.6658e-08
1.1897	3.3026e-08
1.1898	3.1135e-08
1.1899	2.95644e-08
1.19	3.3983e-08
1.1901	4.38946e-08
1.1902	2.42701e-08
1.1903	2.52912e-08
1.1904	2.07727e-08
1.1905	2.07149e-08
1.1906	2.88752e-08
1.1907	3.2651e-08
1.1908	3.02613e-08
1.1909	4.12119e-08
1.191	3.15322e-08
1.1911	4.16441e-08
1.1912	3.00227e-08
1.1913	4.52758e-08
1.1914	3.29183e-08
1.1915	4.07406e-08
1.1916	3.69225e-08
1.1917	3.82772e-08
1.1918	4.1399e-08
1.1919	2.37564e-08
1.192	2.45226e-08
1.1921	4.61986e-08
1.1922	3.06562e-08
1.1923	3.86665e-08
1.1924	2.1888e-08
1.1925	2.14476e-08
1.1926	2.712e-08
1.1927	3.10696e-08
1.1928	3.21755e-08
1.1929	2.13563e-08
1.193	2.47742e-08
1.1931	3.1248e-08
1.1932	4.11882e-08
1.1933	3.31654e-08
1.1934	3.27917e-08
1.1935	3.66459e-08
1.1936	4.31944e-08
1.1937	4.23824e-08
1.1938	3.86055e-08
1.1939	3.52007e-08
1.194	3.81835e-08
1.1941	3.60338e-08
1.1942	3.15352e-08
1.1943	3.07533e-08
1.1944	4.06121e-08
1.1945	2.95977e-08
1.1946	2.50677e-08
1.1947	2.94371e-08
1.1948	2.73509e-08
1.1949	2.86412e-08
1.195	2.57913e-08
1.1951	1.7831e-08
1.1952	3.90122e-08
1.1953	3.67188e-08
1.1954	2.76235e-08
1.1955	3.84774e-08
1.1956	2.64352e-08
1.1957	3.8004e-08
1.1958	4.20671e-08
1.1959	4.68357e-08
1.196	2.65526e-08
1.1961	3.17518e-08
1.1962	3.04307e-08
1.1963	3.45385e-08
1.1964	3.08635e-08
1.1965	3.1772e-08
1.1966	2.84788e-08
1.1967	2.36069e-08
1.1968	3.42639e-08
1.1969	3.16984e-08
1.197	4.23691e-08
1.1971	2.53363e-08
1.1972	2.98311e-08
1.1973	3.55027e-08
1.1974	2.04989e-08
1.1975	2.42994e-08
1.1976	3.82909e-08
1.1977	2.89135e-08
1.1978	3.77255e-08
1.1979	2.99501e-08
1.198	3.94108e-08
1.1981	3.47155e-08
1.1982	3.30416e-08
1.1983	2.97165e-08
1.1984	3.92153e-08
1.1985	3.90833e-08
1.1986	3.53176e-08
1.1987	3.57748e-08
1.1988	3.45959e-08
1.1989	2.23624e-08
1.199	3.11368e-08
1.1991	2.70378e-08
1.1992	3.51815e-08
1.1993	3.53829e-08
1.1994	2.61566e-08
1.1995	3.70523e-08
1.1996	3.20988e-08
1.1997	2.95574e-08
1.1998	3.30968e-08
1.1999	2.68951e-08
1.2	3.86542e-08
1.2001	3.44612e-08
1.2002	2.70661e-08
1.2003	2.63133e-08
1.2004	3.70454e-08
1.2005	3.30561e-08
1.2006	3.57807e-08
1.2007	4.98764e-08
1.2008	3.2989e-08
1.2009	3.09059e-08
1.201	3.47025e-08
1.2011	2.66692e-08
1.2012	3.67745e-08
1.2013	3.14484e-08
1.2014	4.20878e-08
1.2015	2.37866e-08
1.2016	3.40723e-08
1.2017	3.51483e-08
1.2018	3.8593e-08
1.2019	2.97381e-08
1.202	2.34105e-08
1.2021	2.4755e-08
1.2022	2.52105e-08
1.2023	4.17355e-08
1.2024	4.10094e-08
1.2025	3.26241e-08
1.2026	3.27434e-08
1.2027	3.53588e-08
1.2028	3.8949e-08
1.2029	3.78125e-08
1.203	2.62783e-08
1.2031	3.12448e-08
1.2032	3.4375e-08
1.2033	3.15825e-08
1.2034	3.28609e-08
1.2035	3.48457e-08
1.2036	2.54304e-08
1.2037	3.48447e-08
1.2038	2.69212e-08
1.2039	3.08393e-08
1.204	3.52486e-08
1.2041	3.42963e-08
1.2042	2.09478e-08
1.2043	3.00702e-08
1.2044	3.59156e-08
1.2045	2.48228e-08
1.2046	3.57338e-08
1.2047	3.47031e-08
1.2048	2.98495e-08
1.2049	3.547e-08
1.205	3.00975e-08
1.2051	4.28395e-08
1.2052	2.57556e-08
1.2053	2.48302e-08
1.2054	3.50149e-08
1.2055	2.78433e-08
1.2056	3.91804e-08
1.2057	3.37331e-08
1.2058	2.70601e-08
1.2059	3.6086e-08
1.206	3.05271e-08
1.2061	3.60353e-08
1.2062	4.84106e-08
1.2063	2.89135e-08
1.2064	2.55279e-08
1.2065	3.22124e-08
1.2066	2.97304e-08
1.2067	2.84009e-08
1.2068	3.09444e-08
1.2069	3.88505e-08
1.207	4.21694e-08
1.2071	3.51742e-08
1.2072	3.93271e-08
1.2073	4.21741e-08
1.2074	3.69902e-08
1.2075	2.84383e-08
1.2076	2.51416e-08
1.2077	2.46863e-08
1.2078	3.66471e-08
1.2079	3.26204e-08
1.208	3.52675e-08
1.2081	2.92384e-08
1.2082	3.53411e-08
1.2083	3.33998e-08
1.2084	4.2383e-08
1.2085	2.34432e-08
1.2086	2.91628e-08
1.2087	2.20476e-08
1.2088	2.82051e-08
1.2089	3.33521e-08
1.209	3.97028e-08
1.2091	4.95463e-08
1.2092	3.45239e-08
1.2093	3.34976e-08
1.2094	4.18392e-08
1.2095	3.70252e-08
1.2096	3.75777e-08
1.2097	3.38166e-08
1.2098	2.66338e-08
1.2099	3.75231e-08
1.21	3.14864e-08
1.2101	3.91783e-08
1.2102	3.01482e-08
1.2103	3.34686e-08
1.2104	3.88652e-08
1.2105	3.9169e-08
1.2106	2.92144e-08
1.2107	2.92423e-08
1.2108	2.81755e-08
1.2109	3.17591e-08
1.211	2.03816e-08
1.2111	2.22281e-08
1.2112	3.24023e-08
1.2113	3.02941e-08
1.2114	2.87171e-08
1.2115	3.35926e-08
1.2116	3.84197e-08
1.2117	3.80285e-08
1.2118	4.23202e-08
1.2119	2.52203e-08
1.212	3.15155e-08
1.2121	2.92681e-08
1.2122	3.43193e-08
1.2123	2.88332e-08
1.2124	2.33965e-08
1.2125	3.23464e-08
1.2126	2.77421e-08
1.2127	4.11779e-08
1.2128	2.23552e-08
1.2129	2.81572e-08
1.213	3.12517e-08
1.2131	3.34202e-08
1.2132	2.853e-08
1.2133	2.54883e-08
1.2134	2.52426e-08
1.2135	2.95119e-08
1.2136	3.29306e-08
1.2137	3.37353e-08
1.2138	3.09137e-08
1.2139	3.57634e-08
1.214	3.69944e-08
1.2141	2.54386e-08
1.2142	2.12954e-08
1.2143	3.24224e-08
1.2144	2.41665e-08
1.2145	3.75542e-08
1.2146	3.14695e-08
1.2147	2.81913e-08
1.2148	3.73643e-08
1.2149	2.75153e-08
1.215	1.98064e-08
1.2151	2.33616e-08
1.2152	2.84221e-08
1.2153	2.43397e-08
1.2154	3.14525e-08
1.2155	1.88767e-08
1.2156	2.45481e-08
1.2157	2.88545e-08
1.2158	3.30498e-08
1.2159	2.87676e-08
1.216	3.53788e-08
1.2161	4.20607e-08
1.2162	4.58832e-08
1.2163	4.46012e-08
1.2164	3.15455e-08
1.2165	2.77389e-08
1.2166	3.06936e-08
1.2167	2.37826e-08
1.2168	2.2095e-08
1.2169	4.11269e-08
1.217	2.79956e-08
1.2171	3.08868e-08
1.2172	2.75744e-08
1.2173	2.9409e-08
1.2174	3.76554e-08
1.2175	2.44159e-08
1.2176	2.39735e-08
1.2177	2.80744e-08
1.2178	2.43688e-08
1.2179	2.61783e-08
1.218	3.19576e-08
1.2181	2.51641e-08
1.2182	2.64461e-08
1.2183	3.37828e-08
1.2184	3.58088e-08
1.2185	2.95938e-08
1.2186	2.4983e-08
1.2187	2.69243e-08
1.2188	3.7091e-08
1.2189	3.29222e-08
1.219	3.12937e-08
1.2191	2.27833e-08
1.2192	2.49032e-08
1.2193	3.026e-08
1.2194	3.89949e-08
1.2195	4.03015e-08
1.2196	2.67717e-08
1.2197	2.9603e-08
1.2198	2.72586e-08
1.2199	2.98253e-08
1.22	3.28056e-08
1.2201	3.57205e-08
1.2202	3.30029e-08
1.2203	2.86873e-08
1.2204	3.0444e-08
1.2205	3.31864e-08
1.2206	3.51935e-08
1.2207	3.89786e-08
1.2208	2.7832e-08
1.2209	3.64319e-08
1.221	3.88668e-08
1.2211	3.39681e-08
1.2212	3.66098e-08
1.2213	3.69894e-08
1.2214	2.90534e-08
1.2215	2.93209e-08
1.2216	2.32213e-08
1.2217	3.43692e-08
1.2218	3.43621e-08
1.2219	3.28602e-08
1.222	3.28191e-08
1.2221	4.84936e-08
1.2222	4.12523e-08
1.2223	3.86169e-08
1.2224	2.58891e-08
1.2225	3.35598e-08
1.2226	4.07335e-08
1.2227	2.72596e-08
1.2228	3.41598e-08
1.2229	3.61229e-08
1.223	3.17707e-08
1.2231	3.46635e-08
1.2232	3.29074e-08
1.2233	3.23983e-08
1.2234	2.78684e-08
1.2235	3.57751e-08
1.2236	3.53733e-08
1.2237	4.00038e-08
1.2238	2.91526e-08
1.2239	2.37245e-08
1.224	2.20064e-08
1.2241	3.14427e-08
1.2242	3.1726e-08
1.2243	3.11597e-08
1.2244	2.46488e-08
1.2245	3.53334e-08
1.2246	4.37523e-08
1.2247	4.57699e-08
1.2248	3.58222e-08
1.2249	3.36151e-08
1.225	3.2762e-08
1.2251	4.40602e-08
1.2252	4.69297e-08
1.2253	2.58415e-08
1.2254	3.0151e-08
1.2255	3.11285e-08
1.2256	2.50967e-08
1.2257	3.20577e-08
1.2258	3.4001e-08
1.2259	2.7715e-08
1.226	2.32798e-08
1.2261	2.28161e-08
1.2262	2.22513e-08
1.2263	3.1076e-08
1.2264	4.16662e-08
1.2265	4.97098e-08
1.2266	3.5862e-08
1.2267	3.3312e-08
1.2268	3.74975e-08
1.2269	2.55062e-08
1.227	4.33368e-08
1.2271	3.5014e-08
1.2272	4.25932e-08
1.2273	2.94518e-08
1.2274	4.38067e-08
1.2275	4.09351e-08
1.2276	2.88177e-08
1.2277	3.38053e-08
1.2278	3.75113e-08
1.2279	2.4665e-08
1.228	2.57391e-08
1.2281	2.05635e-08
1.2282	2.29505e-08
1.2283	2.62089e-08
1.2284	3.18455e-08
1.2285	3.2346e-08
1.2286	2.50112e-08
1.2287	2.25295e-08
1.2288	3.61257e-08
1.2289	4.0843e-08
1.229	3.41489e-08
1.2291	3.57234e-08
1.2292	3.32055e-08
1.2293	4.44374e-08
1.2294	3.11387e-08
1.2295	3.53234e-08
1.2296	3.99103e-08
1.2297	3.37554e-08
1.2298	3.42409e-08
1.2299	3.85799e-08
1.23	2.92816e-08
1.2301	3.67061e-08
1.2302	2.7289e-08
1.2303	2.26073e-08
1.2304	2.42492e-08
1.2305	2.83864e-08
1.2306	3.19572e-08
1.2307	2.68245e-08
1.2308	2.03988e-08
1.2309	3.36176e-08
1.231	2.81124e-08
1.2311	2.69115e-08
1.2312	3.32749e-08
1.2313	2.92024e-08
1.2314	3.71463e-08
1.2315	4.97042e-08
1.2316	4.71199e-08
1.2317	3.03563e-08
1.2318	3.95021e-08
1.2319	4.41603e-08
1.232	3.96119e-08
1.2321	3.30173e-08
1.2322	3.2847e-08
1.2323	2.64081e-08
1.2324	2.14263e-08
1.2325	2.9681e-08
1.2326	3.34369e-08
1.2327	3.01476e-08
1.2328	2.16187e-08
1.2329	2.70665e-08
1.233	3.26333e-08
1.2331	2.05238e-08
1.2332	2.43805e-08
1.2333	3.45147e-08
1.2334	2.58354e-08
1.2335	3.99045e-08
1.2336	2.78661e-08
1.2337	3.52661e-08
1.2338	3.74219e-08
1.2339	3.54663e-08
1.234	2.97646e-08
1.2341	2.89396e-08
1.2342	3.60738e-08
1.2343	3.71824e-08
1.2344	4.41301e-08
1.2345	3.07659e-08
1.2346	2.78326e-08
1.2347	3.01672e-08
1.2348	2.53662e-08
1.2349	3.39988e-08
1.235	3.71544e-08
1.2351	2.64752e-08
1.2352	3.56788e-08
1.2353	3.66516e-08
1.2354	3.5731e-08
1.2355	3.37163e-08
1.2356	3.11963e-08
1.2357	4.05513e-08
1.2358	3.42372e-08
1.2359	2.4941e-08
1.236	3.37841e-08
1.2361	3.3964e-08
1.2362	3.269e-08
1.2363	2.64861e-08
1.2364	3.85092e-08
1.2365	3.07772e-08
1.2366	2.72144e-08
1.2367	3.44623e-08
1.2368	3.19123e-08
1.2369	3.35386e-08
1.237	4.08428e-08
1.2371	3.06858e-08
1.2372	2.7717e-08
1.2373	3.82719e-08
1.2374	3.59831e-08
1.2375	3.91064e-08
1.2376	3.28977e-08
1.2377	2.41695e-08
1.2378	2.51168e-08
1.2379	3.04017e-08
1.238	4.04828e-08
1.2381	3.75439e-08
1.2382	2.99946e-08
1.2383	2.87264e-08
1.2384	3.45635e-08
1.2385	3.88435e-08
1.2386	3.61828e-08
1.2387	2.20503e-08
1.2388	3.19891e-08
1.2389	3.9559e-08
1.239	2.77661e-08
1.2391	2.75275e-08
1.2392	2.78402e-08
1.2393	3.17794e-08
1.2394	3.25163e-08
1.2395	2.27334e-08
1.2396	3.90458e-08
1.2397	3.3485e-08
1.2398	2.8051e-08
1.2399	2.4226e-08
1.24	2.92357e-08
1.2401	2.89514e-08
1.2402	2.81625e-08
1.2403	3.43866e-08
1.2404	3.29181e-08
1.2405	3.32324e-08
1.2406	4.41039e-08
1.2407	2.14785e-08
1.2408	4.07978e-08
1.2409	2.14114e-08
1.241	2.69014e-08
1.2411	3.08678e-08
1.2412	2.75053e-08
1.2413	3.36909e-08
1.2414	3.41951e-08
1.2415	2.70627e-08
1.2416	3.18778e-08
1.2417	3.17705e-08
1.2418	3.96698e-08
1.2419	4.80744e-08
1.242	2.5272e-08
1.2421	3.30491e-08
1.2422	2.8109e-08
1.2423	2.82915e-08
1.2424	3.13744e-08
1.2425	3.28657e-08
1.2426	4.10256e-08
1.2427	3.64426e-08
1.2428	3.06825e-08
1.2429	4.02971e-08
1.243	3.40836e-08
1.2431	4.21026e-08
1.2432	2.64599e-08
1.2433	2.81617e-08
1.2434	2.75992e-08
1.2435	3.36862e-08
1.2436	3.89738e-08
1.2437	3.43236e-08
1.2438	2.51314e-08
1.2439	3.3973e-08
1.244	3.07461e-08
1.2441	3.67523e-08
1.2442	2.73976e-08
1.2443	3.11419e-08
1.2444	2.05238e-08
1.2445	2.67106e-08
1.2446	4.23237e-08
1.2447	3.75526e-08
1.2448	4.16017e-08
1.2449	3.97629e-08
1.245	3.47005e-08
1.2451	4.47728e-08
1.2452	4.01256e-08
1.2453	3.41665e-08
1.2454	3.71757e-08
1.2455	2.58891e-08
1.2456	3.76006e-08
1.2457	4.38373e-08
1.2458	3.14866e-08
1.2459	2.96333e-08
1.246	3.57775e-08
1.2461	3.54998e-08
1.2462	3.89943e-08
1.2463	2.67006e-08
1.2464	2.40777e-08
1.2465	2.85924e-08
1.2466	3.77681e-08
1.2467	2.42184e-08
1.2468	2.29983e-08
1.2469	3.17589e-08
1.247	3.6691e-08
1.2471	2.78286e-08
1.2472	3.04759e-08
1.2473	3.69069e-08
1.2474	3.13789e-08
1.2475	3.68837e-08
1.2476	2.68016e-08
1.2477	3.30064e-08
1.2478	3.47557e-08
1.2479	3.13552e-08
1.248	3.65984e-08
1.2481	2.35085e-08
1.2482	2.81341e-08
1.2483	2.7379e-08
1.2484	3.04962e-08
1.2485	3.19807e-08
1.2486	2.8448e-08
1.2487	3.25945e-08
1.2488	3.26516e-08
1.2489	2.97031e-08
1.249	2.57807e-08
1.2491	2.69119e-08
1.2492	3.0525e-08
1.2493	3.37021e-08
1.2494	3.89454e-08
1.2495	2.83514e-08
1.2496	4.3166e-08
1.2497	2.8942e-08
1.2498	2.59975e-08
1.2499	2.14654e-08
1.25	3.00994e-08
1.2501	3.16545e-08
1.2502	3.29965e-08
1.2503	3.40966e-08
1.2504	2.33897e-08
1.2505	3.68866e-08
1.2506	2.28474e-08
1.2507	2.42286e-08
1.2508	2.31442e-08
1.2509	3.06128e-08
1.251	2.51624e-08
1.2511	3.05843e-08
1.2512	1.99372e-08
1.2513	2.44097e-08
1.2514	2.80613e-08
1.2515	3.10284e-08
1.2516	2.71585e-08
1.2517	3.2173e-08
1.2518	4.09674e-08
1.2519	5.33381e-08
1.252	2.78e-08
1.2521	2.52375e-08
1.2522	2.76727e-08
1.2523	2.97611e-08
1.2524	2.73943e-08
1.2525	3.21093e-08
1.2526	3.34106e-08
1.2527	2.91998e-08
1.2528	3.24872e-08
1.2529	3.09716e-08
1.253	2.3517e-08
1.2531	3.88054e-08
1.2532	2.03151e-08
1.2533	3.09006e-08
1.2534	2.39296e-08
1.2535	2.50089e-08
1.2536	2.51838e-08
1.2537	3.53445e-08
1.2538	2.48779e-08
1.2539	2.95982e-08
1.254	3.28672e-08
1.2541	3.05912e-08
1.2542	3.6219e-08
1.2543	2.82704e-08
1.2544	2.56648e-08
1.2545	3.02128e-08
1.2546	3.53879e-08
1.2547	3.18609e-08
1.2548	3.12991e-08
1.2549	2.29825e-08
1.255	3.9891e-08
1.2551	3.44173e-08
1.2552	4.93821e-08
1.2553	2.94199e-08
1.2554	2.49491e-08
1.2555	3.14071e-08
1.2556	3.3804e-08
1.2557	2.93941e-08
1.2558	3.55105e-08
1.2559	2.36404e-08
1.256	2.76123e-08
1.2561	2.28749e-08
1.2562	3.4255e-08
1.2563	3.49411e-08
1.2564	3.82851e-08
1.2565	3.23326e-08
1.2566	3.50585e-08
1.2567	2.95186e-08
1.2568	2.84018e-08
1.2569	3.95058e-08
1.257	2.82573e-08
1.2571	2.66908e-08
1.2572	2.90993e-08
1.2573	2.68362e-08
1.2574	3.02549e-08
1.2575	3.34595e-08
1.2576	3.46397e-08
1.2577	3.96958e-08
1.2578	3.49842e-08
1.2579	3.66153e-08
1.258	3.89056e-08
1.2581	2.91132e-08
1.2582	3.30161e-08
1.2583	3.31574e-08
1.2584	3.27138e-08
1.2585	4.27422e-08
1.2586	2.80688e-08
1.2587	3.85869e-08
1.2588	3.02193e-08
1.2589	2.63767e-08
1.259	2.89559e-08
1.2591	3.33081e-08
1.2592	3.50188e-08
1.2593	3.19881e-08
1.2594	3.61442e-08
1.2595	2.90774e-08
1.2596	2.42646e-08
1.2597	2.54893e-08
1.2598	3.27204e-08
1.2599	3.10613e-08
1.26	3.38823e-08
1.2601	2.83425e-08
1.2602	3.81653e-08
1.2603	3.74925e-08
1.2604	3.99582e-08
1.2605	3.30079e-08
1.2606	3.54051e-08
1.2607	4.54351e-08
1.2608	4.09678e-08
1.2609	3.61626e-08
1.261	2.57629e-08
1.2611	3.44319e-08
1.2612	2.43859e-08
1.2613	2.53643e-08
1.2614	3.48101e-08
1.2615	3.91224e-08
1.2616	3.0235e-08
1.2617	2.09138e-08
1.2618	2.01684e-08
1.2619	2.19776e-08
1.262	3.55451e-08
1.2621	3.60621e-08
1.2622	3.17209e-08
1.2623	3.48156e-08
1.2624	2.91065e-08
1.2625	4.02041e-08
1.2626	2.36638e-08
1.2627	4.19385e-08
1.2628	3.49933e-08
1.2629	4.47916e-08
1.263	2.64956e-08
1.2631	4.06803e-08
1.2632	3.7424e-08
1.2633	2.96514e-08
1.2634	3.22502e-08
1.2635	3.7482e-08
1.2636	2.45735e-08
1.2637	2.97022e-08
1.2638	2.40545e-08
1.2639	2.54601e-08
1.264	2.30728e-08
1.2641	2.44767e-08
1.2642	3.26134e-08
1.2643	2.06475e-08
1.2644	2.52252e-08
1.2645	3.48167e-08
1.2646	4.1078e-08
1.2647	3.43404e-08
1.2648	3.30892e-08
1.2649	4.01713e-08
1.265	3.41128e-08
1.2651	4.75106e-08
1.2652	3.33438e-08
1.2653	3.31219e-08
1.2654	3.53892e-08
1.2655	3.57744e-08
1.2656	3.18599e-08
1.2657	3.12478e-08
1.2658	3.94752e-08
1.2659	3.16822e-08
1.266	3.12887e-08
1.2661	2.89199e-08
1.2662	2.66994e-08
1.2663	3.04493e-08
1.2664	2.48207e-08
1.2665	1.81594e-08
1.2666	3.43322e-08
1.2667	3.06494e-08
1.2668	3.27547e-08
1.2669	3.65881e-08
1.267	2.75964e-08
1.2671	4.07392e-08
1.2672	4.05659e-08
1.2673	4.58661e-08
1.2674	3.05798e-08
1.2675	3.75628e-08
1.2676	3.78828e-08
1.2677	3.64543e-08
1.2678	2.75307e-08
1.2679	2.90566e-08
1.268	3.01965e-08
1.2681	2.59309e-08
1.2682	3.26352e-08
1.2683	4.05665e-08
1.2684	3.16456e-08
1.2685	2.27616e-08
1.2686	2.34819e-08
1.2687	3.55694e-08
1.2688	2.22325e-08
1.2689	2.26071e-08
1.269	3.28297e-08
1.2691	2.50429e-08
1.2692	4.24494e-08
1.2693	2.96241e-08
1.2694	3.50247e-08
1.2695	2.88172e-08
1.2696	3.78902e-08
1.2697	3.48777e-08
1.2698	3.766e-08
1.2699	3.65729e-08
1.27	3.73835e-08
1.2701	3.99952e-08
1.2702	2.58133e-08
1.2703	2.61586e-08
1.2704	3.35736e-08
1.2705	2.77597e-08
1.2706	2.89824e-08
1.2707	2.82521e-08
1.2708	3.19133e-08
1.2709	3.53431e-08
1.271	2.9373e-08
1.2711	3.58649e-08
1.2712	3.33796e-08
1.2713	3.81357e-08
1.2714	4.06416e-08
1.2715	3.70573e-08
1.2716	3.40347e-08
1.2717	3.02175e-08
1.2718	3.22738e-08
1.2719	3.58439e-08
1.272	3.12567e-08
1.2721	3.0974e-08
1.2722	2.92154e-08
1.2723	2.4808e-08
1.2724	3.30949e-08
1.2725	2.99294e-08
1.2726	3.29258e-08
1.2727	3.80021e-08
1.2728	3.35216e-08
1.2729	2.94689e-08
1.273	3.29898e-08
1.2731	2.95898e-08
1.2732	3.63608e-08
1.2733	3.4041e-08
1.2734	2.30519e-08
1.2735	3.26027e-08
1.2736	3.75515e-08
1.2737	4.39749e-08
1.2738	3.94903e-08
1.2739	2.91264e-08
1.274	3.36184e-08
1.2741	3.85199e-08
1.2742	4.12742e-08
1.2743	4.30155e-08
1.2744	2.44175e-08
1.2745	3.28007e-08
1.2746	3.69304e-08
1.2747	2.63183e-08
1.2748	3.39267e-08
1.2749	3.75346e-08
1.275	2.43171e-08
1.2751	2.59237e-08
1.2752	3.37704e-08
1.2753	3.68335e-08
1.2754	3.14511e-08
1.2755	2.86329e-08
1.2756	2.93756e-08
1.2757	3.52061e-08
1.2758	2.7089e-08
1.2759	3.17412e-08
1.276	3.22288e-08
1.2761	3.75664e-08
1.2762	4.47435e-08
1.2763	3.54812e-08
1.2764	2.71235e-08
1.2765	4.12336e-08
1.2766	2.26838e-08
1.2767	2.41238e-08
1.2768	3.38883e-08
1.2769	3.16423e-08
1.277	3.66068e-08
1.2771	3.23713e-08
1.2772	3.22716e-08
1.2773	3.48297e-08
1.2774	2.67479e-08
1.2775	3.63598e-08
1.2776	4.30181e-08
1.2777	2.36709e-08
1.2778	3.23083e-08
1.2779	2.7241e-08
1.278	2.22052e-08
1.2781	3.37735e-08
1.2782	3.32356e-08
1.2783	3.75983e-08
1.2784	3.95793e-08
1.2785	2.89168e-08
1.2786	4.24776e-08
1.2787	3.35578e-08
1.2788	3.17596e-08
1.2789	2.57113e-08
1.279	2.96624e-08
1.2791	2.7936e-08
1.2792	3.28228e-08
1.2793	3.55984e-08
1.2794	3.4975e-08
1.2795	2.21443e-08
1.2796	4.24114e-08
1.2797	3.96508e-08
1.2798	3.22535e-08
1.2799	3.1127e-08
1.28	3.88795e-08
1.2801	2.77054e-08
1.2802	2.36838e-08
1.2803	3.8082e-08
1.2804	4.14821e-08
1.2805	4.09997e-08
1.2806	3.2757e-08
1.2807	3.14239e-08
1.2808	3.9875e-08
1.2809	4.00993e-08
1.281	2.93453e-08
1.2811	3.22872e-08
1.2812	2.75314e-08
1.2813	3.18555e-08
1.2814	3.37042e-08
1.2815	3.39367e-08
1.2816	2.64207e-08
1.2817	3.87289e-08
1.2818	4.32363e-08
1.2819	4.07261e-08
1.282	2.6628e-08
1.2821	2.48209e-08
1.2822	2.75652e-08
1.2823	3.27411e-08
1.2824	2.38379e-08
1.2825	2.03851e-08
1.2826	3.05033e-08
1.2827	3.51172e-08
1.2828	3.59476e-08
1.2829	3.04825e-08
1.283	4.1738e-08
1.2831	3.72301e-08
1.2832	3.36186e-08
1.2833	2.43506e-08
1.2834	3.5983e-08
1.2835	3.81536e-08
1.2836	3.09703e-08
1.2837	3.75704e-08
1.2838	2.50633e-08
1.2839	3.33877e-08
1.284	3.51897e-08
1.2841	2.96314e-08
1.2842	3.05091e-08
1.2843	2.86486e-08
1.2844	3.35918e-08
1.2845	3.17809e-08
1.2846	2.81649e-08
1.2847	2.76593e-08
1.2848	2.73654e-08
1.2849	3.11116e-08
1.285	3.36737e-08
1.2851	3.587e-08
1.2852	3.46649e-08
1.2853	2.82281e-08
1.2854	2.79656e-08
1.2855	2.76643e-08
1.2856	2.61487e-08
1.2857	2.9596e-08
1.2858	3.2253e-08
1.2859	2.93522e-08
1.286	4.36981e-08
1.2861	3.33516e-08
1.2862	4.05018e-08
1.2863	2.32439e-08
1.2864	2.19437e-08
1.2865	2.21444e-08
1.2866	3.15177e-08
1.2867	2.15622e-08
1.2868	2.99584e-08
1.2869	1.88116e-08
1.287	2.4749e-08
1.2871	3.17885e-08
1.2872	3.50227e-08
1.2873	3.01904e-08
1.2874	3.19531e-08
1.2875	4.20515e-08
1.2876	3.1801e-08
1.2877	4.00032e-08
1.2878	2.72733e-08
1.2879	2.89953e-08
1.288	3.42614e-08
1.2881	3.12792e-08
1.2882	3.90782e-08
1.2883	2.90585e-08
1.2884	3.26573e-08
1.2885	3.21867e-08
1.2886	2.4297e-08
1.2887	3.20336e-08
1.2888	3.48165e-08
1.2889	2.15196e-08
1.289	2.27191e-08
1.2891	3.02387e-08
1.2892	2.46561e-08
1.2893	2.20144e-08
1.2894	3.36706e-08
1.2895	2.90989e-08
1.2896	3.65049e-08
1.2897	3.30556e-08
1.2898	4.41099e-08
1.2899	3.87015e-08
1.29	2.89851e-08
1.2901	2.54541e-08
1.2902	3.37324e-08
1.2903	3.52089e-08
1.2904	2.62306e-08
1.2905	2.62219e-08
1.2906	2.6159e-08
1.2907	3.88375e-08
1.2908	2.99768e-08
1.2909	4.62775e-08
1.291	2.99326e-08
1.2911	2.99563e-08
1.2912	3.28954e-08
1.2913	3.3185e-08
1.2914	3.0589e-08
1.2915	3.82894e-08
1.2916	3.15015e-08
1.2917	2.93667e-08
1.2918	1.93151e-08
1.2919	2.8903e-08
1.292	3.89139e-08
1.2921	3.92575e-08
1.2922	2.34825e-08
1.2923	3.76759e-08
1.2924	2.93865e-08
1.2925	3.17202e-08
1.2926	3.24407e-08
1.2927	2.94096e-08
1.2928	2.70227e-08
1.2929	2.66695e-08
1.293	2.61513e-08
1.2931	2.97613e-08
1.2932	2.70871e-08
1.2933	2.7729e-08
1.2934	3.3077e-08
1.2935	3.92336e-08
1.2936	4.31305e-08
1.2937	3.90402e-08
1.2938	3.06317e-08
1.2939	2.99382e-08
1.294	3.94747e-08
1.2941	2.95095e-08
1.2942	3.46056e-08
1.2943	3.86104e-08
1.2944	3.13416e-08
1.2945	3.27719e-08
1.2946	3.00907e-08
1.2947	2.81763e-08
1.2948	2.9036e-08
1.2949	3.80361e-08
1.295	3.71325e-08
1.2951	3.90236e-08
1.2952	3.12921e-08
1.2953	2.54778e-08
1.2954	2.17348e-08
1.2955	3.43691e-08
1.2956	2.89533e-08
1.2957	3.12965e-08
1.2958	2.95524e-08
1.2959	3.67463e-08
1.296	3.79948e-08
1.2961	4.28018e-08
1.2962	3.04046e-08
1.2963	3.2765e-08
1.2964	4.06351e-08
1.2965	3.37584e-08
1.2966	3.86757e-08
1.2967	2.31796e-08
1.2968	3.33174e-08
1.2969	3.56016e-08
1.297	2.30951e-08
1.2971	3.26739e-08
1.2972	3.53505e-08
1.2973	3.00745e-08
1.2974	2.64096e-08
1.2975	1.93349e-08
1.2976	2.21765e-08
1.2977	3.24821e-08
1.2978	4.15523e-08
1.2979	2.9165e-08
1.298	3.43469e-08
1.2981	3.16647e-08
1.2982	3.45265e-08
1.2983	2.48143e-08
1.2984	4.00279e-08
1.2985	3.51351e-08
1.2986	4.55908e-08
1.2987	2.84511e-08
1.2988	4.38199e-08
1.2989	3.65158e-08
1.299	2.33838e-08
1.2991	3.00467e-08
1.2992	3.32634e-08
1.2993	2.41169e-08
1.2994	2.1942e-08
1.2995	2.2394e-08
1.2996	2.21392e-08
1.2997	2.46963e-08
1.2998	2.95286e-08
1.2999	3.11057e-08
1.3	2.45757e-08
1.3001	2.73494e-08
1.3002	3.37345e-08
1.3003	3.88781e-08
1.3004	3.38479e-08
1.3005	3.64722e-08
1.3006	2.91546e-08
1.3007	3.59146e-08
1.3008	3.35309e-08
1.3009	3.14357e-08
1.301	3.38495e-08
1.3011	3.7498e-08
1.3012	3.97694e-08
1.3013	3.03967e-08
1.3014	2.8728e-08
1.3015	3.46662e-08
1.3016	2.92815e-08
1.3017	2.43265e-08
1.3018	2.59834e-08
1.3019	2.53117e-08
1.302	3.18937e-08
1.3021	2.46507e-08
1.3022	2.61847e-08
1.3023	2.76583e-08
1.3024	3.10253e-08
1.3025	2.75372e-08
1.3026	3.43246e-08
1.3027	3.91386e-08
1.3028	3.86096e-08
1.3029	5.12969e-08
1.303	4.47926e-08
1.3031	2.80897e-08
1.3032	4.0629e-08
1.3033	3.9571e-08
1.3034	3.80982e-08
1.3035	2.95907e-08
1.3036	3.18299e-08
1.3037	2.92173e-08
1.3038	2.05409e-08
1.3039	3.00735e-08
1.304	3.10374e-08
1.3041	3.62658e-08
1.3042	2.26496e-08
1.3043	3.18603e-08
1.3044	3.17223e-08
1.3045	2.62753e-08
1.3046	1.8796e-08
1.3047	2.90469e-08
1.3048	2.4973e-08
1.3049	3.99492e-08
1.305	2.65002e-08
1.3051	3.58787e-08
1.3052	3.35113e-08
1.3053	3.91175e-08
1.3054	2.76483e-08
1.3055	3.03782e-08
1.3056	2.97563e-08
1.3057	3.80247e-08
1.3058	4.28167e-08
1.3059	3.54025e-08
1.306	2.58814e-08
1.3061	3.11567e-08
1.3062	3.02171e-08
1.3063	2.1765e-08
1.3064	3.25213e-08
1.3065	3.28948e-08
1.3066	3.07598e-08
1.3067	2.93982e-08
1.3068	3.86653e-08
1.3069	3.26895e-08
1.307	3.20683e-08
1.3071	3.43027e-08
1.3072	3.61197e-08
1.3073	3.14543e-08
1.3074	3.08718e-08
1.3075	2.93924e-08
1.3076	3.72169e-08
1.3077	4.02518e-08
1.3078	3.43613e-08
1.3079	2.7718e-08
1.308	2.4312e-08
1.3081	3.24201e-08
1.3082	3.0333e-08
1.3083	3.79949e-08
1.3084	3.54476e-08
1.3085	3.2979e-08
1.3086	2.57907e-08
1.3087	3.44996e-08
1.3088	3.11625e-08
1.3089	3.88028e-08
1.309	3.37738e-08
1.3091	2.75554e-08
1.3092	3.34089e-08
1.3093	3.43341e-08
1.3094	3.45305e-08
1.3095	3.726e-08
1.3096	3.30326e-08
1.3097	3.59977e-08
1.3098	3.61041e-08
1.3099	3.74097e-08
1.31	3.23088e-08
1.3101	2.3729e-08
1.3102	3.00465e-08
1.3103	3.63788e-08
1.3104	2.75571e-08
1.3105	3.04512e-08
1.3106	3.20236e-08
1.3107	2.79106e-08
1.3108	2.65823e-08
1.3109	2.95703e-08
1.311	2.9188e-08
1.3111	3.27409e-08
1.3112	2.42106e-08
1.3113	2.45952e-08
1.3114	3.65119e-08
1.3115	2.82417e-08
1.3116	3.3913e-08
1.3117	2.83645e-08
1.3118	3.04735e-08
1.3119	3.86568e-08
1.312	4.03948e-08
1.3121	2.89144e-08
1.3122	3.32082e-08
1.3123	2.28194e-08
1.3124	2.65678e-08
1.3125	2.95736e-08
1.3126	3.5131e-08
1.3127	3.34513e-08
1.3128	2.55147e-08
1.3129	2.75039e-08
1.313	2.98023e-08
1.3131	2.68563e-08
1.3132	3.90911e-08
1.3133	4.34241e-08
1.3134	3.27003e-08
1.3135	2.40398e-08
1.3136	2.92288e-08
1.3137	2.8174e-08
1.3138	2.776e-08
1.3139	3.30946e-08
1.314	3.72061e-08
1.3141	3.28199e-08
1.3142	2.99619e-08
1.3143	4.08467e-08
1.3144	4.34153e-08
1.3145	3.2421e-08
1.3146	2.63725e-08
1.3147	3.02568e-08
1.3148	2.9585e-08
1.3149	2.95399e-08
1.315	3.14133e-08
1.3151	3.63755e-08
1.3152	3.08432e-08
1.3153	3.85699e-08
1.3154	2.96191e-08
1.3155	3.15201e-08
1.3156	2.99948e-08
1.3157	3.28192e-08
1.3158	2.30588e-08
1.3159	2.61716e-08
1.316	3.53339e-08
1.3161	3.54361e-08
1.3162	4.57184e-08
1.3163	3.46321e-08
1.3164	3.71357e-08
1.3165	4.18337e-08
1.3166	3.80091e-08
1.3167	2.69516e-08
1.3168	3.28117e-08
1.3169	2.70323e-08
1.317	3.58669e-08
1.3171	3.55729e-08
1.3172	2.99638e-08
1.3173	2.72003e-08
1.3174	3.50529e-08
1.3175	3.96635e-08
1.3176	3.95541e-08
1.3177	2.39862e-08
1.3178	2.55939e-08
1.3179	2.53985e-08
1.318	3.19121e-08
1.3181	2.53661e-08
1.3182	2.08956e-08
1.3183	3.66148e-08
1.3184	3.42948e-08
1.3185	3.92851e-08
1.3186	2.88611e-08
1.3187	4.06682e-08
1.3188	3.88768e-08
1.3189	3.2864e-08
1.319	3.01272e-08
1.3191	3.0332e-08
1.3192	3.62433e-08
1.3193	3.7092e-08
1.3194	3.5438e-08
1.3195	2.33088e-08
1.3196	2.87074e-08
1.3197	3.17176e-08
1.3198	3.03465e-08
1.3199	3.77848e-08
1.32	2.61599e-08
1.3201	3.28089e-08
1.3202	3.4964e-08
1.3203	2.65542e-08
1.3204	2.74192e-08
1.3205	2.77977e-08
1.3206	3.19182e-08
1.3207	3.17191e-08
1.3208	3.22248e-08
1.3209	2.66283e-08
1.321	3.94971e-08
1.3211	3.02348e-08
1.3212	2.72715e-08
1.3213	2.65838e-08
1.3214	3.07828e-08
1.3215	3.23262e-08
1.3216	3.12649e-08
1.3217	3.13819e-08
1.3218	2.65439e-08
1.3219	3.2675e-08
1.322	2.57389e-08
1.3221	2.19459e-08
1.3222	2.22274e-08
1.3223	3.01207e-08
1.3224	2.14928e-08
1.3225	2.66621e-08
1.3226	2.22097e-08
1.3227	2.57279e-08
1.3228	3.30742e-08
1.3229	2.90696e-08
1.323	2.69196e-08
1.3231	2.94993e-08
1.3232	3.92631e-08
1.3233	5.08155e-08
1.3234	2.50266e-08
1.3235	2.586e-08
1.3236	2.87072e-08
1.3237	2.82247e-08
1.3238	2.91353e-08
1.3239	3.87857e-08
1.324	3.1088e-08
1.3241	3.01893e-08
1.3242	3.23049e-08
1.3243	3.221e-08
1.3244	2.50221e-08
1.3245	3.86907e-08
1.3246	2.17339e-08
1.3247	3.03534e-08
1.3248	2.39008e-08
1.3249	2.73656e-08
1.325	2.43187e-08
1.3251	3.5377e-08
1.3252	2.83832e-08
1.3253	2.82855e-08
1.3254	3.97977e-08
1.3255	3.04471e-08
1.3256	2.7686e-08
1.3257	2.69107e-08
1.3258	3.34423e-08
1.3259	3.13123e-08
1.326	2.92759e-08
1.3261	2.71314e-08
1.3262	2.87795e-08
1.3263	3.33518e-08
1.3264	3.75359e-08
1.3265	2.95909e-08
1.3266	3.76338e-08
1.3267	2.73154e-08
1.3268	3.18088e-08
1.3269	2.40218e-08
1.327	3.41395e-08
1.3271	2.94639e-08
1.3272	3.37084e-08
1.3273	2.67409e-08
1.3274	2.81791e-08
1.3275	2.39015e-08
1.3276	4.49574e-08
1.3277	3.12491e-08
1.3278	4.0477e-08
1.3279	3.1883e-08
1.328	3.2305e-08
1.3281	3.75145e-08
1.3282	3.34338e-08
1.3283	3.13059e-08
1.3284	2.77729e-08
1.3285	2.67971e-08
1.3286	2.84338e-08
1.3287	2.91202e-08
1.3288	2.66383e-08
1.3289	3.32298e-08
1.329	4.29885e-08
1.3291	4.04699e-08
1.3292	3.9582e-08
1.3293	3.74635e-08
1.3294	3.30945e-08
1.3295	3.06402e-08
1.3296	3.28616e-08
1.3297	3.48768e-08
1.3298	2.94382e-08
1.3299	4.25163e-08
1.33	2.88579e-08
1.3301	2.98906e-08
1.3302	2.75783e-08
1.3303	2.59361e-08
1.3304	2.97238e-08
1.3305	3.4015e-08
1.3306	3.05668e-08
1.3307	2.92378e-08
1.3308	3.85283e-08
1.3309	2.4101e-08
1.331	2.60603e-08
1.3311	2.32139e-08
1.3312	3.18671e-08
1.3313	3.51728e-08
1.3314	3.76152e-08
1.3315	2.61037e-08
1.3316	4.37354e-08
1.3317	4.52442e-08
1.3318	4.77252e-08
1.3319	3.0486e-08
1.332	3.63548e-08
1.3321	3.94457e-08
1.3322	3.34185e-08
1.3323	4.49507e-08
1.3324	2.90074e-08
1.3325	3.47913e-08
1.3326	2.69662e-08
1.3327	2.53983e-08
1.3328	3.43869e-08
1.3329	3.44834e-08
1.333	3.48039e-08
1.3331	2.16511e-08
1.3332	2.09729e-08
1.3333	2.34918e-08
1.3334	4.15193e-08
1.3335	3.7994e-08
1.3336	2.90362e-08
1.3337	2.95647e-08
1.3338	3.61094e-08
1.3339	4.56468e-08
1.334	4.14533e-08
1.3341	3.64182e-08
1.3342	3.66027e-08
1.3343	4.11663e-08
1.3344	4.00186e-08
1.3345	3.97827e-08
1.3346	3.10054e-08
1.3347	2.90993e-08
1.3348	3.76041e-08
1.3349	3.14017e-08
1.335	3.44204e-08
1.3351	2.52284e-08
1.3352	2.28929e-08
1.3353	2.76624e-08
1.3354	2.7929e-08
1.3355	2.70747e-08
1.3356	3.11294e-08
1.3357	2.23094e-08
1.3358	2.13274e-08
1.3359	3.80384e-08
1.336	3.89089e-08
1.3361	3.63565e-08
1.3362	3.60994e-08
1.3363	4.32399e-08
1.3364	2.74123e-08
1.3365	4.06727e-08
1.3366	3.11389e-08
1.3367	3.58949e-08
1.3368	3.59326e-08
1.3369	3.72453e-08
1.337	2.75921e-08
1.3371	3.66542e-08
1.3372	2.88947e-08
1.3373	2.72869e-08
1.3374	2.64397e-08
1.3375	2.66921e-08
1.3376	3.33431e-08
1.3377	2.74344e-08
1.3378	2.61717e-08
1.3379	2.28848e-08
1.338	2.41327e-08
1.3381	3.14345e-08
1.3382	3.29579e-08
1.3383	4.72241e-08
1.3384	3.19985e-08
1.3385	4.65082e-08
1.3386	5.19628e-08
1.3387	3.7551e-08
1.3388	2.81575e-08
1.3389	4.05912e-08
1.339	4.32132e-08
1.3391	3.13257e-08
1.3392	2.84213e-08
1.3393	2.93668e-08
1.3394	2.73423e-08
1.3395	3.00235e-08
1.3396	2.22914e-08
1.3397	3.88038e-08
1.3398	4.21332e-08
1.3399	2.95516e-08
1.34	2.60428e-08
1.3401	2.45231e-08
1.3402	2.48981e-08
1.3403	2.413e-08
1.3404	3.02142e-08
1.3405	3.15662e-08
1.3406	3.97311e-08
1.3407	4.28508e-08
1.3408	3.83323e-08
1.3409	2.97723e-08
1.341	3.29301e-08
1.3411	3.79323e-08
1.3412	2.88212e-08
1.3413	2.94921e-08
1.3414	3.62333e-08
1.3415	3.69391e-08
1.3416	2.68493e-08
1.3417	2.8349e-08
1.3418	3.39501e-08
1.3419	2.79009e-08
1.342	3.20367e-08
1.3421	2.26319e-08
1.3422	3.15759e-08
1.3423	2.99982e-08
1.3424	3.69322e-08
1.3425	2.97554e-08
1.3426	3.03837e-08
1.3427	3.58479e-08
1.3428	2.97856e-08
1.3429	3.22283e-08
1.343	3.35925e-08
1.3431	3.08625e-08
1.3432	3.49432e-08
1.3433	2.76041e-08
1.3434	3.44949e-08
1.3435	2.72492e-08
1.3436	3.24738e-08
1.3437	2.04094e-08
1.3438	2.77771e-08
1.3439	3.50984e-08
1.344	3.55776e-08
1.3441	4.5065e-08
1.3442	3.02945e-08
1.3443	3.52549e-08
1.3444	3.57817e-08
1.3445	2.93841e-08
1.3446	2.86916e-08
1.3447	3.48109e-08
1.3448	2.31713e-08
1.3449	3.70035e-08
1.345	4.37605e-08
1.3451	3.87461e-08
1.3452	3.18414e-08
1.3453	2.75654e-08
1.3454	3.85488e-08
1.3455	3.23651e-08
1.3456	4.09343e-08
1.3457	4.18533e-08
1.3458	2.2748e-08
1.3459	2.98152e-08
1.346	4.06433e-08
1.3461	2.62356e-08
1.3462	3.44923e-08
1.3463	4.12842e-08
1.3464	2.60518e-08
1.3465	3.48092e-08
1.3466	2.837e-08
1.3467	3.05753e-08
1.3468	2.60069e-08
1.3469	3.05245e-08
1.347	3.14398e-08
1.3471	3.9487e-08
1.3472	2.73473e-08
1.3473	3.19314e-08
1.3474	2.81866e-08
1.3475	3.07352e-08
1.3476	2.97483e-08
1.3477	3.3046e-08
1.3478	2.59958e-08
1.3479	4.13173e-08
1.348	2.34401e-08
1.3481	2.72016e-08
1.3482	3.4975e-08
1.3483	3.22249e-08
1.3484	3.41417e-08
1.3485	2.83959e-08
1.3486	3.86567e-08
1.3487	3.10295e-08
1.3488	3.50937e-08
1.3489	3.59175e-08
1.349	3.24392e-08
1.3491	3.22463e-08
1.3492	3.47787e-08
1.3493	2.73813e-08
1.3494	2.96771e-08
1.3495	3.64347e-08
1.3496	4.47181e-08
1.3497	2.76354e-08
1.3498	3.8062e-08
1.3499	3.46355e-08
1.35	4.1557e-08
1.3501	4.93219e-08
1.3502	3.63696e-08
1.3503	2.54092e-08
1.3504	3.14373e-08
1.3505	2.90244e-08
1.3506	2.74144e-08
1.3507	3.52875e-08
1.3508	3.59329e-08
1.3509	2.5017e-08
1.351	3.32742e-08
1.3511	4.00224e-08
1.3512	3.0207e-08
1.3513	3.24316e-08
1.3514	2.91454e-08
1.3515	3.4953e-08
1.3516	3.1253e-08
1.3517	4.26836e-08
1.3518	5.04741e-08
1.3519	3.64142e-08
1.352	4.59181e-08
1.3521	3.73644e-08
1.3522	4.28669e-08
1.3523	3.89668e-08
1.3524	2.7044e-08
1.3525	3.72702e-08
1.3526	3.42877e-08
1.3527	3.16924e-08
1.3528	3.87495e-08
1.3529	3.06428e-08
1.353	3.60125e-08
1.3531	3.01801e-08
1.3532	2.80929e-08
1.3533	2.97462e-08
1.3534	2.8665e-08
1.3535	3.04581e-08
1.3536	3.45864e-08
1.3537	2.56558e-08
1.3538	2.3033e-08
1.3539	3.24246e-08
1.354	2.36969e-08
1.3541	2.96765e-08
1.3542	3.59177e-08
1.3543	3.9243e-08
1.3544	3.3973e-08
1.3545	3.55135e-08
1.3546	2.57028e-08
1.3547	2.55167e-08
1.3548	3.43128e-08
1.3549	3.55025e-08
1.355	2.96282e-08
1.3551	3.36086e-08
1.3552	2.37529e-08
1.3553	2.99189e-08
1.3554	3.42078e-08
1.3555	2.76013e-08
1.3556	3.17098e-08
1.3557	3.13681e-08
1.3558	2.91554e-08
1.3559	2.88571e-08
1.356	2.15817e-08
1.3561	2.76775e-08
1.3562	2.95566e-08
1.3563	2.8076e-08
1.3564	2.9714e-08
1.3565	2.79767e-08
1.3566	3.50106e-08
1.3567	3.10303e-08
1.3568	3.64452e-08
1.3569	2.14846e-08
1.357	2.64693e-08
1.3571	3.00852e-08
1.3572	3.18241e-08
1.3573	3.03241e-08
1.3574	4.08771e-08
1.3575	4.01226e-08
1.3576	2.82002e-08
1.3577	2.34078e-08
1.3578	2.09688e-08
1.3579	2.33483e-08
1.358	3.04951e-08
1.3581	2.339e-08
1.3582	2.45354e-08
1.3583	2.25601e-08
1.3584	2.82776e-08
1.3585	3.66606e-08
1.3586	2.53272e-08
1.3587	2.78108e-08
1.3588	3.70493e-08
1.3589	4.02956e-08
1.359	4.60492e-08
1.3591	2.83911e-08
1.3592	2.28715e-08
1.3593	2.8746e-08
1.3594	2.89556e-08
1.3595	2.64766e-08
1.3596	3.98946e-08
1.3597	2.76897e-08
1.3598	3.42263e-08
1.3599	3.42142e-08
1.36	3.47785e-08
1.3601	2.96952e-08
1.3602	3.21854e-08
1.3603	2.12037e-08
1.3604	2.59693e-08
1.3605	2.57845e-08
1.3606	2.67333e-08
1.3607	3.41849e-08
1.3608	2.19631e-08
1.3609	2.55562e-08
1.361	3.69104e-08
1.3611	3.44202e-08
1.3612	3.13534e-08
1.3613	3.2638e-08
1.3614	2.5952e-08
1.3615	2.85356e-08
1.3616	2.82454e-08
1.3617	4.05896e-08
1.3618	2.66998e-08
1.3619	2.51247e-08
1.362	4.00596e-08
1.3621	3.21288e-08
1.3622	4.49335e-08
1.3623	3.23506e-08
1.3624	2.68635e-08
1.3625	2.9921e-08
1.3626	3.386e-08
1.3627	3.38214e-08
1.3628	3.34119e-08
1.3629	3.13329e-08
1.363	2.78866e-08
1.3631	2.58126e-08
1.3632	2.83444e-08
1.3633	3.0282e-08
1.3634	2.76647e-08
1.3635	3.6643e-08
1.3636	3.5961e-08
1.3637	3.0501e-08
1.3638	3.75258e-08
1.3639	2.92966e-08
1.364	3.30826e-08
1.3641	2.93029e-08
1.3642	3.42784e-08
1.3643	2.38573e-08
1.3644	2.90438e-08
1.3645	3.59636e-08
1.3646	3.19793e-08
1.3647	3.38354e-08
1.3648	4.32076e-08
1.3649	4.12676e-08
1.365	4.21436e-08
1.3651	2.7031e-08
1.3652	4.2656e-08
1.3653	3.14167e-08
1.3654	3.4059e-08
1.3655	3.35489e-08
1.3656	3.66166e-08
1.3657	3.89943e-08
1.3658	3.0484e-08
1.3659	2.81033e-08
1.366	2.72131e-08
1.3661	2.53328e-08
1.3662	2.62768e-08
1.3663	3.80127e-08
1.3664	2.80934e-08
1.3665	3.03884e-08
1.3666	2.6903e-08
1.3667	1.99058e-08
1.3668	2.53879e-08
1.3669	2.95982e-08
1.367	3.04162e-08
1.3671	3.56628e-08
1.3672	3.05536e-08
1.3673	4.20773e-08
1.3674	3.59726e-08
1.3675	3.56545e-08
1.3676	2.9243e-08
1.3677	3.90243e-08
1.3678	4.39623e-08
1.3679	4.80011e-08
1.368	2.9717e-08
1.3681	2.79229e-08
1.3682	3.41997e-08
1.3683	3.0559e-08
1.3684	3.26289e-08
1.3685	3.7261e-08
1.3686	3.32746e-08
1.3687	2.37502e-08
1.3688	2.36346e-08
1.3689	2.10753e-08
1.369	3.088e-08
1.3691	4.46483e-08
1.3692	2.78874e-08
1.3693	3.33268e-08
1.3694	2.92666e-08
1.3695	3.80204e-08
1.3696	3.5775e-08
1.3697	4.29388e-08
1.3698	2.84026e-08
1.3699	4.29417e-08
1.37	3.72774e-08
1.3701	4.26761e-08
1.3702	3.86556e-08
1.3703	2.83584e-08
1.3704	3.32818e-08
1.3705	3.93183e-08
1.3706	2.49402e-08
1.3707	2.80549e-08
1.3708	2.18662e-08
1.3709	2.09314e-08
1.371	2.28281e-08
1.3711	3.25909e-08
1.3712	3.50636e-08
1.3713	2.42063e-08
1.3714	2.0738e-08
1.3715	3.62918e-08
1.3716	4.3187e-08
1.3717	4.04303e-08
1.3718	3.51492e-08
1.3719	3.78708e-08
1.372	4.62969e-08
1.3721	3.80392e-08
1.3722	3.99804e-08
1.3723	3.36022e-08
1.3724	2.76166e-08
1.3725	3.04411e-08
1.3726	3.65367e-08
1.3727	3.54197e-08
1.3728	2.85582e-08
1.3729	2.66865e-08
1.373	2.70398e-08
1.3731	2.86585e-08
1.3732	2.6523e-08
1.3733	3.22519e-08
1.3734	2.82004e-08
1.3735	2.61706e-08
1.3736	2.17424e-08
1.3737	2.78767e-08
1.3738	3.4474e-08
1.3739	2.98722e-08
1.374	2.95677e-08
1.3741	3.36592e-08
1.3742	4.34878e-08
1.3743	4.82216e-08
1.3744	3.94551e-08
1.3745	2.80435e-08
1.3746	3.05037e-08
1.3747	4.06726e-08
1.3748	3.42133e-08
1.3749	2.89511e-08
1.375	2.55863e-08
1.3751	2.19547e-08
1.3752	2.94162e-08
1.3753	2.78401e-08
1.3754	4.86503e-08
1.3755	2.14653e-08
1.3756	2.65025e-08
1.3757	3.18898e-08
1.3758	2.17076e-08
1.3759	2.95647e-08
1.376	3.16758e-08
1.3761	2.87635e-08
1.3762	3.32736e-08
1.3763	2.77938e-08
1.3764	4.64462e-08
1.3765	2.94853e-08
1.3766	3.86469e-08
1.3767	3.14394e-08
1.3768	2.83242e-08
1.3769	4.42822e-08
1.377	3.66212e-08
1.3771	3.37377e-08
1.3772	3.28494e-08
1.3773	2.49737e-08
1.3774	2.66379e-08
1.3775	2.96326e-08
1.3776	2.69747e-08
1.3777	2.87523e-08
1.3778	2.61456e-08
1.3779	3.64791e-08
1.378	3.48525e-08
1.3781	3.69731e-08
1.3782	3.55402e-08
1.3783	3.01004e-08
1.3784	3.81151e-08
1.3785	3.07385e-08
1.3786	2.97621e-08
1.3787	3.19384e-08
1.3788	3.00677e-08
1.3789	3.22365e-08
1.379	3.06208e-08
1.3791	4.18061e-08
1.3792	3.64792e-08
1.3793	2.59311e-08
1.3794	4.0609e-08
1.3795	2.60727e-08
1.3796	2.65302e-08
1.3797	3.8298e-08
1.3798	3.93826e-08
1.3799	3.12875e-08
1.38	3.80165e-08
1.3801	3.91009e-08
1.3802	3.53999e-08
1.3803	2.95354e-08
1.3804	2.93395e-08
1.3805	3.23365e-08
1.3806	2.89948e-08
1.3807	3.30989e-08
1.3808	3.04598e-08
1.3809	3.99075e-08
1.381	3.75461e-08
1.3811	3.48282e-08
1.3812	3.74394e-08
1.3813	3.78029e-08
1.3814	3.03813e-08
1.3815	2.88911e-08
1.3816	3.26001e-08
1.3817	3.58155e-08
1.3818	2.73019e-08
1.3819	3.38799e-08
1.382	3.38293e-08
1.3821	3.40449e-08
1.3822	2.39047e-08
1.3823	2.86394e-08
1.3824	3.86399e-08
1.3825	3.38519e-08
1.3826	2.51585e-08
1.3827	2.72883e-08
1.3828	2.31142e-08
1.3829	2.80425e-08
1.383	3.65534e-08
1.3831	3.34486e-08
1.3832	3.46573e-08
1.3833	4.40776e-08
1.3834	2.6176e-08
1.3835	3.00487e-08
1.3836	3.87756e-08
1.3837	2.87187e-08
1.3838	3.21824e-08
1.3839	2.71215e-08
1.384	2.95602e-08
1.3841	3.10915e-08
1.3842	3.97814e-08
1.3843	4.15531e-08
1.3844	2.77165e-08
1.3845	2.88085e-08
1.3846	3.99764e-08
1.3847	2.6104e-08
1.3848	3.21448e-08
1.3849	2.54845e-08
1.385	3.05195e-08
1.3851	2.64782e-08
1.3852	3.18891e-08
1.3853	4.53805e-08
1.3854	3.42209e-08
1.3855	3.18616e-08
1.3856	3.95648e-08
1.3857	3.62602e-08
1.3858	4.21878e-08
1.3859	3.30004e-08
1.386	2.83965e-08
1.3861	2.78602e-08
1.3862	3.15159e-08
1.3863	3.42104e-08
1.3864	3.47641e-08
1.3865	3.68127e-08
1.3866	4.01283e-08
1.3867	3.61073e-08
1.3868	3.59551e-08
1.3869	3.11834e-08
1.387	2.97451e-08
1.3871	2.3164e-08
1.3872	2.52227e-08
1.3873	3.78469e-08
1.3874	3.68782e-08
1.3875	4.91587e-08
1.3876	4.00519e-08
1.3877	3.81248e-08
1.3878	4.4826e-08
1.3879	2.9821e-08
1.388	4.08255e-08
1.3881	2.57083e-08
1.3882	3.07686e-08
1.3883	3.29871e-08
1.3884	3.45436e-08
1.3885	3.85972e-08
1.3886	2.98259e-08
1.3887	2.6049e-08
1.3888	4.5565e-08
1.3889	3.73484e-08
1.389	2.93446e-08
1.3891	2.49655e-08
1.3892	2.55747e-08
1.3893	3.1969e-08
1.3894	2.1828e-08
1.3895	2.15291e-08
1.3896	3.06132e-08
1.3897	3.19085e-08
1.3898	3.26884e-08
1.3899	3.02145e-08
1.39	3.79886e-08
1.3901	4.53668e-08
1.3902	4.39181e-08
1.3903	2.39705e-08
1.3904	2.35239e-08
1.3905	2.80449e-08
1.3906	3.39227e-08
1.3907	2.90954e-08
1.3908	2.77781e-08
1.3909	3.00336e-08
1.391	3.00061e-08
1.3911	3.10665e-08
1.3912	2.91542e-08
1.3913	2.93781e-08
1.3914	3.14447e-08
1.3915	3.87121e-08
1.3916	3.30649e-08
1.3917	2.47341e-08
1.3918	2.56584e-08
1.3919	2.63274e-08
1.392	3.61495e-08
1.3921	2.93583e-08
1.3922	3.19691e-08
1.3923	3.77665e-08
1.3924	3.33117e-08
1.3925	3.13136e-08
1.3926	2.70633e-08
1.3927	2.45023e-08
1.3928	3.48732e-08
1.3929	3.18892e-08
1.393	3.89495e-08
1.3931	3.64628e-08
1.3932	4.34629e-08
1.3933	2.51561e-08
1.3934	1.98081e-08
1.3935	2.65379e-08
1.3936	2.74291e-08
1.3937	2.89471e-08
1.3938	2.86872e-08
1.3939	1.95361e-08
1.394	2.57582e-08
1.3941	3.17369e-08
1.3942	3.09759e-08
1.3943	2.22069e-08
1.3944	3.12475e-08
1.3945	4.04703e-08
1.3946	4.86494e-08
1.3947	3.87688e-08
1.3948	2.29764e-08
1.3949	2.39499e-08
1.395	3.85481e-08
1.3951	3.12669e-08
1.3952	3.34879e-08
1.3953	3.09663e-08
1.3954	3.07911e-08
1.3955	3.38588e-08
1.3956	2.92354e-08
1.3957	2.97807e-08
1.3958	3.30825e-08
1.3959	2.5662e-08
1.396	2.92612e-08
1.3961	2.36e-08
1.3962	2.44515e-08
1.3963	2.53942e-08
1.3964	3.44374e-08
1.3965	2.70101e-08
1.3966	3.11173e-08
1.3967	2.8268e-08
1.3968	3.52991e-08
1.3969	4.37562e-08
1.397	2.66096e-08
1.3971	3.33879e-08
1.3972	3.112e-08
1.3973	3.68444e-08
1.3974	2.78883e-08
1.3975	2.59597e-08
1.3976	2.73558e-08
1.3977	3.97182e-08
1.3978	2.442e-08
1.3979	4.4349e-08
1.398	3.22198e-08
1.3981	2.96648e-08
1.3982	2.6157e-08
1.3983	3.25453e-08
1.3984	2.82486e-08
1.3985	4.28014e-08
1.3986	2.58035e-08
1.3987	3.13427e-08
1.3988	2.35476e-08
1.3989	3.28094e-08
1.399	3.51992e-08
1.3991	4.11533e-08
1.3992	2.62154e-08
1.3993	3.42162e-08
1.3994	3.4855e-08
1.3995	3.2068e-08
1.3996	3.10401e-08
1.3997	3.21496e-08
1.3998	2.53733e-08
1.3999	2.71084e-08
1.4	2.48475e-08
1.4001	2.8073e-08
1.4002	3.88993e-08
1.4003	4.43041e-08
1.4004	3.99908e-08
1.4005	4.20764e-08
1.4006	4.09189e-08
1.4007	3.70742e-08
1.4008	3.11126e-08
1.4009	3.39244e-08
1.401	3.4088e-08
1.4011	2.57542e-08
1.4012	3.0939e-08
1.4013	4.12128e-08
1.4014	2.71511e-08
1.4015	2.983e-08
1.4016	2.93323e-08
1.4017	2.80359e-08
1.4018	2.24609e-08
1.4019	3.77668e-08
1.402	3.14674e-08
1.4021	3.23067e-08
1.4022	2.74772e-08
1.4023	2.722e-08
1.4024	2.19369e-08
1.4025	3.25739e-08
1.4026	3.33624e-08
1.4027	3.70754e-08
1.4028	2.50401e-08
1.4029	3.41407e-08
1.403	4.5813e-08
1.4031	4.27363e-08
1.4032	3.17034e-08
1.4033	3.00192e-08
1.4034	3.48509e-08
1.4035	3.92973e-08
1.4036	4.07808e-08
1.4037	2.38313e-08
1.4038	3.13216e-08
1.4039	3.16175e-08
1.404	3.14988e-08
1.4041	3.11784e-08
1.4042	3.65873e-08
1.4043	3.29687e-08
1.4044	2.24053e-08
1.4045	1.98454e-08
1.4046	2.36864e-08
1.4047	3.62948e-08
1.4048	3.95769e-08
1.4049	2.55156e-08
1.405	2.92074e-08
1.4051	3.30207e-08
1.4052	3.76759e-08
1.4053	4.36911e-08
1.4054	2.66689e-08
1.4055	3.28195e-08
1.4056	4.16764e-08
1.4057	3.64171e-08
1.4058	3.80301e-08
1.4059	3.24094e-08
1.406	2.59242e-08
1.4061	3.41113e-08
1.4062	3.31169e-08
1.4063	2.8859e-08
1.4064	3.32957e-08
1.4065	2.26137e-08
1.4066	2.83421e-08
1.4067	3.14543e-08
1.4068	2.71229e-08
1.4069	3.14969e-08
1.407	2.26283e-08
1.4071	2.09175e-08
1.4072	4.19905e-08
1.4073	4.09714e-08
1.4074	3.11032e-08
1.4075	3.53943e-08
1.4076	4.16078e-08
1.4077	3.34119e-08
1.4078	3.61909e-08
1.4079	2.96427e-08
1.408	3.09302e-08
1.4081	3.09881e-08
1.4082	3.69646e-08
1.4083	3.27213e-08
1.4084	3.42069e-08
1.4085	3.17729e-08
1.4086	2.56085e-08
1.4087	2.6593e-08
1.4088	3.02999e-08
1.4089	2.7939e-08
1.409	3.21895e-08
1.4091	2.56067e-08
1.4092	1.96047e-08
1.4093	2.71728e-08
1.4094	3.11203e-08
1.4095	3.56023e-08
1.4096	3.75893e-08
1.4097	2.9858e-08
1.4098	4.60051e-08
1.4099	4.57652e-08
1.41	4.21997e-08
1.4101	3.22391e-08
1.4102	4.23077e-08
1.4103	4.0782e-08
1.4104	3.77236e-08
1.4105	2.72386e-08
1.4106	2.72506e-08
1.4107	3.05217e-08
1.4108	2.84086e-08
1.4109	2.90565e-08
1.411	4.28958e-08
1.4111	4.00818e-08
1.4112	2.57425e-08
1.4113	2.29636e-08
1.4114	3.11824e-08
1.4115	2.21975e-08
1.4116	2.20712e-08
1.4117	3.15161e-08
1.4118	2.58046e-08
1.4119	4.48715e-08
1.412	3.69975e-08
1.4121	3.03355e-08
1.4122	3.46125e-08
1.4123	3.99079e-08
1.4124	2.89592e-08
1.4125	3.64349e-08
1.4126	3.43665e-08
1.4127	3.99927e-08
1.4128	3.7135e-08
1.4129	2.3259e-08
1.413	2.33448e-08
1.4131	3.27917e-08
1.4132	2.87298e-08
1.4133	2.70033e-08
1.4134	2.81923e-08
1.4135	3.42738e-08
1.4136	3.96921e-08
1.4137	3.3216e-08
1.4138	3.21848e-08
1.4139	2.85553e-08
1.414	3.29736e-08
1.4141	3.37262e-08
1.4142	3.45131e-08
1.4143	2.49981e-08
1.4144	4.15144e-08
1.4145	2.60758e-08
1.4146	3.18172e-08
1.4147	4.28785e-08
1.4148	3.55155e-08
1.4149	2.85092e-08
1.415	3.11538e-08
1.4151	3.05033e-08
1.4152	2.9715e-08
1.4153	3.34179e-08
1.4154	3.12819e-08
1.4155	3.4447e-08
1.4156	3.303e-08
1.4157	3.0933e-08
1.4158	2.81941e-08
1.4159	3.58359e-08
1.416	3.71548e-08
1.4161	2.86302e-08
1.4162	3.81889e-08
1.4163	3.58912e-08
1.4164	3.93789e-08
1.4165	3.8265e-08
1.4166	3.06308e-08
1.4167	2.9321e-08
1.4168	3.45891e-08
1.4169	3.39012e-08
1.417	3.33201e-08
1.4171	2.68023e-08
1.4172	3.03676e-08
1.4173	3.88916e-08
1.4174	2.74347e-08
1.4175	2.83106e-08
1.4176	3.20121e-08
1.4177	3.28406e-08
1.4178	2.85764e-08
1.4179	3.77294e-08
1.418	2.8343e-08
1.4181	2.9167e-08
1.4182	2.81541e-08
1.4183	3.52949e-08
1.4184	3.67407e-08
1.4185	2.56063e-08
1.4186	2.77018e-08
1.4187	3.11094e-08
1.4188	3.24231e-08
1.4189	3.03666e-08
1.419	3.46214e-08
1.4191	2.27733e-08
1.4192	4.41787e-08
1.4193	2.2465e-08
1.4194	2.53808e-08
1.4195	3.18126e-08
1.4196	3.31711e-08
1.4197	3.62374e-08
1.4198	3.53474e-08
1.4199	2.84128e-08
1.42	2.59106e-08
1.4201	2.96444e-08
1.4202	4.16726e-08
1.4203	3.26168e-08
1.4204	2.56053e-08
1.4205	3.22344e-08
1.4206	2.82345e-08
1.4207	2.37541e-08
1.4208	2.81932e-08
1.4209	3.75706e-08
1.421	3.21492e-08
1.4211	4.14557e-08
1.4212	3.25199e-08
1.4213	4.7605e-08
1.4214	5.12419e-08
1.4215	3.35951e-08
1.4216	2.69306e-08
1.4217	2.83791e-08
1.4218	2.80469e-08
1.4219	3.01863e-08
1.422	3.6078e-08
1.4221	3.62725e-08
1.4222	3.22836e-08
1.4223	3.65976e-08
1.4224	4.20796e-08
1.4225	2.57519e-08
1.4226	2.92139e-08
1.4227	3.15279e-08
1.4228	3.25553e-08
1.4229	3.02644e-08
1.423	4.43564e-08
1.4231	3.74745e-08
1.4232	4.54056e-08
1.4233	3.6733e-08
1.4234	3.83152e-08
1.4235	4.06436e-08
1.4236	3.69982e-08
1.4237	2.5665e-08
1.4238	3.38241e-08
1.4239	3.45359e-08
1.424	2.75644e-08
1.4241	3.36852e-08
1.4242	2.97672e-08
1.4243	3.15571e-08
1.4244	2.64788e-08
1.4245	2.94502e-08
1.4246	4.28884e-08
1.4247	2.33574e-08
1.4248	2.75985e-08
1.4249	2.6966e-08
1.425	3.49263e-08
1.4251	2.60932e-08
1.4252	2.43467e-08
1.4253	2.58168e-08
1.4254	3.14647e-08
1.4255	3.90837e-08
1.4256	4.06361e-08
1.4257	3.85323e-08
1.4258	3.50489e-08
1.4259	2.93978e-08
1.426	2.56217e-08
1.4261	3.23465e-08
1.4262	3.40185e-08
1.4263	3.45355e-08
1.4264	3.79331e-08
1.4265	2.52007e-08
1.4266	3.22216e-08
1.4267	3.47603e-08
1.4268	3.01065e-08
1.4269	3.15719e-08
1.427	2.74924e-08
1.4271	3.70966e-08
1.4272	3.15347e-08
1.4273	2.53337e-08
1.4274	2.85724e-08
1.4275	2.97563e-08
1.4276	3.3298e-08
1.4277	2.72805e-08
1.4278	3.23864e-08
1.4279	3.79084e-08
1.428	2.55384e-08
1.4281	3.1725e-08
1.4282	2.57346e-08
1.4283	3.31547e-08
1.4284	2.73349e-08
1.4285	3.17398e-08
1.4286	2.94556e-08
1.4287	3.12835e-08
1.4288	3.31643e-08
1.4289	3.15578e-08
1.429	2.37009e-08
1.4291	2.13538e-08
1.4292	2.32492e-08
1.4293	3.04634e-08
1.4294	2.21786e-08
1.4295	2.38383e-08
1.4296	2.39741e-08
1.4297	3.14934e-08
1.4298	3.12066e-08
1.4299	2.19998e-08
1.43	2.57431e-08
1.4301	3.31343e-08
1.4302	4.53045e-08
1.4303	4.40321e-08
1.4304	3.28132e-08
1.4305	2.87125e-08
1.4306	2.89208e-08
1.4307	3.08551e-08
1.4308	2.7256e-08
1.4309	3.25927e-08
1.431	2.48729e-08
1.4311	4.14801e-08
1.4312	3.21724e-08
1.4313	2.26148e-08
1.4314	2.37007e-08
1.4315	4.03328e-08
1.4316	2.10749e-08
1.4317	2.18044e-08
1.4318	2.95077e-08
1.4319	3.37027e-08
1.432	2.99937e-08
1.4321	2.57045e-08
1.4322	3.46131e-08
1.4323	3.37514e-08
1.4324	3.80343e-08
1.4325	4.11774e-08
1.4326	2.47701e-08
1.4327	3.18395e-08
1.4328	2.56914e-08
1.4329	3.50087e-08
1.433	3.70644e-08
1.4331	2.55995e-08
1.4332	3.08092e-08
1.4333	3.16319e-08
1.4334	3.64244e-08
1.4335	3.11282e-08
1.4336	3.72869e-08
1.4337	3.29556e-08
1.4338	3.05618e-08
1.4339	2.86138e-08
1.434	3.4575e-08
1.4341	3.51218e-08
1.4342	3.62406e-08
1.4343	2.62003e-08
1.4344	2.73167e-08
1.4345	3.61289e-08
1.4346	3.11088e-08
1.4347	2.4447e-08
1.4348	5.04933e-08
1.4349	2.68108e-08
1.435	3.02647e-08
1.4351	3.8359e-08
1.4352	3.03377e-08
1.4353	3.80218e-08
1.4354	2.87126e-08
1.4355	3.30156e-08
1.4356	2.02941e-08
1.4357	2.67368e-08
1.4358	3.5361e-08
1.4359	3.49937e-08
1.436	3.02241e-08
1.4361	3.0741e-08
1.4362	3.55361e-08
1.4363	4.32817e-08
1.4364	3.95622e-08
1.4365	3.73754e-08
1.4366	3.12675e-08
1.4367	3.76591e-08
1.4368	3.27e-08
1.4369	3.07977e-08
1.437	4.07165e-08
1.4371	3.30994e-08
1.4372	3.25641e-08
1.4373	2.93566e-08
1.4374	2.84323e-08
1.4375	2.7102e-08
1.4376	4.21211e-08
1.4377	3.56291e-08
1.4378	3.27671e-08
1.4379	3.20976e-08
1.438	2.28525e-08
1.4381	2.3647e-08
1.4382	3.49663e-08
1.4383	3.00861e-08
1.4384	3.3369e-08
1.4385	2.85295e-08
1.4386	4.15957e-08
1.4387	4.21135e-08
1.4388	2.96831e-08
1.4389	3.59041e-08
1.439	4.19421e-08
1.4391	4.40203e-08
1.4392	3.22081e-08
1.4393	3.76831e-08
1.4394	2.85343e-08
1.4395	2.98761e-08
1.4396	3.07354e-08
1.4397	2.72878e-08
1.4398	3.90254e-08
1.4399	3.57209e-08
1.44	2.4365e-08
1.4401	3.00305e-08
1.4402	2.40839e-08
1.4403	2.48922e-08
1.4404	3.19398e-08
1.4405	3.49415e-08
1.4406	3.69246e-08
1.4407	3.22477e-08
1.4408	4.19832e-08
1.4409	3.3863e-08
1.441	3.5989e-08
1.4411	2.94953e-08
1.4412	4.53274e-08
1.4413	4.72381e-08
1.4414	4.22698e-08
1.4415	3.92388e-08
1.4416	2.46992e-08
1.4417	2.63657e-08
1.4418	2.92023e-08
1.4419	3.95055e-08
1.442	3.09901e-08
1.4421	2.46423e-08
1.4422	2.47883e-08
1.4423	2.53579e-08
1.4424	3.06783e-08
1.4425	2.4001e-08
1.4426	2.98872e-08
1.4427	2.73932e-08
1.4428	3.02627e-08
1.4429	4.15048e-08
1.443	3.88356e-08
1.4431	2.79619e-08
1.4432	4.01649e-08
1.4433	3.4595e-08
1.4434	3.13869e-08
1.4435	3.27715e-08
1.4436	3.32164e-08
1.4437	3.4852e-08
1.4438	3.2244e-08
1.4439	4.7737e-08
1.444	3.13216e-08
1.4441	2.84594e-08
1.4442	2.80395e-08
1.4443	2.692e-08
1.4444	3.14294e-08
1.4445	3.81725e-08
1.4446	2.2975e-08
1.4447	2.094e-08
1.4448	1.94423e-08
1.4449	2.04968e-08
1.445	2.22462e-08
1.4451	3.5408e-08
1.4452	3.42377e-08
1.4453	2.89121e-08
1.4454	3.39045e-08
1.4455	4.2441e-08
1.4456	4.38903e-08
1.4457	4.45814e-08
1.4458	3.28555e-08
1.4459	3.84078e-08
1.446	3.69161e-08
1.4461	3.44843e-08
1.4462	2.3695e-08
1.4463	2.98204e-08
1.4464	2.58116e-08
1.4465	2.9515e-08
1.4466	2.88894e-08
1.4467	2.767e-08
1.4468	3.54707e-08
1.4469	3.07033e-08
1.447	2.88125e-08
1.4471	2.27054e-08
1.4472	2.87656e-08
1.4473	3.11053e-08
1.4474	3.03573e-08
1.4475	3.09271e-08
1.4476	3.45165e-08
1.4477	3.64218e-08
1.4478	3.61095e-08
1.4479	3.67262e-08
1.448	3.17308e-08
1.4481	3.69629e-08
1.4482	3.637e-08
1.4483	3.39687e-08
1.4484	4.07061e-08
1.4485	3.18442e-08
1.4486	2.77476e-08
1.4487	2.47865e-08
1.4488	3.27347e-08
1.4489	3.44891e-08
1.449	2.8586e-08
1.4491	3.6412e-08
1.4492	3.39005e-08
1.4493	3.62567e-08
1.4494	3.65683e-08
1.4495	3.87895e-08
1.4496	3.52996e-08
1.4497	3.70704e-08
1.4498	3.11819e-08
1.4499	3.20058e-08
1.45	2.96387e-08
1.4501	3.32762e-08
1.4502	3.57233e-08
1.4503	3.46338e-08
1.4504	3.5654e-08
1.4505	3.97868e-08
1.4506	2.76805e-08
1.4507	3.52926e-08
1.4508	2.40908e-08
1.4509	2.98615e-08
1.451	3.73224e-08
1.4511	3.83127e-08
1.4512	3.19189e-08
1.4513	3.06467e-08
1.4514	3.23461e-08
1.4515	3.33613e-08
1.4516	2.99467e-08
1.4517	2.72942e-08
1.4518	2.5275e-08
1.4519	3.50706e-08
1.452	4.14325e-08
1.4521	3.8937e-08
1.4522	3.6221e-08
1.4523	3.0853e-08
1.4524	3.46412e-08
1.4525	3.70203e-08
1.4526	3.93386e-08
1.4527	2.97086e-08
1.4528	2.58716e-08
1.4529	2.71054e-08
1.453	3.5248e-08
1.4531	3.01349e-08
1.4532	2.89834e-08
1.4533	2.73168e-08
1.4534	3.50914e-08
1.4535	2.72872e-08
1.4536	3.12784e-08
1.4537	3.29009e-08
1.4538	2.78967e-08
1.4539	2.46112e-08
1.454	2.99922e-08
1.4541	3.4593e-08
1.4542	2.62703e-08
1.4543	3.02735e-08
1.4544	3.04676e-08
1.4545	2.76552e-08
1.4546	3.9733e-08
1.4547	3.77434e-08
1.4548	3.67445e-08
1.4549	3.15935e-08
1.455	2.42091e-08
1.4551	3.02506e-08
1.4552	2.64678e-08
1.4553	3.02154e-08
1.4554	3.38762e-08
1.4555	3.55061e-08
1.4556	3.31896e-08
1.4557	3.00376e-08
1.4558	3.09959e-08
1.4559	5.23264e-08
1.456	3.6305e-08
1.4561	2.8857e-08
1.4562	2.72965e-08
1.4563	2.18585e-08
1.4564	2.85013e-08
1.4565	3.6365e-08
1.4566	4.33259e-08
1.4567	4.31793e-08
1.4568	3.26972e-08
1.4569	4.3427e-08
1.457	4.06155e-08
1.4571	4.25429e-08
1.4572	3.3364e-08
1.4573	2.47531e-08
1.4574	2.89892e-08
1.4575	3.97004e-08
1.4576	3.19233e-08
1.4577	3.52127e-08
1.4578	3.61874e-08
1.4579	2.92043e-08
1.458	2.67792e-08
1.4581	4.2347e-08
1.4582	2.55897e-08
1.4583	2.70141e-08
1.4584	3.037e-08
1.4585	2.65691e-08
1.4586	3.21171e-08
1.4587	3.60765e-08
1.4588	4.28341e-08
1.4589	4.53576e-08
1.459	3.57598e-08
1.4591	3.59171e-08
1.4592	4.15619e-08
1.4593	4.16017e-08
1.4594	2.7868e-08
1.4595	2.83448e-08
1.4596	3.75342e-08
1.4597	3.15121e-08
1.4598	4.34608e-08
1.4599	2.63912e-08
1.46	3.10676e-08
1.4601	4.11972e-08
1.4602	3.15665e-08
1.4603	3.99482e-08
1.4604	2.34491e-08
1.4605	3.01123e-08
1.4606	2.43672e-08
1.4607	3.28674e-08
1.4608	2.1837e-08
1.4609	2.51927e-08
1.461	2.67559e-08
1.4611	3.67661e-08
1.4612	3.79909e-08
1.4613	3.9829e-08
1.4614	4.35751e-08
1.4615	3.56288e-08
1.4616	3.18715e-08
1.4617	2.92792e-08
1.4618	2.57703e-08
1.4619	3.87927e-08
1.462	3.21338e-08
1.4621	3.21128e-08
1.4622	2.69263e-08
1.4623	3.10367e-08
1.4624	3.91105e-08
1.4625	2.00861e-08
1.4626	2.93385e-08
1.4627	2.42486e-08
1.4628	2.77592e-08
1.4629	2.45003e-08
1.463	2.38539e-08
1.4631	2.64722e-08
1.4632	2.79144e-08
1.4633	3.36304e-08
1.4634	2.8474e-08
1.4635	3.26997e-08
1.4636	3.89777e-08
1.4637	3.21459e-08
1.4638	2.53624e-08
1.4639	2.85706e-08
1.464	2.41527e-08
1.4641	2.75067e-08
1.4642	3.82256e-08
1.4643	3.27386e-08
1.4644	3.67208e-08
1.4645	3.36563e-08
1.4646	3.22653e-08
1.4647	2.53734e-08
1.4648	2.35034e-08
1.4649	2.30965e-08
1.465	3.01242e-08
1.4651	2.82838e-08
1.4652	2.553e-08
1.4653	2.52473e-08
1.4654	2.74246e-08
1.4655	3.13644e-08
1.4656	2.438e-08
1.4657	3.2829e-08
1.4658	4.24145e-08
1.4659	4.21615e-08
1.466	3.86326e-08
1.4661	2.77796e-08
1.4662	2.55547e-08
1.4663	3.82686e-08
1.4664	2.71963e-08
1.4665	2.78048e-08
1.4666	3.68394e-08
1.4667	2.64236e-08
1.4668	3.45016e-08
1.4669	3.52335e-08
1.467	2.21197e-08
1.4671	2.76383e-08
1.4672	3.76573e-08
1.4673	3.27546e-08
1.4674	2.54812e-08
1.4675	2.45961e-08
1.4676	3.04874e-08
1.4677	3.18137e-08
1.4678	2.6764e-08
1.4679	3.10249e-08
1.468	3.20448e-08
1.4681	3.47805e-08
1.4682	4.11394e-08
1.4683	2.6084e-08
1.4684	3.05151e-08
1.4685	3.52841e-08
1.4686	2.94853e-08
1.4687	3.82048e-08
1.4688	2.17993e-08
1.4689	2.58824e-08
1.469	2.92063e-08
1.4691	3.04569e-08
1.4692	3.0682e-08
1.4693	4.28082e-08
1.4694	2.6913e-08
1.4695	3.12511e-08
1.4696	3.37206e-08
1.4697	3.62281e-08
1.4698	3.61529e-08
1.4699	3.12643e-08
1.47	2.26711e-08
1.4701	2.69593e-08
1.4702	3.18588e-08
1.4703	3.62509e-08
1.4704	3.44423e-08
1.4705	3.53319e-08
1.4706	3.38606e-08
1.4707	3.31931e-08
1.4708	3.31301e-08
1.4709	3.05767e-08
1.471	3.40555e-08
1.4711	2.37751e-08
1.4712	2.63908e-08
1.4713	2.73158e-08
1.4714	2.40055e-08
1.4715	3.35791e-08
1.4716	3.20304e-08
1.4717	2.98556e-08
1.4718	3.47856e-08
1.4719	4.05593e-08
1.472	3.59057e-08
1.4721	3.50781e-08
1.4722	4.3223e-08
1.4723	3.50063e-08
1.4724	3.43094e-08
1.4725	2.8126e-08
1.4726	4.056e-08
1.4727	3.67637e-08
1.4728	3.58445e-08
1.4729	3.23931e-08
1.473	2.57956e-08
1.4731	2.57429e-08
1.4732	3.78812e-08
1.4733	2.96321e-08
1.4734	3.37549e-08
1.4735	3.3921e-08
1.4736	2.83994e-08
1.4737	2.65435e-08
1.4738	2.8656e-08
1.4739	2.26796e-08
1.474	3.4888e-08
1.4741	4.31095e-08
1.4742	2.48009e-08
1.4743	4.76551e-08
1.4744	3.73747e-08
1.4745	3.5272e-08
1.4746	3.09708e-08
1.4747	3.92772e-08
1.4748	3.82209e-08
1.4749	3.6186e-08
1.475	2.67866e-08
1.4751	2.76753e-08
1.4752	3.74845e-08
1.4753	3.16319e-08
1.4754	3.06476e-08
1.4755	3.83775e-08
1.4756	3.82725e-08
1.4757	2.71369e-08
1.4758	2.16189e-08
1.4759	2.06983e-08
1.476	2.27758e-08
1.4761	3.37521e-08
1.4762	3.88306e-08
1.4763	4.09457e-08
1.4764	2.7076e-08
1.4765	3.75156e-08
1.4766	2.61357e-08
1.4767	2.43498e-08
1.4768	4.8612e-08
1.4769	4.55781e-08
1.477	3.47992e-08
1.4771	3.49157e-08
1.4772	4.20719e-08
1.4773	3.04279e-08
1.4774	2.35117e-08
1.4775	4.03072e-08
1.4776	3.51975e-08
1.4777	3.28596e-08
1.4778	2.34924e-08
1.4779	2.92706e-08
1.478	2.60872e-08
1.4781	2.15077e-08
1.4782	2.56083e-08
1.4783	3.39999e-08
1.4784	2.38193e-08
1.4785	2.85055e-08
1.4786	3.23133e-08
1.4787	4.1862e-08
1.4788	2.75347e-08
1.4789	4.37147e-08
1.479	3.00222e-08
1.4791	4.47665e-08
1.4792	3.93979e-08
1.4793	3.21886e-08
1.4794	3.71854e-08
1.4795	3.75072e-08
1.4796	3.18842e-08
1.4797	3.32629e-08
1.4798	2.66013e-08
1.4799	3.40204e-08
1.48	3.00925e-08
1.4801	2.89919e-08
1.4802	2.53929e-08
1.4803	2.14779e-08
1.4804	2.95099e-08
1.4805	2.66e-08
1.4806	2.38278e-08
1.4807	2.69861e-08
1.4808	3.20747e-08
1.4809	4.19961e-08
1.481	2.86257e-08
1.4811	3.04895e-08
1.4812	3.7891e-08
1.4813	5.99913e-08
1.4814	3.5341e-08
1.4815	3.68258e-08
1.4816	3.82118e-08
1.4817	3.74874e-08
1.4818	3.28637e-08
1.4819	2.44821e-08
1.482	2.72518e-08
1.4821	2.70815e-08
1.4822	2.66321e-08
1.4823	3.23482e-08
1.4824	2.64325e-08
1.4825	2.85972e-08
1.4826	2.09425e-08
1.4827	3.09086e-08
1.4828	3.11631e-08
1.4829	2.76505e-08
1.483	3.087e-08
1.4831	2.93552e-08
1.4832	3.52011e-08
1.4833	3.01361e-08
1.4834	2.74488e-08
1.4835	3.88882e-08
1.4836	4.13554e-08
1.4837	3.61759e-08
1.4838	4.12986e-08
1.4839	4.0083e-08
1.484	2.82822e-08
1.4841	3.59288e-08
1.4842	3.4816e-08
1.4843	3.68198e-08
1.4844	2.57309e-08
1.4845	3.10843e-08
1.4846	3.16903e-08
1.4847	2.95557e-08
1.4848	2.64896e-08
1.4849	3.04634e-08
1.485	3.31372e-08
1.4851	3.23992e-08
1.4852	4.00355e-08
1.4853	2.47611e-08
1.4854	3.74627e-08
1.4855	3.46576e-08
1.4856	3.58355e-08
1.4857	2.61733e-08
1.4858	2.99569e-08
1.4859	3.39876e-08
1.486	4.42278e-08
1.4861	4.03721e-08
1.4862	3.14319e-08
1.4863	2.85957e-08
1.4864	2.8931e-08
1.4865	2.42155e-08
1.4866	3.80699e-08
1.4867	3.27688e-08
1.4868	3.33601e-08
1.4869	3.07756e-08
1.487	2.84836e-08
1.4871	2.97785e-08
1.4872	3.56663e-08
1.4873	3.39117e-08
1.4874	2.88889e-08
1.4875	2.48841e-08
1.4876	3.14008e-08
1.4877	4.0741e-08
1.4878	3.63577e-08
1.4879	2.77871e-08
1.488	2.9791e-08
1.4881	3.17758e-08
1.4882	4.37599e-08
1.4883	3.63581e-08
1.4884	3.14562e-08
1.4885	2.43372e-08
1.4886	2.78722e-08
1.4887	3.44779e-08
1.4888	2.86952e-08
1.4889	3.025e-08
1.489	3.68508e-08
1.4891	3.3052e-08
1.4892	2.93351e-08
1.4893	2.64265e-08
1.4894	3.23147e-08
1.4895	3.83194e-08
1.4896	2.46048e-08
1.4897	2.82769e-08
1.4898	3.40494e-08
1.4899	2.26012e-08
1.49	3.29904e-08
1.4901	3.15277e-08
1.4902	2.83382e-08
1.4903	3.74829e-08
1.4904	3.94343e-08
1.4905	3.76597e-08
1.4906	3.27755e-08
1.4907	2.23913e-08
1.4908	2.87926e-08
1.4909	3.41996e-08
1.491	3.85118e-08
1.4911	3.27639e-08
1.4912	3.37535e-08
1.4913	3.97366e-08
1.4914	3.65999e-08
1.4915	3.1236e-08
1.4916	4.02921e-08
1.4917	4.4352e-08
1.4918	2.28236e-08
1.4919	2.44591e-08
1.492	2.92446e-08
1.4921	2.13512e-08
1.4922	3.58841e-08
1.4923	3.56994e-08
1.4924	4.4688e-08
1.4925	2.93692e-08
1.4926	2.75453e-08
1.4927	3.95116e-08
1.4928	3.32512e-08
1.4929	2.96398e-08
1.493	2.58558e-08
1.4931	3.90348e-08
1.4932	3.69246e-08
1.4933	3.27028e-08
1.4934	3.89164e-08
1.4935	3.64394e-08
1.4936	2.10168e-08
1.4937	3.63188e-08
1.4938	3.7528e-08
1.4939	3.36792e-08
1.494	3.27425e-08
1.4941	3.29258e-08
1.4942	2.61696e-08
1.4943	2.57731e-08
1.4944	4.42492e-08
1.4945	4.09977e-08
1.4946	4.41526e-08
1.4947	3.53953e-08
1.4948	3.65713e-08
1.4949	4.35114e-08
1.495	3.88577e-08
1.4951	3.42243e-08
1.4952	2.87624e-08
1.4953	2.89882e-08
1.4954	3.75611e-08
1.4955	3.53274e-08
1.4956	2.70176e-08
1.4957	3.10603e-08
1.4958	3.02247e-08
1.4959	4.17017e-08
1.496	3.7474e-08
1.4961	2.80108e-08
1.4962	2.86834e-08
1.4963	2.30171e-08
1.4964	3.25936e-08
1.4965	2.59645e-08
1.4966	2.18068e-08
1.4967	3.02448e-08
1.4968	3.42482e-08
1.4969	3.44549e-08
1.497	3.5571e-08
1.4971	4.2118e-08
1.4972	3.90098e-08
1.4973	3.33102e-08
1.4974	3.4507e-08
1.4975	2.59071e-08
1.4976	3.05418e-08
1.4977	2.92979e-08
1.4978	3.38762e-08
1.4979	2.36559e-08
1.498	3.61501e-08
1.4981	3.23666e-08
1.4982	2.45933e-08
1.4983	3.23124e-08
1.4984	2.63211e-08
1.4985	2.81537e-08
1.4986	3.33641e-08
1.4987	2.81668e-08
1.4988	2.71611e-08
1.4989	3.47407e-08
1.499	3.44313e-08
1.4991	2.66044e-08
1.4992	2.95226e-08
1.4993	3.08488e-08
1.4994	3.88252e-08
1.4995	2.65553e-08
1.4996	2.74098e-08
1.4997	3.61985e-08
1.4998	2.36201e-08
1.4999	3.42471e-08
1.5	3.76291e-08
1.5001	2.98891e-08
1.5002	4.2993e-08
1.5003	3.50416e-08
1.5004	2.60623e-08
1.5005	2.62084e-08
1.5006	2.1204e-08
1.5007	2.8517e-08
1.5008	2.36581e-08
1.5009	2.17229e-08
1.501	2.11612e-08
1.5011	2.8152e-08
1.5012	2.83329e-08
1.5013	2.43545e-08
1.5014	2.62428e-08
1.5015	3.29864e-08
1.5016	3.94264e-08
1.5017	4.72364e-08
1.5018	2.65017e-08
1.5019	2.58781e-08
1.502	2.99614e-08
1.5021	2.87957e-08
1.5022	3.13124e-08
1.5023	4.15666e-08
1.5024	2.21107e-08
1.5025	3.03954e-08
1.5026	2.88531e-08
1.5027	3.43377e-08
1.5028	2.7442e-08
1.5029	3.12923e-08
1.503	3.38924e-08
1.5031	2.35724e-08
1.5032	2.61141e-08
1.5033	2.85813e-08
1.5034	3.04396e-08
1.5035	2.60279e-08
1.5036	3.47692e-08
1.5037	3.45418e-08
1.5038	4.59104e-08
1.5039	3.15036e-08
1.504	3.13589e-08
1.5041	2.83246e-08
1.5042	2.79116e-08
1.5043	3.42032e-08
1.5044	3.00034e-08
1.5045	2.39171e-08
1.5046	2.77797e-08
1.5047	2.4422e-08
1.5048	3.98268e-08
1.5049	2.79895e-08
1.505	4.24423e-08
1.5051	2.83535e-08
1.5052	3.19043e-08
1.5053	2.16533e-08
1.5054	3.11399e-08
1.5055	3.23236e-08
1.5056	3.52444e-08
1.5057	2.21425e-08
1.5058	3.25456e-08
1.5059	2.63981e-08
1.506	3.75095e-08
1.5061	3.82173e-08
1.5062	4.387e-08
1.5063	2.77757e-08
1.5064	2.8122e-08
1.5065	3.72546e-08
1.5066	3.25577e-08
1.5067	3.08986e-08
1.5068	2.56329e-08
1.5069	2.26925e-08
1.507	2.80711e-08
1.5071	3.20839e-08
1.5072	2.54885e-08
1.5073	3.59739e-08
1.5074	4.02908e-08
1.5075	3.67052e-08
1.5076	4.93892e-08
1.5077	3.57878e-08
1.5078	3.53288e-08
1.5079	3.23871e-08
1.508	2.92085e-08
1.5081	3.95026e-08
1.5082	2.60286e-08
1.5083	3.92506e-08
1.5084	3.21744e-08
1.5085	3.61748e-08
1.5086	2.94088e-08
1.5087	2.73373e-08
1.5088	2.91789e-08
1.5089	3.60488e-08
1.509	2.99132e-08
1.5091	3.14086e-08
1.5092	3.78868e-08
1.5093	3.14824e-08
1.5094	2.52771e-08
1.5095	2.5577e-08
1.5096	2.8352e-08
1.5097	3.31471e-08
1.5098	3.98928e-08
1.5099	3.09619e-08
1.51	3.61764e-08
1.5101	4.67773e-08
1.5102	4.1587e-08
1.5103	3.56771e-08
1.5104	3.27328e-08
1.5105	4.25939e-08
1.5106	3.70261e-08
1.5107	3.98675e-08
1.5108	2.94599e-08
1.5109	3.26998e-08
1.511	3.13134e-08
1.5111	3.45e-08
1.5112	3.02158e-08
1.5113	3.55362e-08
1.5114	2.80692e-08
1.5115	1.93644e-08
1.5116	2.01528e-08
1.5117	2.34484e-08
1.5118	3.10875e-08
1.5119	3.50881e-08
1.512	3.59155e-08
1.5121	2.74982e-08
1.5122	3.69903e-08
1.5123	4.00612e-08
1.5124	4.16502e-08
1.5125	3.29825e-08
1.5126	4.17034e-08
1.5127	4.62121e-08
1.5128	3.67927e-08
1.5129	3.94341e-08
1.513	2.91734e-08
1.5131	2.4496e-08
1.5132	4.32873e-08
1.5133	3.47356e-08
1.5134	2.97272e-08
1.5135	2.44167e-08
1.5136	2.12873e-08
1.5137	2.76681e-08
1.5138	2.74964e-08
1.5139	2.88521e-08
1.514	2.85902e-08
1.5141	2.43744e-08
1.5142	2.51859e-08
1.5143	3.94335e-08
1.5144	4.64344e-08
1.5145	3.43129e-08
1.5146	4.09893e-08
1.5147	5.20588e-08
1.5148	4.62815e-08
1.5149	3.88943e-08
1.515	2.90609e-08
1.5151	3.17063e-08
1.5152	3.87819e-08
1.5153	3.02171e-08
1.5154	3.14648e-08
1.5155	2.82616e-08
1.5156	2.63137e-08
1.5157	2.94313e-08
1.5158	2.69819e-08
1.5159	2.34563e-08
1.516	2.99113e-08
1.5161	2.62143e-08
1.5162	1.89825e-08
1.5163	2.0303e-08
1.5164	3.12817e-08
1.5165	2.63583e-08
1.5166	4.91579e-08
1.5167	3.61865e-08
1.5168	3.10534e-08
1.5169	4.37035e-08
1.517	5.52709e-08
1.5171	3.91686e-08
1.5172	3.59789e-08
1.5173	3.72952e-08
1.5174	2.97594e-08
1.5175	2.96968e-08
1.5176	2.60319e-08
1.5177	2.74534e-08
1.5178	2.92107e-08
1.5179	2.9027e-08
1.518	3.05004e-08
1.5181	3.69454e-08
1.5182	3.44721e-08
1.5183	2.66029e-08
1.5184	2.8515e-08
1.5185	2.30491e-08
1.5186	2.59749e-08
1.5187	3.0304e-08
1.5188	2.96615e-08
1.5189	3.01068e-08
1.519	3.85063e-08
1.5191	4.63449e-08
1.5192	3.54312e-08
1.5193	2.64393e-08
1.5194	4.04012e-08
1.5195	3.99476e-08
1.5196	3.39574e-08
1.5197	2.46137e-08
1.5198	3.57758e-08
1.5199	3.35563e-08
1.52	3.29786e-08
1.5201	2.47421e-08
1.5202	3.24081e-08
1.5203	3.26277e-08
1.5204	2.85045e-08
1.5205	2.61172e-08
1.5206	3.87974e-08
1.5207	3.28512e-08
1.5208	3.60461e-08
1.5209	3.79653e-08
1.521	3.07376e-08
1.5211	3.90281e-08
1.5212	3.09328e-08
1.5213	4.24403e-08
1.5214	2.81849e-08
1.5215	3.09043e-08
1.5216	2.37946e-08
1.5217	4.43954e-08
1.5218	3.61519e-08
1.5219	3.39111e-08
1.522	2.93938e-08
1.5221	2.52477e-08
1.5222	2.65993e-08
1.5223	3.19655e-08
1.5224	3.61797e-08
1.5225	3.51373e-08
1.5226	3.41223e-08
1.5227	3.96115e-08
1.5228	2.88592e-08
1.5229	3.51758e-08
1.523	3.21836e-08
1.5231	3.22334e-08
1.5232	2.39089e-08
1.5233	3.96803e-08
1.5234	3.77805e-08
1.5235	3.5505e-08
1.5236	3.34014e-08
1.5237	2.80656e-08
1.5238	2.81734e-08
1.5239	3.85338e-08
1.524	4.7455e-08
1.5241	3.21013e-08
1.5242	2.50475e-08
1.5243	3.27111e-08
1.5244	3.51138e-08
1.5245	2.46412e-08
1.5246	3.13677e-08
1.5247	3.09596e-08
1.5248	2.5555e-08
1.5249	3.38228e-08
1.525	3.78903e-08
1.5251	2.90443e-08
1.5252	2.95777e-08
1.5253	2.58674e-08
1.5254	3.1224e-08
1.5255	3.4457e-08
1.5256	2.48924e-08
1.5257	3.20872e-08
1.5258	3.1896e-08
1.5259	3.13652e-08
1.526	4.10342e-08
1.5261	3.94783e-08
1.5262	2.6715e-08
1.5263	4.68794e-08
1.5264	3.07262e-08
1.5265	2.87191e-08
1.5266	3.25918e-08
1.5267	3.23904e-08
1.5268	3.15753e-08
1.5269	3.88078e-08
1.527	4.29782e-08
1.5271	2.3223e-08
1.5272	3.4289e-08
1.5273	4.29908e-08
1.5274	3.12859e-08
1.5275	3.26844e-08
1.5276	3.3104e-08
1.5277	3.18452e-08
1.5278	2.9849e-08
1.5279	3.47597e-08
1.528	4.55263e-08
1.5281	2.62419e-08
1.5282	3.77202e-08
1.5283	4.36469e-08
1.5284	3.29666e-08
1.5285	4.18847e-08
1.5286	2.40004e-08
1.5287	2.32239e-08
1.5288	2.67359e-08
1.5289	3.2838e-08
1.529	3.29147e-08
1.5291	4.09028e-08
1.5292	3.7073e-08
1.5293	3.07757e-08
1.5294	3.7915e-08
1.5295	4.29886e-08
1.5296	2.9711e-08
1.5297	3.34397e-08
1.5298	3.38336e-08
1.5299	3.16296e-08
1.53	3.24092e-08
1.5301	4.15311e-08
1.5302	3.42498e-08
1.5303	4.16805e-08
1.5304	3.23908e-08
1.5305	4.22329e-08
1.5306	4.34621e-08
1.5307	4.08915e-08
1.5308	2.88803e-08
1.5309	3.13645e-08
1.531	4.00706e-08
1.5311	3.12392e-08
1.5312	3.56372e-08
1.5313	2.95967e-08
1.5314	3.11563e-08
1.5315	3.39614e-08
1.5316	2.64921e-08
1.5317	3.06758e-08
1.5318	2.7156e-08
1.5319	2.857e-08
1.532	3.09991e-08
1.5321	2.62569e-08
1.5322	2.16712e-08
1.5323	2.41238e-08
1.5324	2.72203e-08
1.5325	3.54013e-08
1.5326	3.84054e-08
1.5327	3.09539e-08
1.5328	4.12942e-08
1.5329	3.80671e-08
1.533	2.75995e-08
1.5331	2.72998e-08
1.5332	3.47392e-08
1.5333	3.20166e-08
1.5334	3.20012e-08
1.5335	2.64286e-08
1.5336	2.54943e-08
1.5337	3.41706e-08
1.5338	4.03279e-08
1.5339	3.03976e-08
1.534	3.28942e-08
1.5341	3.1293e-08
1.5342	2.98526e-08
1.5343	2.88495e-08
1.5344	2.12557e-08
1.5345	2.61568e-08
1.5346	3.69722e-08
1.5347	3.37402e-08
1.5348	2.55049e-08
1.5349	2.95021e-08
1.535	3.65788e-08
1.5351	4.0046e-08
1.5352	3.14764e-08
1.5353	2.25295e-08
1.5354	3.28895e-08
1.5355	2.50256e-08
1.5356	3.43479e-08
1.5357	3.24486e-08
1.5358	3.95302e-08
1.5359	4.10559e-08
1.536	2.65156e-08
1.5361	2.33805e-08
1.5362	2.38329e-08
1.5363	2.22034e-08
1.5364	3.0676e-08
1.5365	2.62634e-08
1.5366	2.30305e-08
1.5367	2.37248e-08
1.5368	3.04978e-08
1.5369	3.33925e-08
1.537	2.14177e-08
1.5371	2.82176e-08
1.5372	3.55071e-08
1.5373	5.24385e-08
1.5374	4.66181e-08
1.5375	2.47704e-08
1.5376	2.16149e-08
1.5377	3.5367e-08
1.5378	2.85984e-08
1.5379	2.61046e-08
1.538	4.26211e-08
1.5381	2.99829e-08
1.5382	4.02761e-08
1.5383	3.28034e-08
1.5384	2.39149e-08
1.5385	3.20511e-08
1.5386	4.00378e-08
1.5387	2.49599e-08
1.5388	2.67081e-08
1.5389	2.38942e-08
1.539	3.41871e-08
1.5391	3.54815e-08
1.5392	2.23428e-08
1.5393	3.40285e-08
1.5394	3.4425e-08
1.5395	3.91324e-08
1.5396	4.12846e-08
1.5397	2.76857e-08
1.5398	3.59865e-08
1.5399	3.02292e-08
1.54	3.01572e-08
1.5401	2.7738e-08
1.5402	2.4204e-08
1.5403	3.08599e-08
1.5404	2.72987e-08
1.5405	3.78397e-08
1.5406	4.7496e-08
1.5407	3.42838e-08
1.5408	3.2618e-08
1.5409	2.61188e-08
1.541	2.42203e-08
1.5411	3.33045e-08
1.5412	2.57979e-08
1.5413	3.68145e-08
1.5414	2.43586e-08
1.5415	2.773e-08
1.5416	2.91292e-08
1.5417	3.87096e-08
1.5418	3.14501e-08
1.5419	4.29689e-08
1.542	3.59538e-08
1.5421	2.93238e-08
1.5422	3.54588e-08
1.5423	2.64478e-08
1.5424	3.46513e-08
1.5425	2.48908e-08
1.5426	2.99708e-08
1.5427	2.33976e-08
1.5428	2.86355e-08
1.5429	3.28912e-08
1.543	3.03106e-08
1.5431	3.27303e-08
1.5432	3.52664e-08
1.5433	4.27469e-08
1.5434	4.39096e-08
1.5435	3.74869e-08
1.5436	3.96148e-08
1.5437	2.86512e-08
1.5438	3.35474e-08
1.5439	3.61786e-08
1.544	3.29177e-08
1.5441	4.58824e-08
1.5442	3.08759e-08
1.5443	3.04596e-08
1.5444	3.04048e-08
1.5445	2.17006e-08
1.5446	2.96401e-08
1.5447	3.53915e-08
1.5448	3.59133e-08
1.5449	2.99013e-08
1.545	3.29409e-08
1.5451	2.04487e-08
1.5452	2.69903e-08
1.5453	3.07768e-08
1.5454	3.04287e-08
1.5455	3.38596e-08
1.5456	3.31939e-08
1.5457	4.16386e-08
1.5458	4.14679e-08
1.5459	3.00902e-08
1.546	3.18027e-08
1.5461	3.40478e-08
1.5462	3.5374e-08
1.5463	3.32372e-08
1.5464	3.07314e-08
1.5465	2.91539e-08
1.5466	3.04551e-08
1.5467	2.83107e-08
1.5468	2.98303e-08
1.5469	3.62454e-08
1.547	3.70384e-08
1.5471	2.41538e-08
1.5472	2.21469e-08
1.5473	2.40791e-08
1.5474	2.41661e-08
1.5475	4.11783e-08
1.5476	3.77063e-08
1.5477	3.10434e-08
1.5478	2.79894e-08
1.5479	4.42071e-08
1.548	3.18659e-08
1.5481	3.63411e-08
1.5482	3.01972e-08
1.5483	4.29012e-08
1.5484	3.91503e-08
1.5485	3.18626e-08
1.5486	4.70601e-08
1.5487	2.46974e-08
1.5488	2.51646e-08
1.5489	3.4597e-08
1.549	2.71104e-08
1.5491	2.91039e-08
1.5492	2.7613e-08
1.5493	2.71265e-08
1.5494	2.6075e-08
1.5495	3.15369e-08
1.5496	2.63926e-08
1.5497	2.60572e-08
1.5498	2.26318e-08
1.5499	2.99028e-08
1.55	4.04631e-08
1.5501	3.72902e-08
1.5502	2.61504e-08
1.5503	3.89444e-08
1.5504	3.66566e-08
1.5505	3.62855e-08
1.5506	5.22724e-08
1.5507	3.58163e-08
1.5508	3.15458e-08
1.5509	3.46592e-08
1.551	3.3793e-08
1.5511	3.13607e-08
1.5512	2.88754e-08
1.5513	3.22171e-08
1.5514	2.20865e-08
1.5515	2.67689e-08
1.5516	2.23918e-08
1.5517	2.82286e-08
1.5518	2.51065e-08
1.5519	2.08501e-08
1.552	1.97557e-08
1.5521	2.5415e-08
1.5522	3.04759e-08
1.5523	3.77146e-08
1.5524	3.03424e-08
1.5525	3.46806e-08
1.5526	4.20803e-08
1.5527	4.73709e-08
1.5528	3.16436e-08
1.5529	3.25585e-08
1.553	3.83731e-08
1.5531	3.4086e-08
1.5532	3.15948e-08
1.5533	2.77291e-08
1.5534	2.45476e-08
1.5535	2.63103e-08
1.5536	2.68892e-08
1.5537	2.45099e-08
1.5538	3.31871e-08
1.5539	2.94323e-08
1.554	2.67713e-08
1.5541	2.94498e-08
1.5542	2.63436e-08
1.5543	3.0404e-08
1.5544	3.66188e-08
1.5545	3.34163e-08
1.5546	3.8027e-08
1.5547	3.34405e-08
1.5548	3.4488e-08
1.5549	3.28501e-08
1.555	3.46859e-08
1.5551	2.96505e-08
1.5552	3.54039e-08
1.5553	4.19274e-08
1.5554	3.29607e-08
1.5555	4.25771e-08
1.5556	3.13445e-08
1.5557	2.41094e-08
1.5558	2.68487e-08
1.5559	3.16351e-08
1.556	3.34912e-08
1.5561	3.24275e-08
1.5562	3.25749e-08
1.5563	2.95023e-08
1.5564	3.61994e-08
1.5565	3.75571e-08
1.5566	4.33998e-08
1.5567	2.90691e-08
1.5568	4.20268e-08
1.5569	2.77085e-08
1.557	2.96044e-08
1.5571	2.87483e-08
1.5572	3.56927e-08
1.5573	2.78804e-08
1.5574	3.2302e-08
1.5575	3.72196e-08
1.5576	2.93138e-08
1.5577	2.8018e-08
1.5578	3.55688e-08
1.5579	2.07918e-08
1.558	2.94845e-08
1.5581	4.06262e-08
1.5582	3.59365e-08
1.5583	2.84903e-08
1.5584	3.28133e-08
1.5585	3.17244e-08
1.5586	4.1507e-08
1.5587	2.83341e-08
1.5588	2.75102e-08
1.5589	2.46287e-08
1.559	3.18861e-08
1.5591	4.67276e-08
1.5592	3.90056e-08
1.5593	3.55809e-08
1.5594	3.06918e-08
1.5595	2.63831e-08
1.5596	4.35628e-08
1.5597	4.23616e-08
1.5598	3.01285e-08
1.5599	2.77164e-08
1.56	2.75375e-08
1.5601	3.64584e-08
1.5602	3.07137e-08
1.5603	3.60906e-08
1.5604	2.78785e-08
1.5605	3.38301e-08
1.5606	3.39355e-08
1.5607	3.07166e-08
1.5608	3.55186e-08
1.5609	2.93173e-08
1.561	2.37616e-08
1.5611	3.45142e-08
1.5612	3.6341e-08
1.5613	2.57828e-08
1.5614	3.81273e-08
1.5615	3.32372e-08
1.5616	2.60038e-08
1.5617	4.61779e-08
1.5618	3.60806e-08
1.5619	2.76129e-08
1.562	3.73951e-08
1.5621	2.34725e-08
1.5622	2.92498e-08
1.5623	3.03217e-08
1.5624	3.47354e-08
1.5625	4.04618e-08
1.5626	3.45944e-08
1.5627	3.51983e-08
1.5628	2.7859e-08
1.5629	3.34271e-08
1.563	5.15983e-08
1.5631	2.78198e-08
1.5632	3.50242e-08
1.5633	3.17504e-08
1.5634	2.00146e-08
1.5635	2.54954e-08
1.5636	3.42921e-08
1.5637	4.10217e-08
1.5638	4.41544e-08
1.5639	3.71259e-08
1.564	3.45973e-08
1.5641	3.42582e-08
1.5642	3.91397e-08
1.5643	3.17898e-08
1.5644	2.59753e-08
1.5645	3.14626e-08
1.5646	3.92715e-08
1.5647	3.01319e-08
1.5648	3.85109e-08
1.5649	3.35834e-08
1.565	3.26713e-08
1.5651	2.52877e-08
1.5652	3.94119e-08
1.5653	2.274e-08
1.5654	2.87249e-08
1.5655	2.79612e-08
1.5656	2.79572e-08
1.5657	3.01713e-08
1.5658	3.99277e-08
1.5659	3.48069e-08
1.566	4.48506e-08
1.5661	3.44271e-08
1.5662	3.75429e-08
1.5663	3.8634e-08
1.5664	4.36792e-08
1.5665	3.91085e-08
1.5666	2.71128e-08
1.5667	3.75237e-08
1.5668	2.59791e-08
1.5669	4.55229e-08
1.567	3.07182e-08
1.5671	2.51657e-08
1.5672	4.4633e-08
1.5673	3.75376e-08
1.5674	3.03518e-08
1.5675	2.27886e-08
1.5676	2.88364e-08
1.5677	2.29176e-08
1.5678	3.21356e-08
1.5679	2.34004e-08
1.568	2.59466e-08
1.5681	2.81888e-08
1.5682	3.27727e-08
1.5683	3.63124e-08
1.5684	3.18677e-08
1.5685	4.11833e-08
1.5686	3.91319e-08
1.5687	3.2946e-08
1.5688	2.97302e-08
1.5689	2.62592e-08
1.569	3.20594e-08
1.5691	3.16214e-08
1.5692	3.25889e-08
1.5693	2.87562e-08
1.5694	2.74124e-08
1.5695	3.83704e-08
1.5696	1.88307e-08
1.5697	2.99883e-08
1.5698	3.03166e-08
1.5699	2.95764e-08
1.57	2.71585e-08
1.5701	2.51959e-08
1.5702	2.78498e-08
1.5703	3.31509e-08
1.5704	3.69602e-08
1.5705	2.87846e-08
1.5706	2.75856e-08
1.5707	4.01757e-08
1.5708	3.45734e-08
1.5709	3.12348e-08
1.571	2.88602e-08
1.5711	3.17714e-08
1.5712	2.51893e-08
1.5713	4.62549e-08
1.5714	3.3533e-08
1.5715	3.527e-08
1.5716	3.52298e-08
1.5717	2.90861e-08
1.5718	2.21587e-08
1.5719	2.86681e-08
1.572	2.87213e-08
1.5721	2.58187e-08
1.5722	2.92863e-08
1.5723	2.11666e-08
1.5724	2.31813e-08
1.5725	3.30237e-08
1.5726	4.03388e-08
1.5727	2.13517e-08
1.5728	3.26328e-08
1.5729	3.9921e-08
1.573	2.86467e-08
1.5731	4.05336e-08
1.5732	2.58693e-08
1.5733	2.87456e-08
1.5734	3.00533e-08
1.5735	2.44121e-08
1.5736	2.61332e-08
1.5737	4.43192e-08
1.5738	2.46866e-08
1.5739	3.53985e-08
1.574	3.32983e-08
1.5741	2.44355e-08
1.5742	2.63295e-08
1.5743	3.50889e-08
1.5744	2.22614e-08
1.5745	3.1259e-08
1.5746	2.33862e-08
1.5747	3.41438e-08
1.5748	3.17016e-08
1.5749	2.32183e-08
1.575	3.31979e-08
1.5751	2.43628e-08
1.5752	4.24041e-08
1.5753	3.86643e-08
1.5754	2.76465e-08
1.5755	2.9298e-08
1.5756	2.8901e-08
1.5757	2.53283e-08
1.5758	3.55705e-08
1.5759	2.10542e-08
1.576	2.66335e-08
1.5761	3.45067e-08
1.5762	3.73732e-08
1.5763	3.74686e-08
1.5764	3.22233e-08
1.5765	3.20699e-08
1.5766	2.42177e-08
1.5767	2.73528e-08
1.5768	3.47973e-08
1.5769	2.72135e-08
1.577	4.37841e-08
1.5771	2.02329e-08
1.5772	2.61606e-08
1.5773	3.15534e-08
1.5774	4.0727e-08
1.5775	3.61058e-08
1.5776	4.20232e-08
1.5777	3.68944e-08
1.5778	4.06661e-08
1.5779	3.51703e-08
1.578	2.5697e-08
1.5781	4.41236e-08
1.5782	3.1076e-08
1.5783	2.89704e-08
1.5784	2.24598e-08
1.5785	2.82385e-08
1.5786	2.76681e-08
1.5787	3.24281e-08
1.5788	3.44459e-08
1.5789	3.93138e-08
1.579	3.40027e-08
1.5791	3.8059e-08
1.5792	3.63172e-08
1.5793	4.0533e-08
1.5794	2.87391e-08
1.5795	3.12818e-08
1.5796	3.2025e-08
1.5797	4.14681e-08
1.5798	3.77215e-08
1.5799	3.19169e-08
1.58	3.08829e-08
1.5801	3.43277e-08
1.5802	2.47174e-08
1.5803	2.90198e-08
1.5804	3.28445e-08
1.5805	3.09185e-08
1.5806	3.12656e-08
1.5807	3.02632e-08
1.5808	2.41346e-08
1.5809	2.85607e-08
1.581	2.77678e-08
1.5811	3.42267e-08
1.5812	3.38231e-08
1.5813	3.27103e-08
1.5814	4.35832e-08
1.5815	4.02186e-08
1.5816	3.18869e-08
1.5817	2.80359e-08
1.5818	3.39912e-08
1.5819	4.72692e-08
1.582	3.60385e-08
1.5821	2.8314e-08
1.5822	3.55294e-08
1.5823	3.5344e-08
1.5824	2.97703e-08
1.5825	2.76514e-08
1.5826	3.30398e-08
1.5827	3.69953e-08
1.5828	2.83631e-08
1.5829	2.79419e-08
1.583	2.9902e-08
1.5831	2.39639e-08
1.5832	3.70101e-08
1.5833	3.13013e-08
1.5834	3.42633e-08
1.5835	2.62722e-08
1.5836	4.72967e-08
1.5837	2.65682e-08
1.5838	3.92064e-08
1.5839	2.96186e-08
1.584	3.74772e-08
1.5841	4.06753e-08
1.5842	3.36803e-08
1.5843	4.70329e-08
1.5844	2.77124e-08
1.5845	2.36378e-08
1.5846	3.13952e-08
1.5847	2.66346e-08
1.5848	3.52949e-08
1.5849	2.41976e-08
1.585	2.67077e-08
1.5851	2.58677e-08
1.5852	2.8905e-08
1.5853	2.09081e-08
1.5854	2.75233e-08
1.5855	2.57355e-08
1.5856	3.25845e-08
1.5857	3.79673e-08
1.5858	3.17852e-08
1.5859	2.88162e-08
1.586	4.46492e-08
1.5861	3.45856e-08
1.5862	3.53865e-08
1.5863	3.61241e-08
1.5864	2.76897e-08
1.5865	3.54234e-08
1.5866	2.81088e-08
1.5867	3.28328e-08
1.5868	3.27745e-08
1.5869	3.53658e-08
1.587	2.82489e-08
1.5871	2.45701e-08
1.5872	2.9428e-08
1.5873	2.77206e-08
1.5874	2.14627e-08
1.5875	1.89105e-08
1.5876	2e-08
1.5877	2.57861e-08
1.5878	2.38657e-08
1.5879	3.78478e-08
1.588	3.6694e-08
1.5881	2.78542e-08
1.5882	3.07252e-08
1.5883	4.11932e-08
1.5884	3.8767e-08
1.5885	3.40144e-08
1.5886	3.14153e-08
1.5887	3.54769e-08
1.5888	3.19421e-08
1.5889	3.65408e-08
1.589	2.4593e-08
1.5891	2.3208e-08
1.5892	2.66967e-08
1.5893	2.84575e-08
1.5894	3.331e-08
1.5895	2.20645e-08
1.5896	3.41432e-08
1.5897	2.63077e-08
1.5898	2.66495e-08
1.5899	2.30043e-08
1.59	3.03672e-08
1.5901	2.53359e-08
1.5902	3.00492e-08
1.5903	3.58153e-08
1.5904	3.68204e-08
1.5905	3.13114e-08
1.5906	3.2909e-08
1.5907	3.5484e-08
1.5908	3.32672e-08
1.5909	4.1021e-08
1.591	3.75258e-08
1.5911	3.13914e-08
1.5912	3.82741e-08
1.5913	3.20843e-08
1.5914	3.41631e-08
1.5915	2.94871e-08
1.5916	3.18017e-08
1.5917	3.34641e-08
1.5918	3.0575e-08
1.5919	2.76191e-08
1.592	3.78217e-08
1.5921	2.99152e-08
1.5922	3.42284e-08
1.5923	3.80253e-08
1.5924	2.91722e-08
1.5925	3.99858e-08
1.5926	4.0922e-08
1.5927	3.31104e-08
1.5928	2.4693e-08
1.5929	3.15447e-08
1.593	3.66533e-08
1.5931	2.99695e-08
1.5932	3.25584e-08
1.5933	3.66188e-08
1.5934	2.96411e-08
1.5935	3.07629e-08
1.5936	2.11552e-08
1.5937	3.18906e-08
1.5938	3.52105e-08
1.5939	3.31057e-08
1.594	3.33725e-08
1.5941	3.61315e-08
1.5942	2.74696e-08
1.5943	2.78603e-08
1.5944	3.85619e-08
1.5945	2.41703e-08
1.5946	2.49489e-08
1.5947	2.74723e-08
1.5948	4.3942e-08
1.5949	3.38026e-08
1.595	2.59196e-08
1.5951	3.21141e-08
1.5952	3.14033e-08
1.5953	4.3242e-08
1.5954	3.76014e-08
1.5955	2.64004e-08
1.5956	2.76752e-08
1.5957	3.15964e-08
1.5958	2.78098e-08
1.5959	2.9553e-08
1.596	2.79049e-08
1.5961	2.69903e-08
1.5962	3.71233e-08
1.5963	2.65724e-08
1.5964	3.25184e-08
1.5965	3.5203e-08
1.5966	3.75098e-08
1.5967	2.41207e-08
1.5968	2.96804e-08
1.5969	4.13909e-08
1.597	2.6818e-08
1.5971	2.84944e-08
1.5972	3.39508e-08
1.5973	3.1898e-08
1.5974	3.71399e-08
1.5975	3.53592e-08
1.5976	3.67729e-08
1.5977	3.21042e-08
1.5978	3.18257e-08
1.5979	3.51921e-08
1.598	3.73631e-08
1.5981	2.71306e-08
1.5982	3.26741e-08
1.5983	3.41001e-08
1.5984	3.32652e-08
1.5985	3.13338e-08
1.5986	4.06422e-08
1.5987	4.77336e-08
1.5988	3.03172e-08
1.5989	2.13422e-08
1.599	2.77936e-08
1.5991	2.62702e-08
1.5992	2.8429e-08
1.5993	3.76445e-08
1.5994	4.41462e-08
1.5995	3.7697e-08
1.5996	3.74852e-08
1.5997	3.01954e-08
1.5998	3.50441e-08
1.5999	3.58718e-08
1.6	2.51579e-08
1.6001	2.32402e-08
1.6002	2.54526e-08
1.6003	3.59078e-08
1.6004	3.3326e-08
1.6005	3.36237e-08
1.6006	3.68991e-08
1.6007	3.11887e-08
1.6008	3.17986e-08
1.6009	4.05265e-08
1.601	2.34747e-08
1.6011	2.70496e-08
1.6012	2.73432e-08
1.6013	3.03889e-08
1.6014	3.2845e-08
1.6015	3.62752e-08
1.6016	4.0649e-08
1.6017	4.30975e-08
1.6018	3.91024e-08
1.6019	3.78282e-08
1.602	4.69049e-08
1.6021	3.45751e-08
1.6022	3.59369e-08
1.6023	3.20274e-08
1.6024	4.16435e-08
1.6025	3.54515e-08
1.6026	3.10877e-08
1.6027	3.05053e-08
1.6028	2.6658e-08
1.6029	3.68308e-08
1.603	3.12912e-08
1.6031	3.14582e-08
1.6032	2.80077e-08
1.6033	3.39337e-08
1.6034	2.84264e-08
1.6035	3.08499e-08
1.6036	2.27387e-08
1.6037	2.31884e-08
1.6038	2.87732e-08
1.6039	3.14348e-08
1.604	3.62641e-08
1.6041	3.40511e-08
1.6042	4.2673e-08
1.6043	3.84257e-08
1.6044	2.97545e-08
1.6045	3.35805e-08
1.6046	2.80965e-08
1.6047	3.16854e-08
1.6048	3.35581e-08
1.6049	3.3865e-08
1.605	2.45743e-08
1.6051	3.29708e-08
1.6052	3.65892e-08
1.6053	2.36829e-08
1.6054	2.96537e-08
1.6055	2.87501e-08
1.6056	2.73972e-08
1.6057	3.04829e-08
1.6058	2.3941e-08
1.6059	3.27744e-08
1.606	3.38425e-08
1.6061	3.98094e-08
1.6062	2.77849e-08
1.6063	2.66363e-08
1.6064	3.48053e-08
1.6065	3.58244e-08
1.6066	3.05687e-08
1.6067	2.67619e-08
1.6068	3.24957e-08
1.6069	2.34186e-08
1.607	3.18517e-08
1.6071	3.16354e-08
1.6072	3.03725e-08
1.6073	3.50725e-08
1.6074	2.82866e-08
1.6075	2.35527e-08
1.6076	2.40893e-08
1.6077	2.77899e-08
1.6078	2.35924e-08
1.6079	2.45743e-08
1.608	2.2921e-08
1.6081	2.31788e-08
1.6082	2.91924e-08
1.6083	3.55165e-08
1.6084	2.26376e-08
1.6085	3.01963e-08
1.6086	3.67334e-08
1.6087	3.21513e-08
1.6088	3.57447e-08
1.6089	2.60585e-08
1.609	2.55192e-08
1.6091	3.02118e-08
1.6092	2.57325e-08
1.6093	3.08888e-08
1.6094	3.21681e-08
1.6095	2.46884e-08
1.6096	3.72548e-08
1.6097	3.45304e-08
1.6098	2.23293e-08
1.6099	2.60909e-08
1.61	4.42183e-08
1.6101	2.44248e-08
1.6102	2.97097e-08
1.6103	2.36903e-08
1.6104	3.45831e-08
1.6105	3.51055e-08
1.6106	2.42533e-08
1.6107	3.30671e-08
1.6108	3.21484e-08
1.6109	4.97605e-08
1.611	3.77634e-08
1.6111	2.93111e-08
1.6112	3.23969e-08
1.6113	3.17165e-08
1.6114	2.95653e-08
1.6115	3.15674e-08
1.6116	2.00658e-08
1.6117	3.06582e-08
1.6118	2.93744e-08
1.6119	3.87721e-08
1.612	3.28505e-08
1.6121	3.27461e-08
1.6122	2.91945e-08
1.6123	2.745e-08
1.6124	2.70813e-08
1.6125	4.40584e-08
1.6126	2.80626e-08
1.6127	3.94187e-08
1.6128	2.42385e-08
1.6129	3.18753e-08
1.613	3.87158e-08
1.6131	3.05646e-08
1.6132	3.06213e-08
1.6133	4.74856e-08
1.6134	3.35215e-08
1.6135	2.51052e-08
1.6136	3.2692e-08
1.6137	2.58641e-08
1.6138	3.84959e-08
1.6139	2.7676e-08
1.614	2.99027e-08
1.6141	2.45034e-08
1.6142	2.66832e-08
1.6143	3.04085e-08
1.6144	3.32095e-08
1.6145	3.48334e-08
1.6146	3.31848e-08
1.6147	3.86621e-08
1.6148	3.53379e-08
1.6149	3.58197e-08
1.615	4.03223e-08
1.6151	3.3319e-08
1.6152	3.41468e-08
1.6153	2.44009e-08
1.6154	3.68228e-08
1.6155	3.82635e-08
1.6156	3.65276e-08
1.6157	2.25674e-08
1.6158	2.9571e-08
1.6159	2.91731e-08
1.616	2.72481e-08
1.6161	3.48556e-08
1.6162	3.11441e-08
1.6163	3.06177e-08
1.6164	2.96091e-08
1.6165	2.38984e-08
1.6166	2.48998e-08
1.6167	3.20963e-08
1.6168	3.12393e-08
1.6169	3.55531e-08
1.617	2.84695e-08
1.6171	4.10827e-08
1.6172	3.65928e-08
1.6173	3.9532e-08
1.6174	2.99142e-08
1.6175	4.21273e-08
1.6176	4.51319e-08
1.6177	3.08866e-08
1.6178	4.368e-08
1.6179	2.59194e-08
1.618	3.44898e-08
1.6181	2.88024e-08
1.6182	2.32126e-08
1.6183	3.0175e-08
1.6184	3.40186e-08
1.6185	3.19457e-08
1.6186	2.2755e-08
1.6187	2.13355e-08
1.6188	2.38443e-08
1.6189	3.15847e-08
1.619	4.3985e-08
1.6191	3.02947e-08
1.6192	2.29489e-08
1.6193	4.31376e-08
1.6194	3.47089e-08
1.6195	3.74124e-08
1.6196	3.17744e-08
1.6197	4.57419e-08
1.6198	3.63394e-08
1.6199	3.40899e-08
1.62	4.27143e-08
1.6201	3.07001e-08
1.6202	2.75242e-08
1.6203	3.63121e-08
1.6204	2.94037e-08
1.6205	2.95758e-08
1.6206	2.49551e-08
1.6207	2.4443e-08
1.6208	2.53859e-08
1.6209	2.65515e-08
1.621	2.22953e-08
1.6211	2.75202e-08
1.6212	2.52849e-08
1.6213	3.38729e-08
1.6214	4.26995e-08
1.6215	4.32123e-08
1.6216	2.79997e-08
1.6217	2.96285e-08
1.6218	4.11594e-08
1.6219	3.97799e-08
1.622	4.34026e-08
1.6221	3.21319e-08
1.6222	3.33025e-08
1.6223	3.11363e-08
1.6224	4.27241e-08
1.6225	3.1683e-08
1.6226	3.94816e-08
1.6227	2.7221e-08
1.6228	2.59863e-08
1.6229	2.29736e-08
1.623	2.76285e-08
1.6231	2.34563e-08
1.6232	1.97683e-08
1.6233	1.96996e-08
1.6234	2.99911e-08
1.6235	1.98285e-08
1.6236	3.22957e-08
1.6237	3.51989e-08
1.6238	3.08431e-08
1.6239	3.05354e-08
1.624	4.11441e-08
1.6241	4.03964e-08
1.6242	3.29993e-08
1.6243	4.10605e-08
1.6244	3.59028e-08
1.6245	4.04508e-08
1.6246	2.84425e-08
1.6247	3.02627e-08
1.6248	2.49366e-08
1.6249	2.58755e-08
1.625	2.9126e-08
1.6251	2.95024e-08
1.6252	2.8145e-08
1.6253	3.1861e-08
1.6254	2.62413e-08
1.6255	2.48887e-08
1.6256	2.11238e-08
1.6257	3.36723e-08
1.6258	2.76398e-08
1.6259	3.08733e-08
1.626	3.15682e-08
1.6261	3.74711e-08
1.6262	3.94139e-08
1.6263	3.27366e-08
1.6264	3.25499e-08
1.6265	3.68595e-08
1.6266	3.16043e-08
1.6267	4.33747e-08
1.6268	2.58223e-08
1.6269	3.70053e-08
1.627	3.42918e-08
1.6271	3.50221e-08
1.6272	2.52246e-08
1.6273	3.1301e-08
1.6274	3.20312e-08
1.6275	3.37873e-08
1.6276	2.98699e-08
1.6277	3.45089e-08
1.6278	3.70663e-08
1.6279	3.84038e-08
1.628	3.77207e-08
1.6281	3.20364e-08
1.6282	3.98658e-08
1.6283	3.1798e-08
1.6284	3.28925e-08
1.6285	2.28065e-08
1.6286	3.87479e-08
1.6287	3.74693e-08
1.6288	3.89429e-08
1.6289	4.07891e-08
1.629	2.78988e-08
1.6291	2.97912e-08
1.6292	3.09031e-08
1.6293	2.18358e-08
1.6294	3.74386e-08
1.6295	3.88772e-08
1.6296	3.73116e-08
1.6297	3.33618e-08
1.6298	3.62189e-08
1.6299	3.0142e-08
1.63	3.25657e-08
1.6301	3.41702e-08
1.6302	2.75585e-08
1.6303	2.35368e-08
1.6304	3.10012e-08
1.6305	4.40301e-08
1.6306	4.03859e-08
1.6307	3.27449e-08
1.6308	3.13502e-08
1.6309	2.7829e-08
1.631	3.15475e-08
1.6311	4.50882e-08
1.6312	2.80353e-08
1.6313	2.73869e-08
1.6314	2.95811e-08
1.6315	3.59625e-08
1.6316	2.57956e-08
1.6317	3.24051e-08
1.6318	3.26273e-08
1.6319	2.5563e-08
1.632	3.09153e-08
1.6321	2.74208e-08
1.6322	3.18654e-08
1.6323	3.74734e-08
1.6324	2.78838e-08
1.6325	3.46845e-08
1.6326	3.58572e-08
1.6327	2.55771e-08
1.6328	2.96393e-08
1.6329	2.74279e-08
1.633	2.9452e-08
1.6331	3.87626e-08
1.6332	3.5941e-08
1.6333	3.67023e-08
1.6334	3.56154e-08
1.6335	2.50574e-08
1.6336	3.27056e-08
1.6337	3.32991e-08
1.6338	3.98166e-08
1.6339	3.71176e-08
1.634	2.93599e-08
1.6341	3.40135e-08
1.6342	2.80656e-08
1.6343	2.96806e-08
1.6344	4.05465e-08
1.6345	3.09485e-08
1.6346	2.61162e-08
1.6347	3.13146e-08
1.6348	2.60356e-08
1.6349	3.22326e-08
1.635	3.58119e-08
1.6351	4.38814e-08
1.6352	3.96022e-08
1.6353	4.68301e-08
1.6354	3.79501e-08
1.6355	3.61719e-08
1.6356	4.2535e-08
1.6357	3.89935e-08
1.6358	2.38141e-08
1.6359	3.51499e-08
1.636	4.17199e-08
1.6361	3.12411e-08
1.6362	3.77575e-08
1.6363	3.66092e-08
1.6364	2.66456e-08
1.6365	3.29258e-08
1.6366	4.80768e-08
1.6367	2.41946e-08
1.6368	2.59093e-08
1.6369	2.95922e-08
1.637	3.51319e-08
1.6371	2.90057e-08
1.6372	4.44129e-08
1.6373	5.02321e-08
1.6374	3.80831e-08
1.6375	3.60315e-08
1.6376	3.84019e-08
1.6377	3.51585e-08
1.6378	3.62631e-08
1.6379	2.43344e-08
1.638	3.00938e-08
1.6381	3.74801e-08
1.6382	2.8171e-08
1.6383	3.67905e-08
1.6384	3.41913e-08
1.6385	2.82284e-08
1.6386	3.39496e-08
1.6387	3.01823e-08
1.6388	3.95525e-08
1.6389	2.86161e-08
1.639	2.90176e-08
1.6391	3.36021e-08
1.6392	2.253e-08
1.6393	2.10931e-08
1.6394	2.49249e-08
1.6395	3.04587e-08
1.6396	3.89788e-08
1.6397	3.88686e-08
1.6398	4.17093e-08
1.6399	4.17368e-08
1.64	3.18161e-08
1.6401	2.96217e-08
1.6402	3.41772e-08
1.6403	3.20586e-08
1.6404	2.62776e-08
1.6405	2.73046e-08
1.6406	3.36318e-08
1.6407	2.52632e-08
1.6408	2.96721e-08
1.6409	3.72186e-08
1.641	2.03988e-08
1.6411	2.70979e-08
1.6412	3.06487e-08
1.6413	2.52685e-08
1.6414	2.79291e-08
1.6415	2.14543e-08
1.6416	2.88412e-08
1.6417	3.37141e-08
1.6418	3.56745e-08
1.6419	3.10411e-08
1.642	2.65068e-08
1.6421	3.50225e-08
1.6422	3.0772e-08
1.6423	3.07698e-08
1.6424	2.47711e-08
1.6425	3.49696e-08
1.6426	2.30044e-08
1.6427	3.92793e-08
1.6428	3.72748e-08
1.6429	3.95074e-08
1.643	4.31099e-08
1.6431	3.0913e-08
1.6432	2.61092e-08
1.6433	2.32356e-08
1.6434	2.10945e-08
1.6435	2.93348e-08
1.6436	2.72465e-08
1.6437	2.30811e-08
1.6438	2.09689e-08
1.6439	3.13086e-08
1.644	4.15507e-08
1.6441	2.09477e-08
1.6442	3.42002e-08
1.6443	4.23197e-08
1.6444	3.65204e-08
1.6445	4.25828e-08
1.6446	2.25632e-08
1.6447	2.56988e-08
1.6448	3.3728e-08
1.6449	2.677e-08
1.645	2.78033e-08
1.6451	4.57608e-08
1.6452	2.5424e-08
1.6453	3.84071e-08
1.6454	3.64759e-08
1.6455	2.61882e-08
1.6456	4.56503e-08
1.6457	3.75474e-08
1.6458	2.96836e-08
1.6459	2.88787e-08
1.646	2.24675e-08
1.6461	3.37682e-08
1.6462	3.43782e-08
1.6463	2.22144e-08
1.6464	3.25829e-08
1.6465	3.28049e-08
1.6466	3.87612e-08
1.6467	3.45643e-08
1.6468	2.70934e-08
1.6469	3.28763e-08
1.647	3.17615e-08
1.6471	2.77172e-08
1.6472	2.84679e-08
1.6473	2.32964e-08
1.6474	2.42152e-08
1.6475	2.97186e-08
1.6476	3.16149e-08
1.6477	4.87293e-08
1.6478	3.32493e-08
1.6479	2.71755e-08
1.648	3.5276e-08
1.6481	3.64377e-08
1.6482	3.17977e-08
1.6483	2.78004e-08
1.6484	3.11275e-08
1.6485	2.34127e-08
1.6486	2.73258e-08
1.6487	3.10106e-08
1.6488	3.26374e-08
1.6489	3.09071e-08
1.649	3.75679e-08
1.6491	3.43764e-08
1.6492	3.39668e-08
1.6493	3.44536e-08
1.6494	2.98307e-08
1.6495	3.61821e-08
1.6496	2.49546e-08
1.6497	2.96475e-08
1.6498	2.76565e-08
1.6499	2.83644e-08
1.65	3.52968e-08
1.6501	3.00011e-08
1.6502	3.13406e-08
1.6503	3.99297e-08
1.6504	3.6271e-08
1.6505	3.66855e-08
1.6506	3.69383e-08
1.6507	3.74623e-08
1.6508	2.91071e-08
1.6509	3.49483e-08
1.651	3.25779e-08
1.6511	4.0725e-08
1.6512	3.62098e-08
1.6513	3.30135e-08
1.6514	2.83371e-08
1.6515	3.12282e-08
1.6516	2.888e-08
1.6517	3.3756e-08
1.6518	3.55338e-08
1.6519	3.12162e-08
1.652	2.90481e-08
1.6521	2.7933e-08
1.6522	2.24662e-08
1.6523	2.65619e-08
1.6524	2.85306e-08
1.6525	3.14939e-08
1.6526	3.86279e-08
1.6527	3.59631e-08
1.6528	3.5732e-08
1.6529	4.26321e-08
1.653	3.60137e-08
1.6531	2.73233e-08
1.6532	2.98947e-08
1.6533	4.38822e-08
1.6534	3.49716e-08
1.6535	3.18684e-08
1.6536	3.54769e-08
1.6537	2.9234e-08
1.6538	2.85055e-08
1.6539	3.21554e-08
1.654	3.75012e-08
1.6541	3.04242e-08
1.6542	2.58407e-08
1.6543	1.9433e-08
1.6544	1.99208e-08
1.6545	2.4424e-08
1.6546	3.30785e-08
1.6547	3.41481e-08
1.6548	3.34137e-08
1.6549	2.79368e-08
1.655	4.03375e-08
1.6551	4.17928e-08
1.6552	4.43931e-08
1.6553	3.37299e-08
1.6554	4.85829e-08
1.6555	3.06651e-08
1.6556	3.92572e-08
1.6557	4.12982e-08
1.6558	3.19115e-08
1.6559	2.88687e-08
1.656	3.68322e-08
1.6561	3.08997e-08
1.6562	3.42127e-08
1.6563	2.37436e-08
1.6564	2.20023e-08
1.6565	2.68524e-08
1.6566	2.97201e-08
1.6567	3.1421e-08
1.6568	2.18059e-08
1.6569	2.45518e-08
1.657	3.55459e-08
1.6571	3.98422e-08
1.6572	3.85485e-08
1.6573	3.86711e-08
1.6574	3.77547e-08
1.6575	4.86295e-08
1.6576	4.06789e-08
1.6577	3.75879e-08
1.6578	3.22255e-08
1.6579	3.77177e-08
1.658	3.02718e-08
1.6581	3.67425e-08
1.6582	2.84128e-08
1.6583	3.16915e-08
1.6584	2.76836e-08
1.6585	2.51458e-08
1.6586	3.16282e-08
1.6587	2.80646e-08
1.6588	2.80669e-08
1.6589	2.65927e-08
1.659	3.54389e-08
1.6591	2.40833e-08
1.6592	2.39656e-08
1.6593	3.8867e-08
1.6594	3.6114e-08
1.6595	2.90645e-08
1.6596	3.79558e-08
1.6597	4.39867e-08
1.6598	5.14886e-08
1.6599	2.86746e-08
1.66	3.40098e-08
1.6601	3.54677e-08
1.6602	3.87711e-08
1.6603	3.0384e-08
1.6604	3.16913e-08
1.6605	2.90605e-08
1.6606	2.2793e-08
1.6607	2.9106e-08
1.6608	3.06232e-08
1.6609	3.90012e-08
1.661	2.73716e-08
1.6611	2.57345e-08
1.6612	3.55353e-08
1.6613	2.56852e-08
1.6614	3.1925e-08
1.6615	3.56892e-08
1.6616	2.92959e-08
1.6617	3.35454e-08
1.6618	3.32349e-08
1.6619	3.46576e-08
1.662	3.60361e-08
1.6621	3.77605e-08
1.6622	2.56787e-08
1.6623	3.2905e-08
1.6624	3.72679e-08
1.6625	3.34579e-08
1.6626	4.13817e-08
1.6627	3.32919e-08
1.6628	2.11311e-08
1.6629	2.50313e-08
1.663	2.98465e-08
1.6631	2.91197e-08
1.6632	3.3744e-08
1.6633	2.67364e-08
1.6634	3.40996e-08
1.6635	3.14568e-08
1.6636	3.30415e-08
1.6637	4.40614e-08
1.6638	2.85012e-08
1.6639	3.34335e-08
1.664	4.06084e-08
1.6641	3.51392e-08
1.6642	3.15846e-08
1.6643	2.5475e-08
1.6644	3.54706e-08
1.6645	3.89047e-08
1.6646	3.60673e-08
1.6647	3.71212e-08
1.6648	2.82055e-08
1.6649	3.59138e-08
1.665	2.25675e-08
1.6651	3.18289e-08
1.6652	4.37961e-08
1.6653	3.90655e-08
1.6654	2.49364e-08
1.6655	3.57434e-08
1.6656	3.00377e-08
1.6657	3.62238e-08
1.6658	2.69315e-08
1.6659	2.60853e-08
1.666	2.73568e-08
1.6661	2.21867e-08
1.6662	4.13885e-08
1.6663	3.71549e-08
1.6664	3.09357e-08
1.6665	3.05479e-08
1.6666	3.34375e-08
1.6667	4.14679e-08
1.6668	3.66345e-08
1.6669	3.12177e-08
1.667	2.6957e-08
1.6671	2.58183e-08
1.6672	3.43246e-08
1.6673	3.31769e-08
1.6674	3.89284e-08
1.6675	3.01062e-08
1.6676	3.31052e-08
1.6677	2.63077e-08
1.6678	3.95728e-08
1.6679	3.42095e-08
1.668	3.18827e-08
1.6681	2.71821e-08
1.6682	3.31054e-08
1.6683	3.32088e-08
1.6684	3.24324e-08
1.6685	3.53645e-08
1.6686	2.93318e-08
1.6687	3.94453e-08
1.6688	4.80223e-08
1.6689	2.62857e-08
1.669	4.12554e-08
1.6691	3.73103e-08
1.6692	2.6815e-08
1.6693	3.60764e-08
1.6694	3.64581e-08
1.6695	3.25375e-08
1.6696	3.23892e-08
1.6697	3.76607e-08
1.6698	3.25962e-08
1.6699	3.11635e-08
1.67	4.62082e-08
1.6701	4.05355e-08
1.6702	3.4666e-08
1.6703	4.05263e-08
1.6704	2.84103e-08
1.6705	3.1166e-08
1.6706	3.07589e-08
1.6707	3.10786e-08
1.6708	3.9675e-08
1.6709	3.71485e-08
1.671	3.45612e-08
1.6711	4.01131e-08
1.6712	3.53256e-08
1.6713	4.01176e-08
1.6714	3.39993e-08
1.6715	2.43803e-08
1.6716	2.69847e-08
1.6717	3.70936e-08
1.6718	3.40528e-08
1.6719	3.65995e-08
1.672	2.62898e-08
1.6721	2.98811e-08
1.6722	2.61517e-08
1.6723	4.5557e-08
1.6724	2.21724e-08
1.6725	2.95455e-08
1.6726	2.42854e-08
1.6727	2.13328e-08
1.6728	3.59089e-08
1.6729	3.76031e-08
1.673	5.13864e-08
1.6731	3.83254e-08
1.6732	4.3016e-08
1.6733	3.88205e-08
1.6734	3.42095e-08
1.6735	3.97654e-08
1.6736	3.41345e-08
1.6737	2.90161e-08
1.6738	3.5569e-08
1.6739	3.08433e-08
1.674	4.45956e-08
1.6741	3.10948e-08
1.6742	3.22423e-08
1.6743	3.67345e-08
1.6744	4.10719e-08
1.6745	2.84615e-08
1.6746	2.47484e-08
1.6747	2.81106e-08
1.6748	3.71206e-08
1.6749	2.51156e-08
1.675	2.22293e-08
1.6751	3.2076e-08
1.6752	3.51788e-08
1.6753	3.46469e-08
1.6754	2.89128e-08
1.6755	3.68219e-08
1.6756	3.43782e-08
1.6757	4.32272e-08
1.6758	2.49279e-08
1.6759	3.1752e-08
1.676	3.02787e-08
1.6761	2.92885e-08
1.6762	2.96278e-08
1.6763	2.67968e-08
1.6764	2.72139e-08
1.6765	2.98837e-08
1.6766	4.01835e-08
1.6767	2.05006e-08
1.6768	3.24768e-08
1.6769	3.31157e-08
1.677	3.12286e-08
1.6771	2.57713e-08
1.6772	2.4988e-08
1.6773	3.28534e-08
1.6774	2.50438e-08
1.6775	3.50434e-08
1.6776	3.76442e-08
1.6777	3.21926e-08
1.6778	3.68184e-08
1.6779	3.88251e-08
1.678	2.81695e-08
1.6781	2.79206e-08
1.6782	2.89305e-08
1.6783	2.64996e-08
1.6784	3.33225e-08
1.6785	3.15305e-08
1.6786	2.98852e-08
1.6787	3.86491e-08
1.6788	2.76785e-08
1.6789	1.97035e-08
1.679	2.42405e-08
1.6791	2.33412e-08
1.6792	2.85308e-08
1.6793	2.90583e-08
1.6794	2.4535e-08
1.6795	2.37875e-08
1.6796	2.62818e-08
1.6797	3.36836e-08
1.6798	2.24498e-08
1.6799	3.38768e-08
1.68	3.53646e-08
1.6801	5.06172e-08
1.6802	2.71905e-08
1.6803	2.81124e-08
1.6804	2.36862e-08
1.6805	2.83142e-08
1.6806	2.97111e-08
1.6807	3.76058e-08
1.6808	3.67555e-08
1.6809	2.90455e-08
1.681	2.94814e-08
1.6811	3.27116e-08
1.6812	2.50011e-08
1.6813	3.89928e-08
1.6814	3.06878e-08
1.6815	3.14356e-08
1.6816	2.13453e-08
1.6817	2.58148e-08
1.6818	2.35081e-08
1.6819	3.02126e-08
1.682	3.00823e-08
1.6821	2.48935e-08
1.6822	2.8416e-08
1.6823	2.90618e-08
1.6824	3.44732e-08
1.6825	3.14106e-08
1.6826	3.15026e-08
1.6827	3.18781e-08
1.6828	3.24878e-08
1.6829	3.27827e-08
1.683	2.68194e-08
1.6831	3.03451e-08
1.6832	4.19031e-08
1.6833	3.18621e-08
1.6834	3.69953e-08
1.6835	3.18191e-08
1.6836	2.96724e-08
1.6837	3.14146e-08
1.6838	4.25115e-08
1.6839	3.55064e-08
1.684	3.19932e-08
1.6841	2.43298e-08
1.6842	2.79065e-08
1.6843	2.47043e-08
1.6844	3.53706e-08
1.6845	3.24507e-08
1.6846	4.40986e-08
1.6847	3.26164e-08
1.6848	3.64964e-08
1.6849	4.37013e-08
1.685	2.64783e-08
1.6851	2.86376e-08
1.6852	3.31702e-08
1.6853	2.77616e-08
1.6854	2.93738e-08
1.6855	2.51461e-08
1.6856	2.67811e-08
1.6857	3.84483e-08
1.6858	3.38622e-08
1.6859	3.31853e-08
1.686	4.30191e-08
1.6861	3.99316e-08
1.6862	3.54761e-08
1.6863	3.385e-08
1.6864	3.50738e-08
1.6865	3.82904e-08
1.6866	2.7705e-08
1.6867	3.95067e-08
1.6868	2.90353e-08
1.6869	3.6681e-08
1.687	3.43276e-08
1.6871	3.46568e-08
1.6872	2.50513e-08
1.6873	2.86307e-08
1.6874	3.70004e-08
1.6875	2.72493e-08
1.6876	3.80279e-08
1.6877	3.12826e-08
1.6878	2.36081e-08
1.6879	2.29601e-08
1.688	3.12374e-08
1.6881	3.43662e-08
1.6882	3.29917e-08
1.6883	3.13051e-08
1.6884	3.70459e-08
1.6885	4.7659e-08
1.6886	3.85286e-08
1.6887	2.7921e-08
1.6888	2.29702e-08
1.6889	4.2268e-08
1.689	4.21077e-08
1.6891	4.11819e-08
1.6892	2.75653e-08
1.6893	2.99971e-08
1.6894	2.5388e-08
1.6895	3.86693e-08
1.6896	4.17597e-08
1.6897	3.64113e-08
1.6898	2.8967e-08
1.6899	2.33573e-08
1.69	2.38174e-08
1.6901	2.58411e-08
1.6902	2.97152e-08
1.6903	3.78971e-08
1.6904	2.47541e-08
1.6905	3.42132e-08
1.6906	3.46247e-08
1.6907	4.16489e-08
1.6908	3.62519e-08
1.6909	3.0939e-08
1.691	3.50631e-08
1.6911	3.97919e-08
1.6912	3.68148e-08
1.6913	3.4103e-08
1.6914	4.36237e-08
1.6915	2.19243e-08
1.6916	2.86496e-08
1.6917	4.20233e-08
1.6918	3.37428e-08
1.6919	3.01563e-08
1.692	2.69729e-08
1.6921	2.60646e-08
1.6922	2.69356e-08
1.6923	2.77077e-08
1.6924	3.05245e-08
1.6925	2.39128e-08
1.6926	3.14705e-08
1.6927	3.62009e-08
1.6928	4.35214e-08
1.6929	2.97647e-08
1.693	3.91045e-08
1.6931	3.98565e-08
1.6932	2.71674e-08
1.6933	3.93855e-08
1.6934	3.63065e-08
1.6935	3.16961e-08
1.6936	3.97844e-08
1.6937	2.82609e-08
1.6938	3.30934e-08
1.6939	3.57548e-08
1.694	3.23973e-08
1.6941	3.99462e-08
1.6942	2.88189e-08
1.6943	2.8194e-08
1.6944	2.60461e-08
1.6945	3.02397e-08
1.6946	2.6133e-08
1.6947	1.97356e-08
1.6948	2.55001e-08
1.6949	3.05426e-08
1.695	3.47236e-08
1.6951	3.49142e-08
1.6952	2.37672e-08
1.6953	4.09618e-08
1.6954	4.51428e-08
1.6955	3.97664e-08
1.6956	4.06037e-08
1.6957	3.50676e-08
1.6958	3.68305e-08
1.6959	3.41073e-08
1.696	3.50569e-08
1.6961	3.14799e-08
1.6962	2.56558e-08
1.6963	2.59366e-08
1.6964	3.61128e-08
1.6965	3.55177e-08
1.6966	3.74782e-08
1.6967	2.02253e-08
1.6968	2.07757e-08
1.6969	3.04626e-08
1.697	2.1263e-08
1.6971	2.43564e-08
1.6972	2.59515e-08
1.6973	2.89355e-08
1.6974	4.38582e-08
1.6975	3.73175e-08
1.6976	2.85789e-08
1.6977	3.14964e-08
1.6978	4.43734e-08
1.6979	3.10727e-08
1.698	3.37496e-08
1.6981	3.03981e-08
1.6982	3.40963e-08
1.6983	3.72458e-08
1.6984	3.65429e-08
1.6985	2.36676e-08
1.6986	3.35068e-08
1.6987	3.50739e-08
1.6988	2.57067e-08
1.6989	2.86884e-08
1.699	3.04247e-08
1.6991	3.67751e-08
1.6992	3.35627e-08
1.6993	2.96568e-08
1.6994	3.42534e-08
1.6995	3.57304e-08
1.6996	3.5125e-08
1.6997	3.56239e-08
1.6998	2.93821e-08
1.6999	3.29937e-08
1.7	3.5705e-08
1.7001	3.27997e-08
1.7002	3.00594e-08
1.7003	3.38576e-08
1.7004	3.19548e-08
1.7005	2.70006e-08
1.7006	3.18338e-08
1.7007	3.26706e-08
1.7008	3.41553e-08
1.7009	3.71345e-08
1.701	3.66891e-08
1.7011	3.25699e-08
1.7012	2.58509e-08
1.7013	2.43927e-08
1.7014	4.00217e-08
1.7015	3.13165e-08
1.7016	2.50322e-08
1.7017	3.75586e-08
1.7018	3.45402e-08
1.7019	3.58578e-08
1.702	3.8361e-08
1.7021	3.58134e-08
1.7022	3.86216e-08
1.7023	3.71002e-08
1.7024	4.97022e-08
1.7025	3.69243e-08
1.7026	2.53926e-08
1.7027	2.84103e-08
1.7028	3.56593e-08
1.7029	2.51566e-08
1.703	2.65403e-08
1.7031	3.24498e-08
1.7032	3.09344e-08
1.7033	3.21912e-08
1.7034	3.61984e-08
1.7035	2.798e-08
1.7036	3.40622e-08
1.7037	2.90926e-08
1.7038	3.13264e-08
1.7039	3.12895e-08
1.704	2.63558e-08
1.7041	2.90027e-08
1.7042	3.6465e-08
1.7043	3.65377e-08
1.7044	3.57021e-08
1.7045	2.79621e-08
1.7046	2.40057e-08
1.7047	4.41295e-08
1.7048	2.30805e-08
1.7049	2.87942e-08
1.705	2.70058e-08
1.7051	4.30167e-08
1.7052	3.42278e-08
1.7053	3.74877e-08
1.7054	3.55927e-08
1.7055	2.96017e-08
1.7056	3.40928e-08
1.7057	4.00132e-08
1.7058	4.02141e-08
1.7059	2.56071e-08
1.706	2.91227e-08
1.7061	2.37388e-08
1.7062	2.46511e-08
1.7063	3.30633e-08
1.7064	3.82306e-08
1.7065	3.57203e-08
1.7066	4.16972e-08
1.7067	3.63022e-08
1.7068	3.81334e-08
1.7069	4.57926e-08
1.707	3.89904e-08
1.7071	2.40868e-08
1.7072	2.77509e-08
1.7073	2.72475e-08
1.7074	3.95527e-08
1.7075	3.3471e-08
1.7076	3.61828e-08
1.7077	2.95501e-08
1.7078	3.01187e-08
1.7079	4.68463e-08
1.708	2.9035e-08
1.7081	2.75328e-08
1.7082	3.5919e-08
1.7083	2.69028e-08
1.7084	3.03083e-08
1.7085	3.36125e-08
1.7086	3.93359e-08
1.7087	3.97135e-08
1.7088	2.94314e-08
1.7089	4.10682e-08
1.709	3.93964e-08
1.7091	3.92448e-08
1.7092	2.69153e-08
1.7093	3.96732e-08
1.7094	3.60046e-08
1.7095	2.76981e-08
1.7096	3.91843e-08
1.7097	3.2006e-08
1.7098	2.7484e-08
1.7099	4.0602e-08
1.71	2.85388e-08
1.7101	3.38187e-08
1.7102	2.87495e-08
1.7103	2.66383e-08
1.7104	2.69689e-08
1.7105	3.10336e-08
1.7106	2.53109e-08
1.7107	2.17571e-08
1.7108	2.98988e-08
1.7109	3.34031e-08
1.711	3.49108e-08
1.7111	3.6991e-08
1.7112	4.41851e-08
1.7113	3.87486e-08
1.7114	3.44342e-08
1.7115	2.3775e-08
1.7116	3.49952e-08
1.7117	3.74549e-08
1.7118	2.69888e-08
1.7119	3.09922e-08
1.712	2.83775e-08
1.7121	3.16971e-08
1.7122	4.01607e-08
1.7123	2.74582e-08
1.7124	3.33253e-08
1.7125	2.77916e-08
1.7126	3.18342e-08
1.7127	2.80666e-08
1.7128	2.71818e-08
1.7129	2.49101e-08
1.713	2.60362e-08
1.7131	2.91795e-08
1.7132	3.05194e-08
1.7133	4.01283e-08
1.7134	3.12487e-08
1.7135	2.9051e-08
1.7136	3.28526e-08
1.7137	2.35494e-08
1.7138	2.38089e-08
1.7139	2.69828e-08
1.714	3.13186e-08
1.7141	3.45013e-08
1.7142	3.13675e-08
1.7143	3.97139e-08
1.7144	3.6435e-08
1.7145	2.60977e-08
1.7146	2.15264e-08
1.7147	2.23207e-08
1.7148	2.91928e-08
1.7149	2.08668e-08
1.715	2.44955e-08
1.7151	2.20946e-08
1.7152	2.4138e-08
1.7153	3.02433e-08
1.7154	3.33824e-08
1.7155	2.99383e-08
1.7156	3.15444e-08
1.7157	3.62841e-08
1.7158	4.22623e-08
1.7159	3.04553e-08
1.716	2.87011e-08
1.7161	4.09203e-08
1.7162	2.99519e-08
1.7163	2.79095e-08
1.7164	3.5108e-08
1.7165	3.16885e-08
1.7166	3.57798e-08
1.7167	3.2544e-08
1.7168	2.38261e-08
1.7169	2.95339e-08
1.717	4.65952e-08
1.7171	2.59585e-08
1.7172	2.84379e-08
1.7173	2.37083e-08
1.7174	2.57731e-08
1.7175	2.22869e-08
1.7176	3.50305e-08
1.7177	2.94979e-08
1.7178	3.57936e-08
1.7179	3.5543e-08
1.718	3.47615e-08
1.7181	2.70051e-08
1.7182	3.18364e-08
1.7183	2.93238e-08
1.7184	2.714e-08
1.7185	3.45618e-08
1.7186	3.12909e-08
1.7187	3.13313e-08
1.7188	3.19529e-08
1.7189	2.78349e-08
1.719	2.89449e-08
1.7191	3.62173e-08
1.7192	3.56955e-08
1.7193	2.64339e-08
1.7194	2.97467e-08
1.7195	4.27732e-08
1.7196	3.4354e-08
1.7197	3.51978e-08
1.7198	2.72776e-08
1.7199	3.63311e-08
1.72	2.76004e-08
1.7201	3.44247e-08
1.7202	2.68063e-08
1.7203	4.71725e-08
1.7204	3.2212e-08
1.7205	2.67469e-08
1.7206	3.50714e-08
1.7207	3.14576e-08
1.7208	2.98653e-08
1.7209	2.92636e-08
1.721	2.76814e-08
1.7211	2.79496e-08
1.7212	2.64493e-08
1.7213	3.59761e-08
1.7214	3.53532e-08
1.7215	3.28411e-08
1.7216	3.74929e-08
1.7217	4.40438e-08
1.7218	4.00614e-08
1.7219	4.29686e-08
1.722	2.59112e-08
1.7221	3.79025e-08
1.7222	2.72695e-08
1.7223	3.10105e-08
1.7224	4.3881e-08
1.7225	3.75995e-08
1.7226	3.80894e-08
1.7227	2.81583e-08
1.7228	2.71838e-08
1.7229	3.29124e-08
1.723	3.99424e-08
1.7231	3.1696e-08
1.7232	3.17572e-08
1.7233	3.63473e-08
1.7234	3.04492e-08
1.7235	2.45328e-08
1.7236	2.31543e-08
1.7237	3.09795e-08
1.7238	3.06184e-08
1.7239	3.73835e-08
1.724	3.06334e-08
1.7241	4.73962e-08
1.7242	4.06295e-08
1.7243	3.84187e-08
1.7244	4.42977e-08
1.7245	3.74384e-08
1.7246	4.35506e-08
1.7247	3.30887e-08
1.7248	2.96678e-08
1.7249	2.57378e-08
1.725	3.87356e-08
1.7251	3.16536e-08
1.7252	2.30054e-08
1.7253	3.06535e-08
1.7254	3.90365e-08
1.7255	2.96353e-08
1.7256	2.18869e-08
1.7257	2.02976e-08
1.7258	3.13286e-08
1.7259	2.99362e-08
1.726	4.10265e-08
1.7261	3.41201e-08
1.7262	2.92233e-08
1.7263	3.47553e-08
1.7264	4.05634e-08
1.7265	2.20552e-08
1.7266	4.70927e-08
1.7267	3.63965e-08
1.7268	4.42227e-08
1.7269	3.5407e-08
1.727	4.26865e-08
1.7271	2.93489e-08
1.7272	2.38438e-08
1.7273	2.88709e-08
1.7274	3.23447e-08
1.7275	3.7421e-08
1.7276	2.89538e-08
1.7277	2.58495e-08
1.7278	2.54501e-08
1.7279	2.66508e-08
1.728	2.53235e-08
1.7281	3.23587e-08
1.7282	2.18593e-08
1.7283	2.40772e-08
1.7284	3.2598e-08
1.7285	4.67053e-08
1.7286	3.09718e-08
1.7287	3.83004e-08
1.7288	3.07947e-08
1.7289	3.9328e-08
1.729	3.98216e-08
1.7291	2.66385e-08
1.7292	3.90995e-08
1.7293	3.23657e-08
1.7294	4.32151e-08
1.7295	2.99803e-08
1.7296	3.51087e-08
1.7297	3.97986e-08
1.7298	2.8508e-08
1.7299	2.69882e-08
1.73	2.49337e-08
1.7301	2.58092e-08
1.7302	3.06586e-08
1.7303	2.5063e-08
1.7304	2.93436e-08
1.7305	2.40154e-08
1.7306	2.98743e-08
1.7307	3.84373e-08
1.7308	2.87763e-08
1.7309	2.76309e-08
1.731	3.63222e-08
1.7311	4.87047e-08
1.7312	3.33827e-08
1.7313	2.59074e-08
1.7314	3.95052e-08
1.7315	2.959e-08
1.7316	3.29055e-08
1.7317	2.69787e-08
1.7318	3.05368e-08
1.7319	2.84022e-08
1.732	2.59142e-08
1.7321	2.84793e-08
1.7322	2.83539e-08
1.7323	3.87229e-08
1.7324	2.07534e-08
1.7325	2.59088e-08
1.7326	3.48412e-08
1.7327	2.77118e-08
1.7328	2.21826e-08
1.7329	2.97596e-08
1.733	2.67996e-08
1.7331	3.4105e-08
1.7332	2.57335e-08
1.7333	4.0592e-08
1.7334	4.06239e-08
1.7335	3.79984e-08
1.7336	3.49508e-08
1.7337	3.34996e-08
1.7338	2.79471e-08
1.7339	3.46244e-08
1.734	3.91469e-08
1.7341	2.55297e-08
1.7342	2.33993e-08
1.7343	3.3969e-08
1.7344	4.03252e-08
1.7345	2.92157e-08
1.7346	3.29767e-08
1.7347	2.89806e-08
1.7348	3.14452e-08
1.7349	3.53745e-08
1.735	3.57786e-08
1.7351	3.43107e-08
1.7352	3.41466e-08
1.7353	3.77972e-08
1.7354	4.10606e-08
1.7355	3.17964e-08
1.7356	3.00959e-08
1.7357	2.63518e-08
1.7358	4.58599e-08
1.7359	3.86732e-08
1.736	3.11251e-08
1.7361	3.04723e-08
1.7362	3.19178e-08
1.7363	2.81935e-08
1.7364	3.52392e-08
1.7365	3.04888e-08
1.7366	3.57214e-08
1.7367	3.03115e-08
1.7368	2.62706e-08
1.7369	3.3111e-08
1.737	3.23765e-08
1.7371	3.72319e-08
1.7372	3.39935e-08
1.7373	2.29298e-08
1.7374	3.39417e-08
1.7375	3.80071e-08
1.7376	3.49284e-08
1.7377	3.4477e-08
1.7378	3.01923e-08
1.7379	2.7983e-08
1.738	3.65432e-08
1.7381	4.06918e-08
1.7382	4.45722e-08
1.7383	2.20979e-08
1.7384	2.69723e-08
1.7385	3.52573e-08
1.7386	2.40379e-08
1.7387	3.45654e-08
1.7388	2.66479e-08
1.7389	2.82377e-08
1.739	3.22076e-08
1.7391	2.74131e-08
1.7392	4.1008e-08
1.7393	3.24057e-08
1.7394	2.59925e-08
1.7395	2.86562e-08
1.7396	2.91841e-08
1.7397	2.79729e-08
1.7398	3.68892e-08
1.7399	3.01682e-08
1.74	2.94229e-08
1.7401	3.03568e-08
1.7402	3.70051e-08
1.7403	2.80447e-08
1.7404	3.83329e-08
1.7405	2.68632e-08
1.7406	2.57494e-08
1.7407	3.06291e-08
1.7408	3.94499e-08
1.7409	3.48523e-08
1.741	3.35149e-08
1.7411	3.54194e-08
1.7412	3.07877e-08
1.7413	3.63577e-08
1.7414	4.78753e-08
1.7415	4.53199e-08
1.7416	2.15753e-08
1.7417	3.47974e-08
1.7418	2.80891e-08
1.7419	2.72934e-08
1.742	3.54553e-08
1.7421	3.40288e-08
1.7422	3.65843e-08
1.7423	3.73468e-08
1.7424	3.61585e-08
1.7425	4.31426e-08
1.7426	3.30968e-08
1.7427	3.69187e-08
1.7428	2.45037e-08
1.7429	3.13565e-08
1.743	3.6037e-08
1.7431	3.12709e-08
1.7432	3.60747e-08
1.7433	4.26214e-08
1.7434	2.09829e-08
1.7435	4.09107e-08
1.7436	2.73718e-08
1.7437	3.34259e-08
1.7438	3.2105e-08
1.7439	3.39859e-08
1.744	2.47055e-08
1.7441	2.57217e-08
1.7442	3.95835e-08
1.7443	3.54858e-08
1.7444	4.49605e-08
1.7445	3.64823e-08
1.7446	3.87876e-08
1.7447	4.57948e-08
1.7448	3.52354e-08
1.7449	3.55245e-08
1.745	3.11302e-08
1.7451	3.09479e-08
1.7452	3.61725e-08
1.7453	3.93141e-08
1.7454	3.24574e-08
1.7455	2.62663e-08
1.7456	3.26565e-08
1.7457	3.75962e-08
1.7458	3.68325e-08
1.7459	2.73382e-08
1.746	2.91913e-08
1.7461	3.44224e-08
1.7462	2.32793e-08
1.7463	2.77071e-08
1.7464	2.31662e-08
1.7465	2.93822e-08
1.7466	3.22473e-08
1.7467	3.9374e-08
1.7468	3.53114e-08
1.7469	4.14243e-08
1.747	2.94021e-08
1.7471	3.15001e-08
1.7472	3.32137e-08
1.7473	2.5765e-08
1.7474	3.25613e-08
1.7475	3.74625e-08
1.7476	2.64846e-08
1.7477	2.31165e-08
1.7478	3.60884e-08
1.7479	3.1548e-08
1.748	3.20994e-08
1.7481	2.30877e-08
1.7482	2.57824e-08
1.7483	3.31761e-08
1.7484	3.41843e-08
1.7485	2.35213e-08
1.7486	2.59865e-08
1.7487	3.36588e-08
1.7488	3.33865e-08
1.7489	2.4441e-08
1.749	3.11807e-08
1.7491	3.17631e-08
1.7492	4.2387e-08
1.7493	2.84647e-08
1.7494	2.82854e-08
1.7495	3.20544e-08
1.7496	2.43933e-08
1.7497	3.15604e-08
1.7498	3.32439e-08
1.7499	3.2244e-08
1.75	4.04459e-08
1.7501	3.68912e-08
1.7502	2.93943e-08
1.7503	2.26385e-08
1.7504	1.9713e-08
1.7505	2.81527e-08
1.7506	2.23808e-08
1.7507	2.48275e-08
1.7508	1.99642e-08
1.7509	3.4625e-08
1.751	2.92411e-08
1.7511	2.58729e-08
1.7512	2.51988e-08
1.7513	3.50151e-08
1.7514	3.89441e-08
1.7515	4.83148e-08
1.7516	2.11861e-08
1.7517	2.74118e-08
1.7518	3.14491e-08
1.7519	2.30235e-08
1.752	3.00042e-08
1.7521	3.88793e-08
1.7522	2.96497e-08
1.7523	2.94519e-08
1.7524	3.28633e-08
1.7525	3.14721e-08
1.7526	2.67739e-08
1.7527	3.94776e-08
1.7528	2.76654e-08
1.7529	2.62939e-08
1.753	2.06652e-08
1.7531	3.13498e-08
1.7532	3.08968e-08
1.7533	2.59563e-08
1.7534	3.10255e-08
1.7535	3.32692e-08
1.7536	3.86487e-08
1.7537	2.94717e-08
1.7538	2.40049e-08
1.7539	2.66595e-08
1.754	2.7937e-08
1.7541	3.07482e-08
1.7542	3.55941e-08
1.7543	2.75159e-08
1.7544	2.84432e-08
1.7545	3.30531e-08
1.7546	4.28523e-08
1.7547	2.9528e-08
1.7548	3.67857e-08
1.7549	2.74048e-08
1.755	2.76332e-08
1.7551	2.63169e-08
1.7552	3.92369e-08
1.7553	3.1695e-08
1.7554	3.20137e-08
1.7555	2.08074e-08
1.7556	3.01745e-08
1.7557	2.26213e-08
1.7558	3.44706e-08
1.7559	3.4212e-08
1.756	4.53571e-08
1.7561	3.26519e-08
1.7562	2.73156e-08
1.7563	3.1563e-08
1.7564	3.21902e-08
1.7565	3.44415e-08
1.7566	2.77005e-08
1.7567	2.33403e-08
1.7568	2.82384e-08
1.7569	2.72413e-08
1.757	2.56749e-08
1.7571	3.8987e-08
1.7572	4.07404e-08
1.7573	3.76867e-08
1.7574	3.71981e-08
1.7575	4.20184e-08
1.7576	3.63209e-08
1.7577	3.34329e-08
1.7578	2.39991e-08
1.7579	3.68095e-08
1.758	2.68918e-08
1.7581	3.46465e-08
1.7582	3.72677e-08
1.7583	3.34944e-08
1.7584	3.02325e-08
1.7585	2.94879e-08
1.7586	2.70097e-08
1.7587	3.48354e-08
1.7588	2.97085e-08
1.7589	2.84863e-08
1.759	3.77302e-08
1.7591	2.66182e-08
1.7592	2.62654e-08
1.7593	2.33818e-08
1.7594	3.0499e-08
1.7595	3.21587e-08
1.7596	3.91025e-08
1.7597	3.29448e-08
1.7598	4.19859e-08
1.7599	3.93565e-08
1.76	4.31288e-08
1.7601	2.77404e-08
1.7602	3.91566e-08
1.7603	4.16791e-08
1.7604	3.11001e-08
1.7605	4.21817e-08
1.7606	2.78359e-08
1.7607	3.4783e-08
1.7608	2.71107e-08
1.7609	2.92342e-08
1.761	3.37003e-08
1.7611	3.46974e-08
1.7612	3.21653e-08
1.7613	2.26959e-08
1.7614	1.96391e-08
1.7615	2.17999e-08
1.7616	3.35367e-08
1.7617	3.90414e-08
1.7618	2.82944e-08
1.7619	2.81356e-08
1.762	3.56153e-08
1.7621	4.50432e-08
1.7622	4.33973e-08
1.7623	3.32817e-08
1.7624	3.68007e-08
1.7625	3.6942e-08
1.7626	3.85903e-08
1.7627	3.54364e-08
1.7628	3.18163e-08
1.7629	2.59049e-08
1.763	4.09225e-08
1.7631	3.66808e-08
1.7632	3.44457e-08
1.7633	2.46377e-08
1.7634	2.08514e-08
1.7635	2.7701e-08
1.7636	2.87883e-08
1.7637	2.8025e-08
1.7638	2.88538e-08
1.7639	2.59201e-08
1.764	2.73948e-08
1.7641	3.73245e-08
1.7642	4.14892e-08
1.7643	3.66852e-08
1.7644	3.80826e-08
1.7645	4.35381e-08
1.7646	3.89828e-08
1.7647	3.9616e-08
1.7648	2.51923e-08
1.7649	3.47928e-08
1.765	3.40927e-08
1.7651	3.36616e-08
1.7652	3.0284e-08
1.7653	3.11811e-08
1.7654	2.76027e-08
1.7655	2.80675e-08
1.7656	2.84432e-08
1.7657	2.41596e-08
1.7658	3.07783e-08
1.7659	2.71492e-08
1.766	1.8146e-08
1.7661	2.2693e-08
1.7662	3.07876e-08
1.7663	2.40324e-08
1.7664	3.86086e-08
1.7665	3.46866e-08
1.7666	3.00457e-08
1.7667	5.7117e-08
1.7668	5.83586e-08
1.7669	3.33914e-08
1.767	2.88714e-08
1.7671	3.83681e-08
1.7672	4.42885e-08
1.7673	2.86121e-08
1.7674	2.41488e-08
1.7675	2.89598e-08
1.7676	2.53677e-08
1.7677	2.94994e-08
1.7678	2.83609e-08
1.7679	3.5607e-08
1.768	3.41821e-08
1.7681	2.72678e-08
1.7682	3.1613e-08
1.7683	2.51294e-08
1.7684	2.37778e-08
1.7685	2.73721e-08
1.7686	3.29092e-08
1.7687	2.63906e-08
1.7688	4.11724e-08
1.7689	3.9509e-08
1.769	3.66006e-08
1.7691	2.48991e-08
1.7692	3.79468e-08
1.7693	3.84472e-08
1.7694	3.9429e-08
1.7695	2.70217e-08
1.7696	3.77545e-08
1.7697	3.55625e-08
1.7698	3.33075e-08
1.7699	2.38247e-08
1.77	3.08069e-08
1.7701	3.27393e-08
1.7702	3.40403e-08
1.7703	2.32373e-08
1.7704	3.83411e-08
1.7705	3.451e-08
1.7706	3.86959e-08
1.7707	3.77499e-08
1.7708	3.18527e-08
1.7709	3.41589e-08
1.771	3.65016e-08
1.7711	3.34179e-08
1.7712	3.00567e-08
1.7713	3.62058e-08
1.7714	3.34335e-08
1.7715	4.13984e-08
1.7716	3.77913e-08
1.7717	3.16037e-08
1.7718	2.86686e-08
1.7719	2.46029e-08
1.772	2.58865e-08
1.7721	3.33254e-08
1.7722	3.60084e-08
1.7723	3.75876e-08
1.7724	3.62376e-08
1.7725	2.9895e-08
1.7726	3.26838e-08
1.7727	2.99883e-08
1.7728	2.90272e-08
1.7729	3.46983e-08
1.773	2.35142e-08
1.7731	3.05816e-08
1.7732	4.48768e-08
1.7733	3.2087e-08
1.7734	3.77008e-08
1.7735	3.14937e-08
1.7736	3.06969e-08
1.7737	3.68826e-08
1.7738	4.3803e-08
1.7739	3.64747e-08
1.774	2.38504e-08
1.7741	2.64761e-08
1.7742	3.91145e-08
1.7743	2.84848e-08
1.7744	3.50332e-08
1.7745	3.51534e-08
1.7746	2.83917e-08
1.7747	3.36079e-08
1.7748	2.99712e-08
1.7749	2.66798e-08
1.775	2.93907e-08
1.7751	2.61848e-08
1.7752	3.0977e-08
1.7753	3.50773e-08
1.7754	2.70917e-08
1.7755	2.78749e-08
1.7756	2.73295e-08
1.7757	3.11806e-08
1.7758	3.96072e-08
1.7759	3.20664e-08
1.776	2.4255e-08
1.7761	4.03617e-08
1.7762	2.11304e-08
1.7763	2.85467e-08
1.7764	2.85588e-08
1.7765	4.27576e-08
1.7766	3.138e-08
1.7767	2.8705e-08
1.7768	3.57793e-08
1.7769	2.87233e-08
1.777	3.4889e-08
1.7771	3.86993e-08
1.7772	3.27232e-08
1.7773	3.02712e-08
1.7774	2.78352e-08
1.7775	2.40077e-08
1.7776	3.06027e-08
1.7777	3.87636e-08
1.7778	3.552e-08
1.7779	3.57752e-08
1.778	4.21638e-08
1.7781	3.53126e-08
1.7782	4.69452e-08
1.7783	4.38256e-08
1.7784	3.70821e-08
1.7785	2.63633e-08
1.7786	2.84783e-08
1.7787	3.11726e-08
1.7788	3.91471e-08
1.7789	4.27674e-08
1.779	3.52031e-08
1.7791	3.41795e-08
1.7792	3.42378e-08
1.7793	4.0306e-08
1.7794	2.56283e-08
1.7795	3.39167e-08
1.7796	2.81261e-08
1.7797	3.52985e-08
1.7798	3.2055e-08
1.7799	4.31209e-08
1.78	4.98714e-08
1.7801	3.66774e-08
1.7802	4.20013e-08
1.7803	3.81344e-08
1.7804	4.13851e-08
1.7805	3.78878e-08
1.7806	2.54492e-08
1.7807	3.39398e-08
1.7808	3.71173e-08
1.7809	2.85634e-08
1.781	3.6342e-08
1.7811	2.96472e-08
1.7812	3.35562e-08
1.7813	3.12752e-08
1.7814	3.08223e-08
1.7815	3.40249e-08
1.7816	2.49384e-08
1.7817	2.78782e-08
1.7818	3.12069e-08
1.7819	2.33426e-08
1.782	2.17203e-08
1.7821	2.89568e-08
1.7822	2.90233e-08
1.7823	3.18128e-08
1.7824	3.15529e-08
1.7825	3.43937e-08
1.7826	3.98639e-08
1.7827	3.85696e-08
1.7828	2.72752e-08
1.7829	2.51173e-08
1.783	2.9995e-08
1.7831	3.54762e-08
1.7832	3.12787e-08
1.7833	3.32914e-08
1.7834	2.8651e-08
1.7835	2.8351e-08
1.7836	4.0486e-08
1.7837	2.37449e-08
1.7838	3.17878e-08
1.7839	3.24722e-08
1.784	2.7628e-08
1.7841	2.34716e-08
1.7842	2.41517e-08
1.7843	2.56548e-08
1.7844	3.3964e-08
1.7845	3.56041e-08
1.7846	2.65523e-08
1.7847	2.41313e-08
1.7848	3.42455e-08
1.7849	4.13256e-08
1.785	3.00767e-08
1.7851	2.19563e-08
1.7852	2.702e-08
1.7853	3.10873e-08
1.7854	2.94952e-08
1.7855	3.76804e-08
1.7856	4.00183e-08
1.7857	3.9544e-08
1.7858	3.10117e-08
1.7859	2.26106e-08
1.786	2.26911e-08
1.7861	2.21668e-08
1.7862	2.93988e-08
1.7863	2.23155e-08
1.7864	2.44414e-08
1.7865	2.29215e-08
1.7866	2.98183e-08
1.7867	3.73769e-08
1.7868	2.40743e-08
1.7869	2.97243e-08
1.787	3.24795e-08
1.7871	4.05508e-08
1.7872	4.08131e-08
1.7873	2.66033e-08
1.7874	2.26543e-08
1.7875	3.32791e-08
1.7876	2.71999e-08
1.7877	2.68087e-08
1.7878	3.40778e-08
1.7879	2.74111e-08
1.788	3.78559e-08
1.7881	3.41523e-08
1.7882	3.36941e-08
1.7883	3.82921e-08
1.7884	3.45706e-08
1.7885	2.27001e-08
1.7886	2.9733e-08
1.7887	2.32771e-08
1.7888	3.23401e-08
1.7889	3.19521e-08
1.789	2.17229e-08
1.7891	2.68603e-08
1.7892	3.33842e-08
1.7893	3.28284e-08
1.7894	3.18256e-08
1.7895	2.40031e-08
1.7896	2.85697e-08
1.7897	3.20238e-08
1.7898	2.76074e-08
1.7899	2.95394e-08
1.79	2.34946e-08
1.7901	2.96489e-08
1.7902	3.08949e-08
1.7903	4.30461e-08
1.7904	3.93479e-08
1.7905	3.09474e-08
1.7906	3.0852e-08
1.7907	2.76489e-08
1.7908	2.88984e-08
1.7909	3.66197e-08
1.791	3.39793e-08
1.7911	3.21754e-08
1.7912	2.58717e-08
1.7913	2.77798e-08
1.7914	3.17102e-08
1.7915	3.74195e-08
1.7916	3.01728e-08
1.7917	3.6955e-08
1.7918	3.40287e-08
1.7919	3.55016e-08
1.792	3.89824e-08
1.7921	2.53211e-08
1.7922	2.99039e-08
1.7923	2.86778e-08
1.7924	3.33788e-08
1.7925	2.32383e-08
1.7926	2.81689e-08
1.7927	4.27537e-08
1.7928	3.42851e-08
1.7929	3.72294e-08
1.793	3.91535e-08
1.7931	3.94788e-08
1.7932	3.76261e-08
1.7933	2.77405e-08
1.7934	3.75167e-08
1.7935	3.64201e-08
1.7936	3.18061e-08
1.7937	2.8447e-08
1.7938	3.35626e-08
1.7939	3.5498e-08
1.794	3.49538e-08
1.7941	3.99902e-08
1.7942	2.45604e-08
1.7943	2.19396e-08
1.7944	2.71202e-08
1.7945	3.50055e-08
1.7946	3.29995e-08
1.7947	2.71377e-08
1.7948	2.68056e-08
1.7949	2.06869e-08
1.795	2.38928e-08
1.7951	3.2955e-08
1.7952	3.08543e-08
1.7953	3.4658e-08
1.7954	3.18388e-08
1.7955	4.20822e-08
1.7956	3.90531e-08
1.7957	3.35045e-08
1.7958	2.58076e-08
1.7959	4.06936e-08
1.796	5.1481e-08
1.7961	4.73937e-08
1.7962	3.40201e-08
1.7963	2.74391e-08
1.7964	3.24039e-08
1.7965	3.16708e-08
1.7966	3.48889e-08
1.7967	3.91986e-08
1.7968	3.07619e-08
1.7969	2.86414e-08
1.797	2.26965e-08
1.7971	2.24675e-08
1.7972	2.71909e-08
1.7973	3.4705e-08
1.7974	2.67852e-08
1.7975	3.0754e-08
1.7976	2.82097e-08
1.7977	4.34585e-08
1.7978	3.45807e-08
1.7979	4.52416e-08
1.798	2.663e-08
1.7981	3.82349e-08
1.7982	3.45087e-08
1.7983	4.2464e-08
1.7984	4.33012e-08
1.7985	3.33124e-08
1.7986	3.03232e-08
1.7987	3.25257e-08
1.7988	3.37865e-08
1.7989	2.5817e-08
1.799	2.12039e-08
1.7991	1.96177e-08
1.7992	2.67095e-08
1.7993	3.51654e-08
1.7994	3.22457e-08
1.7995	2.1096e-08
1.7996	2.66918e-08
1.7997	3.76218e-08
1.7998	4.30372e-08
1.7999	3.83581e-08
1.8	3.33978e-08
1.8001	3.26531e-08
1.8002	3.95777e-08
1.8003	4.54196e-08
1.8004	3.01889e-08
1.8005	2.90995e-08
1.8006	3.31842e-08
1.8007	2.82206e-08
1.8008	3.72469e-08
1.8009	2.81862e-08
1.801	3.23707e-08
1.8011	2.81847e-08
1.8012	2.33121e-08
1.8013	2.73001e-08
1.8014	2.90284e-08
1.8015	3.23319e-08
1.8016	2.59406e-08
1.8017	2.02178e-08
1.8018	2.97001e-08
1.8019	2.33749e-08
1.802	3.13893e-08
1.8021	3.62022e-08
1.8022	2.82276e-08
1.8023	3.59534e-08
1.8024	4.39588e-08
1.8025	3.55523e-08
1.8026	3.4829e-08
1.8027	3.66001e-08
1.8028	2.91736e-08
1.8029	3.36398e-08
1.803	2.87727e-08
1.8031	3.46247e-08
1.8032	2.41836e-08
1.8033	2.28688e-08
1.8034	3.03165e-08
1.8035	3.13864e-08
1.8036	4.41942e-08
1.8037	2.42272e-08
1.8038	2.72448e-08
1.8039	3.2162e-08
1.804	1.97727e-08
1.8041	3.00603e-08
1.8042	3.27125e-08
1.8043	2.91545e-08
1.8044	3.95612e-08
1.8045	2.30633e-08
1.8046	3.29993e-08
1.8047	3.00208e-08
1.8048	4.45573e-08
1.8049	3.92961e-08
1.805	2.94577e-08
1.8051	3.73651e-08
1.8052	4.29083e-08
1.8053	3.07913e-08
1.8054	2.8157e-08
1.8055	2.95423e-08
1.8056	2.5426e-08
1.8057	3.25744e-08
1.8058	3.21134e-08
1.8059	2.98302e-08
1.806	2.45303e-08
1.8061	3.25328e-08
1.8062	3.78666e-08
1.8063	3.4942e-08
1.8064	3.18462e-08
1.8065	3.25961e-08
1.8066	3.43244e-08
1.8067	4.1183e-08
1.8068	2.63679e-08
1.8069	3.58703e-08
1.807	3.35579e-08
1.8071	3.5117e-08
1.8072	3.22294e-08
1.8073	3.79445e-08
1.8074	2.93913e-08
1.8075	2.6895e-08
1.8076	3.4228e-08
1.8077	2.52965e-08
1.8078	2.86962e-08
1.8079	4.49902e-08
1.808	3.7588e-08
1.8081	2.90066e-08
1.8082	3.69832e-08
1.8083	4.09206e-08
1.8084	3.68877e-08
1.8085	2.82018e-08
1.8086	2.66935e-08
1.8087	2.72963e-08
1.8088	2.78481e-08
1.8089	3.9615e-08
1.809	4.01709e-08
1.8091	3.38449e-08
1.8092	4.09256e-08
1.8093	3.33362e-08
1.8094	3.64523e-08
1.8095	4.89329e-08
1.8096	3.83367e-08
1.8097	2.93621e-08
1.8098	3.55066e-08
1.8099	3.71796e-08
1.81	3.26194e-08
1.8101	3.83143e-08
1.8102	3.14836e-08
1.8103	3.67159e-08
1.8104	3.19924e-08
1.8105	3.23356e-08
1.8106	3.7035e-08
1.8107	3.57214e-08
1.8108	3.43366e-08
1.8109	3.22382e-08
1.811	2.89799e-08
1.8111	2.57127e-08
1.8112	3.34962e-08
1.8113	3.78426e-08
1.8114	3.01564e-08
1.8115	4.17875e-08
1.8116	2.99002e-08
1.8117	3.53497e-08
1.8118	3.31806e-08
1.8119	2.83124e-08
1.812	3.46899e-08
1.8121	3.70488e-08
1.8122	3.87477e-08
1.8123	3.7399e-08
1.8124	3.58129e-08
1.8125	3.93042e-08
1.8126	3.43485e-08
1.8127	3.09056e-08
1.8128	4.15207e-08
1.8129	2.34853e-08
1.813	3.93369e-08
1.8131	3.93281e-08
1.8132	2.22669e-08
1.8133	2.64401e-08
1.8134	3.35471e-08
1.8135	4.3519e-08
1.8136	3.81127e-08
1.8137	4.04372e-08
1.8138	3.57528e-08
1.8139	3.60969e-08
1.814	3.88618e-08
1.8141	3.01413e-08
1.8142	2.62809e-08
1.8143	2.74971e-08
1.8144	3.51637e-08
1.8145	3.01888e-08
1.8146	3.8284e-08
1.8147	2.60299e-08
1.8148	3.4085e-08
1.8149	2.85737e-08
1.815	4.31368e-08
1.8151	2.77984e-08
1.8152	2.89949e-08
1.8153	2.41227e-08
1.8154	2.44894e-08
1.8155	3.5886e-08
1.8156	4.61309e-08
1.8157	4.24472e-08
1.8158	3.46287e-08
1.8159	3.34193e-08
1.816	4.32258e-08
1.8161	3.39557e-08
1.8162	3.62345e-08
1.8163	3.10808e-08
1.8164	2.42368e-08
1.8165	3.91314e-08
1.8166	3.49294e-08
1.8167	4.41761e-08
1.8168	3.09817e-08
1.8169	3.3575e-08
1.817	4.35466e-08
1.8171	3.62294e-08
1.8172	2.80401e-08
1.8173	2.49255e-08
1.8174	2.82375e-08
1.8175	3.38069e-08
1.8176	2.29593e-08
1.8177	2.32766e-08
1.8178	3.40422e-08
1.8179	3.17532e-08
1.818	2.75747e-08
1.8181	3.16095e-08
1.8182	4.11121e-08
1.8183	3.94896e-08
1.8184	4.5205e-08
1.8185	2.70645e-08
1.8186	3.18798e-08
1.8187	2.82458e-08
1.8188	2.93321e-08
1.8189	2.84074e-08
1.819	2.81061e-08
1.8191	2.9978e-08
1.8192	2.49901e-08
1.8193	3.73183e-08
1.8194	2.6732e-08
1.8195	2.97703e-08
1.8196	3.57899e-08
1.8197	3.44362e-08
1.8198	2.92624e-08
1.8199	2.27182e-08
1.82	2.73478e-08
1.8201	2.76225e-08
1.8202	3.66047e-08
1.8203	3.79141e-08
1.8204	2.82254e-08
1.8205	4.06859e-08
1.8206	3.79653e-08
1.8207	3.39415e-08
1.8208	2.79964e-08
1.8209	2.9162e-08
1.821	3.00138e-08
1.8211	3.1689e-08
1.8212	3.09811e-08
1.8213	3.61584e-08
1.8214	3.16738e-08
1.8215	2.92078e-08
1.8216	1.83364e-08
1.8217	2.67773e-08
1.8218	2.99187e-08
1.8219	2.82433e-08
1.822	2.80184e-08
1.8221	2.3058e-08
1.8222	2.35281e-08
1.8223	3.0914e-08
1.8224	3.19383e-08
1.8225	2.38511e-08
1.8226	3.10001e-08
1.8227	3.15811e-08
1.8228	3.56863e-08
1.8229	3.08115e-08
1.823	2.62295e-08
1.8231	3.28736e-08
1.8232	2.8228e-08
1.8233	3.18585e-08
1.8234	3.21253e-08
1.8235	3.17655e-08
1.8236	3.25232e-08
1.8237	3.21296e-08
1.8238	3.38761e-08
1.8239	3.43047e-08
1.824	3.1841e-08
1.8241	2.98815e-08
1.8242	3.08457e-08
1.8243	2.1055e-08
1.8244	2.3499e-08
1.8245	2.5619e-08
1.8246	3.27354e-08
1.8247	2.53469e-08
1.8248	2.91593e-08
1.8249	2.71477e-08
1.825	4.00351e-08
1.8251	3.38828e-08
1.8252	3.46682e-08
1.8253	3.45606e-08
1.8254	3.56456e-08
1.8255	2.86451e-08
1.8256	3.2497e-08
1.8257	2.50898e-08
1.8258	2.52513e-08
1.8259	4.21147e-08
1.826	2.81292e-08
1.8261	3.46712e-08
1.8262	3.31893e-08
1.8263	3.07258e-08
1.8264	2.84183e-08
1.8265	4.2215e-08
1.8266	2.59808e-08
1.8267	4.27339e-08
1.8268	2.45614e-08
1.8269	2.94102e-08
1.827	2.86071e-08
1.8271	3.52796e-08
1.8272	3.79936e-08
1.8273	3.85533e-08
1.8274	2.94059e-08
1.8275	3.31104e-08
1.8276	3.34146e-08
1.8277	3.29296e-08
1.8278	3.23881e-08
1.8279	3.1751e-08
1.828	2.70211e-08
1.8281	2.71698e-08
1.8282	2.89935e-08
1.8283	2.50049e-08
1.8284	3.60311e-08
1.8285	3.91808e-08
1.8286	4.04549e-08
1.8287	3.91785e-08
1.8288	4.32026e-08
1.8289	3.1581e-08
1.829	2.73879e-08
1.8291	3.63442e-08
1.8292	3.88848e-08
1.8293	3.03849e-08
1.8294	4.03632e-08
1.8295	3.60592e-08
1.8296	2.86113e-08
1.8297	3.06172e-08
1.8298	3.21099e-08
1.8299	2.40142e-08
1.83	2.95345e-08
1.8301	3.0198e-08
1.8302	3.03058e-08
1.8303	3.60332e-08
1.8304	2.89655e-08
1.8305	2.32541e-08
1.8306	2.34519e-08
1.8307	2.958e-08
1.8308	3.89907e-08
1.8309	3.24149e-08
1.831	3.38107e-08
1.8311	3.42487e-08
1.8312	4.97755e-08
1.8313	4.20286e-08
1.8314	3.40869e-08
1.8315	3.58808e-08
1.8316	3.23679e-08
1.8317	3.67823e-08
1.8318	4.34433e-08
1.8319	2.52676e-08
1.832	3.1541e-08
1.8321	2.85823e-08
1.8322	2.82872e-08
1.8323	3.78231e-08
1.8324	3.31324e-08
1.8325	3.3216e-08
1.8326	2.13154e-08
1.8327	2.03176e-08
1.8328	2.46083e-08
1.8329	2.93636e-08
1.833	4.3558e-08
1.8331	3.12201e-08
1.8332	2.80622e-08
1.8333	3.79037e-08
1.8334	3.52836e-08
1.8335	4.01459e-08
1.8336	2.77771e-08
1.8337	2.95252e-08
1.8338	4.23699e-08
1.8339	4.07846e-08
1.834	3.2858e-08
1.8341	3.81912e-08
1.8342	2.23251e-08
1.8343	2.97446e-08
1.8344	3.69355e-08
1.8345	3.02819e-08
1.8346	3.10596e-08
1.8347	2.41848e-08
1.8348	2.7073e-08
1.8349	3.01924e-08
1.835	2.76721e-08
1.8351	3.26348e-08
1.8352	2.35193e-08
1.8353	2.6045e-08
1.8354	3.57162e-08
1.8355	4.3171e-08
1.8356	4.23325e-08
1.8357	3.16636e-08
1.8358	4.68452e-08
1.8359	3.42366e-08
1.836	3.45667e-08
1.8361	3.27807e-08
1.8362	3.25549e-08
1.8363	3.13334e-08
1.8364	3.38995e-08
1.8365	3.49714e-08
1.8366	3.30581e-08
1.8367	3.18475e-08
1.8368	2.59635e-08
1.8369	2.78302e-08
1.837	3.05481e-08
1.8371	3.11317e-08
1.8372	3.06479e-08
1.8373	1.9439e-08
1.8374	1.86523e-08
1.8375	3.27836e-08
1.8376	3.00538e-08
1.8377	3.33939e-08
1.8378	3.70731e-08
1.8379	3.3233e-08
1.838	4.39205e-08
1.8381	4.06976e-08
1.8382	4.45951e-08
1.8383	3.24178e-08
1.8384	3.35332e-08
1.8385	3.67686e-08
1.8386	3.50133e-08
1.8387	3.15043e-08
1.8388	2.8957e-08
1.8389	2.95708e-08
1.839	2.8123e-08
1.8391	2.8621e-08
1.8392	3.58567e-08
1.8393	3.68568e-08
1.8394	2.97159e-08
1.8395	2.74357e-08
1.8396	2.63197e-08
1.8397	2.12847e-08
1.8398	2.52428e-08
1.8399	3.3807e-08
1.84	3.05919e-08
1.8401	4.42842e-08
1.8402	4.03203e-08
1.8403	3.50534e-08
1.8404	3.8338e-08
1.8405	3.91282e-08
1.8406	2.81742e-08
1.8407	3.16268e-08
1.8408	3.63792e-08
1.8409	4.4393e-08
1.841	3.68539e-08
1.8411	3.51566e-08
1.8412	2.44564e-08
1.8413	3.06578e-08
1.8414	3.57786e-08
1.8415	3.06105e-08
1.8416	2.73332e-08
1.8417	2.83067e-08
1.8418	3.91443e-08
1.8419	3.60913e-08
1.842	3.12634e-08
1.8421	2.70063e-08
1.8422	3.27121e-08
1.8423	4.20068e-08
1.8424	3.51044e-08
1.8425	2.76727e-08
1.8426	3.15786e-08
1.8427	2.80278e-08
1.8428	3.14065e-08
1.8429	3.91898e-08
1.843	2.95993e-08
1.8431	2.9279e-08
1.8432	2.57863e-08
1.8433	3.40847e-08
1.8434	3.38344e-08
1.8435	2.72745e-08
1.8436	3.31078e-08
1.8437	3.71245e-08
1.8438	3.48829e-08
1.8439	3.37159e-08
1.844	4.13724e-08
1.8441	3.17194e-08
1.8442	3.39653e-08
1.8443	2.50643e-08
1.8444	3.66786e-08
1.8445	4.1158e-08
1.8446	3.40342e-08
1.8447	3.74395e-08
1.8448	3.07027e-08
1.8449	3.23765e-08
1.845	3.49988e-08
1.8451	3.76564e-08
1.8452	3.91443e-08
1.8453	2.24809e-08
1.8454	2.78964e-08
1.8455	3.37703e-08
1.8456	2.59948e-08
1.8457	3.07984e-08
1.8458	3.47557e-08
1.8459	3.38965e-08
1.846	3.41995e-08
1.8461	3.22745e-08
1.8462	3.10694e-08
1.8463	2.31845e-08
1.8464	2.91206e-08
1.8465	3.39459e-08
1.8466	3.735e-08
1.8467	2.55322e-08
1.8468	2.79914e-08
1.8469	2.86265e-08
1.847	3.57775e-08
1.8471	4.48853e-08
1.8472	3.42081e-08
1.8473	2.36697e-08
1.8474	4.09512e-08
1.8475	2.65559e-08
1.8476	2.66322e-08
1.8477	3.33475e-08
1.8478	3.04853e-08
1.8479	3.3716e-08
1.848	3.59691e-08
1.8481	3.18459e-08
1.8482	2.85308e-08
1.8483	3.63952e-08
1.8484	4.02462e-08
1.8485	3.39015e-08
1.8486	3.23702e-08
1.8487	2.8075e-08
1.8488	2.3361e-08
1.8489	2.54972e-08
1.849	3.54075e-08
1.8491	3.76309e-08
1.8492	3.48859e-08
1.8493	3.74821e-08
1.8494	4.51054e-08
1.8495	3.6209e-08
1.8496	4.52405e-08
1.8497	3.42622e-08
1.8498	2.33791e-08
1.8499	3.31312e-08
1.85	2.74177e-08
1.8501	3.45369e-08
1.8502	4.05153e-08
1.8503	3.55771e-08
1.8504	2.66594e-08
1.8505	3.09518e-08
1.8506	4.11612e-08
1.8507	2.87124e-08
1.8508	3.16865e-08
1.8509	2.73291e-08
1.851	3.5393e-08
1.8511	3.01647e-08
1.8512	3.50805e-08
1.8513	4.28755e-08
1.8514	4.25575e-08
1.8515	3.5478e-08
1.8516	3.5175e-08
1.8517	3.57495e-08
1.8518	3.16069e-08
1.8519	2.88772e-08
1.852	3.75758e-08
1.8521	3.46986e-08
1.8522	2.53292e-08
1.8523	3.41781e-08
1.8524	3.18202e-08
1.8525	2.84431e-08
1.8526	3.16987e-08
1.8527	2.95956e-08
1.8528	4.01049e-08
1.8529	2.3398e-08
1.853	3.23458e-08
1.8531	2.85515e-08
1.8532	3.05802e-08
1.8533	2.30293e-08
1.8534	2.50156e-08
1.8535	2.25846e-08
1.8536	2.85938e-08
1.8537	3.77292e-08
1.8538	3.81954e-08
1.8539	4.1538e-08
1.854	3.82936e-08
1.8541	3.58943e-08
1.8542	2.39888e-08
1.8543	2.32796e-08
1.8544	3.26146e-08
1.8545	2.8484e-08
1.8546	2.98985e-08
1.8547	2.74353e-08
1.8548	2.73649e-08
1.8549	3.68787e-08
1.855	3.25695e-08
1.8551	2.81676e-08
1.8552	2.64303e-08
1.8553	3.5824e-08
1.8554	3.20629e-08
1.8555	2.87149e-08
1.8556	2.46134e-08
1.8557	3.08591e-08
1.8558	2.99497e-08
1.8559	2.93885e-08
1.856	3.50122e-08
1.8561	3.80163e-08
1.8562	3.30747e-08
1.8563	3.18995e-08
1.8564	2.6091e-08
1.8565	2.71234e-08
1.8566	3.43603e-08
1.8567	2.96142e-08
1.8568	3.37802e-08
1.8569	4.09726e-08
1.857	3.12342e-08
1.8571	2.9326e-08
1.8572	2.77307e-08
1.8573	2.09837e-08
1.8574	2.57054e-08
1.8575	2.72549e-08
1.8576	2.9478e-08
1.8577	2.72871e-08
1.8578	2.55821e-08
1.8579	3.09053e-08
1.858	3.35985e-08
1.8581	2.36554e-08
1.8582	2.54463e-08
1.8583	3.74758e-08
1.8584	4.73002e-08
1.8585	4.33458e-08
1.8586	2.55151e-08
1.8587	2.40843e-08
1.8588	3.38105e-08
1.8589	2.83023e-08
1.859	2.73716e-08
1.8591	2.90167e-08
1.8592	2.96919e-08
1.8593	3.96267e-08
1.8594	3.12471e-08
1.8595	2.48018e-08
1.8596	2.19416e-08
1.8597	4.20711e-08
1.8598	2.31553e-08
1.8599	2.87706e-08
1.86	2.3987e-08
1.8601	3.36038e-08
1.8602	3.34466e-08
1.8603	2.61532e-08
1.8604	3.74776e-08
1.8605	2.69786e-08
1.8606	4.55426e-08
1.8607	3.6072e-08
1.8608	3.0796e-08
1.8609	3.13238e-08
1.861	2.6506e-08
1.8611	2.77295e-08
1.8612	3.09974e-08
1.8613	2.99211e-08
1.8614	3.02372e-08
1.8615	2.73757e-08
1.8616	3.60315e-08
1.8617	3.28959e-08
1.8618	4.42855e-08
1.8619	3.09101e-08
1.862	3.00347e-08
1.8621	2.54162e-08
1.8622	3.57563e-08
1.8623	2.70622e-08
1.8624	4.32967e-08
1.8625	2.31667e-08
1.8626	2.48153e-08
1.8627	2.975e-08
1.8628	2.75778e-08
1.8629	2.64481e-08
1.863	4.42834e-08
1.8631	3.55324e-08
1.8632	3.68574e-08
1.8633	2.75606e-08
1.8634	2.70357e-08
1.8635	3.5855e-08
1.8636	2.82757e-08
1.8637	2.96966e-08
1.8638	2.36108e-08
1.8639	2.23956e-08
1.864	3.18847e-08
1.8641	3.26184e-08
1.8642	3.03049e-08
1.8643	3.27043e-08
1.8644	4.46308e-08
1.8645	4.20645e-08
1.8646	3.52743e-08
1.8647	4.18454e-08
1.8648	3.98681e-08
1.8649	3.3527e-08
1.865	3.49966e-08
1.8651	3.45389e-08
1.8652	4.21722e-08
1.8653	3.14243e-08
1.8654	3.16319e-08
1.8655	2.64187e-08
1.8656	2.71079e-08
1.8657	2.89804e-08
1.8658	4.08328e-08
1.8659	3.51048e-08
1.866	2.95053e-08
1.8661	3.1062e-08
1.8662	2.24308e-08
1.8663	2.74597e-08
1.8664	3.38618e-08
1.8665	3.03003e-08
1.8666	3.19386e-08
1.8667	3.60234e-08
1.8668	4.5942e-08
1.8669	4.15143e-08
1.867	3.34677e-08
1.8671	2.87095e-08
1.8672	3.41801e-08
1.8673	4.92589e-08
1.8674	3.42242e-08
1.8675	3.22528e-08
1.8676	2.7552e-08
1.8677	3.36273e-08
1.8678	3.2589e-08
1.8679	2.94834e-08
1.868	3.97487e-08
1.8681	3.51247e-08
1.8682	2.47345e-08
1.8683	2.27203e-08
1.8684	3.01699e-08
1.8685	2.38162e-08
1.8686	2.6433e-08
1.8687	3.35782e-08
1.8688	3.64984e-08
1.8689	3.88679e-08
1.869	3.76794e-08
1.8691	3.0428e-08
1.8692	4.06206e-08
1.8693	2.83332e-08
1.8694	4.19862e-08
1.8695	4.21409e-08
1.8696	3.94503e-08
1.8697	4.11871e-08
1.8698	2.85431e-08
1.8699	2.45879e-08
1.87	3.35172e-08
1.8701	3.431e-08
1.8702	3.23304e-08
1.8703	3.10178e-08
1.8704	2.73305e-08
1.8705	2.45598e-08
1.8706	3.07873e-08
1.8707	2.46655e-08
1.8708	2.59887e-08
1.8709	2.86716e-08
1.871	2.73182e-08
1.8711	4.95112e-08
1.8712	3.29639e-08
1.8713	2.72527e-08
1.8714	4.35103e-08
1.8715	3.76488e-08
1.8716	2.88303e-08
1.8717	3.51012e-08
1.8718	3.43694e-08
1.8719	3.09002e-08
1.872	3.40716e-08
1.8721	4.81304e-08
1.8722	3.25649e-08
1.8723	3.06339e-08
1.8724	3.03839e-08
1.8725	3.79535e-08
1.8726	2.31689e-08
1.8727	2.86097e-08
1.8728	2.29237e-08
1.8729	1.85137e-08
1.873	1.96226e-08
1.8731	2.42257e-08
1.8732	2.27663e-08
1.8733	3.56543e-08
1.8734	3.44636e-08
1.8735	2.99503e-08
1.8736	3.44524e-08
1.8737	4.25076e-08
1.8738	4.62133e-08
1.8739	4.10549e-08
1.874	3.42353e-08
1.8741	3.6794e-08
1.8742	3.54315e-08
1.8743	4.24675e-08
1.8744	2.33159e-08
1.8745	2.69607e-08
1.8746	2.7214e-08
1.8747	3.16814e-08
1.8748	2.87948e-08
1.8749	2.87684e-08
1.875	3.31433e-08
1.8751	2.66147e-08
1.8752	2.38766e-08
1.8753	2.42565e-08
1.8754	2.84503e-08
1.8755	2.35178e-08
1.8756	2.90325e-08
1.8757	3.24131e-08
1.8758	3.64481e-08
1.8759	4.01029e-08
1.876	2.7508e-08
1.8761	4.06195e-08
1.8762	2.69783e-08
1.8763	3.5168e-08
1.8764	4.35027e-08
1.8765	3.20224e-08
1.8766	3.33558e-08
1.8767	3.26701e-08
1.8768	2.75787e-08
1.8769	2.73195e-08
1.877	2.85677e-08
1.8771	3.11343e-08
1.8772	3.17732e-08
1.8773	2.90209e-08
1.8774	3.44902e-08
1.8775	3.40479e-08
1.8776	3.56939e-08
1.8777	3.87226e-08
1.8778	3.12153e-08
1.8779	3.9087e-08
1.878	3.4029e-08
1.8781	4.32232e-08
1.8782	2.84655e-08
1.8783	2.90065e-08
1.8784	3.57316e-08
1.8785	3.34529e-08
1.8786	3.30651e-08
1.8787	3.38015e-08
1.8788	2.81271e-08
1.8789	3.7079e-08
1.879	2.11721e-08
1.8791	3.44577e-08
1.8792	3.3614e-08
1.8793	3.56936e-08
1.8794	3.51525e-08
1.8795	3.21614e-08
1.8796	2.71562e-08
1.8797	2.83385e-08
1.8798	3.25803e-08
1.8799	2.65391e-08
1.88	2.24498e-08
1.8801	4.35931e-08
1.8802	4.67695e-08
1.8803	3.79141e-08
1.8804	3.43015e-08
1.8805	2.85174e-08
1.8806	2.92413e-08
1.8807	4.15032e-08
1.8808	4.01301e-08
1.8809	3.03282e-08
1.881	2.64132e-08
1.8811	3.01015e-08
1.8812	3.47159e-08
1.8813	3.11116e-08
1.8814	3.08489e-08
1.8815	3.21979e-08
1.8816	3.27897e-08
1.8817	2.19228e-08
1.8818	3.67938e-08
1.8819	3.28585e-08
1.882	3.07679e-08
1.8821	2.286e-08
1.8822	3.26865e-08
1.8823	3.86073e-08
1.8824	2.83093e-08
1.8825	3.56812e-08
1.8826	3.41118e-08
1.8827	2.92474e-08
1.8828	4.17197e-08
1.8829	3.72695e-08
1.883	2.6024e-08
1.8831	4.28376e-08
1.8832	2.36204e-08
1.8833	3.02919e-08
1.8834	2.95182e-08
1.8835	3.43617e-08
1.8836	3.32601e-08
1.8837	3.35163e-08
1.8838	2.99055e-08
1.8839	2.82219e-08
1.884	3.83351e-08
1.8841	5.20168e-08
1.8842	3.12691e-08
1.8843	2.4724e-08
1.8844	2.82537e-08
1.8845	2.89575e-08
1.8846	3.48555e-08
1.8847	3.23921e-08
1.8848	4.23121e-08
1.8849	3.77879e-08
1.885	3.93778e-08
1.8851	4.0479e-08
1.8852	4.4952e-08
1.8853	4.85568e-08
1.8854	3.57832e-08
1.8855	2.34086e-08
1.8856	2.55933e-08
1.8857	2.76413e-08
1.8858	3.58853e-08
1.8859	3.3429e-08
1.886	3.80871e-08
1.8861	2.91753e-08
1.8862	3.25571e-08
1.8863	4.19458e-08
1.8864	2.47529e-08
1.8865	2.98409e-08
1.8866	3.17571e-08
1.8867	2.76808e-08
1.8868	3.11629e-08
1.8869	3.90997e-08
1.887	4.11701e-08
1.8871	4.16461e-08
1.8872	4.09067e-08
1.8873	3.24276e-08
1.8874	4.387e-08
1.8875	3.7949e-08
1.8876	3.6467e-08
1.8877	2.73492e-08
1.8878	4.18841e-08
1.8879	2.93612e-08
1.888	4.10636e-08
1.8881	3.1166e-08
1.8882	2.81184e-08
1.8883	3.63808e-08
1.8884	2.76026e-08
1.8885	3.46173e-08
1.8886	2.58008e-08
1.8887	3.33542e-08
1.8888	2.41384e-08
1.8889	3.03117e-08
1.889	2.23078e-08
1.8891	2.32834e-08
1.8892	3.06037e-08
1.8893	3.27409e-08
1.8894	3.47912e-08
1.8895	3.92852e-08
1.8896	4.3641e-08
1.8897	3.64195e-08
1.8898	2.75494e-08
1.8899	3.05346e-08
1.89	2.55573e-08
1.8901	3.99705e-08
1.8902	2.79593e-08
1.8903	3.38875e-08
1.8904	2.6505e-08
1.8905	2.98671e-08
1.8906	4.2083e-08
1.8907	2.24485e-08
1.8908	2.49672e-08
1.8909	2.97207e-08
1.891	2.78107e-08
1.8911	2.65187e-08
1.8912	2.6358e-08
1.8913	2.79059e-08
1.8914	3.09839e-08
1.8915	3.49523e-08
1.8916	2.97153e-08
1.8917	2.93396e-08
1.8918	3.57965e-08
1.8919	3.2614e-08
1.892	3.0821e-08
1.8921	2.4983e-08
1.8922	2.64852e-08
1.8923	2.87684e-08
1.8924	3.34676e-08
1.8925	3.47689e-08
1.8926	3.58032e-08
1.8927	4.66768e-08
1.8928	3.80847e-08
1.8929	2.30288e-08
1.893	2.45111e-08
1.8931	2.72924e-08
1.8932	2.2535e-08
1.8933	2.38174e-08
1.8934	2.61043e-08
1.8935	2.34816e-08
1.8936	2.99333e-08
1.8937	3.09216e-08
1.8938	2.37395e-08
1.8939	3.21292e-08
1.894	3.59421e-08
1.8941	4.02542e-08
1.8942	3.86821e-08
1.8943	2.34528e-08
1.8944	2.65685e-08
1.8945	3.0832e-08
1.8946	2.41895e-08
1.8947	3.007e-08
1.8948	4.23568e-08
1.8949	2.63362e-08
1.895	3.40956e-08
1.8951	3.33587e-08
1.8952	2.217e-08
1.8953	2.65229e-08
1.8954	4.40085e-08
1.8955	2.75674e-08
1.8956	2.9087e-08
1.8957	2.61012e-08
1.8958	2.78251e-08
1.8959	3.11691e-08
1.896	2.38676e-08
1.8961	3.04243e-08
1.8962	3.02229e-08
1.8963	5.2712e-08
1.8964	3.78761e-08
1.8965	2.74711e-08
1.8966	2.66361e-08
1.8967	3.10415e-08
1.8968	2.60499e-08
1.8969	3.24379e-08
1.897	2.17432e-08
1.8971	2.96402e-08
1.8972	3.55237e-08
1.8973	3.20109e-08
1.8974	3.5896e-08
1.8975	3.8282e-08
1.8976	2.80347e-08
1.8977	2.39948e-08
1.8978	3.1156e-08
1.8979	4.16403e-08
1.898	3.71738e-08
1.8981	3.71329e-08
1.8982	2.17687e-08
1.8983	2.6649e-08
1.8984	2.88987e-08
1.8985	4.20022e-08
1.8986	3.62509e-08
1.8987	4.56793e-08
1.8988	3.25573e-08
1.8989	2.96973e-08
1.899	3.5597e-08
1.8991	2.43058e-08
1.8992	4.25461e-08
1.8993	2.97647e-08
1.8994	2.87812e-08
1.8995	2.47958e-08
1.8996	2.74582e-08
1.8997	2.91738e-08
1.8998	3.37795e-08
1.8999	3.6988e-08
1.9	4.18008e-08
1.9001	3.61596e-08
1.9002	3.6636e-08
1.9003	3.73839e-08
1.9004	3.71695e-08
1.9005	3.50621e-08
1.9006	2.85333e-08
1.9007	3.12636e-08
1.9008	4.09063e-08
1.9009	4.24847e-08
1.901	3.31655e-08
1.9011	3.13549e-08
1.9012	3.4551e-08
1.9013	2.31167e-08
1.9014	3.26249e-08
1.9015	3.3901e-08
1.9016	3.22299e-08
1.9017	3.21553e-08
1.9018	2.86493e-08
1.9019	2.5935e-08
1.902	2.95805e-08
1.9021	2.84849e-08
1.9022	3.63227e-08
1.9023	3.53962e-08
1.9024	3.06492e-08
1.9025	4.36639e-08
1.9026	3.00355e-08
1.9027	3.98481e-08
1.9028	3.23719e-08
1.9029	4.01645e-08
1.903	4.63942e-08
1.9031	3.40499e-08
1.9032	2.74306e-08
1.9033	2.46157e-08
1.9034	3.62351e-08
1.9035	3.37582e-08
1.9036	2.74045e-08
1.9037	3.22369e-08
1.9038	3.46478e-08
1.9039	3.19577e-08
1.904	2.15236e-08
1.9041	2.24021e-08
1.9042	2.26457e-08
1.9043	3.09668e-08
1.9044	3.66361e-08
1.9045	3.77592e-08
1.9046	2.50417e-08
1.9047	3.68502e-08
1.9048	2.87079e-08
1.9049	2.20789e-08
1.905	4.53784e-08
1.9051	4.05834e-08
1.9052	3.92531e-08
1.9053	3.5314e-08
1.9054	4.47099e-08
1.9055	2.90576e-08
1.9056	2.54176e-08
1.9057	2.92448e-08
1.9058	2.7825e-08
1.9059	3.3145e-08
1.906	2.49551e-08
1.9061	2.7541e-08
1.9062	2.3347e-08
1.9063	1.98959e-08
1.9064	2.31594e-08
1.9065	3.07578e-08
1.9066	2.19565e-08
1.9067	2.64566e-08
1.9068	4.13923e-08
1.9069	4.29308e-08
1.907	2.99222e-08
1.9071	3.90747e-08
1.9072	4.33113e-08
1.9073	3.20837e-08
1.9074	3.72605e-08
1.9075	4.27247e-08
1.9076	3.68913e-08
1.9077	3.16921e-08
1.9078	3.40361e-08
1.9079	2.8175e-08
1.908	3.51307e-08
1.9081	3.08345e-08
1.9082	2.5295e-08
1.9083	2.94812e-08
1.9084	2.85104e-08
1.9085	2.04461e-08
1.9086	2.75624e-08
1.9087	2.83368e-08
1.9088	2.6922e-08
1.9089	2.14792e-08
1.909	3.32242e-08
1.9091	3.42927e-08
1.9092	2.8983e-08
1.9093	3.30801e-08
1.9094	3.81879e-08
1.9095	5.46644e-08
1.9096	3.12446e-08
1.9097	3.25046e-08
1.9098	3.23061e-08
1.9099	2.9427e-08
1.91	3.77006e-08
1.9101	2.22491e-08
1.9102	2.6641e-08
1.9103	2.43033e-08
1.9104	2.62805e-08
1.9105	3.19923e-08
1.9106	2.31079e-08
1.9107	2.75891e-08
1.9108	2.58928e-08
1.9109	2.86403e-08
1.911	2.9788e-08
1.9111	3.12795e-08
1.9112	2.59689e-08
1.9113	2.89049e-08
1.9114	3.33562e-08
1.9115	3.52833e-08
1.9116	3.14905e-08
1.9117	4.18218e-08
1.9118	3.45911e-08
1.9119	3.32737e-08
1.912	4.65099e-08
1.9121	3.54603e-08
1.9122	3.00482e-08
1.9123	3.81361e-08
1.9124	3.33808e-08
1.9125	3.80726e-08
1.9126	2.69251e-08
1.9127	3.20598e-08
1.9128	2.93824e-08
1.9129	3.4913e-08
1.913	3.23443e-08
1.9131	3.4762e-08
1.9132	3.40516e-08
1.9133	3.51238e-08
1.9134	4.37915e-08
1.9135	2.696e-08
1.9136	3.53272e-08
1.9137	3.17478e-08
1.9138	3.04795e-08
1.9139	3.2713e-08
1.914	3.45878e-08
1.9141	3.84444e-08
1.9142	3.85013e-08
1.9143	3.26637e-08
1.9144	3.76643e-08
1.9145	3.21092e-08
1.9146	3.0689e-08
1.9147	2.21963e-08
1.9148	3.06098e-08
1.9149	3.88361e-08
1.915	3.12289e-08
1.9151	2.98492e-08
1.9152	2.85012e-08
1.9153	3.07907e-08
1.9154	3.48777e-08
1.9155	3.45207e-08
1.9156	2.71751e-08
1.9157	2.25227e-08
1.9158	3.4762e-08
1.9159	3.68584e-08
1.916	3.83928e-08
1.9161	3.08601e-08
1.9162	3.23267e-08
1.9163	3.69299e-08
1.9164	4.01742e-08
1.9165	3.41308e-08
1.9166	3.16149e-08
1.9167	2.62948e-08
1.9168	3.37833e-08
1.9169	2.97479e-08
1.917	3.06238e-08
1.9171	2.71662e-08
1.9172	3.18376e-08
1.9173	3.24979e-08
1.9174	2.6086e-08
1.9175	2.62094e-08
1.9176	4.1869e-08
1.9177	3.80892e-08
1.9178	2.56931e-08
1.9179	3.42109e-08
1.918	3.0661e-08
1.9181	2.2768e-08
1.9182	3.50311e-08
1.9183	3.58836e-08
1.9184	2.89854e-08
1.9185	3.2933e-08
1.9186	3.60493e-08
1.9187	2.98477e-08
1.9188	3.245e-08
1.9189	3.08279e-08
1.919	3.2659e-08
1.9191	3.31287e-08
1.9192	3.23995e-08
1.9193	3.49218e-08
1.9194	3.03792e-08
1.9195	4.10424e-08
1.9196	3.5119e-08
1.9197	3.26874e-08
1.9198	4.35929e-08
1.9199	3.97112e-08
1.92	2.26957e-08
1.9201	3.12452e-08
1.9202	2.61443e-08
1.9203	2.23201e-08
1.9204	3.17026e-08
1.9205	4.33512e-08
1.9206	4.6601e-08
1.9207	3.18089e-08
1.9208	3.97205e-08
1.9209	3.49687e-08
1.921	2.74194e-08
1.9211	4.04554e-08
1.9212	2.69872e-08
1.9213	3.03457e-08
1.9214	3.22608e-08
1.9215	3.24392e-08
1.9216	3.72465e-08
1.9217	3.73623e-08
1.9218	3.05973e-08
1.9219	3.55446e-08
1.922	4.25412e-08
1.9221	2.72762e-08
1.9222	2.95922e-08
1.9223	3.17289e-08
1.9224	2.6089e-08
1.9225	3.02701e-08
1.9226	4.08264e-08
1.9227	3.88912e-08
1.9228	3.39918e-08
1.9229	4.28781e-08
1.923	3.46552e-08
1.9231	4.25194e-08
1.9232	3.20839e-08
1.9233	3.52639e-08
1.9234	2.84365e-08
1.9235	2.82788e-08
1.9236	3.58952e-08
1.9237	3.60187e-08
1.9238	3.15103e-08
1.9239	3.40524e-08
1.924	2.73045e-08
1.9241	4.44766e-08
1.9242	3.8681e-08
1.9243	2.89035e-08
1.9244	3.15128e-08
1.9245	2.78121e-08
1.9246	3.21768e-08
1.9247	2.49803e-08
1.9248	2.14866e-08
1.9249	2.96712e-08
1.925	3.15883e-08
1.9251	3.59757e-08
1.9252	3.09268e-08
1.9253	4.19072e-08
1.9254	3.88702e-08
1.9255	3.39479e-08
1.9256	3.40727e-08
1.9257	2.78688e-08
1.9258	3.1161e-08
1.9259	3.35729e-08
1.926	3.19612e-08
1.9261	2.57532e-08
1.9262	3.53595e-08
1.9263	3.67758e-08
1.9264	2.32632e-08
1.9265	2.79838e-08
1.9266	3.00292e-08
1.9267	2.46021e-08
1.9268	3.05908e-08
1.9269	2.49304e-08
1.927	2.57718e-08
1.9271	4.00223e-08
1.9272	4.3027e-08
1.9273	2.80374e-08
1.9274	2.40537e-08
1.9275	2.8958e-08
1.9276	3.981e-08
1.9277	2.9631e-08
1.9278	2.68915e-08
1.9279	3.41213e-08
1.928	2.61907e-08
1.9281	3.5649e-08
1.9282	3.82803e-08
1.9283	4.08402e-08
1.9284	4.29913e-08
1.9285	3.60575e-08
1.9286	2.57434e-08
1.9287	2.44617e-08
1.9288	2.89441e-08
1.9289	2.37373e-08
1.929	2.54622e-08
1.9291	2.26606e-08
1.9292	2.12112e-08
1.9293	3.23514e-08
1.9294	4.01288e-08
1.9295	2.13116e-08
1.9296	2.8256e-08
1.9297	3.05678e-08
1.9298	4.35659e-08
1.9299	4.35705e-08
1.93	2.82697e-08
1.9301	2.61009e-08
1.9302	3.09477e-08
1.9303	2.78676e-08
1.9304	3.52072e-08
1.9305	3.49871e-08
1.9306	2.69104e-08
1.9307	3.46064e-08
1.9308	2.65689e-08
1.9309	3.50009e-08
1.931	3.23405e-08
1.9311	3.82021e-08
1.9312	2.53147e-08
1.9313	2.80668e-08
1.9314	2.46127e-08
1.9315	3.802e-08
1.9316	3.6573e-08
1.9317	2.15874e-08
1.9318	3.50537e-08
1.9319	3.43903e-08
1.932	3.82923e-08
1.9321	3.89783e-08
1.9322	2.72391e-08
1.9323	3.06167e-08
1.9324	2.88889e-08
1.9325	3.04022e-08
1.9326	3.25152e-08
1.9327	2.28283e-08
1.9328	2.4169e-08
1.9329	2.40244e-08
1.933	4.33049e-08
1.9331	2.87705e-08
1.9332	4.12961e-08
1.9333	2.89784e-08
1.9334	2.86931e-08
1.9335	2.53417e-08
1.9336	4.24129e-08
1.9337	2.94714e-08
1.9338	3.56006e-08
1.9339	2.312e-08
1.934	2.79685e-08
1.9341	3.59784e-08
1.9342	3.36056e-08
1.9343	3.83804e-08
1.9344	4.59653e-08
1.9345	2.95448e-08
1.9346	2.3725e-08
1.9347	3.63327e-08
1.9348	3.07693e-08
1.9349	3.67946e-08
1.935	2.6494e-08
1.9351	2.60011e-08
1.9352	2.83768e-08
1.9353	2.77286e-08
1.9354	2.765e-08
1.9355	3.60616e-08
1.9356	4.21479e-08
1.9357	4.3678e-08
1.9358	3.58913e-08
1.9359	4.13419e-08
1.936	3.62075e-08
1.9361	3.44153e-08
1.9362	4.0727e-08
1.9363	4.07038e-08
1.9364	2.72636e-08
1.9365	3.42372e-08
1.9366	4.01171e-08
1.9367	3.19079e-08
1.9368	3.17067e-08
1.9369	3.13615e-08
1.937	2.54205e-08
1.9371	3.42492e-08
1.9372	3.80379e-08
1.9373	3.07597e-08
1.9374	3.59511e-08
1.9375	2.82406e-08
1.9376	2.63428e-08
1.9377	2.15265e-08
1.9378	2.81318e-08
1.9379	3.19628e-08
1.938	3.85165e-08
1.9381	3.20225e-08
1.9382	3.20212e-08
1.9383	4.01473e-08
1.9384	4.28473e-08
1.9385	3.03469e-08
1.9386	3.85743e-08
1.9387	4.64227e-08
1.9388	2.88879e-08
1.9389	3.41397e-08
1.939	2.50392e-08
1.9391	3.21179e-08
1.9392	2.83872e-08
1.9393	2.81096e-08
1.9394	2.68231e-08
1.9395	3.82972e-08
1.9396	2.9798e-08
1.9397	2.08502e-08
1.9398	1.93077e-08
1.9399	3.15502e-08
1.94	3.00995e-08
1.9401	3.43086e-08
1.9402	2.95837e-08
1.9403	2.95392e-08
1.9404	4.38335e-08
1.9405	3.77628e-08
1.9406	4.31715e-08
1.9407	3.13569e-08
1.9408	4.08758e-08
1.9409	4.60206e-08
1.941	4.13358e-08
1.9411	4.12296e-08
1.9412	3.63195e-08
1.9413	3.31962e-08
1.9414	3.44991e-08
1.9415	3.01982e-08
1.9416	2.91084e-08
1.9417	2.60124e-08
1.9418	2.28874e-08
1.9419	2.57888e-08
1.942	2.85838e-08
1.9421	2.32315e-08
1.9422	2.66428e-08
1.9423	2.57076e-08
1.9424	2.61265e-08
1.9425	4.13143e-08
1.9426	4.00161e-08
1.9427	3.27118e-08
1.9428	3.88964e-08
1.9429	4.01101e-08
1.943	3.04032e-08
1.9431	3.69335e-08
1.9432	3.45488e-08
1.9433	3.66767e-08
1.9434	3.16674e-08
1.9435	3.44882e-08
1.9436	4.65431e-08
1.9437	4.38891e-08
1.9438	3.9662e-08
1.9439	2.26674e-08
1.944	4.32491e-08
1.9441	2.81338e-08
1.9442	3.63837e-08
1.9443	3.01161e-08
1.9444	1.85607e-08
1.9445	3.36127e-08
1.9446	3.48155e-08
1.9447	2.94492e-08
1.9448	3.2452e-08
1.9449	3.08605e-08
1.945	3.03799e-08
1.9451	4.63301e-08
1.9452	5.55789e-08
1.9453	3.17721e-08
1.9454	3.12726e-08
1.9455	3.92508e-08
1.9456	2.66846e-08
1.9457	3.11418e-08
1.9458	2.99896e-08
1.9459	2.54424e-08
1.946	2.78263e-08
1.9461	2.66466e-08
1.9462	3.19875e-08
1.9463	2.8981e-08
1.9464	3.05455e-08
1.9465	3.02749e-08
1.9466	3.35624e-08
1.9467	2.43485e-08
1.9468	2.89429e-08
1.9469	3.1053e-08
1.947	3.1938e-08
1.9471	2.98385e-08
1.9472	4.33144e-08
1.9473	3.71787e-08
1.9474	3.46456e-08
1.9475	2.5786e-08
1.9476	3.93346e-08
1.9477	3.7375e-08
1.9478	3.87846e-08
1.9479	2.68081e-08
1.948	3.00512e-08
1.9481	3.59647e-08
1.9482	3.45001e-08
1.9483	2.40826e-08
1.9484	2.92555e-08
1.9485	3.29712e-08
1.9486	3.12727e-08
1.9487	2.66965e-08
1.9488	3.7184e-08
1.9489	3.7446e-08
1.949	3.41761e-08
1.9491	3.83389e-08
1.9492	2.98674e-08
1.9493	3.30408e-08
1.9494	2.83172e-08
1.9495	3.20996e-08
1.9496	2.81827e-08
1.9497	3.89631e-08
1.9498	2.50547e-08
1.9499	2.99439e-08
1.95	3.05838e-08
1.9501	3.02304e-08
1.9502	2.79067e-08
1.9503	2.80855e-08
1.9504	2.25575e-08
1.9505	3.39644e-08
1.9506	3.59371e-08
1.9507	3.09615e-08
1.9508	3.16851e-08
1.9509	3.67597e-08
1.951	3.08978e-08
1.9511	3.85656e-08
1.9512	3.09253e-08
1.9513	2.78202e-08
1.9514	2.42985e-08
1.9515	2.98951e-08
1.9516	4.50315e-08
1.9517	4.27111e-08
1.9518	3.46471e-08
1.9519	3.10567e-08
1.952	3.935e-08
1.9521	4.50299e-08
1.9522	4.26195e-08
1.9523	3.4994e-08
1.9524	3.35124e-08
1.9525	3.03312e-08
1.9526	3.5113e-08
1.9527	2.93556e-08
1.9528	3.12169e-08
1.9529	3.73519e-08
1.953	2.81438e-08
1.9531	3.43248e-08
1.9532	4.15638e-08
1.9533	3.13053e-08
1.9534	2.92603e-08
1.9535	2.96514e-08
1.9536	3.63668e-08
1.9537	3.48778e-08
1.9538	3.06653e-08
1.9539	2.41499e-08
1.954	2.39444e-08
1.9541	3.09024e-08
1.9542	4.08243e-08
1.9543	3.57196e-08
1.9544	3.33155e-08
1.9545	3.48032e-08
1.9546	2.5616e-08
1.9547	3.05633e-08
1.9548	2.94413e-08
1.9549	3.81912e-08
1.955	4.29752e-08
1.9551	3.34549e-08
1.9552	3.96768e-08
1.9553	2.74019e-08
1.9554	3.23716e-08
1.9555	3.94053e-08
1.9556	3.48568e-08
1.9557	2.82476e-08
1.9558	3.27006e-08
1.9559	3.12084e-08
1.956	2.44767e-08
1.9561	3.31067e-08
1.9562	4.12269e-08
1.9563	3.25292e-08
1.9564	4.27444e-08
1.9565	2.96952e-08
1.9566	5.05581e-08
1.9567	4.77307e-08
1.9568	3.70648e-08
1.9569	2.5987e-08
1.957	3.03318e-08
1.9571	3.02667e-08
1.9572	2.73708e-08
1.9573	3.52883e-08
1.9574	3.88109e-08
1.9575	2.69713e-08
1.9576	2.87227e-08
1.9577	4.11125e-08
1.9578	2.81303e-08
1.9579	2.66448e-08
1.958	2.69735e-08
1.9581	3.02905e-08
1.9582	3.39811e-08
1.9583	4.31263e-08
1.9584	3.42914e-08
1.9585	4.56155e-08
1.9586	4.22261e-08
1.9587	3.94311e-08
1.9588	3.80858e-08
1.9589	3.72182e-08
1.959	2.17229e-08
1.9591	3.11733e-08
1.9592	3.51911e-08
1.9593	2.8769e-08
1.9594	4.45927e-08
1.9595	3.18419e-08
1.9596	3.37442e-08
1.9597	3.79962e-08
1.9598	3.06791e-08
1.9599	3.90678e-08
1.96	2.42721e-08
1.9601	3.05063e-08
1.9602	2.45774e-08
1.9603	3.06345e-08
1.9604	2.50808e-08
1.9605	2.38457e-08
1.9606	2.81903e-08
1.9607	3.62806e-08
1.9608	3.74962e-08
1.9609	3.6478e-08
1.961	3.07566e-08
1.9611	4.07328e-08
1.9612	2.88517e-08
1.9613	2.71272e-08
1.9614	2.8741e-08
1.9615	3.25266e-08
1.9616	3.46902e-08
1.9617	3.56157e-08
1.9618	2.34062e-08
1.9619	2.98246e-08
1.962	3.74835e-08
1.9621	2.81053e-08
1.9622	3.05947e-08
1.9623	2.93966e-08
1.9624	2.90275e-08
1.9625	2.96387e-08
1.9626	2.32625e-08
1.9627	2.68401e-08
1.9628	4.07817e-08
1.9629	3.76872e-08
1.963	2.521e-08
1.9631	2.96714e-08
1.9632	3.74887e-08
1.9633	3.42894e-08
1.9634	3.25196e-08
1.9635	2.18268e-08
1.9636	3.42954e-08
1.9637	2.39104e-08
1.9638	3.56166e-08
1.9639	3.21181e-08
1.964	4.06989e-08
1.9641	4.1899e-08
1.9642	2.9826e-08
1.9643	2.25282e-08
1.9644	2.22834e-08
1.9645	2.32199e-08
1.9646	2.83814e-08
1.9647	2.53008e-08
1.9648	2.14964e-08
1.9649	2.39824e-08
1.965	3.16046e-08
1.9651	3.67585e-08
1.9652	2.18829e-08
1.9653	2.78846e-08
1.9654	4.43084e-08
1.9655	4.88159e-08
1.9656	3.93289e-08
1.9657	2.85325e-08
1.9658	2.1315e-08
1.9659	2.81825e-08
1.966	2.79883e-08
1.9661	3.02356e-08
1.9662	3.31019e-08
1.9663	2.75843e-08
1.9664	2.72417e-08
1.9665	3.23833e-08
1.9666	3.1034e-08
1.9667	3.21834e-08
1.9668	4.24959e-08
1.9669	2.52959e-08
1.967	2.981e-08
1.9671	2.20891e-08
1.9672	3.85517e-08
1.9673	3.60758e-08
1.9674	2.56275e-08
1.9675	3.24218e-08
1.9676	2.97476e-08
1.9677	3.62658e-08
1.9678	4.02863e-08
1.9679	2.79132e-08
1.968	2.87803e-08
1.9681	3.33596e-08
1.9682	3.26917e-08
1.9683	3.76902e-08
1.9684	2.32464e-08
1.9685	3.08043e-08
1.9686	3.54651e-08
1.9687	3.69688e-08
1.9688	4.11121e-08
1.9689	3.51386e-08
1.969	3.04456e-08
1.9691	2.64007e-08
1.9692	2.31303e-08
1.9693	4.19776e-08
1.9694	2.83819e-08
1.9695	3.612e-08
1.9696	2.33326e-08
1.9697	2.58451e-08
1.9698	3.14359e-08
1.9699	3.31987e-08
1.97	3.19808e-08
1.9701	4.05179e-08
1.9702	3.55153e-08
1.9703	3.01536e-08
1.9704	3.23127e-08
1.9705	3.08408e-08
1.9706	3.66395e-08
1.9707	2.48039e-08
1.9708	3.04398e-08
1.9709	2.44478e-08
1.971	2.76221e-08
1.9711	4.00408e-08
1.9712	3.26962e-08
1.9713	2.8889e-08
1.9714	3.06689e-08
1.9715	3.6066e-08
1.9716	4.89187e-08
1.9717	4.09482e-08
1.9718	3.76738e-08
1.9719	2.98847e-08
1.972	3.16344e-08
1.9721	2.85257e-08
1.9722	4.13405e-08
1.9723	3.75019e-08
1.9724	3.67909e-08
1.9725	2.39706e-08
1.9726	2.65622e-08
1.9727	3.57723e-08
1.9728	3.64308e-08
1.9729	3.67886e-08
1.973	3.41886e-08
1.9731	2.92464e-08
1.9732	3.36984e-08
1.9733	2.01323e-08
1.9734	2.7775e-08
1.9735	3.25639e-08
1.9736	3.15833e-08
1.9737	3.44283e-08
1.9738	3.55801e-08
1.9739	3.91849e-08
1.974	4.24825e-08
1.9741	2.89644e-08
1.9742	2.9726e-08
1.9743	3.74308e-08
1.9744	4.50156e-08
1.9745	3.52646e-08
1.9746	3.00086e-08
1.9747	2.92988e-08
1.9748	3.10263e-08
1.9749	3.21087e-08
1.975	2.90971e-08
1.9751	3.59875e-08
1.9752	3.55588e-08
1.9753	3.27902e-08
1.9754	2.40102e-08
1.9755	2.08529e-08
1.9756	2.43707e-08
1.9757	3.03658e-08
1.9758	3.59712e-08
1.9759	3.44306e-08
1.976	2.78723e-08
1.9761	4.5617e-08
1.9762	3.06621e-08
1.9763	3.54771e-08
1.9764	3.13743e-08
1.9765	3.91421e-08
1.9766	4.38816e-08
1.9767	3.65821e-08
1.9768	3.86692e-08
1.9769	2.18926e-08
1.977	2.58372e-08
1.9771	3.33708e-08
1.9772	3.98085e-08
1.9773	3.48547e-08
1.9774	2.41242e-08
1.9775	2.66175e-08
1.9776	2.60305e-08
1.9777	3.17591e-08
1.9778	2.57944e-08
1.9779	2.53688e-08
1.978	2.78414e-08
1.9781	3.69535e-08
1.9782	4.19178e-08
1.9783	3.6287e-08
1.9784	2.16653e-08
1.9785	3.74399e-08
1.9786	6.00261e-08
1.9787	3.42451e-08
1.9788	3.81411e-08
1.9789	3.29785e-08
1.979	3.60826e-08
1.9791	2.84786e-08
1.9792	3.80961e-08
1.9793	3.54429e-08
1.9794	3.23595e-08
1.9795	3.02073e-08
1.9796	3.8092e-08
1.9797	2.82575e-08
1.9798	2.79941e-08
1.9799	2.6703e-08
1.98	2.41951e-08
1.9801	2.12669e-08
1.9802	2.06273e-08
1.9803	2.58557e-08
1.9804	3.29197e-08
1.9805	3.61518e-08
1.9806	3.28127e-08
1.9807	3.10787e-08
1.9808	4.45276e-08
1.9809	3.27573e-08
1.981	3.23936e-08
1.9811	3.64148e-08
1.9812	3.30709e-08
1.9813	3.33933e-08
1.9814	3.08754e-08
1.9815	3.09105e-08
1.9816	2.33603e-08
1.9817	2.60464e-08
1.9818	2.88851e-08
1.9819	2.73635e-08
1.982	3.48344e-08
1.9821	2.75844e-08
1.9822	3.10332e-08
1.9823	3.07588e-08
1.9824	2.20219e-08
1.9825	2.98584e-08
1.9826	2.68175e-08
1.9827	3.05161e-08
1.9828	3.49117e-08
1.9829	3.32267e-08
1.983	3.48379e-08
1.9831	3.48936e-08
1.9832	3.6622e-08
1.9833	3.08005e-08
1.9834	3.88804e-08
1.9835	3.97254e-08
1.9836	3.32581e-08
1.9837	4.05663e-08
1.9838	3.38532e-08
1.9839	2.38782e-08
1.984	2.51799e-08
1.9841	3.17292e-08
1.9842	3.34149e-08
1.9843	3.1474e-08
1.9844	2.81672e-08
1.9845	3.02815e-08
1.9846	3.44909e-08
1.9847	3.28744e-08
1.9848	4.07954e-08
1.9849	3.01564e-08
1.985	4.07622e-08
1.9851	3.04e-08
1.9852	2.89848e-08
1.9853	3.12513e-08
1.9854	2.95836e-08
1.9855	2.85601e-08
1.9856	3.50533e-08
1.9857	4.57815e-08
1.9858	3.3287e-08
1.9859	3.0237e-08
1.986	3.62622e-08
1.9861	2.13425e-08
1.9862	3.03305e-08
1.9863	3.45796e-08
1.9864	3.71207e-08
1.9865	2.64112e-08
1.9866	3.21555e-08
1.9867	3.43173e-08
1.9868	4.15574e-08
1.9869	2.92414e-08
1.987	2.51174e-08
1.9871	2.5227e-08
1.9872	3.31083e-08
1.9873	4.45423e-08
1.9874	3.78584e-08
1.9875	2.69372e-08
1.9876	3.00021e-08
1.9877	3.39287e-08
1.9878	4.39974e-08
1.9879	3.89326e-08
1.988	2.94034e-08
1.9881	2.5818e-08
1.9882	2.7844e-08
1.9883	3.30456e-08
1.9884	3.0378e-08
1.9885	3.19781e-08
1.9886	2.87987e-08
1.9887	3.578e-08
1.9888	3.06482e-08
1.9889	3.44983e-08
1.989	3.68898e-08
1.9891	3.09535e-08
1.9892	2.33882e-08
1.9893	3.06926e-08
1.9894	3.03983e-08
1.9895	2.68456e-08
1.9896	3.4625e-08
1.9897	3.1808e-08
1.9898	2.81885e-08
1.9899	4.12421e-08
1.99	3.54437e-08
1.9901	3.10302e-08
1.9902	3.00721e-08
1.9903	2.31567e-08
1.9904	3.00016e-08
1.9905	3.35131e-08
1.9906	2.82324e-08
1.9907	3.73039e-08
1.9908	3.37605e-08
1.9909	3.51879e-08
1.991	2.88493e-08
1.9911	3.45477e-08
1.9912	4.04986e-08
1.9913	3.23564e-08
1.9914	3.20299e-08
1.9915	2.8974e-08
1.9916	2.34226e-08
1.9917	2.33898e-08
1.9918	3.3399e-08
1.9919	4.21969e-08
1.992	4.59618e-08
1.9921	4.01679e-08
1.9922	3.9452e-08
1.9923	3.41386e-08
1.9924	3.65191e-08
1.9925	3.07912e-08
1.9926	2.51977e-08
1.9927	2.81284e-08
1.9928	3.94079e-08
1.9929	3.03825e-08
1.993	3.83722e-08
1.9931	3.62132e-08
1.9932	3.17725e-08
1.9933	3.6319e-08
1.9934	4.1179e-08
1.9935	2.45638e-08
1.9936	2.94233e-08
1.9937	2.73091e-08
1.9938	3.04085e-08
1.9939	3.44517e-08
1.994	3.53285e-08
1.9941	4.25973e-08
1.9942	4.79422e-08
1.9943	3.562e-08
1.9944	3.40517e-08
1.9945	4.37553e-08
1.9946	3.71272e-08
1.9947	3.29791e-08
1.9948	3.29157e-08
1.9949	3.83558e-08
1.995	3.16107e-08
1.9951	3.49416e-08
1.9952	3.01718e-08
1.9953	2.5187e-08
1.9954	4.21621e-08
1.9955	3.94745e-08
1.9956	2.7713e-08
1.9957	2.73988e-08
1.9958	3.00563e-08
1.9959	2.0133e-08
1.996	2.65319e-08
1.9961	2.71317e-08
1.9962	2.8806e-08
1.9963	2.61513e-08
1.9964	3.47731e-08
1.9965	3.52801e-08
1.9966	4.00275e-08
1.9967	3.48897e-08
1.9968	3.90945e-08
1.9969	2.82987e-08
1.997	2.87312e-08
1.9971	2.67126e-08
1.9972	3.65963e-08
1.9973	3.06679e-08
1.9974	3.29815e-08
1.9975	2.89179e-08
1.9976	2.94281e-08
1.9977	3.88976e-08
1.9978	2.05089e-08
1.9979	3.17132e-08
1.998	2.51826e-08
1.9981	3.32218e-08
1.9982	2.85949e-08
1.9983	2.35129e-08
1.9984	2.80681e-08
1.9985	3.1296e-08
1.9986	3.69522e-08
1.9987	2.52242e-08
1.9988	3.01668e-08
1.9989	3.96887e-08
1.999	3.48688e-08
1.9991	2.82147e-08
1.9992	2.7336e-08
1.9993	2.95831e-08
1.9994	2.51589e-08
1.9995	3.43909e-08
1.9996	3.29459e-08
1.9997	3.52175e-08
1.9998	4.26869e-08
1.9999	3.01119e-08
2	2.47661e-08
2.0001	2.25574e-08
2.0002	2.89297e-08
2.0003	2.62556e-08
2.0004	3.03791e-08
2.0005	2.19216e-08
2.0006	2.33487e-08
2.0007	2.95355e-08
2.0008	3.88746e-08
2.0009	2.39324e-08
2.001	3.19214e-08
2.0011	4.13061e-08
2.0012	3.33617e-08
2.0013	4.09302e-08
2.0014	2.4416e-08
2.0015	2.627e-08
2.0016	3.68354e-08
2.0017	2.57342e-08
2.0018	2.56635e-08
2.0019	3.86567e-08
2.002	2.99231e-08
2.0021	3.28985e-08
2.0022	3.29241e-08
2.0023	2.12542e-08
2.0024	2.51156e-08
2.0025	4.54081e-08
2.0026	1.94511e-08
2.0027	3.21413e-08
2.0028	2.49407e-08
2.0029	2.74284e-08
2.003	3.3293e-08
2.0031	2.40108e-08
2.0032	3.12076e-08
2.0033	2.81734e-08
2.0034	3.90352e-08
2.0035	4.07414e-08
2.0036	2.76502e-08
2.0037	2.33052e-08
2.0038	3.63993e-08
2.0039	3.09633e-08
2.004	3.24728e-08
2.0041	2.02541e-08
2.0042	2.63849e-08
2.0043	3.62142e-08
2.0044	2.99638e-08
2.0045	3.18705e-08
2.0046	3.35331e-08
2.0047	3.44547e-08
2.0048	2.19415e-08
2.0049	3.43491e-08
2.005	3.77179e-08
2.0051	3.58389e-08
2.0052	3.78142e-08
2.0053	2.16368e-08
2.0054	2.60577e-08
2.0055	3.20284e-08
2.0056	3.25374e-08
2.0057	3.47133e-08
2.0058	4.22389e-08
2.0059	3.50123e-08
2.006	2.7184e-08
2.0061	3.57812e-08
2.0062	2.93192e-08
2.0063	4.14408e-08
2.0064	2.3876e-08
2.0065	2.90327e-08
2.0066	2.78788e-08
2.0067	2.62959e-08
2.0068	2.83939e-08
2.0069	3.41343e-08
2.007	3.55642e-08
2.0071	3.85419e-08
2.0072	4.12856e-08
2.0073	3.56417e-08
2.0074	3.96078e-08
2.0075	3.90547e-08
2.0076	4.11145e-08
2.0077	2.56588e-08
2.0078	2.76582e-08
2.0079	3.65638e-08
2.008	3.98428e-08
2.0081	3.08124e-08
2.0082	3.25074e-08
2.0083	3.11914e-08
2.0084	2.80647e-08
2.0085	2.73011e-08
2.0086	3.48238e-08
2.0087	3.19441e-08
2.0088	3.15486e-08
2.0089	2.87174e-08
2.009	2.48251e-08
2.0091	2.98087e-08
2.0092	3.14418e-08
2.0093	3.46463e-08
2.0094	3.26575e-08
2.0095	2.73388e-08
2.0096	4.44785e-08
2.0097	3.68705e-08
2.0098	3.94102e-08
2.0099	3.23748e-08
2.01	3.36368e-08
2.0101	4.67222e-08
2.0102	3.59744e-08
2.0103	2.54288e-08
2.0104	2.84359e-08
2.0105	3.66862e-08
2.0106	2.7696e-08
2.0107	2.44261e-08
2.0108	3.79866e-08
2.0109	3.30798e-08
2.011	2.99361e-08
2.0111	2.54868e-08
2.0112	2.07023e-08
2.0113	2.12358e-08
2.0114	3.87021e-08
2.0115	3.65747e-08
2.0116	3.81953e-08
2.0117	2.87153e-08
2.0118	4.11644e-08
2.0119	2.72923e-08
2.012	2.38782e-08
2.0121	4.52366e-08
2.0122	4.29718e-08
2.0123	3.80607e-08
2.0124	3.97198e-08
2.0125	4.73616e-08
2.0126	3.16923e-08
2.0127	3.00803e-08
2.0128	3.28298e-08
2.0129	2.80296e-08
2.013	3.07346e-08
2.0131	2.46696e-08
2.0132	2.72563e-08
2.0133	2.53079e-08
2.0134	2.06196e-08
2.0135	1.99993e-08
2.0136	3.2204e-08
2.0137	2.42101e-08
2.0138	3.01118e-08
2.0139	3.19303e-08
2.014	3.59082e-08
2.0141	3.18047e-08
2.0142	3.89145e-08
2.0143	3.81301e-08
2.0144	3.60046e-08
2.0145	3.91945e-08
2.0146	3.2938e-08
2.0147	4.07317e-08
2.0148	3.45351e-08
2.0149	4.47246e-08
2.015	3.46084e-08
2.0151	2.80247e-08
2.0152	3.14379e-08
2.0153	2.75248e-08
2.0154	2.8295e-08
2.0155	2.55405e-08
2.0156	2.18388e-08
2.0157	2.53901e-08
2.0158	2.54672e-08
2.0159	2.39427e-08
2.016	2.97106e-08
2.0161	2.88674e-08
2.0162	3.9152e-08
2.0163	3.07731e-08
2.0164	3.28046e-08
2.0165	3.72454e-08
2.0166	4.09941e-08
2.0167	3.72668e-08
2.0168	3.37889e-08
2.0169	3.42623e-08
2.017	3.12856e-08
2.0171	3.66351e-08
2.0172	2.41045e-08
2.0173	2.68935e-08
2.0174	2.32812e-08
2.0175	2.52501e-08
2.0176	3.47091e-08
2.0177	2.34899e-08
2.0178	3.41844e-08
2.0179	2.13505e-08
2.018	3.03671e-08
2.0181	3.26776e-08
2.0182	2.78972e-08
2.0183	2.75189e-08
2.0184	3.15815e-08
2.0185	3.62414e-08
2.0186	3.55305e-08
2.0187	2.66463e-08
2.0188	4.48759e-08
2.0189	3.77766e-08
2.019	3.11617e-08
2.0191	4.36102e-08
2.0192	3.97409e-08
2.0193	2.58623e-08
2.0194	3.94504e-08
2.0195	2.96971e-08
2.0196	3.62069e-08
2.0197	2.57386e-08
2.0198	2.80338e-08
2.0199	3.25628e-08
2.02	3.43315e-08
2.0201	3.43e-08
2.0202	3.43578e-08
2.0203	2.72316e-08
2.0204	2.99476e-08
2.0205	4.1804e-08
2.0206	3.46501e-08
2.0207	4.15636e-08
2.0208	3.56004e-08
2.0209	3.36154e-08
2.021	2.50604e-08
2.0211	3.6785e-08
2.0212	3.58601e-08
2.0213	4.38099e-08
2.0214	3.84006e-08
2.0215	3.17591e-08
2.0216	2.97238e-08
2.0217	3.29767e-08
2.0218	2.2338e-08
2.0219	3.55961e-08
2.022	3.59529e-08
2.0221	3.42667e-08
2.0222	3.89559e-08
2.0223	3.14525e-08
2.0224	2.72166e-08
2.0225	3.35101e-08
2.0226	3.55961e-08
2.0227	2.54426e-08
2.0228	2.05355e-08
2.0229	3.70383e-08
2.023	3.7764e-08
2.0231	3.86313e-08
2.0232	3.01309e-08
2.0233	2.98009e-08
2.0234	3.80287e-08
2.0235	4.34064e-08
2.0236	3.9178e-08
2.0237	2.85021e-08
2.0238	2.96829e-08
2.0239	3.1411e-08
2.024	3.09357e-08
2.0241	3.0071e-08
2.0242	3.08527e-08
2.0243	3.02478e-08
2.0244	3.34946e-08
2.0245	2.7339e-08
2.0246	2.90866e-08
2.0247	3.21885e-08
2.0248	3.93696e-08
2.0249	2.55497e-08
2.025	2.90537e-08
2.0251	4.13503e-08
2.0252	2.53712e-08
2.0253	3.50503e-08
2.0254	3.11073e-08
2.0255	3.05092e-08
2.0256	3.20676e-08
2.0257	3.57546e-08
2.0258	4.14225e-08
2.0259	2.92508e-08
2.026	2.27521e-08
2.0261	3.27683e-08
2.0262	4.01171e-08
2.0263	3.19527e-08
2.0264	3.6669e-08
2.0265	3.60818e-08
2.0266	3.81202e-08
2.0267	3.65135e-08
2.0268	3.40321e-08
2.0269	4.26872e-08
2.027	4.19715e-08
2.0271	2.04448e-08
2.0272	2.80381e-08
2.0273	2.69588e-08
2.0274	2.27853e-08
2.0275	3.32897e-08
2.0276	4.19139e-08
2.0277	3.74491e-08
2.0278	3.3679e-08
2.0279	4.2014e-08
2.028	4.75236e-08
2.0281	3.19431e-08
2.0282	3.96823e-08
2.0283	2.78977e-08
2.0284	2.69805e-08
2.0285	3.58385e-08
2.0286	3.23506e-08
2.0287	3.64688e-08
2.0288	3.80001e-08
2.0289	2.49601e-08
2.029	3.71328e-08
2.0291	4.03262e-08
2.0292	3.333e-08
2.0293	2.90286e-08
2.0294	3.24419e-08
2.0295	2.77284e-08
2.0296	2.83611e-08
2.0297	4.13203e-08
2.0298	4.28434e-08
2.0299	4.42569e-08
2.03	3.22295e-08
2.0301	3.25461e-08
2.0302	3.81589e-08
2.0303	3.0107e-08
2.0304	3.89977e-08
2.0305	3.15507e-08
2.0306	2.9327e-08
2.0307	3.87329e-08
2.0308	2.75271e-08
2.0309	2.70073e-08
2.031	3.07159e-08
2.0311	2.89258e-08
2.0312	3.66939e-08
2.0313	3.18799e-08
2.0314	2.61708e-08
2.0315	3.62212e-08
2.0316	3.48128e-08
2.0317	2.4122e-08
2.0318	2.27338e-08
2.0319	2.42314e-08
2.032	3.01582e-08
2.0321	3.40033e-08
2.0322	3.823e-08
2.0323	3.94293e-08
2.0324	3.89997e-08
2.0325	3.81787e-08
2.0326	2.83246e-08
2.0327	3.67797e-08
2.0328	3.09216e-08
2.0329	2.99446e-08
2.033	3.05442e-08
2.0331	3.46618e-08
2.0332	2.45375e-08
2.0333	3.39851e-08
2.0334	3.65275e-08
2.0335	2.32074e-08
2.0336	3.07074e-08
2.0337	2.85868e-08
2.0338	2.43626e-08
2.0339	3.19028e-08
2.034	2.20385e-08
2.0341	2.86381e-08
2.0342	3.51959e-08
2.0343	3.61092e-08
2.0344	2.71504e-08
2.0345	2.47187e-08
2.0346	3.24065e-08
2.0347	3.96339e-08
2.0348	2.80417e-08
2.0349	2.7457e-08
2.035	3.67895e-08
2.0351	2.35586e-08
2.0352	2.98555e-08
2.0353	3.62918e-08
2.0354	3.46214e-08
2.0355	4.56857e-08
2.0356	3.49007e-08
2.0357	2.66683e-08
2.0358	2.53299e-08
2.0359	2.77818e-08
2.036	2.16969e-08
2.0361	2.45066e-08
2.0362	2.04636e-08
2.0363	2.15056e-08
2.0364	2.87452e-08
2.0365	4.12087e-08
2.0366	2.13864e-08
2.0367	2.48689e-08
2.0368	3.59518e-08
2.0369	3.76733e-08
2.037	4.47483e-08
2.0371	2.31296e-08
2.0372	2.9277e-08
2.0373	2.89393e-08
2.0374	2.52641e-08
2.0375	3.15407e-08
2.0376	4.74249e-08
2.0377	2.32789e-08
2.0378	3.61349e-08
2.0379	2.64504e-08
2.038	3.30013e-08
2.0381	3.62808e-08
2.0382	3.46534e-08
2.0383	2.43058e-08
2.0384	3.31194e-08
2.0385	2.62698e-08
2.0386	2.85711e-08
2.0387	3.47827e-08
2.0388	2.46427e-08
2.0389	3.42932e-08
2.039	3.33453e-08
2.0391	4.01115e-08
2.0392	4.17004e-08
2.0393	2.70126e-08
2.0394	2.55917e-08
2.0395	3.19853e-08
2.0396	3.45796e-08
2.0397	2.91873e-08
2.0398	2.35818e-08
2.0399	2.58511e-08
2.04	3.25174e-08
2.0401	3.30358e-08
2.0402	3.24386e-08
2.0403	3.53597e-08
2.0404	2.94185e-08
2.0405	3.55344e-08
2.0406	2.80329e-08
2.0407	3.80581e-08
2.0408	2.96368e-08
2.0409	3.86303e-08
2.041	2.12984e-08
2.0411	2.73888e-08
2.0412	2.96954e-08
2.0413	3.44903e-08
2.0414	2.84277e-08
2.0415	4.63026e-08
2.0416	3.14382e-08
2.0417	3.10534e-08
2.0418	3.90495e-08
2.0419	3.1344e-08
2.042	3.9114e-08
2.0421	2.66263e-08
2.0422	2.54331e-08
2.0423	2.79357e-08
2.0424	2.75102e-08
2.0425	2.71482e-08
2.0426	4.13469e-08
2.0427	3.75452e-08
2.0428	4.33188e-08
2.0429	4.11694e-08
2.043	4.18248e-08
2.0431	3.52303e-08
2.0432	3.82943e-08
2.0433	2.92016e-08
2.0434	3.78398e-08
2.0435	2.77643e-08
2.0436	3.22916e-08
2.0437	4.0233e-08
2.0438	3.01666e-08
2.0439	2.52842e-08
2.044	3.44426e-08
2.0441	2.65932e-08
2.0442	3.52659e-08
2.0443	3.93942e-08
2.0444	3.02156e-08
2.0445	3.75156e-08
2.0446	2.76382e-08
2.0447	2.12882e-08
2.0448	2.35672e-08
2.0449	2.78864e-08
2.045	3.29947e-08
2.0451	3.61267e-08
2.0452	2.98648e-08
2.0453	3.95164e-08
2.0454	4.56768e-08
2.0455	4.45974e-08
2.0456	2.41138e-08
2.0457	3.5413e-08
2.0458	4.78139e-08
2.0459	3.11048e-08
2.046	3.88065e-08
2.0461	2.73041e-08
2.0462	3.23345e-08
2.0463	3.3623e-08
2.0464	2.65002e-08
2.0465	3.01523e-08
2.0466	3.49297e-08
2.0467	2.84423e-08
2.0468	2.24689e-08
2.0469	2.18384e-08
2.047	3.06595e-08
2.0471	3.55576e-08
2.0472	3.7893e-08
2.0473	2.89661e-08
2.0474	2.56178e-08
2.0475	3.69044e-08
2.0476	3.60581e-08
2.0477	4.1825e-08
2.0478	3.01497e-08
2.0479	4.1268e-08
2.048	4.26071e-08
2.0481	4.3612e-08
2.0482	4.48304e-08
2.0483	3.5584e-08
2.0484	3.25862e-08
2.0485	3.89001e-08
2.0486	2.59837e-08
2.0487	3.16878e-08
2.0488	2.61761e-08
2.0489	1.85022e-08
2.049	2.63149e-08
2.0491	2.6835e-08
2.0492	2.5265e-08
2.0493	2.71292e-08
2.0494	2.80149e-08
2.0495	3.68355e-08
2.0496	4.07328e-08
2.0497	4.10016e-08
2.0498	3.43082e-08
2.0499	3.57059e-08
2.05	4.47568e-08
2.0501	3.13037e-08
2.0502	3.65446e-08
2.0503	3.23683e-08
2.0504	3.89337e-08
2.0505	3.30897e-08
2.0506	3.20004e-08
2.0507	3.38549e-08
2.0508	3.11762e-08
2.0509	2.6368e-08
2.051	2.70316e-08
2.0511	2.40094e-08
2.0512	2.39436e-08
2.0513	2.84222e-08
2.0514	3.31053e-08
2.0515	1.82015e-08
2.0516	2.25746e-08
2.0517	4.2329e-08
2.0518	2.84051e-08
2.0519	3.47404e-08
2.052	3.35363e-08
2.0521	3.03577e-08
2.0522	4.70508e-08
2.0523	4.14731e-08
2.0524	3.29002e-08
2.0525	2.95974e-08
2.0526	3.6889e-08
2.0527	4.42633e-08
2.0528	3.00123e-08
2.0529	2.81846e-08
2.053	2.88558e-08
2.0531	2.41108e-08
2.0532	2.8257e-08
2.0533	2.74677e-08
2.0534	4.21795e-08
2.0535	3.19592e-08
2.0536	3.19982e-08
2.0537	3.22364e-08
2.0538	2.07993e-08
2.0539	3.29008e-08
2.054	2.99029e-08
2.0541	2.95107e-08
2.0542	2.58022e-08
2.0543	4.07406e-08
2.0544	3.444e-08
2.0545	3.32469e-08
2.0546	3.23469e-08
2.0547	3.43925e-08
2.0548	3.88727e-08
2.0549	3.86665e-08
2.055	2.86371e-08
2.0551	3.10033e-08
2.0552	3.23803e-08
2.0553	3.31888e-08
2.0554	2.24987e-08
2.0555	3.82124e-08
2.0556	3.0947e-08
2.0557	3.14655e-08
2.0558	2.87224e-08
2.0559	3.48106e-08
2.056	2.79964e-08
2.0561	3.6613e-08
2.0562	3.8368e-08
2.0563	3.63536e-08
2.0564	3.08574e-08
2.0565	3.71305e-08
2.0566	3.02992e-08
2.0567	3.53148e-08
2.0568	2.86245e-08
2.0569	3.3242e-08
2.057	3.89898e-08
2.0571	3.22698e-08
2.0572	3.3357e-08
2.0573	2.64597e-08
2.0574	2.5668e-08
2.0575	2.40236e-08
2.0576	3.31327e-08
2.0577	3.92621e-08
2.0578	3.92089e-08
2.0579	2.98044e-08
2.058	3.68013e-08
2.0581	4.12212e-08
2.0582	4.04278e-08
2.0583	2.43418e-08
2.0584	2.57094e-08
2.0585	2.23108e-08
2.0586	3.35509e-08
2.0587	4.27263e-08
2.0588	3.54846e-08
2.0589	3.72732e-08
2.059	2.72951e-08
2.0591	3.16172e-08
2.0592	4.04159e-08
2.0593	3.59381e-08
2.0594	3.07723e-08
2.0595	2.8688e-08
2.0596	2.64169e-08
2.0597	3.40036e-08
2.0598	2.80546e-08
2.0599	4.01279e-08
2.06	4.03675e-08
2.0601	2.96855e-08
2.0602	3.53453e-08
2.0603	3.34236e-08
2.0604	4.09489e-08
2.0605	2.91718e-08
2.0606	3.0166e-08
2.0607	3.40335e-08
2.0608	3.81847e-08
2.0609	3.89531e-08
2.061	2.71366e-08
2.0611	2.7254e-08
2.0612	3.28879e-08
2.0613	3.93635e-08
2.0614	3.25069e-08
2.0615	3.67006e-08
2.0616	3.36019e-08
2.0617	2.50868e-08
2.0618	3.29363e-08
2.0619	3.20837e-08
2.062	4.29704e-08
2.0621	4.56225e-08
2.0622	3.16311e-08
2.0623	3.7091e-08
2.0624	3.11313e-08
2.0625	3.42215e-08
2.0626	3.29376e-08
2.0627	3.69513e-08
2.0628	4.19946e-08
2.0629	2.66314e-08
2.063	3.14396e-08
2.0631	2.73064e-08
2.0632	4.20069e-08
2.0633	4.12096e-08
2.0634	3.05113e-08
2.0635	4.49576e-08
2.0636	3.27167e-08
2.0637	4.4363e-08
2.0638	4.32467e-08
2.0639	3.55083e-08
2.064	2.44081e-08
2.0641	2.72049e-08
2.0642	2.89691e-08
2.0643	3.59696e-08
2.0644	3.90025e-08
2.0645	3.04204e-08
2.0646	2.77588e-08
2.0647	2.65416e-08
2.0648	3.47871e-08
2.0649	3.08493e-08
2.065	2.85763e-08
2.0651	2.37369e-08
2.0652	2.73933e-08
2.0653	3.63257e-08
2.0654	4.32526e-08
2.0655	4.41594e-08
2.0656	3.36986e-08
2.0657	3.68722e-08
2.0658	4.56958e-08
2.0659	3.46351e-08
2.066	3.75277e-08
2.0661	2.67017e-08
2.0662	3.14748e-08
2.0663	3.37511e-08
2.0664	3.49505e-08
2.0665	5.00886e-08
2.0666	3.33123e-08
2.0667	3.30542e-08
2.0668	3.85987e-08
2.0669	3.67817e-08
2.067	3.39389e-08
2.0671	2.22215e-08
2.0672	2.77624e-08
2.0673	3.24451e-08
2.0674	2.25199e-08
2.0675	2.27069e-08
2.0676	3.04975e-08
2.0677	3.01695e-08
2.0678	3.08659e-08
2.0679	3.09745e-08
2.068	4.20017e-08
2.0681	3.21358e-08
2.0682	4.02486e-08
2.0683	2.74385e-08
2.0684	3.14963e-08
2.0685	3.40248e-08
2.0686	2.9047e-08
2.0687	3.44204e-08
2.0688	3.40669e-08
2.0689	2.76324e-08
2.069	2.76016e-08
2.0691	3.82582e-08
2.0692	2.73584e-08
2.0693	3.64816e-08
2.0694	3.36191e-08
2.0695	3.01838e-08
2.0696	2.72241e-08
2.0697	2.33567e-08
2.0698	2.80171e-08
2.0699	3.13305e-08
2.07	3.44235e-08
2.0701	2.85714e-08
2.0702	2.6263e-08
2.0703	3.53892e-08
2.0704	3.49673e-08
2.0705	3.17811e-08
2.0706	2.79519e-08
2.0707	2.243e-08
2.0708	2.92944e-08
2.0709	3.48332e-08
2.071	2.64236e-08
2.0711	3.24141e-08
2.0712	3.80901e-08
2.0713	2.77374e-08
2.0714	1.96152e-08
2.0715	2.38196e-08
2.0716	2.28853e-08
2.0717	2.94597e-08
2.0718	2.43932e-08
2.0719	2.36741e-08
2.072	2.31641e-08
2.0721	2.78019e-08
2.0722	3.21719e-08
2.0723	2.09818e-08
2.0724	3.52514e-08
2.0725	3.53328e-08
2.0726	3.94346e-08
2.0727	3.31662e-08
2.0728	2.22739e-08
2.0729	2.35728e-08
2.073	2.81141e-08
2.0731	2.61175e-08
2.0732	3.28423e-08
2.0733	4.03395e-08
2.0734	2.97708e-08
2.0735	3.36309e-08
2.0736	3.23854e-08
2.0737	2.65784e-08
2.0738	3.80495e-08
2.0739	3.7621e-08
2.074	2.487e-08
2.0741	2.65952e-08
2.0742	2.86e-08
2.0743	3.0763e-08
2.0744	3.26804e-08
2.0745	2.754e-08
2.0746	2.74353e-08
2.0747	2.92548e-08
2.0748	3.35592e-08
2.0749	3.10358e-08
2.075	2.69584e-08
2.0751	3.36838e-08
2.0752	3.11527e-08
2.0753	3.70616e-08
2.0754	3.00895e-08
2.0755	2.56916e-08
2.0756	2.89265e-08
2.0757	4.0947e-08
2.0758	3.01628e-08
2.0759	3.77731e-08
2.076	3.00189e-08
2.0761	2.67068e-08
2.0762	2.4801e-08
2.0763	4.10156e-08
2.0764	3.30415e-08
2.0765	3.90254e-08
2.0766	2.62374e-08
2.0767	2.72834e-08
2.0768	2.72868e-08
2.0769	3.31614e-08
2.077	3.60574e-08
2.0771	3.80639e-08
2.0772	2.81235e-08
2.0773	3.65808e-08
2.0774	3.29292e-08
2.0775	3.91245e-08
2.0776	3.19086e-08
2.0777	3.29151e-08
2.0778	2.78675e-08
2.0779	2.79239e-08
2.078	2.76225e-08
2.0781	2.73595e-08
2.0782	3.74988e-08
2.0783	3.90829e-08
2.0784	3.06598e-08
2.0785	4.00341e-08
2.0786	3.9621e-08
2.0787	3.57493e-08
2.0788	2.9714e-08
2.0789	3.42387e-08
2.079	3.67159e-08
2.0791	2.84558e-08
2.0792	3.04218e-08
2.0793	3.63631e-08
2.0794	3.27291e-08
2.0795	3.32895e-08
2.0796	2.91019e-08
2.0797	2.68036e-08
2.0798	3.26503e-08
2.0799	3.94552e-08
2.08	3.29455e-08
2.0801	3.79863e-08
2.0802	4.58347e-08
2.0803	2.53127e-08
2.0804	2.47939e-08
2.0805	3.22411e-08
2.0806	3.47168e-08
2.0807	3.32269e-08
2.0808	3.27467e-08
2.0809	3.73129e-08
2.081	4.99964e-08
2.0811	4.31471e-08
2.0812	2.77698e-08
2.0813	2.58453e-08
2.0814	3.41231e-08
2.0815	3.49878e-08
2.0816	3.73361e-08
2.0817	2.99022e-08
2.0818	3.34736e-08
2.0819	3.06129e-08
2.082	3.056e-08
2.0821	3.46525e-08
2.0822	3.83899e-08
2.0823	3.44501e-08
2.0824	2.46729e-08
2.0825	2.56501e-08
2.0826	3.05137e-08
2.0827	3.11566e-08
2.0828	4.20498e-08
2.0829	3.13564e-08
2.083	3.04313e-08
2.0831	3.00672e-08
2.0832	4.20385e-08
2.0833	3.27917e-08
2.0834	3.05417e-08
2.0835	2.99211e-08
2.0836	4.23494e-08
2.0837	4.24661e-08
2.0838	3.75529e-08
2.0839	3.53294e-08
2.084	2.25203e-08
2.0841	2.67623e-08
2.0842	4.69417e-08
2.0843	3.75615e-08
2.0844	3.60251e-08
2.0845	2.01937e-08
2.0846	2.54957e-08
2.0847	2.53561e-08
2.0848	2.53759e-08
2.0849	3.30068e-08
2.085	2.05745e-08
2.0851	2.31565e-08
2.0852	4.55723e-08
2.0853	4.49024e-08
2.0854	2.78351e-08
2.0855	3.28522e-08
2.0856	4.52995e-08
2.0857	3.66685e-08
2.0858	3.57269e-08
2.0859	3.27256e-08
2.086	3.23174e-08
2.0861	3.16722e-08
2.0862	3.39879e-08
2.0863	3.41911e-08
2.0864	3.23007e-08
2.0865	3.44139e-08
2.0866	3.04195e-08
2.0867	2.21096e-08
2.0868	3.22749e-08
2.0869	2.67735e-08
2.087	2.95579e-08
2.0871	3.5766e-08
2.0872	1.73826e-08
2.0873	2.34709e-08
2.0874	2.38625e-08
2.0875	3.93106e-08
2.0876	4.54072e-08
2.0877	2.76648e-08
2.0878	3.98358e-08
2.0879	4.34339e-08
2.088	3.57439e-08
2.0881	2.82106e-08
2.0882	3.03868e-08
2.0883	3.78439e-08
2.0884	3.74359e-08
2.0885	2.54402e-08
2.0886	2.88278e-08
2.0887	2.74828e-08
2.0888	2.66955e-08
2.0889	3.22597e-08
2.089	2.85024e-08
2.0891	4.32641e-08
2.0892	2.76152e-08
2.0893	2.01178e-08
2.0894	3.16826e-08
2.0895	2.05891e-08
2.0896	2.66851e-08
2.0897	3.13478e-08
2.0898	2.81769e-08
2.0899	4.36553e-08
2.09	3.61888e-08
2.0901	3.16001e-08
2.0902	3.59635e-08
2.0903	4.08477e-08
2.0904	2.63792e-08
2.0905	3.27735e-08
2.0906	3.42759e-08
2.0907	3.99502e-08
2.0908	4.323e-08
2.0909	3.83134e-08
2.091	2.48154e-08
2.0911	2.79774e-08
2.0912	3.20835e-08
2.0913	2.66038e-08
2.0914	2.91836e-08
2.0915	3.29114e-08
2.0916	3.60983e-08
2.0917	3.25934e-08
2.0918	3.72597e-08
2.0919	3.42236e-08
2.092	3.18125e-08
2.0921	3.78538e-08
2.0922	3.96861e-08
2.0923	2.6e-08
2.0924	3.92894e-08
2.0925	3.25632e-08
2.0926	3.31268e-08
2.0927	3.04153e-08
2.0928	3.84312e-08
2.0929	2.68754e-08
2.093	3.05048e-08
2.0931	3.38049e-08
2.0932	3.27466e-08
2.0933	2.82025e-08
2.0934	3.77206e-08
2.0935	3.37996e-08
2.0936	2.40271e-08
2.0937	2.96488e-08
2.0938	3.04817e-08
2.0939	3.23871e-08
2.094	3.31674e-08
2.0941	2.61647e-08
2.0942	3.20459e-08
2.0943	3.70195e-08
2.0944	3.90796e-08
2.0945	3.83975e-08
2.0946	3.31457e-08
2.0947	3.46038e-08
2.0948	3.18546e-08
2.0949	4.4647e-08
2.095	3.4192e-08
2.0951	2.46753e-08
2.0952	2.66994e-08
2.0953	2.93978e-08
2.0954	3.02721e-08
2.0955	3.04063e-08
2.0956	3.54646e-08
2.0957	3.10498e-08
2.0958	2.97367e-08
2.0959	3.70156e-08
2.096	3.03841e-08
2.0961	3.27133e-08
2.0962	3.19326e-08
2.0963	2.75657e-08
2.0964	3.58794e-08
2.0965	2.67897e-08
2.0966	2.28413e-08
2.0967	3.37544e-08
2.0968	4.08232e-08
2.0969	3.40833e-08
2.097	3.51487e-08
2.0971	2.53102e-08
2.0972	3.70556e-08
2.0973	2.81826e-08
2.0974	2.68813e-08
2.0975	3.1893e-08
2.0976	3.68626e-08
2.0977	2.99726e-08
2.0978	3.44338e-08
2.0979	2.92927e-08
2.098	2.75364e-08
2.0981	3.64217e-08
2.0982	4.18651e-08
2.0983	3.52357e-08
2.0984	2.55393e-08
2.0985	2.89179e-08
2.0986	2.39842e-08
2.0987	2.47391e-08
2.0988	2.46302e-08
2.0989	3.46399e-08
2.099	4.34642e-08
2.0991	3.60855e-08
2.0992	3.25417e-08
2.0993	4.14256e-08
2.0994	4.52198e-08
2.0995	3.84165e-08
2.0996	2.57254e-08
2.0997	2.61834e-08
2.0998	2.91602e-08
2.0999	3.86353e-08
2.1	3.55486e-08
2.1001	3.50913e-08
2.1002	2.82299e-08
2.1003	3.50131e-08
2.1004	4.52971e-08
2.1005	2.90261e-08
2.1006	2.36341e-08
2.1007	3.39076e-08
2.1008	2.59768e-08
2.1009	2.72468e-08
2.101	3.76296e-08
2.1011	4.05154e-08
2.1012	3.92227e-08
2.1013	3.17135e-08
2.1014	4.20477e-08
2.1015	3.33985e-08
2.1016	4.08806e-08
2.1017	2.94831e-08
2.1018	3.75847e-08
2.1019	3.45057e-08
2.102	3.36081e-08
2.1021	3.16621e-08
2.1022	3.24765e-08
2.1023	3.07035e-08
2.1024	2.91012e-08
2.1025	3.19367e-08
2.1026	4.55357e-08
2.1027	2.30947e-08
2.1028	3.01651e-08
2.1029	2.91097e-08
2.103	3.2393e-08
2.1031	2.51133e-08
2.1032	2.41209e-08
2.1033	2.82262e-08
2.1034	3.24398e-08
2.1035	3.61877e-08
2.1036	3.82706e-08
2.1037	3.53009e-08
2.1038	3.26137e-08
2.1039	3.50863e-08
2.104	2.37944e-08
2.1041	3.31064e-08
2.1042	3.05559e-08
2.1043	3.52963e-08
2.1044	3.31785e-08
2.1045	2.90188e-08
2.1046	3.08634e-08
2.1047	3.71974e-08
2.1048	2.79392e-08
2.1049	2.74592e-08
2.105	2.81317e-08
2.1051	2.94759e-08
2.1052	2.98663e-08
2.1053	2.64749e-08
2.1054	2.69143e-08
2.1055	2.81136e-08
2.1056	2.54594e-08
2.1057	3.18417e-08
2.1058	3.8756e-08
2.1059	3.51512e-08
2.106	3.76131e-08
2.1061	3.4543e-08
2.1062	3.11523e-08
2.1063	2.50678e-08
2.1064	3.02441e-08
2.1065	2.53217e-08
2.1066	3.91932e-08
2.1067	3.85655e-08
2.1068	4.18219e-08
2.1069	3.83896e-08
2.107	2.35699e-08
2.1071	2.17106e-08
2.1072	2.2136e-08
2.1073	3.04704e-08
2.1074	2.13631e-08
2.1075	2.76572e-08
2.1076	1.93106e-08
2.1077	2.38841e-08
2.1078	3.07696e-08
2.1079	3.09424e-08
2.108	2.77554e-08
2.1081	3.43984e-08
2.1082	4.31175e-08
2.1083	3.21221e-08
2.1084	3.96047e-08
2.1085	2.5916e-08
2.1086	3.11699e-08
2.1087	3.11289e-08
2.1088	2.90794e-08
2.1089	2.70193e-08
2.109	2.98471e-08
2.1091	3.40117e-08
2.1092	3.0757e-08
2.1093	2.11348e-08
2.1094	2.94498e-08
2.1095	3.8457e-08
2.1096	2.65929e-08
2.1097	2.24299e-08
2.1098	3.10899e-08
2.1099	2.73203e-08
2.11	2.31516e-08
2.1101	3.03655e-08
2.1102	3.48252e-08
2.1103	3.5099e-08
2.1104	3.71549e-08
2.1105	3.5444e-08
2.1106	2.41927e-08
2.1107	2.91527e-08
2.1108	2.92278e-08
2.1109	3.23446e-08
2.111	3.21738e-08
2.1111	2.71778e-08
2.1112	2.89948e-08
2.1113	3.18233e-08
2.1114	3.48031e-08
2.1115	3.32877e-08
2.1116	3.99279e-08
2.1117	3.16467e-08
2.1118	3.21803e-08
2.1119	3.22088e-08
2.112	3.49218e-08
2.1121	3.39345e-08
2.1122	3.40538e-08
2.1123	3.44331e-08
2.1124	3.24816e-08
2.1125	2.68148e-08
2.1126	3.14318e-08
2.1127	3.17174e-08
2.1128	4.16612e-08
2.1129	2.83818e-08
2.113	2.88213e-08
2.1131	3.51206e-08
2.1132	2.99074e-08
2.1133	4.1025e-08
2.1134	3.02875e-08
2.1135	2.99694e-08
2.1136	2.3857e-08
2.1137	2.57409e-08
2.1138	3.25786e-08
2.1139	3.20404e-08
2.114	3.23504e-08
2.1141	3.85301e-08
2.1142	4.59136e-08
2.1143	3.56391e-08
2.1144	3.96071e-08
2.1145	3.27673e-08
2.1146	3.05374e-08
2.1147	3.34485e-08
2.1148	2.93216e-08
2.1149	3.503e-08
2.115	3.93098e-08
2.1151	3.68599e-08
2.1152	3.29895e-08
2.1153	3.07433e-08
2.1154	3.08601e-08
2.1155	3.06962e-08
2.1156	3.14752e-08
2.1157	3.93567e-08
2.1158	3.31476e-08
2.1159	2.89292e-08
2.116	2.23586e-08
2.1161	2.26842e-08
2.1162	2.92195e-08
2.1163	3.24193e-08
2.1164	3.39201e-08
2.1165	2.73659e-08
2.1166	4.27672e-08
2.1167	3.44322e-08
2.1168	4.30011e-08
2.1169	3.11073e-08
2.117	4.01598e-08
2.1171	3.88129e-08
2.1172	3.3993e-08
2.1173	3.67856e-08
2.1174	2.54948e-08
2.1175	3.66288e-08
2.1176	2.93862e-08
2.1177	2.52923e-08
2.1178	3.62209e-08
2.1179	3.64081e-08
2.118	2.7599e-08
2.1181	2.09241e-08
2.1182	2.46761e-08
2.1183	2.22612e-08
2.1184	3.0925e-08
2.1185	4.03853e-08
2.1186	3.52317e-08
2.1187	3.34781e-08
2.1188	3.76741e-08
2.1189	3.30138e-08
2.119	3.21433e-08
2.1191	4.38479e-08
2.1192	4.38962e-08
2.1193	4.66822e-08
2.1194	3.41816e-08
2.1195	4.43178e-08
2.1196	3.219e-08
2.1197	2.55918e-08
2.1198	3.69767e-08
2.1199	3.36102e-08
2.12	2.81602e-08
2.1201	2.8319e-08
2.1202	2.66087e-08
2.1203	2.14046e-08
2.1204	2.33002e-08
2.1205	2.45985e-08
2.1206	3.16338e-08
2.1207	2.17212e-08
2.1208	2.34301e-08
2.1209	3.05636e-08
2.121	4.03358e-08
2.1211	4.8184e-08
2.1212	4.00022e-08
2.1213	3.38993e-08
2.1214	4.13462e-08
2.1215	3.49737e-08
2.1216	3.55906e-08
2.1217	3.85272e-08
2.1218	2.89025e-08
2.1219	4.79505e-08
2.122	2.9529e-08
2.1221	2.85244e-08
2.1222	3.54968e-08
2.1223	2.4626e-08
2.1224	2.37741e-08
2.1225	2.74057e-08
2.1226	2.5191e-08
2.1227	2.83738e-08
2.1228	2.59691e-08
2.1229	2.07067e-08
2.123	3.10559e-08
2.1231	2.7228e-08
2.1232	3.63731e-08
2.1233	3.06753e-08
2.1234	2.94768e-08
2.1235	3.45213e-08
2.1236	5.0686e-08
2.1237	4.47194e-08
2.1238	3.00484e-08
2.1239	4.34687e-08
2.124	2.85031e-08
2.1241	3.8053e-08
2.1242	2.66015e-08
2.1243	3.11255e-08
2.1244	2.90926e-08
2.1245	2.48287e-08
2.1246	2.80722e-08
2.1247	3.24675e-08
2.1248	3.90761e-08
2.1249	2.15434e-08
2.125	2.56697e-08
2.1251	3.32664e-08
2.1252	2.45521e-08
2.1253	2.16341e-08
2.1254	3.06109e-08
2.1255	2.55854e-08
2.1256	3.7222e-08
2.1257	3.00335e-08
2.1258	3.61359e-08
2.1259	3.74542e-08
2.126	3.85396e-08
2.1261	3.69916e-08
2.1262	3.64437e-08
2.1263	3.50057e-08
2.1264	3.74421e-08
2.1265	3.99343e-08
2.1266	2.51993e-08
2.1267	2.46797e-08
2.1268	3.47803e-08
2.1269	3.20143e-08
2.127	3.00416e-08
2.1271	3.75874e-08
2.1272	3.02791e-08
2.1273	3.5353e-08
2.1274	2.97174e-08
2.1275	3.79087e-08
2.1276	2.67315e-08
2.1277	3.52584e-08
2.1278	3.39485e-08
2.1279	3.77751e-08
2.128	3.20086e-08
2.1281	3.94617e-08
2.1282	2.44764e-08
2.1283	3.31751e-08
2.1284	3.62743e-08
2.1285	3.32408e-08
2.1286	2.49792e-08
2.1287	2.79961e-08
2.1288	2.468e-08
2.1289	3.11708e-08
2.129	3.12671e-08
2.1291	3.41375e-08
2.1292	3.18104e-08
2.1293	2.48975e-08
2.1294	3.40286e-08
2.1295	3.2596e-08
2.1296	4.39097e-08
2.1297	2.94768e-08
2.1298	2.2838e-08
2.1299	3.67845e-08
2.13	4.06013e-08
2.1301	3.56786e-08
2.1302	3.62551e-08
2.1303	2.86299e-08
2.1304	3.12614e-08
2.1305	3.67697e-08
2.1306	3.62286e-08
2.1307	3.86995e-08
2.1308	2.25192e-08
2.1309	2.85442e-08
2.131	3.86838e-08
2.1311	2.98723e-08
2.1312	3.02766e-08
2.1313	3.42929e-08
2.1314	3.44969e-08
2.1315	2.76254e-08
2.1316	2.80055e-08
2.1317	3.7737e-08
2.1318	3.17793e-08
2.1319	2.6799e-08
2.132	2.75265e-08
2.1321	3.86596e-08
2.1322	3.48891e-08
2.1323	3.36552e-08
2.1324	2.39269e-08
2.1325	3.03809e-08
2.1326	3.46203e-08
2.1327	4.1655e-08
2.1328	2.76514e-08
2.1329	3.85872e-08
2.133	2.10556e-08
2.1331	2.77782e-08
2.1332	2.67051e-08
2.1333	3.39453e-08
2.1334	3.60696e-08
2.1335	3.28564e-08
2.1336	3.60851e-08
2.1337	3.07412e-08
2.1338	3.57811e-08
2.1339	3.95673e-08
2.134	4.06126e-08
2.1341	2.46747e-08
2.1342	2.82479e-08
2.1343	2.86152e-08
2.1344	2.90693e-08
2.1345	3.31949e-08
2.1346	2.9987e-08
2.1347	3.39146e-08
2.1348	4.21079e-08
2.1349	3.46395e-08
2.135	3.30594e-08
2.1351	4.03372e-08
2.1352	2.94674e-08
2.1353	2.54018e-08
2.1354	3.34697e-08
2.1355	3.4859e-08
2.1356	2.89595e-08
2.1357	3.66409e-08
2.1358	4.34445e-08
2.1359	2.2592e-08
2.136	3.74957e-08
2.1361	3.79858e-08
2.1362	2.59261e-08
2.1363	2.83932e-08
2.1364	3.25413e-08
2.1365	2.46249e-08
2.1366	2.70531e-08
2.1367	3.65406e-08
2.1368	3.67197e-08
2.1369	4.23606e-08
2.137	4.14965e-08
2.1371	3.95229e-08
2.1372	3.66278e-08
2.1373	4.35548e-08
2.1374	3.1495e-08
2.1375	3.18789e-08
2.1376	2.9938e-08
2.1377	3.72626e-08
2.1378	4.26314e-08
2.1379	2.47127e-08
2.138	3.17456e-08
2.1381	2.75927e-08
2.1382	3.77809e-08
2.1383	3.85898e-08
2.1384	2.75309e-08
2.1385	3.40367e-08
2.1386	2.59654e-08
2.1387	4.03958e-08
2.1388	2.28364e-08
2.1389	2.40174e-08
2.139	3.24444e-08
2.1391	3.56393e-08
2.1392	3.5728e-08
2.1393	3.23855e-08
2.1394	3.89858e-08
2.1395	3.02378e-08
2.1396	3.38561e-08
2.1397	3.10726e-08
2.1398	2.73428e-08
2.1399	3.25723e-08
2.14	2.76335e-08
2.1401	3.63568e-08
2.1402	2.40046e-08
2.1403	3.56852e-08
2.1404	3.25163e-08
2.1405	2.4054e-08
2.1406	3.41981e-08
2.1407	2.86887e-08
2.1408	3.0135e-08
2.1409	2.81489e-08
2.141	2.64764e-08
2.1411	2.66145e-08
2.1412	3.38418e-08
2.1413	3.37774e-08
2.1414	2.88574e-08
2.1415	2.79107e-08
2.1416	3.35536e-08
2.1417	4.18436e-08
2.1418	3.17097e-08
2.1419	2.66416e-08
2.142	2.77167e-08
2.1421	2.80516e-08
2.1422	3.50129e-08
2.1423	3.21941e-08
2.1424	3.14453e-08
2.1425	4.22543e-08
2.1426	2.98581e-08
2.1427	2.43672e-08
2.1428	2.29887e-08
2.1429	2.3547e-08
2.143	3.14294e-08
2.1431	2.40431e-08
2.1432	2.34196e-08
2.1433	1.99678e-08
2.1434	2.98826e-08
2.1435	3.06573e-08
2.1436	2.44601e-08
2.1437	3.12201e-08
2.1438	3.40129e-08
2.1439	3.6837e-08
2.144	4.64197e-08
2.1441	2.46486e-08
2.1442	2.27165e-08
2.1443	2.61597e-08
2.1444	2.70305e-08
2.1445	3.22391e-08
2.1446	4.05461e-08
2.1447	2.67923e-08
2.1448	3.18927e-08
2.1449	2.99957e-08
2.145	3.07159e-08
2.1451	2.80662e-08
2.1452	3.33964e-08
2.1453	2.9309e-08
2.1454	2.53268e-08
2.1455	2.54811e-08
2.1456	3.35216e-08
2.1457	3.08889e-08
2.1458	2.57691e-08
2.1459	3.39085e-08
2.146	2.37278e-08
2.1461	3.71318e-08
2.1462	3.59919e-08
2.1463	2.62539e-08
2.1464	2.9344e-08
2.1465	2.47646e-08
2.1466	2.87322e-08
2.1467	3.18569e-08
2.1468	2.42921e-08
2.1469	2.573e-08
2.147	2.9196e-08
2.1471	3.96126e-08
2.1472	3.02361e-08
2.1473	4.14525e-08
2.1474	3.23449e-08
2.1475	2.82699e-08
2.1476	2.14837e-08
2.1477	3.40915e-08
2.1478	2.75395e-08
2.1479	3.20001e-08
2.148	2.41778e-08
2.1481	2.65372e-08
2.1482	2.08288e-08
2.1483	3.49005e-08
2.1484	3.70227e-08
2.1485	4.56991e-08
2.1486	3.2e-08
2.1487	2.66157e-08
2.1488	3.58409e-08
2.1489	2.73287e-08
2.149	3.66025e-08
2.1491	2.78875e-08
2.1492	2.11874e-08
2.1493	2.72921e-08
2.1494	2.44928e-08
2.1495	2.97913e-08
2.1496	3.87591e-08
2.1497	3.81292e-08
2.1498	3.70126e-08
2.1499	3.41734e-08
2.15	4.07005e-08
2.1501	3.48341e-08
2.1502	3.25574e-08
2.1503	3.29692e-08
2.1504	3.76559e-08
2.1505	3.16173e-08
2.1506	3.48281e-08
2.1507	3.63696e-08
2.1508	3.07062e-08
2.1509	2.87483e-08
2.151	2.96223e-08
2.1511	2.79082e-08
2.1512	3.83539e-08
2.1513	3.16765e-08
2.1514	2.66973e-08
2.1515	3.40125e-08
2.1516	3.19349e-08
2.1517	2.47617e-08
2.1518	2.4487e-08
2.1519	3.24534e-08
2.152	3.25396e-08
2.1521	3.87533e-08
2.1522	3.24105e-08
2.1523	3.72959e-08
2.1524	4.36644e-08
2.1525	3.54103e-08
2.1526	3.44231e-08
2.1527	3.72175e-08
2.1528	4.43776e-08
2.1529	3.43482e-08
2.153	3.94289e-08
2.1531	2.58759e-08
2.1532	3.32192e-08
2.1533	2.68567e-08
2.1534	2.9567e-08
2.1535	3.19071e-08
2.1536	3.6706e-08
2.1537	2.71128e-08
2.1538	2.06703e-08
2.1539	2.20804e-08
2.154	2.20823e-08
2.1541	3.09287e-08
2.1542	4.15254e-08
2.1543	3.21978e-08
2.1544	2.97099e-08
2.1545	3.89988e-08
2.1546	3.90006e-08
2.1547	3.02642e-08
2.1548	3.48619e-08
2.1549	3.81998e-08
2.155	4.68056e-08
2.1551	4.2096e-08
2.1552	3.85837e-08
2.1553	3.28977e-08
2.1554	2.52955e-08
2.1555	3.38636e-08
2.1556	3.57799e-08
2.1557	3.04377e-08
2.1558	3.21578e-08
2.1559	2.52886e-08
2.156	2.84358e-08
2.1561	2.84195e-08
2.1562	2.35483e-08
2.1563	2.92931e-08
2.1564	2.28962e-08
2.1565	2.52493e-08
2.1566	4.12139e-08
2.1567	4.03676e-08
2.1568	2.98464e-08
2.1569	4.05498e-08
2.157	4.10659e-08
2.1571	3.51216e-08
2.1572	4.52573e-08
2.1573	2.47508e-08
2.1574	4.19179e-08
2.1575	2.70237e-08
2.1576	3.12569e-08
2.1577	3.30995e-08
2.1578	3.66952e-08
2.1579	2.78979e-08
2.158	2.60817e-08
2.1581	3.42885e-08
2.1582	2.57483e-08
2.1583	2.50643e-08
2.1584	2.50463e-08
2.1585	3.64183e-08
2.1586	2.24983e-08
2.1587	2.39454e-08
2.1588	3.07624e-08
2.1589	3.65112e-08
2.159	3.40733e-08
2.1591	2.70105e-08
2.1592	3.84838e-08
2.1593	4.16386e-08
2.1594	3.74397e-08
2.1595	3.22418e-08
2.1596	3.68997e-08
2.1597	3.68666e-08
2.1598	3.20333e-08
2.1599	2.51113e-08
2.16	3.08144e-08
2.1601	3.04124e-08
2.1602	2.7333e-08
2.1603	3.49344e-08
2.1604	3.21949e-08
2.1605	3.80435e-08
2.1606	3.05535e-08
2.1607	2.53824e-08
2.1608	2.58063e-08
2.1609	2.80488e-08
2.161	2.86098e-08
2.1611	2.85261e-08
2.1612	2.41247e-08
2.1613	4.33189e-08
2.1614	4.06474e-08
2.1615	3.85068e-08
2.1616	3.14942e-08
2.1617	3.4902e-08
2.1618	3.78944e-08
2.1619	3.66246e-08
2.162	2.72205e-08
2.1621	3.04846e-08
2.1622	3.50128e-08
2.1623	3.23489e-08
2.1624	2.54278e-08
2.1625	3.21828e-08
2.1626	2.98346e-08
2.1627	3.15448e-08
2.1628	2.56541e-08
2.1629	3.69346e-08
2.163	3.79135e-08
2.1631	3.65763e-08
2.1632	3.96441e-08
2.1633	2.34715e-08
2.1634	3.52236e-08
2.1635	2.89892e-08
2.1636	3.55552e-08
2.1637	3.36738e-08
2.1638	3.03081e-08
2.1639	3.18482e-08
2.164	3.66708e-08
2.1641	3.69539e-08
2.1642	3.07644e-08
2.1643	2.67958e-08
2.1644	3.45671e-08
2.1645	2.37588e-08
2.1646	3.22021e-08
2.1647	3.44554e-08
2.1648	3.61225e-08
2.1649	3.42305e-08
2.165	3.97798e-08
2.1651	3.1021e-08
2.1652	2.57624e-08
2.1653	3.67784e-08
2.1654	3.2177e-08
2.1655	2.26221e-08
2.1656	2.94752e-08
2.1657	4.38884e-08
2.1658	3.81873e-08
2.1659	2.83233e-08
2.166	2.88139e-08
2.1661	3.47511e-08
2.1662	3.85783e-08
2.1663	3.59006e-08
2.1664	3.43541e-08
2.1665	2.45553e-08
2.1666	2.61128e-08
2.1667	3.78182e-08
2.1668	3.28559e-08
2.1669	3.63528e-08
2.167	3.59324e-08
2.1671	2.71467e-08
2.1672	3.33649e-08
2.1673	3.26922e-08
2.1674	3.21553e-08
2.1675	3.20102e-08
2.1676	2.52222e-08
2.1677	3.40214e-08
2.1678	3.87405e-08
2.1679	2.5419e-08
2.168	3.05352e-08
2.1681	2.66048e-08
2.1682	3.10267e-08
2.1683	3.74698e-08
2.1684	3.55727e-08
2.1685	3.11311e-08
2.1686	3.49025e-08
2.1687	2.11627e-08
2.1688	3.13041e-08
2.1689	2.72619e-08
2.169	2.925e-08
2.1691	3.57631e-08
2.1692	3.09995e-08
2.1693	4.05227e-08
2.1694	3.04958e-08
2.1695	3.66123e-08
2.1696	3.92315e-08
2.1697	3.2796e-08
2.1698	2.39591e-08
2.1699	2.7885e-08
2.17	2.35449e-08
2.1701	2.3059e-08
2.1702	3.57316e-08
2.1703	3.49447e-08
2.1704	3.52835e-08
2.1705	3.16426e-08
2.1706	3.41218e-08
2.1707	4.11811e-08
2.1708	4.30775e-08
2.1709	3.94005e-08
2.171	3.34812e-08
2.1711	3.0626e-08
2.1712	3.99251e-08
2.1713	3.49085e-08
2.1714	4.23447e-08
2.1715	4.60131e-08
2.1716	2.97973e-08
2.1717	3.34848e-08
2.1718	4.44898e-08
2.1719	2.72007e-08
2.172	2.84192e-08
2.1721	3.13894e-08
2.1722	3.25364e-08
2.1723	3.32287e-08
2.1724	3.40769e-08
2.1725	4.18761e-08
2.1726	4.22404e-08
2.1727	3.67793e-08
2.1728	3.89591e-08
2.1729	4.73476e-08
2.173	3.68036e-08
2.1731	2.41214e-08
2.1732	3.19309e-08
2.1733	3.6364e-08
2.1734	3.33451e-08
2.1735	4.05138e-08
2.1736	3.1579e-08
2.1737	2.92125e-08
2.1738	3.7852e-08
2.1739	3.26632e-08
2.174	3.32259e-08
2.1741	2.50142e-08
2.1742	3.03643e-08
2.1743	2.44876e-08
2.1744	3.21219e-08
2.1745	2.44389e-08
2.1746	2.29635e-08
2.1747	3.18473e-08
2.1748	3.31667e-08
2.1749	3.47489e-08
2.175	3.47947e-08
2.1751	4.2188e-08
2.1752	4.48013e-08
2.1753	2.84443e-08
2.1754	2.51959e-08
2.1755	2.91034e-08
2.1756	3.76913e-08
2.1757	3.50156e-08
2.1758	2.57243e-08
2.1759	2.48882e-08
2.176	3.12809e-08
2.1761	3.75607e-08
2.1762	2.68194e-08
2.1763	3.32595e-08
2.1764	2.62287e-08
2.1765	3.15474e-08
2.1766	2.92513e-08
2.1767	2.57224e-08
2.1768	2.54659e-08
2.1769	3.25104e-08
2.177	3.14673e-08
2.1771	2.69696e-08
2.1772	3.03514e-08
2.1773	3.51079e-08
2.1774	3.93273e-08
2.1775	2.91226e-08
2.1776	2.82069e-08
2.1777	2.91185e-08
2.1778	3.23787e-08
2.1779	3.52549e-08
2.178	2.96824e-08
2.1781	3.34988e-08
2.1782	4.53534e-08
2.1783	3.5582e-08
2.1784	2.4597e-08
2.1785	2.42268e-08
2.1786	2.09392e-08
2.1787	3.06251e-08
2.1788	2.48424e-08
2.1789	2.37896e-08
2.179	2.19971e-08
2.1791	3.01561e-08
2.1792	2.5571e-08
2.1793	2.57441e-08
2.1794	2.94095e-08
2.1795	3.2452e-08
2.1796	4.48637e-08
2.1797	3.83602e-08
2.1798	2.74475e-08
2.1799	2.62188e-08
2.18	2.93457e-08
2.1801	2.28214e-08
2.1802	3.0715e-08
2.1803	4.06354e-08
2.1804	2.82488e-08
2.1805	3.35168e-08
2.1806	3.71882e-08
2.1807	2.32462e-08
2.1808	2.40933e-08
2.1809	4.51827e-08
2.181	3.1058e-08
2.1811	2.42629e-08
2.1812	2.74057e-08
2.1813	3.76385e-08
2.1814	2.71227e-08
2.1815	2.89649e-08
2.1816	3.09534e-08
2.1817	3.66334e-08
2.1818	3.95484e-08
2.1819	4.40234e-08
2.182	2.68763e-08
2.1821	3.75305e-08
2.1822	2.62276e-08
2.1823	2.93949e-08
2.1824	2.95156e-08
2.1825	2.78423e-08
2.1826	2.80706e-08
2.1827	3.324e-08
2.1828	3.54465e-08
2.1829	2.68743e-08
2.183	3.52418e-08
2.1831	2.80027e-08
2.1832	2.89018e-08
2.1833	3.00643e-08
2.1834	3.27572e-08
2.1835	2.87377e-08
2.1836	3.23927e-08
2.1837	2.30678e-08
2.1838	3.07038e-08
2.1839	2.79086e-08
2.184	3.91314e-08
2.1841	3.25276e-08
2.1842	4.49395e-08
2.1843	3.45325e-08
2.1844	2.78615e-08
2.1845	3.62976e-08
2.1846	2.45073e-08
2.1847	3.69698e-08
2.1848	2.60818e-08
2.1849	2.54686e-08
2.185	2.99586e-08
2.1851	2.37886e-08
2.1852	3.05325e-08
2.1853	3.30759e-08
2.1854	3.16686e-08
2.1855	3.42659e-08
2.1856	4.16427e-08
2.1857	4.00319e-08
2.1858	4.15893e-08
2.1859	3.71215e-08
2.186	4.15115e-08
2.1861	3.07683e-08
2.1862	2.71958e-08
2.1863	3.63674e-08
2.1864	3.74773e-08
2.1865	3.43524e-08
2.1866	2.83764e-08
2.1867	2.36691e-08
2.1868	3.28043e-08
2.1869	3.35656e-08
2.187	3.31429e-08
2.1871	3.35726e-08
2.1872	3.1294e-08
2.1873	3.17443e-08
2.1874	2.54393e-08
2.1875	2.26565e-08
2.1876	2.99254e-08
2.1877	3.3518e-08
2.1878	3.70346e-08
2.1879	2.65555e-08
2.188	4.48362e-08
2.1881	3.27202e-08
2.1882	3.8353e-08
2.1883	3.51018e-08
2.1884	3.82118e-08
2.1885	4.53565e-08
2.1886	3.00203e-08
2.1887	4.03547e-08
2.1888	3.02287e-08
2.1889	3.45442e-08
2.189	3.27747e-08
2.1891	2.75794e-08
2.1892	3.28183e-08
2.1893	3.68124e-08
2.1894	2.9422e-08
2.1895	2.52044e-08
2.1896	1.93585e-08
2.1897	2.38446e-08
2.1898	3.83319e-08
2.1899	3.46287e-08
2.19	2.82328e-08
2.1901	2.88539e-08
2.1902	4.26433e-08
2.1903	3.48305e-08
2.1904	2.32851e-08
2.1905	3.9954e-08
2.1906	4.0465e-08
2.1907	3.38615e-08
2.1908	4.23026e-08
2.1909	3.20418e-08
2.191	2.76514e-08
2.1911	3.10244e-08
2.1912	3.52976e-08
2.1913	3.38476e-08
2.1914	3.37913e-08
2.1915	2.40926e-08
2.1916	2.60325e-08
2.1917	2.36897e-08
2.1918	2.5105e-08
2.1919	2.45827e-08
2.192	2.99297e-08
2.1921	2.58127e-08
2.1922	2.55138e-08
2.1923	3.22383e-08
2.1924	4.11092e-08
2.1925	4.17669e-08
2.1926	4.02389e-08
2.1927	4.47743e-08
2.1928	4.18577e-08
2.1929	4.05526e-08
2.193	2.78489e-08
2.1931	3.14118e-08
2.1932	3.1248e-08
2.1933	3.16903e-08
2.1934	2.85711e-08
2.1935	3.9008e-08
2.1936	2.92159e-08
2.1937	2.65284e-08
2.1938	2.63362e-08
2.1939	2.25713e-08
2.194	2.39501e-08
2.1941	2.89719e-08
2.1942	2.6422e-08
2.1943	2.16207e-08
2.1944	2.40832e-08
2.1945	3.6272e-08
2.1946	3.34348e-08
2.1947	2.97896e-08
2.1948	2.86787e-08
2.1949	3.6417e-08
2.195	4.66798e-08
2.1951	3.70034e-08
2.1952	3.22207e-08
2.1953	3.41557e-08
2.1954	3.44212e-08
2.1955	3.35062e-08
2.1956	2.04442e-08
2.1957	2.75159e-08
2.1958	2.65358e-08
2.1959	2.4353e-08
2.196	3.09732e-08
2.1961	2.50966e-08
2.1962	3.87248e-08
2.1963	2.32464e-08
2.1964	2.85969e-08
2.1965	3.10145e-08
2.1966	2.76859e-08
2.1967	3.21379e-08
2.1968	2.93193e-08
2.1969	3.13037e-08
2.197	3.45303e-08
2.1971	3.16814e-08
2.1972	4.31749e-08
2.1973	3.63391e-08
2.1974	3.0379e-08
2.1975	4.0431e-08
2.1976	3.70003e-08
2.1977	3.15749e-08
2.1978	4.05126e-08
2.1979	3.76553e-08
2.198	3.17013e-08
2.1981	2.84069e-08
2.1982	3.14742e-08
2.1983	3.72217e-08
2.1984	2.72326e-08
2.1985	3.01789e-08
2.1986	3.27295e-08
2.1987	3.67662e-08
2.1988	2.86925e-08
2.1989	4.36475e-08
2.199	2.86501e-08
2.1991	3.69e-08
2.1992	3.43264e-08
2.1993	3.35921e-08
2.1994	2.89852e-08
2.1995	3.67216e-08
2.1996	3.75062e-08
2.1997	3.36187e-08
2.1998	3.53894e-08
2.1999	3.58735e-08
2.2	2.88384e-08
2.2001	3.55753e-08
2.2002	2.12947e-08
2.2003	2.901e-08
2.2004	3.56109e-08
2.2005	3.31493e-08
2.2006	4.16945e-08
2.2007	2.87243e-08
2.2008	3.26243e-08
2.2009	3.31241e-08
2.201	3.36334e-08
2.2011	3.01146e-08
2.2012	2.19814e-08
2.2013	2.81991e-08
2.2014	4.70467e-08
2.2015	3.39355e-08
2.2016	3.27165e-08
2.2017	3.1309e-08
2.2018	2.81859e-08
2.2019	4.215e-08
2.202	3.39077e-08
2.2021	3.51705e-08
2.2022	2.4914e-08
2.2023	3.46134e-08
2.2024	3.31905e-08
2.2025	2.64837e-08
2.2026	3.23198e-08
2.2027	3.30109e-08
2.2028	2.98256e-08
2.2029	3.08113e-08
2.203	2.63518e-08
2.2031	3.07279e-08
2.2032	3.35643e-08
2.2033	2.94239e-08
2.2034	3.50289e-08
2.2035	3.14419e-08
2.2036	2.52303e-08
2.2037	3.47424e-08
2.2038	3.11352e-08
2.2039	3.13127e-08
2.204	3.55678e-08
2.2041	3.60099e-08
2.2042	3.36603e-08
2.2043	3.75033e-08
2.2044	2.42675e-08
2.2045	2.86396e-08
2.2046	3.54186e-08
2.2047	4.16069e-08
2.2048	4.29784e-08
2.2049	3.80128e-08
2.205	3.74292e-08
2.2051	3.24235e-08
2.2052	2.60004e-08
2.2053	4.94716e-08
2.2054	4.76082e-08
2.2055	2.1981e-08
2.2056	3.4392e-08
2.2057	3.37542e-08
2.2058	2.40393e-08
2.2059	2.90456e-08
2.206	3.95601e-08
2.2061	4.95419e-08
2.2062	3.99376e-08
2.2063	3.58928e-08
2.2064	3.96199e-08
2.2065	3.15405e-08
2.2066	4.00094e-08
2.2067	3.22515e-08
2.2068	2.90794e-08
2.2069	3.65164e-08
2.207	3.54409e-08
2.2071	3.56186e-08
2.2072	3.69419e-08
2.2073	2.337e-08
2.2074	3.76871e-08
2.2075	3.83938e-08
2.2076	2.37519e-08
2.2077	2.76808e-08
2.2078	3.08689e-08
2.2079	2.85784e-08
2.208	2.9031e-08
2.2081	3.97514e-08
2.2082	3.75644e-08
2.2083	4.14542e-08
2.2084	3.39088e-08
2.2085	3.42641e-08
2.2086	3.99038e-08
2.2087	3.61121e-08
2.2088	3.36691e-08
2.2089	2.8168e-08
2.209	3.64025e-08
2.2091	2.87782e-08
2.2092	4.83311e-08
2.2093	3.17873e-08
2.2094	2.88318e-08
2.2095	3.5382e-08
2.2096	3.6202e-08
2.2097	3.24856e-08
2.2098	2.78293e-08
2.2099	3.11012e-08
2.21	2.44963e-08
2.2101	3.07685e-08
2.2102	2.3244e-08
2.2103	2.09686e-08
2.2104	3.08241e-08
2.2105	3.8363e-08
2.2106	3.71454e-08
2.2107	3.81584e-08
2.2108	3.61315e-08
2.2109	3.8865e-08
2.211	3.59109e-08
2.2111	3.3303e-08
2.2112	2.13405e-08
2.2113	3.26407e-08
2.2114	2.9826e-08
2.2115	3.59286e-08
2.2116	2.41989e-08
2.2117	3.49009e-08
2.2118	3.32231e-08
2.2119	2.43198e-08
2.212	2.88253e-08
2.2121	2.27696e-08
2.2122	3.58858e-08
2.2123	3.35623e-08
2.2124	2.30604e-08
2.2125	2.563e-08
2.2126	3.91067e-08
2.2127	2.80358e-08
2.2128	3.29324e-08
2.2129	3.18616e-08
2.213	3.12005e-08
2.2131	4.07536e-08
2.2132	3.07571e-08
2.2133	2.63679e-08
2.2134	3.67934e-08
2.2135	2.50046e-08
2.2136	3.25442e-08
2.2137	3.5415e-08
2.2138	4.14164e-08
2.2139	3.76936e-08
2.214	3.15239e-08
2.2141	2.48653e-08
2.2142	2.59134e-08
2.2143	2.58646e-08
2.2144	2.71113e-08
2.2145	2.39362e-08
2.2146	2.18599e-08
2.2147	2.0407e-08
2.2148	2.68899e-08
2.2149	2.89005e-08
2.215	2.57014e-08
2.2151	3.12589e-08
2.2152	3.28657e-08
2.2153	3.73887e-08
2.2154	4.42498e-08
2.2155	2.40001e-08
2.2156	2.53124e-08
2.2157	2.9635e-08
2.2158	2.67881e-08
2.2159	3.17547e-08
2.216	3.53934e-08
2.2161	2.43361e-08
2.2162	3.37156e-08
2.2163	2.74455e-08
2.2164	3.15906e-08
2.2165	3.80161e-08
2.2166	3.77573e-08
2.2167	2.34566e-08
2.2168	3.27553e-08
2.2169	2.15705e-08
2.217	3.07527e-08
2.2171	2.52637e-08
2.2172	2.87856e-08
2.2173	3.44872e-08
2.2174	3.24989e-08
2.2175	3.61558e-08
2.2176	3.74756e-08
2.2177	2.45987e-08
2.2178	3.24963e-08
2.2179	2.98021e-08
2.218	3.02137e-08
2.2181	3.06365e-08
2.2182	2.3574e-08
2.2183	2.86127e-08
2.2184	3.35714e-08
2.2185	4.3761e-08
2.2186	3.49228e-08
2.2187	3.57539e-08
2.2188	3.47148e-08
2.2189	3.42111e-08
2.219	2.31096e-08
2.2191	4.3143e-08
2.2192	3.11492e-08
2.2193	3.51439e-08
2.2194	2.51153e-08
2.2195	2.89773e-08
2.2196	2.83216e-08
2.2197	3.84798e-08
2.2198	3.36555e-08
2.2199	3.68087e-08
2.22	3.47623e-08
2.2201	2.53328e-08
2.2202	3.67502e-08
2.2203	2.95795e-08
2.2204	3.77821e-08
2.2205	2.51271e-08
2.2206	2.56256e-08
2.2207	2.54075e-08
2.2208	2.93474e-08
2.2209	2.85502e-08
2.221	3.93231e-08
2.2211	3.29918e-08
2.2212	4.04978e-08
2.2213	4.43986e-08
2.2214	3.93363e-08
2.2215	3.95409e-08
2.2216	2.8476e-08
2.2217	3.33616e-08
2.2218	4.04126e-08
2.2219	2.75833e-08
2.222	3.01627e-08
2.2221	3.75232e-08
2.2222	2.99726e-08
2.2223	3.13373e-08
2.2224	3.14351e-08
2.2225	2.36919e-08
2.2226	3.0402e-08
2.2227	3.09938e-08
2.2228	3.2446e-08
2.2229	3.40409e-08
2.223	2.47006e-08
2.2231	2.63565e-08
2.2232	2.45446e-08
2.2233	3.35762e-08
2.2234	3.11769e-08
2.2235	3.47267e-08
2.2236	3.02414e-08
2.2237	3.72836e-08
2.2238	4.50389e-08
2.2239	4.1453e-08
2.224	3.06035e-08
2.2241	3.47131e-08
2.2242	4.25501e-08
2.2243	2.68082e-08
2.2244	3.7948e-08
2.2245	3.13395e-08
2.2246	3.16335e-08
2.2247	2.70855e-08
2.2248	3.16312e-08
2.2249	3.6654e-08
2.225	3.69126e-08
2.2251	2.46702e-08
2.2252	2.37296e-08
2.2253	2.21606e-08
2.2254	2.13735e-08
2.2255	3.54596e-08
2.2256	3.95417e-08
2.2257	2.97825e-08
2.2258	2.44616e-08
2.2259	3.45039e-08
2.226	4.50379e-08
2.2261	3.78937e-08
2.2262	3.07728e-08
2.2263	4.15088e-08
2.2264	3.42595e-08
2.2265	4.31084e-08
2.2266	3.82663e-08
2.2267	3.02231e-08
2.2268	2.58424e-08
2.2269	4.03599e-08
2.227	3.57072e-08
2.2271	2.83045e-08
2.2272	2.91244e-08
2.2273	2.68205e-08
2.2274	2.94116e-08
2.2275	2.93953e-08
2.2276	2.87334e-08
2.2277	2.83437e-08
2.2278	2.48929e-08
2.2279	2.90185e-08
2.228	3.69178e-08
2.2281	4.22778e-08
2.2282	3.02431e-08
2.2283	3.93878e-08
2.2284	3.90811e-08
2.2285	3.67775e-08
2.2286	4.16666e-08
2.2287	2.9242e-08
2.2288	3.93542e-08
2.2289	3.47398e-08
2.229	3.52282e-08
2.2291	3.24005e-08
2.2292	3.62759e-08
2.2293	2.74127e-08
2.2294	2.78892e-08
2.2295	2.59326e-08
2.2296	2.50406e-08
2.2297	2.82015e-08
2.2298	2.50373e-08
2.2299	1.85447e-08
2.23	2.22383e-08
2.2301	3.65738e-08
2.2302	3.46269e-08
2.2303	3.51366e-08
2.2304	3.33556e-08
2.2305	3.05848e-08
2.2306	4.35264e-08
2.2307	4.44216e-08
2.2308	3.50064e-08
2.2309	3.26283e-08
2.231	3.67165e-08
2.2311	4.00371e-08
2.2312	2.97171e-08
2.2313	2.38169e-08
2.2314	2.93982e-08
2.2315	2.92267e-08
2.2316	2.94255e-08
2.2317	2.99461e-08
2.2318	3.36689e-08
2.2319	3.88348e-08
2.232	2.76322e-08
2.2321	2.64839e-08
2.2322	2.89306e-08
2.2323	2.93759e-08
2.2324	2.68381e-08
2.2325	2.95574e-08
2.2326	2.6459e-08
2.2327	3.93581e-08
2.2328	4.04152e-08
2.2329	3.40261e-08
2.233	3.25322e-08
2.2331	3.82667e-08
2.2332	3.8269e-08
2.2333	3.959e-08
2.2334	2.97966e-08
2.2335	3.79777e-08
2.2336	3.45776e-08
2.2337	3.23748e-08
2.2338	2.20636e-08
2.2339	3.48402e-08
2.234	3.16458e-08
2.2341	3.14072e-08
2.2342	2.85074e-08
2.2343	3.92974e-08
2.2344	3.52634e-08
2.2345	3.51703e-08
2.2346	3.73913e-08
2.2347	2.94072e-08
2.2348	3.8074e-08
2.2349	2.80126e-08
2.235	3.0351e-08
2.2351	2.95698e-08
2.2352	3.34218e-08
2.2353	3.36e-08
2.2354	3.66676e-08
2.2355	3.09865e-08
2.2356	3.08194e-08
2.2357	2.85706e-08
2.2358	2.85458e-08
2.2359	2.22591e-08
2.236	3.26287e-08
2.2361	3.47236e-08
2.2362	3.18183e-08
2.2363	3.19829e-08
2.2364	3.94739e-08
2.2365	3.1498e-08
2.2366	2.86051e-08
2.2367	3.22296e-08
2.2368	3.15006e-08
2.2369	2.30519e-08
2.237	2.98237e-08
2.2371	4.372e-08
2.2372	3.69549e-08
2.2373	3.32187e-08
2.2374	3.12927e-08
2.2375	3.09257e-08
2.2376	4.00544e-08
2.2377	4.10548e-08
2.2378	2.70993e-08
2.2379	2.7506e-08
2.238	2.54566e-08
2.2381	3.41669e-08
2.2382	2.72913e-08
2.2383	3.13925e-08
2.2384	3.25385e-08
2.2385	2.80461e-08
2.2386	2.73991e-08
2.2387	3.64e-08
2.2388	3.06586e-08
2.2389	2.8466e-08
2.239	2.54354e-08
2.2391	3.37705e-08
2.2392	3.57852e-08
2.2393	2.41369e-08
2.2394	3.06206e-08
2.2395	3.04979e-08
2.2396	3.24522e-08
2.2397	3.91399e-08
2.2398	3.70129e-08
2.2399	3.742e-08
2.24	3.37042e-08
2.2401	2.04918e-08
2.2402	2.8498e-08
2.2403	3.03536e-08
2.2404	2.91813e-08
2.2405	3.86866e-08
2.2406	2.74417e-08
2.2407	3.34885e-08
2.2408	3.54049e-08
2.2409	3.53636e-08
2.241	3.98536e-08
2.2411	3.22163e-08
2.2412	2.7105e-08
2.2413	2.64308e-08
2.2414	2.53363e-08
2.2415	2.26404e-08
2.2416	3.52501e-08
2.2417	3.63438e-08
2.2418	3.91802e-08
2.2419	3.6424e-08
2.242	3.73175e-08
2.2421	4.37513e-08
2.2422	4.13725e-08
2.2423	3.54649e-08
2.2424	2.37777e-08
2.2425	2.9835e-08
2.2426	3.49619e-08
2.2427	3.25988e-08
2.2428	3.51381e-08
2.2429	3.46285e-08
2.243	2.6446e-08
2.2431	3.16521e-08
2.2432	4.01779e-08
2.2433	2.77432e-08
2.2434	2.60963e-08
2.2435	3.53202e-08
2.2436	3.01374e-08
2.2437	3.06734e-08
2.2438	3.79862e-08
2.2439	4.3913e-08
2.244	4.03581e-08
2.2441	3.3565e-08
2.2442	3.12499e-08
2.2443	5.21952e-08
2.2444	3.58938e-08
2.2445	3.06251e-08
2.2446	3.27408e-08
2.2447	3.77229e-08
2.2448	3.19577e-08
2.2449	4.03754e-08
2.245	3.00415e-08
2.2451	3.2895e-08
2.2452	4.0864e-08
2.2453	2.9024e-08
2.2454	4.18121e-08
2.2455	3.01304e-08
2.2456	2.91573e-08
2.2457	2.55241e-08
2.2458	3.31464e-08
2.2459	2.58426e-08
2.246	2.40556e-08
2.2461	2.84571e-08
2.2462	3.26007e-08
2.2463	4.14479e-08
2.2464	3.59945e-08
2.2465	3.60721e-08
2.2466	3.285e-08
2.2467	3.27689e-08
2.2468	3.20914e-08
2.2469	2.97219e-08
2.247	3.20687e-08
2.2471	2.72932e-08
2.2472	3.33696e-08
2.2473	2.3853e-08
2.2474	3.22466e-08
2.2475	3.79607e-08
2.2476	2.61253e-08
2.2477	3.13962e-08
2.2478	2.80637e-08
2.2479	3.01254e-08
2.248	2.80704e-08
2.2481	2.38402e-08
2.2482	2.61641e-08
2.2483	3.04335e-08
2.2484	3.17598e-08
2.2485	2.3608e-08
2.2486	3.28136e-08
2.2487	3.44971e-08
2.2488	3.51741e-08
2.2489	2.93382e-08
2.249	2.79674e-08
2.2491	3.05321e-08
2.2492	2.47773e-08
2.2493	3.47056e-08
2.2494	3.02422e-08
2.2495	4.0311e-08
2.2496	3.36695e-08
2.2497	2.82932e-08
2.2498	2.16821e-08
2.2499	2.47439e-08
2.25	2.01653e-08
2.2501	2.96056e-08
2.2502	2.38766e-08
2.2503	2.47063e-08
2.2504	2.61413e-08
2.2505	2.59136e-08
2.2506	2.83705e-08
2.2507	2.67341e-08
2.2508	2.92246e-08
2.2509	3.39812e-08
2.251	4.39604e-08
2.2511	3.90715e-08
2.2512	2.618e-08
2.2513	2.18319e-08
2.2514	2.92024e-08
2.2515	2.55345e-08
2.2516	3.16073e-08
2.2517	4.16118e-08
2.2518	2.799e-08
2.2519	3.49813e-08
2.252	3.49999e-08
2.2521	2.49531e-08
2.2522	2.37879e-08
2.2523	4.21562e-08
2.2524	3.07237e-08
2.2525	2.45766e-08
2.2526	2.353e-08
2.2527	3.20015e-08
2.2528	2.42064e-08
2.2529	2.85597e-08
2.253	3.3972e-08
2.2531	3.31796e-08
2.2532	4.89999e-08
2.2533	4.13718e-08
2.2534	3.2357e-08
2.2535	3.20299e-08
2.2536	3.11154e-08
2.2537	2.6122e-08
2.2538	3.07686e-08
2.2539	2.19861e-08
2.254	2.76525e-08
2.2541	3.81857e-08
2.2542	3.50986e-08
2.2543	3.34685e-08
2.2544	3.16559e-08
2.2545	3.03674e-08
2.2546	2.49204e-08
2.2547	2.75844e-08
2.2548	3.18788e-08
2.2549	2.31916e-08
2.255	3.1699e-08
2.2551	2.35465e-08
2.2552	3.30466e-08
2.2553	2.78635e-08
2.2554	3.92605e-08
2.2555	3.60278e-08
2.2556	3.94937e-08
2.2557	3.48826e-08
2.2558	2.95085e-08
2.2559	3.74174e-08
2.256	2.38527e-08
2.2561	3.09645e-08
2.2562	3.09481e-08
2.2563	2.45409e-08
2.2564	2.57908e-08
2.2565	2.1341e-08
2.2566	3.2865e-08
2.2567	3.3133e-08
2.2568	3.44295e-08
2.2569	3.39485e-08
2.257	4.0258e-08
2.2571	3.59138e-08
2.2572	3.91207e-08
2.2573	3.62331e-08
2.2574	3.66559e-08
2.2575	2.92056e-08
2.2576	3.24465e-08
2.2577	3.79835e-08
2.2578	3.65552e-08
2.2579	3.24048e-08
2.258	2.55678e-08
2.2581	2.56906e-08
2.2582	3.40956e-08
2.2583	3.67942e-08
2.2584	3.0153e-08
2.2585	3.28844e-08
2.2586	3.64857e-08
2.2587	3.15529e-08
2.2588	2.34688e-08
2.2589	2.38526e-08
2.259	3.18349e-08
2.2591	3.47303e-08
2.2592	3.49732e-08
2.2593	2.81492e-08
2.2594	4.58442e-08
2.2595	3.98243e-08
2.2596	3.56438e-08
2.2597	3.46172e-08
2.2598	3.80428e-08
2.2599	4.37694e-08
2.26	2.59726e-08
2.2601	3.84036e-08
2.2602	3.13136e-08
2.2603	3.20009e-08
2.2604	2.98811e-08
2.2605	3.12879e-08
2.2606	3.51201e-08
2.2607	3.74492e-08
2.2608	3.10108e-08
2.2609	2.40174e-08
2.261	2.02003e-08
2.2611	3.16682e-08
2.2612	3.58247e-08
2.2613	3.3358e-08
2.2614	3.14312e-08
2.2615	2.82171e-08
2.2616	4.10277e-08
2.2617	2.78252e-08
2.2618	2.37705e-08
2.2619	3.84323e-08
2.262	3.93041e-08
2.2621	4.02584e-08
2.2622	3.65377e-08
2.2623	4.02983e-08
2.2624	2.72248e-08
2.2625	2.82069e-08
2.2626	3.53522e-08
2.2627	3.19747e-08
2.2628	3.68512e-08
2.2629	2.33407e-08
2.263	2.51157e-08
2.2631	2.32151e-08
2.2632	2.34943e-08
2.2633	2.38014e-08
2.2634	3.07582e-08
2.2635	2.32889e-08
2.2636	2.51748e-08
2.2637	4.84065e-08
2.2638	4.93331e-08
2.2639	3.07082e-08
2.264	4.11113e-08
2.2641	3.93069e-08
2.2642	3.92344e-08
2.2643	4.27111e-08
2.2644	2.93455e-08
2.2645	3.21419e-08
2.2646	2.98916e-08
2.2647	3.61465e-08
2.2648	3.03147e-08
2.2649	3.45078e-08
2.265	3.15261e-08
2.2651	2.81007e-08
2.2652	2.65713e-08
2.2653	2.471e-08
2.2654	2.40661e-08
2.2655	3.06341e-08
2.2656	2.54391e-08
2.2657	2.1123e-08
2.2658	3.10045e-08
2.2659	2.83995e-08
2.266	3.83071e-08
2.2661	3.23641e-08
2.2662	2.88501e-08
2.2663	3.72789e-08
2.2664	5.41609e-08
2.2665	4.60298e-08
2.2666	3.83273e-08
2.2667	3.07655e-08
2.2668	3.71955e-08
2.2669	3.49869e-08
2.267	2.33021e-08
2.2671	2.8039e-08
2.2672	2.65051e-08
2.2673	2.861e-08
2.2674	3.12192e-08
2.2675	3.05298e-08
2.2676	2.82628e-08
2.2677	1.97851e-08
2.2678	2.93813e-08
2.2679	2.87723e-08
2.268	2.82399e-08
2.2681	2.98759e-08
2.2682	3.01447e-08
2.2683	3.0631e-08
2.2684	3.05114e-08
2.2685	3.77574e-08
2.2686	3.06686e-08
2.2687	3.66888e-08
2.2688	3.19318e-08
2.2689	4.61853e-08
2.269	3.92214e-08
2.2691	2.84095e-08
2.2692	3.90511e-08
2.2693	3.54876e-08
2.2694	2.50401e-08
2.2695	2.50262e-08
2.2696	3.39956e-08
2.2697	3.59548e-08
2.2698	3.1467e-08
2.2699	3.14261e-08
2.27	3.18866e-08
2.2701	3.39751e-08
2.2702	3.26841e-08
2.2703	3.63821e-08
2.2704	3.47186e-08
2.2705	3.73884e-08
2.2706	3.60898e-08
2.2707	3.90163e-08
2.2708	3.06244e-08
2.2709	3.68984e-08
2.271	2.65157e-08
2.2711	3.41378e-08
2.2712	3.6379e-08
2.2713	3.15134e-08
2.2714	3.17417e-08
2.2715	3.31902e-08
2.2716	2.34446e-08
2.2717	3.46266e-08
2.2718	3.65741e-08
2.2719	3.54351e-08
2.272	3.43672e-08
2.2721	2.43591e-08
2.2722	3.42934e-08
2.2723	3.03879e-08
2.2724	3.4984e-08
2.2725	3.00714e-08
2.2726	2.26367e-08
2.2727	3.57264e-08
2.2728	4.51468e-08
2.2729	3.49959e-08
2.273	3.34509e-08
2.2731	2.82412e-08
2.2732	3.66027e-08
2.2733	3.58905e-08
2.2734	3.43832e-08
2.2735	3.23896e-08
2.2736	2.36415e-08
2.2737	2.82657e-08
2.2738	3.38445e-08
2.2739	2.52279e-08
2.274	3.25071e-08
2.2741	3.38995e-08
2.2742	2.87793e-08
2.2743	3.14159e-08
2.2744	2.76429e-08
2.2745	3.71458e-08
2.2746	3.20371e-08
2.2747	2.5689e-08
2.2748	3.0601e-08
2.2749	3.62686e-08
2.275	2.75723e-08
2.2751	3.94048e-08
2.2752	2.89803e-08
2.2753	2.89113e-08
2.2754	3.24657e-08
2.2755	4.0904e-08
2.2756	2.89238e-08
2.2757	4.07613e-08
2.2758	2.7199e-08
2.2759	2.62152e-08
2.276	2.77602e-08
2.2761	3.59893e-08
2.2762	3.49979e-08
2.2763	3.38812e-08
2.2764	3.50865e-08
2.2765	2.8669e-08
2.2766	3.73283e-08
2.2767	4.89322e-08
2.2768	4.06793e-08
2.2769	2.18655e-08
2.277	2.87095e-08
2.2771	2.54584e-08
2.2772	2.29087e-08
2.2773	3.40246e-08
2.2774	4.50545e-08
2.2775	4.45348e-08
2.2776	3.68999e-08
2.2777	3.38425e-08
2.2778	3.09273e-08
2.2779	3.24293e-08
2.278	3.47539e-08
2.2781	2.5937e-08
2.2782	3.0658e-08
2.2783	3.7322e-08
2.2784	3.26156e-08
2.2785	3.46047e-08
2.2786	4.29596e-08
2.2787	2.646e-08
2.2788	3.76216e-08
2.2789	3.89876e-08
2.279	2.74509e-08
2.2791	2.76669e-08
2.2792	3.40742e-08
2.2793	2.77023e-08
2.2794	3.13064e-08
2.2795	3.8815e-08
2.2796	4.04662e-08
2.2797	4.41602e-08
2.2798	3.94644e-08
2.2799	4.09917e-08
2.28	4.3404e-08
2.2801	3.35402e-08
2.2802	2.79331e-08
2.2803	4.18898e-08
2.2804	3.68946e-08
2.2805	3.11779e-08
2.2806	4.31511e-08
2.2807	3.05641e-08
2.2808	2.83056e-08
2.2809	3.55767e-08
2.281	3.78661e-08
2.2811	3.62582e-08
2.2812	2.86055e-08
2.2813	3.13895e-08
2.2814	3.45955e-08
2.2815	2.69494e-08
2.2816	2.53973e-08
2.2817	2.57648e-08
2.2818	2.92791e-08
2.2819	3.2233e-08
2.282	3.82239e-08
2.2821	3.67137e-08
2.2822	4.44096e-08
2.2823	2.85498e-08
2.2824	3.19303e-08
2.2825	3.22e-08
2.2826	2.40315e-08
2.2827	3.25996e-08
2.2828	3.87321e-08
2.2829	2.70817e-08
2.283	2.44931e-08
2.2831	3.55091e-08
2.2832	3.97985e-08
2.2833	2.15407e-08
2.2834	3.1092e-08
2.2835	2.41891e-08
2.2836	3.09602e-08
2.2837	3.24624e-08
2.2838	2.16929e-08
2.2839	2.49682e-08
2.284	3.16361e-08
2.2841	3.58803e-08
2.2842	3.10868e-08
2.2843	2.81115e-08
2.2844	3.51394e-08
2.2845	3.8041e-08
2.2846	2.8194e-08
2.2847	3.01247e-08
2.2848	3.4281e-08
2.2849	2.05092e-08
2.285	3.09003e-08
2.2851	3.418e-08
2.2852	3.55035e-08
2.2853	4.23055e-08
2.2854	3.76747e-08
2.2855	2.73791e-08
2.2856	2.72284e-08
2.2857	2.39004e-08
2.2858	3.02864e-08
2.2859	2.82467e-08
2.286	2.22252e-08
2.2861	2.16249e-08
2.2862	2.96388e-08
2.2863	3.63555e-08
2.2864	2.1773e-08
2.2865	2.65585e-08
2.2866	3.56665e-08
2.2867	4.11302e-08
2.2868	4.50117e-08
2.2869	2.19076e-08
2.287	2.81514e-08
2.2871	3.39705e-08
2.2872	2.82569e-08
2.2873	3.02084e-08
2.2874	4.312e-08
2.2875	2.47908e-08
2.2876	3.39773e-08
2.2877	2.78058e-08
2.2878	3.06501e-08
2.2879	2.74618e-08
2.288	4.24735e-08
2.2881	3.05709e-08
2.2882	2.41718e-08
2.2883	2.06371e-08
2.2884	3.28433e-08
2.2885	3.28685e-08
2.2886	2.54932e-08
2.2887	3.24556e-08
2.2888	3.65735e-08
2.2889	3.93492e-08
2.289	4.04599e-08
2.2891	2.65689e-08
2.2892	2.732e-08
2.2893	2.99557e-08
2.2894	3.13841e-08
2.2895	2.73211e-08
2.2896	2.67125e-08
2.2897	2.50312e-08
2.2898	3.26582e-08
2.2899	3.10677e-08
2.29	3.89415e-08
2.2901	3.67738e-08
2.2902	2.81539e-08
2.2903	2.84508e-08
2.2904	2.85274e-08
2.2905	3.88141e-08
2.2906	3.01463e-08
2.2907	3.26188e-08
2.2908	2.22168e-08
2.2909	2.77121e-08
2.291	2.34109e-08
2.2911	3.54555e-08
2.2912	3.57917e-08
2.2913	4.3944e-08
2.2914	2.74435e-08
2.2915	2.50551e-08
2.2916	3.66582e-08
2.2917	3.19768e-08
2.2918	3.78022e-08
2.2919	2.65746e-08
2.292	2.55218e-08
2.2921	2.80908e-08
2.2922	2.67195e-08
2.2923	2.73915e-08
2.2924	3.79519e-08
2.2925	3.49478e-08
2.2926	3.73189e-08
2.2927	4.40372e-08
2.2928	4.35842e-08
2.2929	4.00034e-08
2.293	3.48015e-08
2.2931	2.42025e-08
2.2932	3.60636e-08
2.2933	3.39234e-08
2.2934	3.44821e-08
2.2935	3.75736e-08
2.2936	3.08581e-08
2.2937	3.00964e-08
2.2938	3.35821e-08
2.2939	2.6644e-08
2.294	3.17869e-08
2.2941	3.12299e-08
2.2942	3.1013e-08
2.2943	3.64432e-08
2.2944	2.57774e-08
2.2945	2.32287e-08
2.2946	2.68848e-08
2.2947	3.00166e-08
2.2948	3.03784e-08
2.2949	3.94932e-08
2.295	2.90704e-08
2.2951	4.01508e-08
2.2952	3.9807e-08
2.2953	3.81295e-08
2.2954	3.7388e-08
2.2955	4.12616e-08
2.2956	4.33431e-08
2.2957	2.78356e-08
2.2958	3.62601e-08
2.2959	3.01355e-08
2.296	2.96678e-08
2.2961	2.47178e-08
2.2962	3.41445e-08
2.2963	3.93931e-08
2.2964	3.56162e-08
2.2965	2.79238e-08
2.2966	2.43932e-08
2.2967	1.95377e-08
2.2968	2.53217e-08
2.2969	3.36382e-08
2.297	3.87963e-08
2.2971	2.68286e-08
2.2972	2.9691e-08
2.2973	3.49527e-08
2.2974	4.34309e-08
2.2975	3.93221e-08
2.2976	3.42615e-08
2.2977	5.07233e-08
2.2978	3.63622e-08
2.2979	3.85676e-08
2.298	4.52057e-08
2.2981	3.02906e-08
2.2982	2.93784e-08
2.2983	3.61705e-08
2.2984	3.35332e-08
2.2985	3.40559e-08
2.2986	2.31509e-08
2.2987	2.17801e-08
2.2988	2.85906e-08
2.2989	2.84403e-08
2.299	2.84976e-08
2.2991	2.81146e-08
2.2992	2.61606e-08
2.2993	2.8048e-08
2.2994	3.61955e-08
2.2995	4.13742e-08
2.2996	3.38464e-08
2.2997	3.73717e-08
2.2998	4.34398e-08
2.2999	3.51395e-08
2.3	3.74687e-08
2.3001	2.9094e-08
2.3002	3.19905e-08
2.3003	3.6384e-08
2.3004	3.37257e-08
2.3005	3.1214e-08
2.3006	2.7679e-08
2.3007	3.0696e-08
2.3008	2.57314e-08
2.3009	2.79641e-08
2.301	2.58023e-08
2.3011	2.83795e-08
2.3012	3.18934e-08
2.3013	1.88813e-08
2.3014	3.32916e-08
2.3015	3.14339e-08
2.3016	2.65597e-08
2.3017	3.92616e-08
2.3018	3.23796e-08
2.3019	3.19105e-08
2.302	4.50229e-08
2.3021	5.6597e-08
2.3022	3.66952e-08
2.3023	3.09141e-08
2.3024	4.04274e-08
2.3025	4.17627e-08
2.3026	2.98032e-08
2.3027	2.33486e-08
2.3028	2.90515e-08
2.3029	2.51983e-08
2.303	3.00089e-08
2.3031	2.68907e-08
2.3032	3.52039e-08
2.3033	3.21246e-08
2.3034	2.92841e-08
2.3035	3.4169e-08
2.3036	2.29659e-08
2.3037	2.85877e-08
2.3038	3.00823e-08
2.3039	3.24928e-08
2.304	2.64739e-08
2.3041	4.02284e-08
2.3042	4.18951e-08
2.3043	3.50184e-08
2.3044	2.81159e-08
2.3045	3.83966e-08
2.3046	3.83757e-08
2.3047	3.64849e-08
2.3048	2.87089e-08
2.3049	3.13054e-08
2.305	3.33944e-08
2.3051	3.34425e-08
2.3052	2.33062e-08
2.3053	3.19101e-08
2.3054	3.26717e-08
2.3055	3.30875e-08
2.3056	2.40618e-08
2.3057	3.68769e-08
2.3058	3.7517e-08
2.3059	3.75318e-08
2.306	3.813e-08
2.3061	3.09225e-08
2.3062	3.58651e-08
2.3063	2.6985e-08
2.3064	3.19656e-08
2.3065	3.12103e-08
2.3066	2.97811e-08
2.3067	3.15516e-08
2.3068	4.03836e-08
2.3069	3.57814e-08
2.307	3.33116e-08
2.3071	2.86366e-08
2.3072	3.32904e-08
2.3073	2.36086e-08
2.3074	3.60446e-08
2.3075	4.14732e-08
2.3076	2.99e-08
2.3077	2.83108e-08
2.3078	3.69107e-08
2.3079	3.61613e-08
2.308	2.94654e-08
2.3081	2.86058e-08
2.3082	3.20601e-08
2.3083	2.28207e-08
2.3084	3.61934e-08
2.3085	4.77687e-08
2.3086	3.32942e-08
2.3087	3.46461e-08
2.3088	2.91359e-08
2.3089	3.9241e-08
2.309	3.26806e-08
2.3091	3.51626e-08
2.3092	3.20287e-08
2.3093	2.4876e-08
2.3094	2.66946e-08
2.3095	3.92364e-08
2.3096	2.68052e-08
2.3097	3.53608e-08
2.3098	3.56843e-08
2.3099	2.73461e-08
2.31	3.20459e-08
2.3101	2.90177e-08
2.3102	2.87541e-08
2.3103	2.89e-08
2.3104	2.35962e-08
2.3105	3.45262e-08
2.3106	3.44001e-08
2.3107	2.66458e-08
2.3108	3.0978e-08
2.3109	2.64267e-08
2.311	2.82911e-08
2.3111	3.16698e-08
2.3112	3.47075e-08
2.3113	2.50488e-08
2.3114	4.11949e-08
2.3115	2.00155e-08
2.3116	2.75789e-08
2.3117	3.00578e-08
2.3118	4.23807e-08
2.3119	3.18964e-08
2.312	2.78875e-08
2.3121	3.88127e-08
2.3122	3.03234e-08
2.3123	3.28626e-08
2.3124	5.37856e-08
2.3125	3.47303e-08
2.3126	3.87964e-08
2.3127	2.68117e-08
2.3128	2.53747e-08
2.3129	3.05146e-08
2.313	3.88963e-08
2.3131	3.62009e-08
2.3132	2.76335e-08
2.3133	4.47574e-08
2.3134	3.77549e-08
2.3135	3.42285e-08
2.3136	4.20743e-08
2.3137	3.69556e-08
2.3138	2.2383e-08
2.3139	2.75012e-08
2.314	3.13613e-08
2.3141	3.77367e-08
2.3142	4.33677e-08
2.3143	4.19017e-08
2.3144	2.7321e-08
2.3145	3.0938e-08
2.3146	3.99145e-08
2.3147	3.19419e-08
2.3148	3.43967e-08
2.3149	2.81227e-08
2.315	3.44446e-08
2.3151	3.84384e-08
2.3152	4.15692e-08
2.3153	4.71084e-08
2.3154	3.44059e-08
2.3155	3.43217e-08
2.3156	3.28928e-08
2.3157	4.52368e-08
2.3158	4.12307e-08
2.3159	2.24211e-08
2.316	3.1471e-08
2.3161	3.64168e-08
2.3162	3.3591e-08
2.3163	5.01029e-08
2.3164	2.76549e-08
2.3165	3.61498e-08
2.3166	3.18944e-08
2.3167	2.89983e-08
2.3168	3.26593e-08
2.3169	2.46459e-08
2.317	2.91377e-08
2.3171	3.12888e-08
2.3172	2.46228e-08
2.3173	2.28998e-08
2.3174	2.58894e-08
2.3175	2.88313e-08
2.3176	3.20585e-08
2.3177	3.17794e-08
2.3178	3.58975e-08
2.3179	4.12528e-08
2.318	3.06456e-08
2.3181	2.84988e-08
2.3182	2.75758e-08
2.3183	3.2401e-08
2.3184	3.33798e-08
2.3185	3.4218e-08
2.3186	3.35575e-08
2.3187	2.8066e-08
2.3188	3.00915e-08
2.3189	3.81898e-08
2.319	2.23061e-08
2.3191	3.4045e-08
2.3192	3.2078e-08
2.3193	2.70057e-08
2.3194	2.31733e-08
2.3195	2.32425e-08
2.3196	2.54389e-08
2.3197	3.55344e-08
2.3198	3.50361e-08
2.3199	2.95326e-08
2.32	2.34312e-08
2.3201	3.32885e-08
2.3202	3.54786e-08
2.3203	3.24787e-08
2.3204	2.23325e-08
2.3205	3.05629e-08
2.3206	2.98347e-08
2.3207	3.50728e-08
2.3208	2.96223e-08
2.3209	3.06943e-08
2.321	4.27546e-08
2.3211	2.61759e-08
2.3212	2.21108e-08
2.3213	2.34061e-08
2.3214	2.10642e-08
2.3215	2.91179e-08
2.3216	2.4522e-08
2.3217	2.68735e-08
2.3218	2.22952e-08
2.3219	2.95275e-08
2.322	4.22786e-08
2.3221	2.44302e-08
2.3222	2.77433e-08
2.3223	3.64653e-08
2.3224	4.64376e-08
2.3225	4.28336e-08
2.3226	2.9645e-08
2.3227	2.10187e-08
2.3228	3.04295e-08
2.3229	2.77064e-08
2.323	2.91532e-08
2.3231	3.33955e-08
2.3232	2.77694e-08
2.3233	3.47903e-08
2.3234	3.32894e-08
2.3235	3.16611e-08
2.3236	3.5132e-08
2.3237	3.51204e-08
2.3238	3.0339e-08
2.3239	2.59734e-08
2.324	2.64341e-08
2.3241	3.17381e-08
2.3242	3.37049e-08
2.3243	2.08529e-08
2.3244	3.21703e-08
2.3245	3.21048e-08
2.3246	4.77081e-08
2.3247	2.97992e-08
2.3248	3.1389e-08
2.3249	3.33939e-08
2.325	2.61507e-08
2.3251	2.4674e-08
2.3252	3.5115e-08
2.3253	2.34663e-08
2.3254	2.66602e-08
2.3255	2.95187e-08
2.3256	4.21234e-08
2.3257	4.22729e-08
2.3258	2.99059e-08
2.3259	3.22255e-08
2.326	2.9495e-08
2.3261	3.11664e-08
2.3262	3.52039e-08
2.3263	3.19151e-08
2.3264	2.36866e-08
2.3265	2.68421e-08
2.3266	2.64183e-08
2.3267	3.4623e-08
2.3268	3.60371e-08
2.3269	3.54769e-08
2.327	3.23299e-08
2.3271	3.37783e-08
2.3272	2.96e-08
2.3273	3.96003e-08
2.3274	2.71293e-08
2.3275	3.34572e-08
2.3276	3.04684e-08
2.3277	2.75044e-08
2.3278	2.48201e-08
2.3279	2.83904e-08
2.328	3.57384e-08
2.3281	2.96022e-08
2.3282	2.97272e-08
2.3283	4.11823e-08
2.3284	3.81665e-08
2.3285	4.18383e-08
2.3286	3.37633e-08
2.3287	3.68767e-08
2.3288	3.51145e-08
2.3289	3.28576e-08
2.329	3.31943e-08
2.3291	4.09666e-08
2.3292	3.63491e-08
2.3293	2.82286e-08
2.3294	2.85167e-08
2.3295	2.48337e-08
2.3296	3.16217e-08
2.3297	3.68583e-08
2.3298	3.1148e-08
2.3299	3.46657e-08
2.33	2.86366e-08
2.3301	2.60818e-08
2.3302	2.54552e-08
2.3303	2.53785e-08
2.3304	2.97492e-08
2.3305	3.32784e-08
2.3306	3.63676e-08
2.3307	3.35928e-08
2.3308	3.7032e-08
2.3309	3.56324e-08
2.331	3.78009e-08
2.3311	2.72207e-08
2.3312	4.01197e-08
2.3313	3.57234e-08
2.3314	4.1208e-08
2.3315	3.15524e-08
2.3316	2.94031e-08
2.3317	2.87724e-08
2.3318	2.80292e-08
2.3319	3.63914e-08
2.332	3.57317e-08
2.3321	3.29152e-08
2.3322	2.67015e-08
2.3323	1.92889e-08
2.3324	2.16898e-08
2.3325	2.46209e-08
2.3326	4.17384e-08
2.3327	2.65487e-08
2.3328	3.46962e-08
2.3329	3.09375e-08
2.333	3.98901e-08
2.3331	3.08998e-08
2.3332	4.59826e-08
2.3333	2.71374e-08
2.3334	4.25884e-08
2.3335	3.76813e-08
2.3336	3.464e-08
2.3337	4.00188e-08
2.3338	2.17499e-08
2.3339	2.94138e-08
2.334	3.89683e-08
2.3341	2.68318e-08
2.3342	3.29912e-08
2.3343	2.21921e-08
2.3344	2.31342e-08
2.3345	2.39835e-08
2.3346	3.15304e-08
2.3347	3.13924e-08
2.3348	2.36197e-08
2.3349	2.32071e-08
2.335	3.06316e-08
2.3351	4.26669e-08
2.3352	4.84653e-08
2.3353	3.24699e-08
2.3354	3.78974e-08
2.3355	3.97497e-08
2.3356	3.64082e-08
2.3357	4.17222e-08
2.3358	3.22411e-08
2.3359	3.17551e-08
2.336	3.18709e-08
2.3361	3.6943e-08
2.3362	3.32344e-08
2.3363	2.77465e-08
2.3364	2.90968e-08
2.3365	2.32895e-08
2.3366	2.67142e-08
2.3367	2.80964e-08
2.3368	3.07821e-08
2.3369	2.63642e-08
2.337	1.87442e-08
2.3371	2.22886e-08
2.3372	3.20629e-08
2.3373	3.21314e-08
2.3374	3.63599e-08
2.3375	2.91963e-08
2.3376	3.50702e-08
2.3377	4.10319e-08
2.3378	4.46069e-08
2.3379	4.3685e-08
2.338	3.51907e-08
2.3381	3.2629e-08
2.3382	3.07751e-08
2.3383	4.01215e-08
2.3384	3.19143e-08
2.3385	2.42193e-08
2.3386	2.29639e-08
2.3387	3.21914e-08
2.3388	2.77217e-08
2.3389	4.11896e-08
2.339	2.38393e-08
2.3391	2.92731e-08
2.3392	3.52616e-08
2.3393	2.14734e-08
2.3394	2.95748e-08
2.3395	3.37837e-08
2.3396	3.35077e-08
2.3397	3.97838e-08
2.3398	2.4284e-08
2.3399	3.67251e-08
2.34	3.43427e-08
2.3401	3.42015e-08
2.3402	3.20399e-08
2.3403	3.24207e-08
2.3404	4.02519e-08
2.3405	3.74781e-08
2.3406	3.691e-08
2.3407	2.93925e-08
2.3408	2.45967e-08
2.3409	2.68037e-08
2.341	2.67316e-08
2.3411	2.82538e-08
2.3412	3.37228e-08
2.3413	2.52064e-08
2.3414	3.61885e-08
2.3415	3.69374e-08
2.3416	3.96614e-08
2.3417	3.37535e-08
2.3418	3.31365e-08
2.3419	4.11594e-08
2.342	2.98597e-08
2.3421	2.67984e-08
2.3422	2.99324e-08
2.3423	3.30605e-08
2.3424	3.38289e-08
2.3425	3.40988e-08
2.3426	3.19445e-08
2.3427	3.12064e-08
2.3428	3.01127e-08
2.3429	3.5877e-08
2.343	2.18845e-08
2.3431	3.03478e-08
2.3432	4.31858e-08
2.3433	3.83051e-08
2.3434	2.94571e-08
2.3435	3.25981e-08
2.3436	3.38048e-08
2.3437	3.29855e-08
2.3438	2.87579e-08
2.3439	2.56048e-08
2.344	2.48708e-08
2.3441	2.84026e-08
2.3442	4.09972e-08
2.3443	3.64219e-08
2.3444	3.63625e-08
2.3445	2.761e-08
2.3446	3.67154e-08
2.3447	3.56211e-08
2.3448	3.82206e-08
2.3449	3.10258e-08
2.345	2.70165e-08
2.3451	3.51651e-08
2.3452	3.34743e-08
2.3453	2.84438e-08
2.3454	3.06609e-08
2.3455	3.39492e-08
2.3456	3.30693e-08
2.3457	2.48283e-08
2.3458	3.00675e-08
2.3459	3.69964e-08
2.346	3.19754e-08
2.3461	2.17186e-08
2.3462	3.67757e-08
2.3463	2.77291e-08
2.3464	2.92729e-08
2.3465	3.80485e-08
2.3466	3.56513e-08
2.3467	2.73834e-08
2.3468	3.81501e-08
2.3469	3.59669e-08
2.347	3.60394e-08
2.3471	3.09387e-08
2.3472	2.79419e-08
2.3473	3.44461e-08
2.3474	3.64377e-08
2.3475	3.72996e-08
2.3476	3.48979e-08
2.3477	3.4968e-08
2.3478	3.89553e-08
2.3479	2.48332e-08
2.348	3.1043e-08
2.3481	4.42348e-08
2.3482	3.23532e-08
2.3483	2.69897e-08
2.3484	2.8828e-08
2.3485	2.42013e-08
2.3486	2.62958e-08
2.3487	3.22535e-08
2.3488	4.65606e-08
2.3489	3.23888e-08
2.349	3.76707e-08
2.3491	4.15406e-08
2.3492	3.67635e-08
2.3493	3.72986e-08
2.3494	2.63596e-08
2.3495	2.65718e-08
2.3496	2.98885e-08
2.3497	3.91967e-08
2.3498	3.43339e-08
2.3499	3.57159e-08
2.35	3.09172e-08
2.3501	3.51537e-08
2.3502	3.4565e-08
2.3503	4.68089e-08
2.3504	2.87626e-08
2.3505	3.17484e-08
2.3506	2.14837e-08
2.3507	2.82055e-08
2.3508	3.67196e-08
2.3509	4.74087e-08
2.351	4.37544e-08
2.3511	3.93656e-08
2.3512	3.67609e-08
2.3513	3.65005e-08
2.3514	4.13157e-08
2.3515	3.68085e-08
2.3516	2.67587e-08
2.3517	2.66561e-08
2.3518	3.44437e-08
2.3519	3.12382e-08
2.352	4.39173e-08
2.3521	2.93262e-08
2.3522	3.77842e-08
2.3523	4.038e-08
2.3524	4.32022e-08
2.3525	2.47817e-08
2.3526	2.98628e-08
2.3527	3.27948e-08
2.3528	3.27532e-08
2.3529	2.41569e-08
2.353	2.04588e-08
2.3531	3.04124e-08
2.3532	2.64173e-08
2.3533	2.8166e-08
2.3534	3.66048e-08
2.3535	3.27814e-08
2.3536	3.26667e-08
2.3537	4.54068e-08
2.3538	2.56543e-08
2.3539	3.18125e-08
2.354	2.37421e-08
2.3541	3.53499e-08
2.3542	2.88966e-08
2.3543	2.97396e-08
2.3544	3.0102e-08
2.3545	2.60184e-08
2.3546	4.04405e-08
2.3547	3.15812e-08
2.3548	2.74083e-08
2.3549	2.85108e-08
2.355	3.05182e-08
2.3551	3.06687e-08
2.3552	2.18222e-08
2.3553	2.82008e-08
2.3554	3.15923e-08
2.3555	3.53542e-08
2.3556	3.65334e-08
2.3557	2.75655e-08
2.3558	3.8083e-08
2.3559	3.39156e-08
2.356	2.67007e-08
2.3561	2.28378e-08
2.3562	3.29524e-08
2.3563	2.38401e-08
2.3564	3.85052e-08
2.3565	3.29272e-08
2.3566	2.9762e-08
2.3567	4.09089e-08
2.3568	2.84118e-08
2.3569	2.35679e-08
2.357	2.46147e-08
2.3571	2.61554e-08
2.3572	2.835e-08
2.3573	2.8745e-08
2.3574	2.25829e-08
2.3575	2.23661e-08
2.3576	3.24448e-08
2.3577	3.7544e-08
2.3578	2.59083e-08
2.3579	3.22387e-08
2.358	3.77141e-08
2.3581	4.72755e-08
2.3582	3.90074e-08
2.3583	2.45932e-08
2.3584	2.3551e-08
2.3585	4.00354e-08
2.3586	2.91023e-08
2.3587	2.41287e-08
2.3588	4.39377e-08
2.3589	3.23507e-08
2.359	3.26233e-08
2.3591	3.20044e-08
2.3592	2.17566e-08
2.3593	4.01894e-08
2.3594	2.46425e-08
2.3595	3.17969e-08
2.3596	1.97612e-08
2.3597	2.18765e-08
2.3598	3.28737e-08
2.3599	3.15349e-08
2.36	2.37425e-08
2.3601	2.86416e-08
2.3602	2.77759e-08
2.3603	4.26269e-08
2.3604	4.01826e-08
2.3605	2.86247e-08
2.3606	3.413e-08
2.3607	2.71078e-08
2.3608	3.17354e-08
2.3609	3.25886e-08
2.361	2.54684e-08
2.3611	2.26964e-08
2.3612	3.68105e-08
2.3613	3.4979e-08
2.3614	4.03437e-08
2.3615	3.36112e-08
2.3616	2.94547e-08
2.3617	3.3384e-08
2.3618	3.65343e-08
2.3619	3.62743e-08
2.362	4.29528e-08
2.3621	2.36841e-08
2.3622	2.90807e-08
2.3623	2.42596e-08
2.3624	3.2839e-08
2.3625	3.81998e-08
2.3626	3.60506e-08
2.3627	2.52778e-08
2.3628	3.37874e-08
2.3629	3.40053e-08
2.363	3.31089e-08
2.3631	3.26327e-08
2.3632	3.29166e-08
2.3633	2.68245e-08
2.3634	2.79959e-08
2.3635	2.88739e-08
2.3636	2.99129e-08
2.3637	3.15483e-08
2.3638	4.10372e-08
2.3639	3.71804e-08
2.364	3.95303e-08
2.3641	3.60127e-08
2.3642	3.79287e-08
2.3643	3.39395e-08
2.3644	3.91376e-08
2.3645	3.49735e-08
2.3646	2.75899e-08
2.3647	3.22562e-08
2.3648	2.64915e-08
2.3649	3.24537e-08
2.365	3.23262e-08
2.3651	3.18264e-08
2.3652	2.92074e-08
2.3653	2.67726e-08
2.3654	3.39353e-08
2.3655	3.81847e-08
2.3656	3.54108e-08
2.3657	3.17639e-08
2.3658	2.43381e-08
2.3659	2.34453e-08
2.366	3.1998e-08
2.3661	2.48207e-08
2.3662	2.93334e-08
2.3663	3.28318e-08
2.3664	3.23631e-08
2.3665	3.93165e-08
2.3666	4.59141e-08
2.3667	2.96724e-08
2.3668	2.75303e-08
2.3669	4.28678e-08
2.367	3.75395e-08
2.3671	4.96095e-08
2.3672	2.17399e-08
2.3673	3.40225e-08
2.3674	2.82396e-08
2.3675	2.95634e-08
2.3676	3.13623e-08
2.3677	4.10045e-08
2.3678	3.04383e-08
2.3679	2.34089e-08
2.368	2.21305e-08
2.3681	2.21453e-08
2.3682	2.86404e-08
2.3683	4.03001e-08
2.3684	2.70635e-08
2.3685	3.38715e-08
2.3686	2.8903e-08
2.3687	4.41564e-08
2.3688	2.32433e-08
2.3689	4.13034e-08
2.369	3.38493e-08
2.3691	4.63469e-08
2.3692	2.69172e-08
2.3693	4.13036e-08
2.3694	4.09434e-08
2.3695	2.44589e-08
2.3696	2.43933e-08
2.3697	4.01824e-08
2.3698	2.60281e-08
2.3699	3.48778e-08
2.37	2.13481e-08
2.3701	2.205e-08
2.3702	2.49201e-08
2.3703	2.66284e-08
2.3704	3.3007e-08
2.3705	2.25731e-08
2.3706	2.47066e-08
2.3707	3.11387e-08
2.3708	4.51923e-08
2.3709	3.64584e-08
2.371	3.12709e-08
2.3711	3.9895e-08
2.3712	4.39018e-08
2.3713	3.7876e-08
2.3714	3.27415e-08
2.3715	3.29147e-08
2.3716	3.59378e-08
2.3717	3.13591e-08
2.3718	3.12718e-08
2.3719	3.40106e-08
2.372	4.47084e-08
2.3721	2.68154e-08
2.3722	2.22695e-08
2.3723	2.76424e-08
2.3724	2.71721e-08
2.3725	3.27939e-08
2.3726	3.5906e-08
2.3727	1.85099e-08
2.3728	3.24312e-08
2.3729	2.96728e-08
2.373	3.16558e-08
2.3731	3.84241e-08
2.3732	2.94152e-08
2.3733	3.80397e-08
2.3734	4.43015e-08
2.3735	4.7976e-08
2.3736	2.83714e-08
2.3737	2.98355e-08
2.3738	4.08712e-08
2.3739	3.21414e-08
2.374	3.04405e-08
2.3741	3.26222e-08
2.3742	2.72606e-08
2.3743	2.16795e-08
2.3744	3.3992e-08
2.3745	3.25835e-08
2.3746	3.50558e-08
2.3747	2.28857e-08
2.3748	2.65098e-08
2.3749	3.64159e-08
2.375	2.01463e-08
2.3751	2.43877e-08
2.3752	3.71026e-08
2.3753	2.92869e-08
2.3754	2.99578e-08
2.3755	2.69895e-08
2.3756	3.66682e-08
2.3757	3.2689e-08
2.3758	3.52313e-08
2.3759	3.14473e-08
2.376	3.37439e-08
2.3761	3.82759e-08
2.3762	3.81058e-08
2.3763	3.63655e-08
2.3764	3.54558e-08
2.3765	2.21399e-08
2.3766	2.66517e-08
2.3767	2.88012e-08
2.3768	2.54607e-08
2.3769	3.02172e-08
2.377	3.03359e-08
2.3771	3.22281e-08
2.3772	2.94427e-08
2.3773	3.33155e-08
2.3774	2.99996e-08
2.3775	3.10531e-08
2.3776	3.96954e-08
2.3777	3.92425e-08
2.3778	2.51831e-08
2.3779	2.75634e-08
2.378	3.40981e-08
2.3781	3.37889e-08
2.3782	4.17333e-08
2.3783	2.94794e-08
2.3784	3.19413e-08
2.3785	2.76728e-08
2.3786	3.33489e-08
2.3787	2.77589e-08
2.3788	3.22777e-08
2.3789	3.8758e-08
2.379	3.64811e-08
2.3791	2.64093e-08
2.3792	3.48483e-08
2.3793	3.3174e-08
2.3794	3.71017e-08
2.3795	2.92409e-08
2.3796	2.60148e-08
2.3797	3.28923e-08
2.3798	3.19985e-08
2.3799	3.42252e-08
2.38	3.45833e-08
2.3801	2.92274e-08
2.3802	3.54353e-08
2.3803	3.79024e-08
2.3804	3.84804e-08
2.3805	3.8769e-08
2.3806	2.26841e-08
2.3807	3.04322e-08
2.3808	3.18105e-08
2.3809	3.07602e-08
2.381	3.35579e-08
2.3811	2.42294e-08
2.3812	3.26929e-08
2.3813	2.66529e-08
2.3814	2.58282e-08
2.3815	2.75974e-08
2.3816	3.19442e-08
2.3817	3.21713e-08
2.3818	2.5752e-08
2.3819	3.29354e-08
2.382	2.79701e-08
2.3821	2.99251e-08
2.3822	2.92283e-08
2.3823	3.51872e-08
2.3824	3.28216e-08
2.3825	4.03985e-08
2.3826	3.30456e-08
2.3827	4.1005e-08
2.3828	2.39151e-08
2.3829	2.69648e-08
2.383	3.40615e-08
2.3831	2.89692e-08
2.3832	3.87249e-08
2.3833	3.16928e-08
2.3834	2.77287e-08
2.3835	3.3275e-08
2.3836	2.45269e-08
2.3837	4.53255e-08
2.3838	5.01811e-08
2.3839	2.63541e-08
2.384	3.58528e-08
2.3841	2.73175e-08
2.3842	2.08174e-08
2.3843	2.82503e-08
2.3844	3.88782e-08
2.3845	4.39598e-08
2.3846	3.50125e-08
2.3847	3.07883e-08
2.3848	4.12886e-08
2.3849	4.01803e-08
2.385	2.87563e-08
2.3851	2.4827e-08
2.3852	2.43854e-08
2.3853	2.39138e-08
2.3854	3.76715e-08
2.3855	3.29346e-08
2.3856	3.23865e-08
2.3857	2.40702e-08
2.3858	3.34222e-08
2.3859	3.42015e-08
2.386	3.20781e-08
2.3861	2.85878e-08
2.3862	3.42782e-08
2.3863	2.24086e-08
2.3864	2.94482e-08
2.3865	3.8273e-08
2.3866	3.8453e-08
2.3867	4.66289e-08
2.3868	3.58964e-08
2.3869	3.37934e-08
2.387	5.00414e-08
2.3871	3.2458e-08
2.3872	3.14384e-08
2.3873	3.43984e-08
2.3874	3.02806e-08
2.3875	3.46697e-08
2.3876	3.66393e-08
2.3877	3.05002e-08
2.3878	2.71359e-08
2.3879	3.76634e-08
2.388	3.78501e-08
2.3881	4.04091e-08
2.3882	2.88529e-08
2.3883	2.70146e-08
2.3884	2.5793e-08
2.3885	3.07252e-08
2.3886	2.76854e-08
2.3887	2.06172e-08
2.3888	2.75672e-08
2.3889	3.41513e-08
2.389	3.33906e-08
2.3891	2.88104e-08
2.3892	4.7799e-08
2.3893	3.23993e-08
2.3894	3.32085e-08
2.3895	2.65223e-08
2.3896	3.51518e-08
2.3897	3.60616e-08
2.3898	3.4059e-08
2.3899	2.74442e-08
2.39	2.31655e-08
2.3901	3.24449e-08
2.3902	2.86815e-08
2.3903	2.99299e-08
2.3904	2.31824e-08
2.3905	2.90537e-08
2.3906	3.70652e-08
2.3907	3.4948e-08
2.3908	3.27815e-08
2.3909	2.23872e-08
2.391	2.79817e-08
2.3911	3.04742e-08
2.3912	3.46928e-08
2.3913	3.99996e-08
2.3914	3.07387e-08
2.3915	2.86341e-08
2.3916	3.03112e-08
2.3917	2.67462e-08
2.3918	2.63098e-08
2.3919	3.00627e-08
2.392	2.77437e-08
2.3921	3.36455e-08
2.3922	3.51106e-08
2.3923	2.64816e-08
2.3924	3.65597e-08
2.3925	2.61286e-08
2.3926	2.06187e-08
2.3927	2.45303e-08
2.3928	3.07004e-08
2.3929	2.27937e-08
2.393	2.93538e-08
2.3931	1.90611e-08
2.3932	2.43745e-08
2.3933	3.22335e-08
2.3934	3.10494e-08
2.3935	2.76076e-08
2.3936	3.30335e-08
2.3937	4.10661e-08
2.3938	3.11075e-08
2.3939	3.37187e-08
2.394	2.74215e-08
2.3941	3.25637e-08
2.3942	2.92381e-08
2.3943	2.65522e-08
2.3944	2.94339e-08
2.3945	3.2207e-08
2.3946	3.02005e-08
2.3947	3.13952e-08
2.3948	3.01305e-08
2.3949	2.93181e-08
2.395	4.07318e-08
2.3951	2.42398e-08
2.3952	2.53095e-08
2.3953	2.94714e-08
2.3954	2.41748e-08
2.3955	2.43352e-08
2.3956	3.44072e-08
2.3957	2.42981e-08
2.3958	3.48185e-08
2.3959	3.91696e-08
2.396	4.10894e-08
2.3961	3.56007e-08
2.3962	2.5893e-08
2.3963	2.80816e-08
2.3964	3.2379e-08
2.3965	4.06195e-08
2.3966	2.50937e-08
2.3967	2.32041e-08
2.3968	3.03986e-08
2.3969	3.80195e-08
2.397	2.90936e-08
2.3971	4.13859e-08
2.3972	3.5482e-08
2.3973	2.84287e-08
2.3974	2.88444e-08
2.3975	4.07538e-08
2.3976	3.30602e-08
2.3977	3.46962e-08
2.3978	3.61362e-08
2.3979	3.29e-08
2.398	2.13692e-08
2.3981	3.07292e-08
2.3982	3.45772e-08
2.3983	4.35e-08
2.3984	2.84723e-08
2.3985	3.81176e-08
2.3986	3.15781e-08
2.3987	3.13563e-08
2.3988	3.35076e-08
2.3989	3.48477e-08
2.399	2.70661e-08
2.3991	2.62173e-08
2.3992	2.63097e-08
2.3993	2.95331e-08
2.3994	3.13334e-08
2.3995	4.08887e-08
2.3996	3.32296e-08
2.3997	3.9009e-08
2.3998	4.0259e-08
2.3999	4.14547e-08
2.4	3.00863e-08
2.4001	3.47944e-08
2.4002	3.81218e-08
2.4003	2.80265e-08
2.4004	4.17673e-08
2.4005	3.23254e-08
2.4006	3.37441e-08
2.4007	3.06267e-08
2.4008	3.09366e-08
2.4009	2.80454e-08
2.401	2.82732e-08
2.4011	3.36902e-08
2.4012	3.40844e-08
2.4013	3.23135e-08
2.4014	3.06342e-08
2.4015	2.50665e-08
2.4016	2.17848e-08
2.4017	3.1921e-08
2.4018	2.92268e-08
2.4019	3.35136e-08
2.402	2.92363e-08
2.4021	3.693e-08
2.4022	3.90242e-08
2.4023	3.89948e-08
2.4024	3.99786e-08
2.4025	2.76291e-08
2.4026	3.08998e-08
2.4027	4.1864e-08
2.4028	4.65865e-08
2.4029	2.70821e-08
2.403	3.50213e-08
2.4031	2.62053e-08
2.4032	2.4666e-08
2.4033	3.1969e-08
2.4034	3.67966e-08
2.4035	3.00528e-08
2.4036	1.95439e-08
2.4037	2.05212e-08
2.4038	3.07653e-08
2.4039	3.3409e-08
2.404	3.88603e-08
2.4041	3.15416e-08
2.4042	3.24132e-08
2.4043	3.28326e-08
2.4044	3.87745e-08
2.4045	2.20727e-08
2.4046	4.20763e-08
2.4047	3.68532e-08
2.4048	4.47292e-08
2.4049	3.44051e-08
2.405	3.81753e-08
2.4051	3.71715e-08
2.4052	2.32483e-08
2.4053	3.11334e-08
2.4054	3.16512e-08
2.4055	2.59899e-08
2.4056	2.80704e-08
2.4057	2.70281e-08
2.4058	2.49257e-08
2.4059	2.36853e-08
2.406	2.45977e-08
2.4061	3.16116e-08
2.4062	2.42721e-08
2.4063	2.21323e-08
2.4064	3.56604e-08
2.4065	4.59683e-08
2.4066	3.38544e-08
2.4067	3.55364e-08
2.4068	4.04011e-08
2.4069	4.56596e-08
2.407	4.24268e-08
2.4071	4.74083e-08
2.4072	3.26301e-08
2.4073	3.64321e-08
2.4074	3.93846e-08
2.4075	3.11838e-08
2.4076	2.91163e-08
2.4077	3.36332e-08
2.4078	2.67662e-08
2.4079	2.66626e-08
2.408	2.4127e-08
2.4081	2.57399e-08
2.4082	3.0401e-08
2.4083	2.55649e-08
2.4084	1.87677e-08
2.4085	3.41296e-08
2.4086	2.88295e-08
2.4087	2.90637e-08
2.4088	3.44727e-08
2.4089	2.94648e-08
2.409	4.28889e-08
2.4091	5.13229e-08
2.4092	4.38789e-08
2.4093	2.97192e-08
2.4094	4.46953e-08
2.4095	2.65883e-08
2.4096	3.66543e-08
2.4097	3.06254e-08
2.4098	3.31337e-08
2.4099	3.01902e-08
2.41	2.27107e-08
2.4101	2.72913e-08
2.4102	3.28688e-08
2.4103	3.0516e-08
2.4104	2.13869e-08
2.4105	2.9118e-08
2.4106	3.45449e-08
2.4107	2.63706e-08
2.4108	1.95112e-08
2.4109	3.18062e-08
2.411	2.46368e-08
2.4111	4.07202e-08
2.4112	2.57955e-08
2.4113	4.15867e-08
2.4114	3.50957e-08
2.4115	3.8664e-08
2.4116	3.36791e-08
2.4117	2.31628e-08
2.4118	3.42893e-08
2.4119	3.76475e-08
2.412	3.74694e-08
2.4121	3.62668e-08
2.4122	2.41783e-08
2.4123	3.31827e-08
2.4124	3.32745e-08
2.4125	2.70561e-08
2.4126	3.34726e-08
2.4127	3.21463e-08
2.4128	3.72569e-08
2.4129	3.06922e-08
2.413	3.41946e-08
2.4131	3.85024e-08
2.4132	3.09454e-08
2.4133	3.26117e-08
2.4134	3.90363e-08
2.4135	3.18614e-08
2.4136	3.5871e-08
2.4137	2.53414e-08
2.4138	3.45907e-08
2.4139	4.32024e-08
2.414	3.26619e-08
2.4141	2.75674e-08
2.4142	2.35546e-08
2.4143	3.35565e-08
2.4144	3.20383e-08
2.4145	3.32831e-08
2.4146	3.76334e-08
2.4147	2.96383e-08
2.4148	2.95035e-08
2.4149	3.23086e-08
2.415	3.26703e-08
2.4151	4.55755e-08
2.4152	3.33553e-08
2.4153	2.27429e-08
2.4154	3.36625e-08
2.4155	4.42574e-08
2.4156	3.41998e-08
2.4157	4.07571e-08
2.4158	2.91047e-08
2.4159	3.21747e-08
2.416	3.49644e-08
2.4161	3.7025e-08
2.4162	3.18847e-08
2.4163	2.38159e-08
2.4164	2.80988e-08
2.4165	3.56351e-08
2.4166	2.64887e-08
2.4167	3.18839e-08
2.4168	3.42475e-08
2.4169	2.89539e-08
2.417	3.31833e-08
2.4171	2.88495e-08
2.4172	2.56926e-08
2.4173	3.13022e-08
2.4174	2.66406e-08
2.4175	3.00215e-08
2.4176	3.01341e-08
2.4177	3.44576e-08
2.4178	3.72019e-08
2.4179	2.58949e-08
2.418	3.68507e-08
2.4181	3.1799e-08
2.4182	3.93596e-08
2.4183	2.53952e-08
2.4184	4.20158e-08
2.4185	2.1912e-08
2.4186	2.53318e-08
2.4187	2.91702e-08
2.4188	2.92061e-08
2.4189	3.33628e-08
2.419	2.89981e-08
2.4191	3.41567e-08
2.4192	3.149e-08
2.4193	3.87025e-08
2.4194	4.86536e-08
2.4195	4.3403e-08
2.4196	2.65847e-08
2.4197	2.87357e-08
2.4198	2.42566e-08
2.4199	2.72957e-08
2.42	3.45143e-08
2.4201	3.28527e-08
2.4202	3.77594e-08
2.4203	3.89986e-08
2.4204	3.07094e-08
2.4205	3.51839e-08
2.4206	3.7651e-08
2.4207	4.01562e-08
2.4208	2.57131e-08
2.4209	3.22874e-08
2.421	3.38606e-08
2.4211	3.45435e-08
2.4212	3.81129e-08
2.4213	4.20268e-08
2.4214	2.28069e-08
2.4215	3.73602e-08
2.4216	4.24597e-08
2.4217	2.92072e-08
2.4218	2.96506e-08
2.4219	3.51058e-08
2.422	2.71871e-08
2.4221	2.44878e-08
2.4222	4.18587e-08
2.4223	3.44354e-08
2.4224	4.03059e-08
2.4225	3.75114e-08
2.4226	3.36865e-08
2.4227	4.36263e-08
2.4228	3.55719e-08
2.4229	3.19136e-08
2.423	3.58714e-08
2.4231	2.99677e-08
2.4232	3.74379e-08
2.4233	3.20585e-08
2.4234	2.98505e-08
2.4235	2.98788e-08
2.4236	3.45259e-08
2.4237	3.43758e-08
2.4238	3.47471e-08
2.4239	2.84662e-08
2.424	2.82978e-08
2.4241	3.65141e-08
2.4242	2.87705e-08
2.4243	2.45807e-08
2.4244	2.20064e-08
2.4245	3.37944e-08
2.4246	3.10528e-08
2.4247	4.03173e-08
2.4248	3.20379e-08
2.4249	3.86428e-08
2.425	2.83085e-08
2.4251	3.05632e-08
2.4252	2.96663e-08
2.4253	3.28776e-08
2.4254	3.58749e-08
2.4255	3.03196e-08
2.4256	2.49909e-08
2.4257	2.34227e-08
2.4258	3.23435e-08
2.4259	3.60523e-08
2.426	2.88711e-08
2.4261	3.42583e-08
2.4262	2.62832e-08
2.4263	3.18816e-08
2.4264	3.36823e-08
2.4265	2.51367e-08
2.4266	2.48448e-08
2.4267	3.14862e-08
2.4268	2.58951e-08
2.4269	3.13462e-08
2.427	3.49189e-08
2.4271	2.9745e-08
2.4272	3.58862e-08
2.4273	3.41811e-08
2.4274	2.51756e-08
2.4275	2.92928e-08
2.4276	2.96778e-08
2.4277	2.87142e-08
2.4278	3.15104e-08
2.4279	3.65032e-08
2.428	3.50984e-08
2.4281	3.40809e-08
2.4282	2.65583e-08
2.4283	2.31782e-08
2.4284	2.18304e-08
2.4285	3.01471e-08
2.4286	2.40571e-08
2.4287	2.56851e-08
2.4288	1.93204e-08
2.4289	3.25295e-08
2.429	2.89816e-08
2.4291	2.68914e-08
2.4292	2.86773e-08
2.4293	3.40773e-08
2.4294	3.83524e-08
2.4295	5.00871e-08
2.4296	2.10481e-08
2.4297	2.60723e-08
2.4298	3.30619e-08
2.4299	2.56631e-08
2.43	3.13286e-08
2.4301	4.07565e-08
2.4302	2.81822e-08
2.4303	3.23269e-08
2.4304	3.07771e-08
2.4305	2.87343e-08
2.4306	2.21008e-08
2.4307	4.00069e-08
2.4308	2.23523e-08
2.4309	2.67478e-08
2.431	2.24115e-08
2.4311	3.42886e-08
2.4312	2.59803e-08
2.4313	3.09183e-08
2.4314	3.4882e-08
2.4315	3.04347e-08
2.4316	3.45602e-08
2.4317	3.23966e-08
2.4318	2.66773e-08
2.4319	2.90942e-08
2.432	2.87285e-08
2.4321	3.01914e-08
2.4322	2.73214e-08
2.4323	2.66532e-08
2.4324	3.19457e-08
2.4325	3.34237e-08
2.4326	4.16018e-08
2.4327	3.63099e-08
2.4328	3.70496e-08
2.4329	2.64232e-08
2.433	3.39707e-08
2.4331	2.19259e-08
2.4332	4.06488e-08
2.4333	2.99963e-08
2.4334	3.26009e-08
2.4335	2.49494e-08
2.4336	2.95202e-08
2.4337	2.24703e-08
2.4338	3.23977e-08
2.4339	3.74397e-08
2.434	4.20461e-08
2.4341	2.9472e-08
2.4342	2.98088e-08
2.4343	3.07201e-08
2.4344	2.69736e-08
2.4345	4.20678e-08
2.4346	2.32491e-08
2.4347	2.50963e-08
2.4348	2.64687e-08
2.4349	2.63295e-08
2.435	2.71141e-08
2.4351	3.62775e-08
2.4352	3.77631e-08
2.4353	3.76704e-08
2.4354	3.87829e-08
2.4355	4.74816e-08
2.4356	3.58493e-08
2.4357	2.9418e-08
2.4358	2.7173e-08
2.4359	3.82928e-08
2.436	2.68933e-08
2.4361	3.47319e-08
2.4362	3.39208e-08
2.4363	3.00854e-08
2.4364	2.94796e-08
2.4365	2.88203e-08
2.4366	2.42785e-08
2.4367	2.77319e-08
2.4368	3.56013e-08
2.4369	3.3333e-08
2.437	3.63798e-08
2.4371	2.61364e-08
2.4372	2.25715e-08
2.4373	2.47146e-08
2.4374	3.05353e-08
2.4375	3.36443e-08
2.4376	4.13742e-08
2.4377	2.87056e-08
2.4378	4.52609e-08
2.4379	4.2197e-08
2.438	4.17432e-08
2.4381	3.17416e-08
2.4382	3.79737e-08
2.4383	4.42637e-08
2.4384	3.12349e-08
2.4385	2.79737e-08
2.4386	2.83107e-08
2.4387	3.29636e-08
2.4388	2.89337e-08
2.4389	2.71888e-08
2.439	3.37725e-08
2.4391	3.90308e-08
2.4392	2.71379e-08
2.4393	2.14654e-08
2.4394	2.11697e-08
2.4395	2.61792e-08
2.4396	3.71832e-08
2.4397	3.7753e-08
2.4398	4.12606e-08
2.4399	3.17346e-08
2.44	3.5941e-08
2.4401	4.17192e-08
2.4402	4.18765e-08
2.4403	3.06163e-08
2.4404	4.29425e-08
2.4405	4.58387e-08
2.4406	3.67003e-08
2.4407	3.80428e-08
2.4408	3.11404e-08
2.4409	2.77257e-08
2.441	4.54263e-08
2.4411	3.4583e-08
2.4412	2.99961e-08
2.4413	2.64464e-08
2.4414	1.99294e-08
2.4415	2.72242e-08
2.4416	3.06457e-08
2.4417	2.83889e-08
2.4418	2.834e-08
2.4419	2.43608e-08
2.442	2.87565e-08
2.4421	4.26274e-08
2.4422	4.15609e-08
2.4423	3.20451e-08
2.4424	4.12147e-08
2.4425	4.65233e-08
2.4426	2.78031e-08
2.4427	4.25186e-08
2.4428	3.11537e-08
2.4429	3.25096e-08
2.443	3.22624e-08
2.4431	3.99151e-08
2.4432	3.02044e-08
2.4433	3.42054e-08
2.4434	3.00758e-08
2.4435	2.45611e-08
2.4436	2.73156e-08
2.4437	2.52723e-08
2.4438	2.84618e-08
2.4439	2.85126e-08
2.444	1.91868e-08
2.4441	3.16204e-08
2.4442	2.44949e-08
2.4443	2.84842e-08
2.4444	3.8337e-08
2.4445	2.93128e-08
2.4446	3.30551e-08
2.4447	4.25116e-08
2.4448	5.06038e-08
2.4449	4.25299e-08
2.445	2.65579e-08
2.4451	4.63852e-08
2.4452	4.1216e-08
2.4453	2.97946e-08
2.4454	2.56881e-08
2.4455	2.94839e-08
2.4456	2.48684e-08
2.4457	2.71297e-08
2.4458	2.32962e-08
2.4459	3.66386e-08
2.446	3.33026e-08
2.4461	2.7117e-08
2.4462	3.04404e-08
2.4463	2.6246e-08
2.4464	2.69848e-08
2.4465	2.83624e-08
2.4466	3.22257e-08
2.4467	2.87087e-08
2.4468	3.65426e-08
2.4469	4.27779e-08
2.447	3.75811e-08
2.4471	2.6728e-08
2.4472	3.57511e-08
2.4473	3.35615e-08
2.4474	4.10137e-08
2.4475	3.22395e-08
2.4476	2.99281e-08
2.4477	3.57763e-08
2.4478	3.29306e-08
2.4479	2.63766e-08
2.448	3.33291e-08
2.4481	2.99369e-08
2.4482	3.31207e-08
2.4483	2.32668e-08
2.4484	3.65001e-08
2.4485	3.60876e-08
2.4486	3.96674e-08
2.4487	3.70757e-08
2.4488	3.10459e-08
2.4489	3.25018e-08
2.449	3.25329e-08
2.4491	3.46964e-08
2.4492	3.49236e-08
2.4493	3.39314e-08
2.4494	3.17082e-08
2.4495	2.6355e-08
2.4496	4.03073e-08
2.4497	3.48565e-08
2.4498	2.73879e-08
2.4499	2.92537e-08
2.45	2.54165e-08
2.4501	3.12801e-08
2.4502	3.63278e-08
2.4503	4.02734e-08
2.4504	3.60106e-08
2.4505	3.42126e-08
2.4506	3.52823e-08
2.4507	2.76671e-08
2.4508	3.24423e-08
2.4509	3.37309e-08
2.451	2.25992e-08
2.4511	3.76905e-08
2.4512	4.80514e-08
2.4513	3.50411e-08
2.4514	3.17539e-08
2.4515	2.97676e-08
2.4516	2.95202e-08
2.4517	3.53727e-08
2.4518	4.04487e-08
2.4519	3.49956e-08
2.452	2.44234e-08
2.4521	2.89284e-08
2.4522	3.81482e-08
2.4523	2.47316e-08
2.4524	3.60913e-08
2.4525	3.84838e-08
2.4526	2.95226e-08
2.4527	2.82057e-08
2.4528	3.71242e-08
2.4529	3.23504e-08
2.453	3.47591e-08
2.4531	2.76148e-08
2.4532	3.48353e-08
2.4533	3.48013e-08
2.4534	3.27022e-08
2.4535	3.37458e-08
2.4536	2.73362e-08
2.4537	2.77533e-08
2.4538	3.58184e-08
2.4539	2.93452e-08
2.454	2.6812e-08
2.4541	4.057e-08
2.4542	2.44891e-08
2.4543	2.89323e-08
2.4544	2.42095e-08
2.4545	4.46903e-08
2.4546	3.72804e-08
2.4547	2.87127e-08
2.4548	3.60541e-08
2.4549	2.60318e-08
2.455	3.23784e-08
2.4551	3.91321e-08
2.4552	3.27284e-08
2.4553	2.73909e-08
2.4554	2.7658e-08
2.4555	2.52288e-08
2.4556	3.59638e-08
2.4557	3.91488e-08
2.4558	4.43958e-08
2.4559	2.98203e-08
2.456	3.97324e-08
2.4561	3.31307e-08
2.4562	4.41688e-08
2.4563	5.34544e-08
2.4564	3.7754e-08
2.4565	2.66e-08
2.4566	3.05712e-08
2.4567	3.37569e-08
2.4568	3.39359e-08
2.4569	3.81883e-08
2.457	4.18277e-08
2.4571	2.79413e-08
2.4572	3.87554e-08
2.4573	4.53317e-08
2.4574	2.81701e-08
2.4575	2.95302e-08
2.4576	3.04354e-08
2.4577	3.2688e-08
2.4578	3.27536e-08
2.4579	4.32228e-08
2.458	4.75352e-08
2.4581	4.08863e-08
2.4582	4.04762e-08
2.4583	3.68522e-08
2.4584	4.19723e-08
2.4585	3.84583e-08
2.4586	2.12226e-08
2.4587	3.32346e-08
2.4588	3.44826e-08
2.4589	3.3907e-08
2.459	3.96518e-08
2.4591	2.66725e-08
2.4592	2.93704e-08
2.4593	3.64473e-08
2.4594	3.16668e-08
2.4595	3.3924e-08
2.4596	2.66705e-08
2.4597	2.75616e-08
2.4598	2.72172e-08
2.4599	2.44329e-08
2.46	2.51434e-08
2.4601	2.74568e-08
2.4602	2.45161e-08
2.4603	2.90535e-08
2.4604	4.15247e-08
2.4605	3.75392e-08
2.4606	4.21934e-08
2.4607	3.5926e-08
2.4608	3.01522e-08
2.4609	2.85519e-08
2.461	3.52964e-08
2.4611	3.49708e-08
2.4612	3.12959e-08
2.4613	3.87711e-08
2.4614	2.43584e-08
2.4615	3.57233e-08
2.4616	3.86911e-08
2.4617	2.29097e-08
2.4618	3.11906e-08
2.4619	2.93852e-08
2.462	2.8388e-08
2.4621	2.33282e-08
2.4622	2.43295e-08
2.4623	2.64319e-08
2.4624	3.24462e-08
2.4625	3.5831e-08
2.4626	2.93906e-08
2.4627	2.35589e-08
2.4628	3.16658e-08
2.4629	3.52639e-08
2.463	3.2103e-08
2.4631	2.15629e-08
2.4632	2.83038e-08
2.4633	2.77057e-08
2.4634	3.42946e-08
2.4635	2.57408e-08
2.4636	3.98788e-08
2.4637	4.22473e-08
2.4638	2.64835e-08
2.4639	2.17632e-08
2.464	2.29532e-08
2.4641	2.15773e-08
2.4642	3.24298e-08
2.4643	2.15312e-08
2.4644	2.36252e-08
2.4645	2.58042e-08
2.4646	2.98295e-08
2.4647	3.7227e-08
2.4648	2.41739e-08
2.4649	3.21642e-08
2.465	3.38613e-08
2.4651	4.62441e-08
2.4652	3.34784e-08
2.4653	2.6819e-08
2.4654	2.26136e-08
2.4655	3.09145e-08
2.4656	2.84093e-08
2.4657	2.81036e-08
2.4658	4.62234e-08
2.4659	2.61645e-08
2.466	3.63809e-08
2.4661	3.4455e-08
2.4662	3.21428e-08
2.4663	3.56574e-08
2.4664	3.55364e-08
2.4665	3.00817e-08
2.4666	2.51623e-08
2.4667	2.71464e-08
2.4668	3.03059e-08
2.4669	3.21122e-08
2.467	2.24666e-08
2.4671	2.76506e-08
2.4672	3.3207e-08
2.4673	3.46792e-08
2.4674	3.36928e-08
2.4675	3.12739e-08
2.4676	2.97748e-08
2.4677	2.48264e-08
2.4678	2.65986e-08
2.4679	3.40824e-08
2.468	2.22552e-08
2.4681	3.00155e-08
2.4682	2.87753e-08
2.4683	3.89107e-08
2.4684	4.24505e-08
2.4685	3.25608e-08
2.4686	2.76401e-08
2.4687	2.9111e-08
2.4688	3.91796e-08
2.4689	3.30282e-08
2.469	3.50075e-08
2.4691	2.51583e-08
2.4692	2.72994e-08
2.4693	2.70483e-08
2.4694	3.11867e-08
2.4695	3.97053e-08
2.4696	3.18045e-08
2.4697	3.49188e-08
2.4698	2.88669e-08
2.4699	2.99601e-08
2.47	3.93406e-08
2.4701	3.10736e-08
2.4702	3.13214e-08
2.4703	3.07823e-08
2.4704	3.03083e-08
2.4705	2.36564e-08
2.4706	2.92364e-08
2.4707	3.37439e-08
2.4708	3.47067e-08
2.4709	2.89295e-08
2.471	3.72725e-08
2.4711	4.30302e-08
2.4712	3.64682e-08
2.4713	3.14504e-08
2.4714	3.32103e-08
2.4715	3.00422e-08
2.4716	3.53284e-08
2.4717	2.91953e-08
2.4718	3.13432e-08
2.4719	4.29643e-08
2.472	2.89942e-08
2.4721	3.11352e-08
2.4722	2.38503e-08
2.4723	2.70126e-08
2.4724	2.72422e-08
2.4725	4.09088e-08
2.4726	3.40976e-08
2.4727	3.01085e-08
2.4728	2.64318e-08
2.4729	2.45556e-08
2.473	2.4096e-08
2.4731	2.92111e-08
2.4732	3.19266e-08
2.4733	3.89495e-08
2.4734	3.02688e-08
2.4735	3.69193e-08
2.4736	3.75436e-08
2.4737	3.95758e-08
2.4738	2.31962e-08
2.4739	4.24956e-08
2.474	3.85665e-08
2.4741	4.27856e-08
2.4742	2.95745e-08
2.4743	3.1077e-08
2.4744	2.79587e-08
2.4745	2.70641e-08
2.4746	3.85299e-08
2.4747	3.61664e-08
2.4748	3.64458e-08
2.4749	2.26841e-08
2.475	2.8742e-08
2.4751	2.22007e-08
2.4752	2.55612e-08
2.4753	4.37444e-08
2.4754	2.9913e-08
2.4755	3.03066e-08
2.4756	2.8025e-08
2.4757	3.96548e-08
2.4758	3.19099e-08
2.4759	4.06843e-08
2.476	2.77011e-08
2.4761	4.1014e-08
2.4762	3.67879e-08
2.4763	3.80321e-08
2.4764	4.57538e-08
2.4765	2.52435e-08
2.4766	2.63151e-08
2.4767	4.25182e-08
2.4768	2.71435e-08
2.4769	2.76393e-08
2.477	2.15765e-08
2.4771	2.1274e-08
2.4772	2.46282e-08
2.4773	2.9586e-08
2.4774	3.30543e-08
2.4775	2.23622e-08
2.4776	2.26662e-08
2.4777	3.50206e-08
2.4778	5.45511e-08
2.4779	4.02351e-08
2.478	3.15319e-08
2.4781	4.27684e-08
2.4782	3.88552e-08
2.4783	3.91856e-08
2.4784	4.28797e-08
2.4785	3.4614e-08
2.4786	3.02784e-08
2.4787	2.97919e-08
2.4788	3.65148e-08
2.4789	3.29432e-08
2.479	3.38846e-08
2.4791	2.57007e-08
2.4792	2.62317e-08
2.4793	2.434e-08
2.4794	2.9172e-08
2.4795	3.40389e-08
2.4796	2.60945e-08
2.4797	2.48223e-08
2.4798	2.37569e-08
2.4799	2.56461e-08
2.48	3.53464e-08
2.4801	3.32473e-08
2.4802	2.7458e-08
2.4803	3.66031e-08
2.4804	4.13904e-08
2.4805	4.48447e-08
2.4806	4.10407e-08
2.4807	3.35641e-08
2.4808	3.31545e-08
2.4809	3.51685e-08
2.481	3.90248e-08
2.4811	2.90684e-08
2.4812	2.40247e-08
2.4813	2.27637e-08
2.4814	3.12916e-08
2.4815	2.89092e-08
2.4816	3.86842e-08
2.4817	2.23863e-08
2.4818	2.87611e-08
2.4819	3.43141e-08
2.482	2.25798e-08
2.4821	2.97776e-08
2.4822	3.25467e-08
2.4823	2.96123e-08
2.4824	3.69246e-08
2.4825	2.27757e-08
2.4826	3.84155e-08
2.4827	3.08006e-08
2.4828	3.52619e-08
2.4829	3.11298e-08
2.483	4.28763e-08
2.4831	3.93975e-08
2.4832	4.14042e-08
2.4833	3.69856e-08
2.4834	3.11478e-08
2.4835	2.44283e-08
2.4836	2.38469e-08
2.4837	2.93709e-08
2.4838	3.46451e-08
2.4839	2.94203e-08
2.484	2.61103e-08
2.4841	2.90189e-08
2.4842	3.97433e-08
2.4843	4.03315e-08
2.4844	3.30275e-08
2.4845	3.05493e-08
2.4846	4.15053e-08
2.4847	3.39185e-08
2.4848	3.01062e-08
2.4849	3.08847e-08
2.485	3.67438e-08
2.4851	4.00611e-08
2.4852	3.12616e-08
2.4853	4.24949e-08
2.4854	3.12522e-08
2.4855	2.80874e-08
2.4856	3.89339e-08
2.4857	2.77339e-08
2.4858	2.99777e-08
2.4859	4.30563e-08
2.486	3.99064e-08
2.4861	2.44596e-08
2.4862	3.42517e-08
2.4863	3.34356e-08
2.4864	3.49544e-08
2.4865	3.07248e-08
2.4866	2.78307e-08
2.4867	2.93348e-08
2.4868	2.65496e-08
2.4869	3.42632e-08
2.487	3.57392e-08
2.4871	3.5048e-08
2.4872	3.66938e-08
2.4873	3.57462e-08
2.4874	4.27089e-08
2.4875	4.03704e-08
2.4876	3.09864e-08
2.4877	3.34001e-08
2.4878	3.08999e-08
2.4879	3.39143e-08
2.488	3.1607e-08
2.4881	3.21076e-08
2.4882	3.21197e-08
2.4883	2.52642e-08
2.4884	3.1402e-08
2.4885	3.54804e-08
2.4886	3.9915e-08
2.4887	3.22229e-08
2.4888	2.63584e-08
2.4889	3.80773e-08
2.489	2.70282e-08
2.4891	3.05666e-08
2.4892	3.09236e-08
2.4893	3.43773e-08
2.4894	3.28725e-08
2.4895	3.61736e-08
2.4896	3.25863e-08
2.4897	4.04835e-08
2.4898	3.17506e-08
2.4899	3.28719e-08
2.49	3.38263e-08
2.4901	3.69819e-08
2.4902	3.76708e-08
2.4903	3.13154e-08
2.4904	3.54287e-08
2.4905	4.03548e-08
2.4906	2.64486e-08
2.4907	3.88963e-08
2.4908	3.67091e-08
2.4909	2.69846e-08
2.491	3.17131e-08
2.4911	2.80299e-08
2.4912	2.14358e-08
2.4913	2.64039e-08
2.4914	3.0808e-08
2.4915	4.19101e-08
2.4916	3.81916e-08
2.4917	3.74004e-08
2.4918	4.01829e-08
2.4919	3.98094e-08
2.492	2.98831e-08
2.4921	2.87156e-08
2.4922	2.73844e-08
2.4923	2.82e-08
2.4924	3.85273e-08
2.4925	2.89376e-08
2.4926	3.52497e-08
2.4927	3.28055e-08
2.4928	3.64558e-08
2.4929	2.7728e-08
2.493	4.03638e-08
2.4931	2.95953e-08
2.4932	3.81264e-08
2.4933	2.49766e-08
2.4934	2.66866e-08
2.4935	3.49592e-08
2.4936	4.19323e-08
2.4937	4.07716e-08
2.4938	4.13385e-08
2.4939	3.48384e-08
2.494	4.00237e-08
2.4941	3.76908e-08
2.4942	3.38658e-08
2.4943	2.86649e-08
2.4944	3.06421e-08
2.4945	3.53524e-08
2.4946	2.86327e-08
2.4947	3.26555e-08
2.4948	3.32676e-08
2.4949	3.55102e-08
2.495	4.08551e-08
2.4951	4.45385e-08
2.4952	3.15184e-08
2.4953	2.81074e-08
2.4954	2.79966e-08
2.4955	3.01088e-08
2.4956	2.28687e-08
2.4957	2.5338e-08
2.4958	2.80854e-08
2.4959	2.8917e-08
2.496	2.66345e-08
2.4961	3.59808e-08
2.4962	4.2226e-08
2.4963	3.16117e-08
2.4964	4.16783e-08
2.4965	2.9196e-08
2.4966	2.97315e-08
2.4967	3.34633e-08
2.4968	3.45814e-08
2.4969	3.22011e-08
2.497	2.73254e-08
2.4971	3.09716e-08
2.4972	2.79443e-08
2.4973	3.26774e-08
2.4974	2.42851e-08
2.4975	3.07984e-08
2.4976	3.08399e-08
2.4977	3.34761e-08
2.4978	2.71038e-08
2.4979	2.74792e-08
2.498	2.19365e-08
2.4981	3.23048e-08
2.4982	3.59785e-08
2.4983	2.95788e-08
2.4984	2.87919e-08
2.4985	3.69058e-08
2.4986	3.17924e-08
2.4987	3.39966e-08
2.4988	2.33656e-08
2.4989	2.9461e-08
2.499	2.62369e-08
2.4991	3.81025e-08
2.4992	3.02997e-08
2.4993	2.48597e-08
2.4994	3.69115e-08
2.4995	2.48243e-08
2.4996	2.28928e-08
2.4997	2.31422e-08
2.4998	2.834e-08
2.4999	2.97995e-08
2.5	2.90989e-08
2.5001	1.92266e-08
2.5002	2.34086e-08
2.5003	3.35628e-08
2.5004	3.4165e-08
2.5005	2.4683e-08
2.5006	3.16295e-08
2.5007	3.81982e-08
2.5008	3.15493e-08
2.5009	3.69735e-08
2.501	2.81484e-08
2.5011	2.90916e-08
2.5012	4.07234e-08
2.5013	3.01059e-08
2.5014	2.86633e-08
2.5015	3.25757e-08
2.5016	2.6564e-08
2.5017	3.3328e-08
2.5018	3.07715e-08
2.5019	2.40668e-08
2.502	4.15483e-08
2.5021	2.25964e-08
2.5022	2.61418e-08
2.5023	2.91365e-08
2.5024	2.29313e-08
2.5025	2.8948e-08
2.5026	3.25216e-08
2.5027	2.59369e-08
2.5028	3.04186e-08
2.5029	2.93016e-08
2.503	3.82104e-08
2.5031	3.16993e-08
2.5032	2.48606e-08
2.5033	2.89446e-08
2.5034	3.30444e-08
2.5035	3.0788e-08
2.5036	2.57401e-08
2.5037	2.53024e-08
2.5038	3.33745e-08
2.5039	3.39611e-08
2.504	3.26069e-08
2.5041	3.73037e-08
2.5042	3.57115e-08
2.5043	2.78248e-08
2.5044	2.73677e-08
2.5045	4.45779e-08
2.5046	3.58318e-08
2.5047	3.7056e-08
2.5048	3.44306e-08
2.5049	2.89667e-08
2.505	2.26979e-08
2.5051	3.17216e-08
2.5052	4.0212e-08
2.5053	4.05236e-08
2.5054	2.80051e-08
2.5055	3.47229e-08
2.5056	3.68708e-08
2.5057	3.28842e-08
2.5058	3.33275e-08
2.5059	2.92693e-08
2.506	2.9944e-08
2.5061	2.89392e-08
2.5062	2.68118e-08
2.5063	2.54513e-08
2.5064	3.53318e-08
2.5065	3.65913e-08
2.5066	3.98086e-08
2.5067	4.38421e-08
2.5068	3.10371e-08
2.5069	3.7649e-08
2.507	2.92435e-08
2.5071	3.49095e-08
2.5072	3.85087e-08
2.5073	2.46077e-08
2.5074	3.28745e-08
2.5075	2.97009e-08
2.5076	2.63453e-08
2.5077	2.96154e-08
2.5078	3.00342e-08
2.5079	2.96908e-08
2.508	2.56735e-08
2.5081	3.4556e-08
2.5082	2.99737e-08
2.5083	3.71583e-08
2.5084	2.76481e-08
2.5085	2.87119e-08
2.5086	2.15703e-08
2.5087	2.86242e-08
2.5088	2.85552e-08
2.5089	3.13566e-08
2.509	2.38942e-08
2.5091	3.98296e-08
2.5092	4.58558e-08
2.5093	4.09501e-08
2.5094	3.05178e-08
2.5095	2.47459e-08
2.5096	3.43718e-08
2.5097	4.65621e-08
2.5098	3.42512e-08
2.5099	2.25036e-08
2.51	3.27486e-08
2.5101	2.89281e-08
2.5102	2.62447e-08
2.5103	3.26153e-08
2.5104	4.21888e-08
2.5105	2.56986e-08
2.5106	2.49323e-08
2.5107	2.22914e-08
2.5108	2.16299e-08
2.5109	3.45546e-08
2.511	4.55073e-08
2.5111	3.35576e-08
2.5112	3.0642e-08
2.5113	2.93613e-08
2.5114	4.02017e-08
2.5115	2.6076e-08
2.5116	3.74451e-08
2.5117	3.07846e-08
2.5118	4.16878e-08
2.5119	3.59278e-08
2.512	4.12752e-08
2.5121	4.14265e-08
2.5122	2.25931e-08
2.5123	2.80349e-08
2.5124	4.10078e-08
2.5125	2.8489e-08
2.5126	2.9986e-08
2.5127	2.31661e-08
2.5128	2.3005e-08
2.5129	2.30094e-08
2.513	2.5752e-08
2.5131	3.08432e-08
2.5132	2.2693e-08
2.5133	2.15756e-08
2.5134	3.09529e-08
2.5135	4.71859e-08
2.5136	3.00681e-08
2.5137	3.56481e-08
2.5138	3.28992e-08
2.5139	3.89992e-08
2.514	3.43514e-08
2.5141	3.41819e-08
2.5142	3.20715e-08
2.5143	3.23877e-08
2.5144	4.01119e-08
2.5145	3.3786e-08
2.5146	3.1856e-08
2.5147	3.45731e-08
2.5148	2.86761e-08
2.5149	2.19554e-08
2.515	2.89707e-08
2.5151	2.87326e-08
2.5152	3.10674e-08
2.5153	2.69351e-08
2.5154	2.6332e-08
2.5155	2.50459e-08
2.5156	3.24557e-08
2.5157	4.16929e-08
2.5158	3.66265e-08
2.5159	2.68966e-08
2.516	4.18238e-08
2.5161	4.73338e-08
2.5162	3.52449e-08
2.5163	3.0126e-08
2.5164	3.61894e-08
2.5165	4.3122e-08
2.5166	3.59792e-08
2.5167	2.93012e-08
2.5168	3.08496e-08
2.5169	2.85251e-08
2.517	2.23232e-08
2.5171	2.95404e-08
2.5172	3.7762e-08
2.5173	4.56551e-08
2.5174	2.0597e-08
2.5175	2.5643e-08
2.5176	4.02082e-08
2.5177	2.71679e-08
2.5178	2.14313e-08
2.5179	3.65195e-08
2.518	2.50876e-08
2.5181	3.83569e-08
2.5182	2.59033e-08
2.5183	3.79116e-08
2.5184	3.67074e-08
2.5185	4.04578e-08
2.5186	2.8928e-08
2.5187	3.49857e-08
2.5188	3.86093e-08
2.5189	3.77013e-08
2.519	4.04306e-08
2.5191	3.50928e-08
2.5192	2.38213e-08
2.5193	2.60138e-08
2.5194	3.83819e-08
2.5195	2.53842e-08
2.5196	2.97535e-08
2.5197	3.3554e-08
2.5198	3.46481e-08
2.5199	2.75551e-08
2.52	3.29521e-08
2.5201	3.43503e-08
2.5202	3.21532e-08
2.5203	3.29553e-08
2.5204	3.35136e-08
2.5205	2.82447e-08
2.5206	3.66752e-08
2.5207	2.91921e-08
2.5208	3.40215e-08
2.5209	4.13425e-08
2.521	3.55853e-08
2.5211	2.7381e-08
2.5212	2.75479e-08
2.5213	3.56166e-08
2.5214	3.34604e-08
2.5215	2.59394e-08
2.5216	3.83389e-08
2.5217	3.10955e-08
2.5218	3.01711e-08
2.5219	3.24716e-08
2.522	2.85923e-08
2.5221	3.6322e-08
2.5222	3.49534e-08
2.5223	2.33922e-08
2.5224	3.35134e-08
2.5225	3.99589e-08
2.5226	4.40826e-08
2.5227	3.80225e-08
2.5228	3.21704e-08
2.5229	3.43304e-08
2.523	3.86728e-08
2.5231	4.88348e-08
2.5232	3.6508e-08
2.5233	2.27003e-08
2.5234	2.77772e-08
2.5235	3.55071e-08
2.5236	2.72223e-08
2.5237	2.53684e-08
2.5238	3.39995e-08
2.5239	3.0578e-08
2.524	3.07584e-08
2.5241	2.66793e-08
2.5242	3.35844e-08
2.5243	3.24305e-08
2.5244	2.75743e-08
2.5245	2.81103e-08
2.5246	3.39825e-08
2.5247	2.55537e-08
2.5248	2.5645e-08
2.5249	3.16674e-08
2.525	3.63357e-08
2.5251	2.91956e-08
2.5252	4.19852e-08
2.5253	2.43012e-08
2.5254	4.37468e-08
2.5255	2.2442e-08
2.5256	2.48402e-08
2.5257	3.25902e-08
2.5258	3.12999e-08
2.5259	3.29998e-08
2.526	3.19807e-08
2.5261	2.66863e-08
2.5262	3.13413e-08
2.5263	2.96223e-08
2.5264	4.67186e-08
2.5265	4.87263e-08
2.5266	2.62914e-08
2.5267	3.13271e-08
2.5268	2.63943e-08
2.5269	2.22383e-08
2.527	2.84828e-08
2.5271	3.57228e-08
2.5272	4.19241e-08
2.5273	4.33333e-08
2.5274	3.27295e-08
2.5275	4.33084e-08
2.5276	4.84018e-08
2.5277	2.99081e-08
2.5278	2.49594e-08
2.5279	2.73139e-08
2.528	2.69431e-08
2.5281	3.13531e-08
2.5282	3.73117e-08
2.5283	3.68322e-08
2.5284	2.54547e-08
2.5285	3.58339e-08
2.5286	3.62206e-08
2.5287	2.74441e-08
2.5288	2.99584e-08
2.5289	3.59009e-08
2.529	2.47262e-08
2.5291	3.15231e-08
2.5292	3.73071e-08
2.5293	3.72385e-08
2.5294	4.14906e-08
2.5295	3.14105e-08
2.5296	4.15937e-08
2.5297	3.51794e-08
2.5298	3.33775e-08
2.5299	3.17369e-08
2.53	3.59155e-08
2.5301	3.24543e-08
2.5302	3.21027e-08
2.5303	3.25188e-08
2.5304	2.98721e-08
2.5305	2.72849e-08
2.5306	3.59102e-08
2.5307	3.54706e-08
2.5308	3.40795e-08
2.5309	2.42857e-08
2.531	2.78666e-08
2.5311	2.65391e-08
2.5312	3.82752e-08
2.5313	2.54524e-08
2.5314	2.08079e-08
2.5315	2.98606e-08
2.5316	3.18717e-08
2.5317	3.34106e-08
2.5318	3.20107e-08
2.5319	3.64046e-08
2.532	3.81191e-08
2.5321	3.59382e-08
2.5322	2.45101e-08
2.5323	3.30309e-08
2.5324	3.74614e-08
2.5325	3.01324e-08
2.5326	3.70115e-08
2.5327	2.53306e-08
2.5328	3.14045e-08
2.5329	3.36743e-08
2.533	3.05066e-08
2.5331	3.1367e-08
2.5332	2.85838e-08
2.5333	3.37944e-08
2.5334	3.35344e-08
2.5335	2.77668e-08
2.5336	2.54815e-08
2.5337	2.95259e-08
2.5338	2.71009e-08
2.5339	3.2551e-08
2.534	3.9095e-08
2.5341	3.56438e-08
2.5342	3.6096e-08
2.5343	3.44612e-08
2.5344	2.69192e-08
2.5345	2.88765e-08
2.5346	3.25627e-08
2.5347	3.0566e-08
2.5348	3.07205e-08
2.5349	3.91545e-08
2.535	3.76451e-08
2.5351	3.95153e-08
2.5352	2.28877e-08
2.5353	2.12814e-08
2.5354	2.44164e-08
2.5355	3.11002e-08
2.5356	2.12363e-08
2.5357	3.3344e-08
2.5358	1.87292e-08
2.5359	2.52991e-08
2.536	2.8464e-08
2.5361	3.06946e-08
2.5362	2.70796e-08
2.5363	3.90383e-08
2.5364	3.45181e-08
2.5365	5.07596e-08
2.5366	2.38218e-08
2.5367	2.55023e-08
2.5368	3.10113e-08
2.5369	2.99927e-08
2.537	3.11496e-08
2.5371	3.79355e-08
2.5372	3.17601e-08
2.5373	3.30346e-08
2.5374	3.20502e-08
2.5375	2.81608e-08
2.5376	2.62845e-08
2.5377	4.262e-08
2.5378	2.12861e-08
2.5379	2.75858e-08
2.538	2.25822e-08
2.5381	2.58557e-08
2.5382	2.29802e-08
2.5383	3.29963e-08
2.5384	3.25807e-08
2.5385	3.40773e-08
2.5386	4.33398e-08
2.5387	3.56215e-08
2.5388	2.63672e-08
2.5389	2.97142e-08
2.539	2.46963e-08
2.5391	3.07214e-08
2.5392	3.09134e-08
2.5393	2.52408e-08
2.5394	2.64546e-08
2.5395	2.72413e-08
2.5396	3.83269e-08
2.5397	2.66292e-08
2.5398	4.66952e-08
2.5399	3.13478e-08
2.54	3.04366e-08
2.5401	3.4885e-08
2.5402	3.33683e-08
2.5403	3.32852e-08
2.5404	3.36006e-08
2.5405	2.50019e-08
2.5406	2.90025e-08
2.5407	1.81925e-08
2.5408	3.56216e-08
2.5409	3.70939e-08
2.541	4.68123e-08
2.5411	3.51722e-08
2.5412	3.18434e-08
2.5413	3.16758e-08
2.5414	2.82325e-08
2.5415	3.53099e-08
2.5416	2.99554e-08
2.5417	2.76862e-08
2.5418	2.70305e-08
2.5419	2.702e-08
2.542	3.2134e-08
2.5421	3.26335e-08
2.5422	3.52037e-08
2.5423	3.27103e-08
2.5424	4.26151e-08
2.5425	3.87997e-08
2.5426	3.84467e-08
2.5427	3.21243e-08
2.5428	3.44459e-08
2.5429	3.83333e-08
2.543	2.97209e-08
2.5431	4.41622e-08
2.5432	3.68946e-08
2.5433	3.01794e-08
2.5434	2.98198e-08
2.5435	2.49234e-08
2.5436	2.67544e-08
2.5437	3.02786e-08
2.5438	3.83117e-08
2.5439	3.47601e-08
2.544	3.28662e-08
2.5441	2.43491e-08
2.5442	2.86507e-08
2.5443	2.44403e-08
2.5444	3.03988e-08
2.5445	2.98649e-08
2.5446	3.64759e-08
2.5447	3.19484e-08
2.5448	4.20686e-08
2.5449	3.86061e-08
2.545	4.36133e-08
2.5451	3.25784e-08
2.5452	3.54403e-08
2.5453	4.6388e-08
2.5454	3.10797e-08
2.5455	4.09466e-08
2.5456	2.43437e-08
2.5457	3.38088e-08
2.5458	2.54142e-08
2.5459	2.8501e-08
2.546	2.80663e-08
2.5461	4.25131e-08
2.5462	2.56224e-08
2.5463	2.10189e-08
2.5464	2.86205e-08
2.5465	2.39721e-08
2.5466	3.28353e-08
2.5467	3.49915e-08
2.5468	2.97482e-08
2.5469	3.53551e-08
2.547	3.57829e-08
2.5471	3.544e-08
2.5472	2.23359e-08
2.5473	3.84834e-08
2.5474	3.69048e-08
2.5475	4.45178e-08
2.5476	3.4368e-08
2.5477	4.04934e-08
2.5478	3.04742e-08
2.5479	2.63297e-08
2.548	3.82933e-08
2.5481	3.45003e-08
2.5482	3.00841e-08
2.5483	3.08849e-08
2.5484	2.52435e-08
2.5485	2.55171e-08
2.5486	2.40098e-08
2.5487	2.39229e-08
2.5488	2.99431e-08
2.5489	2.37249e-08
2.549	3.03794e-08
2.5491	3.43589e-08
2.5492	3.98358e-08
2.5493	3.27441e-08
2.5494	4.04242e-08
2.5495	4.27801e-08
2.5496	3.3385e-08
2.5497	4.89928e-08
2.5498	3.33156e-08
2.5499	3.37056e-08
2.55	2.77905e-08
2.5501	4.13085e-08
2.5502	3.132e-08
2.5503	3.87575e-08
2.5504	3.64044e-08
2.5505	2.64271e-08
2.5506	2.75909e-08
2.5507	2.3782e-08
2.5508	2.58524e-08
2.5509	3.20652e-08
2.551	2.62297e-08
2.5511	2.09992e-08
2.5512	3.26224e-08
2.5513	2.8153e-08
2.5514	3.79266e-08
2.5515	2.97082e-08
2.5516	2.68391e-08
2.5517	3.81255e-08
2.5518	4.8825e-08
2.5519	4.23988e-08
2.552	3.31902e-08
2.5521	4.08818e-08
2.5522	3.75689e-08
2.5523	3.33344e-08
2.5524	2.58384e-08
2.5525	2.96482e-08
2.5526	3.01308e-08
2.5527	2.3811e-08
2.5528	2.96292e-08
2.5529	3.5079e-08
2.553	4.01757e-08
2.5531	2.1679e-08
2.5532	3.16615e-08
2.5533	3.34301e-08
2.5534	2.6803e-08
2.5535	2.58016e-08
2.5536	2.94789e-08
2.5537	2.30783e-08
2.5538	4.13481e-08
2.5539	2.80422e-08
2.554	3.00343e-08
2.5541	3.61558e-08
2.5542	3.47836e-08
2.5543	3.95105e-08
2.5544	3.6449e-08
2.5545	3.12275e-08
2.5546	3.67979e-08
2.5547	3.61951e-08
2.5548	3.64185e-08
2.5549	2.49819e-08
2.555	3.53999e-08
2.5551	2.90085e-08
2.5552	2.72228e-08
2.5553	3.00905e-08
2.5554	3.4172e-08
2.5555	3.83928e-08
2.5556	3.26831e-08
2.5557	3.53568e-08
2.5558	3.08121e-08
2.5559	3.46155e-08
2.556	3.39279e-08
2.5561	3.68424e-08
2.5562	3.40734e-08
2.5563	3.06877e-08
2.5564	3.38273e-08
2.5565	3.54023e-08
2.5566	3.34562e-08
2.5567	3.2729e-08
2.5568	2.75657e-08
2.5569	2.70757e-08
2.557	2.57559e-08
2.5571	2.97557e-08
2.5572	3.04796e-08
2.5573	3.56357e-08
2.5574	3.86113e-08
2.5575	3.054e-08
2.5576	3.01071e-08
2.5577	2.68503e-08
2.5578	3.65216e-08
2.5579	3.24897e-08
2.558	2.16579e-08
2.5581	3.48329e-08
2.5582	4.12575e-08
2.5583	3.82999e-08
2.5584	4.21121e-08
2.5585	2.96502e-08
2.5586	3.48321e-08
2.5587	4.22235e-08
2.5588	3.7586e-08
2.5589	3.75069e-08
2.559	2.37449e-08
2.5591	3.28831e-08
2.5592	2.99728e-08
2.5593	2.85697e-08
2.5594	3.35574e-08
2.5595	3.50343e-08
2.5596	2.56827e-08
2.5597	2.62309e-08
2.5598	3.58553e-08
2.5599	3.71668e-08
2.56	3.43064e-08
2.5601	2.56835e-08
2.5602	3.03775e-08
2.5603	3.52953e-08
2.5604	3.05723e-08
2.5605	3.45408e-08
2.5606	2.91745e-08
2.5607	3.31275e-08
2.5608	3.52006e-08
2.5609	3.78689e-08
2.561	2.73323e-08
2.5611	4.06677e-08
2.5612	2.07151e-08
2.5613	2.61632e-08
2.5614	2.96244e-08
2.5615	3.09501e-08
2.5616	3.63924e-08
2.5617	3.22039e-08
2.5618	3.19542e-08
2.5619	3.16832e-08
2.562	3.23981e-08
2.5621	4.08945e-08
2.5622	4.25923e-08
2.5623	2.37288e-08
2.5624	2.83981e-08
2.5625	2.74893e-08
2.5626	2.84896e-08
2.5627	3.33756e-08
2.5628	4.10708e-08
2.5629	3.50954e-08
2.563	3.56744e-08
2.5631	3.53656e-08
2.5632	3.75271e-08
2.5633	4.57857e-08
2.5634	3.77678e-08
2.5635	2.71035e-08
2.5636	2.83637e-08
2.5637	3.52819e-08
2.5638	3.48008e-08
2.5639	3.69126e-08
2.564	3.76691e-08
2.5641	2.48853e-08
2.5642	3.4954e-08
2.5643	4.06837e-08
2.5644	2.73453e-08
2.5645	2.8207e-08
2.5646	3.99347e-08
2.5647	2.72576e-08
2.5648	2.86029e-08
2.5649	3.7033e-08
2.565	3.61416e-08
2.5651	4.57215e-08
2.5652	3.38398e-08
2.5653	3.58588e-08
2.5654	3.848e-08
2.5655	4.03669e-08
2.5656	3.26808e-08
2.5657	3.51569e-08
2.5658	3.72434e-08
2.5659	3.13177e-08
2.566	4.68089e-08
2.5661	2.99039e-08
2.5662	3.03045e-08
2.5663	3.48156e-08
2.5664	3.49341e-08
2.5665	3.35675e-08
2.5666	2.58385e-08
2.5667	3.35186e-08
2.5668	2.58393e-08
2.5669	3.43738e-08
2.567	2.65875e-08
2.5671	2.21518e-08
2.5672	3.00392e-08
2.5673	3.39611e-08
2.5674	3.67351e-08
2.5675	3.40737e-08
2.5676	3.89612e-08
2.5677	3.2627e-08
2.5678	3.00444e-08
2.5679	2.43098e-08
2.568	2.90557e-08
2.5681	3.74662e-08
2.5682	3.1214e-08
2.5683	3.59023e-08
2.5684	2.45792e-08
2.5685	3.19464e-08
2.5686	3.92191e-08
2.5687	2.44164e-08
2.5688	3.21451e-08
2.5689	2.63682e-08
2.569	3.43045e-08
2.5691	2.95462e-08
2.5692	2.42785e-08
2.5693	2.8621e-08
2.5694	2.81688e-08
2.5695	3.08164e-08
2.5696	3.48791e-08
2.5697	3.03844e-08
2.5698	3.24679e-08
2.5699	4.4073e-08
2.57	3.10289e-08
2.5701	2.35634e-08
2.5702	2.31008e-08
2.5703	3.07708e-08
2.5704	3.55163e-08
2.5705	3.268e-08
2.5706	3.17479e-08
2.5707	3.7457e-08
2.5708	3.37786e-08
2.5709	2.47926e-08
2.571	2.26898e-08
2.5711	2.09347e-08
2.5712	2.99359e-08
2.5713	2.04466e-08
2.5714	2.70876e-08
2.5715	1.93495e-08
2.5716	2.7153e-08
2.5717	2.97251e-08
2.5718	2.69396e-08
2.5719	3.20561e-08
2.572	3.08326e-08
2.5721	3.64032e-08
2.5722	4.72921e-08
2.5723	3.21472e-08
2.5724	2.36871e-08
2.5725	3.09327e-08
2.5726	2.91657e-08
2.5727	3.2267e-08
2.5728	3.61082e-08
2.5729	2.87224e-08
2.573	3.08224e-08
2.5731	3.53353e-08
2.5732	2.35528e-08
2.5733	2.22553e-08
2.5734	3.86091e-08
2.5735	2.98246e-08
2.5736	2.33572e-08
2.5737	2.61469e-08
2.5738	2.59154e-08
2.5739	2.18238e-08
2.574	3.25441e-08
2.5741	2.8971e-08
2.5742	2.56386e-08
2.5743	4.51627e-08
2.5744	3.21889e-08
2.5745	3.22586e-08
2.5746	2.92487e-08
2.5747	3.26652e-08
2.5748	3.21789e-08
2.5749	2.97532e-08
2.575	2.54349e-08
2.5751	3.0511e-08
2.5752	2.81989e-08
2.5753	3.73995e-08
2.5754	2.97226e-08
2.5755	3.80733e-08
2.5756	3.0234e-08
2.5757	2.81671e-08
2.5758	2.92634e-08
2.5759	3.56332e-08
2.576	2.5732e-08
2.5761	2.87081e-08
2.5762	2.77991e-08
2.5763	3.09605e-08
2.5764	2.41712e-08
2.5765	3.2622e-08
2.5766	2.44643e-08
2.5767	4.79373e-08
2.5768	2.92957e-08
2.5769	2.74829e-08
2.577	3.02508e-08
2.5771	2.6473e-08
2.5772	3.59834e-08
2.5773	2.791e-08
2.5774	2.54198e-08
2.5775	2.59973e-08
2.5776	2.7949e-08
2.5777	3.32169e-08
2.5778	4.74297e-08
2.5779	3.50649e-08
2.578	3.4837e-08
2.5781	4.16443e-08
2.5782	3.74371e-08
2.5783	3.86952e-08
2.5784	3.03135e-08
2.5785	3.16911e-08
2.5786	3.53628e-08
2.5787	3.62401e-08
2.5788	3.72099e-08
2.5789	3.42072e-08
2.579	3.23498e-08
2.5791	3.06155e-08
2.5792	2.59828e-08
2.5793	3.11189e-08
2.5794	3.92701e-08
2.5795	2.8608e-08
2.5796	3.27538e-08
2.5797	3.58083e-08
2.5798	2.85163e-08
2.5799	2.56461e-08
2.58	2.30362e-08
2.5801	2.75498e-08
2.5802	3.24045e-08
2.5803	3.85892e-08
2.5804	2.49323e-08
2.5805	4.61437e-08
2.5806	4.00515e-08
2.5807	3.99916e-08
2.5808	3.01075e-08
2.5809	3.9209e-08
2.581	4.47908e-08
2.5811	2.9076e-08
2.5812	4.24118e-08
2.5813	2.7016e-08
2.5814	3.75477e-08
2.5815	2.87453e-08
2.5816	2.44343e-08
2.5817	3.1861e-08
2.5818	4.06491e-08
2.5819	2.99007e-08
2.582	2.26115e-08
2.5821	1.9867e-08
2.5822	2.41155e-08
2.5823	3.36531e-08
2.5824	4.23417e-08
2.5825	3.07747e-08
2.5826	2.76001e-08
2.5827	3.83721e-08
2.5828	3.42038e-08
2.5829	2.42647e-08
2.583	4.05052e-08
2.5831	3.9158e-08
2.5832	4.39055e-08
2.5833	3.55731e-08
2.5834	4.31837e-08
2.5835	2.95306e-08
2.5836	2.8043e-08
2.5837	3.30679e-08
2.5838	3.24927e-08
2.5839	2.76333e-08
2.584	2.77521e-08
2.5841	2.35586e-08
2.5842	2.27465e-08
2.5843	2.16885e-08
2.5844	2.54683e-08
2.5845	3.16497e-08
2.5846	2.20796e-08
2.5847	2.33319e-08
2.5848	3.35131e-08
2.5849	4.51056e-08
2.585	3.2374e-08
2.5851	3.97764e-08
2.5852	3.79802e-08
2.5853	3.43323e-08
2.5854	4.50224e-08
2.5855	2.8108e-08
2.5856	2.99627e-08
2.5857	3.45212e-08
2.5858	4.76655e-08
2.5859	3.17721e-08
2.586	3.17509e-08
2.5861	3.52882e-08
2.5862	2.80303e-08
2.5863	2.55611e-08
2.5864	2.52824e-08
2.5865	2.53727e-08
2.5866	3.08179e-08
2.5867	2.70546e-08
2.5868	2.35778e-08
2.5869	3.20366e-08
2.587	2.95356e-08
2.5871	3.66922e-08
2.5872	3.06198e-08
2.5873	2.7899e-08
2.5874	3.40957e-08
2.5875	5.20624e-08
2.5876	4.47651e-08
2.5877	2.95313e-08
2.5878	3.50561e-08
2.5879	3.78401e-08
2.588	3.34836e-08
2.5881	2.89514e-08
2.5882	3.06649e-08
2.5883	3.07723e-08
2.5884	2.79889e-08
2.5885	2.84062e-08
2.5886	3.09894e-08
2.5887	3.80937e-08
2.5888	2.35227e-08
2.5889	2.78804e-08
2.589	3.10017e-08
2.5891	2.71891e-08
2.5892	2.36249e-08
2.5893	2.97007e-08
2.5894	2.35882e-08
2.5895	4.2501e-08
2.5896	2.97032e-08
2.5897	4.25936e-08
2.5898	3.2731e-08
2.5899	3.82131e-08
2.59	2.59348e-08
2.5901	3.44088e-08
2.5902	3.00243e-08
2.5903	3.6999e-08
2.5904	3.6392e-08
2.5905	2.64927e-08
2.5906	2.37262e-08
2.5907	3.61069e-08
2.5908	3.27978e-08
2.5909	3.14948e-08
2.591	3.21914e-08
2.5911	3.45263e-08
2.5912	3.75387e-08
2.5913	3.45613e-08
2.5914	3.67881e-08
2.5915	2.61793e-08
2.5916	3.49613e-08
2.5917	3.22959e-08
2.5918	3.6801e-08
2.5919	2.97626e-08
2.592	3.35269e-08
2.5921	2.29317e-08
2.5922	3.46216e-08
2.5923	4.18123e-08
2.5924	3.44823e-08
2.5925	3.32204e-08
2.5926	2.80498e-08
2.5927	2.56902e-08
2.5928	3.18589e-08
2.5929	3.43883e-08
2.593	3.35072e-08
2.5931	2.94726e-08
2.5932	3.01728e-08
2.5933	3.50032e-08
2.5934	3.41085e-08
2.5935	3.53026e-08
2.5936	3.39709e-08
2.5937	2.29824e-08
2.5938	3.35122e-08
2.5939	4.13589e-08
2.594	3.53858e-08
2.5941	3.88046e-08
2.5942	2.8162e-08
2.5943	2.91296e-08
2.5944	3.48593e-08
2.5945	3.91788e-08
2.5946	4.02655e-08
2.5947	2.72306e-08
2.5948	2.96249e-08
2.5949	3.72579e-08
2.595	2.51167e-08
2.5951	3.20469e-08
2.5952	2.88117e-08
2.5953	2.58019e-08
2.5954	2.93177e-08
2.5955	2.92169e-08
2.5956	3.73441e-08
2.5957	3.40231e-08
2.5958	2.79152e-08
2.5959	3.46617e-08
2.596	3.14914e-08
2.5961	2.64674e-08
2.5962	3.3843e-08
2.5963	2.803e-08
2.5964	3.00711e-08
2.5965	3.23395e-08
2.5966	3.69306e-08
2.5967	3.39301e-08
2.5968	3.84563e-08
2.5969	2.52522e-08
2.597	2.84245e-08
2.5971	2.59813e-08
2.5972	3.71252e-08
2.5973	3.6387e-08
2.5974	3.72592e-08
2.5975	3.77024e-08
2.5976	4.26172e-08
2.5977	3.17036e-08
2.5978	3.71651e-08
2.5979	4.43804e-08
2.598	2.42142e-08
2.5981	2.92087e-08
2.5982	2.61443e-08
2.5983	2.20486e-08
2.5984	3.5331e-08
2.5985	3.28582e-08
2.5986	4.27851e-08
2.5987	3.49295e-08
2.5988	4.06172e-08
2.5989	3.74994e-08
2.599	3.50648e-08
2.5991	3.89431e-08
2.5992	3.24821e-08
2.5993	2.99859e-08
2.5994	3.99062e-08
2.5995	3.29137e-08
2.5996	3.87387e-08
2.5997	4.26793e-08
2.5998	3.30316e-08
2.5999	4.31277e-08
2.6	3.93592e-08
2.6001	2.91588e-08
2.6002	3.00871e-08
2.6003	3.50157e-08
2.6004	2.4708e-08
2.6005	2.8493e-08
2.6006	3.90011e-08
2.6007	3.81373e-08
2.6008	3.97213e-08
2.6009	3.39395e-08
2.601	3.50885e-08
2.6011	4.00991e-08
2.6012	3.42377e-08
2.6013	2.82316e-08
2.6014	3.67992e-08
2.6015	2.80162e-08
2.6016	3.80777e-08
2.6017	3.91568e-08
2.6018	3.48217e-08
2.6019	3.24823e-08
2.602	2.85453e-08
2.6021	4.28485e-08
2.6022	4.708e-08
2.6023	2.99513e-08
2.6024	3.14609e-08
2.6025	3.15288e-08
2.6026	3.05437e-08
2.6027	2.51817e-08
2.6028	2.05228e-08
2.6029	2.97298e-08
2.603	3.16557e-08
2.6031	3.86671e-08
2.6032	3.17952e-08
2.6033	3.86546e-08
2.6034	3.81934e-08
2.6035	3.74311e-08
2.6036	3.04546e-08
2.6037	2.69798e-08
2.6038	3.56584e-08
2.6039	3.65361e-08
2.604	3.57658e-08
2.6041	2.30884e-08
2.6042	3.71003e-08
2.6043	3.84121e-08
2.6044	2.8927e-08
2.6045	3.25491e-08
2.6046	2.46775e-08
2.6047	3.14012e-08
2.6048	3.35231e-08
2.6049	2.63047e-08
2.605	2.71471e-08
2.6051	4.12721e-08
2.6052	3.44769e-08
2.6053	2.49941e-08
2.6054	3.02134e-08
2.6055	3.28482e-08
2.6056	4.31616e-08
2.6057	3.00117e-08
2.6058	2.4889e-08
2.6059	2.96244e-08
2.606	2.6228e-08
2.6061	3.68333e-08
2.6062	3.25845e-08
2.6063	4.16656e-08
2.6064	4.22257e-08
2.6065	3.29325e-08
2.6066	2.8255e-08
2.6067	2.2906e-08
2.6068	2.01216e-08
2.6069	2.94156e-08
2.607	2.0714e-08
2.6071	2.53048e-08
2.6072	1.96289e-08
2.6073	3.14883e-08
2.6074	3.18995e-08
2.6075	1.97285e-08
2.6076	2.53578e-08
2.6077	3.14613e-08
2.6078	3.26865e-08
2.6079	5.18142e-08
2.608	2.50765e-08
2.6081	2.50518e-08
2.6082	3.97133e-08
2.6083	2.68071e-08
2.6084	3.2434e-08
2.6085	4.13349e-08
2.6086	3.04258e-08
2.6087	3.00589e-08
2.6088	2.96112e-08
2.6089	3.32962e-08
2.609	2.74723e-08
2.6091	3.48405e-08
2.6092	3.14243e-08
2.6093	2.56009e-08
2.6094	2.95488e-08
2.6095	3.80094e-08
2.6096	3.53579e-08
2.6097	2.68961e-08
2.6098	3.74198e-08
2.6099	3.24548e-08
2.61	4.77249e-08
2.6101	3.43037e-08
2.6102	2.56113e-08
2.6103	3.86102e-08
2.6104	2.56672e-08
2.6105	2.90771e-08
2.6106	3.33434e-08
2.6107	3.74714e-08
2.6108	3.25995e-08
2.6109	2.93193e-08
2.611	4.25758e-08
2.6111	2.98567e-08
2.6112	3.79153e-08
2.6113	2.9657e-08
2.6114	3.39189e-08
2.6115	2.2305e-08
2.6116	3.25263e-08
2.6117	3.61468e-08
2.6118	3.46335e-08
2.6119	2.46818e-08
2.612	3.16626e-08
2.6121	2.59194e-08
2.6122	3.9828e-08
2.6123	3.47188e-08
2.6124	4.4652e-08
2.6125	3.23252e-08
2.6126	2.72645e-08
2.6127	3.10513e-08
2.6128	2.73523e-08
2.6129	3.31867e-08
2.613	2.36884e-08
2.6131	2.6041e-08
2.6132	2.68614e-08
2.6133	2.88302e-08
2.6134	3.22794e-08
2.6135	3.91878e-08
2.6136	3.92759e-08
2.6137	3.28801e-08
2.6138	3.94281e-08
2.6139	3.80232e-08
2.614	3.31424e-08
2.6141	3.2889e-08
2.6142	2.6068e-08
2.6143	4.1129e-08
2.6144	3.61085e-08
2.6145	3.38856e-08
2.6146	3.50228e-08
2.6147	3.29271e-08
2.6148	2.77143e-08
2.6149	2.99435e-08
2.615	2.60292e-08
2.6151	3.69567e-08
2.6152	3.53559e-08
2.6153	2.99731e-08
2.6154	3.39842e-08
2.6155	3.23413e-08
2.6156	2.23576e-08
2.6157	2.33956e-08
2.6158	3.55792e-08
2.6159	3.17091e-08
2.616	3.956e-08
2.6161	2.88736e-08
2.6162	4.01307e-08
2.6163	4.86371e-08
2.6164	3.744e-08
2.6165	2.90888e-08
2.6166	3.85516e-08
2.6167	4.69071e-08
2.6168	3.06197e-08
2.6169	4.02121e-08
2.617	2.97613e-08
2.6171	3.1735e-08
2.6172	2.67072e-08
2.6173	3.13695e-08
2.6174	3.68873e-08
2.6175	3.38564e-08
2.6176	2.59888e-08
2.6177	2.21723e-08
2.6178	1.9292e-08
2.6179	2.49928e-08
2.618	3.52326e-08
2.6181	3.7013e-08
2.6182	2.82706e-08
2.6183	2.86565e-08
2.6184	3.60517e-08
2.6185	4.23278e-08
2.6186	3.60296e-08
2.6187	3.26958e-08
2.6188	4.39767e-08
2.6189	3.88116e-08
2.619	3.3364e-08
2.6191	3.80279e-08
2.6192	2.8396e-08
2.6193	2.39031e-08
2.6194	3.58923e-08
2.6195	3.74611e-08
2.6196	3.55733e-08
2.6197	2.42314e-08
2.6198	2.09313e-08
2.6199	2.80349e-08
2.62	2.87478e-08
2.6201	2.70939e-08
2.6202	2.80928e-08
2.6203	2.43171e-08
2.6204	2.72497e-08
2.6205	4.16769e-08
2.6206	4.50882e-08
2.6207	3.35102e-08
2.6208	3.33065e-08
2.6209	4.67018e-08
2.621	4.53378e-08
2.6211	3.25265e-08
2.6212	2.41186e-08
2.6213	3.09024e-08
2.6214	3.17974e-08
2.6215	3.63238e-08
2.6216	2.94821e-08
2.6217	3.52412e-08
2.6218	2.38232e-08
2.6219	3.2923e-08
2.622	2.79517e-08
2.6221	2.50518e-08
2.6222	2.39516e-08
2.6223	2.44756e-08
2.6224	1.97355e-08
2.6225	2.97365e-08
2.6226	2.5788e-08
2.6227	2.74453e-08
2.6228	3.43034e-08
2.6229	3.38551e-08
2.623	2.84719e-08
2.6231	5.63893e-08
2.6232	5.41114e-08
2.6233	3.30363e-08
2.6234	3.05176e-08
2.6235	4.19427e-08
2.6236	3.06662e-08
2.6237	2.84343e-08
2.6238	2.37483e-08
2.6239	2.95296e-08
2.624	2.76411e-08
2.6241	3.05874e-08
2.6242	2.58058e-08
2.6243	3.62511e-08
2.6244	3.45462e-08
2.6245	2.71371e-08
2.6246	2.83125e-08
2.6247	2.52617e-08
2.6248	2.80164e-08
2.6249	2.88251e-08
2.625	3.20032e-08
2.6251	3.011e-08
2.6252	4.03344e-08
2.6253	3.92848e-08
2.6254	3.72117e-08
2.6255	2.5788e-08
2.6256	4.3294e-08
2.6257	3.30469e-08
2.6258	3.53265e-08
2.6259	2.7335e-08
2.626	3.81272e-08
2.6261	3.57313e-08
2.6262	3.08712e-08
2.6263	2.72339e-08
2.6264	3.12771e-08
2.6265	3.01701e-08
2.6266	2.93906e-08
2.6267	2.33085e-08
2.6268	3.81253e-08
2.6269	3.50966e-08
2.627	3.39215e-08
2.6271	3.80405e-08
2.6272	2.63903e-08
2.6273	3.38765e-08
2.6274	2.79186e-08
2.6275	3.45764e-08
2.6276	3.45195e-08
2.6277	2.82636e-08
2.6278	2.76832e-08
2.6279	3.4243e-08
2.628	3.4039e-08
2.6281	3.41497e-08
2.6282	2.80844e-08
2.6283	2.95864e-08
2.6284	2.66331e-08
2.6285	3.14084e-08
2.6286	3.53108e-08
2.6287	3.81363e-08
2.6288	3.35113e-08
2.6289	3.78506e-08
2.629	2.99414e-08
2.6291	2.59623e-08
2.6292	3.56751e-08
2.6293	3.14228e-08
2.6294	2.48766e-08
2.6295	3.0432e-08
2.6296	4.30591e-08
2.6297	3.31568e-08
2.6298	3.15875e-08
2.6299	3.35064e-08
2.63	3.33643e-08
2.6301	3.48498e-08
2.6302	3.6242e-08
2.6303	3.32127e-08
2.6304	2.75495e-08
2.6305	2.84443e-08
2.6306	3.52007e-08
2.6307	2.57857e-08
2.6308	3.04639e-08
2.6309	3.32335e-08
2.631	2.8011e-08
2.6311	3.11203e-08
2.6312	3.5945e-08
2.6313	2.9467e-08
2.6314	3.03818e-08
2.6315	2.38758e-08
2.6316	2.73532e-08
2.6317	3.55756e-08
2.6318	2.68651e-08
2.6319	2.90056e-08
2.632	2.78411e-08
2.6321	3.04864e-08
2.6322	3.53898e-08
2.6323	3.53058e-08
2.6324	2.42355e-08
2.6325	4.21226e-08
2.6326	2.07982e-08
2.6327	2.78565e-08
2.6328	2.59114e-08
2.6329	3.31308e-08
2.633	3.12657e-08
2.6331	2.95699e-08
2.6332	3.42793e-08
2.6333	2.51153e-08
2.6334	3.81769e-08
2.6335	4.67212e-08
2.6336	3.03889e-08
2.6337	2.89041e-08
2.6338	2.64424e-08
2.6339	2.25341e-08
2.634	2.58637e-08
2.6341	3.26183e-08
2.6342	4.32907e-08
2.6343	4.0998e-08
2.6344	4.54158e-08
2.6345	4.1482e-08
2.6346	4.43389e-08
2.6347	4.49207e-08
2.6348	3.56524e-08
2.6349	2.45197e-08
2.635	2.5176e-08
2.6351	2.91477e-08
2.6352	3.96027e-08
2.6353	3.77093e-08
2.6354	3.88049e-08
2.6355	2.67972e-08
2.6356	3.25836e-08
2.6357	4.02016e-08
2.6358	2.47726e-08
2.6359	2.70835e-08
2.636	3.15467e-08
2.6361	3.20667e-08
2.6362	3.2098e-08
2.6363	4.25443e-08
2.6364	4.55538e-08
2.6365	4.22535e-08
2.6366	3.0621e-08
2.6367	3.86566e-08
2.6368	4.48181e-08
2.6369	4.12417e-08
2.637	2.27838e-08
2.6371	3.3069e-08
2.6372	3.6911e-08
2.6373	3.00655e-08
2.6374	3.86224e-08
2.6375	3.16117e-08
2.6376	2.45457e-08
2.6377	4.18472e-08
2.6378	2.8295e-08
2.6379	3.19704e-08
2.638	2.58055e-08
2.6381	2.81508e-08
2.6382	3.18135e-08
2.6383	2.74852e-08
2.6384	2.76804e-08
2.6385	2.37435e-08
2.6386	2.71404e-08
2.6387	3.62554e-08
2.6388	3.89886e-08
2.6389	3.65624e-08
2.639	4.19031e-08
2.6391	4.08925e-08
2.6392	2.62046e-08
2.6393	2.36408e-08
2.6394	2.88648e-08
2.6395	3.25759e-08
2.6396	3.50364e-08
2.6397	3.61244e-08
2.6398	2.45593e-08
2.6399	3.01665e-08
2.64	4.1945e-08
2.6401	2.38976e-08
2.6402	3.08969e-08
2.6403	3.17766e-08
2.6404	2.9489e-08
2.6405	3.20322e-08
2.6406	2.11216e-08
2.6407	2.62149e-08
2.6408	3.58408e-08
2.6409	3.17035e-08
2.641	2.64532e-08
2.6411	3.11337e-08
2.6412	3.78164e-08
2.6413	2.93051e-08
2.6414	3.04945e-08
2.6415	2.62833e-08
2.6416	3.34018e-08
2.6417	3.36624e-08
2.6418	3.74781e-08
2.6419	3.20841e-08
2.642	4.15039e-08
2.6421	3.51458e-08
2.6422	2.91344e-08
2.6423	2.42112e-08
2.6424	2.37346e-08
2.6425	2.18019e-08
2.6426	2.90515e-08
2.6427	2.25898e-08
2.6428	2.65161e-08
2.6429	2.31864e-08
2.643	3.01055e-08
2.6431	3.50683e-08
2.6432	2.06007e-08
2.6433	3.4394e-08
2.6434	3.70013e-08
2.6435	3.92166e-08
2.6436	4.11182e-08
2.6437	3.05819e-08
2.6438	2.11804e-08
2.6439	3.0506e-08
2.644	2.68407e-08
2.6441	3.1242e-08
2.6442	3.45148e-08
2.6443	2.63616e-08
2.6444	2.7359e-08
2.6445	3.52543e-08
2.6446	2.33237e-08
2.6447	2.27607e-08
2.6448	3.90217e-08
2.6449	2.94557e-08
2.645	2.40741e-08
2.6451	2.38208e-08
2.6452	3.79e-08
2.6453	3.17562e-08
2.6454	2.46481e-08
2.6455	3.5049e-08
2.6456	3.54863e-08
2.6457	3.73778e-08
2.6458	3.38679e-08
2.6459	3.02952e-08
2.646	3.04792e-08
2.6461	2.34196e-08
2.6462	2.83702e-08
2.6463	3.28645e-08
2.6464	2.6559e-08
2.6465	2.97305e-08
2.6466	3.12111e-08
2.6467	3.77091e-08
2.6468	4.07948e-08
2.6469	3.1165e-08
2.647	3.46893e-08
2.6471	2.80942e-08
2.6472	2.6029e-08
2.6473	4.54973e-08
2.6474	2.53029e-08
2.6475	3.26649e-08
2.6476	2.22896e-08
2.6477	2.88151e-08
2.6478	2.72889e-08
2.6479	3.8314e-08
2.648	3.48856e-08
2.6481	4.22596e-08
2.6482	3.60578e-08
2.6483	3.08924e-08
2.6484	3.70895e-08
2.6485	2.73588e-08
2.6486	3.94344e-08
2.6487	2.56964e-08
2.6488	2.89624e-08
2.6489	2.55601e-08
2.649	2.71457e-08
2.6491	3.25787e-08
2.6492	3.20929e-08
2.6493	2.97747e-08
2.6494	3.24893e-08
2.6495	3.81959e-08
2.6496	4.19672e-08
2.6497	3.47541e-08
2.6498	3.68852e-08
2.6499	3.84459e-08
2.65	3.39647e-08
2.6501	3.12375e-08
2.6502	3.18909e-08
2.6503	3.73681e-08
2.6504	3.38325e-08
2.6505	2.91814e-08
2.6506	2.46728e-08
2.6507	3.29425e-08
2.6508	3.34849e-08
2.6509	3.65443e-08
2.651	3.24274e-08
2.6511	3.29335e-08
2.6512	3.03531e-08
2.6513	2.26369e-08
2.6514	2.36096e-08
2.6515	3.40623e-08
2.6516	3.06476e-08
2.6517	3.56323e-08
2.6518	2.98537e-08
2.6519	4.61921e-08
2.652	4.45201e-08
2.6521	3.2755e-08
2.6522	2.55213e-08
2.6523	4.28728e-08
2.6524	4.58143e-08
2.6525	3.19024e-08
2.6526	3.30685e-08
2.6527	3.12441e-08
2.6528	3.38126e-08
2.6529	3.21384e-08
2.653	2.73374e-08
2.6531	3.8932e-08
2.6532	3.55403e-08
2.6533	2.18564e-08
2.6534	2.14817e-08
2.6535	2.91017e-08
2.6536	2.55372e-08
2.6537	3.16715e-08
2.6538	3.5063e-08
2.6539	3.66653e-08
2.654	2.76147e-08
2.6541	3.90125e-08
2.6542	3.38295e-08
2.6543	3.11512e-08
2.6544	3.28177e-08
2.6545	4.18513e-08
2.6546	4.29805e-08
2.6547	4.29539e-08
2.6548	3.93722e-08
2.6549	2.47674e-08
2.655	2.6322e-08
2.6551	3.49203e-08
2.6552	3.43954e-08
2.6553	3.43452e-08
2.6554	2.38999e-08
2.6555	2.79197e-08
2.6556	2.58471e-08
2.6557	3.07664e-08
2.6558	2.86484e-08
2.6559	2.86719e-08
2.656	2.23924e-08
2.6561	3.1675e-08
2.6562	4.24498e-08
2.6563	4.33098e-08
2.6564	2.16226e-08
2.6565	4.13616e-08
2.6566	4.51707e-08
2.6567	2.62752e-08
2.6568	4.72655e-08
2.6569	2.60627e-08
2.657	3.32208e-08
2.6571	3.25322e-08
2.6572	4.14413e-08
2.6573	2.87213e-08
2.6574	2.78147e-08
2.6575	3.22352e-08
2.6576	2.65673e-08
2.6577	3.16108e-08
2.6578	2.2114e-08
2.6579	2.08565e-08
2.658	2.50903e-08
2.6581	2.46204e-08
2.6582	2.23818e-08
2.6583	2.97466e-08
2.6584	2.96776e-08
2.6585	3.67561e-08
2.6586	3.16842e-08
2.6587	3.31108e-08
2.6588	3.74697e-08
2.6589	4.12981e-08
2.659	4.41065e-08
2.6591	4.04285e-08
2.6592	3.52735e-08
2.6593	3.54685e-08
2.6594	3.31412e-08
2.6595	2.0686e-08
2.6596	3.09233e-08
2.6597	2.77815e-08
2.6598	2.86501e-08
2.6599	2.77484e-08
2.66	3.28963e-08
2.6601	3.1914e-08
2.6602	2.20827e-08
2.6603	2.70108e-08
2.6604	2.78622e-08
2.6605	2.90074e-08
2.6606	3.43731e-08
2.6607	3.16128e-08
2.6608	3.24708e-08
2.6609	3.60773e-08
2.661	4.45826e-08
2.6611	3.5722e-08
2.6612	3.41074e-08
2.6613	2.97463e-08
2.6614	4.19294e-08
2.6615	3.84643e-08
2.6616	3.087e-08
2.6617	4.08279e-08
2.6618	2.79181e-08
2.6619	2.91966e-08
2.662	2.48467e-08
2.6621	3.38892e-08
2.6622	3.22612e-08
2.6623	3.03835e-08
2.6624	2.92372e-08
2.6625	3.75833e-08
2.6626	3.49357e-08
2.6627	3.67314e-08
2.6628	4.28912e-08
2.6629	3.04955e-08
2.663	3.94875e-08
2.6631	3.41218e-08
2.6632	3.32e-08
2.6633	3.1741e-08
2.6634	3.62958e-08
2.6635	3.54375e-08
2.6636	3.21406e-08
2.6637	3.82384e-08
2.6638	3.90782e-08
2.6639	3.30389e-08
2.664	3.44538e-08
2.6641	2.04934e-08
2.6642	3.19444e-08
2.6643	3.83673e-08
2.6644	3.90578e-08
2.6645	2.94663e-08
2.6646	3.11809e-08
2.6647	3.04238e-08
2.6648	2.72932e-08
2.6649	3.89855e-08
2.665	2.69763e-08
2.6651	2.49424e-08
2.6652	2.98349e-08
2.6653	4.63153e-08
2.6654	4.38835e-08
2.6655	2.89837e-08
2.6656	3.1083e-08
2.6657	3.20379e-08
2.6658	4.12038e-08
2.6659	3.42625e-08
2.666	3.16668e-08
2.6661	2.60258e-08
2.6662	2.66838e-08
2.6663	3.66767e-08
2.6664	2.48928e-08
2.6665	3.4761e-08
2.6666	2.87273e-08
2.6667	3.64591e-08
2.6668	3.23809e-08
2.6669	3.30783e-08
2.667	3.32973e-08
2.6671	3.35452e-08
2.6672	2.36076e-08
2.6673	3.26854e-08
2.6674	3.87367e-08
2.6675	2.56357e-08
2.6676	3.90718e-08
2.6677	3.20435e-08
2.6678	2.57983e-08
2.6679	3.75112e-08
2.668	3.44675e-08
2.6681	2.63945e-08
2.6682	3.40315e-08
2.6683	2.42851e-08
2.6684	2.77684e-08
2.6685	3.22236e-08
2.6686	3.67915e-08
2.6687	3.47924e-08
2.6688	3.21496e-08
2.6689	3.88032e-08
2.669	2.80456e-08
2.6691	3.09931e-08
2.6692	5.01667e-08
2.6693	3.50115e-08
2.6694	2.43272e-08
2.6695	2.79445e-08
2.6696	2.91459e-08
2.6697	3.15183e-08
2.6698	3.44837e-08
2.6699	4.20752e-08
2.67	4.3328e-08
2.6701	4.31348e-08
2.6702	3.4655e-08
2.6703	4.46335e-08
2.6704	3.86267e-08
2.6705	3.19118e-08
2.6706	2.53122e-08
2.6707	3.05522e-08
2.6708	3.51123e-08
2.6709	3.98514e-08
2.671	3.97053e-08
2.6711	3.86996e-08
2.6712	2.76597e-08
2.6713	3.4967e-08
2.6714	3.27585e-08
2.6715	2.466e-08
2.6716	2.77752e-08
2.6717	3.30115e-08
2.6718	3.10591e-08
2.6719	3.20644e-08
2.672	3.88796e-08
2.6721	4.28868e-08
2.6722	3.88532e-08
2.6723	4.31849e-08
2.6724	3.19701e-08
2.6725	4.46666e-08
2.6726	4.01395e-08
2.6727	3.27006e-08
2.6728	2.87803e-08
2.6729	3.70612e-08
2.673	2.97596e-08
2.6731	4.4989e-08
2.6732	3.05686e-08
2.6733	3.13921e-08
2.6734	3.57915e-08
2.6735	3.28197e-08
2.6736	3.50741e-08
2.6737	3.05617e-08
2.6738	3.39238e-08
2.6739	3.04788e-08
2.674	2.25167e-08
2.6741	2.2556e-08
2.6742	2.43769e-08
2.6743	3.02301e-08
2.6744	2.96259e-08
2.6745	3.85652e-08
2.6746	3.32165e-08
2.6747	3.52675e-08
2.6748	3.9366e-08
2.6749	2.81253e-08
2.675	3.35765e-08
2.6751	2.29805e-08
2.6752	3.37343e-08
2.6753	3.06795e-08
2.6754	3.3533e-08
2.6755	2.55171e-08
2.6756	3.27444e-08
2.6757	3.97831e-08
2.6758	2.38184e-08
2.6759	2.51726e-08
2.676	2.61906e-08
2.6761	2.99768e-08
2.6762	3.33495e-08
2.6763	2.16224e-08
2.6764	2.97213e-08
2.6765	3.2718e-08
2.6766	3.6557e-08
2.6767	2.91613e-08
2.6768	2.74831e-08
2.6769	3.22415e-08
2.677	3.88758e-08
2.6771	3.09738e-08
2.6772	2.65306e-08
2.6773	3.30124e-08
2.6774	2.52757e-08
2.6775	3.29559e-08
2.6776	3.28096e-08
2.6777	3.79242e-08
2.6778	3.68128e-08
2.6779	3.67571e-08
2.678	2.3823e-08
2.6781	2.48729e-08
2.6782	2.84898e-08
2.6783	2.58821e-08
2.6784	2.58255e-08
2.6785	2.16497e-08
2.6786	2.27675e-08
2.6787	3.12395e-08
2.6788	3.85093e-08
2.6789	1.92372e-08
2.679	2.72815e-08
2.6791	4.23641e-08
2.6792	4.58047e-08
2.6793	4.31013e-08
2.6794	2.17638e-08
2.6795	2.95106e-08
2.6796	2.96041e-08
2.6797	2.41076e-08
2.6798	3.05819e-08
2.6799	3.313e-08
2.68	2.71865e-08
2.6801	3.79015e-08
2.6802	3.07689e-08
2.6803	2.22494e-08
2.6804	2.46977e-08
2.6805	4.43821e-08
2.6806	2.51115e-08
2.6807	2.95573e-08
2.6808	2.45841e-08
2.6809	2.70738e-08
2.681	3.37891e-08
2.6811	2.53633e-08
2.6812	3.17485e-08
2.6813	3.11302e-08
2.6814	3.62171e-08
2.6815	3.8715e-08
2.6816	2.5555e-08
2.6817	3.24368e-08
2.6818	2.98287e-08
2.6819	3.32549e-08
2.682	2.9385e-08
2.6821	2.39868e-08
2.6822	2.89517e-08
2.6823	3.4568e-08
2.6824	4.06332e-08
2.6825	3.80386e-08
2.6826	3.03621e-08
2.6827	2.78626e-08
2.6828	2.33117e-08
2.6829	2.81094e-08
2.683	4.47499e-08
2.6831	2.76843e-08
2.6832	4.03417e-08
2.6833	2.46918e-08
2.6834	2.64441e-08
2.6835	3.24524e-08
2.6836	3.31047e-08
2.6837	2.8552e-08
2.6838	3.57085e-08
2.6839	3.46118e-08
2.684	2.47893e-08
2.6841	3.66555e-08
2.6842	3.05184e-08
2.6843	3.85465e-08
2.6844	2.76958e-08
2.6845	2.89613e-08
2.6846	2.26059e-08
2.6847	2.78343e-08
2.6848	2.92314e-08
2.6849	3.67453e-08
2.685	3.52886e-08
2.6851	3.87428e-08
2.6852	4.03834e-08
2.6853	4.22112e-08
2.6854	3.57746e-08
2.6855	3.87613e-08
2.6856	2.88261e-08
2.6857	3.1625e-08
2.6858	2.77818e-08
2.6859	3.55745e-08
2.686	3.78334e-08
2.6861	3.42338e-08
2.6862	3.25578e-08
2.6863	3.08444e-08
2.6864	2.36368e-08
2.6865	3.1578e-08
2.6866	3.29545e-08
2.6867	3.53818e-08
2.6868	3.49883e-08
2.6869	3.16699e-08
2.687	2.18499e-08
2.6871	2.48666e-08
2.6872	3.05243e-08
2.6873	3.09837e-08
2.6874	4.0306e-08
2.6875	2.75099e-08
2.6876	4.35219e-08
2.6877	4.26106e-08
2.6878	4.4352e-08
2.6879	2.94694e-08
2.688	3.79573e-08
2.6881	4.69954e-08
2.6882	3.05391e-08
2.6883	3.22349e-08
2.6884	2.92267e-08
2.6885	3.13175e-08
2.6886	3.01216e-08
2.6887	3.26899e-08
2.6888	3.22955e-08
2.6889	3.37021e-08
2.689	2.89189e-08
2.6891	2.22707e-08
2.6892	1.9402e-08
2.6893	2.1943e-08
2.6894	4.0227e-08
2.6895	3.3576e-08
2.6896	2.88168e-08
2.6897	2.40617e-08
2.6898	3.53157e-08
2.6899	3.89793e-08
2.69	3.81035e-08
2.6901	3.09902e-08
2.6902	4.28897e-08
2.6903	4.21309e-08
2.6904	4.28119e-08
2.6905	4.46426e-08
2.6906	2.61018e-08
2.6907	2.51675e-08
2.6908	4.69301e-08
2.6909	3.12472e-08
2.691	3.34576e-08
2.6911	2.59086e-08
2.6912	2.0161e-08
2.6913	2.78895e-08
2.6914	2.8858e-08
2.6915	2.49652e-08
2.6916	2.85289e-08
2.6917	2.51938e-08
2.6918	2.83879e-08
2.6919	3.98321e-08
2.692	3.94233e-08
2.6921	3.52032e-08
2.6922	3.99357e-08
2.6923	4.11681e-08
2.6924	3.24918e-08
2.6925	4.63066e-08
2.6926	3.46702e-08
2.6927	3.54359e-08
2.6928	2.93344e-08
2.6929	3.76477e-08
2.693	3.36146e-08
2.6931	2.85646e-08
2.6932	2.69574e-08
2.6933	2.59834e-08
2.6934	2.70311e-08
2.6935	2.51136e-08
2.6936	2.3811e-08
2.6937	2.26719e-08
2.6938	2.14281e-08
2.6939	3.79207e-08
2.694	2.40504e-08
2.6941	3.13448e-08
2.6942	3.38705e-08
2.6943	3.2499e-08
2.6944	2.92936e-08
2.6945	4.07384e-08
2.6946	5.38716e-08
2.6947	3.68493e-08
2.6948	3.2375e-08
2.6949	3.04863e-08
2.695	3.9589e-08
2.6951	2.92724e-08
2.6952	2.24243e-08
2.6953	2.87532e-08
2.6954	2.32396e-08
2.6955	3.11533e-08
2.6956	2.90414e-08
2.6957	2.98721e-08
2.6958	3.48072e-08
2.6959	2.71984e-08
2.696	2.54719e-08
2.6961	2.35008e-08
2.6962	3.437e-08
2.6963	3.37912e-08
2.6964	2.768e-08
2.6965	3.42334e-08
2.6966	3.15674e-08
2.6967	4.02111e-08
2.6968	3.65632e-08
2.6969	3.65476e-08
2.697	3.26671e-08
2.6971	4.14242e-08
2.6972	4.03462e-08
2.6973	2.8268e-08
2.6974	3.74225e-08
2.6975	3.36182e-08
2.6976	3.35579e-08
2.6977	2.20866e-08
2.6978	3.44153e-08
2.6979	2.84037e-08
2.698	3.08079e-08
2.6981	2.38948e-08
2.6982	3.96134e-08
2.6983	3.67616e-08
2.6984	3.77861e-08
2.6985	3.66926e-08
2.6986	3.41493e-08
2.6987	3.61629e-08
2.6988	2.96162e-08
2.6989	3.17908e-08
2.699	3.29104e-08
2.6991	3.83928e-08
2.6992	3.61704e-08
2.6993	2.8584e-08
2.6994	3.86258e-08
2.6995	3.27418e-08
2.6996	2.87447e-08
2.6997	3.54809e-08
2.6998	2.21088e-08
2.6999	4.00687e-08
2.7	3.76661e-08
2.7001	3.71678e-08
2.7002	3.61857e-08
2.7003	2.8336e-08
2.7004	3.52463e-08
2.7005	2.54196e-08
2.7006	3.57947e-08
2.7007	2.9486e-08
2.7008	2.15808e-08
2.7009	3.21451e-08
2.701	4.59394e-08
2.7011	3.3096e-08
2.7012	3.69429e-08
2.7013	2.97963e-08
2.7014	3.30787e-08
2.7015	3.97981e-08
2.7016	3.81944e-08
2.7017	2.44177e-08
2.7018	2.62731e-08
2.7019	3.15036e-08
2.702	3.17893e-08
2.7021	2.65756e-08
2.7022	3.32822e-08
2.7023	3.11531e-08
2.7024	2.89987e-08
2.7025	3.03238e-08
2.7026	3.46281e-08
2.7027	3.96448e-08
2.7028	3.69451e-08
2.7029	2.46498e-08
2.703	3.00091e-08
2.7031	3.74141e-08
2.7032	2.4254e-08
2.7033	3.14615e-08
2.7034	2.90049e-08
2.7035	2.7428e-08
2.7036	4.01797e-08
2.7037	2.89091e-08
2.7038	4.15403e-08
2.7039	3.53683e-08
2.704	2.42433e-08
2.7041	3.21597e-08
2.7042	3.31733e-08
2.7043	3.64316e-08
2.7044	3.67562e-08
2.7045	3.37758e-08
2.7046	3.6845e-08
2.7047	2.55375e-08
2.7048	3.97635e-08
2.7049	5.2033e-08
2.705	3.15366e-08
2.7051	2.47039e-08
2.7052	2.83056e-08
2.7053	2.68362e-08
2.7054	2.71315e-08
2.7055	3.94343e-08
2.7056	3.59685e-08
2.7057	3.4838e-08
2.7058	3.93529e-08
2.7059	3.5658e-08
2.706	4.8068e-08
2.7061	3.69176e-08
2.7062	3.10543e-08
2.7063	2.22595e-08
2.7064	4.10971e-08
2.7065	3.7174e-08
2.7066	3.416e-08
2.7067	3.57875e-08
2.7068	3.98501e-08
2.7069	3.02119e-08
2.707	3.70715e-08
2.7071	4.18801e-08
2.7072	3.10377e-08
2.7073	2.76869e-08
2.7074	3.31548e-08
2.7075	3.38015e-08
2.7076	3.8347e-08
2.7077	4.46509e-08
2.7078	4.35821e-08
2.7079	3.49695e-08
2.708	4.38434e-08
2.7081	4.78561e-08
2.7082	4.26178e-08
2.7083	3.63277e-08
2.7084	3.17091e-08
2.7085	3.13979e-08
2.7086	3.60614e-08
2.7087	2.99906e-08
2.7088	4.11218e-08
2.7089	2.91535e-08
2.709	3.33687e-08
2.7091	2.79627e-08
2.7092	3.2202e-08
2.7093	3.74296e-08
2.7094	2.90878e-08
2.7095	3.17907e-08
2.7096	3.40497e-08
2.7097	2.56833e-08
2.7098	2.32801e-08
2.7099	2.75163e-08
2.71	2.57124e-08
2.7101	3.06807e-08
2.7102	3.93948e-08
2.7103	3.83001e-08
2.7104	3.54603e-08
2.7105	3.79531e-08
2.7106	3.19355e-08
2.7107	3.26051e-08
2.7108	2.68128e-08
2.7109	3.40786e-08
2.711	2.55766e-08
2.7111	3.30898e-08
2.7112	2.40604e-08
2.7113	3.24112e-08
2.7114	4.03818e-08
2.7115	2.72659e-08
2.7116	3.38693e-08
2.7117	3.00494e-08
2.7118	2.48075e-08
2.7119	3.15731e-08
2.712	2.12458e-08
2.7121	2.69926e-08
2.7122	3.4364e-08
2.7123	3.65507e-08
2.7124	3.23833e-08
2.7125	2.16612e-08
2.7126	3.52344e-08
2.7127	2.92437e-08
2.7128	2.8033e-08
2.7129	2.43277e-08
2.713	3.36713e-08
2.7131	2.40065e-08
2.7132	3.88529e-08
2.7133	3.27618e-08
2.7134	4.24687e-08
2.7135	4.44945e-08
2.7136	2.46591e-08
2.7137	2.62904e-08
2.7138	2.59701e-08
2.7139	2.15948e-08
2.714	2.95085e-08
2.7141	2.4083e-08
2.7142	2.55193e-08
2.7143	2.25342e-08
2.7144	2.99885e-08
2.7145	4.09721e-08
2.7146	2.27897e-08
2.7147	3.34122e-08
2.7148	3.92665e-08
2.7149	4.84644e-08
2.715	4.21183e-08
2.7151	2.50731e-08
2.7152	2.1339e-08
2.7153	3.2502e-08
2.7154	2.50421e-08
2.7155	2.89217e-08
2.7156	4.253e-08
2.7157	2.72779e-08
2.7158	3.49554e-08
2.7159	3.88905e-08
2.716	3.18945e-08
2.7161	3.49885e-08
2.7162	3.59553e-08
2.7163	3.07293e-08
2.7164	2.55442e-08
2.7165	2.44074e-08
2.7166	2.99677e-08
2.7167	3.45162e-08
2.7168	2.14885e-08
2.7169	2.87197e-08
2.717	3.39904e-08
2.7171	3.69511e-08
2.7172	3.40564e-08
2.7173	2.69257e-08
2.7174	3.08757e-08
2.7175	3.31896e-08
2.7176	3.22158e-08
2.7177	3.1495e-08
2.7178	2.15797e-08
2.7179	2.48831e-08
2.718	3.72006e-08
2.7181	4.07017e-08
2.7182	4.22279e-08
2.7183	3.40283e-08
2.7184	3.06106e-08
2.7185	2.90106e-08
2.7186	2.99501e-08
2.7187	3.47977e-08
2.7188	4.34985e-08
2.7189	2.48509e-08
2.719	2.42375e-08
2.7191	2.73192e-08
2.7192	3.29369e-08
2.7193	2.82887e-08
2.7194	3.56339e-08
2.7195	2.85881e-08
2.7196	2.75232e-08
2.7197	2.61429e-08
2.7198	4.0789e-08
2.7199	3.52944e-08
2.72	3.37813e-08
2.7201	2.85296e-08
2.7202	2.95515e-08
2.7203	2.6076e-08
2.7204	2.86318e-08
2.7205	3.57112e-08
2.7206	3.40711e-08
2.7207	3.09824e-08
2.7208	4.03124e-08
2.7209	4.42632e-08
2.721	3.87995e-08
2.7211	3.18288e-08
2.7212	3.45206e-08
2.7213	3.06895e-08
2.7214	3.75212e-08
2.7215	3.18562e-08
2.7216	4.21841e-08
2.7217	3.88314e-08
2.7218	3.66155e-08
2.7219	2.88478e-08
2.722	3.08206e-08
2.7221	2.36315e-08
2.7222	3.43133e-08
2.7223	3.17439e-08
2.7224	3.69278e-08
2.7225	3.14692e-08
2.7226	2.66499e-08
2.7227	2.46682e-08
2.7228	2.43535e-08
2.7229	2.96013e-08
2.723	2.49025e-08
2.7231	3.58987e-08
2.7232	3.58945e-08
2.7233	3.44902e-08
2.7234	3.40057e-08
2.7235	3.5153e-08
2.7236	3.02537e-08
2.7237	3.71487e-08
2.7238	4.56244e-08
2.7239	3.83077e-08
2.724	2.6707e-08
2.7241	3.23922e-08
2.7242	3.12872e-08
2.7243	2.72113e-08
2.7244	3.14113e-08
2.7245	3.80991e-08
2.7246	3.63685e-08
2.7247	2.43219e-08
2.7248	2.01302e-08
2.7249	2.0509e-08
2.725	2.58628e-08
2.7251	4.0042e-08
2.7252	2.54073e-08
2.7253	3.38567e-08
2.7254	2.78122e-08
2.7255	3.82841e-08
2.7256	4.01106e-08
2.7257	4.36282e-08
2.7258	3.25766e-08
2.7259	4.73124e-08
2.726	3.40496e-08
2.7261	3.75807e-08
2.7262	4.54656e-08
2.7263	2.59569e-08
2.7264	3.02406e-08
2.7265	3.54745e-08
2.7266	2.95415e-08
2.7267	2.78717e-08
2.7268	2.12611e-08
2.7269	2.25044e-08
2.727	2.4056e-08
2.7271	2.94384e-08
2.7272	3.29067e-08
2.7273	2.5902e-08
2.7274	2.16406e-08
2.7275	3.83998e-08
2.7276	4.29486e-08
2.7277	3.48244e-08
2.7278	3.51531e-08
2.7279	3.63612e-08
2.728	4.41118e-08
2.7281	4.32422e-08
2.7282	3.70568e-08
2.7283	3.96339e-08
2.7284	3.79285e-08
2.7285	2.79931e-08
2.7286	3.74711e-08
2.7287	3.01779e-08
2.7288	4.1258e-08
2.7289	2.68724e-08
2.729	2.64693e-08
2.7291	2.93777e-08
2.7292	2.78065e-08
2.7293	3.13533e-08
2.7294	2.63914e-08
2.7295	1.8167e-08
2.7296	2.41836e-08
2.7297	3.08733e-08
2.7298	2.94766e-08
2.7299	3.82778e-08
2.73	2.52556e-08
2.7301	3.73178e-08
2.7302	3.96155e-08
2.7303	4.02564e-08
2.7304	2.63689e-08
2.7305	2.72905e-08
2.7306	3.84233e-08
2.7307	3.01874e-08
2.7308	2.4593e-08
2.7309	2.89979e-08
2.731	2.57809e-08
2.7311	2.4594e-08
2.7312	3.04106e-08
2.7313	3.01201e-08
2.7314	4.5485e-08
2.7315	2.11893e-08
2.7316	2.7389e-08
2.7317	3.1383e-08
2.7318	2.28411e-08
2.7319	2.8449e-08
2.732	3.42253e-08
2.7321	3.01118e-08
2.7322	3.80011e-08
2.7323	2.94648e-08
2.7324	3.65809e-08
2.7325	3.57761e-08
2.7326	3.09262e-08
2.7327	3.24346e-08
2.7328	3.24928e-08
2.7329	4.06008e-08
2.733	3.92165e-08
2.7331	3.5309e-08
2.7332	3.11947e-08
2.7333	2.36868e-08
2.7334	2.69613e-08
2.7335	2.93758e-08
2.7336	3.03525e-08
2.7337	3.25061e-08
2.7338	2.80136e-08
2.7339	3.2812e-08
2.734	3.23249e-08
2.7341	4.05807e-08
2.7342	3.29017e-08
2.7343	3.11927e-08
2.7344	3.67401e-08
2.7345	3.6892e-08
2.7346	2.95813e-08
2.7347	2.47731e-08
2.7348	3.50812e-08
2.7349	3.7167e-08
2.735	2.7843e-08
2.7351	3.99491e-08
2.7352	3.21881e-08
2.7353	2.95534e-08
2.7354	3.60314e-08
2.7355	2.50785e-08
2.7356	2.79801e-08
2.7357	3.96254e-08
2.7358	3.2052e-08
2.7359	2.62826e-08
2.736	3.74798e-08
2.7361	3.83904e-08
2.7362	4.33497e-08
2.7363	2.8707e-08
2.7364	2.77117e-08
2.7365	2.67803e-08
2.7366	2.71953e-08
2.7367	4.03259e-08
2.7368	3.79781e-08
2.7369	2.97131e-08
2.737	3.07347e-08
2.7371	2.87081e-08
2.7372	3.69915e-08
2.7373	4.39809e-08
2.7374	2.76641e-08
2.7375	2.98577e-08
2.7376	3.00589e-08
2.7377	3.45639e-08
2.7378	3.08796e-08
2.7379	2.69341e-08
2.738	3.07884e-08
2.7381	3.13256e-08
2.7382	2.58285e-08
2.7383	3.18341e-08
2.7384	3.54844e-08
2.7385	3.63586e-08
2.7386	2.37046e-08
2.7387	2.64735e-08
2.7388	2.53669e-08
2.7389	2.57992e-08
2.739	3.39158e-08
2.7391	3.37604e-08
2.7392	3.28986e-08
2.7393	3.51517e-08
2.7394	2.94658e-08
2.7395	3.23444e-08
2.7396	3.03596e-08
2.7397	2.73557e-08
2.7398	3.15196e-08
2.7399	3.03433e-08
2.74	4.25696e-08
2.7401	3.61996e-08
2.7402	2.95384e-08
2.7403	3.91817e-08
2.7404	2.94679e-08
2.7405	3.04135e-08
2.7406	4.44455e-08
2.7407	3.11398e-08
2.7408	2.99974e-08
2.7409	2.72381e-08
2.741	2.33321e-08
2.7411	2.58539e-08
2.7412	3.08114e-08
2.7413	4.82966e-08
2.7414	3.05588e-08
2.7415	3.30348e-08
2.7416	3.90553e-08
2.7417	3.83659e-08
2.7418	3.73479e-08
2.7419	3.31766e-08
2.742	2.70132e-08
2.7421	2.66128e-08
2.7422	4.13148e-08
2.7423	3.00406e-08
2.7424	4.18715e-08
2.7425	3.23752e-08
2.7426	3.45531e-08
2.7427	3.14399e-08
2.7428	3.31542e-08
2.7429	2.88848e-08
2.743	3.51874e-08
2.7431	2.3793e-08
2.7432	2.45502e-08
2.7433	4.23438e-08
2.7434	4.56482e-08
2.7435	4.79025e-08
2.7436	4.57137e-08
2.7437	3.3698e-08
2.7438	3.20051e-08
2.7439	3.53185e-08
2.744	3.91918e-08
2.7441	2.73797e-08
2.7442	2.6859e-08
2.7443	3.61542e-08
2.7444	2.94367e-08
2.7445	3.58261e-08
2.7446	2.71431e-08
2.7447	3.33903e-08
2.7448	3.73006e-08
2.7449	4.8614e-08
2.745	2.51431e-08
2.7451	2.68352e-08
2.7452	2.81871e-08
2.7453	4.30485e-08
2.7454	2.45491e-08
2.7455	2.26737e-08
2.7456	2.94773e-08
2.7457	2.96778e-08
2.7458	2.6865e-08
2.7459	3.48784e-08
2.746	4.00077e-08
2.7461	3.43288e-08
2.7462	4.31059e-08
2.7463	2.84256e-08
2.7464	3.22996e-08
2.7465	2.9736e-08
2.7466	3.07538e-08
2.7467	3.3268e-08
2.7468	2.47615e-08
2.7469	3.02289e-08
2.747	2.60826e-08
2.7471	3.05328e-08
2.7472	2.33788e-08
2.7473	2.97116e-08
2.7474	2.9956e-08
2.7475	3.42076e-08
2.7476	2.77954e-08
2.7477	2.47549e-08
2.7478	2.53124e-08
2.7479	3.51655e-08
2.748	3.24278e-08
2.7481	3.49882e-08
2.7482	2.73671e-08
2.7483	4.01122e-08
2.7484	3.53092e-08
2.7485	3.29112e-08
2.7486	2.12918e-08
2.7487	2.97641e-08
2.7488	2.63304e-08
2.7489	3.3158e-08
2.749	3.70285e-08
2.7491	2.46166e-08
2.7492	3.83322e-08
2.7493	2.61072e-08
2.7494	2.02128e-08
2.7495	2.55515e-08
2.7496	2.73442e-08
2.7497	2.96571e-08
2.7498	2.83205e-08
2.7499	1.82287e-08
2.75	2.47894e-08
2.7501	3.17021e-08
2.7502	3.32687e-08
2.7503	2.7076e-08
2.7504	3.22135e-08
2.7505	4.41067e-08
2.7506	3.69613e-08
2.7507	4.16802e-08
2.7508	2.40091e-08
2.7509	2.39839e-08
2.751	3.13435e-08
2.7511	2.63098e-08
2.7512	3.01911e-08
2.7513	3.82108e-08
2.7514	3.1965e-08
2.7515	3.18216e-08
2.7516	3.26658e-08
2.7517	2.30001e-08
2.7518	3.7389e-08
2.7519	2.5781e-08
2.752	2.5801e-08
2.7521	2.45599e-08
2.7522	2.3767e-08
2.7523	3.08966e-08
2.7524	3.60063e-08
2.7525	2.57621e-08
2.7526	2.98226e-08
2.7527	2.66339e-08
2.7528	3.41089e-08
2.7529	3.10795e-08
2.753	2.61809e-08
2.7531	2.72208e-08
2.7532	3.9571e-08
2.7533	3.14857e-08
2.7534	3.29877e-08
2.7535	2.41281e-08
2.7536	2.80892e-08
2.7537	3.68974e-08
2.7538	3.52643e-08
2.7539	3.81383e-08
2.754	2.68356e-08
2.7541	3.24314e-08
2.7542	2.72857e-08
2.7543	3.5911e-08
2.7544	4.03206e-08
2.7545	3.49853e-08
2.7546	2.46527e-08
2.7547	2.9551e-08
2.7548	2.51256e-08
2.7549	3.29667e-08
2.755	3.62136e-08
2.7551	4.25143e-08
2.7552	2.3268e-08
2.7553	3.49001e-08
2.7554	3.69757e-08
2.7555	3.57358e-08
2.7556	3.78127e-08
2.7557	3.45196e-08
2.7558	2.58331e-08
2.7559	2.93094e-08
2.756	2.51272e-08
2.7561	2.78737e-08
2.7562	3.83723e-08
2.7563	3.79007e-08
2.7564	4.09811e-08
2.7565	3.8373e-08
2.7566	4.18213e-08
2.7567	3.35815e-08
2.7568	3.18235e-08
2.7569	3.57678e-08
2.757	3.87034e-08
2.7571	2.54181e-08
2.7572	3.73721e-08
2.7573	3.60794e-08
2.7574	2.94182e-08
2.7575	3.34135e-08
2.7576	3.15463e-08
2.7577	2.95359e-08
2.7578	3.08164e-08
2.7579	4.00591e-08
2.758	2.85095e-08
2.7581	3.5434e-08
2.7582	2.87909e-08
2.7583	2.78605e-08
2.7584	2.17582e-08
2.7585	3.02286e-08
2.7586	3.27904e-08
2.7587	2.72036e-08
2.7588	3.17991e-08
2.7589	4.08146e-08
2.759	3.88936e-08
2.7591	4.37521e-08
2.7592	2.77974e-08
2.7593	2.88644e-08
2.7594	3.83606e-08
2.7595	3.69147e-08
2.7596	3.4928e-08
2.7597	2.11002e-08
2.7598	3.48313e-08
2.7599	2.60086e-08
2.76	2.55885e-08
2.7601	3.27066e-08
2.7602	3.56082e-08
2.7603	3.19899e-08
2.7604	2.43502e-08
2.7605	2.04426e-08
2.7606	2.79359e-08
2.7607	3.65051e-08
2.7608	3.28283e-08
2.7609	2.48857e-08
2.761	3.32517e-08
2.7611	3.15265e-08
2.7612	3.88099e-08
2.7613	2.97309e-08
2.7614	3.54176e-08
2.7615	3.39553e-08
2.7616	4.70704e-08
2.7617	2.99373e-08
2.7618	4.02312e-08
2.7619	3.94869e-08
2.762	2.65318e-08
2.7621	2.63319e-08
2.7622	4.18974e-08
2.7623	2.80995e-08
2.7624	3.11292e-08
2.7625	1.9742e-08
2.7626	2.34921e-08
2.7627	2.18143e-08
2.7628	2.80213e-08
2.7629	3.22127e-08
2.763	2.13616e-08
2.7631	2.44128e-08
2.7632	3.77627e-08
2.7633	4.26843e-08
2.7634	3.25392e-08
2.7635	3.60549e-08
2.7636	3.68111e-08
2.7637	3.44745e-08
2.7638	3.529e-08
2.7639	3.35048e-08
2.764	3.26051e-08
2.7641	3.76309e-08
2.7642	4.17577e-08
2.7643	2.83652e-08
2.7644	3.14842e-08
2.7645	3.57488e-08
2.7646	4.64866e-08
2.7647	2.32407e-08
2.7648	3.11725e-08
2.7649	2.70981e-08
2.765	3.19055e-08
2.7651	2.5736e-08
2.7652	2.10912e-08
2.7653	2.67877e-08
2.7654	3.12828e-08
2.7655	3.45287e-08
2.7656	3.76992e-08
2.7657	2.98828e-08
2.7658	3.93446e-08
2.7659	4.75539e-08
2.766	4.49562e-08
2.7661	3.07268e-08
2.7662	3.97791e-08
2.7663	4.00267e-08
2.7664	4.15266e-08
2.7665	2.91652e-08
2.7666	3.27521e-08
2.7667	2.88615e-08
2.7668	2.20271e-08
2.7669	3.07603e-08
2.767	3.41784e-08
2.7671	3.48126e-08
2.7672	2.24964e-08
2.7673	2.29282e-08
2.7674	3.5159e-08
2.7675	2.40626e-08
2.7676	2.37535e-08
2.7677	3.45749e-08
2.7678	2.65117e-08
2.7679	3.91223e-08
2.768	2.86188e-08
2.7681	3.70703e-08
2.7682	3.40045e-08
2.7683	3.50477e-08
2.7684	3.36629e-08
2.7685	3.79123e-08
2.7686	3.89096e-08
2.7687	3.93149e-08
2.7688	3.8544e-08
2.7689	3.9025e-08
2.769	2.07328e-08
2.7691	3.16989e-08
2.7692	2.48965e-08
2.7693	2.30442e-08
2.7694	3.17695e-08
2.7695	3.32997e-08
2.7696	2.79218e-08
2.7697	2.35825e-08
2.7698	3.24645e-08
2.7699	3.80219e-08
2.77	2.78673e-08
2.7701	3.52061e-08
2.7702	3.61026e-08
2.7703	3.52492e-08
2.7704	3.06611e-08
2.7705	3.36336e-08
2.7706	3.44209e-08
2.7707	3.96049e-08
2.7708	4.03857e-08
2.7709	3.29312e-08
2.771	2.80099e-08
2.7711	2.89401e-08
2.7712	3.25076e-08
2.7713	3.0509e-08
2.7714	3.37182e-08
2.7715	4.14771e-08
2.7716	2.52417e-08
2.7717	3.50386e-08
2.7718	2.6936e-08
2.7719	3.79272e-08
2.772	3.44312e-08
2.7721	2.09254e-08
2.7722	3.33458e-08
2.7723	4.04505e-08
2.7724	4.46741e-08
2.7725	3.78755e-08
2.7726	2.9754e-08
2.7727	3.91773e-08
2.7728	3.46679e-08
2.7729	3.62818e-08
2.773	4.10307e-08
2.7731	2.33395e-08
2.7732	3.1205e-08
2.7733	3.8538e-08
2.7734	2.86625e-08
2.7735	2.92616e-08
2.7736	3.39556e-08
2.7737	2.61633e-08
2.7738	3.04168e-08
2.7739	2.96614e-08
2.774	3.37902e-08
2.7741	3.18807e-08
2.7742	2.93086e-08
2.7743	2.79063e-08
2.7744	3.30401e-08
2.7745	3.05625e-08
2.7746	3.15627e-08
2.7747	2.8603e-08
2.7748	3.77944e-08
2.7749	3.79902e-08
2.775	4.28925e-08
2.7751	2.571e-08
2.7752	4.01795e-08
2.7753	2.32466e-08
2.7754	2.74959e-08
2.7755	3.18998e-08
2.7756	2.97488e-08
2.7757	3.42295e-08
2.7758	3.27264e-08
2.7759	2.93874e-08
2.776	3.04753e-08
2.7761	3.50038e-08
2.7762	3.47234e-08
2.7763	4.30943e-08
2.7764	2.36721e-08
2.7765	2.90593e-08
2.7766	2.5671e-08
2.7767	2.37635e-08
2.7768	2.41113e-08
2.7769	3.10826e-08
2.777	4.35171e-08
2.7771	4.34217e-08
2.7772	3.0426e-08
2.7773	4.23313e-08
2.7774	4.4704e-08
2.7775	3.36316e-08
2.7776	2.46935e-08
2.7777	2.80871e-08
2.7778	2.54604e-08
2.7779	4.10829e-08
2.778	3.46707e-08
2.7781	3.41806e-08
2.7782	2.5442e-08
2.7783	3.7915e-08
2.7784	4.06326e-08
2.7785	2.94821e-08
2.7786	2.81076e-08
2.7787	3.22108e-08
2.7788	2.71149e-08
2.7789	2.54156e-08
2.779	3.70954e-08
2.7791	4.75431e-08
2.7792	4.49592e-08
2.7793	3.73924e-08
2.7794	3.44173e-08
2.7795	3.89638e-08
2.7796	3.79029e-08
2.7797	3.02639e-08
2.7798	3.40009e-08
2.7799	2.85138e-08
2.78	3.9085e-08
2.7801	3.33777e-08
2.7802	2.87061e-08
2.7803	3.19294e-08
2.7804	3.58729e-08
2.7805	3.61145e-08
2.7806	4.20113e-08
2.7807	2.52792e-08
2.7808	2.95229e-08
2.7809	2.68288e-08
2.781	3.63647e-08
2.7811	2.33701e-08
2.7812	2.04397e-08
2.7813	2.93046e-08
2.7814	3.15429e-08
2.7815	3.32761e-08
2.7816	2.96877e-08
2.7817	4.17242e-08
2.7818	3.04647e-08
2.7819	3.39467e-08
2.782	2.47769e-08
2.7821	3.48047e-08
2.7822	3.79631e-08
2.7823	2.9592e-08
2.7824	2.62493e-08
2.7825	2.50245e-08
2.7826	3.22366e-08
2.7827	3.36991e-08
2.7828	3.05004e-08
2.7829	3.02299e-08
2.783	2.52172e-08
2.7831	2.92817e-08
2.7832	3.2816e-08
2.7833	2.96011e-08
2.7834	2.30636e-08
2.7835	2.74556e-08
2.7836	3.02872e-08
2.7837	3.47296e-08
2.7838	3.61518e-08
2.7839	3.13579e-08
2.784	2.71857e-08
2.7841	3.66075e-08
2.7842	2.46019e-08
2.7843	2.43257e-08
2.7844	3.43166e-08
2.7845	2.62451e-08
2.7846	3.35512e-08
2.7847	3.75165e-08
2.7848	3.22244e-08
2.7849	3.02196e-08
2.785	2.61457e-08
2.7851	2.01494e-08
2.7852	2.37543e-08
2.7853	3.01839e-08
2.7854	1.97823e-08
2.7855	2.85255e-08
2.7856	1.91231e-08
2.7857	2.48674e-08
2.7858	3.05261e-08
2.7859	3.11075e-08
2.786	3.00507e-08
2.7861	3.34748e-08
2.7862	3.68603e-08
2.7863	3.22925e-08
2.7864	3.53686e-08
2.7865	3.26459e-08
2.7866	2.68445e-08
2.7867	3.17255e-08
2.7868	3.1221e-08
2.7869	3.65736e-08
2.787	2.84076e-08
2.7871	3.20959e-08
2.7872	2.93155e-08
2.7873	2.73147e-08
2.7874	2.66159e-08
2.7875	3.25942e-08
2.7876	2.67511e-08
2.7877	2.03975e-08
2.7878	3.00985e-08
2.7879	2.61309e-08
2.788	2.54263e-08
2.7881	3.31821e-08
2.7882	3.07911e-08
2.7883	2.55735e-08
2.7884	3.28782e-08
2.7885	3.80884e-08
2.7886	3.95756e-08
2.7887	3.06376e-08
2.7888	2.5179e-08
2.7889	3.58848e-08
2.789	3.29625e-08
2.7891	2.65739e-08
2.7892	2.83714e-08
2.7893	2.45962e-08
2.7894	3.82457e-08
2.7895	2.77307e-08
2.7896	4.92394e-08
2.7897	2.95477e-08
2.7898	3.05575e-08
2.7899	3.39363e-08
2.79	3.43254e-08
2.7901	3.37965e-08
2.7902	4.01137e-08
2.7903	2.92571e-08
2.7904	3.57101e-08
2.7905	2.15913e-08
2.7906	2.88251e-08
2.7907	3.31212e-08
2.7908	4.20046e-08
2.7909	2.43614e-08
2.791	2.89218e-08
2.7911	3.76085e-08
2.7912	3.86262e-08
2.7913	3.82152e-08
2.7914	2.96264e-08
2.7915	2.72006e-08
2.7916	2.66754e-08
2.7917	2.55237e-08
2.7918	2.97281e-08
2.7919	3.68458e-08
2.792	3.09124e-08
2.7921	3.00799e-08
2.7922	3.98549e-08
2.7923	4.81738e-08
2.7924	4.03037e-08
2.7925	3.23611e-08
2.7926	3.26553e-08
2.7927	3.72681e-08
2.7928	2.62155e-08
2.7929	3.9371e-08
2.793	3.09752e-08
2.7931	3.48108e-08
2.7932	3.31659e-08
2.7933	2.835e-08
2.7934	2.9796e-08
2.7935	2.98473e-08
2.7936	3.6347e-08
2.7937	3.9017e-08
2.7938	3.65846e-08
2.7939	2.98391e-08
2.794	2.39568e-08
2.7941	2.36146e-08
2.7942	3.49073e-08
2.7943	3.19568e-08
2.7944	3.1065e-08
2.7945	3.11927e-08
2.7946	3.98995e-08
2.7947	3.69384e-08
2.7948	4.15559e-08
2.7949	3.19252e-08
2.795	3.43467e-08
2.7951	4.84796e-08
2.7952	3.39882e-08
2.7953	4.15693e-08
2.7954	2.69593e-08
2.7955	3.28269e-08
2.7956	3.01104e-08
2.7957	3.04849e-08
2.7958	3.22642e-08
2.7959	3.16199e-08
2.796	2.40174e-08
2.7961	2.06884e-08
2.7962	2.0446e-08
2.7963	2.26316e-08
2.7964	3.17368e-08
2.7965	3.68194e-08
2.7966	3.3308e-08
2.7967	3.22374e-08
2.7968	3.14233e-08
2.7969	4.02717e-08
2.797	2.16193e-08
2.7971	4.12998e-08
2.7972	3.80524e-08
2.7973	4.67024e-08
2.7974	2.59951e-08
2.7975	3.82995e-08
2.7976	3.58659e-08
2.7977	2.23978e-08
2.7978	3.03469e-08
2.7979	3.61129e-08
2.798	2.51432e-08
2.7981	2.41308e-08
2.7982	2.15062e-08
2.7983	2.13961e-08
2.7984	2.3527e-08
2.7985	2.41596e-08
2.7986	3.06435e-08
2.7987	2.80744e-08
2.7988	2.50082e-08
2.7989	3.5003e-08
2.799	4.02571e-08
2.7991	3.22605e-08
2.7992	3.64061e-08
2.7993	3.66201e-08
2.7994	4.43984e-08
2.7995	3.37263e-08
2.7996	3.17285e-08
2.7997	4.2039e-08
2.7998	3.18679e-08
2.7999	3.63836e-08
2.8	3.49748e-08
2.8001	3.46843e-08
2.8002	4.50355e-08
2.8003	2.93022e-08
2.8004	2.7095e-08
2.8005	2.44538e-08
2.8006	2.55898e-08
2.8007	3.13579e-08
2.8008	2.55037e-08
2.8009	1.97162e-08
2.801	2.50237e-08
2.8011	3.49142e-08
2.8012	3.81062e-08
2.8013	3.38077e-08
2.8014	2.80481e-08
2.8015	3.94687e-08
2.8016	5.04564e-08
2.8017	4.40465e-08
2.8018	3.04146e-08
2.8019	4.34848e-08
2.802	4.09953e-08
2.8021	3.59374e-08
2.8022	2.82168e-08
2.8023	3.24315e-08
2.8024	2.87424e-08
2.8025	2.25359e-08
2.8026	3.22895e-08
2.8027	3.00971e-08
2.8028	4.00544e-08
2.8029	2.35974e-08
2.803	3.02322e-08
2.8031	3.31361e-08
2.8032	2.43842e-08
2.8033	1.87558e-08
2.8034	2.99838e-08
2.8035	2.62009e-08
2.8036	4.0086e-08
2.8037	2.90342e-08
2.8038	3.70344e-08
2.8039	3.09423e-08
2.804	3.45069e-08
2.8041	3.26454e-08
2.8042	3.82592e-08
2.8043	3.54826e-08
2.8044	3.68522e-08
2.8045	3.84822e-08
2.8046	2.52413e-08
2.8047	2.47626e-08
2.8048	3.44604e-08
2.8049	2.67293e-08
2.805	2.9835e-08
2.8051	3.35911e-08
2.8052	3.2337e-08
2.8053	3.64795e-08
2.8054	2.77059e-08
2.8055	3.46801e-08
2.8056	3.57429e-08
2.8057	3.02785e-08
2.8058	3.86087e-08
2.8059	3.98113e-08
2.806	3.06408e-08
2.8061	2.83963e-08
2.8062	3.50544e-08
2.8063	3.57599e-08
2.8064	3.66347e-08
2.8065	3.61787e-08
2.8066	3.28313e-08
2.8067	2.49334e-08
2.8068	2.76454e-08
2.8069	3.23417e-08
2.807	2.63857e-08
2.8071	3.49639e-08
2.8072	3.1722e-08
2.8073	2.76443e-08
2.8074	3.2327e-08
2.8075	2.94853e-08
2.8076	3.78763e-08
2.8077	3.55634e-08
2.8078	2.2335e-08
2.8079	3.32397e-08
2.808	3.7069e-08
2.8081	3.35362e-08
2.8082	3.93412e-08
2.8083	3.23912e-08
2.8084	3.77531e-08
2.8085	3.26281e-08
2.8086	3.99896e-08
2.8087	4.39395e-08
2.8088	2.59452e-08
2.8089	3.15804e-08
2.809	4.09893e-08
2.8091	2.69025e-08
2.8092	2.78942e-08
2.8093	3.40287e-08
2.8094	2.61589e-08
2.8095	2.59571e-08
2.8096	3.14206e-08
2.8097	3.82278e-08
2.8098	2.99865e-08
2.8099	2.6897e-08
2.81	2.68136e-08
2.8101	3.24849e-08
2.8102	2.80536e-08
2.8103	3.35296e-08
2.8104	2.8905e-08
2.8105	3.57585e-08
2.8106	3.72844e-08
2.8107	3.98321e-08
2.8108	2.76938e-08
2.8109	3.69997e-08
2.811	2.11864e-08
2.8111	2.64858e-08
2.8112	2.73221e-08
2.8113	3.29864e-08
2.8114	3.37231e-08
2.8115	3.25369e-08
2.8116	3.42674e-08
2.8117	3.27589e-08
2.8118	2.43715e-08
2.8119	3.32785e-08
2.812	4.82769e-08
2.8121	2.25739e-08
2.8122	3.08934e-08
2.8123	2.66944e-08
2.8124	2.20991e-08
2.8125	2.80723e-08
2.8126	2.93753e-08
2.8127	4.29182e-08
2.8128	3.00355e-08
2.8129	3.32394e-08
2.813	3.89989e-08
2.8131	4.98088e-08
2.8132	4.13208e-08
2.8133	2.71522e-08
2.8134	3.24597e-08
2.8135	2.84839e-08
2.8136	3.14419e-08
2.8137	3.58421e-08
2.8138	3.56669e-08
2.8139	2.58865e-08
2.814	3.70827e-08
2.8141	3.4778e-08
2.8142	2.83552e-08
2.8143	3.49459e-08
2.8144	3.51846e-08
2.8145	2.36854e-08
2.8146	2.96407e-08
2.8147	3.71312e-08
2.8148	3.77669e-08
2.8149	4.99147e-08
2.815	3.60844e-08
2.8151	3.82192e-08
2.8152	4.49979e-08
2.8153	3.83881e-08
2.8154	3.09532e-08
2.8155	3.65403e-08
2.8156	2.69648e-08
2.8157	4.01574e-08
2.8158	3.81113e-08
2.8159	2.79026e-08
2.816	3.35973e-08
2.8161	3.68204e-08
2.8162	3.66083e-08
2.8163	4.0128e-08
2.8164	2.3156e-08
2.8165	3.38486e-08
2.8166	2.57805e-08
2.8167	3.65508e-08
2.8168	2.34101e-08
2.8169	1.95425e-08
2.817	3.08051e-08
2.8171	3.3299e-08
2.8172	3.41163e-08
2.8173	3.15248e-08
2.8174	3.68192e-08
2.8175	3.86691e-08
2.8176	3.44612e-08
2.8177	2.64212e-08
2.8178	2.88512e-08
2.8179	3.26079e-08
2.818	3.66327e-08
2.8181	3.82642e-08
2.8182	2.28509e-08
2.8183	3.16611e-08
2.8184	3.57391e-08
2.8185	2.75863e-08
2.8186	3.72709e-08
2.8187	2.63325e-08
2.8188	2.80879e-08
2.8189	3.37958e-08
2.819	3.26135e-08
2.8191	2.28756e-08
2.8192	2.76667e-08
2.8193	3.07931e-08
2.8194	3.36308e-08
2.8195	3.12946e-08
2.8196	2.60243e-08
2.8197	4.01583e-08
2.8198	3.01977e-08
2.8199	2.33171e-08
2.82	2.37842e-08
2.8201	3.5329e-08
2.8202	2.79401e-08
2.8203	3.9084e-08
2.8204	2.99972e-08
2.8205	3.9901e-08
2.8206	4.52571e-08
2.8207	2.55809e-08
2.8208	2.29968e-08
2.8209	2.03506e-08
2.821	3.07969e-08
2.8211	2.3627e-08
2.8212	2.56504e-08
2.8213	1.96133e-08
2.8214	2.66843e-08
2.8215	3.35842e-08
2.8216	3.30744e-08
2.8217	3.10756e-08
2.8218	2.65237e-08
2.8219	4.34773e-08
2.822	4.60272e-08
2.8221	3.05755e-08
2.8222	2.35385e-08
2.8223	3.55387e-08
2.8224	2.70902e-08
2.8225	2.83663e-08
2.8226	3.30327e-08
2.8227	3.49938e-08
2.8228	2.63124e-08
2.8229	3.69695e-08
2.823	2.79444e-08
2.8231	2.72989e-08
2.8232	3.68433e-08
2.8233	2.26282e-08
2.8234	2.61336e-08
2.8235	2.18612e-08
2.8236	2.73584e-08
2.8237	2.54737e-08
2.8238	3.5271e-08
2.8239	2.55796e-08
2.824	3.20911e-08
2.8241	4.33166e-08
2.8242	2.83371e-08
2.8243	3.15735e-08
2.8244	2.55555e-08
2.8245	3.47139e-08
2.8246	3.2864e-08
2.8247	3.30954e-08
2.8248	3.16631e-08
2.8249	2.65018e-08
2.825	2.04815e-08
2.8251	4.05872e-08
2.8252	3.55267e-08
2.8253	4.8246e-08
2.8254	3.0216e-08
2.8255	2.57703e-08
2.8256	2.98793e-08
2.8257	4.47649e-08
2.8258	3.86474e-08
2.8259	3.48807e-08
2.826	2.6036e-08
2.8261	2.9604e-08
2.8262	2.18211e-08
2.8263	3.76429e-08
2.8264	3.76962e-08
2.8265	3.63987e-08
2.8266	3.39576e-08
2.8267	2.74291e-08
2.8268	3.8846e-08
2.8269	3.34267e-08
2.827	3.39076e-08
2.8271	2.91552e-08
2.8272	2.49341e-08
2.8273	2.98623e-08
2.8274	2.453e-08
2.8275	3.4023e-08
2.8276	3.60561e-08
2.8277	2.86515e-08
2.8278	4.02958e-08
2.8279	3.82694e-08
2.828	3.78969e-08
2.8281	3.72104e-08
2.8282	3.20375e-08
2.8283	3.07812e-08
2.8284	3.57067e-08
2.8285	3.26733e-08
2.8286	3.93181e-08
2.8287	2.71303e-08
2.8288	3.4662e-08
2.8289	2.57288e-08
2.829	2.78658e-08
2.8291	2.80697e-08
2.8292	3.8328e-08
2.8293	2.97991e-08
2.8294	3.32739e-08
2.8295	3.20563e-08
2.8296	2.28161e-08
2.8297	2.65755e-08
2.8298	2.21935e-08
2.8299	3.31568e-08
2.83	3.50131e-08
2.8301	3.69883e-08
2.8302	2.7193e-08
2.8303	3.57466e-08
2.8304	4.18186e-08
2.8305	4.43033e-08
2.8306	3.76029e-08
2.8307	3.68436e-08
2.8308	3.80071e-08
2.8309	3.56956e-08
2.831	4.25512e-08
2.8311	3.00252e-08
2.8312	2.94548e-08
2.8313	3.07745e-08
2.8314	2.82996e-08
2.8315	3.2428e-08
2.8316	3.52056e-08
2.8317	2.64597e-08
2.8318	2.33561e-08
2.8319	1.95724e-08
2.832	2.28834e-08
2.8321	3.87243e-08
2.8322	3.93049e-08
2.8323	3.15865e-08
2.8324	3.01147e-08
2.8325	3.10699e-08
2.8326	4.03352e-08
2.8327	2.20324e-08
2.8328	4.39844e-08
2.8329	3.26144e-08
2.833	5.01063e-08
2.8331	3.03207e-08
2.8332	4.09801e-08
2.8333	3.3466e-08
2.8334	2.44382e-08
2.8335	3.06198e-08
2.8336	3.44118e-08
2.8337	2.70872e-08
2.8338	2.61271e-08
2.8339	2.24846e-08
2.834	2.55325e-08
2.8341	2.27835e-08
2.8342	3.25653e-08
2.8343	3.19817e-08
2.8344	2.22661e-08
2.8345	2.56826e-08
2.8346	3.32504e-08
2.8347	4.99884e-08
2.8348	4.05189e-08
2.8349	3.83613e-08
2.835	3.56582e-08
2.8351	4.15008e-08
2.8352	3.53101e-08
2.8353	3.09377e-08
2.8354	3.0214e-08
2.8355	3.5866e-08
2.8356	3.77144e-08
2.8357	2.67959e-08
2.8358	2.35648e-08
2.8359	4.09826e-08
2.836	2.612e-08
2.8361	2.73904e-08
2.8362	2.54225e-08
2.8363	3.09647e-08
2.8364	3.30329e-08
2.8365	2.64705e-08
2.8366	1.92833e-08
2.8367	3.21493e-08
2.8368	3.06586e-08
2.8369	3.90901e-08
2.837	4.79224e-08
2.8371	2.83833e-08
2.8372	4.33901e-08
2.8373	4.7046e-08
2.8374	3.00415e-08
2.8375	3.37725e-08
2.8376	4.43313e-08
2.8377	4.57404e-08
2.8378	2.9345e-08
2.8379	3.07731e-08
2.838	3.03733e-08
2.8381	3.12472e-08
2.8382	2.51427e-08
2.8383	3.06919e-08
2.8384	3.4228e-08
2.8385	3.65906e-08
2.8386	2.19832e-08
2.8387	3.37422e-08
2.8388	3.40103e-08
2.8389	2.52446e-08
2.839	2.19814e-08
2.8391	3.1063e-08
2.8392	3.08061e-08
2.8393	3.85684e-08
2.8394	2.94461e-08
2.8395	3.89982e-08
2.8396	3.09715e-08
2.8397	3.84128e-08
2.8398	3.37443e-08
2.8399	3.12988e-08
2.84	2.98003e-08
2.8401	3.67343e-08
2.8402	4.35833e-08
2.8403	3.40119e-08
2.8404	2.72494e-08
2.8405	3.2104e-08
2.8406	3.08729e-08
2.8407	2.16147e-08
2.8408	2.73875e-08
2.8409	3.2484e-08
2.841	3.26461e-08
2.8411	3.14262e-08
2.8412	3.43218e-08
2.8413	3.79858e-08
2.8414	2.74842e-08
2.8415	3.97672e-08
2.8416	3.51638e-08
2.8417	3.4019e-08
2.8418	2.9713e-08
2.8419	2.26698e-08
2.842	4.6871e-08
2.8421	3.33348e-08
2.8422	3.85606e-08
2.8423	3.33588e-08
2.8424	2.38604e-08
2.8425	3.18148e-08
2.8426	3.23135e-08
2.8427	3.23088e-08
2.8428	3.26236e-08
2.8429	3.44962e-08
2.843	3.10679e-08
2.8431	3.49602e-08
2.8432	3.701e-08
2.8433	3.74015e-08
2.8434	3.22022e-08
2.8435	2.26708e-08
2.8436	3.0492e-08
2.8437	3.49901e-08
2.8438	3.96699e-08
2.8439	3.2817e-08
2.844	2.58473e-08
2.8441	2.77728e-08
2.8442	3.19538e-08
2.8443	4.04751e-08
2.8444	4.35438e-08
2.8445	2.14285e-08
2.8446	3.03317e-08
2.8447	3.29113e-08
2.8448	2.67979e-08
2.8449	3.17128e-08
2.845	3.11989e-08
2.8451	2.03566e-08
2.8452	3.28126e-08
2.8453	2.28884e-08
2.8454	2.95426e-08
2.8455	3.0041e-08
2.8456	2.7174e-08
2.8457	2.30573e-08
2.8458	2.73435e-08
2.8459	2.95308e-08
2.846	3.65019e-08
2.8461	2.46149e-08
2.8462	3.1307e-08
2.8463	3.2633e-08
2.8464	4.17231e-08
2.8465	2.73097e-08
2.8466	4.81001e-08
2.8467	2.86297e-08
2.8468	2.45807e-08
2.8469	2.97471e-08
2.847	4.433e-08
2.8471	3.97193e-08
2.8472	3.0863e-08
2.8473	3.7684e-08
2.8474	3.50183e-08
2.8475	3.49633e-08
2.8476	4.47214e-08
2.8477	4.54923e-08
2.8478	2.93889e-08
2.8479	3.55429e-08
2.848	2.8745e-08
2.8481	2.06876e-08
2.8482	2.8117e-08
2.8483	4.27382e-08
2.8484	3.71818e-08
2.8485	3.55815e-08
2.8486	3.56644e-08
2.8487	3.36009e-08
2.8488	4.14871e-08
2.8489	2.78754e-08
2.849	2.83538e-08
2.8491	2.82748e-08
2.8492	3.03059e-08
2.8493	3.88644e-08
2.8494	3.62354e-08
2.8495	4.95658e-08
2.8496	3.31803e-08
2.8497	3.70529e-08
2.8498	2.69237e-08
2.8499	3.95453e-08
2.85	2.99545e-08
2.8501	3.87413e-08
2.8502	2.93326e-08
2.8503	2.37857e-08
2.8504	4.42359e-08
2.8505	3.98084e-08
2.8506	4.55754e-08
2.8507	4.25476e-08
2.8508	3.82122e-08
2.8509	4.60899e-08
2.851	4.3252e-08
2.8511	3.31307e-08
2.8512	3.35679e-08
2.8513	2.81594e-08
2.8514	3.98678e-08
2.8515	4.38463e-08
2.8516	3.19892e-08
2.8517	3.59545e-08
2.8518	3.23139e-08
2.8519	3.87795e-08
2.852	3.91323e-08
2.8521	2.48199e-08
2.8522	2.84502e-08
2.8523	2.82885e-08
2.8524	3.06502e-08
2.8525	2.35738e-08
2.8526	2.53081e-08
2.8527	3.1551e-08
2.8528	3.44636e-08
2.8529	3.63585e-08
2.853	3.41134e-08
2.8531	3.8251e-08
2.8532	3.09977e-08
2.8533	3.7188e-08
2.8534	2.54645e-08
2.8535	3.70631e-08
2.8536	3.08417e-08
2.8537	3.54512e-08
2.8538	3.13574e-08
2.8539	2.67925e-08
2.854	3.13363e-08
2.8541	2.76745e-08
2.8542	3.05722e-08
2.8543	3.14876e-08
2.8544	3.33046e-08
2.8545	3.06062e-08
2.8546	2.90666e-08
2.8547	2.78977e-08
2.8548	2.79003e-08
2.8549	3.76165e-08
2.855	3.44895e-08
2.8551	2.76236e-08
2.8552	2.92e-08
2.8553	3.34406e-08
2.8554	3.14741e-08
2.8555	2.56383e-08
2.8556	2.8787e-08
2.8557	2.95006e-08
2.8558	2.80153e-08
2.8559	3.59348e-08
2.856	4.21265e-08
2.8561	3.5579e-08
2.8562	3.51982e-08
2.8563	3.88065e-08
2.8564	2.47913e-08
2.8565	2.23946e-08
2.8566	2.27394e-08
2.8567	3.02179e-08
2.8568	2.39626e-08
2.8569	2.72842e-08
2.857	2.06632e-08
2.8571	3.22899e-08
2.8572	3.50711e-08
2.8573	2.18277e-08
2.8574	2.4332e-08
2.8575	3.52071e-08
2.8576	4.10257e-08
2.8577	4.75371e-08
2.8578	3.02996e-08
2.8579	2.43842e-08
2.858	2.91691e-08
2.8581	2.93316e-08
2.8582	3.06e-08
2.8583	3.81174e-08
2.8584	2.5572e-08
2.8585	3.08952e-08
2.8586	2.98164e-08
2.8587	3.59716e-08
2.8588	2.67681e-08
2.8589	2.97541e-08
2.859	2.57343e-08
2.8591	2.18776e-08
2.8592	2.60715e-08
2.8593	2.8169e-08
2.8594	3.25815e-08
2.8595	2.28266e-08
2.8596	3.24966e-08
2.8597	3.28595e-08
2.8598	3.50254e-08
2.8599	3.1864e-08
2.86	3.5611e-08
2.8601	3.26731e-08
2.8602	2.69092e-08
2.8603	3.03985e-08
2.8604	2.85624e-08
2.8605	2.42931e-08
2.8606	2.35719e-08
2.8607	3.69517e-08
2.8608	3.98526e-08
2.8609	3.43885e-08
2.861	3.35911e-08
2.8611	3.28217e-08
2.8612	2.86122e-08
2.8613	2.89051e-08
2.8614	3.47113e-08
2.8615	3.66939e-08
2.8616	3.86935e-08
2.8617	2.32491e-08
2.8618	2.62721e-08
2.8619	2.47546e-08
2.862	2.96003e-08
2.8621	3.13096e-08
2.8622	4.49036e-08
2.8623	3.4469e-08
2.8624	3.20838e-08
2.8625	3.94863e-08
2.8626	2.91476e-08
2.8627	2.98528e-08
2.8628	4.01129e-08
2.8629	2.71904e-08
2.863	2.55627e-08
2.8631	2.70159e-08
2.8632	2.42971e-08
2.8633	3.02074e-08
2.8634	4.01098e-08
2.8635	4.09204e-08
2.8636	4.43179e-08
2.8637	4.22561e-08
2.8638	3.05723e-08
2.8639	3.17961e-08
2.864	3.27295e-08
2.8641	3.48696e-08
2.8642	2.93331e-08
2.8643	3.08789e-08
2.8644	4.30721e-08
2.8645	3.52886e-08
2.8646	2.87552e-08
2.8647	3.14475e-08
2.8648	2.68369e-08
2.8649	2.2835e-08
2.865	3.75254e-08
2.8651	3.42933e-08
2.8652	3.87773e-08
2.8653	4.94293e-08
2.8654	2.47909e-08
2.8655	2.07503e-08
2.8656	3.13178e-08
2.8657	3.03042e-08
2.8658	3.80775e-08
2.8659	2.95719e-08
2.866	3.71077e-08
2.8661	4.76583e-08
2.8662	4.06522e-08
2.8663	3.09308e-08
2.8664	3.74366e-08
2.8665	2.73757e-08
2.8666	4.3416e-08
2.8667	4.61799e-08
2.8668	2.4357e-08
2.8669	3.34879e-08
2.867	2.93174e-08
2.8671	3.06031e-08
2.8672	3.13781e-08
2.8673	3.74172e-08
2.8674	3.46052e-08
2.8675	2.28728e-08
2.8676	2.08749e-08
2.8677	2.44581e-08
2.8678	3.60617e-08
2.8679	3.2082e-08
2.868	3.22848e-08
2.8681	2.95787e-08
2.8682	3.29335e-08
2.8683	4.04172e-08
2.8684	3.8551e-08
2.8685	3.07748e-08
2.8686	3.93791e-08
2.8687	3.9326e-08
2.8688	4.53436e-08
2.8689	3.87337e-08
2.869	3.2905e-08
2.8691	2.14147e-08
2.8692	3.40538e-08
2.8693	3.11173e-08
2.8694	2.47633e-08
2.8695	3.12719e-08
2.8696	2.40534e-08
2.8697	2.43425e-08
2.8698	2.91119e-08
2.8699	2.57875e-08
2.87	3.01479e-08
2.8701	2.50439e-08
2.8702	3.23879e-08
2.8703	4.20728e-08
2.8704	4.44677e-08
2.8705	3.45914e-08
2.8706	2.69394e-08
2.8707	3.17515e-08
2.8708	4.86586e-08
2.8709	3.67102e-08
2.871	2.58017e-08
2.8711	3.03491e-08
2.8712	3.38925e-08
2.8713	3.65347e-08
2.8714	4.09099e-08
2.8715	2.95484e-08
2.8716	2.36742e-08
2.8717	3.10429e-08
2.8718	2.21743e-08
2.8719	2.5175e-08
2.872	2.89019e-08
2.8721	2.77746e-08
2.8722	1.93935e-08
2.8723	2.23217e-08
2.8724	3.16754e-08
2.8725	2.86568e-08
2.8726	3.15185e-08
2.8727	3.28034e-08
2.8728	3.11493e-08
2.8729	4.62357e-08
2.873	4.78324e-08
2.8731	4.51162e-08
2.8732	3.71057e-08
2.8733	3.35591e-08
2.8734	3.95206e-08
2.8735	3.5429e-08
2.8736	2.86345e-08
2.8737	2.5775e-08
2.8738	2.41738e-08
2.8739	2.92884e-08
2.874	2.50416e-08
2.8741	3.80037e-08
2.8742	3.49682e-08
2.8743	2.90156e-08
2.8744	3.07645e-08
2.8745	2.62882e-08
2.8746	2.52089e-08
2.8747	2.69098e-08
2.8748	3.01073e-08
2.8749	2.80706e-08
2.875	4.18898e-08
2.8751	3.6953e-08
2.8752	2.72465e-08
2.8753	3.32442e-08
2.8754	4.19788e-08
2.8755	3.93898e-08
2.8756	3.37199e-08
2.8757	3.41512e-08
2.8758	3.9535e-08
2.8759	3.88781e-08
2.876	3.25119e-08
2.8761	2.42166e-08
2.8762	3.1062e-08
2.8763	3.05677e-08
2.8764	3.21923e-08
2.8765	2.75266e-08
2.8766	3.48509e-08
2.8767	3.61458e-08
2.8768	3.60884e-08
2.8769	3.64649e-08
2.877	2.96012e-08
2.8771	3.67246e-08
2.8772	4.24366e-08
2.8773	4.06291e-08
2.8774	2.65259e-08
2.8775	4.25684e-08
2.8776	3.31027e-08
2.8777	3.76827e-08
2.8778	4.32302e-08
2.8779	3.89254e-08
2.878	2.64284e-08
2.8781	2.4097e-08
2.8782	3.28266e-08
2.8783	3.1902e-08
2.8784	3.78191e-08
2.8785	4.08553e-08
2.8786	3.46926e-08
2.8787	3.64774e-08
2.8788	3.21838e-08
2.8789	3.25589e-08
2.879	2.73749e-08
2.8791	3.04979e-08
2.8792	2.57292e-08
2.8793	2.93682e-08
2.8794	4.23259e-08
2.8795	3.40418e-08
2.8796	4.39197e-08
2.8797	2.9145e-08
2.8798	3.52081e-08
2.8799	4.07864e-08
2.88	3.76835e-08
2.8801	3.5382e-08
2.8802	2.43846e-08
2.8803	2.78478e-08
2.8804	3.17189e-08
2.8805	2.8185e-08
2.8806	3.34911e-08
2.8807	3.72221e-08
2.8808	2.45344e-08
2.8809	3.58199e-08
2.881	3.1175e-08
2.8811	3.67069e-08
2.8812	3.06198e-08
2.8813	2.9951e-08
2.8814	3.06796e-08
2.8815	2.90156e-08
2.8816	3.40317e-08
2.8817	3.32183e-08
2.8818	3.06473e-08
2.8819	3.24936e-08
2.882	3.48321e-08
2.8821	3.6167e-08
2.8822	2.56115e-08
2.8823	3.56133e-08
2.8824	2.68301e-08
2.8825	2.94804e-08
2.8826	2.70885e-08
2.8827	4.11357e-08
2.8828	3.6385e-08
2.8829	3.08671e-08
2.883	4.09855e-08
2.8831	2.98805e-08
2.8832	2.79881e-08
2.8833	5.21984e-08
2.8834	3.64837e-08
2.8835	3.86833e-08
2.8836	2.96192e-08
2.8837	2.22876e-08
2.8838	2.7487e-08
2.8839	3.51907e-08
2.884	3.96078e-08
2.8841	3.76211e-08
2.8842	3.4402e-08
2.8843	3.35349e-08
2.8844	4.25934e-08
2.8845	3.2657e-08
2.8846	3.52124e-08
2.8847	2.41398e-08
2.8848	3.21737e-08
2.8849	3.24937e-08
2.885	3.3601e-08
2.8851	4.00797e-08
2.8852	3.66608e-08
2.8853	2.84015e-08
2.8854	3.06916e-08
2.8855	4.41385e-08
2.8856	2.92539e-08
2.8857	3.53516e-08
2.8858	2.93587e-08
2.8859	2.73393e-08
2.886	3.17494e-08
2.8861	3.47553e-08
2.8862	4.24542e-08
2.8863	4.51257e-08
2.8864	3.72162e-08
2.8865	4.23093e-08
2.8866	3.50313e-08
2.8867	4.17861e-08
2.8868	2.51066e-08
2.8869	3.44022e-08
2.887	3.57635e-08
2.8871	2.9919e-08
2.8872	4.2965e-08
2.8873	2.83616e-08
2.8874	2.68451e-08
2.8875	3.01205e-08
2.8876	3.65703e-08
2.8877	3.30443e-08
2.8878	2.78271e-08
2.8879	2.51499e-08
2.888	3.42374e-08
2.8881	2.28843e-08
2.8882	2.10231e-08
2.8883	2.59191e-08
2.8884	2.89464e-08
2.8885	3.04087e-08
2.8886	3.76131e-08
2.8887	3.20177e-08
2.8888	3.93855e-08
2.8889	3.96391e-08
2.889	3.13048e-08
2.8891	2.67346e-08
2.8892	2.92915e-08
2.8893	3.58315e-08
2.8894	3.04723e-08
2.8895	3.44736e-08
2.8896	2.64415e-08
2.8897	2.72362e-08
2.8898	3.63988e-08
2.8899	2.89663e-08
2.89	3.42441e-08
2.8901	2.73971e-08
2.8902	2.86558e-08
2.8903	2.82037e-08
2.8904	2.26859e-08
2.8905	2.82587e-08
2.8906	3.40729e-08
2.8907	3.44104e-08
2.8908	2.93449e-08
2.8909	2.85943e-08
2.891	3.31393e-08
2.8911	3.15936e-08
2.8912	2.80397e-08
2.8913	2.41002e-08
2.8914	3.08436e-08
2.8915	2.77973e-08
2.8916	3.72005e-08
2.8917	3.28095e-08
2.8918	4.16781e-08
2.8919	4.08417e-08
2.892	2.74214e-08
2.8921	2.3079e-08
2.8922	1.86347e-08
2.8923	2.70871e-08
2.8924	2.75638e-08
2.8925	2.43608e-08
2.8926	2.09961e-08
2.8927	2.1698e-08
2.8928	2.88253e-08
2.8929	3.78066e-08
2.893	2.17551e-08
2.8931	2.47269e-08
2.8932	3.42755e-08
2.8933	4.44936e-08
2.8934	4.84253e-08
2.8935	2.99961e-08
2.8936	2.51304e-08
2.8937	3.42479e-08
2.8938	2.78556e-08
2.8939	2.50925e-08
2.894	4.19004e-08
2.8941	2.60861e-08
2.8942	3.51434e-08
2.8943	3.28167e-08
2.8944	2.93734e-08
2.8945	3.58935e-08
2.8946	2.91158e-08
2.8947	2.84834e-08
2.8948	2.6496e-08
2.8949	2.38799e-08
2.895	3.35467e-08
2.8951	3.38419e-08
2.8952	2.13987e-08
2.8953	2.8231e-08
2.8954	3.2153e-08
2.8955	4.38376e-08
2.8956	3.75634e-08
2.8957	2.59204e-08
2.8958	3.60392e-08
2.8959	3.00712e-08
2.896	3.77697e-08
2.8961	2.67868e-08
2.8962	2.24163e-08
2.8963	2.65697e-08
2.8964	3.20934e-08
2.8965	3.02149e-08
2.8966	4.3222e-08
2.8967	2.857e-08
2.8968	2.68779e-08
2.8969	3.37223e-08
2.897	3.30101e-08
2.8971	3.29749e-08
2.8972	3.2059e-08
2.8973	3.7059e-08
2.8974	2.52992e-08
2.8975	2.53661e-08
2.8976	2.91745e-08
2.8977	3.55103e-08
2.8978	2.37945e-08
2.8979	3.82826e-08
2.898	3.77389e-08
2.8981	3.60689e-08
2.8982	3.30851e-08
2.8983	2.78941e-08
2.8984	3.87575e-08
2.8985	2.77362e-08
2.8986	3.24344e-08
2.8987	2.79019e-08
2.8988	2.89645e-08
2.8989	3.59973e-08
2.899	3.52957e-08
2.8991	3.41414e-08
2.8992	4.07247e-08
2.8993	3.44595e-08
2.8994	3.54995e-08
2.8995	3.26411e-08
2.8996	4.18798e-08
2.8997	3.93858e-08
2.8998	3.10089e-08
2.8999	3.08603e-08
2.9	3.74539e-08
2.9001	3.33012e-08
2.9002	3.1336e-08
2.9003	2.86056e-08
2.9004	2.29248e-08
2.9005	3.01106e-08
2.9006	2.85105e-08
2.9007	4.31779e-08
2.9008	3.69678e-08
2.9009	3.08956e-08
2.901	2.68682e-08
2.9011	2.26881e-08
2.9012	2.72044e-08
2.9013	3.22277e-08
2.9014	3.39911e-08
2.9015	3.34472e-08
2.9016	3.38043e-08
2.9017	4.30095e-08
2.9018	4.32004e-08
2.9019	3.34918e-08
2.902	2.41973e-08
2.9021	3.99974e-08
2.9022	5.18558e-08
2.9023	4.65731e-08
2.9024	2.48593e-08
2.9025	2.83301e-08
2.9026	3.3019e-08
2.9027	3.04961e-08
2.9028	3.19055e-08
2.9029	4.27705e-08
2.903	3.45367e-08
2.9031	3.16046e-08
2.9032	2.09827e-08
2.9033	2.87965e-08
2.9034	2.68899e-08
2.9035	3.66612e-08
2.9036	2.59358e-08
2.9037	3.29784e-08
2.9038	3.40285e-08
2.9039	3.67579e-08
2.904	2.77499e-08
2.9041	4.30922e-08
2.9042	3.21921e-08
2.9043	4.52608e-08
2.9044	4.604e-08
2.9045	3.96773e-08
2.9046	4.38388e-08
2.9047	2.68244e-08
2.9048	2.6251e-08
2.9049	3.62417e-08
2.905	3.89968e-08
2.9051	4.17331e-08
2.9052	2.29563e-08
2.9053	2.13472e-08
2.9054	2.73788e-08
2.9055	3.25011e-08
2.9056	3.35634e-08
2.9057	2.29338e-08
2.9058	2.41672e-08
2.9059	3.99154e-08
2.906	4.44377e-08
2.9061	2.8719e-08
2.9062	3.15671e-08
2.9063	3.66699e-08
2.9064	4.96042e-08
2.9065	3.64617e-08
2.9066	4.00842e-08
2.9067	3.21141e-08
2.9068	3.42501e-08
2.9069	2.66646e-08
2.907	3.55168e-08
2.9071	3.17183e-08
2.9072	4.15853e-08
2.9073	2.63157e-08
2.9074	2.71714e-08
2.9075	2.51515e-08
2.9076	2.73932e-08
2.9077	3.34066e-08
2.9078	2.626e-08
2.9079	1.71391e-08
2.908	2.10008e-08
2.9081	3.67736e-08
2.9082	3.78681e-08
2.9083	4.12596e-08
2.9084	3.82826e-08
2.9085	3.49346e-08
2.9086	4.5085e-08
2.9087	4.29864e-08
2.9088	4.0577e-08
2.9089	2.99449e-08
2.909	3.11317e-08
2.9091	3.7274e-08
2.9092	3.79623e-08
2.9093	3.15072e-08
2.9094	2.70032e-08
2.9095	2.26272e-08
2.9096	3.42173e-08
2.9097	3.03526e-08
2.9098	4.32173e-08
2.9099	2.26579e-08
2.91	3.02757e-08
2.9101	3.39598e-08
2.9102	2.38998e-08
2.9103	2.80285e-08
2.9104	2.63945e-08
2.9105	3.03786e-08
2.9106	4.12105e-08
2.9107	2.89054e-08
2.9108	3.66645e-08
2.9109	2.70772e-08
2.911	3.88178e-08
2.9111	2.3642e-08
2.9112	3.57266e-08
2.9113	3.13874e-08
2.9114	3.6519e-08
2.9115	3.89088e-08
2.9116	3.75938e-08
2.9117	2.43467e-08
2.9118	2.65261e-08
2.9119	2.89405e-08
2.912	2.88508e-08
2.9121	2.67372e-08
2.9122	2.838e-08
2.9123	3.24892e-08
2.9124	3.36357e-08
2.9125	3.08114e-08
2.9126	3.45095e-08
2.9127	2.78365e-08
2.9128	4.21872e-08
2.9129	4.08531e-08
2.913	3.01535e-08
2.9131	3.4714e-08
2.9132	3.37405e-08
2.9133	3.99651e-08
2.9134	3.78314e-08
2.9135	4.05036e-08
2.9136	3.86781e-08
2.9137	3.02323e-08
2.9138	2.74705e-08
2.9139	2.54938e-08
2.914	3.4529e-08
2.9141	4.06795e-08
2.9142	3.98796e-08
2.9143	2.66393e-08
2.9144	3.61251e-08
2.9145	3.35476e-08
2.9146	3.55716e-08
2.9147	2.49438e-08
2.9148	2.39531e-08
2.9149	2.61251e-08
2.915	2.73608e-08
2.9151	3.22142e-08
2.9152	3.94547e-08
2.9153	3.48311e-08
2.9154	3.3915e-08
2.9155	3.8108e-08
2.9156	3.11677e-08
2.9157	3.65131e-08
2.9158	2.9823e-08
2.9159	2.57967e-08
2.916	2.95409e-08
2.9161	3.34284e-08
2.9162	3.35796e-08
2.9163	3.53127e-08
2.9164	2.82043e-08
2.9165	3.32711e-08
2.9166	2.67741e-08
2.9167	2.77513e-08
2.9168	3.88112e-08
2.9169	3.21913e-08
2.917	2.2647e-08
2.9171	2.93588e-08
2.9172	3.26362e-08
2.9173	3.12102e-08
2.9174	4.49996e-08
2.9175	4.02212e-08
2.9176	3.06821e-08
2.9177	4.70857e-08
2.9178	3.62636e-08
2.9179	3.51041e-08
2.918	3.93085e-08
2.9181	3.10114e-08
2.9182	3.70095e-08
2.9183	3.53878e-08
2.9184	4.07955e-08
2.9185	4.20792e-08
2.9186	3.53972e-08
2.9187	3.37066e-08
2.9188	3.08308e-08
2.9189	4.01258e-08
2.919	4.28351e-08
2.9191	3.76766e-08
2.9192	2.98946e-08
2.9193	3.11567e-08
2.9194	2.78924e-08
2.9195	3.0619e-08
2.9196	3.41762e-08
2.9197	4.76727e-08
2.9198	4.23473e-08
2.9199	3.2702e-08
2.92	3.7833e-08
2.9201	4.023e-08
2.9202	3.76234e-08
2.9203	2.73863e-08
2.9204	2.60916e-08
2.9205	2.53367e-08
2.9206	3.47965e-08
2.9207	3.29796e-08
2.9208	3.21302e-08
2.9209	3.11485e-08
2.921	3.78935e-08
2.9211	3.52252e-08
2.9212	4.6971e-08
2.9213	2.73554e-08
2.9214	3.52958e-08
2.9215	2.78407e-08
2.9216	2.83519e-08
2.9217	3.76402e-08
2.9218	4.60267e-08
2.9219	4.1502e-08
2.922	3.82313e-08
2.9221	3.79854e-08
2.9222	4.13835e-08
2.9223	4.3477e-08
2.9224	3.73606e-08
2.9225	2.60818e-08
2.9226	3.0189e-08
2.9227	3.34366e-08
2.9228	2.76849e-08
2.9229	4.69196e-08
2.923	2.68833e-08
2.9231	3.53916e-08
2.9232	3.83674e-08
2.9233	4.01104e-08
2.9234	2.73232e-08
2.9235	2.74171e-08
2.9236	2.89615e-08
2.9237	3.40091e-08
2.9238	1.82919e-08
2.9239	2.43843e-08
2.924	2.92531e-08
2.9241	3.48562e-08
2.9242	3.2004e-08
2.9243	3.10317e-08
2.9244	3.98933e-08
2.9245	3.30821e-08
2.9246	4.37515e-08
2.9247	2.65284e-08
2.9248	3.24426e-08
2.9249	3.24621e-08
2.925	2.98036e-08
2.9251	2.88629e-08
2.9252	2.90723e-08
2.9253	3.16611e-08
2.9254	2.64869e-08
2.9255	3.74601e-08
2.9256	2.60647e-08
2.9257	2.91925e-08
2.9258	3.01024e-08
2.9259	3.13747e-08
2.926	3.01623e-08
2.9261	2.38545e-08
2.9262	2.3464e-08
2.9263	3.04003e-08
2.9264	3.43665e-08
2.9265	3.80785e-08
2.9266	3.12064e-08
2.9267	3.78117e-08
2.9268	3.20468e-08
2.9269	2.85506e-08
2.927	2.3086e-08
2.9271	3.33295e-08
2.9272	2.55481e-08
2.9273	3.2601e-08
2.9274	3.2157e-08
2.9275	2.60945e-08
2.9276	4.07352e-08
2.9277	2.71076e-08
2.9278	2.1405e-08
2.9279	2.61836e-08
2.928	2.55496e-08
2.9281	2.84939e-08
2.9282	2.94996e-08
2.9283	2.00342e-08
2.9284	2.34974e-08
2.9285	2.86283e-08
2.9286	3.58896e-08
2.9287	2.60044e-08
2.9288	2.99163e-08
2.9289	3.36831e-08
2.929	5.09794e-08
2.9291	3.37476e-08
2.9292	2.6719e-08
2.9293	2.94149e-08
2.9294	3.23287e-08
2.9295	2.82517e-08
2.9296	3.066e-08
2.9297	4.14805e-08
2.9298	2.85596e-08
2.9299	3.33258e-08
2.93	3.31454e-08
2.9301	2.65387e-08
2.9302	3.98063e-08
2.9303	2.56115e-08
2.9304	3.10771e-08
2.9305	2.29164e-08
2.9306	2.58128e-08
2.9307	2.52193e-08
2.9308	3.3801e-08
2.9309	2.86187e-08
2.931	2.75451e-08
2.9311	2.72214e-08
2.9312	4.38598e-08
2.9313	3.67019e-08
2.9314	2.98392e-08
2.9315	2.906e-08
2.9316	3.5281e-08
2.9317	3.48263e-08
2.9318	3.03549e-08
2.9319	2.37037e-08
2.932	2.37406e-08
2.9321	3.4292e-08
2.9322	3.33022e-08
2.9323	3.77465e-08
2.9324	3.14383e-08
2.9325	2.73917e-08
2.9326	3.48221e-08
2.9327	4.43855e-08
2.9328	3.45211e-08
2.9329	4.18228e-08
2.933	2.65414e-08
2.9331	3.1314e-08
2.9332	2.26547e-08
2.9333	3.51169e-08
2.9334	4.14058e-08
2.9335	3.77552e-08
2.9336	2.30538e-08
2.9337	3.18431e-08
2.9338	4.08109e-08
2.9339	3.50403e-08
2.934	3.72679e-08
2.9341	3.15125e-08
2.9342	2.30536e-08
2.9343	2.79602e-08
2.9344	2.38429e-08
2.9345	2.85929e-08
2.9346	4.03158e-08
2.9347	4.2552e-08
2.9348	3.5254e-08
2.9349	4.06824e-08
2.935	4.50672e-08
2.9351	3.5668e-08
2.9352	3.15559e-08
2.9353	3.67317e-08
2.9354	3.61485e-08
2.9355	2.56691e-08
2.9356	3.55755e-08
2.9357	2.93876e-08
2.9358	3.08083e-08
2.9359	3.69295e-08
2.936	3.04538e-08
2.9361	2.98274e-08
2.9362	2.56568e-08
2.9363	3.46407e-08
2.9364	3.04999e-08
2.9365	3.87113e-08
2.9366	3.08134e-08
2.9367	2.40317e-08
2.9368	3.26846e-08
2.9369	3.29508e-08
2.937	2.78972e-08
2.9371	3.27405e-08
2.9372	3.11157e-08
2.9373	3.17017e-08
2.9374	3.95762e-08
2.9375	4.55379e-08
2.9376	2.79965e-08
2.9377	3.10445e-08
2.9378	4.45083e-08
2.9379	3.66992e-08
2.938	4.68794e-08
2.9381	2.29324e-08
2.9382	3.27708e-08
2.9383	3.10212e-08
2.9384	3.87637e-08
2.9385	3.67273e-08
2.9386	4.59217e-08
2.9387	2.74617e-08
2.9388	2.19346e-08
2.9389	2.33435e-08
2.939	2.24767e-08
2.9391	2.77493e-08
2.9392	3.40037e-08
2.9393	3.15179e-08
2.9394	4.2463e-08
2.9395	2.86526e-08
2.9396	3.72941e-08
2.9397	2.6603e-08
2.9398	3.74232e-08
2.9399	3.61037e-08
2.94	4.43833e-08
2.9401	2.72703e-08
2.9402	3.83744e-08
2.9403	4.06448e-08
2.9404	2.6953e-08
2.9405	3.09884e-08
2.9406	4.31234e-08
2.9407	3.1354e-08
2.9408	2.96122e-08
2.9409	1.87981e-08
2.941	2.32805e-08
2.9411	2.44709e-08
2.9412	2.42341e-08
2.9413	3.2276e-08
2.9414	2.21281e-08
2.9415	2.3323e-08
2.9416	3.24325e-08
2.9417	3.93812e-08
2.9418	3.06099e-08
2.9419	3.40365e-08
2.942	4.23172e-08
2.9421	3.83361e-08
2.9422	3.67979e-08
2.9423	3.54588e-08
2.9424	3.25454e-08
2.9425	3.38098e-08
2.9426	3.66504e-08
2.9427	3.73874e-08
2.9428	3.07858e-08
2.9429	3.78775e-08
2.943	2.56213e-08
2.9431	2.41211e-08
2.9432	2.94859e-08
2.9433	2.66067e-08
2.9434	3.17935e-08
2.9435	2.51641e-08
2.9436	2.03215e-08
2.9437	3.22653e-08
2.9438	2.52321e-08
2.9439	3.6378e-08
2.944	3.67277e-08
2.9441	2.85775e-08
2.9442	3.40703e-08
2.9443	4.30984e-08
2.9444	4.76971e-08
2.9445	3.59456e-08
2.9446	3.87877e-08
2.9447	4.19859e-08
2.9448	3.10848e-08
2.9449	2.73157e-08
2.945	2.87366e-08
2.9451	2.5804e-08
2.9452	2.19301e-08
2.9453	3.1891e-08
2.9454	3.19202e-08
2.9455	3.14312e-08
2.9456	2.10516e-08
2.9457	2.51455e-08
2.9458	3.11167e-08
2.9459	2.11896e-08
2.946	2.54742e-08
2.9461	3.71483e-08
2.9462	2.61917e-08
2.9463	4.44409e-08
2.9464	2.64787e-08
2.9465	3.78299e-08
2.9466	3.38641e-08
2.9467	3.53785e-08
2.9468	3.47119e-08
2.9469	3.55213e-08
2.947	3.37873e-08
2.9471	3.9803e-08
2.9472	3.76113e-08
2.9473	2.46875e-08
2.9474	2.36863e-08
2.9475	3.0209e-08
2.9476	2.58295e-08
2.9477	2.57228e-08
2.9478	3.26324e-08
2.9479	3.20579e-08
2.948	3.34091e-08
2.9481	2.66358e-08
2.9482	3.70938e-08
2.9483	2.66577e-08
2.9484	3.14846e-08
2.9485	4.17565e-08
2.9486	4.00697e-08
2.9487	2.1896e-08
2.9488	3.05606e-08
2.9489	3.69536e-08
2.949	2.98302e-08
2.9491	4.27663e-08
2.9492	3.23274e-08
2.9493	2.81473e-08
2.9494	2.69268e-08
2.9495	3.16909e-08
2.9496	3.11124e-08
2.9497	2.95202e-08
2.9498	3.95165e-08
2.9499	3.70749e-08
2.95	2.73979e-08
2.9501	3.00935e-08
2.9502	2.7987e-08
2.9503	3.39786e-08
2.9504	3.53351e-08
2.9505	2.5196e-08
2.9506	3.29959e-08
2.9507	3.89045e-08
2.9508	3.4291e-08
2.9509	3.54055e-08
2.951	2.97404e-08
2.9511	3.8944e-08
2.9512	2.90519e-08
2.9513	4.90248e-08
2.9514	3.84029e-08
2.9515	2.42375e-08
2.9516	2.97889e-08
2.9517	3.74544e-08
2.9518	2.93589e-08
2.9519	3.22519e-08
2.952	2.26803e-08
2.9521	2.58696e-08
2.9522	3.35226e-08
2.9523	3.20129e-08
2.9524	3.47178e-08
2.9525	3.16235e-08
2.9526	2.87285e-08
2.9527	2.9002e-08
2.9528	3.58703e-08
2.9529	2.73467e-08
2.953	2.52341e-08
2.9531	3.31315e-08
2.9532	3.77771e-08
2.9533	3.06101e-08
2.9534	3.3271e-08
2.9535	3.45947e-08
2.9536	4.52277e-08
2.9537	2.56911e-08
2.9538	2.57086e-08
2.9539	2.94584e-08
2.954	3.14976e-08
2.9541	4.06404e-08
2.9542	3.16604e-08
2.9543	2.90031e-08
2.9544	2.83224e-08
2.9545	2.66193e-08
2.9546	3.30785e-08
2.9547	6.01129e-08
2.9548	2.48463e-08
2.9549	2.75997e-08
2.955	2.58341e-08
2.9551	2.13783e-08
2.9552	2.58204e-08
2.9553	3.49793e-08
2.9554	4.02118e-08
2.9555	3.60274e-08
2.9556	3.96875e-08
2.9557	4.31246e-08
2.9558	3.2912e-08
2.9559	3.03215e-08
2.956	2.81429e-08
2.9561	2.80406e-08
2.9562	2.75844e-08
2.9563	3.59406e-08
2.9564	3.46281e-08
2.9565	3.52684e-08
2.9566	3.01543e-08
2.9567	3.70879e-08
2.9568	4.50776e-08
2.9569	2.58211e-08
2.957	2.95315e-08
2.9571	3.45143e-08
2.9572	2.82636e-08
2.9573	2.38454e-08
2.9574	4.03599e-08
2.9575	3.58544e-08
2.9576	4.373e-08
2.9577	3.7647e-08
2.9578	3.68293e-08
2.9579	4.56902e-08
2.958	3.18251e-08
2.9581	2.78965e-08
2.9582	3.62805e-08
2.9583	2.81008e-08
2.9584	3.37101e-08
2.9585	3.90775e-08
2.9586	2.94204e-08
2.9587	3.15352e-08
2.9588	3.16873e-08
2.9589	3.53655e-08
2.959	4.69884e-08
2.9591	2.55457e-08
2.9592	2.82286e-08
2.9593	2.67571e-08
2.9594	3.14194e-08
2.9595	2.75308e-08
2.9596	2.31376e-08
2.9597	2.70108e-08
2.9598	2.63283e-08
2.9599	2.43523e-08
2.96	3.58909e-08
2.9601	3.41932e-08
2.9602	4.01003e-08
2.9603	3.34653e-08
2.9604	2.45919e-08
2.9605	3.14975e-08
2.9606	2.97595e-08
2.9607	4.12258e-08
2.9608	2.76646e-08
2.9609	2.41378e-08
2.961	3.26431e-08
2.9611	3.50416e-08
2.9612	2.90821e-08
2.9613	3.1058e-08
2.9614	2.49918e-08
2.9615	2.97001e-08
2.9616	3.16827e-08
2.9617	2.87997e-08
2.9618	2.38127e-08
2.9619	2.51398e-08
2.962	2.98394e-08
2.9621	3.50997e-08
2.9622	3.6636e-08
2.9623	2.79967e-08
2.9624	4.18616e-08
2.9625	2.97404e-08
2.9626	2.68609e-08
2.9627	2.35988e-08
2.9628	3.35444e-08
2.9629	2.22651e-08
2.963	3.65693e-08
2.9631	3.10821e-08
2.9632	3.2607e-08
2.9633	3.69468e-08
2.9634	2.38912e-08
2.9635	2.2684e-08
2.9636	2.48207e-08
2.9637	2.80074e-08
2.9638	1.99828e-08
2.9639	2.74516e-08
2.964	1.79881e-08
2.9641	2.30521e-08
2.9642	3.61923e-08
2.9643	3.69175e-08
2.9644	2.71775e-08
2.9645	3.391e-08
2.9646	3.88821e-08
2.9647	3.34179e-08
2.9648	3.91513e-08
2.9649	2.55697e-08
2.965	2.93006e-08
2.9651	3.21718e-08
2.9652	3.20091e-08
2.9653	3.6747e-08
2.9654	3.33001e-08
2.9655	2.81174e-08
2.9656	3.20194e-08
2.9657	2.40837e-08
2.9658	2.85382e-08
2.9659	3.55455e-08
2.966	2.54656e-08
2.9661	1.989e-08
2.9662	3.32292e-08
2.9663	2.25092e-08
2.9664	2.70242e-08
2.9665	3.44792e-08
2.9666	2.34148e-08
2.9667	3.63453e-08
2.9668	3.52996e-08
2.9669	3.37259e-08
2.967	2.78383e-08
2.9671	2.49682e-08
2.9672	3.21035e-08
2.9673	3.41991e-08
2.9674	3.4936e-08
2.9675	2.44052e-08
2.9676	2.80989e-08
2.9677	2.67373e-08
2.9678	3.40681e-08
2.9679	3.08603e-08
2.968	4.79193e-08
2.9681	2.81706e-08
2.9682	3.16443e-08
2.9683	2.87465e-08
2.9684	3.05115e-08
2.9685	3.56838e-08
2.9686	4.10508e-08
2.9687	3.13613e-08
2.9688	3.1223e-08
2.9689	2.04237e-08
2.969	2.84993e-08
2.9691	3.51498e-08
2.9692	3.97695e-08
2.9693	2.38459e-08
2.9694	3.01756e-08
2.9695	3.33723e-08
2.9696	3.33892e-08
2.9697	3.54842e-08
2.9698	3.4744e-08
2.9699	2.83345e-08
2.97	2.45283e-08
2.9701	2.75977e-08
2.9702	3.30802e-08
2.9703	3.34797e-08
2.9704	2.94716e-08
2.9705	3.2876e-08
2.9706	3.40497e-08
2.9707	3.40599e-08
2.9708	3.86449e-08
2.9709	3.67441e-08
2.971	3.34296e-08
2.9711	3.73778e-08
2.9712	2.87816e-08
2.9713	3.75461e-08
2.9714	3.72361e-08
2.9715	2.83466e-08
2.9716	3.54257e-08
2.9717	2.74148e-08
2.9718	2.94817e-08
2.9719	2.76645e-08
2.972	3.91798e-08
2.9721	3.92829e-08
2.9722	3.05958e-08
2.9723	2.67334e-08
2.9724	3.19647e-08
2.9725	2.49116e-08
2.9726	3.13538e-08
2.9727	2.88565e-08
2.9728	3.00773e-08
2.9729	3.48371e-08
2.973	3.99504e-08
2.9731	4.10912e-08
2.9732	3.98782e-08
2.9733	3.60328e-08
2.9734	3.41423e-08
2.9735	4.40173e-08
2.9736	3.65128e-08
2.9737	4.28515e-08
2.9738	2.04709e-08
2.9739	3.15021e-08
2.974	2.93289e-08
2.9741	2.1717e-08
2.9742	3.15718e-08
2.9743	4.23328e-08
2.9744	2.45674e-08
2.9745	2.20289e-08
2.9746	2.23347e-08
2.9747	2.20489e-08
2.9748	3.48071e-08
2.9749	4.16729e-08
2.975	3.048e-08
2.9751	3.41042e-08
2.9752	3.03077e-08
2.9753	3.84993e-08
2.9754	2.05442e-08
2.9755	4.46572e-08
2.9756	3.43501e-08
2.9757	4.91823e-08
2.9758	3.31829e-08
2.9759	4.27031e-08
2.976	3.54911e-08
2.9761	2.59583e-08
2.9762	3.68365e-08
2.9763	3.42492e-08
2.9764	2.67479e-08
2.9765	2.71302e-08
2.9766	2.31609e-08
2.9767	2.29976e-08
2.9768	2.6337e-08
2.9769	2.78001e-08
2.977	3.12467e-08
2.9771	2.17219e-08
2.9772	2.4969e-08
2.9773	3.29833e-08
2.9774	3.76288e-08
2.9775	3.14929e-08
2.9776	4.17745e-08
2.9777	3.1678e-08
2.9778	3.62237e-08
2.9779	4.34936e-08
2.978	3.7792e-08
2.9781	4.29754e-08
2.9782	4.88245e-08
2.9783	3.95879e-08
2.9784	2.57879e-08
2.9785	2.86173e-08
2.9786	3.48454e-08
2.9787	3.05077e-08
2.9788	2.56263e-08
2.9789	2.83488e-08
2.979	2.61041e-08
2.9791	3.09964e-08
2.9792	2.50915e-08
2.9793	2.19243e-08
2.9794	3.30549e-08
2.9795	3.40709e-08
2.9796	3.30146e-08
2.9797	3.35644e-08
2.9798	2.88497e-08
2.9799	3.95888e-08
2.98	4.74203e-08
2.9801	3.97846e-08
2.9802	2.81818e-08
2.9803	3.11119e-08
2.9804	4.41808e-08
2.9805	3.4513e-08
2.9806	3.1615e-08
2.9807	3.45732e-08
2.9808	3.04987e-08
2.9809	2.41745e-08
2.981	2.77902e-08
2.9811	3.39622e-08
2.9812	2.79937e-08
2.9813	2.48788e-08
2.9814	2.92173e-08
2.9815	3.80362e-08
2.9816	2.65418e-08
2.9817	2.09644e-08
2.9818	4.12867e-08
2.9819	2.49722e-08
2.982	3.60267e-08
2.9821	2.8472e-08
2.9822	3.70395e-08
2.9823	3.46597e-08
2.9824	3.32415e-08
2.9825	2.95739e-08
2.9826	3.14693e-08
2.9827	3.98881e-08
2.9828	3.83179e-08
2.9829	3.93985e-08
2.983	3.31662e-08
2.9831	2.71805e-08
2.9832	3.05172e-08
2.9833	3.30474e-08
2.9834	2.99337e-08
2.9835	3.33304e-08
2.9836	2.67527e-08
2.9837	3.85017e-08
2.9838	3.80712e-08
2.9839	3.25068e-08
2.984	2.88428e-08
2.9841	3.09065e-08
2.9842	3.48876e-08
2.9843	3.31196e-08
2.9844	3.32749e-08
2.9845	2.95242e-08
2.9846	3.4525e-08
2.9847	3.37024e-08
2.9848	3.49921e-08
2.9849	3.20697e-08
2.985	3.08827e-08
2.9851	2.62647e-08
2.9852	2.85281e-08
2.9853	2.99993e-08
2.9854	3.14889e-08
2.9855	3.84322e-08
2.9856	3.43002e-08
2.9857	2.76565e-08
2.9858	3.3869e-08
2.9859	3.15745e-08
2.986	5.1143e-08
2.9861	3.15485e-08
2.9862	2.27111e-08
2.9863	2.89459e-08
2.9864	3.20014e-08
2.9865	3.80332e-08
2.9866	3.65135e-08
2.9867	3.16224e-08
2.9868	3.03966e-08
2.9869	3.50921e-08
2.987	4.03536e-08
2.9871	3.8545e-08
2.9872	2.56715e-08
2.9873	2.9907e-08
2.9874	3.1852e-08
2.9875	2.86119e-08
2.9876	2.71314e-08
2.9877	3.30425e-08
2.9878	2.99766e-08
2.9879	3.05721e-08
2.988	2.64472e-08
2.9881	2.87599e-08
2.9882	3.27076e-08
2.9883	2.87193e-08
2.9884	2.50802e-08
2.9885	3.26593e-08
2.9886	3.50966e-08
2.9887	3.54973e-08
2.9888	2.63114e-08
2.9889	3.4634e-08
2.989	3.97685e-08
2.9891	4.15878e-08
2.9892	3.58063e-08
2.9893	3.18048e-08
2.9894	2.21732e-08
2.9895	2.75199e-08
2.9896	3.22792e-08
2.9897	3.1952e-08
2.9898	3.0948e-08
2.9899	2.98337e-08
2.99	2.64412e-08
2.9901	3.79765e-08
2.9902	3.38027e-08
2.9903	4.26724e-08
2.9904	4.25031e-08
2.9905	2.44412e-08
2.9906	3.42957e-08
2.9907	2.90757e-08
2.9908	2.72903e-08
2.9909	3.47938e-08
2.991	3.51082e-08
2.9911	4.35903e-08
2.9912	3.79517e-08
2.9913	3.47221e-08
2.9914	4.42246e-08
2.9915	3.46907e-08
2.9916	4.32412e-08
2.9917	2.64296e-08
2.9918	3.09439e-08
2.9919	3.22695e-08
2.992	3.27777e-08
2.9921	3.87953e-08
2.9922	4.12992e-08
2.9923	2.49357e-08
2.9924	3.71593e-08
2.9925	2.37152e-08
2.9926	3.72499e-08
2.9927	2.8421e-08
2.9928	3.20892e-08
2.9929	2.51488e-08
2.993	2.91999e-08
2.9931	3.90358e-08
2.9932	4.2398e-08
2.9933	4.69308e-08
2.9934	3.52081e-08
2.9935	3.9189e-08
2.9936	3.74821e-08
2.9937	3.89334e-08
2.9938	3.00554e-08
2.9939	3.01434e-08
2.994	2.87757e-08
2.9941	3.71375e-08
2.9942	3.71501e-08
2.9943	2.58769e-08
2.9944	2.96884e-08
2.9945	3.85512e-08
2.9946	3.88583e-08
2.9947	3.91485e-08
2.9948	2.57015e-08
2.9949	2.8664e-08
2.995	2.34553e-08
2.9951	3.65927e-08
2.9952	2.10066e-08
2.9953	2.05462e-08
2.9954	3.08671e-08
2.9955	3.00689e-08
2.9956	3.70153e-08
2.9957	2.90356e-08
2.9958	3.88739e-08
2.9959	4.15121e-08
2.996	3.61125e-08
2.9961	2.87786e-08
2.9962	2.74002e-08
2.9963	3.67858e-08
2.9964	3.72994e-08
2.9965	3.65895e-08
2.9966	2.3281e-08
2.9967	2.89704e-08
2.9968	2.27859e-08
2.9969	3.52866e-08
2.997	3.40455e-08
2.9971	2.43438e-08
2.9972	3.48158e-08
2.9973	3.36653e-08
2.9974	2.7143e-08
2.9975	2.56563e-08
2.9976	2.67659e-08
2.9977	3.3612e-08
2.9978	3.45791e-08
2.9979	3.41532e-08
2.998	3.08012e-08
2.9981	3.90879e-08
2.9982	2.93672e-08
2.9983	2.43741e-08
2.9984	2.69886e-08
2.9985	2.90071e-08
2.9986	3.50728e-08
2.9987	3.0229e-08
2.9988	3.66106e-08
2.9989	2.46444e-08
2.999	3.67082e-08
2.9991	2.65967e-08
2.9992	2.20414e-08
2.9993	2.18303e-08
2.9994	3.34063e-08
2.9995	2.48379e-08
2.9996	3.21102e-08
2.9997	2.19702e-08
2.9998	2.94184e-08
2.9999	3.25234e-08
3	2.87378e-08
3.0001	3.32142e-08
3.0002	3.13428e-08
3.0003	3.67466e-08
3.0004	3.56263e-08
3.0005	2.75974e-08
3.0006	2.92235e-08
3.0007	3.14598e-08
3.0008	2.39529e-08
3.0009	2.75732e-08
3.001	2.49646e-08
3.0011	3.63728e-08
3.0012	3.04336e-08
3.0013	3.40946e-08
3.0014	2.83729e-08
3.0015	2.35806e-08
3.0016	4.03921e-08
3.0017	2.34614e-08
3.0018	2.87623e-08
3.0019	2.1052e-08
3.002	2.5034e-08
3.0021	2.59774e-08
3.0022	3.36137e-08
3.0023	2.76033e-08
3.0024	2.75299e-08
3.0025	3.13829e-08
3.0026	4.25411e-08
3.0027	2.98067e-08
3.0028	2.8261e-08
3.0029	2.95017e-08
3.003	2.86738e-08
3.0031	2.82333e-08
3.0032	3.40666e-08
3.0033	2.75075e-08
3.0034	2.62339e-08
3.0035	3.60008e-08
3.0036	3.54943e-08
3.0037	4.23672e-08
3.0038	3.07188e-08
3.0039	2.86601e-08
3.004	2.76412e-08
3.0041	3.27662e-08
3.0042	2.92838e-08
3.0043	2.80224e-08
3.0044	2.47753e-08
3.0045	2.99089e-08
3.0046	2.60866e-08
3.0047	3.64617e-08
3.0048	2.98771e-08
3.0049	4.86457e-08
3.005	3.10846e-08
3.0051	3.00774e-08
3.0052	3.1997e-08
3.0053	2.98192e-08
3.0054	3.12796e-08
3.0055	2.44423e-08
3.0056	2.08615e-08
3.0057	3.06144e-08
3.0058	2.59696e-08
3.0059	3.00528e-08
3.006	4.04993e-08
3.0061	3.96175e-08
3.0062	3.47125e-08
3.0063	3.80516e-08
3.0064	4.26003e-08
3.0065	4.20394e-08
3.0066	3.11402e-08
3.0067	3.13164e-08
3.0068	4.03526e-08
3.0069	2.62243e-08
3.007	4.10486e-08
3.0071	2.84188e-08
3.0072	3.70064e-08
3.0073	3.23811e-08
3.0074	3.15788e-08
3.0075	2.89008e-08
3.0076	3.74408e-08
3.0077	2.50957e-08
3.0078	3.03554e-08
3.0079	3.79278e-08
3.008	2.54957e-08
3.0081	2.97568e-08
3.0082	2.08972e-08
3.0083	3.13884e-08
3.0084	3.15317e-08
3.0085	3.58782e-08
3.0086	2.53521e-08
3.0087	3.89538e-08
3.0088	4.12073e-08
3.0089	4.25224e-08
3.009	3.78436e-08
3.0091	3.55856e-08
3.0092	4.67805e-08
3.0093	3.14717e-08
3.0094	4.26083e-08
3.0095	2.81754e-08
3.0096	3.19184e-08
3.0097	2.56795e-08
3.0098	2.63467e-08
3.0099	3.19873e-08
3.01	3.94553e-08
3.0101	2.56187e-08
3.0102	2.83571e-08
3.0103	1.9338e-08
3.0104	2.28742e-08
3.0105	3.36594e-08
3.0106	3.58458e-08
3.0107	3.50686e-08
3.0108	2.82344e-08
3.0109	3.14478e-08
3.011	4.13174e-08
3.0111	2.05688e-08
3.0112	4.00657e-08
3.0113	3.44462e-08
3.0114	4.46358e-08
3.0115	3.21716e-08
3.0116	3.90111e-08
3.0117	3.44664e-08
3.0118	2.73046e-08
3.0119	3.85383e-08
3.012	3.54365e-08
3.0121	2.64941e-08
3.0122	2.49846e-08
3.0123	2.23119e-08
3.0124	2.44689e-08
3.0125	2.1372e-08
3.0126	2.41491e-08
3.0127	3.17166e-08
3.0128	2.19407e-08
3.0129	2.35721e-08
3.013	3.36358e-08
3.0131	4.14294e-08
3.0132	3.46218e-08
3.0133	5.02754e-08
3.0134	4.62868e-08
3.0135	4.86233e-08
3.0136	3.51948e-08
3.0137	2.83958e-08
3.0138	3.56935e-08
3.0139	3.83457e-08
3.014	2.74069e-08
3.0141	3.2095e-08
3.0142	3.42292e-08
3.0143	3.35395e-08
3.0144	3.06235e-08
3.0145	2.76564e-08
3.0146	2.42174e-08
3.0147	2.56406e-08
3.0148	3.18971e-08
3.0149	2.5836e-08
3.015	2.21767e-08
3.0151	3.14219e-08
3.0152	2.33261e-08
3.0153	3.11094e-08
3.0154	3.49648e-08
3.0155	2.85071e-08
3.0156	4.46617e-08
3.0157	5.24112e-08
3.0158	3.86818e-08
3.0159	3.24934e-08
3.016	4.18243e-08
3.0161	2.75918e-08
3.0162	3.18013e-08
3.0163	2.81471e-08
3.0164	3.08329e-08
3.0165	2.84469e-08
3.0166	2.59966e-08
3.0167	2.98761e-08
3.0168	3.16927e-08
3.0169	3.91641e-08
3.017	2.16673e-08
3.0171	3.01986e-08
3.0172	2.86615e-08
3.0173	2.03115e-08
3.0174	2.59675e-08
3.0175	3.47901e-08
3.0176	2.40817e-08
3.0177	3.09736e-08
3.0178	2.75017e-08
3.0179	3.74311e-08
3.018	2.91179e-08
3.0181	3.79056e-08
3.0182	3.41897e-08
3.0183	3.26178e-08
3.0184	2.76865e-08
3.0185	3.69021e-08
3.0186	3.97176e-08
3.0187	2.69667e-08
3.0188	2.37737e-08
3.0189	3.2532e-08
3.019	3.00495e-08
3.0191	2.77533e-08
3.0192	3.1868e-08
3.0193	3.45e-08
3.0194	3.28231e-08
3.0195	3.38346e-08
3.0196	3.91907e-08
3.0197	3.10105e-08
3.0198	2.95922e-08
3.0199	4.05418e-08
3.02	4.05581e-08
3.0201	2.98275e-08
3.0202	3.05622e-08
3.0203	3.09756e-08
3.0204	3.6544e-08
3.0205	3.10328e-08
3.0206	2.94205e-08
3.0207	3.17793e-08
3.0208	2.32181e-08
3.0209	3.04448e-08
3.021	3.2241e-08
3.0211	3.44345e-08
3.0212	3.5351e-08
3.0213	3.81875e-08
3.0214	3.37206e-08
3.0215	3.09828e-08
3.0216	3.31719e-08
3.0217	3.67029e-08
3.0218	3.49216e-08
3.0219	2.24551e-08
3.022	3.3363e-08
3.0221	4.15417e-08
3.0222	4.14026e-08
3.0223	3.7696e-08
3.0224	3.03982e-08
3.0225	3.3183e-08
3.0226	3.73796e-08
3.0227	3.94908e-08
3.0228	3.20312e-08
3.0229	2.41817e-08
3.023	3.01331e-08
3.0231	3.7833e-08
3.0232	2.57387e-08
3.0233	3.14069e-08
3.0234	3.73808e-08
3.0235	2.67259e-08
3.0236	3.24237e-08
3.0237	2.54232e-08
3.0238	3.6143e-08
3.0239	3.13408e-08
3.024	3.19087e-08
3.0241	3.78452e-08
3.0242	3.16692e-08
3.0243	3.16376e-08
3.0244	3.29231e-08
3.0245	2.90418e-08
3.0246	3.49869e-08
3.0247	3.09071e-08
3.0248	3.80879e-08
3.0249	2.5032e-08
3.025	4.11628e-08
3.0251	2.17028e-08
3.0252	2.60163e-08
3.0253	3.16971e-08
3.0254	4.15526e-08
3.0255	3.62712e-08
3.0256	3.2277e-08
3.0257	3.08057e-08
3.0258	2.73886e-08
3.0259	3.4884e-08
3.026	4.48956e-08
3.0261	4.29338e-08
3.0262	2.58104e-08
3.0263	3.0567e-08
3.0264	2.64041e-08
3.0265	2.65237e-08
3.0266	3.19388e-08
3.0267	3.16892e-08
3.0268	3.94374e-08
3.0269	3.27078e-08
3.027	3.61785e-08
3.0271	3.81955e-08
3.0272	4.11982e-08
3.0273	2.62784e-08
3.0274	2.96962e-08
3.0275	3.04985e-08
3.0276	2.85759e-08
3.0277	3.45258e-08
3.0278	3.32043e-08
3.0279	3.75658e-08
3.028	2.75212e-08
3.0281	3.77045e-08
3.0282	3.53341e-08
3.0283	2.86219e-08
3.0284	2.64096e-08
3.0285	3.19904e-08
3.0286	2.57597e-08
3.0287	2.31776e-08
3.0288	3.35257e-08
3.0289	3.74224e-08
3.029	4.09442e-08
3.0291	3.73773e-08
3.0292	3.0987e-08
3.0293	4.17032e-08
3.0294	3.88483e-08
3.0295	3.37986e-08
3.0296	3.64968e-08
3.0297	2.97097e-08
3.0298	3.40653e-08
3.0299	3.93641e-08
3.03	3.11287e-08
3.0301	2.92335e-08
3.0302	3.2676e-08
3.0303	3.59146e-08
3.0304	4.16457e-08
3.0305	2.76275e-08
3.0306	2.91329e-08
3.0307	3.50004e-08
3.0308	2.78149e-08
3.0309	2.06835e-08
3.031	2.30256e-08
3.0311	3.34093e-08
3.0312	3.51668e-08
3.0313	3.30647e-08
3.0314	2.9104e-08
3.0315	4.05576e-08
3.0316	3.1422e-08
3.0317	3.31786e-08
3.0318	2.63168e-08
3.0319	2.98422e-08
3.032	3.43643e-08
3.0321	3.37987e-08
3.0322	3.52531e-08
3.0323	2.18661e-08
3.0324	3.29857e-08
3.0325	3.25085e-08
3.0326	2.97547e-08
3.0327	2.36925e-08
3.0328	2.56971e-08
3.0329	3.30138e-08
3.033	2.85267e-08
3.0331	2.86889e-08
3.0332	2.56162e-08
3.0333	3.31307e-08
3.0334	2.46883e-08
3.0335	3.52307e-08
3.0336	3.59174e-08
3.0337	3.50899e-08
3.0338	3.28907e-08
3.0339	3.22154e-08
3.034	2.58626e-08
3.0341	2.73694e-08
3.0342	2.88948e-08
3.0343	3.04243e-08
3.0344	3.74192e-08
3.0345	3.75099e-08
3.0346	3.69283e-08
3.0347	3.71657e-08
3.0348	2.57622e-08
3.0349	2.36311e-08
3.035	2.34909e-08
3.0351	2.95697e-08
3.0352	2.11828e-08
3.0353	2.46521e-08
3.0354	1.95552e-08
3.0355	2.71296e-08
3.0356	2.85172e-08
3.0357	2.76195e-08
3.0358	2.42103e-08
3.0359	3.80371e-08
3.036	3.53662e-08
3.0361	3.292e-08
3.0362	3.54406e-08
3.0363	2.29959e-08
3.0364	2.83177e-08
3.0365	2.84659e-08
3.0366	2.97204e-08
3.0367	3.75747e-08
3.0368	2.93473e-08
3.0369	3.21721e-08
3.037	2.89814e-08
3.0371	2.57996e-08
3.0372	2.81869e-08
3.0373	3.22417e-08
3.0374	2.84254e-08
3.0375	2.4823e-08
3.0376	2.60637e-08
3.0377	2.99894e-08
3.0378	2.45073e-08
3.0379	3.33116e-08
3.038	2.91478e-08
3.0381	3.79988e-08
3.0382	3.30791e-08
3.0383	2.90236e-08
3.0384	3.63144e-08
3.0385	2.74171e-08
3.0386	2.54578e-08
3.0387	3.21454e-08
3.0388	4.02142e-08
3.0389	2.80825e-08
3.039	3.2799e-08
3.0391	3.12854e-08
3.0392	3.47707e-08
3.0393	3.09957e-08
3.0394	3.53022e-08
3.0395	2.90475e-08
3.0396	3.56079e-08
3.0397	2.63281e-08
3.0398	3.88507e-08
3.0399	2.84268e-08
3.04	4.03001e-08
3.0401	2.46961e-08
3.0402	2.86158e-08
3.0403	2.11741e-08
3.0404	3.04702e-08
3.0405	3.37729e-08
3.0406	4.44956e-08
3.0407	2.4476e-08
3.0408	3.37515e-08
3.0409	3.53735e-08
3.041	2.6159e-08
3.0411	4.00831e-08
3.0412	2.79444e-08
3.0413	2.55698e-08
3.0414	2.84459e-08
3.0415	2.66305e-08
3.0416	2.89503e-08
3.0417	3.71295e-08
3.0418	3.4048e-08
3.0419	3.45215e-08
3.042	3.79296e-08
3.0421	3.82257e-08
3.0422	3.32451e-08
3.0423	3.18383e-08
3.0424	3.19013e-08
3.0425	3.30438e-08
3.0426	2.41713e-08
3.0427	3.20423e-08
3.0428	3.50957e-08
3.0429	3.15851e-08
3.043	3.63268e-08
3.0431	2.95382e-08
3.0432	3.05002e-08
3.0433	3.33929e-08
3.0434	3.33127e-08
3.0435	3.16791e-08
3.0436	3.39941e-08
3.0437	3.05115e-08
3.0438	2.29607e-08
3.0439	2.11951e-08
3.044	3.70427e-08
3.0441	3.27304e-08
3.0442	3.26112e-08
3.0443	2.64788e-08
3.0444	4.10547e-08
3.0445	4.95795e-08
3.0446	3.71804e-08
3.0447	2.69448e-08
3.0448	4.01586e-08
3.0449	3.88565e-08
3.045	3.51735e-08
3.0451	3.54167e-08
3.0452	2.49609e-08
3.0453	3.37065e-08
3.0454	3.14275e-08
3.0455	2.2081e-08
3.0456	3.50402e-08
3.0457	3.44231e-08
3.0458	3.26786e-08
3.0459	2.05134e-08
3.046	2.08047e-08
3.0461	2.16573e-08
3.0462	3.42169e-08
3.0463	4.27116e-08
3.0464	2.93476e-08
3.0465	2.97394e-08
3.0466	3.5215e-08
3.0467	3.91098e-08
3.0468	2.46973e-08
3.0469	3.77366e-08
3.047	4.22907e-08
3.0471	4.08537e-08
3.0472	3.98311e-08
3.0473	3.83517e-08
3.0474	3.32948e-08
3.0475	2.51102e-08
3.0476	3.80102e-08
3.0477	3.5438e-08
3.0478	3.04291e-08
3.0479	2.70307e-08
3.048	2.23881e-08
3.0481	2.68148e-08
3.0482	2.95132e-08
3.0483	2.51427e-08
3.0484	3.02271e-08
3.0485	2.3124e-08
3.0486	2.28609e-08
3.0487	4.57341e-08
3.0488	4.65153e-08
3.0489	3.78234e-08
3.049	4.41721e-08
3.0491	4.45415e-08
3.0492	2.70813e-08
3.0493	3.49489e-08
3.0494	2.93422e-08
3.0495	3.47045e-08
3.0496	4.12644e-08
3.0497	3.66565e-08
3.0498	2.88328e-08
3.0499	3.3531e-08
3.05	3.92744e-08
3.0501	2.55698e-08
3.0502	2.82264e-08
3.0503	2.48935e-08
3.0504	2.48361e-08
3.0505	3.68949e-08
3.0506	2.29838e-08
3.0507	2.6463e-08
3.0508	2.53159e-08
3.0509	2.81796e-08
3.051	4.09257e-08
3.0511	3.40724e-08
3.0512	2.9385e-08
3.0513	3.67575e-08
3.0514	5.04992e-08
3.0515	3.98959e-08
3.0516	2.81496e-08
3.0517	4.42946e-08
3.0518	4.03276e-08
3.0519	2.89002e-08
3.052	2.65015e-08
3.0521	3.01227e-08
3.0522	2.62195e-08
3.0523	3.28055e-08
3.0524	3.02328e-08
3.0525	3.23453e-08
3.0526	4.23431e-08
3.0527	2.21919e-08
3.0528	2.85205e-08
3.0529	3.06064e-08
3.053	2.80032e-08
3.0531	2.57175e-08
3.0532	2.972e-08
3.0533	2.37717e-08
3.0534	4.03091e-08
3.0535	3.70578e-08
3.0536	3.76944e-08
3.0537	2.59108e-08
3.0538	3.7713e-08
3.0539	3.41678e-08
3.054	3.04709e-08
3.0541	3.07436e-08
3.0542	3.68624e-08
3.0543	3.80648e-08
3.0544	2.44935e-08
3.0545	2.68692e-08
3.0546	3.30311e-08
3.0547	3.02669e-08
3.0548	3.07386e-08
3.0549	2.34395e-08
3.055	3.63623e-08
3.0551	3.69155e-08
3.0552	3.67847e-08
3.0553	3.40659e-08
3.0554	3.43177e-08
3.0555	3.64799e-08
3.0556	2.81771e-08
3.0557	3.57324e-08
3.0558	3.22052e-08
3.0559	3.58995e-08
3.056	3.04108e-08
3.0561	3.80805e-08
3.0562	3.75348e-08
3.0563	2.83362e-08
3.0564	2.81316e-08
3.0565	2.42467e-08
3.0566	2.64455e-08
3.0567	3.01275e-08
3.0568	3.25345e-08
3.0569	3.82581e-08
3.057	3.49374e-08
3.0571	3.24987e-08
3.0572	2.87493e-08
3.0573	2.71877e-08
3.0574	3.89209e-08
3.0575	3.36316e-08
3.0576	2.28927e-08
3.0577	2.75145e-08
3.0578	3.96365e-08
3.0579	3.6089e-08
3.058	4.0706e-08
3.0581	2.76935e-08
3.0582	3.44522e-08
3.0583	3.81833e-08
3.0584	3.64412e-08
3.0585	3.38909e-08
3.0586	2.92733e-08
3.0587	2.6034e-08
3.0588	3.79558e-08
3.0589	2.49566e-08
3.059	2.8106e-08
3.0591	2.97402e-08
3.0592	2.8512e-08
3.0593	3.30709e-08
3.0594	3.14194e-08
3.0595	3.38639e-08
3.0596	3.10618e-08
3.0597	2.64854e-08
3.0598	2.96234e-08
3.0599	3.74971e-08
3.06	2.64513e-08
3.0601	3.20798e-08
3.0602	2.70359e-08
3.0603	2.99311e-08
3.0604	4.27489e-08
3.0605	3.54416e-08
3.0606	2.96389e-08
3.0607	3.60248e-08
3.0608	2.22391e-08
3.0609	2.87736e-08
3.061	2.9585e-08
3.0611	3.03255e-08
3.0612	3.23816e-08
3.0613	3.19768e-08
3.0614	3.90581e-08
3.0615	2.62479e-08
3.0616	3.0891e-08
3.0617	4.85183e-08
3.0618	3.6702e-08
3.0619	2.36934e-08
3.062	2.85367e-08
3.0621	2.36451e-08
3.0622	2.65143e-08
3.0623	3.37091e-08
3.0624	3.90075e-08
3.0625	2.74523e-08
3.0626	4.71593e-08
3.0627	3.15765e-08
3.0628	3.01402e-08
3.0629	4.60324e-08
3.063	4.00567e-08
3.0631	2.4603e-08
3.0632	2.93833e-08
3.0633	2.91127e-08
3.0634	3.21396e-08
3.0635	3.79198e-08
3.0636	2.78567e-08
3.0637	2.43809e-08
3.0638	3.29446e-08
3.0639	4.06008e-08
3.064	3.37962e-08
3.0641	3.64576e-08
3.0642	3.10703e-08
3.0643	3.26241e-08
3.0644	3.33974e-08
3.0645	4.14522e-08
3.0646	4.03851e-08
3.0647	3.89745e-08
3.0648	4.01168e-08
3.0649	4.02045e-08
3.065	3.99902e-08
3.0651	3.90254e-08
3.0652	2.64344e-08
3.0653	3.54822e-08
3.0654	3.43692e-08
3.0655	2.89524e-08
3.0656	3.70524e-08
3.0657	2.96137e-08
3.0658	3.28897e-08
3.0659	3.41409e-08
3.066	3.53964e-08
3.0661	4.05847e-08
3.0662	2.74215e-08
3.0663	2.75831e-08
3.0664	2.67302e-08
3.0665	3.02458e-08
3.0666	2.36571e-08
3.0667	2.73174e-08
3.0668	2.69907e-08
3.0669	3.13788e-08
3.067	3.66159e-08
3.0671	3.36609e-08
3.0672	3.91053e-08
3.0673	3.96385e-08
3.0674	2.75859e-08
3.0675	2.8433e-08
3.0676	2.84352e-08
3.0677	3.56694e-08
3.0678	3.30498e-08
3.0679	3.56929e-08
3.068	2.45099e-08
3.0681	3.40838e-08
3.0682	3.25249e-08
3.0683	2.31255e-08
3.0684	3.15353e-08
3.0685	2.93039e-08
3.0686	2.98288e-08
3.0687	3.05313e-08
3.0688	2.37757e-08
3.0689	2.57387e-08
3.069	4.03672e-08
3.0691	3.54083e-08
3.0692	2.58099e-08
3.0693	2.64819e-08
3.0694	3.34519e-08
3.0695	4.07517e-08
3.0696	3.13511e-08
3.0697	2.49488e-08
3.0698	2.9823e-08
3.0699	2.88071e-08
3.07	4.17993e-08
3.0701	3.06396e-08
3.0702	3.39958e-08
3.0703	3.06137e-08
3.0704	3.64597e-08
3.0705	2.12326e-08
3.0706	2.35956e-08
3.0707	2.15053e-08
3.0708	2.94482e-08
3.0709	2.23003e-08
3.071	2.42965e-08
3.0711	2.20723e-08
3.0712	3.22031e-08
3.0713	3.92085e-08
3.0714	2.11656e-08
3.0715	2.95135e-08
3.0716	3.43829e-08
3.0717	3.94436e-08
3.0718	4.13064e-08
3.0719	3.1675e-08
3.072	2.20207e-08
3.0721	2.96617e-08
3.0722	2.66397e-08
3.0723	3.20408e-08
3.0724	3.4468e-08
3.0725	2.91947e-08
3.0726	3.32768e-08
3.0727	3.60107e-08
3.0728	2.73536e-08
3.0729	2.43903e-08
3.073	3.98011e-08
3.0731	3.54276e-08
3.0732	2.30509e-08
3.0733	2.37243e-08
3.0734	3.57287e-08
3.0735	3.29902e-08
3.0736	2.29773e-08
3.0737	3.25388e-08
3.0738	3.83944e-08
3.0739	3.67657e-08
3.074	3.64072e-08
3.0741	3.19309e-08
3.0742	3.38742e-08
3.0743	3.41458e-08
3.0744	3.04079e-08
3.0745	3.12824e-08
3.0746	2.56691e-08
3.0747	2.72355e-08
3.0748	2.93134e-08
3.0749	4.02633e-08
3.075	2.92498e-08
3.0751	3.50061e-08
3.0752	2.78536e-08
3.0753	2.57949e-08
3.0754	2.3747e-08
3.0755	3.81712e-08
3.0756	3.82406e-08
3.0757	3.42073e-08
3.0758	2.40132e-08
3.0759	2.62079e-08
3.076	2.71565e-08
3.0761	3.91335e-08
3.0762	3.36752e-08
3.0763	4.25773e-08
3.0764	2.99149e-08
3.0765	2.87391e-08
3.0766	3.42466e-08
3.0767	2.48243e-08
3.0768	3.27625e-08
3.0769	3.13929e-08
3.077	2.62929e-08
3.0771	2.36892e-08
3.0772	3.01544e-08
3.0773	3.64929e-08
3.0774	3.40529e-08
3.0775	3.58242e-08
3.0776	3.06585e-08
3.0777	4.56471e-08
3.0778	3.66332e-08
3.0779	3.88594e-08
3.078	3.44055e-08
3.0781	3.02139e-08
3.0782	4.02578e-08
3.0783	2.61067e-08
3.0784	3.6485e-08
3.0785	3.8083e-08
3.0786	2.9065e-08
3.0787	2.52976e-08
3.0788	2.42871e-08
3.0789	2.80544e-08
3.079	3.10144e-08
3.0791	3.62102e-08
3.0792	3.61084e-08
3.0793	3.73384e-08
3.0794	2.73187e-08
3.0795	2.72984e-08
3.0796	2.33622e-08
3.0797	3.35969e-08
3.0798	2.97779e-08
3.0799	3.81944e-08
3.08	2.77399e-08
3.0801	3.59505e-08
3.0802	3.51964e-08
3.0803	4.23624e-08
3.0804	2.81651e-08
3.0805	4.11189e-08
3.0806	3.09613e-08
3.0807	3.261e-08
3.0808	3.68084e-08
3.0809	2.96549e-08
3.081	2.56135e-08
3.0811	3.37251e-08
3.0812	2.81939e-08
3.0813	2.80813e-08
3.0814	4.01362e-08
3.0815	2.754e-08
3.0816	2.10882e-08
3.0817	2.04385e-08
3.0818	2.59835e-08
3.0819	3.16519e-08
3.082	3.15369e-08
3.0821	3.40548e-08
3.0822	3.12241e-08
3.0823	4.4603e-08
3.0824	3.5999e-08
3.0825	3.36451e-08
3.0826	2.92304e-08
3.0827	4.17931e-08
3.0828	3.87111e-08
3.0829	3.5309e-08
3.083	4.09187e-08
3.0831	2.97934e-08
3.0832	2.88979e-08
3.0833	3.1976e-08
3.0834	2.90784e-08
3.0835	3.66002e-08
3.0836	2.43529e-08
3.0837	2.26949e-08
3.0838	3.02325e-08
3.0839	2.88084e-08
3.084	2.0154e-08
3.0841	2.87688e-08
3.0842	2.7179e-08
3.0843	2.79977e-08
3.0844	4.62532e-08
3.0845	4.61023e-08
3.0846	3.49495e-08
3.0847	4.16734e-08
3.0848	5.14971e-08
3.0849	3.06588e-08
3.085	4.01075e-08
3.0851	2.77534e-08
3.0852	3.14528e-08
3.0853	2.8948e-08
3.0854	3.73516e-08
3.0855	4.1617e-08
3.0856	3.24251e-08
3.0857	3.01832e-08
3.0858	2.60452e-08
3.0859	2.38576e-08
3.086	2.76377e-08
3.0861	2.45307e-08
3.0862	2.11478e-08
3.0863	2.08426e-08
3.0864	2.29915e-08
3.0865	3.17961e-08
3.0866	3.21288e-08
3.0867	3.58275e-08
3.0868	3.02589e-08
3.0869	4.18449e-08
3.087	4.49174e-08
3.0871	3.90787e-08
3.0872	4.45065e-08
3.0873	3.45413e-08
3.0874	3.20724e-08
3.0875	3.35301e-08
3.0876	3.85334e-08
3.0877	2.8626e-08
3.0878	2.74297e-08
3.0879	2.70418e-08
3.088	2.98583e-08
3.0881	2.85787e-08
3.0882	3.1055e-08
3.0883	3.21093e-08
3.0884	2.21272e-08
3.0885	2.78112e-08
3.0886	2.3928e-08
3.0887	3.06016e-08
3.0888	2.49041e-08
3.0889	3.27306e-08
3.089	3.0148e-08
3.0891	3.15937e-08
3.0892	4.37975e-08
3.0893	3.2456e-08
3.0894	2.81067e-08
3.0895	3.55465e-08
3.0896	3.08816e-08
3.0897	4.1164e-08
3.0898	2.51582e-08
3.0899	3.53582e-08
3.09	3.43162e-08
3.0901	3.41879e-08
3.0902	2.29172e-08
3.0903	3.20865e-08
3.0904	3.32691e-08
3.0905	3.07381e-08
3.0906	2.77361e-08
3.0907	3.58145e-08
3.0908	3.67874e-08
3.0909	3.39683e-08
3.091	3.62951e-08
3.0911	2.79199e-08
3.0912	3.9797e-08
3.0913	2.86502e-08
3.0914	4.51985e-08
3.0915	2.82812e-08
3.0916	3.1783e-08
3.0917	3.2715e-08
3.0918	2.72731e-08
3.0919	4.312e-08
3.092	3.6767e-08
3.0921	2.84274e-08
3.0922	3.16209e-08
3.0923	2.08189e-08
3.0924	3.14442e-08
3.0925	3.49995e-08
3.0926	3.7841e-08
3.0927	3.18031e-08
3.0928	3.38227e-08
3.0929	3.06498e-08
3.093	3.04895e-08
3.0931	3.74121e-08
3.0932	2.8427e-08
3.0933	2.31639e-08
3.0934	3.66907e-08
3.0935	3.87974e-08
3.0936	3.92511e-08
3.0937	3.67367e-08
3.0938	2.71474e-08
3.0939	3.16255e-08
3.094	4.28822e-08
3.0941	3.86602e-08
3.0942	3.02864e-08
3.0943	2.35691e-08
3.0944	2.85532e-08
3.0945	3.32486e-08
3.0946	2.97991e-08
3.0947	3.17031e-08
3.0948	3.54618e-08
3.0949	3.11524e-08
3.095	3.03726e-08
3.0951	2.80467e-08
3.0952	3.422e-08
3.0953	3.78636e-08
3.0954	2.482e-08
3.0955	3.0448e-08
3.0956	3.4393e-08
3.0957	2.63902e-08
3.0958	3.60161e-08
3.0959	2.68817e-08
3.096	2.99218e-08
3.0961	3.93895e-08
3.0962	3.45285e-08
3.0963	2.73613e-08
3.0964	3.79263e-08
3.0965	2.88882e-08
3.0966	3.24678e-08
3.0967	2.64564e-08
3.0968	3.6495e-08
3.0969	3.24897e-08
3.097	3.11993e-08
3.0971	3.67858e-08
3.0972	2.61083e-08
3.0973	2.81176e-08
3.0974	3.79878e-08
3.0975	4.02173e-08
3.0976	3.16571e-08
3.0977	2.88793e-08
3.0978	2.34232e-08
3.0979	2.60259e-08
3.098	3.36063e-08
3.0981	4.49764e-08
3.0982	3.96345e-08
3.0983	5.10568e-08
3.0984	3.54932e-08
3.0985	3.52664e-08
3.0986	4.0396e-08
3.0987	3.30044e-08
3.0988	2.24407e-08
3.0989	2.737e-08
3.099	3.14213e-08
3.0991	2.78848e-08
3.0992	4.12233e-08
3.0993	4.04167e-08
3.0994	2.81121e-08
3.0995	3.48565e-08
3.0996	4.49261e-08
3.0997	3.26188e-08
3.0998	2.72788e-08
3.0999	2.4787e-08
3.1	3.02811e-08
3.1001	2.75772e-08
3.1002	4.46833e-08
3.1003	4.30473e-08
3.1004	3.91952e-08
3.1005	3.40248e-08
3.1006	3.79668e-08
3.1007	3.88747e-08
3.1008	3.66518e-08
3.1009	2.04547e-08
3.101	3.73251e-08
3.1011	3.77775e-08
3.1012	3.376e-08
3.1013	4.62016e-08
3.1014	2.74164e-08
3.1015	3.21515e-08
3.1016	3.25303e-08
3.1017	3.48107e-08
3.1018	3.14558e-08
3.1019	2.65376e-08
3.102	2.81861e-08
3.1021	3.4648e-08
3.1022	2.68422e-08
3.1023	2.51722e-08
3.1024	2.57772e-08
3.1025	2.50814e-08
3.1026	3.48767e-08
3.1027	3.94932e-08
3.1028	4.16489e-08
3.1029	4.13456e-08
3.103	3.98459e-08
3.1031	3.05389e-08
3.1032	2.68407e-08
3.1033	2.8129e-08
3.1034	3.87443e-08
3.1035	3.4696e-08
3.1036	3.5945e-08
3.1037	2.58169e-08
3.1038	2.86539e-08
3.1039	3.97672e-08
3.104	2.16192e-08
3.1041	3.06523e-08
3.1042	2.58939e-08
3.1043	3.19657e-08
3.1044	2.92571e-08
3.1045	2.0864e-08
3.1046	2.64286e-08
3.1047	3.76834e-08
3.1048	4.01024e-08
3.1049	3.04941e-08
3.105	2.65624e-08
3.1051	3.24651e-08
3.1052	3.24548e-08
3.1053	3.1019e-08
3.1054	2.32211e-08
3.1055	3.12482e-08
3.1056	2.40334e-08
3.1057	3.60317e-08
3.1058	3.55337e-08
3.1059	3.85611e-08
3.106	4.22849e-08
3.1061	2.77649e-08
3.1062	2.55297e-08
3.1063	2.33765e-08
3.1064	2.15909e-08
3.1065	3.09754e-08
3.1066	2.64033e-08
3.1067	2.2137e-08
3.1068	2.16361e-08
3.1069	3.5085e-08
3.107	4.33778e-08
3.1071	1.83568e-08
3.1072	2.9754e-08
3.1073	3.96637e-08
3.1074	5.04907e-08
3.1075	4.5384e-08
3.1076	2.2219e-08
3.1077	2.62429e-08
3.1078	3.38346e-08
3.1079	2.66894e-08
3.108	2.74719e-08
3.1081	4.39849e-08
3.1082	2.54697e-08
3.1083	4.1622e-08
3.1084	3.40927e-08
3.1085	2.92889e-08
3.1086	3.13963e-08
3.1087	3.46101e-08
3.1088	3.12012e-08
3.1089	2.47245e-08
3.109	2.58545e-08
3.1091	3.39666e-08
3.1092	3.34522e-08
3.1093	2.30729e-08
3.1094	3.11958e-08
3.1095	3.43705e-08
3.1096	3.43245e-08
3.1097	3.8424e-08
3.1098	2.5869e-08
3.1099	3.0898e-08
3.11	3.27733e-08
3.1101	3.0155e-08
3.1102	3.55879e-08
3.1103	2.57893e-08
3.1104	2.69416e-08
3.1105	2.97283e-08
3.1106	3.08693e-08
3.1107	3.80609e-08
3.1108	3.62369e-08
3.1109	3.35053e-08
3.111	3.14997e-08
3.1111	3.08533e-08
3.1112	3.40647e-08
3.1113	3.12716e-08
3.1114	3.36014e-08
3.1115	2.47964e-08
3.1116	2.84119e-08
3.1117	2.98828e-08
3.1118	3.99089e-08
3.1119	3.31298e-08
3.112	3.83836e-08
3.1121	2.96732e-08
3.1122	2.99602e-08
3.1123	3.25581e-08
3.1124	2.96812e-08
3.1125	3.68588e-08
3.1126	2.83886e-08
3.1127	2.93367e-08
3.1128	2.52456e-08
3.1129	2.86058e-08
3.113	3.38159e-08
3.1131	4.36649e-08
3.1132	3.24251e-08
3.1133	3.89873e-08
3.1134	3.97683e-08
3.1135	3.77533e-08
3.1136	3.58584e-08
3.1137	3.84042e-08
3.1138	2.55054e-08
3.1139	3.28629e-08
3.114	3.27984e-08
3.1141	4.0089e-08
3.1142	3.85621e-08
3.1143	3.45884e-08
3.1144	2.8976e-08
3.1145	2.65527e-08
3.1146	2.90358e-08
3.1147	3.22896e-08
3.1148	3.69358e-08
3.1149	3.84403e-08
3.115	3.55604e-08
3.1151	2.46798e-08
3.1152	2.28617e-08
3.1153	2.44819e-08
3.1154	3.15332e-08
3.1155	3.01494e-08
3.1156	3.96177e-08
3.1157	3.03732e-08
3.1158	3.9456e-08
3.1159	3.84272e-08
3.116	3.74491e-08
3.1161	3.96245e-08
3.1162	3.39657e-08
3.1163	4.5383e-08
3.1164	3.21465e-08
3.1165	2.74298e-08
3.1166	2.29257e-08
3.1167	3.67569e-08
3.1168	2.83597e-08
3.1169	3.00639e-08
3.117	2.78876e-08
3.1171	3.88311e-08
3.1172	2.45962e-08
3.1173	1.9572e-08
3.1174	1.95919e-08
3.1175	2.5784e-08
3.1176	3.78346e-08
3.1177	2.82964e-08
3.1178	2.98902e-08
3.1179	3.30997e-08
3.118	4.47223e-08
3.1181	3.46472e-08
3.1182	4.09286e-08
3.1183	3.50949e-08
3.1184	4.55004e-08
3.1185	3.2315e-08
3.1186	4.02983e-08
3.1187	3.59405e-08
3.1188	2.72737e-08
3.1189	2.75058e-08
3.119	3.73664e-08
3.1191	3.12958e-08
3.1192	3.56587e-08
3.1193	2.17239e-08
3.1194	2.33559e-08
3.1195	2.54216e-08
3.1196	3.0639e-08
3.1197	2.52447e-08
3.1198	2.53079e-08
3.1199	2.72862e-08
3.12	3.78934e-08
3.1201	4.39854e-08
3.1202	4.08541e-08
3.1203	3.06688e-08
3.1204	3.7499e-08
3.1205	3.97284e-08
3.1206	3.62288e-08
3.1207	3.59172e-08
3.1208	3.73243e-08
3.1209	3.34467e-08
3.121	3.46385e-08
3.1211	4.3126e-08
3.1212	3.06446e-08
3.1213	4.06803e-08
3.1214	2.64882e-08
3.1215	2.58399e-08
3.1216	2.61967e-08
3.1217	2.6799e-08
3.1218	2.78316e-08
3.1219	2.57153e-08
3.122	1.8775e-08
3.1221	2.84199e-08
3.1222	2.33694e-08
3.1223	3.86389e-08
3.1224	3.37889e-08
3.1225	2.89749e-08
3.1226	3.3642e-08
3.1227	4.50517e-08
3.1228	4.08337e-08
3.1229	3.33596e-08
3.123	2.5918e-08
3.1231	3.28593e-08
3.1232	3.91333e-08
3.1233	2.88173e-08
3.1234	3.05459e-08
3.1235	2.81538e-08
3.1236	2.34038e-08
3.1237	2.77978e-08
3.1238	2.65505e-08
3.1239	3.91009e-08
3.124	2.39974e-08
3.1241	2.56291e-08
3.1242	3.43064e-08
3.1243	2.25492e-08
3.1244	3.19444e-08
3.1245	3.51684e-08
3.1246	3.07108e-08
3.1247	3.33962e-08
3.1248	3.33006e-08
3.1249	4.41737e-08
3.125	3.53472e-08
3.1251	3.96607e-08
3.1252	2.99618e-08
3.1253	3.66907e-08
3.1254	3.88133e-08
3.1255	3.16926e-08
3.1256	3.62387e-08
3.1257	3.38166e-08
3.1258	2.75705e-08
3.1259	2.61091e-08
3.126	3.05948e-08
3.1261	3.00426e-08
3.1262	3.44037e-08
3.1263	2.74402e-08
3.1264	3.14098e-08
3.1265	3.44794e-08
3.1266	3.32438e-08
3.1267	3.50751e-08
3.1268	3.32273e-08
3.1269	3.73024e-08
3.127	4.12469e-08
3.1271	2.75731e-08
3.1272	3.6009e-08
3.1273	2.79608e-08
3.1274	3.60215e-08
3.1275	3.71309e-08
3.1276	4.25377e-08
3.1277	3.55669e-08
3.1278	2.95495e-08
3.1279	3.90225e-08
3.128	2.31133e-08
3.1281	3.53089e-08
3.1282	4.19542e-08
3.1283	3.66546e-08
3.1284	3.25168e-08
3.1285	3.12083e-08
3.1286	3.86857e-08
3.1287	3.33414e-08
3.1288	2.70228e-08
3.1289	2.76921e-08
3.129	2.60649e-08
3.1291	2.47398e-08
3.1292	4.04106e-08
3.1293	3.59275e-08
3.1294	2.88998e-08
3.1295	2.80213e-08
3.1296	3.50193e-08
3.1297	3.94439e-08
3.1298	4.31019e-08
3.1299	2.91936e-08
3.13	2.95339e-08
3.1301	2.69665e-08
3.1302	3.66455e-08
3.1303	3.31615e-08
3.1304	2.94377e-08
3.1305	2.85206e-08
3.1306	3.46619e-08
3.1307	2.8242e-08
3.1308	3.09703e-08
3.1309	3.69125e-08
3.131	3.15424e-08
3.1311	2.77875e-08
3.1312	3.51802e-08
3.1313	2.66418e-08
3.1314	2.7991e-08
3.1315	2.84502e-08
3.1316	2.84622e-08
3.1317	2.91852e-08
3.1318	4.00835e-08
3.1319	2.72948e-08
3.132	3.5019e-08
3.1321	3.25108e-08
3.1322	2.90755e-08
3.1323	3.11481e-08
3.1324	3.05726e-08
3.1325	3.43107e-08
3.1326	3.66994e-08
3.1327	4.01788e-08
3.1328	3.44183e-08
3.1329	2.62762e-08
3.133	3.44555e-08
3.1331	4.6608e-08
3.1332	2.99741e-08
3.1333	3.62045e-08
3.1334	2.79965e-08
3.1335	2.38197e-08
3.1336	2.64144e-08
3.1337	3.90302e-08
3.1338	3.8412e-08
3.1339	3.43475e-08
3.134	3.48294e-08
3.1341	3.7594e-08
3.1342	3.03843e-08
3.1343	3.77583e-08
3.1344	3.59064e-08
3.1345	2.68448e-08
3.1346	2.76448e-08
3.1347	3.51498e-08
3.1348	3.3944e-08
3.1349	3.80049e-08
3.135	3.51266e-08
3.1351	3.20181e-08
3.1352	2.91432e-08
3.1353	4.06617e-08
3.1354	3.2197e-08
3.1355	3.69561e-08
3.1356	2.33565e-08
3.1357	2.82733e-08
3.1358	4.14085e-08
3.1359	3.68792e-08
3.136	4.56266e-08
3.1361	4.41578e-08
3.1362	3.92726e-08
3.1363	4.11897e-08
3.1364	3.81607e-08
3.1365	4.00636e-08
3.1366	2.55487e-08
3.1367	2.85203e-08
3.1368	3.67266e-08
3.1369	3.1818e-08
3.137	3.9468e-08
3.1371	2.93796e-08
3.1372	3.09664e-08
3.1373	4.04684e-08
3.1374	4.01769e-08
3.1375	2.43583e-08
3.1376	2.84229e-08
3.1377	2.89265e-08
3.1378	2.93102e-08
3.1379	2.00093e-08
3.138	2.14607e-08
3.1381	3.14389e-08
3.1382	3.52237e-08
3.1383	3.29229e-08
3.1384	3.38733e-08
3.1385	4.19836e-08
3.1386	3.51569e-08
3.1387	4.16901e-08
3.1388	2.45522e-08
3.1389	2.93146e-08
3.139	3.37999e-08
3.1391	2.63202e-08
3.1392	3.10249e-08
3.1393	3.51692e-08
3.1394	3.12985e-08
3.1395	2.58405e-08
3.1396	3.55212e-08
3.1397	2.39312e-08
3.1398	3.70663e-08
3.1399	2.79295e-08
3.14	3.23115e-08
3.1401	2.79416e-08
3.1402	2.34579e-08
3.1403	3.00968e-08
3.1404	2.46576e-08
3.1405	3.25812e-08
3.1406	3.19962e-08
3.1407	2.61501e-08
3.1408	3.49803e-08
3.1409	3.32101e-08
3.141	3.09661e-08
3.1411	2.26336e-08
3.1412	2.88136e-08
3.1413	2.70408e-08
3.1414	3.82737e-08
3.1415	3.41025e-08
3.1416	2.95981e-08
3.1417	3.80577e-08
3.1418	2.72931e-08
3.1419	2.33528e-08
3.142	2.34861e-08
3.1421	2.104e-08
3.1422	2.8592e-08
3.1423	2.83793e-08
3.1424	2.04085e-08
3.1425	2.63434e-08
3.1426	2.52039e-08
3.1427	3.52186e-08
3.1428	2.33483e-08
3.1429	2.99542e-08
3.143	3.84428e-08
3.1431	4.98661e-08
3.1432	3.15658e-08
3.1433	2.76088e-08
3.1434	2.65318e-08
3.1435	2.43471e-08
3.1436	2.77603e-08
3.1437	2.76553e-08
3.1438	3.18225e-08
3.1439	2.7812e-08
3.144	3.40609e-08
3.1441	3.35957e-08
3.1442	2.34833e-08
3.1443	3.65592e-08
3.1444	2.97139e-08
3.1445	2.64018e-08
3.1446	2.7731e-08
3.1447	3.035e-08
3.1448	2.30082e-08
3.1449	3.27584e-08
3.145	2.77949e-08
3.1451	2.79034e-08
3.1452	3.24148e-08
3.1453	3.98926e-08
3.1454	4.38398e-08
3.1455	2.60145e-08
3.1456	2.81225e-08
3.1457	2.98466e-08
3.1458	3.07624e-08
3.1459	3.45205e-08
3.146	2.37515e-08
3.1461	2.93587e-08
3.1462	3.31878e-08
3.1463	3.65642e-08
3.1464	3.56512e-08
3.1465	3.17964e-08
3.1466	2.27734e-08
3.1467	2.47465e-08
3.1468	4.20375e-08
3.1469	3.89576e-08
3.147	3.2939e-08
3.1471	2.49541e-08
3.1472	2.89122e-08
3.1473	2.35594e-08
3.1474	3.53913e-08
3.1475	3.65444e-08
3.1476	4.1968e-08
3.1477	3.37632e-08
3.1478	3.43254e-08
3.1479	3.64096e-08
3.148	2.91576e-08
3.1481	3.31073e-08
3.1482	3.09591e-08
3.1483	2.91587e-08
3.1484	2.76563e-08
3.1485	2.7113e-08
3.1486	3.08107e-08
3.1487	4.15994e-08
3.1488	3.86061e-08
3.1489	3.59153e-08
3.149	4.2697e-08
3.1491	3.63623e-08
3.1492	3.81368e-08
3.1493	2.8062e-08
3.1494	3.08377e-08
3.1495	3.68448e-08
3.1496	3.15842e-08
3.1497	3.59039e-08
3.1498	3.57931e-08
3.1499	4.01594e-08
3.15	2.74757e-08
3.1501	2.96668e-08
3.1502	2.56016e-08
3.1503	2.87668e-08
3.1504	3.74977e-08
3.1505	3.45052e-08
3.1506	4.28067e-08
3.1507	2.73194e-08
3.1508	2.62164e-08
3.1509	2.26446e-08
3.151	2.74699e-08
3.1511	3.12148e-08
3.1512	3.94089e-08
3.1513	3.14495e-08
3.1514	3.62335e-08
3.1515	3.90156e-08
3.1516	4.82431e-08
3.1517	2.70518e-08
3.1518	3.07078e-08
3.1519	3.75458e-08
3.152	3.98917e-08
3.1521	4.96144e-08
3.1522	2.59695e-08
3.1523	3.4186e-08
3.1524	2.92758e-08
3.1525	2.78638e-08
3.1526	3.31935e-08
3.1527	3.8912e-08
3.1528	3.10521e-08
3.1529	2.30317e-08
3.153	2.0899e-08
3.1531	2.2739e-08
3.1532	3.26921e-08
3.1533	3.3242e-08
3.1534	3.19404e-08
3.1535	3.12703e-08
3.1536	3.14554e-08
3.1537	4.75303e-08
3.1538	3.3662e-08
3.1539	3.07659e-08
3.154	2.75705e-08
3.1541	3.99625e-08
3.1542	4.68558e-08
3.1543	3.37583e-08
3.1544	3.98015e-08
3.1545	2.12892e-08
3.1546	3.35474e-08
3.1547	4.07533e-08
3.1548	3.77997e-08
3.1549	2.77613e-08
3.155	2.02188e-08
3.1551	2.49276e-08
3.1552	2.48881e-08
3.1553	2.57106e-08
3.1554	3.34239e-08
3.1555	2.11338e-08
3.1556	2.39081e-08
3.1557	3.12094e-08
3.1558	4.38481e-08
3.1559	4.27987e-08
3.156	3.29097e-08
3.1561	3.90555e-08
3.1562	2.65933e-08
3.1563	3.85533e-08
3.1564	3.39458e-08
3.1565	3.36623e-08
3.1566	4.55029e-08
3.1567	2.80491e-08
3.1568	3.37428e-08
3.1569	3.71496e-08
3.157	3.35812e-08
3.1571	2.78546e-08
3.1572	2.49761e-08
3.1573	2.47803e-08
3.1574	2.92961e-08
3.1575	3.12868e-08
3.1576	2.59904e-08
3.1577	1.94061e-08
3.1578	2.59094e-08
3.1579	3.92127e-08
3.158	3.21008e-08
3.1581	3.80228e-08
3.1582	2.88154e-08
3.1583	5.3084e-08
3.1584	4.53678e-08
3.1585	4.11135e-08
3.1586	3.6782e-08
3.1587	3.07932e-08
3.1588	3.21228e-08
3.1589	3.49781e-08
3.159	2.67422e-08
3.1591	3.23491e-08
3.1592	2.76265e-08
3.1593	2.54036e-08
3.1594	2.82724e-08
3.1595	3.34941e-08
3.1596	2.98809e-08
3.1597	2.75525e-08
3.1598	2.48835e-08
3.1599	3.40779e-08
3.16	2.15729e-08
3.1601	2.58242e-08
3.1602	3.40723e-08
3.1603	2.67407e-08
3.1604	4.28442e-08
3.1605	3.27431e-08
3.1606	3.40423e-08
3.1607	2.94024e-08
3.1608	3.43243e-08
3.1609	3.10443e-08
3.161	2.9395e-08
3.1611	3.17027e-08
3.1612	4.47098e-08
3.1613	4.22682e-08
3.1614	3.66641e-08
3.1615	2.13947e-08
3.1616	2.63103e-08
3.1617	3.25411e-08
3.1618	3.77799e-08
3.1619	2.66551e-08
3.162	3.47221e-08
3.1621	3.82674e-08
3.1622	3.26678e-08
3.1623	3.45879e-08
3.1624	3.37026e-08
3.1625	3.21399e-08
3.1626	3.56614e-08
3.1627	3.67645e-08
3.1628	3.06366e-08
3.1629	4.36673e-08
3.163	3.0253e-08
3.1631	3.68461e-08
3.1632	4.44781e-08
3.1633	3.13587e-08
3.1634	2.74813e-08
3.1635	2.89838e-08
3.1636	3.45173e-08
3.1637	3.52543e-08
3.1638	2.47162e-08
3.1639	3.95187e-08
3.164	3.45284e-08
3.1641	2.64555e-08
3.1642	3.08292e-08
3.1643	3.0841e-08
3.1644	4.3923e-08
3.1645	3.69391e-08
3.1646	2.41743e-08
3.1647	3.29656e-08
3.1648	4.24911e-08
3.1649	3.8246e-08
3.165	4.48692e-08
3.1651	3.61892e-08
3.1652	3.32265e-08
3.1653	3.85363e-08
3.1654	3.37252e-08
3.1655	4.60863e-08
3.1656	2.27615e-08
3.1657	2.74867e-08
3.1658	3.2655e-08
3.1659	2.78699e-08
3.166	3.27561e-08
3.1661	3.55069e-08
3.1662	2.6364e-08
3.1663	3.35104e-08
3.1664	3.31762e-08
3.1665	3.07609e-08
3.1666	3.33359e-08
3.1667	2.92749e-08
3.1668	3.09723e-08
3.1669	3.45497e-08
3.167	3.40263e-08
3.1671	3.41549e-08
3.1672	4.05792e-08
3.1673	3.32149e-08
3.1674	4.15088e-08
3.1675	4.05921e-08
3.1676	3.40106e-08
3.1677	4.71386e-08
3.1678	2.68605e-08
3.1679	2.74071e-08
3.168	3.7134e-08
3.1681	4.50378e-08
3.1682	3.53223e-08
3.1683	3.72362e-08
3.1684	3.8193e-08
3.1685	3.14738e-08
3.1686	3.15331e-08
3.1687	4.34459e-08
3.1688	4.45517e-08
3.1689	3.08003e-08
3.169	3.45445e-08
3.1691	2.19155e-08
3.1692	2.5241e-08
3.1693	3.12827e-08
3.1694	4.33489e-08
3.1695	3.07605e-08
3.1696	4.60261e-08
3.1697	3.6644e-08
3.1698	4.7369e-08
3.1699	4.55559e-08
3.17	3.56696e-08
3.1701	2.17751e-08
3.1702	2.57099e-08
3.1703	2.51442e-08
3.1704	3.26916e-08
3.1705	3.82246e-08
3.1706	4.0765e-08
3.1707	3.06621e-08
3.1708	3.61257e-08
3.1709	4.33768e-08
3.171	2.80728e-08
3.1711	3.02156e-08
3.1712	2.80616e-08
3.1713	3.08235e-08
3.1714	2.81957e-08
3.1715	3.80916e-08
3.1716	4.03154e-08
3.1717	3.36695e-08
3.1718	3.62909e-08
3.1719	4.80324e-08
3.172	3.01932e-08
3.1721	3.48306e-08
3.1722	3.67024e-08
3.1723	3.53704e-08
3.1724	3.21282e-08
3.1725	3.18016e-08
3.1726	3.77806e-08
3.1727	3.29622e-08
3.1728	3.85335e-08
3.1729	3.41585e-08
3.173	2.95133e-08
3.1731	3.409e-08
3.1732	2.7435e-08
3.1733	2.94636e-08
3.1734	3.09783e-08
3.1735	3.02547e-08
3.1736	2.53301e-08
3.1737	2.16642e-08
3.1738	2.97793e-08
3.1739	2.83968e-08
3.174	3.03203e-08
3.1741	3.74265e-08
3.1742	3.12061e-08
3.1743	3.70581e-08
3.1744	3.66763e-08
3.1745	2.73514e-08
3.1746	2.92148e-08
3.1747	3.06147e-08
3.1748	2.20027e-08
3.1749	2.90127e-08
3.175	2.68067e-08
3.1751	3.34764e-08
3.1752	3.74132e-08
3.1753	3.11499e-08
3.1754	3.13463e-08
3.1755	3.36572e-08
3.1756	2.95815e-08
3.1757	3.31659e-08
3.1758	2.32713e-08
3.1759	2.74247e-08
3.176	3.53902e-08
3.1761	3.4296e-08
3.1762	2.58522e-08
3.1763	3.29731e-08
3.1764	4.04939e-08
3.1765	3.41524e-08
3.1766	3.74625e-08
3.1767	2.37232e-08
3.1768	3.0427e-08
3.1769	2.67834e-08
3.177	3.45078e-08
3.1771	2.80584e-08
3.1772	3.55658e-08
3.1773	4.09033e-08
3.1774	2.71394e-08
3.1775	2.30314e-08
3.1776	1.95682e-08
3.1777	2.39903e-08
3.1778	2.75872e-08
3.1779	2.74838e-08
3.178	2.55421e-08
3.1781	2.05613e-08
3.1782	3.10488e-08
3.1783	3.73093e-08
3.1784	2.16726e-08
3.1785	2.33113e-08
3.1786	3.77792e-08
3.1787	4.44209e-08
3.1788	4.64461e-08
3.1789	3.0169e-08
3.179	2.02316e-08
3.1791	3.00491e-08
3.1792	3.39083e-08
3.1793	3.00748e-08
3.1794	3.56451e-08
3.1795	2.88507e-08
3.1796	3.60745e-08
3.1797	3.61162e-08
3.1798	2.97035e-08
3.1799	3.27187e-08
3.18	3.50579e-08
3.1801	2.74168e-08
3.1802	2.91922e-08
3.1803	2.61968e-08
3.1804	3.42382e-08
3.1805	3.41494e-08
3.1806	2.11668e-08
3.1807	3.56785e-08
3.1808	3.50353e-08
3.1809	4.13327e-08
3.181	4.2593e-08
3.1811	4.12307e-08
3.1812	3.03938e-08
3.1813	2.32833e-08
3.1814	2.98137e-08
3.1815	3.2098e-08
3.1816	2.66695e-08
3.1817	2.99871e-08
3.1818	3.64036e-08
3.1819	4.01428e-08
3.182	3.86026e-08
3.1821	3.22881e-08
3.1822	3.6814e-08
3.1823	3.33351e-08
3.1824	3.08538e-08
3.1825	3.15545e-08
3.1826	2.8122e-08
3.1827	3.68944e-08
3.1828	2.7627e-08
3.1829	2.56717e-08
3.183	2.39385e-08
3.1831	2.84181e-08
3.1832	2.50376e-08
3.1833	4.83391e-08
3.1834	2.7776e-08
3.1835	2.55397e-08
3.1836	3.88965e-08
3.1837	2.82043e-08
3.1838	3.47961e-08
3.1839	3.10965e-08
3.184	3.11596e-08
3.1841	2.66579e-08
3.1842	2.90452e-08
3.1843	3.15326e-08
3.1844	4.30346e-08
3.1845	3.15979e-08
3.1846	2.98236e-08
3.1847	4.7174e-08
3.1848	4.39308e-08
3.1849	3.15152e-08
3.185	3.92762e-08
3.1851	3.41388e-08
3.1852	4.05787e-08
3.1853	2.75013e-08
3.1854	3.78893e-08
3.1855	4.00124e-08
3.1856	3.37814e-08
3.1857	3.11049e-08
3.1858	2.76935e-08
3.1859	2.7718e-08
3.186	2.58017e-08
3.1861	4.02699e-08
3.1862	3.25912e-08
3.1863	3.6199e-08
3.1864	2.89055e-08
3.1865	2.06222e-08
3.1866	2.48466e-08
3.1867	3.42343e-08
3.1868	2.77008e-08
3.1869	3.80215e-08
3.187	3.52589e-08
3.1871	3.67071e-08
3.1872	4.16349e-08
3.1873	3.95287e-08
3.1874	2.6454e-08
3.1875	4.07178e-08
3.1876	4.46151e-08
3.1877	3.3849e-08
3.1878	3.24742e-08
3.1879	2.77289e-08
3.188	2.70935e-08
3.1881	2.3993e-08
3.1882	2.91555e-08
3.1883	2.76492e-08
3.1884	3.54597e-08
3.1885	2.59339e-08
3.1886	3.27486e-08
3.1887	2.57966e-08
3.1888	2.33913e-08
3.1889	3.5003e-08
3.189	3.86445e-08
3.1891	3.42683e-08
3.1892	3.12746e-08
3.1893	3.9854e-08
3.1894	4.05927e-08
3.1895	3.60276e-08
3.1896	3.08086e-08
3.1897	4.24241e-08
3.1898	3.62351e-08
3.1899	3.38205e-08
3.19	4.76011e-08
3.1901	2.80985e-08
3.1902	2.55476e-08
3.1903	3.13091e-08
3.1904	3.72536e-08
3.1905	2.76551e-08
3.1906	2.8422e-08
3.1907	2.48979e-08
3.1908	2.75539e-08
3.1909	3.3634e-08
3.191	2.88268e-08
3.1911	2.8377e-08
3.1912	2.22467e-08
3.1913	3.89457e-08
3.1914	4.88184e-08
3.1915	3.67319e-08
3.1916	2.65063e-08
3.1917	3.81391e-08
3.1918	3.63483e-08
3.1919	3.46228e-08
3.192	3.96477e-08
3.1921	4.44287e-08
3.1922	2.82285e-08
3.1923	3.08881e-08
3.1924	4.37526e-08
3.1925	3.02446e-08
3.1926	3.14207e-08
3.1927	3.28123e-08
3.1928	2.66742e-08
3.1929	3.085e-08
3.193	3.1311e-08
3.1931	3.03621e-08
3.1932	2.64317e-08
3.1933	1.83241e-08
3.1934	1.94522e-08
3.1935	2.76212e-08
3.1936	3.1946e-08
3.1937	3.18061e-08
3.1938	2.81117e-08
3.1939	3.17506e-08
3.194	4.65782e-08
3.1941	4.44619e-08
3.1942	4.3259e-08
3.1943	3.16318e-08
3.1944	3.71935e-08
3.1945	3.3472e-08
3.1946	3.088e-08
3.1947	3.05191e-08
3.1948	2.38816e-08
3.1949	2.37236e-08
3.195	3.02307e-08
3.1951	2.58783e-08
3.1952	3.10338e-08
3.1953	2.60021e-08
3.1954	2.61047e-08
3.1955	3.0495e-08
3.1956	2.48198e-08
3.1957	3.0945e-08
3.1958	3.55168e-08
3.1959	2.84343e-08
3.196	2.97555e-08
3.1961	3.31383e-08
3.1962	3.36913e-08
3.1963	2.3484e-08
3.1964	3.35859e-08
3.1965	3.52297e-08
3.1966	3.28709e-08
3.1967	3.41178e-08
3.1968	3.63549e-08
3.1969	3.80843e-08
3.197	3.58948e-08
3.1971	2.27662e-08
3.1972	2.67443e-08
3.1973	3.15084e-08
3.1974	3.23705e-08
3.1975	3.17848e-08
3.1976	2.79936e-08
3.1977	3.103e-08
3.1978	2.83596e-08
3.1979	3.41215e-08
3.198	3.53557e-08
3.1981	2.89792e-08
3.1982	3.85561e-08
3.1983	4.47851e-08
3.1984	2.93086e-08
3.1985	2.39663e-08
3.1986	3.68887e-08
3.1987	2.42178e-08
3.1988	3.32042e-08
3.1989	3.19119e-08
3.199	3.20207e-08
3.1991	2.72273e-08
3.1992	3.90106e-08
3.1993	2.17808e-08
3.1994	3.18662e-08
3.1995	4.24879e-08
3.1996	3.76511e-08
3.1997	2.6237e-08
3.1998	3.54243e-08
3.1999	3.54605e-08
3.2	3.77241e-08
3.2001	2.59023e-08
3.2002	2.76934e-08
3.2003	2.45089e-08
3.2004	2.35426e-08
3.2005	3.8258e-08
3.2006	3.89905e-08
3.2007	2.90288e-08
3.2008	3.12067e-08
3.2009	2.62219e-08
3.201	3.44233e-08
3.2011	4.23642e-08
3.2012	3.82772e-08
3.2013	2.71077e-08
3.2014	2.75453e-08
3.2015	3.7081e-08
3.2016	2.94994e-08
3.2017	3.55187e-08
3.2018	2.81561e-08
3.2019	2.75516e-08
3.202	3.16182e-08
3.2021	2.91831e-08
3.2022	3.60539e-08
3.2023	3.33604e-08
3.2024	2.39598e-08
3.2025	3.26312e-08
3.2026	2.743e-08
3.2027	2.62025e-08
3.2028	3.22813e-08
3.2029	3.11617e-08
3.203	2.73474e-08
3.2031	3.43588e-08
3.2032	3.52784e-08
3.2033	2.70278e-08
3.2034	3.97376e-08
3.2035	2.33109e-08
3.2036	3.05352e-08
3.2037	3.21835e-08
3.2038	2.92277e-08
3.2039	3.43976e-08
3.204	3.34015e-08
3.2041	3.55765e-08
3.2042	2.97071e-08
3.2043	2.96276e-08
3.2044	3.76472e-08
3.2045	2.9327e-08
3.2046	3.5743e-08
3.2047	2.63151e-08
3.2048	2.20793e-08
3.2049	2.88202e-08
3.205	3.43241e-08
3.2051	4.34092e-08
3.2052	3.85524e-08
3.2053	4.31466e-08
3.2054	3.5086e-08
3.2055	3.34659e-08
3.2056	4.38049e-08
3.2057	3.24539e-08
3.2058	2.37278e-08
3.2059	3.00019e-08
3.206	3.22246e-08
3.2061	2.65021e-08
3.2062	4.21721e-08
3.2063	3.57004e-08
3.2064	3.10577e-08
3.2065	2.6662e-08
3.2066	4.00444e-08
3.2067	3.30139e-08
3.2068	3.60573e-08
3.2069	2.52726e-08
3.207	2.42525e-08
3.2071	3.62387e-08
3.2072	3.46961e-08
3.2073	4.4532e-08
3.2074	4.40015e-08
3.2075	3.94878e-08
3.2076	3.75807e-08
3.2077	3.80196e-08
3.2078	4.21395e-08
3.2079	2.8067e-08
3.208	3.02108e-08
3.2081	3.65987e-08
3.2082	2.75688e-08
3.2083	4.99438e-08
3.2084	2.96635e-08
3.2085	2.99704e-08
3.2086	4.30497e-08
3.2087	4.22581e-08
3.2088	2.60369e-08
3.2089	2.72969e-08
3.209	2.68209e-08
3.2091	2.34858e-08
3.2092	3.05709e-08
3.2093	1.94982e-08
3.2094	2.72372e-08
3.2095	2.70746e-08
3.2096	2.88584e-08
3.2097	3.38611e-08
3.2098	3.49579e-08
3.2099	4.10759e-08
3.21	3.17398e-08
3.2101	2.593e-08
3.2102	2.80636e-08
3.2103	2.85746e-08
3.2104	4.22805e-08
3.2105	3.16727e-08
3.2106	3.32266e-08
3.2107	3.15507e-08
3.2108	2.80236e-08
3.2109	3.82715e-08
3.211	2.41793e-08
3.2111	3.03639e-08
3.2112	2.73627e-08
3.2113	3.57503e-08
3.2114	2.74772e-08
3.2115	2.64956e-08
3.2116	2.58978e-08
3.2117	3.11377e-08
3.2118	3.43857e-08
3.2119	2.89106e-08
3.212	2.69304e-08
3.2121	3.702e-08
3.2122	3.29611e-08
3.2123	3.12113e-08
3.2124	2.90547e-08
3.2125	3.2115e-08
3.2126	2.82364e-08
3.2127	3.65117e-08
3.2128	3.53021e-08
3.2129	2.9412e-08
3.213	3.8384e-08
3.2131	3.16667e-08
3.2132	2.16757e-08
3.2133	2.33154e-08
3.2134	2.54409e-08
3.2135	2.9986e-08
3.2136	3.01353e-08
3.2137	2.1806e-08
3.2138	2.32617e-08
3.2139	3.2774e-08
3.214	3.90062e-08
3.2141	2.23567e-08
3.2142	3.1085e-08
3.2143	3.96331e-08
3.2144	4.28996e-08
3.2145	4.66273e-08
3.2146	2.61992e-08
3.2147	2.28812e-08
3.2148	3.09691e-08
3.2149	2.90216e-08
3.215	3.12289e-08
3.2151	3.57623e-08
3.2152	2.69084e-08
3.2153	3.72829e-08
3.2154	2.89398e-08
3.2155	1.95473e-08
3.2156	2.55579e-08
3.2157	4.09582e-08
3.2158	2.45654e-08
3.2159	2.83197e-08
3.216	2.52284e-08
3.2161	3.33262e-08
3.2162	3.23436e-08
3.2163	2.2658e-08
3.2164	2.8866e-08
3.2165	2.65168e-08
3.2166	3.9315e-08
3.2167	3.94354e-08
3.2168	2.68968e-08
3.2169	2.79296e-08
3.217	3.81309e-08
3.2171	3.51232e-08
3.2172	3.13151e-08
3.2173	2.30617e-08
3.2174	3.18122e-08
3.2175	3.80123e-08
3.2176	3.52664e-08
3.2177	3.4027e-08
3.2178	2.64772e-08
3.2179	3.0635e-08
3.218	2.3712e-08
3.2181	3.03144e-08
3.2182	3.85392e-08
3.2183	3.46559e-08
3.2184	3.74326e-08
3.2185	2.51169e-08
3.2186	2.39206e-08
3.2187	2.84492e-08
3.2188	4.23829e-08
3.2189	3.71764e-08
3.219	3.44757e-08
3.2191	3.45339e-08
3.2192	3.75889e-08
3.2193	2.72152e-08
3.2194	2.72018e-08
3.2195	3.70279e-08
3.2196	2.70253e-08
3.2197	2.76985e-08
3.2198	2.80885e-08
3.2199	3.02168e-08
3.22	2.60241e-08
3.2201	3.0233e-08
3.2202	3.63466e-08
3.2203	4.05038e-08
3.2204	3.93345e-08
3.2205	2.97068e-08
3.2206	3.68413e-08
3.2207	3.92451e-08
3.2208	3.81659e-08
3.2209	2.73032e-08
3.221	3.51463e-08
3.2211	4.07651e-08
3.2212	4.21666e-08
3.2213	2.65967e-08
3.2214	2.71155e-08
3.2215	2.95191e-08
3.2216	2.43638e-08
3.2217	3.34296e-08
3.2218	3.35761e-08
3.2219	3.3585e-08
3.222	3.70014e-08
3.2221	3.057e-08
3.2222	2.15995e-08
3.2223	3.01845e-08
3.2224	3.36413e-08
3.2225	3.24439e-08
3.2226	3.62967e-08
3.2227	2.70697e-08
3.2228	4.598e-08
3.2229	4.04608e-08
3.223	3.35573e-08
3.2231	3.11615e-08
3.2232	3.60067e-08
3.2233	5.23932e-08
3.2234	4.0052e-08
3.2235	2.56899e-08
3.2236	2.48108e-08
3.2237	3.49932e-08
3.2238	3.00197e-08
3.2239	3.00707e-08
3.224	3.50306e-08
3.2241	2.91295e-08
3.2242	3.01349e-08
3.2243	2.16633e-08
3.2244	2.11735e-08
3.2245	2.62612e-08
3.2246	3.57329e-08
3.2247	3.43861e-08
3.2248	3.15714e-08
3.2249	2.93646e-08
3.225	4.43832e-08
3.2251	3.51973e-08
3.2252	2.7213e-08
3.2253	3.53555e-08
3.2254	3.90631e-08
3.2255	3.36641e-08
3.2256	3.74054e-08
3.2257	3.64207e-08
3.2258	2.616e-08
3.2259	2.62706e-08
3.226	3.64255e-08
3.2261	3.05399e-08
3.2262	3.31506e-08
3.2263	1.98258e-08
3.2264	2.08762e-08
3.2265	2.49338e-08
3.2266	2.6951e-08
3.2267	2.23641e-08
3.2268	2.77482e-08
3.2269	2.42294e-08
3.227	2.37993e-08
3.2271	4.35925e-08
3.2272	3.34881e-08
3.2273	3.6422e-08
3.2274	3.93518e-08
3.2275	3.86799e-08
3.2276	4.01573e-08
3.2277	4.56763e-08
3.2278	2.99833e-08
3.2279	4.03005e-08
3.228	3.31447e-08
3.2281	3.77847e-08
3.2282	3.07252e-08
3.2283	2.66919e-08
3.2284	2.96601e-08
3.2285	2.5249e-08
3.2286	2.83599e-08
3.2287	2.75695e-08
3.2288	2.59491e-08
3.2289	1.85286e-08
3.229	2.29838e-08
3.2291	2.83079e-08
3.2292	4.3167e-08
3.2293	3.17513e-08
3.2294	3.68429e-08
3.2295	3.01099e-08
3.2296	3.35987e-08
3.2297	4.11233e-08
3.2298	5.50491e-08
3.2299	3.31127e-08
3.23	3.09461e-08
3.2301	3.41478e-08
3.2302	3.18293e-08
3.2303	3.54879e-08
3.2304	3.02164e-08
3.2305	2.83948e-08
3.2306	2.29261e-08
3.2307	2.78449e-08
3.2308	3.07274e-08
3.2309	2.38332e-08
3.231	3.13628e-08
3.2311	2.20569e-08
3.2312	3.52653e-08
3.2313	3.34754e-08
3.2314	2.81992e-08
3.2315	3.5127e-08
3.2316	2.98716e-08
3.2317	3.91025e-08
3.2318	3.36052e-08
3.2319	3.58923e-08
3.232	3.62612e-08
3.2321	3.56873e-08
3.2322	3.10001e-08
3.2323	2.60864e-08
3.2324	4.01549e-08
3.2325	2.88658e-08
3.2326	3.88476e-08
3.2327	3.5755e-08
3.2328	3.3081e-08
3.2329	3.22331e-08
3.233	2.47651e-08
3.2331	3.74094e-08
3.2332	3.05989e-08
3.2333	2.75263e-08
3.2334	4.01299e-08
3.2335	3.09582e-08
3.2336	2.96441e-08
3.2337	3.63093e-08
3.2338	2.77137e-08
3.2339	3.92855e-08
3.234	4.05696e-08
3.2341	3.80644e-08
3.2342	3.23113e-08
3.2343	3.6691e-08
3.2344	2.94307e-08
3.2345	3.58702e-08
3.2346	3.40392e-08
3.2347	3.32963e-08
3.2348	2.9901e-08
3.2349	3.16813e-08
3.235	2.3134e-08
3.2351	4.11679e-08
3.2352	3.32757e-08
3.2353	3.10148e-08
3.2354	3.87445e-08
3.2355	3.0237e-08
3.2356	2.52733e-08
3.2357	3.02966e-08
3.2358	4.8628e-08
3.2359	2.16983e-08
3.236	2.22715e-08
3.2361	3.51877e-08
3.2362	4.22554e-08
3.2363	3.43092e-08
3.2364	2.98279e-08
3.2365	2.95313e-08
3.2366	3.59058e-08
3.2367	4.19522e-08
3.2368	4.39367e-08
3.2369	2.39895e-08
3.237	2.75144e-08
3.2371	3.4642e-08
3.2372	3.31774e-08
3.2373	2.77343e-08
3.2374	2.87748e-08
3.2375	2.77503e-08
3.2376	3.26591e-08
3.2377	3.3908e-08
3.2378	3.15912e-08
3.2379	3.40537e-08
3.238	4.1822e-08
3.2381	2.57314e-08
3.2382	2.93808e-08
3.2383	3.34735e-08
3.2384	2.77727e-08
3.2385	3.26045e-08
3.2386	3.19761e-08
3.2387	2.98657e-08
3.2388	3.40563e-08
3.2389	3.3661e-08
3.239	4.93275e-08
3.2391	3.1159e-08
3.2392	2.75843e-08
3.2393	3.45642e-08
3.2394	3.15767e-08
3.2395	3.21811e-08
3.2396	3.71168e-08
3.2397	2.89134e-08
3.2398	3.36662e-08
3.2399	2.77182e-08
3.24	3.8723e-08
3.2401	4.46693e-08
3.2402	3.33976e-08
3.2403	2.00486e-08
3.2404	3.03957e-08
3.2405	2.31569e-08
3.2406	2.59575e-08
3.2407	3.55616e-08
3.2408	4.40721e-08
3.2409	4.31788e-08
3.241	4.032e-08
3.2411	4.36842e-08
3.2412	3.59917e-08
3.2413	3.97077e-08
3.2414	2.93661e-08
3.2415	2.68337e-08
3.2416	2.86054e-08
3.2417	2.92588e-08
3.2418	3.00653e-08
3.2419	3.42819e-08
3.242	3.64151e-08
3.2421	3.21635e-08
3.2422	3.30736e-08
3.2423	4.21819e-08
3.2424	2.78892e-08
3.2425	2.60143e-08
3.2426	3.2212e-08
3.2427	3.07679e-08
3.2428	3.07866e-08
3.2429	4.03815e-08
3.243	3.99772e-08
3.2431	3.99699e-08
3.2432	3.21448e-08
3.2433	3.2553e-08
3.2434	3.72771e-08
3.2435	2.70619e-08
3.2436	3.92862e-08
3.2437	3.21693e-08
3.2438	3.9646e-08
3.2439	4.2647e-08
3.244	2.50805e-08
3.2441	2.81653e-08
3.2442	4.06171e-08
3.2443	2.73726e-08
3.2444	3.24128e-08
3.2445	3.64763e-08
3.2446	2.66503e-08
3.2447	3.47375e-08
3.2448	2.34082e-08
3.2449	3.00617e-08
3.245	2.22108e-08
3.2451	2.52874e-08
3.2452	2.77632e-08
3.2453	3.26355e-08
3.2454	3.67328e-08
3.2455	3.70218e-08
3.2456	4.17056e-08
3.2457	3.59432e-08
3.2458	2.82463e-08
3.2459	3.48282e-08
3.246	2.8416e-08
3.2461	2.68344e-08
3.2462	2.77017e-08
3.2463	3.7336e-08
3.2464	2.63645e-08
3.2465	3.10488e-08
3.2466	3.27854e-08
3.2467	2.50251e-08
3.2468	2.54332e-08
3.2469	2.82312e-08
3.247	2.78601e-08
3.2471	2.72451e-08
3.2472	2.18351e-08
3.2473	3.19744e-08
3.2474	3.8268e-08
3.2475	3.67689e-08
3.2476	2.86495e-08
3.2477	2.37311e-08
3.2478	3.36019e-08
3.2479	2.96538e-08
3.248	2.62213e-08
3.2481	2.37744e-08
3.2482	3.70554e-08
3.2483	2.277e-08
3.2484	3.56614e-08
3.2485	2.76125e-08
3.2486	3.24221e-08
3.2487	4.12432e-08
3.2488	2.47079e-08
3.2489	2.57384e-08
3.249	2.32926e-08
3.2491	3.08153e-08
3.2492	2.13257e-08
3.2493	2.67746e-08
3.2494	2.08085e-08
3.2495	2.17463e-08
3.2496	3.2024e-08
3.2497	3.89075e-08
3.2498	2.26067e-08
3.2499	2.97635e-08
3.25	3.71669e-08
3.2501	3.38537e-08
3.2502	4.7593e-08
3.2503	2.53331e-08
3.2504	2.62871e-08
3.2505	2.88544e-08
3.2506	2.51052e-08
3.2507	2.7512e-08
3.2508	4.45498e-08
3.2509	2.60386e-08
3.251	3.44146e-08
3.2511	3.18944e-08
3.2512	2.48441e-08
3.2513	3.25374e-08
3.2514	3.58836e-08
3.2515	2.63931e-08
3.2516	3.08016e-08
3.2517	2.31932e-08
3.2518	2.70827e-08
3.2519	3.428e-08
3.252	2.22922e-08
3.2521	3.47476e-08
3.2522	3.05422e-08
3.2523	4.86462e-08
3.2524	3.88568e-08
3.2525	2.68584e-08
3.2526	2.88128e-08
3.2527	3.07213e-08
3.2528	3.00321e-08
3.2529	3.67957e-08
3.253	2.1317e-08
3.2531	2.76174e-08
3.2532	3.11123e-08
3.2533	4.38769e-08
3.2534	4.60411e-08
3.2535	3.47114e-08
3.2536	3.21773e-08
3.2537	2.63468e-08
3.2538	2.62565e-08
3.2539	3.66987e-08
3.254	3.6817e-08
3.2541	3.89066e-08
3.2542	2.34167e-08
3.2543	2.44041e-08
3.2544	3.0557e-08
3.2545	3.57996e-08
3.2546	3.46664e-08
3.2547	4.4691e-08
3.2548	3.46218e-08
3.2549	3.02081e-08
3.255	3.55443e-08
3.2551	3.12724e-08
3.2552	4.04734e-08
3.2553	2.66229e-08
3.2554	2.59077e-08
3.2555	2.57983e-08
3.2556	2.62796e-08
3.2557	3.29067e-08
3.2558	3.24274e-08
3.2559	2.73968e-08
3.256	4.26453e-08
3.2561	3.70023e-08
3.2562	3.36764e-08
3.2563	3.41461e-08
3.2564	3.55801e-08
3.2565	3.00692e-08
3.2566	3.97429e-08
3.2567	2.87018e-08
3.2568	4.00875e-08
3.2569	3.98384e-08
3.257	3.35107e-08
3.2571	2.87639e-08
3.2572	3.19572e-08
3.2573	2.59135e-08
3.2574	3.20246e-08
3.2575	3.68057e-08
3.2576	2.97375e-08
3.2577	3.11243e-08
3.2578	3.05777e-08
3.2579	2.49523e-08
3.258	2.76148e-08
3.2581	2.91195e-08
3.2582	3.19186e-08
3.2583	3.72218e-08
3.2584	3.19642e-08
3.2585	4.00937e-08
3.2586	3.83495e-08
3.2587	3.66915e-08
3.2588	3.47082e-08
3.2589	3.72762e-08
3.259	4.92602e-08
3.2591	3.9371e-08
3.2592	2.91701e-08
3.2593	2.95239e-08
3.2594	2.66165e-08
3.2595	2.69981e-08
3.2596	2.78199e-08
3.2597	3.45177e-08
3.2598	3.12393e-08
3.2599	2.54024e-08
3.26	2.37898e-08
3.2601	2.14525e-08
3.2602	2.57121e-08
3.2603	2.86613e-08
3.2604	3.7754e-08
3.2605	3.34316e-08
3.2606	3.24081e-08
3.2607	3.80981e-08
3.2608	3.58929e-08
3.2609	4.89412e-08
3.261	3.38503e-08
3.2611	4.45627e-08
3.2612	3.48628e-08
3.2613	3.5156e-08
3.2614	5.04577e-08
3.2615	2.72081e-08
3.2616	2.83035e-08
3.2617	3.69501e-08
3.2618	2.3856e-08
3.2619	2.70901e-08
3.262	2.45741e-08
3.2621	2.37473e-08
3.2622	2.79069e-08
3.2623	2.84814e-08
3.2624	2.6627e-08
3.2625	2.40786e-08
3.2626	2.53177e-08
3.2627	4.07856e-08
3.2628	3.93138e-08
3.2629	4.10771e-08
3.263	2.99976e-08
3.2631	4.18893e-08
3.2632	3.80012e-08
3.2633	4.39005e-08
3.2634	3.37629e-08
3.2635	3.30197e-08
3.2636	4.01064e-08
3.2637	3.59496e-08
3.2638	3.98905e-08
3.2639	3.31103e-08
3.264	2.96695e-08
3.2641	2.96882e-08
3.2642	2.72393e-08
3.2643	2.45815e-08
3.2644	2.45525e-08
3.2645	2.84408e-08
3.2646	2.47954e-08
3.2647	1.86353e-08
3.2648	2.91587e-08
3.2649	2.19639e-08
3.265	3.81502e-08
3.2651	3.09115e-08
3.2652	3.05341e-08
3.2653	3.43428e-08
3.2654	4.12618e-08
3.2655	4.98977e-08
3.2656	3.09472e-08
3.2657	3.27332e-08
3.2658	3.8453e-08
3.2659	4.05769e-08
3.266	2.94588e-08
3.2661	3.04865e-08
3.2662	2.7037e-08
3.2663	2.3492e-08
3.2664	2.94943e-08
3.2665	2.72337e-08
3.2666	3.61911e-08
3.2667	2.59795e-08
3.2668	3.02783e-08
3.2669	3.18208e-08
3.267	1.98986e-08
3.2671	3.1826e-08
3.2672	2.45812e-08
3.2673	3.26698e-08
3.2674	3.04406e-08
3.2675	3.76445e-08
3.2676	4.40436e-08
3.2677	3.50363e-08
3.2678	3.05844e-08
3.2679	3.49689e-08
3.268	4.27702e-08
3.2681	3.98569e-08
3.2682	2.89897e-08
3.2683	3.8185e-08
3.2684	3.10787e-08
3.2685	2.89942e-08
3.2686	2.51642e-08
3.2687	2.97047e-08
3.2688	3.09462e-08
3.2689	3.52806e-08
3.269	3.07189e-08
3.2691	3.1048e-08
3.2692	2.77376e-08
3.2693	3.66168e-08
3.2694	3.86583e-08
3.2695	3.14175e-08
3.2696	3.77449e-08
3.2697	3.84881e-08
3.2698	2.8579e-08
3.2699	2.00914e-08
3.27	3.91269e-08
3.2701	2.59842e-08
3.2702	4.26456e-08
3.2703	3.70804e-08
3.2704	3.53603e-08
3.2705	2.87417e-08
3.2706	3.40969e-08
3.2707	2.33695e-08
3.2708	2.7728e-08
3.2709	4.60342e-08
3.271	3.09285e-08
3.2711	2.66906e-08
3.2712	3.39636e-08
3.2713	3.28283e-08
3.2714	3.9995e-08
3.2715	2.58146e-08
3.2716	2.3071e-08
3.2717	2.48757e-08
3.2718	3.60065e-08
3.2719	4.54828e-08
3.272	3.86512e-08
3.2721	2.8941e-08
3.2722	2.95708e-08
3.2723	3.2181e-08
3.2724	3.28617e-08
3.2725	4.06927e-08
3.2726	2.48963e-08
3.2727	2.76392e-08
3.2728	3.00086e-08
3.2729	3.21493e-08
3.273	3.01126e-08
3.2731	3.23815e-08
3.2732	2.65326e-08
3.2733	2.4719e-08
3.2734	3.20469e-08
3.2735	3.03872e-08
3.2736	3.40526e-08
3.2737	3.27283e-08
3.2738	2.42349e-08
3.2739	2.85995e-08
3.274	3.91339e-08
3.2741	3.25671e-08
3.2742	2.60704e-08
3.2743	2.90476e-08
3.2744	2.73513e-08
3.2745	4.00711e-08
3.2746	3.3543e-08
3.2747	3.28542e-08
3.2748	3.16364e-08
3.2749	2.44963e-08
3.275	3.22701e-08
3.2751	3.81801e-08
3.2752	3.32185e-08
3.2753	3.73246e-08
3.2754	2.88207e-08
3.2755	3.20558e-08
3.2756	2.71325e-08
3.2757	3.59187e-08
3.2758	5.25373e-08
3.2759	2.84234e-08
3.276	2.47227e-08
3.2761	2.66328e-08
3.2762	2.83529e-08
3.2763	3.29666e-08
3.2764	3.858e-08
3.2765	4.51924e-08
3.2766	4.20879e-08
3.2767	4.39421e-08
3.2768	3.9025e-08
3.2769	3.25595e-08
3.277	3.98135e-08
3.2771	3.55264e-08
3.2772	2.41676e-08
3.2773	3.06579e-08
3.2774	3.49808e-08
3.2775	2.96488e-08
3.2776	3.60043e-08
3.2777	3.22434e-08
3.2778	2.73176e-08
3.2779	3.06017e-08
3.278	4.11601e-08
3.2781	2.50183e-08
3.2782	3.11954e-08
3.2783	2.19565e-08
3.2784	2.95286e-08
3.2785	3.44696e-08
3.2786	4.04724e-08
3.2787	4.352e-08
3.2788	4.38759e-08
3.2789	3.0306e-08
3.279	3.71688e-08
3.2791	3.60999e-08
3.2792	3.94123e-08
3.2793	2.61702e-08
3.2794	2.99741e-08
3.2795	3.43312e-08
3.2796	3.28293e-08
3.2797	3.72231e-08
3.2798	3.19768e-08
3.2799	3.41484e-08
3.28	3.95426e-08
3.2801	4.08638e-08
3.2802	2.89181e-08
3.2803	2.89227e-08
3.2804	3.00683e-08
3.2805	3.49639e-08
3.2806	1.97995e-08
3.2807	2.52975e-08
3.2808	2.89121e-08
3.2809	3.00324e-08
3.281	2.9705e-08
3.2811	3.62582e-08
3.2812	4.15027e-08
3.2813	3.83825e-08
3.2814	4.06773e-08
3.2815	2.36277e-08
3.2816	3.20669e-08
3.2817	2.79213e-08
3.2818	3.09463e-08
3.2819	3.68538e-08
3.282	3.13415e-08
3.2821	2.76395e-08
3.2822	2.47687e-08
3.2823	3.72469e-08
3.2824	2.22147e-08
3.2825	3.21157e-08
3.2826	2.75561e-08
3.2827	2.93682e-08
3.2828	2.87381e-08
3.2829	1.94886e-08
3.283	2.83912e-08
3.2831	3.68621e-08
3.2832	3.57034e-08
3.2833	2.7711e-08
3.2834	2.5128e-08
3.2835	3.74293e-08
3.2836	3.22476e-08
3.2837	2.90419e-08
3.2838	2.27201e-08
3.2839	3.46599e-08
3.284	2.43305e-08
3.2841	3.70931e-08
3.2842	2.80225e-08
3.2843	3.48249e-08
3.2844	3.35553e-08
3.2845	3.56351e-08
3.2846	2.2134e-08
3.2847	2.59264e-08
3.2848	2.1602e-08
3.2849	2.84322e-08
3.285	2.59953e-08
3.2851	2.29675e-08
3.2852	2.21879e-08
3.2853	3.07616e-08
3.2854	4.18048e-08
3.2855	2.31087e-08
3.2856	3.2903e-08
3.2857	4.18806e-08
3.2858	5.28296e-08
3.2859	4.19243e-08
3.286	2.41733e-08
3.2861	2.47676e-08
3.2862	2.98226e-08
3.2863	2.37526e-08
3.2864	2.51297e-08
3.2865	3.32054e-08
3.2866	2.44625e-08
3.2867	3.58972e-08
3.2868	3.38566e-08
3.2869	2.66929e-08
3.287	3.11615e-08
3.2871	4.41706e-08
3.2872	2.50007e-08
3.2873	2.66703e-08
3.2874	2.35504e-08
3.2875	2.7928e-08
3.2876	3.58898e-08
3.2877	2.38067e-08
3.2878	3.04952e-08
3.2879	2.77748e-08
3.288	3.05281e-08
3.2881	2.96985e-08
3.2882	2.23988e-08
3.2883	3.14453e-08
3.2884	3.00854e-08
3.2885	3.15592e-08
3.2886	3.42018e-08
3.2887	2.32278e-08
3.2888	2.58628e-08
3.2889	3.12303e-08
3.289	3.18641e-08
3.2891	4.77502e-08
3.2892	2.54881e-08
3.2893	2.46913e-08
3.2894	3.48043e-08
3.2895	2.26465e-08
3.2896	3.83398e-08
3.2897	4.01649e-08
3.2898	3.35713e-08
3.2899	2.74531e-08
3.29	2.4973e-08
3.2901	3.09238e-08
3.2902	3.39881e-08
3.2903	2.79369e-08
3.2904	3.58709e-08
3.2905	3.2651e-08
3.2906	3.56914e-08
3.2907	3.34666e-08
3.2908	3.77124e-08
3.2909	3.70992e-08
3.291	2.91192e-08
3.2911	3.14195e-08
3.2912	2.72585e-08
3.2913	2.80808e-08
3.2914	3.46066e-08
3.2915	4.05722e-08
3.2916	3.01235e-08
3.2917	3.51941e-08
3.2918	3.48571e-08
3.2919	4.4758e-08
3.292	3.57747e-08
3.2921	3.74952e-08
3.2922	3.59891e-08
3.2923	2.90058e-08
3.2924	2.75995e-08
3.2925	3.33069e-08
3.2926	3.74202e-08
3.2927	3.493e-08
3.2928	2.80295e-08
3.2929	2.75622e-08
3.293	2.62306e-08
3.2931	3.11605e-08
3.2932	3.60816e-08
3.2933	3.75815e-08
3.2934	2.58697e-08
3.2935	2.62361e-08
3.2936	2.32414e-08
3.2937	3.05225e-08
3.2938	3.11533e-08
3.2939	3.36433e-08
3.294	4.02365e-08
3.2941	3.33832e-08
3.2942	4.22604e-08
3.2943	4.92472e-08
3.2944	2.96781e-08
3.2945	2.89418e-08
3.2946	4.57045e-08
3.2947	4.02493e-08
3.2948	4.59924e-08
3.2949	2.01128e-08
3.295	3.20606e-08
3.2951	3.19384e-08
3.2952	3.30076e-08
3.2953	2.85089e-08
3.2954	3.85573e-08
3.2955	2.61548e-08
3.2956	2.55364e-08
3.2957	2.27107e-08
3.2958	2.11233e-08
3.2959	2.63215e-08
3.296	3.13577e-08
3.2961	3.57641e-08
3.2962	3.28143e-08
3.2963	3.09804e-08
3.2964	3.4041e-08
3.2965	2.68332e-08
3.2966	4.62524e-08
3.2967	3.86322e-08
3.2968	4.92769e-08
3.2969	2.84025e-08
3.297	4.18814e-08
3.2971	4.1492e-08
3.2972	2.27238e-08
3.2973	2.52213e-08
3.2974	4.34108e-08
3.2975	3.37345e-08
3.2976	4.03087e-08
3.2977	2.48734e-08
3.2978	2.3804e-08
3.2979	3.0033e-08
3.298	2.94765e-08
3.2981	3.02715e-08
3.2982	2.18636e-08
3.2983	2.39529e-08
3.2984	3.18848e-08
3.2985	3.90567e-08
3.2986	3.17205e-08
3.2987	3.39926e-08
3.2988	3.66729e-08
3.2989	4.00738e-08
3.299	4.65608e-08
3.2991	4.03269e-08
3.2992	3.25838e-08
3.2993	3.55973e-08
3.2994	3.43019e-08
3.2995	3.07475e-08
3.2996	2.84092e-08
3.2997	4.02874e-08
3.2998	2.81712e-08
3.2999	2.24378e-08
3.3	2.80913e-08
3.3001	2.8472e-08
3.3002	2.75137e-08
3.3003	2.32394e-08
3.3004	1.80915e-08
3.3005	3.01546e-08
3.3006	2.35314e-08
3.3007	2.89454e-08
3.3008	3.95149e-08
3.3009	3.01724e-08
3.301	3.62564e-08
3.3011	4.80973e-08
3.3012	4.6299e-08
3.3013	3.33005e-08
3.3014	3.76707e-08
3.3015	3.27043e-08
3.3016	3.41248e-08
3.3017	3.41513e-08
3.3018	3.21446e-08
3.3019	2.64178e-08
3.302	2.27582e-08
3.3021	3.03798e-08
3.3022	3.12379e-08
3.3023	4.01053e-08
3.3024	2.60892e-08
3.3025	2.86614e-08
3.3026	3.7116e-08
3.3027	2.01241e-08
3.3028	2.78198e-08
3.3029	3.58562e-08
3.303	2.96831e-08
3.3031	4.20817e-08
3.3032	3.07233e-08
3.3033	3.77555e-08
3.3034	3.90578e-08
3.3035	3.62198e-08
3.3036	2.72616e-08
3.3037	4.19724e-08
3.3038	3.99279e-08
3.3039	3.27993e-08
3.304	3.87994e-08
3.3041	3.10816e-08
3.3042	2.31034e-08
3.3043	2.63949e-08
3.3044	3.34232e-08
3.3045	3.50981e-08
3.3046	3.01903e-08
3.3047	2.49512e-08
3.3048	3.47714e-08
3.3049	3.40958e-08
3.305	3.16146e-08
3.3051	3.83223e-08
3.3052	2.63902e-08
3.3053	3.88054e-08
3.3054	2.81589e-08
3.3055	3.05993e-08
3.3056	2.69627e-08
3.3057	3.15492e-08
3.3058	3.51335e-08
3.3059	3.74102e-08
3.306	3.61204e-08
3.3061	3.06991e-08
3.3062	2.94125e-08
3.3063	3.08766e-08
3.3064	2.61383e-08
3.3065	3.33265e-08
3.3066	4.16559e-08
3.3067	3.69492e-08
3.3068	2.58548e-08
3.3069	3.32624e-08
3.307	3.53083e-08
3.3071	4.00288e-08
3.3072	2.67747e-08
3.3073	2.33266e-08
3.3074	3.18486e-08
3.3075	3.44471e-08
3.3076	4.44102e-08
3.3077	3.047e-08
3.3078	3.15812e-08
3.3079	3.79104e-08
3.308	3.53806e-08
3.3081	4.14527e-08
3.3082	3.29757e-08
3.3083	2.37033e-08
3.3084	3.02408e-08
3.3085	3.25089e-08
3.3086	3.27488e-08
3.3087	3.45022e-08
3.3088	3.404e-08
3.3089	2.68271e-08
3.309	2.98407e-08
3.3091	3.30942e-08
3.3092	3.08165e-08
3.3093	3.59279e-08
3.3094	3.38259e-08
3.3095	2.13946e-08
3.3096	2.7182e-08
3.3097	3.83902e-08
3.3098	3.0867e-08
3.3099	2.76523e-08
3.31	3.48176e-08
3.3101	3.02753e-08
3.3102	4.20894e-08
3.3103	2.63353e-08
3.3104	4.19605e-08
3.3105	2.69995e-08
3.3106	2.50422e-08
3.3107	3.70063e-08
3.3108	4.04517e-08
3.3109	3.50299e-08
3.311	3.17612e-08
3.3111	3.21992e-08
3.3112	3.57763e-08
3.3113	3.03895e-08
3.3114	4.00273e-08
3.3115	4.54686e-08
3.3116	2.82235e-08
3.3117	3.18636e-08
3.3118	3.0963e-08
3.3119	2.26135e-08
3.312	2.78842e-08
3.3121	3.44823e-08
3.3122	4.46654e-08
3.3123	3.73883e-08
3.3124	4.42371e-08
3.3125	4.46978e-08
3.3126	4.49378e-08
3.3127	2.80114e-08
3.3128	2.29003e-08
3.3129	2.50789e-08
3.313	2.59977e-08
3.3131	3.78879e-08
3.3132	3.64666e-08
3.3133	3.23086e-08
3.3134	2.64127e-08
3.3135	3.84995e-08
3.3136	3.97414e-08
3.3137	4.54982e-08
3.3138	2.31805e-08
3.3139	2.94102e-08
3.314	2.31125e-08
3.3141	3.08717e-08
3.3142	3.807e-08
3.3143	4.02543e-08
3.3144	4.46655e-08
3.3145	3.85127e-08
3.3146	3.88282e-08
3.3147	3.9178e-08
3.3148	4.05117e-08
3.3149	3.44789e-08
3.315	3.75284e-08
3.3151	2.97285e-08
3.3152	3.8223e-08
3.3153	3.58324e-08
3.3154	3.54336e-08
3.3155	3.32625e-08
3.3156	4.05702e-08
3.3157	3.43683e-08
3.3158	3.42385e-08
3.3159	3.07803e-08
3.316	2.73462e-08
3.3161	3.02731e-08
3.3162	3.0585e-08
3.3163	2.15354e-08
3.3164	2.1292e-08
3.3165	3.0622e-08
3.3166	3.3366e-08
3.3167	2.86891e-08
3.3168	2.83353e-08
3.3169	3.8703e-08
3.317	4.31527e-08
3.3171	3.86634e-08
3.3172	2.65135e-08
3.3173	3.32079e-08
3.3174	3.4099e-08
3.3175	3.07612e-08
3.3176	2.85457e-08
3.3177	2.74976e-08
3.3178	3.2373e-08
3.3179	2.56287e-08
3.318	3.28649e-08
3.3181	2.53707e-08
3.3182	2.894e-08
3.3183	3.07165e-08
3.3184	3.2419e-08
3.3185	2.78405e-08
3.3186	2.16852e-08
3.3187	2.82208e-08
3.3188	3.12105e-08
3.3189	3.58536e-08
3.319	3.47469e-08
3.3191	3.0434e-08
3.3192	3.5454e-08
3.3193	3.29378e-08
3.3194	2.59658e-08
3.3195	2.3817e-08
3.3196	3.02128e-08
3.3197	2.56524e-08
3.3198	3.7173e-08
3.3199	3.42475e-08
3.32	2.76516e-08
3.3201	3.73273e-08
3.3202	2.83338e-08
3.3203	2.15837e-08
3.3204	2.20348e-08
3.3205	3.02811e-08
3.3206	2.53107e-08
3.3207	2.82162e-08
3.3208	2.22455e-08
3.3209	2.53203e-08
3.321	2.75709e-08
3.3211	3.41994e-08
3.3212	2.85825e-08
3.3213	2.74259e-08
3.3214	3.64028e-08
3.3215	4.76203e-08
3.3216	4.35538e-08
3.3217	2.62928e-08
3.3218	2.94277e-08
3.3219	2.98479e-08
3.322	2.39393e-08
3.3221	2.62906e-08
3.3222	4.1962e-08
3.3223	2.86973e-08
3.3224	3.29084e-08
3.3225	3.09112e-08
3.3226	2.56555e-08
3.3227	4.12652e-08
3.3228	2.69058e-08
3.3229	2.30878e-08
3.323	2.80891e-08
3.3231	2.64068e-08
3.3232	2.46491e-08
3.3233	3.27789e-08
3.3234	2.56356e-08
3.3235	2.65303e-08
3.3236	3.13203e-08
3.3237	4.15123e-08
3.3238	2.80252e-08
3.3239	3.07319e-08
3.324	2.5824e-08
3.3241	3.41169e-08
3.3242	2.98954e-08
3.3243	3.54246e-08
3.3244	2.60552e-08
3.3245	2.50928e-08
3.3246	3.86458e-08
3.3247	3.96169e-08
3.3248	4.04516e-08
3.3249	2.96886e-08
3.325	2.78516e-08
3.3251	2.85928e-08
3.3252	4.11247e-08
3.3253	3.68118e-08
3.3254	3.37066e-08
3.3255	3.33394e-08
3.3256	2.89631e-08
3.3257	2.59501e-08
3.3258	3.72468e-08
3.3259	3.87067e-08
3.326	4.45404e-08
3.3261	2.44669e-08
3.3262	3.53274e-08
3.3263	3.87282e-08
3.3264	3.13433e-08
3.3265	3.38765e-08
3.3266	3.45162e-08
3.3267	2.80038e-08
3.3268	2.87935e-08
3.3269	2.46821e-08
3.327	2.97405e-08
3.3271	4.17781e-08
3.3272	3.21929e-08
3.3273	3.65173e-08
3.3274	4.20611e-08
3.3275	4.14345e-08
3.3276	3.90772e-08
3.3277	2.47991e-08
3.3278	3.41696e-08
3.3279	3.66176e-08
3.328	2.7803e-08
3.3281	3.43987e-08
3.3282	3.54336e-08
3.3283	3.30762e-08
3.3284	3.85668e-08
3.3285	3.07904e-08
3.3286	2.95137e-08
3.3287	2.77267e-08
3.3288	3.62301e-08
3.3289	3.30341e-08
3.329	3.13684e-08
3.3291	2.71059e-08
3.3292	2.62637e-08
3.3293	2.14304e-08
3.3294	3.13154e-08
3.3295	2.97032e-08
3.3296	2.99661e-08
3.3297	3.0673e-08
3.3298	3.35741e-08
3.3299	4.27033e-08
3.33	3.75289e-08
3.3301	3.59925e-08
3.3302	3.39882e-08
3.3303	3.11292e-08
3.3304	4.74209e-08
3.3305	3.79647e-08
3.3306	2.13584e-08
3.3307	3.46357e-08
3.3308	2.59457e-08
3.3309	2.97968e-08
3.331	3.28074e-08
3.3311	3.80368e-08
3.3312	2.88001e-08
3.3313	2.17695e-08
3.3314	2.27092e-08
3.3315	2.26826e-08
3.3316	2.94313e-08
3.3317	3.56474e-08
3.3318	3.38225e-08
3.3319	4.10065e-08
3.332	2.49438e-08
3.3321	3.71206e-08
3.3322	2.69425e-08
3.3323	4.10803e-08
3.3324	3.81857e-08
3.3325	4.39034e-08
3.3326	3.6592e-08
3.3327	4.09459e-08
3.3328	3.84686e-08
3.3329	2.77507e-08
3.333	3.62992e-08
3.3331	3.36534e-08
3.3332	2.46636e-08
3.3333	2.38774e-08
3.3334	2.21982e-08
3.3335	2.22048e-08
3.3336	2.31855e-08
3.3337	2.91768e-08
3.3338	3.51336e-08
3.3339	2.1695e-08
3.334	2.3019e-08
3.3341	3.73087e-08
3.3342	4.69582e-08
3.3343	4.18935e-08
3.3344	3.06297e-08
3.3345	3.5699e-08
3.3346	4.47956e-08
3.3347	3.4096e-08
3.3348	3.51028e-08
3.3349	3.80303e-08
3.335	3.53245e-08
3.3351	3.59982e-08
3.3352	3.26603e-08
3.3353	2.47105e-08
3.3354	3.73946e-08
3.3355	2.88956e-08
3.3356	2.18738e-08
3.3357	2.65621e-08
3.3358	2.80058e-08
3.3359	3.34528e-08
3.336	2.70227e-08
3.3361	2.72061e-08
3.3362	2.40216e-08
3.3363	2.36602e-08
3.3364	3.31068e-08
3.3365	3.74553e-08
3.3366	3.1844e-08
3.3367	4.18187e-08
3.3368	5.24908e-08
3.3369	3.35947e-08
3.337	3.18163e-08
3.3371	3.95893e-08
3.3372	4.07691e-08
3.3373	3.98353e-08
3.3374	2.81031e-08
3.3375	3.0669e-08
3.3376	2.5693e-08
3.3377	2.78055e-08
3.3378	2.7734e-08
3.3379	3.41683e-08
3.338	3.33579e-08
3.3381	1.98025e-08
3.3382	2.30772e-08
3.3383	3.73824e-08
3.3384	2.10692e-08
3.3385	2.77783e-08
3.3386	3.38639e-08
3.3387	2.82513e-08
3.3388	4.36525e-08
3.3389	2.47717e-08
3.339	3.33265e-08
3.3391	3.41236e-08
3.3392	4.36521e-08
3.3393	3.17762e-08
3.3394	3.74651e-08
3.3395	3.72598e-08
3.3396	3.12085e-08
3.3397	3.657e-08
3.3398	3.49144e-08
3.3399	2.8351e-08
3.34	2.97702e-08
3.3401	3.43312e-08
3.3402	3.13421e-08
3.3403	2.99003e-08
3.3404	2.89742e-08
3.3405	2.92038e-08
3.3406	3.61494e-08
3.3407	3.24065e-08
3.3408	3.0808e-08
3.3409	3.17949e-08
3.341	4.01252e-08
3.3411	3.87791e-08
3.3412	3.08559e-08
3.3413	3.90294e-08
3.3414	2.04966e-08
3.3415	4.40758e-08
3.3416	4.37001e-08
3.3417	3.73238e-08
3.3418	3.18329e-08
3.3419	2.436e-08
3.342	3.36972e-08
3.3421	3.08143e-08
3.3422	2.43085e-08
3.3423	3.91578e-08
3.3424	3.4144e-08
3.3425	2.69641e-08
3.3426	3.25099e-08
3.3427	3.47628e-08
3.3428	3.88261e-08
3.3429	3.09254e-08
3.343	2.59485e-08
3.3431	3.48007e-08
3.3432	2.96578e-08
3.3433	3.54571e-08
3.3434	4.02166e-08
3.3435	2.62191e-08
3.3436	2.85645e-08
3.3437	3.45505e-08
3.3438	4.14313e-08
3.3439	4.55859e-08
3.344	2.34886e-08
3.3441	2.84251e-08
3.3442	3.33124e-08
3.3443	2.78912e-08
3.3444	2.79587e-08
3.3445	3.09895e-08
3.3446	2.32472e-08
3.3447	3.09452e-08
3.3448	2.31319e-08
3.3449	3.57515e-08
3.345	3.22737e-08
3.3451	2.57255e-08
3.3452	2.97729e-08
3.3453	2.98837e-08
3.3454	2.6324e-08
3.3455	3.03371e-08
3.3456	2.77969e-08
3.3457	3.14432e-08
3.3458	3.48187e-08
3.3459	4.32147e-08
3.346	2.38826e-08
3.3461	4.4994e-08
3.3462	2.38603e-08
3.3463	2.92552e-08
3.3464	3.3707e-08
3.3465	3.97486e-08
3.3466	3.36088e-08
3.3467	3.3706e-08
3.3468	3.22009e-08
3.3469	2.77731e-08
3.347	2.61081e-08
3.3471	4.35102e-08
3.3472	3.63416e-08
3.3473	2.50102e-08
3.3474	3.02981e-08
3.3475	2.63397e-08
3.3476	2.34377e-08
3.3477	2.68517e-08
3.3478	3.52934e-08
3.3479	4.93363e-08
3.348	3.79613e-08
3.3481	3.21689e-08
3.3482	4.24173e-08
3.3483	3.21503e-08
3.3484	3.00518e-08
3.3485	2.89091e-08
3.3486	3.00705e-08
3.3487	2.81186e-08
3.3488	3.42159e-08
3.3489	3.71949e-08
3.349	3.86275e-08
3.3491	2.48866e-08
3.3492	3.70067e-08
3.3493	4.06426e-08
3.3494	3.49232e-08
3.3495	2.79919e-08
3.3496	3.40439e-08
3.3497	2.44806e-08
3.3498	2.24768e-08
3.3499	3.871e-08
3.35	3.4581e-08
3.3501	4.40159e-08
3.3502	3.4748e-08
3.3503	3.11093e-08
3.3504	3.36947e-08
3.3505	3.88768e-08
3.3506	2.96631e-08
3.3507	3.36416e-08
3.3508	2.6849e-08
3.3509	3.58803e-08
3.351	3.51965e-08
3.3511	3.71378e-08
3.3512	3.34058e-08
3.3513	3.52405e-08
3.3514	3.4232e-08
3.3515	4.28847e-08
3.3516	2.40774e-08
3.3517	2.81974e-08
3.3518	2.61044e-08
3.3519	3.41218e-08
3.352	2.74947e-08
3.3521	2.29705e-08
3.3522	2.79286e-08
3.3523	3.01188e-08
3.3524	3.28862e-08
3.3525	3.26565e-08
3.3526	3.87227e-08
3.3527	3.25799e-08
3.3528	3.55023e-08
3.3529	2.79004e-08
3.353	3.63865e-08
3.3531	3.20891e-08
3.3532	2.7086e-08
3.3533	2.95901e-08
3.3534	2.58272e-08
3.3535	3.19839e-08
3.3536	3.38179e-08
3.3537	2.81772e-08
3.3538	3.48052e-08
3.3539	3.23352e-08
3.354	3.56736e-08
3.3541	3.12407e-08
3.3542	2.9844e-08
3.3543	2.45497e-08
3.3544	3.58128e-08
3.3545	3.10943e-08
3.3546	2.71885e-08
3.3547	3.66989e-08
3.3548	3.4571e-08
3.3549	3.99867e-08
3.355	3.23537e-08
3.3551	2.57939e-08
3.3552	3.11052e-08
3.3553	2.84521e-08
3.3554	3.21263e-08
3.3555	3.30649e-08
3.3556	2.89548e-08
3.3557	3.66974e-08
3.3558	3.46393e-08
3.3559	2.56367e-08
3.356	2.03076e-08
3.3561	2.25601e-08
3.3562	2.78321e-08
3.3563	2.4479e-08
3.3564	2.72109e-08
3.3565	2.1154e-08
3.3566	2.88952e-08
3.3567	3.48594e-08
3.3568	2.93662e-08
3.3569	2.62214e-08
3.357	3.49702e-08
3.3571	3.70725e-08
3.3572	5.50478e-08
3.3573	2.81112e-08
3.3574	2.40895e-08
3.3575	2.59711e-08
3.3576	3.38431e-08
3.3577	3.18365e-08
3.3578	4.66025e-08
3.3579	2.89554e-08
3.358	3.29198e-08
3.3581	3.28326e-08
3.3582	3.63942e-08
3.3583	3.42119e-08
3.3584	2.84508e-08
3.3585	2.63629e-08
3.3586	2.79241e-08
3.3587	2.13281e-08
3.3588	2.93295e-08
3.3589	3.16754e-08
3.359	2.51062e-08
3.3591	3.57844e-08
3.3592	3.20816e-08
3.3593	3.88627e-08
3.3594	3.353e-08
3.3595	2.87779e-08
3.3596	2.71127e-08
3.3597	2.34965e-08
3.3598	2.69613e-08
3.3599	3.66185e-08
3.36	3.18286e-08
3.3601	2.8392e-08
3.3602	2.85619e-08
3.3603	4.33398e-08
3.3604	3.00507e-08
3.3605	3.79873e-08
3.3606	3.26838e-08
3.3607	2.98147e-08
3.3608	3.02377e-08
3.3609	3.61627e-08
3.361	2.8513e-08
3.3611	4.2974e-08
3.3612	2.11748e-08
3.3613	2.58713e-08
3.3614	2.41001e-08
3.3615	3.12422e-08
3.3616	4.1505e-08
3.3617	4.11092e-08
3.3618	3.05461e-08
3.3619	3.2345e-08
3.362	3.57355e-08
3.3621	3.02745e-08
3.3622	3.2609e-08
3.3623	3.39555e-08
3.3624	2.53068e-08
3.3625	3.06629e-08
3.3626	2.63698e-08
3.3627	2.96015e-08
3.3628	3.72861e-08
3.3629	4.02318e-08
3.363	3.47898e-08
3.3631	3.82898e-08
3.3632	4.93118e-08
3.3633	3.9602e-08
3.3634	3.39636e-08
3.3635	3.5781e-08
3.3636	3.87888e-08
3.3637	3.56357e-08
3.3638	2.93474e-08
3.3639	3.40808e-08
3.364	2.77856e-08
3.3641	3.09194e-08
3.3642	2.61288e-08
3.3643	3.04272e-08
3.3644	2.66586e-08
3.3645	3.11096e-08
3.3646	3.36216e-08
3.3647	3.08117e-08
3.3648	2.70092e-08
3.3649	2.39622e-08
3.365	2.43618e-08
3.3651	3.34413e-08
3.3652	3.26559e-08
3.3653	3.24457e-08
3.3654	3.08305e-08
3.3655	3.64621e-08
3.3656	4.54393e-08
3.3657	4.2017e-08
3.3658	3.3738e-08
3.3659	3.76535e-08
3.366	4.11572e-08
3.3661	3.35952e-08
3.3662	4.24309e-08
3.3663	2.52293e-08
3.3664	2.82796e-08
3.3665	2.35522e-08
3.3666	3.01284e-08
3.3667	3.41503e-08
3.3668	3.42371e-08
3.3669	3.91584e-08
3.367	2.12578e-08
3.3671	2.06217e-08
3.3672	2.13134e-08
3.3673	2.91728e-08
3.3674	4.02422e-08
3.3675	2.76584e-08
3.3676	3.4192e-08
3.3677	3.51909e-08
3.3678	3.80918e-08
3.3679	4.01462e-08
3.368	3.12019e-08
3.3681	3.72518e-08
3.3682	4.13642e-08
3.3683	4.33508e-08
3.3684	4.36124e-08
3.3685	2.98493e-08
3.3686	2.59243e-08
3.3687	3.22391e-08
3.3688	3.44628e-08
3.3689	3.50591e-08
3.369	3.36725e-08
3.3691	2.44351e-08
3.3692	2.71374e-08
3.3693	2.98006e-08
3.3694	2.67138e-08
3.3695	2.99084e-08
3.3696	2.51725e-08
3.3697	3.28761e-08
3.3698	4.39248e-08
3.3699	4.48964e-08
3.37	3.01871e-08
3.3701	3.28215e-08
3.3702	4.20414e-08
3.3703	3.76444e-08
3.3704	4.62516e-08
3.3705	3.19099e-08
3.3706	2.45981e-08
3.3707	3.17367e-08
3.3708	4.19939e-08
3.3709	3.59666e-08
3.371	2.60639e-08
3.3711	2.59089e-08
3.3712	4.68878e-08
3.3713	2.46295e-08
3.3714	2.93076e-08
3.3715	3.15513e-08
3.3716	3.13889e-08
3.3717	2.01183e-08
3.3718	1.92764e-08
3.3719	2.75136e-08
3.372	3.42215e-08
3.3721	3.99975e-08
3.3722	3.32289e-08
3.3723	3.78398e-08
3.3724	4.26874e-08
3.3725	4.47241e-08
3.3726	3.98839e-08
3.3727	3.31223e-08
3.3728	4.16534e-08
3.3729	4.08859e-08
3.373	3.80684e-08
3.3731	2.80273e-08
3.3732	2.62944e-08
3.3733	2.54596e-08
3.3734	2.90037e-08
3.3735	2.60462e-08
3.3736	3.85391e-08
3.3737	3.36898e-08
3.3738	2.99485e-08
3.3739	3.02528e-08
3.374	2.67048e-08
3.3741	2.85785e-08
3.3742	2.87988e-08
3.3743	2.85803e-08
3.3744	2.83007e-08
3.3745	4.34781e-08
3.3746	4.09146e-08
3.3747	2.89515e-08
3.3748	2.89472e-08
3.3749	4.09243e-08
3.375	3.21688e-08
3.3751	3.67103e-08
3.3752	3.48418e-08
3.3753	3.01987e-08
3.3754	3.79807e-08
3.3755	2.81946e-08
3.3756	2.66256e-08
3.3757	3.48364e-08
3.3758	3.09028e-08
3.3759	2.79963e-08
3.376	2.80568e-08
3.3761	3.17439e-08
3.3762	3.64412e-08
3.3763	3.46329e-08
3.3764	3.83291e-08
3.3765	3.26652e-08
3.3766	3.77261e-08
3.3767	4.48866e-08
3.3768	4.18075e-08
3.3769	2.99322e-08
3.377	3.32386e-08
3.3771	2.28866e-08
3.3772	3.31517e-08
3.3773	3.75215e-08
3.3774	3.43128e-08
3.3775	2.52143e-08
3.3776	2.85838e-08
3.3777	2.81705e-08
3.3778	3.6815e-08
3.3779	4.02348e-08
3.378	3.78788e-08
3.3781	2.92029e-08
3.3782	3.45343e-08
3.3783	3.46968e-08
3.3784	3.86735e-08
3.3785	2.91992e-08
3.3786	3.16366e-08
3.3787	2.33742e-08
3.3788	2.81018e-08
3.3789	4.09146e-08
3.379	3.77166e-08
3.3791	3.79072e-08
3.3792	2.72073e-08
3.3793	3.05063e-08
3.3794	3.79594e-08
3.3795	4.08906e-08
3.3796	3.47318e-08
3.3797	2.45366e-08
3.3798	2.90246e-08
3.3799	4.09744e-08
3.38	2.84192e-08
3.3801	3.0328e-08
3.3802	2.52901e-08
3.3803	3.15776e-08
3.3804	3.19046e-08
3.3805	3.10519e-08
3.3806	3.55946e-08
3.3807	2.36988e-08
3.3808	2.54187e-08
3.3809	3.15097e-08
3.381	3.11891e-08
3.3811	2.82413e-08
3.3812	3.13056e-08
3.3813	2.66745e-08
3.3814	3.18109e-08
3.3815	3.89423e-08
3.3816	3.54204e-08
3.3817	2.84765e-08
3.3818	3.78572e-08
3.3819	2.46495e-08
3.382	2.511e-08
3.3821	3.0214e-08
3.3822	3.17793e-08
3.3823	3.50074e-08
3.3824	3.30301e-08
3.3825	3.54191e-08
3.3826	2.47476e-08
3.3827	2.55108e-08
3.3828	4.36981e-08
3.3829	4.12128e-08
3.383	3.51435e-08
3.3831	2.59617e-08
3.3832	2.23711e-08
3.3833	2.67101e-08
3.3834	3.32881e-08
3.3835	4.39853e-08
3.3836	4.0177e-08
3.3837	3.82895e-08
3.3838	3.85045e-08
3.3839	3.6896e-08
3.384	4.75507e-08
3.3841	3.55363e-08
3.3842	2.53162e-08
3.3843	2.84684e-08
3.3844	2.95877e-08
3.3845	3.71918e-08
3.3846	4.10274e-08
3.3847	3.92301e-08
3.3848	2.56696e-08
3.3849	2.40843e-08
3.385	4.33379e-08
3.3851	3.56375e-08
3.3852	3.4405e-08
3.3853	2.33195e-08
3.3854	2.66694e-08
3.3855	3.53342e-08
3.3856	3.38658e-08
3.3857	3.87688e-08
3.3858	4.32652e-08
3.3859	4.03322e-08
3.386	3.65206e-08
3.3861	4.11553e-08
3.3862	3.96507e-08
3.3863	2.55077e-08
3.3864	3.47789e-08
3.3865	3.68962e-08
3.3866	2.985e-08
3.3867	4.94393e-08
3.3868	3.09969e-08
3.3869	2.69537e-08
3.387	4.38642e-08
3.3871	3.78977e-08
3.3872	3.45932e-08
3.3873	2.30223e-08
3.3874	3.16313e-08
3.3875	2.58368e-08
3.3876	2.43538e-08
3.3877	2.14641e-08
3.3878	2.85106e-08
3.3879	2.39095e-08
3.388	3.30336e-08
3.3881	3.60008e-08
3.3882	2.99361e-08
3.3883	3.45905e-08
3.3884	2.94739e-08
3.3885	2.87706e-08
3.3886	2.35033e-08
3.3887	3.21277e-08
3.3888	3.92116e-08
3.3889	3.40341e-08
3.389	3.65186e-08
3.3891	2.77116e-08
3.3892	3.10498e-08
3.3893	3.77687e-08
3.3894	2.80391e-08
3.3895	3.54122e-08
3.3896	2.74741e-08
3.3897	3.32161e-08
3.3898	3.02652e-08
3.3899	2.6194e-08
3.39	2.41059e-08
3.3901	3.17992e-08
3.3902	3.36485e-08
3.3903	2.61744e-08
3.3904	3.44476e-08
3.3905	3.20536e-08
3.3906	3.05697e-08
3.3907	3.24084e-08
3.3908	2.4722e-08
3.3909	2.93583e-08
3.391	3.05914e-08
3.3911	3.35586e-08
3.3912	3.08405e-08
3.3913	3.5498e-08
3.3914	3.98301e-08
3.3915	3.88698e-08
3.3916	2.29596e-08
3.3917	1.98485e-08
3.3918	2.37245e-08
3.3919	3.16324e-08
3.392	2.49425e-08
3.3921	2.574e-08
3.3922	2.34145e-08
3.3923	3.12806e-08
3.3924	3.78808e-08
3.3925	2.41822e-08
3.3926	2.80653e-08
3.3927	3.65475e-08
3.3928	4.19928e-08
3.3929	4.74585e-08
3.393	2.68002e-08
3.3931	2.32369e-08
3.3932	3.54473e-08
3.3933	2.97689e-08
3.3934	2.68367e-08
3.3935	3.6784e-08
3.3936	2.97844e-08
3.3937	3.46789e-08
3.3938	3.46209e-08
3.3939	2.12855e-08
3.394	2.31656e-08
3.3941	4.66461e-08
3.3942	2.41766e-08
3.3943	2.91965e-08
3.3944	2.41682e-08
3.3945	2.89304e-08
3.3946	3.18369e-08
3.3947	2.54351e-08
3.3948	3.30478e-08
3.3949	3.17938e-08
3.395	4.65515e-08
3.3951	3.25999e-08
3.3952	2.80102e-08
3.3953	2.74864e-08
3.3954	3.76062e-08
3.3955	3.33237e-08
3.3956	3.80424e-08
3.3957	2.40118e-08
3.3958	3.36763e-08
3.3959	3.59439e-08
3.396	4.09951e-08
3.3961	3.38424e-08
3.3962	2.8154e-08
3.3963	2.69312e-08
3.3964	2.74652e-08
3.3965	3.05242e-08
3.3966	4.05699e-08
3.3967	3.21756e-08
3.3968	4.1287e-08
3.3969	2.34063e-08
3.397	2.32071e-08
3.3971	2.89762e-08
3.3972	4.22439e-08
3.3973	3.37171e-08
3.3974	3.91472e-08
3.3975	3.5126e-08
3.3976	3.5769e-08
3.3977	3.3857e-08
3.3978	2.61835e-08
3.3979	4.03418e-08
3.398	2.58292e-08
3.3981	2.93831e-08
3.3982	2.41614e-08
3.3983	2.73152e-08
3.3984	2.85707e-08
3.3985	3.09358e-08
3.3986	3.38825e-08
3.3987	3.49067e-08
3.3988	3.72295e-08
3.3989	3.59822e-08
3.399	3.97437e-08
3.3991	3.98307e-08
3.3992	3.89449e-08
3.3993	2.88814e-08
3.3994	2.81754e-08
3.3995	4.49235e-08
3.3996	3.32216e-08
3.3997	2.87826e-08
3.3998	3.04643e-08
3.3999	2.61422e-08
3.4	3.052e-08
3.4001	3.10696e-08
3.4002	4.06884e-08
3.4003	3.33029e-08
3.4004	2.95346e-08
3.4005	3.43068e-08
3.4006	2.28448e-08
3.4007	3.07268e-08
3.4008	3.31875e-08
3.4009	3.2603e-08
3.401	3.51029e-08
3.4011	2.41372e-08
3.4012	5.21251e-08
3.4013	4.03954e-08
3.4014	3.22009e-08
3.4015	2.72443e-08
3.4016	4.48285e-08
3.4017	3.70132e-08
3.4018	3.78736e-08
3.4019	3.01838e-08
3.402	2.80253e-08
3.4021	3.1918e-08
3.4022	2.79908e-08
3.4023	2.65577e-08
3.4024	3.66196e-08
3.4025	3.06905e-08
3.4026	2.62023e-08
3.4027	2.0841e-08
3.4028	2.19406e-08
3.4029	2.62705e-08
3.403	2.99602e-08
3.4031	3.30465e-08
3.4032	3.9263e-08
3.4033	3.182e-08
3.4034	4.71658e-08
3.4035	3.0397e-08
3.4036	3.1828e-08
3.4037	3.43699e-08
3.4038	4.45688e-08
3.4039	4.21728e-08
3.404	4.04273e-08
3.4041	4.63974e-08
3.4042	2.68094e-08
3.4043	2.83637e-08
3.4044	3.75101e-08
3.4045	2.894e-08
3.4046	3.55594e-08
3.4047	1.99906e-08
3.4048	2.27707e-08
3.4049	2.64526e-08
3.405	3.00705e-08
3.4051	2.44459e-08
3.4052	2.54596e-08
3.4053	2.81008e-08
3.4054	3.34485e-08
3.4055	4.44939e-08
3.4056	3.60664e-08
3.4057	2.73603e-08
3.4058	4.34244e-08
3.4059	3.90609e-08
3.406	2.49252e-08
3.4061	4.54825e-08
3.4062	3.10124e-08
3.4063	3.52604e-08
3.4064	2.72387e-08
3.4065	4.32571e-08
3.4066	2.96917e-08
3.4067	3.94373e-08
3.4068	2.53742e-08
3.4069	2.51645e-08
3.407	2.87999e-08
3.4071	2.56914e-08
3.4072	2.32565e-08
3.4073	3.29345e-08
3.4074	2.54877e-08
3.4075	2.33137e-08
3.4076	3.73946e-08
3.4077	3.41287e-08
3.4078	3.78456e-08
3.4079	2.91064e-08
3.408	3.32166e-08
3.4081	4.831e-08
3.4082	4.49887e-08
3.4083	4.31821e-08
3.4084	3.11902e-08
3.4085	3.03405e-08
3.4086	2.90085e-08
3.4087	3.48246e-08
3.4088	3.0286e-08
3.4089	2.58541e-08
3.409	2.4665e-08
3.4091	2.92388e-08
3.4092	2.74825e-08
3.4093	2.82135e-08
3.4094	3.00602e-08
3.4095	2.22773e-08
3.4096	2.90575e-08
3.4097	2.96984e-08
3.4098	2.58475e-08
3.4099	3.55323e-08
3.41	2.96983e-08
3.4101	4.15549e-08
3.4102	3.312e-08
3.4103	4.34968e-08
3.4104	3.57187e-08
3.4105	3.41721e-08
3.4106	2.95252e-08
3.4107	2.71935e-08
3.4108	3.36367e-08
3.4109	2.8417e-08
3.411	3.69729e-08
3.4111	3.31787e-08
3.4112	3.45974e-08
3.4113	2.90829e-08
3.4114	2.83879e-08
3.4115	3.69773e-08
3.4116	3.41901e-08
3.4117	2.6822e-08
3.4118	3.91459e-08
3.4119	3.32175e-08
3.412	3.40547e-08
3.4121	3.84381e-08
3.4122	2.77318e-08
3.4123	3.96349e-08
3.4124	4.00465e-08
3.4125	3.97543e-08
3.4126	3.43885e-08
3.4127	3.83456e-08
3.4128	3.00141e-08
3.4129	3.98793e-08
3.413	3.37323e-08
3.4131	3.359e-08
3.4132	2.87651e-08
3.4133	3.7694e-08
3.4134	2.15808e-08
3.4135	3.98073e-08
3.4136	3.43468e-08
3.4137	3.71009e-08
3.4138	3.79756e-08
3.4139	3.83222e-08
3.414	2.47071e-08
3.4141	2.64202e-08
3.4142	3.58094e-08
3.4143	2.71964e-08
3.4144	2.31903e-08
3.4145	3.02073e-08
3.4146	4.34905e-08
3.4147	4.32618e-08
3.4148	3.48414e-08
3.4149	2.8483e-08
3.415	3.587e-08
3.4151	3.73591e-08
3.4152	4.09302e-08
3.4153	2.9832e-08
3.4154	2.5983e-08
3.4155	3.11471e-08
3.4156	3.79693e-08
3.4157	3.06446e-08
3.4158	3.38824e-08
3.4159	2.75598e-08
3.416	3.24787e-08
3.4161	2.82501e-08
3.4162	3.19215e-08
3.4163	3.81714e-08
3.4164	3.85028e-08
3.4165	3.0848e-08
3.4166	2.94484e-08
3.4167	3.78219e-08
3.4168	2.58888e-08
3.4169	3.55086e-08
3.417	3.30799e-08
3.4171	2.72485e-08
3.4172	3.65816e-08
3.4173	3.44045e-08
3.4174	3.49719e-08
3.4175	3.44953e-08
3.4176	2.4804e-08
3.4177	3.10746e-08
3.4178	3.37427e-08
3.4179	3.79918e-08
3.418	3.72854e-08
3.4181	2.82152e-08
3.4182	3.88094e-08
3.4183	2.92707e-08
3.4184	3.27499e-08
3.4185	5.30757e-08
3.4186	3.64922e-08
3.4187	2.14841e-08
3.4188	2.74242e-08
3.4189	2.47361e-08
3.419	2.91319e-08
3.4191	3.62419e-08
3.4192	4.45168e-08
3.4193	4.07807e-08
3.4194	3.9915e-08
3.4195	3.63735e-08
3.4196	3.46757e-08
3.4197	3.60781e-08
3.4198	2.90629e-08
3.4199	2.75519e-08
3.42	3.10217e-08
3.4201	3.3225e-08
3.4202	3.1721e-08
3.4203	3.15147e-08
3.4204	3.97665e-08
3.4205	3.44217e-08
3.4206	3.39043e-08
3.4207	3.55501e-08
3.4208	2.38355e-08
3.4209	3.34283e-08
3.421	3.10472e-08
3.4211	2.76798e-08
3.4212	3.13869e-08
3.4213	4.34856e-08
3.4214	4.56359e-08
3.4215	4.27314e-08
3.4216	3.3772e-08
3.4217	3.59928e-08
3.4218	3.72223e-08
3.4219	3.66156e-08
3.422	3.55353e-08
3.4221	2.55175e-08
3.4222	3.93201e-08
3.4223	2.65195e-08
3.4224	3.25122e-08
3.4225	2.91522e-08
3.4226	3.87964e-08
3.4227	2.66712e-08
3.4228	2.84469e-08
3.4229	2.93678e-08
3.423	2.57832e-08
3.4231	3.54222e-08
3.4232	2.4739e-08
3.4233	2.96903e-08
3.4234	2.03226e-08
3.4235	2.21186e-08
3.4236	3.04055e-08
3.4237	3.32909e-08
3.4238	3.78172e-08
3.4239	4.0308e-08
3.424	4.06586e-08
3.4241	3.97826e-08
3.4242	3.11306e-08
3.4243	3.10312e-08
3.4244	2.24405e-08
3.4245	3.07065e-08
3.4246	3.54925e-08
3.4247	3.38982e-08
3.4248	2.84857e-08
3.4249	2.98571e-08
3.425	4.38253e-08
3.4251	2.7922e-08
3.4252	2.34385e-08
3.4253	2.93439e-08
3.4254	2.98287e-08
3.4255	2.83569e-08
3.4256	2.28822e-08
3.4257	2.89087e-08
3.4258	3.25414e-08
3.4259	3.33834e-08
3.426	3.049e-08
3.4261	2.41671e-08
3.4262	3.44716e-08
3.4263	3.2369e-08
3.4264	3.21732e-08
3.4265	2.28733e-08
3.4266	3.4457e-08
3.4267	2.41688e-08
3.4268	3.34257e-08
3.4269	2.52e-08
3.427	3.50588e-08
3.4271	3.95278e-08
3.4272	2.82516e-08
3.4273	2.39711e-08
3.4274	2.26664e-08
3.4275	2.73385e-08
3.4276	2.4557e-08
3.4277	2.54235e-08
3.4278	2.15024e-08
3.4279	2.22519e-08
3.428	2.97055e-08
3.4281	3.92688e-08
3.4282	2.1036e-08
3.4283	2.95866e-08
3.4284	3.73559e-08
3.4285	3.24849e-08
3.4286	4.3639e-08
3.4287	3.51138e-08
3.4288	2.79734e-08
3.4289	2.82516e-08
3.429	2.57648e-08
3.4291	2.93456e-08
3.4292	3.42112e-08
3.4293	2.69417e-08
3.4294	3.4138e-08
3.4295	3.32336e-08
3.4296	2.68351e-08
3.4297	3.06632e-08
3.4298	3.71786e-08
3.4299	2.7548e-08
3.43	3.04698e-08
3.4301	2.33862e-08
3.4302	3.18272e-08
3.4303	3.27368e-08
3.4304	2.21213e-08
3.4305	3.43043e-08
3.4306	2.89133e-08
3.4307	4.80907e-08
3.4308	3.61891e-08
3.4309	2.571e-08
3.431	3.16791e-08
3.4311	3.41774e-08
3.4312	3.11326e-08
3.4313	3.72943e-08
3.4314	2.0604e-08
3.4315	2.71307e-08
3.4316	3.23511e-08
3.4317	4.04337e-08
3.4318	3.70007e-08
3.4319	3.66834e-08
3.432	2.86057e-08
3.4321	2.5736e-08
3.4322	2.48844e-08
3.4323	3.82392e-08
3.4324	3.12677e-08
3.4325	3.73239e-08
3.4326	2.67806e-08
3.4327	3.02913e-08
3.4328	2.89088e-08
3.4329	3.81063e-08
3.433	3.39659e-08
3.4331	3.792e-08
3.4332	3.63295e-08
3.4333	2.6961e-08
3.4334	4.36666e-08
3.4335	3.60439e-08
3.4336	3.69149e-08
3.4337	2.67134e-08
3.4338	2.712e-08
3.4339	2.51832e-08
3.434	2.99983e-08
3.4341	3.48228e-08
3.4342	3.0304e-08
3.4343	2.84644e-08
3.4344	3.31697e-08
3.4345	4.29658e-08
3.4346	4.64496e-08
3.4347	3.62506e-08
3.4348	3.46514e-08
3.4349	3.26153e-08
3.435	3.95909e-08
3.4351	2.70438e-08
3.4352	3.8129e-08
3.4353	3.79335e-08
3.4354	3.44023e-08
3.4355	3.15309e-08
3.4356	3.05112e-08
3.4357	2.52196e-08
3.4358	3.20539e-08
3.4359	3.41987e-08
3.436	3.46801e-08
3.4361	2.70723e-08
3.4362	3.59183e-08
3.4363	2.63771e-08
3.4364	2.72619e-08
3.4365	3.11502e-08
3.4366	3.02147e-08
3.4367	3.59542e-08
3.4368	3.71027e-08
3.4369	3.4462e-08
3.437	4.05059e-08
3.4371	4.04644e-08
3.4372	3.20936e-08
3.4373	3.43877e-08
3.4374	4.6523e-08
3.4375	3.86353e-08
3.4376	2.84032e-08
3.4377	3.14148e-08
3.4378	2.58144e-08
3.4379	2.70746e-08
3.438	3.16732e-08
3.4381	3.49196e-08
3.4382	3.07173e-08
3.4383	2.85344e-08
3.4384	2.71062e-08
3.4385	2.7932e-08
3.4386	3.24256e-08
3.4387	2.78961e-08
3.4388	3.43609e-08
3.4389	3.30883e-08
3.439	2.55727e-08
3.4391	4.07174e-08
3.4392	3.77419e-08
3.4393	4.84343e-08
3.4394	3.07998e-08
3.4395	3.97898e-08
3.4396	4.16428e-08
3.4397	4.4974e-08
3.4398	4.34225e-08
3.4399	2.59488e-08
3.44	2.92335e-08
3.4401	3.81445e-08
3.4402	3.63014e-08
3.4403	2.90407e-08
3.4404	2.78645e-08
3.4405	2.38081e-08
3.4406	2.66795e-08
3.4407	3.28145e-08
3.4408	2.47176e-08
3.4409	2.64172e-08
3.441	2.27134e-08
3.4411	3.37813e-08
3.4412	4.24696e-08
3.4413	4.00261e-08
3.4414	2.48847e-08
3.4415	4.09834e-08
3.4416	5.11125e-08
3.4417	3.27083e-08
3.4418	3.38985e-08
3.4419	3.36509e-08
3.442	4.6706e-08
3.4421	3.48308e-08
3.4422	3.28805e-08
3.4423	3.18835e-08
3.4424	3.16836e-08
3.4425	2.36188e-08
3.4426	2.38763e-08
3.4427	2.41772e-08
3.4428	4.00966e-08
3.4429	2.77739e-08
3.443	2.14668e-08
3.4431	2.06704e-08
3.4432	2.25186e-08
3.4433	2.29921e-08
3.4434	3.34325e-08
3.4435	3.14409e-08
3.4436	3.26663e-08
3.4437	3.64585e-08
3.4438	4.145e-08
3.4439	5.05812e-08
3.444	3.22306e-08
3.4441	3.08521e-08
3.4442	3.56011e-08
3.4443	4.02875e-08
3.4444	2.67032e-08
3.4445	3.07845e-08
3.4446	2.46548e-08
3.4447	2.80469e-08
3.4448	2.71805e-08
3.4449	3.05093e-08
3.445	3.28088e-08
3.4451	2.8959e-08
3.4452	2.90184e-08
3.4453	3.23175e-08
3.4454	2.03674e-08
3.4455	3.02378e-08
3.4456	3.41721e-08
3.4457	2.93106e-08
3.4458	3.57961e-08
3.4459	3.2304e-08
3.446	3.8357e-08
3.4461	3.49175e-08
3.4462	3.27074e-08
3.4463	3.19693e-08
3.4464	3.83057e-08
3.4465	3.98157e-08
3.4466	2.70858e-08
3.4467	3.14807e-08
3.4468	3.15723e-08
3.4469	3.26688e-08
3.447	2.1743e-08
3.4471	2.64366e-08
3.4472	3.38493e-08
3.4473	3.01407e-08
3.4474	2.48827e-08
3.4475	3.52299e-08
3.4476	3.8432e-08
3.4477	3.182e-08
3.4478	3.62389e-08
3.4479	2.27993e-08
3.448	4.1453e-08
3.4481	3.91811e-08
3.4482	3.70914e-08
3.4483	2.88665e-08
3.4484	3.33108e-08
3.4485	3.82713e-08
3.4486	3.31519e-08
3.4487	3.39839e-08
3.4488	3.50206e-08
3.4489	2.89159e-08
3.449	3.64702e-08
3.4491	2.26488e-08
3.4492	3.16833e-08
3.4493	4.20358e-08
3.4494	3.7547e-08
3.4495	2.65571e-08
3.4496	3.41039e-08
3.4497	3.31106e-08
3.4498	3.5236e-08
3.4499	3.16395e-08
3.45	2.3596e-08
3.4501	2.47819e-08
3.4502	2.9486e-08
3.4503	4.41603e-08
3.4504	3.73932e-08
3.4505	2.84963e-08
3.4506	3.03379e-08
3.4507	3.38752e-08
3.4508	3.60751e-08
3.4509	4.45402e-08
3.451	2.63432e-08
3.4511	3.16836e-08
3.4512	3.14042e-08
3.4513	3.74034e-08
3.4514	3.24735e-08
3.4515	2.48337e-08
3.4516	2.23752e-08
3.4517	3.32947e-08
3.4518	3.52105e-08
3.4519	2.87814e-08
3.452	3.25728e-08
3.4521	3.48299e-08
3.4522	2.32809e-08
3.4523	2.8099e-08
3.4524	3.50847e-08
3.4525	2.498e-08
3.4526	3.03942e-08
3.4527	3.22052e-08
3.4528	3.42598e-08
3.4529	4.51133e-08
3.453	3.76834e-08
3.4531	2.87205e-08
3.4532	3.55025e-08
3.4533	2.39571e-08
3.4534	3.34664e-08
3.4535	4.06604e-08
3.4536	3.74893e-08
3.4537	3.42828e-08
3.4538	2.88975e-08
3.4539	3.53266e-08
3.454	2.76111e-08
3.4541	2.67371e-08
3.4542	4.15471e-08
3.4543	3.23233e-08
3.4544	3.09737e-08
3.4545	3.00672e-08
3.4546	2.24183e-08
3.4547	2.48145e-08
3.4548	3.22045e-08
3.4549	4.17801e-08
3.455	3.76357e-08
3.4551	4.39873e-08
3.4552	4.59925e-08
3.4553	4.58782e-08
3.4554	4.13415e-08
3.4555	2.88125e-08
3.4556	2.28804e-08
3.4557	2.83485e-08
3.4558	3.66835e-08
3.4559	3.2825e-08
3.456	3.51345e-08
3.4561	4.42718e-08
3.4562	3.62227e-08
3.4563	2.87331e-08
3.4564	3.9677e-08
3.4565	2.5989e-08
3.4566	3.13326e-08
3.4567	2.34358e-08
3.4568	2.66575e-08
3.4569	3.17452e-08
3.457	3.96301e-08
3.4571	4.00223e-08
3.4572	3.92794e-08
3.4573	3.14764e-08
3.4574	3.32376e-08
3.4575	3.78619e-08
3.4576	3.30591e-08
3.4577	3.54338e-08
3.4578	3.1747e-08
3.4579	3.57605e-08
3.458	3.07771e-08
3.4581	3.68819e-08
3.4582	2.95729e-08
3.4583	3.6331e-08
3.4584	3.73666e-08
3.4585	3.47484e-08
3.4586	2.98305e-08
3.4587	2.55872e-08
3.4588	3.32405e-08
3.4589	3.39084e-08
3.459	2.51773e-08
3.4591	2.14891e-08
3.4592	2.5383e-08
3.4593	2.75478e-08
3.4594	3.50649e-08
3.4595	3.71198e-08
3.4596	4.18346e-08
3.4597	4.0217e-08
3.4598	3.62285e-08
3.4599	2.80173e-08
3.46	3.39417e-08
3.4601	2.83781e-08
3.4602	3.24719e-08
3.4603	2.93491e-08
3.4604	3.29687e-08
3.4605	2.72204e-08
3.4606	2.80938e-08
3.4607	3.68496e-08
3.4608	2.18388e-08
3.4609	2.87961e-08
3.461	2.95637e-08
3.4611	3.33442e-08
3.4612	3.30408e-08
3.4613	1.89307e-08
3.4614	2.88223e-08
3.4615	3.58764e-08
3.4616	3.67131e-08
3.4617	2.83833e-08
3.4618	2.60152e-08
3.4619	3.96462e-08
3.462	3.29329e-08
3.4621	3.09003e-08
3.4622	2.5414e-08
3.4623	3.67509e-08
3.4624	2.29381e-08
3.4625	3.70688e-08
3.4626	3.03197e-08
3.4627	3.41991e-08
3.4628	4.50266e-08
3.4629	2.90176e-08
3.463	2.13739e-08
3.4631	2.47166e-08
3.4632	2.90356e-08
3.4633	2.83628e-08
3.4634	2.64147e-08
3.4635	2.12626e-08
3.4636	2.44067e-08
3.4637	3.27615e-08
3.4638	3.21299e-08
3.4639	2.08771e-08
3.464	2.8861e-08
3.4641	3.81439e-08
3.4642	3.28548e-08
3.4643	4.37507e-08
3.4644	2.62739e-08
3.4645	2.82899e-08
3.4646	2.97465e-08
3.4647	2.98865e-08
3.4648	2.44556e-08
3.4649	3.10837e-08
3.465	2.89023e-08
3.4651	3.25466e-08
3.4652	3.21965e-08
3.4653	2.2609e-08
3.4654	2.24555e-08
3.4655	4.32806e-08
3.4656	2.44739e-08
3.4657	2.8627e-08
3.4658	2.23714e-08
3.4659	3.86193e-08
3.466	3.36532e-08
3.4661	2.51628e-08
3.4662	3.21175e-08
3.4663	2.9683e-08
3.4664	4.69725e-08
3.4665	3.99467e-08
3.4666	2.78516e-08
3.4667	2.54698e-08
3.4668	3.33846e-08
3.4669	2.79155e-08
3.467	3.08185e-08
3.4671	1.98823e-08
3.4672	2.83795e-08
3.4673	4.68345e-08
3.4674	3.77264e-08
3.4675	4.06238e-08
3.4676	3.16131e-08
3.4677	2.83037e-08
3.4678	2.47547e-08
3.4679	2.75585e-08
3.468	4.22899e-08
3.4681	2.70273e-08
3.4682	4.25327e-08
3.4683	2.51366e-08
3.4684	2.58612e-08
3.4685	3.05946e-08
3.4686	3.33628e-08
3.4687	3.17297e-08
3.4688	4.11505e-08
3.4689	4.05388e-08
3.469	3.56652e-08
3.4691	3.29183e-08
3.4692	2.56519e-08
3.4693	3.42068e-08
3.4694	2.62351e-08
3.4695	2.76161e-08
3.4696	2.60858e-08
3.4697	3.0292e-08
3.4698	2.59839e-08
3.4699	2.90908e-08
3.47	3.30012e-08
3.4701	4.29615e-08
3.4702	3.76151e-08
3.4703	3.97359e-08
3.4704	3.59322e-08
3.4705	4.35532e-08
3.4706	4.04256e-08
3.4707	2.82867e-08
3.4708	2.76581e-08
3.4709	4.04197e-08
3.471	3.59331e-08
3.4711	3.85361e-08
3.4712	2.66393e-08
3.4713	3.23665e-08
3.4714	2.38039e-08
3.4715	3.23858e-08
3.4716	3.42651e-08
3.4717	3.31537e-08
3.4718	3.35751e-08
3.4719	2.92853e-08
3.472	2.12709e-08
3.4721	3.05948e-08
3.4722	3.31841e-08
3.4723	3.4752e-08
3.4724	3.84274e-08
3.4725	2.91706e-08
3.4726	4.34313e-08
3.4727	4.14424e-08
3.4728	3.45025e-08
3.4729	2.91526e-08
3.473	3.97727e-08
3.4731	4.6698e-08
3.4732	3.50551e-08
3.4733	2.68579e-08
3.4734	2.96408e-08
3.4735	2.99377e-08
3.4736	2.86814e-08
3.4737	3.27235e-08
3.4738	3.56262e-08
3.4739	3.23252e-08
3.474	2.37395e-08
3.4741	2.05432e-08
3.4742	1.99018e-08
3.4743	2.88123e-08
3.4744	3.73511e-08
3.4745	3.46374e-08
3.4746	2.98757e-08
3.4747	3.66315e-08
3.4748	4.40324e-08
3.4749	3.21783e-08
3.475	4.03178e-08
3.4751	3.10162e-08
3.4752	4.55793e-08
3.4753	3.03294e-08
3.4754	4.14168e-08
3.4755	4.97646e-08
3.4756	2.40619e-08
3.4757	2.4987e-08
3.4758	3.26356e-08
3.4759	3.31834e-08
3.476	2.90733e-08
3.4761	2.08346e-08
3.4762	1.94995e-08
3.4763	2.73944e-08
3.4764	2.88947e-08
3.4765	2.39611e-08
3.4766	2.63344e-08
3.4767	2.63243e-08
3.4768	3.22443e-08
3.4769	4.48188e-08
3.477	3.47364e-08
3.4771	3.37874e-08
3.4772	4.31115e-08
3.4773	4.75339e-08
3.4774	3.93329e-08
3.4775	4.2169e-08
3.4776	2.81025e-08
3.4777	3.33895e-08
3.4778	3.46692e-08
3.4779	3.81283e-08
3.478	3.22561e-08
3.4781	3.21919e-08
3.4782	2.7153e-08
3.4783	2.66217e-08
3.4784	2.46685e-08
3.4785	2.7418e-08
3.4786	2.54705e-08
3.4787	1.76432e-08
3.4788	2.13686e-08
3.4789	2.50009e-08
3.479	3.03502e-08
3.4791	3.78718e-08
3.4792	3.36385e-08
3.4793	3.53547e-08
3.4794	3.15991e-08
3.4795	4.35064e-08
3.4796	3.33695e-08
3.4797	3.85427e-08
3.4798	3.85145e-08
3.4799	3.33576e-08
3.48	3.56473e-08
3.4801	3.4917e-08
3.4802	2.9726e-08
3.4803	2.70603e-08
3.4804	2.30403e-08
3.4805	3.14239e-08
3.4806	3.24841e-08
3.4807	2.36809e-08
3.4808	2.99672e-08
3.4809	2.2152e-08
3.481	2.89258e-08
3.4811	2.05288e-08
3.4812	3.27054e-08
3.4813	2.60111e-08
3.4814	3.30055e-08
3.4815	4.07489e-08
3.4816	3.39903e-08
3.4817	4.07488e-08
3.4818	3.4063e-08
3.4819	3.54505e-08
3.482	3.47582e-08
3.4821	4.01247e-08
3.4822	4.25367e-08
3.4823	2.84618e-08
3.4824	3.58381e-08
3.4825	3.23988e-08
3.4826	2.4623e-08
3.4827	2.84653e-08
3.4828	2.83964e-08
3.4829	3.86375e-08
3.483	3.47134e-08
3.4831	2.53308e-08
3.4832	3.45583e-08
3.4833	3.40671e-08
3.4834	3.7241e-08
3.4835	4.32429e-08
3.4836	2.92942e-08
3.4837	3.68102e-08
3.4838	3.96925e-08
3.4839	3.23151e-08
3.484	2.12928e-08
3.4841	3.13758e-08
3.4842	4.26937e-08
3.4843	3.33231e-08
3.4844	3.53077e-08
3.4845	3.2686e-08
3.4846	2.67728e-08
3.4847	3.2128e-08
3.4848	2.35845e-08
3.4849	3.44206e-08
3.485	3.289e-08
3.4851	2.91281e-08
3.4852	3.06858e-08
3.4853	3.31992e-08
3.4854	2.97342e-08
3.4855	2.97823e-08
3.4856	3.83704e-08
3.4857	2.67939e-08
3.4858	2.06933e-08
3.4859	2.93566e-08
3.486	4.41962e-08
3.4861	4.54208e-08
3.4862	3.64195e-08
3.4863	3.13594e-08
3.4864	3.7359e-08
3.4865	3.76958e-08
3.4866	3.37534e-08
3.4867	2.58719e-08
3.4868	2.78603e-08
3.4869	3.17488e-08
3.487	3.13819e-08
3.4871	2.50653e-08
3.4872	3.54202e-08
3.4873	3.11612e-08
3.4874	3.35039e-08
3.4875	2.69712e-08
3.4876	2.93013e-08
3.4877	3.17331e-08
3.4878	3.89978e-08
3.4879	2.50448e-08
3.488	3.3351e-08
3.4881	4.35346e-08
3.4882	3.14287e-08
3.4883	2.97694e-08
3.4884	3.57638e-08
3.4885	2.80801e-08
3.4886	3.66829e-08
3.4887	3.73819e-08
3.4888	3.14017e-08
3.4889	2.75382e-08
3.489	2.64714e-08
3.4891	3.18248e-08
3.4892	4.03643e-08
3.4893	3.61626e-08
3.4894	3.70866e-08
3.4895	3.03002e-08
3.4896	3.29429e-08
3.4897	2.74673e-08
3.4898	3.96271e-08
3.4899	4.28582e-08
3.49	2.94559e-08
3.4901	2.29142e-08
3.4902	2.75575e-08
3.4903	2.74607e-08
3.4904	2.53346e-08
3.4905	3.3054e-08
3.4906	4.39404e-08
3.4907	3.91114e-08
3.4908	4.10661e-08
3.4909	4.15979e-08
3.491	3.55674e-08
3.4911	4.11985e-08
3.4912	2.69283e-08
3.4913	2.72988e-08
3.4914	2.87438e-08
3.4915	3.70947e-08
3.4916	3.18058e-08
3.4917	3.49905e-08
3.4918	3.81207e-08
3.4919	2.61309e-08
3.492	3.11351e-08
3.4921	4.11926e-08
3.4922	2.47749e-08
3.4923	2.58067e-08
3.4924	2.98391e-08
3.4925	2.99261e-08
3.4926	2.75207e-08
3.4927	4.1734e-08
3.4928	3.94947e-08
3.4929	3.84788e-08
3.493	3.2796e-08
3.4931	3.72598e-08
3.4932	4.17644e-08
3.4933	3.44181e-08
3.4934	3.1154e-08
3.4935	3.20791e-08
3.4936	3.6634e-08
3.4937	3.6327e-08
3.4938	3.21987e-08
3.4939	2.99366e-08
3.494	2.5141e-08
3.4941	3.31079e-08
3.4942	3.0533e-08
3.4943	3.55168e-08
3.4944	2.92346e-08
3.4945	3.07987e-08
3.4946	2.59669e-08
3.4947	3.09886e-08
3.4948	2.05059e-08
3.4949	2.35501e-08
3.495	2.96465e-08
3.4951	3.33016e-08
3.4952	3.66228e-08
3.4953	4.13777e-08
3.4954	3.57466e-08
3.4955	2.90062e-08
3.4956	3.13874e-08
3.4957	3.33159e-08
3.4958	2.96576e-08
3.4959	2.84481e-08
3.496	3.52229e-08
3.4961	3.3183e-08
3.4962	2.54607e-08
3.4963	3.16096e-08
3.4964	4.02248e-08
3.4965	2.26908e-08
3.4966	2.74527e-08
3.4967	2.88603e-08
3.4968	2.89278e-08
3.4969	3.01753e-08
3.497	2.42832e-08
3.4971	2.56329e-08
3.4972	3.40316e-08
3.4973	3.79196e-08
3.4974	3.18554e-08
3.4975	2.55303e-08
3.4976	3.47123e-08
3.4977	2.96679e-08
3.4978	2.57137e-08
3.4979	2.39405e-08
3.498	3.66992e-08
3.4981	2.22006e-08
3.4982	3.5087e-08
3.4983	3.12361e-08
3.4984	3.01002e-08
3.4985	4.00916e-08
3.4986	2.37463e-08
3.4987	2.31414e-08
3.4988	2.99808e-08
3.4989	2.36477e-08
3.499	2.68886e-08
3.4991	2.67353e-08
3.4992	2.33497e-08
3.4993	2.25969e-08
3.4994	2.96248e-08
3.4995	4.21638e-08
3.4996	2.19336e-08
3.4997	3.01743e-08
3.4998	3.70845e-08
3.4999	4.4805e-08
3.5	4.48461e-08
3.5001	2.15726e-08
3.5002	2.27559e-08
3.5003	3.34337e-08
3.5004	2.38737e-08
3.5005	2.82783e-08
3.5006	3.30646e-08
3.5007	2.47007e-08
3.5008	3.8438e-08
3.5009	3.45121e-08
3.501	2.92256e-08
3.5011	4.6732e-08
3.5012	3.80957e-08
3.5013	2.97755e-08
3.5014	2.90861e-08
3.5015	2.46492e-08
3.5016	3.2696e-08
3.5017	3.44714e-08
3.5018	2.26974e-08
3.5019	3.42452e-08
3.502	3.02492e-08
3.5021	4.7435e-08
3.5022	3.26313e-08
3.5023	2.63318e-08
3.5024	2.93846e-08
3.5025	2.53767e-08
3.5026	2.80235e-08
3.5027	3.14973e-08
3.5028	2.499e-08
3.5029	2.86533e-08
3.503	2.79956e-08
3.5031	3.85781e-08
3.5032	4.43272e-08
3.5033	3.48225e-08
3.5034	3.56563e-08
3.5035	3.00304e-08
3.5036	2.57147e-08
3.5037	3.96493e-08
3.5038	2.74004e-08
3.5039	3.28726e-08
3.504	2.02004e-08
3.5041	2.62478e-08
3.5042	3.15773e-08
3.5043	2.94888e-08
3.5044	3.38783e-08
3.5045	3.75673e-08
3.5046	3.13564e-08
3.5047	2.87942e-08
3.5048	3.48493e-08
3.5049	3.66101e-08
3.505	3.46144e-08
3.5051	2.5333e-08
3.5052	2.54462e-08
3.5053	2.83092e-08
3.5054	2.57137e-08
3.5055	3.28176e-08
3.5056	3.21611e-08
3.5057	3.05626e-08
3.5058	3.82644e-08
3.5059	4.32955e-08
3.506	3.86236e-08
3.5061	3.84623e-08
3.5062	3.66639e-08
3.5063	2.70039e-08
3.5064	3.69272e-08
3.5065	2.70811e-08
3.5066	3.0462e-08
3.5067	3.9399e-08
3.5068	3.48533e-08
3.5069	2.99463e-08
3.507	3.04123e-08
3.5071	3.06615e-08
3.5072	3.25385e-08
3.5073	3.40417e-08
3.5074	3.26598e-08
3.5075	3.00142e-08
3.5076	3.36919e-08
3.5077	2.61141e-08
3.5078	3.20995e-08
3.5079	2.7209e-08
3.508	3.08223e-08
3.5081	3.76658e-08
3.5082	3.78692e-08
3.5083	3.80053e-08
3.5084	3.98481e-08
3.5085	3.74645e-08
3.5086	3.00265e-08
3.5087	3.65885e-08
3.5088	4.34356e-08
3.5089	3.60077e-08
3.509	2.81217e-08
3.5091	2.67975e-08
3.5092	2.59095e-08
3.5093	2.44955e-08
3.5094	2.72315e-08
3.5095	3.46788e-08
3.5096	3.16804e-08
3.5097	2.69326e-08
3.5098	2.31796e-08
3.5099	2.09776e-08
3.51	2.49052e-08
3.5101	3.34104e-08
3.5102	3.59783e-08
3.5103	4.18532e-08
3.5104	2.86543e-08
3.5105	4.31558e-08
3.5106	3.81793e-08
3.5107	4.77904e-08
3.5108	3.73676e-08
3.5109	4.703e-08
3.511	3.361e-08
3.5111	3.34546e-08
3.5112	5.04416e-08
3.5113	2.92548e-08
3.5114	3.42319e-08
3.5115	3.57906e-08
3.5116	2.55172e-08
3.5117	2.93925e-08
3.5118	2.2295e-08
3.5119	2.12772e-08
3.512	2.73779e-08
3.5121	2.76038e-08
3.5122	2.80157e-08
3.5123	2.66007e-08
3.5124	2.59315e-08
3.5125	3.39487e-08
3.5126	4.60004e-08
3.5127	3.83037e-08
3.5128	2.99269e-08
3.5129	4.28893e-08
3.513	3.85055e-08
3.5131	4.35826e-08
3.5132	3.2844e-08
3.5133	3.22157e-08
3.5134	3.44673e-08
3.5135	3.67455e-08
3.5136	3.45918e-08
3.5137	3.32604e-08
3.5138	2.91291e-08
3.5139	3.05713e-08
3.514	2.21042e-08
3.5141	2.728e-08
3.5142	2.86602e-08
3.5143	2.54229e-08
3.5144	3.518e-08
3.5145	1.88781e-08
3.5146	2.37124e-08
3.5147	3.01977e-08
3.5148	3.2705e-08
3.5149	3.90236e-08
3.515	2.70186e-08
3.5151	3.72497e-08
3.5152	3.96909e-08
3.5153	5.16151e-08
3.5154	3.5976e-08
3.5155	3.20501e-08
3.5156	3.7072e-08
3.5157	3.81624e-08
3.5158	2.99337e-08
3.5159	3.05454e-08
3.516	2.49388e-08
3.5161	2.40636e-08
3.5162	2.81948e-08
3.5163	3.10385e-08
3.5164	3.72042e-08
3.5165	2.81886e-08
3.5166	3.23316e-08
3.5167	3.12792e-08
3.5168	2.10846e-08
3.5169	3.0838e-08
3.517	2.6865e-08
3.5171	3.22911e-08
3.5172	3.34123e-08
3.5173	3.67994e-08
3.5174	4.4078e-08
3.5175	2.80519e-08
3.5176	3.32111e-08
3.5177	3.35077e-08
3.5178	3.66473e-08
3.5179	3.9239e-08
3.518	2.79651e-08
3.5181	3.71799e-08
3.5182	2.98696e-08
3.5183	2.47695e-08
3.5184	2.40205e-08
3.5185	3.0207e-08
3.5186	3.21896e-08
3.5187	3.49056e-08
3.5188	2.39193e-08
3.5189	3.26533e-08
3.519	3.59114e-08
3.5191	3.64334e-08
3.5192	3.86125e-08
3.5193	2.97174e-08
3.5194	3.79459e-08
3.5195	3.23051e-08
3.5196	3.87223e-08
3.5197	1.99629e-08
3.5198	3.76535e-08
3.5199	2.75667e-08
3.52	2.92338e-08
3.5201	3.57015e-08
3.5202	3.46362e-08
3.5203	3.35614e-08
3.5204	3.75112e-08
3.5205	2.15281e-08
3.5206	3.50421e-08
3.5207	4.0411e-08
3.5208	3.84502e-08
3.5209	2.57066e-08
3.521	3.84924e-08
3.5211	3.33033e-08
3.5212	4.08466e-08
3.5213	2.27239e-08
3.5214	2.92542e-08
3.5215	2.25579e-08
3.5216	3.57752e-08
3.5217	4.78232e-08
3.5218	3.77355e-08
3.5219	2.73435e-08
3.522	3.25922e-08
3.5221	3.02536e-08
3.5222	4.78377e-08
3.5223	4.20459e-08
3.5224	2.95831e-08
3.5225	3.263e-08
3.5226	2.6813e-08
3.5227	3.63706e-08
3.5228	2.92743e-08
3.5229	2.8806e-08
3.523	2.83714e-08
3.5231	3.16212e-08
3.5232	3.40089e-08
3.5233	3.24403e-08
3.5234	3.35531e-08
3.5235	2.94329e-08
3.5236	2.26224e-08
3.5237	3.04927e-08
3.5238	3.76373e-08
3.5239	3.19112e-08
3.524	2.92058e-08
3.5241	3.30995e-08
3.5242	2.86361e-08
3.5243	4.22146e-08
3.5244	3.79448e-08
3.5245	3.3564e-08
3.5246	3.2041e-08
3.5247	2.27978e-08
3.5248	3.05734e-08
3.5249	3.4309e-08
3.525	3.14949e-08
3.5251	3.66277e-08
3.5252	3.41212e-08
3.5253	3.62958e-08
3.5254	2.64419e-08
3.5255	2.93914e-08
3.5256	5.16813e-08
3.5257	2.83811e-08
3.5258	3.31233e-08
3.5259	2.65059e-08
3.526	2.49222e-08
3.5261	2.64845e-08
3.5262	3.65205e-08
3.5263	4.60193e-08
3.5264	3.05104e-08
3.5265	4.47291e-08
3.5266	4.10988e-08
3.5267	4.21492e-08
3.5268	4.46098e-08
3.5269	3.57679e-08
3.527	2.4757e-08
3.5271	2.91321e-08
3.5272	3.53283e-08
3.5273	3.61763e-08
3.5274	3.7486e-08
3.5275	3.75915e-08
3.5276	3.29697e-08
3.5277	2.8984e-08
3.5278	4.22492e-08
3.5279	2.43424e-08
3.528	3.07757e-08
3.5281	2.64405e-08
3.5282	3.09731e-08
3.5283	3.30731e-08
3.5284	3.88845e-08
3.5285	4.21786e-08
3.5286	4.31962e-08
3.5287	4.11993e-08
3.5288	3.87922e-08
3.5289	3.45328e-08
3.529	3.83312e-08
3.5291	2.6278e-08
3.5292	3.10056e-08
3.5293	3.32457e-08
3.5294	3.355e-08
3.5295	3.59221e-08
3.5296	2.91471e-08
3.5297	3.75245e-08
3.5298	3.59463e-08
3.5299	3.44101e-08
3.53	3.35722e-08
3.5301	2.72824e-08
3.5302	2.97069e-08
3.5303	3.04287e-08
3.5304	2.38192e-08
3.5305	2.0739e-08
3.5306	2.90979e-08
3.5307	3.04735e-08
3.5308	2.9949e-08
3.5309	3.56335e-08
3.531	4.14053e-08
3.5311	3.63565e-08
3.5312	4.12505e-08
3.5313	2.6892e-08
3.5314	3.39311e-08
3.5315	3.51503e-08
3.5316	2.69962e-08
3.5317	2.58013e-08
3.5318	3.30702e-08
3.5319	2.9464e-08
3.532	2.63562e-08
3.5321	3.09989e-08
3.5322	1.94403e-08
3.5323	3.12285e-08
3.5324	3.26708e-08
3.5325	2.85145e-08
3.5326	2.57248e-08
3.5327	2.31338e-08
3.5328	2.44788e-08
3.5329	3.95833e-08
3.533	3.69728e-08
3.5331	2.89979e-08
3.5332	2.77438e-08
3.5333	3.3157e-08
3.5334	3.52921e-08
3.5335	2.90604e-08
3.5336	2.23867e-08
3.5337	3.05451e-08
3.5338	2.40212e-08
3.5339	3.03149e-08
3.534	3.33057e-08
3.5341	3.51487e-08
3.5342	4.05607e-08
3.5343	2.66404e-08
3.5344	2.06369e-08
3.5345	2.45257e-08
3.5346	2.29394e-08
3.5347	2.73582e-08
3.5348	2.59058e-08
3.5349	2.2859e-08
3.535	2.54704e-08
3.5351	3.14795e-08
3.5352	4.47649e-08
3.5353	2.18946e-08
3.5354	2.78249e-08
3.5355	4.01287e-08
3.5356	4.68181e-08
3.5357	3.3825e-08
3.5358	2.64661e-08
3.5359	2.18629e-08
3.536	3.00813e-08
3.5361	2.38269e-08
3.5362	2.70731e-08
3.5363	4.3027e-08
3.5364	2.47729e-08
3.5365	3.79602e-08
3.5366	3.37437e-08
3.5367	2.59004e-08
3.5368	3.99003e-08
3.5369	3.52156e-08
3.537	2.30361e-08
3.5371	2.33897e-08
3.5372	2.34538e-08
3.5373	2.79457e-08
3.5374	3.3995e-08
3.5375	2.16262e-08
3.5376	2.8579e-08
3.5377	2.9709e-08
3.5378	4.02625e-08
3.5379	2.86801e-08
3.538	2.9512e-08
3.5381	3.54446e-08
3.5382	3.06454e-08
3.5383	3.19753e-08
3.5384	3.51045e-08
3.5385	2.1327e-08
3.5386	2.52139e-08
3.5387	3.25096e-08
3.5388	3.01261e-08
3.5389	3.71852e-08
3.539	2.72982e-08
3.5391	3.02441e-08
3.5392	3.01046e-08
3.5393	3.4059e-08
3.5394	3.4817e-08
3.5395	3.53712e-08
3.5396	3.23354e-08
3.5397	2.18534e-08
3.5398	2.45718e-08
3.5399	3.12595e-08
3.54	3.26392e-08
3.5401	3.08031e-08
3.5402	2.74344e-08
3.5403	3.23032e-08
3.5404	3.1746e-08
3.5405	3.18278e-08
3.5406	3.3286e-08
3.5407	2.99674e-08
3.5408	2.56947e-08
3.5409	3.01377e-08
3.541	2.46291e-08
3.5411	2.90803e-08
3.5412	3.09913e-08
3.5413	3.78182e-08
3.5414	3.84651e-08
3.5415	3.64061e-08
3.5416	3.84941e-08
3.5417	4.16499e-08
3.5418	3.15486e-08
3.5419	4.04552e-08
3.542	3.64003e-08
3.5421	3.49381e-08
3.5422	3.33615e-08
3.5423	2.84735e-08
3.5424	4.2902e-08
3.5425	3.6571e-08
3.5426	2.70239e-08
3.5427	2.72146e-08
3.5428	3.22368e-08
3.5429	2.4615e-08
3.543	3.86343e-08
3.5431	3.42495e-08
3.5432	3.07748e-08
3.5433	2.54339e-08
3.5434	2.04381e-08
3.5435	2.81182e-08
3.5436	3.15304e-08
3.5437	3.34183e-08
3.5438	4.10848e-08
3.5439	2.90525e-08
3.544	4.40349e-08
3.5441	4.23704e-08
3.5442	2.94129e-08
3.5443	2.96661e-08
3.5444	3.83763e-08
3.5445	3.58612e-08
3.5446	4.56307e-08
3.5447	2.49834e-08
3.5448	2.95819e-08
3.5449	3.14787e-08
3.545	3.60087e-08
3.5451	3.5612e-08
3.5452	3.40858e-08
3.5453	3.19655e-08
3.5454	2.70068e-08
3.5455	2.22796e-08
3.5456	2.17683e-08
3.5457	2.45337e-08
3.5458	3.33051e-08
3.5459	3.19793e-08
3.546	2.82489e-08
3.5461	2.89516e-08
3.5462	4.74107e-08
3.5463	3.06073e-08
3.5464	4.24753e-08
3.5465	3.08186e-08
3.5466	4.54017e-08
3.5467	4.24746e-08
3.5468	4.19478e-08
3.5469	4.44117e-08
3.547	3.04123e-08
3.5471	3.28557e-08
3.5472	3.20986e-08
3.5473	3.38173e-08
3.5474	2.76016e-08
3.5475	2.1334e-08
3.5476	2.18162e-08
3.5477	2.6397e-08
3.5478	2.89104e-08
3.5479	3.12289e-08
3.548	2.23066e-08
3.5481	2.37585e-08
3.5482	3.34732e-08
3.5483	3.95565e-08
3.5484	3.36228e-08
3.5485	3.48921e-08
3.5486	3.54742e-08
3.5487	4.45068e-08
3.5488	3.59302e-08
3.5489	4.54187e-08
3.549	3.27282e-08
3.5491	3.2266e-08
3.5492	3.25503e-08
3.5493	3.11483e-08
3.5494	3.47341e-08
3.5495	3.2525e-08
3.5496	2.80416e-08
3.5497	2.31925e-08
3.5498	2.76034e-08
3.5499	2.61431e-08
3.55	2.96902e-08
3.5501	2.60937e-08
3.5502	2.81567e-08
3.5503	2.61756e-08
3.5504	2.4756e-08
3.5505	2.98014e-08
3.5506	3.70751e-08
3.5507	2.70721e-08
3.5508	3.48129e-08
3.5509	5.14874e-08
3.551	4.0756e-08
3.5511	3.81623e-08
3.5512	2.73276e-08
3.5513	2.76624e-08
3.5514	3.00084e-08
3.5515	4.04248e-08
3.5516	3.33402e-08
3.5517	2.44065e-08
3.5518	2.18959e-08
3.5519	3.12371e-08
3.552	3.23649e-08
3.5521	3.82353e-08
3.5522	2.24711e-08
3.5523	2.53702e-08
3.5524	3.45301e-08
3.5525	1.86194e-08
3.5526	2.69276e-08
3.5527	3.61673e-08
3.5528	3.00006e-08
3.5529	3.97696e-08
3.553	3.53071e-08
3.5531	3.4051e-08
3.5532	3.00849e-08
3.5533	4.63057e-08
3.5534	3.50895e-08
3.5535	2.83215e-08
3.5536	4.02709e-08
3.5537	3.17952e-08
3.5538	4.0833e-08
3.5539	3.06919e-08
3.554	2.64781e-08
3.5541	3.38917e-08
3.5542	3.2673e-08
3.5543	2.92532e-08
3.5544	2.94868e-08
3.5545	2.57977e-08
3.5546	3.41295e-08
3.5547	3.45729e-08
3.5548	3.64962e-08
3.5549	3.3645e-08
3.555	2.94124e-08
3.5551	3.77674e-08
3.5552	3.20081e-08
3.5553	2.50694e-08
3.5554	3.28918e-08
3.5555	3.22502e-08
3.5556	4.04134e-08
3.5557	3.50007e-08
3.5558	4.06422e-08
3.5559	3.72326e-08
3.556	2.56807e-08
3.5561	3.53504e-08
3.5562	2.64001e-08
3.5563	3.77807e-08
3.5564	3.87275e-08
3.5565	3.83646e-08
3.5566	2.77765e-08
3.5567	3.30948e-08
3.5568	3.89362e-08
3.5569	3.75109e-08
3.557	2.52486e-08
3.5571	2.37766e-08
3.5572	2.8013e-08
3.5573	2.94324e-08
3.5574	4.17275e-08
3.5575	4.046e-08
3.5576	3.41917e-08
3.5577	2.8006e-08
3.5578	3.41685e-08
3.5579	3.81082e-08
3.558	3.57982e-08
3.5581	2.47764e-08
3.5582	3.05305e-08
3.5583	3.55913e-08
3.5584	2.78515e-08
3.5585	3.09944e-08
3.5586	3.37575e-08
3.5587	2.77176e-08
3.5588	3.42399e-08
3.5589	2.52146e-08
3.559	3.06345e-08
3.5591	4.25792e-08
3.5592	3.59304e-08
3.5593	3.19698e-08
3.5594	3.30642e-08
3.5595	3.65446e-08
3.5596	3.25326e-08
3.5597	2.79898e-08
3.5598	4.16535e-08
3.5599	3.21186e-08
3.56	4.95924e-08
3.5601	3.13805e-08
3.5602	4.14627e-08
3.5603	2.7482e-08
3.5604	2.98381e-08
3.5605	3.81589e-08
3.5606	4.45202e-08
3.5607	3.53054e-08
3.5608	4.25346e-08
3.5609	3.5252e-08
3.561	3.5608e-08
3.5611	3.21503e-08
3.5612	3.58642e-08
3.5613	4.38016e-08
3.5614	3.45359e-08
3.5615	3.8241e-08
3.5616	2.97229e-08
3.5617	2.29743e-08
3.5618	3.36724e-08
3.5619	3.60429e-08
3.562	4.24739e-08
3.5621	3.89387e-08
3.5622	3.48603e-08
3.5623	3.4713e-08
3.5624	3.93511e-08
3.5625	3.9445e-08
3.5626	2.88942e-08
3.5627	2.76596e-08
3.5628	2.44948e-08
3.5629	3.80557e-08
3.563	3.14154e-08
3.5631	3.18374e-08
3.5632	2.66881e-08
3.5633	3.33555e-08
3.5634	3.0298e-08
3.5635	4.24192e-08
3.5636	2.99206e-08
3.5637	2.91353e-08
3.5638	2.28368e-08
3.5639	2.53686e-08
3.564	3.54522e-08
3.5641	4.29908e-08
3.5642	4.47811e-08
3.5643	3.93605e-08
3.5644	4.05805e-08
3.5645	4.62416e-08
3.5646	3.83491e-08
3.5647	3.02075e-08
3.5648	3.23347e-08
3.5649	2.58043e-08
3.565	2.87433e-08
3.5651	4.33472e-08
3.5652	4.05459e-08
3.5653	3.56579e-08
3.5654	2.92922e-08
3.5655	4.18847e-08
3.5656	4.00382e-08
3.5657	3.05999e-08
3.5658	2.54692e-08
3.5659	3.0514e-08
3.566	2.47189e-08
3.5661	2.38392e-08
3.5662	2.1634e-08
3.5663	3.4323e-08
3.5664	3.3768e-08
3.5665	2.9198e-08
3.5666	3.23155e-08
3.5667	3.89701e-08
3.5668	4.12863e-08
3.5669	4.30656e-08
3.567	2.44957e-08
3.5671	3.03299e-08
3.5672	2.94038e-08
3.5673	2.76759e-08
3.5674	2.82076e-08
3.5675	3.13564e-08
3.5676	2.75543e-08
3.5677	2.86256e-08
3.5678	3.92556e-08
3.5679	3.01642e-08
3.568	3.01495e-08
3.5681	3.91066e-08
3.5682	3.55613e-08
3.5683	2.78922e-08
3.5684	2.38079e-08
3.5685	2.63969e-08
3.5686	2.63615e-08
3.5687	3.42146e-08
3.5688	3.92334e-08
3.5689	3.135e-08
3.569	3.81161e-08
3.5691	3.27449e-08
3.5692	2.75854e-08
3.5693	2.68547e-08
3.5694	2.56223e-08
3.5695	3.03068e-08
3.5696	3.12035e-08
3.5697	3.65984e-08
3.5698	3.08972e-08
3.5699	3.75744e-08
3.57	2.5369e-08
3.5701	2.3145e-08
3.5702	2.6674e-08
3.5703	3.01542e-08
3.5704	2.54198e-08
3.5705	2.71247e-08
3.5706	2.03284e-08
3.5707	2.53149e-08
3.5708	2.52426e-08
3.5709	3.17907e-08
3.571	2.36385e-08
3.5711	3.36953e-08
3.5712	3.36291e-08
3.5713	3.67062e-08
3.5714	3.35123e-08
3.5715	2.27915e-08
3.5716	2.76749e-08
3.5717	2.66035e-08
3.5718	3.06961e-08
3.5719	3.23833e-08
3.572	3.92305e-08
3.5721	2.78971e-08
3.5722	3.09991e-08
3.5723	3.42165e-08
3.5724	2.56505e-08
3.5725	3.54186e-08
3.5726	2.47776e-08
3.5727	3.13571e-08
3.5728	2.1025e-08
3.5729	2.55382e-08
3.573	2.45663e-08
3.5731	3.35668e-08
3.5732	2.9267e-08
3.5733	2.89002e-08
3.5734	2.78243e-08
3.5735	4.02693e-08
3.5736	3.75134e-08
3.5737	3.55163e-08
3.5738	2.79567e-08
3.5739	2.82461e-08
3.574	2.99302e-08
3.5741	3.51567e-08
3.5742	2.56806e-08
3.5743	2.98087e-08
3.5744	3.63001e-08
3.5745	2.78305e-08
3.5746	3.35709e-08
3.5747	3.34848e-08
3.5748	3.18004e-08
3.5749	2.5089e-08
3.575	3.26345e-08
3.5751	2.87108e-08
3.5752	4.0235e-08
3.5753	2.49503e-08
3.5754	2.75006e-08
3.5755	2.45151e-08
3.5756	4.12253e-08
3.5757	3.4258e-08
3.5758	3.85977e-08
3.5759	2.7274e-08
3.576	3.30287e-08
3.5761	3.48835e-08
3.5762	3.30208e-08
3.5763	2.86188e-08
3.5764	3.32694e-08
3.5765	2.65986e-08
3.5766	2.55953e-08
3.5767	2.54597e-08
3.5768	2.55433e-08
3.5769	3.82538e-08
3.577	3.5935e-08
3.5771	4.12544e-08
3.5772	4.56863e-08
3.5773	3.89513e-08
3.5774	3.36415e-08
3.5775	2.99574e-08
3.5776	3.53973e-08
3.5777	3.21172e-08
3.5778	3.33558e-08
3.5779	3.65795e-08
3.578	2.62058e-08
3.5781	2.96203e-08
3.5782	3.18602e-08
3.5783	3.07933e-08
3.5784	2.98927e-08
3.5785	2.61283e-08
3.5786	3.26597e-08
3.5787	3.37375e-08
3.5788	3.09537e-08
3.5789	2.88342e-08
3.579	2.55813e-08
3.5791	2.34659e-08
3.5792	3.62432e-08
3.5793	3.2263e-08
3.5794	3.31389e-08
3.5795	3.23587e-08
3.5796	3.79212e-08
3.5797	4.82396e-08
3.5798	4.40296e-08
3.5799	2.88312e-08
3.58	3.65602e-08
3.5801	4.33841e-08
3.5802	4.11101e-08
3.5803	3.76742e-08
3.5804	2.97958e-08
3.5805	3.06813e-08
3.5806	2.90802e-08
3.5807	3.18684e-08
3.5808	3.94812e-08
3.5809	4.01844e-08
3.581	2.8878e-08
3.5811	2.49898e-08
3.5812	2.65064e-08
3.5813	2.12475e-08
3.5814	2.76111e-08
3.5815	3.54762e-08
3.5816	2.77924e-08
3.5817	3.82878e-08
3.5818	3.71293e-08
3.5819	3.99274e-08
3.582	3.22319e-08
3.5821	3.0067e-08
3.5822	3.29298e-08
3.5823	4.71029e-08
3.5824	3.55e-08
3.5825	3.48986e-08
3.5826	3.71187e-08
3.5827	2.24468e-08
3.5828	2.86574e-08
3.5829	4.14189e-08
3.583	3.16683e-08
3.5831	3.32872e-08
3.5832	2.29485e-08
3.5833	2.78158e-08
3.5834	2.98018e-08
3.5835	2.76548e-08
3.5836	3.08532e-08
3.5837	2.73152e-08
3.5838	2.36624e-08
3.5839	4.56988e-08
3.584	4.04035e-08
3.5841	3.40664e-08
3.5842	3.38624e-08
3.5843	4.56024e-08
3.5844	2.82406e-08
3.5845	3.29436e-08
3.5846	2.9499e-08
3.5847	3.12772e-08
3.5848	4.05385e-08
3.5849	3.0781e-08
3.585	3.07319e-08
3.5851	3.86847e-08
3.5852	3.22897e-08
3.5853	2.74429e-08
3.5854	2.73986e-08
3.5855	2.8852e-08
3.5856	3.01202e-08
3.5857	3.79365e-08
3.5858	1.82689e-08
3.5859	1.94034e-08
3.586	2.51413e-08
3.5861	2.73282e-08
3.5862	4.07923e-08
3.5863	4.18635e-08
3.5864	2.90066e-08
3.5865	3.93143e-08
3.5866	3.635e-08
3.5867	4.78002e-08
3.5868	3.29229e-08
3.5869	3.97239e-08
3.587	4.05202e-08
3.5871	4.01929e-08
3.5872	2.65695e-08
3.5873	3.23503e-08
3.5874	2.67516e-08
3.5875	2.516e-08
3.5876	3.27674e-08
3.5877	3.43498e-08
3.5878	3.92385e-08
3.5879	2.68728e-08
3.588	1.98418e-08
3.5881	2.73453e-08
3.5882	2.02817e-08
3.5883	2.86685e-08
3.5884	3.39635e-08
3.5885	2.91496e-08
3.5886	3.47776e-08
3.5887	3.83386e-08
3.5888	2.93512e-08
3.5889	3.02455e-08
3.589	3.71888e-08
3.5891	3.20264e-08
3.5892	3.53292e-08
3.5893	3.73929e-08
3.5894	3.05115e-08
3.5895	3.55241e-08
3.5896	3.73608e-08
3.5897	2.68259e-08
3.5898	2.50464e-08
3.5899	3.2715e-08
3.59	2.90417e-08
3.5901	2.78515e-08
3.5902	3.22237e-08
3.5903	3.47538e-08
3.5904	3.60825e-08
3.5905	3.40213e-08
3.5906	3.67298e-08
3.5907	3.13916e-08
3.5908	3.45456e-08
3.5909	3.75861e-08
3.591	2.64462e-08
3.5911	3.31169e-08
3.5912	3.5893e-08
3.5913	3.27624e-08
3.5914	4.06264e-08
3.5915	3.39916e-08
3.5916	2.78079e-08
3.5917	3.05152e-08
3.5918	3.25284e-08
3.5919	2.99163e-08
3.592	2.84536e-08
3.5921	3.57075e-08
3.5922	3.35077e-08
3.5923	3.28607e-08
3.5924	2.92095e-08
3.5925	2.57293e-08
3.5926	3.69883e-08
3.5927	3.37956e-08
3.5928	2.51998e-08
3.5929	3.45665e-08
3.593	3.4483e-08
3.5931	3.74221e-08
3.5932	4.23803e-08
3.5933	2.92734e-08
3.5934	3.05579e-08
3.5935	3.9355e-08
3.5936	4.86575e-08
3.5937	4.13159e-08
3.5938	2.47117e-08
3.5939	2.89742e-08
3.594	3.56124e-08
3.5941	2.54716e-08
3.5942	2.98858e-08
3.5943	3.61743e-08
3.5944	2.67344e-08
3.5945	2.65464e-08
3.5946	3.77812e-08
3.5947	2.96667e-08
3.5948	2.95088e-08
3.5949	2.77019e-08
3.595	2.87669e-08
3.5951	3.72551e-08
3.5952	2.83552e-08
3.5953	2.68189e-08
3.5954	3.11752e-08
3.5955	3.68662e-08
3.5956	2.87497e-08
3.5957	3.5424e-08
3.5958	2.89501e-08
3.5959	4.03e-08
3.596	2.6578e-08
3.5961	2.5431e-08
3.5962	3.17548e-08
3.5963	2.99893e-08
3.5964	3.67324e-08
3.5965	3.27984e-08
3.5966	2.80778e-08
3.5967	2.79843e-08
3.5968	3.55165e-08
3.5969	4.20262e-08
3.597	3.71144e-08
3.5971	2.42434e-08
3.5972	2.68774e-08
3.5973	2.35939e-08
3.5974	2.37249e-08
3.5975	2.67963e-08
3.5976	3.95894e-08
3.5977	4.3552e-08
3.5978	3.91448e-08
3.5979	3.18463e-08
3.598	4.96532e-08
3.5981	4.63452e-08
3.5982	3.54102e-08
3.5983	2.36822e-08
3.5984	2.43994e-08
3.5985	2.89697e-08
3.5986	3.76412e-08
3.5987	2.79463e-08
3.5988	3.57543e-08
3.5989	3.01446e-08
3.599	3.59163e-08
3.5991	3.86293e-08
3.5992	2.60549e-08
3.5993	2.35778e-08
3.5994	3.85221e-08
3.5995	3.48886e-08
3.5996	3.10417e-08
3.5997	3.9642e-08
3.5998	4.45926e-08
3.5999	3.47911e-08
3.6	2.85045e-08
3.6001	3.75685e-08
3.6002	3.94345e-08
3.6003	3.64366e-08
3.6004	3.30326e-08
3.6005	3.87005e-08
3.6006	3.58289e-08
3.6007	2.49257e-08
3.6008	3.51555e-08
3.6009	3.4233e-08
3.601	2.98028e-08
3.6011	2.90658e-08
3.6012	2.97333e-08
3.6013	3.52861e-08
3.6014	2.34258e-08
3.6015	2.80714e-08
3.6016	2.63769e-08
3.6017	3.98291e-08
3.6018	2.2412e-08
3.6019	2.36361e-08
3.602	3.13304e-08
3.6021	3.4189e-08
3.6022	3.84615e-08
3.6023	3.64948e-08
3.6024	4.18254e-08
3.6025	3.68754e-08
3.6026	3.08854e-08
3.6027	2.37061e-08
3.6028	3.35816e-08
3.6029	3.29007e-08
3.603	3.05418e-08
3.6031	3.71917e-08
3.6032	2.58079e-08
3.6033	3.1255e-08
3.6034	3.9184e-08
3.6035	2.73687e-08
3.6036	2.8222e-08
3.6037	2.85943e-08
3.6038	3.4692e-08
3.6039	3.16654e-08
3.604	2.82029e-08
3.6041	2.53512e-08
3.6042	2.81264e-08
3.6043	3.10741e-08
3.6044	3.55669e-08
3.6045	2.95881e-08
3.6046	3.59962e-08
3.6047	3.5212e-08
3.6048	3.13441e-08
3.6049	2.80128e-08
3.605	2.48614e-08
3.6051	3.31475e-08
3.6052	2.57054e-08
3.6053	3.10002e-08
3.6054	3.04338e-08
3.6055	4.08137e-08
3.6056	3.44073e-08
3.6057	2.10277e-08
3.6058	2.08166e-08
3.6059	2.27669e-08
3.606	3.02773e-08
3.6061	2.27793e-08
3.6062	2.86299e-08
3.6063	2.09421e-08
3.6064	2.43122e-08
3.6065	3.31023e-08
3.6066	3.29361e-08
3.6067	2.7544e-08
3.6068	3.53943e-08
3.6069	3.50819e-08
3.607	4.44782e-08
3.6071	4.18467e-08
3.6072	2.64771e-08
3.6073	3.11212e-08
3.6074	2.68246e-08
3.6075	2.90036e-08
3.6076	2.88831e-08
3.6077	3.09904e-08
3.6078	3.73637e-08
3.6079	3.41506e-08
3.608	2.01269e-08
3.6081	2.48852e-08
3.6082	4.34112e-08
3.6083	2.32162e-08
3.6084	2.25592e-08
3.6085	3.14572e-08
3.6086	2.45235e-08
3.6087	2.28568e-08
3.6088	3.28798e-08
3.6089	2.94655e-08
3.609	3.49015e-08
3.6091	3.8393e-08
3.6092	3.25738e-08
3.6093	3.77572e-08
3.6094	2.83053e-08
3.6095	2.68894e-08
3.6096	3.25526e-08
3.6097	3.41855e-08
3.6098	2.47591e-08
3.6099	2.60263e-08
3.61	3.03264e-08
3.6101	3.23532e-08
3.6102	2.96595e-08
3.6103	3.41087e-08
3.6104	3.55832e-08
3.6105	3.24738e-08
3.6106	3.07031e-08
3.6107	3.09047e-08
3.6108	3.21138e-08
3.6109	3.93022e-08
3.611	3.16506e-08
3.6111	3.32609e-08
3.6112	2.51464e-08
3.6113	2.63836e-08
3.6114	3.48945e-08
3.6115	4.26654e-08
3.6116	2.64001e-08
3.6117	3.25525e-08
3.6118	3.60206e-08
3.6119	3.13996e-08
3.612	3.73926e-08
3.6121	3.03511e-08
3.6122	2.9328e-08
3.6123	2.3933e-08
3.6124	2.4405e-08
3.6125	3.45031e-08
3.6126	3.25889e-08
3.6127	2.46064e-08
3.6128	3.01948e-08
3.6129	4.59528e-08
3.613	4.05851e-08
3.6131	4.05446e-08
3.6132	3.80101e-08
3.6133	3.64907e-08
3.6134	3.28571e-08
3.6135	2.84213e-08
3.6136	3.42126e-08
3.6137	4.06625e-08
3.6138	3.61738e-08
3.6139	3.40463e-08
3.614	3.09106e-08
3.6141	2.84285e-08
3.6142	2.85447e-08
3.6143	3.92451e-08
3.6144	3.53859e-08
3.6145	3.51238e-08
3.6146	2.77523e-08
3.6147	2.83763e-08
3.6148	2.28428e-08
3.6149	3.42448e-08
3.615	2.85988e-08
3.6151	3.18791e-08
3.6152	2.58603e-08
3.6153	4.40129e-08
3.6154	3.29555e-08
3.6155	4.74231e-08
3.6156	2.87009e-08
3.6157	3.61421e-08
3.6158	4.52248e-08
3.6159	3.58213e-08
3.616	3.9792e-08
3.6161	2.61402e-08
3.6162	3.30589e-08
3.6163	2.64482e-08
3.6164	2.14057e-08
3.6165	3.21427e-08
3.6166	4.10737e-08
3.6167	2.51372e-08
3.6168	3.17581e-08
3.6169	2.45475e-08
3.617	2.09195e-08
3.6171	3.18088e-08
3.6172	4.12249e-08
3.6173	3.6966e-08
3.6174	3.41354e-08
3.6175	3.64048e-08
3.6176	3.13231e-08
3.6177	2.18045e-08
3.6178	4.88718e-08
3.6179	4.07424e-08
3.618	4.34209e-08
3.6181	3.05348e-08
3.6182	4.20149e-08
3.6183	3.60761e-08
3.6184	2.56486e-08
3.6185	3.40083e-08
3.6186	3.47292e-08
3.6187	2.90666e-08
3.6188	2.10425e-08
3.6189	2.36925e-08
3.619	2.09822e-08
3.6191	2.93943e-08
3.6192	2.71309e-08
3.6193	3.07948e-08
3.6194	2.23055e-08
3.6195	2.6497e-08
3.6196	3.80732e-08
3.6197	4.20056e-08
3.6198	2.84879e-08
3.6199	4.45238e-08
3.62	3.00853e-08
3.6201	3.85005e-08
3.6202	3.48098e-08
3.6203	3.55617e-08
3.6204	3.66306e-08
3.6205	3.78452e-08
3.6206	3.95393e-08
3.6207	2.74216e-08
3.6208	3.42068e-08
3.6209	4.05103e-08
3.621	2.64116e-08
3.6211	2.59991e-08
3.6212	2.52185e-08
3.6213	2.46436e-08
3.6214	3.13664e-08
3.6215	2.57276e-08
3.6216	1.97453e-08
3.6217	2.4206e-08
3.6218	3.37345e-08
3.6219	3.56762e-08
3.622	3.88874e-08
3.6221	3.2272e-08
3.6222	3.64167e-08
3.6223	5.13762e-08
3.6224	4.20695e-08
3.6225	3.0091e-08
3.6226	2.85786e-08
3.6227	4.10572e-08
3.6228	3.59031e-08
3.6229	2.70315e-08
3.623	2.93122e-08
3.6231	2.85743e-08
3.6232	1.98905e-08
3.6233	2.95075e-08
3.6234	3.05655e-08
3.6235	3.21384e-08
3.6236	2.12606e-08
3.6237	2.80695e-08
3.6238	3.33554e-08
3.6239	2.61054e-08
3.624	2.0078e-08
3.6241	3.2179e-08
3.6242	2.30217e-08
3.6243	3.20046e-08
3.6244	3.06217e-08
3.6245	3.97985e-08
3.6246	3.82147e-08
3.6247	2.84959e-08
3.6248	2.95801e-08
3.6249	3.75787e-08
3.625	3.67242e-08
3.6251	3.92253e-08
3.6252	3.89469e-08
3.6253	3.31409e-08
3.6254	2.45755e-08
3.6255	3.39863e-08
3.6256	2.99742e-08
3.6257	2.81634e-08
3.6258	3.8175e-08
3.6259	2.62028e-08
3.626	3.43921e-08
3.6261	3.41753e-08
3.6262	3.22865e-08
3.6263	3.63746e-08
3.6264	3.20361e-08
3.6265	4.03075e-08
3.6266	3.34723e-08
3.6267	2.96206e-08
3.6268	2.86243e-08
3.6269	3.6163e-08
3.627	3.53043e-08
3.6271	2.84864e-08
3.6272	3.85815e-08
3.6273	2.57838e-08
3.6274	2.98779e-08
3.6275	2.40117e-08
3.6276	3.22898e-08
3.6277	3.33087e-08
3.6278	3.25032e-08
3.6279	3.60658e-08
3.628	2.37752e-08
3.6281	3.48324e-08
3.6282	3.27483e-08
3.6283	3.75881e-08
3.6284	3.3347e-08
3.6285	2.44264e-08
3.6286	2.7078e-08
3.6287	2.94205e-08
3.6288	4.48053e-08
3.6289	3.40636e-08
3.629	3.22576e-08
3.6291	3.69597e-08
3.6292	3.64419e-08
3.6293	4.09102e-08
3.6294	4.4389e-08
3.6295	2.38139e-08
3.6296	3.10713e-08
3.6297	3.94081e-08
3.6298	2.8821e-08
3.6299	2.63856e-08
3.63	3.49088e-08
3.6301	2.98212e-08
3.6302	3.0315e-08
3.6303	2.68112e-08
3.6304	3.25358e-08
3.6305	2.96136e-08
3.6306	2.42323e-08
3.6307	2.27256e-08
3.6308	2.72211e-08
3.6309	3.62905e-08
3.631	3.4337e-08
3.6311	3.04239e-08
3.6312	2.91042e-08
3.6313	3.69857e-08
3.6314	4.28847e-08
3.6315	3.5985e-08
3.6316	3.23546e-08
3.6317	2.39967e-08
3.6318	2.55315e-08
3.6319	2.76162e-08
3.632	3.45024e-08
3.6321	3.72665e-08
3.6322	3.12591e-08
3.6323	3.23065e-08
3.6324	3.23043e-08
3.6325	2.91243e-08
3.6326	3.91875e-08
3.6327	4.54777e-08
3.6328	2.6219e-08
3.6329	2.59356e-08
3.633	3.07593e-08
3.6331	2.85348e-08
3.6332	3.38518e-08
3.6333	3.5152e-08
3.6334	4.54222e-08
3.6335	2.96807e-08
3.6336	3.74428e-08
3.6337	4.13506e-08
3.6338	4.00417e-08
3.6339	4.23716e-08
3.634	2.73575e-08
3.6341	3.07829e-08
3.6342	3.40543e-08
3.6343	3.16232e-08
3.6344	3.21055e-08
3.6345	3.67467e-08
3.6346	2.23028e-08
3.6347	3.01282e-08
3.6348	2.57342e-08
3.6349	3.35086e-08
3.635	3.06578e-08
3.6351	3.07696e-08
3.6352	2.1558e-08
3.6353	2.9407e-08
3.6354	3.76475e-08
3.6355	3.65185e-08
3.6356	4.59803e-08
3.6357	3.99005e-08
3.6358	4.35053e-08
3.6359	3.70611e-08
3.636	3.18929e-08
3.6361	3.47996e-08
3.6362	2.96752e-08
3.6363	2.64683e-08
3.6364	4.22958e-08
3.6365	3.39786e-08
3.6366	3.02932e-08
3.6367	2.97123e-08
3.6368	3.43662e-08
3.6369	3.90941e-08
3.637	3.83064e-08
3.6371	2.88796e-08
3.6372	3.37316e-08
3.6373	2.54488e-08
3.6374	3.20194e-08
3.6375	2.29515e-08
3.6376	2.09743e-08
3.6377	3.18596e-08
3.6378	3.33472e-08
3.6379	3.19982e-08
3.638	3.31315e-08
3.6381	4.00278e-08
3.6382	2.75368e-08
3.6383	3.56134e-08
3.6384	3.04668e-08
3.6385	2.51511e-08
3.6386	3.76236e-08
3.6387	3.58679e-08
3.6388	3.61069e-08
3.6389	2.29569e-08
3.639	3.26926e-08
3.6391	2.95467e-08
3.6392	3.28773e-08
3.6393	3.22839e-08
3.6394	2.31705e-08
3.6395	2.82185e-08
3.6396	3.07922e-08
3.6397	2.80531e-08
3.6398	2.55294e-08
3.6399	2.47619e-08
3.64	3.63702e-08
3.6401	3.45207e-08
3.6402	3.02816e-08
3.6403	2.63829e-08
3.6404	3.84169e-08
3.6405	3.24733e-08
3.6406	2.3378e-08
3.6407	2.43097e-08
3.6408	3.3299e-08
3.6409	3.11835e-08
3.641	3.38834e-08
3.6411	3.22587e-08
3.6412	3.0113e-08
3.6413	3.94394e-08
3.6414	2.75053e-08
3.6415	2.78321e-08
3.6416	2.57431e-08
3.6417	2.87593e-08
3.6418	2.52122e-08
3.6419	2.70736e-08
3.642	1.83639e-08
3.6421	2.56621e-08
3.6422	3.31845e-08
3.6423	3.26376e-08
3.6424	3.23806e-08
3.6425	3.07424e-08
3.6426	4.22276e-08
3.6427	5.28726e-08
3.6428	3.00588e-08
3.6429	2.58447e-08
3.643	3.41108e-08
3.6431	2.49016e-08
3.6432	2.5107e-08
3.6433	2.60218e-08
3.6434	3.85491e-08
3.6435	2.54871e-08
3.6436	3.43321e-08
3.6437	3.19125e-08
3.6438	2.3245e-08
3.6439	3.75705e-08
3.644	3.28433e-08
3.6441	2.35041e-08
3.6442	2.07631e-08
3.6443	2.50221e-08
3.6444	2.57016e-08
3.6445	3.59184e-08
3.6446	2.35993e-08
3.6447	3.06051e-08
3.6448	3.60775e-08
3.6449	2.66057e-08
3.645	3.33174e-08
3.6451	2.42875e-08
3.6452	3.00426e-08
3.6453	3.28799e-08
3.6454	3.05608e-08
3.6455	2.91606e-08
3.6456	2.61719e-08
3.6457	2.43067e-08
3.6458	3.5761e-08
3.6459	4.08781e-08
3.646	3.78915e-08
3.6461	2.58633e-08
3.6462	2.52134e-08
3.6463	3.39096e-08
3.6464	3.47671e-08
3.6465	2.70712e-08
3.6466	3.13833e-08
3.6467	2.43214e-08
3.6468	2.86383e-08
3.6469	2.48641e-08
3.647	3.59868e-08
3.6471	3.79203e-08
3.6472	4.15852e-08
3.6473	2.52078e-08
3.6474	3.1247e-08
3.6475	3.73151e-08
3.6476	3.85144e-08
3.6477	2.89011e-08
3.6478	2.77373e-08
3.6479	2.1841e-08
3.648	3.00581e-08
3.6481	2.9451e-08
3.6482	3.01258e-08
3.6483	3.91693e-08
3.6484	4.00688e-08
3.6485	3.57333e-08
3.6486	3.63737e-08
3.6487	3.61731e-08
3.6488	3.7186e-08
3.6489	3.04246e-08
3.649	3.39288e-08
3.6491	3.82953e-08
3.6492	2.41511e-08
3.6493	4.05268e-08
3.6494	2.86025e-08
3.6495	3.5115e-08
3.6496	3.29647e-08
3.6497	2.9479e-08
3.6498	2.88537e-08
3.6499	3.77335e-08
3.65	2.5016e-08
3.6501	3.30864e-08
3.6502	3.46693e-08
3.6503	2.62852e-08
3.6504	2.56954e-08
3.6505	2.22997e-08
3.6506	2.79786e-08
3.6507	3.1322e-08
3.6508	3.4088e-08
3.6509	2.89723e-08
3.651	3.02647e-08
3.6511	4.35077e-08
3.6512	4.98646e-08
3.6513	2.93205e-08
3.6514	3.87878e-08
3.6515	3.95859e-08
3.6516	3.62704e-08
3.6517	4.3164e-08
3.6518	2.78258e-08
3.6519	3.51167e-08
3.652	3.32092e-08
3.6521	2.58544e-08
3.6522	3.31034e-08
3.6523	3.22145e-08
3.6524	3.53102e-08
3.6525	2.19765e-08
3.6526	1.98791e-08
3.6527	2.22942e-08
3.6528	2.96509e-08
3.6529	3.79987e-08
3.653	2.90282e-08
3.6531	2.99726e-08
3.6532	2.84562e-08
3.6533	4.3307e-08
3.6534	2.30533e-08
3.6535	3.83203e-08
3.6536	3.68724e-08
3.6537	4.48347e-08
3.6538	2.90097e-08
3.6539	3.96605e-08
3.654	3.71284e-08
3.6541	2.42642e-08
3.6542	3.67984e-08
3.6543	3.69045e-08
3.6544	2.6165e-08
3.6545	3.11381e-08
3.6546	2.7696e-08
3.6547	2.60184e-08
3.6548	1.9914e-08
3.6549	2.78437e-08
3.655	3.44872e-08
3.6551	2.26591e-08
3.6552	2.62933e-08
3.6553	3.37059e-08
3.6554	4.30705e-08
3.6555	4.4198e-08
3.6556	3.39232e-08
3.6557	4.2633e-08
3.6558	4.28423e-08
3.6559	3.0826e-08
3.656	3.13035e-08
3.6561	3.93786e-08
3.6562	3.16513e-08
3.6563	3.73997e-08
3.6564	2.82924e-08
3.6565	2.61861e-08
3.6566	3.61932e-08
3.6567	2.64217e-08
3.6568	2.73415e-08
3.6569	2.44406e-08
3.657	3.29065e-08
3.6571	3.35987e-08
3.6572	2.88005e-08
3.6573	2.05103e-08
3.6574	2.20423e-08
3.6575	3.05898e-08
3.6576	3.07078e-08
3.6577	3.75893e-08
3.6578	3.0716e-08
3.6579	4.06855e-08
3.658	4.29321e-08
3.6581	3.90379e-08
3.6582	3.23334e-08
3.6583	3.90463e-08
3.6584	4.17708e-08
3.6585	2.89045e-08
3.6586	3.24683e-08
3.6587	3.12315e-08
3.6588	3.06058e-08
3.6589	3.02315e-08
3.659	3.05481e-08
3.6591	3.70564e-08
3.6592	2.91092e-08
3.6593	2.08234e-08
3.6594	3.0632e-08
3.6595	3.09232e-08
3.6596	2.00654e-08
3.6597	2.48161e-08
3.6598	3.58028e-08
3.6599	2.94009e-08
3.66	4.15353e-08
3.6601	2.97306e-08
3.6602	3.85861e-08
3.6603	2.65136e-08
3.6604	4.12401e-08
3.6605	3.67765e-08
3.6606	3.19945e-08
3.6607	2.71132e-08
3.6608	2.87558e-08
3.6609	4.3252e-08
3.661	3.76685e-08
3.6611	2.44066e-08
3.6612	3.18795e-08
3.6613	3.07331e-08
3.6614	3.37449e-08
3.6615	2.66733e-08
3.6616	3.39085e-08
3.6617	2.87627e-08
3.6618	2.98308e-08
3.6619	3.17566e-08
3.662	3.22243e-08
3.6621	2.61623e-08
3.6622	3.82048e-08
3.6623	3.80493e-08
3.6624	3.03504e-08
3.6625	3.19157e-08
3.6626	3.36669e-08
3.6627	4.33882e-08
3.6628	3.71608e-08
3.6629	3.49217e-08
3.663	3.36541e-08
3.6631	2.22797e-08
3.6632	3.1623e-08
3.6633	2.90018e-08
3.6634	2.83892e-08
3.6635	3.97018e-08
3.6636	3.38971e-08
3.6637	3.36397e-08
3.6638	3.59153e-08
3.6639	3.25397e-08
3.664	3.81674e-08
3.6641	3.61336e-08
3.6642	2.21977e-08
3.6643	3.12645e-08
3.6644	3.37515e-08
3.6645	4.07351e-08
3.6646	3.28902e-08
3.6647	2.62888e-08
3.6648	3.10231e-08
3.6649	4.28405e-08
3.665	3.96661e-08
3.6651	3.24915e-08
3.6652	2.27489e-08
3.6653	2.83682e-08
3.6654	3.27753e-08
3.6655	2.69408e-08
3.6656	2.87278e-08
3.6657	3.48621e-08
3.6658	2.73253e-08
3.6659	2.95646e-08
3.666	2.84856e-08
3.6661	3.78671e-08
3.6662	3.2029e-08
3.6663	2.79593e-08
3.6664	2.61256e-08
3.6665	3.07033e-08
3.6666	2.70924e-08
3.6667	3.54755e-08
3.6668	2.59197e-08
3.6669	3.17589e-08
3.667	3.176e-08
3.6671	4.36503e-08
3.6672	2.53891e-08
3.6673	4.19826e-08
3.6674	2.72283e-08
3.6675	2.62605e-08
3.6676	3.16802e-08
3.6677	4.20112e-08
3.6678	3.2254e-08
3.6679	3.17907e-08
3.668	3.49971e-08
3.6681	2.53674e-08
3.6682	2.70348e-08
3.6683	3.65249e-08
3.6684	4.26112e-08
3.6685	3.5976e-08
3.6686	3.1266e-08
3.6687	2.79444e-08
3.6688	2.23723e-08
3.6689	2.9798e-08
3.669	4.52567e-08
3.6691	3.93395e-08
3.6692	3.8336e-08
3.6693	4.7003e-08
3.6694	4.75272e-08
3.6695	3.62889e-08
3.6696	3.50881e-08
3.6697	3.0108e-08
3.6698	3.32825e-08
3.6699	3.27795e-08
3.67	2.9322e-08
3.6701	2.6059e-08
3.6702	3.95095e-08
3.6703	2.14625e-08
3.6704	3.91283e-08
3.6705	3.43294e-08
3.6706	3.11265e-08
3.6707	3.04508e-08
3.6708	3.24918e-08
3.6709	2.68135e-08
3.671	2.53808e-08
3.6711	3.21775e-08
3.6712	5.15474e-08
3.6713	3.79733e-08
3.6714	3.37065e-08
3.6715	3.40574e-08
3.6716	4.41112e-08
3.6717	4.411e-08
3.6718	2.57248e-08
3.6719	3.22551e-08
3.672	2.56052e-08
3.6721	2.78204e-08
3.6722	3.44873e-08
3.6723	3.84921e-08
3.6724	2.61339e-08
3.6725	3.64998e-08
3.6726	3.50479e-08
3.6727	4.15281e-08
3.6728	2.55382e-08
3.6729	2.49413e-08
3.673	2.62791e-08
3.6731	3.32852e-08
3.6732	2.54951e-08
3.6733	2.62208e-08
3.6734	3.13013e-08
3.6735	3.49013e-08
3.6736	3.69184e-08
3.6737	3.44894e-08
3.6738	3.98765e-08
3.6739	3.39171e-08
3.674	3.47536e-08
3.6741	2.61632e-08
3.6742	3.04709e-08
3.6743	3.51354e-08
3.6744	3.65052e-08
3.6745	2.51336e-08
3.6746	2.59985e-08
3.6747	3.51722e-08
3.6748	2.97974e-08
3.6749	3.05066e-08
3.675	2.51548e-08
3.6751	3.07716e-08
3.6752	2.78446e-08
3.6753	3.09891e-08
3.6754	2.74946e-08
3.6755	2.75386e-08
3.6756	3.81746e-08
3.6757	3.32118e-08
3.6758	2.84617e-08
3.6759	3.14217e-08
3.676	3.53263e-08
3.6761	3.02547e-08
3.6762	2.65161e-08
3.6763	2.93346e-08
3.6764	2.71902e-08
3.6765	2.87881e-08
3.6766	3.88926e-08
3.6767	3.85745e-08
3.6768	3.69723e-08
3.6769	3.04785e-08
3.677	3.86391e-08
3.6771	2.54163e-08
3.6772	1.96371e-08
3.6773	2.49146e-08
3.6774	3.03421e-08
3.6775	2.32273e-08
3.6776	2.9014e-08
3.6777	2.17614e-08
3.6778	3.19652e-08
3.6779	3.96256e-08
3.678	2.35409e-08
3.6781	2.20374e-08
3.6782	3.28512e-08
3.6783	3.25593e-08
3.6784	4.23271e-08
3.6785	3.52247e-08
3.6786	2.39104e-08
3.6787	2.91528e-08
3.6788	2.7928e-08
3.6789	3.39563e-08
3.679	2.78772e-08
3.6791	2.80723e-08
3.6792	3.34352e-08
3.6793	2.70998e-08
3.6794	3.28399e-08
3.6795	2.38752e-08
3.6796	3.49668e-08
3.6797	2.50447e-08
3.6798	2.15176e-08
3.6799	2.96995e-08
3.68	3.46042e-08
3.6801	3.39446e-08
3.6802	2.12645e-08
3.6803	3.3177e-08
3.6804	3.58171e-08
3.6805	3.99366e-08
3.6806	3.31462e-08
3.6807	3.32132e-08
3.6808	3.48776e-08
3.6809	2.82363e-08
3.681	3.34836e-08
3.6811	2.90766e-08
3.6812	2.36117e-08
3.6813	2.57579e-08
3.6814	2.62249e-08
3.6815	4.20921e-08
3.6816	3.35979e-08
3.6817	3.50097e-08
3.6818	3.20284e-08
3.6819	2.70117e-08
3.682	2.60409e-08
3.6821	3.72e-08
3.6822	3.9135e-08
3.6823	3.39138e-08
3.6824	2.30077e-08
3.6825	2.64313e-08
3.6826	2.39348e-08
3.6827	3.07171e-08
3.6828	3.50757e-08
3.6829	4.04109e-08
3.683	3.10508e-08
3.6831	3.08332e-08
3.6832	3.38425e-08
3.6833	2.66264e-08
3.6834	3.72451e-08
3.6835	3.09094e-08
3.6836	2.82481e-08
3.6837	3.0347e-08
3.6838	2.54842e-08
3.6839	2.50339e-08
3.684	3.73373e-08
3.6841	3.35121e-08
3.6842	3.67736e-08
3.6843	4.24673e-08
3.6844	3.66968e-08
3.6845	3.69653e-08
3.6846	3.62205e-08
3.6847	3.07745e-08
3.6848	3.83561e-08
3.6849	2.89257e-08
3.685	4.04536e-08
3.6851	3.67138e-08
3.6852	3.35392e-08
3.6853	3.43468e-08
3.6854	2.89563e-08
3.6855	3.03974e-08
3.6856	2.55151e-08
3.6857	3.74385e-08
3.6858	3.0337e-08
3.6859	3.50448e-08
3.686	3.18964e-08
3.6861	1.97659e-08
3.6862	2.28941e-08
3.6863	3.4117e-08
3.6864	2.79775e-08
3.6865	3.64983e-08
3.6866	3.48103e-08
3.6867	3.44957e-08
3.6868	3.94089e-08
3.6869	3.66435e-08
3.687	2.95896e-08
3.6871	3.64437e-08
3.6872	3.71619e-08
3.6873	4.53676e-08
3.6874	4.16657e-08
3.6875	2.47611e-08
3.6876	3.29742e-08
3.6877	2.9117e-08
3.6878	2.74336e-08
3.6879	2.9952e-08
3.688	3.4469e-08
3.6881	3.31891e-08
3.6882	2.25384e-08
3.6883	1.91857e-08
3.6884	2.3486e-08
3.6885	2.83748e-08
3.6886	3.77468e-08
3.6887	3.04694e-08
3.6888	3.82323e-08
3.6889	3.46708e-08
3.689	4.11001e-08
3.6891	3.49417e-08
3.6892	3.0644e-08
3.6893	4.15518e-08
3.6894	3.82107e-08
3.6895	4.01409e-08
3.6896	4.03693e-08
3.6897	3.01849e-08
3.6898	2.38579e-08
3.6899	3.54084e-08
3.69	3.17096e-08
3.6901	3.07431e-08
3.6902	2.54076e-08
3.6903	2.03021e-08
3.6904	2.51874e-08
3.6905	3.07721e-08
3.6906	2.12077e-08
3.6907	2.88907e-08
3.6908	2.32968e-08
3.6909	3.0839e-08
3.691	4.60634e-08
3.6911	3.97527e-08
3.6912	2.64136e-08
3.6913	3.16762e-08
3.6914	4.60526e-08
3.6915	3.41518e-08
3.6916	3.35711e-08
3.6917	2.83983e-08
3.6918	3.43768e-08
3.6919	3.9642e-08
3.692	3.57322e-08
3.6921	3.26234e-08
3.6922	3.0662e-08
3.6923	2.81836e-08
3.6924	2.82222e-08
3.6925	2.22315e-08
3.6926	2.89795e-08
3.6927	2.51054e-08
3.6928	2.31479e-08
3.6929	1.77239e-08
3.693	2.11008e-08
3.6931	2.85777e-08
3.6932	2.37427e-08
3.6933	3.57339e-08
3.6934	3.56906e-08
3.6935	2.86588e-08
3.6936	3.88025e-08
3.6937	4.13493e-08
3.6938	4.55264e-08
3.6939	3.22804e-08
3.694	3.44996e-08
3.6941	3.85524e-08
3.6942	3.65782e-08
3.6943	2.96151e-08
3.6944	2.58092e-08
3.6945	2.57533e-08
3.6946	2.78917e-08
3.6947	2.97995e-08
3.6948	2.9693e-08
3.6949	3.34429e-08
3.695	2.76237e-08
3.6951	2.67739e-08
3.6952	2.79557e-08
3.6953	2.82942e-08
3.6954	2.96076e-08
3.6955	2.78513e-08
3.6956	2.76971e-08
3.6957	4.35152e-08
3.6958	3.48306e-08
3.6959	3.06722e-08
3.696	2.91201e-08
3.6961	4.04344e-08
3.6962	3.04806e-08
3.6963	2.91063e-08
3.6964	2.87218e-08
3.6965	3.69697e-08
3.6966	3.98898e-08
3.6967	3.28873e-08
3.6968	2.45442e-08
3.6969	3.52359e-08
3.697	2.674e-08
3.6971	2.99585e-08
3.6972	3.18068e-08
3.6973	3.39592e-08
3.6974	4.10749e-08
3.6975	3.34045e-08
3.6976	3.84437e-08
3.6977	2.79976e-08
3.6978	3.31233e-08
3.6979	3.88981e-08
3.698	3.65791e-08
3.6981	3.0665e-08
3.6982	3.18791e-08
3.6983	2.89451e-08
3.6984	3.5852e-08
3.6985	3.69128e-08
3.6986	3.53798e-08
3.6987	2.7389e-08
3.6988	2.66919e-08
3.6989	2.73395e-08
3.699	3.45447e-08
3.6991	3.76706e-08
3.6992	3.70204e-08
3.6993	3.80097e-08
3.6994	3.59624e-08
3.6995	3.18568e-08
3.6996	3.42438e-08
3.6997	3.2876e-08
3.6998	2.74598e-08
3.6999	2.27494e-08
3.7	3.08136e-08
3.7001	4.80926e-08
3.7002	4.13945e-08
3.7003	3.9262e-08
3.7004	2.9873e-08
3.7005	3.28797e-08
3.7006	3.82387e-08
3.7007	3.92279e-08
3.7008	3.68642e-08
3.7009	2.48568e-08
3.701	3.00671e-08
3.7011	3.31601e-08
3.7012	3.13631e-08
3.7013	3.06254e-08
3.7014	3.39107e-08
3.7015	3.32323e-08
3.7016	3.02364e-08
3.7017	2.95529e-08
3.7018	2.92612e-08
3.7019	3.06862e-08
3.702	2.9712e-08
3.7021	3.36528e-08
3.7022	3.25954e-08
3.7023	2.63395e-08
3.7024	2.91268e-08
3.7025	2.82507e-08
3.7026	3.84352e-08
3.7027	3.71314e-08
3.7028	3.84671e-08
3.7029	2.69126e-08
3.703	3.65759e-08
3.7031	2.42462e-08
3.7032	3.05813e-08
3.7033	2.98949e-08
3.7034	2.98626e-08
3.7035	3.82287e-08
3.7036	3.20674e-08
3.7037	4.20588e-08
3.7038	3.46365e-08
3.7039	3.07586e-08
3.704	5.45197e-08
3.7041	4.24573e-08
3.7042	3.36956e-08
3.7043	2.90515e-08
3.7044	2.84465e-08
3.7045	3.00764e-08
3.7046	3.84617e-08
3.7047	4.49436e-08
3.7048	4.7811e-08
3.7049	4.58492e-08
3.705	3.82405e-08
3.7051	3.83453e-08
3.7052	3.82138e-08
3.7053	3.44033e-08
3.7054	3.33134e-08
3.7055	3.47283e-08
3.7056	2.95765e-08
3.7057	2.76943e-08
3.7058	3.77037e-08
3.7059	4.09323e-08
3.706	2.79059e-08
3.7061	2.99394e-08
3.7062	3.1421e-08
3.7063	2.67108e-08
3.7064	2.90833e-08
3.7065	2.55035e-08
3.7066	3.09453e-08
3.7067	2.90748e-08
3.7068	3.32149e-08
3.7069	4.06341e-08
3.707	4.3937e-08
3.7071	3.73546e-08
3.7072	3.44776e-08
3.7073	4.78979e-08
3.7074	3.92369e-08
3.7075	2.31426e-08
3.7076	3.28413e-08
3.7077	3.59769e-08
3.7078	2.79709e-08
3.7079	4.26225e-08
3.708	2.98066e-08
3.7081	3.13272e-08
3.7082	3.05132e-08
3.7083	2.87406e-08
3.7084	3.78885e-08
3.7085	2.60629e-08
3.7086	2.54464e-08
3.7087	3.14616e-08
3.7088	2.49358e-08
3.7089	2.19626e-08
3.709	2.5671e-08
3.7091	3.04733e-08
3.7092	3.91857e-08
3.7093	3.8892e-08
3.7094	3.46562e-08
3.7095	4.05202e-08
3.7096	3.35863e-08
3.7097	2.94897e-08
3.7098	2.74257e-08
3.7099	3.02674e-08
3.71	3.5234e-08
3.7101	3.08407e-08
3.7102	3.62724e-08
3.7103	2.50284e-08
3.7104	2.70315e-08
3.7105	3.87698e-08
3.7106	3.00012e-08
3.7107	3.18007e-08
3.7108	2.69902e-08
3.7109	3.04842e-08
3.711	2.79465e-08
3.7111	2.20895e-08
3.7112	2.95806e-08
3.7113	3.42517e-08
3.7114	2.9741e-08
3.7115	2.85927e-08
3.7116	3.56005e-08
3.7117	3.38127e-08
3.7118	2.87803e-08
3.7119	3.24875e-08
3.712	2.74409e-08
3.7121	2.85183e-08
3.7122	2.85514e-08
3.7123	3.23923e-08
3.7124	3.61011e-08
3.7125	3.8115e-08
3.7126	3.38031e-08
3.7127	3.32922e-08
3.7128	2.2707e-08
3.7129	2.19732e-08
3.713	2.46682e-08
3.7131	3.19119e-08
3.7132	2.36902e-08
3.7133	2.27432e-08
3.7134	2.4219e-08
3.7135	2.79073e-08
3.7136	2.40867e-08
3.7137	2.51205e-08
3.7138	2.41883e-08
3.7139	3.2328e-08
3.714	3.68284e-08
3.7141	3.44931e-08
3.7142	3.19754e-08
3.7143	2.35898e-08
3.7144	3.12561e-08
3.7145	3.08204e-08
3.7146	3.21007e-08
3.7147	3.98061e-08
3.7148	2.89167e-08
3.7149	3.52702e-08
3.715	3.61286e-08
3.7151	2.0971e-08
3.7152	2.28532e-08
3.7153	4.88724e-08
3.7154	2.38485e-08
3.7155	3.16204e-08
3.7156	2.23915e-08
3.7157	3.41282e-08
3.7158	2.37774e-08
3.7159	2.98219e-08
3.716	3.28144e-08
3.7161	2.50437e-08
3.7162	4.52837e-08
3.7163	3.6933e-08
3.7164	3.80687e-08
3.7165	2.75766e-08
3.7166	3.72183e-08
3.7167	2.95339e-08
3.7168	3.21995e-08
3.7169	2.45015e-08
3.717	3.21522e-08
3.7171	2.91796e-08
3.7172	3.80223e-08
3.7173	2.67755e-08
3.7174	3.17118e-08
3.7175	2.69194e-08
3.7176	2.23542e-08
3.7177	3.58679e-08
3.7178	4.48685e-08
3.7179	3.2909e-08
3.718	4.04044e-08
3.7181	2.2582e-08
3.7182	3.38695e-08
3.7183	2.65412e-08
3.7184	3.47762e-08
3.7185	3.33156e-08
3.7186	3.78037e-08
3.7187	3.81054e-08
3.7188	3.3274e-08
3.7189	3.13222e-08
3.719	2.54943e-08
3.7191	3.65971e-08
3.7192	2.73374e-08
3.7193	2.92394e-08
3.7194	2.73952e-08
3.7195	2.5222e-08
3.7196	3.42772e-08
3.7197	3.47633e-08
3.7198	3.14471e-08
3.7199	3.26797e-08
3.72	3.84508e-08
3.7201	3.87229e-08
3.7202	3.67889e-08
3.7203	3.8803e-08
3.7204	4.27975e-08
3.7205	2.71435e-08
3.7206	2.68033e-08
3.7207	3.82822e-08
3.7208	3.82756e-08
3.7209	3.15652e-08
3.721	2.98914e-08
3.7211	2.25755e-08
3.7212	3.03657e-08
3.7213	2.99479e-08
3.7214	3.24884e-08
3.7215	3.46392e-08
3.7216	3.14243e-08
3.7217	3.30329e-08
3.7218	2.24891e-08
3.7219	2.43078e-08
3.722	3.2825e-08
3.7221	3.5602e-08
3.7222	3.70319e-08
3.7223	2.71599e-08
3.7224	5.09619e-08
3.7225	4.72363e-08
3.7226	3.16197e-08
3.7227	2.76727e-08
3.7228	3.88713e-08
3.7229	4.81214e-08
3.723	2.85078e-08
3.7231	3.67398e-08
3.7232	2.69744e-08
3.7233	2.89744e-08
3.7234	3.03838e-08
3.7235	2.50285e-08
3.7236	3.59912e-08
3.7237	3.93391e-08
3.7238	2.45077e-08
3.7239	2.29513e-08
3.724	2.10883e-08
3.7241	2.21515e-08
3.7242	3.50961e-08
3.7243	3.48619e-08
3.7244	3.44972e-08
3.7245	3.13791e-08
3.7246	4.21414e-08
3.7247	3.42781e-08
3.7248	3.09107e-08
3.7249	3.66621e-08
3.725	4.51956e-08
3.7251	4.49677e-08
3.7252	4.16367e-08
3.7253	4.02545e-08
3.7254	3.04242e-08
3.7255	2.45689e-08
3.7256	3.47848e-08
3.7257	3.68763e-08
3.7258	3.38573e-08
3.7259	1.98422e-08
3.726	2.16385e-08
3.7261	2.76287e-08
3.7262	2.44719e-08
3.7263	2.54646e-08
3.7264	2.87714e-08
3.7265	2.57925e-08
3.7266	2.77024e-08
3.7267	4.14551e-08
3.7268	4.01541e-08
3.7269	3.20798e-08
3.727	4.48626e-08
3.7271	3.82808e-08
3.7272	3.1794e-08
3.7273	4.36307e-08
3.7274	2.49926e-08
3.7275	3.14978e-08
3.7276	2.97529e-08
3.7277	3.77291e-08
3.7278	2.87827e-08
3.7279	3.89295e-08
3.728	2.67806e-08
3.7281	3.09167e-08
3.7282	3.05708e-08
3.7283	2.48781e-08
3.7284	2.34572e-08
3.7285	2.82648e-08
3.7286	3.65353e-08
3.7287	2.80247e-08
3.7288	2.38532e-08
3.7289	2.92997e-08
3.729	3.99815e-08
3.7291	3.04249e-08
3.7292	2.76325e-08
3.7293	3.82015e-08
3.7294	4.72873e-08
3.7295	4.01208e-08
3.7296	2.81137e-08
3.7297	3.586e-08
3.7298	3.68853e-08
3.7299	3.11666e-08
3.73	2.35783e-08
3.7301	2.79919e-08
3.7302	2.49513e-08
3.7303	2.81285e-08
3.7304	2.83991e-08
3.7305	2.94301e-08
3.7306	4.02879e-08
3.7307	2.48641e-08
3.7308	2.79516e-08
3.7309	3.22224e-08
3.731	3.15274e-08
3.7311	2.92165e-08
3.7312	2.89056e-08
3.7313	2.83094e-08
3.7314	3.3912e-08
3.7315	3.44719e-08
3.7316	3.80149e-08
3.7317	3.88023e-08
3.7318	3.54776e-08
3.7319	3.8772e-08
3.732	3.4803e-08
3.7321	3.11957e-08
3.7322	3.59905e-08
3.7323	3.78186e-08
3.7324	3.16322e-08
3.7325	2.47304e-08
3.7326	3.25264e-08
3.7327	3.54646e-08
3.7328	3.1076e-08
3.7329	2.76286e-08
3.733	3.45025e-08
3.7331	3.41528e-08
3.7332	3.30522e-08
3.7333	4.18332e-08
3.7334	3.08253e-08
3.7335	3.70164e-08
3.7336	3.54165e-08
3.7337	3.32074e-08
3.7338	3.40196e-08
3.7339	3.42965e-08
3.734	2.81874e-08
3.7341	3.42835e-08
3.7342	4.23078e-08
3.7343	2.99703e-08
3.7344	3.15725e-08
3.7345	3.9717e-08
3.7346	2.39923e-08
3.7347	3.24392e-08
3.7348	3.19154e-08
3.7349	3.50571e-08
3.735	3.44558e-08
3.7351	2.85606e-08
3.7352	2.86855e-08
3.7353	2.43981e-08
3.7354	3.37543e-08
3.7355	2.88168e-08
3.7356	2.14727e-08
3.7357	2.62516e-08
3.7358	3.93757e-08
3.7359	4.18195e-08
3.736	3.17791e-08
3.7361	3.08169e-08
3.7362	2.63938e-08
3.7363	4.00222e-08
3.7364	3.59973e-08
3.7365	3.63328e-08
3.7366	2.33032e-08
3.7367	2.73888e-08
3.7368	3.44203e-08
3.7369	3.0025e-08
3.737	2.89421e-08
3.7371	3.0712e-08
3.7372	3.04542e-08
3.7373	2.9483e-08
3.7374	2.85289e-08
3.7375	3.63754e-08
3.7376	3.20075e-08
3.7377	2.52378e-08
3.7378	3.00168e-08
3.7379	3.46036e-08
3.738	2.83513e-08
3.7381	3.10558e-08
3.7382	2.85625e-08
3.7383	2.87362e-08
3.7384	3.57696e-08
3.7385	3.91104e-08
3.7386	3.52189e-08
3.7387	3.77253e-08
3.7388	2.38998e-08
3.7389	2.63729e-08
3.739	3.04461e-08
3.7391	3.26656e-08
3.7392	3.96191e-08
3.7393	3.28798e-08
3.7394	3.47657e-08
3.7395	2.81501e-08
3.7396	3.4596e-08
3.7397	3.80708e-08
3.7398	4.08142e-08
3.7399	2.32299e-08
3.74	2.78459e-08
3.7401	2.46081e-08
3.7402	2.0511e-08
3.7403	3.18707e-08
3.7404	4.55007e-08
3.7405	4.91857e-08
3.7406	3.71975e-08
3.7407	3.85804e-08
3.7408	3.58561e-08
3.7409	3.58406e-08
3.741	3.415e-08
3.7411	2.3943e-08
3.7412	2.73676e-08
3.7413	3.58515e-08
3.7414	2.93328e-08
3.7415	3.68153e-08
3.7416	4.11891e-08
3.7417	2.63713e-08
3.7418	3.52462e-08
3.7419	3.90253e-08
3.742	2.32777e-08
3.7421	2.74972e-08
3.7422	3.24698e-08
3.7423	2.78902e-08
3.7424	2.99952e-08
3.7425	3.78606e-08
3.7426	3.2608e-08
3.7427	4.10465e-08
3.7428	3.98132e-08
3.7429	3.56688e-08
3.743	4.06767e-08
3.7431	3.1869e-08
3.7432	2.80493e-08
3.7433	3.2595e-08
3.7434	3.92372e-08
3.7435	2.755e-08
3.7436	4.16054e-08
3.7437	3.26277e-08
3.7438	2.53395e-08
3.7439	3.6203e-08
3.744	3.53851e-08
3.7441	3.9115e-08
3.7442	3.1092e-08
3.7443	3.39249e-08
3.7444	2.76131e-08
3.7445	2.79128e-08
3.7446	2.30789e-08
3.7447	2.58159e-08
3.7448	3.11631e-08
3.7449	3.27912e-08
3.745	3.60329e-08
3.7451	3.71553e-08
3.7452	3.53977e-08
3.7453	4.02646e-08
3.7454	3.53405e-08
3.7455	3.26782e-08
3.7456	2.55555e-08
3.7457	2.90191e-08
3.7458	3.60754e-08
3.7459	3.68951e-08
3.746	2.49132e-08
3.7461	3.50469e-08
3.7462	3.43271e-08
3.7463	2.70225e-08
3.7464	3.22853e-08
3.7465	2.65599e-08
3.7466	3.37421e-08
3.7467	2.78829e-08
3.7468	2.63045e-08
3.7469	2.66856e-08
3.747	3.40745e-08
3.7471	3.44191e-08
3.7472	2.6662e-08
3.7473	2.92593e-08
3.7474	3.35062e-08
3.7475	3.58256e-08
3.7476	2.83661e-08
3.7477	2.70982e-08
3.7478	3.49198e-08
3.7479	2.67037e-08
3.748	3.1282e-08
3.7481	3.18062e-08
3.7482	3.28959e-08
3.7483	3.24898e-08
3.7484	3.16651e-08
3.7485	2.53724e-08
3.7486	2.48338e-08
3.7487	2.24383e-08
3.7488	2.82851e-08
3.7489	2.22537e-08
3.749	2.46224e-08
3.7491	2.05751e-08
3.7492	2.86123e-08
3.7493	2.79852e-08
3.7494	2.59336e-08
3.7495	2.81897e-08
3.7496	3.59539e-08
3.7497	4.35667e-08
3.7498	4.63433e-08
3.7499	2.79282e-08
3.75	2.52377e-08
3.7501	3.01921e-08
3.7502	2.53584e-08
3.7503	3.3926e-08
3.7504	3.64065e-08
3.7505	2.62688e-08
3.7506	3.14745e-08
3.7507	3.28011e-08
3.7508	2.26342e-08
3.7509	2.38148e-08
3.751	3.92933e-08
3.7511	3.4316e-08
3.7512	2.22376e-08
3.7513	2.7887e-08
3.7514	3.26361e-08
3.7515	2.95426e-08
3.7516	2.52266e-08
3.7517	3.4419e-08
3.7518	3.5119e-08
3.7519	3.72192e-08
3.752	4.10803e-08
3.7521	2.78739e-08
3.7522	3.18845e-08
3.7523	3.01549e-08
3.7524	3.04451e-08
3.7525	3.11532e-08
3.7526	2.57053e-08
3.7527	2.62013e-08
3.7528	2.85081e-08
3.7529	3.79076e-08
3.753	2.9113e-08
3.7531	3.90496e-08
3.7532	2.58245e-08
3.7533	2.61847e-08
3.7534	3.11261e-08
3.7535	3.3811e-08
3.7536	4.14999e-08
3.7537	3.5094e-08
3.7538	2.14808e-08
3.7539	2.83411e-08
3.754	2.71131e-08
3.7541	3.4441e-08
3.7542	2.76693e-08
3.7543	4.12004e-08
3.7544	2.90726e-08
3.7545	2.33377e-08
3.7546	4.38869e-08
3.7547	3.52247e-08
3.7548	3.5213e-08
3.7549	2.60839e-08
3.755	2.23967e-08
3.7551	2.60411e-08
3.7552	2.73785e-08
3.7553	3.22803e-08
3.7554	3.26686e-08
3.7555	3.23873e-08
3.7556	3.73505e-08
3.7557	4.3236e-08
3.7558	4.40414e-08
3.7559	4.32669e-08
3.756	3.83191e-08
3.7561	2.97001e-08
3.7562	3.62449e-08
3.7563	2.35515e-08
3.7564	4.41414e-08
3.7565	3.74751e-08
3.7566	3.32785e-08
3.7567	2.90852e-08
3.7568	2.77172e-08
3.7569	2.69574e-08
3.757	3.29255e-08
3.7571	2.85246e-08
3.7572	3.27884e-08
3.7573	3.4383e-08
3.7574	3.46281e-08
3.7575	2.33088e-08
3.7576	2.47642e-08
3.7577	3.02036e-08
3.7578	3.05017e-08
3.7579	4.03373e-08
3.758	2.6682e-08
3.7581	4.13221e-08
3.7582	4.45759e-08
3.7583	4.66659e-08
3.7584	3.38912e-08
3.7585	4.36782e-08
3.7586	3.89858e-08
3.7587	2.95745e-08
3.7588	3.76515e-08
3.7589	2.8536e-08
3.759	3.35998e-08
3.7591	2.83494e-08
3.7592	3.29946e-08
3.7593	3.38264e-08
3.7594	4.60066e-08
3.7595	2.08992e-08
3.7596	2.27265e-08
3.7597	2.24019e-08
3.7598	2.35779e-08
3.7599	2.97542e-08
3.76	3.96086e-08
3.7601	3.91738e-08
3.7602	2.3897e-08
3.7603	3.96871e-08
3.7604	3.74006e-08
3.7605	2.78199e-08
3.7606	3.83299e-08
3.7607	4.70004e-08
3.7608	3.79861e-08
3.7609	4.16831e-08
3.761	3.60399e-08
3.7611	3.1243e-08
3.7612	2.80893e-08
3.7613	3.70333e-08
3.7614	3.63567e-08
3.7615	3.59537e-08
3.7616	2.6638e-08
3.7617	2.41506e-08
3.7618	2.57301e-08
3.7619	2.42463e-08
3.762	2.34166e-08
3.7621	3.07994e-08
3.7622	2.95159e-08
3.7623	2.57398e-08
3.7624	4.0861e-08
3.7625	4.34192e-08
3.7626	2.88462e-08
3.7627	4.39027e-08
3.7628	3.42428e-08
3.7629	4.64431e-08
3.763	4.10723e-08
3.7631	2.59158e-08
3.7632	3.34895e-08
3.7633	3.97368e-08
3.7634	3.59093e-08
3.7635	2.78084e-08
3.7636	2.93618e-08
3.7637	2.94285e-08
3.7638	2.60881e-08
3.7639	4.44488e-08
3.764	2.66873e-08
3.7641	2.38565e-08
3.7642	3.05888e-08
3.7643	2.61665e-08
3.7644	2.23848e-08
3.7645	2.4499e-08
3.7646	2.88581e-08
3.7647	2.63196e-08
3.7648	3.29083e-08
3.7649	2.76842e-08
3.765	3.89386e-08
3.7651	4.05533e-08
3.7652	3.61919e-08
3.7653	3.46495e-08
3.7654	3.43049e-08
3.7655	4.05862e-08
3.7656	3.1408e-08
3.7657	2.32857e-08
3.7658	2.76062e-08
3.7659	2.84855e-08
3.766	2.77437e-08
3.7661	3.47659e-08
3.7662	3.07928e-08
3.7663	3.68767e-08
3.7664	2.20881e-08
3.7665	2.56183e-08
3.7666	3.24039e-08
3.7667	2.81129e-08
3.7668	3.10562e-08
3.7669	3.12857e-08
3.767	2.87959e-08
3.7671	3.543e-08
3.7672	3.47042e-08
3.7673	3.69424e-08
3.7674	3.77445e-08
3.7675	3.67326e-08
3.7676	4.05436e-08
3.7677	4.04421e-08
3.7678	2.84036e-08
3.7679	3.80173e-08
3.768	3.28512e-08
3.7681	3.56429e-08
3.7682	2.1497e-08
3.7683	3.28327e-08
3.7684	3.22032e-08
3.7685	3.20568e-08
3.7686	2.85069e-08
3.7687	3.83085e-08
3.7688	4.02406e-08
3.7689	3.37001e-08
3.769	3.72272e-08
3.7691	3.36954e-08
3.7692	3.63877e-08
3.7693	3.48654e-08
3.7694	3.37322e-08
3.7695	3.46826e-08
3.7696	3.31007e-08
3.7697	2.87237e-08
3.7698	3.53846e-08
3.7699	3.42756e-08
3.77	3.55197e-08
3.7701	2.97532e-08
3.7702	3.40111e-08
3.7703	2.33971e-08
3.7704	2.89828e-08
3.7705	3.89278e-08
3.7706	3.40645e-08
3.7707	3.35973e-08
3.7708	2.55736e-08
3.7709	2.86962e-08
3.771	2.84534e-08
3.7711	3.34035e-08
3.7712	3.25499e-08
3.7713	2.22859e-08
3.7714	3.97572e-08
3.7715	3.65366e-08
3.7716	3.04571e-08
3.7717	2.90951e-08
3.7718	2.83746e-08
3.7719	2.95304e-08
3.772	3.96253e-08
3.7721	4.26055e-08
3.7722	3.31696e-08
3.7723	2.37135e-08
3.7724	2.90031e-08
3.7725	3.45559e-08
3.7726	2.80001e-08
3.7727	2.83688e-08
3.7728	3.29968e-08
3.7729	2.63807e-08
3.773	3.20461e-08
3.7731	3.47779e-08
3.7732	3.17859e-08
3.7733	3.4688e-08
3.7734	2.58297e-08
3.7735	3.03078e-08
3.7736	3.41859e-08
3.7737	2.53241e-08
3.7738	3.307e-08
3.7739	2.75521e-08
3.774	2.99289e-08
3.7741	3.98483e-08
3.7742	3.21822e-08
3.7743	2.73555e-08
3.7744	3.99786e-08
3.7745	2.19149e-08
3.7746	2.74392e-08
3.7747	2.66174e-08
3.7748	2.59093e-08
3.7749	3.29644e-08
3.775	3.07707e-08
3.7751	3.59284e-08
3.7752	2.98083e-08
3.7753	3.47236e-08
3.7754	5.01578e-08
3.7755	3.82133e-08
3.7756	2.60552e-08
3.7757	2.78855e-08
3.7758	2.68614e-08
3.7759	2.623e-08
3.776	3.66138e-08
3.7761	3.90809e-08
3.7762	3.24865e-08
3.7763	3.4234e-08
3.7764	3.5641e-08
3.7765	4.26316e-08
3.7766	3.60576e-08
3.7767	3.927e-08
3.7768	2.5084e-08
3.7769	2.96922e-08
3.777	3.21617e-08
3.7771	2.95783e-08
3.7772	3.9748e-08
3.7773	2.7197e-08
3.7774	2.65569e-08
3.7775	3.59592e-08
3.7776	4.05243e-08
3.7777	2.67065e-08
3.7778	2.97131e-08
3.7779	3.23527e-08
3.778	2.91228e-08
3.7781	2.78825e-08
3.7782	3.72584e-08
3.7783	3.84824e-08
3.7784	4.6523e-08
3.7785	4.18941e-08
3.7786	3.94155e-08
3.7787	4.85617e-08
3.7788	3.51037e-08
3.7789	2.90919e-08
3.779	3.62825e-08
3.7791	3.86444e-08
3.7792	3.27951e-08
3.7793	3.46646e-08
3.7794	3.54055e-08
3.7795	3.07197e-08
3.7796	3.33542e-08
3.7797	3.12813e-08
3.7798	4.2286e-08
3.7799	2.63727e-08
3.78	3.29114e-08
3.7801	2.45889e-08
3.7802	3.39072e-08
3.7803	2.38619e-08
3.7804	2.40573e-08
3.7805	3.20794e-08
3.7806	3.39385e-08
3.7807	3.56403e-08
3.7808	3.89177e-08
3.7809	3.57947e-08
3.781	3.4136e-08
3.7811	3.00216e-08
3.7812	3.17654e-08
3.7813	2.34988e-08
3.7814	3.75741e-08
3.7815	3.08286e-08
3.7816	3.62171e-08
3.7817	2.43107e-08
3.7818	3.32901e-08
3.7819	3.88884e-08
3.782	2.45699e-08
3.7821	3.24317e-08
3.7822	2.83906e-08
3.7823	2.61154e-08
3.7824	2.95659e-08
3.7825	2.49864e-08
3.7826	2.66795e-08
3.7827	3.59511e-08
3.7828	3.40879e-08
3.7829	2.56874e-08
3.783	3.01971e-08
3.7831	3.98224e-08
3.7832	4.18343e-08
3.7833	3.04172e-08
3.7834	2.54964e-08
3.7835	2.81376e-08
3.7836	2.53952e-08
3.7837	3.32882e-08
3.7838	3.77545e-08
3.7839	3.15799e-08
3.784	4.38451e-08
3.7841	3.21842e-08
3.7842	2.57582e-08
3.7843	2.27552e-08
3.7844	2.57731e-08
3.7845	2.62388e-08
3.7846	2.41044e-08
3.7847	2.16181e-08
3.7848	2.12097e-08
3.7849	3.10527e-08
3.785	2.80094e-08
3.7851	2.71092e-08
3.7852	3.05373e-08
3.7853	3.55862e-08
3.7854	3.19304e-08
3.7855	3.61272e-08
3.7856	2.66334e-08
3.7857	2.01079e-08
3.7858	2.94737e-08
3.7859	2.51736e-08
3.786	2.91178e-08
3.7861	3.58863e-08
3.7862	3.29268e-08
3.7863	3.01046e-08
3.7864	3.19777e-08
3.7865	2.43834e-08
3.7866	2.60475e-08
3.7867	4.50665e-08
3.7868	2.41463e-08
3.7869	3.06921e-08
3.787	2.44921e-08
3.7871	2.77744e-08
3.7872	2.9874e-08
3.7873	2.80265e-08
3.7874	3.0842e-08
3.7875	3.36822e-08
3.7876	3.54913e-08
3.7877	3.97208e-08
3.7878	2.87579e-08
3.7879	2.88913e-08
3.788	3.2016e-08
3.7881	3.04343e-08
3.7882	3.19369e-08
3.7883	2.25275e-08
3.7884	2.77352e-08
3.7885	2.89526e-08
3.7886	3.79066e-08
3.7887	3.35205e-08
3.7888	3.85144e-08
3.7889	3.2169e-08
3.789	2.9978e-08
3.7891	2.84387e-08
3.7892	4.59609e-08
3.7893	3.45424e-08
3.7894	4.13556e-08
3.7895	2.4723e-08
3.7896	2.73625e-08
3.7897	2.60655e-08
3.7898	3.90029e-08
3.7899	3.64693e-08
3.79	3.89484e-08
3.7901	3.3612e-08
3.7902	2.7854e-08
3.7903	3.47638e-08
3.7904	3.09278e-08
3.7905	3.661e-08
3.7906	3.23483e-08
3.7907	2.66504e-08
3.7908	2.18705e-08
3.7909	2.654e-08
3.791	3.35936e-08
3.7911	3.54638e-08
3.7912	3.33006e-08
3.7913	3.61286e-08
3.7914	4.38137e-08
3.7915	3.34047e-08
3.7916	4.25359e-08
3.7917	3.89376e-08
3.7918	3.00713e-08
3.7919	3.21883e-08
3.792	3.12318e-08
3.7921	4.43065e-08
3.7922	4.21113e-08
3.7923	3.56391e-08
3.7924	3.13892e-08
3.7925	3.09144e-08
3.7926	2.2461e-08
3.7927	2.53062e-08
3.7928	3.47771e-08
3.7929	3.80706e-08
3.793	3.6374e-08
3.7931	2.65023e-08
3.7932	2.37643e-08
3.7933	2.12559e-08
3.7934	3.13469e-08
3.7935	3.24766e-08
3.7936	3.50919e-08
3.7937	2.54156e-08
3.7938	4.15631e-08
3.7939	4.07882e-08
3.794	4.01936e-08
3.7941	3.27006e-08
3.7942	3.71829e-08
3.7943	4.41408e-08
3.7944	3.10828e-08
3.7945	3.7874e-08
3.7946	2.67096e-08
3.7947	2.81826e-08
3.7948	3.12543e-08
3.7949	3.27959e-08
3.795	3.56201e-08
3.7951	3.71744e-08
3.7952	2.59298e-08
3.7953	2.00693e-08
3.7954	1.90899e-08
3.7955	2.3238e-08
3.7956	3.34024e-08
3.7957	4.63925e-08
3.7958	3.32918e-08
3.7959	2.78211e-08
3.796	3.45434e-08
3.7961	3.77496e-08
3.7962	2.64712e-08
3.7963	4.02312e-08
3.7964	4.3993e-08
3.7965	3.39702e-08
3.7966	3.57482e-08
3.7967	4.3584e-08
3.7968	2.85049e-08
3.7969	2.65994e-08
3.797	3.80988e-08
3.7971	3.18089e-08
3.7972	2.76606e-08
3.7973	2.87755e-08
3.7974	2.50287e-08
3.7975	2.25187e-08
3.7976	2.14975e-08
3.7977	2.36305e-08
3.7978	3.37345e-08
3.7979	2.07278e-08
3.798	2.28147e-08
3.7981	4.18748e-08
3.7982	4.48281e-08
3.7983	3.57481e-08
3.7984	4.02053e-08
3.7985	4.55469e-08
3.7986	3.23044e-08
3.7987	4.56319e-08
3.7988	4.3076e-08
3.7989	4.70558e-08
3.799	3.4061e-08
3.7991	4.27579e-08
3.7992	3.03755e-08
3.7993	3.11204e-08
3.7994	3.02326e-08
3.7995	2.59416e-08
3.7996	2.94797e-08
3.7997	2.18587e-08
3.7998	2.8126e-08
3.7999	2.61532e-08
3.8	2.71163e-08
3.8001	2.06578e-08
3.8002	3.14182e-08
3.8003	2.78283e-08
3.8004	3.37283e-08
3.8005	3.00603e-08
3.8006	3.04158e-08
3.8007	3.72358e-08
3.8008	4.33553e-08
3.8009	3.75188e-08
3.801	2.80603e-08
3.8011	3.80918e-08
3.8012	4.12696e-08
3.8013	3.24334e-08
3.8014	2.35276e-08
3.8015	2.82037e-08
3.8016	2.93182e-08
3.8017	2.5908e-08
3.8018	2.72191e-08
3.8019	2.98232e-08
3.802	3.10083e-08
3.8021	2.12839e-08
3.8022	2.82401e-08
3.8023	3.03707e-08
3.8024	2.80673e-08
3.8025	2.81088e-08
3.8026	2.89895e-08
3.8027	2.68329e-08
3.8028	3.862e-08
3.8029	3.54995e-08
3.803	4.12968e-08
3.8031	3.3046e-08
3.8032	3.70292e-08
3.8033	4.14926e-08
3.8034	3.74448e-08
3.8035	2.66048e-08
3.8036	3.63422e-08
3.8037	4.03292e-08
3.8038	3.52956e-08
3.8039	2.25384e-08
3.804	3.44813e-08
3.8041	3.23959e-08
3.8042	3.2216e-08
3.8043	2.88561e-08
3.8044	3.76309e-08
3.8045	3.62381e-08
3.8046	3.04896e-08
3.8047	3.90415e-08
3.8048	3.84396e-08
3.8049	3.07974e-08
3.805	3.01174e-08
3.8051	3.36714e-08
3.8052	3.13446e-08
3.8053	4.19634e-08
3.8054	2.981e-08
3.8055	4.36699e-08
3.8056	4.14354e-08
3.8057	3.2681e-08
3.8058	2.92972e-08
3.8059	3.38313e-08
3.806	2.53568e-08
3.8061	3.23821e-08
3.8062	3.89047e-08
3.8063	3.27963e-08
3.8064	3.27259e-08
3.8065	2.84601e-08
3.8066	3.51448e-08
3.8067	2.96173e-08
3.8068	3.42107e-08
3.8069	2.82212e-08
3.807	2.40755e-08
3.8071	2.84964e-08
3.8072	4.44911e-08
3.8073	3.94311e-08
3.8074	3.21818e-08
3.8075	3.62938e-08
3.8076	3.70945e-08
3.8077	4.52619e-08
3.8078	3.25299e-08
3.8079	3.50369e-08
3.808	2.47657e-08
3.8081	2.77679e-08
3.8082	3.4333e-08
3.8083	3.07332e-08
3.8084	2.88745e-08
3.8085	2.71414e-08
3.8086	2.67189e-08
3.8087	2.75866e-08
3.8088	2.98442e-08
3.8089	2.97207e-08
3.809	3.36563e-08
3.8091	2.84635e-08
3.8092	2.82191e-08
3.8093	3.17655e-08
3.8094	2.58593e-08
3.8095	3.0471e-08
3.8096	3.0005e-08
3.8097	2.91202e-08
3.8098	3.10521e-08
3.8099	3.87217e-08
3.81	3.77813e-08
3.8101	3.35644e-08
3.8102	2.4956e-08
3.8103	3.06665e-08
3.8104	2.67086e-08
3.8105	4.03096e-08
3.8106	4.18738e-08
3.8107	3.0756e-08
3.8108	3.99393e-08
3.8109	3.62991e-08
3.811	3.43201e-08
3.8111	4.80523e-08
3.8112	3.54901e-08
3.8113	2.52498e-08
3.8114	2.89249e-08
3.8115	2.52061e-08
3.8116	2.30386e-08
3.8117	4.05198e-08
3.8118	4.37137e-08
3.8119	3.60849e-08
3.812	3.30853e-08
3.8121	4.17067e-08
3.8122	3.56051e-08
3.8123	4.01971e-08
3.8124	4.20144e-08
3.8125	2.83526e-08
3.8126	3.15573e-08
3.8127	3.36464e-08
3.8128	2.95685e-08
3.8129	4.00046e-08
3.813	3.87648e-08
3.8131	2.25773e-08
3.8132	4.00152e-08
3.8133	4.59337e-08
3.8134	2.48762e-08
3.8135	2.89068e-08
3.8136	3.57147e-08
3.8137	2.88205e-08
3.8138	2.47758e-08
3.8139	4.15078e-08
3.814	4.18532e-08
3.8141	4.50487e-08
3.8142	3.92432e-08
3.8143	3.70063e-08
3.8144	4.82868e-08
3.8145	3.26649e-08
3.8146	2.89159e-08
3.8147	3.48816e-08
3.8148	2.85704e-08
3.8149	3.53536e-08
3.815	4.129e-08
3.8151	3.02682e-08
3.8152	2.69694e-08
3.8153	3.45298e-08
3.8154	3.611e-08
3.8155	3.74891e-08
3.8156	2.99265e-08
3.8157	3.15981e-08
3.8158	2.76262e-08
3.8159	2.77192e-08
3.816	2.63214e-08
3.8161	2.37672e-08
3.8162	3.01691e-08
3.8163	3.40718e-08
3.8164	4.11989e-08
3.8165	3.95578e-08
3.8166	4.22184e-08
3.8167	3.89371e-08
3.8168	3.22287e-08
3.8169	3.69008e-08
3.817	2.78609e-08
3.8171	3.57848e-08
3.8172	3.6448e-08
3.8173	3.47944e-08
3.8174	2.27987e-08
3.8175	3.6064e-08
3.8176	3.1645e-08
3.8177	2.64337e-08
3.8178	3.13822e-08
3.8179	2.78837e-08
3.818	2.46579e-08
3.8181	3.02043e-08
3.8182	2.26589e-08
3.8183	2.65923e-08
3.8184	3.6831e-08
3.8185	3.66846e-08
3.8186	2.35949e-08
3.8187	2.57656e-08
3.8188	3.15606e-08
3.8189	4.07359e-08
3.819	3.00439e-08
3.8191	2.47886e-08
3.8192	3.2856e-08
3.8193	2.32392e-08
3.8194	3.8974e-08
3.8195	3.23945e-08
3.8196	3.70259e-08
3.8197	3.6615e-08
3.8198	3.46577e-08
3.8199	2.53777e-08
3.82	2.23678e-08
3.8201	2.24036e-08
3.8202	2.97904e-08
3.8203	1.88373e-08
3.8204	2.56186e-08
3.8205	2.06501e-08
3.8206	3.35851e-08
3.8207	4.16802e-08
3.8208	2.08889e-08
3.8209	2.67017e-08
3.821	3.39912e-08
3.8211	3.84587e-08
3.8212	4.08487e-08
3.8213	2.84121e-08
3.8214	2.18161e-08
3.8215	3.25411e-08
3.8216	2.92227e-08
3.8217	3.03559e-08
3.8218	3.41499e-08
3.8219	2.62355e-08
3.822	3.31279e-08
3.8221	2.64033e-08
3.8222	3.524e-08
3.8223	3.85141e-08
3.8224	3.44283e-08
3.8225	2.7848e-08
3.8226	2.73958e-08
3.8227	2.36053e-08
3.8228	2.94161e-08
3.8229	3.42266e-08
3.823	2.29927e-08
3.8231	3.38403e-08
3.8232	4.0494e-08
3.8233	3.84412e-08
3.8234	3.42038e-08
3.8235	2.53227e-08
3.8236	2.84396e-08
3.8237	2.84128e-08
3.8238	3.15151e-08
3.8239	3.15867e-08
3.824	2.51432e-08
3.8241	2.83463e-08
3.8242	2.88658e-08
3.8243	4.06486e-08
3.8244	3.16823e-08
3.8245	3.63134e-08
3.8246	3.25391e-08
3.8247	3.06384e-08
3.8248	2.50608e-08
3.8249	3.71478e-08
3.825	3.15558e-08
3.8251	3.46838e-08
3.8252	2.22452e-08
3.8253	2.84103e-08
3.8254	2.5831e-08
3.8255	3.60987e-08
3.8256	3.58839e-08
3.8257	3.91816e-08
3.8258	3.04658e-08
3.8259	2.78609e-08
3.826	3.1855e-08
3.8261	2.49043e-08
3.8262	3.44844e-08
3.8263	2.91755e-08
3.8264	2.37267e-08
3.8265	2.74576e-08
3.8266	2.63092e-08
3.8267	2.9265e-08
3.8268	2.92714e-08
3.8269	4.04781e-08
3.827	4.09054e-08
3.8271	4.64797e-08
3.8272	3.76044e-08
3.8273	3.44355e-08
3.8274	3.71999e-08
3.8275	2.90011e-08
3.8276	3.80507e-08
3.8277	3.67743e-08
3.8278	3.47271e-08
3.8279	4.11076e-08
3.828	3.04871e-08
3.8281	2.54295e-08
3.8282	2.70869e-08
3.8283	3.25054e-08
3.8284	3.74008e-08
3.8285	3.56052e-08
3.8286	3.78513e-08
3.8287	3.35305e-08
3.8288	2.89355e-08
3.8289	2.09008e-08
3.829	2.14239e-08
3.8291	3.19826e-08
3.8292	3.36694e-08
3.8293	3.73196e-08
3.8294	2.72435e-08
3.8295	3.7657e-08
3.8296	4.80504e-08
3.8297	4.21217e-08
3.8298	2.75863e-08
3.8299	4.22547e-08
3.83	4.48948e-08
3.8301	2.57032e-08
3.8302	4.03829e-08
3.8303	3.08455e-08
3.8304	3.1341e-08
3.8305	2.8047e-08
3.8306	2.66079e-08
3.8307	3.14973e-08
3.8308	3.78179e-08
3.8309	2.75863e-08
3.831	1.90711e-08
3.8311	2.2496e-08
3.8312	2.51981e-08
3.8313	3.60529e-08
3.8314	3.50599e-08
3.8315	2.61466e-08
3.8316	3.10253e-08
3.8317	3.91831e-08
3.8318	3.69589e-08
3.8319	4.10754e-08
3.832	3.07282e-08
3.8321	4.34369e-08
3.8322	3.98474e-08
3.8323	4.12601e-08
3.8324	4.1874e-08
3.8325	2.89498e-08
3.8326	2.54939e-08
3.8327	4.23828e-08
3.8328	3.50465e-08
3.8329	3.14376e-08
3.833	2.31828e-08
3.8331	2.00736e-08
3.8332	2.61546e-08
3.8333	3.13061e-08
3.8334	2.32333e-08
3.8335	2.67673e-08
3.8336	2.43839e-08
3.8337	3.15492e-08
3.8338	4.36373e-08
3.8339	4.11565e-08
3.834	3.51467e-08
3.8341	3.29921e-08
3.8342	4.03501e-08
3.8343	3.90076e-08
3.8344	4.31615e-08
3.8345	2.83539e-08
3.8346	3.49892e-08
3.8347	3.33555e-08
3.8348	3.53715e-08
3.8349	3.15473e-08
3.835	3.17915e-08
3.8351	2.54828e-08
3.8352	3.09042e-08
3.8353	2.80324e-08
3.8354	2.39788e-08
3.8355	3.02798e-08
3.8356	2.82382e-08
3.8357	2.64097e-08
3.8358	2.24862e-08
3.8359	2.56295e-08
3.836	3.44991e-08
3.8361	3.29609e-08
3.8362	3.25891e-08
3.8363	4.08877e-08
3.8364	4.85509e-08
3.8365	3.53845e-08
3.8366	3.76244e-08
3.8367	3.74743e-08
3.8368	3.49589e-08
3.8369	4.03247e-08
3.837	3.24224e-08
3.8371	3.1581e-08
3.8372	2.66157e-08
3.8373	2.23037e-08
3.8374	3.13788e-08
3.8375	2.91943e-08
3.8376	3.56428e-08
3.8377	2.88293e-08
3.8378	3.01716e-08
3.8379	3.52072e-08
3.838	2.41547e-08
3.8381	2.9676e-08
3.8382	3.27781e-08
3.8383	3.08934e-08
3.8384	3.11775e-08
3.8385	3.81865e-08
3.8386	3.69556e-08
3.8387	3.61785e-08
3.8388	3.41509e-08
3.8389	3.45623e-08
3.839	2.85628e-08
3.8391	4.17915e-08
3.8392	3.08389e-08
3.8393	3.0845e-08
3.8394	3.53957e-08
3.8395	3.04849e-08
3.8396	2.30426e-08
3.8397	3.14476e-08
3.8398	3.34423e-08
3.8399	3.03402e-08
3.84	2.64164e-08
3.8401	3.56466e-08
3.8402	2.79054e-08
3.8403	3.15575e-08
3.8404	4.19654e-08
3.8405	2.96478e-08
3.8406	3.23796e-08
3.8407	4.15637e-08
3.8408	3.67087e-08
3.8409	3.70387e-08
3.841	2.33917e-08
3.8411	2.90566e-08
3.8412	3.07069e-08
3.8413	4.07723e-08
3.8414	3.4622e-08
3.8415	2.68999e-08
3.8416	2.98286e-08
3.8417	2.32654e-08
3.8418	3.06679e-08
3.8419	3.69902e-08
3.842	3.01266e-08
3.8421	2.9564e-08
3.8422	3.69814e-08
3.8423	3.34258e-08
3.8424	3.70678e-08
3.8425	2.6628e-08
3.8426	3.17762e-08
3.8427	2.31541e-08
3.8428	2.61977e-08
3.8429	5.61842e-08
3.843	3.57154e-08
3.8431	3.39404e-08
3.8432	2.49995e-08
3.8433	3.00549e-08
3.8434	3.84011e-08
3.8435	4.32103e-08
3.8436	3.68887e-08
3.8437	3.14777e-08
3.8438	2.83345e-08
3.8439	3.90741e-08
3.844	3.68596e-08
3.8441	3.20476e-08
3.8442	3.89174e-08
3.8443	3.48458e-08
3.8444	3.14107e-08
3.8445	3.15819e-08
3.8446	3.39757e-08
3.8447	2.8398e-08
3.8448	2.55836e-08
3.8449	3.55714e-08
3.845	3.47241e-08
3.8451	2.75683e-08
3.8452	2.77078e-08
3.8453	2.75596e-08
3.8454	3.51657e-08
3.8455	4.03247e-08
3.8456	2.58821e-08
3.8457	2.47704e-08
3.8458	3.91355e-08
3.8459	3.16861e-08
3.846	3.40214e-08
3.8461	2.70204e-08
3.8462	3.19427e-08
3.8463	4.34998e-08
3.8464	3.40724e-08
3.8465	3.71934e-08
3.8466	3.34325e-08
3.8467	3.32349e-08
3.8468	4.89932e-08
3.8469	3.39978e-08
3.847	2.61322e-08
3.8471	3.27771e-08
3.8472	3.4626e-08
3.8473	2.70912e-08
3.8474	4.05937e-08
3.8475	3.70974e-08
3.8476	3.26161e-08
3.8477	3.58547e-08
3.8478	4.90543e-08
3.8479	4.21236e-08
3.848	4.05917e-08
3.8481	3.12178e-08
3.8482	2.36955e-08
3.8483	2.86046e-08
3.8484	2.94061e-08
3.8485	3.15951e-08
3.8486	3.52739e-08
3.8487	3.64261e-08
3.8488	3.09692e-08
3.8489	2.92194e-08
3.849	4.38025e-08
3.8491	2.79473e-08
3.8492	3.26131e-08
3.8493	2.28235e-08
3.8494	2.6684e-08
3.8495	3.40954e-08
3.8496	4.66194e-08
3.8497	4.1702e-08
3.8498	3.53091e-08
3.8499	3.45758e-08
3.85	3.95278e-08
3.8501	3.64874e-08
3.8502	3.83159e-08
3.8503	2.92203e-08
3.8504	3.18093e-08
3.8505	3.64168e-08
3.8506	3.14309e-08
3.8507	4.87441e-08
3.8508	4.43529e-08
3.8509	2.43855e-08
3.851	2.9275e-08
3.8511	4.52189e-08
3.8512	3.08979e-08
3.8513	2.77984e-08
3.8514	2.46309e-08
3.8515	3.0779e-08
3.8516	2.01055e-08
3.8517	2.71337e-08
3.8518	2.99722e-08
3.8519	3.28224e-08
3.852	3.36598e-08
3.8521	3.19874e-08
3.8522	3.26474e-08
3.8523	3.86037e-08
3.8524	4.15402e-08
3.8525	2.4188e-08
3.8526	2.61858e-08
3.8527	2.92824e-08
3.8528	3.23841e-08
3.8529	3.32458e-08
3.853	3.47355e-08
3.8531	2.75157e-08
3.8532	3.07145e-08
3.8533	3.75982e-08
3.8534	2.98079e-08
3.8535	4.04696e-08
3.8536	2.93558e-08
3.8537	2.97618e-08
3.8538	2.78926e-08
3.8539	2.30838e-08
3.854	2.89495e-08
3.8541	2.73665e-08
3.8542	3.42417e-08
3.8543	3.06651e-08
3.8544	2.64939e-08
3.8545	3.08003e-08
3.8546	3.83947e-08
3.8547	3.14048e-08
3.8548	2.80312e-08
3.8549	2.41161e-08
3.855	2.71939e-08
3.8551	3.66564e-08
3.8552	2.644e-08
3.8553	3.58175e-08
3.8554	3.80725e-08
3.8555	2.65386e-08
3.8556	2.24811e-08
3.8557	2.43049e-08
3.8558	2.42895e-08
3.8559	3.16331e-08
3.856	3.01017e-08
3.8561	2.18021e-08
3.8562	2.32002e-08
3.8563	2.8665e-08
3.8564	3.17486e-08
3.8565	2.38025e-08
3.8566	3.28678e-08
3.8567	3.72882e-08
3.8568	3.45838e-08
3.8569	3.76754e-08
3.857	2.401e-08
3.8571	2.60305e-08
3.8572	3.58317e-08
3.8573	2.80019e-08
3.8574	3.4296e-08
3.8575	3.82135e-08
3.8576	3.48342e-08
3.8577	3.19178e-08
3.8578	3.37551e-08
3.8579	2.26888e-08
3.858	3.02029e-08
3.8581	3.43654e-08
3.8582	2.50951e-08
3.8583	2.54762e-08
3.8584	2.52484e-08
3.8585	2.62939e-08
3.8586	3.3398e-08
3.8587	2.78422e-08
3.8588	3.01035e-08
3.8589	2.89849e-08
3.859	3.51657e-08
3.8591	3.18727e-08
3.8592	2.38185e-08
3.8593	3.49685e-08
3.8594	2.81691e-08
3.8595	2.89799e-08
3.8596	3.06971e-08
3.8597	2.46091e-08
3.8598	3.02549e-08
3.8599	3.60722e-08
3.86	3.04036e-08
3.8601	3.69442e-08
3.8602	3.78456e-08
3.8603	2.6997e-08
3.8604	2.24492e-08
3.8605	3.30301e-08
3.8606	3.20757e-08
3.8607	4.03164e-08
3.8608	2.66033e-08
3.8609	2.78192e-08
3.861	2.44626e-08
3.8611	3.12831e-08
3.8612	3.86487e-08
3.8613	4.29942e-08
3.8614	2.96988e-08
3.8615	3.68193e-08
3.8616	3.54142e-08
3.8617	3.35518e-08
3.8618	2.73295e-08
3.8619	3.78992e-08
3.862	2.89271e-08
3.8621	2.80291e-08
3.8622	2.68891e-08
3.8623	2.4435e-08
3.8624	3.45247e-08
3.8625	4.00864e-08
3.8626	3.88022e-08
3.8627	4.09576e-08
3.8628	4.46053e-08
3.8629	3.51198e-08
3.863	2.83173e-08
3.8631	3.37014e-08
3.8632	3.54944e-08
3.8633	2.93466e-08
3.8634	3.67943e-08
3.8635	3.93274e-08
3.8636	3.01704e-08
3.8637	2.91798e-08
3.8638	3.35222e-08
3.8639	2.69301e-08
3.864	2.28481e-08
3.8641	3.21966e-08
3.8642	4.17158e-08
3.8643	3.48994e-08
3.8644	2.79249e-08
3.8645	2.80396e-08
3.8646	2.17677e-08
3.8647	3.24868e-08
3.8648	3.63556e-08
3.8649	3.39897e-08
3.865	2.63068e-08
3.8651	3.58496e-08
3.8652	4.90017e-08
3.8653	4.09094e-08
3.8654	3.45563e-08
3.8655	2.75544e-08
3.8656	3.13783e-08
3.8657	3.23078e-08
3.8658	3.96891e-08
3.8659	2.68526e-08
3.866	3.48845e-08
3.8661	2.71257e-08
3.8662	2.65914e-08
3.8663	3.60442e-08
3.8664	3.33316e-08
3.8665	3.42837e-08
3.8666	2.16996e-08
3.8667	3.0816e-08
3.8668	2.35845e-08
3.8669	3.13594e-08
3.867	4.01231e-08
3.8671	2.73916e-08
3.8672	2.71899e-08
3.8673	3.43107e-08
3.8674	4.5174e-08
3.8675	4.54606e-08
3.8676	2.88069e-08
3.8677	2.84119e-08
3.8678	3.89003e-08
3.8679	4.58536e-08
3.868	3.30708e-08
3.8681	3.84392e-08
3.8682	2.58203e-08
3.8683	3.11519e-08
3.8684	4.0904e-08
3.8685	2.92107e-08
3.8686	3.31698e-08
3.8687	2.44663e-08
3.8688	2.74752e-08
3.8689	2.94105e-08
3.869	2.49215e-08
3.8691	3.27063e-08
3.8692	2.17225e-08
3.8693	2.35259e-08
3.8694	4.5043e-08
3.8695	4.47897e-08
3.8696	2.89767e-08
3.8697	3.53534e-08
3.8698	4.46423e-08
3.8699	3.07659e-08
3.87	3.74329e-08
3.8701	4.33691e-08
3.8702	4.6688e-08
3.8703	3.86713e-08
3.8704	2.76388e-08
3.8705	2.91534e-08
3.8706	3.41376e-08
3.8707	3.32125e-08
3.8708	3.23354e-08
3.8709	2.33951e-08
3.871	2.91438e-08
3.8711	2.83317e-08
3.8712	2.59619e-08
3.8713	2.17788e-08
3.8714	1.75887e-08
3.8715	2.23153e-08
3.8716	3.27097e-08
3.8717	4.61285e-08
3.8718	3.69918e-08
3.8719	3.32228e-08
3.872	4.16184e-08
3.8721	4.82979e-08
3.8722	4.90056e-08
3.8723	2.86096e-08
3.8724	3.19716e-08
3.8725	3.96961e-08
3.8726	3.5886e-08
3.8727	2.89231e-08
3.8728	3.1055e-08
3.8729	2.99701e-08
3.873	2.86971e-08
3.8731	2.84627e-08
3.8732	3.1704e-08
3.8733	4.18944e-08
3.8734	2.56265e-08
3.8735	2.27973e-08
3.8736	2.98629e-08
3.8737	1.99447e-08
3.8738	2.38469e-08
3.8739	2.84215e-08
3.874	2.88994e-08
3.8741	4.19002e-08
3.8742	3.55663e-08
3.8743	3.03478e-08
3.8744	3.42947e-08
3.8745	3.89992e-08
3.8746	3.11215e-08
3.8747	3.02205e-08
3.8748	3.77738e-08
3.8749	4.10721e-08
3.875	4.43397e-08
3.8751	3.56631e-08
3.8752	2.43383e-08
3.8753	3.16135e-08
3.8754	3.19066e-08
3.8755	3.1737e-08
3.8756	2.86486e-08
3.8757	2.97839e-08
3.8758	3.8159e-08
3.8759	3.41665e-08
3.876	3.59043e-08
3.8761	2.95901e-08
3.8762	3.61441e-08
3.8763	3.62651e-08
3.8764	3.37283e-08
3.8765	2.3105e-08
3.8766	3.86462e-08
3.8767	2.33919e-08
3.8768	3.08263e-08
3.8769	2.96939e-08
3.877	3.6461e-08
3.8771	2.99093e-08
3.8772	2.81836e-08
3.8773	3.61366e-08
3.8774	3.1276e-08
3.8775	3.0417e-08
3.8776	3.9763e-08
3.8777	3.3014e-08
3.8778	2.88328e-08
3.8779	2.85882e-08
3.878	4.1038e-08
3.8781	3.00696e-08
3.8782	3.51098e-08
3.8783	2.43978e-08
3.8784	3.44322e-08
3.8785	3.35981e-08
3.8786	4.19938e-08
3.8787	3.99614e-08
3.8788	2.72107e-08
3.8789	3.56358e-08
3.879	4.04239e-08
3.8791	3.64464e-08
3.8792	3.69017e-08
3.8793	2.58672e-08
3.8794	2.6286e-08
3.8795	2.82962e-08
3.8796	2.84752e-08
3.8797	3.1747e-08
3.8798	3.68056e-08
3.8799	2.85614e-08
3.88	3.88935e-08
3.8801	3.0639e-08
3.8802	2.67693e-08
3.8803	2.44524e-08
3.8804	2.6723e-08
3.8805	3.19565e-08
3.8806	3.12377e-08
3.8807	2.7963e-08
3.8808	3.02713e-08
3.8809	3.34586e-08
3.881	3.3084e-08
3.8811	3.20578e-08
3.8812	3.45805e-08
3.8813	2.58161e-08
3.8814	3.98662e-08
3.8815	2.69293e-08
3.8816	2.60015e-08
3.8817	3.29289e-08
3.8818	3.42686e-08
3.8819	3.93681e-08
3.882	3.59077e-08
3.8821	3.99465e-08
3.8822	3.16149e-08
3.8823	3.02564e-08
3.8824	5.02222e-08
3.8825	3.34612e-08
3.8826	3.09142e-08
3.8827	2.86535e-08
3.8828	2.46162e-08
3.8829	2.66135e-08
3.883	3.28024e-08
3.8831	3.86956e-08
3.8832	3.23395e-08
3.8833	3.49022e-08
3.8834	3.78449e-08
3.8835	4.00412e-08
3.8836	3.20215e-08
3.8837	3.946e-08
3.8838	2.4344e-08
3.8839	2.72265e-08
3.884	3.33488e-08
3.8841	3.6142e-08
3.8842	3.57873e-08
3.8843	3.82439e-08
3.8844	3.09363e-08
3.8845	3.17398e-08
3.8846	4.04142e-08
3.8847	2.68463e-08
3.8848	3.03986e-08
3.8849	2.61229e-08
3.885	3.02157e-08
3.8851	2.78119e-08
3.8852	3.56461e-08
3.8853	3.94687e-08
3.8854	4.06183e-08
3.8855	3.78836e-08
3.8856	3.99467e-08
3.8857	3.55923e-08
3.8858	4.39945e-08
3.8859	2.77627e-08
3.886	3.2813e-08
3.8861	3.66161e-08
3.8862	3.32567e-08
3.8863	3.74849e-08
3.8864	3.31506e-08
3.8865	3.08204e-08
3.8866	4.2468e-08
3.8867	2.84212e-08
3.8868	3.18469e-08
3.8869	2.13668e-08
3.887	2.98773e-08
3.8871	2.81321e-08
3.8872	3.16416e-08
3.8873	2.23218e-08
3.8874	2.72938e-08
3.8875	2.3106e-08
3.8876	2.77145e-08
3.8877	3.6509e-08
3.8878	2.79712e-08
3.8879	3.60333e-08
3.888	3.51405e-08
3.8881	3.75442e-08
3.8882	2.55543e-08
3.8883	3.10064e-08
3.8884	3.35267e-08
3.8885	3.15702e-08
3.8886	3.45569e-08
3.8887	2.76302e-08
3.8888	2.87691e-08
3.8889	3.34216e-08
3.889	2.98178e-08
3.8891	2.77532e-08
3.8892	3.07034e-08
3.8893	3.14087e-08
3.8894	3.14025e-08
3.8895	2.50858e-08
3.8896	2.67708e-08
3.8897	3.63417e-08
3.8898	3.12515e-08
3.8899	2.79961e-08
3.89	3.28601e-08
3.8901	3.40073e-08
3.8902	3.34458e-08
3.8903	3.48058e-08
3.8904	3.09365e-08
3.8905	2.96423e-08
3.8906	2.95613e-08
3.8907	2.95325e-08
3.8908	3.63909e-08
3.8909	3.38682e-08
3.891	4.1146e-08
3.8911	3.56846e-08
3.8912	2.11774e-08
3.8913	2.20466e-08
3.8914	2.59955e-08
3.8915	2.74064e-08
3.8916	2.78278e-08
3.8917	2.75055e-08
3.8918	2.3696e-08
3.8919	3.04396e-08
3.892	3.83158e-08
3.8921	2.46245e-08
3.8922	2.54354e-08
3.8923	3.81203e-08
3.8924	4.44362e-08
3.8925	4.23331e-08
3.8926	3.54009e-08
3.8927	2.27341e-08
3.8928	3.11248e-08
3.8929	3.00286e-08
3.893	2.75936e-08
3.8931	3.63448e-08
3.8932	2.99377e-08
3.8933	3.40023e-08
3.8934	3.38294e-08
3.8935	2.37798e-08
3.8936	2.72821e-08
3.8937	4.39005e-08
3.8938	2.28388e-08
3.8939	2.93337e-08
3.894	2.4305e-08
3.8941	2.58228e-08
3.8942	3.35238e-08
3.8943	2.19093e-08
3.8944	3.46416e-08
3.8945	2.38087e-08
3.8946	3.60103e-08
3.8947	3.7921e-08
3.8948	3.82533e-08
3.8949	3.03449e-08
3.895	3.14854e-08
3.8951	2.99182e-08
3.8952	3.53331e-08
3.8953	2.32218e-08
3.8954	2.6525e-08
3.8955	3.18424e-08
3.8956	4.23808e-08
3.8957	2.7559e-08
3.8958	4.21115e-08
3.8959	3.08592e-08
3.896	2.77514e-08
3.8961	3.18173e-08
3.8962	3.62487e-08
3.8963	3.56727e-08
3.8964	4.17065e-08
3.8965	2.55198e-08
3.8966	2.45786e-08
3.8967	2.9585e-08
3.8968	3.00149e-08
3.8969	2.67319e-08
3.897	3.64956e-08
3.8971	3.71066e-08
3.8972	3.2287e-08
3.8973	2.7416e-08
3.8974	2.54755e-08
3.8975	3.43436e-08
3.8976	3.15021e-08
3.8977	3.19963e-08
3.8978	2.4256e-08
3.8979	2.26301e-08
3.898	3.4971e-08
3.8981	3.66857e-08
3.8982	3.3163e-08
3.8983	3.10265e-08
3.8984	3.91947e-08
3.8985	3.68637e-08
3.8986	3.93785e-08
3.8987	2.74051e-08
3.8988	3.94311e-08
3.8989	2.9581e-08
3.899	2.56296e-08
3.8991	4.05741e-08
3.8992	3.71597e-08
3.8993	3.40002e-08
3.8994	2.66005e-08
3.8995	2.69255e-08
3.8996	2.88631e-08
3.8997	2.1885e-08
3.8998	4.29762e-08
3.8999	3.63075e-08
3.9	3.5162e-08
3.9001	2.85913e-08
3.9002	2.48762e-08
3.9003	2.44147e-08
3.9004	3.43431e-08
3.9005	2.63974e-08
3.9006	3.59263e-08
3.9007	2.43553e-08
3.9008	4.59163e-08
3.9009	3.88322e-08
3.901	3.20832e-08
3.9011	2.95176e-08
3.9012	4.12911e-08
3.9013	4.76968e-08
3.9014	3.8292e-08
3.9015	3.54342e-08
3.9016	2.18387e-08
3.9017	3.45293e-08
3.9018	3.05869e-08
3.9019	2.71271e-08
3.902	3.11967e-08
3.9021	3.31245e-08
3.9022	3.33746e-08
3.9023	2.28444e-08
3.9024	2.21634e-08
3.9025	2.74358e-08
3.9026	3.11253e-08
3.9027	3.90387e-08
3.9028	3.3285e-08
3.9029	3.51107e-08
3.903	3.79608e-08
3.9031	2.7067e-08
3.9032	2.41353e-08
3.9033	3.88851e-08
3.9034	4.22144e-08
3.9035	4.26568e-08
3.9036	3.65144e-08
3.9037	3.91934e-08
3.9038	3.15371e-08
3.9039	2.64323e-08
3.904	3.69109e-08
3.9041	3.66634e-08
3.9042	3.50587e-08
3.9043	2.66239e-08
3.9044	2.87048e-08
3.9045	2.42023e-08
3.9046	2.47194e-08
3.9047	2.06858e-08
3.9048	2.91019e-08
3.9049	2.33809e-08
3.905	2.89116e-08
3.9051	4.2182e-08
3.9052	3.28748e-08
3.9053	2.55447e-08
3.9054	4.9324e-08
3.9055	4.62265e-08
3.9056	2.78576e-08
3.9057	4.88988e-08
3.9058	2.65813e-08
3.9059	3.18157e-08
3.906	2.34334e-08
3.9061	3.2536e-08
3.9062	3.8218e-08
3.9063	2.72413e-08
3.9064	3.41066e-08
3.9065	2.74063e-08
3.9066	3.08429e-08
3.9067	2.56902e-08
3.9068	2.32474e-08
3.9069	2.52276e-08
3.907	2.44472e-08
3.9071	2.219e-08
3.9072	2.39762e-08
3.9073	3.76858e-08
3.9074	2.982e-08
3.9075	3.1626e-08
3.9076	2.66159e-08
3.9077	3.58104e-08
3.9078	5.04736e-08
3.9079	4.66771e-08
3.908	3.37404e-08
3.9081	3.22713e-08
3.9082	3.56832e-08
3.9083	3.85323e-08
3.9084	2.74737e-08
3.9085	2.26026e-08
3.9086	2.5402e-08
3.9087	2.82279e-08
3.9088	2.83149e-08
3.9089	2.85927e-08
3.909	3.54432e-08
3.9091	2.04696e-08
3.9092	2.6939e-08
3.9093	3.15357e-08
3.9094	2.90224e-08
3.9095	2.34009e-08
3.9096	2.90994e-08
3.9097	2.96422e-08
3.9098	3.61671e-08
3.9099	3.39716e-08
3.91	3.28937e-08
3.9101	4.07918e-08
3.9102	3.5494e-08
3.9103	2.94158e-08
3.9104	3.83849e-08
3.9105	3.22911e-08
3.9106	3.64293e-08
3.9107	3.82113e-08
3.9108	2.44581e-08
3.9109	2.33669e-08
3.911	3.09725e-08
3.9111	3.2016e-08
3.9112	3.10527e-08
3.9113	2.6603e-08
3.9114	3.53872e-08
3.9115	3.55778e-08
3.9116	2.70949e-08
3.9117	3.46113e-08
3.9118	2.75463e-08
3.9119	3.58057e-08
3.912	3.06812e-08
3.9121	3.64099e-08
3.9122	3.29302e-08
3.9123	3.34262e-08
3.9124	2.58504e-08
3.9125	3.35324e-08
3.9126	4.16193e-08
3.9127	3.2684e-08
3.9128	2.53544e-08
3.9129	2.80174e-08
3.913	2.84124e-08
3.9131	3.52204e-08
3.9132	3.14723e-08
3.9133	3.6633e-08
3.9134	3.92163e-08
3.9135	2.71356e-08
3.9136	3.15776e-08
3.9137	3.04573e-08
3.9138	3.89046e-08
3.9139	2.51439e-08
3.914	2.24337e-08
3.9141	3.73266e-08
3.9142	3.58833e-08
3.9143	4.15327e-08
3.9144	3.39398e-08
3.9145	3.14744e-08
3.9146	3.10929e-08
3.9147	3.7666e-08
3.9148	4.1217e-08
3.9149	2.99398e-08
3.915	2.63184e-08
3.9151	2.95994e-08
3.9152	3.64097e-08
3.9153	2.65183e-08
3.9154	2.96379e-08
3.9155	3.51897e-08
3.9156	3.47387e-08
3.9157	3.19036e-08
3.9158	3.34189e-08
3.9159	3.49101e-08
3.916	3.66959e-08
3.9161	2.58442e-08
3.9162	3.05642e-08
3.9163	3.90197e-08
3.9164	2.99841e-08
3.9165	3.52055e-08
3.9166	3.05777e-08
3.9167	2.92696e-08
3.9168	3.54619e-08
3.9169	3.49842e-08
3.917	3.16093e-08
3.9171	3.67183e-08
3.9172	2.36544e-08
3.9173	2.91775e-08
3.9174	2.68235e-08
3.9175	2.93538e-08
3.9176	3.19104e-08
3.9177	4.18412e-08
3.9178	3.71969e-08
3.9179	3.00973e-08
3.918	3.89638e-08
3.9181	5.3243e-08
3.9182	3.5527e-08
3.9183	1.99413e-08
3.9184	2.60219e-08
3.9185	2.50578e-08
3.9186	3.0287e-08
3.9187	3.41903e-08
3.9188	4.06499e-08
3.9189	4.2191e-08
3.919	4.07432e-08
3.9191	3.59542e-08
3.9192	3.57061e-08
3.9193	3.60453e-08
3.9194	2.72841e-08
3.9195	2.42424e-08
3.9196	2.89769e-08
3.9197	4.60902e-08
3.9198	2.97132e-08
3.9199	3.65359e-08
3.92	4.77676e-08
3.9201	3.14274e-08
3.9202	3.1951e-08
3.9203	4.13827e-08
3.9204	3.06931e-08
3.9205	2.8092e-08
3.9206	2.88878e-08
3.9207	2.94265e-08
3.9208	3.12985e-08
3.9209	3.88114e-08
3.921	4.00705e-08
3.9211	4.27145e-08
3.9212	3.71297e-08
3.9213	3.77684e-08
3.9214	4.00899e-08
3.9215	3.62701e-08
3.9216	3.14058e-08
3.9217	3.63631e-08
3.9218	3.85113e-08
3.9219	3.16329e-08
3.922	4.41902e-08
3.9221	2.5887e-08
3.9222	3.08809e-08
3.9223	3.39752e-08
3.9224	3.37703e-08
3.9225	3.89445e-08
3.9226	2.78225e-08
3.9227	3.46574e-08
3.9228	2.95084e-08
3.9229	2.25979e-08
3.923	2.48826e-08
3.9231	2.61037e-08
3.9232	2.67541e-08
3.9233	3.60983e-08
3.9234	3.78082e-08
3.9235	3.05297e-08
3.9236	3.74041e-08
3.9237	4.14147e-08
3.9238	2.61238e-08
3.9239	2.94642e-08
3.924	2.36533e-08
3.9241	3.36965e-08
3.9242	2.94246e-08
3.9243	3.69932e-08
3.9244	2.62969e-08
3.9245	3.25895e-08
3.9246	3.89188e-08
3.9247	2.50042e-08
3.9248	2.79636e-08
3.9249	2.53724e-08
3.925	3.23879e-08
3.9251	3.38895e-08
3.9252	1.83777e-08
3.9253	2.73223e-08
3.9254	3.36994e-08
3.9255	3.42735e-08
3.9256	2.75134e-08
3.9257	2.61272e-08
3.9258	3.12314e-08
3.9259	3.46758e-08
3.926	3.04846e-08
3.9261	2.43997e-08
3.9262	3.03198e-08
3.9263	2.45522e-08
3.9264	3.64496e-08
3.9265	3.42109e-08
3.9266	2.90229e-08
3.9267	4.62675e-08
3.9268	2.93726e-08
3.9269	2.33912e-08
3.927	2.2279e-08
3.9271	2.03069e-08
3.9272	2.87387e-08
3.9273	2.52412e-08
3.9274	2.24342e-08
3.9275	2.02135e-08
3.9276	2.93761e-08
3.9277	3.29602e-08
3.9278	2.10482e-08
3.9279	3.18675e-08
3.928	3.48609e-08
3.9281	4.43109e-08
3.9282	4.63282e-08
3.9283	2.14327e-08
3.9284	2.92051e-08
3.9285	3.01888e-08
3.9286	2.66908e-08
3.9287	3.06469e-08
3.9288	3.45801e-08
3.9289	2.38798e-08
3.929	3.41914e-08
3.9291	2.80559e-08
3.9292	2.51606e-08
3.9293	2.64597e-08
3.9294	3.737e-08
3.9295	3.17639e-08
3.9296	2.75346e-08
3.9297	2.49443e-08
3.9298	2.9528e-08
3.9299	3.3973e-08
3.93	2.45971e-08
3.9301	3.40178e-08
3.9302	3.6754e-08
3.9303	3.79388e-08
3.9304	4.03436e-08
3.9305	3.28616e-08
3.9306	2.85176e-08
3.9307	3.42683e-08
3.9308	3.22705e-08
3.9309	3.83006e-08
3.931	2.31582e-08
3.9311	2.90188e-08
3.9312	3.3431e-08
3.9313	3.16629e-08
3.9314	4.0408e-08
3.9315	3.18656e-08
3.9316	2.5353e-08
3.9317	2.55902e-08
3.9318	2.86662e-08
3.9319	4.03694e-08
3.932	2.91972e-08
3.9321	3.48207e-08
3.9322	2.25829e-08
3.9323	2.90511e-08
3.9324	3.2681e-08
3.9325	3.55278e-08
3.9326	2.88265e-08
3.9327	4.07299e-08
3.9328	3.08902e-08
3.9329	2.77409e-08
3.933	3.48171e-08
3.9331	2.9021e-08
3.9332	3.46455e-08
3.9333	2.66021e-08
3.9334	2.32243e-08
3.9335	2.8955e-08
3.9336	2.77981e-08
3.9337	3.42395e-08
3.9338	3.47612e-08
3.9339	3.05067e-08
3.934	3.82694e-08
3.9341	4.59404e-08
3.9342	4.07791e-08
3.9343	3.94668e-08
3.9344	3.69161e-08
3.9345	3.09181e-08
3.9346	3.86571e-08
3.9347	2.53364e-08
3.9348	3.99946e-08
3.9349	3.88756e-08
3.935	4.00367e-08
3.9351	2.7786e-08
3.9352	2.76322e-08
3.9353	2.71252e-08
3.9354	3.20315e-08
3.9355	3.60589e-08
3.9356	3.35882e-08
3.9357	3.41473e-08
3.9358	2.67474e-08
3.9359	2.55059e-08
3.936	2.67559e-08
3.9361	2.54549e-08
3.9362	3.18556e-08
3.9363	4.04993e-08
3.9364	2.95766e-08
3.9365	4.35618e-08
3.9366	4.86693e-08
3.9367	4.02295e-08
3.9368	3.01994e-08
3.9369	3.66978e-08
3.937	4.52176e-08
3.9371	3.45886e-08
3.9372	3.47351e-08
3.9373	3.30428e-08
3.9374	2.94974e-08
3.9375	2.82685e-08
3.9376	3.06904e-08
3.9377	3.31651e-08
3.9378	3.25608e-08
3.9379	2.65036e-08
3.938	2.20893e-08
3.9381	2.2982e-08
3.9382	2.36628e-08
3.9383	3.0758e-08
3.9384	3.59166e-08
3.9385	3.05268e-08
3.9386	2.83518e-08
3.9387	3.79497e-08
3.9388	4.07498e-08
3.9389	3.76471e-08
3.939	3.23319e-08
3.9391	4.87183e-08
3.9392	3.83872e-08
3.9393	3.81738e-08
3.9394	4.88824e-08
3.9395	2.54969e-08
3.9396	2.51438e-08
3.9397	3.78839e-08
3.9398	3.01567e-08
3.9399	4.04433e-08
3.94	2.41798e-08
3.9401	2.20915e-08
3.9402	2.88883e-08
3.9403	2.93151e-08
3.9404	2.89543e-08
3.9405	2.56651e-08
3.9406	2.60874e-08
3.9407	3.62102e-08
3.9408	3.69616e-08
3.9409	4.24443e-08
3.941	3.54464e-08
3.9411	3.96957e-08
3.9412	3.95556e-08
3.9413	3.34929e-08
3.9414	4.46704e-08
3.9415	2.53492e-08
3.9416	3.16818e-08
3.9417	3.14376e-08
3.9418	3.81496e-08
3.9419	3.08135e-08
3.942	2.97507e-08
3.9421	3.22288e-08
3.9422	2.58701e-08
3.9423	2.61913e-08
3.9424	2.39226e-08
3.9425	2.51219e-08
3.9426	2.56475e-08
3.9427	1.91962e-08
3.9428	2.96924e-08
3.9429	2.3031e-08
3.943	4.1316e-08
3.9431	3.53838e-08
3.9432	2.89981e-08
3.9433	3.40055e-08
3.9434	4.28563e-08
3.9435	5.03688e-08
3.9436	3.72501e-08
3.9437	3.46366e-08
3.9438	3.43419e-08
3.9439	3.97965e-08
3.944	3.03982e-08
3.9441	2.7106e-08
3.9442	2.63045e-08
3.9443	2.48343e-08
3.9444	2.82668e-08
3.9445	2.74531e-08
3.9446	3.93837e-08
3.9447	2.92821e-08
3.9448	2.76132e-08
3.9449	3.1537e-08
3.945	2.39809e-08
3.9451	2.8841e-08
3.9452	3.57909e-08
3.9453	3.27384e-08
3.9454	3.14666e-08
3.9455	3.25415e-08
3.9456	3.97099e-08
3.9457	3.39925e-08
3.9458	3.47466e-08
3.9459	3.70159e-08
3.946	3.92738e-08
3.9461	4.0437e-08
3.9462	3.0818e-08
3.9463	3.22901e-08
3.9464	2.93913e-08
3.9465	2.43255e-08
3.9466	2.63842e-08
3.9467	3.26624e-08
3.9468	3.18595e-08
3.9469	3.37384e-08
3.947	2.29135e-08
3.9471	3.89684e-08
3.9472	3.6088e-08
3.9473	3.53706e-08
3.9474	3.86675e-08
3.9475	3.04905e-08
3.9476	3.68171e-08
3.9477	3.15092e-08
3.9478	4.02716e-08
3.9479	2.39019e-08
3.948	3.60442e-08
3.9481	3.06298e-08
3.9482	3.05858e-08
3.9483	4.49882e-08
3.9484	3.45374e-08
3.9485	3.24998e-08
3.9486	3.36954e-08
3.9487	2.10984e-08
3.9488	3.4878e-08
3.9489	3.89018e-08
3.949	3.54861e-08
3.9491	2.87977e-08
3.9492	3.82649e-08
3.9493	3.16499e-08
3.9494	3.81313e-08
3.9495	2.41313e-08
3.9496	2.82651e-08
3.9497	2.10051e-08
3.9498	3.58169e-08
3.9499	4.62923e-08
3.95	3.13679e-08
3.9501	3.26712e-08
3.9502	2.94858e-08
3.9503	3.31961e-08
3.9504	4.80281e-08
3.9505	4.3244e-08
3.9506	2.40432e-08
3.9507	2.84224e-08
3.9508	2.88111e-08
3.9509	3.67551e-08
3.951	3.15188e-08
3.9511	3.3818e-08
3.9512	2.91719e-08
3.9513	3.09096e-08
3.9514	3.20385e-08
3.9515	2.74286e-08
3.9516	3.16951e-08
3.9517	2.9165e-08
3.9518	2.2004e-08
3.9519	2.97524e-08
3.952	3.43719e-08
3.9521	2.49845e-08
3.9522	3.17394e-08
3.9523	2.93675e-08
3.9524	2.84614e-08
3.9525	3.26004e-08
3.9526	3.83476e-08
3.9527	2.76168e-08
3.9528	3.93908e-08
3.9529	2.64389e-08
3.953	2.99594e-08
3.9531	2.70786e-08
3.9532	3.22467e-08
3.9533	3.60429e-08
3.9534	2.94414e-08
3.9535	3.45075e-08
3.9536	2.62442e-08
3.9537	3.29168e-08
3.9538	3.70178e-08
3.9539	3.11306e-08
3.954	3.14962e-08
3.9541	2.66349e-08
3.9542	2.59476e-08
3.9543	3.0517e-08
3.9544	4.39293e-08
3.9545	4.16497e-08
3.9546	3.25669e-08
3.9547	4.24561e-08
3.9548	3.71329e-08
3.9549	3.2811e-08
3.955	4.22525e-08
3.9551	3.64357e-08
3.9552	2.7252e-08
3.9553	2.81781e-08
3.9554	3.49458e-08
3.9555	3.12334e-08
3.9556	4.01866e-08
3.9557	4.11061e-08
3.9558	3.07286e-08
3.9559	3.12897e-08
3.956	4.38902e-08
3.9561	2.53274e-08
3.9562	2.94976e-08
3.9563	2.27139e-08
3.9564	2.81091e-08
3.9565	3.69516e-08
3.9566	4.41989e-08
3.9567	4.32468e-08
3.9568	4.32765e-08
3.9569	3.7674e-08
3.957	3.12155e-08
3.9571	4.25379e-08
3.9572	3.94599e-08
3.9573	2.85178e-08
3.9574	3.15624e-08
3.9575	3.46197e-08
3.9576	3.26619e-08
3.9577	4.44673e-08
3.9578	2.79097e-08
3.9579	3.44322e-08
3.958	3.75774e-08
3.9581	2.88653e-08
3.9582	3.79804e-08
3.9583	2.63617e-08
3.9584	2.66546e-08
3.9585	2.43984e-08
3.9586	2.48596e-08
3.9587	1.98334e-08
3.9588	2.70721e-08
3.9589	2.86811e-08
3.959	3.32964e-08
3.9591	3.72395e-08
3.9592	3.40561e-08
3.9593	4.30527e-08
3.9594	4.21149e-08
3.9595	2.58828e-08
3.9596	3.16956e-08
3.9597	2.43381e-08
3.9598	3.03807e-08
3.9599	3.55994e-08
3.96	3.27938e-08
3.9601	2.70307e-08
3.9602	2.96305e-08
3.9603	3.9539e-08
3.9604	1.89178e-08
3.9605	2.92467e-08
3.9606	2.71417e-08
3.9607	2.76508e-08
3.9608	2.37545e-08
3.9609	2.15539e-08
3.961	2.67383e-08
3.9611	3.42626e-08
3.9612	3.50428e-08
3.9613	3.1713e-08
3.9614	2.36379e-08
3.9615	3.5996e-08
3.9616	3.3726e-08
3.9617	2.7111e-08
3.9618	2.40372e-08
3.9619	3.43815e-08
3.962	2.35768e-08
3.9621	3.79775e-08
3.9622	3.03737e-08
3.9623	3.84688e-08
3.9624	3.37542e-08
3.9625	3.65164e-08
3.9626	2.42125e-08
3.9627	2.33245e-08
3.9628	2.07186e-08
3.9629	2.90778e-08
3.963	2.5793e-08
3.9631	2.35923e-08
3.9632	2.25471e-08
3.9633	3.02732e-08
3.9634	4.13435e-08
3.9635	2.28595e-08
3.9636	2.79605e-08
3.9637	4.0961e-08
3.9638	3.5029e-08
3.9639	3.89823e-08
3.964	2.35497e-08
3.9641	2.6945e-08
3.9642	2.97926e-08
3.9643	2.35854e-08
3.9644	2.68421e-08
3.9645	4.62347e-08
3.9646	2.50043e-08
3.9647	3.38374e-08
3.9648	3.46074e-08
3.9649	2.31134e-08
3.965	2.266e-08
3.9651	4.80603e-08
3.9652	3.07705e-08
3.9653	2.3779e-08
3.9654	2.43673e-08
3.9655	3.27817e-08
3.9656	3.36352e-08
3.9657	2.14356e-08
3.9658	3.09739e-08
3.9659	3.17262e-08
3.966	3.59349e-08
3.9661	3.30057e-08
3.9662	2.6705e-08
3.9663	3.57613e-08
3.9664	2.82998e-08
3.9665	2.71249e-08
3.9666	4.34198e-08
3.9667	2.17575e-08
3.9668	3.27161e-08
3.9669	3.62411e-08
3.967	3.81686e-08
3.9671	4.16876e-08
3.9672	2.97796e-08
3.9673	2.81458e-08
3.9674	2.55375e-08
3.9675	2.58161e-08
3.9676	3.89503e-08
3.9677	2.91731e-08
3.9678	2.98046e-08
3.9679	2.54906e-08
3.968	2.79202e-08
3.9681	3.26617e-08
3.9682	3.5457e-08
3.9683	3.13617e-08
3.9684	2.91221e-08
3.9685	3.25011e-08
3.9686	3.08407e-08
3.9687	3.29008e-08
3.9688	3.24236e-08
3.9689	3.72203e-08
3.969	2.39653e-08
3.9691	2.78115e-08
3.9692	2.59469e-08
3.9693	2.65764e-08
3.9694	2.84704e-08
3.9695	4.39863e-08
3.9696	3.56576e-08
3.9697	4.35003e-08
3.9698	3.8532e-08
3.9699	4.19367e-08
3.97	3.56463e-08
3.9701	3.578e-08
3.9702	3.52837e-08
3.9703	3.04092e-08
3.9704	2.83415e-08
3.9705	3.67639e-08
3.9706	3.55613e-08
3.9707	3.96503e-08
3.9708	2.99638e-08
3.9709	2.66936e-08
3.971	2.70933e-08
3.9711	3.45704e-08
3.9712	3.30593e-08
3.9713	3.55393e-08
3.9714	3.03293e-08
3.9715	2.78618e-08
3.9716	2.14135e-08
3.9717	2.87938e-08
3.9718	3.02321e-08
3.9719	3.46432e-08
3.972	3.88426e-08
3.9721	3.35749e-08
3.9722	3.4736e-08
3.9723	3.43424e-08
3.9724	3.44706e-08
3.9725	3.5792e-08
3.9726	3.34818e-08
3.9727	4.6145e-08
3.9728	4.56467e-08
3.9729	2.37043e-08
3.973	2.83722e-08
3.9731	3.20211e-08
3.9732	3.07991e-08
3.9733	2.98952e-08
3.9734	3.09177e-08
3.9735	3.19855e-08
3.9736	2.63006e-08
3.9737	2.95319e-08
3.9738	2.01071e-08
3.9739	2.54527e-08
3.974	3.20675e-08
3.9741	3.24186e-08
3.9742	3.32264e-08
3.9743	2.68347e-08
3.9744	3.7514e-08
3.9745	3.08741e-08
3.9746	3.87465e-08
3.9747	3.33378e-08
3.9748	4.97105e-08
3.9749	3.06621e-08
3.975	3.28575e-08
3.9751	3.62087e-08
3.9752	2.62579e-08
3.9753	3.06851e-08
3.9754	3.51882e-08
3.9755	2.98196e-08
3.9756	3.1771e-08
3.9757	2.24348e-08
3.9758	2.05105e-08
3.9759	2.76391e-08
3.976	3.03265e-08
3.9761	2.78171e-08
3.9762	2.19775e-08
3.9763	3.06173e-08
3.9764	3.15291e-08
3.9765	4.14708e-08
3.9766	4.05504e-08
3.9767	3.32245e-08
3.9768	3.86712e-08
3.9769	4.04159e-08
3.977	4.10135e-08
3.9771	3.62911e-08
3.9772	3.07432e-08
3.9773	2.96775e-08
3.9774	4.40509e-08
3.9775	3.52111e-08
3.9776	2.4511e-08
3.9777	3.49163e-08
3.9778	2.91469e-08
3.9779	2.43916e-08
3.978	2.93612e-08
3.9781	2.62974e-08
3.9782	2.79147e-08
3.9783	2.17886e-08
3.9784	2.07737e-08
3.9785	3.01625e-08
3.9786	2.52715e-08
3.9787	2.95473e-08
3.9788	3.68794e-08
3.9789	3.22363e-08
3.979	3.27113e-08
3.9791	5.05483e-08
3.9792	4.21108e-08
3.9793	3.41134e-08
3.9794	3.86259e-08
3.9795	3.30703e-08
3.9796	3.08561e-08
3.9797	3.58244e-08
3.9798	3.65012e-08
3.9799	2.52491e-08
3.98	2.49852e-08
3.9801	3.027e-08
3.9802	3.33126e-08
3.9803	3.70847e-08
3.9804	2.65321e-08
3.9805	2.47307e-08
3.9806	3.02417e-08
3.9807	2.21031e-08
3.9808	2.89939e-08
3.9809	3.50881e-08
3.981	3.11335e-08
3.9811	3.97412e-08
3.9812	3.07088e-08
3.9813	3.2442e-08
3.9814	3.63128e-08
3.9815	3.5176e-08
3.9816	2.54935e-08
3.9817	3.7744e-08
3.9818	3.77629e-08
3.9819	3.33335e-08
3.982	4.13942e-08
3.9821	2.72475e-08
3.9822	2.91492e-08
3.9823	2.8424e-08
3.9824	2.45605e-08
3.9825	3.36174e-08
3.9826	2.99945e-08
3.9827	2.53476e-08
3.9828	3.39521e-08
3.9829	3.72071e-08
3.983	3.27635e-08
3.9831	4.39923e-08
3.9832	2.99333e-08
3.9833	3.51247e-08
3.9834	4.07277e-08
3.9835	3.16251e-08
3.9836	2.55439e-08
3.9837	3.49271e-08
3.9838	3.59495e-08
3.9839	3.58612e-08
3.984	3.68469e-08
3.9841	3.03327e-08
3.9842	2.82057e-08
3.9843	3.32007e-08
3.9844	2.2571e-08
3.9845	2.90544e-08
3.9846	3.75677e-08
3.9847	3.58856e-08
3.9848	2.85411e-08
3.9849	3.18279e-08
3.985	3.25191e-08
3.9851	3.92914e-08
3.9852	3.28994e-08
3.9853	2.5143e-08
3.9854	2.61739e-08
3.9855	3.4296e-08
3.9856	4.3331e-08
3.9857	4.09855e-08
3.9858	3.20277e-08
3.9859	3.42049e-08
3.986	3.99327e-08
3.9861	3.86863e-08
3.9862	4.21475e-08
3.9863	2.54336e-08
3.9864	2.88453e-08
3.9865	3.11589e-08
3.9866	3.1787e-08
3.9867	3.1364e-08
3.9868	4.45159e-08
3.9869	2.96519e-08
3.987	3.41828e-08
3.9871	3.40888e-08
3.9872	3.3847e-08
3.9873	3.18791e-08
3.9874	3.6189e-08
3.9875	3.00034e-08
3.9876	3.21551e-08
3.9877	3.90035e-08
3.9878	3.30089e-08
3.9879	3.72754e-08
3.988	3.25174e-08
3.9881	2.8995e-08
3.9882	4.01778e-08
3.9883	3.17954e-08
3.9884	4.64408e-08
3.9885	3.35881e-08
3.9886	2.51882e-08
3.9887	3.68062e-08
3.9888	3.05448e-08
3.9889	3.91241e-08
3.989	3.93366e-08
3.9891	3.44119e-08
3.9892	3.65965e-08
3.9893	2.68952e-08
3.9894	3.55347e-08
3.9895	4.40261e-08
3.9896	2.81367e-08
3.9897	3.20657e-08
3.9898	3.4244e-08
3.9899	3.29963e-08
3.99	2.58019e-08
3.9901	3.41731e-08
3.9902	4.7219e-08
3.9903	3.45809e-08
3.9904	3.544e-08
3.9905	4.85986e-08
3.9906	4.38428e-08
3.9907	4.42653e-08
3.9908	2.58257e-08
3.9909	2.61419e-08
3.991	2.50533e-08
3.9911	3.72917e-08
3.9912	3.34899e-08
3.9913	2.95319e-08
3.9914	3.52422e-08
3.9915	3.48532e-08
3.9916	3.21715e-08
3.9917	4.37544e-08
3.9918	2.67204e-08
3.9919	2.68229e-08
3.992	2.10611e-08
3.9921	2.94278e-08
3.9922	3.84998e-08
3.9923	3.82738e-08
3.9924	4.31315e-08
3.9925	3.52388e-08
3.9926	4.57758e-08
3.9927	4.33017e-08
3.9928	3.004e-08
3.9929	3.66533e-08
3.993	3.69369e-08
3.9931	2.85173e-08
3.9932	3.73358e-08
3.9933	3.33327e-08
3.9934	3.54819e-08
3.9935	2.79608e-08
3.9936	3.94298e-08
3.9937	3.21089e-08
3.9938	3.45787e-08
3.9939	3.11271e-08
3.994	2.71377e-08
3.9941	2.85802e-08
3.9942	3.4219e-08
3.9943	2.36975e-08
3.9944	2.21733e-08
3.9945	2.79787e-08
3.9946	2.48628e-08
3.9947	3.00834e-08
3.9948	3.1291e-08
3.9949	3.88391e-08
3.995	4.01468e-08
3.9951	3.805e-08
3.9952	2.74602e-08
3.9953	3.0734e-08
3.9954	3.47561e-08
3.9955	3.07817e-08
3.9956	3.11716e-08
3.9957	3.28351e-08
3.9958	2.87368e-08
3.9959	2.86316e-08
3.996	3.74698e-08
3.9961	2.12207e-08
3.9962	2.80593e-08
3.9963	3.0217e-08
3.9964	2.92358e-08
3.9965	2.96367e-08
3.9966	2.19475e-08
3.9967	2.56837e-08
3.9968	3.38516e-08
3.9969	4.00176e-08
3.997	3.46492e-08
3.9971	2.51732e-08
3.9972	3.85712e-08
3.9973	3.02211e-08
3.9974	3.17464e-08
3.9975	2.07629e-08
3.9976	3.19838e-08
3.9977	2.11943e-08
3.9978	3.55797e-08
3.9979	3.82876e-08
3.998	2.90254e-08
3.9981	4.17597e-08
3.9982	2.51401e-08
3.9983	2.50077e-08
3.9984	2.42903e-08
3.9985	2.77357e-08
3.9986	2.66813e-08
3.9987	2.59147e-08
3.9988	2.2888e-08
3.9989	2.31408e-08
3.999	3.16888e-08
3.9991	3.86505e-08
3.9992	2.35905e-08
3.9993	3.01959e-08
3.9994	3.99658e-08
3.9995	3.48874e-08
3.9996	4.09041e-08
3.9997	2.51896e-08
3.9998	3.62355e-08
3.9999	2.68737e-08
4	2.84724e-08
4.0001	2.40063e-08
4.0002	4.09897e-08
4.0003	2.81664e-08
4.0004	3.62717e-08
4.0005	3.39681e-08
4.0006	2.49936e-08
4.0007	3.44322e-08
4.0008	2.70321e-08
4.0009	2.19848e-08
4.001	2.9865e-08
4.0011	2.02903e-08
4.0012	3.01346e-08
4.0013	3.58042e-08
4.0014	2.25521e-08
4.0015	2.76706e-08
4.0016	3.21785e-08
4.0017	3.89334e-08
4.0018	3.58463e-08
4.0019	2.53165e-08
4.002	2.88935e-08
4.0021	3.58251e-08
4.0022	3.03284e-08
4.0023	3.10613e-08
4.0024	2.36156e-08
4.0025	2.32208e-08
4.0026	3.55805e-08
4.0027	3.94586e-08
4.0028	3.57293e-08
4.0029	4.24511e-08
4.003	2.50829e-08
4.0031	2.90708e-08
4.0032	3.50085e-08
4.0033	3.75295e-08
4.0034	3.76523e-08
4.0035	3.19137e-08
4.0036	2.54995e-08
4.0037	2.8462e-08
4.0038	3.11741e-08
4.0039	3.96903e-08
4.004	3.86066e-08
4.0041	3.18817e-08
4.0042	3.66825e-08
4.0043	3.45366e-08
4.0044	3.35194e-08
4.0045	3.02717e-08
4.0046	3.50217e-08
4.0047	2.76317e-08
4.0048	3.24699e-08
4.0049	2.35438e-08
4.005	3.21269e-08
4.0051	3.66318e-08
4.0052	3.16873e-08
4.0053	3.11905e-08
4.0054	4.34243e-08
4.0055	3.95005e-08
4.0056	3.96156e-08
4.0057	2.86341e-08
4.0058	4.03689e-08
4.0059	3.84796e-08
4.006	3.58568e-08
4.0061	3.18334e-08
4.0062	3.75824e-08
4.0063	3.54965e-08
4.0064	3.45712e-08
4.0065	3.10502e-08
4.0066	3.66143e-08
4.0067	2.46328e-08
4.0068	3.43429e-08
4.0069	3.19917e-08
4.007	3.5868e-08
4.0071	3.65552e-08
4.0072	2.38354e-08
4.0073	1.98382e-08
4.0074	2.86673e-08
4.0075	2.49991e-08
4.0076	2.56195e-08
4.0077	3.64629e-08
4.0078	3.59972e-08
4.0079	4.14487e-08
4.008	3.55871e-08
4.0081	3.36715e-08
4.0082	3.81765e-08
4.0083	3.18556e-08
4.0084	3.61695e-08
4.0085	4.66919e-08
4.0086	2.42114e-08
4.0087	2.61035e-08
4.0088	3.26222e-08
4.0089	2.58243e-08
4.009	3.67494e-08
4.0091	3.07187e-08
4.0092	3.48486e-08
4.0093	2.46258e-08
4.0094	2.13837e-08
4.0095	2.10002e-08
4.0096	2.55387e-08
4.0097	4.76032e-08
4.0098	2.89161e-08
4.0099	3.30869e-08
4.01	2.64613e-08
4.0101	4.6399e-08
4.0102	2.48663e-08
4.0103	3.46557e-08
4.0104	3.26372e-08
4.0105	4.26945e-08
4.0106	2.82356e-08
4.0107	3.8611e-08
4.0108	4.23445e-08
4.0109	2.62717e-08
4.011	2.4494e-08
4.0111	3.90798e-08
4.0112	3.13751e-08
4.0113	2.93998e-08
4.0114	2.08285e-08
4.0115	2.18515e-08
4.0116	2.20437e-08
4.0117	2.62993e-08
4.0118	3.10503e-08
4.0119	2.37377e-08
4.012	2.26172e-08
4.0121	3.78928e-08
4.0122	3.99574e-08
4.0123	3.70419e-08
4.0124	3.30179e-08
4.0125	3.96596e-08
4.0126	3.38335e-08
4.0127	3.97227e-08
4.0128	3.43896e-08
4.0129	3.50227e-08
4.013	3.8813e-08
4.0131	3.147e-08
4.0132	4.00333e-08
4.0133	2.66161e-08
4.0134	3.79053e-08
4.0135	2.81472e-08
4.0136	2.60445e-08
4.0137	2.40368e-08
4.0138	3.24839e-08
4.0139	3.03056e-08
4.014	2.71661e-08
4.0141	2.03823e-08
4.0142	3.07244e-08
4.0143	2.3781e-08
4.0144	3.25468e-08
4.0145	3.79445e-08
4.0146	3.38314e-08
4.0147	3.6322e-08
4.0148	4.36414e-08
4.0149	3.45282e-08
4.015	3.15105e-08
4.0151	3.2077e-08
4.0152	3.21505e-08
4.0153	3.52786e-08
4.0154	2.85784e-08
4.0155	3.24652e-08
4.0156	2.5317e-08
4.0157	2.64638e-08
4.0158	2.88642e-08
4.0159	3.31544e-08
4.016	4.30507e-08
4.0161	2.11286e-08
4.0162	2.23354e-08
4.0163	3.4048e-08
4.0164	2.01813e-08
4.0165	2.95038e-08
4.0166	3.26888e-08
4.0167	3.21016e-08
4.0168	4.23614e-08
4.0169	3.23301e-08
4.017	3.32285e-08
4.0171	3.22094e-08
4.0172	3.998e-08
4.0173	3.34408e-08
4.0174	3.67415e-08
4.0175	4.23365e-08
4.0176	2.66813e-08
4.0177	3.49768e-08
4.0178	3.66721e-08
4.0179	2.63812e-08
4.018	2.94075e-08
4.0181	2.99249e-08
4.0182	3.32818e-08
4.0183	2.93918e-08
4.0184	3.0602e-08
4.0185	3.63055e-08
4.0186	2.64533e-08
4.0187	3.40493e-08
4.0188	3.38057e-08
4.0189	4.17645e-08
4.019	3.62307e-08
4.0191	3.66416e-08
4.0192	3.13729e-08
4.0193	3.45579e-08
4.0194	2.77415e-08
4.0195	3.32364e-08
4.0196	4.0687e-08
4.0197	3.36784e-08
4.0198	3.45321e-08
4.0199	2.5041e-08
4.02	3.34802e-08
4.0201	2.19105e-08
4.0202	3.49316e-08
4.0203	4.2236e-08
4.0204	3.35217e-08
4.0205	2.88791e-08
4.0206	3.39515e-08
4.0207	3.15772e-08
4.0208	3.44106e-08
4.0209	2.93886e-08
4.021	2.64271e-08
4.0211	3.03985e-08
4.0212	3.48778e-08
4.0213	4.86801e-08
4.0214	3.99385e-08
4.0215	2.74705e-08
4.0216	3.40767e-08
4.0217	3.22072e-08
4.0218	4.06849e-08
4.0219	4.77e-08
4.022	2.32017e-08
4.0221	2.85847e-08
4.0222	3.07554e-08
4.0223	2.66022e-08
4.0224	3.18597e-08
4.0225	2.90723e-08
4.0226	2.90941e-08
4.0227	3.37573e-08
4.0228	2.2698e-08
4.0229	3.40483e-08
4.023	3.19617e-08
4.0231	3.11317e-08
4.0232	2.91581e-08
4.0233	3.98992e-08
4.0234	2.48034e-08
4.0235	2.60453e-08
4.0236	2.59022e-08
4.0237	4.00558e-08
4.0238	3.29567e-08
4.0239	4.32621e-08
4.024	2.49507e-08
4.0241	3.89727e-08
4.0242	2.47774e-08
4.0243	2.49306e-08
4.0244	3.05793e-08
4.0245	3.72151e-08
4.0246	3.63832e-08
4.0247	3.75247e-08
4.0248	3.38007e-08
4.0249	3.66497e-08
4.025	3.40439e-08
4.0251	3.91201e-08
4.0252	4.06447e-08
4.0253	2.44778e-08
4.0254	2.62555e-08
4.0255	2.4734e-08
4.0256	2.27254e-08
4.0257	2.61605e-08
4.0258	3.47121e-08
4.0259	4.3441e-08
4.026	4.0646e-08
4.0261	3.75431e-08
4.0262	4.40403e-08
4.0263	3.65311e-08
4.0264	2.62226e-08
4.0265	2.547e-08
4.0266	2.68522e-08
4.0267	2.7416e-08
4.0268	3.4328e-08
4.0269	3.68972e-08
4.027	2.82537e-08
4.0271	2.90284e-08
4.0272	3.44909e-08
4.0273	4.07823e-08
4.0274	2.83944e-08
4.0275	2.81987e-08
4.0276	3.56824e-08
4.0277	2.54769e-08
4.0278	2.3879e-08
4.0279	3.59443e-08
4.028	4.31723e-08
4.0281	3.58419e-08
4.0282	3.7477e-08
4.0283	3.42279e-08
4.0284	3.78495e-08
4.0285	4.11419e-08
4.0286	3.46014e-08
4.0287	3.27871e-08
4.0288	2.92683e-08
4.0289	3.49001e-08
4.029	3.62186e-08
4.0291	3.23354e-08
4.0292	2.97302e-08
4.0293	2.78384e-08
4.0294	3.70062e-08
4.0295	4.30734e-08
4.0296	2.38803e-08
4.0297	3.15356e-08
4.0298	3.01669e-08
4.0299	3.43719e-08
4.03	2.4669e-08
4.0301	2.47954e-08
4.0302	2.81483e-08
4.0303	3.49674e-08
4.0304	3.7828e-08
4.0305	3.10386e-08
4.0306	4.09314e-08
4.0307	3.99667e-08
4.0308	3.3223e-08
4.0309	2.89885e-08
4.031	3.32289e-08
4.0311	3.75038e-08
4.0312	3.18851e-08
4.0313	3.09608e-08
4.0314	2.92481e-08
4.0315	3.11347e-08
4.0316	3.1688e-08
4.0317	2.50045e-08
4.0318	2.38313e-08
4.0319	3.72949e-08
4.032	3.56345e-08
4.0321	3.32685e-08
4.0322	2.73227e-08
4.0323	2.43679e-08
4.0324	2.55484e-08
4.0325	2.61324e-08
4.0326	3.09193e-08
4.0327	3.79552e-08
4.0328	2.98409e-08
4.0329	3.94172e-08
4.033	2.92024e-08
4.0331	2.879e-08
4.0332	2.73007e-08
4.0333	3.1375e-08
4.0334	2.85626e-08
4.0335	3.66407e-08
4.0336	3.50555e-08
4.0337	3.4736e-08
4.0338	3.08906e-08
4.0339	2.37469e-08
4.034	1.95893e-08
4.0341	2.43664e-08
4.0342	2.06566e-08
4.0343	2.96114e-08
4.0344	2.62055e-08
4.0345	2.05876e-08
4.0346	2.44262e-08
4.0347	3.04549e-08
4.0348	2.88555e-08
4.0349	2.61736e-08
4.035	3.15689e-08
4.0351	3.50613e-08
4.0352	3.58733e-08
4.0353	2.91241e-08
4.0354	2.66643e-08
4.0355	2.73528e-08
4.0356	2.97076e-08
4.0357	3.40298e-08
4.0358	3.7069e-08
4.0359	2.93175e-08
4.036	3.07927e-08
4.0361	3.02671e-08
4.0362	2.95549e-08
4.0363	2.47351e-08
4.0364	3.87577e-08
4.0365	2.90697e-08
4.0366	2.74365e-08
4.0367	2.38958e-08
4.0368	2.73576e-08
4.0369	2.78683e-08
4.037	2.66205e-08
4.0371	3.43715e-08
4.0372	3.07606e-08
4.0373	3.39509e-08
4.0374	2.8961e-08
4.0375	3.30202e-08
4.0376	2.91338e-08
4.0377	3.4189e-08
4.0378	2.94563e-08
4.0379	3.53415e-08
4.038	2.99141e-08
4.0381	2.35557e-08
4.0382	2.94172e-08
4.0383	3.27462e-08
4.0384	2.8206e-08
4.0385	3.50545e-08
4.0386	2.65235e-08
4.0387	3.49213e-08
4.0388	3.08282e-08
4.0389	3.88747e-08
4.039	2.87397e-08
4.0391	4.53887e-08
4.0392	2.41093e-08
4.0393	3.11612e-08
4.0394	2.48601e-08
4.0395	2.72858e-08
4.0396	3.52568e-08
4.0397	4.0934e-08
4.0398	2.89019e-08
4.0399	2.83233e-08
4.04	3.0425e-08
4.0401	2.88819e-08
4.0402	3.83512e-08
4.0403	2.98273e-08
4.0404	2.36761e-08
4.0405	2.90012e-08
4.0406	2.49404e-08
4.0407	2.62705e-08
4.0408	3.1952e-08
4.0409	3.54752e-08
4.041	3.18363e-08
4.0411	3.67063e-08
4.0412	3.56074e-08
4.0413	3.89283e-08
4.0414	3.67673e-08
4.0415	2.87894e-08
4.0416	3.79666e-08
4.0417	3.63429e-08
4.0418	3.3228e-08
4.0419	4.02244e-08
4.042	3.76437e-08
4.0421	3.42166e-08
4.0422	3.03e-08
4.0423	2.52266e-08
4.0424	3.03584e-08
4.0425	3.55778e-08
4.0426	3.19254e-08
4.0427	3.24329e-08
4.0428	3.00928e-08
4.0429	2.20135e-08
4.043	2.43108e-08
4.0431	3.32812e-08
4.0432	3.26531e-08
4.0433	3.68174e-08
4.0434	2.6528e-08
4.0435	4.09158e-08
4.0436	4.00615e-08
4.0437	3.86107e-08
4.0438	3.54283e-08
4.0439	3.17193e-08
4.044	3.24025e-08
4.0441	4.26216e-08
4.0442	4.49252e-08
4.0443	2.95993e-08
4.0444	3.03814e-08
4.0445	3.21599e-08
4.0446	3.12324e-08
4.0447	3.89778e-08
4.0448	3.75862e-08
4.0449	2.80024e-08
4.045	2.29457e-08
4.0451	1.97498e-08
4.0452	2.19237e-08
4.0453	3.30036e-08
4.0454	3.80014e-08
4.0455	2.9589e-08
4.0456	3.12867e-08
4.0457	3.3407e-08
4.0458	4.44057e-08
4.0459	2.71691e-08
4.046	3.91346e-08
4.0461	3.60289e-08
4.0462	3.88446e-08
4.0463	3.51268e-08
4.0464	4.61505e-08
4.0465	3.35906e-08
4.0466	2.29731e-08
4.0467	2.66006e-08
4.0468	4.09444e-08
4.0469	3.3284e-08
4.047	2.79928e-08
4.0471	2.39251e-08
4.0472	2.54395e-08
4.0473	2.94594e-08
4.0474	2.85308e-08
4.0475	3.0429e-08
4.0476	2.4459e-08
4.0477	2.91227e-08
4.0478	4.1012e-08
4.0479	4.40168e-08
4.048	2.78012e-08
4.0481	3.76417e-08
4.0482	4.61925e-08
4.0483	3.04517e-08
4.0484	3.99356e-08
4.0485	3.57533e-08
4.0486	3.32514e-08
4.0487	3.26397e-08
4.0488	3.54566e-08
4.0489	3.63683e-08
4.049	3.1687e-08
4.0491	2.86508e-08
4.0492	2.63705e-08
4.0493	2.67206e-08
4.0494	2.61692e-08
4.0495	2.59389e-08
4.0496	2.58213e-08
4.0497	2.19181e-08
4.0498	2.04121e-08
4.0499	3.51038e-08
4.05	3.86193e-08
4.0501	3.44017e-08
4.0502	3.68498e-08
4.0503	2.74991e-08
4.0504	3.83894e-08
4.0505	4.64077e-08
4.0506	4.47961e-08
4.0507	3.48475e-08
4.0508	4.7198e-08
4.0509	4.12795e-08
4.051	3.551e-08
4.0511	2.52161e-08
4.0512	2.94488e-08
4.0513	2.99636e-08
4.0514	2.74971e-08
4.0515	2.75323e-08
4.0516	3.33409e-08
4.0517	4.31825e-08
4.0518	2.22439e-08
4.0519	1.99081e-08
4.052	3.16775e-08
4.0521	2.83762e-08
4.0522	2.40433e-08
4.0523	2.75938e-08
4.0524	2.52102e-08
4.0525	3.96534e-08
4.0526	3.65764e-08
4.0527	3.1711e-08
4.0528	3.34737e-08
4.0529	4.26781e-08
4.053	2.89146e-08
4.0531	3.22054e-08
4.0532	3.77084e-08
4.0533	4.08698e-08
4.0534	3.62473e-08
4.0535	3.6551e-08
4.0536	2.43746e-08
4.0537	3.39296e-08
4.0538	3.67367e-08
4.0539	2.61873e-08
4.054	2.69884e-08
4.0541	3.59715e-08
4.0542	2.70616e-08
4.0543	3.40503e-08
4.0544	3.72243e-08
4.0545	3.29704e-08
4.0546	3.17557e-08
4.0547	3.36325e-08
4.0548	3.5878e-08
4.0549	2.41462e-08
4.055	3.65038e-08
4.0551	2.76371e-08
4.0552	3.1791e-08
4.0553	3.06538e-08
4.0554	3.58794e-08
4.0555	2.17276e-08
4.0556	2.98918e-08
4.0557	3.13767e-08
4.0558	3.437e-08
4.0559	3.10265e-08
4.056	3.88037e-08
4.0561	3.77678e-08
4.0562	3.25273e-08
4.0563	3.39154e-08
4.0564	2.81589e-08
4.0565	3.58663e-08
4.0566	3.25399e-08
4.0567	2.32464e-08
4.0568	3.57998e-08
4.0569	3.60926e-08
4.057	3.75086e-08
4.0571	3.45937e-08
4.0572	3.20764e-08
4.0573	3.03934e-08
4.0574	3.74909e-08
4.0575	3.52591e-08
4.0576	3.78425e-08
4.0577	2.27681e-08
4.0578	2.70641e-08
4.0579	3.82872e-08
4.058	2.92459e-08
4.0581	3.28063e-08
4.0582	3.7032e-08
4.0583	2.5802e-08
4.0584	3.16311e-08
4.0585	3.21567e-08
4.0586	3.31874e-08
4.0587	3.036e-08
4.0588	2.56507e-08
4.0589	3.02222e-08
4.059	3.56481e-08
4.0591	3.01219e-08
4.0592	2.44248e-08
4.0593	2.88084e-08
4.0594	3.29896e-08
4.0595	3.49802e-08
4.0596	3.54131e-08
4.0597	2.39212e-08
4.0598	4.17144e-08
4.0599	2.20278e-08
4.06	2.52596e-08
4.0601	2.9585e-08
4.0602	3.16246e-08
4.0603	3.61804e-08
4.0604	3.57121e-08
4.0605	3.11853e-08
4.0606	2.7945e-08
4.0607	3.61441e-08
4.0608	3.90485e-08
4.0609	3.34162e-08
4.061	2.42001e-08
4.0611	2.69809e-08
4.0612	2.88482e-08
4.0613	3.25519e-08
4.0614	3.10227e-08
4.0615	4.43522e-08
4.0616	3.33769e-08
4.0617	4.33672e-08
4.0618	3.42355e-08
4.0619	3.32475e-08
4.062	4.65162e-08
4.0621	2.52703e-08
4.0622	2.22938e-08
4.0623	2.80381e-08
4.0624	2.89275e-08
4.0625	3.85955e-08
4.0626	3.49513e-08
4.0627	4.55118e-08
4.0628	2.81793e-08
4.0629	3.15064e-08
4.063	4.00389e-08
4.0631	2.77644e-08
4.0632	2.89871e-08
4.0633	3.26928e-08
4.0634	3.01353e-08
4.0635	3.01276e-08
4.0636	3.58951e-08
4.0637	4.04406e-08
4.0638	3.95734e-08
4.0639	4.04902e-08
4.064	3.99058e-08
4.0641	3.98385e-08
4.0642	4.18325e-08
4.0643	3.06102e-08
4.0644	3.35248e-08
4.0645	3.7104e-08
4.0646	3.21392e-08
4.0647	3.95096e-08
4.0648	2.97835e-08
4.0649	3.17757e-08
4.065	3.63738e-08
4.0651	2.97643e-08
4.0652	3.58261e-08
4.0653	2.83969e-08
4.0654	2.78024e-08
4.0655	2.64757e-08
4.0656	3.06075e-08
4.0657	2.90084e-08
4.0658	2.36791e-08
4.0659	2.64292e-08
4.066	2.84835e-08
4.0661	3.90359e-08
4.0662	3.57361e-08
4.0663	4.09322e-08
4.0664	3.30195e-08
4.0665	3.26683e-08
4.0666	2.66709e-08
4.0667	3.08445e-08
4.0668	3.27687e-08
4.0669	2.51007e-08
4.067	2.72517e-08
4.0671	2.7057e-08
4.0672	3.23707e-08
4.0673	3.67991e-08
4.0674	2.73715e-08
4.0675	3.16437e-08
4.0676	2.7351e-08
4.0677	2.91963e-08
4.0678	2.70587e-08
4.0679	2.51298e-08
4.068	2.53099e-08
4.0681	3.2508e-08
4.0682	3.26404e-08
4.0683	2.89093e-08
4.0684	2.96721e-08
4.0685	3.64095e-08
4.0686	3.38388e-08
4.0687	3.31484e-08
4.0688	2.50169e-08
4.0689	2.71062e-08
4.069	3.23974e-08
4.0691	3.2808e-08
4.0692	2.66265e-08
4.0693	3.21665e-08
4.0694	3.44653e-08
4.0695	3.37051e-08
4.0696	2.14304e-08
4.0697	2.03089e-08
4.0698	2.44382e-08
4.0699	2.88733e-08
4.07	2.3744e-08
4.0701	2.29596e-08
4.0702	2.29672e-08
4.0703	3.17099e-08
4.0704	3.34075e-08
4.0705	1.79575e-08
4.0706	2.92568e-08
4.0707	3.2745e-08
4.0708	4.48963e-08
4.0709	4.28306e-08
4.071	2.46104e-08
4.0711	2.5121e-08
4.0712	3.51789e-08
4.0713	2.88702e-08
4.0714	2.9935e-08
4.0715	4.11963e-08
4.0716	3.27442e-08
4.0717	2.82614e-08
4.0718	3.16293e-08
4.0719	2.56125e-08
4.072	2.33064e-08
4.0721	4.12329e-08
4.0722	2.47101e-08
4.0723	2.8966e-08
4.0724	2.35389e-08
4.0725	3.55159e-08
4.0726	3.35529e-08
4.0727	2.39982e-08
4.0728	3.52958e-08
4.0729	3.38992e-08
4.073	3.8529e-08
4.0731	4.01959e-08
4.0732	2.83329e-08
4.0733	2.9116e-08
4.0734	3.24925e-08
4.0735	3.08182e-08
4.0736	3.207e-08
4.0737	2.49106e-08
4.0738	2.82217e-08
4.0739	2.50806e-08
4.074	3.7188e-08
4.0741	3.71668e-08
4.0742	3.19219e-08
4.0743	3.14469e-08
4.0744	2.90162e-08
4.0745	2.73015e-08
4.0746	4.00406e-08
4.0747	3.32273e-08
4.0748	3.6928e-08
4.0749	2.42783e-08
4.075	2.82961e-08
4.0751	2.68869e-08
4.0752	3.20572e-08
4.0753	3.5e-08
4.0754	4.54173e-08
4.0755	3.26987e-08
4.0756	2.42943e-08
4.0757	3.635e-08
4.0758	2.3425e-08
4.0759	3.51875e-08
4.076	2.87756e-08
4.0761	3.2478e-08
4.0762	2.63693e-08
4.0763	2.75604e-08
4.0764	3.17945e-08
4.0765	5.01251e-08
4.0766	3.31454e-08
4.0767	3.26878e-08
4.0768	3.53514e-08
4.0769	4.36744e-08
4.077	3.61407e-08
4.0771	4.10136e-08
4.0772	3.23858e-08
4.0773	3.80991e-08
4.0774	2.95714e-08
4.0775	3.42033e-08
4.0776	3.87904e-08
4.0777	3.34202e-08
4.0778	2.80599e-08
4.0779	2.68225e-08
4.078	2.72848e-08
4.0781	2.7322e-08
4.0782	3.59363e-08
4.0783	3.37145e-08
4.0784	2.88791e-08
4.0785	3.0462e-08
4.0786	2.67647e-08
4.0787	2.34446e-08
4.0788	2.75477e-08
4.0789	3.26217e-08
4.079	3.41931e-08
4.0791	2.90463e-08
4.0792	4.52642e-08
4.0793	3.69901e-08
4.0794	3.46765e-08
4.0795	3.72592e-08
4.0796	3.26782e-08
4.0797	3.29358e-08
4.0798	3.22978e-08
4.0799	3.63615e-08
4.08	2.88318e-08
4.0801	3.27203e-08
4.0802	2.55254e-08
4.0803	3.02951e-08
4.0804	3.56373e-08
4.0805	3.90132e-08
4.0806	2.67299e-08
4.0807	2.13234e-08
4.0808	2.43467e-08
4.0809	2.42025e-08
4.081	2.96732e-08
4.0811	3.71847e-08
4.0812	3.47355e-08
4.0813	3.04947e-08
4.0814	4.39068e-08
4.0815	3.83969e-08
4.0816	3.64802e-08
4.0817	3.25686e-08
4.0818	4.32393e-08
4.0819	4.1725e-08
4.082	3.99857e-08
4.0821	4.64527e-08
4.0822	2.34193e-08
4.0823	2.52218e-08
4.0824	3.64141e-08
4.0825	2.85095e-08
4.0826	3.11216e-08
4.0827	2.46778e-08
4.0828	2.42363e-08
4.0829	2.6092e-08
4.083	3.01141e-08
4.0831	2.76376e-08
4.0832	2.85265e-08
4.0833	2.52513e-08
4.0834	2.91976e-08
4.0835	4.10347e-08
4.0836	4.14146e-08
4.0837	2.8084e-08
4.0838	2.9752e-08
4.0839	3.90256e-08
4.084	2.65524e-08
4.0841	4.25923e-08
4.0842	3.23659e-08
4.0843	3.32789e-08
4.0844	3.10962e-08
4.0845	4.06118e-08
4.0846	3.26679e-08
4.0847	3.27708e-08
4.0848	3.32794e-08
4.0849	2.24568e-08
4.085	2.96731e-08
4.0851	2.42976e-08
4.0852	2.42246e-08
4.0853	1.99466e-08
4.0854	1.88452e-08
4.0855	2.14917e-08
4.0856	3.34566e-08
4.0857	3.03628e-08
4.0858	3.95794e-08
4.0859	2.71357e-08
4.086	3.11565e-08
4.0861	4.36356e-08
4.0862	4.52271e-08
4.0863	4.05485e-08
4.0864	3.34118e-08
4.0865	3.96724e-08
4.0866	3.58474e-08
4.0867	3.81374e-08
4.0868	2.42841e-08
4.0869	2.29932e-08
4.087	2.51074e-08
4.0871	2.77148e-08
4.0872	2.73812e-08
4.0873	2.81904e-08
4.0874	3.03734e-08
4.0875	2.2883e-08
4.0876	2.61801e-08
4.0877	2.56592e-08
4.0878	2.91739e-08
4.0879	3.61942e-08
4.088	3.12482e-08
4.0881	3.69529e-08
4.0882	3.73075e-08
4.0883	3.3422e-08
4.0884	3.42101e-08
4.0885	3.68568e-08
4.0886	3.33288e-08
4.0887	4.00295e-08
4.0888	3.99156e-08
4.0889	2.98233e-08
4.089	3.98422e-08
4.0891	3.0724e-08
4.0892	3.09981e-08
4.0893	2.67319e-08
4.0894	3.17025e-08
4.0895	3.12834e-08
4.0896	3.25227e-08
4.0897	2.60789e-08
4.0898	3.49724e-08
4.0899	3.72834e-08
4.09	3.09729e-08
4.0901	4.08973e-08
4.0902	2.91893e-08
4.0903	3.63455e-08
4.0904	3.57602e-08
4.0905	3.9529e-08
4.0906	2.89654e-08
4.0907	3.49587e-08
4.0908	3.61303e-08
4.0909	2.95206e-08
4.091	3.6687e-08
4.0911	3.07036e-08
4.0912	2.68602e-08
4.0913	3.68535e-08
4.0914	2.19051e-08
4.0915	2.91082e-08
4.0916	3.48906e-08
4.0917	3.5e-08
4.0918	3.83735e-08
4.0919	3.48636e-08
4.092	2.93813e-08
4.0921	3.14413e-08
4.0922	3.1528e-08
4.0923	2.77268e-08
4.0924	2.16524e-08
4.0925	3.06022e-08
4.0926	4.81546e-08
4.0927	3.58258e-08
4.0928	3.65936e-08
4.0929	2.65984e-08
4.093	3.03695e-08
4.0931	4.13225e-08
4.0932	3.60587e-08
4.0933	2.99798e-08
4.0934	2.96576e-08
4.0935	2.99189e-08
4.0936	3.70304e-08
4.0937	3.02242e-08
4.0938	3.57791e-08
4.0939	3.01786e-08
4.094	3.1844e-08
4.0941	2.66836e-08
4.0942	3.63189e-08
4.0943	3.12576e-08
4.0944	3.57797e-08
4.0945	2.38704e-08
4.0946	3.73297e-08
4.0947	3.46087e-08
4.0948	2.69475e-08
4.0949	3.4498e-08
4.095	3.47574e-08
4.0951	2.94438e-08
4.0952	4.27531e-08
4.0953	3.57227e-08
4.0954	2.74756e-08
4.0955	4.15169e-08
4.0956	2.29294e-08
4.0957	2.96148e-08
4.0958	2.37166e-08
4.0959	2.76604e-08
4.096	3.49399e-08
4.0961	3.10567e-08
4.0962	3.41393e-08
4.0963	2.51003e-08
4.0964	3.76454e-08
4.0965	4.30577e-08
4.0966	3.19542e-08
4.0967	2.3605e-08
4.0968	2.98469e-08
4.0969	2.48193e-08
4.097	3.20439e-08
4.0971	3.64728e-08
4.0972	4.21558e-08
4.0973	3.73735e-08
4.0974	3.59286e-08
4.0975	3.13425e-08
4.0976	4.44974e-08
4.0977	3.83021e-08
4.0978	3.6643e-08
4.0979	2.44229e-08
4.098	3.11139e-08
4.0981	3.5349e-08
4.0982	3.27432e-08
4.0983	3.35739e-08
4.0984	4.40161e-08
4.0985	2.82107e-08
4.0986	3.19873e-08
4.0987	4.23287e-08
4.0988	2.6677e-08
4.0989	2.79858e-08
4.099	2.70574e-08
4.0991	2.72227e-08
4.0992	3.04053e-08
4.0993	4.37428e-08
4.0994	4.24106e-08
4.0995	4.82982e-08
4.0996	3.43837e-08
4.0997	3.08725e-08
4.0998	3.92936e-08
4.0999	3.83832e-08
4.1	3.74949e-08
4.1001	3.07036e-08
4.1002	3.92475e-08
4.1003	3.53049e-08
4.1004	4.00799e-08
4.1005	3.06188e-08
4.1006	3.06721e-08
4.1007	3.66526e-08
4.1008	2.99417e-08
4.1009	3.28406e-08
4.101	2.36354e-08
4.1011	3.20866e-08
4.1012	2.49633e-08
4.1013	3.26532e-08
4.1014	2.08765e-08
4.1015	2.49994e-08
4.1016	2.69013e-08
4.1017	3.21732e-08
4.1018	3.73857e-08
4.1019	3.34501e-08
4.102	3.60404e-08
4.1021	3.86372e-08
4.1022	2.86475e-08
4.1023	3.26695e-08
4.1024	2.37995e-08
4.1025	3.31719e-08
4.1026	2.99147e-08
4.1027	3.35941e-08
4.1028	2.5143e-08
4.1029	3.19487e-08
4.103	3.278e-08
4.1031	2.45748e-08
4.1032	3.05142e-08
4.1033	2.93153e-08
4.1034	3.41228e-08
4.1035	2.83059e-08
4.1036	2.23443e-08
4.1037	3.0548e-08
4.1038	3.60111e-08
4.1039	3.78768e-08
4.104	3.01332e-08
4.1041	2.58753e-08
4.1042	3.68036e-08
4.1043	3.29479e-08
4.1044	3.05732e-08
4.1045	2.50311e-08
4.1046	3.32161e-08
4.1047	2.71812e-08
4.1048	3.50173e-08
4.1049	3.1841e-08
4.105	3.9401e-08
4.1051	3.72002e-08
4.1052	3.54853e-08
4.1053	2.41819e-08
4.1054	2.4941e-08
4.1055	2.92493e-08
4.1056	2.26333e-08
4.1057	2.62968e-08
4.1058	2.16042e-08
4.1059	2.31297e-08
4.106	3.29645e-08
4.1061	3.84061e-08
4.1062	1.86893e-08
4.1063	3.11241e-08
4.1064	3.63323e-08
4.1065	3.57044e-08
4.1066	4.81317e-08
4.1067	2.81521e-08
4.1068	2.8154e-08
4.1069	2.9104e-08
4.107	2.4583e-08
4.1071	3.02318e-08
4.1072	3.26415e-08
4.1073	2.74237e-08
4.1074	3.84834e-08
4.1075	3.08204e-08
4.1076	2.29386e-08
4.1077	2.70843e-08
4.1078	4.05106e-08
4.1079	2.63158e-08
4.108	3.12084e-08
4.1081	2.38961e-08
4.1082	2.6591e-08
4.1083	3.46202e-08
4.1084	2.32311e-08
4.1085	3.52737e-08
4.1086	2.8441e-08
4.1087	3.6729e-08
4.1088	3.9423e-08
4.1089	2.97719e-08
4.109	3.00055e-08
4.1091	3.15249e-08
4.1092	2.83894e-08
4.1093	3.03284e-08
4.1094	2.45957e-08
4.1095	2.65133e-08
4.1096	3.09261e-08
4.1097	4.50957e-08
4.1098	3.65161e-08
4.1099	3.1679e-08
4.11	3.31677e-08
4.1101	2.77898e-08
4.1102	2.3194e-08
4.1103	4.66758e-08
4.1104	2.67608e-08
4.1105	4.33746e-08
4.1106	2.36536e-08
4.1107	3.31831e-08
4.1108	3.17751e-08
4.1109	4.11452e-08
4.111	3.40905e-08
4.1111	3.92542e-08
4.1112	3.71566e-08
4.1113	2.97221e-08
4.1114	3.76023e-08
4.1115	3.37164e-08
4.1116	3.65913e-08
4.1117	3.04208e-08
4.1118	2.80653e-08
4.1119	2.23707e-08
4.112	2.65011e-08
4.1121	3.21074e-08
4.1122	3.24431e-08
4.1123	3.18474e-08
4.1124	3.63489e-08
4.1125	4.49086e-08
4.1126	5.03329e-08
4.1127	3.71937e-08
4.1128	3.91994e-08
4.1129	3.86529e-08
4.113	3.21022e-08
4.1131	2.64419e-08
4.1132	3.12677e-08
4.1133	4.06303e-08
4.1134	3.50524e-08
4.1135	3.09421e-08
4.1136	3.11143e-08
4.1137	2.43561e-08
4.1138	3.64789e-08
4.1139	3.6327e-08
4.114	3.51821e-08
4.1141	3.11468e-08
4.1142	3.39562e-08
4.1143	2.25087e-08
4.1144	2.64553e-08
4.1145	2.98468e-08
4.1146	3.13073e-08
4.1147	3.63335e-08
4.1148	3.33556e-08
4.1149	3.41774e-08
4.115	3.89662e-08
4.1151	4.13413e-08
4.1152	3.09128e-08
4.1153	3.19759e-08
4.1154	4.23364e-08
4.1155	2.77512e-08
4.1156	3.35666e-08
4.1157	2.92982e-08
4.1158	3.12753e-08
4.1159	2.9897e-08
4.116	2.83776e-08
4.1161	3.586e-08
4.1162	3.02372e-08
4.1163	2.47404e-08
4.1164	2.09555e-08
4.1165	2.16933e-08
4.1166	3.15969e-08
4.1167	2.95265e-08
4.1168	4.09801e-08
4.1169	3.23108e-08
4.117	2.14272e-08
4.1171	3.74159e-08
4.1172	3.89509e-08
4.1173	4.45393e-08
4.1174	3.10207e-08
4.1175	4.15385e-08
4.1176	4.15772e-08
4.1177	3.09924e-08
4.1178	4.41309e-08
4.1179	2.93617e-08
4.118	3.12109e-08
4.1181	3.60657e-08
4.1182	2.94656e-08
4.1183	2.93182e-08
4.1184	2.83184e-08
4.1185	2.50937e-08
4.1186	2.73544e-08
4.1187	3.02146e-08
4.1188	2.17496e-08
4.1189	2.87648e-08
4.119	2.34869e-08
4.1191	3.28788e-08
4.1192	4.31994e-08
4.1193	3.99702e-08
4.1194	2.39138e-08
4.1195	4.01186e-08
4.1196	3.7555e-08
4.1197	3.15714e-08
4.1198	4.41538e-08
4.1199	3.19333e-08
4.12	3.49375e-08
4.1201	3.19243e-08
4.1202	3.86073e-08
4.1203	3.13822e-08
4.1204	3.00764e-08
4.1205	3.86687e-08
4.1206	2.17723e-08
4.1207	2.50353e-08
4.1208	2.86241e-08
4.1209	2.36609e-08
4.121	2.05846e-08
4.1211	2.07321e-08
4.1212	3.10197e-08
4.1213	2.30134e-08
4.1214	3.71105e-08
4.1215	3.1656e-08
4.1216	2.91377e-08
4.1217	3.21492e-08
4.1218	4.17845e-08
4.1219	5.24829e-08
4.122	3.30215e-08
4.1221	3.56784e-08
4.1222	3.65977e-08
4.1223	3.59178e-08
4.1224	3.13126e-08
4.1225	2.88389e-08
4.1226	2.47404e-08
4.1227	2.84489e-08
4.1228	2.84108e-08
4.1229	3.23966e-08
4.123	3.12839e-08
4.1231	3.23168e-08
4.1232	2.46834e-08
4.1233	2.76159e-08
4.1234	2.12441e-08
4.1235	2.97183e-08
4.1236	2.37393e-08
4.1237	3.08017e-08
4.1238	3.67403e-08
4.1239	3.5499e-08
4.124	3.38074e-08
4.1241	3.36306e-08
4.1242	3.68091e-08
4.1243	3.15663e-08
4.1244	4.21727e-08
4.1245	3.82304e-08
4.1246	2.81252e-08
4.1247	4.09014e-08
4.1248	3.11656e-08
4.1249	3.22954e-08
4.125	2.47851e-08
4.1251	2.85397e-08
4.1252	3.18745e-08
4.1253	3.08556e-08
4.1254	2.58406e-08
4.1255	3.75214e-08
4.1256	3.67218e-08
4.1257	3.65292e-08
4.1258	3.40546e-08
4.1259	2.83732e-08
4.126	4.06958e-08
4.1261	3.47239e-08
4.1262	3.87034e-08
4.1263	3.52191e-08
4.1264	3.30249e-08
4.1265	4.27224e-08
4.1266	3.41137e-08
4.1267	3.55469e-08
4.1268	3.42285e-08
4.1269	3.08408e-08
4.127	3.35752e-08
4.1271	2.20053e-08
4.1272	3.23854e-08
4.1273	3.85381e-08
4.1274	3.6005e-08
4.1275	2.83058e-08
4.1276	3.2451e-08
4.1277	3.12487e-08
4.1278	3.1401e-08
4.1279	3.60485e-08
4.128	2.62696e-08
4.1281	2.11044e-08
4.1282	3.04978e-08
4.1283	4.76599e-08
4.1284	3.68962e-08
4.1285	2.71762e-08
4.1286	3.02655e-08
4.1287	2.99566e-08
4.1288	4.14408e-08
4.1289	3.36054e-08
4.129	2.27108e-08
4.1291	2.99163e-08
4.1292	3.19636e-08
4.1293	3.02277e-08
4.1294	2.76589e-08
4.1295	3.28055e-08
4.1296	2.76645e-08
4.1297	2.84395e-08
4.1298	2.90418e-08
4.1299	4.06865e-08
4.13	3.29837e-08
4.1301	3.97547e-08
4.1302	2.33262e-08
4.1303	2.83525e-08
4.1304	3.29528e-08
4.1305	2.63361e-08
4.1306	3.18172e-08
4.1307	3.10193e-08
4.1308	2.85645e-08
4.1309	4.10247e-08
4.131	3.61655e-08
4.1311	2.84963e-08
4.1312	3.35016e-08
4.1313	2.17685e-08
4.1314	3.11586e-08
4.1315	4.225e-08
4.1316	3.43303e-08
4.1317	3.6878e-08
4.1318	3.16678e-08
4.1319	3.61364e-08
4.132	3.39511e-08
4.1321	3.09261e-08
4.1322	5.37627e-08
4.1323	2.93543e-08
4.1324	2.43223e-08
4.1325	2.80848e-08
4.1326	2.5616e-08
4.1327	2.67247e-08
4.1328	3.08258e-08
4.1329	4.69674e-08
4.133	4.03679e-08
4.1331	3.71046e-08
4.1332	4.41279e-08
4.1333	4.24416e-08
4.1334	4.51546e-08
4.1335	3.20669e-08
4.1336	2.91882e-08
4.1337	3.2982e-08
4.1338	4.6707e-08
4.1339	3.38002e-08
4.134	3.73292e-08
4.1341	3.68415e-08
4.1342	2.94834e-08
4.1343	3.23079e-08
4.1344	4.04824e-08
4.1345	3.28533e-08
4.1346	2.92702e-08
4.1347	3.33602e-08
4.1348	2.7636e-08
4.1349	2.94322e-08
4.135	3.97823e-08
4.1351	4.24195e-08
4.1352	4.11144e-08
4.1353	3.30943e-08
4.1354	2.98524e-08
4.1355	3.76578e-08
4.1356	3.58068e-08
4.1357	3.09945e-08
4.1358	2.87736e-08
4.1359	3.77462e-08
4.136	3.30557e-08
4.1361	3.47729e-08
4.1362	3.28144e-08
4.1363	3.65969e-08
4.1364	3.10374e-08
4.1365	3.56726e-08
4.1366	2.85894e-08
4.1367	2.79e-08
4.1368	3.36611e-08
4.1369	2.98493e-08
4.137	2.88463e-08
4.1371	2.24403e-08
4.1372	2.31404e-08
4.1373	2.92716e-08
4.1374	3.35827e-08
4.1375	3.3682e-08
4.1376	3.84117e-08
4.1377	3.75557e-08
4.1378	3.23886e-08
4.1379	3.27199e-08
4.138	3.36846e-08
4.1381	2.40732e-08
4.1382	2.98414e-08
4.1383	3.51468e-08
4.1384	3.35027e-08
4.1385	2.61283e-08
4.1386	3.07487e-08
4.1387	3.19502e-08
4.1388	2.38846e-08
4.1389	2.79797e-08
4.139	2.5311e-08
4.1391	2.89692e-08
4.1392	2.70932e-08
4.1393	2.17098e-08
4.1394	2.77384e-08
4.1395	3.54251e-08
4.1396	3.60136e-08
4.1397	3.11401e-08
4.1398	2.94633e-08
4.1399	3.94029e-08
4.14	2.97181e-08
4.1401	2.68281e-08
4.1402	2.83678e-08
4.1403	3.44453e-08
4.1404	2.53802e-08
4.1405	3.52072e-08
4.1406	3.59588e-08
4.1407	4.02363e-08
4.1408	3.75977e-08
4.1409	3.74954e-08
4.141	2.33257e-08
4.1411	2.70814e-08
4.1412	2.62008e-08
4.1413	2.63477e-08
4.1414	2.61499e-08
4.1415	2.14502e-08
4.1416	2.4091e-08
4.1417	3.00274e-08
4.1418	2.82945e-08
4.1419	2.30005e-08
4.142	2.88365e-08
4.1421	3.46132e-08
4.1422	4.48157e-08
4.1423	4.10146e-08
4.1424	2.53348e-08
4.1425	2.32087e-08
4.1426	3.13038e-08
4.1427	2.25528e-08
4.1428	3.08317e-08
4.1429	4.57575e-08
4.143	2.9749e-08
4.1431	3.48188e-08
4.1432	3.62189e-08
4.1433	2.39131e-08
4.1434	2.40673e-08
4.1435	4.03653e-08
4.1436	3.68405e-08
4.1437	2.24811e-08
4.1438	2.48409e-08
4.1439	2.96448e-08
4.144	3.35796e-08
4.1441	2.55158e-08
4.1442	3.42119e-08
4.1443	3.2383e-08
4.1444	4.38027e-08
4.1445	3.81315e-08
4.1446	2.55685e-08
4.1447	3.29842e-08
4.1448	3.58209e-08
4.1449	3.21019e-08
4.145	3.50147e-08
4.1451	2.23081e-08
4.1452	2.68751e-08
4.1453	3.47302e-08
4.1454	3.96724e-08
4.1455	3.0465e-08
4.1456	3.27616e-08
4.1457	3.07891e-08
4.1458	2.96061e-08
4.1459	2.60357e-08
4.146	4.15015e-08
4.1461	2.93516e-08
4.1462	3.46626e-08
4.1463	2.31417e-08
4.1464	2.86338e-08
4.1465	3.32365e-08
4.1466	2.88426e-08
4.1467	3.6736e-08
4.1468	3.63301e-08
4.1469	3.16843e-08
4.147	2.46845e-08
4.1471	3.77523e-08
4.1472	3.01515e-08
4.1473	3.46192e-08
4.1474	2.8766e-08
4.1475	2.86781e-08
4.1476	2.54739e-08
4.1477	2.82684e-08
4.1478	3.19531e-08
4.1479	3.20888e-08
4.148	3.71355e-08
4.1481	4.17224e-08
4.1482	4.23558e-08
4.1483	3.71543e-08
4.1484	4.11741e-08
4.1485	4.07016e-08
4.1486	3.59619e-08
4.1487	2.44271e-08
4.1488	2.34423e-08
4.1489	4.22931e-08
4.149	4.06841e-08
4.1491	2.73559e-08
4.1492	2.9065e-08
4.1493	2.95652e-08
4.1494	2.43167e-08
4.1495	3.23144e-08
4.1496	3.42585e-08
4.1497	3.38244e-08
4.1498	2.91071e-08
4.1499	3.1252e-08
4.15	2.72037e-08
4.1501	2.66834e-08
4.1502	2.87761e-08
4.1503	3.73207e-08
4.1504	3.5487e-08
4.1505	2.81716e-08
4.1506	4.33369e-08
4.1507	4.03788e-08
4.1508	3.58128e-08
4.1509	3.05054e-08
4.151	3.93598e-08
4.1511	4.27499e-08
4.1512	2.95305e-08
4.1513	3.08908e-08
4.1514	2.4798e-08
4.1515	2.82337e-08
4.1516	2.93036e-08
4.1517	3.04455e-08
4.1518	3.20137e-08
4.1519	3.95438e-08
4.152	2.89711e-08
4.1521	2.02874e-08
4.1522	1.94785e-08
4.1523	2.28265e-08
4.1524	3.07551e-08
4.1525	3.3966e-08
4.1526	4.02734e-08
4.1527	2.56548e-08
4.1528	4.04082e-08
4.1529	3.39071e-08
4.153	2.60525e-08
4.1531	4.11847e-08
4.1532	5.05879e-08
4.1533	3.76717e-08
4.1534	4.01844e-08
4.1535	3.70521e-08
4.1536	2.59996e-08
4.1537	3.00521e-08
4.1538	3.06282e-08
4.1539	3.4953e-08
4.154	3.48074e-08
4.1541	2.15134e-08
4.1542	2.50233e-08
4.1543	2.4943e-08
4.1544	2.42705e-08
4.1545	2.30704e-08
4.1546	2.924e-08
4.1547	2.16356e-08
4.1548	2.35902e-08
4.1549	4.45664e-08
4.155	4.40602e-08
4.1551	3.19674e-08
4.1552	4.40332e-08
4.1553	4.3992e-08
4.1554	3.40396e-08
4.1555	4.64981e-08
4.1556	3.62327e-08
4.1557	3.17628e-08
4.1558	3.03599e-08
4.1559	3.24084e-08
4.156	4.14975e-08
4.1561	2.86966e-08
4.1562	3.26849e-08
4.1563	2.4268e-08
4.1564	2.89537e-08
4.1565	2.72614e-08
4.1566	1.9198e-08
4.1567	2.65265e-08
4.1568	2.80996e-08
4.1569	2.37615e-08
4.157	2.92787e-08
4.1571	3.13614e-08
4.1572	3.74519e-08
4.1573	2.99922e-08
4.1574	3.05672e-08
4.1575	3.53683e-08
4.1576	4.34218e-08
4.1577	3.45927e-08
4.1578	3.23985e-08
4.1579	3.41155e-08
4.158	3.85592e-08
4.1581	3.21315e-08
4.1582	2.15922e-08
4.1583	2.79992e-08
4.1584	2.69451e-08
4.1585	2.9401e-08
4.1586	3.26442e-08
4.1587	2.60281e-08
4.1588	3.63657e-08
4.1589	2.08933e-08
4.159	2.76614e-08
4.1591	2.96519e-08
4.1592	3.0764e-08
4.1593	3.41027e-08
4.1594	3.3522e-08
4.1595	3.59656e-08
4.1596	3.39673e-08
4.1597	3.01711e-08
4.1598	3.88389e-08
4.1599	3.60607e-08
4.16	3.40839e-08
4.1601	4.11614e-08
4.1602	4.0332e-08
4.1603	2.78165e-08
4.1604	3.70801e-08
4.1605	3.52646e-08
4.1606	2.1694e-08
4.1607	2.65285e-08
4.1608	2.95443e-08
4.1609	3.52777e-08
4.161	2.9923e-08
4.1611	2.60424e-08
4.1612	3.69632e-08
4.1613	3.60042e-08
4.1614	3.58158e-08
4.1615	4.21474e-08
4.1616	3.39904e-08
4.1617	3.86764e-08
4.1618	3.13712e-08
4.1619	3.62172e-08
4.162	2.29316e-08
4.1621	3.8735e-08
4.1622	3.36012e-08
4.1623	3.49012e-08
4.1624	3.74605e-08
4.1625	3.22975e-08
4.1626	2.8263e-08
4.1627	3.34981e-08
4.1628	2.17606e-08
4.1629	3.40996e-08
4.163	3.88945e-08
4.1631	3.55307e-08
4.1632	3.49691e-08
4.1633	2.90033e-08
4.1634	2.86855e-08
4.1635	3.12264e-08
4.1636	3.24871e-08
4.1637	2.56638e-08
4.1638	2.23632e-08
4.1639	2.72399e-08
4.164	4.10067e-08
4.1641	3.53535e-08
4.1642	3.33229e-08
4.1643	3.07988e-08
4.1644	3.72673e-08
4.1645	3.80427e-08
4.1646	3.19668e-08
4.1647	2.52227e-08
4.1648	2.68052e-08
4.1649	2.89072e-08
4.165	3.24298e-08
4.1651	2.9499e-08
4.1652	3.20194e-08
4.1653	3.26557e-08
4.1654	3.27829e-08
4.1655	2.74762e-08
4.1656	3.26202e-08
4.1657	3.69408e-08
4.1658	3.66495e-08
4.1659	2.60313e-08
4.166	3.57434e-08
4.1661	3.905e-08
4.1662	3.01107e-08
4.1663	3.27737e-08
4.1664	3.26145e-08
4.1665	2.95146e-08
4.1666	3.371e-08
4.1667	3.48566e-08
4.1668	3.18357e-08
4.1669	3.53296e-08
4.167	2.36485e-08
4.1671	3.24868e-08
4.1672	3.00346e-08
4.1673	3.82746e-08
4.1674	3.69918e-08
4.1675	3.21556e-08
4.1676	3.38794e-08
4.1677	2.47649e-08
4.1678	3.03032e-08
4.1679	4.90338e-08
4.168	4.10602e-08
4.1681	2.39457e-08
4.1682	2.95036e-08
4.1683	2.62119e-08
4.1684	2.43879e-08
4.1685	3.20128e-08
4.1686	4.20514e-08
4.1687	4.4883e-08
4.1688	4.50279e-08
4.1689	3.72565e-08
4.169	3.84232e-08
4.1691	3.35473e-08
4.1692	3.64459e-08
4.1693	2.5526e-08
4.1694	2.65574e-08
4.1695	3.61835e-08
4.1696	3.09305e-08
4.1697	3.76397e-08
4.1698	3.7414e-08
4.1699	2.91658e-08
4.17	3.62405e-08
4.1701	4.01987e-08
4.1702	2.56242e-08
4.1703	3.39911e-08
4.1704	2.9956e-08
4.1705	3.06121e-08
4.1706	2.82151e-08
4.1707	4.31249e-08
4.1708	3.75932e-08
4.1709	3.58198e-08
4.171	3.33803e-08
4.1711	4.21288e-08
4.1712	4.03158e-08
4.1713	3.68697e-08
4.1714	3.49493e-08
4.1715	2.85163e-08
4.1716	3.75134e-08
4.1717	3.18139e-08
4.1718	3.83387e-08
4.1719	2.71178e-08
4.172	3.69115e-08
4.1721	2.74406e-08
4.1722	3.38493e-08
4.1723	3.01931e-08
4.1724	2.82664e-08
4.1725	3.23258e-08
4.1726	3.33898e-08
4.1727	2.52122e-08
4.1728	2.68786e-08
4.1729	2.64246e-08
4.173	3.15209e-08
4.1731	3.66916e-08
4.1732	3.88664e-08
4.1733	3.89873e-08
4.1734	4.28104e-08
4.1735	3.76212e-08
4.1736	2.99896e-08
4.1737	3.09353e-08
4.1738	3.50354e-08
4.1739	2.74066e-08
4.174	2.82165e-08
4.1741	3.38861e-08
4.1742	2.52783e-08
4.1743	3.43347e-08
4.1744	3.89133e-08
4.1745	2.33872e-08
4.1746	3.14006e-08
4.1747	2.79105e-08
4.1748	2.75635e-08
4.1749	3.00081e-08
4.175	2.49336e-08
4.1751	2.62985e-08
4.1752	3.3978e-08
4.1753	4.17269e-08
4.1754	2.75716e-08
4.1755	2.36551e-08
4.1756	3.21511e-08
4.1757	3.75876e-08
4.1758	3.3002e-08
4.1759	2.17672e-08
4.176	3.4787e-08
4.1761	2.16442e-08
4.1762	3.71475e-08
4.1763	3.56378e-08
4.1764	2.90876e-08
4.1765	3.98803e-08
4.1766	2.49539e-08
4.1767	2.42448e-08
4.1768	2.42465e-08
4.1769	2.77631e-08
4.177	2.54916e-08
4.1771	2.82302e-08
4.1772	2.1477e-08
4.1773	2.18098e-08
4.1774	3.28435e-08
4.1775	3.73137e-08
4.1776	2.2378e-08
4.1777	2.85399e-08
4.1778	3.69847e-08
4.1779	4.6293e-08
4.178	3.68248e-08
4.1781	2.53132e-08
4.1782	2.4507e-08
4.1783	3.1738e-08
4.1784	2.61272e-08
4.1785	3.04684e-08
4.1786	4.48606e-08
4.1787	2.51386e-08
4.1788	3.75761e-08
4.1789	3.09051e-08
4.179	2.09121e-08
4.1791	4.26998e-08
4.1792	3.50372e-08
4.1793	2.49919e-08
4.1794	3.2455e-08
4.1795	2.40203e-08
4.1796	3.41856e-08
4.1797	3.53978e-08
4.1798	2.40899e-08
4.1799	3.29606e-08
4.18	3.40526e-08
4.1801	3.41673e-08
4.1802	3.62645e-08
4.1803	2.72309e-08
4.1804	2.76074e-08
4.1805	2.81482e-08
4.1806	3.40591e-08
4.1807	2.95823e-08
4.1808	2.42488e-08
4.1809	2.49229e-08
4.181	3.43666e-08
4.1811	3.43109e-08
4.1812	3.61663e-08
4.1813	3.38051e-08
4.1814	3.42318e-08
4.1815	3.14971e-08
4.1816	3.53612e-08
4.1817	3.57704e-08
4.1818	3.1937e-08
4.1819	3.53359e-08
4.182	2.40613e-08
4.1821	2.33473e-08
4.1822	2.86485e-08
4.1823	3.79357e-08
4.1824	2.97932e-08
4.1825	3.47349e-08
4.1826	3.65052e-08
4.1827	2.54574e-08
4.1828	3.93577e-08
4.1829	3.19383e-08
4.183	3.83368e-08
4.1831	2.54347e-08
4.1832	2.58401e-08
4.1833	3.14857e-08
4.1834	2.99208e-08
4.1835	2.90343e-08
4.1836	3.78594e-08
4.1837	3.13687e-08
4.1838	4.23542e-08
4.1839	3.58397e-08
4.184	3.74976e-08
4.1841	3.16921e-08
4.1842	3.64756e-08
4.1843	2.67522e-08
4.1844	3.91211e-08
4.1845	3.48863e-08
4.1846	3.47403e-08
4.1847	3.59101e-08
4.1848	2.85973e-08
4.1849	2.85954e-08
4.185	3.18054e-08
4.1851	2.56482e-08
4.1852	3.46134e-08
4.1853	4.12389e-08
4.1854	3.6857e-08
4.1855	3.56853e-08
4.1856	2.72873e-08
4.1857	2.29303e-08
4.1858	2.47316e-08
4.1859	2.55786e-08
4.186	3.03695e-08
4.1861	3.97362e-08
4.1862	3.53155e-08
4.1863	3.52958e-08
4.1864	3.93275e-08
4.1865	4.01066e-08
4.1866	3.03446e-08
4.1867	3.94286e-08
4.1868	4.41765e-08
4.1869	2.99506e-08
4.187	3.64455e-08
4.1871	3.2671e-08
4.1872	2.93929e-08
4.1873	3.39447e-08
4.1874	3.09957e-08
4.1875	3.38306e-08
4.1876	3.54304e-08
4.1877	2.10837e-08
4.1878	2.12837e-08
4.1879	2.35852e-08
4.188	2.41128e-08
4.1881	4.37814e-08
4.1882	3.70848e-08
4.1883	3.26986e-08
4.1884	2.51062e-08
4.1885	3.91663e-08
4.1886	3.78234e-08
4.1887	3.47431e-08
4.1888	2.81576e-08
4.1889	4.70516e-08
4.189	3.91249e-08
4.1891	4.13353e-08
4.1892	4.11554e-08
4.1893	2.94477e-08
4.1894	2.77085e-08
4.1895	4.26619e-08
4.1896	2.67973e-08
4.1897	2.95533e-08
4.1898	2.49286e-08
4.1899	2.06567e-08
4.19	2.13664e-08
4.1901	2.31693e-08
4.1902	2.96391e-08
4.1903	2.21229e-08
4.1904	2.62747e-08
4.1905	3.93201e-08
4.1906	3.94618e-08
4.1907	3.802e-08
4.1908	3.61816e-08
4.1909	4.23411e-08
4.191	3.90878e-08
4.1911	3.98365e-08
4.1912	3.51837e-08
4.1913	3.49563e-08
4.1914	3.81049e-08
4.1915	4.17128e-08
4.1916	3.59968e-08
4.1917	3.15872e-08
4.1918	2.79239e-08
4.1919	2.50879e-08
4.192	2.6736e-08
4.1921	3.05587e-08
4.1922	2.57347e-08
4.1923	2.64643e-08
4.1924	3.066e-08
4.1925	1.84299e-08
4.1926	2.17305e-08
4.1927	4.26378e-08
4.1928	3.34681e-08
4.1929	3.21572e-08
4.193	2.97783e-08
4.1931	4.68226e-08
4.1932	4.15341e-08
4.1933	5.41949e-08
4.1934	3.09397e-08
4.1935	2.34518e-08
4.1936	3.77424e-08
4.1937	4.26266e-08
4.1938	2.916e-08
4.1939	2.91485e-08
4.194	3.09897e-08
4.1941	2.46083e-08
4.1942	2.84604e-08
4.1943	2.69064e-08
4.1944	4.15352e-08
4.1945	2.97629e-08
4.1946	2.45585e-08
4.1947	3.33705e-08
4.1948	2.35983e-08
4.1949	3.05199e-08
4.195	3.58944e-08
4.1951	3.07132e-08
4.1952	2.96335e-08
4.1953	3.55835e-08
4.1954	3.82007e-08
4.1955	3.35441e-08
4.1956	3.96633e-08
4.1957	3.85283e-08
4.1958	3.56502e-08
4.1959	4.33483e-08
4.196	3.43434e-08
4.1961	3.90987e-08
4.1962	3.39127e-08
4.1963	2.48714e-08
4.1964	2.61118e-08
4.1965	3.12871e-08
4.1966	3.03601e-08
4.1967	2.87233e-08
4.1968	3.09907e-08
4.1969	3.62771e-08
4.197	2.86934e-08
4.1971	3.48228e-08
4.1972	4.06274e-08
4.1973	2.98761e-08
4.1974	3.67962e-08
4.1975	3.94724e-08
4.1976	3.02159e-08
4.1977	3.35161e-08
4.1978	2.8983e-08
4.1979	3.38045e-08
4.198	4.40124e-08
4.1981	3.79573e-08
4.1982	3.3903e-08
4.1983	2.86779e-08
4.1984	3.11061e-08
4.1985	2.30778e-08
4.1986	3.41688e-08
4.1987	4.21987e-08
4.1988	3.79634e-08
4.1989	2.4108e-08
4.199	3.62017e-08
4.1991	3.66866e-08
4.1992	4.16328e-08
4.1993	2.59551e-08
4.1994	2.38153e-08
4.1995	2.77198e-08
4.1996	2.60207e-08
4.1997	4.70812e-08
4.1998	3.77542e-08
4.1999	3.21639e-08
4.2	3.40086e-08
4.2001	3.72176e-08
4.2002	3.53381e-08
4.2003	3.81726e-08
4.2004	2.76441e-08
4.2005	3.13916e-08
4.2006	2.90602e-08
4.2007	3.23746e-08
4.2008	3.10151e-08
4.2009	3.5862e-08
4.201	2.84044e-08
4.2011	3.19019e-08
4.2012	2.69019e-08
4.2013	3.61029e-08
4.2014	3.4441e-08
4.2015	3.28496e-08
4.2016	2.31884e-08
4.2017	2.71688e-08
4.2018	2.67173e-08
4.2019	2.73567e-08
4.202	2.24335e-08
4.2021	2.84998e-08
4.2022	3.52095e-08
4.2023	4.52092e-08
4.2024	2.91715e-08
4.2025	2.70307e-08
4.2026	2.96269e-08
4.2027	2.54318e-08
4.2028	3.37388e-08
4.2029	3.28667e-08
4.203	4.03981e-08
4.2031	4.37034e-08
4.2032	3.21912e-08
4.2033	3.64353e-08
4.2034	2.83871e-08
4.2035	3.09481e-08
4.2036	4.53671e-08
4.2037	2.88921e-08
4.2038	3.44608e-08
4.2039	2.59821e-08
4.204	2.2675e-08
4.2041	2.47174e-08
4.2042	3.19941e-08
4.2043	4.5114e-08
4.2044	3.26466e-08
4.2045	3.79523e-08
4.2046	3.60317e-08
4.2047	4.62895e-08
4.2048	4.49546e-08
4.2049	3.43244e-08
4.205	2.60156e-08
4.2051	2.68613e-08
4.2052	3.51286e-08
4.2053	3.28034e-08
4.2054	3.8224e-08
4.2055	3.18295e-08
4.2056	3.04903e-08
4.2057	3.41053e-08
4.2058	3.26591e-08
4.2059	2.98643e-08
4.206	4.21642e-08
4.2061	2.6322e-08
4.2062	2.68299e-08
4.2063	3.67931e-08
4.2064	3.79016e-08
4.2065	4.76314e-08
4.2066	3.54483e-08
4.2067	3.59987e-08
4.2068	4.58117e-08
4.2069	3.45383e-08
4.207	3.60825e-08
4.2071	2.68215e-08
4.2072	3.33289e-08
4.2073	3.39008e-08
4.2074	2.94357e-08
4.2075	4.43197e-08
4.2076	2.82288e-08
4.2077	3.87049e-08
4.2078	3.90262e-08
4.2079	3.96803e-08
4.208	2.92261e-08
4.2081	2.85127e-08
4.2082	3.18006e-08
4.2083	3.33991e-08
4.2084	2.46517e-08
4.2085	2.19298e-08
4.2086	3.33543e-08
4.2087	3.57907e-08
4.2088	3.23773e-08
4.2089	3.38414e-08
4.209	3.69209e-08
4.2091	3.34147e-08
4.2092	4.17811e-08
4.2093	2.86287e-08
4.2094	3.3535e-08
4.2095	3.85803e-08
4.2096	3.17804e-08
4.2097	3.16031e-08
4.2098	2.69335e-08
4.2099	2.73146e-08
4.21	3.18967e-08
4.2101	3.0767e-08
4.2102	2.49792e-08
4.2103	3.66451e-08
4.2104	2.80592e-08
4.2105	3.27571e-08
4.2106	2.61944e-08
4.2107	2.51185e-08
4.2108	2.67069e-08
4.2109	2.8401e-08
4.211	3.2956e-08
4.2111	3.08856e-08
4.2112	2.96539e-08
4.2113	3.46268e-08
4.2114	3.49684e-08
4.2115	2.89056e-08
4.2116	2.11108e-08
4.2117	2.824e-08
4.2118	2.6154e-08
4.2119	3.61902e-08
4.212	3.1776e-08
4.2121	3.51858e-08
4.2122	3.53287e-08
4.2123	2.80833e-08
4.2124	1.81969e-08
4.2125	2.3536e-08
4.2126	2.22361e-08
4.2127	2.97858e-08
4.2128	3.10309e-08
4.2129	1.98397e-08
4.213	2.30276e-08
4.2131	2.93359e-08
4.2132	3.47132e-08
4.2133	2.22921e-08
4.2134	3.27207e-08
4.2135	2.85606e-08
4.2136	4.74487e-08
4.2137	4.15473e-08
4.2138	2.27805e-08
4.2139	2.47077e-08
4.214	3.66281e-08
4.2141	3.18745e-08
4.2142	3.35523e-08
4.2143	3.15853e-08
4.2144	3.16208e-08
4.2145	3.34343e-08
4.2146	3.44304e-08
4.2147	2.8509e-08
4.2148	3.27013e-08
4.2149	3.02434e-08
4.215	2.39961e-08
4.2151	2.70551e-08
4.2152	2.43849e-08
4.2153	2.8385e-08
4.2154	3.25525e-08
4.2155	2.87045e-08
4.2156	3.27601e-08
4.2157	3.29158e-08
4.2158	4.05953e-08
4.2159	4.05878e-08
4.216	2.77053e-08
4.2161	2.86318e-08
4.2162	2.99871e-08
4.2163	3.58506e-08
4.2164	2.93492e-08
4.2165	2.4224e-08
4.2166	2.62617e-08
4.2167	3.66964e-08
4.2168	3.95156e-08
4.2169	4.11205e-08
4.217	3.42206e-08
4.2171	2.16687e-08
4.2172	3.0115e-08
4.2173	3.66497e-08
4.2174	3.12065e-08
4.2175	4.23626e-08
4.2176	2.69459e-08
4.2177	3.00609e-08
4.2178	2.11685e-08
4.2179	3.23869e-08
4.218	3.56691e-08
4.2181	3.85325e-08
4.2182	2.33552e-08
4.2183	3.14551e-08
4.2184	3.52084e-08
4.2185	3.38687e-08
4.2186	3.56002e-08
4.2187	3.44388e-08
4.2188	2.47821e-08
4.2189	2.97821e-08
4.219	2.84359e-08
4.2191	3.32818e-08
4.2192	3.88938e-08
4.2193	3.90405e-08
4.2194	3.71058e-08
4.2195	4.46661e-08
4.2196	4.26819e-08
4.2197	3.74832e-08
4.2198	2.99344e-08
4.2199	3.276e-08
4.22	3.93613e-08
4.2201	2.85067e-08
4.2202	3.78608e-08
4.2203	3.78232e-08
4.2204	2.39708e-08
4.2205	3.18668e-08
4.2206	2.88205e-08
4.2207	2.93371e-08
4.2208	2.38423e-08
4.2209	3.93956e-08
4.221	3.10137e-08
4.2211	3.95939e-08
4.2212	2.41661e-08
4.2213	2.53383e-08
4.2214	2.50659e-08
4.2215	2.97071e-08
4.2216	3.48633e-08
4.2217	3.49604e-08
4.2218	2.82633e-08
4.2219	3.15426e-08
4.222	4.02548e-08
4.2221	4.37941e-08
4.2222	3.19393e-08
4.2223	2.53835e-08
4.2224	4.18094e-08
4.2225	4.05427e-08
4.2226	3.79289e-08
4.2227	2.87719e-08
4.2228	2.95199e-08
4.2229	3.32679e-08
4.223	3.03181e-08
4.2231	3.62974e-08
4.2232	3.73786e-08
4.2233	3.26131e-08
4.2234	3.10646e-08
4.2235	2.03213e-08
4.2236	2.34034e-08
4.2237	2.99222e-08
4.2238	3.74753e-08
4.2239	2.49907e-08
4.224	3.13364e-08
4.2241	3.38577e-08
4.2242	4.30193e-08
4.2243	2.7948e-08
4.2244	3.62155e-08
4.2245	2.74133e-08
4.2246	3.9098e-08
4.2247	3.17741e-08
4.2248	3.78402e-08
4.2249	4.00729e-08
4.225	2.27714e-08
4.2251	2.57425e-08
4.2252	4.4834e-08
4.2253	3.34653e-08
4.2254	2.72425e-08
4.2255	2.23999e-08
4.2256	2.13401e-08
4.2257	2.31524e-08
4.2258	3.09575e-08
4.2259	3.22163e-08
4.226	2.30192e-08
4.2261	2.16834e-08
4.2262	3.47181e-08
4.2263	4.8545e-08
4.2264	2.98223e-08
4.2265	3.85098e-08
4.2266	3.50075e-08
4.2267	4.71811e-08
4.2268	3.67044e-08
4.2269	3.24795e-08
4.227	3.85181e-08
4.2271	3.20957e-08
4.2272	2.95008e-08
4.2273	3.45814e-08
4.2274	2.96064e-08
4.2275	4.00065e-08
4.2276	2.70215e-08
4.2277	4.02235e-08
4.2278	2.85304e-08
4.2279	3.05554e-08
4.228	3.21137e-08
4.2281	2.62197e-08
4.2282	1.92301e-08
4.2283	3.22724e-08
4.2284	3.12282e-08
4.2285	3.04696e-08
4.2286	3.59814e-08
4.2287	2.81238e-08
4.2288	4.08643e-08
4.2289	5.37704e-08
4.229	3.6542e-08
4.2291	3.23303e-08
4.2292	3.27563e-08
4.2293	4.00448e-08
4.2294	4.13364e-08
4.2295	2.79467e-08
4.2296	3.06578e-08
4.2297	2.88266e-08
4.2298	2.29239e-08
4.2299	2.8853e-08
4.23	3.24893e-08
4.2301	3.23685e-08
4.2302	1.96011e-08
4.2303	2.51227e-08
4.2304	3.81785e-08
4.2305	2.57167e-08
4.2306	1.98197e-08
4.2307	2.95626e-08
4.2308	2.47372e-08
4.2309	4.24226e-08
4.231	2.24057e-08
4.2311	4.24706e-08
4.2312	3.53489e-08
4.2313	4.44373e-08
4.2314	2.93594e-08
4.2315	2.85467e-08
4.2316	3.44337e-08
4.2317	2.79539e-08
4.2318	4.72971e-08
4.2319	3.31684e-08
4.232	2.23703e-08
4.2321	3.39303e-08
4.2322	3.05251e-08
4.2323	3.03551e-08
4.2324	3.05351e-08
4.2325	3.04679e-08
4.2326	3.47836e-08
4.2327	2.55744e-08
4.2328	3.69057e-08
4.2329	3.3073e-08
4.233	3.23203e-08
4.2331	3.79997e-08
4.2332	3.94525e-08
4.2333	2.50973e-08
4.2334	3.68256e-08
4.2335	2.58884e-08
4.2336	3.50755e-08
4.2337	3.06737e-08
4.2338	4.13493e-08
4.2339	2.84096e-08
4.234	2.71955e-08
4.2341	3.22238e-08
4.2342	3.31775e-08
4.2343	3.3254e-08
4.2344	3.09661e-08
4.2345	4.14372e-08
4.2346	2.40794e-08
4.2347	3.72191e-08
4.2348	3.44223e-08
4.2349	3.70378e-08
4.235	3.30109e-08
4.2351	2.43654e-08
4.2352	3.5149e-08
4.2353	3.25047e-08
4.2354	3.2748e-08
4.2355	3.5451e-08
4.2356	3.15403e-08
4.2357	3.52661e-08
4.2358	3.16555e-08
4.2359	3.26867e-08
4.236	3.82106e-08
4.2361	2.64733e-08
4.2362	3.15144e-08
4.2363	3.25374e-08
4.2364	2.94538e-08
4.2365	3.01149e-08
4.2366	3.48966e-08
4.2367	3.33737e-08
4.2368	2.92989e-08
4.2369	2.46021e-08
4.237	2.80043e-08
4.2371	3.02272e-08
4.2372	2.59029e-08
4.2373	2.40996e-08
4.2374	2.70202e-08
4.2375	2.69554e-08
4.2376	2.18168e-08
4.2377	3.54129e-08
4.2378	3.26298e-08
4.2379	3.11407e-08
4.238	3.89318e-08
4.2381	2.51624e-08
4.2382	4.04401e-08
4.2383	2.86172e-08
4.2384	2.63506e-08
4.2385	3.54055e-08
4.2386	3.73211e-08
4.2387	3.82914e-08
4.2388	3.55136e-08
4.2389	2.91419e-08
4.239	2.98102e-08
4.2391	2.62612e-08
4.2392	3.23489e-08
4.2393	5.24452e-08
4.2394	3.27781e-08
4.2395	2.98342e-08
4.2396	2.82542e-08
4.2397	2.37359e-08
4.2398	2.7525e-08
4.2399	3.21071e-08
4.24	3.92615e-08
4.2401	3.83757e-08
4.2402	3.0952e-08
4.2403	4.24504e-08
4.2404	3.53549e-08
4.2405	3.25628e-08
4.2406	2.37831e-08
4.2407	2.86792e-08
4.2408	2.57154e-08
4.2409	3.02488e-08
4.241	3.67173e-08
4.2411	3.60823e-08
4.2412	2.73484e-08
4.2413	3.56558e-08
4.2414	3.98384e-08
4.2415	3.04069e-08
4.2416	3.41006e-08
4.2417	3.16823e-08
4.2418	2.5676e-08
4.2419	2.77932e-08
4.242	3.97656e-08
4.2421	4.01521e-08
4.2422	4.30622e-08
4.2423	3.50743e-08
4.2424	3.57899e-08
4.2425	3.28249e-08
4.2426	3.15654e-08
4.2427	3.07274e-08
4.2428	3.40231e-08
4.2429	2.74766e-08
4.243	3.75699e-08
4.2431	3.4658e-08
4.2432	3.41584e-08
4.2433	3.39936e-08
4.2434	3.7315e-08
4.2435	3.75095e-08
4.2436	3.84739e-08
4.2437	2.83704e-08
4.2438	2.54409e-08
4.2439	2.48949e-08
4.244	3.10567e-08
4.2441	2.76781e-08
4.2442	2.23043e-08
4.2443	3.36432e-08
4.2444	3.22317e-08
4.2445	3.01331e-08
4.2446	3.48349e-08
4.2447	3.92492e-08
4.2448	3.47248e-08
4.2449	3.7331e-08
4.245	2.77813e-08
4.2451	3.17992e-08
4.2452	3.05006e-08
4.2453	3.8177e-08
4.2454	2.81556e-08
4.2455	2.98704e-08
4.2456	3.01213e-08
4.2457	3.52508e-08
4.2458	2.96108e-08
4.2459	3.55906e-08
4.246	2.52271e-08
4.2461	2.79799e-08
4.2462	3.15952e-08
4.2463	3.37434e-08
4.2464	2.68222e-08
4.2465	2.64426e-08
4.2466	2.70834e-08
4.2467	3.54667e-08
4.2468	3.44897e-08
4.2469	2.81929e-08
4.247	3.96168e-08
4.2471	3.27821e-08
4.2472	2.66027e-08
4.2473	2.40311e-08
4.2474	2.94965e-08
4.2475	2.56031e-08
4.2476	3.55168e-08
4.2477	3.09285e-08
4.2478	3.17712e-08
4.2479	3.1983e-08
4.248	2.45034e-08
4.2481	2.0833e-08
4.2482	2.48182e-08
4.2483	3.06474e-08
4.2484	2.18334e-08
4.2485	2.41155e-08
4.2486	1.84836e-08
4.2487	2.64342e-08
4.2488	3.48789e-08
4.2489	2.96833e-08
4.249	2.48318e-08
4.2491	3.60109e-08
4.2492	3.58371e-08
4.2493	5.01826e-08
4.2494	3.63047e-08
4.2495	2.18648e-08
4.2496	3.66932e-08
4.2497	3.16628e-08
4.2498	3.21454e-08
4.2499	3.77703e-08
4.25	3.09617e-08
4.2501	2.8703e-08
4.2502	3.15465e-08
4.2503	3.05016e-08
4.2504	2.69439e-08
4.2505	3.99306e-08
4.2506	2.39364e-08
4.2507	2.35796e-08
4.2508	2.79653e-08
4.2509	2.48398e-08
4.251	2.27809e-08
4.2511	3.72113e-08
4.2512	3.08374e-08
4.2513	3.60842e-08
4.2514	3.59656e-08
4.2515	3.62648e-08
4.2516	2.91854e-08
4.2517	2.633e-08
4.2518	3.02513e-08
4.2519	3.22001e-08
4.252	3.59116e-08
4.2521	2.44614e-08
4.2522	2.67478e-08
4.2523	2.74689e-08
4.2524	3.48079e-08
4.2525	3.20968e-08
4.2526	3.53234e-08
4.2527	3.09761e-08
4.2528	3.17551e-08
4.2529	2.75765e-08
4.253	4.52682e-08
4.2531	3.11482e-08
4.2532	3.63337e-08
4.2533	3.01492e-08
4.2534	3.03841e-08
4.2535	2.42303e-08
4.2536	3.1711e-08
4.2537	3.93098e-08
4.2538	4.00572e-08
4.2539	2.51146e-08
4.254	3.02932e-08
4.2541	3.30551e-08
4.2542	3.57137e-08
4.2543	3.79292e-08
4.2544	3.29919e-08
4.2545	2.69472e-08
4.2546	2.89825e-08
4.2547	2.63749e-08
4.2548	2.3565e-08
4.2549	3.54473e-08
4.255	4.48338e-08
4.2551	3.31899e-08
4.2552	4.13408e-08
4.2553	4.04594e-08
4.2554	4.40624e-08
4.2555	2.89702e-08
4.2556	3.16192e-08
4.2557	3.88264e-08
4.2558	3.30991e-08
4.2559	3.81828e-08
4.256	3.66398e-08
4.2561	3.8631e-08
4.2562	3.48655e-08
4.2563	2.62244e-08
4.2564	2.71315e-08
4.2565	3.32623e-08
4.2566	3.02022e-08
4.2567	3.49631e-08
4.2568	3.17108e-08
4.2569	2.68027e-08
4.257	2.49011e-08
4.2571	2.16991e-08
4.2572	3.38353e-08
4.2573	3.11988e-08
4.2574	3.7213e-08
4.2575	2.58424e-08
4.2576	4.40388e-08
4.2577	4.23438e-08
4.2578	4.27631e-08
4.2579	3.70905e-08
4.258	4.38174e-08
4.2581	3.57628e-08
4.2582	3.76815e-08
4.2583	4.34543e-08
4.2584	2.4168e-08
4.2585	3.31924e-08
4.2586	3.02735e-08
4.2587	2.08157e-08
4.2588	3.59803e-08
4.2589	3.76159e-08
4.259	2.84353e-08
4.2591	2.01834e-08
4.2592	2.1774e-08
4.2593	2.27663e-08
4.2594	3.52077e-08
4.2595	4.9164e-08
4.2596	2.89957e-08
4.2597	3.1044e-08
4.2598	3.36477e-08
4.2599	3.8533e-08
4.26	2.55053e-08
4.2601	4.1292e-08
4.2602	3.82745e-08
4.2603	4.93764e-08
4.2604	3.11885e-08
4.2605	3.8983e-08
4.2606	3.46703e-08
4.2607	2.5936e-08
4.2608	3.69702e-08
4.2609	3.78866e-08
4.261	2.9116e-08
4.2611	2.42069e-08
4.2612	2.40274e-08
4.2613	2.39276e-08
4.2614	2.19678e-08
4.2615	2.42732e-08
4.2616	3.21041e-08
4.2617	2.37155e-08
4.2618	2.25307e-08
4.2619	4.21531e-08
4.262	3.99825e-08
4.2621	3.72876e-08
4.2622	3.75993e-08
4.2623	3.88993e-08
4.2624	3.45958e-08
4.2625	3.68153e-08
4.2626	4.07248e-08
4.2627	3.18904e-08
4.2628	3.60424e-08
4.2629	4.12313e-08
4.263	2.79611e-08
4.2631	2.66379e-08
4.2632	3.18687e-08
4.2633	2.90682e-08
4.2634	2.37654e-08
4.2635	2.88232e-08
4.2636	2.80462e-08
4.2637	2.92455e-08
4.2638	2.7961e-08
4.2639	2.33355e-08
4.264	2.36453e-08
4.2641	3.57211e-08
4.2642	2.76124e-08
4.2643	4.92916e-08
4.2644	3.05491e-08
4.2645	3.72708e-08
4.2646	5.03173e-08
4.2647	4.30785e-08
4.2648	2.99456e-08
4.2649	3.0822e-08
4.265	4.36124e-08
4.2651	3.5903e-08
4.2652	2.78514e-08
4.2653	3.23676e-08
4.2654	3.37955e-08
4.2655	2.8589e-08
4.2656	2.48451e-08
4.2657	3.28061e-08
4.2658	4.38273e-08
4.2659	2.39168e-08
4.266	2.86101e-08
4.2661	3.67074e-08
4.2662	2.73881e-08
4.2663	2.2231e-08
4.2664	3.18187e-08
4.2665	2.78677e-08
4.2666	4.00021e-08
4.2667	3.93409e-08
4.2668	3.41404e-08
4.2669	2.9894e-08
4.267	3.8495e-08
4.2671	3.15897e-08
4.2672	3.15412e-08
4.2673	3.74292e-08
4.2674	3.69541e-08
4.2675	3.92042e-08
4.2676	2.52374e-08
4.2677	2.69851e-08
4.2678	3.43099e-08
4.2679	2.69382e-08
4.268	3.16778e-08
4.2681	2.76253e-08
4.2682	2.53939e-08
4.2683	4.1106e-08
4.2684	3.16839e-08
4.2685	3.44366e-08
4.2686	2.9712e-08
4.2687	3.05883e-08
4.2688	3.30758e-08
4.2689	3.87312e-08
4.269	3.17645e-08
4.2691	3.21644e-08
4.2692	2.31188e-08
4.2693	3.45437e-08
4.2694	4.37139e-08
4.2695	3.97781e-08
4.2696	2.83814e-08
4.2697	2.49763e-08
4.2698	2.81871e-08
4.2699	3.26596e-08
4.27	2.81336e-08
4.2701	3.84627e-08
4.2702	3.91752e-08
4.2703	2.80751e-08
4.2704	3.18662e-08
4.2705	3.36512e-08
4.2706	3.50603e-08
4.2707	3.42565e-08
4.2708	2.33295e-08
4.2709	3.48977e-08
4.271	3.51343e-08
4.2711	3.53048e-08
4.2712	4.1929e-08
4.2713	2.81825e-08
4.2714	2.98645e-08
4.2715	3.39059e-08
4.2716	3.60067e-08
4.2717	3.31542e-08
4.2718	2.49035e-08
4.2719	2.86984e-08
4.272	3.05813e-08
4.2721	2.86755e-08
4.2722	3.21133e-08
4.2723	3.21922e-08
4.2724	2.56124e-08
4.2725	3.46241e-08
4.2726	3.07426e-08
4.2727	3.55346e-08
4.2728	3.06941e-08
4.2729	2.65688e-08
4.273	2.90602e-08
4.2731	3.62221e-08
4.2732	2.65751e-08
4.2733	3.29401e-08
4.2734	2.77326e-08
4.2735	3.34453e-08
4.2736	4.64566e-08
4.2737	3.91094e-08
4.2738	3.09468e-08
4.2739	3.68645e-08
4.274	2.60329e-08
4.2741	2.73888e-08
4.2742	2.7914e-08
4.2743	2.82222e-08
4.2744	3.40126e-08
4.2745	2.87721e-08
4.2746	3.22506e-08
4.2747	3.40941e-08
4.2748	3.65221e-08
4.2749	4.04732e-08
4.275	3.81753e-08
4.2751	2.61767e-08
4.2752	2.8812e-08
4.2753	2.28424e-08
4.2754	2.56805e-08
4.2755	3.45975e-08
4.2756	3.38496e-08
4.2757	3.79836e-08
4.2758	3.45601e-08
4.2759	3.62572e-08
4.276	3.72374e-08
4.2761	4.06585e-08
4.2762	2.92406e-08
4.2763	2.46616e-08
4.2764	2.76967e-08
4.2765	3.18757e-08
4.2766	3.96834e-08
4.2767	3.51059e-08
4.2768	4.02691e-08
4.2769	2.21477e-08
4.277	3.76827e-08
4.2771	4.04487e-08
4.2772	2.7321e-08
4.2773	3.03212e-08
4.2774	3.22108e-08
4.2775	2.87175e-08
4.2776	2.46597e-08
4.2777	3.75547e-08
4.2778	4.18481e-08
4.2779	3.92058e-08
4.278	3.63895e-08
4.2781	4.02247e-08
4.2782	4.02295e-08
4.2783	3.38629e-08
4.2784	2.84004e-08
4.2785	3.42473e-08
4.2786	2.80169e-08
4.2787	3.64094e-08
4.2788	3.85436e-08
4.2789	2.82552e-08
4.279	2.58026e-08
4.2791	3.67196e-08
4.2792	3.53375e-08
4.2793	4.25833e-08
4.2794	2.70529e-08
4.2795	3.05749e-08
4.2796	2.45412e-08
4.2797	3.35591e-08
4.2798	2.49528e-08
4.2799	2.68442e-08
4.28	2.5818e-08
4.2801	2.86072e-08
4.2802	3.96252e-08
4.2803	3.51819e-08
4.2804	3.78512e-08
4.2805	2.76026e-08
4.2806	3.62394e-08
4.2807	2.7842e-08
4.2808	3.29509e-08
4.2809	3.40794e-08
4.281	3.59119e-08
4.2811	2.48288e-08
4.2812	2.47174e-08
4.2813	3.08511e-08
4.2814	3.97595e-08
4.2815	2.6787e-08
4.2816	3.00054e-08
4.2817	2.65351e-08
4.2818	2.76736e-08
4.2819	3.14521e-08
4.282	2.59789e-08
4.2821	2.79297e-08
4.2822	3.57753e-08
4.2823	3.15691e-08
4.2824	2.73263e-08
4.2825	3.34338e-08
4.2826	3.61597e-08
4.2827	2.9121e-08
4.2828	3.13647e-08
4.2829	2.58717e-08
4.283	3.04633e-08
4.2831	3.03776e-08
4.2832	2.99062e-08
4.2833	3.59646e-08
4.2834	3.27402e-08
4.2835	3.74998e-08
4.2836	3.2262e-08
4.2837	2.55113e-08
4.2838	2.04359e-08
4.2839	2.58907e-08
4.284	3.14004e-08
4.2841	2.04686e-08
4.2842	2.72942e-08
4.2843	1.99725e-08
4.2844	3.3557e-08
4.2845	3.78272e-08
4.2846	1.99666e-08
4.2847	2.56389e-08
4.2848	3.77798e-08
4.2849	3.21647e-08
4.285	4.55201e-08
4.2851	2.93831e-08
4.2852	2.39558e-08
4.2853	3.33306e-08
4.2854	2.73142e-08
4.2855	3.14703e-08
4.2856	3.14326e-08
4.2857	2.9331e-08
4.2858	3.07557e-08
4.2859	3.06183e-08
4.286	2.45706e-08
4.2861	2.24499e-08
4.2862	3.7735e-08
4.2863	2.90779e-08
4.2864	2.7996e-08
4.2865	2.30073e-08
4.2866	2.97246e-08
4.2867	3.44343e-08
4.2868	2.48414e-08
4.2869	3.25771e-08
4.287	3.49153e-08
4.2871	4.32452e-08
4.2872	3.55382e-08
4.2873	3.60372e-08
4.2874	2.83651e-08
4.2875	3.50226e-08
4.2876	3.31953e-08
4.2877	3.14185e-08
4.2878	2.63788e-08
4.2879	2.76592e-08
4.288	2.81076e-08
4.2881	3.27359e-08
4.2882	2.95522e-08
4.2883	3.15758e-08
4.2884	3.02225e-08
4.2885	3.23418e-08
4.2886	2.95986e-08
4.2887	4.08733e-08
4.2888	2.91592e-08
4.2889	3.8516e-08
4.289	2.52416e-08
4.2891	2.66171e-08
4.2892	2.23587e-08
4.2893	3.70325e-08
4.2894	3.33536e-08
4.2895	4.05387e-08
4.2896	3.23808e-08
4.2897	2.37976e-08
4.2898	2.87677e-08
4.2899	2.42626e-08
4.29	3.91997e-08
4.2901	2.57379e-08
4.2902	2.37499e-08
4.2903	2.7008e-08
4.2904	2.57942e-08
4.2905	3.02484e-08
4.2906	4.21499e-08
4.2907	3.81908e-08
4.2908	3.82421e-08
4.2909	4.68721e-08
4.291	3.66403e-08
4.2911	3.96737e-08
4.2912	3.78066e-08
4.2913	3.4118e-08
4.2914	3.98495e-08
4.2915	2.78305e-08
4.2916	3.68352e-08
4.2917	3.5943e-08
4.2918	2.92999e-08
4.2919	3.1607e-08
4.292	2.91402e-08
4.2921	2.95924e-08
4.2922	2.94694e-08
4.2923	3.99736e-08
4.2924	3.736e-08
4.2925	3.28731e-08
4.2926	2.84466e-08
4.2927	2.2062e-08
4.2928	2.23895e-08
4.2929	3.10258e-08
4.293	3.12147e-08
4.2931	3.2504e-08
4.2932	3.16062e-08
4.2933	3.82242e-08
4.2934	4.01603e-08
4.2935	4.04572e-08
4.2936	3.0953e-08
4.2937	3.49534e-08
4.2938	4.47287e-08
4.2939	2.78636e-08
4.294	3.95208e-08
4.2941	2.68805e-08
4.2942	3.19404e-08
4.2943	2.64654e-08
4.2944	2.42637e-08
4.2945	2.74139e-08
4.2946	3.71081e-08
4.2947	2.7389e-08
4.2948	2.25578e-08
4.2949	1.98019e-08
4.295	2.48191e-08
4.2951	2.83769e-08
4.2952	3.68078e-08
4.2953	4.11059e-08
4.2954	3.09971e-08
4.2955	3.86027e-08
4.2956	3.77685e-08
4.2957	2.70003e-08
4.2958	3.64987e-08
4.2959	4.26336e-08
4.296	4.24125e-08
4.2961	3.68171e-08
4.2962	3.86819e-08
4.2963	2.79543e-08
4.2964	2.75346e-08
4.2965	3.1675e-08
4.2966	3.17854e-08
4.2967	3.16878e-08
4.2968	2.78448e-08
4.2969	2.67262e-08
4.297	2.67064e-08
4.2971	2.81629e-08
4.2972	2.23438e-08
4.2973	2.8167e-08
4.2974	2.36645e-08
4.2975	2.5424e-08
4.2976	4.23677e-08
4.2977	4.17754e-08
4.2978	3.14408e-08
4.2979	4.11036e-08
4.298	4.20534e-08
4.2981	2.51129e-08
4.2982	4.51485e-08
4.2983	2.81933e-08
4.2984	4.18593e-08
4.2985	2.62917e-08
4.2986	3.92698e-08
4.2987	3.52164e-08
4.2988	2.80698e-08
4.2989	2.72785e-08
4.299	2.5603e-08
4.2991	2.92081e-08
4.2992	2.60314e-08
4.2993	2.43557e-08
4.2994	2.05217e-08
4.2995	2.29589e-08
4.2996	1.94133e-08
4.2997	3.22286e-08
4.2998	2.95794e-08
4.2999	3.53406e-08
4.3	2.69361e-08
4.3001	3.25099e-08
4.3002	3.91379e-08
4.3003	4.76857e-08
4.3004	4.00819e-08
4.3005	2.93507e-08
4.3006	3.79871e-08
4.3007	3.43653e-08
4.3008	3.77811e-08
4.3009	2.82637e-08
4.301	2.54637e-08
4.3011	2.51479e-08
4.3012	2.71864e-08
4.3013	2.75631e-08
4.3014	3.01215e-08
4.3015	3.44994e-08
4.3016	2.28268e-08
4.3017	2.74591e-08
4.3018	2.78253e-08
4.3019	2.86056e-08
4.302	3.27106e-08
4.3021	3.13233e-08
4.3022	2.79019e-08
4.3023	3.78157e-08
4.3024	3.99005e-08
4.3025	3.35942e-08
4.3026	2.44107e-08
4.3027	3.94266e-08
4.3028	4.0286e-08
4.3029	3.67763e-08
4.303	3.08519e-08
4.3031	3.62394e-08
4.3032	3.90786e-08
4.3033	3.46164e-08
4.3034	2.49182e-08
4.3035	3.53686e-08
4.3036	2.94682e-08
4.3037	3.2683e-08
4.3038	3.18977e-08
4.3039	3.38733e-08
4.304	4.11679e-08
4.3041	3.12792e-08
4.3042	3.83785e-08
4.3043	3.3272e-08
4.3044	3.24115e-08
4.3045	2.59845e-08
4.3046	3.43148e-08
4.3047	2.92361e-08
4.3048	3.82311e-08
4.3049	2.71958e-08
4.305	2.77949e-08
4.3051	3.36168e-08
4.3052	3.2432e-08
4.3053	2.66314e-08
4.3054	3.13211e-08
4.3055	2.4418e-08
4.3056	3.1918e-08
4.3057	3.60073e-08
4.3058	3.28439e-08
4.3059	3.83007e-08
4.306	3.01881e-08
4.3061	3.09496e-08
4.3062	2.99793e-08
4.3063	3.30872e-08
4.3064	2.69309e-08
4.3065	2.20909e-08
4.3066	2.7191e-08
4.3067	4.25375e-08
4.3068	3.71421e-08
4.3069	3.98529e-08
4.307	2.85252e-08
4.3071	3.92376e-08
4.3072	3.26484e-08
4.3073	3.88143e-08
4.3074	3.5356e-08
4.3075	2.37315e-08
4.3076	3.00119e-08
4.3077	3.5828e-08
4.3078	3.08476e-08
4.3079	3.10438e-08
4.308	3.46535e-08
4.3081	2.80373e-08
4.3082	2.92458e-08
4.3083	2.73324e-08
4.3084	3.3506e-08
4.3085	3.35961e-08
4.3086	3.08261e-08
4.3087	3.19054e-08
4.3088	3.21572e-08
4.3089	2.85072e-08
4.309	3.62637e-08
4.3091	2.64878e-08
4.3092	2.89653e-08
4.3093	3.69784e-08
4.3094	3.57345e-08
4.3095	2.78548e-08
4.3096	4.26402e-08
4.3097	2.43295e-08
4.3098	2.91324e-08
4.3099	2.66211e-08
4.31	3.23336e-08
4.3101	3.89045e-08
4.3102	2.7903e-08
4.3103	4.01788e-08
4.3104	3.411e-08
4.3105	3.10402e-08
4.3106	5.27629e-08
4.3107	3.19174e-08
4.3108	2.60866e-08
4.3109	2.67977e-08
4.311	2.34014e-08
4.3111	2.91889e-08
4.3112	3.28995e-08
4.3113	4.14143e-08
4.3114	3.60087e-08
4.3115	3.61117e-08
4.3116	4.96349e-08
4.3117	4.73088e-08
4.3118	4.41628e-08
4.3119	3.52291e-08
4.312	2.7797e-08
4.3121	3.00183e-08
4.3122	4.02089e-08
4.3123	2.89493e-08
4.3124	3.57211e-08
4.3125	3.87972e-08
4.3126	2.67689e-08
4.3127	3.00714e-08
4.3128	4.84882e-08
4.3129	2.79213e-08
4.313	2.75404e-08
4.3131	2.86151e-08
4.3132	3.03528e-08
4.3133	3.19736e-08
4.3134	4.19203e-08
4.3135	4.34835e-08
4.3136	3.15399e-08
4.3137	3.99547e-08
4.3138	3.99163e-08
4.3139	4.45674e-08
4.314	3.99862e-08
4.3141	2.50643e-08
4.3142	3.16543e-08
4.3143	3.88245e-08
4.3144	3.12085e-08
4.3145	4.74741e-08
4.3146	3.48089e-08
4.3147	3.45953e-08
4.3148	3.51149e-08
4.3149	3.12756e-08
4.315	4.0153e-08
4.3151	2.58188e-08
4.3152	3.02384e-08
4.3153	2.32925e-08
4.3154	2.88054e-08
4.3155	2.26889e-08
4.3156	2.16316e-08
4.3157	2.69911e-08
4.3158	3.35864e-08
4.3159	3.83299e-08
4.316	3.65753e-08
4.3161	4.15954e-08
4.3162	4.21442e-08
4.3163	3.052e-08
4.3164	2.62932e-08
4.3165	2.52964e-08
4.3166	3.85982e-08
4.3167	3.20462e-08
4.3168	3.59651e-08
4.3169	2.59761e-08
4.317	3.40025e-08
4.3171	4.04429e-08
4.3172	2.28646e-08
4.3173	2.68086e-08
4.3174	2.75854e-08
4.3175	2.92514e-08
4.3176	2.76646e-08
4.3177	2.62949e-08
4.3178	2.45128e-08
4.3179	3.93857e-08
4.318	3.66663e-08
4.3181	2.87039e-08
4.3182	2.53948e-08
4.3183	3.371e-08
4.3184	3.20123e-08
4.3185	3.19276e-08
4.3186	2.14441e-08
4.3187	3.10387e-08
4.3188	2.69475e-08
4.3189	4.1818e-08
4.319	3.26434e-08
4.3191	4.33266e-08
4.3192	4.097e-08
4.3193	2.92264e-08
4.3194	2.56972e-08
4.3195	2.2147e-08
4.3196	2.38238e-08
4.3197	2.87448e-08
4.3198	2.47617e-08
4.3199	2.16301e-08
4.32	2.27273e-08
4.3201	3.13408e-08
4.3202	4.14594e-08
4.3203	2.08665e-08
4.3204	2.99246e-08
4.3205	3.34141e-08
4.3206	4.42121e-08
4.3207	4.42056e-08
4.3208	2.54108e-08
4.3209	2.51399e-08
4.321	3.51324e-08
4.3211	2.53621e-08
4.3212	2.84887e-08
4.3213	3.27617e-08
4.3214	2.5043e-08
4.3215	4.2733e-08
4.3216	3.06738e-08
4.3217	2.83589e-08
4.3218	3.66547e-08
4.3219	3.63139e-08
4.322	3.31388e-08
4.3221	2.40522e-08
4.3222	2.32024e-08
4.3223	3.60938e-08
4.3224	3.47951e-08
4.3225	2.31359e-08
4.3226	3.35832e-08
4.3227	3.43106e-08
4.3228	3.63256e-08
4.3229	3.70656e-08
4.323	2.85118e-08
4.3231	3.59647e-08
4.3232	3.01708e-08
4.3233	2.86686e-08
4.3234	3.65973e-08
4.3235	2.4303e-08
4.3236	2.85452e-08
4.3237	2.72918e-08
4.3238	4.26896e-08
4.3239	3.20445e-08
4.324	3.30384e-08
4.3241	3.26269e-08
4.3242	3.05445e-08
4.3243	2.93108e-08
4.3244	3.54564e-08
4.3245	3.09692e-08
4.3246	3.48901e-08
4.3247	2.39896e-08
4.3248	2.64689e-08
4.3249	2.75781e-08
4.325	3.63256e-08
4.3251	3.38642e-08
4.3252	3.91265e-08
4.3253	3.00326e-08
4.3254	2.83045e-08
4.3255	3.78835e-08
4.3256	3.33546e-08
4.3257	3.45655e-08
4.3258	2.69405e-08
4.3259	2.67667e-08
4.326	2.75338e-08
4.3261	2.68173e-08
4.3262	3.41384e-08
4.3263	3.05954e-08
4.3264	3.32618e-08
4.3265	3.33451e-08
4.3266	4.33526e-08
4.3267	4.47906e-08
4.3268	3.91181e-08
4.3269	4.16075e-08
4.327	2.80301e-08
4.3271	3.57662e-08
4.3272	3.6105e-08
4.3273	3.47078e-08
4.3274	4.44153e-08
4.3275	3.42696e-08
4.3276	2.91957e-08
4.3277	2.6374e-08
4.3278	2.59884e-08
4.3279	3.41532e-08
4.328	3.43719e-08
4.3281	3.51589e-08
4.3282	3.32108e-08
4.3283	2.77236e-08
4.3284	2.81115e-08
4.3285	2.45722e-08
4.3286	3.06941e-08
4.3287	3.09949e-08
4.3288	3.94274e-08
4.3289	3.22679e-08
4.329	3.75422e-08
4.3291	3.7613e-08
4.3292	3.63829e-08
4.3293	2.87791e-08
4.3294	3.38747e-08
4.3295	3.38068e-08
4.3296	3.55101e-08
4.3297	3.04971e-08
4.3298	2.58754e-08
4.3299	3.31792e-08
4.33	2.80931e-08
4.3301	3.0264e-08
4.3302	3.06718e-08
4.3303	3.63192e-08
4.3304	2.89606e-08
4.3305	2.0566e-08
4.3306	2.74105e-08
4.3307	2.50798e-08
4.3308	2.88586e-08
4.3309	3.51672e-08
4.331	3.36479e-08
4.3311	2.69755e-08
4.3312	3.98124e-08
4.3313	3.75961e-08
4.3314	4.26747e-08
4.3315	2.89822e-08
4.3316	4.13332e-08
4.3317	3.82901e-08
4.3318	3.47824e-08
4.3319	4.23108e-08
4.332	2.28977e-08
4.3321	2.73267e-08
4.3322	3.87221e-08
4.3323	3.0705e-08
4.3324	3.50566e-08
4.3325	2.082e-08
4.3326	2.23089e-08
4.3327	2.66024e-08
4.3328	2.98962e-08
4.3329	2.77634e-08
4.333	2.38891e-08
4.3331	2.741e-08
4.3332	2.81273e-08
4.3333	3.13613e-08
4.3334	4.16913e-08
4.3335	2.95094e-08
4.3336	3.72095e-08
4.3337	4.15341e-08
4.3338	4.26531e-08
4.3339	3.49231e-08
4.334	2.88612e-08
4.3341	3.2799e-08
4.3342	3.39737e-08
4.3343	3.29697e-08
4.3344	3.06957e-08
4.3345	4.69189e-08
4.3346	2.52406e-08
4.3347	3.80144e-08
4.3348	2.6422e-08
4.3349	2.77918e-08
4.335	2.97136e-08
4.3351	2.53673e-08
4.3352	1.79907e-08
4.3353	2.07161e-08
4.3354	2.96274e-08
4.3355	3.15795e-08
4.3356	3.57657e-08
4.3357	2.6492e-08
4.3358	3.46192e-08
4.3359	4.6329e-08
4.336	3.77535e-08
4.3361	3.56862e-08
4.3362	2.77393e-08
4.3363	3.3348e-08
4.3364	3.90095e-08
4.3365	2.80264e-08
4.3366	2.99608e-08
4.3367	2.56598e-08
4.3368	2.51107e-08
4.3369	3.0397e-08
4.337	3.07065e-08
4.3371	3.60619e-08
4.3372	2.92077e-08
4.3373	2.88625e-08
4.3374	3.41253e-08
4.3375	2.28712e-08
4.3376	2.90288e-08
4.3377	3.71857e-08
4.3378	2.99265e-08
4.3379	3.60858e-08
4.338	3.07023e-08
4.3381	3.49409e-08
4.3382	3.42978e-08
4.3383	3.47992e-08
4.3384	3.15577e-08
4.3385	3.89724e-08
4.3386	3.75123e-08
4.3387	2.74287e-08
4.3388	3.48756e-08
4.3389	3.20418e-08
4.339	2.60675e-08
4.3391	2.53364e-08
4.3392	2.91709e-08
4.3393	2.85686e-08
4.3394	3.05084e-08
4.3395	2.77133e-08
4.3396	3.26158e-08
4.3397	3.32448e-08
4.3398	3.31847e-08
4.3399	4.06076e-08
4.34	2.91868e-08
4.3401	3.95978e-08
4.3402	3.98341e-08
4.3403	3.52287e-08
4.3404	2.65021e-08
4.3405	3.39554e-08
4.3406	3.65495e-08
4.3407	4.16891e-08
4.3408	4.36321e-08
4.3409	3.53147e-08
4.341	2.95043e-08
4.3411	3.25748e-08
4.3412	2.17153e-08
4.3413	3.09591e-08
4.3414	3.76392e-08
4.3415	3.60116e-08
4.3416	2.79184e-08
4.3417	3.39771e-08
4.3418	3.25902e-08
4.3419	3.78963e-08
4.342	2.683e-08
4.3421	2.8696e-08
4.3422	2.61701e-08
4.3423	3.6379e-08
4.3424	4.55135e-08
4.3425	4.16061e-08
4.3426	2.69344e-08
4.3427	3.21183e-08
4.3428	3.88512e-08
4.3429	4.74033e-08
4.343	4.37999e-08
4.3431	2.83796e-08
4.3432	2.94054e-08
4.3433	3.29863e-08
4.3434	3.57726e-08
4.3435	3.02853e-08
4.3436	3.31022e-08
4.3437	2.79549e-08
4.3438	2.98011e-08
4.3439	3.2269e-08
4.344	2.8551e-08
4.3441	3.56296e-08
4.3442	3.16667e-08
4.3443	2.32942e-08
4.3444	2.83751e-08
4.3445	3.56017e-08
4.3446	2.52737e-08
4.3447	3.30436e-08
4.3448	3.38489e-08
4.3449	2.73668e-08
4.345	3.31221e-08
4.3451	3.69766e-08
4.3452	3.05384e-08
4.3453	3.75713e-08
4.3454	2.64331e-08
4.3455	3.09462e-08
4.3456	2.9787e-08
4.3457	3.00213e-08
4.3458	3.47145e-08
4.3459	3.29934e-08
4.346	3.56872e-08
4.3461	2.82049e-08
4.3462	2.54324e-08
4.3463	5.20491e-08
4.3464	2.90843e-08
4.3465	3.7065e-08
4.3466	3.61785e-08
4.3467	2.22152e-08
4.3468	2.64727e-08
4.3469	3.48334e-08
4.347	4.19681e-08
4.3471	3.72319e-08
4.3472	3.43161e-08
4.3473	3.46645e-08
4.3474	4.03254e-08
4.3475	3.98552e-08
4.3476	3.38702e-08
4.3477	2.41018e-08
4.3478	2.62833e-08
4.3479	3.62915e-08
4.348	2.87338e-08
4.3481	3.27596e-08
4.3482	3.86935e-08
4.3483	3.25364e-08
4.3484	3.14316e-08
4.3485	4.05456e-08
4.3486	3.04895e-08
4.3487	2.96507e-08
4.3488	2.38356e-08
4.3489	2.77025e-08
4.349	4.1863e-08
4.3491	4.25099e-08
4.3492	3.89351e-08
4.3493	3.91695e-08
4.3494	3.52024e-08
4.3495	3.49557e-08
4.3496	4.00192e-08
4.3497	4.0729e-08
4.3498	3.11068e-08
4.3499	2.73263e-08
4.35	3.61643e-08
4.3501	3.16307e-08
4.3502	4.55532e-08
4.3503	3.14653e-08
4.3504	3.79938e-08
4.3505	3.85684e-08
4.3506	3.89499e-08
4.3507	2.57018e-08
4.3508	2.67536e-08
4.3509	3.19038e-08
4.351	3.40938e-08
4.3511	2.35667e-08
4.3512	2.10111e-08
4.3513	2.47043e-08
4.3514	2.41199e-08
4.3515	3.35928e-08
4.3516	3.87244e-08
4.3517	4.53911e-08
4.3518	3.2604e-08
4.3519	4.12698e-08
4.352	2.39492e-08
4.3521	2.98661e-08
4.3522	2.35882e-08
4.3523	3.47936e-08
4.3524	2.95209e-08
4.3525	3.35993e-08
4.3526	2.80813e-08
4.3527	2.87977e-08
4.3528	3.88597e-08
4.3529	2.66228e-08
4.353	3.26581e-08
4.3531	2.97241e-08
4.3532	2.95772e-08
4.3533	3.46414e-08
4.3534	2.0203e-08
4.3535	3.05061e-08
4.3536	3.22233e-08
4.3537	3.5844e-08
4.3538	3.07191e-08
4.3539	2.38623e-08
4.354	3.47871e-08
4.3541	3.3623e-08
4.3542	3.07823e-08
4.3543	2.31649e-08
4.3544	3.84441e-08
4.3545	2.07159e-08
4.3546	3.38704e-08
4.3547	3.29683e-08
4.3548	3.49418e-08
4.3549	4.10903e-08
4.355	2.58599e-08
4.3551	2.12841e-08
4.3552	2.59951e-08
4.3553	2.6978e-08
4.3554	2.66499e-08
4.3555	2.671e-08
4.3556	2.18497e-08
4.3557	2.32607e-08
4.3558	3.20557e-08
4.3559	3.8069e-08
4.356	2.34088e-08
4.3561	2.83975e-08
4.3562	4.15309e-08
4.3563	3.33392e-08
4.3564	4.28176e-08
4.3565	2.77481e-08
4.3566	2.32052e-08
4.3567	3.33502e-08
4.3568	2.58587e-08
4.3569	2.27556e-08
4.357	3.29365e-08
4.3571	2.6664e-08
4.3572	3.59854e-08
4.3573	3.2759e-08
4.3574	2.53739e-08
4.3575	2.8911e-08
4.3576	4.05636e-08
4.3577	2.72168e-08
4.3578	2.82924e-08
4.3579	2.2898e-08
4.358	3.18194e-08
4.3581	3.31589e-08
4.3582	2.22762e-08
4.3583	2.91954e-08
4.3584	2.63349e-08
4.3585	4.53563e-08
4.3586	3.57927e-08
4.3587	2.64968e-08
4.3588	2.82516e-08
4.3589	3.24572e-08
4.359	2.76322e-08
4.3591	3.24379e-08
4.3592	2.17049e-08
4.3593	2.92737e-08
4.3594	4.26329e-08
4.3595	3.78494e-08
4.3596	4.52754e-08
4.3597	3.35036e-08
4.3598	3.15897e-08
4.3599	2.50782e-08
4.36	2.90182e-08
4.3601	3.66335e-08
4.3602	3.45812e-08
4.3603	3.89527e-08
4.3604	2.30663e-08
4.3605	2.56499e-08
4.3606	3.15111e-08
4.3607	3.69345e-08
4.3608	3.7795e-08
4.3609	2.94844e-08
4.361	3.7634e-08
4.3611	3.31926e-08
4.3612	3.38168e-08
4.3613	2.85615e-08
4.3614	3.98546e-08
4.3615	2.94182e-08
4.3616	2.75321e-08
4.3617	2.59194e-08
4.3618	2.95678e-08
4.3619	3.7291e-08
4.362	3.03187e-08
4.3621	3.20347e-08
4.3622	3.57874e-08
4.3623	4.42921e-08
4.3624	3.42381e-08
4.3625	3.40229e-08
4.3626	3.77887e-08
4.3627	4.1494e-08
4.3628	2.85514e-08
4.3629	2.9924e-08
4.363	3.54691e-08
4.3631	3.56787e-08
4.3632	3.26485e-08
4.3633	2.78911e-08
4.3634	3.49522e-08
4.3635	2.39568e-08
4.3636	3.62142e-08
4.3637	3.80121e-08
4.3638	3.22086e-08
4.3639	3.81331e-08
4.364	2.42072e-08
4.3641	2.28789e-08
4.3642	3.15429e-08
4.3643	2.99535e-08
4.3644	3.50673e-08
4.3645	3.52642e-08
4.3646	3.2987e-08
4.3647	4.0516e-08
4.3648	4.10639e-08
4.3649	3.02663e-08
4.365	2.48307e-08
4.3651	3.85117e-08
4.3652	4.68925e-08
4.3653	4.38034e-08
4.3654	2.31577e-08
4.3655	3.10136e-08
4.3656	2.87966e-08
4.3657	2.61188e-08
4.3658	2.98113e-08
4.3659	4.27233e-08
4.366	2.97832e-08
4.3661	2.26937e-08
4.3662	2.51961e-08
4.3663	2.2852e-08
4.3664	3.1254e-08
4.3665	3.82102e-08
4.3666	3.097e-08
4.3667	3.74067e-08
4.3668	2.92186e-08
4.3669	4.35449e-08
4.367	3.09827e-08
4.3671	3.97003e-08
4.3672	3.28308e-08
4.3673	3.74259e-08
4.3674	3.97978e-08
4.3675	3.61738e-08
4.3676	4.78432e-08
4.3677	2.20784e-08
4.3678	2.65888e-08
4.3679	4.41529e-08
4.368	2.80054e-08
4.3681	3.16002e-08
4.3682	2.08169e-08
4.3683	2.00213e-08
4.3684	2.55325e-08
4.3685	3.17533e-08
4.3686	3.05184e-08
4.3687	2.28438e-08
4.3688	2.48724e-08
4.3689	4.23276e-08
4.369	4.36012e-08
4.3691	2.92894e-08
4.3692	3.49731e-08
4.3693	4.012e-08
4.3694	3.82652e-08
4.3695	3.98493e-08
4.3696	3.28822e-08
4.3697	4.66072e-08
4.3698	3.13899e-08
4.3699	3.62503e-08
4.37	3.82771e-08
4.3701	2.70003e-08
4.3702	4.07555e-08
4.3703	2.95207e-08
4.3704	2.55099e-08
4.3705	3.12236e-08
4.3706	2.65266e-08
4.3707	2.86433e-08
4.3708	2.29054e-08
4.3709	2.31031e-08
4.371	3.27678e-08
4.3711	2.37474e-08
4.3712	2.83171e-08
4.3713	4.01448e-08
4.3714	2.88308e-08
4.3715	3.70958e-08
4.3716	4.12502e-08
4.3717	4.64592e-08
4.3718	3.47328e-08
4.3719	3.06316e-08
4.372	3.32463e-08
4.3721	3.05485e-08
4.3722	3.3192e-08
4.3723	3.12146e-08
4.3724	2.56563e-08
4.3725	2.17029e-08
4.3726	3.08914e-08
4.3727	3.06643e-08
4.3728	3.7935e-08
4.3729	2.60777e-08
4.373	2.6502e-08
4.3731	3.48301e-08
4.3732	2.16937e-08
4.3733	2.7952e-08
4.3734	3.20064e-08
4.3735	3.25132e-08
4.3736	3.79673e-08
4.3737	3.24139e-08
4.3738	3.60133e-08
4.3739	3.4056e-08
4.374	3.36536e-08
4.3741	2.97966e-08
4.3742	3.85751e-08
4.3743	4.22459e-08
4.3744	3.55355e-08
4.3745	3.5262e-08
4.3746	3.036e-08
4.3747	2.49216e-08
4.3748	2.5658e-08
4.3749	2.65824e-08
4.375	3.23456e-08
4.3751	3.58921e-08
4.3752	2.82331e-08
4.3753	3.44234e-08
4.3754	3.12818e-08
4.3755	3.35308e-08
4.3756	3.67175e-08
4.3757	2.54387e-08
4.3758	4.00763e-08
4.3759	3.15534e-08
4.376	3.15755e-08
4.3761	2.14495e-08
4.3762	3.33835e-08
4.3763	3.92114e-08
4.3764	4.02279e-08
4.3765	3.92767e-08
4.3766	2.90911e-08
4.3767	2.91998e-08
4.3768	3.25507e-08
4.3769	2.35786e-08
4.377	3.08955e-08
4.3771	4.21857e-08
4.3772	3.95276e-08
4.3773	2.65941e-08
4.3774	3.60227e-08
4.3775	3.00064e-08
4.3776	3.1195e-08
4.3777	3.40352e-08
4.3778	2.42042e-08
4.3779	2.31694e-08
4.378	3.18137e-08
4.3781	3.89412e-08
4.3782	4.1962e-08
4.3783	2.81593e-08
4.3784	2.90903e-08
4.3785	3.76862e-08
4.3786	4.36531e-08
4.3787	3.66919e-08
4.3788	2.44438e-08
4.3789	3.27728e-08
4.379	3.53556e-08
4.3791	3.05843e-08
4.3792	2.63639e-08
4.3793	3.78661e-08
4.3794	2.69086e-08
4.3795	3.23898e-08
4.3796	3.30788e-08
4.3797	2.9725e-08
4.3798	3.40842e-08
4.3799	3.26627e-08
4.38	2.13241e-08
4.3801	2.75343e-08
4.3802	3.77983e-08
4.3803	2.61593e-08
4.3804	2.93652e-08
4.3805	3.22144e-08
4.3806	3.32453e-08
4.3807	4.15128e-08
4.3808	3.60686e-08
4.3809	3.9866e-08
4.381	2.35847e-08
4.3811	2.45258e-08
4.3812	3.08665e-08
4.3813	4.34804e-08
4.3814	3.87408e-08
4.3815	3.34634e-08
4.3816	2.95797e-08
4.3817	3.371e-08
4.3818	2.99772e-08
4.3819	3.94109e-08
4.382	5.52023e-08
4.3821	2.70914e-08
4.3822	2.31801e-08
4.3823	3.02247e-08
4.3824	2.20264e-08
4.3825	2.74334e-08
4.3826	3.49761e-08
4.3827	4.27118e-08
4.3828	3.93103e-08
4.3829	3.32649e-08
4.383	4.35626e-08
4.3831	3.75916e-08
4.3832	3.90415e-08
4.3833	2.58267e-08
4.3834	2.73437e-08
4.3835	2.96655e-08
4.3836	3.37857e-08
4.3837	3.42367e-08
4.3838	3.33089e-08
4.3839	2.77015e-08
4.384	3.17959e-08
4.3841	2.56274e-08
4.3842	4.09963e-08
4.3843	2.58032e-08
4.3844	3.01919e-08
4.3845	2.77331e-08
4.3846	2.63443e-08
4.3847	3.38132e-08
4.3848	3.82966e-08
4.3849	3.87162e-08
4.385	4.96294e-08
4.3851	3.18294e-08
4.3852	3.56911e-08
4.3853	3.5341e-08
4.3854	3.28434e-08
4.3855	3.7232e-08
4.3856	2.63054e-08
4.3857	4.23538e-08
4.3858	3.35905e-08
4.3859	3.30218e-08
4.386	2.99726e-08
4.3861	3.04836e-08
4.3862	2.98637e-08
4.3863	4.19394e-08
4.3864	2.8355e-08
4.3865	2.53332e-08
4.3866	2.80666e-08
4.3867	3.19496e-08
4.3868	2.41499e-08
4.3869	2.20208e-08
4.387	2.73534e-08
4.3871	2.72762e-08
4.3872	3.16526e-08
4.3873	3.65904e-08
4.3874	4.14324e-08
4.3875	4.15168e-08
4.3876	3.923e-08
4.3877	2.39971e-08
4.3878	3.19842e-08
4.3879	2.75285e-08
4.388	3.59497e-08
4.3881	2.95774e-08
4.3882	2.93342e-08
4.3883	2.99917e-08
4.3884	2.66554e-08
4.3885	3.8469e-08
4.3886	1.84943e-08
4.3887	3.03143e-08
4.3888	2.96922e-08
4.3889	2.98759e-08
4.389	2.72054e-08
4.3891	2.14731e-08
4.3892	2.97212e-08
4.3893	3.0792e-08
4.3894	3.56658e-08
4.3895	3.28411e-08
4.3896	2.94673e-08
4.3897	3.81962e-08
4.3898	2.97805e-08
4.3899	3.02824e-08
4.39	2.33358e-08
4.3901	3.38267e-08
4.3902	2.38936e-08
4.3903	3.56174e-08
4.3904	3.0165e-08
4.3905	3.12347e-08
4.3906	3.95859e-08
4.3907	2.69389e-08
4.3908	2.37472e-08
4.3909	2.39722e-08
4.391	2.75439e-08
4.3911	2.38735e-08
4.3912	2.82573e-08
4.3913	1.85747e-08
4.3914	2.36325e-08
4.3915	3.05741e-08
4.3916	3.8609e-08
4.3917	2.53661e-08
4.3918	2.73721e-08
4.3919	4.40847e-08
4.392	3.32028e-08
4.3921	3.82363e-08
4.3922	2.34968e-08
4.3923	2.77633e-08
4.3924	3.06263e-08
4.3925	2.52518e-08
4.3926	2.14705e-08
4.3927	4.36761e-08
4.3928	2.59895e-08
4.3929	3.7025e-08
4.393	2.87267e-08
4.3931	2.87229e-08
4.3932	2.92642e-08
4.3933	3.21395e-08
4.3934	2.22835e-08
4.3935	3.06415e-08
4.3936	2.31684e-08
4.3937	3.05618e-08
4.3938	3.44138e-08
4.3939	2.18475e-08
4.394	3.31726e-08
4.3941	2.57239e-08
4.3942	3.67607e-08
4.3943	3.08758e-08
4.3944	2.18077e-08
4.3945	2.97331e-08
4.3946	3.19934e-08
4.3947	3.29877e-08
4.3948	2.86016e-08
4.3949	2.40716e-08
4.395	2.82354e-08
4.3951	3.86609e-08
4.3952	3.9239e-08
4.3953	3.58345e-08
4.3954	2.58347e-08
4.3955	2.76953e-08
4.3956	3.06253e-08
4.3957	2.19796e-08
4.3958	4.12721e-08
4.3959	3.44992e-08
4.396	3.60741e-08
4.3961	2.64843e-08
4.3962	2.43649e-08
4.3963	3.16744e-08
4.3964	3.06702e-08
4.3965	4.17603e-08
4.3966	2.97753e-08
4.3967	2.86066e-08
4.3968	3.6654e-08
4.3969	3.45953e-08
4.397	3.49542e-08
4.3971	3.79959e-08
4.3972	2.64498e-08
4.3973	3.1926e-08
4.3974	2.74361e-08
4.3975	2.97157e-08
4.3976	3.14559e-08
4.3977	4.05815e-08
4.3978	3.21494e-08
4.3979	3.50519e-08
4.398	3.45638e-08
4.3981	4.00551e-08
4.3982	3.67966e-08
4.3983	4.01544e-08
4.3984	3.87172e-08
4.3985	3.01076e-08
4.3986	3.15277e-08
4.3987	3.00966e-08
4.3988	3.59593e-08
4.3989	3.87575e-08
4.399	2.50202e-08
4.3991	3.24873e-08
4.3992	3.02373e-08
4.3993	3.20897e-08
4.3994	3.6372e-08
4.3995	3.4509e-08
4.3996	3.04749e-08
4.3997	3.19358e-08
4.3998	2.33071e-08
4.3999	3.19461e-08
4.4	2.86564e-08
4.4001	3.2188e-08
4.4002	3.69891e-08
4.4003	3.44655e-08
4.4004	4.54622e-08
4.4005	4.40091e-08
4.4006	3.26454e-08
4.4007	2.60216e-08
4.4008	3.5573e-08
4.4009	4.77221e-08
4.401	4.09605e-08
4.4011	2.58714e-08
4.4012	3.27627e-08
4.4013	2.68734e-08
4.4014	2.5206e-08
4.4015	2.87381e-08
4.4016	2.79055e-08
4.4017	2.49885e-08
4.4018	2.58327e-08
4.4019	2.16912e-08
4.402	1.95644e-08
4.4021	3.28178e-08
4.4022	3.50604e-08
4.4023	3.33652e-08
4.4024	3.21802e-08
4.4025	2.83235e-08
4.4026	4.44989e-08
4.4027	2.91142e-08
4.4028	4.84972e-08
4.4029	3.51554e-08
4.403	5.24448e-08
4.4031	2.87282e-08
4.4032	3.68161e-08
4.4033	4.26073e-08
4.4034	2.58944e-08
4.4035	3.02481e-08
4.4036	4.03599e-08
4.4037	2.86891e-08
4.4038	3.33588e-08
4.4039	2.67542e-08
4.404	2.37975e-08
4.4041	2.84708e-08
4.4042	2.64292e-08
4.4043	3.10005e-08
4.4044	2.34855e-08
4.4045	2.56903e-08
4.4046	4.3297e-08
4.4047	3.81739e-08
4.4048	3.74636e-08
4.4049	3.15339e-08
4.405	3.76405e-08
4.4051	4.09036e-08
4.4052	3.6496e-08
4.4053	3.98026e-08
4.4054	3.91649e-08
4.4055	4.05739e-08
4.4056	3.03301e-08
4.4057	2.85541e-08
4.4058	2.9408e-08
4.4059	3.86786e-08
4.406	3.13397e-08
4.4061	2.63104e-08
4.4062	2.78789e-08
4.4063	2.49682e-08
4.4064	3.17478e-08
4.4065	2.63537e-08
4.4066	1.89511e-08
4.4067	2.34802e-08
4.4068	3.59669e-08
4.4069	3.7994e-08
4.407	3.79189e-08
4.4071	3.42411e-08
4.4072	4.01083e-08
4.4073	4.53937e-08
4.4074	4.64349e-08
4.4075	2.99248e-08
4.4076	4.51208e-08
4.4077	3.33306e-08
4.4078	3.02152e-08
4.4079	3.53994e-08
4.408	3.27905e-08
4.4081	3.08453e-08
4.4082	2.17379e-08
4.4083	3.16943e-08
4.4084	3.1306e-08
4.4085	3.93781e-08
4.4086	2.48861e-08
4.4087	3.05163e-08
4.4088	3.39168e-08
4.4089	1.99298e-08
4.409	2.75622e-08
4.4091	3.51136e-08
4.4092	3.2819e-08
4.4093	3.64521e-08
4.4094	3.23291e-08
4.4095	4.59099e-08
4.4096	3.24129e-08
4.4097	3.80372e-08
4.4098	2.70675e-08
4.4099	3.38558e-08
4.41	3.82124e-08
4.4101	3.54764e-08
4.4102	3.75635e-08
4.4103	3.94824e-08
4.4104	2.22166e-08
4.4105	3.08725e-08
4.4106	3.13188e-08
4.4107	3.33087e-08
4.4108	3.26753e-08
4.4109	2.53248e-08
4.411	3.32047e-08
4.4111	3.27647e-08
4.4112	3.0501e-08
4.4113	4.27834e-08
4.4114	2.69212e-08
4.4115	3.30812e-08
4.4116	3.09142e-08
4.4117	3.45766e-08
4.4118	2.91769e-08
4.4119	3.3527e-08
4.412	3.4001e-08
4.4121	3.41361e-08
4.4122	3.65878e-08
4.4123	3.08385e-08
4.4124	2.93616e-08
4.4125	3.1467e-08
4.4126	2.30672e-08
4.4127	3.35513e-08
4.4128	3.94907e-08
4.4129	3.88683e-08
4.413	2.4718e-08
4.4131	3.61553e-08
4.4132	3.61503e-08
4.4133	4.64577e-08
4.4134	2.63214e-08
4.4135	2.2628e-08
4.4136	2.37755e-08
4.4137	2.75307e-08
4.4138	4.39404e-08
4.4139	4.09016e-08
4.414	3.23372e-08
4.4141	2.9878e-08
4.4142	3.82396e-08
4.4143	4.26168e-08
4.4144	4.06134e-08
4.4145	2.51497e-08
4.4146	2.96077e-08
4.4147	3.38675e-08
4.4148	2.95307e-08
4.4149	2.96578e-08
4.415	3.49647e-08
4.4151	3.05707e-08
4.4152	3.0205e-08
4.4153	2.55923e-08
4.4154	3.87338e-08
4.4155	3.37753e-08
4.4156	3.17571e-08
4.4157	2.02558e-08
4.4158	3.24992e-08
4.4159	3.65102e-08
4.416	2.97141e-08
4.4161	2.9015e-08
4.4162	3.65382e-08
4.4163	3.36348e-08
4.4164	3.21575e-08
4.4165	2.3142e-08
4.4166	3.76534e-08
4.4167	2.76987e-08
4.4168	2.68177e-08
4.4169	3.25898e-08
4.417	3.19514e-08
4.4171	3.10095e-08
4.4172	3.42995e-08
4.4173	2.91867e-08
4.4174	3.6641e-08
4.4175	3.11312e-08
4.4176	4.01565e-08
4.4177	4.60388e-08
4.4178	2.83407e-08
4.4179	3.37013e-08
4.418	3.3797e-08
4.4181	2.93698e-08
4.4182	2.87945e-08
4.4183	3.25317e-08
4.4184	4.15656e-08
4.4185	3.42135e-08
4.4186	3.20131e-08
4.4187	4.00493e-08
4.4188	3.55799e-08
4.4189	4.07381e-08
4.419	2.61886e-08
4.4191	2.75009e-08
4.4192	2.76738e-08
4.4193	3.44655e-08
4.4194	3.59128e-08
4.4195	3.58882e-08
4.4196	2.17677e-08
4.4197	3.43782e-08
4.4198	2.86595e-08
4.4199	4.00456e-08
4.42	2.51344e-08
4.4201	3.23599e-08
4.4202	3.07656e-08
4.4203	2.53186e-08
4.4204	3.97809e-08
4.4205	3.99273e-08
4.4206	4.38281e-08
4.4207	3.58146e-08
4.4208	3.03671e-08
4.4209	3.9729e-08
4.421	4.22906e-08
4.4211	3.8316e-08
4.4212	3.39784e-08
4.4213	2.79601e-08
4.4214	3.93972e-08
4.4215	4.10947e-08
4.4216	3.03389e-08
4.4217	2.84918e-08
4.4218	3.46716e-08
4.4219	3.67465e-08
4.422	3.86368e-08
4.4221	2.84365e-08
4.4222	2.88185e-08
4.4223	2.82761e-08
4.4224	3.09208e-08
4.4225	2.37626e-08
4.4226	2.09735e-08
4.4227	3.22186e-08
4.4228	3.57283e-08
4.4229	3.52816e-08
4.423	2.74028e-08
4.4231	4.06256e-08
4.4232	3.75881e-08
4.4233	3.73447e-08
4.4234	2.54827e-08
4.4235	2.97779e-08
4.4236	3.21279e-08
4.4237	2.83752e-08
4.4238	2.94317e-08
4.4239	2.39395e-08
4.424	3.09925e-08
4.4241	2.62781e-08
4.4242	4.15216e-08
4.4243	2.36275e-08
4.4244	3.08217e-08
4.4245	3.33097e-08
4.4246	3.0899e-08
4.4247	2.45914e-08
4.4248	2.6815e-08
4.4249	2.73319e-08
4.425	3.01899e-08
4.4251	3.78629e-08
4.4252	3.66684e-08
4.4253	3.22557e-08
4.4254	3.86044e-08
4.4255	3.4902e-08
4.4256	2.3186e-08
4.4257	2.38596e-08
4.4258	3.0196e-08
4.4259	2.90372e-08
4.426	3.20364e-08
4.4261	3.10797e-08
4.4262	3.13178e-08
4.4263	3.70353e-08
4.4264	2.57693e-08
4.4265	2.60401e-08
4.4266	2.68964e-08
4.4267	2.583e-08
4.4268	2.72863e-08
4.4269	3.4379e-08
4.427	2.16926e-08
4.4271	2.37333e-08
4.4272	2.67329e-08
4.4273	3.33382e-08
4.4274	2.48507e-08
4.4275	3.76072e-08
4.4276	4.19866e-08
4.4277	3.1841e-08
4.4278	3.0367e-08
4.4279	2.37951e-08
4.428	2.76722e-08
4.4281	2.91436e-08
4.4282	2.71387e-08
4.4283	2.41027e-08
4.4284	4.13132e-08
4.4285	2.99201e-08
4.4286	3.35084e-08
4.4287	2.87724e-08
4.4288	2.17601e-08
4.4289	4.22019e-08
4.429	2.62897e-08
4.4291	2.79956e-08
4.4292	2.36355e-08
4.4293	2.54194e-08
4.4294	2.56463e-08
4.4295	3.42956e-08
4.4296	2.63979e-08
4.4297	2.93105e-08
4.4298	2.87665e-08
4.4299	4.42811e-08
4.43	3.68262e-08
4.4301	2.62239e-08
4.4302	3.28005e-08
4.4303	2.7172e-08
4.4304	2.66695e-08
4.4305	3.413e-08
4.4306	2.66801e-08
4.4307	2.57748e-08
4.4308	3.67589e-08
4.4309	3.4351e-08
4.431	3.89504e-08
4.4311	3.23381e-08
4.4312	2.82649e-08
4.4313	3.13682e-08
4.4314	3.87523e-08
4.4315	3.0097e-08
4.4316	4.18944e-08
4.4317	2.46252e-08
4.4318	2.74867e-08
4.4319	2.49919e-08
4.432	3.16047e-08
4.4321	3.51839e-08
4.4322	3.99574e-08
4.4323	2.67594e-08
4.4324	3.68244e-08
4.4325	2.85597e-08
4.4326	2.7212e-08
4.4327	3.91768e-08
4.4328	2.8529e-08
4.4329	2.69971e-08
4.433	2.94389e-08
4.4331	2.49633e-08
4.4332	2.75451e-08
4.4333	3.97872e-08
4.4334	3.51383e-08
4.4335	3.50848e-08
4.4336	4.10469e-08
4.4337	4.28337e-08
4.4338	3.90123e-08
4.4339	2.93622e-08
4.434	3.49172e-08
4.4341	3.61962e-08
4.4342	3.63703e-08
4.4343	4.227e-08
4.4344	2.91669e-08
4.4345	3.24447e-08
4.4346	3.53338e-08
4.4347	2.82465e-08
4.4348	2.89769e-08
4.4349	2.67756e-08
4.435	3.36757e-08
4.4351	3.12325e-08
4.4352	3.65453e-08
4.4353	3.00566e-08
4.4354	2.35323e-08
4.4355	2.34386e-08
4.4356	3.29679e-08
4.4357	3.17407e-08
4.4358	3.08215e-08
4.4359	2.35325e-08
4.436	3.55534e-08
4.4361	4.18842e-08
4.4362	4.42262e-08
4.4363	3.30142e-08
4.4364	3.81058e-08
4.4365	4.55267e-08
4.4366	3.21425e-08
4.4367	4.69442e-08
4.4368	2.52088e-08
4.4369	3.38524e-08
4.437	3.0177e-08
4.4371	2.58769e-08
4.4372	3.29579e-08
4.4373	3.60751e-08
4.4374	3.93844e-08
4.4375	2.49932e-08
4.4376	2.06092e-08
4.4377	2.37174e-08
4.4378	2.9885e-08
4.4379	4.24769e-08
4.438	3.3533e-08
4.4381	3.30715e-08
4.4382	3.04282e-08
4.4383	3.65581e-08
4.4384	2.88531e-08
4.4385	3.4574e-08
4.4386	3.19335e-08
4.4387	4.59602e-08
4.4388	3.48882e-08
4.4389	4.27171e-08
4.439	3.39927e-08
4.4391	2.73862e-08
4.4392	3.17353e-08
4.4393	3.29135e-08
4.4394	3.04059e-08
4.4395	2.8458e-08
4.4396	2.08689e-08
4.4397	2.43013e-08
4.4398	2.34558e-08
4.4399	2.38108e-08
4.44	3.31436e-08
4.4401	2.20886e-08
4.4402	2.50588e-08
4.4403	3.37331e-08
4.4404	3.69878e-08
4.4405	3.59138e-08
4.4406	3.16757e-08
4.4407	4.64183e-08
4.4408	3.33345e-08
4.4409	4.67761e-08
4.441	3.44357e-08
4.4411	3.55079e-08
4.4412	3.59274e-08
4.4413	3.48067e-08
4.4414	3.20048e-08
4.4415	3.04558e-08
4.4416	3.50715e-08
4.4417	2.98205e-08
4.4418	2.44844e-08
4.4419	2.61303e-08
4.442	2.64317e-08
4.4421	3.02515e-08
4.4422	2.60611e-08
4.4423	1.91031e-08
4.4424	3.13624e-08
4.4425	2.53504e-08
4.4426	3.07736e-08
4.4427	3.59224e-08
4.4428	3.38956e-08
4.4429	3.86666e-08
4.443	4.82826e-08
4.4431	4.72089e-08
4.4432	2.79319e-08
4.4433	3.64763e-08
4.4434	4.1461e-08
4.4435	4.09131e-08
4.4436	2.82412e-08
4.4437	3.06772e-08
4.4438	2.96526e-08
4.4439	2.41621e-08
4.444	2.92279e-08
4.4441	3.31931e-08
4.4442	3.96247e-08
4.4443	2.08646e-08
4.4444	2.58406e-08
4.4445	3.22525e-08
4.4446	1.98936e-08
4.4447	2.33345e-08
4.4448	3.67409e-08
4.4449	2.5522e-08
4.445	4.14998e-08
4.4451	2.7607e-08
4.4452	2.96459e-08
4.4453	2.7669e-08
4.4454	4.10493e-08
4.4455	3.25976e-08
4.4456	2.88731e-08
4.4457	3.2899e-08
4.4458	3.55615e-08
4.4459	4.21201e-08
4.446	2.64282e-08
4.4461	2.65438e-08
4.4462	3.42913e-08
4.4463	3.06618e-08
4.4464	3.02599e-08
4.4465	3.36724e-08
4.4466	3.31871e-08
4.4467	3.71043e-08
4.4468	3.11954e-08
4.4469	3.67342e-08
4.447	3.21223e-08
4.4471	3.58658e-08
4.4472	3.76245e-08
4.4473	3.96175e-08
4.4474	3.12553e-08
4.4475	4.06921e-08
4.4476	2.86473e-08
4.4477	3.71434e-08
4.4478	3.79328e-08
4.4479	3.16142e-08
4.448	2.97692e-08
4.4481	2.63629e-08
4.4482	3.71773e-08
4.4483	2.97154e-08
4.4484	3.37226e-08
4.4485	3.61188e-08
4.4486	3.86815e-08
4.4487	2.8419e-08
4.4488	3.0779e-08
4.4489	3.52068e-08
4.449	3.43954e-08
4.4491	3.58691e-08
4.4492	2.327e-08
4.4493	3.33494e-08
4.4494	3.84276e-08
4.4495	4.36143e-08
4.4496	4.05146e-08
4.4497	2.93441e-08
4.4498	3.49478e-08
4.4499	4.00893e-08
4.45	4.11709e-08
4.4501	4.63813e-08
4.4502	2.60519e-08
4.4503	3.00977e-08
4.4504	3.50053e-08
4.4505	2.63871e-08
4.4506	2.87992e-08
4.4507	3.05544e-08
4.4508	2.99852e-08
4.4509	3.33572e-08
4.451	2.91988e-08
4.4511	3.09918e-08
4.4512	3.66543e-08
4.4513	3.2451e-08
4.4514	2.78428e-08
4.4515	3.21471e-08
4.4516	2.61998e-08
4.4517	2.93404e-08
4.4518	2.7558e-08
4.4519	3.25119e-08
4.452	3.01325e-08
4.4521	3.90792e-08
4.4522	2.47355e-08
4.4523	4.25314e-08
4.4524	2.6689e-08
4.4525	2.69702e-08
4.4526	3.757e-08
4.4527	4.69802e-08
4.4528	4.69145e-08
4.4529	3.87532e-08
4.453	4.14331e-08
4.4531	3.67565e-08
4.4532	3.36179e-08
4.4533	3.76921e-08
4.4534	4.17613e-08
4.4535	3.01713e-08
4.4536	3.57361e-08
4.4537	2.52132e-08
4.4538	2.31922e-08
4.4539	2.67605e-08
4.454	2.70695e-08
4.4541	4.76328e-08
4.4542	3.97238e-08
4.4543	3.61645e-08
4.4544	3.7903e-08
4.4545	4.81843e-08
4.4546	2.98686e-08
4.4547	2.60733e-08
4.4548	3.26765e-08
4.4549	3.41581e-08
4.455	3.54763e-08
4.4551	3.6715e-08
4.4552	4.05426e-08
4.4553	3.32078e-08
4.4554	3.75909e-08
4.4555	4.11243e-08
4.4556	2.79599e-08
4.4557	2.71969e-08
4.4558	4.18533e-08
4.4559	2.65891e-08
4.456	2.56417e-08
4.4561	3.70124e-08
4.4562	3.58907e-08
4.4563	3.96369e-08
4.4564	4.03666e-08
4.4565	4.1204e-08
4.4566	3.78192e-08
4.4567	3.74846e-08
4.4568	2.9271e-08
4.4569	3.23249e-08
4.457	2.84865e-08
4.4571	3.43684e-08
4.4572	3.97488e-08
4.4573	2.74847e-08
4.4574	2.9813e-08
4.4575	3.49462e-08
4.4576	3.4978e-08
4.4577	3.23021e-08
4.4578	2.61364e-08
4.4579	3.30729e-08
4.458	3.66363e-08
4.4581	2.8255e-08
4.4582	2.63175e-08
4.4583	2.21939e-08
4.4584	2.9329e-08
4.4585	3.25498e-08
4.4586	3.54346e-08
4.4587	2.91276e-08
4.4588	3.78653e-08
4.4589	3.73988e-08
4.459	3.56012e-08
4.4591	2.75138e-08
4.4592	3.1326e-08
4.4593	3.3011e-08
4.4594	2.72204e-08
4.4595	2.84719e-08
4.4596	2.43197e-08
4.4597	3.27276e-08
4.4598	3.49326e-08
4.4599	2.86656e-08
4.46	3.25495e-08
4.4601	2.62252e-08
4.4602	3.00153e-08
4.4603	3.44459e-08
4.4604	2.6128e-08
4.4605	2.68379e-08
4.4606	3.7331e-08
4.4607	2.35446e-08
4.4608	3.14295e-08
4.4609	3.62162e-08
4.461	2.8162e-08
4.4611	4.00173e-08
4.4612	3.28315e-08
4.4613	2.67632e-08
4.4614	2.84791e-08
4.4615	2.92619e-08
4.4616	2.67229e-08
4.4617	3.82985e-08
4.4618	3.70366e-08
4.4619	4.24298e-08
4.462	3.44879e-08
4.4621	2.22289e-08
4.4622	1.97576e-08
4.4623	2.23939e-08
4.4624	3.04121e-08
4.4625	2.02838e-08
4.4626	2.43927e-08
4.4627	2.08098e-08
4.4628	2.79357e-08
4.4629	2.75007e-08
4.463	2.71871e-08
4.4631	2.75632e-08
4.4632	3.16992e-08
4.4633	3.6942e-08
4.4634	3.64187e-08
4.4635	3.24804e-08
4.4636	2.34268e-08
4.4637	3.11712e-08
4.4638	2.9939e-08
4.4639	3.29548e-08
4.464	4.33161e-08
4.4641	2.98412e-08
4.4642	2.91787e-08
4.4643	2.9372e-08
4.4644	3.21487e-08
4.4645	2.45434e-08
4.4646	4.41137e-08
4.4647	2.75677e-08
4.4648	2.52125e-08
4.4649	2.6162e-08
4.465	3.23042e-08
4.4651	2.61299e-08
4.4652	2.88797e-08
4.4653	3.2152e-08
4.4654	3.46406e-08
4.4655	4.43887e-08
4.4656	2.71197e-08
4.4657	3.88909e-08
4.4658	2.9764e-08
4.4659	2.34285e-08
4.466	3.31166e-08
4.4661	3.42872e-08
4.4662	2.44379e-08
4.4663	2.87295e-08
4.4664	3.7801e-08
4.4665	3.91609e-08
4.4666	2.60016e-08
4.4667	3.46112e-08
4.4668	3.11119e-08
4.4669	3.36747e-08
4.467	2.49839e-08
4.4671	3.78301e-08
4.4672	3.17498e-08
4.4673	3.56104e-08
4.4674	2.40903e-08
4.4675	3.1982e-08
4.4676	2.53647e-08
4.4677	3.06173e-08
4.4678	2.99131e-08
4.4679	4.12376e-08
4.468	3.00728e-08
4.4681	3.08135e-08
4.4682	3.11841e-08
4.4683	2.614e-08
4.4684	3.58059e-08
4.4685	3.13399e-08
4.4686	2.89072e-08
4.4687	2.77517e-08
4.4688	2.88344e-08
4.4689	3.12856e-08
4.469	3.1088e-08
4.4691	3.83293e-08
4.4692	3.95203e-08
4.4693	4.20743e-08
4.4694	4.53425e-08
4.4695	3.42493e-08
4.4696	2.84281e-08
4.4697	2.76141e-08
4.4698	3.53675e-08
4.4699	3.64883e-08
4.47	3.18026e-08
4.4701	3.2544e-08
4.4702	3.15976e-08
4.4703	3.12876e-08
4.4704	2.39039e-08
4.4705	2.93714e-08
4.4706	2.21134e-08
4.4707	3.07013e-08
4.4708	3.52463e-08
4.4709	3.88135e-08
4.471	2.69753e-08
4.4711	2.12938e-08
4.4712	2.21653e-08
4.4713	3.15248e-08
4.4714	3.72416e-08
4.4715	3.88826e-08
4.4716	2.21543e-08
4.4717	4.40741e-08
4.4718	4.46864e-08
4.4719	4.61406e-08
4.472	2.63869e-08
4.4721	4.05885e-08
4.4722	4.62343e-08
4.4723	2.90112e-08
4.4724	4.06441e-08
4.4725	2.35533e-08
4.4726	3.39431e-08
4.4727	3.30962e-08
4.4728	2.7377e-08
4.4729	3.31232e-08
4.473	3.52845e-08
4.4731	3.29955e-08
4.4732	2.07071e-08
4.4733	1.9561e-08
4.4734	3.14151e-08
4.4735	3.64044e-08
4.4736	3.77281e-08
4.4737	2.44836e-08
4.4738	3.3917e-08
4.4739	3.28746e-08
4.474	3.66102e-08
4.4741	3.66595e-08
4.4742	3.75167e-08
4.4743	3.8925e-08
4.4744	4.19583e-08
4.4745	4.17366e-08
4.4746	4.11382e-08
4.4747	3.20279e-08
4.4748	2.4163e-08
4.4749	4.13182e-08
4.475	3.73556e-08
4.4751	3.27095e-08
4.4752	2.29238e-08
4.4753	1.91135e-08
4.4754	2.82719e-08
4.4755	3.02664e-08
4.4756	2.64927e-08
4.4757	3.16329e-08
4.4758	2.20307e-08
4.4759	2.44241e-08
4.476	4.35439e-08
4.4761	4.21965e-08
4.4762	3.5133e-08
4.4763	3.96408e-08
4.4764	4.01605e-08
4.4765	3.7744e-08
4.4766	4.60782e-08
4.4767	2.58797e-08
4.4768	3.62849e-08
4.4769	3.42748e-08
4.477	3.68635e-08
4.4771	3.37442e-08
4.4772	3.27479e-08
4.4773	2.87297e-08
4.4774	2.58207e-08
4.4775	2.76367e-08
4.4776	2.82302e-08
4.4777	2.77672e-08
4.4778	2.6022e-08
4.4779	2.08283e-08
4.478	1.77694e-08
4.4781	3.39276e-08
4.4782	3.39565e-08
4.4783	4.12754e-08
4.4784	3.69771e-08
4.4785	3.04004e-08
4.4786	4.41173e-08
4.4787	5.42249e-08
4.4788	3.2533e-08
4.4789	3.03994e-08
4.479	3.5679e-08
4.4791	2.84432e-08
4.4792	3.80967e-08
4.4793	3.01765e-08
4.4794	2.84263e-08
4.4795	2.64853e-08
4.4796	3.34512e-08
4.4797	2.47958e-08
4.4798	3.94999e-08
4.4799	3.88212e-08
4.48	2.69889e-08
4.4801	2.2262e-08
4.4802	2.83371e-08
4.4803	2.9653e-08
4.4804	2.92232e-08
4.4805	2.89617e-08
4.4806	2.67154e-08
4.4807	3.9331e-08
4.4808	4.20511e-08
4.4809	3.08826e-08
4.481	3.29315e-08
4.4811	3.31601e-08
4.4812	3.78904e-08
4.4813	3.29908e-08
4.4814	3.39072e-08
4.4815	3.70404e-08
4.4816	3.66035e-08
4.4817	3.77127e-08
4.4818	2.56563e-08
4.4819	3.61944e-08
4.482	3.32685e-08
4.4821	2.90667e-08
4.4822	2.43637e-08
4.4823	3.5029e-08
4.4824	4.05312e-08
4.4825	3.56373e-08
4.4826	3.74131e-08
4.4827	2.95661e-08
4.4828	2.9635e-08
4.4829	2.87004e-08
4.483	3.80656e-08
4.4831	3.16088e-08
4.4832	3.44983e-08
4.4833	3.46678e-08
4.4834	3.69658e-08
4.4835	3.79055e-08
4.4836	3.45565e-08
4.4837	2.89095e-08
4.4838	2.52731e-08
4.4839	2.73731e-08
4.484	3.24414e-08
4.4841	2.97043e-08
4.4842	3.81263e-08
4.4843	3.22584e-08
4.4844	3.36089e-08
4.4845	3.357e-08
4.4846	2.29713e-08
4.4847	3.76465e-08
4.4848	3.56682e-08
4.4849	2.3165e-08
4.485	3.86587e-08
4.4851	3.9821e-08
4.4852	3.90876e-08
4.4853	3.12009e-08
4.4854	3.12853e-08
4.4855	3.9995e-08
4.4856	3.65801e-08
4.4857	3.74984e-08
4.4858	3.67118e-08
4.4859	2.45759e-08
4.486	2.76805e-08
4.4861	3.90959e-08
4.4862	2.41234e-08
4.4863	3.25621e-08
4.4864	3.75196e-08
4.4865	3.40348e-08
4.4866	3.3438e-08
4.4867	2.8734e-08
4.4868	3.07001e-08
4.4869	3.17101e-08
4.487	3.43224e-08
4.4871	3.17658e-08
4.4872	4.17716e-08
4.4873	3.57788e-08
4.4874	3.37236e-08
4.4875	2.89175e-08
4.4876	3.59536e-08
4.4877	4.09747e-08
4.4878	3.17631e-08
4.4879	3.22476e-08
4.488	3.86852e-08
4.4881	3.29808e-08
4.4882	3.38087e-08
4.4883	2.41115e-08
4.4884	2.81672e-08
4.4885	4.2008e-08
4.4886	3.66872e-08
4.4887	4.18587e-08
4.4888	2.94807e-08
4.4889	4.13286e-08
4.489	4.99255e-08
4.4891	3.48201e-08
4.4892	2.82641e-08
4.4893	2.63151e-08
4.4894	2.38206e-08
4.4895	3.461e-08
4.4896	3.63689e-08
4.4897	4.04853e-08
4.4898	3.3547e-08
4.4899	3.71281e-08
4.49	4.46941e-08
4.4901	4.15384e-08
4.4902	4.53832e-08
4.4903	3.56656e-08
4.4904	2.34474e-08
4.4905	2.80456e-08
4.4906	3.46343e-08
4.4907	3.08816e-08
4.4908	3.67755e-08
4.4909	3.70769e-08
4.491	2.4906e-08
4.4911	3.264e-08
4.4912	3.26446e-08
4.4913	3.24547e-08
4.4914	2.77231e-08
4.4915	2.76897e-08
4.4916	3.40115e-08
4.4917	3.17201e-08
4.4918	4.56609e-08
4.4919	4.21736e-08
4.492	4.19977e-08
4.4921	3.95411e-08
4.4922	4.70809e-08
4.4923	3.83199e-08
4.4924	4.15161e-08
4.4925	2.13048e-08
4.4926	3.32446e-08
4.4927	3.78378e-08
4.4928	3.1499e-08
4.4929	3.56783e-08
4.493	2.93515e-08
4.4931	3.41293e-08
4.4932	3.48075e-08
4.4933	2.93184e-08
4.4934	3.48638e-08
4.4935	2.81889e-08
4.4936	2.97938e-08
4.4937	3.5937e-08
4.4938	2.23831e-08
4.4939	2.30062e-08
4.494	2.86013e-08
4.4941	2.50515e-08
4.4942	3.10735e-08
4.4943	4.0719e-08
4.4944	3.58611e-08
4.4945	3.67781e-08
4.4946	3.83761e-08
4.4947	2.77442e-08
4.4948	2.64032e-08
4.4949	3.75862e-08
4.495	3.43873e-08
4.4951	3.19573e-08
4.4952	3.67571e-08
4.4953	2.56823e-08
4.4954	3.42846e-08
4.4955	4.10274e-08
4.4956	3.02072e-08
4.4957	3.36067e-08
4.4958	3.39477e-08
4.4959	2.79226e-08
4.496	3.40347e-08
4.4961	2.16169e-08
4.4962	2.48973e-08
4.4963	3.54908e-08
4.4964	3.50053e-08
4.4965	3.1357e-08
4.4966	2.41858e-08
4.4967	3.36098e-08
4.4968	3.0833e-08
4.4969	3.43711e-08
4.497	2.1765e-08
4.4971	2.85118e-08
4.4972	2.74462e-08
4.4973	3.46552e-08
4.4974	3.28482e-08
4.4975	3.5685e-08
4.4976	3.9687e-08
4.4977	2.6185e-08
4.4978	2.39291e-08
4.4979	2.30742e-08
4.498	2.02488e-08
4.4981	3.07856e-08
4.4982	2.46447e-08
4.4983	2.23896e-08
4.4984	2.24091e-08
4.4985	3.08534e-08
4.4986	4.05372e-08
4.4987	2.26058e-08
4.4988	2.94689e-08
4.4989	3.56445e-08
4.499	3.43359e-08
4.4991	3.74767e-08
4.4992	2.81716e-08
4.4993	2.31738e-08
4.4994	3.35371e-08
4.4995	2.88868e-08
4.4996	3.03593e-08
4.4997	4.09719e-08
4.4998	2.68821e-08
4.4999	3.81733e-08
4.5	3.35481e-08
4.5001	2.56064e-08
4.5002	4.02793e-08
4.5003	3.21646e-08
4.5004	2.29571e-08
4.5005	2.76932e-08
4.5006	2.33674e-08
4.5007	2.68817e-08
4.5008	3.45072e-08
4.5009	2.30828e-08
4.501	2.98993e-08
4.5011	3.41061e-08
4.5012	4.0729e-08
4.5013	4.6694e-08
4.5014	2.67755e-08
4.5015	3.6665e-08
4.5016	2.63111e-08
4.5017	2.95066e-08
4.5018	3.21769e-08
4.5019	2.73979e-08
4.502	2.66335e-08
4.5021	3.29547e-08
4.5022	3.69615e-08
4.5023	4.14066e-08
4.5024	3.89043e-08
4.5025	3.19844e-08
4.5026	3.06621e-08
4.5027	3.88775e-08
4.5028	3.25104e-08
4.5029	3.93847e-08
4.503	2.70828e-08
4.5031	2.74622e-08
4.5032	2.61651e-08
4.5033	2.95975e-08
4.5034	3.41437e-08
4.5035	3.34191e-08
4.5036	3.73461e-08
4.5037	3.22357e-08
4.5038	2.5411e-08
4.5039	3.85609e-08
4.504	2.96048e-08
4.5041	3.7897e-08
4.5042	2.53275e-08
4.5043	2.97529e-08
4.5044	2.58064e-08
4.5045	2.66046e-08
4.5046	4.22818e-08
4.5047	3.3763e-08
4.5048	2.92644e-08
4.5049	3.23916e-08
4.505	4.15636e-08
4.5051	3.97906e-08
4.5052	3.37265e-08
4.5053	3.45025e-08
4.5054	2.86933e-08
4.5055	3.90478e-08
4.5056	3.25715e-08
4.5057	2.91963e-08
4.5058	3.67271e-08
4.5059	3.19949e-08
4.506	2.97789e-08
4.5061	2.59822e-08
4.5062	2.38103e-08
4.5063	2.76112e-08
4.5064	3.70844e-08
4.5065	3.48608e-08
4.5066	3.46098e-08
4.5067	2.67918e-08
4.5068	2.30815e-08
4.5069	2.47282e-08
4.507	2.89457e-08
4.5071	2.72856e-08
4.5072	3.99472e-08
4.5073	3.59948e-08
4.5074	3.77939e-08
4.5075	3.28462e-08
4.5076	3.77811e-08
4.5077	2.88023e-08
4.5078	4.01912e-08
4.5079	3.43065e-08
4.508	4.17521e-08
4.5081	3.07373e-08
4.5082	3.27493e-08
4.5083	3.04562e-08
4.5084	2.92729e-08
4.5085	3.14574e-08
4.5086	3.61701e-08
4.5087	3.51054e-08
4.5088	2.34557e-08
4.5089	2.10162e-08
4.509	1.87501e-08
4.5091	2.57258e-08
4.5092	3.90486e-08
4.5093	2.72183e-08
4.5094	3.37021e-08
4.5095	3.3011e-08
4.5096	3.84093e-08
4.5097	3.48822e-08
4.5098	3.2069e-08
4.5099	2.42007e-08
4.51	4.52099e-08
4.5101	3.89132e-08
4.5102	3.81189e-08
4.5103	3.7014e-08
4.5104	2.38654e-08
4.5105	2.94035e-08
4.5106	4.12092e-08
4.5107	2.81575e-08
4.5108	2.64358e-08
4.5109	2.29136e-08
4.511	2.19767e-08
4.5111	2.24192e-08
4.5112	2.68744e-08
4.5113	3.17106e-08
4.5114	2.25185e-08
4.5115	2.23548e-08
4.5116	3.69621e-08
4.5117	4.43867e-08
4.5118	3.82162e-08
4.5119	4.79028e-08
4.512	5.0117e-08
4.5121	4.29727e-08
4.5122	3.42417e-08
4.5123	3.81165e-08
4.5124	3.60749e-08
4.5125	3.28488e-08
4.5126	2.78632e-08
4.5127	3.71823e-08
4.5128	3.42152e-08
4.5129	3.56157e-08
4.513	2.84962e-08
4.5131	2.52397e-08
4.5132	3.00495e-08
4.5133	2.34881e-08
4.5134	3.22298e-08
4.5135	2.55236e-08
4.5136	2.00882e-08
4.5137	2.00945e-08
4.5138	3.64112e-08
4.5139	3.01944e-08
4.514	3.16687e-08
4.5141	2.59318e-08
4.5142	3.8582e-08
4.5143	3.56875e-08
4.5144	4.30998e-08
4.5145	3.59977e-08
4.5146	2.75863e-08
4.5147	4.00366e-08
4.5148	3.85574e-08
4.5149	2.66371e-08
4.515	3.19279e-08
4.5151	2.49576e-08
4.5152	2.45219e-08
4.5153	3.05463e-08
4.5154	2.55327e-08
4.5155	3.71288e-08
4.5156	2.64437e-08
4.5157	2.32391e-08
4.5158	3.1863e-08
4.5159	2.3914e-08
4.516	2.79526e-08
4.5161	3.45091e-08
4.5162	3.29457e-08
4.5163	3.84437e-08
4.5164	2.58427e-08
4.5165	3.54108e-08
4.5166	3.33411e-08
4.5167	2.89296e-08
4.5168	3.64163e-08
4.5169	3.41912e-08
4.517	4.07016e-08
4.5171	3.00512e-08
4.5172	3.1117e-08
4.5173	3.6504e-08
4.5174	2.0777e-08
4.5175	3.02441e-08
4.5176	2.65687e-08
4.5177	3.24495e-08
4.5178	3.32238e-08
4.5179	3.00259e-08
4.518	3.22517e-08
4.5181	3.20184e-08
4.5182	3.41721e-08
4.5183	3.12526e-08
4.5184	3.14472e-08
4.5185	3.7549e-08
4.5186	4.466e-08
4.5187	2.65116e-08
4.5188	3.1266e-08
4.5189	4.25251e-08
4.519	2.83465e-08
4.5191	3.33701e-08
4.5192	4.07327e-08
4.5193	2.88802e-08
4.5194	2.82462e-08
4.5195	2.7655e-08
4.5196	2.85129e-08
4.5197	2.6895e-08
4.5198	4.02168e-08
4.5199	3.32306e-08
4.52	2.92907e-08
4.5201	3.30114e-08
4.5202	3.09147e-08
4.5203	3.78763e-08
4.5204	3.00724e-08
4.5205	2.61046e-08
4.5206	3.19856e-08
4.5207	3.02986e-08
4.5208	3.74308e-08
4.5209	3.15442e-08
4.521	3.38886e-08
4.5211	3.31372e-08
4.5212	3.6514e-08
4.5213	3.85126e-08
4.5214	4.63576e-08
4.5215	3.27471e-08
4.5216	2.90909e-08
4.5217	2.95414e-08
4.5218	3.46475e-08
4.5219	3.15691e-08
4.522	2.58462e-08
4.5221	2.98955e-08
4.5222	2.44175e-08
4.5223	3.52969e-08
4.5224	3.51503e-08
4.5225	3.70949e-08
4.5226	3.21386e-08
4.5227	2.93788e-08
4.5228	3.67548e-08
4.5229	2.51564e-08
4.523	3.08203e-08
4.5231	3.45754e-08
4.5232	3.41273e-08
4.5233	2.97407e-08
4.5234	3.92644e-08
4.5235	3.8603e-08
4.5236	2.81866e-08
4.5237	3.82391e-08
4.5238	2.71178e-08
4.5239	3.04898e-08
4.524	3.22046e-08
4.5241	3.04781e-08
4.5242	3.507e-08
4.5243	2.87732e-08
4.5244	3.67323e-08
4.5245	2.62426e-08
4.5246	3.66108e-08
4.5247	5.28297e-08
4.5248	2.56271e-08
4.5249	3.55675e-08
4.525	2.46503e-08
4.5251	2.26368e-08
4.5252	2.55388e-08
4.5253	3.12282e-08
4.5254	3.9055e-08
4.5255	3.75278e-08
4.5256	3.28488e-08
4.5257	4.51537e-08
4.5258	3.34639e-08
4.5259	3.92033e-08
4.526	3.35194e-08
4.5261	2.33324e-08
4.5262	2.92097e-08
4.5263	3.3976e-08
4.5264	3.12317e-08
4.5265	3.7138e-08
4.5266	3.59785e-08
4.5267	2.64524e-08
4.5268	4.40844e-08
4.5269	2.85635e-08
4.527	2.94685e-08
4.5271	3.50768e-08
4.5272	2.54629e-08
4.5273	2.52572e-08
4.5274	3.49467e-08
4.5275	3.96504e-08
4.5276	4.50642e-08
4.5277	3.89295e-08
4.5278	3.75219e-08
4.5279	4.15821e-08
4.528	3.47592e-08
4.5281	4.08045e-08
4.5282	2.57115e-08
4.5283	2.92739e-08
4.5284	3.33933e-08
4.5285	2.80555e-08
4.5286	3.44778e-08
4.5287	2.86156e-08
4.5288	2.98581e-08
4.5289	2.81557e-08
4.529	3.92353e-08
4.5291	2.10833e-08
4.5292	2.82093e-08
4.5293	2.66797e-08
4.5294	3.17549e-08
4.5295	2.44267e-08
4.5296	2.43761e-08
4.5297	2.78705e-08
4.5298	2.59836e-08
4.5299	3.14167e-08
4.53	3.61272e-08
4.5301	3.73599e-08
4.5302	3.04189e-08
4.5303	4.14592e-08
4.5304	2.62791e-08
4.5305	3.2504e-08
4.5306	2.54599e-08
4.5307	3.97397e-08
4.5308	3.36919e-08
4.5309	2.42673e-08
4.531	3.33908e-08
4.5311	3.05538e-08
4.5312	2.83742e-08
4.5313	1.90077e-08
4.5314	3.15843e-08
4.5315	2.41748e-08
4.5316	3.61513e-08
4.5317	3.4996e-08
4.5318	2.30891e-08
4.5319	2.63142e-08
4.532	2.82503e-08
4.5321	3.49852e-08
4.5322	3.87473e-08
4.5323	2.79612e-08
4.5324	3.73127e-08
4.5325	3.43313e-08
4.5326	3.42844e-08
4.5327	2.54338e-08
4.5328	3.11389e-08
4.5329	2.43892e-08
4.533	3.50104e-08
4.5331	3.53623e-08
4.5332	3.65824e-08
4.5333	4.22007e-08
4.5334	2.35816e-08
4.5335	2.03619e-08
4.5336	2.4128e-08
4.5337	2.20406e-08
4.5338	3.05684e-08
4.5339	2.72889e-08
4.534	2.06733e-08
4.5341	2.33682e-08
4.5342	3.35206e-08
4.5343	3.61274e-08
4.5344	3.12654e-08
4.5345	3.45206e-08
4.5346	3.58636e-08
4.5347	4.45542e-08
4.5348	3.59007e-08
4.5349	2.70362e-08
4.535	2.68677e-08
4.5351	2.6919e-08
4.5352	2.8838e-08
4.5353	3.45078e-08
4.5354	3.60872e-08
4.5355	2.78681e-08
4.5356	2.91034e-08
4.5357	2.86452e-08
4.5358	2.59054e-08
4.5359	3.9322e-08
4.536	2.67321e-08
4.5361	2.7384e-08
4.5362	2.33989e-08
4.5363	2.22689e-08
4.5364	3.0901e-08
4.5365	3.29236e-08
4.5366	2.42892e-08
4.5367	3.03139e-08
4.5368	3.25127e-08
4.5369	3.1302e-08
4.537	4.28469e-08
4.5371	3.10837e-08
4.5372	3.09389e-08
4.5373	2.75993e-08
4.5374	3.09516e-08
4.5375	3.39646e-08
4.5376	2.37626e-08
4.5377	2.8124e-08
4.5378	3.38065e-08
4.5379	3.41995e-08
4.538	4.76326e-08
4.5381	2.94681e-08
4.5382	2.93822e-08
4.5383	3.82817e-08
4.5384	3.81546e-08
4.5385	3.1925e-08
4.5386	4.61105e-08
4.5387	2.74855e-08
4.5388	3.29477e-08
4.5389	2.28213e-08
4.539	2.68172e-08
4.5391	3.17534e-08
4.5392	3.78647e-08
4.5393	2.90504e-08
4.5394	2.73433e-08
4.5395	3.79455e-08
4.5396	3.22426e-08
4.5397	2.93904e-08
4.5398	3.95075e-08
4.5399	2.57381e-08
4.54	2.81877e-08
4.5401	2.48227e-08
4.5402	3.34225e-08
4.5403	2.89256e-08
4.5404	2.70328e-08
4.5405	3.34558e-08
4.5406	4.40448e-08
4.5407	3.82339e-08
4.5408	3.76786e-08
4.5409	3.65393e-08
4.541	3.12309e-08
4.5411	3.61647e-08
4.5412	2.71637e-08
4.5413	4.02858e-08
4.5414	3.71727e-08
4.5415	3.01879e-08
4.5416	2.78458e-08
4.5417	3.12688e-08
4.5418	2.55201e-08
4.5419	3.33419e-08
4.542	3.24716e-08
4.5421	3.79587e-08
4.5422	3.70964e-08
4.5423	2.97142e-08
4.5424	2.52796e-08
4.5425	2.66869e-08
4.5426	2.92089e-08
4.5427	2.99429e-08
4.5428	2.8964e-08
4.5429	3.94355e-08
4.543	3.90452e-08
4.5431	4.13764e-08
4.5432	4.03396e-08
4.5433	3.38636e-08
4.5434	3.27514e-08
4.5435	3.40939e-08
4.5436	4.20866e-08
4.5437	4.32007e-08
4.5438	2.39441e-08
4.5439	3.58997e-08
4.544	2.88758e-08
4.5441	2.52863e-08
4.5442	3.28812e-08
4.5443	4.21702e-08
4.5444	2.2007e-08
4.5445	2.60535e-08
4.5446	2.24673e-08
4.5447	2.17917e-08
4.5448	3.14139e-08
4.5449	3.99751e-08
4.545	2.74037e-08
4.5451	3.0802e-08
4.5452	3.05979e-08
4.5453	3.57063e-08
4.5454	2.56723e-08
4.5455	5.17722e-08
4.5456	3.13113e-08
4.5457	3.84846e-08
4.5458	4.38393e-08
4.5459	3.78418e-08
4.546	3.68081e-08
4.5461	1.96443e-08
4.5462	2.58273e-08
4.5463	4.12382e-08
4.5464	3.18795e-08
4.5465	3.58661e-08
4.5466	2.67875e-08
4.5467	2.24841e-08
4.5468	3.01644e-08
4.5469	2.93629e-08
4.547	3.46819e-08
4.5471	1.99624e-08
4.5472	2.44174e-08
4.5473	3.97135e-08
4.5474	3.97883e-08
4.5475	3.0184e-08
4.5476	3.89678e-08
4.5477	3.39381e-08
4.5478	3.73399e-08
4.5479	3.8181e-08
4.548	3.50719e-08
4.5481	3.3934e-08
4.5482	3.81425e-08
4.5483	3.11291e-08
4.5484	2.90935e-08
4.5485	3.22012e-08
4.5486	4.0281e-08
4.5487	2.87287e-08
4.5488	2.80101e-08
4.5489	2.78899e-08
4.549	2.98994e-08
4.5491	3.23616e-08
4.5492	2.45107e-08
4.5493	1.84014e-08
4.5494	3.2088e-08
4.5495	3.2282e-08
4.5496	3.7596e-08
4.5497	3.56065e-08
4.5498	3.05607e-08
4.5499	3.70919e-08
4.55	4.66145e-08
4.5501	3.28893e-08
4.5502	3.58068e-08
4.5503	3.77692e-08
4.5504	3.67544e-08
4.5505	3.42068e-08
4.5506	3.79829e-08
4.5507	3.28536e-08
4.5508	2.87505e-08
4.5509	2.17928e-08
4.551	2.9509e-08
4.5511	3.23744e-08
4.5512	4.94683e-08
4.5513	2.37054e-08
4.5514	2.63951e-08
4.5515	3.51445e-08
4.5516	2.96345e-08
4.5517	2.17495e-08
4.5518	3.6606e-08
4.5519	2.43154e-08
4.552	2.89824e-08
4.5521	2.76231e-08
4.5522	3.82161e-08
4.5523	2.89782e-08
4.5524	4.30709e-08
4.5525	3.26057e-08
4.5526	2.79573e-08
4.5527	2.66985e-08
4.5528	4.07248e-08
4.5529	4.28503e-08
4.553	2.61551e-08
4.5531	2.10495e-08
4.5532	3.4227e-08
4.5533	2.66894e-08
4.5534	3.06551e-08
4.5535	2.98693e-08
4.5536	2.87805e-08
4.5537	3.51143e-08
4.5538	3.2967e-08
4.5539	3.14407e-08
4.554	2.72215e-08
4.5541	3.29995e-08
4.5542	3.84443e-08
4.5543	3.46917e-08
4.5544	2.49859e-08
4.5545	3.4726e-08
4.5546	3.19363e-08
4.5547	3.30658e-08
4.5548	3.86956e-08
4.5549	3.95524e-08
4.555	3.12902e-08
4.5551	2.85763e-08
4.5552	3.17043e-08
4.5553	3.13771e-08
4.5554	3.39451e-08
4.5555	3.5986e-08
4.5556	3.29434e-08
4.5557	2.46921e-08
4.5558	3.48422e-08
4.5559	3.39894e-08
4.556	3.90882e-08
4.5561	3.52393e-08
4.5562	2.12641e-08
4.5563	2.83053e-08
4.5564	3.01463e-08
4.5565	3.81077e-08
4.5566	3.45117e-08
4.5567	3.82579e-08
4.5568	3.39078e-08
4.5569	3.45132e-08
4.557	3.77688e-08
4.5571	3.91802e-08
4.5572	2.2311e-08
4.5573	3.00591e-08
4.5574	3.62657e-08
4.5575	3.15715e-08
4.5576	3.20247e-08
4.5577	3.43061e-08
4.5578	2.71995e-08
4.5579	3.34251e-08
4.558	2.84601e-08
4.5581	3.12184e-08
4.5582	3.29898e-08
4.5583	2.88472e-08
4.5584	2.47832e-08
4.5585	2.9085e-08
4.5586	3.00585e-08
4.5587	3.29963e-08
4.5588	3.33001e-08
4.5589	3.36902e-08
4.559	3.95566e-08
4.5591	4.22035e-08
4.5592	2.46509e-08
4.5593	4.37174e-08
4.5594	2.50332e-08
4.5595	2.64408e-08
4.5596	3.18206e-08
4.5597	3.29463e-08
4.5598	3.47919e-08
4.5599	3.49594e-08
4.56	2.4055e-08
4.5601	3.0556e-08
4.5602	3.41094e-08
4.5603	4.43005e-08
4.5604	4.44407e-08
4.5605	2.43521e-08
4.5606	3.22323e-08
4.5607	2.84011e-08
4.5608	2.54426e-08
4.5609	3.31371e-08
4.561	3.3421e-08
4.5611	4.21681e-08
4.5612	3.45618e-08
4.5613	3.05696e-08
4.5614	4.18943e-08
4.5615	3.99963e-08
4.5616	3.79689e-08
4.5617	2.26507e-08
4.5618	2.94773e-08
4.5619	3.70013e-08
4.562	3.16582e-08
4.5621	3.50091e-08
4.5622	3.76432e-08
4.5623	3.07399e-08
4.5624	3.61924e-08
4.5625	2.73231e-08
4.5626	4.18712e-08
4.5627	2.97445e-08
4.5628	2.96233e-08
4.5629	2.47301e-08
4.563	2.60692e-08
4.5631	4.11806e-08
4.5632	3.86113e-08
4.5633	4.05902e-08
4.5634	3.13708e-08
4.5635	3.69481e-08
4.5636	3.85361e-08
4.5637	3.64217e-08
4.5638	3.45322e-08
4.5639	3.6745e-08
4.564	3.01384e-08
4.5641	4.04503e-08
4.5642	4.05256e-08
4.5643	3.04037e-08
4.5644	2.81018e-08
4.5645	3.0212e-08
4.5646	4.1392e-08
4.5647	4.10002e-08
4.5648	2.5286e-08
4.5649	2.82525e-08
4.565	2.78108e-08
4.5651	3.22901e-08
4.5652	2.09503e-08
4.5653	2.07261e-08
4.5654	3.14797e-08
4.5655	3.02616e-08
4.5656	3.22591e-08
4.5657	3.32961e-08
4.5658	3.89649e-08
4.5659	3.48167e-08
4.566	3.41514e-08
4.5661	2.45559e-08
4.5662	3.28285e-08
4.5663	3.64457e-08
4.5664	2.89041e-08
4.5665	2.98646e-08
4.5666	2.78832e-08
4.5667	3.0635e-08
4.5668	2.58692e-08
4.5669	2.98395e-08
4.567	3.57764e-08
4.5671	2.49816e-08
4.5672	2.85596e-08
4.5673	3.46789e-08
4.5674	3.01463e-08
4.5675	2.38171e-08
4.5676	2.65991e-08
4.5677	3.02926e-08
4.5678	3.30135e-08
4.5679	3.2193e-08
4.568	3.11699e-08
4.5681	3.80395e-08
4.5682	3.22735e-08
4.5683	2.45811e-08
4.5684	2.41005e-08
4.5685	2.78798e-08
4.5686	3.01622e-08
4.5687	3.34181e-08
4.5688	4.00928e-08
4.5689	2.44423e-08
4.569	3.33004e-08
4.5691	2.75753e-08
4.5692	2.15727e-08
4.5693	2.10095e-08
4.5694	3.04881e-08
4.5695	2.49495e-08
4.5696	3.0625e-08
4.5697	2.06016e-08
4.5698	2.57488e-08
4.5699	3.14471e-08
4.57	2.97306e-08
4.5701	2.94694e-08
4.5702	3.24991e-08
4.5703	4.00553e-08
4.5704	3.21956e-08
4.5705	3.08514e-08
4.5706	2.54298e-08
4.5707	3.07868e-08
4.5708	2.76672e-08
4.5709	2.58331e-08
4.571	2.55866e-08
4.5711	3.77049e-08
4.5712	3.07999e-08
4.5713	2.73162e-08
4.5714	3.02186e-08
4.5715	2.8365e-08
4.5716	3.30903e-08
4.5717	2.53332e-08
4.5718	2.71259e-08
4.5719	2.4344e-08
4.572	2.50869e-08
4.5721	2.36471e-08
4.5722	3.4033e-08
4.5723	2.6967e-08
4.5724	2.86446e-08
4.5725	3.79859e-08
4.5726	3.27176e-08
4.5727	3.05974e-08
4.5728	2.76628e-08
4.5729	2.73769e-08
4.573	3.04118e-08
4.5731	3.57047e-08
4.5732	3.13615e-08
4.5733	2.86383e-08
4.5734	2.40777e-08
4.5735	3.2887e-08
4.5736	3.4005e-08
4.5737	4.41862e-08
4.5738	2.98755e-08
4.5739	2.94183e-08
4.574	3.02356e-08
4.5741	4.00839e-08
4.5742	2.7748e-08
4.5743	2.92082e-08
4.5744	2.56951e-08
4.5745	2.83326e-08
4.5746	2.19094e-08
4.5747	3.45359e-08
4.5748	3.95867e-08
4.5749	4.64427e-08
4.575	2.91443e-08
4.5751	3.29869e-08
4.5752	3.24289e-08
4.5753	3.11407e-08
4.5754	2.73407e-08
4.5755	2.77897e-08
4.5756	2.39259e-08
4.5757	2.86913e-08
4.5758	2.74935e-08
4.5759	2.82313e-08
4.576	4.00515e-08
4.5761	3.89112e-08
4.5762	3.557e-08
4.5763	4.39845e-08
4.5764	3.82912e-08
4.5765	4.25809e-08
4.5766	2.55095e-08
4.5767	3.01287e-08
4.5768	3.5166e-08
4.5769	2.70766e-08
4.577	4.15248e-08
4.5771	3.17639e-08
4.5772	3.07901e-08
4.5773	2.69921e-08
4.5774	3.03957e-08
4.5775	3.18855e-08
4.5776	3.66632e-08
4.5777	2.78897e-08
4.5778	3.27476e-08
4.5779	3.94897e-08
4.578	2.6751e-08
4.5781	2.42183e-08
4.5782	1.93431e-08
4.5783	2.8561e-08
4.5784	3.22735e-08
4.5785	3.80652e-08
4.5786	3.0588e-08
4.5787	3.50492e-08
4.5788	4.24736e-08
4.5789	4.95847e-08
4.579	3.0155e-08
4.5791	4.2394e-08
4.5792	3.95041e-08
4.5793	3.38663e-08
4.5794	4.27824e-08
4.5795	2.82013e-08
4.5796	3.4439e-08
4.5797	2.78916e-08
4.5798	2.26024e-08
4.5799	3.85054e-08
4.58	3.62041e-08
4.5801	3.10428e-08
4.5802	2.39034e-08
4.5803	2.09156e-08
4.5804	2.45534e-08
4.5805	3.38081e-08
4.5806	4.27093e-08
4.5807	3.60395e-08
4.5808	3.11653e-08
4.5809	3.26152e-08
4.581	4.06287e-08
4.5811	2.06712e-08
4.5812	3.82046e-08
4.5813	3.5271e-08
4.5814	4.79307e-08
4.5815	3.24532e-08
4.5816	4.19535e-08
4.5817	3.03746e-08
4.5818	2.44437e-08
4.5819	3.12277e-08
4.582	3.60497e-08
4.5821	3.42959e-08
4.5822	2.72701e-08
4.5823	2.33284e-08
4.5824	2.31273e-08
4.5825	2.02248e-08
4.5826	2.44629e-08
4.5827	3.25042e-08
4.5828	2.06592e-08
4.5829	2.079e-08
4.583	3.42193e-08
4.5831	4.06115e-08
4.5832	3.59136e-08
4.5833	3.44583e-08
4.5834	4.44256e-08
4.5835	3.48328e-08
4.5836	3.92495e-08
4.5837	3.05786e-08
4.5838	3.17664e-08
4.5839	2.96978e-08
4.584	3.24903e-08
4.5841	3.58115e-08
4.5842	2.58904e-08
4.5843	3.50693e-08
4.5844	2.96946e-08
4.5845	2.71207e-08
4.5846	2.28437e-08
4.5847	2.60987e-08
4.5848	3.12416e-08
4.5849	2.74088e-08
4.585	2.21744e-08
4.5851	3.04733e-08
4.5852	2.40917e-08
4.5853	3.28834e-08
4.5854	3.23161e-08
4.5855	3.0121e-08
4.5856	3.84164e-08
4.5857	5.28235e-08
4.5858	4.01046e-08
4.5859	3.18399e-08
4.586	2.46432e-08
4.5861	3.97554e-08
4.5862	4.10683e-08
4.5863	2.81781e-08
4.5864	3.1388e-08
4.5865	3.01271e-08
4.5866	2.75545e-08
4.5867	2.88028e-08
4.5868	3.22182e-08
4.5869	3.08709e-08
4.587	2.16761e-08
4.5871	2.87088e-08
4.5872	3.01282e-08
4.5873	2.10799e-08
4.5874	2.31048e-08
4.5875	2.61877e-08
4.5876	2.73101e-08
4.5877	4.40012e-08
4.5878	3.39957e-08
4.5879	4.47672e-08
4.588	2.6361e-08
4.5881	4.05233e-08
4.5882	3.76096e-08
4.5883	3.03107e-08
4.5884	3.06294e-08
4.5885	2.8533e-08
4.5886	4.37753e-08
4.5887	3.54434e-08
4.5888	2.55435e-08
4.5889	3.59311e-08
4.589	3.31345e-08
4.5891	2.8708e-08
4.5892	3.64334e-08
4.5893	3.75194e-08
4.5894	3.46596e-08
4.5895	3.47981e-08
4.5896	4.02024e-08
4.5897	3.66288e-08
4.5898	2.99481e-08
4.5899	3.58025e-08
4.59	3.59798e-08
4.5901	2.87993e-08
4.5902	3.47274e-08
4.5903	1.98409e-08
4.5904	4.40549e-08
4.5905	4.05371e-08
4.5906	3.28213e-08
4.5907	2.86021e-08
4.5908	2.18681e-08
4.5909	3.11451e-08
4.591	2.9908e-08
4.5911	3.09969e-08
4.5912	4.09402e-08
4.5913	3.35216e-08
4.5914	3.52642e-08
4.5915	3.63716e-08
4.5916	3.43651e-08
4.5917	3.79442e-08
4.5918	3.28922e-08
4.5919	2.41268e-08
4.592	3.38417e-08
4.5921	3.85001e-08
4.5922	4.12792e-08
4.5923	4.02217e-08
4.5924	2.81017e-08
4.5925	3.03601e-08
4.5926	3.46816e-08
4.5927	3.79446e-08
4.5928	3.85419e-08
4.5929	2.33204e-08
4.593	3.03623e-08
4.5931	3.72797e-08
4.5932	2.55604e-08
4.5933	3.01602e-08
4.5934	3.03267e-08
4.5935	2.81879e-08
4.5936	3.12469e-08
4.5937	2.46688e-08
4.5938	3.80593e-08
4.5939	3.23228e-08
4.594	3.1196e-08
4.5941	2.49411e-08
4.5942	3.82366e-08
4.5943	2.84986e-08
4.5944	3.20984e-08
4.5945	2.6694e-08
4.5946	3.25437e-08
4.5947	4.3709e-08
4.5948	3.79664e-08
4.5949	2.71531e-08
4.595	4.43567e-08
4.5951	2.68141e-08
4.5952	2.71644e-08
4.5953	2.86568e-08
4.5954	2.76808e-08
4.5955	3.83536e-08
4.5956	3.12573e-08
4.5957	3.85362e-08
4.5958	2.86903e-08
4.5959	2.93084e-08
4.596	3.88445e-08
4.5961	4.40044e-08
4.5962	2.62244e-08
4.5963	2.70912e-08
4.5964	2.45472e-08
4.5965	3.03646e-08
4.5966	2.95243e-08
4.5967	3.083e-08
4.5968	3.95967e-08
4.5969	3.63528e-08
4.597	3.41855e-08
4.5971	3.33753e-08
4.5972	4.82154e-08
4.5973	2.92545e-08
4.5974	2.71844e-08
4.5975	2.90215e-08
4.5976	2.92687e-08
4.5977	3.76139e-08
4.5978	3.90592e-08
4.5979	4.32725e-08
4.598	3.10186e-08
4.5981	3.01186e-08
4.5982	4.43098e-08
4.5983	3.4135e-08
4.5984	3.04196e-08
4.5985	3.57661e-08
4.5986	2.87997e-08
4.5987	2.32321e-08
4.5988	3.7822e-08
4.5989	3.8757e-08
4.599	4.74708e-08
4.5991	4.05582e-08
4.5992	3.67344e-08
4.5993	3.91128e-08
4.5994	3.6132e-08
4.5995	2.89689e-08
4.5996	3.3184e-08
4.5997	2.90566e-08
4.5998	3.67538e-08
4.5999	4.04445e-08
4.6	3.30113e-08
4.6001	3.78223e-08
4.6002	3.01815e-08
4.6003	3.5696e-08
4.6004	4.1096e-08
4.6005	2.56704e-08
4.6006	2.83281e-08
4.6007	2.62774e-08
4.6008	3.38763e-08
4.6009	2.61449e-08
4.601	2.08371e-08
4.6011	2.85129e-08
4.6012	3.12721e-08
4.6013	3.51839e-08
4.6014	3.00262e-08
4.6015	3.87426e-08
4.6016	3.09367e-08
4.6017	3.4221e-08
4.6018	2.68151e-08
4.6019	3.1783e-08
4.602	3.50153e-08
4.6021	3.20943e-08
4.6022	3.41145e-08
4.6023	2.39125e-08
4.6024	3.83904e-08
4.6025	3.90348e-08
4.6026	2.91007e-08
4.6027	3.13956e-08
4.6028	2.84621e-08
4.6029	2.93274e-08
4.603	3.2008e-08
4.6031	2.56257e-08
4.6032	2.58206e-08
4.6033	4.24142e-08
4.6034	3.59011e-08
4.6035	2.29643e-08
4.6036	3.27155e-08
4.6037	3.32404e-08
4.6038	3.22324e-08
4.6039	3.1494e-08
4.604	2.62286e-08
4.6041	2.7778e-08
4.6042	2.99213e-08
4.6043	3.8812e-08
4.6044	3.12527e-08
4.6045	4.35299e-08
4.6046	4.11646e-08
4.6047	3.11089e-08
4.6048	2.17267e-08
4.6049	2.14528e-08
4.605	2.36952e-08
4.6051	2.91885e-08
4.6052	2.05447e-08
4.6053	2.66471e-08
4.6054	2.03507e-08
4.6055	3.08312e-08
4.6056	3.31251e-08
4.6057	2.39764e-08
4.6058	2.60416e-08
4.6059	3.38603e-08
4.606	3.63147e-08
4.6061	4.59053e-08
4.6062	3.32519e-08
4.6063	2.31264e-08
4.6064	2.96851e-08
4.6065	2.92471e-08
4.6066	3.35733e-08
4.6067	4.16473e-08
4.6068	2.73884e-08
4.6069	2.70411e-08
4.607	2.90021e-08
4.6071	3.69424e-08
4.6072	2.83141e-08
4.6073	3.4301e-08
4.6074	2.77802e-08
4.6075	2.42008e-08
4.6076	2.21794e-08
4.6077	2.83966e-08
4.6078	3.38502e-08
4.6079	2.17514e-08
4.608	3.63428e-08
4.6081	4.05869e-08
4.6082	3.72788e-08
4.6083	3.23513e-08
4.6084	3.29574e-08
4.6085	2.95045e-08
4.6086	2.49051e-08
4.6087	2.95276e-08
4.6088	3.00625e-08
4.6089	2.62247e-08
4.609	2.88279e-08
4.6091	2.53268e-08
4.6092	3.91961e-08
4.6093	2.6897e-08
4.6094	4.11498e-08
4.6095	3.26648e-08
4.6096	2.96423e-08
4.6097	2.25789e-08
4.6098	4.03186e-08
4.6099	2.94918e-08
4.61	3.59594e-08
4.6101	2.53424e-08
4.6102	2.84713e-08
4.6103	2.09594e-08
4.6104	3.24101e-08
4.6105	3.28334e-08
4.6106	4.371e-08
4.6107	2.99792e-08
4.6108	3.19918e-08
4.6109	3.12037e-08
4.611	2.60461e-08
4.6111	3.22176e-08
4.6112	3.06702e-08
4.6113	2.5273e-08
4.6114	2.77534e-08
4.6115	2.68554e-08
4.6116	2.85928e-08
4.6117	3.65518e-08
4.6118	4.25389e-08
4.6119	3.87e-08
4.612	4.35712e-08
4.6121	4.56883e-08
4.6122	3.67182e-08
4.6123	3.04159e-08
4.6124	3.12773e-08
4.6125	3.6493e-08
4.6126	3.145e-08
4.6127	3.44103e-08
4.6128	3.2806e-08
4.6129	3.04138e-08
4.613	2.78896e-08
4.6131	2.57548e-08
4.6132	3.03131e-08
4.6133	2.60541e-08
4.6134	3.21545e-08
4.6135	3.7814e-08
4.6136	3.75507e-08
4.6137	2.93625e-08
4.6138	2.76973e-08
4.6139	2.26758e-08
4.614	3.41212e-08
4.6141	3.27439e-08
4.6142	3.87782e-08
4.6143	2.45381e-08
4.6144	3.96038e-08
4.6145	4.41342e-08
4.6146	4.09614e-08
4.6147	2.87953e-08
4.6148	3.73942e-08
4.6149	4.39931e-08
4.615	3.28871e-08
4.6151	4.01727e-08
4.6152	2.7666e-08
4.6153	3.41299e-08
4.6154	2.84388e-08
4.6155	2.72498e-08
4.6156	3.09334e-08
4.6157	3.53327e-08
4.6158	3.29503e-08
4.6159	2.12022e-08
4.616	2.66793e-08
4.6161	2.39235e-08
4.6162	2.8977e-08
4.6163	3.41118e-08
4.6164	2.72646e-08
4.6165	3.26053e-08
4.6166	3.42993e-08
4.6167	4.13985e-08
4.6168	3.63303e-08
4.6169	3.08218e-08
4.617	4.00902e-08
4.6171	4.30138e-08
4.6172	3.33776e-08
4.6173	3.75443e-08
4.6174	2.81935e-08
4.6175	2.51165e-08
4.6176	3.55724e-08
4.6177	3.73876e-08
4.6178	3.02533e-08
4.6179	2.46286e-08
4.618	2.04654e-08
4.6181	2.68622e-08
4.6182	3.03244e-08
4.6183	2.32244e-08
4.6184	3.11011e-08
4.6185	2.40591e-08
4.6186	2.55583e-08
4.6187	4.36206e-08
4.6188	4.41859e-08
4.6189	2.67479e-08
4.619	3.80294e-08
4.6191	4.37914e-08
4.6192	3.05503e-08
4.6193	4.42625e-08
4.6194	2.59757e-08
4.6195	3.18182e-08
4.6196	3.33834e-08
4.6197	3.35909e-08
4.6198	2.98378e-08
4.6199	4.3476e-08
4.62	3.10814e-08
4.6201	2.69934e-08
4.6202	2.47122e-08
4.6203	2.55684e-08
4.6204	2.56561e-08
4.6205	2.2573e-08
4.6206	3.16265e-08
4.6207	2.04849e-08
4.6208	3.51937e-08
4.6209	2.77805e-08
4.621	3.64428e-08
4.6211	3.47289e-08
4.6212	3.06329e-08
4.6213	4.61184e-08
4.6214	4.80565e-08
4.6215	4.62393e-08
4.6216	3.44806e-08
4.6217	3.49532e-08
4.6218	3.66728e-08
4.6219	3.91227e-08
4.622	2.60456e-08
4.6221	2.49714e-08
4.6222	2.82399e-08
4.6223	3.16106e-08
4.6224	2.72824e-08
4.6225	3.73561e-08
4.6226	3.6923e-08
4.6227	2.47559e-08
4.6228	2.36332e-08
4.6229	3.18712e-08
4.623	2.86445e-08
4.6231	3.19804e-08
4.6232	3.18118e-08
4.6233	2.48859e-08
4.6234	4.09602e-08
4.6235	4.05626e-08
4.6236	3.28602e-08
4.6237	2.72584e-08
4.6238	3.79778e-08
4.6239	4.13976e-08
4.624	3.1604e-08
4.6241	2.75253e-08
4.6242	3.87159e-08
4.6243	3.97768e-08
4.6244	3.19196e-08
4.6245	2.26821e-08
4.6246	3.24693e-08
4.6247	2.9931e-08
4.6248	2.49502e-08
4.6249	2.8846e-08
4.625	3.30663e-08
4.6251	3.81322e-08
4.6252	3.16121e-08
4.6253	3.16944e-08
4.6254	3.11788e-08
4.6255	3.54167e-08
4.6256	3.24103e-08
4.6257	3.70304e-08
4.6258	3.24128e-08
4.6259	3.13173e-08
4.626	2.64757e-08
4.6261	3.35286e-08
4.6262	4.2039e-08
4.6263	3.91012e-08
4.6264	3.08372e-08
4.6265	3.0569e-08
4.6266	2.45405e-08
4.6267	3.15697e-08
4.6268	2.98701e-08
4.6269	2.87889e-08
4.627	3.93191e-08
4.6271	3.44677e-08
4.6272	3.1269e-08
4.6273	2.55091e-08
4.6274	3.93176e-08
4.6275	3.36133e-08
4.6276	2.5722e-08
4.6277	3.5657e-08
4.6278	3.5828e-08
4.6279	3.73336e-08
4.628	3.81513e-08
4.6281	3.20598e-08
4.6282	3.55875e-08
4.6283	3.47477e-08
4.6284	4.2184e-08
4.6285	3.37417e-08
4.6286	2.47429e-08
4.6287	2.97206e-08
4.6288	3.76702e-08
4.6289	2.70781e-08
4.629	2.24354e-08
4.6291	3.82263e-08
4.6292	2.99692e-08
4.6293	3.30332e-08
4.6294	3.63989e-08
4.6295	3.24716e-08
4.6296	3.17417e-08
4.6297	2.59788e-08
4.6298	3.0898e-08
4.6299	3.59882e-08
4.63	2.37673e-08
4.6301	2.88772e-08
4.6302	2.68761e-08
4.6303	3.27326e-08
4.6304	3.54706e-08
4.6305	3.67715e-08
4.6306	2.85319e-08
4.6307	3.7403e-08
4.6308	2.45008e-08
4.6309	2.91338e-08
4.631	2.56752e-08
4.6311	3.0258e-08
4.6312	3.5016e-08
4.6313	3.00326e-08
4.6314	3.60519e-08
4.6315	2.71384e-08
4.6316	3.00183e-08
4.6317	4.07678e-08
4.6318	3.14115e-08
4.6319	2.98669e-08
4.632	3.33839e-08
4.6321	2.39744e-08
4.6322	2.4922e-08
4.6323	3.16556e-08
4.6324	4.05618e-08
4.6325	3.32542e-08
4.6326	3.42361e-08
4.6327	4.23068e-08
4.6328	4.37819e-08
4.6329	4.70428e-08
4.633	3.69822e-08
4.6331	2.38341e-08
4.6332	2.58051e-08
4.6333	3.49631e-08
4.6334	3.10436e-08
4.6335	3.56588e-08
4.6336	4.52751e-08
4.6337	2.46363e-08
4.6338	3.26741e-08
4.6339	4.27699e-08
4.634	3.01732e-08
4.6341	2.65558e-08
4.6342	2.92838e-08
4.6343	3.22257e-08
4.6344	2.88876e-08
4.6345	4.36238e-08
4.6346	3.45607e-08
4.6347	3.78165e-08
4.6348	3.65907e-08
4.6349	3.13184e-08
4.635	4.35159e-08
4.6351	3.63619e-08
4.6352	2.31962e-08
4.6353	3.2864e-08
4.6354	3.37656e-08
4.6355	2.8948e-08
4.6356	4.65649e-08
4.6357	3.02035e-08
4.6358	3.11043e-08
4.6359	3.52362e-08
4.636	2.82535e-08
4.6361	4.04321e-08
4.6362	2.91388e-08
4.6363	3.00237e-08
4.6364	3.1757e-08
4.6365	2.96673e-08
4.6366	2.42468e-08
4.6367	2.41087e-08
4.6368	2.85268e-08
4.6369	3.47677e-08
4.637	3.94637e-08
4.6371	3.7658e-08
4.6372	4.20043e-08
4.6373	3.83799e-08
4.6374	3.08749e-08
4.6375	2.45274e-08
4.6376	3.36439e-08
4.6377	3.30261e-08
4.6378	3.63282e-08
4.6379	2.57678e-08
4.638	2.56714e-08
4.6381	3.34944e-08
4.6382	3.99401e-08
4.6383	3.00714e-08
4.6384	3.34717e-08
4.6385	2.6195e-08
4.6386	3.12206e-08
4.6387	2.83598e-08
4.6388	2.42077e-08
4.6389	2.74941e-08
4.639	3.28776e-08
4.6391	3.34061e-08
4.6392	2.69458e-08
4.6393	3.04028e-08
4.6394	3.7112e-08
4.6395	3.94696e-08
4.6396	3.06856e-08
4.6397	2.41158e-08
4.6398	3.53323e-08
4.6399	2.63022e-08
4.64	3.44901e-08
4.6401	2.91514e-08
4.6402	3.4577e-08
4.6403	3.95713e-08
4.6404	3.22338e-08
4.6405	2.52292e-08
4.6406	1.97998e-08
4.6407	2.34526e-08
4.6408	3.23951e-08
4.6409	2.88141e-08
4.641	2.32117e-08
4.6411	2.42406e-08
4.6412	2.79196e-08
4.6413	3.63236e-08
4.6414	2.12441e-08
4.6415	2.63744e-08
4.6416	3.54861e-08
4.6417	4.328e-08
4.6418	4.60453e-08
4.6419	2.45397e-08
4.642	2.1895e-08
4.6421	3.82975e-08
4.6422	2.5656e-08
4.6423	2.94354e-08
4.6424	3.19886e-08
4.6425	2.74487e-08
4.6426	3.85133e-08
4.6427	3.57434e-08
4.6428	2.31099e-08
4.6429	2.62468e-08
4.643	3.94811e-08
4.6431	2.38119e-08
4.6432	2.80946e-08
4.6433	2.39355e-08
4.6434	3.70898e-08
4.6435	3.2554e-08
4.6436	2.34348e-08
4.6437	3.55855e-08
4.6438	2.3206e-08
4.6439	4.05782e-08
4.644	4.04378e-08
4.6441	2.69609e-08
4.6442	2.88339e-08
4.6443	2.98507e-08
4.6444	3.35292e-08
4.6445	3.04205e-08
4.6446	2.41152e-08
4.6447	3.06312e-08
4.6448	2.77308e-08
4.6449	3.77648e-08
4.645	3.92377e-08
4.6451	3.74262e-08
4.6452	3.40408e-08
4.6453	2.82049e-08
4.6454	2.59549e-08
4.6455	4.1207e-08
4.6456	2.57378e-08
4.6457	3.58729e-08
4.6458	2.349e-08
4.6459	2.75109e-08
4.646	2.96745e-08
4.6461	3.32852e-08
4.6462	3.34121e-08
4.6463	4.71466e-08
4.6464	3.6427e-08
4.6465	2.88938e-08
4.6466	3.41252e-08
4.6467	2.87251e-08
4.6468	3.91974e-08
4.6469	2.81546e-08
4.647	2.78935e-08
4.6471	2.53401e-08
4.6472	2.58372e-08
4.6473	3.50873e-08
4.6474	3.30859e-08
4.6475	2.93874e-08
4.6476	3.14745e-08
4.6477	4.38134e-08
4.6478	4.03263e-08
4.6479	3.99221e-08
4.648	3.81829e-08
4.6481	3.79244e-08
4.6482	3.47258e-08
4.6483	3.31044e-08
4.6484	3.59895e-08
4.6485	3.80379e-08
4.6486	3.4315e-08
4.6487	3.02683e-08
4.6488	2.85838e-08
4.6489	2.41721e-08
4.649	2.72096e-08
4.6491	3.68635e-08
4.6492	3.73676e-08
4.6493	3.67335e-08
4.6494	2.49775e-08
4.6495	2.09528e-08
4.6496	2.60575e-08
4.6497	3.2916e-08
4.6498	3.01444e-08
4.6499	3.33264e-08
4.65	3.05599e-08
4.6501	4.40211e-08
4.6502	4.22778e-08
4.6503	3.6675e-08
4.6504	3.26657e-08
4.6505	3.46844e-08
4.6506	4.69243e-08
4.6507	2.91452e-08
4.6508	3.60789e-08
4.6509	3.13661e-08
4.651	3.07316e-08
4.6511	2.79593e-08
4.6512	2.96942e-08
4.6513	3.83923e-08
4.6514	3.65616e-08
4.6515	2.3128e-08
4.6516	2.16036e-08
4.6517	2.25436e-08
4.6518	2.47274e-08
4.6519	3.30895e-08
4.652	3.55833e-08
4.6521	3.17863e-08
4.6522	2.84908e-08
4.6523	3.96025e-08
4.6524	4.03268e-08
4.6525	3.88215e-08
4.6526	3.20525e-08
4.6527	4.36769e-08
4.6528	4.12631e-08
4.6529	4.24823e-08
4.653	4.50453e-08
4.6531	2.77979e-08
4.6532	2.42795e-08
4.6533	3.16664e-08
4.6534	2.92357e-08
4.6535	2.98263e-08
4.6536	2.66267e-08
4.6537	2.91943e-08
4.6538	2.72027e-08
4.6539	3.07953e-08
4.654	2.86558e-08
4.6541	2.8794e-08
4.6542	2.41493e-08
4.6543	3.1947e-08
4.6544	3.55947e-08
4.6545	3.96732e-08
4.6546	2.98951e-08
4.6547	3.81817e-08
4.6548	3.80387e-08
4.6549	3.26596e-08
4.655	4.30922e-08
4.6551	3.18142e-08
4.6552	3.10515e-08
4.6553	3.48696e-08
4.6554	3.54544e-08
4.6555	3.46795e-08
4.6556	3.09094e-08
4.6557	3.43007e-08
4.6558	2.34841e-08
4.6559	2.53997e-08
4.656	2.33894e-08
4.6561	2.73554e-08
4.6562	2.24422e-08
4.6563	1.90852e-08
4.6564	1.83365e-08
4.6565	2.54671e-08
4.6566	3.39072e-08
4.6567	3.56386e-08
4.6568	2.90744e-08
4.6569	4.36538e-08
4.657	4.53697e-08
4.6571	5.28157e-08
4.6572	3.53408e-08
4.6573	3.57187e-08
4.6574	4.08895e-08
4.6575	3.77165e-08
4.6576	2.94511e-08
4.6577	2.12942e-08
4.6578	2.7191e-08
4.6579	2.78972e-08
4.658	2.85672e-08
4.6581	2.48333e-08
4.6582	3.33041e-08
4.6583	3.18779e-08
4.6584	2.52198e-08
4.6585	2.76099e-08
4.6586	2.57047e-08
4.6587	3.00095e-08
4.6588	3.55008e-08
4.6589	3.15044e-08
4.659	3.3925e-08
4.6591	3.5997e-08
4.6592	4.59964e-08
4.6593	3.2845e-08
4.6594	3.70798e-08
4.6595	3.53502e-08
4.6596	3.7965e-08
4.6597	4.32552e-08
4.6598	3.37464e-08
4.6599	3.81059e-08
4.66	3.05167e-08
4.6601	2.50148e-08
4.6602	2.56584e-08
4.6603	3.36851e-08
4.6604	3.15977e-08
4.6605	3.24269e-08
4.6606	3.48705e-08
4.6607	3.2463e-08
4.6608	3.45206e-08
4.6609	3.75024e-08
4.661	3.94665e-08
4.6611	3.43535e-08
4.6612	3.89284e-08
4.6613	2.99131e-08
4.6614	4.19435e-08
4.6615	2.90806e-08
4.6616	3.61783e-08
4.6617	2.51469e-08
4.6618	3.48929e-08
4.6619	3.89938e-08
4.662	3.1982e-08
4.6621	2.93897e-08
4.6622	3.84085e-08
4.6623	2.55794e-08
4.6624	3.1472e-08
4.6625	4.164e-08
4.6626	3.60407e-08
4.6627	3.08345e-08
4.6628	3.64795e-08
4.6629	3.28852e-08
4.663	2.67912e-08
4.6631	2.98794e-08
4.6632	3.06542e-08
4.6633	2.28165e-08
4.6634	3.82262e-08
4.6635	4.73195e-08
4.6636	3.73179e-08
4.6637	3.44047e-08
4.6638	3.01205e-08
4.6639	2.83646e-08
4.664	3.866e-08
4.6641	3.90149e-08
4.6642	2.8308e-08
4.6643	2.64504e-08
4.6644	2.59172e-08
4.6645	3.78621e-08
4.6646	3.17551e-08
4.6647	3.25701e-08
4.6648	2.9329e-08
4.6649	3.17267e-08
4.665	3.53062e-08
4.6651	2.76537e-08
4.6652	3.11012e-08
4.6653	2.58279e-08
4.6654	2.40653e-08
4.6655	2.92761e-08
4.6656	3.4073e-08
4.6657	2.77453e-08
4.6658	4.00321e-08
4.6659	3.22439e-08
4.666	2.99551e-08
4.6661	4.42242e-08
4.6662	3.5489e-08
4.6663	2.83698e-08
4.6664	4.06116e-08
4.6665	2.46441e-08
4.6666	2.83185e-08
4.6667	2.96881e-08
4.6668	3.25119e-08
4.6669	4.05093e-08
4.667	3.29595e-08
4.6671	3.24458e-08
4.6672	2.76675e-08
4.6673	3.40897e-08
4.6674	5.62082e-08
4.6675	3.26681e-08
4.6676	2.2002e-08
4.6677	2.88761e-08
4.6678	2.27887e-08
4.6679	2.95333e-08
4.668	3.76091e-08
4.6681	4.26922e-08
4.6682	3.88024e-08
4.6683	4.16163e-08
4.6684	4.01598e-08
4.6685	2.94983e-08
4.6686	4.03791e-08
4.6687	3.60963e-08
4.6688	2.65864e-08
4.6689	3.04309e-08
4.669	3.68672e-08
4.6691	3.2971e-08
4.6692	3.5969e-08
4.6693	3.70006e-08
4.6694	2.99305e-08
4.6695	2.94478e-08
4.6696	3.76086e-08
4.6697	2.38148e-08
4.6698	3.05198e-08
4.6699	3.32316e-08
4.67	3.24076e-08
4.6701	3.17961e-08
4.6702	4.09052e-08
4.6703	3.34473e-08
4.6704	4.85573e-08
4.6705	4.22831e-08
4.6706	3.00377e-08
4.6707	4.2701e-08
4.6708	4.59528e-08
4.6709	3.59421e-08
4.671	3.17821e-08
4.6711	4.22862e-08
4.6712	2.56375e-08
4.6713	3.33041e-08
4.6714	2.9495e-08
4.6715	3.01428e-08
4.6716	4.05726e-08
4.6717	3.28118e-08
4.6718	3.17064e-08
4.6719	2.53321e-08
4.672	3.1526e-08
4.6721	3.14465e-08
4.6722	2.00382e-08
4.6723	2.39263e-08
4.6724	2.76654e-08
4.6725	2.55555e-08
4.6726	3.07573e-08
4.6727	3.97717e-08
4.6728	3.49693e-08
4.6729	3.67075e-08
4.673	3.06867e-08
4.6731	2.62746e-08
4.6732	2.98237e-08
4.6733	2.64105e-08
4.6734	3.6939e-08
4.6735	3.1404e-08
4.6736	3.32123e-08
4.6737	2.69655e-08
4.6738	2.70027e-08
4.6739	3.88923e-08
4.674	2.50345e-08
4.6741	3.26648e-08
4.6742	2.83979e-08
4.6743	2.73506e-08
4.6744	3.1818e-08
4.6745	1.87279e-08
4.6746	2.96598e-08
4.6747	3.3535e-08
4.6748	3.56248e-08
4.6749	2.65058e-08
4.675	2.60942e-08
4.6751	3.87515e-08
4.6752	3.48324e-08
4.6753	3.23579e-08
4.6754	2.44084e-08
4.6755	2.95261e-08
4.6756	2.86723e-08
4.6757	3.9308e-08
4.6758	3.11296e-08
4.6759	2.96323e-08
4.676	3.61917e-08
4.6761	2.96281e-08
4.6762	2.39454e-08
4.6763	2.43799e-08
4.6764	2.58664e-08
4.6765	2.51455e-08
4.6766	2.31929e-08
4.6767	2.49342e-08
4.6768	2.32896e-08
4.6769	3.14662e-08
4.677	4.26722e-08
4.6771	2.24976e-08
4.6772	2.81889e-08
4.6773	4.29997e-08
4.6774	4.01155e-08
4.6775	3.76985e-08
4.6776	2.28493e-08
4.6777	2.83364e-08
4.6778	2.64207e-08
4.6779	2.59413e-08
4.678	2.67471e-08
4.6781	4.23439e-08
4.6782	2.7276e-08
4.6783	3.46431e-08
4.6784	3.48459e-08
4.6785	2.62588e-08
4.6786	2.9066e-08
4.6787	4.13257e-08
4.6788	2.36214e-08
4.6789	2.66433e-08
4.679	2.45272e-08
4.6791	3.45329e-08
4.6792	3.1693e-08
4.6793	2.49127e-08
4.6794	3.43354e-08
4.6795	2.80543e-08
4.6796	4.65187e-08
4.6797	3.37886e-08
4.6798	2.6747e-08
4.6799	2.67026e-08
4.68	2.91679e-08
4.6801	2.61141e-08
4.6802	2.64905e-08
4.6803	2.08418e-08
4.6804	2.74176e-08
4.6805	3.45196e-08
4.6806	3.76611e-08
4.6807	4.11696e-08
4.6808	3.25591e-08
4.6809	2.61427e-08
4.681	3.11594e-08
4.6811	2.64341e-08
4.6812	4.02499e-08
4.6813	2.67297e-08
4.6814	4.09119e-08
4.6815	2.32923e-08
4.6816	2.46184e-08
4.6817	3.03709e-08
4.6818	3.2672e-08
4.6819	3.01272e-08
4.682	4.39049e-08
4.6821	2.7773e-08
4.6822	3.59093e-08
4.6823	3.47173e-08
4.6824	2.81563e-08
4.6825	4.50256e-08
4.6826	2.41503e-08
4.6827	3.02404e-08
4.6828	2.72335e-08
4.6829	2.91011e-08
4.683	2.54131e-08
4.6831	3.57986e-08
4.6832	3.60381e-08
4.6833	4.19047e-08
4.6834	3.62392e-08
4.6835	4.23277e-08
4.6836	3.56251e-08
4.6837	4.18193e-08
4.6838	3.73479e-08
4.6839	3.12965e-08
4.684	2.97809e-08
4.6841	4.26414e-08
4.6842	3.67314e-08
4.6843	3.41951e-08
4.6844	3.34935e-08
4.6845	3.1054e-08
4.6846	2.11201e-08
4.6847	3.39252e-08
4.6848	3.54359e-08
4.6849	3.19094e-08
4.685	3.6863e-08
4.6851	2.60428e-08
4.6852	2.21505e-08
4.6853	3.13054e-08
4.6854	2.95e-08
4.6855	3.21174e-08
4.6856	4.22323e-08
4.6857	2.89676e-08
4.6858	4.5581e-08
4.6859	4.17348e-08
4.686	3.39368e-08
4.6861	2.56584e-08
4.6862	3.78248e-08
4.6863	4.73805e-08
4.6864	4.14419e-08
4.6865	2.57817e-08
4.6866	2.80781e-08
4.6867	3.37555e-08
4.6868	3.38363e-08
4.6869	3.20963e-08
4.687	3.13207e-08
4.6871	3.27008e-08
4.6872	2.97933e-08
4.6873	2.23375e-08
4.6874	2.07833e-08
4.6875	2.33191e-08
4.6876	4.16916e-08
4.6877	3.54801e-08
4.6878	2.93647e-08
4.6879	2.58199e-08
4.688	4.32917e-08
4.6881	3.15999e-08
4.6882	4.09879e-08
4.6883	3.14076e-08
4.6884	4.25094e-08
4.6885	4.58187e-08
4.6886	3.80367e-08
4.6887	4.10904e-08
4.6888	3.50631e-08
4.6889	2.20546e-08
4.689	3.71175e-08
4.6891	2.77477e-08
4.6892	3.79132e-08
4.6893	2.33193e-08
4.6894	2.16972e-08
4.6895	2.67806e-08
4.6896	2.82274e-08
4.6897	2.75271e-08
4.6898	2.54107e-08
4.6899	2.97831e-08
4.69	3.152e-08
4.6901	4.04613e-08
4.6902	3.4543e-08
4.6903	3.58516e-08
4.6904	4.30969e-08
4.6905	3.86553e-08
4.6906	2.84804e-08
4.6907	4.59946e-08
4.6908	3.07882e-08
4.6909	3.62634e-08
4.691	2.87702e-08
4.6911	3.55934e-08
4.6912	3.06131e-08
4.6913	3.00976e-08
4.6914	2.92413e-08
4.6915	2.41486e-08
4.6916	3.13898e-08
4.6917	2.78093e-08
4.6918	2.67391e-08
4.6919	1.96543e-08
4.692	1.97408e-08
4.6921	3.17823e-08
4.6922	2.17274e-08
4.6923	3.26806e-08
4.6924	3.54517e-08
4.6925	3.08047e-08
4.6926	3.33016e-08
4.6927	4.11897e-08
4.6928	5.24648e-08
4.6929	3.85746e-08
4.693	2.98669e-08
4.6931	3.05905e-08
4.6932	3.44575e-08
4.6933	3.31606e-08
4.6934	2.71236e-08
4.6935	2.44746e-08
4.6936	2.34012e-08
4.6937	2.99375e-08
4.6938	3.03318e-08
4.6939	2.91899e-08
4.694	3.4406e-08
4.6941	2.68365e-08
4.6942	2.89291e-08
4.6943	2.08506e-08
4.6944	3.19396e-08
4.6945	2.57675e-08
4.6946	2.96596e-08
4.6947	3.5317e-08
4.6948	3.28058e-08
4.6949	3.65396e-08
4.695	3.54619e-08
4.6951	3.65438e-08
4.6952	2.79759e-08
4.6953	4.49575e-08
4.6954	4.24253e-08
4.6955	2.83767e-08
4.6956	3.93143e-08
4.6957	3.02914e-08
4.6958	3.42645e-08
4.6959	3.02025e-08
4.696	3.09697e-08
4.6961	3.00059e-08
4.6962	3.37479e-08
4.6963	2.50569e-08
4.6964	3.54235e-08
4.6965	3.23772e-08
4.6966	3.81598e-08
4.6967	3.50537e-08
4.6968	2.83919e-08
4.6969	4.03338e-08
4.697	3.45433e-08
4.6971	3.76373e-08
4.6972	3.3091e-08
4.6973	3.24701e-08
4.6974	3.24681e-08
4.6975	3.6944e-08
4.6976	4.39437e-08
4.6977	3.12333e-08
4.6978	3.03934e-08
4.6979	3.22617e-08
4.698	2.22678e-08
4.6981	3.2441e-08
4.6982	3.70784e-08
4.6983	4.15514e-08
4.6984	3.05143e-08
4.6985	3.49892e-08
4.6986	3.07718e-08
4.6987	3.24367e-08
4.6988	2.7429e-08
4.6989	2.58374e-08
4.699	2.23293e-08
4.6991	3.04318e-08
4.6992	5.14749e-08
4.6993	4.17643e-08
4.6994	3.15935e-08
4.6995	3.17204e-08
4.6996	3.3931e-08
4.6997	4.4699e-08
4.6998	3.67427e-08
4.6999	2.1164e-08
4.7	2.85215e-08
4.7001	2.85377e-08
4.7002	3.50941e-08
4.7003	2.63291e-08
4.7004	2.91309e-08
4.7005	2.99684e-08
4.7006	3.87276e-08
4.7007	3.05216e-08
4.7008	3.05461e-08
4.7009	3.42456e-08
4.701	3.88019e-08
4.7011	2.53259e-08
4.7012	3.04286e-08
4.7013	4.11146e-08
4.7014	2.67153e-08
4.7015	3.29961e-08
4.7016	3.55422e-08
4.7017	2.75477e-08
4.7018	3.75122e-08
4.7019	2.66607e-08
4.702	3.00308e-08
4.7021	3.38151e-08
4.7022	2.583e-08
4.7023	3.37705e-08
4.7024	3.6485e-08
4.7025	3.66233e-08
4.7026	3.50381e-08
4.7027	3.46254e-08
4.7028	3.883e-08
4.7029	2.87538e-08
4.703	3.64584e-08
4.7031	3.64001e-08
4.7032	2.94105e-08
4.7033	2.68708e-08
4.7034	2.71011e-08
4.7035	2.54257e-08
4.7036	2.98921e-08
4.7037	3.60587e-08
4.7038	4.71219e-08
4.7039	3.51899e-08
4.704	3.47276e-08
4.7041	3.61491e-08
4.7042	4.44837e-08
4.7043	4.09404e-08
4.7044	3.58264e-08
4.7045	2.42831e-08
4.7046	2.88529e-08
4.7047	3.65218e-08
4.7048	3.20196e-08
4.7049	3.2957e-08
4.705	3.31292e-08
4.7051	2.85177e-08
4.7052	3.53652e-08
4.7053	4.68323e-08
4.7054	2.75052e-08
4.7055	2.96498e-08
4.7056	2.60928e-08
4.7057	3.32628e-08
4.7058	3.62203e-08
4.7059	4.27503e-08
4.706	4.79886e-08
4.7061	3.45498e-08
4.7062	3.34613e-08
4.7063	4.57361e-08
4.7064	3.69123e-08
4.7065	3.46114e-08
4.7066	3.42792e-08
4.7067	3.07871e-08
4.7068	3.70735e-08
4.7069	2.77884e-08
4.707	4.4628e-08
4.7071	2.64293e-08
4.7072	3.83346e-08
4.7073	2.81607e-08
4.7074	3.59166e-08
4.7075	3.33616e-08
4.7076	2.48512e-08
4.7077	3.62938e-08
4.7078	3.14496e-08
4.7079	2.28476e-08
4.708	2.02384e-08
4.7081	2.80976e-08
4.7082	2.49306e-08
4.7083	2.63664e-08
4.7084	4.07999e-08
4.7085	3.93054e-08
4.7086	3.39322e-08
4.7087	4.00078e-08
4.7088	2.86711e-08
4.7089	3.25385e-08
4.709	3.27457e-08
4.7091	2.68002e-08
4.7092	3.3721e-08
4.7093	3.17469e-08
4.7094	2.14642e-08
4.7095	3.30661e-08
4.7096	3.87942e-08
4.7097	2.66776e-08
4.7098	3.08112e-08
4.7099	2.73568e-08
4.71	2.73095e-08
4.7101	2.47805e-08
4.7102	2.11035e-08
4.7103	2.63114e-08
4.7104	3.18536e-08
4.7105	3.65882e-08
4.7106	3.65923e-08
4.7107	2.49983e-08
4.7108	3.32767e-08
4.7109	2.8409e-08
4.711	2.67094e-08
4.7111	2.12489e-08
4.7112	3.17215e-08
4.7113	2.49611e-08
4.7114	3.70923e-08
4.7115	3.01851e-08
4.7116	4.01278e-08
4.7117	4.26691e-08
4.7118	2.58845e-08
4.7119	2.60256e-08
4.712	2.54792e-08
4.7121	2.45161e-08
4.7122	2.69059e-08
4.7123	2.59776e-08
4.7124	2.41813e-08
4.7125	2.34698e-08
4.7126	3.02049e-08
4.7127	3.70119e-08
4.7128	2.63142e-08
4.7129	2.82993e-08
4.713	3.71132e-08
4.7131	4.39876e-08
4.7132	4.09863e-08
4.7133	2.44481e-08
4.7134	2.33723e-08
4.7135	3.59495e-08
4.7136	2.4216e-08
4.7137	3.18992e-08
4.7138	4.2676e-08
4.7139	2.6527e-08
4.714	3.82486e-08
4.7141	3.48495e-08
4.7142	2.85501e-08
4.7143	3.27724e-08
4.7144	3.07264e-08
4.7145	2.35363e-08
4.7146	2.51548e-08
4.7147	2.55054e-08
4.7148	2.71696e-08
4.7149	3.29688e-08
4.715	2.2712e-08
4.7151	2.94318e-08
4.7152	3.42967e-08
4.7153	3.54317e-08
4.7154	2.86298e-08
4.7155	2.55043e-08
4.7156	2.92505e-08
4.7157	2.78287e-08
4.7158	2.9344e-08
4.7159	3.87441e-08
4.716	2.28822e-08
4.7161	2.61377e-08
4.7162	3.70695e-08
4.7163	4.15781e-08
4.7164	3.21469e-08
4.7165	3.26163e-08
4.7166	2.99636e-08
4.7167	3.09167e-08
4.7168	3.59933e-08
4.7169	3.41867e-08
4.717	4.18306e-08
4.7171	2.42498e-08
4.7172	2.96945e-08
4.7173	2.78464e-08
4.7174	3.48097e-08
4.7175	3.43057e-08
4.7176	3.2635e-08
4.7177	2.78919e-08
4.7178	2.85925e-08
4.7179	2.6248e-08
4.718	3.54664e-08
4.7181	3.78035e-08
4.7182	3.32917e-08
4.7183	2.62362e-08
4.7184	2.93426e-08
4.7185	2.488e-08
4.7186	3.09152e-08
4.7187	3.45334e-08
4.7188	3.30892e-08
4.7189	3.17004e-08
4.719	4.43573e-08
4.7191	3.91859e-08
4.7192	3.87534e-08
4.7193	2.84649e-08
4.7194	4.01328e-08
4.7195	3.42035e-08
4.7196	3.09404e-08
4.7197	2.75341e-08
4.7198	3.63166e-08
4.7199	3.67984e-08
4.72	3.85133e-08
4.7201	2.84405e-08
4.7202	2.70592e-08
4.7203	2.4504e-08
4.7204	2.99493e-08
4.7205	2.81281e-08
4.7206	3.24772e-08
4.7207	3.25585e-08
4.7208	2.93698e-08
4.7209	2.21891e-08
4.721	2.90608e-08
4.7211	2.56579e-08
4.7212	3.14157e-08
4.7213	3.41606e-08
4.7214	3.20062e-08
4.7215	3.66519e-08
4.7216	3.52044e-08
4.7217	3.4974e-08
4.7218	3.28767e-08
4.7219	4.49168e-08
4.722	4.0961e-08
4.7221	4.48821e-08
4.7222	3.01926e-08
4.7223	2.33789e-08
4.7224	3.27811e-08
4.7225	3.18456e-08
4.7226	4.08014e-08
4.7227	3.70391e-08
4.7228	3.08321e-08
4.7229	2.24001e-08
4.723	2.98615e-08
4.7231	2.2202e-08
4.7232	2.78898e-08
4.7233	3.92629e-08
4.7234	3.13781e-08
4.7235	3.33784e-08
4.7236	2.51427e-08
4.7237	3.59469e-08
4.7238	3.70984e-08
4.7239	3.92008e-08
4.724	3.06632e-08
4.7241	3.57e-08
4.7242	3.11306e-08
4.7243	4.19054e-08
4.7244	3.78755e-08
4.7245	2.71739e-08
4.7246	3.1255e-08
4.7247	3.62187e-08
4.7248	2.91295e-08
4.7249	2.61554e-08
4.725	2.03753e-08
4.7251	2.29958e-08
4.7252	2.3828e-08
4.7253	2.73255e-08
4.7254	3.3203e-08
4.7255	2.18277e-08
4.7256	2.18723e-08
4.7257	3.62147e-08
4.7258	4.29916e-08
4.7259	3.77935e-08
4.726	3.38121e-08
4.7261	3.56841e-08
4.7262	4.61775e-08
4.7263	3.63061e-08
4.7264	3.51582e-08
4.7265	3.3186e-08
4.7266	3.37955e-08
4.7267	3.28859e-08
4.7268	3.68912e-08
4.7269	2.76921e-08
4.727	3.02197e-08
4.7271	2.7072e-08
4.7272	2.53847e-08
4.7273	2.60294e-08
4.7274	2.96772e-08
4.7275	3.32209e-08
4.7276	2.54991e-08
4.7277	1.98447e-08
4.7278	2.29205e-08
4.7279	3.25405e-08
4.728	3.34349e-08
4.7281	3.86612e-08
4.7282	2.79725e-08
4.7283	3.54283e-08
4.7284	4.89666e-08
4.7285	5.34061e-08
4.7286	3.03366e-08
4.7287	2.62522e-08
4.7288	3.42216e-08
4.7289	2.89771e-08
4.729	2.2387e-08
4.7291	3.02575e-08
4.7292	2.6579e-08
4.7293	2.28906e-08
4.7294	3.02371e-08
4.7295	2.93768e-08
4.7296	3.38024e-08
4.7297	1.93413e-08
4.7298	2.72447e-08
4.7299	3.35158e-08
4.73	2.24689e-08
4.7301	2.87466e-08
4.7302	3.56778e-08
4.7303	2.9104e-08
4.7304	4.22185e-08
4.7305	2.74528e-08
4.7306	4.24944e-08
4.7307	3.6512e-08
4.7308	4.19839e-08
4.7309	3.06131e-08
4.731	3.26854e-08
4.7311	3.82611e-08
4.7312	4.00348e-08
4.7313	4.02585e-08
4.7314	3.37862e-08
4.7315	2.47009e-08
4.7316	2.84767e-08
4.7317	3.03351e-08
4.7318	3.48326e-08
4.7319	3.09359e-08
4.732	3.35892e-08
4.7321	3.18519e-08
4.7322	3.34376e-08
4.7323	3.70233e-08
4.7324	3.37424e-08
4.7325	3.54045e-08
4.7326	3.78029e-08
4.7327	3.59203e-08
4.7328	2.45308e-08
4.7329	3.45804e-08
4.733	2.91177e-08
4.7331	4.25033e-08
4.7332	3.04858e-08
4.7333	3.0765e-08
4.7334	3.40625e-08
4.7335	2.84455e-08
4.7336	3.5641e-08
4.7337	2.8254e-08
4.7338	2.73026e-08
4.7339	3.95824e-08
4.734	3.44151e-08
4.7341	2.61031e-08
4.7342	3.64526e-08
4.7343	4.00623e-08
4.7344	3.7049e-08
4.7345	3.27182e-08
4.7346	2.61149e-08
4.7347	2.88981e-08
4.7348	2.77845e-08
4.7349	4.03962e-08
4.735	3.63456e-08
4.7351	3.23942e-08
4.7352	2.94462e-08
4.7353	3.22162e-08
4.7354	4.28899e-08
4.7355	4.34817e-08
4.7356	2.33982e-08
4.7357	3.04383e-08
4.7358	2.919e-08
4.7359	3.27233e-08
4.736	3.08698e-08
4.7361	3.0664e-08
4.7362	3.17028e-08
4.7363	3.01093e-08
4.7364	2.69016e-08
4.7365	2.81774e-08
4.7366	3.44357e-08
4.7367	3.94421e-08
4.7368	3.28274e-08
4.7369	4.21026e-08
4.737	3.28541e-08
4.7371	3.17398e-08
4.7372	3.55584e-08
4.7373	3.52461e-08
4.7374	3.62271e-08
4.7375	4.93525e-08
4.7376	2.77662e-08
4.7377	3.18464e-08
4.7378	3.85081e-08
4.7379	3.03944e-08
4.738	3.15625e-08
4.7381	3.08582e-08
4.7382	4.69108e-08
4.7383	3.73546e-08
4.7384	3.14133e-08
4.7385	3.89929e-08
4.7386	3.31655e-08
4.7387	3.30883e-08
4.7388	4.77028e-08
4.7389	2.396e-08
4.739	3.35913e-08
4.7391	2.95209e-08
4.7392	2.48022e-08
4.7393	3.82922e-08
4.7394	3.05367e-08
4.7395	4.70197e-08
4.7396	4.59059e-08
4.7397	3.38165e-08
4.7398	3.35175e-08
4.7399	3.38025e-08
4.74	3.32922e-08
4.7401	3.05614e-08
4.7402	2.64478e-08
4.7403	2.8671e-08
4.7404	4.01808e-08
4.7405	3.52284e-08
4.7406	3.64887e-08
4.7407	2.67224e-08
4.7408	3.47127e-08
4.7409	3.41554e-08
4.741	2.92848e-08
4.7411	2.68963e-08
4.7412	3.50922e-08
4.7413	2.81054e-08
4.7414	2.53052e-08
4.7415	3.70277e-08
4.7416	4.20206e-08
4.7417	4.32855e-08
4.7418	3.75542e-08
4.7419	3.85716e-08
4.742	3.663e-08
4.7421	3.86229e-08
4.7422	3.39729e-08
4.7423	2.9534e-08
4.7424	2.86487e-08
4.7425	3.58827e-08
4.7426	3.18466e-08
4.7427	4.32054e-08
4.7428	3.64484e-08
4.7429	3.42224e-08
4.743	3.68829e-08
4.7431	4.41654e-08
4.7432	2.62795e-08
4.7433	2.48928e-08
4.7434	2.84564e-08
4.7435	2.82281e-08
4.7436	2.26651e-08
4.7437	2.16517e-08
4.7438	3.20381e-08
4.7439	3.26581e-08
4.744	2.91906e-08
4.7441	3.25376e-08
4.7442	4.07125e-08
4.7443	3.24991e-08
4.7444	4.04968e-08
4.7445	3.40715e-08
4.7446	3.01848e-08
4.7447	2.73279e-08
4.7448	3.0623e-08
4.7449	3.27784e-08
4.745	2.66049e-08
4.7451	3.13433e-08
4.7452	2.77854e-08
4.7453	2.85594e-08
4.7454	2.37174e-08
4.7455	3.23858e-08
4.7456	3.36142e-08
4.7457	3.37586e-08
4.7458	3.11517e-08
4.7459	2.60631e-08
4.746	2.90297e-08
4.7461	2.78327e-08
4.7462	3.53485e-08
4.7463	2.95223e-08
4.7464	2.90364e-08
4.7465	4.12932e-08
4.7466	3.65784e-08
4.7467	3.21761e-08
4.7468	2.81066e-08
4.7469	2.92613e-08
4.747	3.14696e-08
4.7471	3.42867e-08
4.7472	3.77594e-08
4.7473	3.01358e-08
4.7474	3.26222e-08
4.7475	2.76691e-08
4.7476	2.15962e-08
4.7477	2.21467e-08
4.7478	2.8519e-08
4.7479	2.68537e-08
4.748	2.7612e-08
4.7481	1.79759e-08
4.7482	2.31523e-08
4.7483	3.32722e-08
4.7484	3.09993e-08
4.7485	2.55584e-08
4.7486	3.32477e-08
4.7487	3.76702e-08
4.7488	3.62675e-08
4.7489	3.58767e-08
4.749	2.8924e-08
4.7491	2.79935e-08
4.7492	3.43211e-08
4.7493	3.14964e-08
4.7494	3.65103e-08
4.7495	2.67832e-08
4.7496	3.04659e-08
4.7497	2.85921e-08
4.7498	3.10865e-08
4.7499	2.56018e-08
4.75	3.56501e-08
4.7501	2.65026e-08
4.7502	2.13367e-08
4.7503	2.99384e-08
4.7504	2.23954e-08
4.7505	2.59364e-08
4.7506	3.31815e-08
4.7507	2.85241e-08
4.7508	3.00183e-08
4.7509	3.38581e-08
4.751	3.76286e-08
4.7511	2.95607e-08
4.7512	2.69412e-08
4.7513	2.63475e-08
4.7514	3.23864e-08
4.7515	3.09695e-08
4.7516	2.83579e-08
4.7517	2.87e-08
4.7518	3.67927e-08
4.7519	3.74777e-08
4.752	2.90307e-08
4.7521	3.26535e-08
4.7522	3.46672e-08
4.7523	3.04291e-08
4.7524	2.03969e-08
4.7525	3.85223e-08
4.7526	2.95944e-08
4.7527	3.80735e-08
4.7528	3.33927e-08
4.7529	2.66269e-08
4.753	2.27132e-08
4.7531	3.17942e-08
4.7532	3.67691e-08
4.7533	4.451e-08
4.7534	2.62268e-08
4.7535	3.82695e-08
4.7536	3.802e-08
4.7537	3.68375e-08
4.7538	3.20666e-08
4.7539	3.51955e-08
4.754	3.53805e-08
4.7541	2.87593e-08
4.7542	2.43854e-08
4.7543	2.71779e-08
4.7544	3.96692e-08
4.7545	3.31645e-08
4.7546	3.39389e-08
4.7547	4.47281e-08
4.7548	4.26751e-08
4.7549	3.4537e-08
4.755	3.13096e-08
4.7551	3.69642e-08
4.7552	3.9588e-08
4.7553	2.76945e-08
4.7554	3.25391e-08
4.7555	3.69852e-08
4.7556	2.86625e-08
4.7557	3.24644e-08
4.7558	2.90862e-08
4.7559	3.42474e-08
4.756	2.39116e-08
4.7561	2.89445e-08
4.7562	3.26349e-08
4.7563	3.98625e-08
4.7564	2.3533e-08
4.7565	2.63891e-08
4.7566	2.22713e-08
4.7567	3.22837e-08
4.7568	3.44721e-08
4.7569	3.50189e-08
4.757	2.6933e-08
4.7571	4.00272e-08
4.7572	4.94869e-08
4.7573	3.69472e-08
4.7574	2.85918e-08
4.7575	2.85069e-08
4.7576	2.85785e-08
4.7577	4.42359e-08
4.7578	4.24616e-08
4.7579	2.66325e-08
4.758	3.05495e-08
4.7581	2.8357e-08
4.7582	2.8246e-08
4.7583	3.23918e-08
4.7584	3.70828e-08
4.7585	2.92908e-08
4.7586	2.57693e-08
4.7587	2.89929e-08
4.7588	2.89594e-08
4.7589	3.0723e-08
4.759	4.74167e-08
4.7591	3.20223e-08
4.7592	2.88491e-08
4.7593	3.03938e-08
4.7594	3.78386e-08
4.7595	4.09998e-08
4.7596	2.99291e-08
4.7597	2.98981e-08
4.7598	3.88307e-08
4.7599	3.79608e-08
4.76	3.82742e-08
4.7601	3.9091e-08
4.7602	2.41412e-08
4.7603	2.69829e-08
4.7604	3.94984e-08
4.7605	2.829e-08
4.7606	2.99683e-08
4.7607	2.55878e-08
4.7608	2.59247e-08
4.7609	3.09364e-08
4.761	2.72188e-08
4.7611	3.1423e-08
4.7612	2.41298e-08
4.7613	2.29066e-08
4.7614	4.30383e-08
4.7615	4.34395e-08
4.7616	2.96515e-08
4.7617	3.78181e-08
4.7618	4.04297e-08
4.7619	3.26867e-08
4.762	4.45887e-08
4.7621	3.1693e-08
4.7622	3.18561e-08
4.7623	3.05511e-08
4.7624	4.75481e-08
4.7625	2.80239e-08
4.7626	3.28307e-08
4.7627	3.16039e-08
4.7628	2.52151e-08
4.7629	2.39117e-08
4.763	2.98247e-08
4.7631	3.22918e-08
4.7632	2.63865e-08
4.7633	3.30363e-08
4.7634	1.89301e-08
4.7635	2.74769e-08
4.7636	3.5962e-08
4.7637	3.14438e-08
4.7638	4.19034e-08
4.7639	3.03944e-08
4.764	3.91572e-08
4.7641	4.49468e-08
4.7642	3.36453e-08
4.7643	3.34745e-08
4.7644	4.37395e-08
4.7645	4.1048e-08
4.7646	3.83585e-08
4.7647	2.90285e-08
4.7648	3.1786e-08
4.7649	2.81513e-08
4.765	2.64944e-08
4.7651	2.96448e-08
4.7652	3.58362e-08
4.7653	3.73523e-08
4.7654	2.66462e-08
4.7655	2.0513e-08
4.7656	3.40808e-08
4.7657	2.66188e-08
4.7658	2.03743e-08
4.7659	3.47074e-08
4.766	2.78214e-08
4.7661	4.2406e-08
4.7662	3.87972e-08
4.7663	2.96747e-08
4.7664	3.62826e-08
4.7665	4.03541e-08
4.7666	2.75826e-08
4.7667	3.35033e-08
4.7668	3.59473e-08
4.7669	4.05995e-08
4.767	3.57791e-08
4.7671	3.66416e-08
4.7672	2.55065e-08
4.7673	2.94751e-08
4.7674	3.19004e-08
4.7675	2.48228e-08
4.7676	3.02987e-08
4.7677	3.27969e-08
4.7678	2.87323e-08
4.7679	3.16107e-08
4.768	2.9438e-08
4.7681	3.68372e-08
4.7682	3.33858e-08
4.7683	2.96479e-08
4.7684	3.47438e-08
4.7685	3.06796e-08
4.7686	3.16624e-08
4.7687	2.90956e-08
4.7688	3.39131e-08
4.7689	3.82455e-08
4.769	3.95033e-08
4.7691	2.85024e-08
4.7692	2.63967e-08
4.7693	2.8485e-08
4.7694	3.23675e-08
4.7695	3.26477e-08
4.7696	3.75874e-08
4.7697	3.81517e-08
4.7698	3.37796e-08
4.7699	3.17987e-08
4.77	2.9644e-08
4.7701	3.72057e-08
4.7702	3.41917e-08
4.7703	2.18196e-08
4.7704	3.49576e-08
4.7705	3.57525e-08
4.7706	3.8317e-08
4.7707	3.94373e-08
4.7708	3.24241e-08
4.7709	3.42881e-08
4.771	3.74828e-08
4.7711	3.49034e-08
4.7712	3.67438e-08
4.7713	2.80475e-08
4.7714	2.80879e-08
4.7715	3.84044e-08
4.7716	2.57929e-08
4.7717	3.04127e-08
4.7718	3.29118e-08
4.7719	3.50168e-08
4.772	3.36165e-08
4.7721	3.85174e-08
4.7722	2.63385e-08
4.7723	3.12762e-08
4.7724	2.80376e-08
4.7725	3.15885e-08
4.7726	3.43637e-08
4.7727	3.02943e-08
4.7728	3.16727e-08
4.7729	2.97682e-08
4.773	3.36717e-08
4.7731	3.35594e-08
4.7732	4.00723e-08
4.7733	2.25378e-08
4.7734	4.06678e-08
4.7735	2.1689e-08
4.7736	2.84126e-08
4.7737	3.0565e-08
4.7738	2.9948e-08
4.7739	3.16783e-08
4.774	3.63984e-08
4.7741	2.80986e-08
4.7742	3.03726e-08
4.7743	3.57091e-08
4.7744	4.07433e-08
4.7745	3.57088e-08
4.7746	2.52863e-08
4.7747	2.66064e-08
4.7748	2.30125e-08
4.7749	2.64744e-08
4.775	2.94321e-08
4.7751	4.31663e-08
4.7752	4.13215e-08
4.7753	4.47185e-08
4.7754	2.91593e-08
4.7755	4.84079e-08
4.7756	4.50001e-08
4.7757	4.06917e-08
4.7758	2.44306e-08
4.7759	3.03643e-08
4.776	3.0124e-08
4.7761	3.60386e-08
4.7762	4.00454e-08
4.7763	3.60368e-08
4.7764	2.48568e-08
4.7765	3.32512e-08
4.7766	4.04022e-08
4.7767	2.81457e-08
4.7768	2.80859e-08
4.7769	3.42293e-08
4.777	2.8703e-08
4.7771	3.29482e-08
4.7772	3.71598e-08
4.7773	4.85158e-08
4.7774	3.93771e-08
4.7775	3.50062e-08
4.7776	2.91224e-08
4.7777	4.37472e-08
4.7778	3.74567e-08
4.7779	3.37823e-08
4.778	3.40024e-08
4.7781	3.42304e-08
4.7782	3.0826e-08
4.7783	3.39877e-08
4.7784	3.28849e-08
4.7785	2.65005e-08
4.7786	2.87474e-08
4.7787	3.1868e-08
4.7788	3.39887e-08
4.7789	2.45724e-08
4.779	2.83861e-08
4.7791	2.79136e-08
4.7792	3.374e-08
4.7793	2.61986e-08
4.7794	2.30285e-08
4.7795	2.41133e-08
4.7796	3.06518e-08
4.7797	3.81869e-08
4.7798	3.31773e-08
4.7799	3.83359e-08
4.78	3.14087e-08
4.7801	3.17339e-08
4.7802	2.29611e-08
4.7803	3.37071e-08
4.7804	3.7692e-08
4.7805	2.99327e-08
4.7806	3.6922e-08
4.7807	2.58423e-08
4.7808	2.91504e-08
4.7809	3.66047e-08
4.781	2.86086e-08
4.7811	3.31442e-08
4.7812	2.39822e-08
4.7813	3.45456e-08
4.7814	2.98786e-08
4.7815	2.63032e-08
4.7816	2.78647e-08
4.7817	3.26331e-08
4.7818	2.61736e-08
4.7819	2.61255e-08
4.782	3.86978e-08
4.7821	4.37403e-08
4.7822	3.46755e-08
4.7823	3.3436e-08
4.7824	2.76596e-08
4.7825	2.76084e-08
4.7826	3.38802e-08
4.7827	2.81544e-08
4.7828	3.12412e-08
4.7829	4.19207e-08
4.783	2.97702e-08
4.7831	3.11499e-08
4.7832	2.14839e-08
4.7833	2.22446e-08
4.7834	2.44032e-08
4.7835	3.2097e-08
4.7836	2.4695e-08
4.7837	2.8396e-08
4.7838	2.18078e-08
4.7839	2.76639e-08
4.784	2.71843e-08
4.7841	2.5171e-08
4.7842	2.73784e-08
4.7843	3.1422e-08
4.7844	4.76725e-08
4.7845	4.63295e-08
4.7846	2.61037e-08
4.7847	2.37951e-08
4.7848	3.0491e-08
4.7849	2.68466e-08
4.785	3.07269e-08
4.7851	2.89859e-08
4.7852	3.13618e-08
4.7853	3.66719e-08
4.7854	3.85149e-08
4.7855	2.29179e-08
4.7856	2.42815e-08
4.7857	4.50049e-08
4.7858	2.26461e-08
4.7859	2.99262e-08
4.786	2.21265e-08
4.7861	3.09034e-08
4.7862	3.13875e-08
4.7863	2.62405e-08
4.7864	3.32419e-08
4.7865	3.28047e-08
4.7866	3.62588e-08
4.7867	4.46083e-08
4.7868	3.02454e-08
4.7869	3.36005e-08
4.787	2.85556e-08
4.7871	2.79774e-08
4.7872	3.76558e-08
4.7873	2.7025e-08
4.7874	2.99591e-08
4.7875	3.18097e-08
4.7876	4.28198e-08
4.7877	2.74349e-08
4.7878	3.65307e-08
4.7879	2.56693e-08
4.788	2.86557e-08
4.7881	3.31771e-08
4.7882	3.42594e-08
4.7883	3.12768e-08
4.7884	3.78446e-08
4.7885	2.29016e-08
4.7886	2.96795e-08
4.7887	2.59143e-08
4.7888	3.2896e-08
4.7889	3.70967e-08
4.789	4.48616e-08
4.7891	3.39033e-08
4.7892	3.12435e-08
4.7893	3.84377e-08
4.7894	2.34336e-08
4.7895	3.82265e-08
4.7896	2.91564e-08
4.7897	2.96397e-08
4.7898	2.48557e-08
4.7899	2.27072e-08
4.79	3.49519e-08
4.7901	3.6031e-08
4.7902	3.2804e-08
4.7903	3.25594e-08
4.7904	3.51524e-08
4.7905	4.06459e-08
4.7906	4.19254e-08
4.7907	3.5394e-08
4.7908	3.77715e-08
4.7909	3.09864e-08
4.791	3.28532e-08
4.7911	3.94504e-08
4.7912	3.6802e-08
4.7913	2.95026e-08
4.7914	2.8419e-08
4.7915	2.76628e-08
4.7916	2.78034e-08
4.7917	3.10475e-08
4.7918	3.60028e-08
4.7919	3.48626e-08
4.792	3.2206e-08
4.7921	3.21499e-08
4.7922	2.30043e-08
4.7923	2.19754e-08
4.7924	3.38688e-08
4.7925	3.00961e-08
4.7926	3.21252e-08
4.7927	2.98829e-08
4.7928	4.62998e-08
4.7929	4.0448e-08
4.793	3.77157e-08
4.7931	3.17093e-08
4.7932	3.57295e-08
4.7933	3.58347e-08
4.7934	2.89202e-08
4.7935	4.06885e-08
4.7936	2.7101e-08
4.7937	3.48118e-08
4.7938	2.72734e-08
4.7939	2.76215e-08
4.794	3.56128e-08
4.7941	3.96843e-08
4.7942	2.20318e-08
4.7943	2.23027e-08
4.7944	2.37165e-08
4.7945	2.42485e-08
4.7946	3.08717e-08
4.7947	3.77298e-08
4.7948	2.80846e-08
4.7949	3.15622e-08
4.795	4.16185e-08
4.7951	3.30444e-08
4.7952	2.47227e-08
4.7953	3.91546e-08
4.7954	3.94178e-08
4.7955	4.27697e-08
4.7956	3.37253e-08
4.7957	4.40269e-08
4.7958	2.91476e-08
4.7959	2.86512e-08
4.796	3.58531e-08
4.7961	3.43333e-08
4.7962	3.27813e-08
4.7963	2.7178e-08
4.7964	2.56699e-08
4.7965	2.28266e-08
4.7966	2.34447e-08
4.7967	2.30496e-08
4.7968	3.04211e-08
4.7969	2.39919e-08
4.797	2.42102e-08
4.7971	3.58182e-08
4.7972	3.88421e-08
4.7973	2.84007e-08
4.7974	4.0226e-08
4.7975	4.30602e-08
4.7976	2.97241e-08
4.7977	4.30784e-08
4.7978	2.7417e-08
4.7979	2.92721e-08
4.798	2.66997e-08
4.7981	3.83743e-08
4.7982	3.10059e-08
4.7983	3.45713e-08
4.7984	3.23514e-08
4.7985	2.6846e-08
4.7986	3.03612e-08
4.7987	2.29205e-08
4.7988	2.1697e-08
4.7989	2.76416e-08
4.799	2.66563e-08
4.7991	1.97144e-08
4.7992	3.04296e-08
4.7993	2.56801e-08
4.7994	3.61758e-08
4.7995	3.12333e-08
4.7996	2.86002e-08
4.7997	3.76179e-08
4.7998	4.70246e-08
4.7999	4.22756e-08
4.8	3.32968e-08
4.8001	4.15204e-08
4.8002	3.45108e-08
4.8003	3.49873e-08
4.8004	2.20667e-08
4.8005	2.70739e-08
4.8006	2.73552e-08
4.8007	2.53651e-08
4.8008	3.05785e-08
4.8009	3.03727e-08
4.801	3.995e-08
4.8011	2.1312e-08
4.8012	2.58152e-08
4.8013	3.18697e-08
4.8014	2.72392e-08
4.8015	2.94956e-08
4.8016	3.04998e-08
4.8017	2.59942e-08
4.8018	3.74309e-08
4.8019	3.15367e-08
4.802	4.25969e-08
4.8021	3.61503e-08
4.8022	3.61441e-08
4.8023	3.79873e-08
4.8024	4.02149e-08
4.8025	3.0426e-08
4.8026	3.82134e-08
4.8027	3.4412e-08
4.8028	3.48056e-08
4.8029	2.34937e-08
4.803	3.39791e-08
4.8031	3.26569e-08
4.8032	2.86028e-08
4.8033	3.38197e-08
4.8034	3.33025e-08
4.8035	3.29223e-08
4.8036	3.13419e-08
4.8037	4.2716e-08
4.8038	3.43938e-08
4.8039	3.48911e-08
4.804	3.74915e-08
4.8041	3.74258e-08
4.8042	3.1612e-08
4.8043	3.02499e-08
4.8044	3.26124e-08
4.8045	3.66563e-08
4.8046	3.84159e-08
4.8047	3.08158e-08
4.8048	2.53565e-08
4.8049	3.33448e-08
4.805	2.48336e-08
4.8051	3.37721e-08
4.8052	3.57744e-08
4.8053	3.40181e-08
4.8054	3.80422e-08
4.8055	2.79975e-08
4.8056	3.1518e-08
4.8057	2.77165e-08
4.8058	3.4009e-08
4.8059	3.008e-08
4.806	2.25208e-08
4.8061	3.50471e-08
4.8062	3.52315e-08
4.8063	3.52936e-08
4.8064	3.57307e-08
4.8065	2.84508e-08
4.8066	3.38844e-08
4.8067	4.02062e-08
4.8068	3.71306e-08
4.8069	3.57451e-08
4.807	2.45424e-08
4.8071	2.85928e-08
4.8072	2.98202e-08
4.8073	2.96859e-08
4.8074	3.08442e-08
4.8075	3.52893e-08
4.8076	3.0225e-08
4.8077	2.8802e-08
4.8078	3.2599e-08
4.8079	3.81521e-08
4.808	3.16641e-08
4.8081	2.60859e-08
4.8082	3.00711e-08
4.8083	3.06718e-08
4.8084	2.89267e-08
4.8085	3.49523e-08
4.8086	3.0029e-08
4.8087	3.23377e-08
4.8088	3.92544e-08
4.8089	3.40163e-08
4.809	2.86848e-08
4.8091	4.03353e-08
4.8092	2.38201e-08
4.8093	2.69944e-08
4.8094	2.72547e-08
4.8095	3.80049e-08
4.8096	3.64025e-08
4.8097	3.31252e-08
4.8098	3.01613e-08
4.8099	2.83895e-08
4.81	3.46407e-08
4.8101	4.82622e-08
4.8102	4.35095e-08
4.8103	2.39331e-08
4.8104	3.03178e-08
4.8105	2.49191e-08
4.8106	2.40415e-08
4.8107	3.22252e-08
4.8108	4.4129e-08
4.8109	4.54563e-08
4.811	3.96537e-08
4.8111	4.60548e-08
4.8112	3.72524e-08
4.8113	4.11064e-08
4.8114	2.68489e-08
4.8115	2.83216e-08
4.8116	3.2445e-08
4.8117	3.4415e-08
4.8118	3.06666e-08
4.8119	3.72847e-08
4.812	4.05665e-08
4.8121	2.51831e-08
4.8122	3.2592e-08
4.8123	4.07805e-08
4.8124	2.72488e-08
4.8125	2.99643e-08
4.8126	3.59221e-08
4.8127	3.27044e-08
4.8128	2.98584e-08
4.8129	3.88119e-08
4.813	3.81316e-08
4.8131	4.47873e-08
4.8132	3.74132e-08
4.8133	4.13419e-08
4.8134	4.49004e-08
4.8135	3.84287e-08
4.8136	3.17108e-08
4.8137	3.805e-08
4.8138	3.71562e-08
4.8139	2.89454e-08
4.814	4.4236e-08
4.8141	2.89783e-08
4.8142	3.51384e-08
4.8143	3.57307e-08
4.8144	3.53137e-08
4.8145	3.33167e-08
4.8146	2.76452e-08
4.8147	3.71532e-08
4.8148	2.96144e-08
4.8149	2.57884e-08
4.815	2.47437e-08
4.8151	2.46445e-08
4.8152	3.10882e-08
4.8153	3.35208e-08
4.8154	3.91143e-08
4.8155	3.87983e-08
4.8156	3.7935e-08
4.8157	3.26044e-08
4.8158	2.95326e-08
4.8159	2.80404e-08
4.816	2.51355e-08
4.8161	3.85541e-08
4.8162	3.13353e-08
4.8163	3.33582e-08
4.8164	2.31915e-08
4.8165	3.55391e-08
4.8166	3.90175e-08
4.8167	2.3049e-08
4.8168	3.24089e-08
4.8169	2.58943e-08
4.817	3.018e-08
4.8171	3.04408e-08
4.8172	2.13349e-08
4.8173	2.60078e-08
4.8174	3.05604e-08
4.8175	3.02912e-08
4.8176	3.3965e-08
4.8177	2.94022e-08
4.8178	3.01484e-08
4.8179	4.33568e-08
4.818	3.0636e-08
4.8181	2.54358e-08
4.8182	2.53667e-08
4.8183	2.8191e-08
4.8184	3.45222e-08
4.8185	3.37121e-08
4.8186	3.02048e-08
4.8187	3.70607e-08
4.8188	3.64122e-08
4.8189	2.45177e-08
4.819	2.49086e-08
4.8191	2.6131e-08
4.8192	2.4811e-08
4.8193	2.18628e-08
4.8194	2.30323e-08
4.8195	1.94989e-08
4.8196	2.54569e-08
4.8197	2.97773e-08
4.8198	2.69509e-08
4.8199	2.78912e-08
4.82	3.39972e-08
4.8201	3.50696e-08
4.8202	4.58742e-08
4.8203	2.84766e-08
4.8204	2.46089e-08
4.8205	2.77785e-08
4.8206	2.50791e-08
4.8207	3.14187e-08
4.8208	4.07435e-08
4.8209	2.86153e-08
4.821	3.27575e-08
4.8211	2.99658e-08
4.8212	2.73608e-08
4.8213	2.63766e-08
4.8214	4.56839e-08
4.8215	2.51751e-08
4.8216	2.96126e-08
4.8217	2.33098e-08
4.8218	2.86202e-08
4.8219	2.33867e-08
4.822	2.88515e-08
4.8221	2.93103e-08
4.8222	2.50296e-08
4.8223	4.62069e-08
4.8224	3.40162e-08
4.8225	2.53954e-08
4.8226	3.383e-08
4.8227	3.47203e-08
4.8228	3.50785e-08
4.8229	3.24981e-08
4.823	2.27036e-08
4.8231	2.60538e-08
4.8232	3.73331e-08
4.8233	3.09409e-08
4.8234	2.93518e-08
4.8235	4.08859e-08
4.8236	2.89986e-08
4.8237	2.31518e-08
4.8238	3.07523e-08
4.8239	4.84402e-08
4.824	2.64428e-08
4.8241	3.31523e-08
4.8242	2.09753e-08
4.8243	3.07253e-08
4.8244	2.64692e-08
4.8245	3.5687e-08
4.8246	3.09189e-08
4.8247	4.26593e-08
4.8248	3.17068e-08
4.8249	2.48889e-08
4.825	3.47264e-08
4.8251	2.79601e-08
4.8252	3.53879e-08
4.8253	3.46322e-08
4.8254	2.38886e-08
4.8255	2.70687e-08
4.8256	2.67783e-08
4.8257	2.75872e-08
4.8258	3.54489e-08
4.8259	3.5028e-08
4.826	3.96726e-08
4.8261	3.66878e-08
4.8262	3.27429e-08
4.8263	3.71588e-08
4.8264	3.27676e-08
4.8265	2.79616e-08
4.8266	3.31713e-08
4.8267	2.41188e-08
4.8268	3.79168e-08
4.8269	4.00877e-08
4.827	3.66448e-08
4.8271	3.42938e-08
4.8272	2.95892e-08
4.8273	2.55458e-08
4.8274	2.90221e-08
4.8275	3.95465e-08
4.8276	3.55793e-08
4.8277	3.76595e-08
4.8278	2.96557e-08
4.8279	2.50044e-08
4.828	2.76008e-08
4.8281	2.4395e-08
4.8282	2.95976e-08
4.8283	3.78348e-08
4.8284	2.38917e-08
4.8285	4.18684e-08
4.8286	4.30614e-08
4.8287	4.44343e-08
4.8288	2.47604e-08
4.8289	4.01005e-08
4.829	4.55981e-08
4.8291	2.68736e-08
4.8292	4.12837e-08
4.8293	2.60714e-08
4.8294	3.21441e-08
4.8295	2.8613e-08
4.8296	3.03168e-08
4.8297	3.5012e-08
4.8298	3.85244e-08
4.8299	2.78486e-08
4.83	2.37289e-08
4.8301	2.13193e-08
4.8302	2.18653e-08
4.8303	3.85529e-08
4.8304	3.69239e-08
4.8305	2.8357e-08
4.8306	2.85985e-08
4.8307	3.22467e-08
4.8308	3.78238e-08
4.8309	2.70487e-08
4.831	3.59822e-08
4.8311	3.85924e-08
4.8312	3.40671e-08
4.8313	3.8876e-08
4.8314	3.92529e-08
4.8315	3.06344e-08
4.8316	2.36255e-08
4.8317	3.64715e-08
4.8318	4.20982e-08
4.8319	3.11206e-08
4.832	2.237e-08
4.8321	2.23901e-08
4.8322	2.61593e-08
4.8323	2.42245e-08
4.8324	2.59505e-08
4.8325	3.0811e-08
4.8326	2.5028e-08
4.8327	2.60414e-08
4.8328	4.21085e-08
4.8329	4.32862e-08
4.833	3.96776e-08
4.8331	3.08092e-08
4.8332	3.99982e-08
4.8333	3.48482e-08
4.8334	4.7768e-08
4.8335	2.47196e-08
4.8336	3.53825e-08
4.8337	2.62975e-08
4.8338	3.75925e-08
4.8339	3.66279e-08
4.834	3.09333e-08
4.8341	2.90435e-08
4.8342	3.10998e-08
4.8343	2.59557e-08
4.8344	2.64491e-08
4.8345	2.43438e-08
4.8346	2.93053e-08
4.8347	2.89941e-08
4.8348	2.74329e-08
4.8349	2.39377e-08
4.835	2.98035e-08
4.8351	4.12106e-08
4.8352	4.03033e-08
4.8353	2.58095e-08
4.8354	4.01807e-08
4.8355	5.58042e-08
4.8356	4.3217e-08
4.8357	3.12904e-08
4.8358	3.1282e-08
4.8359	4.08411e-08
4.836	3.60868e-08
4.8361	2.77901e-08
4.8362	2.88702e-08
4.8363	2.70419e-08
4.8364	2.79371e-08
4.8365	2.64913e-08
4.8366	3.20697e-08
4.8367	3.78686e-08
4.8368	2.18604e-08
4.8369	2.90655e-08
4.837	3.19815e-08
4.8371	2.81174e-08
4.8372	2.65724e-08
4.8373	3.33989e-08
4.8374	2.20367e-08
4.8375	3.65641e-08
4.8376	3.57224e-08
4.8377	3.21915e-08
4.8378	3.67921e-08
4.8379	4.04167e-08
4.838	3.40374e-08
4.8381	3.59118e-08
4.8382	3.31569e-08
4.8383	3.65909e-08
4.8384	3.67126e-08
4.8385	3.22003e-08
4.8386	2.86304e-08
4.8387	3.28366e-08
4.8388	3.15369e-08
4.8389	2.99156e-08
4.839	2.26474e-08
4.8391	3.80692e-08
4.8392	3.61994e-08
4.8393	3.67631e-08
4.8394	4.03163e-08
4.8395	2.75708e-08
4.8396	3.34435e-08
4.8397	2.87589e-08
4.8398	3.4115e-08
4.8399	3.09574e-08
4.84	3.75955e-08
4.8401	2.57866e-08
4.8402	4.1077e-08
4.8403	3.39382e-08
4.8404	3.56902e-08
4.8405	2.45237e-08
4.8406	3.10259e-08
4.8407	2.62067e-08
4.8408	3.67561e-08
4.8409	3.28317e-08
4.841	3.84707e-08
4.8411	3.8135e-08
4.8412	3.87147e-08
4.8413	2.70379e-08
4.8414	2.84667e-08
4.8415	3.97858e-08
4.8416	3.30012e-08
4.8417	2.42349e-08
4.8418	2.92527e-08
4.8419	3.85516e-08
4.842	3.78264e-08
4.8421	3.73382e-08
4.8422	2.77606e-08
4.8423	3.69938e-08
4.8424	3.46028e-08
4.8425	3.23309e-08
4.8426	3.40806e-08
4.8427	2.44582e-08
4.8428	2.89436e-08
4.8429	3.47635e-08
4.843	2.42032e-08
4.8431	3.00724e-08
4.8432	3.49773e-08
4.8433	2.36658e-08
4.8434	3.38711e-08
4.8435	3.14508e-08
4.8436	3.43617e-08
4.8437	3.32769e-08
4.8438	2.67971e-08
4.8439	3.12828e-08
4.844	3.76559e-08
4.8441	2.82196e-08
4.8442	3.30252e-08
4.8443	2.69822e-08
4.8444	2.83535e-08
4.8445	4.27368e-08
4.8446	2.96043e-08
4.8447	2.98518e-08
4.8448	3.45543e-08
4.8449	2.29778e-08
4.845	2.84029e-08
4.8451	3.00738e-08
4.8452	3.38228e-08
4.8453	3.58313e-08
4.8454	2.83343e-08
4.8455	3.51772e-08
4.8456	2.37242e-08
4.8457	3.12471e-08
4.8458	4.3783e-08
4.8459	4.13196e-08
4.846	2.50657e-08
4.8461	2.85941e-08
4.8462	2.43776e-08
4.8463	2.42113e-08
4.8464	3.5624e-08
4.8465	4.17496e-08
4.8466	3.97358e-08
4.8467	3.65948e-08
4.8468	3.53553e-08
4.8469	5.08074e-08
4.847	3.51963e-08
4.8471	3.36933e-08
4.8472	2.47237e-08
4.8473	2.90325e-08
4.8474	3.43278e-08
4.8475	3.00513e-08
4.8476	3.87753e-08
4.8477	4.03544e-08
4.8478	2.43673e-08
4.8479	3.57906e-08
4.848	4.13183e-08
4.8481	2.66738e-08
4.8482	3.18885e-08
4.8483	3.43713e-08
4.8484	3.13502e-08
4.8485	2.8213e-08
4.8486	3.99097e-08
4.8487	3.46736e-08
4.8488	4.14567e-08
4.8489	4.13621e-08
4.849	3.90317e-08
4.8491	4.57141e-08
4.8492	3.52583e-08
4.8493	2.98963e-08
4.8494	3.91268e-08
4.8495	3.83876e-08
4.8496	3.39817e-08
4.8497	4.49748e-08
4.8498	2.98518e-08
4.8499	3.58801e-08
4.85	3.00864e-08
4.8501	3.41022e-08
4.8502	4.06425e-08
4.8503	3.0734e-08
4.8504	3.41099e-08
4.8505	3.31364e-08
4.8506	2.81835e-08
4.8507	2.94824e-08
4.8508	2.43547e-08
4.8509	2.81217e-08
4.851	3.21872e-08
4.8511	4.12549e-08
4.8512	3.41746e-08
4.8513	3.56355e-08
4.8514	3.79598e-08
4.8515	2.85538e-08
4.8516	3.16627e-08
4.8517	2.64558e-08
4.8518	2.92602e-08
4.8519	3.47514e-08
4.852	3.56659e-08
4.8521	2.269e-08
4.8522	3.45505e-08
4.8523	4.10126e-08
4.8524	2.68533e-08
4.8525	3.1496e-08
4.8526	2.97437e-08
4.8527	2.81582e-08
4.8528	2.96777e-08
4.8529	2.32855e-08
4.853	2.62177e-08
4.8531	3.53717e-08
4.8532	3.53801e-08
4.8533	2.74542e-08
4.8534	2.80087e-08
4.8535	3.93126e-08
4.8536	3.0375e-08
4.8537	3.12864e-08
4.8538	2.40692e-08
4.8539	3.5031e-08
4.854	2.43193e-08
4.8541	3.81707e-08
4.8542	2.39991e-08
4.8543	3.5767e-08
4.8544	4.18256e-08
4.8545	2.34695e-08
4.8546	2.38557e-08
4.8547	2.25571e-08
4.8548	2.27261e-08
4.8549	3.12253e-08
4.855	2.46826e-08
4.8551	2.21037e-08
4.8552	2.24394e-08
4.8553	3.1938e-08
4.8554	3.92315e-08
4.8555	2.1668e-08
4.8556	2.90039e-08
4.8557	3.92134e-08
4.8558	4.69296e-08
4.8559	4.17382e-08
4.856	2.56184e-08
4.8561	2.18334e-08
4.8562	3.22485e-08
4.8563	2.54805e-08
4.8564	3.16225e-08
4.8565	3.18843e-08
4.8566	2.41165e-08
4.8567	3.44341e-08
4.8568	3.40303e-08
4.8569	2.73327e-08
4.857	2.77332e-08
4.8571	3.8034e-08
4.8572	2.37794e-08
4.8573	2.58969e-08
4.8574	2.30439e-08
4.8575	3.50862e-08
4.8576	3.3054e-08
4.8577	2.23079e-08
4.8578	3.60992e-08
4.8579	3.53311e-08
4.858	3.6941e-08
4.8581	3.54221e-08
4.8582	3.55707e-08
4.8583	3.19864e-08
4.8584	2.53578e-08
4.8585	2.93975e-08
4.8586	3.4285e-08
4.8587	2.41816e-08
4.8588	2.60085e-08
4.8589	3.20755e-08
4.859	3.23393e-08
4.8591	4.03512e-08
4.8592	3.13573e-08
4.8593	3.14178e-08
4.8594	2.88396e-08
4.8595	2.27811e-08
4.8596	3.39442e-08
4.8597	2.60932e-08
4.8598	3.36497e-08
4.8599	2.26634e-08
4.86	2.44723e-08
4.8601	2.40145e-08
4.8602	3.66246e-08
4.8603	2.09572e-08
4.8604	4.62865e-08
4.8605	3.73003e-08
4.8606	2.64172e-08
4.8607	3.20214e-08
4.8608	3.19398e-08
4.8609	2.93291e-08
4.861	2.91205e-08
4.8611	2.57313e-08
4.8612	2.52426e-08
4.8613	2.52649e-08
4.8614	3.54261e-08
4.8615	3.17914e-08
4.8616	2.99952e-08
4.8617	3.36945e-08
4.8618	4.63002e-08
4.8619	3.93316e-08
4.862	3.28477e-08
4.8621	3.59199e-08
4.8622	2.68099e-08
4.8623	3.76932e-08
4.8624	2.79326e-08
4.8625	3.63888e-08
4.8626	3.71017e-08
4.8627	3.38141e-08
4.8628	3.1348e-08
4.8629	2.59967e-08
4.863	2.77618e-08
4.8631	3.39086e-08
4.8632	3.53233e-08
4.8633	3.65041e-08
4.8634	3.2218e-08
4.8635	3.13451e-08
4.8636	2.32612e-08
4.8637	2.3462e-08
4.8638	2.84481e-08
4.8639	3.08891e-08
4.864	3.78702e-08
4.8641	3.09523e-08
4.8642	3.5818e-08
4.8643	4.42321e-08
4.8644	3.7025e-08
4.8645	3.54798e-08
4.8646	4.04224e-08
4.8647	4.18219e-08
4.8648	3.34294e-08
4.8649	3.46956e-08
4.865	3.17607e-08
4.8651	3.16237e-08
4.8652	2.65676e-08
4.8653	2.60733e-08
4.8654	3.30196e-08
4.8655	3.32401e-08
4.8656	2.72999e-08
4.8657	2.36981e-08
4.8658	2.95875e-08
4.8659	2.4783e-08
4.866	2.93179e-08
4.8661	3.44592e-08
4.8662	3.26247e-08
4.8663	2.63865e-08
4.8664	4.13364e-08
4.8665	3.57317e-08
4.8666	3.4793e-08
4.8667	2.97976e-08
4.8668	4.19039e-08
4.8669	3.72666e-08
4.867	3.31961e-08
4.8671	3.95411e-08
4.8672	2.69043e-08
4.8673	2.57893e-08
4.8674	3.28366e-08
4.8675	3.165e-08
4.8676	3.19248e-08
4.8677	2.67097e-08
4.8678	2.2535e-08
4.8679	2.65768e-08
4.868	2.99992e-08
4.8681	2.74209e-08
4.8682	2.42304e-08
4.8683	2.30203e-08
4.8684	2.96329e-08
4.8685	4.2346e-08
4.8686	4.42439e-08
4.8687	3.68146e-08
4.8688	3.85871e-08
4.8689	4.80557e-08
4.869	3.9561e-08
4.8691	3.99514e-08
4.8692	3.0191e-08
4.8693	3.62464e-08
4.8694	3.10736e-08
4.8695	3.34422e-08
4.8696	3.40392e-08
4.8697	2.776e-08
4.8698	2.7107e-08
4.8699	2.41938e-08
4.87	2.80758e-08
4.8701	2.30255e-08
4.8702	2.84944e-08
4.8703	2.35561e-08
4.8704	1.9059e-08
4.8705	2.07112e-08
4.8706	3.46441e-08
4.8707	3.35e-08
4.8708	3.27569e-08
4.8709	2.74468e-08
4.871	3.66319e-08
4.8711	4.02468e-08
4.8712	4.40173e-08
4.8713	3.93425e-08
4.8714	4.16435e-08
4.8715	3.22262e-08
4.8716	3.67055e-08
4.8717	3.51447e-08
4.8718	3.17456e-08
4.8719	2.34335e-08
4.872	2.29186e-08
4.8721	3.13947e-08
4.8722	2.38676e-08
4.8723	4.20037e-08
4.8724	2.35345e-08
4.8725	2.91831e-08
4.8726	3.28302e-08
4.8727	2.25067e-08
4.8728	3.07022e-08
4.8729	3.65155e-08
4.873	3.13923e-08
4.8731	3.16264e-08
4.8732	3.31521e-08
4.8733	3.68446e-08
4.8734	3.56376e-08
4.8735	2.68683e-08
4.8736	3.3043e-08
4.8737	3.31145e-08
4.8738	4.16417e-08
4.8739	3.02288e-08
4.874	3.68e-08
4.8741	3.29394e-08
4.8742	2.34763e-08
4.8743	2.52685e-08
4.8744	3.14269e-08
4.8745	2.77239e-08
4.8746	3.88706e-08
4.8747	2.87591e-08
4.8748	3.47856e-08
4.8749	2.94436e-08
4.875	3.8337e-08
4.8751	3.5582e-08
4.8752	3.70196e-08
4.8753	3.84553e-08
4.8754	2.88536e-08
4.8755	3.92768e-08
4.8756	2.87397e-08
4.8757	3.53153e-08
4.8758	3.18475e-08
4.8759	4.04637e-08
4.876	3.83998e-08
4.8761	3.54125e-08
4.8762	2.97493e-08
4.8763	3.39587e-08
4.8764	2.10486e-08
4.8765	2.73549e-08
4.8766	4.08298e-08
4.8767	3.59379e-08
4.8768	3.23267e-08
4.8769	3.48441e-08
4.877	3.3182e-08
4.8771	3.36824e-08
4.8772	2.52834e-08
4.8773	2.51799e-08
4.8774	2.36563e-08
4.8775	3.41073e-08
4.8776	4.62163e-08
4.8777	3.3587e-08
4.8778	3.48336e-08
4.8779	3.27166e-08
4.878	2.98506e-08
4.8781	4.05506e-08
4.8782	3.87411e-08
4.8783	2.78506e-08
4.8784	2.70409e-08
4.8785	2.81466e-08
4.8786	3.52485e-08
4.8787	2.76419e-08
4.8788	2.82845e-08
4.8789	3.20453e-08
4.879	2.91921e-08
4.8791	2.91573e-08
4.8792	3.13225e-08
4.8793	3.45488e-08
4.8794	3.19477e-08
4.8795	3.02426e-08
4.8796	3.28266e-08
4.8797	3.27225e-08
4.8798	2.53254e-08
4.8799	3.08165e-08
4.88	2.83724e-08
4.8801	2.48737e-08
4.8802	4.10301e-08
4.8803	3.6099e-08
4.8804	2.52905e-08
4.8805	3.71167e-08
4.8806	2.79801e-08
4.8807	3.10218e-08
4.8808	3.06491e-08
4.8809	3.54248e-08
4.881	3.11242e-08
4.8811	2.76576e-08
4.8812	3.96131e-08
4.8813	3.05284e-08
4.8814	3.21518e-08
4.8815	4.5674e-08
4.8816	3.05111e-08
4.8817	3.48417e-08
4.8818	2.78145e-08
4.8819	2.38154e-08
4.882	3.16324e-08
4.8821	3.89384e-08
4.8822	4.73672e-08
4.8823	3.12969e-08
4.8824	3.86794e-08
4.8825	4.1811e-08
4.8826	3.59183e-08
4.8827	4.03304e-08
4.8828	3.27212e-08
4.8829	2.65724e-08
4.883	3.1739e-08
4.8831	3.35599e-08
4.8832	2.93148e-08
4.8833	3.4834e-08
4.8834	3.3127e-08
4.8835	2.90962e-08
4.8836	3.20313e-08
4.8837	4.12794e-08
4.8838	2.78655e-08
4.8839	3.25073e-08
4.884	2.18794e-08
4.8841	2.82092e-08
4.8842	3.18332e-08
4.8843	3.8594e-08
4.8844	4.55956e-08
4.8845	4.35825e-08
4.8846	3.42204e-08
4.8847	3.64087e-08
4.8848	4.58952e-08
4.8849	3.98972e-08
4.885	2.23485e-08
4.8851	3.07846e-08
4.8852	3.80989e-08
4.8853	3.35049e-08
4.8854	4.77097e-08
4.8855	2.88606e-08
4.8856	3.36871e-08
4.8857	3.74346e-08
4.8858	3.66927e-08
4.8859	3.30137e-08
4.886	2.88748e-08
4.8861	2.65746e-08
4.8862	3.27128e-08
4.8863	2.19971e-08
4.8864	2.43472e-08
4.8865	2.40376e-08
4.8866	2.56567e-08
4.8867	3.44303e-08
4.8868	3.89386e-08
4.8869	3.95825e-08
4.887	4.08069e-08
4.8871	3.2807e-08
4.8872	2.79468e-08
4.8873	2.83083e-08
4.8874	3.46349e-08
4.8875	2.96365e-08
4.8876	3.38215e-08
4.8877	3.34696e-08
4.8878	2.95321e-08
4.8879	2.84492e-08
4.888	3.08557e-08
4.8881	1.94793e-08
4.8882	2.68525e-08
4.8883	2.81944e-08
4.8884	3.2235e-08
4.8885	2.91479e-08
4.8886	2.41576e-08
4.8887	2.48126e-08
4.8888	3.61129e-08
4.8889	4.35033e-08
4.889	3.26417e-08
4.8891	2.62329e-08
4.8892	3.84195e-08
4.8893	3.66632e-08
4.8894	3.22887e-08
4.8895	2.21299e-08
4.8896	3.10704e-08
4.8897	2.48597e-08
4.8898	3.89343e-08
4.8899	2.84956e-08
4.89	3.56329e-08
4.8901	4.13079e-08
4.8902	2.46577e-08
4.8903	2.26805e-08
4.8904	2.58107e-08
4.8905	2.25739e-08
4.8906	3.00937e-08
4.8907	2.80513e-08
4.8908	2.28384e-08
4.8909	2.28222e-08
4.891	3.2337e-08
4.8911	4.12241e-08
4.8912	2.21084e-08
4.8913	3.30039e-08
4.8914	4.3495e-08
4.8915	3.5561e-08
4.8916	4.37857e-08
4.8917	2.21738e-08
4.8918	2.80455e-08
4.8919	3.48882e-08
4.892	2.27029e-08
4.8921	2.58471e-08
4.8922	4.52493e-08
4.8923	2.59007e-08
4.8924	3.4652e-08
4.8925	3.11505e-08
4.8926	2.60795e-08
4.8927	4.49075e-08
4.8928	3.45823e-08
4.8929	3.25316e-08
4.893	2.26809e-08
4.8931	2.29727e-08
4.8932	3.36036e-08
4.8933	3.40817e-08
4.8934	2.16908e-08
4.8935	2.96342e-08
4.8936	2.72943e-08
4.8937	5.00163e-08
4.8938	3.29923e-08
4.8939	2.63609e-08
4.894	3.09335e-08
4.8941	2.89766e-08
4.8942	3.3231e-08
4.8943	3.11209e-08
4.8944	2.1747e-08
4.8945	2.93316e-08
4.8946	3.03799e-08
4.8947	4.07203e-08
4.8948	4.7841e-08
4.8949	2.87394e-08
4.895	3.63054e-08
4.8951	3.04996e-08
4.8952	3.4905e-08
4.8953	3.38963e-08
4.8954	3.60809e-08
4.8955	2.76947e-08
4.8956	2.64225e-08
4.8957	2.62698e-08
4.8958	3.13187e-08
4.8959	3.56318e-08
4.896	3.23351e-08
4.8961	3.335e-08
4.8962	3.3065e-08
4.8963	3.73827e-08
4.8964	2.68846e-08
4.8965	3.08985e-08
4.8966	3.88807e-08
4.8967	2.60793e-08
4.8968	3.21148e-08
4.8969	2.75211e-08
4.897	2.83566e-08
4.8971	3.41735e-08
4.8972	2.91449e-08
4.8973	3.18062e-08
4.8974	3.38644e-08
4.8975	3.72636e-08
4.8976	3.7369e-08
4.8977	3.87658e-08
4.8978	3.93122e-08
4.8979	3.0699e-08
4.898	3.11948e-08
4.8981	3.47977e-08
4.8982	3.57472e-08
4.8983	3.48317e-08
4.8984	3.55337e-08
4.8985	3.22168e-08
4.8986	2.8265e-08
4.8987	2.45374e-08
4.8988	3.27333e-08
4.8989	3.39018e-08
4.899	3.91139e-08
4.8991	3.11412e-08
4.8992	2.65827e-08
4.8993	2.13486e-08
4.8994	2.97904e-08
4.8995	3.2509e-08
4.8996	3.49685e-08
4.8997	3.83583e-08
4.8998	3.68641e-08
4.8999	3.83233e-08
4.9	4.42627e-08
4.9001	3.03629e-08
4.9002	2.41252e-08
4.9003	3.56635e-08
4.9004	4.70809e-08
4.9005	3.62492e-08
4.9006	2.56727e-08
4.9007	3.40947e-08
4.9008	3.02509e-08
4.9009	2.95161e-08
4.901	3.53535e-08
4.9011	3.75049e-08
4.9012	3.28719e-08
4.9013	2.61368e-08
4.9014	2.22119e-08
4.9015	2.89634e-08
4.9016	2.5878e-08
4.9017	3.42344e-08
4.9018	2.91279e-08
4.9019	3.03816e-08
4.902	2.72706e-08
4.9021	4.66098e-08
4.9022	3.41517e-08
4.9023	4.26401e-08
4.9024	2.89722e-08
4.9025	4.02557e-08
4.9026	3.80009e-08
4.9027	4.37248e-08
4.9028	4.16909e-08
4.9029	2.46124e-08
4.903	2.61279e-08
4.9031	4.0478e-08
4.9032	3.6234e-08
4.9033	3.76817e-08
4.9034	2.37082e-08
4.9035	2.16633e-08
4.9036	2.80096e-08
4.9037	3.12174e-08
4.9038	3.42764e-08
4.9039	2.16457e-08
4.904	2.49891e-08
4.9041	3.11697e-08
4.9042	4.03028e-08
4.9043	3.73802e-08
4.9044	3.76065e-08
4.9045	3.4291e-08
4.9046	4.75351e-08
4.9047	3.96982e-08
4.9048	4.06986e-08
4.9049	3.27121e-08
4.905	3.05838e-08
4.9051	3.39178e-08
4.9052	3.51962e-08
4.9053	3.17205e-08
4.9054	4.06059e-08
4.9055	3.21443e-08
4.9056	2.36037e-08
4.9057	2.71832e-08
4.9058	2.51829e-08
4.9059	2.97358e-08
4.906	2.50222e-08
4.9061	3.13935e-08
4.9062	2.21673e-08
4.9063	3.49662e-08
4.9064	3.17519e-08
4.9065	3.68202e-08
4.9066	2.77134e-08
4.9067	4.05475e-08
4.9068	4.85776e-08
4.9069	4.65452e-08
4.907	2.97969e-08
4.9071	3.30685e-08
4.9072	2.96516e-08
4.9073	3.02382e-08
4.9074	3.40961e-08
4.9075	3.141e-08
4.9076	2.60282e-08
4.9077	2.22111e-08
4.9078	3.12081e-08
4.9079	3.00739e-08
4.908	3.19573e-08
4.9081	2.2674e-08
4.9082	2.84756e-08
4.9083	3.51814e-08
4.9084	2.24099e-08
4.9085	2.90302e-08
4.9086	3.61075e-08
4.9087	2.93838e-08
4.9088	3.9782e-08
4.9089	2.87351e-08
4.909	3.4494e-08
4.9091	3.36123e-08
4.9092	3.37196e-08
4.9093	2.68826e-08
4.9094	3.78666e-08
4.9095	3.83044e-08
4.9096	3.48501e-08
4.9097	3.61516e-08
4.9098	3.41534e-08
4.9099	2.48553e-08
4.91	2.56996e-08
4.9101	2.94848e-08
4.9102	3.1538e-08
4.9103	3.07274e-08
4.9104	2.76343e-08
4.9105	3.11387e-08
4.9106	3.58845e-08
4.9107	3.13772e-08
4.9108	3.70938e-08
4.9109	2.88232e-08
4.911	4.09822e-08
4.9111	4.2838e-08
4.9112	2.52705e-08
4.9113	3.43131e-08
4.9114	3.35028e-08
4.9115	3.39323e-08
4.9116	3.65271e-08
4.9117	3.44061e-08
4.9118	2.98996e-08
4.9119	3.33084e-08
4.912	3.19448e-08
4.9121	2.45914e-08
4.9122	2.96274e-08
4.9123	4.47775e-08
4.9124	3.52479e-08
4.9125	2.45977e-08
4.9126	3.3105e-08
4.9127	3.05575e-08
4.9128	3.49238e-08
4.9129	2.82423e-08
4.913	2.32739e-08
4.9131	2.45496e-08
4.9132	3.00091e-08
4.9133	4.54325e-08
4.9134	3.05597e-08
4.9135	2.77788e-08
4.9136	2.76178e-08
4.9137	4.15775e-08
4.9138	3.84458e-08
4.9139	3.98994e-08
4.914	2.1427e-08
4.9141	3.0481e-08
4.9142	3.55625e-08
4.9143	3.09878e-08
4.9144	3.09385e-08
4.9145	3.57085e-08
4.9146	2.77379e-08
4.9147	3.30448e-08
4.9148	2.67499e-08
4.9149	4.07013e-08
4.915	3.40764e-08
4.9151	3.28735e-08
4.9152	2.10233e-08
4.9153	2.78283e-08
4.9154	3.65251e-08
4.9155	2.78856e-08
4.9156	2.82922e-08
4.9157	3.67994e-08
4.9158	2.84419e-08
4.9159	3.57538e-08
4.916	2.84055e-08
4.9161	3.21675e-08
4.9162	2.86666e-08
4.9163	2.32305e-08
4.9164	3.41603e-08
4.9165	3.89486e-08
4.9166	3.75621e-08
4.9167	3.78689e-08
4.9168	2.98601e-08
4.9169	3.69841e-08
4.917	3.13155e-08
4.9171	3.83363e-08
4.9172	4.48144e-08
4.9173	2.66624e-08
4.9174	3.66204e-08
4.9175	2.8523e-08
4.9176	2.27378e-08
4.9177	2.67244e-08
4.9178	3.87521e-08
4.9179	4.80979e-08
4.918	4.37095e-08
4.9181	3.51463e-08
4.9182	4.47936e-08
4.9183	4.42071e-08
4.9184	3.71523e-08
4.9185	2.97167e-08
4.9186	2.49333e-08
4.9187	2.66606e-08
4.9188	3.74662e-08
4.9189	3.42221e-08
4.919	2.95575e-08
4.9191	3.10123e-08
4.9192	3.21236e-08
4.9193	2.96398e-08
4.9194	4.19599e-08
4.9195	2.48673e-08
4.9196	3.09994e-08
4.9197	2.22536e-08
4.9198	2.72919e-08
4.9199	3.81087e-08
4.92	4.23778e-08
4.9201	4.34606e-08
4.9202	4.08306e-08
4.9203	3.40537e-08
4.9204	4.18555e-08
4.9205	4.59147e-08
4.9206	3.80223e-08
4.9207	3.09968e-08
4.9208	2.70607e-08
4.9209	3.62742e-08
4.921	4.23802e-08
4.9211	3.14339e-08
4.9212	3.04593e-08
4.9213	4.12549e-08
4.9214	3.76774e-08
4.9215	3.7637e-08
4.9216	2.37947e-08
4.9217	2.58443e-08
4.9218	3.28253e-08
4.9219	2.48673e-08
4.922	2.35214e-08
4.9221	2.15988e-08
4.9222	2.88747e-08
4.9223	2.74826e-08
4.9224	2.79181e-08
4.9225	3.54207e-08
4.9226	4.28984e-08
4.9227	4.32224e-08
4.9228	3.93498e-08
4.9229	2.60522e-08
4.923	3.03796e-08
4.9231	3.28521e-08
4.9232	3.18985e-08
4.9233	3.17286e-08
4.9234	2.83964e-08
4.9235	2.88892e-08
4.9236	2.61571e-08
4.9237	3.86155e-08
4.9238	2.52181e-08
4.9239	3.22239e-08
4.924	3.59304e-08
4.9241	2.63444e-08
4.9242	3.27472e-08
4.9243	2.38638e-08
4.9244	2.58233e-08
4.9245	3.33603e-08
4.9246	3.67476e-08
4.9247	3.70752e-08
4.9248	2.44785e-08
4.9249	3.52691e-08
4.925	2.91649e-08
4.9251	3.14625e-08
4.9252	2.22135e-08
4.9253	3.46994e-08
4.9254	2.41519e-08
4.9255	3.31885e-08
4.9256	3.34406e-08
4.9257	2.9246e-08
4.9258	4.21262e-08
4.9259	2.37629e-08
4.926	2.34006e-08
4.9261	2.37737e-08
4.9262	2.87049e-08
4.9263	2.3802e-08
4.9264	3.24701e-08
4.9265	1.97449e-08
4.9266	2.34125e-08
4.9267	2.89083e-08
4.9268	3.65179e-08
4.9269	2.9834e-08
4.927	3.43891e-08
4.9271	3.79342e-08
4.9272	3.55655e-08
4.9273	4.07874e-08
4.9274	2.63901e-08
4.9275	2.63813e-08
4.9276	2.94978e-08
4.9277	2.71755e-08
4.9278	2.46452e-08
4.9279	3.95043e-08
4.928	2.87324e-08
4.9281	3.30474e-08
4.9282	3.16425e-08
4.9283	3.03744e-08
4.9284	3.36961e-08
4.9285	2.61117e-08
4.9286	2.44101e-08
4.9287	2.79909e-08
4.9288	2.34341e-08
4.9289	2.65789e-08
4.929	3.36451e-08
4.9291	2.8677e-08
4.9292	2.71817e-08
4.9293	2.53611e-08
4.9294	3.77159e-08
4.9295	4.45542e-08
4.9296	2.63548e-08
4.9297	2.77943e-08
4.9298	3.07436e-08
4.9299	3.04326e-08
4.93	3.20817e-08
4.9301	2.45706e-08
4.9302	2.72216e-08
4.9303	3.64692e-08
4.9304	4.08379e-08
4.9305	3.75518e-08
4.9306	2.65353e-08
4.9307	2.57848e-08
4.9308	2.7214e-08
4.9309	2.84975e-08
4.931	3.53429e-08
4.9311	3.74724e-08
4.9312	3.32809e-08
4.9313	2.86728e-08
4.9314	2.48043e-08
4.9315	3.28146e-08
4.9316	3.56737e-08
4.9317	3.8832e-08
4.9318	2.88098e-08
4.9319	3.93906e-08
4.932	2.91913e-08
4.9321	3.36829e-08
4.9322	3.42114e-08
4.9323	2.96697e-08
4.9324	2.75644e-08
4.9325	2.71013e-08
4.9326	2.35333e-08
4.9327	3.04535e-08
4.9328	3.05581e-08
4.9329	3.37529e-08
4.933	3.31813e-08
4.9331	3.98466e-08
4.9332	4.00322e-08
4.9333	4.02827e-08
4.9334	3.49634e-08
4.9335	3.80495e-08
4.9336	3.90457e-08
4.9337	2.78677e-08
4.9338	4.0302e-08
4.9339	3.86118e-08
4.934	3.66489e-08
4.9341	3.55036e-08
4.9342	2.78068e-08
4.9343	3.40932e-08
4.9344	2.49873e-08
4.9345	3.41063e-08
4.9346	3.3268e-08
4.9347	3.39802e-08
4.9348	2.31334e-08
4.9349	2.85171e-08
4.935	2.42168e-08
4.9351	3.48694e-08
4.9352	2.55614e-08
4.9353	2.81345e-08
4.9354	2.75688e-08
4.9355	3.76572e-08
4.9356	3.98214e-08
4.9357	4.40204e-08
4.9358	2.55504e-08
4.9359	2.46496e-08
4.936	4.14268e-08
4.9361	4.85953e-08
4.9362	3.75247e-08
4.9363	2.45037e-08
4.9364	3.29468e-08
4.9365	2.90069e-08
4.9366	2.57539e-08
4.9367	3.35198e-08
4.9368	4.06292e-08
4.9369	2.91063e-08
4.937	2.49441e-08
4.9371	2.47703e-08
4.9372	2.08952e-08
4.9373	2.86659e-08
4.9374	3.42133e-08
4.9375	3.02181e-08
4.9376	3.84176e-08
4.9377	2.77649e-08
4.9378	4.13565e-08
4.9379	2.65891e-08
4.938	4.54233e-08
4.9381	3.59563e-08
4.9382	4.52064e-08
4.9383	2.73483e-08
4.9384	3.28846e-08
4.9385	4.1853e-08
4.9386	2.81758e-08
4.9387	2.79649e-08
4.9388	3.69113e-08
4.9389	2.97363e-08
4.939	2.6563e-08
4.9391	2.20905e-08
4.9392	2.29772e-08
4.9393	2.68604e-08
4.9394	3.20685e-08
4.9395	3.38195e-08
4.9396	2.12918e-08
4.9397	2.78069e-08
4.9398	4.53663e-08
4.9399	3.69265e-08
4.94	3.41886e-08
4.9401	3.2285e-08
4.9402	4.13286e-08
4.9403	4.73195e-08
4.9404	3.60123e-08
4.9405	3.53532e-08
4.9406	3.41899e-08
4.9407	3.71535e-08
4.9408	3.04881e-08
4.9409	3.56693e-08
4.941	3.38068e-08
4.9411	4.06337e-08
4.9412	4.20302e-08
4.9413	2.49656e-08
4.9414	3.00272e-08
4.9415	2.74642e-08
4.9416	3.24545e-08
4.9417	2.39954e-08
4.9418	1.90285e-08
4.9419	2.56479e-08
4.942	3.15041e-08
4.9421	2.9807e-08
4.9422	3.5587e-08
4.9423	3.34793e-08
4.9424	4.01313e-08
4.9425	4.61357e-08
4.9426	4.77785e-08
4.9427	3.07431e-08
4.9428	4.17011e-08
4.9429	3.63446e-08
4.943	3.94399e-08
4.9431	3.09309e-08
4.9432	3.03662e-08
4.9433	2.68822e-08
4.9434	2.24034e-08
4.9435	3.23966e-08
4.9436	3.42748e-08
4.9437	3.66279e-08
4.9438	2.08104e-08
4.9439	2.51325e-08
4.944	3.4602e-08
4.9441	2.01299e-08
4.9442	2.84962e-08
4.9443	3.5944e-08
4.9444	2.5151e-08
4.9445	3.94519e-08
4.9446	2.88806e-08
4.9447	3.90825e-08
4.9448	3.35399e-08
4.9449	3.45976e-08
4.945	3.09238e-08
4.9451	3.425e-08
4.9452	3.8589e-08
4.9453	4.24551e-08
4.9454	3.80457e-08
4.9455	3.20473e-08
4.9456	2.16059e-08
4.9457	2.76509e-08
4.9458	2.48448e-08
4.9459	3.0671e-08
4.946	3.14773e-08
4.9461	2.63655e-08
4.9462	2.9549e-08
4.9463	3.2763e-08
4.9464	3.27833e-08
4.9465	3.97022e-08
4.9466	2.83039e-08
4.9467	4.22792e-08
4.9468	3.71582e-08
4.9469	3.03442e-08
4.947	2.47612e-08
4.9471	4.02544e-08
4.9472	3.08845e-08
4.9473	4.03292e-08
4.9474	3.7974e-08
4.9475	3.09538e-08
4.9476	2.62237e-08
4.9477	3.59937e-08
4.9478	3.05413e-08
4.9479	2.65466e-08
4.948	3.51687e-08
4.9481	3.35301e-08
4.9482	2.20057e-08
4.9483	3.30213e-08
4.9484	2.99073e-08
4.9485	4.41379e-08
4.9486	3.05916e-08
4.9487	2.58149e-08
4.9488	2.70533e-08
4.9489	2.9028e-08
4.949	4.13402e-08
4.9491	4.15146e-08
4.9492	2.87807e-08
4.9493	3.31281e-08
4.9494	3.4776e-08
4.9495	4.1838e-08
4.9496	4.40386e-08
4.9497	2.69479e-08
4.9498	3.01994e-08
4.9499	3.40913e-08
4.95	2.92591e-08
4.9501	2.60654e-08
4.9502	3.88176e-08
4.9503	2.72657e-08
4.9504	2.87141e-08
4.9505	3.13065e-08
4.9506	2.5775e-08
4.9507	3.12728e-08
4.9508	2.80368e-08
4.9509	2.32915e-08
4.951	3.42084e-08
4.9511	3.18989e-08
4.9512	3.27091e-08
4.9513	3.09518e-08
4.9514	3.76195e-08
4.9515	2.74537e-08
4.9516	4.08594e-08
4.9517	3.49493e-08
4.9518	4.14167e-08
4.9519	2.33728e-08
4.952	2.80701e-08
4.9521	3.15264e-08
4.9522	2.91861e-08
4.9523	3.35476e-08
4.9524	3.2825e-08
4.9525	2.82713e-08
4.9526	3.04303e-08
4.9527	2.65437e-08
4.9528	3.80494e-08
4.9529	4.30015e-08
4.953	2.89984e-08
4.9531	3.31435e-08
4.9532	2.80669e-08
4.9533	2.27934e-08
4.9534	2.57121e-08
4.9535	3.27833e-08
4.9536	4.45457e-08
4.9537	3.32226e-08
4.9538	4.15659e-08
4.9539	4.77251e-08
4.954	3.31581e-08
4.9541	3.19749e-08
4.9542	2.53154e-08
4.9543	2.8159e-08
4.9544	2.8337e-08
4.9545	3.63782e-08
4.9546	3.52475e-08
4.9547	3.36691e-08
4.9548	2.53668e-08
4.9549	3.54266e-08
4.955	2.87594e-08
4.9551	3.59728e-08
4.9552	2.99404e-08
4.9553	3.39863e-08
4.9554	2.68031e-08
4.9555	2.31418e-08
4.9556	4.09439e-08
4.9557	3.22614e-08
4.9558	4.20799e-08
4.9559	4.16158e-08
4.956	3.43032e-08
4.9561	3.96889e-08
4.9562	4.42885e-08
4.9563	2.96547e-08
4.9564	3.53784e-08
4.9565	3.1955e-08
4.9566	3.81756e-08
4.9567	3.91127e-08
4.9568	2.80239e-08
4.9569	3.50312e-08
4.957	3.72923e-08
4.9571	3.47769e-08
4.9572	4.46372e-08
4.9573	2.4648e-08
4.9574	2.61894e-08
4.9575	2.65211e-08
4.9576	3.77011e-08
4.9577	2.24018e-08
4.9578	2.32617e-08
4.9579	2.74047e-08
4.958	2.90033e-08
4.9581	2.72881e-08
4.9582	3.30182e-08
4.9583	3.6086e-08
4.9584	3.92377e-08
4.9585	4.00931e-08
4.9586	2.61966e-08
4.9587	3.62156e-08
4.9588	2.72528e-08
4.9589	3.92518e-08
4.959	3.11447e-08
4.9591	2.40316e-08
4.9592	2.78573e-08
4.9593	2.82065e-08
4.9594	2.91268e-08
4.9595	2.97132e-08
4.9596	2.61638e-08
4.9597	2.89364e-08
4.9598	3.77128e-08
4.9599	2.8684e-08
4.96	2.14948e-08
4.9601	2.90268e-08
4.9602	3.45898e-08
4.9603	3.80777e-08
4.9604	3.41929e-08
4.9605	2.74333e-08
4.9606	4.06904e-08
4.9607	3.25516e-08
4.9608	2.57361e-08
4.9609	2.31359e-08
4.961	3.81311e-08
4.9611	2.08036e-08
4.9612	3.76153e-08
4.9613	2.6495e-08
4.9614	2.70716e-08
4.9615	3.32203e-08
4.9616	2.86621e-08
4.9617	2.40654e-08
4.9618	2.70777e-08
4.9619	2.82042e-08
4.962	2.56414e-08
4.9621	3.0206e-08
4.9622	2.14293e-08
4.9623	2.43226e-08
4.9624	3.31919e-08
4.9625	3.86354e-08
4.9626	2.6925e-08
4.9627	3.11245e-08
4.9628	4.20794e-08
4.9629	4.81353e-08
4.963	3.12476e-08
4.9631	2.29445e-08
4.9632	3.04205e-08
4.9633	3.07993e-08
4.9634	2.74387e-08
4.9635	3.01026e-08
4.9636	3.7404e-08
4.9637	2.5749e-08
4.9638	3.5819e-08
4.9639	2.89755e-08
4.964	2.75465e-08
4.9641	3.10657e-08
4.9642	3.28803e-08
4.9643	2.69413e-08
4.9644	2.30018e-08
4.9645	2.35152e-08
4.9646	2.92513e-08
4.9647	3.54712e-08
4.9648	2.49617e-08
4.9649	2.8672e-08
4.965	3.22815e-08
4.9651	3.46558e-08
4.9652	2.76646e-08
4.9653	2.53379e-08
4.9654	3.12785e-08
4.9655	3.26721e-08
4.9656	2.90946e-08
4.9657	3.23744e-08
4.9658	2.43358e-08
4.9659	2.40348e-08
4.966	3.16771e-08
4.9661	3.97063e-08
4.9662	4.02722e-08
4.9663	2.74713e-08
4.9664	3.04293e-08
4.9665	2.80464e-08
4.9666	2.98295e-08
4.9667	3.95285e-08
4.9668	3.53139e-08
4.9669	2.48254e-08
4.967	2.76494e-08
4.9671	2.10939e-08
4.9672	3.12051e-08
4.9673	3.25801e-08
4.9674	3.59129e-08
4.9675	3.1448e-08
4.9676	3.15657e-08
4.9677	3.45462e-08
4.9678	3.36012e-08
4.9679	3.66772e-08
4.968	3.17262e-08
4.9681	2.44222e-08
4.9682	2.93669e-08
4.9683	2.69646e-08
4.9684	2.99005e-08
4.9685	2.77817e-08
4.9686	3.58851e-08
4.9687	3.77358e-08
4.9688	3.39407e-08
4.9689	3.53665e-08
4.969	4.2055e-08
4.9691	3.32825e-08
4.9692	4.0849e-08
4.9693	3.4304e-08
4.9694	3.20897e-08
4.9695	3.75825e-08
4.9696	2.52235e-08
4.9697	3.92785e-08
4.9698	3.3876e-08
4.9699	2.9406e-08
4.97	2.97313e-08
4.9701	2.94049e-08
4.9702	3.3824e-08
4.9703	3.71376e-08
4.9704	2.92843e-08
4.9705	2.92816e-08
4.9706	2.85998e-08
4.9707	2.27101e-08
4.9708	3.53023e-08
4.9709	3.34391e-08
4.971	3.16944e-08
4.9711	3.67791e-08
4.9712	3.19147e-08
4.9713	4.10698e-08
4.9714	4.4942e-08
4.9715	3.78811e-08
4.9716	3.39712e-08
4.9717	4.65008e-08
4.9718	3.14486e-08
4.9719	4.91006e-08
4.972	2.49024e-08
4.9721	2.69885e-08
4.9722	3.06005e-08
4.9723	2.35545e-08
4.9724	3.57977e-08
4.9725	3.84267e-08
4.9726	2.54218e-08
4.9727	2.71783e-08
4.9728	2.20716e-08
4.9729	2.09809e-08
4.973	2.67724e-08
4.9731	3.36818e-08
4.9732	3.15262e-08
4.9733	3.24316e-08
4.9734	2.85418e-08
4.9735	3.71164e-08
4.9736	3.12193e-08
4.9737	4.83234e-08
4.9738	3.51595e-08
4.9739	4.69663e-08
4.974	2.79229e-08
4.9741	3.97886e-08
4.9742	4.87461e-08
4.9743	2.56652e-08
4.9744	2.51314e-08
4.9745	3.9901e-08
4.9746	2.87623e-08
4.9747	3.61543e-08
4.9748	2.47069e-08
4.9749	2.19566e-08
4.975	2.63158e-08
4.9751	3.23423e-08
4.9752	2.92315e-08
4.9753	2.48872e-08
4.9754	2.59611e-08
4.9755	3.30862e-08
4.9756	4.25397e-08
4.9757	3.54338e-08
4.9758	3.73041e-08
4.9759	3.51359e-08
4.976	3.68438e-08
4.9761	3.83925e-08
4.9762	4.27472e-08
4.9763	3.93065e-08
4.9764	3.85141e-08
4.9765	4.449e-08
4.9766	2.83815e-08
4.9767	2.86569e-08
4.9768	4.00975e-08
4.9769	2.63386e-08
4.977	2.10407e-08
4.9771	2.70156e-08
4.9772	3.15863e-08
4.9773	3.07233e-08
4.9774	2.28899e-08
4.9775	2.20627e-08
4.9776	3.45243e-08
4.9777	3.18872e-08
4.9778	3.72069e-08
4.9779	3.641e-08
4.978	2.98365e-08
4.9781	3.79114e-08
4.9782	5.07802e-08
4.9783	4.63457e-08
4.9784	3.60226e-08
4.9785	3.73879e-08
4.9786	3.40069e-08
4.9787	3.20256e-08
4.9788	3.45096e-08
4.9789	3.1342e-08
4.979	2.8526e-08
4.9791	2.27965e-08
4.9792	2.86869e-08
4.9793	3.56027e-08
4.9794	3.83639e-08
4.9795	2.44555e-08
4.9796	2.99026e-08
4.9797	4.19096e-08
4.9798	2.27378e-08
4.9799	2.21622e-08
4.98	4.05542e-08
4.9801	3.35592e-08
4.9802	4.14048e-08
4.9803	2.97871e-08
4.9804	4.06333e-08
4.9805	3.05707e-08
4.9806	3.80288e-08
4.9807	2.60159e-08
4.9808	3.60431e-08
4.9809	3.74697e-08
4.981	3.39492e-08
4.9811	3.87448e-08
4.9812	2.94246e-08
4.9813	3.17401e-08
4.9814	3.07897e-08
4.9815	2.44659e-08
4.9816	3.11306e-08
4.9817	3.64776e-08
4.9818	2.70544e-08
4.9819	3.72042e-08
4.982	3.13817e-08
4.9821	3.30744e-08
4.9822	2.92989e-08
4.9823	3.00043e-08
4.9824	3.59642e-08
4.9825	2.75003e-08
4.9826	3.73443e-08
4.9827	2.77432e-08
4.9828	3.28468e-08
4.9829	3.98846e-08
4.983	3.11528e-08
4.9831	3.12896e-08
4.9832	3.2178e-08
4.9833	2.62126e-08
4.9834	2.9148e-08
4.9835	2.50747e-08
4.9836	3.61491e-08
4.9837	3.6395e-08
4.9838	3.21518e-08
4.9839	3.22374e-08
4.984	3.85524e-08
4.9841	3.6145e-08
4.9842	3.69762e-08
4.9843	3.88553e-08
4.9844	2.30437e-08
4.9845	2.41009e-08
4.9846	3.46364e-08
4.9847	4.6821e-08
4.9848	3.97589e-08
4.9849	3.02212e-08
4.985	2.95747e-08
4.9851	3.33907e-08
4.9852	4.40408e-08
4.9853	3.3778e-08
4.9854	2.22797e-08
4.9855	3.13271e-08
4.9856	4.23338e-08
4.9857	2.57574e-08
4.9858	2.99375e-08
4.9859	2.97659e-08
4.986	2.30771e-08
4.9861	3.47884e-08
4.9862	2.6246e-08
4.9863	3.30854e-08
4.9864	3.35056e-08
4.9865	3.11011e-08
4.9866	2.17339e-08
4.9867	3.65264e-08
4.9868	3.82281e-08
4.9869	3.59372e-08
4.987	2.37795e-08
4.9871	3.25517e-08
4.9872	3.05025e-08
4.9873	3.98345e-08
4.9874	2.62271e-08
4.9875	4.07488e-08
4.9876	2.6373e-08
4.9877	2.38776e-08
4.9878	3.45377e-08
4.9879	3.03605e-08
4.988	3.42941e-08
4.9881	3.59839e-08
4.9882	3.74136e-08
4.9883	3.63819e-08
4.9884	2.50547e-08
4.9885	3.52085e-08
4.9886	3.52449e-08
4.9887	2.77172e-08
4.9888	3.30688e-08
4.9889	2.90413e-08
4.989	2.27156e-08
4.9891	2.97576e-08
4.9892	3.49288e-08
4.9893	4.31877e-08
4.9894	3.74427e-08
4.9895	3.80191e-08
4.9896	4.11061e-08
4.9897	3.47685e-08
4.9898	5.25301e-08
4.9899	2.48035e-08
4.99	2.91728e-08
4.9901	2.58069e-08
4.9902	3.42441e-08
4.9903	2.947e-08
4.9904	3.53805e-08
4.9905	2.47188e-08
4.9906	3.71271e-08
4.9907	2.86564e-08
4.9908	4.04199e-08
4.9909	3.45871e-08
4.991	2.86735e-08
4.9911	2.45191e-08
4.9912	2.98615e-08
4.9913	3.98024e-08
4.9914	4.24198e-08
4.9915	4.61218e-08
4.9916	3.8699e-08
4.9917	3.97289e-08
4.9918	4.59243e-08
4.9919	4.17035e-08
4.992	3.11733e-08
4.9921	3.10715e-08
4.9922	2.98433e-08
4.9923	4.04524e-08
4.9924	4.39504e-08
4.9925	3.34823e-08
4.9926	2.70482e-08
4.9927	3.73578e-08
4.9928	3.60669e-08
4.9929	3.53287e-08
4.993	2.4218e-08
4.9931	2.3551e-08
4.9932	2.89848e-08
4.9933	3.33569e-08
4.9934	2.54823e-08
4.9935	2.34613e-08
4.9936	3.25983e-08
4.9937	3.03757e-08
4.9938	3.27088e-08
4.9939	3.33496e-08
4.994	4.2913e-08
4.9941	3.45788e-08
4.9942	3.65375e-08
4.9943	2.54406e-08
4.9944	3.14983e-08
4.9945	3.68475e-08
4.9946	2.83805e-08
4.9947	2.98076e-08
4.9948	3.25638e-08
4.9949	2.86457e-08
4.995	2.35215e-08
4.9951	3.7336e-08
4.9952	2.14359e-08
4.9953	3.00723e-08
4.9954	3.20922e-08
4.9955	2.90222e-08
4.9956	2.80445e-08
4.9957	2.29635e-08
4.9958	2.77273e-08
4.9959	2.68074e-08
4.996	3.59256e-08
4.9961	3.30182e-08
4.9962	2.73582e-08
4.9963	4.04835e-08
4.9964	2.87617e-08
4.9965	2.80718e-08
4.9966	2.23156e-08
4.9967	3.12483e-08
4.9968	2.82209e-08
4.9969	3.88349e-08
4.997	3.43271e-08
4.9971	3.03983e-08
4.9972	4.01854e-08
4.9973	2.83418e-08
4.9974	2.28327e-08
4.9975	2.30686e-08
4.9976	3.01609e-08
4.9977	2.46361e-08
4.9978	3.00033e-08
4.9979	2.10985e-08
4.998	2.62934e-08
4.9981	2.96215e-08
4.9982	3.13105e-08
4.9983	2.61504e-08
4.9984	2.95091e-08
4.9985	3.99191e-08
4.9986	4.60651e-08
4.9987	4.04793e-08
4.9988	2.45108e-08
4.9989	2.65421e-08
4.999	3.01591e-08
4.9991	2.70032e-08
4.9992	2.50329e-08
4.9993	3.80815e-08
4.9994	2.77877e-08
4.9995	3.5383e-08
4.9996	3.11388e-08
4.9997	2.90298e-08
4.9998	3.24129e-08
4.9999	3.01602e-08
5	2.25375e-08
