0.0001	0.0439726
0.0002	0.000231337
0.0003	0.0210036
0.0004	0.00968331
0.0005	0.00637893
0.0006	0.00479959
0.0007	0.00389817
0.0008	0.00336553
0.0009	0.00315809
0.001	0.00298078
0.0011	0.00299158
0.0012	0.0024022
0.0013	0.00176241
0.0014	0.00237875
0.0015	0.00200211
0.0016	0.00187507
0.0017	0.00182008
0.0018	0.00161913
0.0019	0.00126464
0.002	0.00176585
0.0021	0.00159729
0.0022	0.00155323
0.0023	0.00123327
0.0024	0.00128801
0.0025	0.00103055
0.0026	0.00120142
0.0027	0.0012771
0.0028	0.00113286
0.0029	0.00146893
0.003	0.000832973
0.0031	0.00097982
0.0032	0.00114996
0.0033	0.000986405
0.0034	0.000935219
0.0035	0.00101352
0.0036	0.00113769
0.0037	0.000822672
0.0038	0.000769391
0.0039	0.000733324
0.004	0.00104082
0.0041	0.00100681
0.0042	0.000783256
0.0043	0.000708926
0.0044	0.00057171
0.0045	0.000478225
0.0046	0.000535821
0.0047	0.000777654
0.0048	0.00119435
0.0049	0.000564859
0.005	0.000456711
0.0051	0.000889497
0.0052	0.000701357
0.0053	0.000746709
0.0054	0.000732378
0.0055	0.000470752
0.0056	0.000491108
0.0057	0.000517672
0.0058	0.00113739
0.0059	0.00101272
0.006	0.000649889
0.0061	0.000709552
0.0062	0.000593795
0.0063	0.00065721
0.0064	0.000598789
0.0065	0.000544197
0.0066	0.000449312
0.0067	0.000396097
0.0068	0.000497036
0.0069	0.000592921
0.007	0.000416931
0.0071	0.000787943
0.0072	0.000703648
0.0073	0.000509226
0.0074	0.000814352
0.0075	0.000946868
0.0076	0.000611134
0.0077	0.000736037
0.0078	0.000599778
0.0079	0.000403514
0.008	0.000594329
0.0081	0.000928813
0.0082	0.000487199
0.0083	0.000425294
0.0084	0.000463427
0.0085	0.00057868
0.0086	0.000492269
0.0087	0.000465919
0.0088	0.000380936
0.0089	0.000471856
0.009	0.000343216
0.0091	0.000394481
0.0092	0.000575028
0.0093	0.000377307
0.0094	0.00073058
0.0095	0.00048885
0.0096	0.000468631
0.0097	0.000712693
0.0098	0.000529515
0.0099	0.000553603
0.01	0.000631643
0.0101	0.000524445
0.0102	0.000440647
0.0103	0.000713367
0.0104	0.000495145
0.0105	0.000483587
0.0106	0.000319106
0.0107	0.000599689
0.0108	0.000814247
0.0109	0.000464546
0.011	0.000633631
0.0111	0.000766941
0.0112	0.000471317
0.0113	0.000309465
0.0114	0.000325994
0.0115	0.000258371
0.0116	0.000289955
0.0117	0.000300601
0.0118	0.000260258
0.0119	0.00025898
0.012	0.000285449
0.0121	0.000231996
0.0122	0.000240818
0.0123	0.00028982
0.0124	0.000275115
0.0125	0.000248092
0.0126	0.000321349
0.0127	0.000255223
0.0128	0.000284649
0.0129	0.000218046
0.013	0.000230136
0.0131	0.0002284
0.0132	0.000209909
0.0133	0.000224988
0.0134	0.000214453
0.0135	0.000253842
0.0136	0.000305377
0.0137	0.00031339
0.0138	0.000246411
0.0139	0.000275298
0.014	0.000215161
0.0141	0.000259259
0.0142	0.000236434
0.0143	0.000210674
0.0144	0.000187197
0.0145	0.000193341
0.0146	0.000167564
0.0147	0.00022266
0.0148	0.00033482
0.0149	0.000244435
0.015	0.000243368
0.0151	0.000230288
0.0152	0.00032007
0.0153	0.00025252
0.0154	0.000283768
0.0155	0.000199304
0.0156	0.000261
0.0157	0.000217536
0.0158	0.000209771
0.0159	0.000220724
0.016	0.000282667
0.0161	0.00018979
0.0162	0.000234305
0.0163	0.000253391
0.0164	0.000169805
0.0165	0.000302478
0.0166	0.000184892
0.0167	0.000180169
0.0168	0.000189364
0.0169	0.000182339
0.017	0.000209921
0.0171	0.000227166
0.0172	0.000240986
0.0173	0.00034108
0.0174	0.000257395
0.0175	0.000234762
0.0176	0.000246236
0.0177	0.000305733
0.0178	0.000509812
0.0179	0.000388129
0.018	0.000339574
0.0181	0.000266766
0.0182	0.000273848
0.0183	0.000269805
0.0184	0.000343398
0.0185	0.000231965
0.0186	0.000271821
0.0187	0.000220869
0.0188	0.000281099
0.0189	0.00029726
0.019	0.000301249
0.0191	0.000210181
0.0192	0.000299084
0.0193	0.000260871
0.0194	0.000168894
0.0195	0.000228382
0.0196	0.000391515
0.0197	0.000248627
0.0198	0.000373769
0.0199	0.000210424
0.02	0.0003696
0.0201	0.000308173
0.0202	0.000408136
0.0203	0.000288945
0.0204	0.000328263
0.0205	0.000194603
0.0206	0.000266529
0.0207	0.00030002
0.0208	0.000263218
0.0209	0.000282785
0.021	0.000311302
0.0211	0.000350974
0.0212	0.000201594
0.0213	0.000262197
0.0214	0.000275428
0.0215	0.000173373
0.0216	0.000304475
0.0217	0.000275672
0.0218	0.000269154
0.0219	0.000279718
0.022	0.000285487
0.0221	0.000276325
0.0222	0.000272386
0.0223	0.000274355
0.0224	0.000282942
0.0225	0.000179269
0.0226	0.000309515
0.0227	0.000305997
0.0228	0.000217802
0.0229	0.000284389
0.023	0.000284415
0.0231	0.000179233
0.0232	0.000285874
0.0233	0.000449955
0.0234	0.000166262
0.0235	0.000226044
0.0236	0.000181514
0.0237	0.000179485
0.0238	0.00015227
0.0239	0.000312297
0.024	0.000400645
0.0241	0.000255497
0.0242	0.000169165
0.0243	0.000240487
0.0244	0.000317258
0.0245	0.000159774
0.0246	0.000254808
0.0247	0.000282063
0.0248	0.000185791
0.0249	0.00021721
0.025	0.000177033
0.0251	0.000166441
0.0252	0.000300219
0.0253	0.00016147
0.0254	0.000170107
0.0255	0.000216409
0.0256	0.000168041
0.0257	0.000154182
0.0258	0.000228404
0.0259	0.000291679
0.026	0.00035249
0.0261	0.000269594
0.0262	0.000424685
0.0263	0.000368401
0.0264	0.000257848
0.0265	0.000157529
0.0266	0.00015162
0.0267	0.000183532
0.0268	0.000164808
0.0269	0.000176202
0.027	0.000147137
0.0271	0.000216858
0.0272	0.000377852
0.0273	0.000323789
0.0274	0.000186968
0.0275	0.00015953
0.0276	0.0001612
0.0277	0.000332401
0.0278	0.000313978
0.0279	0.000267004
0.028	0.000193788
0.0281	0.000304513
0.0282	0.000259588
0.0283	0.000135915
0.0284	0.000304804
0.0285	0.000266154
0.0286	0.000144639
0.0287	0.00028861
0.0288	0.000278642
0.0289	0.00015314
0.029	0.000289909
0.0291	0.000281045
0.0292	0.000159679
0.0293	0.000321238
0.0294	0.000255347
0.0295	0.000150145
0.0296	0.000279683
0.0297	0.000233682
0.0298	0.000129785
0.0299	0.000320795
0.03	0.000229449
0.0301	0.000150259
0.0302	0.000292251
0.0303	0.000260051
0.0304	0.000136873
0.0305	0.000137919
0.0306	0.000274518
0.0307	0.000255444
0.0308	0.000154331
0.0309	0.000149746
0.031	0.000141142
0.0311	0.000139793
0.0312	0.000146348
0.0313	0.000270718
0.0314	0.000231828
0.0315	0.000198137
0.0316	0.000226519
0.0317	0.00013481
0.0318	0.000120747
0.0319	0.000145472
0.032	0.0001877
0.0321	0.000198875
0.0322	0.000202101
0.0323	0.000126606
0.0324	0.000128234
0.0325	0.000153038
0.0326	0.000134714
0.0327	0.000150743
0.0328	0.000150201
0.0329	0.000140177
0.033	0.0001465
0.0331	0.000146226
0.0332	0.000144675
0.0333	0.000150367
0.0334	0.00015492
0.0335	0.000228752
0.0336	0.000197738
0.0337	0.000221408
0.0338	0.000165486
0.0339	0.000158032
0.034	0.000151174
0.0341	0.000158621
0.0342	0.000210411
0.0343	0.000179255
0.0344	0.000154061
0.0345	0.000147355
0.0346	0.000154666
0.0347	0.000145234
0.0348	0.000165633
0.0349	0.000183162
0.035	0.000171214
0.0351	0.000164952
0.0352	0.000160375
0.0353	0.000144394
0.0354	0.000202274
0.0355	0.00023098
0.0356	0.000170014
0.0357	0.000173262
0.0358	0.000133627
0.0359	0.000172462
0.036	0.000181929
0.0361	0.000155791
0.0362	0.000147947
0.0363	0.000175301
0.0364	0.00016521
0.0365	0.000179
0.0366	0.00016403
0.0367	0.00016113
0.0368	0.000162447
0.0369	0.000144694
0.037	0.000141643
0.0371	0.000152646
0.0372	0.000149009
0.0373	0.000152547
0.0374	0.000146212
0.0375	0.000140808
0.0376	0.000181756
0.0377	0.000181454
0.0378	0.0001886
0.0379	0.000142139
0.038	0.000206766
0.0381	0.000194133
0.0382	0.000162303
0.0383	0.00025278
0.0384	0.000214367
0.0385	0.000169204
0.0386	0.000224598
0.0387	0.000170845
0.0388	0.000219944
0.0389	0.000168255
0.039	0.000286012
0.0391	0.000212587
0.0392	0.000218243
0.0393	0.000172908
0.0394	0.000227977
0.0395	0.000167404
0.0396	0.000241754
0.0397	0.000328533
0.0398	0.000344376
0.0399	0.000275715
0.04	0.000337143
0.0401	0.000348764
0.0402	0.000233296
0.0403	0.000310315
0.0404	0.000282198
0.0405	0.000226011
0.0406	0.000298645
0.0407	0.000219794
0.0408	0.000261933
0.0409	0.000281495
0.041	0.000412803
0.0411	0.000344394
0.0412	0.000246758
0.0413	0.000232891
0.0414	0.000221791
0.0415	0.000162847
0.0416	0.000176395
0.0417	0.000218539
0.0418	0.000253185
0.0419	0.000255798
0.042	0.000168174
0.0421	0.000245382
0.0422	0.000152968
0.0423	0.000220653
0.0424	0.000375055
0.0425	0.000476743
0.0426	0.000326567
0.0427	0.000157687
0.0428	0.000218108
0.0429	0.000202559
0.043	0.000186225
0.0431	0.000182011
0.0432	0.000202377
0.0433	0.000188978
0.0434	0.000172589
0.0435	0.000179282
0.0436	0.000190113
0.0437	0.000177941
0.0438	0.000190531
0.0439	0.000496565
0.044	0.000255093
0.0441	0.000217214
0.0442	0.000209384
0.0443	0.000199766
0.0444	0.000203397
0.0445	0.00019624
0.0446	0.000207743
0.0447	0.000245316
0.0448	0.000269089
0.0449	0.000319573
0.045	0.000334368
0.0451	0.000222806
0.0452	0.000268448
0.0453	0.00023329
0.0454	0.000260883
0.0455	0.000230876
0.0456	0.000219677
0.0457	0.000218023
0.0458	0.000395485
0.0459	0.000209962
0.046	0.000222789
0.0461	0.000161006
0.0462	0.000142416
0.0463	0.000160057
0.0464	0.000165603
0.0465	0.00013167
0.0466	0.000228547
0.0467	0.000147507
0.0468	0.000157377
0.0469	0.000151212
0.047	0.000149076
0.0471	0.00019108
0.0472	0.000186122
0.0473	0.000179315
0.0474	0.000171259
0.0475	0.000195413
0.0476	0.000307666
0.0477	0.000242253
0.0478	0.000411236
0.0479	0.000461995
0.048	0.000334875
0.0481	0.00036173
0.0482	0.000188409
0.0483	0.000323103
0.0484	0.000237941
0.0485	0.000317695
0.0486	0.000356273
0.0487	0.000366079
0.0488	0.00033229
0.0489	0.000250558
0.049	0.00034737
0.0491	0.000496329
0.0492	0.00035541
0.0493	0.000244018
0.0494	0.000211561
0.0495	0.000202921
0.0496	0.000193223
0.0497	0.000268731
0.0498	0.000173678
0.0499	0.00018218
0.05	0.000211548
0.0501	0.000202827
0.0502	0.000199173
0.0503	0.000174684
0.0504	0.000421689
0.0505	0.000217256
0.0506	0.000363846
0.0507	0.000198235
0.0508	0.000187008
0.0509	0.000184833
0.051	0.000497179
0.0511	0.000251708
0.0512	0.000271941
0.0513	0.000248701
0.0514	0.000256284
0.0515	0.000245515
0.0516	0.000209387
0.0517	0.000252347
0.0518	0.000181877
0.0519	0.000265441
0.052	0.000194851
0.0521	0.000165324
0.0522	0.000175866
0.0523	0.00017374
0.0524	0.00016946
0.0525	0.000218311
0.0526	0.00043697
0.0527	0.000459414
0.0528	0.000284415
0.0529	0.000258209
0.053	0.000239008
0.0531	0.000232998
0.0532	0.00029391
0.0533	0.000243994
0.0534	0.000261774
0.0535	0.000245083
0.0536	0.000237953
0.0537	0.000354073
0.0538	0.000259513
0.0539	0.000224817
0.054	0.000167667
0.0541	0.000238125
0.0542	0.000220091
0.0543	0.000244797
0.0544	0.000221932
0.0545	0.000240044
0.0546	0.000206697
0.0547	0.0002123
0.0548	0.000200016
0.0549	0.000267736
0.055	0.000229543
0.0551	0.000201166
0.0552	0.000220395
0.0553	0.000281246
0.0554	0.000367114
0.0555	0.000225618
0.0556	0.000314467
0.0557	0.000381717
0.0558	0.000458397
0.0559	0.000231236
0.056	0.000297901
0.0561	0.000312611
0.0562	0.000304593
0.0563	0.000330664
0.0564	0.000327585
0.0565	0.000302035
0.0566	0.000507593
0.0567	0.000337266
0.0568	0.000454441
0.0569	0.000396841
0.057	0.000441056
0.0571	0.000359959
0.0572	0.000216737
0.0573	0.000415924
0.0574	0.000350147
0.0575	0.000266115
0.0576	0.000253983
0.0577	0.000207266
0.0578	0.000349171
0.0579	0.000557423
0.058	0.000312707
0.0581	0.000200734
0.0582	0.000230729
0.0583	0.000220056
0.0584	0.00017489
0.0585	0.000266697
0.0586	0.000245122
0.0587	0.00024049
0.0588	0.000356483
0.0589	0.000294308
0.059	0.000242633
0.0591	0.000239868
0.0592	0.000256486
0.0593	0.000244041
0.0594	0.00022578
0.0595	0.000193203
0.0596	0.000178484
0.0597	0.000212066
0.0598	0.000645826
0.0599	0.000471117
0.06	0.000215514
0.0601	0.000642084
0.0602	0.000333837
0.0603	0.000200764
0.0604	0.000197748
0.0605	0.000189489
0.0606	0.000223825
0.0607	0.000208611
0.0608	0.000222446
0.0609	0.000172742
0.061	0.000175405
0.0611	0.000163713
0.0612	0.000188988
0.0613	0.000173019
0.0614	0.00023268
0.0615	0.00025078
0.0616	0.000177288
0.0617	0.000166458
0.0618	0.000177239
0.0619	0.000203696
0.062	0.000301504
0.0621	0.000160586
0.0622	0.000191254
0.0623	0.000155595
0.0624	0.000180799
0.0625	0.000168306
0.0626	0.000169327
0.0627	0.000228062
0.0628	0.000147474
0.0629	0.000174154
0.063	0.000186521
0.0631	0.00020383
0.0632	0.000193227
0.0633	0.000160374
0.0634	0.000177755
0.0635	0.000167852
0.0636	0.000151101
0.0637	0.00015591
0.0638	0.000163209
0.0639	0.00020557
0.064	0.000289752
0.0641	0.000175725
0.0642	0.000367239
0.0643	0.000319116
0.0644	0.000183986
0.0645	0.000163082
0.0646	0.000166048
0.0647	0.000181144
0.0648	0.000181118
0.0649	0.000166029
0.065	0.000171094
0.0651	0.000166309
0.0652	0.000163304
0.0653	0.000236841
0.0654	0.000233632
0.0655	0.000230814
0.0656	0.00025835
0.0657	0.000208217
0.0658	0.000153635
0.0659	0.000166879
0.066	0.000177096
0.0661	0.00021857
0.0662	0.000342042
0.0663	0.000263281
0.0664	0.000185169
0.0665	0.000324797
0.0666	0.000302477
0.0667	0.000234718
0.0668	0.000276351
0.0669	0.000194923
0.067	0.000173564
0.0671	0.000196903
0.0672	0.000339932
0.0673	0.000313844
0.0674	0.000213175
0.0675	0.000238902
0.0676	0.00016776
0.0677	0.000238856
0.0678	0.000186492
0.0679	0.000148955
0.068	0.000179839
0.0681	0.000193971
0.0682	0.00014077
0.0683	0.000143739
0.0684	0.000159015
0.0685	0.000194936
0.0686	0.000158256
0.0687	0.000185087
0.0688	0.000304498
0.0689	0.000139814
0.069	0.000275488
0.0691	0.000206138
0.0692	0.000154977
0.0693	0.000195673
0.0694	0.000239009
0.0695	0.000160019
0.0696	0.000150516
0.0697	0.000167401
0.0698	0.000169465
0.0699	0.000235639
0.07	0.000207542
0.0701	0.000166614
0.0702	0.000144742
0.0703	0.000191963
0.0704	0.000186099
0.0705	0.000173243
0.0706	0.000209965
0.0707	0.000217068
0.0708	0.000204844
0.0709	0.000165191
0.071	0.000153732
0.0711	0.000148079
0.0712	0.000228289
0.0713	0.000206394
0.0714	0.000173041
0.0715	0.000179976
0.0716	0.000188126
0.0717	0.000194261
0.0718	0.000199596
0.0719	0.000205832
0.072	0.000195018
0.0721	0.000194065
0.0722	0.000189257
0.0723	0.000210553
0.0724	0.000224013
0.0725	0.000160939
0.0726	0.000275071
0.0727	0.000165158
0.0728	0.000191806
0.0729	0.000176433
0.073	0.000158638
0.0731	0.000180003
0.0732	0.000190853
0.0733	0.000414919
0.0734	0.000218895
0.0735	0.000173404
0.0736	0.000237262
0.0737	0.000185625
0.0738	0.000210377
0.0739	0.000291269
0.074	0.000218234
0.0741	0.000174741
0.0742	0.000197487
0.0743	0.00018079
0.0744	0.000180411
0.0745	0.000189293
0.0746	0.000179887
0.0747	0.000202219
0.0748	0.000251625
0.0749	0.000209003
0.075	0.000182128
0.0751	0.000194625
0.0752	0.000229724
0.0753	0.000237981
0.0754	0.000717951
0.0755	0.000385945
0.0756	0.000293316
0.0757	0.000321145
0.0758	0.000239365
0.0759	0.000241155
0.076	0.000245897
0.0761	0.000208641
0.0762	0.000226426
0.0763	0.000224854
0.0764	0.000280976
0.0765	0.000242234
0.0766	0.000242914
0.0767	0.000280392
0.0768	0.000225717
0.0769	0.000344665
0.077	0.000338507
0.0771	0.000271074
0.0772	0.000345432
0.0773	0.000254829
0.0774	0.000255687
0.0775	0.000244545
0.0776	0.000225637
0.0777	0.000231077
0.0778	0.000426439
0.0779	0.000311735
0.078	0.000245147
0.0781	0.000322199
0.0782	0.000265364
0.0783	0.000540789
0.0784	0.000384948
0.0785	0.000362474
0.0786	0.000372798
0.0787	0.000365486
0.0788	0.000242484
0.0789	0.000268147
0.079	0.000252253
0.0791	0.000332214
0.0792	0.000354078
0.0793	0.000288062
0.0794	0.000217239
0.0795	0.000214263
0.0796	0.000234264
0.0797	0.000361509
0.0798	0.000328592
0.0799	0.000352519
0.08	0.000308402
0.0801	0.000323399
0.0802	0.000298386
0.0803	0.000239264
0.0804	0.000207404
0.0805	0.000342732
0.0806	0.000196667
0.0807	0.000208387
0.0808	0.000280475
0.0809	0.000343299
0.081	0.000349456
0.0811	0.000259477
0.0812	0.000321653
0.0813	0.000290459
0.0814	0.000330806
0.0815	0.00023213
0.0816	0.000294812
0.0817	0.000324209
0.0818	0.00020576
0.0819	0.000216539
0.082	0.000201018
0.0821	0.000262812
0.0822	0.000220017
0.0823	0.000260511
0.0824	0.000399051
0.0825	0.000362492
0.0826	0.00030072
0.0827	0.000279522
0.0828	0.000293005
0.0829	0.000410485
0.083	0.000325862
0.0831	0.000458533
0.0832	0.000361393
0.0833	0.000326394
0.0834	0.000290727
0.0835	0.000315506
0.0836	0.00028964
0.0837	0.000329647
0.0838	0.000246126
0.0839	0.000297142
0.084	0.000447012
0.0841	0.000284486
0.0842	0.000400863
0.0843	0.000273417
0.0844	0.00025986
0.0845	0.00029971
0.0846	0.000302708
0.0847	0.000240694
0.0848	0.000346791
0.0849	0.000363682
0.085	0.000244529
0.0851	0.000201051
0.0852	0.000252904
0.0853	0.000250392
0.0854	0.000670857
0.0855	0.000288422
0.0856	0.000324571
0.0857	0.000331017
0.0858	0.000306084
0.0859	0.000433959
0.086	0.000333852
0.0861	0.000322912
0.0862	0.000291297
0.0863	0.000316061
0.0864	0.000255973
0.0865	0.000215093
0.0866	0.000301927
0.0867	0.000238972
0.0868	0.000212948
0.0869	0.000291564
0.087	0.000313106
0.0871	0.000237585
0.0872	0.000233383
0.0873	0.000260941
0.0874	0.000297086
0.0875	0.000302242
0.0876	0.000345504
0.0877	0.000243454
0.0878	0.000248076
0.0879	0.000247586
0.088	0.00030313
0.0881	0.000242602
0.0882	0.000310628
0.0883	0.000300251
0.0884	0.000281293
0.0885	0.000275885
0.0886	0.000311115
0.0887	0.000248236
0.0888	0.00035511
0.0889	0.000354194
0.089	0.0002061
0.0891	0.000183763
0.0892	0.000297583
0.0893	0.000261354
0.0894	0.000274143
0.0895	0.000281267
0.0896	0.000387033
0.0897	0.000236649
0.0898	0.000303193
0.0899	0.000437151
0.09	0.000294772
0.0901	0.000380918
0.0902	0.000293932
0.0903	0.00027392
0.0904	0.000261759
0.0905	0.000355942
0.0906	0.000290536
0.0907	0.000420488
0.0908	0.000313231
0.0909	0.00023387
0.091	0.000326768
0.0911	0.000255413
0.0912	0.000266517
0.0913	0.000434265
0.0914	0.000296798
0.0915	0.000351173
0.0916	0.000320831
0.0917	0.0002567
0.0918	0.000266251
0.0919	0.000280517
0.092	0.000336333
0.0921	0.000468409
0.0922	0.000283986
0.0923	0.000400167
0.0924	0.000461482
0.0925	0.000302149
0.0926	0.000305742
0.0927	0.000411286
0.0928	0.000312962
0.0929	0.000492679
0.093	0.000431955
0.0931	0.0004039
0.0932	0.000463183
0.0933	0.000297164
0.0934	0.00025994
0.0935	0.000373346
0.0936	0.000273793
0.0937	0.000348783
0.0938	0.000306684
0.0939	0.000356004
0.094	0.000288504
0.0941	0.000385669
0.0942	0.000305089
0.0943	0.0003219
0.0944	0.000336108
0.0945	0.00024055
0.0946	0.000286547
0.0947	0.000318751
0.0948	0.000370043
0.0949	0.000351905
0.095	0.000308242
0.0951	0.000363329
0.0952	0.000238125
0.0953	0.000220792
0.0954	0.000315458
0.0955	0.000331446
0.0956	0.000256497
0.0957	0.000294133
0.0958	0.000389387
0.0959	0.000274822
0.096	0.00022897
0.0961	0.00030697
0.0962	0.000321009
0.0963	0.000282535
0.0964	0.000292413
0.0965	0.000383204
0.0966	0.000217139
0.0967	0.000313378
0.0968	0.00027974
0.0969	0.000313921
0.097	0.00022664
0.0971	0.000257295
0.0972	0.000391713
0.0973	0.000298591
0.0974	0.000382858
0.0975	0.00029175
0.0976	0.000345535
0.0977	0.000446114
0.0978	0.00036531
0.0979	0.000331395
0.098	0.000350211
0.0981	0.000412053
0.0982	0.000378236
0.0983	0.000402486
0.0984	0.000518556
0.0985	0.000379883
0.0986	0.000261563
0.0987	0.00024718
0.0988	0.000423498
0.0989	0.000311879
0.099	0.000428321
0.0991	0.000303657
0.0992	0.000360554
0.0993	0.000305511
0.0994	0.000304724
0.0995	0.000417374
0.0996	0.000549998
0.0997	0.000370196
0.0998	0.000438874
0.0999	0.00030282
0.1	0.000230763
0.1001	0.000248309
0.1002	0.000465884
0.1003	0.000340561
0.1004	0.00030246
0.1005	0.000352767
0.1006	0.000368451
0.1007	0.000313997
0.1008	0.000576594
0.1009	0.000391799
0.101	0.000385563
0.1011	0.000411928
0.1012	0.000311139
0.1013	0.00027833
0.1014	0.000415851
0.1015	0.000298987
0.1016	0.000264554
0.1017	0.000291105
0.1018	0.000390706
0.1019	0.000401257
0.102	0.000322349
0.1021	0.000328529
0.1022	0.00039674
0.1023	0.000425158
0.1024	0.0005012
0.1025	0.000335431
0.1026	0.000376399
0.1027	0.000474631
0.1028	0.000364613
0.1029	0.000300467
0.103	0.000354174
0.1031	0.000328086
0.1032	0.000373685
0.1033	0.000264679
0.1034	0.000288863
0.1035	0.000326474
0.1036	0.000279239
0.1037	0.000332638
0.1038	0.000276257
0.1039	0.000309228
0.104	0.000402448
0.1041	0.000264224
0.1042	0.000239166
0.1043	0.000323761
0.1044	0.000353179
0.1045	0.000428039
0.1046	0.000268333
0.1047	0.000319493
0.1048	0.000449442
0.1049	0.0002735
0.105	0.000326456
0.1051	0.000437925
0.1052	0.000487931
0.1053	0.000596022
0.1054	0.000321241
0.1055	0.00032719
0.1056	0.000364237
0.1057	0.000315038
0.1058	0.000332087
0.1059	0.000303514
0.106	0.000341592
0.1061	0.000452347
0.1062	0.000321298
0.1063	0.000338409
0.1064	0.000443841
0.1065	0.000328162
0.1066	0.000296175
0.1067	0.000307638
0.1068	0.000359567
0.1069	0.000357016
0.107	0.000252084
0.1071	0.000269465
0.1072	0.000251262
0.1073	0.000345979
0.1074	0.0003011
0.1075	0.000266842
0.1076	0.000286344
0.1077	0.000370396
0.1078	0.000338172
0.1079	0.0004827
0.108	0.00049066
0.1081	0.000529517
0.1082	0.000434603
0.1083	0.000370427
0.1084	0.000290483
0.1085	0.000281614
0.1086	0.000324976
0.1087	0.000312064
0.1088	0.000313902
0.1089	0.000398405
0.109	0.000325813
0.1091	0.000475399
0.1092	0.00031412
0.1093	0.000282843
0.1094	0.00032339
0.1095	0.000408987
0.1096	0.000342257
0.1097	0.000364893
0.1098	0.000423224
0.1099	0.000298462
0.11	0.000344636
0.1101	0.000395521
0.1102	0.000477645
0.1103	0.00051866
0.1104	0.000380765
0.1105	0.000412719
0.1106	0.000301572
0.1107	0.000264893
0.1108	0.000362358
0.1109	0.000361159
0.111	0.00023838
0.1111	0.000265544
0.1112	0.000316752
0.1113	0.000273228
0.1114	0.00039472
0.1115	0.000318368
0.1116	0.000407618
0.1117	0.000354148
0.1118	0.000326636
0.1119	0.000368666
0.112	0.000250606
0.1121	0.000267207
0.1122	0.000438634
0.1123	0.000442664
0.1124	0.000528355
0.1125	0.000391324
0.1126	0.000435362
0.1127	0.000539114
0.1128	0.000464187
0.1129	0.00038867
0.113	0.00034579
0.1131	0.000476561
0.1132	0.000478194
0.1133	0.00036103
0.1134	0.000344187
0.1135	0.000402695
0.1136	0.000421762
0.1137	0.000498326
0.1138	0.000386874
0.1139	0.000365539
0.114	0.000411203
0.1141	0.000288785
0.1142	0.000250752
0.1143	0.000339248
0.1144	0.000350538
0.1145	0.000335141
0.1146	0.000375238
0.1147	0.000295324
0.1148	0.000353696
0.1149	0.000448979
0.115	0.000445142
0.1151	0.000676462
0.1152	0.000418984
0.1153	0.000433465
0.1154	0.000390597
0.1155	0.000343117
0.1156	0.0005246
0.1157	0.000381219
0.1158	0.000431759
0.1159	0.000572871
0.116	0.000469501
0.1161	0.000518019
0.1162	0.000370604
0.1163	0.000505773
0.1164	0.000446265
0.1165	0.000335794
0.1166	0.000266308
0.1167	0.000523681
0.1168	0.000307992
0.1169	0.000252971
0.117	0.000324189
0.1171	0.00032773
0.1172	0.000292844
0.1173	0.000438168
0.1174	0.000324976
0.1175	0.000300686
0.1176	0.000477677
0.1177	0.000462321
0.1178	0.000415495
0.1179	0.000498512
0.118	0.000557559
0.1181	0.000398293
0.1182	0.000433378
0.1183	0.000336978
0.1184	0.00051868
0.1185	0.000463052
0.1186	0.000627561
0.1187	0.000411228
0.1188	0.000432323
0.1189	0.000366287
0.119	0.000365442
0.1191	0.000385111
0.1192	0.000359566
0.1193	0.00030374
0.1194	0.000272034
0.1195	0.000316246
0.1196	0.000380833
0.1197	0.000424686
0.1198	0.000355087
0.1199	0.000396204
0.12	0.000555987
0.1201	0.000449414
0.1202	0.000483449
0.1203	0.000487819
0.1204	0.000320571
0.1205	0.000404252
0.1206	0.000418027
0.1207	0.000367617
0.1208	0.000424679
0.1209	0.000559795
0.121	0.00047003
0.1211	0.000651679
0.1212	0.000287002
0.1213	0.000328539
0.1214	0.000347009
0.1215	0.000522883
0.1216	0.000449579
0.1217	0.00033833
0.1218	0.000351873
0.1219	0.000407299
0.122	0.000364069
0.1221	0.000512455
0.1222	0.00056715
0.1223	0.000616187
0.1224	0.000319183
0.1225	0.000517661
0.1226	0.000376928
0.1227	0.000501501
0.1228	0.000481812
0.1229	0.000431015
0.123	0.000441943
0.1231	0.000436299
0.1232	0.000481038
0.1233	0.000428553
0.1234	0.000595602
0.1235	0.000398236
0.1236	0.000443115
0.1237	0.000359558
0.1238	0.000359315
0.1239	0.000493593
0.124	0.000464487
0.1241	0.000397757
0.1242	0.000375062
0.1243	0.000475343
0.1244	0.00051214
0.1245	0.000398204
0.1246	0.000387986
0.1247	0.000517459
0.1248	0.000408978
0.1249	0.000450186
0.125	0.00052919
0.1251	0.000653616
0.1252	0.000566527
0.1253	0.000455315
0.1254	0.000609139
0.1255	0.000642497
0.1256	0.000334718
0.1257	0.000392627
0.1258	0.000616586
0.1259	0.000386567
0.126	0.000453967
0.1261	0.00048206
0.1262	0.000347932
0.1263	0.000438302
0.1264	0.000684368
0.1265	0.000566172
0.1266	0.000354368
0.1267	0.000420103
0.1268	0.000461967
0.1269	0.000383743
0.127	0.000482424
0.1271	0.000390381
0.1272	0.000388047
0.1273	0.000430944
0.1274	0.000404045
0.1275	0.000552005
0.1276	0.000335196
0.1277	0.000493179
0.1278	0.000404902
0.1279	0.000410627
0.128	0.00045281
0.1281	0.000470544
0.1282	0.000416615
0.1283	0.000464514
0.1284	0.000376838
0.1285	0.000445779
0.1286	0.000385878
0.1287	0.000559363
0.1288	0.000449477
0.1289	0.000555096
0.129	0.000559092
0.1291	0.000554959
0.1292	0.000594356
0.1293	0.000445476
0.1294	0.000367017
0.1295	0.000471147
0.1296	0.000402314
0.1297	0.000470046
0.1298	0.000403016
0.1299	0.000516168
0.13	0.000383533
0.1301	0.000361485
0.1302	0.000442617
0.1303	0.000442119
0.1304	0.0006045
0.1305	0.000556124
0.1306	0.00052002
0.1307	0.000591537
0.1308	0.000486298
0.1309	0.000433749
0.131	0.000377649
0.1311	0.000443752
0.1312	0.00047218
0.1313	0.000403925
0.1314	0.000490619
0.1315	0.000545614
0.1316	0.000433021
0.1317	0.000388151
0.1318	0.000560126
0.1319	0.000482515
0.132	0.00042391
0.1321	0.000581139
0.1322	0.000445412
0.1323	0.000434091
0.1324	0.000362974
0.1325	0.000599023
0.1326	0.000652825
0.1327	0.000606667
0.1328	0.000398964
0.1329	0.000600419
0.133	0.000372073
0.1331	0.000386098
0.1332	0.000469096
0.1333	0.000525876
0.1334	0.000541475
0.1335	0.000551239
0.1336	0.000563572
0.1337	0.000472825
0.1338	0.000414083
0.1339	0.00055563
0.134	0.000376524
0.1341	0.00053173
0.1342	0.000528736
0.1343	0.000408168
0.1344	0.000594904
0.1345	0.000410329
0.1346	0.000574147
0.1347	0.000526604
0.1348	0.000578805
0.1349	0.000456888
0.135	0.000590338
0.1351	0.000460135
0.1352	0.000468412
0.1353	0.000366274
0.1354	0.000542525
0.1355	0.000363737
0.1356	0.000360197
0.1357	0.000382618
0.1358	0.000514832
0.1359	0.000564752
0.136	0.000555846
0.1361	0.000626707
0.1362	0.000453579
0.1363	0.000546105
0.1364	0.000491776
0.1365	0.00042275
0.1366	0.000472518
0.1367	0.000507457
0.1368	0.000555095
0.1369	0.00061254
0.137	0.000606504
0.1371	0.000595211
0.1372	0.000450744
0.1373	0.000400012
0.1374	0.000441107
0.1375	0.000588291
0.1376	0.000340175
0.1377	0.000391732
0.1378	0.00032431
0.1379	0.000362431
0.138	0.000482166
0.1381	0.000607305
0.1382	0.000482141
0.1383	0.000463098
0.1384	0.000477299
0.1385	0.000524537
0.1386	0.000525479
0.1387	0.000553005
0.1388	0.0006718
0.1389	0.000484043
0.139	0.000434657
0.1391	0.000517076
0.1392	0.000612571
0.1393	0.000515762
0.1394	0.000566786
0.1395	0.000506598
0.1396	0.000482512
0.1397	0.000533568
0.1398	0.000383516
0.1399	0.000464677
0.14	0.000507492
0.1401	0.000673202
0.1402	0.000582811
0.1403	0.000569667
0.1404	0.000413869
0.1405	0.000511914
0.1406	0.000387459
0.1407	0.000381553
0.1408	0.000524265
0.1409	0.000396956
0.141	0.000404036
0.1411	0.000488793
0.1412	0.000498393
0.1413	0.000580534
0.1414	0.000549859
0.1415	0.000561921
0.1416	0.000540724
0.1417	0.00037478
0.1418	0.000402076
0.1419	0.000529204
0.142	0.000567712
0.1421	0.000354192
0.1422	0.000400479
0.1423	0.000348499
0.1424	0.000358238
0.1425	0.000487633
0.1426	0.000420714
0.1427	0.00040345
0.1428	0.00051798
0.1429	0.000426584
0.143	0.000434951
0.1431	0.000339112
0.1432	0.000435986
0.1433	0.000479282
0.1434	0.000508644
0.1435	0.000507288
0.1436	0.000641121
0.1437	0.00053487
0.1438	0.000349861
0.1439	0.000366382
0.144	0.000548134
0.1441	0.000495776
0.1442	0.000443234
0.1443	0.000443212
0.1444	0.000475629
0.1445	0.00055061
0.1446	0.000497117
0.1447	0.000429525
0.1448	0.00037729
0.1449	0.000429123
0.145	0.000473249
0.1451	0.000486752
0.1452	0.00044073
0.1453	0.000408683
0.1454	0.000397236
0.1455	0.000502163
0.1456	0.000547481
0.1457	0.000618874
0.1458	0.000566885
0.1459	0.00060369
0.146	0.000433838
0.1461	0.000388364
0.1462	0.000479562
0.1463	0.000348815
0.1464	0.000290594
0.1465	0.000321253
0.1466	0.000410371
0.1467	0.000402311
0.1468	0.000581155
0.1469	0.000477859
0.147	0.00048106
0.1471	0.000396099
0.1472	0.000344365
0.1473	0.000674561
0.1474	0.000330711
0.1475	0.0003421
0.1476	0.000412586
0.1477	0.000540276
0.1478	0.000464198
0.1479	0.000487479
0.148	0.000374956
0.1481	0.00055911
0.1482	0.000665081
0.1483	0.000484591
0.1484	0.000474658
0.1485	0.000409471
0.1486	0.000408982
0.1487	0.000401305
0.1488	0.000346382
0.1489	0.000525205
0.149	0.000434765
0.1491	0.000499761
0.1492	0.000459395
0.1493	0.000538606
0.1494	0.000567812
0.1495	0.000571512
0.1496	0.000436543
0.1497	0.000588319
0.1498	0.000475481
0.1499	0.000640486
0.15	0.00062109
0.1501	0.000518619
0.1502	0.000460731
0.1503	0.000410308
0.1504	0.000476937
0.1505	0.000778144
0.1506	0.000525395
0.1507	0.000317392
0.1508	0.000458539
0.1509	0.000473183
0.151	0.000509289
0.1511	0.000343679
0.1512	0.000472514
0.1513	0.000554496
0.1514	0.000436934
0.1515	0.000541359
0.1516	0.000574775
0.1517	0.000672319
0.1518	0.000526404
0.1519	0.000563386
0.152	0.000666983
0.1521	0.000576204
0.1522	0.000641546
0.1523	0.000549916
0.1524	0.000425769
0.1525	0.000411711
0.1526	0.000498955
0.1527	0.000561359
0.1528	0.000451809
0.1529	0.000460051
0.153	0.000410584
0.1531	0.000636907
0.1532	0.000507404
0.1533	0.000555577
0.1534	0.000445861
0.1535	0.000510471
0.1536	0.00044668
0.1537	0.000401129
0.1538	0.000506592
0.1539	0.000505058
0.154	0.000464319
0.1541	0.000526878
0.1542	0.000566677
0.1543	0.000447135
0.1544	0.000621639
0.1545	0.00065868
0.1546	0.000439968
0.1547	0.000598428
0.1548	0.000461746
0.1549	0.000480277
0.155	0.000409784
0.1551	0.000526105
0.1552	0.000656799
0.1553	0.000373417
0.1554	0.000455559
0.1555	0.000619637
0.1556	0.000659743
0.1557	0.000519971
0.1558	0.000451522
0.1559	0.000500818
0.156	0.000467568
0.1561	0.000601811
0.1562	0.00057597
0.1563	0.000466769
0.1564	0.000609619
0.1565	0.000605581
0.1566	0.000563199
0.1567	0.000583074
0.1568	0.00050598
0.1569	0.000410803
0.157	0.000505654
0.1571	0.000738497
0.1572	0.000490422
0.1573	0.000528016
0.1574	0.000529945
0.1575	0.000367112
0.1576	0.000410457
0.1577	0.000507075
0.1578	0.000521737
0.1579	0.000456577
0.158	0.000393092
0.1581	0.000455924
0.1582	0.00040728
0.1583	0.000473016
0.1584	0.00069298
0.1585	0.000646759
0.1586	0.000584362
0.1587	0.000638935
0.1588	0.00067246
0.1589	0.000644395
0.159	0.000472674
0.1591	0.000431851
0.1592	0.000529138
0.1593	0.000520128
0.1594	0.000463203
0.1595	0.00064864
0.1596	0.000512492
0.1597	0.000668155
0.1598	0.000442905
0.1599	0.000477623
0.16	0.000599571
0.1601	0.000353646
0.1602	0.000359031
0.1603	0.000419392
0.1604	0.000440544
0.1605	0.000472714
0.1606	0.000612927
0.1607	0.000631403
0.1608	0.000357568
0.1609	0.000547027
0.161	0.000551695
0.1611	0.000528219
0.1612	0.000665147
0.1613	0.000809645
0.1614	0.000740268
0.1615	0.000616216
0.1616	0.000585766
0.1617	0.000570294
0.1618	0.00058202
0.1619	0.000420475
0.162	0.000510646
0.1621	0.000621994
0.1622	0.000610148
0.1623	0.000528942
0.1624	0.000425962
0.1625	0.000488582
0.1626	0.00058649
0.1627	0.000471024
0.1628	0.000544368
0.1629	0.000603144
0.163	0.000487614
0.1631	0.000525704
0.1632	0.000631645
0.1633	0.000415681
0.1634	0.00040952
0.1635	0.000552835
0.1636	0.000614013
0.1637	0.000831251
0.1638	0.000671155
0.1639	0.000525006
0.164	0.000582417
0.1641	0.000519918
0.1642	0.000788163
0.1643	0.000643216
0.1644	0.000603438
0.1645	0.000663073
0.1646	0.000451335
0.1647	0.000399538
0.1648	0.000598279
0.1649	0.000636185
0.165	0.000558002
0.1651	0.00064754
0.1652	0.000618503
0.1653	0.000767169
0.1654	0.000639921
0.1655	0.000496912
0.1656	0.000584178
0.1657	0.000474033
0.1658	0.000522602
0.1659	0.000712722
0.166	0.000783014
0.1661	0.000603554
0.1662	0.000685535
0.1663	0.000420495
0.1664	0.000642068
0.1665	0.000557954
0.1666	0.000519443
0.1667	0.000569444
0.1668	0.000548556
0.1669	0.000490038
0.167	0.000624419
0.1671	0.000673536
0.1672	0.000624504
0.1673	0.000512032
0.1674	0.000535447
0.1675	0.000620714
0.1676	0.000621733
0.1677	0.000422867
0.1678	0.000595035
0.1679	0.000698521
0.168	0.000664691
0.1681	0.000604899
0.1682	0.000681787
0.1683	0.000712285
0.1684	0.000621881
0.1685	0.000510493
0.1686	0.000690129
0.1687	0.00069989
0.1688	0.000597758
0.1689	0.00049684
0.169	0.000559252
0.1691	0.0005215
0.1692	0.000437923
0.1693	0.000515999
0.1694	0.000638297
0.1695	0.000625519
0.1696	0.000527155
0.1697	0.000751991
0.1698	0.000706979
0.1699	0.000497982
0.17	0.000575115
0.1701	0.00063532
0.1702	0.000644992
0.1703	0.000455319
0.1704	0.000480002
0.1705	0.000521679
0.1706	0.000733114
0.1707	0.000799077
0.1708	0.000538388
0.1709	0.000520381
0.171	0.000459662
0.1711	0.000465283
0.1712	0.000608785
0.1713	0.000471166
0.1714	0.000622096
0.1715	0.000791474
0.1716	0.000701711
0.1717	0.00054638
0.1718	0.000480607
0.1719	0.000444489
0.172	0.000706021
0.1721	0.00055264
0.1722	0.000619738
0.1723	0.000604776
0.1724	0.000670887
0.1725	0.000540283
0.1726	0.000461076
0.1727	0.000690014
0.1728	0.000570381
0.1729	0.000669347
0.173	0.000533531
0.1731	0.000610939
0.1732	0.00052202
0.1733	0.000395012
0.1734	0.00039783
0.1735	0.00049958
0.1736	0.000561757
0.1737	0.000596799
0.1738	0.000545317
0.1739	0.000557616
0.174	0.0004811
0.1741	0.000531031
0.1742	0.000727996
0.1743	0.000434277
0.1744	0.000549201
0.1745	0.000535725
0.1746	0.000477126
0.1747	0.000604994
0.1748	0.000746421
0.1749	0.00060999
0.175	0.000717538
0.1751	0.000635669
0.1752	0.00060152
0.1753	0.000668675
0.1754	0.000614322
0.1755	0.000463035
0.1756	0.000632947
0.1757	0.000519626
0.1758	0.000620916
0.1759	0.000682877
0.176	0.000542062
0.1761	0.000444213
0.1762	0.000528387
0.1763	0.000500545
0.1764	0.000515519
0.1765	0.000442011
0.1766	0.000345654
0.1767	0.000478279
0.1768	0.00052782
0.1769	0.000508662
0.177	0.000518122
0.1771	0.000745572
0.1772	0.000657245
0.1773	0.000655247
0.1774	0.000561889
0.1775	0.000516754
0.1776	0.000608721
0.1777	0.000515723
0.1778	0.000461716
0.1779	0.000463665
0.178	0.000439998
0.1781	0.000728092
0.1782	0.000519593
0.1783	0.000555169
0.1784	0.000617933
0.1785	0.000550647
0.1786	0.000376306
0.1787	0.000422676
0.1788	0.00035698
0.1789	0.000468378
0.179	0.000520831
0.1791	0.000432641
0.1792	0.000663888
0.1793	0.000530002
0.1794	0.000478974
0.1795	0.000627726
0.1796	0.000511135
0.1797	0.000535005
0.1798	0.000493912
0.1799	0.00058339
0.18	0.000649249
0.1801	0.000393932
0.1802	0.000492344
0.1803	0.000584407
0.1804	0.000514533
0.1805	0.000461169
0.1806	0.000489002
0.1807	0.000471587
0.1808	0.000627841
0.1809	0.000357275
0.181	0.000410366
0.1811	0.00040116
0.1812	0.000603889
0.1813	0.000645246
0.1814	0.000668561
0.1815	0.000448372
0.1816	0.000540545
0.1817	0.000604179
0.1818	0.000668195
0.1819	0.000654396
0.182	0.000426054
0.1821	0.000495949
0.1822	0.00045297
0.1823	0.000557148
0.1824	0.000601358
0.1825	0.000385862
0.1826	0.000707784
0.1827	0.000457126
0.1828	0.000625225
0.1829	0.000390049
0.183	0.000647062
0.1831	0.000344227
0.1832	0.000439868
0.1833	0.000364402
0.1834	0.000533442
0.1835	0.00050385
0.1836	0.000698155
0.1837	0.000398395
0.1838	0.000537107
0.1839	0.000416431
0.184	0.00076325
0.1841	0.000791757
0.1842	0.000670456
0.1843	0.00045419
0.1844	0.000419025
0.1845	0.000516875
0.1846	0.000620957
0.1847	0.000669084
0.1848	0.000558097
0.1849	0.000615012
0.185	0.0005167
0.1851	0.000535613
0.1852	0.0006949
0.1853	0.000505235
0.1854	0.000620571
0.1855	0.000516885
0.1856	0.000623011
0.1857	0.000631952
0.1858	0.000612472
0.1859	0.000422567
0.186	0.000571122
0.1861	0.000378837
0.1862	0.000482957
0.1863	0.000494219
0.1864	0.000587685
0.1865	0.000624631
0.1866	0.000496804
0.1867	0.000735783
0.1868	0.000523132
0.1869	0.000609447
0.187	0.000586805
0.1871	0.000444258
0.1872	0.000702554
0.1873	0.000626205
0.1874	0.000533504
0.1875	0.000485418
0.1876	0.000525644
0.1877	0.000655115
0.1878	0.000700936
0.1879	0.000619619
0.188	0.000520182
0.1881	0.000504807
0.1882	0.000735735
0.1883	0.000421587
0.1884	0.000466455
0.1885	0.000528387
0.1886	0.000615517
0.1887	0.0005843
0.1888	0.000538444
0.1889	0.000594667
0.189	0.000687204
0.1891	0.000448073
0.1892	0.000537441
0.1893	0.000491975
0.1894	0.000545068
0.1895	0.000495835
0.1896	0.000494965
0.1897	0.000475696
0.1898	0.000658262
0.1899	0.000675629
0.19	0.000878989
0.1901	0.000801657
0.1902	0.000738456
0.1903	0.000619384
0.1904	0.000557841
0.1905	0.000484577
0.1906	0.00047135
0.1907	0.000536464
0.1908	0.000785042
0.1909	0.000630395
0.191	0.000763977
0.1911	0.000559948
0.1912	0.000725797
0.1913	0.000721445
0.1914	0.000493964
0.1915	0.000497038
0.1916	0.0005041
0.1917	0.000521728
0.1918	0.000491636
0.1919	0.000457412
0.192	0.0005061
0.1921	0.000509208
0.1922	0.000523889
0.1923	0.000624455
0.1924	0.000508365
0.1925	0.000602741
0.1926	0.000621042
0.1927	0.000780871
0.1928	0.000835215
0.1929	0.000572961
0.193	0.000743938
0.1931	0.000522394
0.1932	0.000624004
0.1933	0.000607368
0.1934	0.000704778
0.1935	0.000826789
0.1936	0.000384145
0.1937	0.000516994
0.1938	0.000433898
0.1939	0.000559488
0.194	0.000427294
0.1941	0.000530956
0.1942	0.000474915
0.1943	0.000570245
0.1944	0.000616562
0.1945	0.000588635
0.1946	0.000545352
0.1947	0.000593245
0.1948	0.000774034
0.1949	0.000712965
0.195	0.0005104
0.1951	0.000833817
0.1952	0.000602495
0.1953	0.000760318
0.1954	0.000544158
0.1955	0.000635474
0.1956	0.000457071
0.1957	0.000774712
0.1958	0.000761764
0.1959	0.000422083
0.196	0.000398774
0.1961	0.000640148
0.1962	0.00057333
0.1963	0.000392874
0.1964	0.000583602
0.1965	0.000406147
0.1966	0.000363145
0.1967	0.000725872
0.1968	0.000642745
0.1969	0.000889373
0.197	0.00081593
0.1971	0.000684553
0.1972	0.000614667
0.1973	0.00076499
0.1974	0.000557082
0.1975	0.000553831
0.1976	0.000530499
0.1977	0.000663923
0.1978	0.000694906
0.1979	0.000640397
0.198	0.000688476
0.1981	0.000693569
0.1982	0.000553745
0.1983	0.000617535
0.1984	0.000640913
0.1985	0.000622478
0.1986	0.000458924
0.1987	0.000441672
0.1988	0.000419371
0.1989	0.000397322
0.199	0.00069828
0.1991	0.000517863
0.1992	0.00080858
0.1993	0.000750033
0.1994	0.000578585
0.1995	0.000564037
0.1996	0.000484816
0.1997	0.000718412
0.1998	0.000660439
0.1999	0.000590452
0.2	0.000907507
0.2001	0.000769896
0.2002	0.000526169
0.2003	0.00065285
0.2004	0.000666112
0.2005	0.000560107
0.2006	0.000697166
0.2007	0.000502001
0.2008	0.000759778
0.2009	0.000579415
0.201	0.000514325
0.2011	0.000520399
0.2012	0.000687352
0.2013	0.000584629
0.2014	0.00076496
0.2015	0.000779399
0.2016	0.000765716
0.2017	0.000656749
0.2018	0.000490677
0.2019	0.000520682
0.202	0.000570577
0.2021	0.000605789
0.2022	0.000772922
0.2023	0.000564844
0.2024	0.000661394
0.2025	0.000845985
0.2026	0.000786747
0.2027	0.000582684
0.2028	0.00063327
0.2029	0.000651765
0.203	0.000600797
0.2031	0.000419941
0.2032	0.000533121
0.2033	0.000479599
0.2034	0.000669854
0.2035	0.000716974
0.2036	0.000630669
0.2037	0.000632991
0.2038	0.000808443
0.2039	0.000519578
0.204	0.000633579
0.2041	0.000625796
0.2042	0.00071435
0.2043	0.000800954
0.2044	0.000499252
0.2045	0.000576993
0.2046	0.000636099
0.2047	0.000551204
0.2048	0.00075678
0.2049	0.000667234
0.205	0.000547437
0.2051	0.000591667
0.2052	0.000419371
0.2053	0.000597297
0.2054	0.000716906
0.2055	0.000576874
0.2056	0.000623645
0.2057	0.000460983
0.2058	0.00052401
0.2059	0.000582388
0.206	0.000580136
0.2061	0.000458535
0.2062	0.000564789
0.2063	0.000633295
0.2064	0.00059304
0.2065	0.00056672
0.2066	0.000706588
0.2067	0.000586699
0.2068	0.000675615
0.2069	0.000674644
0.207	0.000690257
0.2071	0.000594612
0.2072	0.000779904
0.2073	0.000651247
0.2074	0.00070955
0.2075	0.000556545
0.2076	0.000672837
0.2077	0.000489728
0.2078	0.00063928
0.2079	0.000677489
0.208	0.000635184
0.2081	0.000701736
0.2082	0.000657898
0.2083	0.000677813
0.2084	0.000591374
0.2085	0.000674282
0.2086	0.00069619
0.2087	0.000514712
0.2088	0.000589891
0.2089	0.000682568
0.209	0.000566233
0.2091	0.0005206
0.2092	0.000510896
0.2093	0.000626326
0.2094	0.000516787
0.2095	0.000770302
0.2096	0.000825913
0.2097	0.000492441
0.2098	0.000563474
0.2099	0.00071679
0.21	0.000575777
0.2101	0.000627091
0.2102	0.000652746
0.2103	0.000619384
0.2104	0.000647667
0.2105	0.000642757
0.2106	0.000508024
0.2107	0.000616082
0.2108	0.000717317
0.2109	0.000610846
0.211	0.000541275
0.2111	0.00055296
0.2112	0.000506137
0.2113	0.000575068
0.2114	0.000598767
0.2115	0.000443244
0.2116	0.000763456
0.2117	0.000539723
0.2118	0.000588866
0.2119	0.000717586
0.212	0.000647024
0.2121	0.000350647
0.2122	0.000467428
0.2123	0.000597919
0.2124	0.000471298
0.2125	0.000624511
0.2126	0.000603124
0.2127	0.000700991
0.2128	0.000689246
0.2129	0.000512922
0.213	0.000517665
0.2131	0.000726511
0.2132	0.000463892
0.2133	0.00050825
0.2134	0.000636716
0.2135	0.000579626
0.2136	0.00051008
0.2137	0.00047771
0.2138	0.000584705
0.2139	0.00054156
0.214	0.000773551
0.2141	0.00058224
0.2142	0.000516513
0.2143	0.000545135
0.2144	0.000549354
0.2145	0.000418392
0.2146	0.000585837
0.2147	0.000605327
0.2148	0.000541154
0.2149	0.000465141
0.215	0.000584643
0.2151	0.00049993
0.2152	0.000580471
0.2153	0.00062465
0.2154	0.00042595
0.2155	0.000530119
0.2156	0.000660653
0.2157	0.000445411
0.2158	0.000578354
0.2159	0.000469177
0.216	0.000718179
0.2161	0.000644773
0.2162	0.000571535
0.2163	0.000486104
0.2164	0.000418642
0.2165	0.000415879
0.2166	0.000422752
0.2167	0.000562074
0.2168	0.000673283
0.2169	0.000687575
0.217	0.000443216
0.2171	0.000477233
0.2172	0.000666579
0.2173	0.000507227
0.2174	0.000728928
0.2175	0.000494248
0.2176	0.000567175
0.2177	0.000508997
0.2178	0.000511445
0.2179	0.000585076
0.218	0.00049843
0.2181	0.000601003
0.2182	0.000707874
0.2183	0.000593679
0.2184	0.000799861
0.2185	0.00039764
0.2186	0.000376296
0.2187	0.000412792
0.2188	0.000449195
0.2189	0.000496564
0.219	0.000583919
0.2191	0.000667574
0.2192	0.000496524
0.2193	0.000644952
0.2194	0.000473487
0.2195	0.000605794
0.2196	0.000735311
0.2197	0.000663146
0.2198	0.000598399
0.2199	0.000416559
0.22	0.000365404
0.2201	0.00054042
0.2202	0.000671447
0.2203	0.000536023
0.2204	0.000636477
0.2205	0.000558829
0.2206	0.000778575
0.2207	0.000657249
0.2208	0.00055886
0.2209	0.000553682
0.221	0.000534089
0.2211	0.000421583
0.2212	0.000535804
0.2213	0.000643344
0.2214	0.000445238
0.2215	0.000484537
0.2216	0.000513573
0.2217	0.000475411
0.2218	0.000724962
0.2219	0.000633579
0.222	0.000387399
0.2221	0.000430436
0.2222	0.000720558
0.2223	0.000530872
0.2224	0.000658148
0.2225	0.000573946
0.2226	0.000585879
0.2227	0.000539638
0.2228	0.000618526
0.2229	0.000659131
0.223	0.000698454
0.2231	0.000731867
0.2232	0.000625128
0.2233	0.000681247
0.2234	0.000610925
0.2235	0.000612179
0.2236	0.000513621
0.2237	0.000492375
0.2238	0.000504406
0.2239	0.000661017
0.224	0.00042767
0.2241	0.000480012
0.2242	0.000632455
0.2243	0.000596391
0.2244	0.000569202
0.2245	0.000479885
0.2246	0.000622881
0.2247	0.000774529
0.2248	0.000694183
0.2249	0.000678612
0.225	0.00064163
0.2251	0.000630137
0.2252	0.0006214
0.2253	0.00065114
0.2254	0.000471005
0.2255	0.000809117
0.2256	0.000677512
0.2257	0.0008984
0.2258	0.000593867
0.2259	0.000642958
0.226	0.000602086
0.2261	0.000456495
0.2262	0.000513001
0.2263	0.000799177
0.2264	0.000814632
0.2265	0.00064301
0.2266	0.000552869
0.2267	0.000577341
0.2268	0.000797911
0.2269	0.000582957
0.227	0.000661493
0.2271	0.000624417
0.2272	0.000646976
0.2273	0.000655539
0.2274	0.000739694
0.2275	0.000485878
0.2276	0.000618716
0.2277	0.000466172
0.2278	0.0004408
0.2279	0.00065993
0.228	0.000866617
0.2281	0.000843061
0.2282	0.000504125
0.2283	0.000597496
0.2284	0.000715139
0.2285	0.000482726
0.2286	0.000572759
0.2287	0.000693291
0.2288	0.000705885
0.2289	0.000659229
0.229	0.000672583
0.2291	0.000548476
0.2292	0.000464116
0.2293	0.000608623
0.2294	0.000638863
0.2295	0.000613455
0.2296	0.000530568
0.2297	0.00070762
0.2298	0.000599035
0.2299	0.0006834
0.23	0.000854773
0.2301	0.000984251
0.2302	0.000681614
0.2303	0.000659481
0.2304	0.000529651
0.2305	0.000639452
0.2306	0.000543622
0.2307	0.000770862
0.2308	0.000626512
0.2309	0.00070116
0.231	0.000724397
0.2311	0.000679792
0.2312	0.000557711
0.2313	0.000408815
0.2314	0.000478631
0.2315	0.000578371
0.2316	0.00065924
0.2317	0.000478679
0.2318	0.000577201
0.2319	0.000598622
0.232	0.000400104
0.2321	0.000524437
0.2322	0.000496206
0.2323	0.000620818
0.2324	0.000819249
0.2325	0.000906144
0.2326	0.000885525
0.2327	0.000882348
0.2328	0.000585142
0.2329	0.000716875
0.233	0.000487709
0.2331	0.000433074
0.2332	0.000625366
0.2333	0.000707473
0.2334	0.000609124
0.2335	0.000593094
0.2336	0.000597847
0.2337	0.000713989
0.2338	0.000550274
0.2339	0.000637806
0.234	0.000427523
0.2341	0.000513017
0.2342	0.000440083
0.2343	0.000459902
0.2344	0.0005577
0.2345	0.000613653
0.2346	0.000651235
0.2347	0.00064337
0.2348	0.000685614
0.2349	0.000570794
0.235	0.00063335
0.2351	0.000717564
0.2352	0.000751359
0.2353	0.000783997
0.2354	0.000788938
0.2355	0.000755056
0.2356	0.000627962
0.2357	0.000534943
0.2358	0.00077881
0.2359	0.000582117
0.236	0.000641416
0.2361	0.000542548
0.2362	0.000647155
0.2363	0.000689218
0.2364	0.000648149
0.2365	0.000527907
0.2366	0.000761762
0.2367	0.000710417
0.2368	0.000463864
0.2369	0.000649677
0.237	0.000619787
0.2371	0.000656761
0.2372	0.000691445
0.2373	0.000432953
0.2374	0.000520363
0.2375	0.00069976
0.2376	0.000532851
0.2377	0.000642976
0.2378	0.000619968
0.2379	0.000645059
0.238	0.000846375
0.2381	0.000754711
0.2382	0.000699505
0.2383	0.00068797
0.2384	0.000718449
0.2385	0.000598838
0.2386	0.000606979
0.2387	0.000622799
0.2388	0.000612333
0.2389	0.000728067
0.239	0.00057062
0.2391	0.000635247
0.2392	0.000600299
0.2393	0.000619634
0.2394	0.000716049
0.2395	0.000481836
0.2396	0.000495462
0.2397	0.000563861
0.2398	0.000592047
0.2399	0.000655541
0.24	0.000528653
0.2401	0.000572582
0.2402	0.000595039
0.2403	0.00076614
0.2404	0.00059802
0.2405	0.000631674
0.2406	0.000598518
0.2407	0.000566126
0.2408	0.000681173
0.2409	0.000588265
0.241	0.000769392
0.2411	0.000679167
0.2412	0.000523941
0.2413	0.000477396
0.2414	0.000509414
0.2415	0.000609976
0.2416	0.000615209
0.2417	0.000617096
0.2418	0.000433579
0.2419	0.000568369
0.242	0.000592107
0.2421	0.000729687
0.2422	0.000629802
0.2423	0.000548245
0.2424	0.000819777
0.2425	0.000531801
0.2426	0.000624376
0.2427	0.000787958
0.2428	0.000716557
0.2429	0.000831264
0.243	0.000556041
0.2431	0.000623882
0.2432	0.00068539
0.2433	0.00059628
0.2434	0.000682052
0.2435	0.000750162
0.2436	0.000701253
0.2437	0.000640531
0.2438	0.000561295
0.2439	0.000763687
0.244	0.000687971
0.2441	0.000678081
0.2442	0.00060579
0.2443	0.000652271
0.2444	0.000536235
0.2445	0.000638503
0.2446	0.000614622
0.2447	0.000730013
0.2448	0.00051173
0.2449	0.000517995
0.245	0.000733915
0.2451	0.000580828
0.2452	0.00072541
0.2453	0.000612123
0.2454	0.000531153
0.2455	0.00056949
0.2456	0.000565186
0.2457	0.000765954
0.2458	0.000693227
0.2459	0.000710889
0.246	0.000605743
0.2461	0.000710854
0.2462	0.000535914
0.2463	0.000589158
0.2464	0.00062743
0.2465	0.000646736
0.2466	0.000800457
0.2467	0.000423202
0.2468	0.000595104
0.2469	0.000628158
0.247	0.000443743
0.2471	0.000634416
0.2472	0.000585206
0.2473	0.00078997
0.2474	0.000715851
0.2475	0.000721355
0.2476	0.000374034
0.2477	0.000520228
0.2478	0.000479756
0.2479	0.000605289
0.248	0.000516315
0.2481	0.000508907
0.2482	0.000578191
0.2483	0.000728487
0.2484	0.000725739
0.2485	0.00065078
0.2486	0.000495704
0.2487	0.000437083
0.2488	0.000574943
0.2489	0.000487376
0.249	0.000458853
0.2491	0.000586356
0.2492	0.000440687
0.2493	0.000536482
0.2494	0.000663058
0.2495	0.000480838
0.2496	0.000551895
0.2497	0.000481432
0.2498	0.000555072
0.2499	0.000527864
0.25	0.000521489
0.2501	0.000513037
0.2502	0.000483385
0.2503	0.000481904
0.2504	0.000528329
0.2505	0.000456401
0.2506	0.000626495
0.2507	0.000450376
0.2508	0.000548925
0.2509	0.000451699
0.251	0.000406607
0.2511	0.000549629
0.2512	0.000571473
0.2513	0.000677081
0.2514	0.000661868
0.2515	0.000799068
0.2516	0.000491911
0.2517	0.000494433
0.2518	0.000423349
0.2519	0.000376159
0.252	0.000414334
0.2521	0.000445657
0.2522	0.000746369
0.2523	0.00050993
0.2524	0.000486057
0.2525	0.00061114
0.2526	0.000516839
0.2527	0.000437287
0.2528	0.000518911
0.2529	0.000642902
0.253	0.000717582
0.2531	0.000548978
0.2532	0.000413405
0.2533	0.000406323
0.2534	0.000458322
0.2535	0.000705061
0.2536	0.000747836
0.2537	0.000639852
0.2538	0.000574612
0.2539	0.000620021
0.254	0.000460202
0.2541	0.000699451
0.2542	0.000392628
0.2543	0.000456438
0.2544	0.000515632
0.2545	0.000445437
0.2546	0.000587887
0.2547	0.000668874
0.2548	0.000444337
0.2549	0.000567064
0.255	0.000515209
0.2551	0.000635514
0.2552	0.000737113
0.2553	0.000517939
0.2554	0.000581934
0.2555	0.000392268
0.2556	0.000430295
0.2557	0.000583784
0.2558	0.000606511
0.2559	0.000600973
0.256	0.000509472
0.2561	0.000891958
0.2562	0.000441972
0.2563	0.000615314
0.2564	0.000465747
0.2565	0.000379513
0.2566	0.00073255
0.2567	0.000559741
0.2568	0.000573578
0.2569	0.000493226
0.257	0.000524753
0.2571	0.000492525
0.2572	0.000546368
0.2573	0.000470157
0.2574	0.000484503
0.2575	0.000570241
0.2576	0.000431992
0.2577	0.000531548
0.2578	0.000683917
0.2579	0.000670309
0.258	0.000658715
0.2581	0.000456853
0.2582	0.000658513
0.2583	0.000758972
0.2584	0.000809692
0.2585	0.000768268
0.2586	0.000788982
0.2587	0.000647732
0.2588	0.000604392
0.2589	0.000657232
0.259	0.000629111
0.2591	0.000636786
0.2592	0.000658922
0.2593	0.000442059
0.2594	0.000637668
0.2595	0.00066848
0.2596	0.00056953
0.2597	0.000775603
0.2598	0.000466852
0.2599	0.000590538
0.26	0.000780148
0.2601	0.000474238
0.2602	0.000581003
0.2603	0.000595051
0.2604	0.000790104
0.2605	0.000563826
0.2606	0.000675326
0.2607	0.000437558
0.2608	0.000576948
0.2609	0.000463901
0.261	0.000388673
0.2611	0.000631251
0.2612	0.000731789
0.2613	0.000686561
0.2614	0.00059636
0.2615	0.000795293
0.2616	0.000571351
0.2617	0.000468856
0.2618	0.000695407
0.2619	0.000643958
0.262	0.000702502
0.2621	0.000587315
0.2622	0.00074928
0.2623	0.000505425
0.2624	0.00061835
0.2625	0.000631515
0.2626	0.000689118
0.2627	0.000456513
0.2628	0.000426717
0.2629	0.000587019
0.263	0.000512012
0.2631	0.000606124
0.2632	0.000487631
0.2633	0.000541898
0.2634	0.000574739
0.2635	0.00082662
0.2636	0.000803964
0.2637	0.000603689
0.2638	0.000592977
0.2639	0.000696767
0.264	0.0005693
0.2641	0.000825131
0.2642	0.00078292
0.2643	0.000511153
0.2644	0.000752529
0.2645	0.000567643
0.2646	0.000557901
0.2647	0.000695977
0.2648	0.000612031
0.2649	0.000730043
0.265	0.000498001
0.2651	0.000463269
0.2652	0.000557589
0.2653	0.000486485
0.2654	0.000448589
0.2655	0.000555347
0.2656	0.000755409
0.2657	0.000902411
0.2658	0.000662027
0.2659	0.000765206
0.266	0.000514747
0.2661	0.000693595
0.2662	0.000553815
0.2663	0.000661915
0.2664	0.000684766
0.2665	0.000669557
0.2666	0.000558575
0.2667	0.000738075
0.2668	0.000546822
0.2669	0.000688334
0.267	0.000503563
0.2671	0.000613801
0.2672	0.000516164
0.2673	0.000598523
0.2674	0.00054089
0.2675	0.000408115
0.2676	0.000451169
0.2677	0.000607013
0.2678	0.00065407
0.2679	0.000616147
0.268	0.000617158
0.2681	0.000680816
0.2682	0.000923868
0.2683	0.000836389
0.2684	0.000529356
0.2685	0.000410612
0.2686	0.000692603
0.2687	0.000616148
0.2688	0.000713577
0.2689	0.000643164
0.269	0.000497114
0.2691	0.000657183
0.2692	0.000557483
0.2693	0.000518733
0.2694	0.000610338
0.2695	0.000553485
0.2696	0.000559335
0.2697	0.000635268
0.2698	0.000429598
0.2699	0.000539791
0.27	0.000670932
0.2701	0.00054869
0.2702	0.000562798
0.2703	0.000789137
0.2704	0.000739332
0.2705	0.00047122
0.2706	0.000520404
0.2707	0.000496914
0.2708	0.000617136
0.2709	0.000730669
0.271	0.000725004
0.2711	0.000647189
0.2712	0.000527977
0.2713	0.000578347
0.2714	0.00067097
0.2715	0.00057475
0.2716	0.00066413
0.2717	0.000457795
0.2718	0.000659343
0.2719	0.000705978
0.272	0.000603719
0.2721	0.000470405
0.2722	0.000750162
0.2723	0.000639646
0.2724	0.000665985
0.2725	0.000853029
0.2726	0.000498542
0.2727	0.000759633
0.2728	0.000724231
0.2729	0.000477736
0.273	0.000565671
0.2731	0.000510777
0.2732	0.000759593
0.2733	0.00046367
0.2734	0.00055057
0.2735	0.000754175
0.2736	0.000766951
0.2737	0.000802496
0.2738	0.000612621
0.2739	0.000631906
0.274	0.000598022
0.2741	0.000640413
0.2742	0.000634176
0.2743	0.000513136
0.2744	0.000565314
0.2745	0.000564315
0.2746	0.000628268
0.2747	0.000667429
0.2748	0.000711277
0.2749	0.000762725
0.275	0.000746648
0.2751	0.00068457
0.2752	0.000530702
0.2753	0.000790609
0.2754	0.000664905
0.2755	0.000714904
0.2756	0.000569141
0.2757	0.000496623
0.2758	0.000716009
0.2759	0.000791927
0.276	0.000530783
0.2761	0.000628437
0.2762	0.00053852
0.2763	0.000661472
0.2764	0.000667299
0.2765	0.000670897
0.2766	0.000602601
0.2767	0.000574189
0.2768	0.000505104
0.2769	0.000603969
0.277	0.00051023
0.2771	0.00061607
0.2772	0.000583177
0.2773	0.000574868
0.2774	0.000504264
0.2775	0.000641106
0.2776	0.000510671
0.2777	0.000749431
0.2778	0.000552241
0.2779	0.000525921
0.278	0.00066899
0.2781	0.000629916
0.2782	0.000733025
0.2783	0.000626318
0.2784	0.00054705
0.2785	0.000637087
0.2786	0.00072479
0.2787	0.000572179
0.2788	0.000647405
0.2789	0.000482648
0.279	0.000533656
0.2791	0.000667457
0.2792	0.000605601
0.2793	0.0005191
0.2794	0.000849286
0.2795	0.000658397
0.2796	0.000934355
0.2797	0.000733935
0.2798	0.000626103
0.2799	0.000632144
0.28	0.000457505
0.2801	0.000531583
0.2802	0.000564749
0.2803	0.000607875
0.2804	0.00063851
0.2805	0.000805187
0.2806	0.000651475
0.2807	0.00074835
0.2808	0.000620214
0.2809	0.000653451
0.281	0.00058397
0.2811	0.000479471
0.2812	0.000505426
0.2813	0.000738947
0.2814	0.000825223
0.2815	0.000707978
0.2816	0.000657134
0.2817	0.000714194
0.2818	0.000612988
0.2819	0.0004825
0.282	0.000590158
0.2821	0.000558148
0.2822	0.000630419
0.2823	0.000548577
0.2824	0.000484203
0.2825	0.000574749
0.2826	0.000685458
0.2827	0.00059767
0.2828	0.000763647
0.2829	0.000684786
0.283	0.000447281
0.2831	0.000597807
0.2832	0.00039371
0.2833	0.000501587
0.2834	0.000368725
0.2835	0.000485948
0.2836	0.000508281
0.2837	0.000581779
0.2838	0.000585207
0.2839	0.000704859
0.284	0.000619746
0.2841	0.000578552
0.2842	0.000573877
0.2843	0.000616905
0.2844	0.000622461
0.2845	0.000574708
0.2846	0.000481357
0.2847	0.000626265
0.2848	0.00054752
0.2849	0.000546575
0.285	0.000660374
0.2851	0.000557416
0.2852	0.0004531
0.2853	0.000697649
0.2854	0.000457827
0.2855	0.000559162
0.2856	0.000515771
0.2857	0.000420246
0.2858	0.000639461
0.2859	0.000524334
0.286	0.000476821
0.2861	0.000416354
0.2862	0.000779569
0.2863	0.000429414
0.2864	0.000470876
0.2865	0.000445408
0.2866	0.0005805
0.2867	0.000512027
0.2868	0.000610663
0.2869	0.000518534
0.287	0.000669774
0.2871	0.000620134
0.2872	0.000718837
0.2873	0.00053106
0.2874	0.000374092
0.2875	0.00036558
0.2876	0.000377014
0.2877	0.000542314
0.2878	0.000491986
0.2879	0.000409785
0.288	0.000575082
0.2881	0.000736898
0.2882	0.000423301
0.2883	0.000405811
0.2884	0.000558673
0.2885	0.000622873
0.2886	0.000724855
0.2887	0.000470798
0.2888	0.000400273
0.2889	0.000582837
0.289	0.000478162
0.2891	0.000541057
0.2892	0.000687143
0.2893	0.000545936
0.2894	0.000683762
0.2895	0.000528292
0.2896	0.000598196
0.2897	0.000706786
0.2898	0.000435901
0.2899	0.000520377
0.29	0.000374498
0.2901	0.000492804
0.2902	0.000607702
0.2903	0.000609682
0.2904	0.000396206
0.2905	0.000595496
0.2906	0.000515628
0.2907	0.000650331
0.2908	0.000542308
0.2909	0.000534097
0.291	0.000546054
0.2911	0.000570178
0.2912	0.000581501
0.2913	0.000522711
0.2914	0.000528494
0.2915	0.000707736
0.2916	0.000677109
0.2917	0.000798644
0.2918	0.000738878
0.2919	0.000578719
0.292	0.000547502
0.2921	0.000492715
0.2922	0.000446755
0.2923	0.000517704
0.2924	0.000614467
0.2925	0.000705961
0.2926	0.000497166
0.2927	0.000416271
0.2928	0.00044179
0.2929	0.000516463
0.293	0.000609278
0.2931	0.000610577
0.2932	0.000536507
0.2933	0.000666223
0.2934	0.00063947
0.2935	0.000583519
0.2936	0.000561207
0.2937	0.000561592
0.2938	0.000571741
0.2939	0.000502473
0.294	0.000522841
0.2941	0.000594596
0.2942	0.000801959
0.2943	0.00063498
0.2944	0.000780804
0.2945	0.000768083
0.2946	0.00084235
0.2947	0.000581645
0.2948	0.000680657
0.2949	0.0006012
0.295	0.000756526
0.2951	0.000518472
0.2952	0.000603192
0.2953	0.000761732
0.2954	0.000629214
0.2955	0.000454561
0.2956	0.00049755
0.2957	0.000404732
0.2958	0.000449479
0.2959	0.00074702
0.296	0.000795217
0.2961	0.000597542
0.2962	0.000660293
0.2963	0.000471723
0.2964	0.000372562
0.2965	0.000512595
0.2966	0.0005979
0.2967	0.000652713
0.2968	0.000547555
0.2969	0.000550554
0.297	0.000832657
0.2971	0.00071481
0.2972	0.000581612
0.2973	0.000542952
0.2974	0.000683062
0.2975	0.000616565
0.2976	0.000884636
0.2977	0.000457527
0.2978	0.000659004
0.2979	0.000525156
0.298	0.000606388
0.2981	0.000605835
0.2982	0.000730138
0.2983	0.000519916
0.2984	0.000356134
0.2985	0.000388571
0.2986	0.000532646
0.2987	0.000486455
0.2988	0.000582676
0.2989	0.000560607
0.299	0.00069702
0.2991	0.000773944
0.2992	0.000642294
0.2993	0.000803845
0.2994	0.000490864
0.2995	0.000674169
0.2996	0.000483384
0.2997	0.000808206
0.2998	0.000892099
0.2999	0.000548998
0.3	0.000431643
0.3001	0.000546562
0.3002	0.000655519
0.3003	0.000643857
0.3004	0.00055207
0.3005	0.000390874
0.3006	0.000460067
0.3007	0.000557987
0.3008	0.000543862
0.3009	0.000481893
0.301	0.00044524
0.3011	0.00053139
0.3012	0.000717041
0.3013	0.000755677
0.3014	0.000803621
0.3015	0.000595317
0.3016	0.000630589
0.3017	0.000843911
0.3018	0.00059254
0.3019	0.000659546
0.302	0.000643102
0.3021	0.000537722
0.3022	0.000847229
0.3023	0.000530605
0.3024	0.00064365
0.3025	0.000616497
0.3026	0.000401901
0.3027	0.000495675
0.3028	0.000443699
0.3029	0.000545174
0.303	0.000547582
0.3031	0.000376114
0.3032	0.000364162
0.3033	0.000612557
0.3034	0.000614631
0.3035	0.000613884
0.3036	0.000539403
0.3037	0.000558296
0.3038	0.000723278
0.3039	0.000929519
0.304	0.000536174
0.3041	0.000545987
0.3042	0.000794671
0.3043	0.000691243
0.3044	0.000569705
0.3045	0.0006425
0.3046	0.000663933
0.3047	0.000467703
0.3048	0.000510493
0.3049	0.000402364
0.305	0.000629934
0.3051	0.000603004
0.3052	0.00058191
0.3053	0.000562876
0.3054	0.000393923
0.3055	0.000493289
0.3056	0.000590249
0.3057	0.000527002
0.3058	0.000572611
0.3059	0.000663601
0.306	0.000820049
0.3061	0.000500854
0.3062	0.000428214
0.3063	0.000717987
0.3064	0.000760276
0.3065	0.000662294
0.3066	0.000544849
0.3067	0.000638587
0.3068	0.000818893
0.3069	0.000673219
0.307	0.000468674
0.3071	0.000591179
0.3072	0.000670945
0.3073	0.000614868
0.3074	0.000468093
0.3075	0.000620734
0.3076	0.000716857
0.3077	0.000756791
0.3078	0.000672338
0.3079	0.000596056
0.308	0.000703968
0.3081	0.000632007
0.3082	0.000844602
0.3083	0.000426176
0.3084	0.000804571
0.3085	0.000638681
0.3086	0.000563576
0.3087	0.00052091
0.3088	0.000653549
0.3089	0.000586938
0.309	0.000700704
0.3091	0.000528656
0.3092	0.000683062
0.3093	0.000697275
0.3094	0.000662338
0.3095	0.000602705
0.3096	0.000676432
0.3097	0.00060664
0.3098	0.000646874
0.3099	0.000489438
0.31	0.000514971
0.3101	0.000461991
0.3102	0.000588424
0.3103	0.000909049
0.3104	0.000578271
0.3105	0.000736123
0.3106	0.00069439
0.3107	0.000568241
0.3108	0.000653061
0.3109	0.000822421
0.311	0.00058661
0.3111	0.000621989
0.3112	0.000609924
0.3113	0.000698978
0.3114	0.000656357
0.3115	0.000632253
0.3116	0.000603683
0.3117	0.000654389
0.3118	0.000621763
0.3119	0.000656552
0.312	0.000701468
0.3121	0.000653279
0.3122	0.000633469
0.3123	0.000612092
0.3124	0.000647368
0.3125	0.000595121
0.3126	0.000522209
0.3127	0.00058265
0.3128	0.000758325
0.3129	0.000679343
0.313	0.000621673
0.3131	0.000594915
0.3132	0.000689228
0.3133	0.000647178
0.3134	0.000670979
0.3135	0.000674159
0.3136	0.000702975
0.3137	0.00075947
0.3138	0.000589545
0.3139	0.000692827
0.314	0.000515199
0.3141	0.000574559
0.3142	0.000846624
0.3143	0.000713912
0.3144	0.000819966
0.3145	0.000508862
0.3146	0.000476711
0.3147	0.000491999
0.3148	0.000585947
0.3149	0.000810495
0.315	0.000695679
0.3151	0.000860452
0.3152	0.000630336
0.3153	0.000690464
0.3154	0.00088583
0.3155	0.000669736
0.3156	0.00046812
0.3157	0.000542563
0.3158	0.000444789
0.3159	0.000597996
0.316	0.000641824
0.3161	0.000566822
0.3162	0.000566493
0.3163	0.000488914
0.3164	0.000533805
0.3165	0.000613762
0.3166	0.000564842
0.3167	0.000415247
0.3168	0.000524403
0.3169	0.000632095
0.317	0.000827617
0.3171	0.00081079
0.3172	0.000665374
0.3173	0.000691389
0.3174	0.000777702
0.3175	0.000666467
0.3176	0.000661867
0.3177	0.000507347
0.3178	0.000563217
0.3179	0.000695894
0.318	0.00059675
0.3181	0.000658706
0.3182	0.00064565
0.3183	0.000733217
0.3184	0.000712393
0.3185	0.000543461
0.3186	0.000606555
0.3187	0.000429068
0.3188	0.000541799
0.3189	0.000605321
0.319	0.0004345
0.3191	0.000450624
0.3192	0.000525086
0.3193	0.000475477
0.3194	0.000594569
0.3195	0.000676968
0.3196	0.00059502
0.3197	0.000708176
0.3198	0.000607477
0.3199	0.000632851
0.32	0.000440422
0.3201	0.000594032
0.3202	0.000564972
0.3203	0.000460391
0.3204	0.000607438
0.3205	0.000484086
0.3206	0.000512619
0.3207	0.000695146
0.3208	0.000488
0.3209	0.000583115
0.321	0.000531914
0.3211	0.000553127
0.3212	0.000506225
0.3213	0.000390283
0.3214	0.000466707
0.3215	0.000640617
0.3216	0.000652394
0.3217	0.000504494
0.3218	0.000489285
0.3219	0.000646211
0.322	0.000461821
0.3221	0.000608574
0.3222	0.000387603
0.3223	0.000508843
0.3224	0.000460867
0.3225	0.000651165
0.3226	0.000516832
0.3227	0.000652288
0.3228	0.000744964
0.3229	0.000536469
0.323	0.000393172
0.3231	0.000384839
0.3232	0.000427888
0.3233	0.000523371
0.3234	0.000457492
0.3235	0.000400562
0.3236	0.00042139
0.3237	0.000548596
0.3238	0.000648529
0.3239	0.000457854
0.324	0.000554435
0.3241	0.000670782
0.3242	0.000808097
0.3243	0.00070263
0.3244	0.000577878
0.3245	0.000367381
0.3246	0.000531236
0.3247	0.000445091
0.3248	0.000452452
0.3249	0.000767042
0.325	0.000473162
0.3251	0.000636797
0.3252	0.000618501
0.3253	0.000394708
0.3254	0.000688393
0.3255	0.000692411
0.3256	0.000490061
0.3257	0.000457232
0.3258	0.000416188
0.3259	0.000605302
0.326	0.000603919
0.3261	0.000378089
0.3262	0.000514938
0.3263	0.000520685
0.3264	0.000827056
0.3265	0.000531685
0.3266	0.000649406
0.3267	0.000664529
0.3268	0.000438856
0.3269	0.000398737
0.327	0.000647036
0.3271	0.000483596
0.3272	0.000457594
0.3273	0.000682887
0.3274	0.000705873
0.3275	0.000599467
0.3276	0.000674411
0.3277	0.000511297
0.3278	0.000525252
0.3279	0.000643418
0.328	0.000606368
0.3281	0.000678208
0.3282	0.00050325
0.3283	0.00045298
0.3284	0.000452543
0.3285	0.000540588
0.3286	0.000652173
0.3287	0.000693613
0.3288	0.000617969
0.3289	0.000554594
0.329	0.000568478
0.3291	0.00066907
0.3292	0.000518255
0.3293	0.000650788
0.3294	0.000503008
0.3295	0.000606029
0.3296	0.000484903
0.3297	0.000613459
0.3298	0.000681353
0.3299	0.00056892
0.33	0.00056698
0.3301	0.000741567
0.3302	0.000752813
0.3303	0.000724344
0.3304	0.000535483
0.3305	0.000746716
0.3306	0.000686503
0.3307	0.000500563
0.3308	0.000541987
0.3309	0.00053051
0.331	0.000760617
0.3311	0.000539059
0.3312	0.000568606
0.3313	0.000500797
0.3314	0.000516053
0.3315	0.000517603
0.3316	0.000727849
0.3317	0.000583282
0.3318	0.000608623
0.3319	0.000492163
0.332	0.00042242
0.3321	0.00059888
0.3322	0.000465416
0.3323	0.000557719
0.3324	0.000691641
0.3325	0.000651185
0.3326	0.000697403
0.3327	0.000633824
0.3328	0.000614332
0.3329	0.000447108
0.333	0.000732255
0.3331	0.000652897
0.3332	0.000796819
0.3333	0.000536953
0.3334	0.000576882
0.3335	0.000585123
0.3336	0.000624644
0.3337	0.000571807
0.3338	0.000757386
0.3339	0.0006387
0.334	0.000438419
0.3341	0.000377412
0.3342	0.000582616
0.3343	0.000473176
0.3344	0.000632848
0.3345	0.000576418
0.3346	0.00055573
0.3347	0.000555319
0.3348	0.000846605
0.3349	0.000493109
0.335	0.000657217
0.3351	0.000639789
0.3352	0.000726349
0.3353	0.000685056
0.3354	0.000675714
0.3355	0.00079177
0.3356	0.000444458
0.3357	0.000447062
0.3358	0.000636616
0.3359	0.000599074
0.336	0.000606246
0.3361	0.000414059
0.3362	0.000408576
0.3363	0.000413839
0.3364	0.000491939
0.3365	0.000586468
0.3366	0.000424081
0.3367	0.000440602
0.3368	0.000755135
0.3369	0.000732492
0.337	0.000615334
0.3371	0.000594642
0.3372	0.000802561
0.3373	0.00065349
0.3374	0.000671208
0.3375	0.000735359
0.3376	0.00064157
0.3377	0.000496215
0.3378	0.000625983
0.3379	0.00078954
0.338	0.000791392
0.3381	0.000496636
0.3382	0.000535439
0.3383	0.000472435
0.3384	0.000498303
0.3385	0.000496929
0.3386	0.000758693
0.3387	0.000520185
0.3388	0.000353659
0.3389	0.000356215
0.339	0.000532667
0.3391	0.000667201
0.3392	0.0007039
0.3393	0.000547092
0.3394	0.000610771
0.3395	0.000697687
0.3396	0.000830862
0.3397	0.000736087
0.3398	0.000564247
0.3399	0.000571928
0.34	0.000669726
0.3401	0.000670173
0.3402	0.000594884
0.3403	0.000491254
0.3404	0.000417347
0.3405	0.000572953
0.3406	0.000498151
0.3407	0.000599586
0.3408	0.000451916
0.3409	0.00048065
0.341	0.000578123
0.3411	0.000493639
0.3412	0.000555467
0.3413	0.000640931
0.3414	0.000541374
0.3415	0.000691702
0.3416	0.000530593
0.3417	0.00081529
0.3418	0.00051454
0.3419	0.000527928
0.342	0.000615658
0.3421	0.000683737
0.3422	0.000741773
0.3423	0.000693865
0.3424	0.000689453
0.3425	0.000679612
0.3426	0.000392064
0.3427	0.000509815
0.3428	0.000534536
0.3429	0.000551955
0.343	0.000548111
0.3431	0.000554388
0.3432	0.000618747
0.3433	0.000550335
0.3434	0.000589549
0.3435	0.000705195
0.3436	0.0005314
0.3437	0.000723573
0.3438	0.000715959
0.3439	0.000494244
0.344	0.000594975
0.3441	0.000687456
0.3442	0.000635566
0.3443	0.000734245
0.3444	0.000720096
0.3445	0.000629122
0.3446	0.000565865
0.3447	0.000680727
0.3448	0.000473874
0.3449	0.000517871
0.345	0.000630228
0.3451	0.000770546
0.3452	0.000461658
0.3453	0.000571591
0.3454	0.000675068
0.3455	0.000808442
0.3456	0.000540786
0.3457	0.00045891
0.3458	0.00055491
0.3459	0.000493551
0.346	0.000848438
0.3461	0.000702279
0.3462	0.000644645
0.3463	0.000685302
0.3464	0.000665741
0.3465	0.000739031
0.3466	0.000694771
0.3467	0.000536094
0.3468	0.0005547
0.3469	0.000543852
0.347	0.000651663
0.3471	0.000569655
0.3472	0.000758829
0.3473	0.000543462
0.3474	0.00061337
0.3475	0.000435015
0.3476	0.000699117
0.3477	0.000661422
0.3478	0.000598018
0.3479	0.000424815
0.348	0.000702146
0.3481	0.000464807
0.3482	0.000525294
0.3483	0.000593884
0.3484	0.000692642
0.3485	0.000572294
0.3486	0.000666962
0.3487	0.000537733
0.3488	0.000602877
0.3489	0.000647708
0.349	0.000524805
0.3491	0.00060201
0.3492	0.000618516
0.3493	0.00057142
0.3494	0.000706878
0.3495	0.000564711
0.3496	0.000626975
0.3497	0.000580309
0.3498	0.000645285
0.3499	0.000825943
0.35	0.000526695
0.3501	0.000661636
0.3502	0.000520718
0.3503	0.000403528
0.3504	0.000531789
0.3505	0.00063393
0.3506	0.000893835
0.3507	0.000767373
0.3508	0.000655093
0.3509	0.000766654
0.351	0.000527342
0.3511	0.000720709
0.3512	0.000559334
0.3513	0.000567682
0.3514	0.000498439
0.3515	0.000694148
0.3516	0.000579142
0.3517	0.000587
0.3518	0.000545244
0.3519	0.000605967
0.352	0.000602401
0.3521	0.000593183
0.3522	0.000482299
0.3523	0.000660572
0.3524	0.000456158
0.3525	0.000409622
0.3526	0.000610609
0.3527	0.000623871
0.3528	0.000760807
0.3529	0.000697842
0.353	0.000699738
0.3531	0.000645228
0.3532	0.000591315
0.3533	0.000678804
0.3534	0.000598423
0.3535	0.000472815
0.3536	0.000743365
0.3537	0.000518352
0.3538	0.000795883
0.3539	0.000557238
0.354	0.000730531
0.3541	0.000681625
0.3542	0.000777292
0.3543	0.000453812
0.3544	0.000565852
0.3545	0.000555973
0.3546	0.000598283
0.3547	0.000425426
0.3548	0.000398935
0.3549	0.0005616
0.355	0.000642849
0.3551	0.00063961
0.3552	0.00058481
0.3553	0.000738266
0.3554	0.000623529
0.3555	0.000758009
0.3556	0.000488861
0.3557	0.000559033
0.3558	0.000500536
0.3559	0.000626866
0.356	0.000603252
0.3561	0.000471253
0.3562	0.000528933
0.3563	0.000523023
0.3564	0.00057297
0.3565	0.000382745
0.3566	0.000534992
0.3567	0.000533526
0.3568	0.000566141
0.3569	0.000527001
0.357	0.000381988
0.3571	0.000487152
0.3572	0.000578594
0.3573	0.000602651
0.3574	0.000603165
0.3575	0.000555764
0.3576	0.000662288
0.3577	0.000628106
0.3578	0.000545503
0.3579	0.000425763
0.358	0.000600289
0.3581	0.000397595
0.3582	0.000692582
0.3583	0.000625693
0.3584	0.000579724
0.3585	0.00061124
0.3586	0.00051626
0.3587	0.000386029
0.3588	0.000395663
0.3589	0.000380816
0.359	0.000583257
0.3591	0.000586285
0.3592	0.00033849
0.3593	0.000428389
0.3594	0.000533592
0.3595	0.000628568
0.3596	0.000554001
0.3597	0.000566128
0.3598	0.000745373
0.3599	0.000752568
0.36	0.000783817
0.3601	0.000374946
0.3602	0.000460572
0.3603	0.000583293
0.3604	0.000474886
0.3605	0.00062898
0.3606	0.000656724
0.3607	0.000415433
0.3608	0.000596333
0.3609	0.000494666
0.361	0.000575798
0.3611	0.00061981
0.3612	0.000631744
0.3613	0.000520442
0.3614	0.000436177
0.3615	0.000445704
0.3616	0.000466263
0.3617	0.000602975
0.3618	0.000502014
0.3619	0.000505927
0.362	0.00061988
0.3621	0.000704176
0.3622	0.00075453
0.3623	0.000415312
0.3624	0.000504404
0.3625	0.000632183
0.3626	0.000632798
0.3627	0.000560992
0.3628	0.000434333
0.3629	0.000461837
0.363	0.000664879
0.3631	0.000703147
0.3632	0.000743414
0.3633	0.000480294
0.3634	0.000510484
0.3635	0.000521025
0.3636	0.000548603
0.3637	0.000632105
0.3638	0.000783339
0.3639	0.000483607
0.364	0.000561756
0.3641	0.000321225
0.3642	0.000573367
0.3643	0.000573473
0.3644	0.000746277
0.3645	0.000486263
0.3646	0.000600507
0.3647	0.000513506
0.3648	0.00058532
0.3649	0.000623336
0.365	0.000687049
0.3651	0.000451981
0.3652	0.000512454
0.3653	0.000485411
0.3654	0.000538344
0.3655	0.000650903
0.3656	0.000636625
0.3657	0.000693644
0.3658	0.000687199
0.3659	0.000776601
0.366	0.000772196
0.3661	0.000542936
0.3662	0.000542008
0.3663	0.00064734
0.3664	0.000528646
0.3665	0.000692502
0.3666	0.000626734
0.3667	0.000708157
0.3668	0.000515214
0.3669	0.000506334
0.367	0.000527663
0.3671	0.000399666
0.3672	0.000643567
0.3673	0.00060209
0.3674	0.00053299
0.3675	0.000437863
0.3676	0.000447986
0.3677	0.000413306
0.3678	0.00053993
0.3679	0.000576625
0.368	0.000655993
0.3681	0.000647812
0.3682	0.000666131
0.3683	0.000775931
0.3684	0.000786793
0.3685	0.000559376
0.3686	0.000506436
0.3687	0.000634635
0.3688	0.00074584
0.3689	0.000821975
0.369	0.000399337
0.3691	0.000501618
0.3692	0.00069163
0.3693	0.000538043
0.3694	0.000701651
0.3695	0.000696208
0.3696	0.000569284
0.3697	0.000465485
0.3698	0.000361325
0.3699	0.000395031
0.37	0.00057105
0.3701	0.000741459
0.3702	0.000839983
0.3703	0.000563998
0.3704	0.000576027
0.3705	0.000640755
0.3706	0.000500772
0.3707	0.000821431
0.3708	0.000664974
0.3709	0.000811689
0.371	0.000601582
0.3711	0.000775451
0.3712	0.000634302
0.3713	0.000451065
0.3714	0.000548882
0.3715	0.000772515
0.3716	0.00057305
0.3717	0.00059609
0.3718	0.000403984
0.3719	0.000425874
0.372	0.000484255
0.3721	0.000580323
0.3722	0.000566471
0.3723	0.000427118
0.3724	0.000462115
0.3725	0.000560719
0.3726	0.000848894
0.3727	0.000575614
0.3728	0.000668288
0.3729	0.000576947
0.373	0.000909982
0.3731	0.000644803
0.3732	0.000699749
0.3733	0.000624583
0.3734	0.000693996
0.3735	0.000666264
0.3736	0.000679612
0.3737	0.000465645
0.3738	0.000696168
0.3739	0.000499173
0.374	0.000426808
0.3741	0.000567297
0.3742	0.000529556
0.3743	0.000605613
0.3744	0.000522279
0.3745	0.000387689
0.3746	0.000586014
0.3747	0.000561375
0.3748	0.000541922
0.3749	0.000684929
0.375	0.000566328
0.3751	0.000687698
0.3752	0.000957207
0.3753	0.00091813
0.3754	0.000571096
0.3755	0.000663968
0.3756	0.000760114
0.3757	0.000744928
0.3758	0.000544997
0.3759	0.0005929
0.376	0.000528874
0.3761	0.000409689
0.3762	0.000589565
0.3763	0.000628608
0.3764	0.000577522
0.3765	0.000393448
0.3766	0.000539928
0.3767	0.000725349
0.3768	0.000480979
0.3769	0.000361593
0.377	0.000671682
0.3771	0.000471538
0.3772	0.000747142
0.3773	0.000499174
0.3774	0.000833234
0.3775	0.000679515
0.3776	0.000803029
0.3777	0.000584364
0.3778	0.000612495
0.3779	0.000726365
0.378	0.000693833
0.3781	0.000658657
0.3782	0.000510808
0.3783	0.000531654
0.3784	0.000607628
0.3785	0.000553155
0.3786	0.000662716
0.3787	0.000554387
0.3788	0.000543469
0.3789	0.000752722
0.379	0.000629686
0.3791	0.00071939
0.3792	0.000614738
0.3793	0.000627123
0.3794	0.000780455
0.3795	0.000699934
0.3796	0.000427931
0.3797	0.000653301
0.3798	0.000568276
0.3799	0.000771277
0.38	0.00052709
0.3801	0.000740921
0.3802	0.000545671
0.3803	0.000531004
0.3804	0.000617265
0.3805	0.000592723
0.3806	0.000644135
0.3807	0.000729942
0.3808	0.000738679
0.3809	0.000565078
0.381	0.00067294
0.3811	0.000692939
0.3812	0.000671881
0.3813	0.000641699
0.3814	0.000412445
0.3815	0.000523964
0.3816	0.000519136
0.3817	0.000763321
0.3818	0.000785329
0.3819	0.000523781
0.382	0.000661462
0.3821	0.00060703
0.3822	0.000726061
0.3823	0.000905644
0.3824	0.00040951
0.3825	0.00064855
0.3826	0.000716685
0.3827	0.000591969
0.3828	0.000592353
0.3829	0.000758575
0.383	0.000567863
0.3831	0.000602968
0.3832	0.000482039
0.3833	0.000674585
0.3834	0.000627478
0.3835	0.00057277
0.3836	0.000451142
0.3837	0.000573105
0.3838	0.000514638
0.3839	0.000556303
0.384	0.000498742
0.3841	0.000588705
0.3842	0.000639585
0.3843	0.000753592
0.3844	0.000450231
0.3845	0.000770465
0.3846	0.000439994
0.3847	0.000473249
0.3848	0.000565077
0.3849	0.000643614
0.385	0.000743417
0.3851	0.000704498
0.3852	0.00068788
0.3853	0.000719036
0.3854	0.000580865
0.3855	0.000645081
0.3856	0.000832198
0.3857	0.000507508
0.3858	0.000628073
0.3859	0.000580106
0.386	0.000475073
0.3861	0.000498291
0.3862	0.000664353
0.3863	0.000854117
0.3864	0.000659818
0.3865	0.000771913
0.3866	0.000715593
0.3867	0.000643343
0.3868	0.000811195
0.3869	0.000494053
0.387	0.00062056
0.3871	0.00046821
0.3872	0.000675519
0.3873	0.000615664
0.3874	0.000722524
0.3875	0.000428428
0.3876	0.000642531
0.3877	0.000665914
0.3878	0.000637494
0.3879	0.0005169
0.388	0.000636724
0.3881	0.000408034
0.3882	0.00049426
0.3883	0.000660847
0.3884	0.000706466
0.3885	0.000816947
0.3886	0.000701706
0.3887	0.000686405
0.3888	0.000921732
0.3889	0.000708464
0.389	0.000550028
0.3891	0.000577586
0.3892	0.000431557
0.3893	0.000732769
0.3894	0.000746692
0.3895	0.000594391
0.3896	0.000577993
0.3897	0.000694634
0.3898	0.000662893
0.3899	0.000722856
0.39	0.000455896
0.3901	0.000492563
0.3902	0.000519396
0.3903	0.000594219
0.3904	0.000402779
0.3905	0.00041895
0.3906	0.000574728
0.3907	0.000619552
0.3908	0.000572673
0.3909	0.000550313
0.391	0.000625564
0.3911	0.000740514
0.3912	0.000710523
0.3913	0.000509785
0.3914	0.000561294
0.3915	0.000547291
0.3916	0.000496796
0.3917	0.000478306
0.3918	0.000578671
0.3919	0.000510937
0.392	0.000474983
0.3921	0.000613187
0.3922	0.000573203
0.3923	0.000515224
0.3924	0.000543629
0.3925	0.00062239
0.3926	0.00056335
0.3927	0.000485605
0.3928	0.000654168
0.3929	0.000419929
0.393	0.000611855
0.3931	0.000593862
0.3932	0.000542788
0.3933	0.000531541
0.3934	0.000558013
0.3935	0.000507045
0.3936	0.000482447
0.3937	0.000520125
0.3938	0.000573723
0.3939	0.000597784
0.394	0.000601174
0.3941	0.000507291
0.3942	0.000645409
0.3943	0.000512876
0.3944	0.000409347
0.3945	0.000402781
0.3946	0.000545097
0.3947	0.000465159
0.3948	0.000490912
0.3949	0.000359834
0.395	0.000520609
0.3951	0.000508549
0.3952	0.000453521
0.3953	0.000408331
0.3954	0.000522486
0.3955	0.000723094
0.3956	0.000565699
0.3957	0.000687167
0.3958	0.000420632
0.3959	0.000476724
0.396	0.00053985
0.3961	0.00055212
0.3962	0.000547804
0.3963	0.000556871
0.3964	0.000603852
0.3965	0.000573167
0.3966	0.000550869
0.3967	0.000447905
0.3968	0.000666078
0.3969	0.000438712
0.397	0.000352668
0.3971	0.000542483
0.3972	0.000518885
0.3973	0.000477376
0.3974	0.000516572
0.3975	0.000519776
0.3976	0.000552268
0.3977	0.000627462
0.3978	0.00062904
0.3979	0.000507964
0.398	0.000466612
0.3981	0.00049817
0.3982	0.000614601
0.3983	0.000642866
0.3984	0.000451939
0.3985	0.000503599
0.3986	0.00051678
0.3987	0.000736094
0.3988	0.000544695
0.3989	0.000643618
0.399	0.000587365
0.3991	0.000558734
0.3992	0.00037388
0.3993	0.000591729
0.3994	0.000524163
0.3995	0.000647085
0.3996	0.00054077
0.3997	0.000550558
0.3998	0.000428487
0.3999	0.00057031
0.4	0.000791108
0.4001	0.000765583
0.4002	0.000525734
0.4003	0.000609647
0.4004	0.00072316
0.4005	0.000568072
0.4006	0.000694298
0.4007	0.000578976
0.4008	0.000569414
0.4009	0.000542474
0.401	0.000509387
0.4011	0.000452282
0.4012	0.000794264
0.4013	0.000734651
0.4014	0.000601907
0.4015	0.000788433
0.4016	0.000650123
0.4017	0.000600791
0.4018	0.000494232
0.4019	0.000551068
0.402	0.000773826
0.4021	0.000539493
0.4022	0.00054515
0.4023	0.000679613
0.4024	0.000524282
0.4025	0.000640938
0.4026	0.00058622
0.4027	0.000506363
0.4028	0.000466745
0.4029	0.000524828
0.403	0.000630829
0.4031	0.000572609
0.4032	0.000513609
0.4033	0.00048066
0.4034	0.000358063
0.4035	0.000598168
0.4036	0.000562382
0.4037	0.000688445
0.4038	0.000461278
0.4039	0.000676843
0.404	0.000880526
0.4041	0.00067877
0.4042	0.000673801
0.4043	0.000603638
0.4044	0.000714196
0.4045	0.00075638
0.4046	0.00079083
0.4047	0.000487635
0.4048	0.000631503
0.4049	0.000504874
0.405	0.000486947
0.4051	0.000535189
0.4052	0.000656176
0.4053	0.000646756
0.4054	0.000358935
0.4055	0.000372078
0.4056	0.000443367
0.4057	0.000646617
0.4058	0.000663556
0.4059	0.000460536
0.406	0.000613667
0.4061	0.000531081
0.4062	0.00074652
0.4063	0.000607942
0.4064	0.000680473
0.4065	0.000618758
0.4066	0.000870264
0.4067	0.000595385
0.4068	0.000745979
0.4069	0.000700175
0.407	0.000416508
0.4071	0.000686362
0.4072	0.000592036
0.4073	0.000552043
0.4074	0.000468244
0.4075	0.000402381
0.4076	0.000475235
0.4077	0.000537468
0.4078	0.000477195
0.4079	0.000590838
0.408	0.000419232
0.4081	0.000384691
0.4082	0.000641604
0.4083	0.000697388
0.4084	0.000547052
0.4085	0.000651712
0.4086	0.000951119
0.4087	0.000555712
0.4088	0.00063754
0.4089	0.000517387
0.409	0.000602067
0.4091	0.000598521
0.4092	0.000723072
0.4093	0.000534182
0.4094	0.000500551
0.4095	0.00052587
0.4096	0.000493199
0.4097	0.000430108
0.4098	0.000514523
0.4099	0.000480861
0.41	0.000459403
0.4101	0.000381016
0.4102	0.000384286
0.4103	0.000475082
0.4104	0.000679518
0.4105	0.000592585
0.4106	0.000695563
0.4107	0.000578368
0.4108	0.000752122
0.4109	0.000737492
0.411	0.000643901
0.4111	0.000559501
0.4112	0.000750854
0.4113	0.000666041
0.4114	0.000645645
0.4115	0.00052575
0.4116	0.000519167
0.4117	0.000498618
0.4118	0.000532584
0.4119	0.000510624
0.412	0.00062197
0.4121	0.00072018
0.4122	0.000492723
0.4123	0.000437301
0.4124	0.000496627
0.4125	0.000432196
0.4126	0.000464276
0.4127	0.000637741
0.4128	0.000506045
0.4129	0.000866061
0.413	0.000758333
0.4131	0.000590927
0.4132	0.000565988
0.4133	0.000772109
0.4134	0.000546018
0.4135	0.00062804
0.4136	0.000738252
0.4137	0.000542358
0.4138	0.000735291
0.4139	0.000713045
0.414	0.000590093
0.4141	0.000574457
0.4142	0.000660532
0.4143	0.000471891
0.4144	0.000618409
0.4145	0.000752163
0.4146	0.000685479
0.4147	0.000704895
0.4148	0.000560729
0.4149	0.000545688
0.415	0.000684603
0.4151	0.000600175
0.4152	0.000702406
0.4153	0.000572542
0.4154	0.00074353
0.4155	0.000459848
0.4156	0.000616413
0.4157	0.000796041
0.4158	0.000658974
0.4159	0.000486653
0.416	0.000535457
0.4161	0.000570079
0.4162	0.000542884
0.4163	0.000557657
0.4164	0.000668494
0.4165	0.000747385
0.4166	0.00066878
0.4167	0.000595022
0.4168	0.000567617
0.4169	0.00069722
0.417	0.000698554
0.4171	0.000507793
0.4172	0.000682925
0.4173	0.00065049
0.4174	0.000789016
0.4175	0.00085115
0.4176	0.000575238
0.4177	0.000591295
0.4178	0.000719654
0.4179	0.000788146
0.418	0.00068366
0.4181	0.000449704
0.4182	0.000510027
0.4183	0.000613942
0.4184	0.000530485
0.4185	0.000627676
0.4186	0.000518965
0.4187	0.00062039
0.4188	0.000715352
0.4189	0.000685431
0.419	0.000658434
0.4191	0.000730069
0.4192	0.000506454
0.4193	0.000818136
0.4194	0.000722825
0.4195	0.000523641
0.4196	0.000593924
0.4197	0.000529769
0.4198	0.000589694
0.4199	0.000912135
0.42	0.0007834
0.4201	0.000478008
0.4202	0.000753204
0.4203	0.000411199
0.4204	0.000600757
0.4205	0.000572551
0.4206	0.000481908
0.4207	0.000782041
0.4208	0.00065071
0.4209	0.00065398
0.421	0.000450092
0.4211	0.000653203
0.4212	0.000807074
0.4213	0.000710145
0.4214	0.00045158
0.4215	0.000498489
0.4216	0.000571893
0.4217	0.000481939
0.4218	0.000562197
0.4219	0.000679684
0.422	0.00061403
0.4221	0.000819589
0.4222	0.000678258
0.4223	0.000612663
0.4224	0.00086989
0.4225	0.000473517
0.4226	0.000489554
0.4227	0.000512864
0.4228	0.000509102
0.4229	0.000500242
0.423	0.000693573
0.4231	0.000717597
0.4232	0.000453305
0.4233	0.000576953
0.4234	0.000720761
0.4235	0.000514506
0.4236	0.000496011
0.4237	0.000562394
0.4238	0.000517458
0.4239	0.000460286
0.424	0.000697311
0.4241	0.000654865
0.4242	0.000834415
0.4243	0.000631377
0.4244	0.000627202
0.4245	0.00077501
0.4246	0.000640172
0.4247	0.00046342
0.4248	0.000613269
0.4249	0.000694999
0.425	0.000496514
0.4251	0.000796556
0.4252	0.000514571
0.4253	0.000526488
0.4254	0.000673943
0.4255	0.000444471
0.4256	0.000619775
0.4257	0.000496309
0.4258	0.000513427
0.4259	0.000542552
0.426	0.000526719
0.4261	0.000416372
0.4262	0.000440913
0.4263	0.000527894
0.4264	0.00057112
0.4265	0.000688538
0.4266	0.000678144
0.4267	0.000717958
0.4268	0.000492399
0.4269	0.000630281
0.427	0.000561669
0.4271	0.000579251
0.4272	0.000567662
0.4273	0.000625025
0.4274	0.000623491
0.4275	0.000423601
0.4276	0.000572221
0.4277	0.000671361
0.4278	0.000622068
0.4279	0.000649029
0.428	0.000550355
0.4281	0.00061443
0.4282	0.000573266
0.4283	0.000393065
0.4284	0.000446021
0.4285	0.000665869
0.4286	0.000588873
0.4287	0.000455511
0.4288	0.000654387
0.4289	0.000668477
0.429	0.00049507
0.4291	0.000544931
0.4292	0.00041856
0.4293	0.000609233
0.4294	0.000494419
0.4295	0.000633331
0.4296	0.000522726
0.4297	0.000526695
0.4298	0.000717557
0.4299	0.00050268
0.43	0.000391968
0.4301	0.000359942
0.4302	0.00042982
0.4303	0.000536806
0.4304	0.000372723
0.4305	0.000464193
0.4306	0.000422678
0.4307	0.000530881
0.4308	0.000525135
0.4309	0.00037067
0.431	0.00050938
0.4311	0.00061996
0.4312	0.000718322
0.4313	0.000834228
0.4314	0.000546613
0.4315	0.000360915
0.4316	0.000536789
0.4317	0.000505033
0.4318	0.000521673
0.4319	0.000577243
0.432	0.000480102
0.4321	0.000676813
0.4322	0.000603865
0.4323	0.000503769
0.4324	0.000592098
0.4325	0.000461426
0.4326	0.000415454
0.4327	0.000518327
0.4328	0.000490482
0.4329	0.0005035
0.433	0.000589682
0.4331	0.00044353
0.4332	0.000603625
0.4333	0.000601934
0.4334	0.000608331
0.4335	0.000657338
0.4336	0.000667443
0.4337	0.000538012
0.4338	0.000429226
0.4339	0.000531124
0.434	0.000612407
0.4341	0.000459503
0.4342	0.00051357
0.4343	0.000686834
0.4344	0.000681825
0.4345	0.000661495
0.4346	0.000725983
0.4347	0.000668297
0.4348	0.000581832
0.4349	0.000573223
0.435	0.000597835
0.4351	0.000514633
0.4352	0.000693536
0.4353	0.000460836
0.4354	0.000505028
0.4355	0.000589654
0.4356	0.000562361
0.4357	0.000479141
0.4358	0.000851434
0.4359	0.000563477
0.436	0.000540532
0.4361	0.000675261
0.4362	0.000501992
0.4363	0.000661869
0.4364	0.000560789
0.4365	0.000565676
0.4366	0.000503218
0.4367	0.000485034
0.4368	0.000667755
0.4369	0.000573057
0.437	0.000538214
0.4371	0.000594055
0.4372	0.000696664
0.4373	0.000791095
0.4374	0.000677553
0.4375	0.00069893
0.4376	0.000651474
0.4377	0.000607571
0.4378	0.000669953
0.4379	0.000564504
0.438	0.000731634
0.4381	0.000573644
0.4382	0.00056703
0.4383	0.000496798
0.4384	0.000517289
0.4385	0.00042021
0.4386	0.000612037
0.4387	0.000614548
0.4388	0.000656313
0.4389	0.000629745
0.439	0.000410591
0.4391	0.000482175
0.4392	0.000576055
0.4393	0.000599441
0.4394	0.000656216
0.4395	0.000508322
0.4396	0.000785117
0.4397	0.000810169
0.4398	0.00066431
0.4399	0.000492357
0.44	0.000754647
0.4401	0.000803245
0.4402	0.000572468
0.4403	0.000665832
0.4404	0.000612614
0.4405	0.000462793
0.4406	0.000497796
0.4407	0.000508285
0.4408	0.000713794
0.4409	0.000665587
0.441	0.000409536
0.4411	0.000406283
0.4412	0.00042405
0.4413	0.000570014
0.4414	0.000546117
0.4415	0.000666031
0.4416	0.00056112
0.4417	0.000625307
0.4418	0.000731721
0.4419	0.000611551
0.442	0.000644487
0.4421	0.000585117
0.4422	0.000727924
0.4423	0.000704975
0.4424	0.000751874
0.4425	0.000871792
0.4426	0.00050668
0.4427	0.000460786
0.4428	0.000686419
0.4429	0.000616046
0.443	0.000728546
0.4431	0.000361139
0.4432	0.000402266
0.4433	0.000499192
0.4434	0.00052694
0.4435	0.000547678
0.4436	0.000470739
0.4437	0.000427742
0.4438	0.000781665
0.4439	0.000730072
0.444	0.00066706
0.4441	0.000519875
0.4442	0.00070396
0.4443	0.000694139
0.4444	0.000754175
0.4445	0.00083319
0.4446	0.000668769
0.4447	0.0005614
0.4448	0.000482483
0.4449	0.000674969
0.445	0.000656095
0.4451	0.00074223
0.4452	0.000567336
0.4453	0.000458856
0.4454	0.000519552
0.4455	0.000640823
0.4456	0.000563802
0.4457	0.000492116
0.4458	0.00032193
0.4459	0.000411426
0.446	0.000627883
0.4461	0.000578148
0.4462	0.000621026
0.4463	0.0004892
0.4464	0.000718416
0.4465	0.000720774
0.4466	0.000774692
0.4467	0.000718236
0.4468	0.000719612
0.4469	0.000681522
0.447	0.000732596
0.4471	0.000760762
0.4472	0.000429071
0.4473	0.000468484
0.4474	0.000491877
0.4475	0.00052849
0.4476	0.000447577
0.4477	0.000805491
0.4478	0.000630333
0.4479	0.000568319
0.448	0.00054833
0.4481	0.000440759
0.4482	0.000598388
0.4483	0.00045585
0.4484	0.000569588
0.4485	0.000607348
0.4486	0.000668901
0.4487	0.000787573
0.4488	0.000506139
0.4489	0.000766156
0.449	0.000567591
0.4491	0.00076607
0.4492	0.000862031
0.4493	0.000564983
0.4494	0.000710644
0.4495	0.000620147
0.4496	0.000427024
0.4497	0.000544633
0.4498	0.000590125
0.4499	0.000578302
0.45	0.000558016
0.4501	0.000468666
0.4502	0.000588279
0.4503	0.000505475
0.4504	0.000695404
0.4505	0.000764366
0.4506	0.000514107
0.4507	0.00074053
0.4508	0.00059781
0.4509	0.000730885
0.451	0.000497877
0.4511	0.000631456
0.4512	0.000677358
0.4513	0.000653688
0.4514	0.000720152
0.4515	0.000597912
0.4516	0.000539425
0.4517	0.000682728
0.4518	0.000403941
0.4519	0.000615425
0.452	0.000638949
0.4521	0.000645793
0.4522	0.000621202
0.4523	0.000680869
0.4524	0.000726526
0.4525	0.000658716
0.4526	0.000579163
0.4527	0.000492332
0.4528	0.000458726
0.4529	0.000753215
0.453	0.000909899
0.4531	0.000700169
0.4532	0.000607779
0.4533	0.000655365
0.4534	0.000508096
0.4535	0.000761644
0.4536	0.000756088
0.4537	0.000570028
0.4538	0.000517926
0.4539	0.000555874
0.454	0.000665049
0.4541	0.000501621
0.4542	0.000456043
0.4543	0.000600882
0.4544	0.000573686
0.4545	0.000508578
0.4546	0.000662626
0.4547	0.00065723
0.4548	0.000544536
0.4549	0.000449252
0.455	0.000552629
0.4551	0.000630079
0.4552	0.000475252
0.4553	0.000610506
0.4554	0.000566397
0.4555	0.000458487
0.4556	0.000695931
0.4557	0.000707654
0.4558	0.00044079
0.4559	0.000690449
0.456	0.000474733
0.4561	0.000517576
0.4562	0.000451687
0.4563	0.000545368
0.4564	0.000682836
0.4565	0.000598973
0.4566	0.000689082
0.4567	0.000559788
0.4568	0.000485272
0.4569	0.000996871
0.457	0.000598916
0.4571	0.000589925
0.4572	0.000510438
0.4573	0.000400783
0.4574	0.000480579
0.4575	0.000641775
0.4576	0.000874769
0.4577	0.000661564
0.4578	0.000642753
0.4579	0.00076505
0.458	0.000617517
0.4581	0.000740236
0.4582	0.000545551
0.4583	0.000470495
0.4584	0.000615301
0.4585	0.000525619
0.4586	0.000618999
0.4587	0.000692086
0.4588	0.000585929
0.4589	0.000539478
0.459	0.000420439
0.4591	0.00073745
0.4592	0.00046261
0.4593	0.000675154
0.4594	0.000492701
0.4595	0.000504579
0.4596	0.000552852
0.4597	0.000746012
0.4598	0.000711304
0.4599	0.00080434
0.46	0.000639177
0.4601	0.000623499
0.4602	0.000855971
0.4603	0.000784361
0.4604	0.000445757
0.4605	0.000535868
0.4606	0.000661898
0.4607	0.00055011
0.4608	0.000847251
0.4609	0.000567258
0.461	0.000495729
0.4611	0.000548543
0.4612	0.000669414
0.4613	0.000532721
0.4614	0.000503453
0.4615	0.000492966
0.4616	0.000516445
0.4617	0.000455649
0.4618	0.000352529
0.4619	0.000463585
0.462	0.000468224
0.4621	0.000570569
0.4622	0.000656278
0.4623	0.000665809
0.4624	0.00065414
0.4625	0.000793318
0.4626	0.000510463
0.4627	0.000476614
0.4628	0.000424052
0.4629	0.000689498
0.463	0.000522606
0.4631	0.000613484
0.4632	0.000491933
0.4633	0.000585802
0.4634	0.000615141
0.4635	0.000368856
0.4636	0.000517339
0.4637	0.000473566
0.4638	0.000658916
0.4639	0.000656733
0.464	0.000422586
0.4641	0.000455699
0.4642	0.00056452
0.4643	0.000597973
0.4644	0.000578697
0.4645	0.000592149
0.4646	0.000714062
0.4647	0.000576371
0.4648	0.000491297
0.4649	0.000508917
0.465	0.000662444
0.4651	0.000446722
0.4652	0.00061366
0.4653	0.000507758
0.4654	0.000655016
0.4655	0.000764982
0.4656	0.00051484
0.4657	0.000404029
0.4658	0.000440127
0.4659	0.00043804
0.466	0.000562306
0.4661	0.000513848
0.4662	0.000405652
0.4663	0.000433268
0.4664	0.000542001
0.4665	0.000594919
0.4666	0.000392366
0.4667	0.000496725
0.4668	0.000829761
0.4669	0.000790603
0.467	0.000864271
0.4671	0.00040854
0.4672	0.000443463
0.4673	0.000733441
0.4674	0.000455304
0.4675	0.000528718
0.4676	0.000602755
0.4677	0.000397276
0.4678	0.000675855
0.4679	0.000586718
0.468	0.000373308
0.4681	0.000405815
0.4682	0.000766407
0.4683	0.000605375
0.4684	0.000446663
0.4685	0.000384909
0.4686	0.000558119
0.4687	0.000565038
0.4688	0.000468982
0.4689	0.000614121
0.469	0.000495062
0.4691	0.000765103
0.4692	0.000679276
0.4693	0.000485226
0.4694	0.000512811
0.4695	0.000582284
0.4696	0.000529971
0.4697	0.000589067
0.4698	0.000434429
0.4699	0.000594117
0.47	0.000525237
0.4701	0.000567443
0.4702	0.000669214
0.4703	0.000560792
0.4704	0.000572529
0.4705	0.000490314
0.4706	0.000552486
0.4707	0.000668895
0.4708	0.000694983
0.4709	0.000634159
0.471	0.000352543
0.4711	0.000461259
0.4712	0.00053347
0.4713	0.000730027
0.4714	0.000588305
0.4715	0.000675806
0.4716	0.000638937
0.4717	0.000493212
0.4718	0.000636882
0.4719	0.000535612
0.472	0.000594552
0.4721	0.000468551
0.4722	0.000469173
0.4723	0.000504918
0.4724	0.000466326
0.4725	0.000473182
0.4726	0.000795762
0.4727	0.000542297
0.4728	0.000587094
0.4729	0.000656396
0.473	0.000749576
0.4731	0.000660616
0.4732	0.000666605
0.4733	0.000637869
0.4734	0.00056489
0.4735	0.000484072
0.4736	0.000701341
0.4737	0.000688246
0.4738	0.000654759
0.4739	0.000545924
0.474	0.000521917
0.4741	0.000398757
0.4742	0.000620376
0.4743	0.00069337
0.4744	0.000644354
0.4745	0.000645916
0.4746	0.000530193
0.4747	0.00046547
0.4748	0.00059689
0.4749	0.000564214
0.475	0.000615868
0.4751	0.000721493
0.4752	0.000443966
0.4753	0.000875914
0.4754	0.000799276
0.4755	0.000617162
0.4756	0.000558903
0.4757	0.000606302
0.4758	0.000809223
0.4759	0.000626862
0.476	0.00040352
0.4761	0.000568412
0.4762	0.000598998
0.4763	0.000550947
0.4764	0.000682234
0.4765	0.000733897
0.4766	0.000547176
0.4767	0.000580911
0.4768	0.000377855
0.4769	0.000397612
0.477	0.000463011
0.4771	0.000605934
0.4772	0.000651371
0.4773	0.00057066
0.4774	0.000571529
0.4775	0.000731906
0.4776	0.000601237
0.4777	0.000553751
0.4778	0.000690637
0.4779	0.000812737
0.478	0.00062172
0.4781	0.000585532
0.4782	0.000657381
0.4783	0.000503504
0.4784	0.000517589
0.4785	0.000630472
0.4786	0.000568445
0.4787	0.00062428
0.4788	0.000345519
0.4789	0.000446741
0.479	0.00046286
0.4791	0.000439783
0.4792	0.000501197
0.4793	0.000520515
0.4794	0.000484348
0.4795	0.00072824
0.4796	0.000555627
0.4797	0.000705218
0.4798	0.00058526
0.4799	0.000796538
0.48	0.0006604
0.4801	0.000864272
0.4802	0.000756852
0.4803	0.000833926
0.4804	0.000695671
0.4805	0.000696212
0.4806	0.000630924
0.4807	0.000533226
0.4808	0.00076778
0.4809	0.000485052
0.481	0.000458683
0.4811	0.000522005
0.4812	0.000441766
0.4813	0.000410205
0.4814	0.000514524
0.4815	0.000499751
0.4816	0.000455762
0.4817	0.000553671
0.4818	0.000556297
0.4819	0.000738761
0.482	0.000625131
0.4821	0.00073594
0.4822	0.000733948
0.4823	0.000976149
0.4824	0.000793602
0.4825	0.000681275
0.4826	0.000528141
0.4827	0.00067647
0.4828	0.000591683
0.4829	0.00035116
0.483	0.000508954
0.4831	0.000470345
0.4832	0.0005127
0.4833	0.000575439
0.4834	0.000586518
0.4835	0.000602487
0.4836	0.00040226
0.4837	0.000587725
0.4838	0.00053899
0.4839	0.0005474
0.484	0.000537774
0.4841	0.000549536
0.4842	0.000728108
0.4843	0.000565978
0.4844	0.000696957
0.4845	0.00068045
0.4846	0.000653103
0.4847	0.000613719
0.4848	0.000764079
0.4849	0.000755122
0.485	0.000560404
0.4851	0.000758584
0.4852	0.000552999
0.4853	0.00060841
0.4854	0.00056753
0.4855	0.000515623
0.4856	0.000628649
0.4857	0.000698827
0.4858	0.000543827
0.4859	0.000701323
0.486	0.000556305
0.4861	0.000664266
0.4862	0.000747666
0.4863	0.000472032
0.4864	0.000735243
0.4865	0.000763842
0.4866	0.000669763
0.4867	0.000490385
0.4868	0.000620021
0.4869	0.000737258
0.487	0.000628859
0.4871	0.000658085
0.4872	0.000591928
0.4873	0.000551933
0.4874	0.000604955
0.4875	0.000444987
0.4876	0.000745816
0.4877	0.000668021
0.4878	0.000661074
0.4879	0.000684361
0.488	0.000530846
0.4881	0.000417497
0.4882	0.000436149
0.4883	0.000672429
0.4884	0.000518298
0.4885	0.000434808
0.4886	0.000543503
0.4887	0.000957459
0.4888	0.000581884
0.4889	0.000544747
0.489	0.000617441
0.4891	0.000651715
0.4892	0.000906171
0.4893	0.000682053
0.4894	0.000449024
0.4895	0.000585731
0.4896	0.000670625
0.4897	0.000596681
0.4898	0.000562959
0.4899	0.000592758
0.49	0.000475033
0.4901	0.000656779
0.4902	0.000661585
0.4903	0.000557306
0.4904	0.000709037
0.4905	0.000746357
0.4906	0.000440868
0.4907	0.000526761
0.4908	0.000674114
0.4909	0.000421944
0.491	0.000562595
0.4911	0.000589097
0.4912	0.000494776
0.4913	0.000677013
0.4914	0.000606823
0.4915	0.00088907
0.4916	0.00054541
0.4917	0.000445094
0.4918	0.000621884
0.4919	0.000681631
0.492	0.000760521
0.4921	0.000626294
0.4922	0.000575908
0.4923	0.000593185
0.4924	0.000480006
0.4925	0.000785444
0.4926	0.000713598
0.4927	0.000731059
0.4928	0.000430385
0.4929	0.000574205
0.493	0.000495041
0.4931	0.000429596
0.4932	0.000721128
0.4933	0.000817291
0.4934	0.00071263
0.4935	0.000801838
0.4936	0.000699916
0.4937	0.000761607
0.4938	0.000661293
0.4939	0.000571406
0.494	0.000436972
0.4941	0.000461029
0.4942	0.000647133
0.4943	0.000634718
0.4944	0.000616375
0.4945	0.000609139
0.4946	0.000605154
0.4947	0.00064375
0.4948	0.000590279
0.4949	0.000487142
0.495	0.000531422
0.4951	0.000586565
0.4952	0.000557125
0.4953	0.000554716
0.4954	0.000611854
0.4955	0.000634367
0.4956	0.000840759
0.4957	0.000533142
0.4958	0.000581398
0.4959	0.000662036
0.496	0.000582446
0.4961	0.000641372
0.4962	0.000622823
0.4963	0.000682443
0.4964	0.000599434
0.4965	0.000540489
0.4966	0.000568707
0.4967	0.000624115
0.4968	0.00053858
0.4969	0.000583474
0.497	0.000679897
0.4971	0.000467069
0.4972	0.000587035
0.4973	0.000608213
0.4974	0.00044
0.4975	0.000393834
0.4976	0.000503477
0.4977	0.000531506
0.4978	0.000626705
0.4979	0.000683724
0.498	0.000805278
0.4981	0.000679838
0.4982	0.000640626
0.4983	0.000478676
0.4984	0.000560977
0.4985	0.000474316
0.4986	0.000638831
0.4987	0.000508497
0.4988	0.000593174
0.4989	0.000425265
0.499	0.000575102
0.4991	0.000651963
0.4992	0.000553027
0.4993	0.000456811
0.4994	0.000524592
0.4995	0.000436608
0.4996	0.000512003
0.4997	0.000393277
0.4998	0.000423108
0.4999	0.000621875
0.5	0.000618847
0.5001	0.000570172
0.5002	0.000435834
0.5003	0.00064812
0.5004	0.000482937
0.5005	0.000521893
0.5006	0.000441527
0.5007	0.000559988
0.5008	0.000358312
0.5009	0.000619451
0.501	0.00062226
0.5011	0.000553603
0.5012	0.000766045
0.5013	0.00040721
0.5014	0.000435727
0.5015	0.000396467
0.5016	0.000476944
0.5017	0.000440696
0.5018	0.000471626
0.5019	0.000379485
0.502	0.000417094
0.5021	0.000594436
0.5022	0.000602239
0.5023	0.000386858
0.5024	0.000529663
0.5025	0.000631621
0.5026	0.000641597
0.5027	0.000648402
0.5028	0.00035797
0.5029	0.00054068
0.503	0.000556407
0.5031	0.000399693
0.5032	0.000555605
0.5033	0.000617318
0.5034	0.000365504
0.5035	0.000724598
0.5036	0.000574474
0.5037	0.000498222
0.5038	0.000643372
0.5039	0.000578032
0.504	0.000486748
0.5041	0.000507023
0.5042	0.000435877
0.5043	0.000494317
0.5044	0.000598077
0.5045	0.000416342
0.5046	0.000580605
0.5047	0.00057418
0.5048	0.000583884
0.5049	0.00069582
0.505	0.000456418
0.5051	0.000503371
0.5052	0.000481866
0.5053	0.000596837
0.5054	0.00052999
0.5055	0.000432186
0.5056	0.000482605
0.5057	0.000635993
0.5058	0.000710566
0.5059	0.000727249
0.506	0.000570899
0.5061	0.000512103
0.5062	0.000491262
0.5063	0.000560578
0.5064	0.000619819
0.5065	0.00052056
0.5066	0.000591997
0.5067	0.00037978
0.5068	0.000454304
0.5069	0.000512028
0.507	0.000613887
0.5071	0.000643304
0.5072	0.000693773
0.5073	0.000642797
0.5074	0.00047669
0.5075	0.000645147
0.5076	0.000610389
0.5077	0.00067184
0.5078	0.000499808
0.5079	0.000480314
0.508	0.000482331
0.5081	0.000491577
0.5082	0.000651095
0.5083	0.000812734
0.5084	0.000503674
0.5085	0.000604236
0.5086	0.000621124
0.5087	0.000609803
0.5088	0.000755004
0.5089	0.000714538
0.509	0.000434611
0.5091	0.000682861
0.5092	0.000468411
0.5093	0.000573561
0.5094	0.00069062
0.5095	0.000608626
0.5096	0.000585035
0.5097	0.000529785
0.5098	0.000538056
0.5099	0.000474022
0.51	0.00066663
0.5101	0.000627801
0.5102	0.00062539
0.5103	0.000607989
0.5104	0.00041209
0.5105	0.000496282
0.5106	0.000521783
0.5107	0.000636194
0.5108	0.000652936
0.5109	0.000531814
0.511	0.000645753
0.5111	0.000868974
0.5112	0.000803016
0.5113	0.000588472
0.5114	0.00060576
0.5115	0.000827265
0.5116	0.000561353
0.5117	0.000604237
0.5118	0.000634248
0.5119	0.000464652
0.512	0.000538031
0.5121	0.000543835
0.5122	0.000611314
0.5123	0.000645381
0.5124	0.000504652
0.5125	0.000401496
0.5126	0.000386292
0.5127	0.000410941
0.5128	0.000671964
0.5129	0.000670781
0.513	0.000578138
0.5131	0.00041134
0.5132	0.000647171
0.5133	0.000674772
0.5134	0.000854114
0.5135	0.000604147
0.5136	0.000861632
0.5137	0.000748711
0.5138	0.000764407
0.5139	0.000740678
0.514	0.000524096
0.5141	0.000692771
0.5142	0.000613481
0.5143	0.000537892
0.5144	0.000565614
0.5145	0.000543079
0.5146	0.000406098
0.5147	0.000516702
0.5148	0.000523933
0.5149	0.000581348
0.515	0.000462662
0.5151	0.000480587
0.5152	0.000650742
0.5153	0.00074606
0.5154	0.000822162
0.5155	0.000596404
0.5156	0.000633659
0.5157	0.000730216
0.5158	0.000815971
0.5159	0.000762955
0.516	0.000762587
0.5161	0.000634056
0.5162	0.000640052
0.5163	0.000631804
0.5164	0.000508181
0.5165	0.000475513
0.5166	0.000552842
0.5167	0.000414595
0.5168	0.00048674
0.5169	0.000462745
0.517	0.000542238
0.5171	0.000523928
0.5172	0.000354965
0.5173	0.000429068
0.5174	0.00061625
0.5175	0.000589528
0.5176	0.000613658
0.5177	0.000607967
0.5178	0.000738997
0.5179	0.000846715
0.518	0.000897008
0.5181	0.000603009
0.5182	0.00066756
0.5183	0.00062484
0.5184	0.000749416
0.5185	0.000535558
0.5186	0.000425858
0.5187	0.000563353
0.5188	0.000585228
0.5189	0.000528957
0.519	0.000519943
0.5191	0.000572145
0.5192	0.000620095
0.5193	0.00052835
0.5194	0.000605227
0.5195	0.000456974
0.5196	0.000590567
0.5197	0.000669028
0.5198	0.000595542
0.5199	0.000625017
0.52	0.0007495
0.5201	0.000830336
0.5202	0.000682911
0.5203	0.000751039
0.5204	0.000496382
0.5205	0.000727999
0.5206	0.000812231
0.5207	0.000672002
0.5208	0.000737107
0.5209	0.000623654
0.521	0.000549328
0.5211	0.00047484
0.5212	0.000567494
0.5213	0.0006534
0.5214	0.000613058
0.5215	0.000483257
0.5216	0.000709205
0.5217	0.000540128
0.5218	0.000682368
0.5219	0.000758033
0.522	0.000629703
0.5221	0.000624588
0.5222	0.000710926
0.5223	0.000576246
0.5224	0.000658993
0.5225	0.000577219
0.5226	0.000702995
0.5227	0.000678741
0.5228	0.000725206
0.5229	0.000730177
0.523	0.000515247
0.5231	0.000628732
0.5232	0.000422311
0.5233	0.000626941
0.5234	0.0007457
0.5235	0.000675724
0.5236	0.000494077
0.5237	0.000640476
0.5238	0.00061574
0.5239	0.000663709
0.524	0.00050729
0.5241	0.0005324
0.5242	0.0004767
0.5243	0.000601268
0.5244	0.00101636
0.5245	0.00067179
0.5246	0.000611867
0.5247	0.00057286
0.5248	0.000668454
0.5249	0.000650359
0.525	0.000605516
0.5251	0.000438523
0.5252	0.000489621
0.5253	0.000573129
0.5254	0.000586384
0.5255	0.000548158
0.5256	0.000592258
0.5257	0.000525248
0.5258	0.000550243
0.5259	0.000541471
0.526	0.000632235
0.5261	0.000613125
0.5262	0.000550235
0.5263	0.000550746
0.5264	0.000614539
0.5265	0.000599902
0.5266	0.000606399
0.5267	0.00054166
0.5268	0.000592329
0.5269	0.000582808
0.527	0.000744451
0.5271	0.00050086
0.5272	0.000715392
0.5273	0.000584038
0.5274	0.000461295
0.5275	0.000581291
0.5276	0.000619188
0.5277	0.000604429
0.5278	0.000692451
0.5279	0.000569867
0.528	0.000625425
0.5281	0.000667363
0.5282	0.00066014
0.5283	0.000814824
0.5284	0.000579091
0.5285	0.000478494
0.5286	0.000495166
0.5287	0.000541221
0.5288	0.000578013
0.5289	0.000713237
0.529	0.000791991
0.5291	0.000676964
0.5292	0.000682408
0.5293	0.000719813
0.5294	0.000751812
0.5295	0.000777608
0.5296	0.000570928
0.5297	0.000447765
0.5298	0.000523612
0.5299	0.000747774
0.53	0.000623146
0.5301	0.000700365
0.5302	0.000582553
0.5303	0.000567428
0.5304	0.000520108
0.5305	0.000717307
0.5306	0.000457487
0.5307	0.000513212
0.5308	0.000455881
0.5309	0.000530232
0.531	0.000634411
0.5311	0.000757583
0.5312	0.000774165
0.5313	0.000627264
0.5314	0.000556215
0.5315	0.000743343
0.5316	0.000713565
0.5317	0.000777369
0.5318	0.000541577
0.5319	0.000532029
0.532	0.000631379
0.5321	0.000503236
0.5322	0.000694795
0.5323	0.00050116
0.5324	0.000634893
0.5325	0.00061395
0.5326	0.000643069
0.5327	0.000625566
0.5328	0.000491545
0.5329	0.00049068
0.533	0.000522063
0.5331	0.000542121
0.5332	0.000384691
0.5333	0.000582373
0.5334	0.000570963
0.5335	0.000581901
0.5336	0.000556126
0.5337	0.000735652
0.5338	0.000670893
0.5339	0.000679681
0.534	0.000534408
0.5341	0.000553653
0.5342	0.00059551
0.5343	0.000554939
0.5344	0.000537148
0.5345	0.00045842
0.5346	0.000497802
0.5347	0.000495443
0.5348	0.000711098
0.5349	0.000349515
0.535	0.000518519
0.5351	0.000600599
0.5352	0.000572718
0.5353	0.00044631
0.5354	0.000415629
0.5355	0.000520159
0.5356	0.000526374
0.5357	0.000645825
0.5358	0.000627295
0.5359	0.000514986
0.536	0.000634051
0.5361	0.000550907
0.5362	0.000458348
0.5363	0.00055756
0.5364	0.000489756
0.5365	0.000544094
0.5366	0.000596289
0.5367	0.000573468
0.5368	0.000582847
0.5369	0.000690807
0.537	0.000568151
0.5371	0.000361316
0.5372	0.000443001
0.5373	0.00038869
0.5374	0.000491555
0.5375	0.000457719
0.5376	0.000408927
0.5377	0.00048637
0.5378	0.000480114
0.5379	0.00060422
0.538	0.000437551
0.5381	0.000567108
0.5382	0.000652694
0.5383	0.000630989
0.5384	0.000588601
0.5385	0.000423569
0.5386	0.000439911
0.5387	0.000587362
0.5388	0.000427068
0.5389	0.000517126
0.539	0.000650213
0.5391	0.000567569
0.5392	0.000579653
0.5393	0.000636448
0.5394	0.000443903
0.5395	0.000738387
0.5396	0.000662493
0.5397	0.000546692
0.5398	0.00042279
0.5399	0.000448692
0.54	0.000436875
0.5401	0.000626666
0.5402	0.000457474
0.5403	0.000493649
0.5404	0.000580853
0.5405	0.000602903
0.5406	0.000793498
0.5407	0.000463294
0.5408	0.00050137
0.5409	0.000534217
0.541	0.000550779
0.5411	0.000691253
0.5412	0.000427315
0.5413	0.000500026
0.5414	0.00071981
0.5415	0.000634109
0.5416	0.000655858
0.5417	0.000586043
0.5418	0.000522325
0.5419	0.000543872
0.542	0.00071724
0.5421	0.000671815
0.5422	0.00069138
0.5423	0.000454845
0.5424	0.000504724
0.5425	0.000462496
0.5426	0.000561188
0.5427	0.000708092
0.5428	0.000770041
0.5429	0.000395314
0.543	0.00059269
0.5431	0.000588157
0.5432	0.000589271
0.5433	0.000632403
0.5434	0.000591572
0.5435	0.000516971
0.5436	0.000518742
0.5437	0.00044925
0.5438	0.000500057
0.5439	0.000573846
0.544	0.000691547
0.5441	0.000597312
0.5442	0.000800484
0.5443	0.000742084
0.5444	0.000741147
0.5445	0.000604316
0.5446	0.000623767
0.5447	0.000549773
0.5448	0.000530158
0.5449	0.000627068
0.545	0.000658459
0.5451	0.000651676
0.5452	0.000665486
0.5453	0.000593679
0.5454	0.000557426
0.5455	0.000428886
0.5456	0.000497539
0.5457	0.00059763
0.5458	0.00057592
0.5459	0.000522502
0.546	0.000434101
0.5461	0.000414633
0.5462	0.000533577
0.5463	0.000607418
0.5464	0.000549472
0.5465	0.000454716
0.5466	0.000681368
0.5467	0.000744501
0.5468	0.000733089
0.5469	0.000620174
0.547	0.000648305
0.5471	0.000592373
0.5472	0.000797769
0.5473	0.000784765
0.5474	0.000439044
0.5475	0.000619034
0.5476	0.000538667
0.5477	0.000564207
0.5478	0.00062804
0.5479	0.000638626
0.548	0.000622339
0.5481	0.000445097
0.5482	0.000554781
0.5483	0.000409978
0.5484	0.000544193
0.5485	0.000699353
0.5486	0.000647385
0.5487	0.000601225
0.5488	0.000516463
0.5489	0.000660165
0.549	0.000467882
0.5491	0.000668761
0.5492	0.00055476
0.5493	0.000785422
0.5494	0.000706905
0.5495	0.000703133
0.5496	0.000687312
0.5497	0.000437969
0.5498	0.000574484
0.5499	0.00067104
0.55	0.000638991
0.5501	0.000574069
0.5502	0.000363532
0.5503	0.000434479
0.5504	0.000353088
0.5505	0.00044929
0.5506	0.000611832
0.5507	0.000383908
0.5508	0.000416515
0.5509	0.000586116
0.551	0.000673775
0.5511	0.000665951
0.5512	0.000614353
0.5513	0.000898084
0.5514	0.00068321
0.5515	0.000874619
0.5516	0.000578583
0.5517	0.00057986
0.5518	0.000632031
0.5519	0.00064543
0.552	0.000580677
0.5521	0.000594769
0.5522	0.000658219
0.5523	0.000523121
0.5524	0.000450683
0.5525	0.000613789
0.5526	0.00052317
0.5527	0.000556464
0.5528	0.000499578
0.5529	0.000364918
0.553	0.000546396
0.5531	0.000437304
0.5532	0.000610181
0.5533	0.000682184
0.5534	0.000522917
0.5535	0.000678334
0.5536	0.000850584
0.5537	0.000712862
0.5538	0.000573423
0.5539	0.000556246
0.554	0.000681431
0.5541	0.000742314
0.5542	0.000510194
0.5543	0.000583817
0.5544	0.000520168
0.5545	0.000491938
0.5546	0.000514776
0.5547	0.000590132
0.5548	0.000581544
0.5549	0.000433437
0.555	0.000509663
0.5551	0.000598161
0.5552	0.00042101
0.5553	0.000535981
0.5554	0.0006675
0.5555	0.000510477
0.5556	0.000796452
0.5557	0.000538323
0.5558	0.000697358
0.5559	0.000686484
0.556	0.000789074
0.5561	0.000583779
0.5562	0.000551272
0.5563	0.000661446
0.5564	0.000754026
0.5565	0.000753987
0.5566	0.000484519
0.5567	0.000464665
0.5568	0.000559154
0.5569	0.000580973
0.557	0.000603548
0.5571	0.000644368
0.5572	0.000636584
0.5573	0.000761712
0.5574	0.000636875
0.5575	0.000715199
0.5576	0.000782962
0.5577	0.000643094
0.5578	0.000735674
0.5579	0.000750642
0.558	0.0005493
0.5581	0.00075975
0.5582	0.000502145
0.5583	0.00065528
0.5584	0.000551864
0.5585	0.000695708
0.5586	0.000546968
0.5587	0.000524168
0.5588	0.000675185
0.5589	0.000593212
0.559	0.000556972
0.5591	0.000785183
0.5592	0.000682119
0.5593	0.000497214
0.5594	0.000527423
0.5595	0.000628115
0.5596	0.000705656
0.5597	0.000720274
0.5598	0.000459886
0.5599	0.000625868
0.56	0.000716559
0.5601	0.000896012
0.5602	0.000796679
0.5603	0.000646767
0.5604	0.000584676
0.5605	0.000681847
0.5606	0.000687947
0.5607	0.000709968
0.5608	0.000499682
0.5609	0.000530131
0.561	0.000496801
0.5611	0.000582501
0.5612	0.000567459
0.5613	0.000664109
0.5614	0.000568042
0.5615	0.000657825
0.5616	0.000542954
0.5617	0.00066072
0.5618	0.000662508
0.5619	0.000599139
0.562	0.000668876
0.5621	0.000671382
0.5622	0.000510588
0.5623	0.000528937
0.5624	0.000562359
0.5625	0.000645066
0.5626	0.000839925
0.5627	0.000754128
0.5628	0.000501729
0.5629	0.000744022
0.563	0.000468944
0.5631	0.000523929
0.5632	0.000613203
0.5633	0.000664456
0.5634	0.000735994
0.5635	0.000684905
0.5636	0.000743481
0.5637	0.000624345
0.5638	0.000581189
0.5639	0.000626933
0.564	0.000743602
0.5641	0.000434839
0.5642	0.000554697
0.5643	0.000484638
0.5644	0.000453393
0.5645	0.000517546
0.5646	0.000493322
0.5647	0.000747378
0.5648	0.000763689
0.5649	0.000581685
0.565	0.000895774
0.5651	0.000682972
0.5652	0.000740745
0.5653	0.000488499
0.5654	0.000495584
0.5655	0.000555602
0.5656	0.000684516
0.5657	0.000711155
0.5658	0.000734076
0.5659	0.000605639
0.566	0.000690018
0.5661	0.000820657
0.5662	0.000541361
0.5663	0.000469447
0.5664	0.000653354
0.5665	0.000476576
0.5666	0.000434723
0.5667	0.000628864
0.5668	0.000736377
0.5669	0.000608839
0.567	0.000657147
0.5671	0.000789389
0.5672	0.000662257
0.5673	0.000670469
0.5674	0.00051354
0.5675	0.000561139
0.5676	0.000539987
0.5677	0.000594205
0.5678	0.000645977
0.5679	0.000708497
0.568	0.000568919
0.5681	0.000621431
0.5682	0.000659725
0.5683	0.000791899
0.5684	0.000455988
0.5685	0.000546282
0.5686	0.000463415
0.5687	0.000588618
0.5688	0.00045792
0.5689	0.000435073
0.569	0.000494952
0.5691	0.000547672
0.5692	0.000614369
0.5693	0.000717668
0.5694	0.000659977
0.5695	0.00072307
0.5696	0.00065034
0.5697	0.000491543
0.5698	0.000553175
0.5699	0.000530081
0.57	0.000523174
0.5701	0.000621084
0.5702	0.000434148
0.5703	0.000596972
0.5704	0.000614976
0.5705	0.000541268
0.5706	0.000519416
0.5707	0.000501781
0.5708	0.000546424
0.5709	0.000607594
0.571	0.00048395
0.5711	0.000507743
0.5712	0.000600247
0.5713	0.000485689
0.5714	0.000607444
0.5715	0.000682819
0.5716	0.000662737
0.5717	0.000668979
0.5718	0.000602499
0.5719	0.000497046
0.572	0.000505284
0.5721	0.000492659
0.5722	0.000569243
0.5723	0.000558071
0.5724	0.000765059
0.5725	0.000678796
0.5726	0.000602515
0.5727	0.000452443
0.5728	0.0003701
0.5729	0.000382151
0.573	0.000475766
0.5731	0.000402031
0.5732	0.000420965
0.5733	0.000351142
0.5734	0.000481394
0.5735	0.000535557
0.5736	0.000480206
0.5737	0.000405796
0.5738	0.00056218
0.5739	0.00072897
0.574	0.00054702
0.5741	0.000616715
0.5742	0.000508739
0.5743	0.000520826
0.5744	0.000518735
0.5745	0.000586128
0.5746	0.000547612
0.5747	0.000538648
0.5748	0.000564038
0.5749	0.000505476
0.575	0.000497148
0.5751	0.000548722
0.5752	0.000701271
0.5753	0.000419473
0.5754	0.000407304
0.5755	0.000532231
0.5756	0.000529241
0.5757	0.000475046
0.5758	0.000474684
0.5759	0.000639251
0.576	0.000668977
0.5761	0.000659685
0.5762	0.000623343
0.5763	0.000466043
0.5764	0.000529317
0.5765	0.00044153
0.5766	0.000608819
0.5767	0.000609086
0.5768	0.000512703
0.5769	0.000512093
0.577	0.000564353
0.5771	0.000792422
0.5772	0.000469112
0.5773	0.00068604
0.5774	0.000584523
0.5775	0.000600472
0.5776	0.000410674
0.5777	0.000660683
0.5778	0.000723068
0.5779	0.000653043
0.578	0.00052219
0.5781	0.000542061
0.5782	0.000453078
0.5783	0.000539166
0.5784	0.000591013
0.5785	0.000743371
0.5786	0.000430905
0.5787	0.000697897
0.5788	0.000527472
0.5789	0.000535646
0.579	0.000662537
0.5791	0.000540232
0.5792	0.000556488
0.5793	0.000461252
0.5794	0.000452559
0.5795	0.000528495
0.5796	0.000718916
0.5797	0.000657815
0.5798	0.000745214
0.5799	0.000744369
0.58	0.000732817
0.5801	0.000624817
0.5802	0.000637295
0.5803	0.000622281
0.5804	0.000761045
0.5805	0.000520093
0.5806	0.000624659
0.5807	0.000711808
0.5808	0.000509763
0.5809	0.000563236
0.581	0.000548732
0.5811	0.000556427
0.5812	0.00054413
0.5813	0.000588429
0.5814	0.000695586
0.5815	0.000680226
0.5816	0.000500618
0.5817	0.000427167
0.5818	0.000384671
0.5819	0.00064485
0.582	0.000600839
0.5821	0.000621034
0.5822	0.000479815
0.5823	0.000756318
0.5824	0.000814033
0.5825	0.000711127
0.5826	0.000541798
0.5827	0.00073956
0.5828	0.000719004
0.5829	0.000662533
0.583	0.000733917
0.5831	0.000438649
0.5832	0.000597098
0.5833	0.000484194
0.5834	0.000455347
0.5835	0.000614309
0.5836	0.00070238
0.5837	0.000619206
0.5838	0.000358774
0.5839	0.000361277
0.584	0.000436482
0.5841	0.000693579
0.5842	0.00069269
0.5843	0.000539302
0.5844	0.000617262
0.5845	0.000697736
0.5846	0.000692851
0.5847	0.00057492
0.5848	0.000597196
0.5849	0.000763669
0.585	0.000708048
0.5851	0.000739156
0.5852	0.000724442
0.5853	0.000638528
0.5854	0.000502802
0.5855	0.000672981
0.5856	0.000670342
0.5857	0.000555243
0.5858	0.000465429
0.5859	0.000441663
0.586	0.000480694
0.5861	0.000548067
0.5862	0.000432848
0.5863	0.000595303
0.5864	0.000382417
0.5865	0.0004782
0.5866	0.000566008
0.5867	0.000803866
0.5868	0.000687552
0.5869	0.000777926
0.587	0.000741171
0.5871	0.000522094
0.5872	0.000641872
0.5873	0.000639085
0.5874	0.000652681
0.5875	0.000701286
0.5876	0.000550161
0.5877	0.00049521
0.5878	0.000610632
0.5879	0.000600256
0.588	0.000463084
0.5881	0.000518617
0.5882	0.00051275
0.5883	0.000501485
0.5884	0.000666931
0.5885	0.000391714
0.5886	0.000359973
0.5887	0.000581584
0.5888	0.000490469
0.5889	0.000700352
0.589	0.000660809
0.5891	0.000593382
0.5892	0.000732133
0.5893	0.000693052
0.5894	0.000830388
0.5895	0.000493177
0.5896	0.000886611
0.5897	0.000755981
0.5898	0.00070652
0.5899	0.000482177
0.59	0.000540814
0.5901	0.000500632
0.5902	0.000501982
0.5903	0.000510377
0.5904	0.000668995
0.5905	0.000761023
0.5906	0.000477478
0.5907	0.000441865
0.5908	0.000617776
0.5909	0.000536992
0.591	0.00048124
0.5911	0.000528397
0.5912	0.000486378
0.5913	0.00074947
0.5914	0.000752313
0.5915	0.000564311
0.5916	0.000578412
0.5917	0.000781442
0.5918	0.000667822
0.5919	0.000524325
0.592	0.000700837
0.5921	0.000708124
0.5922	0.000741639
0.5923	0.000595826
0.5924	0.00045345
0.5925	0.000586756
0.5926	0.000634288
0.5927	0.000549797
0.5928	0.000476671
0.5929	0.000660967
0.593	0.000712479
0.5931	0.000703461
0.5932	0.000734022
0.5933	0.000533617
0.5934	0.000676109
0.5935	0.000502529
0.5936	0.000679704
0.5937	0.000708661
0.5938	0.000726146
0.5939	0.000551616
0.594	0.000747329
0.5941	0.000750723
0.5942	0.000707717
0.5943	0.000584215
0.5944	0.00049345
0.5945	0.000468797
0.5946	0.000603747
0.5947	0.00064643
0.5948	0.000588787
0.5949	0.000670562
0.595	0.000608454
0.5951	0.000616685
0.5952	0.000555255
0.5953	0.000764972
0.5954	0.000617253
0.5955	0.000542434
0.5956	0.000688705
0.5957	0.000883664
0.5958	0.000714253
0.5959	0.000740177
0.596	0.000549321
0.5961	0.000630732
0.5962	0.000723096
0.5963	0.000897935
0.5964	0.000627
0.5965	0.000499506
0.5966	0.000504593
0.5967	0.000746985
0.5968	0.000523577
0.5969	0.000565355
0.597	0.000591174
0.5971	0.000590269
0.5972	0.000580339
0.5973	0.000624503
0.5974	0.000605381
0.5975	0.000628353
0.5976	0.000513514
0.5977	0.000594914
0.5978	0.000727356
0.5979	0.000566904
0.598	0.000654082
0.5981	0.000575389
0.5982	0.000629437
0.5983	0.000675929
0.5984	0.000688288
0.5985	0.000640999
0.5986	0.000711898
0.5987	0.000446963
0.5988	0.000613931
0.5989	0.000539142
0.599	0.000812163
0.5991	0.000570698
0.5992	0.000798745
0.5993	0.000746031
0.5994	0.000481966
0.5995	0.000608558
0.5996	0.00108134
0.5997	0.000853805
0.5998	0.000444004
0.5999	0.000490975
0.6	0.000426374
0.6001	0.00044582
0.6002	0.000573059
0.6003	0.000768027
0.6004	0.000578125
0.6005	0.000789094
0.6006	0.000560562
0.6007	0.000847955
0.6008	0.000883352
0.6009	0.000517306
0.601	0.000454385
0.6011	0.000537303
0.6012	0.000551138
0.6013	0.000478816
0.6014	0.000645764
0.6015	0.000604461
0.6016	0.000531575
0.6017	0.000616231
0.6018	0.000736365
0.6019	0.000532591
0.602	0.000538673
0.6021	0.000537874
0.6022	0.000644596
0.6023	0.000506174
0.6024	0.000709537
0.6025	0.000674977
0.6026	0.0006621
0.6027	0.000726364
0.6028	0.000753893
0.6029	0.000642978
0.603	0.000661368
0.6031	0.000524793
0.6032	0.000618539
0.6033	0.000684521
0.6034	0.000602855
0.6035	0.000801781
0.6036	0.000518303
0.6037	0.000616934
0.6038	0.000532659
0.6039	0.000580384
0.604	0.000725439
0.6041	0.000561709
0.6042	0.000570424
0.6043	0.000588056
0.6044	0.000501456
0.6045	0.000451695
0.6046	0.000456152
0.6047	0.000444425
0.6048	0.000582496
0.6049	0.000597215
0.605	0.000598221
0.6051	0.000659111
0.6052	0.000466265
0.6053	0.00058379
0.6054	0.000572599
0.6055	0.000641725
0.6056	0.000610041
0.6057	0.000598666
0.6058	0.000628259
0.6059	0.00042863
0.606	0.000574268
0.6061	0.000720883
0.6062	0.000438461
0.6063	0.000587439
0.6064	0.000496944
0.6065	0.000518937
0.6066	0.000516848
0.6067	0.000358883
0.6068	0.000399487
0.6069	0.000567604
0.607	0.000659026
0.6071	0.000450051
0.6072	0.000486124
0.6073	0.000627994
0.6074	0.000670913
0.6075	0.000618165
0.6076	0.000397644
0.6077	0.000604219
0.6078	0.000517443
0.6079	0.00074784
0.608	0.0004666
0.6081	0.00055909
0.6082	0.000727536
0.6083	0.000474699
0.6084	0.000408758
0.6085	0.000390522
0.6086	0.000376114
0.6087	0.000548813
0.6088	0.000427458
0.6089	0.000461912
0.609	0.000378039
0.6091	0.000612425
0.6092	0.000728667
0.6093	0.000362024
0.6094	0.00051544
0.6095	0.000641471
0.6096	0.000715625
0.6097	0.000820942
0.6098	0.000458972
0.6099	0.000396788
0.61	0.000535136
0.6101	0.000499008
0.6102	0.000525147
0.6103	0.000581425
0.6104	0.000485421
0.6105	0.00061589
0.6106	0.000610589
0.6107	0.000511031
0.6108	0.000669556
0.6109	0.000609358
0.611	0.000520687
0.6111	0.000499853
0.6112	0.000398772
0.6113	0.000496771
0.6114	0.000624593
0.6115	0.00044215
0.6116	0.000571236
0.6117	0.000667423
0.6118	0.000871015
0.6119	0.000685365
0.612	0.000642869
0.6121	0.000524244
0.6122	0.000502492
0.6123	0.000532538
0.6124	0.000567184
0.6125	0.00045784
0.6126	0.000551593
0.6127	0.000555036
0.6128	0.000552819
0.6129	0.000782857
0.613	0.000696992
0.6131	0.000564633
0.6132	0.000501845
0.6133	0.000506435
0.6134	0.000567907
0.6135	0.000495834
0.6136	0.000581458
0.6137	0.000417474
0.6138	0.000514988
0.6139	0.000536461
0.614	0.000648907
0.6141	0.000544489
0.6142	0.00075453
0.6143	0.000563336
0.6144	0.000524736
0.6145	0.000545371
0.6146	0.000512233
0.6147	0.000646889
0.6148	0.000427031
0.6149	0.00053321
0.615	0.000456436
0.6151	0.000511961
0.6152	0.000716134
0.6153	0.000549681
0.6154	0.000578063
0.6155	0.000671601
0.6156	0.000735485
0.6157	0.000773409
0.6158	0.000638693
0.6159	0.000638156
0.616	0.000503683
0.6161	0.000769306
0.6162	0.000569554
0.6163	0.000601389
0.6164	0.000674776
0.6165	0.000554154
0.6166	0.000492125
0.6167	0.000480849
0.6168	0.000551677
0.6169	0.000651373
0.617	0.00069316
0.6171	0.000621833
0.6172	0.000593284
0.6173	0.000516794
0.6174	0.000365311
0.6175	0.000473424
0.6176	0.000558713
0.6177	0.000631091
0.6178	0.000722168
0.6179	0.000607767
0.618	0.000673767
0.6181	0.000732733
0.6182	0.000727448
0.6183	0.000530193
0.6184	0.000741534
0.6185	0.000814472
0.6186	0.000540461
0.6187	0.000697326
0.6188	0.00054446
0.6189	0.000610972
0.619	0.000554608
0.6191	0.000557266
0.6192	0.000640395
0.6193	0.000713108
0.6194	0.000584032
0.6195	0.000436275
0.6196	0.000357481
0.6197	0.000477835
0.6198	0.000759669
0.6199	0.000607017
0.62	0.000485318
0.6201	0.000539455
0.6202	0.000755676
0.6203	0.000624777
0.6204	0.000776432
0.6205	0.000586661
0.6206	0.000748049
0.6207	0.000648662
0.6208	0.000699749
0.6209	0.000777956
0.621	0.000496722
0.6211	0.000567649
0.6212	0.000762617
0.6213	0.000652586
0.6214	0.000568418
0.6215	0.000417459
0.6216	0.000397394
0.6217	0.000475778
0.6218	0.000577265
0.6219	0.000524692
0.622	0.000483587
0.6221	0.000452372
0.6222	0.000686563
0.6223	0.000877039
0.6224	0.000778848
0.6225	0.000638488
0.6226	0.000654315
0.6227	0.000825259
0.6228	0.00069022
0.6229	0.000802929
0.623	0.000566806
0.6231	0.000544199
0.6232	0.000566429
0.6233	0.000796946
0.6234	0.000582013
0.6235	0.000505082
0.6236	0.000526358
0.6237	0.000482915
0.6238	0.000501628
0.6239	0.000448596
0.624	0.000515789
0.6241	0.000563776
0.6242	0.000355795
0.6243	0.000548791
0.6244	0.000458375
0.6245	0.000666313
0.6246	0.000640684
0.6247	0.000580606
0.6248	0.000709332
0.6249	0.000725068
0.625	0.000843675
0.6251	0.000740242
0.6252	0.000543183
0.6253	0.000635374
0.6254	0.000667128
0.6255	0.000581663
0.6256	0.000513603
0.6257	0.000461004
0.6258	0.000442698
0.6259	0.00057673
0.626	0.000502908
0.6261	0.000712335
0.6262	0.000483147
0.6263	0.000483076
0.6264	0.000634188
0.6265	0.000443068
0.6266	0.000593667
0.6267	0.000675472
0.6268	0.000598327
0.6269	0.000599258
0.627	0.00059656
0.6271	0.000885171
0.6272	0.000644177
0.6273	0.000606607
0.6274	0.000590847
0.6275	0.000772645
0.6276	0.000721722
0.6277	0.000620205
0.6278	0.000730296
0.6279	0.000628186
0.628	0.000503558
0.6281	0.000467675
0.6282	0.000603472
0.6283	0.000569094
0.6284	0.000660857
0.6285	0.000493532
0.6286	0.000624416
0.6287	0.000546706
0.6288	0.000665219
0.6289	0.000708603
0.629	0.000608008
0.6291	0.000744696
0.6292	0.000718211
0.6293	0.000588003
0.6294	0.000538067
0.6295	0.000579508
0.6296	0.000647965
0.6297	0.000571455
0.6298	0.000807134
0.6299	0.000539867
0.63	0.000572282
0.6301	0.00056371
0.6302	0.000459141
0.6303	0.0006116
0.6304	0.000780291
0.6305	0.000702088
0.6306	0.000541604
0.6307	0.000746614
0.6308	0.000621404
0.6309	0.000616448
0.631	0.000484892
0.6311	0.000509431
0.6312	0.000466471
0.6313	0.000447894
0.6314	0.000807827
0.6315	0.000568406
0.6316	0.000730405
0.6317	0.000637381
0.6318	0.000694287
0.6319	0.000730253
0.632	0.000893305
0.6321	0.000592589
0.6322	0.00051359
0.6323	0.000575985
0.6324	0.000669302
0.6325	0.00052792
0.6326	0.000697073
0.6327	0.000601224
0.6328	0.000484118
0.6329	0.000591944
0.633	0.000548557
0.6331	0.000658493
0.6332	0.000614674
0.6333	0.00043957
0.6334	0.000593902
0.6335	0.000488437
0.6336	0.000513729
0.6337	0.000657508
0.6338	0.000580378
0.6339	0.000535825
0.634	0.00069157
0.6341	0.000710582
0.6342	0.000511842
0.6343	0.000674182
0.6344	0.00045475
0.6345	0.000612868
0.6346	0.000470596
0.6347	0.00074639
0.6348	0.00064253
0.6349	0.000538088
0.635	0.00066804
0.6351	0.000486585
0.6352	0.000756427
0.6353	0.000716371
0.6354	0.00058728
0.6355	0.000474552
0.6356	0.000503863
0.6357	0.000428423
0.6358	0.000479802
0.6359	0.000628997
0.636	0.000799591
0.6361	0.000761078
0.6362	0.00066523
0.6363	0.000767222
0.6364	0.000638173
0.6365	0.000750926
0.6366	0.000585055
0.6367	0.000451522
0.6368	0.000551342
0.6369	0.000589952
0.637	0.000572149
0.6371	0.000686295
0.6372	0.000642202
0.6373	0.000515704
0.6374	0.00052285
0.6375	0.000715392
0.6376	0.000555733
0.6377	0.000596887
0.6378	0.000384995
0.6379	0.000486818
0.638	0.00060272
0.6381	0.000725721
0.6382	0.000684442
0.6383	0.000631856
0.6384	0.000644039
0.6385	0.000747792
0.6386	0.000613414
0.6387	0.000685896
0.6388	0.000451614
0.6389	0.000564987
0.639	0.000654922
0.6391	0.00055863
0.6392	0.000702492
0.6393	0.000522466
0.6394	0.00047602
0.6395	0.000554515
0.6396	0.000771117
0.6397	0.000503422
0.6398	0.00049431
0.6399	0.000471766
0.64	0.000519458
0.6401	0.000412593
0.6402	0.000434409
0.6403	0.00053656
0.6404	0.000492079
0.6405	0.000530685
0.6406	0.000728006
0.6407	0.000634324
0.6408	0.000644457
0.6409	0.00074856
0.641	0.000430923
0.6411	0.000533222
0.6412	0.000412661
0.6413	0.000718112
0.6414	0.000524086
0.6415	0.000566581
0.6416	0.000539585
0.6417	0.000501962
0.6418	0.000661702
0.6419	0.000414708
0.642	0.000551287
0.6421	0.000448957
0.6422	0.000597484
0.6423	0.000545339
0.6424	0.00038745
0.6425	0.000450804
0.6426	0.000585745
0.6427	0.000588774
0.6428	0.000593581
0.6429	0.000463431
0.643	0.000592604
0.6431	0.000586235
0.6432	0.000558276
0.6433	0.000391213
0.6434	0.00057501
0.6435	0.000433361
0.6436	0.000663046
0.6437	0.000532295
0.6438	0.000511191
0.6439	0.00069812
0.644	0.000445766
0.6441	0.000400984
0.6442	0.000388793
0.6443	0.000378824
0.6444	0.000522511
0.6445	0.000539585
0.6446	0.000359253
0.6447	0.000417417
0.6448	0.000522089
0.6449	0.000726254
0.645	0.000438039
0.6451	0.000628484
0.6452	0.000520316
0.6453	0.000862564
0.6454	0.000673832
0.6455	0.000428378
0.6456	0.000473508
0.6457	0.000631404
0.6458	0.000500179
0.6459	0.000447391
0.646	0.000662376
0.6461	0.00045242
0.6462	0.00066766
0.6463	0.000533031
0.6464	0.000459091
0.6465	0.000569364
0.6466	0.000577633
0.6467	0.00042431
0.6468	0.000492094
0.6469	0.000384393
0.647	0.000523217
0.6471	0.000620389
0.6472	0.000420434
0.6473	0.00053761
0.6474	0.000477786
0.6475	0.000549584
0.6476	0.000519448
0.6477	0.000480034
0.6478	0.000678333
0.6479	0.000532112
0.648	0.000615997
0.6481	0.000540429
0.6482	0.000470789
0.6483	0.000472827
0.6484	0.000566406
0.6485	0.000693821
0.6486	0.000711298
0.6487	0.000562395
0.6488	0.000509536
0.6489	0.000518034
0.649	0.000768146
0.6491	0.000615984
0.6492	0.000655182
0.6493	0.00047808
0.6494	0.000521278
0.6495	0.000413748
0.6496	0.000567087
0.6497	0.000590364
0.6498	0.000638293
0.6499	0.000470973
0.65	0.000603483
0.6501	0.000622406
0.6502	0.000648572
0.6503	0.000579966
0.6504	0.000689918
0.6505	0.000495877
0.6506	0.000483628
0.6507	0.000480755
0.6508	0.000510448
0.6509	0.000729219
0.651	0.000853365
0.6511	0.000558297
0.6512	0.000719435
0.6513	0.00071861
0.6514	0.000699567
0.6515	0.000736052
0.6516	0.000650697
0.6517	0.000643975
0.6518	0.00045904
0.6519	0.000563875
0.652	0.00068086
0.6521	0.000524697
0.6522	0.000601414
0.6523	0.000519303
0.6524	0.00047337
0.6525	0.000561911
0.6526	0.000676336
0.6527	0.000637941
0.6528	0.000666049
0.6529	0.000587523
0.653	0.000456057
0.6531	0.000404921
0.6532	0.000566814
0.6533	0.000522005
0.6534	0.00055801
0.6535	0.000571332
0.6536	0.000670595
0.6537	0.00082044
0.6538	0.000844772
0.6539	0.000525789
0.654	0.000540497
0.6541	0.000545702
0.6542	0.000645236
0.6543	0.000899921
0.6544	0.000443697
0.6545	0.000582394
0.6546	0.000563102
0.6547	0.000518574
0.6548	0.00052388
0.6549	0.000862325
0.655	0.000503849
0.6551	0.00040376
0.6552	0.000406191
0.6553	0.000379614
0.6554	0.000467612
0.6555	0.000693695
0.6556	0.000521532
0.6557	0.000563472
0.6558	0.000518259
0.6559	0.000750241
0.656	0.000503203
0.6561	0.000796887
0.6562	0.000594479
0.6563	0.000772424
0.6564	0.000704838
0.6565	0.000728581
0.6566	0.000795427
0.6567	0.000555177
0.6568	0.00051093
0.6569	0.000660293
0.657	0.000483405
0.6571	0.000684336
0.6572	0.000396504
0.6573	0.000444648
0.6574	0.000466428
0.6575	0.000482819
0.6576	0.000629549
0.6577	0.000393907
0.6578	0.000441973
0.6579	0.000798105
0.658	0.000722998
0.6581	0.000531142
0.6582	0.000606831
0.6583	0.000705237
0.6584	0.000664956
0.6585	0.000732362
0.6586	0.000689822
0.6587	0.000579327
0.6588	0.000712785
0.6589	0.00063129
0.659	0.000695242
0.6591	0.000472836
0.6592	0.000662728
0.6593	0.000554997
0.6594	0.000421821
0.6595	0.000565451
0.6596	0.000539783
0.6597	0.0005978
0.6598	0.000544081
0.6599	0.000328101
0.66	0.000575146
0.6601	0.00054599
0.6602	0.000542224
0.6603	0.000718487
0.6604	0.000514386
0.6605	0.000714975
0.6606	0.000825723
0.6607	0.00102979
0.6608	0.000515914
0.6609	0.000599446
0.661	0.00067617
0.6611	0.000711428
0.6612	0.00054179
0.6613	0.000606445
0.6614	0.000574005
0.6615	0.000425106
0.6616	0.000548158
0.6617	0.000592608
0.6618	0.00077602
0.6619	0.000534247
0.662	0.000480822
0.6621	0.000678859
0.6622	0.000418144
0.6623	0.000466704
0.6624	0.00068295
0.6625	0.000536686
0.6626	0.00075551
0.6627	0.000541303
0.6628	0.000606238
0.6629	0.00069116
0.663	0.000707187
0.6631	0.00047805
0.6632	0.000623771
0.6633	0.00071039
0.6634	0.000750511
0.6635	0.00074087
0.6636	0.000683681
0.6637	0.000441615
0.6638	0.000597407
0.6639	0.000579885
0.664	0.000582366
0.6641	0.00051921
0.6642	0.000621167
0.6643	0.000651431
0.6644	0.000565042
0.6645	0.000610091
0.6646	0.000599176
0.6647	0.000516661
0.6648	0.00070636
0.6649	0.000631687
0.665	0.000560707
0.6651	0.000665261
0.6652	0.000631297
0.6653	0.000616264
0.6654	0.00086141
0.6655	0.000824114
0.6656	0.00069687
0.6657	0.00063388
0.6658	0.000662547
0.6659	0.000584766
0.666	0.000506794
0.6661	0.000722779
0.6662	0.000679117
0.6663	0.00052869
0.6664	0.00060646
0.6665	0.000655123
0.6666	0.00071905
0.6667	0.000625639
0.6668	0.000450791
0.6669	0.000568233
0.667	0.000650144
0.6671	0.000771238
0.6672	0.000779299
0.6673	0.000589966
0.6674	0.000578278
0.6675	0.000721546
0.6676	0.00073106
0.6677	0.000753657
0.6678	0.000580337
0.6679	0.000522859
0.668	0.000562856
0.6681	0.000561556
0.6682	0.000616613
0.6683	0.000647864
0.6684	0.000589396
0.6685	0.000649462
0.6686	0.000523342
0.6687	0.00066711
0.6688	0.00062805
0.6689	0.000625432
0.669	0.00049482
0.6691	0.000606878
0.6692	0.000490359
0.6693	0.000474504
0.6694	0.000612249
0.6695	0.000700852
0.6696	0.000714148
0.6697	0.000764896
0.6698	0.000480532
0.6699	0.000760079
0.67	0.000535801
0.6701	0.0005272
0.6702	0.0006228
0.6703	0.000664579
0.6704	0.000695457
0.6705	0.00067241
0.6706	0.000615533
0.6707	0.000636103
0.6708	0.000538903
0.6709	0.000692185
0.671	0.0007862
0.6711	0.000497167
0.6712	0.000584606
0.6713	0.000555688
0.6714	0.000386745
0.6715	0.000506715
0.6716	0.000541023
0.6717	0.00067837
0.6718	0.000814361
0.6719	0.000445715
0.672	0.000802009
0.6721	0.000682029
0.6722	0.000680856
0.6723	0.000501964
0.6724	0.000468665
0.6725	0.000488795
0.6726	0.000661493
0.6727	0.000679062
0.6728	0.00067585
0.6729	0.000539607
0.673	0.000686189
0.6731	0.000634317
0.6732	0.00062944
0.6733	0.000476403
0.6734	0.000644527
0.6735	0.000446087
0.6736	0.000425261
0.6737	0.000662997
0.6738	0.000663079
0.6739	0.00078254
0.674	0.000611508
0.6741	0.000785424
0.6742	0.000591259
0.6743	0.00060284
0.6744	0.000610907
0.6745	0.000474181
0.6746	0.000491578
0.6747	0.000562965
0.6748	0.000599001
0.6749	0.000572495
0.675	0.000452659
0.6751	0.000694688
0.6752	0.000644765
0.6753	0.000746053
0.6754	0.000411866
0.6755	0.000507279
0.6756	0.00048786
0.6757	0.000538879
0.6758	0.000358646
0.6759	0.000378777
0.676	0.000509411
0.6761	0.000614517
0.6762	0.000672104
0.6763	0.000611656
0.6764	0.000801108
0.6765	0.000548631
0.6766	0.000680029
0.6767	0.000485991
0.6768	0.000570855
0.6769	0.00059109
0.677	0.000473635
0.6771	0.000544298
0.6772	0.00048821
0.6773	0.000566368
0.6774	0.000465019
0.6775	0.000593042
0.6776	0.000398922
0.6777	0.000539651
0.6778	0.000569687
0.6779	0.00056387
0.678	0.000485074
0.6781	0.000505513
0.6782	0.000513399
0.6783	0.000458449
0.6784	0.00058094
0.6785	0.000492545
0.6786	0.000626104
0.6787	0.000671114
0.6788	0.000592039
0.6789	0.000518092
0.679	0.000503467
0.6791	0.000504877
0.6792	0.000534156
0.6793	0.000649232
0.6794	0.000670131
0.6795	0.000529962
0.6796	0.000763541
0.6797	0.000480994
0.6798	0.000365248
0.6799	0.000441829
0.68	0.000524154
0.6801	0.000385505
0.6802	0.000501081
0.6803	0.000339075
0.6804	0.000424003
0.6805	0.000462596
0.6806	0.000523725
0.6807	0.000427977
0.6808	0.000530426
0.6809	0.000627968
0.681	0.000838702
0.6811	0.000631625
0.6812	0.000609672
0.6813	0.00051022
0.6814	0.000485983
0.6815	0.000493838
0.6816	0.000588054
0.6817	0.000597669
0.6818	0.000524956
0.6819	0.000562021
0.682	0.000514872
0.6821	0.000405582
0.6822	0.000689764
0.6823	0.000428465
0.6824	0.000425964
0.6825	0.000504764
0.6826	0.000525726
0.6827	0.000407177
0.6828	0.000582818
0.6829	0.000552472
0.683	0.000595191
0.6831	0.000700192
0.6832	0.000798154
0.6833	0.00044439
0.6834	0.000500975
0.6835	0.000557686
0.6836	0.000656428
0.6837	0.000567567
0.6838	0.000520463
0.6839	0.000503777
0.684	0.000525541
0.6841	0.000719876
0.6842	0.000446841
0.6843	0.000710652
0.6844	0.000608349
0.6845	0.000465152
0.6846	0.000421272
0.6847	0.000682279
0.6848	0.000677296
0.6849	0.000622964
0.685	0.00060676
0.6851	0.000504104
0.6852	0.000491792
0.6853	0.000586012
0.6854	0.000604573
0.6855	0.000733784
0.6856	0.000481802
0.6857	0.00070297
0.6858	0.000627922
0.6859	0.000564235
0.686	0.000680944
0.6861	0.000526521
0.6862	0.000483262
0.6863	0.00051626
0.6864	0.000501209
0.6865	0.000564555
0.6866	0.000775003
0.6867	0.000702262
0.6868	0.000779006
0.6869	0.000755047
0.687	0.000641378
0.6871	0.000691017
0.6872	0.000511718
0.6873	0.000568717
0.6874	0.000788301
0.6875	0.000479897
0.6876	0.000725731
0.6877	0.000657783
0.6878	0.000527049
0.6879	0.000527703
0.688	0.000554612
0.6881	0.000530985
0.6882	0.000541192
0.6883	0.000512002
0.6884	0.000604532
0.6885	0.000623257
0.6886	0.000598052
0.6887	0.000471316
0.6888	0.000374231
0.6889	0.000592619
0.689	0.000623493
0.6891	0.00061971
0.6892	0.000457106
0.6893	0.000675367
0.6894	0.000714696
0.6895	0.000757813
0.6896	0.000667564
0.6897	0.000608514
0.6898	0.000657799
0.6899	0.000685508
0.69	0.000791186
0.6901	0.000547443
0.6902	0.000592295
0.6903	0.000529861
0.6904	0.000494476
0.6905	0.000554278
0.6906	0.000662035
0.6907	0.000457402
0.6908	0.00036776
0.6909	0.000375719
0.691	0.000398773
0.6911	0.000583522
0.6912	0.00084743
0.6913	0.000556376
0.6914	0.000566152
0.6915	0.000643223
0.6916	0.000652144
0.6917	0.000469458
0.6918	0.00067754
0.6919	0.000719305
0.692	0.000815962
0.6921	0.000680667
0.6922	0.000818619
0.6923	0.000642545
0.6924	0.000486081
0.6925	0.000623646
0.6926	0.00061839
0.6927	0.000545828
0.6928	0.000546662
0.6929	0.000423832
0.693	0.000441279
0.6931	0.000463215
0.6932	0.000489985
0.6933	0.000599093
0.6934	0.000438602
0.6935	0.000407739
0.6936	0.000554732
0.6937	0.000735965
0.6938	0.0005741
0.6939	0.000749025
0.694	0.000734511
0.6941	0.000871978
0.6942	0.000637214
0.6943	0.000543848
0.6944	0.000649648
0.6945	0.000699332
0.6946	0.000775055
0.6947	0.000534032
0.6948	0.000618537
0.6949	0.000576463
0.695	0.000483047
0.6951	0.000429392
0.6952	0.000479803
0.6953	0.00043621
0.6954	0.000532893
0.6955	0.000493992
0.6956	0.000496777
0.6957	0.000464874
0.6958	0.000613001
0.6959	0.000559117
0.696	0.00056215
0.6961	0.000575539
0.6962	0.000638015
0.6963	0.000946077
0.6964	0.000783559
0.6965	0.000557426
0.6966	0.000761697
0.6967	0.000743603
0.6968	0.00078573
0.6969	0.000510497
0.697	0.000594569
0.6971	0.000576304
0.6972	0.000509093
0.6973	0.000541716
0.6974	0.00063497
0.6975	0.000745636
0.6976	0.000407505
0.6977	0.000486299
0.6978	0.000580936
0.6979	0.000507676
0.698	0.000446525
0.6981	0.00056402
0.6982	0.000483673
0.6983	0.000808972
0.6984	0.000632654
0.6985	0.000697018
0.6986	0.000541744
0.6987	0.000764037
0.6988	0.000638464
0.6989	0.000610706
0.699	0.000663157
0.6991	0.000710421
0.6992	0.000688945
0.6993	0.000648425
0.6994	0.000502511
0.6995	0.00062033
0.6996	0.000569895
0.6997	0.000677483
0.6998	0.000518666
0.6999	0.000727082
0.7	0.000760415
0.7001	0.000700273
0.7002	0.000761945
0.7003	0.000660733
0.7004	0.000651585
0.7005	0.000539999
0.7006	0.000711331
0.7007	0.000448062
0.7008	0.000641214
0.7009	0.000428534
0.701	0.00059298
0.7011	0.000661882
0.7012	0.000783169
0.7013	0.000521171
0.7014	0.000463365
0.7015	0.000513835
0.7016	0.000561779
0.7017	0.000642913
0.7018	0.000711864
0.7019	0.000741003
0.702	0.000620033
0.7021	0.000642199
0.7022	0.000602132
0.7023	0.000661642
0.7024	0.00060178
0.7025	0.000427767
0.7026	0.00048988
0.7027	0.000882831
0.7028	0.000742308
0.7029	0.000876613
0.703	0.000548042
0.7031	0.0005039
0.7032	0.000684478
0.7033	0.000625795
0.7034	0.000545222
0.7035	0.000501575
0.7036	0.000519856
0.7037	0.000727051
0.7038	0.000539109
0.7039	0.000562144
0.704	0.000633268
0.7041	0.000550573
0.7042	0.000632077
0.7043	0.000559267
0.7044	0.000570837
0.7045	0.000652018
0.7046	0.000654925
0.7047	0.000714173
0.7048	0.000752056
0.7049	0.00065481
0.705	0.000581223
0.7051	0.000474934
0.7052	0.000702827
0.7053	0.000668134
0.7054	0.000708224
0.7055	0.000428546
0.7056	0.000713592
0.7057	0.00047889
0.7058	0.000567071
0.7059	0.000547254
0.706	0.000785358
0.7061	0.000613217
0.7062	0.000714219
0.7063	0.000755134
0.7064	0.000516151
0.7065	0.000590426
0.7066	0.000967474
0.7067	0.00078436
0.7068	0.000437482
0.7069	0.000551396
0.707	0.000556616
0.7071	0.000430899
0.7072	0.000639934
0.7073	0.000706278
0.7074	0.000591493
0.7075	0.000629586
0.7076	0.00072041
0.7077	0.000797764
0.7078	0.000774024
0.7079	0.000727802
0.708	0.000492132
0.7081	0.000524381
0.7082	0.000621105
0.7083	0.000555418
0.7084	0.000709831
0.7085	0.000707023
0.7086	0.00043171
0.7087	0.000546199
0.7088	0.000704862
0.7089	0.000512271
0.709	0.000517065
0.7091	0.000605493
0.7092	0.000527181
0.7093	0.000450411
0.7094	0.000722502
0.7095	0.000616529
0.7096	0.00067416
0.7097	0.000736378
0.7098	0.000628305
0.7099	0.000670384
0.71	0.000632821
0.7101	0.000481183
0.7102	0.000625348
0.7103	0.000660422
0.7104	0.000547747
0.7105	0.00064242
0.7106	0.000566559
0.7107	0.00071422
0.7108	0.00059515
0.7109	0.000595893
0.711	0.000633853
0.7111	0.000433255
0.7112	0.000549263
0.7113	0.000506943
0.7114	0.000557983
0.7115	0.000563047
0.7116	0.000408763
0.7117	0.00051854
0.7118	0.000575366
0.7119	0.000722578
0.712	0.000620786
0.7121	0.000738411
0.7122	0.000640368
0.7123	0.000628118
0.7124	0.000468541
0.7125	0.00050233
0.7126	0.000634168
0.7127	0.000414139
0.7128	0.000495377
0.7129	0.000447558
0.713	0.000585652
0.7131	0.000654413
0.7132	0.000442518
0.7133	0.000553726
0.7134	0.000505493
0.7135	0.000609297
0.7136	0.000547243
0.7137	0.000422748
0.7138	0.000465254
0.7139	0.000658273
0.714	0.000622429
0.7141	0.000475406
0.7142	0.00052794
0.7143	0.000569282
0.7144	0.000652707
0.7145	0.000550293
0.7146	0.000408126
0.7147	0.000510207
0.7148	0.000492493
0.7149	0.000640395
0.715	0.000506467
0.7151	0.000636791
0.7152	0.000691865
0.7153	0.000510632
0.7154	0.000413859
0.7155	0.000433346
0.7156	0.000363846
0.7157	0.000554317
0.7158	0.000410557
0.7159	0.000441675
0.716	0.000349271
0.7161	0.000521339
0.7162	0.000500659
0.7163	0.000397747
0.7164	0.000498945
0.7165	0.000597846
0.7166	0.000626552
0.7167	0.000870444
0.7168	0.000498482
0.7169	0.00036238
0.717	0.000635232
0.7171	0.000550749
0.7172	0.00052434
0.7173	0.000583477
0.7174	0.000423622
0.7175	0.000566805
0.7176	0.000528023
0.7177	0.000472376
0.7178	0.0005675
0.7179	0.000654533
0.718	0.000550819
0.7181	0.000391413
0.7182	0.000406468
0.7183	0.000532485
0.7184	0.000557145
0.7185	0.000458501
0.7186	0.000616433
0.7187	0.000650019
0.7188	0.00084568
0.7189	0.00066937
0.719	0.000645772
0.7191	0.000570737
0.7192	0.000472749
0.7193	0.000519978
0.7194	0.000556686
0.7195	0.00046368
0.7196	0.000553573
0.7197	0.00056962
0.7198	0.000757823
0.7199	0.000666673
0.72	0.000586047
0.7201	0.000658727
0.7202	0.000500949
0.7203	0.000500758
0.7204	0.000589485
0.7205	0.000552507
0.7206	0.000591164
0.7207	0.000405371
0.7208	0.000549272
0.7209	0.000526819
0.721	0.00060282
0.7211	0.000491393
0.7212	0.000681825
0.7213	0.000518689
0.7214	0.000496656
0.7215	0.000539773
0.7216	0.00048753
0.7217	0.000643952
0.7218	0.000492298
0.7219	0.000531231
0.722	0.000430523
0.7221	0.00050905
0.7222	0.000576497
0.7223	0.00076277
0.7224	0.00052104
0.7225	0.000643808
0.7226	0.000728124
0.7227	0.000658102
0.7228	0.000683275
0.7229	0.000624493
0.723	0.0005263
0.7231	0.000717183
0.7232	0.000503595
0.7233	0.000551685
0.7234	0.000781045
0.7235	0.000566859
0.7236	0.000557196
0.7237	0.000474149
0.7238	0.0005557
0.7239	0.000575537
0.724	0.000557562
0.7241	0.000645101
0.7242	0.000662502
0.7243	0.000602329
0.7244	0.00040107
0.7245	0.000422853
0.7246	0.000637632
0.7247	0.000630843
0.7248	0.00075678
0.7249	0.000528646
0.725	0.000775521
0.7251	0.000909402
0.7252	0.000671761
0.7253	0.000585611
0.7254	0.000682835
0.7255	0.000777052
0.7256	0.000523164
0.7257	0.000719347
0.7258	0.000608466
0.7259	0.000574286
0.726	0.000541813
0.7261	0.000483196
0.7262	0.000679946
0.7263	0.00064042
0.7264	0.00044517
0.7265	0.000397348
0.7266	0.000473899
0.7267	0.000584826
0.7268	0.00056329
0.7269	0.000669667
0.727	0.000653946
0.7271	0.000529689
0.7272	0.000675324
0.7273	0.000669527
0.7274	0.000827124
0.7275	0.000542678
0.7276	0.000717533
0.7277	0.000681968
0.7278	0.000684932
0.7279	0.000671684
0.728	0.000491092
0.7281	0.000454449
0.7282	0.000682045
0.7283	0.000716571
0.7284	0.000581432
0.7285	0.000438486
0.7286	0.00038772
0.7287	0.000502565
0.7288	0.000589244
0.7289	0.000550146
0.729	0.000529157
0.7291	0.000450029
0.7292	0.000621192
0.7293	0.000871927
0.7294	0.00076939
0.7295	0.0004862
0.7296	0.000692355
0.7297	0.00069212
0.7298	0.000652854
0.7299	0.00078439
0.73	0.000483644
0.7301	0.000615609
0.7302	0.000613718
0.7303	0.000730773
0.7304	0.000637433
0.7305	0.000732284
0.7306	0.000499028
0.7307	0.000497491
0.7308	0.000532564
0.7309	0.000739541
0.731	0.000498804
0.7311	0.000459471
0.7312	0.000350168
0.7313	0.000411246
0.7314	0.000661067
0.7315	0.000558236
0.7316	0.00070512
0.7317	0.000579388
0.7318	0.000531696
0.7319	0.000774075
0.732	0.000907885
0.7321	0.000705722
0.7322	0.000624849
0.7323	0.000643439
0.7324	0.000761853
0.7325	0.000536702
0.7326	0.000472909
0.7327	0.000506268
0.7328	0.000493056
0.7329	0.000522169
0.733	0.00045603
0.7331	0.000712962
0.7332	0.000602216
0.7333	0.000582441
0.7334	0.00061912
0.7335	0.000407582
0.7336	0.00057557
0.7337	0.000603897
0.7338	0.00058666
0.7339	0.000534038
0.734	0.000642769
0.7341	0.000698059
0.7342	0.000653687
0.7343	0.000573563
0.7344	0.000682887
0.7345	0.000784858
0.7346	0.000755121
0.7347	0.000649055
0.7348	0.000729051
0.7349	0.000622812
0.735	0.000459475
0.7351	0.000516133
0.7352	0.000624475
0.7353	0.00071053
0.7354	0.000561092
0.7355	0.0004541
0.7356	0.000700024
0.7357	0.000676454
0.7358	0.000679812
0.7359	0.000821718
0.736	0.000531363
0.7361	0.00070742
0.7362	0.00051283
0.7363	0.000597367
0.7364	0.00063835
0.7365	0.000687135
0.7366	0.000497378
0.7367	0.000628356
0.7368	0.000682111
0.7369	0.000682883
0.737	0.000614804
0.7371	0.000594889
0.7372	0.000392533
0.7373	0.000608325
0.7374	0.000730481
0.7375	0.000742405
0.7376	0.00051729
0.7377	0.000598854
0.7378	0.000692865
0.7379	0.000568076
0.738	0.000568319
0.7381	0.000554644
0.7382	0.000384755
0.7383	0.000712882
0.7384	0.000887898
0.7385	0.000607663
0.7386	0.000620623
0.7387	0.000602273
0.7388	0.000577617
0.7389	0.000670774
0.739	0.000721571
0.7391	0.000614342
0.7392	0.000495477
0.7393	0.000528301
0.7394	0.00068418
0.7395	0.000533595
0.7396	0.000596912
0.7397	0.000589055
0.7398	0.000586565
0.7399	0.000624851
0.74	0.000621055
0.7401	0.000571452
0.7402	0.000477489
0.7403	0.00042667
0.7404	0.000547503
0.7405	0.000630626
0.7406	0.000511581
0.7407	0.00067899
0.7408	0.000563057
0.7409	0.000511214
0.741	0.000803867
0.7411	0.000736179
0.7412	0.000464801
0.7413	0.000574307
0.7414	0.000440469
0.7415	0.000539434
0.7416	0.000529353
0.7417	0.000771073
0.7418	0.000550094
0.7419	0.000639064
0.742	0.000765297
0.7421	0.000543731
0.7422	0.000554311
0.7423	0.000685336
0.7424	0.000606436
0.7425	0.000532639
0.7426	0.000505411
0.7427	0.000458193
0.7428	0.000479843
0.7429	0.000687343
0.743	0.000862611
0.7431	0.00075683
0.7432	0.000691942
0.7433	0.000707136
0.7434	0.000572782
0.7435	0.000775957
0.7436	0.000569236
0.7437	0.000477016
0.7438	0.000561274
0.7439	0.000576317
0.744	0.000556892
0.7441	0.000724252
0.7442	0.000696723
0.7443	0.000508496
0.7444	0.000455205
0.7445	0.000735135
0.7446	0.000522274
0.7447	0.000540438
0.7448	0.000500515
0.7449	0.000571216
0.745	0.000605178
0.7451	0.000711262
0.7452	0.000667403
0.7453	0.000736133
0.7454	0.000667191
0.7455	0.000638897
0.7456	0.000734174
0.7457	0.000833551
0.7458	0.000396697
0.7459	0.000539535
0.746	0.00061226
0.7461	0.000632166
0.7462	0.000925025
0.7463	0.000585128
0.7464	0.000560345
0.7465	0.000486242
0.7466	0.000561645
0.7467	0.000610082
0.7468	0.000468796
0.7469	0.000515939
0.747	0.000590086
0.7471	0.00043808
0.7472	0.000348901
0.7473	0.000458947
0.7474	0.000489852
0.7475	0.000609825
0.7476	0.00070028
0.7477	0.00062299
0.7478	0.000642563
0.7479	0.000585181
0.748	0.000494957
0.7481	0.000493931
0.7482	0.00046216
0.7483	0.000658936
0.7484	0.000496986
0.7485	0.000443042
0.7486	0.000504265
0.7487	0.000517704
0.7488	0.00070921
0.7489	0.000415586
0.749	0.000543221
0.7491	0.000485366
0.7492	0.000608642
0.7493	0.000570576
0.7494	0.000349088
0.7495	0.000463662
0.7496	0.000561037
0.7497	0.00059895
0.7498	0.000528603
0.7499	0.000517032
0.75	0.000596643
0.7501	0.000639556
0.7502	0.000498286
0.7503	0.000467374
0.7504	0.000642554
0.7505	0.000417111
0.7506	0.000651954
0.7507	0.000479817
0.7508	0.000686969
0.7509	0.000580786
0.751	0.000515487
0.7511	0.000433741
0.7512	0.000412483
0.7513	0.000426748
0.7514	0.000557085
0.7515	0.000451375
0.7516	0.000448391
0.7517	0.00042178
0.7518	0.00057436
0.7519	0.000701413
0.752	0.000417461
0.7521	0.000515
0.7522	0.000741058
0.7523	0.000657847
0.7524	0.000829323
0.7525	0.000452039
0.7526	0.000543692
0.7527	0.000549163
0.7528	0.000520389
0.7529	0.000483037
0.753	0.00058783
0.7531	0.000448536
0.7532	0.000682803
0.7533	0.000611523
0.7534	0.000388795
0.7535	0.000443961
0.7536	0.000727831
0.7537	0.000546645
0.7538	0.000463283
0.7539	0.000409366
0.754	0.000548698
0.7541	0.000628879
0.7542	0.000473457
0.7543	0.000625986
0.7544	0.000505876
0.7545	0.000631467
0.7546	0.000652648
0.7547	0.000506616
0.7548	0.000638766
0.7549	0.000563434
0.755	0.000522036
0.7551	0.000606907
0.7552	0.000506373
0.7553	0.000515555
0.7554	0.000598421
0.7555	0.000720211
0.7556	0.000701082
0.7557	0.000542909
0.7558	0.000558681
0.7559	0.000487121
0.756	0.000491313
0.7561	0.000636527
0.7562	0.000497314
0.7563	0.000629807
0.7564	0.000390467
0.7565	0.00052709
0.7566	0.000618665
0.7567	0.000586516
0.7568	0.00050261
0.7569	0.000650998
0.757	0.000643436
0.7571	0.000665335
0.7572	0.000616022
0.7573	0.000640209
0.7574	0.000654362
0.7575	0.000448894
0.7576	0.000515674
0.7577	0.000472747
0.7578	0.000518538
0.7579	0.000533081
0.758	0.000578032
0.7581	0.000547561
0.7582	0.000632763
0.7583	0.000814332
0.7584	0.000714606
0.7585	0.000692165
0.7586	0.000642412
0.7587	0.000695133
0.7588	0.000588586
0.7589	0.000446011
0.759	0.000713238
0.7591	0.000658194
0.7592	0.000719591
0.7593	0.000509039
0.7594	0.000542771
0.7595	0.000489591
0.7596	0.000610272
0.7597	0.000633731
0.7598	0.000714977
0.7599	0.000504348
0.76	0.000597736
0.7601	0.00043632
0.7602	0.000532324
0.7603	0.000514803
0.7604	0.000599689
0.7605	0.00071245
0.7606	0.000507223
0.7607	0.000861312
0.7608	0.000871125
0.7609	0.00065999
0.761	0.000543667
0.7611	0.000737121
0.7612	0.000749058
0.7613	0.000676405
0.7614	0.000491537
0.7615	0.000580113
0.7616	0.000555084
0.7617	0.000560918
0.7618	0.000561021
0.7619	0.000725123
0.762	0.000554261
0.7621	0.000390314
0.7622	0.00040389
0.7623	0.000432239
0.7624	0.000466739
0.7625	0.00059218
0.7626	0.000597651
0.7627	0.000632185
0.7628	0.000504307
0.7629	0.000823311
0.763	0.000555883
0.7631	0.000682781
0.7632	0.000583603
0.7633	0.000812221
0.7634	0.000646215
0.7635	0.000582247
0.7636	0.000799944
0.7637	0.000387481
0.7638	0.000507909
0.7639	0.000583418
0.764	0.000573089
0.7641	0.000711924
0.7642	0.000368188
0.7643	0.000410386
0.7644	0.000509102
0.7645	0.000550691
0.7646	0.000504423
0.7647	0.000439401
0.7648	0.000453114
0.7649	0.000695504
0.765	0.000820327
0.7651	0.000691266
0.7652	0.000547807
0.7653	0.00080484
0.7654	0.000766911
0.7655	0.000586674
0.7656	0.000834741
0.7657	0.000590112
0.7658	0.000764601
0.7659	0.000652732
0.766	0.000706338
0.7661	0.000595254
0.7662	0.000541447
0.7663	0.000555448
0.7664	0.000401673
0.7665	0.000530734
0.7666	0.000439192
0.7667	0.000405467
0.7668	0.000352662
0.7669	0.000389624
0.767	0.00055615
0.7671	0.000418781
0.7672	0.000647713
0.7673	0.000753643
0.7674	0.000554456
0.7675	0.000781103
0.7676	0.000813781
0.7677	0.00092261
0.7678	0.000763053
0.7679	0.000628375
0.768	0.000719141
0.7681	0.000526002
0.7682	0.000570685
0.7683	0.000487061
0.7684	0.000446323
0.7685	0.00045641
0.7686	0.000572447
0.7687	0.000465664
0.7688	0.000586589
0.7689	0.00052418
0.769	0.00041106
0.7691	0.000476146
0.7692	0.000475947
0.7693	0.000551018
0.7694	0.000475886
0.7695	0.000576023
0.7696	0.000704626
0.7697	0.000608433
0.7698	0.00078049
0.7699	0.000669866
0.77	0.00065319
0.7701	0.000594712
0.7702	0.000823352
0.7703	0.000716657
0.7704	0.000578524
0.7705	0.000751071
0.7706	0.000563741
0.7707	0.000499273
0.7708	0.000489022
0.7709	0.000588548
0.771	0.000598391
0.7711	0.000642069
0.7712	0.00051422
0.7713	0.0006051
0.7714	0.000641307
0.7715	0.000645871
0.7716	0.000744063
0.7717	0.000485186
0.7718	0.00079767
0.7719	0.000715208
0.772	0.000685672
0.7721	0.000596063
0.7722	0.000587601
0.7723	0.000698695
0.7724	0.000594645
0.7725	0.000623622
0.7726	0.000655606
0.7727	0.00054444
0.7728	0.000653418
0.7729	0.000427915
0.773	0.000716118
0.7731	0.000763315
0.7732	0.000656219
0.7733	0.000651777
0.7734	0.000672302
0.7735	0.000525736
0.7736	0.000440369
0.7737	0.000665042
0.7738	0.000525413
0.7739	0.000429716
0.774	0.000573016
0.7741	0.000796612
0.7742	0.000692502
0.7743	0.000606254
0.7744	0.000598404
0.7745	0.000552398
0.7746	0.000785421
0.7747	0.000713202
0.7748	0.000528137
0.7749	0.000543292
0.775	0.000577435
0.7751	0.000651771
0.7752	0.000596575
0.7753	0.000467975
0.7754	0.00048379
0.7755	0.000662017
0.7756	0.000697864
0.7757	0.000613343
0.7758	0.000624102
0.7759	0.000705848
0.776	0.000410476
0.7761	0.000532341
0.7762	0.000685082
0.7763	0.000465114
0.7764	0.000590865
0.7765	0.0006177
0.7766	0.000536417
0.7767	0.000707653
0.7768	0.000628959
0.7769	0.000535394
0.777	0.00072943
0.7771	0.000483919
0.7772	0.000543026
0.7773	0.000538492
0.7774	0.000617681
0.7775	0.000558085
0.7776	0.000588422
0.7777	0.000609172
0.7778	0.0005075
0.7779	0.000772708
0.778	0.000791556
0.7781	0.000547189
0.7782	0.000511422
0.7783	0.000511056
0.7784	0.000517885
0.7785	0.000533687
0.7786	0.000688098
0.7787	0.0010025
0.7788	0.000820443
0.7789	0.000659906
0.779	0.000715751
0.7791	0.000669636
0.7792	0.000608019
0.7793	0.000596894
0.7794	0.000441878
0.7795	0.000520747
0.7796	0.000675494
0.7797	0.00059293
0.7798	0.000564534
0.7799	0.000660411
0.78	0.000585163
0.7801	0.000673292
0.7802	0.000716108
0.7803	0.000463368
0.7804	0.00052193
0.7805	0.000512976
0.7806	0.000518014
0.7807	0.000587295
0.7808	0.000620338
0.7809	0.000666465
0.781	0.000784173
0.7811	0.000586731
0.7812	0.000630162
0.7813	0.000708144
0.7814	0.00070559
0.7815	0.00060011
0.7816	0.00061478
0.7817	0.000681051
0.7818	0.000535589
0.7819	0.000559794
0.782	0.000536056
0.7821	0.000612829
0.7822	0.000458308
0.7823	0.000575419
0.7824	0.000599947
0.7825	0.00048922
0.7826	0.000594996
0.7827	0.000550998
0.7828	0.000430253
0.7829	0.000415456
0.783	0.000467088
0.7831	0.00053174
0.7832	0.000604803
0.7833	0.000670855
0.7834	0.000749743
0.7835	0.00081967
0.7836	0.000678786
0.7837	0.000446676
0.7838	0.000578442
0.7839	0.000451092
0.784	0.000651193
0.7841	0.000476849
0.7842	0.000596582
0.7843	0.000426437
0.7844	0.000583796
0.7845	0.00072714
0.7846	0.000483105
0.7847	0.000438569
0.7848	0.000506309
0.7849	0.00051616
0.785	0.000590056
0.7851	0.000312338
0.7852	0.000570853
0.7853	0.000562636
0.7854	0.000637921
0.7855	0.000587892
0.7856	0.000447915
0.7857	0.00061512
0.7858	0.000620929
0.7859	0.000521726
0.786	0.000433774
0.7861	0.000581133
0.7862	0.00036228
0.7863	0.000629108
0.7864	0.000511184
0.7865	0.000538435
0.7866	0.000787464
0.7867	0.000412146
0.7868	0.00048005
0.7869	0.000397248
0.787	0.000459236
0.7871	0.000422357
0.7872	0.000441094
0.7873	0.000370125
0.7874	0.000382792
0.7875	0.000616461
0.7876	0.000677623
0.7877	0.000410791
0.7878	0.000456787
0.7879	0.000747962
0.788	0.00064454
0.7881	0.000683036
0.7882	0.000384269
0.7883	0.000532288
0.7884	0.000574045
0.7885	0.000420909
0.7886	0.000492261
0.7887	0.000821153
0.7888	0.00039907
0.7889	0.000669848
0.789	0.00062049
0.7891	0.000506807
0.7892	0.000652951
0.7893	0.000559617
0.7894	0.000445132
0.7895	0.000567335
0.7896	0.000411295
0.7897	0.000479282
0.7898	0.000622302
0.7899	0.000374498
0.79	0.000597701
0.7901	0.000592109
0.7902	0.000589549
0.7903	0.000644648
0.7904	0.00044585
0.7905	0.000482642
0.7906	0.000587495
0.7907	0.000557255
0.7908	0.000534408
0.7909	0.000399199
0.791	0.000482587
0.7911	0.000673371
0.7912	0.000618302
0.7913	0.000765243
0.7914	0.000637608
0.7915	0.000528682
0.7916	0.000432019
0.7917	0.000610018
0.7918	0.000641537
0.7919	0.00065986
0.792	0.000713918
0.7921	0.000456266
0.7922	0.000451815
0.7923	0.000528878
0.7924	0.000631926
0.7925	0.000614295
0.7926	0.000709979
0.7927	0.000524698
0.7928	0.000526851
0.7929	0.000696196
0.793	0.000501513
0.7931	0.000830603
0.7932	0.000459365
0.7933	0.000529402
0.7934	0.000437019
0.7935	0.000509226
0.7936	0.00055187
0.7937	0.000818905
0.7938	0.000577986
0.7939	0.000687
0.794	0.000801907
0.7941	0.000749208
0.7942	0.000655828
0.7943	0.000678351
0.7944	0.000600934
0.7945	0.000542236
0.7946	0.000551215
0.7947	0.000680708
0.7948	0.000680759
0.7949	0.000635218
0.795	0.00056172
0.7951	0.000563245
0.7952	0.000537002
0.7953	0.000520926
0.7954	0.000686966
0.7955	0.000583795
0.7956	0.000618459
0.7957	0.000562666
0.7958	0.000395772
0.7959	0.000615983
0.796	0.000469569
0.7961	0.000634408
0.7962	0.000713513
0.7963	0.000578822
0.7964	0.000689395
0.7965	0.000676246
0.7966	0.000806533
0.7967	0.000617239
0.7968	0.000576054
0.7969	0.000802775
0.797	0.000853114
0.7971	0.000498565
0.7972	0.000602222
0.7973	0.000472866
0.7974	0.00047982
0.7975	0.000511248
0.7976	0.000526095
0.7977	0.00058335
0.7978	0.000478053
0.7979	0.000393514
0.798	0.000397231
0.7981	0.000416534
0.7982	0.000678513
0.7983	0.000722056
0.7984	0.000599863
0.7985	0.000485303
0.7986	0.000699476
0.7987	0.000659763
0.7988	0.000847711
0.7989	0.000608612
0.799	0.000777431
0.7991	0.000809365
0.7992	0.000774345
0.7993	0.000741179
0.7994	0.000505571
0.7995	0.000535117
0.7996	0.000776062
0.7997	0.000455962
0.7998	0.000625895
0.7999	0.000503408
0.8	0.000411456
0.8001	0.000510837
0.8002	0.000534977
0.8003	0.000556558
0.8004	0.000430893
0.8005	0.000467332
0.8006	0.000736078
0.8007	0.000701295
0.8008	0.000769366
0.8009	0.000535521
0.801	0.000752615
0.8011	0.000897248
0.8012	0.000613928
0.8013	0.000717642
0.8014	0.000620032
0.8015	0.000712332
0.8016	0.00079628
0.8017	0.000591366
0.8018	0.000559092
0.8019	0.000565553
0.802	0.000533533
0.8021	0.000452442
0.8022	0.000455614
0.8023	0.000527797
0.8024	0.000515355
0.8025	0.000519107
0.8026	0.000349079
0.8027	0.000591056
0.8028	0.000425903
0.8029	0.000700231
0.803	0.000635488
0.8031	0.000759437
0.8032	0.00071096
0.8033	0.000865555
0.8034	0.000882931
0.8035	0.000580972
0.8036	0.000621305
0.8037	0.000574977
0.8038	0.000632553
0.8039	0.000614282
0.804	0.000495544
0.8041	0.000567507
0.8042	0.000456731
0.8043	0.000540513
0.8044	0.000570484
0.8045	0.000676026
0.8046	0.000490432
0.8047	0.000554509
0.8048	0.00060152
0.8049	0.000406699
0.805	0.000609521
0.8051	0.0004826
0.8052	0.000639209
0.8053	0.000656865
0.8054	0.000634962
0.8055	0.000679233
0.8056	0.000667707
0.8057	0.000759908
0.8058	0.000477773
0.8059	0.00050903
0.806	0.000821512
0.8061	0.000632987
0.8062	0.000738628
0.8063	0.000599972
0.8064	0.000486968
0.8065	0.000457124
0.8066	0.000582587
0.8067	0.000548744
0.8068	0.00069233
0.8069	0.000503819
0.807	0.000643282
0.8071	0.000536748
0.8072	0.000691533
0.8073	0.000731876
0.8074	0.000527146
0.8075	0.000648319
0.8076	0.000869538
0.8077	0.000572339
0.8078	0.000541043
0.8079	0.000614436
0.808	0.000837323
0.8081	0.000763856
0.8082	0.000740866
0.8083	0.000604065
0.8084	0.000516071
0.8085	0.00067646
0.8086	0.000385453
0.8087	0.000640334
0.8088	0.000801408
0.8089	0.000551365
0.809	0.000481163
0.8091	0.000682389
0.8092	0.000603025
0.8093	0.000827555
0.8094	0.000549089
0.8095	0.000469984
0.8096	0.00050056
0.8097	0.000467165
0.8098	0.000826041
0.8099	0.000806749
0.81	0.000616871
0.8101	0.000542071
0.8102	0.000632994
0.8103	0.000675759
0.8104	0.000724493
0.8105	0.000464145
0.8106	0.000524803
0.8107	0.000592999
0.8108	0.000580902
0.8109	0.000531028
0.811	0.00068301
0.8111	0.000519665
0.8112	0.000551153
0.8113	0.000502086
0.8114	0.000560274
0.8115	0.000655565
0.8116	0.000587986
0.8117	0.0004474
0.8118	0.000578561
0.8119	0.000662517
0.812	0.000604885
0.8121	0.000534306
0.8122	0.00063865
0.8123	0.000604414
0.8124	0.000793886
0.8125	0.000457546
0.8126	0.000552523
0.8127	0.000542441
0.8128	0.000429061
0.8129	0.000623377
0.813	0.00070123
0.8131	0.00067733
0.8132	0.000704656
0.8133	0.000598836
0.8134	0.000593273
0.8135	0.000585019
0.8136	0.000754243
0.8137	0.00088728
0.8138	0.000493248
0.8139	0.000502166
0.814	0.000478455
0.8141	0.00051625
0.8142	0.000630076
0.8143	0.000662881
0.8144	0.000694582
0.8145	0.000697683
0.8146	0.000769614
0.8147	0.000691477
0.8148	0.000724147
0.8149	0.000707922
0.815	0.000547995
0.8151	0.000488179
0.8152	0.000537056
0.8153	0.000663093
0.8154	0.000617023
0.8155	0.000751232
0.8156	0.000552918
0.8157	0.000562875
0.8158	0.000483609
0.8159	0.000803399
0.816	0.000423191
0.8161	0.000581376
0.8162	0.000409993
0.8163	0.000518641
0.8164	0.000643727
0.8165	0.000797068
0.8166	0.000827264
0.8167	0.000598292
0.8168	0.000520865
0.8169	0.000710111
0.817	0.000589672
0.8171	0.000635591
0.8172	0.000640434
0.8173	0.000590328
0.8174	0.000611057
0.8175	0.000488724
0.8176	0.000650482
0.8177	0.000462932
0.8178	0.00065601
0.8179	0.000662704
0.818	0.000726224
0.8181	0.000572469
0.8182	0.000484053
0.8183	0.000483308
0.8184	0.000568893
0.8185	0.000472652
0.8186	0.000409881
0.8187	0.000568604
0.8188	0.000610702
0.8189	0.000531032
0.819	0.000610356
0.8191	0.000741736
0.8192	0.000669494
0.8193	0.000658946
0.8194	0.000487382
0.8195	0.000552213
0.8196	0.000664735
0.8197	0.000534556
0.8198	0.000609135
0.8199	0.000474214
0.82	0.000559137
0.8201	0.000447387
0.8202	0.000669208
0.8203	0.000381292
0.8204	0.00061461
0.8205	0.000559607
0.8206	0.000522187
0.8207	0.000468859
0.8208	0.000454809
0.8209	0.000542206
0.821	0.000537752
0.8211	0.000646664
0.8212	0.000604949
0.8213	0.000475434
0.8214	0.000635475
0.8215	0.00058429
0.8216	0.000544876
0.8217	0.000390684
0.8218	0.000523873
0.8219	0.000466249
0.822	0.000598435
0.8221	0.000589139
0.8222	0.000545057
0.8223	0.000711932
0.8224	0.000478882
0.8225	0.00037765
0.8226	0.000412464
0.8227	0.000478001
0.8228	0.000499217
0.8229	0.000512224
0.823	0.000360111
0.8231	0.000429852
0.8232	0.000464931
0.8233	0.000657668
0.8234	0.000451734
0.8235	0.000504693
0.8236	0.000694515
0.8237	0.000572358
0.8238	0.00063457
0.8239	0.000448498
0.824	0.000438328
0.8241	0.000543635
0.8242	0.000494436
0.8243	0.000461226
0.8244	0.000666842
0.8245	0.000517221
0.8246	0.000600084
0.8247	0.000586621
0.8248	0.000510411
0.8249	0.000600357
0.825	0.000560772
0.8251	0.000362416
0.8252	0.000520732
0.8253	0.000438766
0.8254	0.000508024
0.8255	0.000594373
0.8256	0.000508344
0.8257	0.000494321
0.8258	0.000489571
0.8259	0.000762228
0.826	0.00077723
0.8261	0.000432958
0.8262	0.000471347
0.8263	0.000529276
0.8264	0.000590012
0.8265	0.000586424
0.8266	0.000388196
0.8267	0.000465206
0.8268	0.000690679
0.8269	0.000762842
0.827	0.000718359
0.8271	0.000490906
0.8272	0.000493794
0.8273	0.000507513
0.8274	0.000672411
0.8275	0.000635926
0.8276	0.0005886
0.8277	0.000634694
0.8278	0.000507184
0.8279	0.000460247
0.828	0.000561958
0.8281	0.000642928
0.8282	0.00081507
0.8283	0.000550367
0.8284	0.00071487
0.8285	0.000581526
0.8286	0.000617059
0.8287	0.000596826
0.8288	0.000541272
0.8289	0.000485303
0.829	0.000544799
0.8291	0.000446987
0.8292	0.000566506
0.8293	0.000609905
0.8294	0.000562899
0.8295	0.000627858
0.8296	0.000780526
0.8297	0.000769695
0.8298	0.000769129
0.8299	0.00055012
0.83	0.000594057
0.8301	0.000747042
0.8302	0.000520367
0.8303	0.00057951
0.8304	0.000655856
0.8305	0.000585155
0.8306	0.000647252
0.8307	0.000505012
0.8308	0.000540952
0.8309	0.000484424
0.831	0.000640979
0.8311	0.000553168
0.8312	0.00072823
0.8313	0.00051722
0.8314	0.000434652
0.8315	0.000381743
0.8316	0.000526912
0.8317	0.000579597
0.8318	0.000639799
0.8319	0.000429902
0.832	0.000674759
0.8321	0.000759721
0.8322	0.000793116
0.8323	0.000623703
0.8324	0.00051252
0.8325	0.000671597
0.8326	0.000700148
0.8327	0.000694302
0.8328	0.000526567
0.8329	0.000567263
0.833	0.00054572
0.8331	0.000538855
0.8332	0.000581991
0.8333	0.000742961
0.8334	0.000569575
0.8335	0.000459048
0.8336	0.000376282
0.8337	0.000402197
0.8338	0.000566526
0.8339	0.000796615
0.834	0.000659687
0.8341	0.000574764
0.8342	0.000532662
0.8343	0.000773333
0.8344	0.000476923
0.8345	0.000726055
0.8346	0.000575734
0.8347	0.000849744
0.8348	0.00058185
0.8349	0.000655855
0.835	0.000781774
0.8351	0.000444627
0.8352	0.000514694
0.8353	0.000721122
0.8354	0.000587326
0.8355	0.000489979
0.8356	0.000371864
0.8357	0.000425174
0.8358	0.000403407
0.8359	0.000517145
0.836	0.000672897
0.8361	0.000378988
0.8362	0.000411026
0.8363	0.000712127
0.8364	0.000798461
0.8365	0.000716534
0.8366	0.0005619
0.8367	0.000884077
0.8368	0.000728302
0.8369	0.00066886
0.837	0.000624445
0.8371	0.000585065
0.8372	0.00053936
0.8373	0.000740161
0.8374	0.000605843
0.8375	0.000486303
0.8376	0.000652423
0.8377	0.000516381
0.8378	0.000463097
0.8379	0.000485589
0.838	0.000512342
0.8381	0.000596485
0.8382	0.000491819
0.8383	0.0003537
0.8384	0.000607548
0.8385	0.000462812
0.8386	0.000630989
0.8387	0.000632459
0.8388	0.000586555
0.8389	0.000646316
0.839	0.000954211
0.8391	0.000894596
0.8392	0.000567218
0.8393	0.000779783
0.8394	0.000840388
0.8395	0.000764944
0.8396	0.000476519
0.8397	0.000578495
0.8398	0.000500225
0.8399	0.00048612
0.84	0.000566844
0.8401	0.000619553
0.8402	0.000595975
0.8403	0.000412091
0.8404	0.000477767
0.8405	0.000627489
0.8406	0.000397347
0.8407	0.000524838
0.8408	0.000640714
0.8409	0.000482147
0.841	0.000767156
0.8411	0.000574412
0.8412	0.000687849
0.8413	0.000669174
0.8414	0.000777734
0.8415	0.000594351
0.8416	0.000651841
0.8417	0.000772855
0.8418	0.000786014
0.8419	0.000722919
0.842	0.000677169
0.8421	0.000440907
0.8422	0.000564491
0.8423	0.000522865
0.8424	0.00057899
0.8425	0.000653924
0.8426	0.00055811
0.8427	0.000543213
0.8428	0.000669333
0.8429	0.000721942
0.843	0.000554943
0.8431	0.000615568
0.8432	0.000724499
0.8433	0.000755942
0.8434	0.000463942
0.8435	0.000703477
0.8436	0.000480688
0.8437	0.000640347
0.8438	0.000571757
0.8439	0.000741035
0.844	0.000488957
0.8441	0.000579348
0.8442	0.000677601
0.8443	0.000585307
0.8444	0.000571277
0.8445	0.000710296
0.8446	0.00078834
0.8447	0.000474598
0.8448	0.00062758
0.8449	0.000690275
0.845	0.000719483
0.8451	0.000651047
0.8452	0.000499383
0.8453	0.000541502
0.8454	0.000612318
0.8455	0.000688624
0.8456	0.0007232
0.8457	0.000669876
0.8458	0.000804703
0.8459	0.000714394
0.846	0.000697984
0.8461	0.000712584
0.8462	0.000415401
0.8463	0.000562949
0.8464	0.000584668
0.8465	0.000529686
0.8466	0.000501729
0.8467	0.000552578
0.8468	0.000519294
0.8469	0.000635608
0.847	0.000496256
0.8471	0.000540705
0.8472	0.000615827
0.8473	0.000464275
0.8474	0.000553768
0.8475	0.000509826
0.8476	0.000510967
0.8477	0.000520677
0.8478	0.000575058
0.8479	0.00059847
0.848	0.000622945
0.8481	0.000698033
0.8482	0.000478132
0.8483	0.000768295
0.8484	0.000459001
0.8485	0.000511825
0.8486	0.000604455
0.8487	0.0005045
0.8488	0.000688639
0.8489	0.000649212
0.849	0.000732883
0.8491	0.000598466
0.8492	0.000585993
0.8493	0.000618466
0.8494	0.000820436
0.8495	0.000495477
0.8496	0.000612186
0.8497	0.00053757
0.8498	0.000420019
0.8499	0.000511169
0.85	0.000546618
0.8501	0.000753224
0.8502	0.000698364
0.8503	0.000658959
0.8504	0.000760365
0.8505	0.000542125
0.8506	0.000576045
0.8507	0.000512665
0.8508	0.000491143
0.8509	0.000487424
0.851	0.00062976
0.8511	0.000683434
0.8512	0.000672311
0.8513	0.000442641
0.8514	0.000647813
0.8515	0.000743774
0.8516	0.000582596
0.8517	0.000530646
0.8518	0.000580789
0.8519	0.000482259
0.852	0.000484307
0.8521	0.000661964
0.8522	0.00059545
0.8523	0.000810973
0.8524	0.000709026
0.8525	0.000611307
0.8526	0.00057994
0.8527	0.000630181
0.8528	0.000583894
0.8529	0.000647909
0.853	0.000453971
0.8531	0.000634552
0.8532	0.000611792
0.8533	0.000602757
0.8534	0.000578298
0.8535	0.000626245
0.8536	0.000597203
0.8537	0.000763002
0.8538	0.000418113
0.8539	0.000526239
0.854	0.000512733
0.8541	0.000585739
0.8542	0.000398684
0.8543	0.000368416
0.8544	0.000627272
0.8545	0.000540961
0.8546	0.000555306
0.8547	0.000505467
0.8548	0.000751632
0.8549	0.000513845
0.855	0.000774373
0.8551	0.00051763
0.8552	0.000607097
0.8553	0.000603283
0.8554	0.00049983
0.8555	0.000498964
0.8556	0.000454192
0.8557	0.000681802
0.8558	0.000595349
0.8559	0.000574705
0.856	0.000516958
0.8561	0.000512516
0.8562	0.000461633
0.8563	0.000620437
0.8564	0.00049272
0.8565	0.000479925
0.8566	0.000658009
0.8567	0.000474581
0.8568	0.000623437
0.8569	0.000682676
0.857	0.000501576
0.8571	0.000680299
0.8572	0.00060531
0.8573	0.000482418
0.8574	0.000498639
0.8575	0.000508918
0.8576	0.00054935
0.8577	0.000563873
0.8578	0.000603309
0.8579	0.00053743
0.858	0.000556126
0.8581	0.000491287
0.8582	0.000470243
0.8583	0.000421569
0.8584	0.000508678
0.8585	0.000460561
0.8586	0.000460277
0.8587	0.000344115
0.8588	0.000505822
0.8589	0.000473652
0.859	0.000515612
0.8591	0.000438841
0.8592	0.000538572
0.8593	0.000680333
0.8594	0.000851482
0.8595	0.000641096
0.8596	0.000425863
0.8597	0.000493276
0.8598	0.000566011
0.8599	0.000522777
0.86	0.000587503
0.8601	0.000565564
0.8602	0.000570598
0.8603	0.000572671
0.8604	0.000517249
0.8605	0.00042144
0.8606	0.000707298
0.8607	0.000423191
0.8608	0.000582761
0.8609	0.000397934
0.861	0.000507996
0.8611	0.000448769
0.8612	0.000550387
0.8613	0.000566373
0.8614	0.000531692
0.8615	0.00060768
0.8616	0.000711388
0.8617	0.000690954
0.8618	0.000451511
0.8619	0.00049654
0.862	0.000537974
0.8621	0.00054655
0.8622	0.00047655
0.8623	0.000490295
0.8624	0.00043419
0.8625	0.000704722
0.8626	0.000556586
0.8627	0.000890829
0.8628	0.000528305
0.8629	0.000600263
0.863	0.000509349
0.8631	0.000772792
0.8632	0.000511887
0.8633	0.000735855
0.8634	0.000436907
0.8635	0.000536245
0.8636	0.000454424
0.8637	0.000591657
0.8638	0.000583232
0.8639	0.000820683
0.864	0.000612269
0.8641	0.000482994
0.8642	0.000559096
0.8643	0.000555896
0.8644	0.000716198
0.8645	0.000560522
0.8646	0.000554186
0.8647	0.000480847
0.8648	0.000461489
0.8649	0.000484562
0.865	0.000675001
0.8651	0.000744679
0.8652	0.000714713
0.8653	0.000705903
0.8654	0.000644612
0.8655	0.000667403
0.8656	0.000586777
0.8657	0.000626384
0.8658	0.000655715
0.8659	0.000522889
0.866	0.000809246
0.8661	0.000571967
0.8662	0.000690833
0.8663	0.000630138
0.8664	0.000496534
0.8665	0.000483621
0.8666	0.000534177
0.8667	0.000735064
0.8668	0.000647819
0.8669	0.000659777
0.867	0.000481321
0.8671	0.000480319
0.8672	0.000445357
0.8673	0.000583599
0.8674	0.00058914
0.8675	0.000611999
0.8676	0.000455702
0.8677	0.000741318
0.8678	0.000748044
0.8679	0.000744429
0.868	0.000557561
0.8681	0.000583473
0.8682	0.000929466
0.8683	0.000617837
0.8684	0.000801385
0.8685	0.000456676
0.8686	0.000631247
0.8687	0.000582569
0.8688	0.000516056
0.8689	0.000688642
0.869	0.000737077
0.8691	0.000588859
0.8692	0.000404533
0.8693	0.000401727
0.8694	0.000433995
0.8695	0.00059328
0.8696	0.000718063
0.8697	0.000522273
0.8698	0.000661269
0.8699	0.000612782
0.87	0.00065527
0.8701	0.000533539
0.8702	0.000628534
0.8703	0.000610287
0.8704	0.000840248
0.8705	0.000645011
0.8706	0.000769209
0.8707	0.000589411
0.8708	0.000470811
0.8709	0.000460486
0.871	0.000812212
0.8711	0.000620599
0.8712	0.00054674
0.8713	0.000433156
0.8714	0.000427846
0.8715	0.000479653
0.8716	0.000432637
0.8717	0.000598511
0.8718	0.000400512
0.8719	0.000418072
0.872	0.000693474
0.8721	0.000705861
0.8722	0.000647111
0.8723	0.00069921
0.8724	0.000777836
0.8725	0.000496499
0.8726	0.000644883
0.8727	0.000609922
0.8728	0.000660522
0.8729	0.000693102
0.873	0.000852112
0.8731	0.000491265
0.8732	0.000534917
0.8733	0.000647294
0.8734	0.00055935
0.8735	0.000411093
0.8736	0.000738445
0.8737	0.000525121
0.8738	0.000521
0.8739	0.000448363
0.874	0.000334568
0.8741	0.000526527
0.8742	0.000652636
0.8743	0.000861811
0.8744	0.000731361
0.8745	0.000515341
0.8746	0.000762004
0.8747	0.00103277
0.8748	0.000586267
0.8749	0.00052155
0.875	0.00072175
0.8751	0.000701089
0.8752	0.000716923
0.8753	0.00049268
0.8754	0.000518822
0.8755	0.00049723
0.8756	0.000493597
0.8757	0.000505311
0.8758	0.000647065
0.8759	0.000640759
0.876	0.000478316
0.8761	0.000412237
0.8762	0.000711371
0.8763	0.000456816
0.8764	0.000461474
0.8765	0.000563974
0.8766	0.000493685
0.8767	0.000787162
0.8768	0.00064714
0.8769	0.000622142
0.877	0.000536204
0.8771	0.000797099
0.8772	0.000676563
0.8773	0.000702322
0.8774	0.000587109
0.8775	0.000676193
0.8776	0.000877003
0.8777	0.00051974
0.8778	0.000514058
0.8779	0.000688834
0.878	0.000516359
0.8781	0.000452077
0.8782	0.000527625
0.8783	0.000703385
0.8784	0.000740506
0.8785	0.00051467
0.8786	0.000628789
0.8787	0.000693719
0.8788	0.000637059
0.8789	0.000647163
0.879	0.000692426
0.8791	0.000672825
0.8792	0.000664913
0.8793	0.000389157
0.8794	0.000642778
0.8795	0.000811643
0.8796	0.000731617
0.8797	0.000590378
0.8798	0.000523231
0.8799	0.00052786
0.88	0.000595571
0.8801	0.000583728
0.8802	0.000674856
0.8803	0.000680181
0.8804	0.000547283
0.8805	0.000636793
0.8806	0.00059419
0.8807	0.000668926
0.8808	0.000681818
0.8809	0.000419875
0.881	0.000670302
0.8811	0.000784796
0.8812	0.000798769
0.8813	0.000747874
0.8814	0.000564629
0.8815	0.000677154
0.8816	0.000701603
0.8817	0.000761377
0.8818	0.000729354
0.8819	0.000439161
0.882	0.000601573
0.8821	0.000738837
0.8822	0.00048934
0.8823	0.00063037
0.8824	0.000485029
0.8825	0.000544263
0.8826	0.000552235
0.8827	0.000526609
0.8828	0.000652551
0.8829	0.000606358
0.883	0.00047963
0.8831	0.00057399
0.8832	0.000544175
0.8833	0.000529662
0.8834	0.00062771
0.8835	0.000510084
0.8836	0.000726138
0.8837	0.000846011
0.8838	0.000734415
0.8839	0.000591691
0.884	0.000825663
0.8841	0.000426762
0.8842	0.000563198
0.8843	0.000529004
0.8844	0.000801394
0.8845	0.000775661
0.8846	0.000610079
0.8847	0.000769733
0.8848	0.00056913
0.8849	0.000524371
0.885	0.000990193
0.8851	0.000807683
0.8852	0.000466717
0.8853	0.0005364
0.8854	0.000430259
0.8855	0.000444481
0.8856	0.000528803
0.8857	0.000628097
0.8858	0.000609124
0.8859	0.000867983
0.886	0.00066759
0.8861	0.000870407
0.8862	0.000692085
0.8863	0.000541218
0.8864	0.000488045
0.8865	0.000468087
0.8866	0.000491706
0.8867	0.000579588
0.8868	0.000538271
0.8869	0.000797535
0.887	0.000478238
0.8871	0.000705913
0.8872	0.000801045
0.8873	0.000445398
0.8874	0.000475147
0.8875	0.000681762
0.8876	0.000525766
0.8877	0.000395236
0.8878	0.000695899
0.8879	0.000731281
0.888	0.00060392
0.8881	0.000672242
0.8882	0.000574555
0.8883	0.000745677
0.8884	0.000701159
0.8885	0.000553934
0.8886	0.000638614
0.8887	0.000578223
0.8888	0.000593355
0.8889	0.000669514
0.889	0.000557915
0.8891	0.000651077
0.8892	0.000526163
0.8893	0.000630514
0.8894	0.000692482
0.8895	0.000471733
0.8896	0.000529979
0.8897	0.000450526
0.8898	0.00065542
0.8899	0.000413228
0.89	0.000427535
0.8901	0.000512577
0.8902	0.000602027
0.8903	0.000700514
0.8904	0.00062011
0.8905	0.000728636
0.8906	0.000504314
0.8907	0.000602941
0.8908	0.000541993
0.8909	0.000538995
0.891	0.000605382
0.8911	0.000555117
0.8912	0.00047018
0.8913	0.000422606
0.8914	0.000551208
0.8915	0.000582167
0.8916	0.000471245
0.8917	0.000584933
0.8918	0.000524723
0.8919	0.000539031
0.892	0.000518956
0.8921	0.000464014
0.8922	0.000456636
0.8923	0.000685232
0.8924	0.000602582
0.8925	0.000445673
0.8926	0.000582575
0.8927	0.000644045
0.8928	0.000482787
0.8929	0.000613464
0.893	0.000474892
0.8931	0.000552759
0.8932	0.000527002
0.8933	0.000584214
0.8934	0.000579077
0.8935	0.000664346
0.8936	0.000697006
0.8937	0.000561795
0.8938	0.000399788
0.8939	0.000356655
0.894	0.000444891
0.8941	0.00054066
0.8942	0.000394093
0.8943	0.000500482
0.8944	0.000355132
0.8945	0.000546851
0.8946	0.000630059
0.8947	0.000427632
0.8948	0.000495381
0.8949	0.000600406
0.895	0.000627519
0.8951	0.000874919
0.8952	0.000563306
0.8953	0.000433042
0.8954	0.000517095
0.8955	0.000529928
0.8956	0.000551404
0.8957	0.000598892
0.8958	0.000468133
0.8959	0.000539754
0.896	0.000496124
0.8961	0.000590329
0.8962	0.000499936
0.8963	0.000619106
0.8964	0.000448844
0.8965	0.0004793
0.8966	0.000433737
0.8967	0.000544318
0.8968	0.000577576
0.8969	0.000427025
0.897	0.000572733
0.8971	0.00059874
0.8972	0.000783631
0.8973	0.000747012
0.8974	0.000612855
0.8975	0.00050786
0.8976	0.000442748
0.8977	0.000585106
0.8978	0.000621655
0.8979	0.000416518
0.898	0.000512903
0.8981	0.000533371
0.8982	0.00077702
0.8983	0.000672535
0.8984	0.000652477
0.8985	0.000519181
0.8986	0.000504974
0.8987	0.000465673
0.8988	0.000627426
0.8989	0.000614829
0.899	0.00073408
0.8991	0.000391819
0.8992	0.000445818
0.8993	0.000408135
0.8994	0.000544516
0.8995	0.000510032
0.8996	0.000660619
0.8997	0.000657739
0.8998	0.000521602
0.8999	0.000528066
0.9	0.000537476
0.9001	0.00061894
0.9002	0.000637444
0.9003	0.000471459
0.9004	0.000485593
0.9005	0.00051642
0.9006	0.000576098
0.9007	0.000498305
0.9008	0.000635524
0.9009	0.000678084
0.901	0.000740611
0.9011	0.000696572
0.9012	0.000701644
0.9013	0.000662166
0.9014	0.00066363
0.9015	0.000675504
0.9016	0.000503552
0.9017	0.000590817
0.9018	0.000714902
0.9019	0.00054933
0.902	0.000582161
0.9021	0.000450882
0.9022	0.000557719
0.9023	0.000516641
0.9024	0.000632443
0.9025	0.000576046
0.9026	0.000711108
0.9027	0.000472379
0.9028	0.000465542
0.9029	0.000451174
0.903	0.000598164
0.9031	0.000527028
0.9032	0.000642221
0.9033	0.000480384
0.9034	0.000725534
0.9035	0.000747171
0.9036	0.000742339
0.9037	0.000587791
0.9038	0.000679959
0.9039	0.000724299
0.904	0.000525092
0.9041	0.000750859
0.9042	0.000439907
0.9043	0.000634006
0.9044	0.000559966
0.9045	0.000522823
0.9046	0.000593837
0.9047	0.000831766
0.9048	0.000598698
0.9049	0.000453182
0.905	0.000342252
0.9051	0.000453272
0.9052	0.000605701
0.9053	0.000668647
0.9054	0.000531456
0.9055	0.000556316
0.9056	0.00067211
0.9057	0.000687373
0.9058	0.000747486
0.9059	0.000587429
0.906	0.000761155
0.9061	0.000779138
0.9062	0.000781604
0.9063	0.000710565
0.9064	0.000701831
0.9065	0.000589715
0.9066	0.000565884
0.9067	0.000576142
0.9068	0.000514447
0.9069	0.000569359
0.907	0.000434539
0.9071	0.000462423
0.9072	0.000573644
0.9073	0.000443187
0.9074	0.000641565
0.9075	0.000439272
0.9076	0.00057004
0.9077	0.000889619
0.9078	0.000760248
0.9079	0.000574296
0.908	0.000688197
0.9081	0.000779239
0.9082	0.000639682
0.9083	0.000779363
0.9084	0.000468074
0.9085	0.000802036
0.9086	0.000668814
0.9087	0.000652965
0.9088	0.000751154
0.9089	0.000596431
0.909	0.000495853
0.9091	0.000773713
0.9092	0.000556617
0.9093	0.000474369
0.9094	0.000470629
0.9095	0.000473338
0.9096	0.000384341
0.9097	0.000383306
0.9098	0.000468605
0.9099	0.000617545
0.91	0.000632111
0.9101	0.000520499
0.9102	0.000586557
0.9103	0.000738098
0.9104	0.00100937
0.9105	0.00079676
0.9106	0.000656568
0.9107	0.000661881
0.9108	0.000718932
0.9109	0.000776272
0.911	0.000440148
0.9111	0.00048796
0.9112	0.000531015
0.9113	0.000542588
0.9114	0.000505073
0.9115	0.000608059
0.9116	0.000642272
0.9117	0.000541484
0.9118	0.000603159
0.9119	0.000411139
0.912	0.000552844
0.9121	0.000555309
0.9122	0.000539597
0.9123	0.000501664
0.9124	0.000713817
0.9125	0.000762013
0.9126	0.00046223
0.9127	0.00062801
0.9128	0.000749972
0.9129	0.000536468
0.913	0.000717827
0.9131	0.000636145
0.9132	0.000716135
0.9133	0.000655508
0.9134	0.000563922
0.9135	0.000484924
0.9136	0.000628935
0.9137	0.000544614
0.9138	0.000526773
0.9139	0.000517413
0.914	0.000638809
0.9141	0.000680023
0.9142	0.000692673
0.9143	0.000687898
0.9144	0.00063898
0.9145	0.000742409
0.9146	0.000703627
0.9147	0.000546428
0.9148	0.000540656
0.9149	0.00067411
0.915	0.000444
0.9151	0.000559555
0.9152	0.000748117
0.9153	0.000628961
0.9154	0.0005025
0.9155	0.000566005
0.9156	0.000495791
0.9157	0.000619005
0.9158	0.000720776
0.9159	0.000668307
0.916	0.000692257
0.9161	0.000669721
0.9162	0.000631872
0.9163	0.00059154
0.9164	0.000575947
0.9165	0.000546047
0.9166	0.000429921
0.9167	0.000637066
0.9168	0.000774135
0.9169	0.00067447
0.917	0.00074091
0.9171	0.000534259
0.9172	0.00052212
0.9173	0.000672557
0.9174	0.000775053
0.9175	0.000597321
0.9176	0.000479644
0.9177	0.000559374
0.9178	0.000693829
0.9179	0.000542953
0.918	0.000481967
0.9181	0.00062063
0.9182	0.000519645
0.9183	0.000594155
0.9184	0.000605342
0.9185	0.000638587
0.9186	0.000513292
0.9187	0.000457093
0.9188	0.000556093
0.9189	0.000576264
0.919	0.000503586
0.9191	0.000635323
0.9192	0.000560576
0.9193	0.000516976
0.9194	0.00078458
0.9195	0.000712524
0.9196	0.000560634
0.9197	0.000667305
0.9198	0.000437477
0.9199	0.000540594
0.92	0.00050458
0.9201	0.000838117
0.9202	0.000620749
0.9203	0.000540411
0.9204	0.000704159
0.9205	0.000545943
0.9206	0.000510243
0.9207	0.000776318
0.9208	0.000716687
0.9209	0.000544307
0.921	0.000502001
0.9211	0.00039371
0.9212	0.000486465
0.9213	0.000636795
0.9214	0.000780686
0.9215	0.000788586
0.9216	0.000821441
0.9217	0.000578563
0.9218	0.00069121
0.9219	0.000579727
0.922	0.000679744
0.9221	0.000460627
0.9222	0.000509057
0.9223	0.000541492
0.9224	0.000522558
0.9225	0.000665654
0.9226	0.000746428
0.9227	0.000499985
0.9228	0.000476035
0.9229	0.00074975
0.923	0.000487739
0.9231	0.000519239
0.9232	0.000465774
0.9233	0.00049804
0.9234	0.000622928
0.9235	0.00062089
0.9236	0.00079493
0.9237	0.000672296
0.9238	0.000680084
0.9239	0.000696247
0.924	0.000730212
0.9241	0.00069492
0.9242	0.000394419
0.9243	0.000603907
0.9244	0.000673789
0.9245	0.000549732
0.9246	0.000855346
0.9247	0.000499444
0.9248	0.000482724
0.9249	0.000564005
0.925	0.000650492
0.9251	0.000575029
0.9252	0.000462102
0.9253	0.000487998
0.9254	0.000419491
0.9255	0.000486223
0.9256	0.000451518
0.9257	0.00048197
0.9258	0.000477455
0.9259	0.00054846
0.926	0.000688739
0.9261	0.000615883
0.9262	0.000768319
0.9263	0.000741545
0.9264	0.000460903
0.9265	0.000467681
0.9266	0.000515129
0.9267	0.000649337
0.9268	0.000615557
0.9269	0.0006804
0.927	0.00049972
0.9271	0.000542694
0.9272	0.000628842
0.9273	0.000524671
0.9274	0.000625274
0.9275	0.000448156
0.9276	0.000530564
0.9277	0.000521564
0.9278	0.000379346
0.9279	0.000523304
0.928	0.000556705
0.9281	0.000606737
0.9282	0.000501336
0.9283	0.000472875
0.9284	0.000636979
0.9285	0.000581429
0.9286	0.000549134
0.9287	0.000443022
0.9288	0.000549617
0.9289	0.000520905
0.929	0.00064491
0.9291	0.000551554
0.9292	0.000661418
0.9293	0.000784841
0.9294	0.00049809
0.9295	0.000408574
0.9296	0.000371071
0.9297	0.000412006
0.9298	0.000536177
0.9299	0.000491118
0.93	0.00039608
0.9301	0.000422627
0.9302	0.000594138
0.9303	0.000686452
0.9304	0.0003615
0.9305	0.000483733
0.9306	0.000736395
0.9307	0.000872873
0.9308	0.000745536
0.9309	0.000409398
0.931	0.000495317
0.9311	0.000576212
0.9312	0.000451705
0.9313	0.000464063
0.9314	0.00071656
0.9315	0.000462468
0.9316	0.000735514
0.9317	0.000563856
0.9318	0.000391514
0.9319	0.000410806
0.932	0.000805682
0.9321	0.000416603
0.9322	0.000476303
0.9323	0.000419793
0.9324	0.000602466
0.9325	0.000633012
0.9326	0.000377789
0.9327	0.000555453
0.9328	0.000493802
0.9329	0.000592393
0.933	0.000704721
0.9331	0.000564664
0.9332	0.00051461
0.9333	0.000645143
0.9334	0.000543701
0.9335	0.000548534
0.9336	0.00041976
0.9337	0.000581925
0.9338	0.00049556
0.9339	0.000731692
0.934	0.000522065
0.9341	0.000635108
0.9342	0.00047526
0.9343	0.000446183
0.9344	0.000558145
0.9345	0.000652362
0.9346	0.00063411
0.9347	0.000645606
0.9348	0.000476381
0.9349	0.000446169
0.935	0.000574458
0.9351	0.00064868
0.9352	0.000634007
0.9353	0.00073252
0.9354	0.000629869
0.9355	0.00066249
0.9356	0.000648552
0.9357	0.000533347
0.9358	0.000651157
0.9359	0.000505709
0.936	0.000506877
0.9361	0.000455181
0.9362	0.000450406
0.9363	0.000466106
0.9364	0.000582094
0.9365	0.000629593
0.9366	0.000742796
0.9367	0.000706659
0.9368	0.000640992
0.9369	0.000589748
0.937	0.000727661
0.9371	0.000660956
0.9372	0.000557153
0.9373	0.000455415
0.9374	0.000763616
0.9375	0.000573988
0.9376	0.000565385
0.9377	0.000519229
0.9378	0.000477058
0.9379	0.000504991
0.938	0.000642787
0.9381	0.000631254
0.9382	0.000623476
0.9383	0.000610351
0.9384	0.000470009
0.9385	0.000465292
0.9386	0.000507638
0.9387	0.00054814
0.9388	0.000601686
0.9389	0.000731374
0.939	0.00052268
0.9391	0.000883076
0.9392	0.000731131
0.9393	0.000624869
0.9394	0.000589512
0.9395	0.000620207
0.9396	0.000860818
0.9397	0.000727354
0.9398	0.000508693
0.9399	0.000484159
0.94	0.000593077
0.9401	0.000494217
0.9402	0.000480009
0.9403	0.000543104
0.9404	0.000578497
0.9405	0.000581011
0.9406	0.00039745
0.9407	0.000404691
0.9408	0.000437727
0.9409	0.00059623
0.941	0.000611491
0.9411	0.000565318
0.9412	0.000547556
0.9413	0.00087909
0.9414	0.000635919
0.9415	0.000795317
0.9416	0.000595535
0.9417	0.000757898
0.9418	0.000672627
0.9419	0.000676286
0.942	0.000742233
0.9421	0.000493258
0.9422	0.000468583
0.9423	0.000702436
0.9424	0.000511728
0.9425	0.000639623
0.9426	0.00038779
0.9427	0.000406821
0.9428	0.000481329
0.9429	0.00055247
0.943	0.000435135
0.9431	0.000465115
0.9432	0.00047186
0.9433	0.000606785
0.9434	0.000818124
0.9435	0.000605361
0.9436	0.000596302
0.9437	0.000760136
0.9438	0.000765356
0.9439	0.000684397
0.944	0.000704124
0.9441	0.000628275
0.9442	0.00066434
0.9443	0.000577914
0.9444	0.000672425
0.9445	0.000512022
0.9446	0.00068872
0.9447	0.000461239
0.9448	0.000523228
0.9449	0.000483868
0.945	0.000500578
0.9451	0.000474409
0.9452	0.000321761
0.9453	0.000336307
0.9454	0.000477638
0.9455	0.000631237
0.9456	0.00073563
0.9457	0.000686414
0.9458	0.000496104
0.9459	0.000774495
0.946	0.000796392
0.9461	0.0010856
0.9462	0.00066939
0.9463	0.000546062
0.9464	0.000618932
0.9465	0.000674712
0.9466	0.000588789
0.9467	0.000577522
0.9468	0.000464738
0.9469	0.000443529
0.947	0.000556481
0.9471	0.00050045
0.9472	0.000549537
0.9473	0.000523966
0.9474	0.000497835
0.9475	0.000613647
0.9476	0.000444769
0.9477	0.000533127
0.9478	0.000685261
0.9479	0.000541796
0.948	0.000732278
0.9481	0.000552478
0.9482	0.000653279
0.9483	0.000646648
0.9484	0.000649371
0.9485	0.000582123
0.9486	0.000751708
0.9487	0.000716382
0.9488	0.000513685
0.9489	0.000691809
0.949	0.000677437
0.9491	0.000629463
0.9492	0.000501326
0.9493	0.000574849
0.9494	0.00067176
0.9495	0.000653895
0.9496	0.000481935
0.9497	0.000661757
0.9498	0.000616408
0.9499	0.000647213
0.95	0.000612951
0.9501	0.000495429
0.9502	0.000723716
0.9503	0.000724655
0.9504	0.000713202
0.9505	0.00054672
0.9506	0.000626816
0.9507	0.000637109
0.9508	0.000814113
0.9509	0.000863611
0.951	0.000654363
0.9511	0.000540136
0.9512	0.000667206
0.9513	0.000453981
0.9514	0.000664185
0.9515	0.000547198
0.9516	0.000737628
0.9517	0.000715735
0.9518	0.000740517
0.9519	0.000554433
0.952	0.000598075
0.9521	0.000530283
0.9522	0.000529911
0.9523	0.000457122
0.9524	0.000707504
0.9525	0.000851365
0.9526	0.000733313
0.9527	0.000634065
0.9528	0.000594719
0.9529	0.000691231
0.953	0.000642182
0.9531	0.000780569
0.9532	0.000613987
0.9533	0.000466171
0.9534	0.000537824
0.9535	0.000610304
0.9536	0.000581173
0.9537	0.000668306
0.9538	0.000552093
0.9539	0.000605676
0.954	0.000533808
0.9541	0.000556659
0.9542	0.000618298
0.9543	0.000684503
0.9544	0.000549502
0.9545	0.000654835
0.9546	0.000687577
0.9547	0.00054296
0.9548	0.000669398
0.9549	0.000622926
0.955	0.000503681
0.9551	0.00058698
0.9552	0.000655093
0.9553	0.000588913
0.9554	0.000722607
0.9555	0.00049092
0.9556	0.000606927
0.9557	0.000549055
0.9558	0.000567049
0.9559	0.000702435
0.956	0.000506245
0.9561	0.000694341
0.9562	0.000586885
0.9563	0.000607859
0.9564	0.00100218
0.9565	0.000588287
0.9566	0.000480746
0.9567	0.000526311
0.9568	0.000467896
0.9569	0.000598161
0.957	0.000726758
0.9571	0.000721434
0.9572	0.00071214
0.9573	0.000615866
0.9574	0.000843455
0.9575	0.000606272
0.9576	0.000593352
0.9577	0.000651228
0.9578	0.000471762
0.9579	0.000540034
0.958	0.000507741
0.9581	0.000533949
0.9582	0.000613397
0.9583	0.000631227
0.9584	0.000544066
0.9585	0.000645997
0.9586	0.000735068
0.9587	0.00046155
0.9588	0.000516704
0.9589	0.000405847
0.959	0.000593042
0.9591	0.000527447
0.9592	0.000768145
0.9593	0.000744083
0.9594	0.00070765
0.9595	0.000640156
0.9596	0.000580041
0.9597	0.000698513
0.9598	0.000700569
0.9599	0.000602368
0.96	0.000466622
0.9601	0.000653058
0.9602	0.000565939
0.9603	0.000642915
0.9604	0.000471222
0.9605	0.00071351
0.9606	0.000539778
0.9607	0.000537694
0.9608	0.000610186
0.9609	0.000426918
0.961	0.000635329
0.9611	0.000404029
0.9612	0.000473593
0.9613	0.000401455
0.9614	0.000438467
0.9615	0.000506518
0.9616	0.000560573
0.9617	0.000681212
0.9618	0.000599004
0.9619	0.000775655
0.962	0.000533443
0.9621	0.00049388
0.9622	0.000571232
0.9623	0.000530531
0.9624	0.000494056
0.9625	0.00055066
0.9626	0.000630895
0.9627	0.000515098
0.9628	0.000544843
0.9629	0.00070303
0.963	0.000376817
0.9631	0.000475413
0.9632	0.000574617
0.9633	0.000536656
0.9634	0.000423383
0.9635	0.000477497
0.9636	0.000452858
0.9637	0.000568527
0.9638	0.000577438
0.9639	0.000522468
0.964	0.000398777
0.9641	0.000590974
0.9642	0.000605939
0.9643	0.000569433
0.9644	0.00042753
0.9645	0.000602488
0.9646	0.000498332
0.9647	0.00067612
0.9648	0.000527009
0.9649	0.000642431
0.965	0.000739733
0.9651	0.00049619
0.9652	0.00041554
0.9653	0.000451528
0.9654	0.000495336
0.9655	0.000399622
0.9656	0.000411223
0.9657	0.00040423
0.9658	0.000386591
0.9659	0.000500894
0.966	0.000720659
0.9661	0.000465601
0.9662	0.000491327
0.9663	0.000653813
0.9664	0.000814081
0.9665	0.000747735
0.9666	0.000623225
0.9667	0.000434079
0.9668	0.000478825
0.9669	0.000452817
0.967	0.000457824
0.9671	0.000556397
0.9672	0.000449837
0.9673	0.000649663
0.9674	0.000605012
0.9675	0.000538718
0.9676	0.000599163
0.9677	0.000510241
0.9678	0.000463465
0.9679	0.000531584
0.968	0.000455096
0.9681	0.00052308
0.9682	0.000594924
0.9683	0.000391603
0.9684	0.000524311
0.9685	0.000557699
0.9686	0.000661546
0.9687	0.000609296
0.9688	0.000535258
0.9689	0.000487113
0.969	0.000641718
0.9691	0.000506424
0.9692	0.000659137
0.9693	0.000403648
0.9694	0.000500211
0.9695	0.000596414
0.9696	0.000734725
0.9697	0.000690732
0.9698	0.00058048
0.9699	0.000530104
0.97	0.000490186
0.9701	0.000603219
0.9702	0.000618739
0.9703	0.000672859
0.9704	0.000612568
0.9705	0.000518604
0.9706	0.000474272
0.9707	0.00059985
0.9708	0.000750529
0.9709	0.000650897
0.971	0.000589127
0.9711	0.000659869
0.9712	0.000683282
0.9713	0.000722857
0.9714	0.000614856
0.9715	0.000711479
0.9716	0.000537244
0.9717	0.000543224
0.9718	0.00044856
0.9719	0.00048822
0.972	0.00057251
0.9721	0.000537955
0.9722	0.000552095
0.9723	0.000799174
0.9724	0.000664932
0.9725	0.000743701
0.9726	0.00060913
0.9727	0.00070522
0.9728	0.000740687
0.9729	0.000563092
0.973	0.000531815
0.9731	0.000709285
0.9732	0.00066508
0.9733	0.000571675
0.9734	0.000480664
0.9735	0.000570965
0.9736	0.000493494
0.9737	0.000638334
0.9738	0.000597193
0.9739	0.000583844
0.974	0.00057566
0.9741	0.000485193
0.9742	0.000533681
0.9743	0.000516
0.9744	0.000521311
0.9745	0.000573482
0.9746	0.000631997
0.9747	0.000626154
0.9748	0.000649759
0.9749	0.000644208
0.975	0.00075899
0.9751	0.000504833
0.9752	0.000654446
0.9753	0.000919652
0.9754	0.000798082
0.9755	0.000507701
0.9756	0.000501406
0.9757	0.000556119
0.9758	0.000480007
0.9759	0.000557536
0.976	0.000592331
0.9761	0.000571863
0.9762	0.000441994
0.9763	0.000392199
0.9764	0.00038063
0.9765	0.00047483
0.9766	0.000608995
0.9767	0.00060477
0.9768	0.000683107
0.9769	0.000474197
0.977	0.000724447
0.9771	0.000548592
0.9772	0.000753424
0.9773	0.000578626
0.9774	0.000693682
0.9775	0.000686561
0.9776	0.000654254
0.9777	0.000825153
0.9778	0.000478951
0.9779	0.000523727
0.978	0.000764364
0.9781	0.000478854
0.9782	0.000527643
0.9783	0.000436199
0.9784	0.000409673
0.9785	0.000505062
0.9786	0.000549176
0.9787	0.000562301
0.9788	0.000447948
0.9789	0.000407579
0.979	0.000561377
0.9791	0.000851419
0.9792	0.000722824
0.9793	0.000662837
0.9794	0.000712058
0.9795	0.000733524
0.9796	0.000773919
0.9797	0.000555023
0.9798	0.000617771
0.9799	0.000699396
0.98	0.00065333
0.9801	0.000738495
0.9802	0.000550999
0.9803	0.000591719
0.9804	0.000465331
0.9805	0.000424924
0.9806	0.000526366
0.9807	0.00079664
0.9808	0.000600207
0.9809	0.000518628
0.981	0.000350388
0.9811	0.000438476
0.9812	0.000502951
0.9813	0.000654804
0.9814	0.000689748
0.9815	0.000459673
0.9816	0.000682778
0.9817	0.000795709
0.9818	0.000734456
0.9819	0.000544233
0.982	0.000520528
0.9821	0.000678327
0.9822	0.000690809
0.9823	0.000520821
0.9824	0.000545724
0.9825	0.000488537
0.9826	0.000438294
0.9827	0.000548656
0.9828	0.000615169
0.9829	0.000732967
0.983	0.000538795
0.9831	0.000529746
0.9832	0.000600523
0.9833	0.000399269
0.9834	0.000512244
0.9835	0.000614319
0.9836	0.000586753
0.9837	0.000704411
0.9838	0.000556983
0.9839	0.000650409
0.984	0.000671005
0.9841	0.000650385
0.9842	0.000611457
0.9843	0.000701757
0.9844	0.000706141
0.9845	0.000645099
0.9846	0.000658312
0.9847	0.000543417
0.9848	0.00048135
0.9849	0.000559016
0.985	0.000473584
0.9851	0.000666508
0.9852	0.000589785
0.9853	0.000511809
0.9854	0.000645086
0.9855	0.000650236
0.9856	0.000643079
0.9857	0.000592617
0.9858	0.000508886
0.9859	0.000746791
0.986	0.000812472
0.9861	0.000571739
0.9862	0.000537284
0.9863	0.000602325
0.9864	0.000804116
0.9865	0.000766568
0.9866	0.000628689
0.9867	0.000605072
0.9868	0.000572938
0.9869	0.000665879
0.987	0.00046027
0.9871	0.000548954
0.9872	0.000753252
0.9873	0.000583023
0.9874	0.000514823
0.9875	0.000679128
0.9876	0.000559576
0.9877	0.000643719
0.9878	0.000536311
0.9879	0.000482814
0.988	0.000507548
0.9881	0.000485629
0.9882	0.000692259
0.9883	0.000778645
0.9884	0.000558931
0.9885	0.000612421
0.9886	0.000731826
0.9887	0.000763149
0.9888	0.000848342
0.9889	0.000425756
0.989	0.000550417
0.9891	0.000560289
0.9892	0.000613018
0.9893	0.000553444
0.9894	0.000492457
0.9895	0.000620705
0.9896	0.000607307
0.9897	0.000665585
0.9898	0.000606924
0.9899	0.000766911
0.99	0.000628432
0.9901	0.000543032
0.9902	0.000637025
0.9903	0.000581951
0.9904	0.000500849
0.9905	0.00054321
0.9906	0.000740984
0.9907	0.000594429
0.9908	0.000691364
0.9909	0.000614027
0.991	0.00064604
0.9911	0.000529704
0.9912	0.000500263
0.9913	0.000578882
0.9914	0.000699246
0.9915	0.000758381
0.9916	0.000652178
0.9917	0.000619173
0.9918	0.000675381
0.9919	0.000508652
0.992	0.000542911
0.9921	0.00104554
0.9922	0.000469528
0.9923	0.000485686
0.9924	0.000504939
0.9925	0.000546335
0.9926	0.000489796
0.9927	0.00059449
0.9928	0.000824057
0.9929	0.000684542
0.993	0.000699556
0.9931	0.000859303
0.9932	0.000796059
0.9933	0.000657421
0.9934	0.000604017
0.9935	0.000437085
0.9936	0.000486135
0.9937	0.000664488
0.9938	0.000535378
0.9939	0.000559549
0.994	0.000595174
0.9941	0.000607623
0.9942	0.00050928
0.9943	0.000733437
0.9944	0.000515014
0.9945	0.000563004
0.9946	0.000428524
0.9947	0.000473573
0.9948	0.000618458
0.9949	0.00074131
0.995	0.000872815
0.9951	0.000679418
0.9952	0.000565966
0.9953	0.00077123
0.9954	0.000513413
0.9955	0.000645092
0.9956	0.000603712
0.9957	0.000544168
0.9958	0.000670739
0.9959	0.000677034
0.996	0.000731541
0.9961	0.000641566
0.9962	0.000607971
0.9963	0.000693453
0.9964	0.000745369
0.9965	0.000438719
0.9966	0.000504737
0.9967	0.000524043
0.9968	0.000593109
0.9969	0.000352371
0.997	0.00043044
0.9971	0.000524585
0.9972	0.000485826
0.9973	0.00054009
0.9974	0.000684512
0.9975	0.00066356
0.9976	0.000682053
0.9977	0.000728664
0.9978	0.000495535
0.9979	0.000610995
0.998	0.00066178
0.9981	0.000485648
0.9982	0.000456321
0.9983	0.000576815
0.9984	0.00053454
0.9985	0.000483232
0.9986	0.000638585
0.9987	0.00039035
0.9988	0.000579595
0.9989	0.000535727
0.999	0.000525702
0.9991	0.000506354
0.9992	0.00039022
0.9993	0.000553591
0.9994	0.000621394
0.9995	0.000617057
0.9996	0.000592909
0.9997	0.000431841
0.9998	0.000695721
0.9999	0.00061643
1	0.000562229
1.0001	0.000372694
1.0002	0.000561558
1.0003	0.000409436
1.0004	0.00070601
1.0005	0.000508009
1.0006	0.000498156
1.0007	0.000699007
1.0008	0.000448314
1.0009	0.000367731
1.001	0.000411691
1.0011	0.000516414
1.0012	0.000472428
1.0013	0.000513752
1.0014	0.000420095
1.0015	0.000402375
1.0016	0.000601677
1.0017	0.000666941
1.0018	0.000546929
1.0019	0.000566578
1.002	0.000771219
1.0021	0.000553263
1.0022	0.000594331
1.0023	0.000429007
1.0024	0.000465124
1.0025	0.000519832
1.0026	0.000449785
1.0027	0.000414373
1.0028	0.000663471
1.0029	0.000465129
1.003	0.000596282
1.0031	0.000571195
1.0032	0.000552149
1.0033	0.00059089
1.0034	0.000501899
1.0035	0.000374736
1.0036	0.000497856
1.0037	0.000370691
1.0038	0.000504353
1.0039	0.000656817
1.004	0.00038348
1.0041	0.000545088
1.0042	0.000500933
1.0043	0.000659372
1.0044	0.000587746
1.0045	0.000433042
1.0046	0.000542759
1.0047	0.000633932
1.0048	0.000630243
1.0049	0.000531506
1.005	0.000446864
1.0051	0.000480178
1.0052	0.000694063
1.0053	0.000758427
1.0054	0.000719944
1.0055	0.000600543
1.0056	0.000552822
1.0057	0.000506327
1.0058	0.000668911
1.0059	0.00060423
1.006	0.000646214
1.0061	0.000661823
1.0062	0.000544351
1.0063	0.000441289
1.0064	0.000567024
1.0065	0.000685479
1.0066	0.000692958
1.0067	0.000512175
1.0068	0.000668251
1.0069	0.000619916
1.007	0.000620712
1.0071	0.000514222
1.0072	0.000584055
1.0073	0.000477641
1.0074	0.000531044
1.0075	0.000524374
1.0076	0.000533474
1.0077	0.000590063
1.0078	0.000528592
1.0079	0.000624151
1.008	0.000655073
1.0081	0.000591625
1.0082	0.000678883
1.0083	0.000507988
1.0084	0.000699991
1.0085	0.000777325
1.0086	0.000641376
1.0087	0.00058164
1.0088	0.000649993
1.0089	0.000522609
1.009	0.000565102
1.0091	0.000516401
1.0092	0.00057927
1.0093	0.00045277
1.0094	0.000632847
1.0095	0.000585721
1.0096	0.00051733
1.0097	0.000548528
1.0098	0.000515926
1.0099	0.000426003
1.01	0.000548359
1.0101	0.000559795
1.0102	0.000533032
1.0103	0.000582698
1.0104	0.000620103
1.0105	0.000730155
1.0106	0.000789981
1.0107	0.00060405
1.0108	0.000405872
1.0109	0.000788415
1.011	0.000916948
1.0111	0.000844558
1.0112	0.000442202
1.0113	0.000581168
1.0114	0.000525831
1.0115	0.000438938
1.0116	0.000657972
1.0117	0.000745118
1.0118	0.000502301
1.0119	0.000496981
1.012	0.000417291
1.0121	0.000379808
1.0122	0.00053996
1.0123	0.000759595
1.0124	0.000491911
1.0125	0.000829105
1.0126	0.000494671
1.0127	0.000833688
1.0128	0.000493184
1.0129	0.00079547
1.013	0.000630442
1.0131	0.000824117
1.0132	0.000510886
1.0133	0.000708069
1.0134	0.000825751
1.0135	0.000448506
1.0136	0.000582281
1.0137	0.000839927
1.0138	0.000458972
1.0139	0.00053006
1.014	0.000382501
1.0141	0.000392517
1.0142	0.000492499
1.0143	0.000594776
1.0144	0.000663366
1.0145	0.000407616
1.0146	0.000459272
1.0147	0.000752948
1.0148	0.000754103
1.0149	0.000608481
1.015	0.000735597
1.0151	0.000716348
1.0152	0.00086626
1.0153	0.000645008
1.0154	0.000664789
1.0155	0.000587898
1.0156	0.000616404
1.0157	0.000666539
1.0158	0.000672699
1.0159	0.000574581
1.016	0.000705628
1.0161	0.000540222
1.0162	0.000481885
1.0163	0.000483299
1.0164	0.000585142
1.0165	0.000594359
1.0166	0.000484701
1.0167	0.000346795
1.0168	0.000512354
1.0169	0.00049957
1.017	0.000575361
1.0171	0.000667841
1.0172	0.000577869
1.0173	0.00063808
1.0174	0.000807187
1.0175	0.000860372
1.0176	0.000589381
1.0177	0.000759347
1.0178	0.000700693
1.0179	0.000676009
1.018	0.000601269
1.0181	0.000589938
1.0182	0.000549022
1.0183	0.000376194
1.0184	0.00057276
1.0185	0.000653507
1.0186	0.000604277
1.0187	0.000405746
1.0188	0.000469385
1.0189	0.000683132
1.019	0.000442218
1.0191	0.000466148
1.0192	0.000615106
1.0193	0.000545861
1.0194	0.00075215
1.0195	0.000483102
1.0196	0.000668089
1.0197	0.000637108
1.0198	0.00061386
1.0199	0.00052565
1.02	0.000699036
1.0201	0.000745449
1.0202	0.000807722
1.0203	0.000708453
1.0204	0.000615498
1.0205	0.000483964
1.0206	0.000535687
1.0207	0.000453181
1.0208	0.000525052
1.0209	0.000636283
1.021	0.000542265
1.0211	0.000621367
1.0212	0.000569088
1.0213	0.000629986
1.0214	0.000542
1.0215	0.000581145
1.0216	0.00080705
1.0217	0.000732839
1.0218	0.000529489
1.0219	0.000521741
1.022	0.000636801
1.0221	0.000670355
1.0222	0.00066784
1.0223	0.000614957
1.0224	0.000576835
1.0225	0.000507652
1.0226	0.000608379
1.0227	0.000588687
1.0228	0.000625646
1.0229	0.000692898
1.023	0.00055782
1.0231	0.000543982
1.0232	0.000705387
1.0233	0.000516137
1.0234	0.00069318
1.0235	0.000656981
1.0236	0.000458198
1.0237	0.000532224
1.0238	0.000561038
1.0239	0.000672714
1.024	0.000817154
1.0241	0.000596137
1.0242	0.000609425
1.0243	0.000766789
1.0244	0.000719249
1.0245	0.000785068
1.0246	0.00041824
1.0247	0.000580329
1.0248	0.000708588
1.0249	0.000552031
1.025	0.000595591
1.0251	0.000653095
1.0252	0.000524975
1.0253	0.000548152
1.0254	0.000636314
1.0255	0.000506855
1.0256	0.000617842
1.0257	0.000529579
1.0258	0.000413686
1.0259	0.00050003
1.026	0.000536886
1.0261	0.000503226
1.0262	0.00062755
1.0263	0.000615072
1.0264	0.000558471
1.0265	0.000711241
1.0266	0.000526889
1.0267	0.000697453
1.0268	0.000499518
1.0269	0.000416419
1.027	0.000589484
1.0271	0.000608032
1.0272	0.000609701
1.0273	0.000604929
1.0274	0.000518346
1.0275	0.000728523
1.0276	0.00051976
1.0277	0.000594986
1.0278	0.000901319
1.0279	0.000487233
1.028	0.000420381
1.0281	0.000502046
1.0282	0.00039325
1.0283	0.000521183
1.0284	0.000619675
1.0285	0.000773527
1.0286	0.000782049
1.0287	0.000653708
1.0288	0.000731092
1.0289	0.000592508
1.029	0.000534647
1.0291	0.00046344
1.0292	0.000468643
1.0293	0.000520236
1.0294	0.000556773
1.0295	0.000614832
1.0296	0.00058148
1.0297	0.000427389
1.0298	0.00062745
1.0299	0.000557207
1.03	0.000706264
1.0301	0.000510863
1.0302	0.000668809
1.0303	0.000395817
1.0304	0.000425815
1.0305	0.00066725
1.0306	0.000603835
1.0307	0.000818017
1.0308	0.000688817
1.0309	0.000598529
1.031	0.000543675
1.0311	0.000582158
1.0312	0.000628719
1.0313	0.000596993
1.0314	0.0004574
1.0315	0.000749031
1.0316	0.000685012
1.0317	0.000596183
1.0318	0.000551518
1.0319	0.000711684
1.032	0.000649612
1.0321	0.000769327
1.0322	0.000414554
1.0323	0.000498364
1.0324	0.000501778
1.0325	0.000567408
1.0326	0.000454289
1.0327	0.000393713
1.0328	0.000515914
1.0329	0.000468774
1.033	0.000470962
1.0331	0.000611735
1.0332	0.000731061
1.0333	0.000554711
1.0334	0.000653391
1.0335	0.000454756
1.0336	0.00064523
1.0337	0.000523697
1.0338	0.000654061
1.0339	0.000641675
1.034	0.00047671
1.0341	0.000564814
1.0342	0.000517325
1.0343	0.000606811
1.0344	0.000492515
1.0345	0.000473838
1.0346	0.000490684
1.0347	0.00061967
1.0348	0.00055619
1.0349	0.000418008
1.035	0.000494767
1.0351	0.000587855
1.0352	0.000604883
1.0353	0.000645957
1.0354	0.00049703
1.0355	0.000744162
1.0356	0.000584267
1.0357	0.000467662
1.0358	0.000394245
1.0359	0.000599873
1.036	0.000425542
1.0361	0.000716293
1.0362	0.000568464
1.0363	0.000522597
1.0364	0.000609664
1.0365	0.000522121
1.0366	0.000471037
1.0367	0.00046317
1.0368	0.000545097
1.0369	0.000426866
1.037	0.000535818
1.0371	0.000341712
1.0372	0.000448076
1.0373	0.000546094
1.0374	0.000606981
1.0375	0.000532391
1.0376	0.000529883
1.0377	0.000697333
1.0378	0.000878334
1.0379	0.000608244
1.038	0.000405848
1.0381	0.000520311
1.0382	0.000506251
1.0383	0.000515798
1.0384	0.000518949
1.0385	0.000605588
1.0386	0.000513676
1.0387	0.000610295
1.0388	0.000558743
1.0389	0.000524423
1.039	0.000632317
1.0391	0.000559912
1.0392	0.00052435
1.0393	0.000395189
1.0394	0.000440091
1.0395	0.000451583
1.0396	0.000602254
1.0397	0.000471444
1.0398	0.000520555
1.0399	0.000547068
1.04	0.000659758
1.0401	0.000549438
1.0402	0.000445708
1.0403	0.00059937
1.0404	0.000591248
1.0405	0.000534117
1.0406	0.000503505
1.0407	0.000485654
1.0408	0.00041097
1.0409	0.000495713
1.041	0.000721235
1.0411	0.000852884
1.0412	0.000558985
1.0413	0.000523887
1.0414	0.000555495
1.0415	0.000516895
1.0416	0.000607289
1.0417	0.000738823
1.0418	0.000477874
1.0419	0.000481161
1.042	0.000428735
1.0421	0.000582356
1.0422	0.000671127
1.0423	0.000760719
1.0424	0.00051229
1.0425	0.00060894
1.0426	0.000649817
1.0427	0.000609353
1.0428	0.000703314
1.0429	0.000574332
1.043	0.000435954
1.0431	0.000490861
1.0432	0.000483006
1.0433	0.000548745
1.0434	0.00055826
1.0435	0.000739733
1.0436	0.000735286
1.0437	0.000846801
1.0438	0.000740558
1.0439	0.000674255
1.044	0.00055343
1.0441	0.000658545
1.0442	0.00066521
1.0443	0.000502963
1.0444	0.000587906
1.0445	0.00053622
1.0446	0.000744295
1.0447	0.000601452
1.0448	0.000487684
1.0449	0.000549237
1.045	0.000524215
1.0451	0.000615367
1.0452	0.000615422
1.0453	0.000587593
1.0454	0.000551459
1.0455	0.000472152
1.0456	0.000439687
1.0457	0.000571472
1.0458	0.000563185
1.0459	0.000542882
1.046	0.000565066
1.0461	0.000627287
1.0462	0.000791082
1.0463	0.000806126
1.0464	0.000570831
1.0465	0.000647394
1.0466	0.000848267
1.0467	0.000703482
1.0468	0.000665394
1.0469	0.000418482
1.047	0.000643654
1.0471	0.000585379
1.0472	0.000526463
1.0473	0.00061798
1.0474	0.000764433
1.0475	0.000475374
1.0476	0.000419442
1.0477	0.000383374
1.0478	0.000415845
1.0479	0.000509949
1.048	0.000707153
1.0481	0.000945154
1.0482	0.000687753
1.0483	0.000451654
1.0484	0.000728592
1.0485	0.000520739
1.0486	0.000742011
1.0487	0.000629948
1.0488	0.000840672
1.0489	0.000567118
1.049	0.000758654
1.0491	0.000757083
1.0492	0.000513287
1.0493	0.000660776
1.0494	0.000645205
1.0495	0.000445991
1.0496	0.000682027
1.0497	0.000501936
1.0498	0.000410724
1.0499	0.000485398
1.05	0.000622516
1.0501	0.000651946
1.0502	0.000423105
1.0503	0.000441101
1.0504	0.000697127
1.0505	0.000735327
1.0506	0.000609598
1.0507	0.000705594
1.0508	0.000672231
1.0509	0.000725612
1.051	0.000650775
1.0511	0.000708177
1.0512	0.000581148
1.0513	0.000661755
1.0514	0.000698716
1.0515	0.000594087
1.0516	0.000460471
1.0517	0.000710643
1.0518	0.000544911
1.0519	0.000351764
1.052	0.000512864
1.0521	0.000615158
1.0522	0.000580769
1.0523	0.000505667
1.0524	0.000383808
1.0525	0.000534346
1.0526	0.000525658
1.0527	0.000517358
1.0528	0.000692059
1.0529	0.000543329
1.053	0.000688174
1.0531	0.000964289
1.0532	0.000851227
1.0533	0.000573683
1.0534	0.000676711
1.0535	0.000653467
1.0536	0.000612807
1.0537	0.000571517
1.0538	0.000646654
1.0539	0.000520445
1.054	0.000408429
1.0541	0.000534801
1.0542	0.000622725
1.0543	0.000815526
1.0544	0.000412931
1.0545	0.000551431
1.0546	0.000632809
1.0547	0.000484937
1.0548	0.000396252
1.0549	0.000678377
1.055	0.00057148
1.0551	0.000544573
1.0552	0.000514211
1.0553	0.000702082
1.0554	0.000527212
1.0555	0.00073137
1.0556	0.000519329
1.0557	0.000690838
1.0558	0.000802808
1.0559	0.000727477
1.056	0.000753777
1.0561	0.000591701
1.0562	0.000508193
1.0563	0.000617883
1.0564	0.000572224
1.0565	0.000533186
1.0566	0.000570205
1.0567	0.000498107
1.0568	0.000705541
1.0569	0.000595742
1.057	0.00063266
1.0571	0.000557157
1.0572	0.000572184
1.0573	0.000819201
1.0574	0.000729079
1.0575	0.000607153
1.0576	0.000550895
1.0577	0.000647139
1.0578	0.000639244
1.0579	0.000655101
1.058	0.000572963
1.0581	0.000581133
1.0582	0.000475428
1.0583	0.000584325
1.0584	0.000569736
1.0585	0.000626095
1.0586	0.000748959
1.0587	0.000573534
1.0588	0.000546306
1.0589	0.000752961
1.059	0.000604885
1.0591	0.000752538
1.0592	0.000625389
1.0593	0.000416345
1.0594	0.000533232
1.0595	0.000558532
1.0596	0.000708922
1.0597	0.000775771
1.0598	0.000568302
1.0599	0.000581714
1.06	0.000704685
1.0601	0.000852246
1.0602	0.000640744
1.0603	0.000436012
1.0604	0.000577048
1.0605	0.000665299
1.0606	0.000568336
1.0607	0.000588676
1.0608	0.000678937
1.0609	0.000581954
1.061	0.000500179
1.0611	0.000483293
1.0612	0.000699679
1.0613	0.000603441
1.0614	0.000614199
1.0615	0.000522188
1.0616	0.00072519
1.0617	0.000541176
1.0618	0.000593248
1.0619	0.000616472
1.062	0.000615682
1.0621	0.000653812
1.0622	0.000806596
1.0623	0.000487995
1.0624	0.000733179
1.0625	0.000462732
1.0626	0.000433836
1.0627	0.000603673
1.0628	0.000551583
1.0629	0.000637561
1.063	0.000538013
1.0631	0.000477628
1.0632	0.000595681
1.0633	0.000607519
1.0634	0.000811538
1.0635	0.000813995
1.0636	0.000493051
1.0637	0.000603772
1.0638	0.00052884
1.0639	0.00050932
1.064	0.000627126
1.0641	0.00053475
1.0642	0.000740855
1.0643	0.000679572
1.0644	0.000532938
1.0645	0.000746974
1.0646	0.000603158
1.0647	0.000759373
1.0648	0.000446412
1.0649	0.00053189
1.065	0.000464885
1.0651	0.00058839
1.0652	0.00070204
1.0653	0.000661515
1.0654	0.00043331
1.0655	0.00066617
1.0656	0.000500485
1.0657	0.000659312
1.0658	0.000481216
1.0659	0.000650214
1.066	0.000426207
1.0661	0.000457812
1.0662	0.00067939
1.0663	0.000718949
1.0664	0.000814944
1.0665	0.000735217
1.0666	0.000591796
1.0667	0.00075389
1.0668	0.000726726
1.0669	0.000635568
1.067	0.000625475
1.0671	0.000472409
1.0672	0.000687108
1.0673	0.000626626
1.0674	0.000508365
1.0675	0.00055661
1.0676	0.000683963
1.0677	0.000674409
1.0678	0.000699546
1.0679	0.000454787
1.068	0.000484732
1.0681	0.000508265
1.0682	0.000582344
1.0683	0.000426304
1.0684	0.000383138
1.0685	0.000561053
1.0686	0.00061124
1.0687	0.000681072
1.0688	0.000530427
1.0689	0.000778231
1.069	0.000559858
1.0691	0.000627114
1.0692	0.000455177
1.0693	0.000568215
1.0694	0.000649539
1.0695	0.000570898
1.0696	0.000485394
1.0697	0.000441794
1.0698	0.000536721
1.0699	0.000447886
1.07	0.000638321
1.0701	0.000482291
1.0702	0.000532762
1.0703	0.000622302
1.0704	0.000572753
1.0705	0.000472838
1.0706	0.000462106
1.0707	0.000546897
1.0708	0.000499507
1.0709	0.00059621
1.071	0.000590361
1.0711	0.000538334
1.0712	0.00052269
1.0713	0.00058993
1.0714	0.000471299
1.0715	0.000442645
1.0716	0.000507803
1.0717	0.00057161
1.0718	0.000566678
1.0719	0.00063784
1.072	0.000424938
1.0721	0.000680235
1.0722	0.000465058
1.0723	0.000397595
1.0724	0.000409982
1.0725	0.000526121
1.0726	0.000436818
1.0727	0.000545558
1.0728	0.000355102
1.0729	0.000458445
1.073	0.000498197
1.0731	0.000521843
1.0732	0.000459602
1.0733	0.000588679
1.0734	0.000713955
1.0735	0.000579695
1.0736	0.000665589
1.0737	0.000479422
1.0738	0.000490917
1.0739	0.000555981
1.074	0.000500824
1.0741	0.000472973
1.0742	0.000569949
1.0743	0.000588569
1.0744	0.000551894
1.0745	0.000541033
1.0746	0.000418456
1.0747	0.000662067
1.0748	0.000410875
1.0749	0.000427733
1.075	0.000513437
1.0751	0.000462407
1.0752	0.000401775
1.0753	0.000610262
1.0754	0.000519553
1.0755	0.000599424
1.0756	0.000584788
1.0757	0.000773636
1.0758	0.000707697
1.0759	0.000474791
1.076	0.000512271
1.0761	0.000609627
1.0762	0.000586217
1.0763	0.00046253
1.0764	0.000431018
1.0765	0.00046758
1.0766	0.000663799
1.0767	0.000620677
1.0768	0.000685695
1.0769	0.000598827
1.077	0.000484397
1.0771	0.000455288
1.0772	0.00060034
1.0773	0.000699387
1.0774	0.000582392
1.0775	0.00057307
1.0776	0.000506111
1.0777	0.000441554
1.0778	0.000575943
1.0779	0.000600162
1.078	0.000758879
1.0781	0.00043217
1.0782	0.000703245
1.0783	0.000537732
1.0784	0.000591611
1.0785	0.000680504
1.0786	0.000486979
1.0787	0.000482946
1.0788	0.000510398
1.0789	0.000446809
1.079	0.000523284
1.0791	0.000735295
1.0792	0.000760383
1.0793	0.000586095
1.0794	0.000704777
1.0795	0.000750777
1.0796	0.000608327
1.0797	0.000511525
1.0798	0.000618753
1.0799	0.000777118
1.08	0.000575708
1.0801	0.000736786
1.0802	0.000603616
1.0803	0.000599431
1.0804	0.000614769
1.0805	0.000517357
1.0806	0.000513105
1.0807	0.000522163
1.0808	0.000676527
1.0809	0.000587416
1.081	0.00063678
1.0811	0.000546055
1.0812	0.000429543
1.0813	0.000442706
1.0814	0.00062312
1.0815	0.00060724
1.0816	0.00062629
1.0817	0.000500181
1.0818	0.000729939
1.0819	0.000776671
1.082	0.00069776
1.0821	0.000635461
1.0822	0.000542987
1.0823	0.000918379
1.0824	0.000662067
1.0825	0.000802333
1.0826	0.000409317
1.0827	0.000554234
1.0828	0.00051585
1.0829	0.00050548
1.083	0.000650513
1.0831	0.00064388
1.0832	0.000664856
1.0833	0.000360686
1.0834	0.000356463
1.0835	0.000449353
1.0836	0.000608198
1.0837	0.000660424
1.0838	0.00058461
1.0839	0.000633895
1.084	0.000589061
1.0841	0.00078323
1.0842	0.000459278
1.0843	0.000648574
1.0844	0.000585772
1.0845	0.000787671
1.0846	0.000577776
1.0847	0.000681969
1.0848	0.00067116
1.0849	0.000476606
1.085	0.000676933
1.0851	0.000701609
1.0852	0.000557301
1.0853	0.000445585
1.0854	0.00040813
1.0855	0.000464219
1.0856	0.000455995
1.0857	0.000434336
1.0858	0.00055284
1.0859	0.000405359
1.086	0.00046023
1.0861	0.000664939
1.0862	0.000791865
1.0863	0.000646587
1.0864	0.000618295
1.0865	0.000903611
1.0866	0.000527861
1.0867	0.000633374
1.0868	0.000620392
1.0869	0.000679064
1.087	0.000642381
1.0871	0.000581803
1.0872	0.000630406
1.0873	0.000512445
1.0874	0.000585652
1.0875	0.00053245
1.0876	0.000538352
1.0877	0.000462332
1.0878	0.000458258
1.0879	0.000586613
1.088	0.000464625
1.0881	0.00035153
1.0882	0.00061694
1.0883	0.00056456
1.0884	0.000603387
1.0885	0.000667149
1.0886	0.000547836
1.0887	0.000666347
1.0888	0.000815879
1.0889	0.000828824
1.089	0.000540055
1.0891	0.000777475
1.0892	0.00074519
1.0893	0.000707707
1.0894	0.000497826
1.0895	0.000579991
1.0896	0.00053144
1.0897	0.000430348
1.0898	0.00055534
1.0899	0.000613321
1.09	0.0005665
1.0901	0.000448413
1.0902	0.000502308
1.0903	0.000617862
1.0904	0.000474528
1.0905	0.000443445
1.0906	0.000550636
1.0907	0.000482557
1.0908	0.000809452
1.0909	0.000684487
1.091	0.00066119
1.0911	0.000508085
1.0912	0.000630034
1.0913	0.0006755
1.0914	0.000523515
1.0915	0.000624375
1.0916	0.000717209
1.0917	0.000691462
1.0918	0.000475727
1.0919	0.000487823
1.092	0.000612845
1.0921	0.000565359
1.0922	0.000499558
1.0923	0.000670836
1.0924	0.000758049
1.0925	0.000707714
1.0926	0.000586318
1.0927	0.000702554
1.0928	0.000575224
1.0929	0.000626939
1.093	0.00070645
1.0931	0.000746262
1.0932	0.000638758
1.0933	0.000540889
1.0934	0.000703231
1.0935	0.000726201
1.0936	0.00075549
1.0937	0.000710273
1.0938	0.000498224
1.0939	0.000520028
1.094	0.000640028
1.0941	0.000623158
1.0942	0.000647815
1.0943	0.000733457
1.0944	0.000731325
1.0945	0.000545753
1.0946	0.000596409
1.0947	0.000576481
1.0948	0.000879369
1.0949	0.000613858
1.095	0.00046478
1.0951	0.000644001
1.0952	0.000892994
1.0953	0.000790905
1.0954	0.000755088
1.0955	0.000573135
1.0956	0.000684769
1.0957	0.000651242
1.0958	0.000635341
1.0959	0.000660396
1.096	0.000492256
1.0961	0.000541941
1.0962	0.000780023
1.0963	0.000468272
1.0964	0.000600533
1.0965	0.000637483
1.0966	0.000578574
1.0967	0.000522452
1.0968	0.000616769
1.0969	0.000637607
1.097	0.000579079
1.0971	0.000515436
1.0972	0.000569021
1.0973	0.00069012
1.0974	0.000516334
1.0975	0.00052007
1.0976	0.000592512
1.0977	0.000771131
1.0978	0.00083939
1.0979	0.000675868
1.098	0.000465412
1.0981	0.00074744
1.0982	0.000395032
1.0983	0.000550295
1.0984	0.000498495
1.0985	0.000536105
1.0986	0.000630547
1.0987	0.000655726
1.0988	0.000685853
1.0989	0.000599752
1.099	0.000512653
1.0991	0.000673766
1.0992	0.000827977
1.0993	0.00045414
1.0994	0.000532575
1.0995	0.000451114
1.0996	0.000456141
1.0997	0.000464531
1.0998	0.00065188
1.0999	0.000659242
1.1	0.000645353
1.1001	0.000513361
1.1002	0.00077847
1.1003	0.000780925
1.1004	0.000518306
1.1005	0.00057204
1.1006	0.00065875
1.1007	0.000575502
1.1008	0.000680556
1.1009	0.000818765
1.101	0.000834486
1.1011	0.000454087
1.1012	0.000627934
1.1013	0.00074258
1.1014	0.00051627
1.1015	0.00052355
1.1016	0.000700839
1.1017	0.000511919
1.1018	0.000501522
1.1019	0.000708489
1.102	0.000605336
1.1021	0.000710114
1.1022	0.000620194
1.1023	0.000606174
1.1024	0.000677719
1.1025	0.000737959
1.1026	0.000520893
1.1027	0.000660611
1.1028	0.000596274
1.1029	0.000510628
1.103	0.000542353
1.1031	0.000527249
1.1032	0.000497292
1.1033	0.000660002
1.1034	0.000564039
1.1035	0.0006075
1.1036	0.000417086
1.1037	0.000546622
1.1038	0.000527758
1.1039	0.000555565
1.104	0.000432062
1.1041	0.000376468
1.1042	0.000532997
1.1043	0.000561342
1.1044	0.000606328
1.1045	0.000503328
1.1046	0.000738197
1.1047	0.000530089
1.1048	0.000567827
1.1049	0.000427554
1.105	0.00063087
1.1051	0.000727584
1.1052	0.000611795
1.1053	0.000468147
1.1054	0.000402163
1.1055	0.000574259
1.1056	0.0006805
1.1057	0.000492705
1.1058	0.000568767
1.1059	0.000494995
1.106	0.000512192
1.1061	0.000551482
1.1062	0.000446714
1.1063	0.000508002
1.1064	0.000460392
1.1065	0.000543278
1.1066	0.000672768
1.1067	0.000653657
1.1068	0.000519536
1.1069	0.000670882
1.107	0.000572046
1.1071	0.000452607
1.1072	0.00039941
1.1073	0.000538647
1.1074	0.000575543
1.1075	0.000562336
1.1076	0.000649522
1.1077	0.000788552
1.1078	0.000636004
1.1079	0.000425323
1.108	0.0004698
1.1081	0.000387451
1.1082	0.000547425
1.1083	0.000392111
1.1084	0.000487582
1.1085	0.000377401
1.1086	0.000415579
1.1087	0.000545245
1.1088	0.000477567
1.1089	0.000513345
1.109	0.00052721
1.1091	0.000589182
1.1092	0.000813271
1.1093	0.000495507
1.1094	0.000433016
1.1095	0.000639043
1.1096	0.000479716
1.1097	0.000517457
1.1098	0.000649097
1.1099	0.000530472
1.11	0.000578943
1.1101	0.000600541
1.1102	0.000498813
1.1103	0.000427946
1.1104	0.000614536
1.1105	0.000381411
1.1106	0.000507433
1.1107	0.000391094
1.1108	0.000520806
1.1109	0.000412158
1.111	0.000644323
1.1111	0.00050813
1.1112	0.000437547
1.1113	0.000601424
1.1114	0.000512585
1.1115	0.000497218
1.1116	0.000560261
1.1117	0.000552098
1.1118	0.00055215
1.1119	0.000506106
1.112	0.000472812
1.1121	0.000492787
1.1122	0.000531533
1.1123	0.000660093
1.1124	0.000569948
1.1125	0.000764954
1.1126	0.000513881
1.1127	0.000422919
1.1128	0.000580905
1.1129	0.000583665
1.113	0.000499927
1.1131	0.000605471
1.1132	0.000449943
1.1133	0.000594618
1.1134	0.000423326
1.1135	0.000564628
1.1136	0.000611882
1.1137	0.000709538
1.1138	0.000575858
1.1139	0.000483014
1.114	0.000712737
1.1141	0.000512995
1.1142	0.000799111
1.1143	0.000525775
1.1144	0.000559583
1.1145	0.000482379
1.1146	0.000425798
1.1147	0.00057013
1.1148	0.000703995
1.1149	0.000671944
1.115	0.000680141
1.1151	0.000676884
1.1152	0.000677146
1.1153	0.000683081
1.1154	0.00057552
1.1155	0.000607248
1.1156	0.000635392
1.1157	0.000537989
1.1158	0.000627043
1.1159	0.000602277
1.116	0.000595843
1.1161	0.000574622
1.1162	0.000473871
1.1163	0.000477311
1.1164	0.000528125
1.1165	0.000703021
1.1166	0.000680897
1.1167	0.000620544
1.1168	0.000541763
1.1169	0.000514283
1.117	0.000424131
1.1171	0.000556716
1.1172	0.000584491
1.1173	0.000594821
1.1174	0.000506913
1.1175	0.000793983
1.1176	0.000602209
1.1177	0.000772726
1.1178	0.000649813
1.1179	0.000713322
1.118	0.000837708
1.1181	0.000559842
1.1182	0.000772249
1.1183	0.000506126
1.1184	0.00062688
1.1185	0.000502535
1.1186	0.000510523
1.1187	0.000622606
1.1188	0.000607277
1.1189	0.000463331
1.119	0.000370864
1.1191	0.000367521
1.1192	0.000411878
1.1193	0.000604866
1.1194	0.000641131
1.1195	0.000517211
1.1196	0.000626415
1.1197	0.000593014
1.1198	0.000661758
1.1199	0.000446028
1.12	0.000691954
1.1201	0.000704369
1.1202	0.000825172
1.1203	0.000659228
1.1204	0.000861055
1.1205	0.000622724
1.1206	0.000476633
1.1207	0.00075274
1.1208	0.000583129
1.1209	0.000487725
1.121	0.000478075
1.1211	0.000405072
1.1212	0.000412776
1.1213	0.0004256
1.1214	0.000456328
1.1215	0.000571927
1.1216	0.000397472
1.1217	0.000409532
1.1218	0.000576463
1.1219	0.000776159
1.122	0.000745763
1.1221	0.000777431
1.1222	0.000761875
1.1223	0.000571291
1.1224	0.000917356
1.1225	0.000642206
1.1226	0.000566739
1.1227	0.000534771
1.1228	0.000737185
1.1229	0.000529654
1.123	0.000546279
1.1231	0.00065563
1.1232	0.00056664
1.1233	0.000505493
1.1234	0.000449431
1.1235	0.000480579
1.1236	0.000619908
1.1237	0.000471599
1.1238	0.000342109
1.1239	0.000625983
1.124	0.000563899
1.1241	0.00079849
1.1242	0.000528856
1.1243	0.000774523
1.1244	0.000777221
1.1245	0.000968282
1.1246	0.000797449
1.1247	0.00052152
1.1248	0.00084802
1.1249	0.000799071
1.125	0.000595591
1.1251	0.000521681
1.1252	0.000549829
1.1253	0.000534483
1.1254	0.000548707
1.1255	0.000543495
1.1256	0.000610372
1.1257	0.0008493
1.1258	0.000427531
1.1259	0.000524611
1.126	0.000678214
1.1261	0.000549994
1.1262	0.000471191
1.1263	0.00059623
1.1264	0.000456614
1.1265	0.000746735
1.1266	0.000590324
1.1267	0.00084051
1.1268	0.000598334
1.1269	0.000704913
1.127	0.000644809
1.1271	0.000722878
1.1272	0.000632786
1.1273	0.000676299
1.1274	0.000752976
1.1275	0.000431221
1.1276	0.000465535
1.1277	0.000710294
1.1278	0.000643921
1.1279	0.000521449
1.128	0.00044064
1.1281	0.000655643
1.1282	0.000633491
1.1283	0.000644604
1.1284	0.000805164
1.1285	0.000582409
1.1286	0.000668971
1.1287	0.000586298
1.1288	0.000750579
1.1289	0.000576165
1.129	0.000788366
1.1291	0.000492246
1.1292	0.000566532
1.1293	0.000805113
1.1294	0.000574122
1.1295	0.000584768
1.1296	0.000618418
1.1297	0.000497585
1.1298	0.000585888
1.1299	0.000554679
1.13	0.000725057
1.1301	0.000688722
1.1302	0.000528196
1.1303	0.000608036
1.1304	0.000614667
1.1305	0.00067026
1.1306	0.000647104
1.1307	0.000426715
1.1308	0.000524406
1.1309	0.000620508
1.131	0.000803161
1.1311	0.000711551
1.1312	0.000643741
1.1313	0.000634109
1.1314	0.000785807
1.1315	0.000740247
1.1316	0.000758533
1.1317	0.000422743
1.1318	0.000503237
1.1319	0.000729493
1.132	0.000494209
1.1321	0.000679685
1.1322	0.000831015
1.1323	0.000384914
1.1324	0.000777585
1.1325	0.000605617
1.1326	0.000707707
1.1327	0.000666749
1.1328	0.000593857
1.1329	0.000587874
1.133	0.000713499
1.1331	0.000591543
1.1332	0.000693682
1.1333	0.000613183
1.1334	0.000643258
1.1335	0.000636221
1.1336	0.00077443
1.1337	0.000653319
1.1338	0.000820153
1.1339	0.000560087
1.134	0.000588931
1.1341	0.000619615
1.1342	0.000671053
1.1343	0.000762826
1.1344	0.000571142
1.1345	0.000695974
1.1346	0.000511837
1.1347	0.000475172
1.1348	0.000737151
1.1349	0.000766539
1.135	0.000549326
1.1351	0.000625653
1.1352	0.000466999
1.1353	0.000433717
1.1354	0.000577811
1.1355	0.000689808
1.1356	0.000661221
1.1357	0.000744169
1.1358	0.000740688
1.1359	0.000929305
1.136	0.000701543
1.1361	0.000495468
1.1362	0.000496019
1.1363	0.00050354
1.1364	0.000503073
1.1365	0.000560473
1.1366	0.000642122
1.1367	0.000517028
1.1368	0.000470585
1.1369	0.00064031
1.137	0.000628832
1.1371	0.000539963
1.1372	0.000537193
1.1373	0.000578485
1.1374	0.000502835
1.1375	0.000502346
1.1376	0.000691808
1.1377	0.00061848
1.1378	0.000783667
1.1379	0.000722325
1.138	0.000820051
1.1381	0.000779136
1.1382	0.000646008
1.1383	0.000533368
1.1384	0.000586523
1.1385	0.000506783
1.1386	0.000646796
1.1387	0.000693113
1.1388	0.000516773
1.1389	0.000671094
1.139	0.000504147
1.1391	0.000691165
1.1392	0.000672259
1.1393	0.00052832
1.1394	0.000527544
1.1395	0.000605162
1.1396	0.000542014
1.1397	0.000422457
1.1398	0.000441827
1.1399	0.000476045
1.14	0.000605374
1.1401	0.000711535
1.1402	0.000604661
1.1403	0.000694812
1.1404	0.000731486
1.1405	0.000551886
1.1406	0.000592988
1.1407	0.000647309
1.1408	0.000575265
1.1409	0.000632545
1.141	0.000672652
1.1411	0.000419301
1.1412	0.000658041
1.1413	0.00065759
1.1414	0.000492635
1.1415	0.000603329
1.1416	0.000515375
1.1417	0.000567379
1.1418	0.000608479
1.1419	0.000454584
1.142	0.000439541
1.1421	0.000700519
1.1422	0.000637737
1.1423	0.000454701
1.1424	0.000482246
1.1425	0.000603088
1.1426	0.000730695
1.1427	0.000569137
1.1428	0.00041269
1.1429	0.000540327
1.143	0.000481852
1.1431	0.000687199
1.1432	0.000538413
1.1433	0.000667265
1.1434	0.000566719
1.1435	0.000637605
1.1436	0.000469855
1.1437	0.000416362
1.1438	0.00037205
1.1439	0.000518147
1.144	0.000422294
1.1441	0.000431401
1.1442	0.00039922
1.1443	0.000595681
1.1444	0.000677385
1.1445	0.000413657
1.1446	0.000471448
1.1447	0.000690198
1.1448	0.000703737
1.1449	0.000839483
1.145	0.000407352
1.1451	0.000389701
1.1452	0.000556934
1.1453	0.000564093
1.1454	0.000566859
1.1455	0.000735175
1.1456	0.000450389
1.1457	0.000593163
1.1458	0.000548826
1.1459	0.000576177
1.146	0.000628137
1.1461	0.0006023
1.1462	0.000487457
1.1463	0.000467349
1.1464	0.000442993
1.1465	0.00063731
1.1466	0.000610048
1.1467	0.000429188
1.1468	0.00060382
1.1469	0.000643353
1.147	0.000615508
1.1471	0.000765909
1.1472	0.0004813
1.1473	0.000585196
1.1474	0.000430511
1.1475	0.00053571
1.1476	0.000512152
1.1477	0.00045782
1.1478	0.000532188
1.1479	0.000576226
1.148	0.000569863
1.1481	0.000686291
1.1482	0.00069553
1.1483	0.000541996
1.1484	0.000499935
1.1485	0.000448896
1.1486	0.000617146
1.1487	0.000521104
1.1488	0.000600885
1.1489	0.00042257
1.149	0.000423978
1.1491	0.000457511
1.1492	0.000638376
1.1493	0.00059806
1.1494	0.00068971
1.1495	0.000599627
1.1496	0.000576325
1.1497	0.000598482
1.1498	0.000540191
1.1499	0.000609321
1.15	0.000509355
1.1501	0.000423697
1.1502	0.000493927
1.1503	0.000564332
1.1504	0.000627531
1.1505	0.000665176
1.1506	0.00057918
1.1507	0.000601015
1.1508	0.000729244
1.1509	0.000734954
1.151	0.000599722
1.1511	0.000574656
1.1512	0.000541236
1.1513	0.000731664
1.1514	0.000547803
1.1515	0.000566533
1.1516	0.000800344
1.1517	0.000537748
1.1518	0.000544557
1.1519	0.000516055
1.152	0.000564532
1.1521	0.000484237
1.1522	0.000645381
1.1523	0.000550719
1.1524	0.000742671
1.1525	0.0005445
1.1526	0.000436574
1.1527	0.000393816
1.1528	0.000602915
1.1529	0.000547488
1.153	0.000753225
1.1531	0.000517491
1.1532	0.000701393
1.1533	0.000879688
1.1534	0.000726493
1.1535	0.000491289
1.1536	0.000693881
1.1537	0.000769719
1.1538	0.000565206
1.1539	0.000679058
1.154	0.000565551
1.1541	0.000644821
1.1542	0.000527022
1.1543	0.000608619
1.1544	0.000739947
1.1545	0.000612175
1.1546	0.000530221
1.1547	0.000389298
1.1548	0.00034576
1.1549	0.000442327
1.155	0.000617723
1.1551	0.00067551
1.1552	0.00059214
1.1553	0.000537292
1.1554	0.000735805
1.1555	0.00066817
1.1556	0.000749916
1.1557	0.000630459
1.1558	0.000741167
1.1559	0.000711011
1.156	0.000689945
1.1561	0.000668457
1.1562	0.000454911
1.1563	0.000502421
1.1564	0.000781447
1.1565	0.000624754
1.1566	0.00056018
1.1567	0.000448464
1.1568	0.00039492
1.1569	0.000471616
1.157	0.000546238
1.1571	0.00054413
1.1572	0.00047532
1.1573	0.000423639
1.1574	0.000568307
1.1575	0.000929258
1.1576	0.000816218
1.1577	0.000590932
1.1578	0.000720481
1.1579	0.000863569
1.158	0.000710347
1.1581	0.000681318
1.1582	0.00053342
1.1583	0.000689709
1.1584	0.000572232
1.1585	0.000745914
1.1586	0.000657154
1.1587	0.000574445
1.1588	0.000498901
1.1589	0.00051432
1.159	0.00053531
1.1591	0.000439584
1.1592	0.000470111
1.1593	0.000522959
1.1594	0.000367396
1.1595	0.000395969
1.1596	0.000609857
1.1597	0.000549704
1.1598	0.000630623
1.1599	0.000600968
1.16	0.000753601
1.1601	0.000772142
1.1602	0.000867331
1.1603	0.00063224
1.1604	0.000515947
1.1605	0.000690181
1.1606	0.000764814
1.1607	0.0005045
1.1608	0.000475002
1.1609	0.000486998
1.161	0.000459352
1.1611	0.000517083
1.1612	0.000487145
1.1613	0.000731881
1.1614	0.000536758
1.1615	0.000484337
1.1616	0.000662194
1.1617	0.000402056
1.1618	0.000528419
1.1619	0.000603762
1.162	0.000587981
1.1621	0.000506573
1.1622	0.000652193
1.1623	0.000670313
1.1624	0.000626187
1.1625	0.000490397
1.1626	0.000698986
1.1627	0.000706784
1.1628	0.000720249
1.1629	0.000563208
1.163	0.000737128
1.1631	0.000642179
1.1632	0.000475569
1.1633	0.000468458
1.1634	0.00063775
1.1635	0.000594494
1.1636	0.000658753
1.1637	0.000511908
1.1638	0.000672417
1.1639	0.000712496
1.164	0.000662443
1.1641	0.000702353
1.1642	0.000499638
1.1643	0.000789181
1.1644	0.00074778
1.1645	0.000683674
1.1646	0.000524685
1.1647	0.000632176
1.1648	0.000564235
1.1649	0.000577881
1.165	0.000689102
1.1651	0.000560224
1.1652	0.000539708
1.1653	0.000583925
1.1654	0.000521081
1.1655	0.000626158
1.1656	0.000810425
1.1657	0.000717288
1.1658	0.00055244
1.1659	0.000742329
1.166	0.000655805
1.1661	0.000582477
1.1662	0.000517625
1.1663	0.000535217
1.1664	0.000465472
1.1665	0.000445858
1.1666	0.000802109
1.1667	0.000547955
1.1668	0.000598718
1.1669	0.000638479
1.167	0.000596959
1.1671	0.000739337
1.1672	0.000842769
1.1673	0.000641858
1.1674	0.00052629
1.1675	0.000535373
1.1676	0.000687067
1.1677	0.0005948
1.1678	0.000604699
1.1679	0.000591123
1.168	0.000517781
1.1681	0.000671307
1.1682	0.000687104
1.1683	0.000640443
1.1684	0.000503851
1.1685	0.000509265
1.1686	0.000663051
1.1687	0.000548762
1.1688	0.000452745
1.1689	0.00056818
1.169	0.000532511
1.1691	0.00045645
1.1692	0.000713579
1.1693	0.000670841
1.1694	0.000496834
1.1695	0.000686758
1.1696	0.000491408
1.1697	0.000511359
1.1698	0.000516405
1.1699	0.00080151
1.17	0.000644685
1.1701	0.000546107
1.1702	0.000731212
1.1703	0.000475003
1.1704	0.000711706
1.1705	0.000765799
1.1706	0.000597215
1.1707	0.000479045
1.1708	0.000491561
1.1709	0.000453466
1.171	0.000489436
1.1711	0.000627001
1.1712	0.000736548
1.1713	0.000826549
1.1714	0.000758291
1.1715	0.000775684
1.1716	0.000486445
1.1717	0.000735007
1.1718	0.000591498
1.1719	0.000484363
1.172	0.000531612
1.1721	0.000610106
1.1722	0.000647204
1.1723	0.000819267
1.1724	0.000637581
1.1725	0.000476291
1.1726	0.000476179
1.1727	0.000712524
1.1728	0.000561379
1.1729	0.000576546
1.173	0.000531778
1.1731	0.000471145
1.1732	0.000596688
1.1733	0.000748788
1.1734	0.000608019
1.1735	0.00079352
1.1736	0.000551995
1.1737	0.000674339
1.1738	0.000661184
1.1739	0.000694708
1.174	0.000400368
1.1741	0.000602615
1.1742	0.000709787
1.1743	0.000516537
1.1744	0.000665946
1.1745	0.000561167
1.1746	0.000473182
1.1747	0.000793925
1.1748	0.000765609
1.1749	0.000498359
1.175	0.000530701
1.1751	0.000495599
1.1752	0.000595338
1.1753	0.000411104
1.1754	0.000400405
1.1755	0.000505072
1.1756	0.000480341
1.1757	0.000543358
1.1758	0.000711348
1.1759	0.000595559
1.176	0.000588383
1.1761	0.000708421
1.1762	0.000425122
1.1763	0.000473345
1.1764	0.00046901
1.1765	0.000722701
1.1766	0.000478233
1.1767	0.000578654
1.1768	0.000470223
1.1769	0.000530274
1.177	0.000665596
1.1771	0.000520362
1.1772	0.000464725
1.1773	0.000525372
1.1774	0.000639555
1.1775	0.000620371
1.1776	0.000451744
1.1777	0.000462867
1.1778	0.000556201
1.1779	0.000567928
1.178	0.000504954
1.1781	0.000476296
1.1782	0.000607345
1.1783	0.000602996
1.1784	0.000585304
1.1785	0.000389745
1.1786	0.000509877
1.1787	0.000431063
1.1788	0.000698115
1.1789	0.000493249
1.179	0.000640118
1.1791	0.000694145
1.1792	0.000475744
1.1793	0.000390314
1.1794	0.00042358
1.1795	0.000418364
1.1796	0.000523911
1.1797	0.000544824
1.1798	0.000353665
1.1799	0.000407354
1.18	0.000538165
1.1801	0.000698611
1.1802	0.000431841
1.1803	0.000523911
1.1804	0.00078223
1.1805	0.000935859
1.1806	0.000719831
1.1807	0.000423702
1.1808	0.000463371
1.1809	0.000651628
1.181	0.000506058
1.1811	0.000453838
1.1812	0.000687843
1.1813	0.000450372
1.1814	0.000646416
1.1815	0.000555859
1.1816	0.00053646
1.1817	0.000543465
1.1818	0.000575657
1.1819	0.000403671
1.182	0.000500864
1.1821	0.000420061
1.1822	0.000588107
1.1823	0.000596002
1.1824	0.000398973
1.1825	0.000525641
1.1826	0.000535396
1.1827	0.000765544
1.1828	0.000585187
1.1829	0.000445424
1.183	0.000574912
1.1831	0.0005906
1.1832	0.000629878
1.1833	0.000548285
1.1834	0.000441777
1.1835	0.000503448
1.1836	0.000490798
1.1837	0.000715539
1.1838	0.000695165
1.1839	0.000573864
1.184	0.00059339
1.1841	0.000463473
1.1842	0.000482537
1.1843	0.000745123
1.1844	0.000732288
1.1845	0.000563117
1.1846	0.000431419
1.1847	0.000443502
1.1848	0.000576011
1.1849	0.000639636
1.185	0.000565657
1.1851	0.000541766
1.1852	0.000615459
1.1853	0.000724121
1.1854	0.000619787
1.1855	0.000526534
1.1856	0.000708288
1.1857	0.000493414
1.1858	0.000499029
1.1859	0.000450226
1.186	0.000513693
1.1861	0.000720899
1.1862	0.000750049
1.1863	0.000578218
1.1864	0.000737469
1.1865	0.000654235
1.1866	0.000760087
1.1867	0.000700856
1.1868	0.000636257
1.1869	0.000657146
1.187	0.000534104
1.1871	0.000568926
1.1872	0.000679164
1.1873	0.000603863
1.1874	0.000465622
1.1875	0.000525267
1.1876	0.00047108
1.1877	0.000456514
1.1878	0.00071316
1.1879	0.000686264
1.188	0.000609947
1.1881	0.000539851
1.1882	0.000566012
1.1883	0.000437629
1.1884	0.000590086
1.1885	0.000494709
1.1886	0.000552672
1.1887	0.000687875
1.1888	0.000601127
1.1889	0.000824592
1.189	0.000785644
1.1891	0.00058527
1.1892	0.000451852
1.1893	0.000657845
1.1894	0.00066482
1.1895	0.000844454
1.1896	0.000489417
1.1897	0.000605191
1.1898	0.000569873
1.1899	0.00053982
1.19	0.000619646
1.1901	0.000801067
1.1902	0.000442957
1.1903	0.000461082
1.1904	0.000378464
1.1905	0.000376645
1.1906	0.000523371
1.1907	0.000591737
1.1908	0.000549632
1.1909	0.000748261
1.191	0.000572043
1.1911	0.00075679
1.1912	0.000545121
1.1913	0.000821667
1.1914	0.000598583
1.1915	0.000740193
1.1916	0.000671649
1.1917	0.000699367
1.1918	0.000759478
1.1919	0.000436811
1.192	0.000450816
1.1921	0.000850237
1.1922	0.000564687
1.1923	0.000714356
1.1924	0.000405237
1.1925	0.000397027
1.1926	0.00050124
1.1927	0.00057313
1.1928	0.00059374
1.1929	0.000394066
1.193	0.0004572
1.1931	0.000576186
1.1932	0.000760194
1.1933	0.000613624
1.1934	0.000607072
1.1935	0.000678771
1.1936	0.000800585
1.1937	0.000786635
1.1938	0.000715332
1.1939	0.000651683
1.194	0.000707496
1.1941	0.000666518
1.1942	0.000582463
1.1943	0.000568999
1.1944	0.000754638
1.1945	0.000551084
1.1946	0.000466192
1.1947	0.000547234
1.1948	0.000508292
1.1949	0.000531184
1.195	0.000478046
1.1951	0.000330419
1.1952	0.000720687
1.1953	0.000676556
1.1954	0.000509842
1.1955	0.000711263
1.1956	0.000487434
1.1957	0.000698957
1.1958	0.000775546
1.1959	0.000869987
1.196	0.000496685
1.1961	0.000593385
1.1962	0.000568044
1.1963	0.000644546
1.1964	0.00057658
1.1965	0.00059517
1.1966	0.000534317
1.1967	0.000442518
1.1968	0.000641728
1.1969	0.000594067
1.197	0.000794982
1.1971	0.000476309
1.1972	0.000561021
1.1973	0.000668625
1.1974	0.000386935
1.1975	0.000459295
1.1976	0.000724707
1.1977	0.000547611
1.1978	0.0007141
1.1979	0.000566828
1.198	0.000745426
1.1981	0.000655087
1.1982	0.00062256
1.1983	0.000560461
1.1984	0.000740291
1.1985	0.000737013
1.1986	0.000666334
1.1987	0.000677073
1.1988	0.00065642
1.1989	0.000424411
1.199	0.000589961
1.1991	0.000511346
1.1992	0.000665264
1.1993	0.000670849
1.1994	0.000495849
1.1995	0.000701535
1.1996	0.000609205
1.1997	0.000561614
1.1998	0.00062864
1.1999	0.000510941
1.2	0.000735699
1.2001	0.000657845
1.2002	0.000517745
1.2003	0.000502935
1.2004	0.000705914
1.2005	0.00062905
1.2006	0.00067952
1.2007	0.000945284
1.2008	0.000626403
1.2009	0.000587033
1.201	0.000659342
1.2011	0.00050664
1.2012	0.000698173
1.2013	0.00059691
1.2014	0.000800662
1.2015	0.000453136
1.2016	0.000649202
1.2017	0.000669771
1.2018	0.000736342
1.2019	0.000568686
1.202	0.000447817
1.2021	0.000472815
1.2022	0.00047999
1.2023	0.000792946
1.2024	0.00077984
1.2025	0.000620918
1.2026	0.000622196
1.2027	0.000670806
1.2028	0.000738805
1.2029	0.000717758
1.203	0.000498787
1.2031	0.000590146
1.2032	0.000648438
1.2033	0.000596078
1.2034	0.000619442
1.2035	0.000656902
1.2036	0.00047919
1.2037	0.000655729
1.2038	0.000506898
1.2039	0.00057983
1.204	0.000662795
1.2041	0.000645449
1.2042	0.000393973
1.2043	0.000565192
1.2044	0.000674352
1.2045	0.000465454
1.2046	0.000669078
1.2047	0.000649305
1.2048	0.000557625
1.2049	0.000661926
1.205	0.000560617
1.2051	0.000797056
1.2052	0.000479065
1.2053	0.000461311
1.2054	0.000649135
1.2055	0.000515571
1.2056	0.000725687
1.2057	0.000624667
1.2058	0.000501322
1.2059	0.000666983
1.206	0.000563089
1.2061	0.000663509
1.2062	0.000891964
1.2063	0.0005333
1.2064	0.000470523
1.2065	0.000593752
1.2066	0.000547602
1.2067	0.000521277
1.2068	0.000565321
1.2069	0.00070861
1.207	0.000768494
1.2071	0.000638404
1.2072	0.0007116
1.2073	0.000763232
1.2074	0.00067156
1.2075	0.000516925
1.2076	0.000455825
1.2077	0.000446033
1.2078	0.000661803
1.2079	0.000589772
1.208	0.000637491
1.2081	0.000529405
1.2082	0.000639976
1.2083	0.000602098
1.2084	0.000763232
1.2085	0.000421715
1.2086	0.000523027
1.2087	0.000394548
1.2088	0.00050175
1.2089	0.000590675
1.209	0.000703906
1.2091	0.000880182
1.2092	0.000614149
1.2093	0.000595924
1.2094	0.000745216
1.2095	0.0006609
1.2096	0.000671776
1.2097	0.000605455
1.2098	0.000477054
1.2099	0.000672284
1.21	0.00056407
1.2101	0.000701873
1.2102	0.000540132
1.2103	0.000599258
1.2104	0.000694665
1.2105	0.000700348
1.2106	0.00052378
1.2107	0.000525262
1.2108	0.000506085
1.2109	0.000569865
1.211	0.000365468
1.2111	0.000398248
1.2112	0.000578833
1.2113	0.000540559
1.2114	0.000513771
1.2115	0.00060159
1.2116	0.000687411
1.2117	0.000681587
1.2118	0.000759965
1.2119	0.000452589
1.212	0.000565468
1.2121	0.000524626
1.2122	0.000614745
1.2123	0.000517368
1.2124	0.00042015
1.2125	0.00057966
1.2126	0.000496292
1.2127	0.000737099
1.2128	0.000400129
1.2129	0.000503436
1.213	0.000557385
1.2131	0.000595459
1.2132	0.000509056
1.2133	0.000455274
1.2134	0.000450994
1.2135	0.000527084
1.2136	0.000588399
1.2137	0.000603546
1.2138	0.00055208
1.2139	0.000637841
1.214	0.000661173
1.2141	0.000455021
1.2142	0.000380286
1.2143	0.000578597
1.2144	0.000431424
1.2145	0.000671034
1.2146	0.000562248
1.2147	0.000502571
1.2148	0.000667088
1.2149	0.000492479
1.215	0.000353995
1.2151	0.000416664
1.2152	0.000506386
1.2153	0.000433539
1.2154	0.000560024
1.2155	0.000335867
1.2156	0.000435829
1.2157	0.000511686
1.2158	0.000586834
1.2159	0.000511877
1.216	0.000628611
1.2161	0.000745394
1.2162	0.000813432
1.2163	0.000792595
1.2164	0.000560418
1.2165	0.000492428
1.2166	0.000545812
1.2167	0.000423248
1.2168	0.000392049
1.2169	0.000730077
1.217	0.000497525
1.2171	0.000548702
1.2172	0.000490246
1.2173	0.000522047
1.2174	0.000668739
1.2175	0.000434599
1.2176	0.000426548
1.2177	0.000499214
1.2178	0.000433483
1.2179	0.000466269
1.218	0.00057061
1.2181	0.000450116
1.2182	0.000472741
1.2183	0.00060277
1.2184	0.000637743
1.2185	0.000527985
1.2186	0.000447768
1.2187	0.000483253
1.2188	0.000665489
1.2189	0.000590193
1.219	0.000561499
1.2191	0.000408971
1.2192	0.000446072
1.2193	0.000541785
1.2194	0.000699554
1.2195	0.000724785
1.2196	0.00048311
1.2197	0.000535839
1.2198	0.000493196
1.2199	0.000538033
1.22	0.000590927
1.2201	0.000644239
1.2202	0.000596155
1.2203	0.000517669
1.2204	0.000548616
1.2205	0.000597782
1.2206	0.000634161
1.2207	0.000703793
1.2208	0.000503436
1.2209	0.00065858
1.221	0.000703321
1.2211	0.000614914
1.2212	0.000663396
1.2213	0.000671741
1.2214	0.000528483
1.2215	0.000533875
1.2216	0.000423009
1.2217	0.000624686
1.2218	0.000623574
1.2219	0.000596434
1.222	0.000594137
1.2221	0.000875293
1.2222	0.00074389
1.2223	0.00069721
1.2224	0.000468291
1.2225	0.000606751
1.2226	0.000737668
1.2227	0.000493387
1.2228	0.000616487
1.2229	0.000651413
1.223	0.000573011
1.2231	0.000624699
1.2232	0.000594371
1.2233	0.000586702
1.2234	0.00050465
1.2235	0.000648541
1.2236	0.000642217
1.2237	0.000727274
1.2238	0.000532193
1.2239	0.00043413
1.224	0.000403769
1.2241	0.000577621
1.2242	0.000582609
1.2243	0.000571654
1.2244	0.000451828
1.2245	0.000646168
1.2246	0.000798007
1.2247	0.000837319
1.2248	0.000658554
1.2249	0.00061739
1.225	0.000600408
1.2251	0.000805167
1.2252	0.0008582
1.2253	0.000473127
1.2254	0.000551239
1.2255	0.000568804
1.2256	0.000457932
1.2257	0.000583967
1.2258	0.000620377
1.2259	0.000506381
1.226	0.000425241
1.2261	0.000416254
1.2262	0.00040488
1.2263	0.000563871
1.2264	0.000755711
1.2265	0.000904032
1.2266	0.00065276
1.2267	0.000606696
1.2268	0.0006839
1.2269	0.000464724
1.227	0.000788935
1.2271	0.000637857
1.2272	0.000776096
1.2273	0.000537473
1.2274	0.000801247
1.2275	0.000751702
1.2276	0.000529987
1.2277	0.000621201
1.2278	0.000689586
1.2279	0.00045429
1.228	0.000475548
1.2281	0.000380416
1.2282	0.000424504
1.2283	0.000484675
1.2284	0.000588246
1.2285	0.000597217
1.2286	0.00046183
1.2287	0.000415996
1.2288	0.000667594
1.2289	0.00075745
1.229	0.000634885
1.2291	0.000664183
1.2292	0.00061814
1.2293	0.000826662
1.2294	0.000578604
1.2295	0.00065621
1.2296	0.000739556
1.2297	0.000625294
1.2298	0.000633845
1.2299	0.000714371
1.23	0.000542331
1.2301	0.000682073
1.2302	0.000508707
1.2303	0.000421526
1.2304	0.000451887
1.2305	0.000528166
1.2306	0.000593489
1.2307	0.000498066
1.2308	0.000378905
1.2309	0.000624282
1.231	0.000522288
1.2311	0.000500198
1.2312	0.000618334
1.2313	0.000541161
1.2314	0.000686672
1.2315	0.00092023
1.2316	0.000877407
1.2317	0.000568327
1.2318	0.000739533
1.2319	0.000824962
1.232	0.000739976
1.2321	0.000618115
1.2322	0.000615402
1.2323	0.000495091
1.2324	0.000401654
1.2325	0.000556373
1.2326	0.000625873
1.2327	0.000565687
1.2328	0.000407284
1.2329	0.000509813
1.233	0.000614679
1.2331	0.000387263
1.2332	0.000460917
1.2333	0.000652599
1.2334	0.000488646
1.2335	0.000755313
1.2336	0.00052741
1.2337	0.000667044
1.2338	0.00070628
1.2339	0.000668881
1.234	0.000561889
1.2341	0.00054594
1.2342	0.00067945
1.2343	0.000699912
1.2344	0.000832832
1.2345	0.000582787
1.2346	0.00052706
1.2347	0.000570267
1.2348	0.000478715
1.2349	0.000641477
1.235	0.000702743
1.2351	0.000500564
1.2352	0.000673685
1.2353	0.000693489
1.2354	0.000676895
1.2355	0.000639584
1.2356	0.000593367
1.2357	0.000772698
1.2358	0.000653815
1.2359	0.000476429
1.236	0.000644116
1.2361	0.000646532
1.2362	0.000621636
1.2363	0.000502542
1.2364	0.000729298
1.2365	0.000584127
1.2366	0.000516651
1.2367	0.000653538
1.2368	0.000604668
1.2369	0.000635092
1.237	0.000774042
1.2371	0.000583339
1.2372	0.000527675
1.2373	0.000729329
1.2374	0.000686672
1.2375	0.000746963
1.2376	0.000629406
1.2377	0.000462578
1.2378	0.000479609
1.2379	0.000579266
1.238	0.000770548
1.2381	0.000715749
1.2382	0.000572487
1.2383	0.000547037
1.2384	0.000656453
1.2385	0.000736551
1.2386	0.0006871
1.2387	0.00041874
1.2388	0.000604596
1.2389	0.000746988
1.239	0.000525131
1.2391	0.000519423
1.2392	0.000524804
1.2393	0.000598818
1.2394	0.000611521
1.2395	0.000427101
1.2396	0.000732524
1.2397	0.000629369
1.2398	0.000527907
1.2399	0.000455198
1.24	0.000549594
1.2401	0.000544464
1.2402	0.000529176
1.2403	0.000645874
1.2404	0.000617828
1.2405	0.000623201
1.2406	0.000825146
1.2407	0.000400241
1.2408	0.000759286
1.2409	0.000399335
1.241	0.000500949
1.2411	0.00057296
1.2412	0.000509552
1.2413	0.000624249
1.2414	0.000633362
1.2415	0.000501135
1.2416	0.000589498
1.2417	0.000586151
1.2418	0.000730688
1.2419	0.000887305
1.242	0.000466763
1.2421	0.000610155
1.2422	0.000518898
1.2423	0.000521441
1.2424	0.00057638
1.2425	0.000601257
1.2426	0.000749793
1.2427	0.000665318
1.2428	0.00055763
1.2429	0.00072885
1.243	0.000615689
1.2431	0.000762465
1.2432	0.000478719
1.2433	0.000508781
1.2434	0.000498436
1.2435	0.000608529
1.2436	0.000704301
1.2437	0.00062122
1.2438	0.000455611
1.2439	0.000614261
1.244	0.000553238
1.2441	0.000660377
1.2442	0.000491903
1.2443	0.000558161
1.2444	0.000367096
1.2445	0.000475591
1.2446	0.000750295
1.2447	0.000665514
1.2448	0.000740195
1.2449	0.000709811
1.245	0.000619774
1.2451	0.000799477
1.2452	0.000717943
1.2453	0.000611884
1.2454	0.000666759
1.2455	0.000464852
1.2456	0.000675269
1.2457	0.000788794
1.2458	0.000567334
1.2459	0.000533528
1.246	0.00064308
1.2461	0.000636202
1.2462	0.000699586
1.2463	0.000480455
1.2464	0.000433283
1.2465	0.000513686
1.2466	0.000678227
1.2467	0.000435153
1.2468	0.000413073
1.2469	0.000568636
1.247	0.000657149
1.2471	0.000500111
1.2472	0.000547944
1.2473	0.000662789
1.2474	0.000564783
1.2475	0.000666011
1.2476	0.000483823
1.2477	0.000594957
1.2478	0.000626023
1.2479	0.000564749
1.248	0.000660171
1.2481	0.000424084
1.2482	0.000505853
1.2483	0.000492021
1.2484	0.000548919
1.2485	0.000575564
1.2486	0.00051073
1.2487	0.000583348
1.2488	0.00058386
1.2489	0.000531573
1.249	0.000461306
1.2491	0.000481707
1.2492	0.000546671
1.2493	0.00060369
1.2494	0.000698257
1.2495	0.000507408
1.2496	0.000771779
1.2497	0.000518132
1.2498	0.000465131
1.2499	0.000383247
1.25	0.000537126
1.2501	0.000565268
1.2502	0.000589685
1.2503	0.000609067
1.2504	0.000416945
1.2505	0.000659053
1.2506	0.000409244
1.2507	0.000433181
1.2508	0.000412805
1.2509	0.000545778
1.251	0.000448887
1.2511	0.000546003
1.2512	0.000355524
1.2513	0.00043363
1.2514	0.000497495
1.2515	0.000550491
1.2516	0.000482567
1.2517	0.000570092
1.2518	0.000721857
1.2519	0.000941258
1.252	0.000493303
1.2521	0.000447858
1.2522	0.000490928
1.2523	0.000528866
1.2524	0.000487356
1.2525	0.000570468
1.2526	0.000593561
1.2527	0.000518868
1.2528	0.000576918
1.2529	0.000549989
1.253	0.000417027
1.2531	0.000689347
1.2532	0.000361766
1.2533	0.000550342
1.2534	0.000425847
1.2535	0.000444532
1.2536	0.000447991
1.2537	0.000629933
1.2538	0.000444169
1.2539	0.000528362
1.254	0.000586127
1.2541	0.000545729
1.2542	0.000647986
1.2543	0.000507508
1.2544	0.000461268
1.2545	0.000542608
1.2546	0.000635755
1.2547	0.000572726
1.2548	0.000562331
1.2549	0.000412792
1.255	0.00071584
1.2551	0.000618344
1.2552	0.000890199
1.2553	0.000532625
1.2554	0.000452549
1.2555	0.000568252
1.2556	0.000610354
1.2557	0.000530118
1.2558	0.00064135
1.2559	0.000427822
1.256	0.000499373
1.2561	0.000413068
1.2562	0.000617582
1.2563	0.000629679
1.2564	0.000691062
1.2565	0.000585133
1.2566	0.000634109
1.2567	0.000534088
1.2568	0.000514285
1.2569	0.00071623
1.257	0.000513863
1.2571	0.000485736
1.2572	0.000529348
1.2573	0.000488004
1.2574	0.000549685
1.2575	0.00060748
1.2576	0.000629444
1.2577	0.000720402
1.2578	0.00063357
1.2579	0.000662481
1.258	0.000705332
1.2581	0.000528711
1.2582	0.000599372
1.2583	0.000602445
1.2584	0.000593293
1.2585	0.000774506
1.2586	0.000508998
1.2587	0.000699598
1.2588	0.000548514
1.2589	0.000479601
1.259	0.000526475
1.2591	0.00060561
1.2592	0.000637639
1.2593	0.00058322
1.2594	0.000660297
1.2595	0.000533365
1.2596	0.000446052
1.2597	0.000469732
1.2598	0.000603808
1.2599	0.00057312
1.26	0.000624245
1.2601	0.000521383
1.2602	0.000699575
1.2603	0.000687229
1.2604	0.000735394
1.2605	0.000608242
1.2606	0.00065089
1.2607	0.000835855
1.2608	0.000753759
1.2609	0.000664871
1.261	0.000473541
1.2611	0.000631276
1.2612	0.000446487
1.2613	0.000463361
1.2614	0.000635637
1.2615	0.000715327
1.2616	0.000553282
1.2617	0.000382682
1.2618	0.000368738
1.2619	0.000400954
1.262	0.000646983
1.2621	0.000656725
1.2622	0.000577954
1.2623	0.000633714
1.2624	0.000530372
1.2625	0.000733235
1.2626	0.00043105
1.2627	0.000764241
1.2628	0.000637669
1.2629	0.000816596
1.263	0.000484313
1.2631	0.000746074
1.2632	0.000689004
1.2633	0.000546536
1.2634	0.000594643
1.2635	0.000691609
1.2636	0.000454388
1.2637	0.000550546
1.2638	0.000445848
1.2639	0.00047166
1.264	0.000427325
1.2641	0.000452456
1.2642	0.000602505
1.2643	0.000381312
1.2644	0.000465448
1.2645	0.000642816
1.2646	0.000760449
1.2647	0.000636743
1.2648	0.000612363
1.2649	0.000744041
1.265	0.000632332
1.2651	0.000879648
1.2652	0.000616981
1.2653	0.000612255
1.2654	0.000653971
1.2655	0.000660557
1.2656	0.000587919
1.2657	0.000577741
1.2658	0.000732588
1.2659	0.000588674
1.266	0.000580483
1.2661	0.000535085
1.2662	0.000493261
1.2663	0.00056127
1.2664	0.00045749
1.2665	0.000334984
1.2666	0.000633294
1.2667	0.000565211
1.2668	0.000604791
1.2669	0.000676649
1.267	0.000508886
1.2671	0.000749288
1.2672	0.000748436
1.2673	0.000852078
1.2674	0.000570891
1.2675	0.000701306
1.2676	0.000706571
1.2677	0.000680518
1.2678	0.000514869
1.2679	0.000544081
1.268	0.000566305
1.2681	0.000485942
1.2682	0.000611551
1.2683	0.000759729
1.2684	0.000593736
1.2685	0.000428335
1.2686	0.000441645
1.2687	0.000669153
1.2688	0.000419257
1.2689	0.000427163
1.269	0.000621383
1.2691	0.000474268
1.2692	0.000802324
1.2693	0.000559789
1.2694	0.000661474
1.2695	0.000542566
1.2696	0.000711565
1.2697	0.000655836
1.2698	0.000708061
1.2699	0.000687888
1.27	0.000704023
1.2701	0.000755417
1.2702	0.000489318
1.2703	0.000495541
1.2704	0.000634887
1.2705	0.000524725
1.2706	0.000548332
1.2707	0.000536007
1.2708	0.000604968
1.2709	0.000670259
1.271	0.000558588
1.2711	0.000682733
1.2712	0.000635761
1.2713	0.000726852
1.2714	0.000775856
1.2715	0.000708517
1.2716	0.000651413
1.2717	0.000577739
1.2718	0.000615196
1.2719	0.000682413
1.272	0.000593849
1.2721	0.00058832
1.2722	0.00055619
1.2723	0.00047237
1.2724	0.000630575
1.2725	0.000570084
1.2726	0.000627157
1.2727	0.000724813
1.2728	0.000639669
1.2729	0.000562209
1.273	0.000629488
1.2731	0.000564652
1.2732	0.000694863
1.2733	0.000652183
1.2734	0.000441372
1.2735	0.000622066
1.2736	0.000714036
1.2737	0.000835972
1.2738	0.000752269
1.2739	0.000555135
1.274	0.00063953
1.2741	0.000730702
1.2742	0.000782306
1.2743	0.000817347
1.2744	0.000463808
1.2745	0.000620381
1.2746	0.00069822
1.2747	0.000498121
1.2748	0.000640864
1.2749	0.000708876
1.275	0.0004589
1.2751	0.000488448
1.2752	0.000635705
1.2753	0.000692863
1.2754	0.000592164
1.2755	0.000538905
1.2756	0.000552032
1.2757	0.00066164
1.2758	0.000508931
1.2759	0.000596111
1.276	0.000605019
1.2761	0.00070423
1.2762	0.000838559
1.2763	0.000664554
1.2764	0.000506206
1.2765	0.000768664
1.2766	0.000423414
1.2767	0.000449673
1.2768	0.000629237
1.2769	0.000586451
1.277	0.000678793
1.2771	0.000600644
1.2772	0.000598539
1.2773	0.000645081
1.2774	0.000494529
1.2775	0.000670928
1.2776	0.000795183
1.2777	0.000437725
1.2778	0.000597063
1.2779	0.000503184
1.278	0.000409307
1.2781	0.000619394
1.2782	0.000607695
1.2783	0.00068826
1.2784	0.000723519
1.2785	0.000526481
1.2786	0.0007692
1.2787	0.00060712
1.2788	0.000576592
1.2789	0.000466455
1.279	0.000536934
1.2791	0.000504862
1.2792	0.000593514
1.2793	0.000644227
1.2794	0.000633592
1.2795	0.000401908
1.2796	0.000767606
1.2797	0.000715085
1.2798	0.000581209
1.2799	0.000560539
1.28	0.00069935
1.2801	0.000498024
1.2802	0.000424433
1.2803	0.000681449
1.2804	0.000742482
1.2805	0.000735381
1.2806	0.000589898
1.2807	0.000566703
1.2808	0.000719146
1.2809	0.000723652
1.281	0.000529526
1.2811	0.000582153
1.2812	0.000495753
1.2813	0.00057292
1.2814	0.000605986
1.2815	0.00061025
1.2816	0.000474291
1.2817	0.000693508
1.2818	0.000773476
1.2819	0.000730948
1.282	0.000479304
1.2821	0.000446768
1.2822	0.000495429
1.2823	0.000588584
1.2824	0.000428882
1.2825	0.000366393
1.2826	0.000546317
1.2827	0.000628977
1.2828	0.00064575
1.2829	0.000548022
1.283	0.000748774
1.2831	0.000668062
1.2832	0.000604196
1.2833	0.000437393
1.2834	0.000645044
1.2835	0.000683078
1.2836	0.000554298
1.2837	0.000673117
1.2838	0.00044896
1.2839	0.000596147
1.284	0.00062826
1.2841	0.000529577
1.2842	0.000544489
1.2843	0.000510483
1.2844	0.000596801
1.2845	0.000564264
1.2846	0.000500487
1.2847	0.000491484
1.2848	0.000486705
1.2849	0.000553724
1.285	0.000599487
1.2851	0.000638696
1.2852	0.000616285
1.2853	0.000501488
1.2854	0.000497114
1.2855	0.000491652
1.2856	0.000464021
1.2857	0.00052541
1.2858	0.000573191
1.2859	0.00052206
1.286	0.000776569
1.2861	0.000592803
1.2862	0.000722457
1.2863	0.000415291
1.2864	0.000391306
1.2865	0.000393638
1.2866	0.000560141
1.2867	0.000383785
1.2868	0.000533851
1.2869	0.000335096
1.287	0.000439862
1.2871	0.000564198
1.2872	0.000622072
1.2873	0.000537287
1.2874	0.000567987
1.2875	0.000745188
1.2876	0.00056375
1.2877	0.000710689
1.2878	0.000484265
1.2879	0.000513668
1.288	0.0006076
1.2881	0.000554602
1.2882	0.000692524
1.2883	0.000515509
1.2884	0.000579169
1.2885	0.000571621
1.2886	0.000431381
1.2887	0.000567152
1.2888	0.000617225
1.2889	0.000382502
1.289	0.000403584
1.2891	0.000537033
1.2892	0.000438211
1.2893	0.000391618
1.2894	0.000600384
1.2895	0.000520048
1.2896	0.00065206
1.2897	0.000590523
1.2898	0.000787478
1.2899	0.000692153
1.29	0.000520392
1.2901	0.000456813
1.2902	0.000603649
1.2903	0.000630606
1.2904	0.000470694
1.2905	0.000470347
1.2906	0.000468848
1.2907	0.000695683
1.2908	0.000537857
1.2909	0.000832575
1.291	0.000540623
1.2911	0.000541473
1.2912	0.000593453
1.2913	0.000597966
1.2914	0.000551255
1.2915	0.000690956
1.2916	0.000569285
1.2917	0.00053126
1.2918	0.0003493
1.2919	0.000521991
1.292	0.000701383
1.2921	0.000708437
1.2922	0.000425081
1.2923	0.000681947
1.2924	0.000533297
1.2925	0.00057637
1.2926	0.00059024
1.2927	0.000536622
1.2928	0.000493858
1.2929	0.000488437
1.293	0.000478671
1.2931	0.000542902
1.2932	0.000493584
1.2933	0.000505321
1.2934	0.000601817
1.2935	0.000712379
1.2936	0.000783033
1.2937	0.000710123
1.2938	0.000558351
1.2939	0.000545635
1.294	0.000720137
1.2941	0.000536716
1.2942	0.000626505
1.2943	0.000699947
1.2944	0.000569215
1.2945	0.000595264
1.2946	0.000547408
1.2947	0.000513021
1.2948	0.000528328
1.2949	0.000692602
1.295	0.000677341
1.2951	0.000713008
1.2952	0.000573719
1.2953	0.000468317
1.2954	0.000400366
1.2955	0.000633522
1.2956	0.000533806
1.2957	0.000576875
1.2958	0.000544423
1.2959	0.000675067
1.296	0.000696849
1.2961	0.000788424
1.2962	0.00056212
1.2963	0.000604277
1.2964	0.000748387
1.2965	0.000621612
1.2966	0.000712427
1.2967	0.000426294
1.2968	0.000611396
1.2969	0.000653071
1.297	0.00042314
1.2971	0.000598145
1.2972	0.000648157
1.2973	0.000551558
1.2974	0.000484111
1.2975	0.000354313
1.2976	0.000405108
1.2977	0.000591137
1.2978	0.000756755
1.2979	0.000532502
1.298	0.000626897
1.2981	0.00057789
1.2982	0.000630662
1.2983	0.000452925
1.2984	0.000730787
1.2985	0.000641041
1.2986	0.000831733
1.2987	0.00052009
1.2988	0.000803771
1.2989	0.000672645
1.299	0.000431436
1.2991	0.000554935
1.2992	0.000614891
1.2993	0.00044678
1.2994	0.000407367
1.2995	0.000415868
1.2996	0.000410649
1.2997	0.00045749
1.2998	0.000544882
1.2999	0.000573543
1.3	0.000453293
1.3001	0.000504536
1.3002	0.000622755
1.3003	0.000719512
1.3004	0.0006279
1.3005	0.000677195
1.3006	0.000542771
1.3007	0.000668308
1.3008	0.000623903
1.3009	0.000584742
1.301	0.000628179
1.3011	0.00069563
1.3012	0.00073803
1.3013	0.00056448
1.3014	0.000533517
1.3015	0.000646094
1.3016	0.000545573
1.3017	0.000452889
1.3018	0.000483868
1.3019	0.000471076
1.302	0.000592486
1.3021	0.000457984
1.3022	0.000486418
1.3023	0.000513513
1.3024	0.000576496
1.3025	0.000512368
1.3026	0.000638354
1.3027	0.000725684
1.3028	0.000714508
1.3029	0.000952895
1.303	0.000837613
1.3031	0.000527572
1.3032	0.000762753
1.3033	0.000741878
1.3034	0.000714354
1.3035	0.000555538
1.3036	0.000598024
1.3037	0.000549128
1.3038	0.000385956
1.3039	0.000565436
1.304	0.000582841
1.3041	0.000682484
1.3042	0.000428094
1.3043	0.000601667
1.3044	0.000599093
1.3045	0.0004977
1.3046	0.000356763
1.3047	0.000551201
1.3048	0.000473791
1.3049	0.000757872
1.305	0.000502594
1.3051	0.000679495
1.3052	0.000632975
1.3053	0.000738817
1.3054	0.000523104
1.3055	0.00057332
1.3056	0.000560462
1.3057	0.000716092
1.3058	0.000809001
1.3059	0.000670829
1.306	0.00049021
1.3061	0.000589579
1.3062	0.000571988
1.3063	0.000412065
1.3064	0.000616691
1.3065	0.000624037
1.3066	0.000583406
1.3067	0.000558133
1.3068	0.000734642
1.3069	0.000621242
1.307	0.00061025
1.3071	0.000654743
1.3072	0.000691219
1.3073	0.000602554
1.3074	0.000590527
1.3075	0.000560523
1.3076	0.00070869
1.3077	0.000764748
1.3078	0.000652427
1.3079	0.000527154
1.308	0.000462725
1.3081	0.000617066
1.3082	0.000576957
1.3083	0.000721548
1.3084	0.000673275
1.3085	0.000627101
1.3086	0.000490331
1.3087	0.000656301
1.3088	0.000592855
1.3089	0.000738586
1.309	0.000644057
1.3091	0.000525679
1.3092	0.00063601
1.3093	0.000652028
1.3094	0.000655644
1.3095	0.000708364
1.3096	0.000628042
1.3097	0.000683092
1.3098	0.000683604
1.3099	0.000708596
1.31	0.000613177
1.3101	0.000449817
1.3102	0.000567319
1.3103	0.000686794
1.3104	0.000520841
1.3105	0.000575063
1.3106	0.000604424
1.3107	0.000526259
1.3108	0.000500521
1.3109	0.000556109
1.311	0.000547773
1.3111	0.000614868
1.3112	0.000454726
1.3113	0.000461206
1.3114	0.000683841
1.3115	0.000528086
1.3116	0.000633371
1.3117	0.000529777
1.3118	0.000568793
1.3119	0.000720887
1.312	0.000752755
1.3121	0.000538058
1.3122	0.000617678
1.3123	0.000424874
1.3124	0.00049401
1.3125	0.000547981
1.3126	0.0006499
1.3127	0.000619756
1.3128	0.000473295
1.3129	0.000509256
1.313	0.000550616
1.3131	0.000494931
1.3132	0.000718855
1.3133	0.000799179
1.3134	0.000602548
1.3135	0.000442682
1.3136	0.000538103
1.3137	0.000517557
1.3138	0.000508165
1.3139	0.000604016
1.314	0.000678443
1.3141	0.000597571
1.3142	0.000543711
1.3143	0.000738659
1.3144	0.000784723
1.3145	0.000587902
1.3146	0.000477258
1.3147	0.000545582
1.3148	0.000533328
1.3149	0.000533323
1.315	0.00056602
1.3151	0.000655877
1.3152	0.000557725
1.3153	0.000695828
1.3154	0.000532201
1.3155	0.000565371
1.3156	0.000537344
1.3157	0.000586974
1.3158	0.000411116
1.3159	0.000464453
1.316	0.000625924
1.3161	0.000628129
1.3162	0.000811938
1.3163	0.000616304
1.3164	0.00066081
1.3165	0.000745107
1.3166	0.000678841
1.3167	0.000482089
1.3168	0.000587208
1.3169	0.000483167
1.317	0.000639716
1.3171	0.000635129
1.3172	0.000535398
1.3173	0.000485466
1.3174	0.000624367
1.3175	0.000705166
1.3176	0.000704231
1.3177	0.000427842
1.3178	0.000457038
1.3179	0.00045292
1.318	0.00056804
1.3181	0.000451433
1.3182	0.000371627
1.3183	0.000649241
1.3184	0.000608056
1.3185	0.000698291
1.3186	0.000513062
1.3187	0.000723052
1.3188	0.000692992
1.3189	0.000587396
1.319	0.000538371
1.3191	0.000540978
1.3192	0.000646365
1.3193	0.000661896
1.3194	0.000633283
1.3195	0.000416561
1.3196	0.000511469
1.3197	0.000564609
1.3198	0.000540454
1.3199	0.000671824
1.32	0.000464937
1.3201	0.000581997
1.3202	0.000619872
1.3203	0.000471342
1.3204	0.000486746
1.3205	0.000493187
1.3206	0.000566228
1.3207	0.000563615
1.3208	0.000573227
1.3209	0.000472707
1.321	0.000700558
1.3211	0.000536931
1.3212	0.000484247
1.3213	0.000472181
1.3214	0.00054713
1.3215	0.000575143
1.3216	0.000556667
1.3217	0.000557818
1.3218	0.000471333
1.3219	0.000582085
1.322	0.000459147
1.3221	0.000390665
1.3222	0.000395062
1.3223	0.000535489
1.3224	0.000382421
1.3225	0.000474492
1.3226	0.000394873
1.3227	0.000456263
1.3228	0.000585317
1.3229	0.000514626
1.323	0.000477169
1.3231	0.000522107
1.3232	0.000692892
1.3233	0.000899035
1.3234	0.000444488
1.3235	0.000458893
1.3236	0.000509252
1.3237	0.000501901
1.3238	0.000518237
1.3239	0.00068909
1.324	0.00055321
1.3241	0.000537761
1.3242	0.000575067
1.3243	0.000572422
1.3244	0.000444464
1.3245	0.000688683
1.3246	0.00038784
1.3247	0.000542114
1.3248	0.000426291
1.3249	0.000487459
1.325	0.000433636
1.3251	0.000632448
1.3252	0.000508108
1.3253	0.000505629
1.3254	0.00071044
1.3255	0.000544504
1.3256	0.000496294
1.3257	0.000482966
1.3258	0.000601235
1.3259	0.000562837
1.326	0.000526404
1.3261	0.000487643
1.3262	0.00051638
1.3263	0.000598323
1.3264	0.000673867
1.3265	0.000532076
1.3266	0.00067725
1.3267	0.000492386
1.3268	0.000573508
1.3269	0.000432841
1.327	0.00061368
1.3271	0.000529623
1.3272	0.00060669
1.3273	0.000481305
1.3274	0.000506452
1.3275	0.000428906
1.3276	0.000807412
1.3277	0.000562785
1.3278	0.000731152
1.3279	0.000577598
1.328	0.000585005
1.3281	0.000679131
1.3282	0.000606194
1.3283	0.000568526
1.3284	0.000505706
1.3285	0.00048819
1.3286	0.000517368
1.3287	0.000529366
1.3288	0.000483549
1.3289	0.000602188
1.329	0.00077919
1.3291	0.000733455
1.3292	0.000714259
1.3293	0.000676195
1.3294	0.000599647
1.3295	0.000555828
1.3296	0.000596015
1.3297	0.000632876
1.3298	0.000533336
1.3299	0.000768726
1.33	0.00052176
1.3301	0.000540206
1.3302	0.000498539
1.3303	0.000469218
1.3304	0.000537498
1.3305	0.000615061
1.3306	0.000553646
1.3307	0.000530257
1.3308	0.000700348
1.3309	0.000439208
1.331	0.000476908
1.3311	0.000425903
1.3312	0.000584574
1.3313	0.000644207
1.3314	0.000688779
1.3315	0.000478211
1.3316	0.000798968
1.3317	0.000826885
1.3318	0.00087528
1.3319	0.000559992
1.332	0.000668073
1.3321	0.000725293
1.3322	0.000613031
1.3323	0.000823953
1.3324	0.000531873
1.3325	0.000636325
1.3326	0.000492438
1.3327	0.000462517
1.3328	0.00062546
1.3329	0.000627718
1.333	0.000634323
1.3331	0.000394873
1.3332	0.000381912
1.3333	0.000426722
1.3334	0.000752351
1.3335	0.000690017
1.3336	0.000528694
1.3337	0.000537665
1.3338	0.000656226
1.3339	0.000829366
1.334	0.000753693
1.3341	0.000664123
1.3342	0.000667081
1.3343	0.000751685
1.3344	0.000733153
1.3345	0.000731338
1.3346	0.00057163
1.3347	0.000536389
1.3348	0.000692396
1.3349	0.00057873
1.335	0.000636065
1.3351	0.000467239
1.3352	0.000424761
1.3353	0.000512413
1.3354	0.00051684
1.3355	0.000500611
1.3356	0.000575385
1.3357	0.000412262
1.3358	0.000393728
1.3359	0.000702693
1.336	0.000720364
1.3361	0.000674758
1.3362	0.000670142
1.3363	0.000802639
1.3364	0.000508699
1.3365	0.000754844
1.3366	0.000576697
1.3367	0.000663419
1.3368	0.000664001
1.3369	0.000688376
1.337	0.000510415
1.3371	0.000679001
1.3372	0.000537131
1.3373	0.000507619
1.3374	0.000491931
1.3375	0.000496417
1.3376	0.000619037
1.3377	0.000508651
1.3378	0.000485415
1.3379	0.000424511
1.338	0.000447457
1.3381	0.000582115
1.3382	0.000610424
1.3383	0.000873235
1.3384	0.000588464
1.3385	0.000855681
1.3386	0.000964213
1.3387	0.000701848
1.3388	0.00052721
1.3389	0.000759385
1.339	0.000807502
1.3391	0.000585963
1.3392	0.000531878
1.3393	0.000550111
1.3394	0.00051305
1.3395	0.000563454
1.3396	0.000418075
1.3397	0.000727517
1.3398	0.000792466
1.3399	0.000557757
1.34	0.00049143
1.3401	0.000462717
1.3402	0.000470444
1.3403	0.000456362
1.3404	0.000571559
1.3405	0.000596572
1.3406	0.000750158
1.3407	0.000809192
1.3408	0.000723004
1.3409	0.000561028
1.341	0.000621471
1.3411	0.000715923
1.3412	0.00054308
1.3413	0.000555357
1.3414	0.000681807
1.3415	0.000696381
1.3416	0.000507843
1.3417	0.000535608
1.3418	0.00064011
1.3419	0.000526377
1.342	0.000606579
1.3421	0.000429146
1.3422	0.00059735
1.3423	0.000567697
1.3424	0.000700862
1.3425	0.000565014
1.3426	0.0005771
1.3427	0.000682548
1.3428	0.000568401
1.3429	0.000615238
1.343	0.000640635
1.3431	0.000587832
1.3432	0.000665057
1.3433	0.000524931
1.3434	0.000653887
1.3435	0.000516421
1.3436	0.000616414
1.3437	0.00038733
1.3438	0.000526666
1.3439	0.000664535
1.344	0.000673953
1.3441	0.000855925
1.3442	0.000575641
1.3443	0.000668945
1.3444	0.000679524
1.3445	0.000559744
1.3446	0.000547279
1.3447	0.000664215
1.3448	0.0004414
1.3449	0.000702051
1.345	0.000828353
1.3451	0.000733939
1.3452	0.000603786
1.3453	0.0005224
1.3454	0.000729966
1.3455	0.000611504
1.3456	0.000772507
1.3457	0.000791436
1.3458	0.000429631
1.3459	0.000560689
1.346	0.000764671
1.3461	0.000494147
1.3462	0.000647933
1.3463	0.000775155
1.3464	0.000488718
1.3465	0.000652484
1.3466	0.000531652
1.3467	0.000573442
1.3468	0.000488533
1.3469	0.000572446
1.347	0.00058886
1.3471	0.000739035
1.3472	0.000511733
1.3473	0.000597274
1.3474	0.000527029
1.3475	0.000574122
1.3476	0.000555144
1.3477	0.000616163
1.3478	0.000482248
1.3479	0.000765764
1.348	0.000435056
1.3481	0.000504051
1.3482	0.000646178
1.3483	0.00059423
1.3484	0.000629556
1.3485	0.000523525
1.3486	0.000711797
1.3487	0.000570688
1.3488	0.00064415
1.3489	0.00065954
1.349	0.000596232
1.3491	0.000592381
1.3492	0.000639158
1.3493	0.000502998
1.3494	0.000543876
1.3495	0.000664323
1.3496	0.000814789
1.3497	0.000504312
1.3498	0.000691613
1.3499	0.000626087
1.35	0.000748456
1.3501	0.00088933
1.3502	0.000657955
1.3503	0.000459074
1.3504	0.00056602
1.3505	0.000521816
1.3506	0.000493167
1.3507	0.000634888
1.3508	0.000647289
1.3509	0.000451075
1.351	0.000598381
1.3511	0.000717601
1.3512	0.000540524
1.3513	0.000579711
1.3514	0.00052003
1.3515	0.000621179
1.3516	0.0005537
1.3517	0.000756337
1.3518	0.000896067
1.3519	0.000648173
1.352	0.000819811
1.3521	0.000667771
1.3522	0.000766954
1.3523	0.000699365
1.3524	0.000486034
1.3525	0.000670245
1.3526	0.000616908
1.3527	0.000570059
1.3528	0.000696205
1.3529	0.000550529
1.353	0.000646455
1.3531	0.000540386
1.3532	0.000501739
1.3533	0.000531996
1.3534	0.000514037
1.3535	0.000546251
1.3536	0.000620483
1.3537	0.00046035
1.3538	0.000412852
1.3539	0.000580523
1.354	0.000423799
1.3541	0.000531647
1.3542	0.000644425
1.3543	0.000704415
1.3544	0.000610788
1.3545	0.000640515
1.3546	0.000464196
1.3547	0.000460313
1.3548	0.00061817
1.3549	0.000639274
1.355	0.000533177
1.3551	0.000605
1.3552	0.000427186
1.3553	0.000536212
1.3554	0.000613513
1.3555	0.000495781
1.3556	0.000568962
1.3557	0.000561236
1.3558	0.000520135
1.3559	0.000515359
1.356	0.000385442
1.3561	0.000494122
1.3562	0.000528143
1.3563	0.000502106
1.3564	0.000531582
1.3565	0.000500212
1.3566	0.000625068
1.3567	0.000554067
1.3568	0.000650818
1.3569	0.000383505
1.357	0.000472642
1.3571	0.000537135
1.3572	0.000567759
1.3573	0.000541233
1.3574	0.000727704
1.3575	0.000715879
1.3576	0.000505454
1.3577	0.000419457
1.3578	0.000375034
1.3579	0.000416638
1.358	0.000544106
1.3581	0.000417666
1.3582	0.000437795
1.3583	0.00040194
1.3584	0.000502941
1.3585	0.000652087
1.3586	0.000451411
1.3587	0.000495469
1.3588	0.000657758
1.3589	0.000714169
1.359	0.000819088
1.3591	0.000505858
1.3592	0.000406877
1.3593	0.000510573
1.3594	0.00051452
1.3595	0.000470379
1.3596	0.000709447
1.3597	0.000493807
1.3598	0.000610901
1.3599	0.000611107
1.36	0.0006202
1.3601	0.000528972
1.3602	0.000573773
1.3603	0.000378342
1.3604	0.000463461
1.3605	0.000459949
1.3606	0.000477022
1.3607	0.000611178
1.3608	0.000393178
1.3609	0.000457362
1.361	0.000659489
1.3611	0.000614252
1.3612	0.000560457
1.3613	0.000585622
1.3614	0.000466783
1.3615	0.000513311
1.3616	0.000506926
1.3617	0.000728675
1.3618	0.000480062
1.3619	0.000450515
1.362	0.000717275
1.3621	0.000575761
1.3622	0.000807431
1.3623	0.000583021
1.3624	0.000485326
1.3625	0.000540998
1.3626	0.0006104
1.3627	0.000608432
1.3628	0.000601975
1.3629	0.000565837
1.363	0.000503681
1.3631	0.000466242
1.3632	0.00051199
1.3633	0.000546898
1.3634	0.0004997
1.3635	0.000662627
1.3636	0.000650778
1.3637	0.000552222
1.3638	0.000680166
1.3639	0.000531837
1.364	0.000601526
1.3641	0.000533126
1.3642	0.000623353
1.3643	0.00043399
1.3644	0.000527723
1.3645	0.000652854
1.3646	0.00058083
1.3647	0.000614316
1.3648	0.000783949
1.3649	0.000746511
1.365	0.000763176
1.3651	0.00049061
1.3652	0.000774931
1.3653	0.0005717
1.3654	0.000619637
1.3655	0.000608704
1.3656	0.000662818
1.3657	0.00070696
1.3658	0.000554159
1.3659	0.000511117
1.366	0.000495624
1.3661	0.000461206
1.3662	0.000477365
1.3663	0.000691776
1.3664	0.000512815
1.3665	0.000555211
1.3666	0.000493893
1.3667	0.000366661
1.3668	0.00046811
1.3669	0.000545265
1.367	0.000559515
1.3671	0.00065564
1.3672	0.00056102
1.3673	0.000770929
1.3674	0.000661399
1.3675	0.000658883
1.3676	0.000540312
1.3677	0.000718514
1.3678	0.00080818
1.3679	0.000882653
1.368	0.000546399
1.3681	0.000512039
1.3682	0.000625302
1.3683	0.000557569
1.3684	0.00059469
1.3685	0.000680237
1.3686	0.000607958
1.3687	0.00043364
1.3688	0.000431208
1.3689	0.000383605
1.369	0.000560275
1.3691	0.00081039
1.3692	0.000508102
1.3693	0.000607902
1.3694	0.000533461
1.3695	0.000692548
1.3696	0.000651926
1.3697	0.000782359
1.3698	0.000517668
1.3699	0.000781571
1.37	0.000678968
1.3701	0.000781078
1.3702	0.000710697
1.3703	0.000521976
1.3704	0.000611817
1.3705	0.000723503
1.3706	0.000460371
1.3707	0.000519198
1.3708	0.000405432
1.3709	0.000388149
1.371	0.000422577
1.3711	0.000602235
1.3712	0.000648101
1.3713	0.000447763
1.3714	0.000383406
1.3715	0.000670737
1.3716	0.000799978
1.3717	0.00075024
1.3718	0.000651303
1.3719	0.000702206
1.372	0.000858529
1.3721	0.000704511
1.3722	0.000740175
1.3723	0.000621839
1.3724	0.000511177
1.3725	0.000563208
1.3726	0.000675159
1.3727	0.000654767
1.3728	0.00052955
1.3729	0.000495887
1.373	0.000502481
1.3731	0.000532712
1.3732	0.000492225
1.3733	0.000597314
1.3734	0.000522371
1.3735	0.000485062
1.3736	0.000402565
1.3737	0.000515983
1.3738	0.000639228
1.3739	0.000554541
1.374	0.000547157
1.3741	0.000621315
1.3742	0.000804273
1.3743	0.000896282
1.3744	0.000737777
1.3745	0.000524929
1.3746	0.000570099
1.3747	0.000759215
1.3748	0.000638131
1.3749	0.0005405
1.375	0.000478224
1.3751	0.000410167
1.3752	0.00054915
1.3753	0.000518581
1.3754	0.000908704
1.3755	0.000403213
1.3756	0.000497569
1.3757	0.000598742
1.3758	0.00040808
1.3759	0.00055665
1.376	0.000597076
1.3761	0.000542419
1.3762	0.000627749
1.3763	0.000524244
1.3764	0.000875582
1.3765	0.000553731
1.3766	0.000724955
1.3767	0.000591436
1.3768	0.00053232
1.3769	0.000830871
1.377	0.000686943
1.3771	0.000633964
1.3772	0.000618693
1.3773	0.000470407
1.3774	0.000500923
1.3775	0.0005571
1.3776	0.000507537
1.3777	0.000541873
1.3778	0.000492542
1.3779	0.000685188
1.378	0.000655504
1.3781	0.000697764
1.3782	0.000672006
1.3783	0.000570547
1.3784	0.000723406
1.3785	0.000584189
1.3786	0.000566538
1.3787	0.000607487
1.3788	0.000571054
1.3789	0.000611728
1.379	0.000580189
1.3791	0.000790382
1.3792	0.000690213
1.3793	0.000490577
1.3794	0.000768103
1.3795	0.00049357
1.3796	0.000501964
1.3797	0.000725342
1.3798	0.000748436
1.3799	0.000595359
1.38	0.000722891
1.3801	0.000744087
1.3802	0.000675664
1.3803	0.000564487
1.3804	0.000560509
1.3805	0.000616839
1.3806	0.000551358
1.3807	0.000629112
1.3808	0.000578968
1.3809	0.000759423
1.381	0.000714424
1.3811	0.00066186
1.3812	0.000708758
1.3813	0.000714729
1.3814	0.000575073
1.3815	0.000545629
1.3816	0.000614341
1.3817	0.000675471
1.3818	0.000514632
1.3819	0.000637397
1.382	0.000635877
1.3821	0.000638984
1.3822	0.000448243
1.3823	0.000536223
1.3824	0.000724676
1.3825	0.000636391
1.3826	0.000472551
1.3827	0.000512721
1.3828	0.000434442
1.3829	0.00052591
1.383	0.000684577
1.3831	0.000626813
1.3832	0.000648229
1.3833	0.00082322
1.3834	0.000488258
1.3835	0.000558115
1.3836	0.000719336
1.3837	0.000533173
1.3838	0.000596235
1.3839	0.000501012
1.384	0.000545385
1.3841	0.0005731
1.3842	0.000732887
1.3843	0.000766005
1.3844	0.000510507
1.3845	0.000529647
1.3846	0.00073477
1.3847	0.000479305
1.3848	0.000590147
1.3849	0.000467934
1.385	0.000558831
1.3851	0.000483002
1.3852	0.000579695
1.3853	0.000824278
1.3854	0.000621907
1.3855	0.000577113
1.3856	0.000712995
1.3857	0.000650861
1.3858	0.000758623
1.3859	0.000595156
1.386	0.000512386
1.3861	0.0005018
1.3862	0.00056706
1.3863	0.000615338
1.3864	0.00062444
1.3865	0.000661676
1.3866	0.000721925
1.3867	0.000648575
1.3868	0.000646039
1.3869	0.000559682
1.387	0.000532372
1.3871	0.000413862
1.3872	0.00044949
1.3873	0.000672536
1.3874	0.000655131
1.3875	0.000876068
1.3876	0.000715949
1.3877	0.000682662
1.3878	0.000804522
1.3879	0.000535557
1.388	0.00073324
1.3881	0.000462234
1.3882	0.000553477
1.3883	0.000593688
1.3884	0.000620493
1.3885	0.00069215
1.3886	0.000535355
1.3887	0.000466871
1.3888	0.000815259
1.3889	0.000669613
1.389	0.000528169
1.3891	0.000449813
1.3892	0.000460385
1.3893	0.000575052
1.3894	0.000392616
1.3895	0.000386757
1.3896	0.000548331
1.3897	0.000571646
1.3898	0.000586983
1.3899	0.000542156
1.39	0.000679883
1.3901	0.000811678
1.3902	0.000788106
1.3903	0.000430874
1.3904	0.000421932
1.3905	0.000502573
1.3906	0.000606648
1.3907	0.000520087
1.3908	0.000496928
1.3909	0.00053552
1.391	0.000534024
1.3911	0.000553711
1.3912	0.000519445
1.3913	0.000523088
1.3914	0.000558384
1.3915	0.000686554
1.3916	0.000587231
1.3917	0.000439972
1.3918	0.000456568
1.3919	0.000468581
1.392	0.000643362
1.3921	0.000522772
1.3922	0.00056805
1.3923	0.000670573
1.3924	0.000592634
1.3925	0.000556317
1.3926	0.000480116
1.3927	0.00043511
1.3928	0.000619258
1.3929	0.000566528
1.393	0.000691314
1.3931	0.00064678
1.3932	0.000773192
1.3933	0.00044835
1.3934	0.000352399
1.3935	0.000471277
1.3936	0.000486311
1.3937	0.000513365
1.3938	0.00050946
1.3939	0.00034677
1.394	0.000455972
1.3941	0.000560423
1.3942	0.000546894
1.3943	0.000392848
1.3944	0.000551638
1.3945	0.000712087
1.3946	0.000856518
1.3947	0.000684898
1.3948	0.000406346
1.3949	0.000422341
1.395	0.000678995
1.3951	0.000551173
1.3952	0.000590485
1.3953	0.000546784
1.3954	0.000543961
1.3955	0.000597466
1.3956	0.000515473
1.3957	0.000524947
1.3958	0.000584497
1.3959	0.000454642
1.396	0.000519037
1.3961	0.000418501
1.3962	0.00043335
1.3963	0.000450554
1.3964	0.000612731
1.3965	0.00048157
1.3966	0.000554918
1.3967	0.000504107
1.3968	0.000629063
1.3969	0.000781254
1.397	0.000476958
1.3971	0.000599479
1.3972	0.000558448
1.3973	0.000661104
1.3974	0.000501172
1.3975	0.000465752
1.3976	0.000489694
1.3977	0.000711123
1.3978	0.00043764
1.3979	0.000796061
1.398	0.000580233
1.3981	0.000534832
1.3982	0.000471166
1.3983	0.000585304
1.3984	0.000507519
1.3985	0.000769204
1.3986	0.000464507
1.3987	0.000564099
1.3988	0.000423679
1.3989	0.000589639
1.399	0.000632247
1.3991	0.000740711
1.3992	0.000473584
1.3993	0.000618343
1.3994	0.000630882
1.3995	0.000580972
1.3996	0.000562883
1.3997	0.000584641
1.3998	0.000462338
1.3999	0.000494569
1.4	0.000452998
1.4001	0.000510231
1.4002	0.000706363
1.4003	0.000805018
1.4004	0.00072535
1.4005	0.000760561
1.4006	0.000739377
1.4007	0.000672525
1.4008	0.000565092
1.4009	0.000616138
1.401	0.000619669
1.4011	0.000467165
1.4012	0.000559593
1.4013	0.000745717
1.4014	0.000491952
1.4015	0.000540799
1.4016	0.000531817
1.4017	0.000508894
1.4018	0.000407809
1.4019	0.000686227
1.402	0.000572709
1.4021	0.000589131
1.4022	0.000501473
1.4023	0.000499075
1.4024	0.000403111
1.4025	0.000598458
1.4026	0.000612739
1.4027	0.000681289
1.4028	0.000459747
1.4029	0.000624568
1.403	0.000839202
1.4031	0.000785999
1.4032	0.000583847
1.4033	0.000551745
1.4034	0.000640325
1.4035	0.000723254
1.4036	0.000750526
1.4037	0.000438197
1.4038	0.00057497
1.4039	0.00057959
1.404	0.000576244
1.4041	0.000569684
1.4042	0.000668661
1.4043	0.000602834
1.4044	0.000409409
1.4045	0.000362361
1.4046	0.000431705
1.4047	0.000659176
1.4048	0.000718956
1.4049	0.00046465
1.405	0.000531734
1.4051	0.000601575
1.4052	0.000686893
1.4053	0.000796752
1.4054	0.000486702
1.4055	0.000598053
1.4056	0.000759999
1.4057	0.000666349
1.4058	0.000698732
1.4059	0.000597503
1.406	0.000478286
1.4061	0.000629508
1.4062	0.000610762
1.4063	0.000532852
1.4064	0.00061711
1.4065	0.000420065
1.4066	0.000526457
1.4067	0.000583679
1.4068	0.000502834
1.4069	0.000583547
1.407	0.000418997
1.4071	0.000387355
1.4072	0.000778674
1.4073	0.00076124
1.4074	0.000578511
1.4075	0.000657465
1.4076	0.000773307
1.4077	0.000621508
1.4078	0.000672609
1.4079	0.000549562
1.408	0.000572428
1.4081	0.000573308
1.4082	0.000683061
1.4083	0.000604525
1.4084	0.000633349
1.4085	0.000590337
1.4086	0.000476675
1.4087	0.000495066
1.4088	0.000563544
1.4089	0.000518663
1.409	0.000596026
1.4091	0.000473292
1.4092	0.000362235
1.4093	0.000501834
1.4094	0.000574976
1.4095	0.000658939
1.4096	0.000695688
1.4097	0.000550133
1.4098	0.000846207
1.4099	0.000846495
1.41	0.000786844
1.4101	0.000603929
1.4102	0.000792419
1.4103	0.000763494
1.4104	0.00070715
1.4105	0.000511454
1.4106	0.000512373
1.4107	0.000574341
1.4108	0.000534393
1.4109	0.000546763
1.411	0.000806306
1.4111	0.000755223
1.4112	0.000486753
1.4113	0.000434251
1.4114	0.000590442
1.4115	0.000420896
1.4116	0.000419025
1.4117	0.000599214
1.4118	0.000491135
1.4119	0.000852519
1.412	0.00070328
1.4121	0.000576512
1.4122	0.000655556
1.4123	0.00075598
1.4124	0.000549457
1.4125	0.000689719
1.4126	0.000649338
1.4127	0.000755106
1.4128	0.000703349
1.4129	0.000442153
1.413	0.000443532
1.4131	0.000622327
1.4132	0.000544737
1.4133	0.000512688
1.4134	0.0005362
1.4135	0.000650999
1.4136	0.000754115
1.4137	0.000632273
1.4138	0.000613154
1.4139	0.000544575
1.414	0.000629734
1.4141	0.000644613
1.4142	0.000660903
1.4143	0.000478647
1.4144	0.000793318
1.4145	0.000497414
1.4146	0.000607093
1.4147	0.000815861
1.4148	0.000674548
1.4149	0.000542425
1.415	0.000592956
1.4151	0.00058101
1.4152	0.000565286
1.4153	0.000635763
1.4154	0.000596223
1.4155	0.00065655
1.4156	0.000629092
1.4157	0.000589198
1.4158	0.000537689
1.4159	0.000684458
1.416	0.00070985
1.4161	0.000546522
1.4162	0.000726788
1.4163	0.000682075
1.4164	0.000748549
1.4165	0.000727714
1.4166	0.000583019
1.4167	0.000557286
1.4168	0.000655799
1.4169	0.000641673
1.417	0.000631445
1.4171	0.000507765
1.4172	0.000573006
1.4173	0.000733519
1.4174	0.00051819
1.4175	0.000534324
1.4176	0.000603643
1.4177	0.000618767
1.4178	0.000537824
1.4179	0.000709789
1.418	0.000533968
1.4181	0.000550062
1.4182	0.00053031
1.4183	0.000664682
1.4184	0.000691972
1.4185	0.000482178
1.4186	0.000521043
1.4187	0.000584752
1.4188	0.000609132
1.4189	0.000570266
1.419	0.000649712
1.4191	0.000425681
1.4192	0.000823732
1.4193	0.000419008
1.4194	0.000472865
1.4195	0.000590758
1.4196	0.000614709
1.4197	0.000671328
1.4198	0.00065508
1.4199	0.000526726
1.42	0.0004795
1.4201	0.000547067
1.4202	0.00076948
1.4203	0.000603398
1.4204	0.000473284
1.4205	0.000595602
1.4206	0.000521941
1.4207	0.000438991
1.4208	0.000519653
1.4209	0.000690971
1.421	0.000591003
1.4211	0.000759929
1.4212	0.000593322
1.4213	0.000863313
1.4214	0.000928816
1.4215	0.000610813
1.4216	0.000489196
1.4217	0.000513633
1.4218	0.000506519
1.4219	0.000545426
1.422	0.000651581
1.4221	0.000654994
1.4222	0.000584575
1.4223	0.000661581
1.4224	0.000758785
1.4225	0.000463564
1.4226	0.000524364
1.4227	0.000564626
1.4228	0.00058128
1.4229	0.000538415
1.423	0.000787887
1.4231	0.000666678
1.4232	0.000809064
1.4233	0.000655711
1.4234	0.000684002
1.4235	0.000725383
1.4236	0.000661981
1.4237	0.000459512
1.4238	0.000605115
1.4239	0.000617781
1.424	0.000492461
1.4241	0.000601631
1.4242	0.000532193
1.4243	0.000564339
1.4244	0.00047288
1.4245	0.000524874
1.4246	0.000765964
1.4247	0.000418378
1.4248	0.000494447
1.4249	0.000482628
1.425	0.000624482
1.4251	0.000466513
1.4252	0.000434734
1.4253	0.000459571
1.4254	0.000560293
1.4255	0.000697689
1.4256	0.000726061
1.4257	0.000689141
1.4258	0.00062818
1.4259	0.000527303
1.426	0.000459371
1.4261	0.000579258
1.4262	0.000608265
1.4263	0.000616814
1.4264	0.000678465
1.4265	0.000450659
1.4266	0.000574621
1.4267	0.000620456
1.4268	0.000538154
1.4269	0.000563679
1.427	0.000489632
1.4271	0.000659429
1.4272	0.000561015
1.4273	0.000451229
1.4274	0.00050892
1.4275	0.000529753
1.4276	0.000593047
1.4277	0.000486303
1.4278	0.000576853
1.4279	0.000674275
1.428	0.000454172
1.4281	0.000564487
1.4282	0.000457848
1.4283	0.00059049
1.4284	0.00048715
1.4285	0.000565684
1.4286	0.000525466
1.4287	0.000556627
1.4288	0.000590269
1.4289	0.000563814
1.429	0.0004237
1.4291	0.000380797
1.4292	0.000413306
1.4293	0.00054095
1.4294	0.00039398
1.4295	0.000423102
1.4296	0.000425075
1.4297	0.000557164
1.4298	0.000552163
1.4299	0.000390107
1.43	0.000456702
1.4301	0.000586082
1.4302	0.000800689
1.4303	0.000781116
1.4304	0.000583018
1.4305	0.000510238
1.4306	0.000513594
1.4307	0.000549006
1.4308	0.000484732
1.4309	0.000579397
1.431	0.000442845
1.4311	0.000737789
1.4312	0.000572383
1.4313	0.000402278
1.4314	0.000420772
1.4315	0.000717132
1.4316	0.000375299
1.4317	0.000387929
1.4318	0.000524644
1.4319	0.00059944
1.432	0.000534432
1.4321	0.000459088
1.4322	0.000618769
1.4323	0.000602914
1.4324	0.000679013
1.4325	0.000734651
1.4326	0.000442977
1.4327	0.00057152
1.4328	0.000461427
1.4329	0.000626712
1.433	0.000663523
1.4331	0.000458747
1.4332	0.000551448
1.4333	0.000565923
1.4334	0.000652224
1.4335	0.000558649
1.4336	0.000670939
1.4337	0.000595878
1.4338	0.000553062
1.4339	0.000516462
1.434	0.000623461
1.4341	0.000633329
1.4342	0.000654284
1.4343	0.000473529
1.4344	0.00049376
1.4345	0.000652848
1.4346	0.000562641
1.4347	0.000442533
1.4348	0.000915509
1.4349	0.000486557
1.435	0.000549255
1.4351	0.00069715
1.4352	0.000551496
1.4353	0.000691996
1.4354	0.000523216
1.4355	0.000601994
1.4356	0.000369999
1.4357	0.00048655
1.4358	0.000641861
1.4359	0.000635079
1.436	0.000548975
1.4361	0.000557271
1.4362	0.000642355
1.4363	0.000782623
1.4364	0.000717433
1.4365	0.000678901
1.4366	0.000567757
1.4367	0.00068567
1.4368	0.000594597
1.4369	0.000557591
1.437	0.00073726
1.4371	0.000600128
1.4372	0.000590043
1.4373	0.000532389
1.4374	0.000515853
1.4375	0.00049165
1.4376	0.000765975
1.4377	0.000649786
1.4378	0.000598703
1.4379	0.000588006
1.438	0.00041927
1.4381	0.000434596
1.4382	0.000642719
1.4383	0.000552641
1.4384	0.000613208
1.4385	0.000523723
1.4386	0.000760663
1.4387	0.000771666
1.4388	0.000546229
1.4389	0.000661461
1.439	0.000771824
1.4391	0.000808884
1.4392	0.000591087
1.4393	0.00069099
1.4394	0.000523439
1.4395	0.000547645
1.4396	0.000562584
1.4397	0.000498816
1.4398	0.000714255
1.4399	0.000655081
1.44	0.000447095
1.4401	0.00055146
1.4402	0.000441444
1.4403	0.000454788
1.4404	0.000581368
1.4405	0.000636386
1.4406	0.000674019
1.4407	0.000588977
1.4408	0.000768414
1.4409	0.000620112
1.441	0.000659274
1.4411	0.000540514
1.4412	0.000829929
1.4413	0.000865209
1.4414	0.000775291
1.4415	0.000722567
1.4416	0.000456276
1.4417	0.000486211
1.4418	0.000537546
1.4419	0.000726768
1.442	0.000571608
1.4421	0.000456048
1.4422	0.000458587
1.4423	0.000468153
1.4424	0.000566054
1.4425	0.000442262
1.4426	0.000550379
1.4427	0.000504925
1.4428	0.000558634
1.4429	0.000768177
1.443	0.000721062
1.4431	0.00051917
1.4432	0.000745368
1.4433	0.000643546
1.4434	0.000584732
1.4435	0.000609586
1.4436	0.000616966
1.4437	0.000646613
1.4438	0.000597952
1.4439	0.000884449
1.444	0.000580284
1.4441	0.00052847
1.4442	0.000522281
1.4443	0.000501544
1.4444	0.000585963
1.4445	0.000711221
1.4446	0.000427046
1.4447	0.000389145
1.4448	0.000361015
1.4449	0.000379927
1.445	0.000412345
1.4451	0.000657349
1.4452	0.000636042
1.4453	0.000536014
1.4454	0.000626984
1.4455	0.000784408
1.4456	0.000814232
1.4457	0.000832046
1.4458	0.000615377
1.4459	0.000719387
1.446	0.000690522
1.4461	0.000645118
1.4462	0.000443679
1.4463	0.000559229
1.4464	0.000484356
1.4465	0.000553072
1.4466	0.000541418
1.4467	0.000519111
1.4468	0.000667021
1.4469	0.000578122
1.447	0.000542832
1.4471	0.000428376
1.4472	0.00054345
1.4473	0.000588137
1.4474	0.00057433
1.4475	0.000585365
1.4476	0.000652792
1.4477	0.00068926
1.4478	0.000682434
1.4479	0.000692381
1.448	0.000597683
1.4481	0.000696531
1.4482	0.000685075
1.4483	0.000640312
1.4484	0.000767919
1.4485	0.000603801
1.4486	0.000527806
1.4487	0.00047087
1.4488	0.000620606
1.4489	0.000652709
1.449	0.000541415
1.4491	0.000690737
1.4492	0.000642917
1.4493	0.000688364
1.4494	0.000696046
1.4495	0.000738792
1.4496	0.000672524
1.4497	0.000706923
1.4498	0.000596248
1.4499	0.000613104
1.45	0.000567609
1.4501	0.000636351
1.4502	0.000681852
1.4503	0.000659865
1.4504	0.000677865
1.4505	0.000756605
1.4506	0.000526867
1.4507	0.000671606
1.4508	0.00045899
1.4509	0.000568343
1.451	0.000710167
1.4511	0.000730704
1.4512	0.000609124
1.4513	0.000585177
1.4514	0.000617944
1.4515	0.000638218
1.4516	0.000573881
1.4517	0.000523529
1.4518	0.000484324
1.4519	0.000669957
1.452	0.00078997
1.4521	0.000742499
1.4522	0.000691101
1.4523	0.000589333
1.4524	0.000660462
1.4525	0.000702229
1.4526	0.000746387
1.4527	0.000565285
1.4528	0.00049084
1.4529	0.000512394
1.453	0.000665859
1.4531	0.000569218
1.4532	0.000547202
1.4533	0.000515355
1.4534	0.000661472
1.4535	0.0005137
1.4536	0.00058798
1.4537	0.000619404
1.4538	0.000526403
1.4539	0.000463709
1.454	0.000564669
1.4541	0.000651315
1.4542	0.000494241
1.4543	0.00056933
1.4544	0.000572269
1.4545	0.000518477
1.4546	0.000744775
1.4547	0.000705823
1.4548	0.000684903
1.4549	0.000588533
1.455	0.000451224
1.4551	0.000562285
1.4552	0.000491151
1.4553	0.000560569
1.4554	0.000628928
1.4555	0.000659481
1.4556	0.000616036
1.4557	0.000556107
1.4558	0.000571774
1.4559	0.000963833
1.456	0.000670365
1.4561	0.000533258
1.4562	0.000504624
1.4563	0.000403675
1.4564	0.000525567
1.4565	0.000668561
1.4566	0.000794024
1.4567	0.000789592
1.4568	0.000596085
1.4569	0.000789127
1.457	0.000735353
1.4571	0.000771821
1.4572	0.000607281
1.4573	0.000449808
1.4574	0.000524795
1.4575	0.000717781
1.4576	0.000577828
1.4577	0.000637382
1.4578	0.000655686
1.4579	0.00052984
1.458	0.000484093
1.4581	0.000763641
1.4582	0.000461122
1.4583	0.000485424
1.4584	0.000544013
1.4585	0.000474404
1.4586	0.000571293
1.4587	0.000640533
1.4588	0.000761287
1.4589	0.000808248
1.459	0.000638704
1.4591	0.000641123
1.4592	0.000742692
1.4593	0.000746103
1.4594	0.000501224
1.4595	0.000510837
1.4596	0.000676258
1.4597	0.00056719
1.4598	0.000782426
1.4599	0.000475478
1.46	0.00055891
1.4601	0.000738952
1.4602	0.000565543
1.4603	0.000716997
1.4604	0.0004219
1.4605	0.000541556
1.4606	0.000437896
1.4607	0.000591013
1.4608	0.000392983
1.4609	0.00045279
1.461	0.000479324
1.4611	0.000659427
1.4612	0.00068286
1.4613	0.000714586
1.4614	0.000780709
1.4615	0.000639839
1.4616	0.000574257
1.4617	0.00052741
1.4618	0.000463411
1.4619	0.000696506
1.462	0.000577578
1.4621	0.000578162
1.4622	0.000484031
1.4623	0.000556573
1.4624	0.000701811
1.4625	0.000360835
1.4626	0.000526018
1.4627	0.000433289
1.4628	0.000495358
1.4629	0.000437237
1.463	0.000425939
1.4631	0.000472782
1.4632	0.00049831
1.4633	0.000600567
1.4634	0.000509339
1.4635	0.000585034
1.4636	0.000696419
1.4637	0.000574857
1.4638	0.000453513
1.4639	0.000510229
1.464	0.000430565
1.4641	0.000489578
1.4642	0.000681526
1.4643	0.000584669
1.4644	0.000654663
1.4645	0.000599523
1.4646	0.000576552
1.4647	0.000453471
1.4648	0.00041935
1.4649	0.000411542
1.465	0.000536717
1.4651	0.000504347
1.4652	0.000455131
1.4653	0.000449192
1.4654	0.000486735
1.4655	0.000556706
1.4656	0.00043366
1.4657	0.000583524
1.4658	0.000751464
1.4659	0.000745513
1.466	0.000685118
1.4661	0.000493555
1.4662	0.000453259
1.4663	0.000678621
1.4664	0.000483465
1.4665	0.000493756
1.4666	0.000654142
1.4667	0.000470115
1.4668	0.000613972
1.4669	0.000627328
1.467	0.000393729
1.4671	0.000490852
1.4672	0.000669162
1.4673	0.00058365
1.4674	0.000454862
1.4675	0.000439078
1.4676	0.000544116
1.4677	0.000568687
1.4678	0.000479721
1.4679	0.000555959
1.468	0.000573035
1.4681	0.000621096
1.4682	0.000736024
1.4683	0.000468113
1.4684	0.000548425
1.4685	0.000634068
1.4686	0.000529857
1.4687	0.000687204
1.4688	0.000392006
1.4689	0.000464806
1.469	0.000523944
1.4691	0.000546261
1.4692	0.000552008
1.4693	0.000773753
1.4694	0.000488288
1.4695	0.00056723
1.4696	0.000610328
1.4697	0.00065386
1.4698	0.000653168
1.4699	0.000566434
1.47	0.000411335
1.4701	0.000488315
1.4702	0.000576239
1.4703	0.000655434
1.4704	0.000622917
1.4705	0.000639977
1.4706	0.000614144
1.4707	0.000602395
1.4708	0.000601768
1.4709	0.000555367
1.471	0.000619375
1.4711	0.000433486
1.4712	0.000481597
1.4713	0.000498592
1.4714	0.000438359
1.4715	0.000612009
1.4716	0.00058342
1.4717	0.000544061
1.4718	0.000632531
1.4719	0.000736695
1.472	0.000650575
1.4721	0.000636095
1.4722	0.000786139
1.4723	0.000637556
1.4724	0.000624347
1.4725	0.000511136
1.4726	0.000736641
1.4727	0.000667317
1.4728	0.000650276
1.4729	0.000587386
1.473	0.000468388
1.4731	0.000467142
1.4732	0.000687607
1.4733	0.000538562
1.4734	0.000614313
1.4735	0.000618839
1.4736	0.000520185
1.4737	0.000487214
1.4738	0.000527538
1.4739	0.000417716
1.474	0.000641435
1.4741	0.000792465
1.4742	0.000456115
1.4743	0.000873402
1.4744	0.00068352
1.4745	0.000646671
1.4746	0.000569245
1.4747	0.000723475
1.4748	0.000705447
1.4749	0.000667085
1.475	0.000492973
1.4751	0.000508291
1.4752	0.000686906
1.4753	0.000578658
1.4754	0.000559537
1.4755	0.000699592
1.4756	0.000698289
1.4757	0.000495549
1.4758	0.000394654
1.4759	0.000377133
1.476	0.000413852
1.4761	0.000611425
1.4762	0.000703111
1.4763	0.000742754
1.4764	0.000491529
1.4765	0.000681862
1.4766	0.000475033
1.4767	0.000442088
1.4768	0.00088219
1.4769	0.000829108
1.477	0.000634662
1.4771	0.000637737
1.4772	0.000772169
1.4773	0.000560338
1.4774	0.000433132
1.4775	0.00074252
1.4776	0.000648698
1.4777	0.000607389
1.4778	0.00043506
1.4779	0.000541909
1.478	0.000483217
1.4781	0.000398351
1.4782	0.000473086
1.4783	0.0006282
1.4784	0.000439872
1.4785	0.000525054
1.4786	0.000595611
1.4787	0.000774494
1.4788	0.000509666
1.4789	0.000808575
1.479	0.000555336
1.4791	0.000828036
1.4792	0.000729422
1.4793	0.000595317
1.4794	0.00068759
1.4795	0.000693089
1.4796	0.000588182
1.4797	0.000614136
1.4798	0.000491169
1.4799	0.000630254
1.48	0.000558693
1.4801	0.00053845
1.4802	0.00047171
1.4803	0.000398468
1.4804	0.000545911
1.4805	0.000491914
1.4806	0.000441108
1.4807	0.000499815
1.4808	0.000594085
1.4809	0.000777717
1.481	0.000529507
1.4811	0.000562189
1.4812	0.000697649
1.4813	0.00111077
1.4814	0.000658846
1.4815	0.000688066
1.4816	0.000713485
1.4817	0.000698966
1.4818	0.000613765
1.4819	0.000457533
1.482	0.000509699
1.4821	0.000506403
1.4822	0.000497488
1.4823	0.000604509
1.4824	0.000493357
1.4825	0.000534897
1.4826	0.000393095
1.4827	0.000580266
1.4828	0.000586251
1.4829	0.00052175
1.483	0.000583309
1.4831	0.000555476
1.4832	0.000665857
1.4833	0.000569084
1.4834	0.000518199
1.4835	0.000733364
1.4836	0.000778491
1.4837	0.000680705
1.4838	0.000777516
1.4839	0.000755123
1.484	0.000532862
1.4841	0.000676252
1.4842	0.000657786
1.4843	0.000696978
1.4844	0.000486342
1.4845	0.000586751
1.4846	0.000597626
1.4847	0.000558689
1.4848	0.000501702
1.4849	0.000576134
1.485	0.000626681
1.4851	0.000613127
1.4852	0.000758633
1.4853	0.000470011
1.4854	0.000713378
1.4855	0.000661418
1.4856	0.000684334
1.4857	0.000499535
1.4858	0.000570529
1.4859	0.000646909
1.486	0.000839441
1.4861	0.000764734
1.4862	0.00059586
1.4863	0.000542129
1.4864	0.000548091
1.4865	0.000458152
1.4866	0.000718795
1.4867	0.000619044
1.4868	0.000631316
1.4869	0.000583285
1.487	0.000541085
1.4871	0.000566777
1.4872	0.000678943
1.4873	0.000646715
1.4874	0.000551986
1.4875	0.000474903
1.4876	0.000598287
1.4877	0.000774905
1.4878	0.000692127
1.4879	0.00052965
1.488	0.000567259
1.4881	0.000602896
1.4882	0.000827712
1.4883	0.00068897
1.4884	0.000597288
1.4885	0.000460027
1.4886	0.000525086
1.4887	0.000649498
1.4888	0.000540962
1.4889	0.000570044
1.489	0.000693878
1.4891	0.000622082
1.4892	0.000551396
1.4893	0.00049644
1.4894	0.000606522
1.4895	0.00071981
1.4896	0.00046275
1.4897	0.000531824
1.4898	0.000640849
1.4899	0.000425341
1.49	0.000619952
1.4901	0.000591849
1.4902	0.000531116
1.4903	0.000700935
1.4904	0.000735363
1.4905	0.00070045
1.4906	0.000610131
1.4907	0.000417013
1.4908	0.000534304
1.4909	0.000633569
1.491	0.000712778
1.4911	0.000606367
1.4912	0.00062383
1.4913	0.000733331
1.4914	0.000674815
1.4915	0.000574452
1.4916	0.000740264
1.4917	0.000816443
1.4918	0.000420093
1.4919	0.000449426
1.492	0.00053711
1.4921	0.000391286
1.4922	0.000654212
1.4923	0.00064943
1.4924	0.000813021
1.4925	0.000533294
1.4926	0.000498076
1.4927	0.000712209
1.4928	0.000600515
1.4929	0.000535869
1.493	0.000466968
1.4931	0.000704438
1.4932	0.000665604
1.4933	0.000589741
1.4934	0.000701395
1.4935	0.000657561
1.4936	0.000379553
1.4937	0.000654119
1.4938	0.000674809
1.4939	0.000604718
1.494	0.000587129
1.4941	0.000590293
1.4942	0.000468025
1.4943	0.000459002
1.4944	0.000786696
1.4945	0.000730221
1.4946	0.00078936
1.4947	0.000635667
1.4948	0.000656916
1.4949	0.000782934
1.495	0.000701195
1.4951	0.000618137
1.4952	0.000519752
1.4953	0.00052368
1.4954	0.000678083
1.4955	0.000638784
1.4956	0.000488226
1.4957	0.000560338
1.4958	0.000544146
1.4959	0.000749246
1.496	0.000673861
1.4961	0.000504573
1.4962	0.000516448
1.4963	0.000413922
1.4964	0.000585932
1.4965	0.000466797
1.4966	0.000391606
1.4967	0.000541292
1.4968	0.000613348
1.4969	0.000619247
1.497	0.000638623
1.4971	0.000756242
1.4972	0.000703048
1.4973	0.000602012
1.4974	0.000622755
1.4975	0.000466568
1.4976	0.000550125
1.4977	0.000528502
1.4978	0.000611398
1.4979	0.00042656
1.498	0.000649893
1.4981	0.000581339
1.4982	0.000442502
1.4983	0.000581025
1.4984	0.00047223
1.4985	0.000503912
1.4986	0.000596734
1.4987	0.000503982
1.4988	0.000485833
1.4989	0.000620916
1.499	0.000615957
1.4991	0.000476532
1.4992	0.000528504
1.4993	0.000551176
1.4994	0.000693861
1.4995	0.000474584
1.4996	0.000488809
1.4997	0.000644825
1.4998	0.000420674
1.4999	0.000610213
1.5	0.000671351
1.5001	0.000532163
1.5002	0.000765603
1.5003	0.000626764
1.5004	0.000466535
1.5005	0.000468458
1.5006	0.00037848
1.5007	0.000509186
1.5008	0.000422664
1.5009	0.000387958
1.501	0.000377166
1.5011	0.000500639
1.5012	0.000503619
1.5013	0.000433352
1.5014	0.000466854
1.5015	0.000585217
1.5016	0.000697649
1.5017	0.000837507
1.5018	0.00047087
1.5019	0.000458767
1.502	0.000530955
1.5021	0.00051182
1.5022	0.000556289
1.5023	0.000738735
1.5024	0.000393816
1.5025	0.000541174
1.5026	0.000514112
1.5027	0.000611596
1.5028	0.0004887
1.5029	0.000558363
1.503	0.000605924
1.5031	0.000421213
1.5032	0.00046575
1.5033	0.000509784
1.5034	0.00054399
1.5035	0.000466344
1.5036	0.000623603
1.5037	0.000618108
1.5038	0.000820151
1.5039	0.000564077
1.504	0.000563317
1.5041	0.000509624
1.5042	0.000502348
1.5043	0.000615503
1.5044	0.0005407
1.5045	0.000430712
1.5046	0.000498703
1.5047	0.00043721
1.5048	0.000713281
1.5049	0.000502717
1.505	0.000764289
1.5051	0.000512461
1.5052	0.000576524
1.5053	0.000390372
1.5054	0.00056027
1.5055	0.000582114
1.5056	0.000636224
1.5057	0.000400277
1.5058	0.000588229
1.5059	0.000475876
1.506	0.000676045
1.5061	0.00068917
1.5062	0.000791933
1.5063	0.000502085
1.5064	0.000508334
1.5065	0.000673768
1.5066	0.000589644
1.5067	0.000560244
1.5068	0.000464708
1.5069	0.000411246
1.507	0.00050896
1.5071	0.000582355
1.5072	0.000462452
1.5073	0.000651122
1.5074	0.000729076
1.5075	0.000663136
1.5076	0.000889951
1.5077	0.0006456
1.5078	0.000639751
1.5079	0.000588191
1.508	0.000531122
1.5081	0.000717915
1.5082	0.000472312
1.5083	0.000711216
1.5084	0.000582398
1.5085	0.000655188
1.5086	0.00053394
1.5087	0.000497289
1.5088	0.000530378
1.5089	0.000654673
1.509	0.000543696
1.5091	0.000571008
1.5092	0.000691393
1.5093	0.000577262
1.5094	0.000464085
1.5095	0.000470647
1.5096	0.000521438
1.5097	0.000607702
1.5098	0.000729727
1.5099	0.000565862
1.51	0.000658391
1.5101	0.000850806
1.5102	0.00075918
1.5103	0.000653016
1.5104	0.000598879
1.5105	0.00077883
1.5106	0.000677281
1.5107	0.000730146
1.5108	0.00054
1.5109	0.000598388
1.511	0.000572071
1.5111	0.000629357
1.5112	0.000551143
1.5113	0.000647839
1.5114	0.000511412
1.5115	0.000352809
1.5116	0.000366939
1.5117	0.000426294
1.5118	0.000563865
1.5119	0.000635524
1.512	0.000651231
1.5121	0.000498848
1.5122	0.000670564
1.5123	0.000724836
1.5124	0.000753487
1.5125	0.000597929
1.5126	0.000756025
1.5127	0.00083991
1.5128	0.000670357
1.5129	0.00072014
1.513	0.000535006
1.5131	0.000449653
1.5132	0.000795064
1.5133	0.000639265
1.5134	0.000548695
1.5135	0.000451728
1.5136	0.000393857
1.5137	0.000511999
1.5138	0.000508952
1.5139	0.000533469
1.514	0.000528132
1.5141	0.000449602
1.5142	0.000464604
1.5143	0.000728686
1.5144	0.000859666
1.5145	0.000635958
1.5146	0.000758767
1.5147	0.000962152
1.5148	0.000855822
1.5149	0.000719489
1.515	0.000537012
1.5151	0.000585651
1.5152	0.000716221
1.5153	0.000557857
1.5154	0.000581497
1.5155	0.000523813
1.5156	0.000488846
1.5157	0.000546972
1.5158	0.000501339
1.5159	0.000435361
1.516	0.000554064
1.5161	0.000485384
1.5162	0.000351792
1.5163	0.000376563
1.5164	0.000580326
1.5165	0.000488947
1.5166	0.000909216
1.5167	0.000666603
1.5168	0.000570244
1.5169	0.000801
1.517	0.00101977
1.5171	0.000729017
1.5172	0.000672735
1.5173	0.000697264
1.5174	0.000555481
1.5175	0.000554823
1.5176	0.000486369
1.5177	0.000513721
1.5178	0.000546568
1.5179	0.000542238
1.518	0.000570552
1.5181	0.000691885
1.5182	0.000646877
1.5183	0.000500241
1.5184	0.000536475
1.5185	0.000434369
1.5186	0.000490302
1.5187	0.000573129
1.5188	0.000561744
1.5189	0.000570174
1.519	0.000728272
1.5191	0.00087699
1.5192	0.000669954
1.5193	0.000498696
1.5194	0.000762838
1.5195	0.000755949
1.5196	0.000642625
1.5197	0.000465534
1.5198	0.000676394
1.5199	0.000636563
1.52	0.000627685
1.5201	0.000469962
1.5202	0.000614337
1.5203	0.000617808
1.5204	0.000540456
1.5205	0.000495592
1.5206	0.00073527
1.5207	0.000622793
1.5208	0.00068421
1.5209	0.000720739
1.521	0.000584001
1.5211	0.000743137
1.5212	0.000589176
1.5213	0.000810329
1.5214	0.000538303
1.5215	0.000589189
1.5216	0.000453254
1.5217	0.000844984
1.5218	0.000686649
1.5219	0.000644054
1.522	0.000558825
1.5221	0.00047968
1.5222	0.000505047
1.5223	0.000606087
1.5224	0.00068668
1.5225	0.000669039
1.5226	0.0006502
1.5227	0.000755077
1.5228	0.000550642
1.5229	0.000672137
1.523	0.000616228
1.5231	0.000617413
1.5232	0.000457276
1.5233	0.000756417
1.5234	0.000718922
1.5235	0.00067633
1.5236	0.000636767
1.5237	0.000534924
1.5238	0.000536162
1.5239	0.000730541
1.524	0.000899687
1.5241	0.000609373
1.5242	0.000474165
1.5243	0.000617377
1.5244	0.000662965
1.5245	0.000465281
1.5246	0.000591309
1.5247	0.000583003
1.5248	0.000479952
1.5249	0.000634304
1.525	0.000711664
1.5251	0.000546825
1.5252	0.000557464
1.5253	0.000487101
1.5254	0.00058724
1.5255	0.00064706
1.5256	0.000467195
1.5257	0.000601277
1.5258	0.000596843
1.5259	0.000586046
1.526	0.000765459
1.5261	0.000734714
1.5262	0.000495621
1.5263	0.000869788
1.5264	0.00057075
1.5265	0.000532391
1.5266	0.000602251
1.5267	0.00059753
1.5268	0.000582748
1.5269	0.000715316
1.527	0.000792098
1.5271	0.000427591
1.5272	0.000628805
1.5273	0.000788805
1.5274	0.00057505
1.5275	0.000600322
1.5276	0.000608536
1.5277	0.000585575
1.5278	0.000547627
1.5279	0.000635105
1.528	0.00083109
1.5281	0.000479164
1.5282	0.000685897
1.5283	0.00079094
1.5284	0.00059586
1.5285	0.00075864
1.5286	0.000435831
1.5287	0.000421286
1.5288	0.000483421
1.5289	0.000592476
1.529	0.000593737
1.5291	0.000738649
1.5292	0.000670836
1.5293	0.000556821
1.5294	0.00068426
1.5295	0.000774973
1.5296	0.000534769
1.5297	0.000600369
1.5298	0.000606474
1.5299	0.000564552
1.53	0.000576491
1.5301	0.000738472
1.5302	0.000609914
1.5303	0.000744338
1.5304	0.000580079
1.5305	0.000755722
1.5306	0.000777509
1.5307	0.000732836
1.5308	0.000517957
1.5309	0.000561879
1.531	0.000718781
1.5311	0.000561305
1.5312	0.000640418
1.5313	0.000531837
1.5314	0.00055929
1.5315	0.000608407
1.5316	0.00047361
1.5317	0.000549325
1.5318	0.0004879
1.5319	0.000513456
1.532	0.000556623
1.5321	0.000471587
1.5322	0.000389096
1.5323	0.000432508
1.5324	0.000486717
1.5325	0.000634187
1.5326	0.000689669
1.5327	0.000555414
1.5328	0.000741707
1.5329	0.000686139
1.533	0.000497781
1.5331	0.000491907
1.5332	0.000625447
1.5333	0.000576549
1.5334	0.000576178
1.5335	0.000476054
1.5336	0.000458877
1.5337	0.000612893
1.5338	0.000722664
1.5339	0.000545865
1.534	0.000589737
1.5341	0.000559355
1.5342	0.00053273
1.5343	0.000515408
1.5344	0.00037987
1.5345	0.000467792
1.5346	0.00066133
1.5347	0.000603564
1.5348	0.000456514
1.5349	0.000527521
1.535	0.000653744
1.5351	0.000716201
1.5352	0.000562204
1.5353	0.000401708
1.5354	0.000586253
1.5355	0.000446011
1.5356	0.000611937
1.5357	0.000578078
1.5358	0.000701877
1.5359	0.000730156
1.536	0.000473174
1.5361	0.000416742
1.5362	0.000424027
1.5363	0.00039436
1.5364	0.000544748
1.5365	0.000466697
1.5366	0.000409138
1.5367	0.000420802
1.5368	0.000539653
1.5369	0.000591176
1.537	0.000379898
1.5371	0.000499807
1.5372	0.000626095
1.5373	0.000924386
1.5374	0.000824941
1.5375	0.000438632
1.5376	0.000382056
1.5377	0.000625345
1.5378	0.000506786
1.5379	0.000462019
1.538	0.000755197
1.5381	0.000532046
1.5382	0.000713826
1.5383	0.000581389
1.5384	0.000423287
1.5385	0.000567104
1.5386	0.000710405
1.5387	0.000443514
1.5388	0.000474597
1.5389	0.00042449
1.539	0.000607066
1.5391	0.000631398
1.5392	0.00039872
1.5393	0.00060778
1.5394	0.000613621
1.5395	0.000695696
1.5396	0.000735425
1.5397	0.00049514
1.5398	0.000645237
1.5399	0.000542485
1.54	0.000540915
1.5401	0.000498268
1.5402	0.000434593
1.5403	0.000552992
1.5404	0.000489123
1.5405	0.000678758
1.5406	0.000853583
1.5407	0.000618132
1.5408	0.000590806
1.5409	0.000473142
1.541	0.000437037
1.5411	0.000600235
1.5412	0.000465673
1.5413	0.000665799
1.5414	0.000440619
1.5415	0.000501279
1.5416	0.000526236
1.5417	0.000698251
1.5418	0.000567032
1.5419	0.000776373
1.542	0.000651129
1.5421	0.00053152
1.5422	0.000642396
1.5423	0.000479031
1.5424	0.000628823
1.5425	0.000452714
1.5426	0.000546317
1.5427	0.000426736
1.5428	0.000521066
1.5429	0.000596674
1.543	0.000549459
1.5431	0.000593894
1.5432	0.000639182
1.5433	0.000773306
1.5434	0.000795033
1.5435	0.000680033
1.5436	0.000718721
1.5437	0.000520821
1.5438	0.000609371
1.5439	0.000654965
1.544	0.000595785
1.5441	0.000831623
1.5442	0.000560046
1.5443	0.000552474
1.5444	0.000552529
1.5445	0.00039471
1.5446	0.000539427
1.5447	0.0006452
1.5448	0.000655701
1.5449	0.000547485
1.545	0.000605623
1.5451	0.000376371
1.5452	0.000497695
1.5453	0.00056679
1.5454	0.000559051
1.5455	0.000622046
1.5456	0.000609171
1.5457	0.000761894
1.5458	0.000761061
1.5459	0.000554674
1.546	0.000585135
1.5461	0.000626203
1.5462	0.000651552
1.5463	0.000612179
1.5464	0.000565418
1.5465	0.000535724
1.5466	0.000558566
1.5467	0.000518194
1.5468	0.000544592
1.5469	0.000661987
1.547	0.00067688
1.5471	0.000441284
1.5472	0.000404862
1.5473	0.000439618
1.5474	0.000439708
1.5475	0.00074751
1.5476	0.000685048
1.5477	0.000564513
1.5478	0.000508372
1.5479	0.000804069
1.548	0.000579242
1.5481	0.000660402
1.5482	0.000549835
1.5483	0.000779858
1.5484	0.000712481
1.5485	0.000581623
1.5486	0.00086267
1.5487	0.000454588
1.5488	0.000463273
1.5489	0.000636703
1.549	0.000499064
1.5491	0.000536651
1.5492	0.000509899
1.5493	0.000501136
1.5494	0.000481096
1.5495	0.000581501
1.5496	0.000486481
1.5497	0.000480674
1.5498	0.000417565
1.5499	0.000551145
1.55	0.000746766
1.5501	0.000689756
1.5502	0.000482967
1.5503	0.000718804
1.5504	0.000677876
1.5505	0.000671765
1.5506	0.000966137
1.5507	0.000660524
1.5508	0.000581716
1.5509	0.000638472
1.551	0.000622199
1.5511	0.000577969
1.5512	0.00053404
1.5513	0.000598642
1.5514	0.00041081
1.5515	0.000497852
1.5516	0.000416166
1.5517	0.00052369
1.5518	0.000465337
1.5519	0.000386385
1.552	0.000365802
1.5521	0.000470464
1.5522	0.000564636
1.5523	0.000698983
1.5524	0.00056078
1.5525	0.000639079
1.5526	0.000775411
1.5527	0.000877394
1.5528	0.000590215
1.5529	0.000607764
1.553	0.000715172
1.5531	0.000634528
1.5532	0.000588841
1.5533	0.000517934
1.5534	0.000459013
1.5535	0.000491655
1.5536	0.000502211
1.5537	0.000457619
1.5538	0.000619858
1.5539	0.000551376
1.554	0.000502372
1.5541	0.000552584
1.5542	0.00049555
1.5543	0.000573283
1.5544	0.000691366
1.5545	0.000631921
1.5546	0.000719777
1.5547	0.000632775
1.5548	0.000653024
1.5549	0.000621381
1.555	0.000654228
1.5551	0.000558793
1.5552	0.000667286
1.5553	0.000789121
1.5554	0.000619866
1.5555	0.000801356
1.5556	0.000592495
1.5557	0.000457084
1.5558	0.000508416
1.5559	0.000597949
1.556	0.000631979
1.5561	0.0006131
1.5562	0.00061721
1.5563	0.000558003
1.5564	0.000685502
1.5565	0.00071258
1.5566	0.000823412
1.5567	0.000552284
1.5568	0.000799923
1.5569	0.000528877
1.557	0.000566149
1.5571	0.000549286
1.5572	0.000680077
1.5573	0.000530559
1.5574	0.000613757
1.5575	0.000705783
1.5576	0.000556433
1.5577	0.000532066
1.5578	0.000675925
1.5579	0.000395448
1.558	0.000559646
1.5581	0.00077132
1.5582	0.000684429
1.5583	0.00054269
1.5584	0.000624779
1.5585	0.000604339
1.5586	0.000791661
1.5587	0.000541651
1.5588	0.000525879
1.5589	0.000470409
1.559	0.000607565
1.5591	0.000888562
1.5592	0.000742776
1.5593	0.000679293
1.5594	0.000585827
1.5595	0.000502091
1.5596	0.000825679
1.5597	0.00080339
1.5598	0.000572811
1.5599	0.000525233
1.56	0.000520591
1.5601	0.000689755
1.5602	0.000580823
1.5603	0.000682582
1.5604	0.000527296
1.5605	0.000639003
1.5606	0.000640317
1.5607	0.000578579
1.5608	0.000670117
1.5609	0.000553854
1.561	0.000447664
1.5611	0.000649663
1.5612	0.000684651
1.5613	0.000485523
1.5614	0.000717648
1.5615	0.000625729
1.5616	0.000489071
1.5617	0.000867142
1.5618	0.000675712
1.5619	0.000515376
1.562	0.000697888
1.5621	0.000438204
1.5622	0.000544823
1.5623	0.00056332
1.5624	0.00064442
1.5625	0.000751333
1.5626	0.000642689
1.5627	0.000653461
1.5628	0.000515741
1.5629	0.000616395
1.563	0.000951753
1.5631	0.000513943
1.5632	0.00064672
1.5633	0.000586434
1.5634	0.000369372
1.5635	0.000469115
1.5636	0.000628427
1.5637	0.000750158
1.5638	0.00080667
1.5639	0.000675139
1.564	0.00062642
1.5641	0.000618876
1.5642	0.000708494
1.5643	0.000576737
1.5644	0.00047008
1.5645	0.000568027
1.5646	0.000708822
1.5647	0.000544251
1.5648	0.000695043
1.5649	0.000606714
1.565	0.000590604
1.5651	0.000456102
1.5652	0.000709566
1.5653	0.000408669
1.5654	0.000514924
1.5655	0.000500325
1.5656	0.000498032
1.5657	0.000536196
1.5658	0.000708305
1.5659	0.00061718
1.566	0.000797687
1.5661	0.000614441
1.5662	0.000669754
1.5663	0.000689824
1.5664	0.000781428
1.5665	0.000701542
1.5666	0.000486791
1.5667	0.000672966
1.5668	0.000465612
1.5669	0.000817672
1.567	0.000552158
1.5671	0.000450924
1.5672	0.000797316
1.5673	0.000671113
1.5674	0.000544012
1.5675	0.000409062
1.5676	0.000517776
1.5677	0.000411411
1.5678	0.000576524
1.5679	0.000419532
1.568	0.000464436
1.5681	0.000502933
1.5682	0.0005854
1.5683	0.000650774
1.5684	0.000570769
1.5685	0.000738535
1.5686	0.000703396
1.5687	0.000592531
1.5688	0.000533968
1.5689	0.000470729
1.569	0.000574017
1.5691	0.000566502
1.5692	0.00058467
1.5693	0.000515425
1.5694	0.000490468
1.5695	0.000687557
1.5696	0.000337545
1.5697	0.000536202
1.5698	0.00054124
1.5699	0.000526993
1.57	0.000483688
1.5701	0.000448723
1.5702	0.000496159
1.5703	0.000590549
1.5704	0.000658421
1.5705	0.000513686
1.5706	0.000491695
1.5707	0.000715055
1.5708	0.000615567
1.5709	0.000556013
1.571	0.00051322
1.5711	0.000564706
1.5712	0.000447877
1.5713	0.000823891
1.5714	0.000598116
1.5715	0.000627133
1.5716	0.000626551
1.5717	0.000519663
1.5718	0.000396227
1.5719	0.000511062
1.572	0.000511126
1.5721	0.000459772
1.5722	0.000521628
1.5723	0.000377025
1.5724	0.000412101
1.5725	0.000585621
1.5726	0.000715549
1.5727	0.000379519
1.5728	0.000579087
1.5729	0.000706515
1.573	0.000506851
1.5731	0.000719679
1.5732	0.000460469
1.5733	0.000511102
1.5734	0.000534452
1.5735	0.000434563
1.5736	0.000464398
1.5737	0.000787676
1.5738	0.000439131
1.5739	0.000629447
1.574	0.000593318
1.5741	0.000435085
1.5742	0.000468202
1.5743	0.000625126
1.5744	0.000396927
1.5745	0.000557192
1.5746	0.000416825
1.5747	0.00060863
1.5748	0.000566068
1.5749	0.000415484
1.575	0.000594264
1.5751	0.000435917
1.5752	0.00075665
1.5753	0.000690488
1.5754	0.000495927
1.5755	0.000526676
1.5756	0.000519416
1.5757	0.000454648
1.5758	0.000639646
1.5759	0.000379109
1.576	0.000479116
1.5761	0.000620362
1.5762	0.000672382
1.5763	0.000676223
1.5764	0.000583759
1.5765	0.00058293
1.5766	0.000440579
1.5767	0.000496222
1.5768	0.000630143
1.5769	0.000492754
1.577	0.000794373
1.5771	0.000367429
1.5772	0.000474405
1.5773	0.00057163
1.5774	0.000736789
1.5775	0.000652807
1.5776	0.000761391
1.5777	0.00066929
1.5778	0.000738837
1.5779	0.000640173
1.578	0.000467857
1.5781	0.000804712
1.5782	0.000568121
1.5783	0.000530015
1.5784	0.000411323
1.5785	0.00051685
1.5786	0.000505328
1.5787	0.000592134
1.5788	0.000629065
1.5789	0.00071634
1.579	0.000618415
1.5791	0.000691818
1.5792	0.000661356
1.5793	0.000738556
1.5794	0.000524112
1.5795	0.000570689
1.5796	0.000581602
1.5797	0.000750514
1.5798	0.00068271
1.5799	0.000577981
1.58	0.000559919
1.5801	0.000623184
1.5802	0.000449351
1.5803	0.000528092
1.5804	0.000598074
1.5805	0.000564267
1.5806	0.00057202
1.5807	0.000556042
1.5808	0.00044457
1.5809	0.000527213
1.581	0.000512511
1.5811	0.000631224
1.5812	0.000623987
1.5813	0.000603046
1.5814	0.00080062
1.5815	0.000740406
1.5816	0.000590266
1.5817	0.00051865
1.5818	0.000626632
1.5819	0.000869703
1.582	0.000663787
1.5821	0.000521558
1.5822	0.000652766
1.5823	0.000647759
1.5824	0.000545045
1.5825	0.000505903
1.5826	0.000604213
1.5827	0.000676104
1.5828	0.000518196
1.5829	0.000510234
1.583	0.000544797
1.5831	0.00043586
1.5832	0.000671587
1.5833	0.000568269
1.5834	0.00062343
1.5835	0.000478137
1.5836	0.00086267
1.5837	0.000485013
1.5838	0.00071526
1.5839	0.000540969
1.584	0.000684026
1.5841	0.000742161
1.5842	0.000615014
1.5843	0.000863445
1.5844	0.000511073
1.5845	0.000436548
1.5846	0.000580735
1.5847	0.000492927
1.5848	0.000654345
1.5849	0.000449622
1.585	0.00049645
1.5851	0.000480584
1.5852	0.00053691
1.5853	0.000387754
1.5854	0.000509641
1.5855	0.000475793
1.5856	0.000600977
1.5857	0.000702234
1.5858	0.000590324
1.5859	0.000535242
1.586	0.000830098
1.5861	0.000643668
1.5862	0.000658933
1.5863	0.000671949
1.5864	0.000513591
1.5865	0.000655579
1.5866	0.000520223
1.5867	0.000607695
1.5868	0.000605593
1.5869	0.000654027
1.587	0.000523844
1.5871	0.000455281
1.5872	0.000545061
1.5873	0.000513329
1.5874	0.000397035
1.5875	0.000349276
1.5876	0.000369107
1.5877	0.000476066
1.5878	0.000441303
1.5879	0.000701528
1.588	0.00068114
1.5881	0.000516357
1.5882	0.000568207
1.5883	0.000760861
1.5884	0.000719853
1.5885	0.000635402
1.5886	0.000588256
1.5887	0.000664336
1.5888	0.000597619
1.5889	0.000684796
1.589	0.000461271
1.5891	0.000435519
1.5892	0.000501223
1.5893	0.000534254
1.5894	0.000626007
1.5895	0.000415027
1.5896	0.000642911
1.5897	0.000496675
1.5898	0.000503162
1.5899	0.000434917
1.59	0.000575431
1.5901	0.000480761
1.5902	0.000570339
1.5903	0.000679862
1.5904	0.000698687
1.5905	0.000594227
1.5906	0.000623842
1.5907	0.000671794
1.5908	0.000630012
1.5909	0.000776431
1.591	0.000709521
1.5911	0.000593781
1.5912	0.000723697
1.5913	0.000609026
1.5914	0.000650111
1.5915	0.00056001
1.5916	0.000602955
1.5917	0.000634109
1.5918	0.000580863
1.5919	0.000525268
1.592	0.000718561
1.5921	0.000568851
1.5922	0.000651505
1.5923	0.000723987
1.5924	0.000555054
1.5925	0.00076204
1.5926	0.000782117
1.5927	0.00063441
1.5928	0.000473264
1.5929	0.000603425
1.593	0.000700195
1.5931	0.000571271
1.5932	0.000619184
1.5933	0.000696647
1.5934	0.000564948
1.5935	0.000586328
1.5936	0.0004026
1.5937	0.000605739
1.5938	0.000668299
1.5939	0.000629964
1.594	0.000636174
1.5941	0.000689831
1.5942	0.000525115
1.5943	0.000532348
1.5944	0.000738176
1.5945	0.000463131
1.5946	0.000477464
1.5947	0.000524007
1.5948	0.000835723
1.5949	0.000643737
1.595	0.000494445
1.5951	0.000611769
1.5952	0.00059647
1.5953	0.000819197
1.5954	0.00071395
1.5955	0.000501982
1.5956	0.000524043
1.5957	0.000597081
1.5958	0.000525098
1.5959	0.000558033
1.596	0.000526902
1.5961	0.000508978
1.5962	0.000699762
1.5963	0.000500299
1.5964	0.00061173
1.5965	0.000662095
1.5966	0.000706643
1.5967	0.00045427
1.5968	0.000558173
1.5969	0.000777458
1.597	0.000503463
1.5971	0.000534792
1.5972	0.000636752
1.5973	0.000597427
1.5974	0.000694477
1.5975	0.000659717
1.5976	0.000684549
1.5977	0.0005979
1.5978	0.000592308
1.5979	0.000653358
1.598	0.000692842
1.5981	0.000502806
1.5982	0.000605242
1.5983	0.000632101
1.5984	0.000616248
1.5985	0.000578337
1.5986	0.0007472
1.5987	0.000878319
1.5988	0.000560099
1.5989	0.000394247
1.599	0.000512382
1.5991	0.000483895
1.5992	0.000523067
1.5993	0.000689971
1.5994	0.000807114
1.5995	0.000688139
1.5996	0.000682261
1.5997	0.000548312
1.5998	0.000635097
1.5999	0.000651265
1.6	0.000457678
1.6001	0.00042241
1.6002	0.000460951
1.6003	0.000649941
1.6004	0.000604186
1.6005	0.000609169
1.6006	0.000669427
1.6007	0.000566138
1.6008	0.000575333
1.6009	0.000731694
1.601	0.000423562
1.6011	0.000487023
1.6012	0.000490949
1.6013	0.00054367
1.6014	0.000585098
1.6015	0.000644367
1.6016	0.000722722
1.6017	0.000767425
1.6018	0.000697434
1.6019	0.000673965
1.602	0.000835971
1.6021	0.000617808
1.6022	0.000642928
1.6023	0.000572759
1.6024	0.000745773
1.6025	0.000636552
1.6026	0.000558817
1.6027	0.00054778
1.6028	0.000477953
1.6029	0.000659474
1.603	0.000559821
1.6031	0.000563273
1.6032	0.000502523
1.6033	0.000609414
1.6034	0.000509832
1.6035	0.000552445
1.6036	0.000407183
1.6037	0.000414697
1.6038	0.000512974
1.6039	0.000560969
1.604	0.000648897
1.6041	0.000608626
1.6042	0.000763258
1.6043	0.000689529
1.6044	0.000534886
1.6045	0.000602925
1.6046	0.000503692
1.6047	0.00056799
1.6048	0.00060239
1.6049	0.000608562
1.605	0.000441004
1.6051	0.000590002
1.6052	0.000655134
1.6053	0.000424887
1.6054	0.000531742
1.6055	0.000515069
1.6056	0.000490247
1.6057	0.000545011
1.6058	0.000428322
1.6059	0.000586563
1.606	0.000604806
1.6061	0.000711641
1.6062	0.000498207
1.6063	0.000477199
1.6064	0.000622368
1.6065	0.000640477
1.6066	0.000546292
1.6067	0.000477898
1.6068	0.00058008
1.6069	0.000418282
1.607	0.000569207
1.6071	0.000565816
1.6072	0.000541713
1.6073	0.000625494
1.6074	0.000506591
1.6075	0.00042176
1.6076	0.00043015
1.6077	0.000495813
1.6078	0.000420962
1.6079	0.000438334
1.608	0.000408584
1.6081	0.000412452
1.6082	0.000518516
1.6083	0.000631891
1.6084	0.000403727
1.6085	0.00053754
1.6086	0.000651469
1.6087	0.000570319
1.6088	0.000636735
1.6089	0.000464459
1.609	0.000454097
1.6091	0.000537688
1.6092	0.000458699
1.6093	0.000549504
1.6094	0.000572346
1.6095	0.000440063
1.6096	0.00066342
1.6097	0.000615234
1.6098	0.000397781
1.6099	0.00046441
1.61	0.000788843
1.6101	0.000436593
1.6102	0.000530693
1.6103	0.000423037
1.6104	0.000618021
1.6105	0.000628463
1.6106	0.000434978
1.6107	0.00059247
1.6108	0.000574707
1.6109	0.000887704
1.611	0.000674443
1.6111	0.000525294
1.6112	0.000581485
1.6113	0.000569525
1.6114	0.000530519
1.6115	0.000567379
1.6116	0.000360692
1.6117	0.000549524
1.6118	0.00052586
1.6119	0.000695844
1.612	0.000591674
1.6121	0.000591132
1.6122	0.000528879
1.6123	0.000497575
1.6124	0.000489433
1.6125	0.000794245
1.6126	0.000505819
1.6127	0.000712048
1.6128	0.000438667
1.6129	0.000575632
1.613	0.000698847
1.6131	0.000552221
1.6132	0.000553407
1.6133	0.000860175
1.6134	0.00060821
1.6135	0.000455218
1.6136	0.000593036
1.6137	0.000469711
1.6138	0.000700042
1.6139	0.000503971
1.614	0.000545192
1.6141	0.000447233
1.6142	0.000486717
1.6143	0.0005529
1.6144	0.000602798
1.6145	0.000632379
1.6146	0.000601063
1.6147	0.000698665
1.6148	0.000637775
1.6149	0.000648303
1.615	0.000730369
1.6151	0.000603974
1.6152	0.000619507
1.6153	0.000442104
1.6154	0.000665903
1.6155	0.000691488
1.6156	0.000660884
1.6157	0.000408784
1.6158	0.000535532
1.6159	0.000528323
1.616	0.000493977
1.6161	0.000632585
1.6162	0.000566179
1.6163	0.00055825
1.6164	0.000541594
1.6165	0.000438136
1.6166	0.000457377
1.6167	0.000589634
1.6168	0.000573064
1.6169	0.000652588
1.617	0.000522753
1.6171	0.000752013
1.6172	0.000670352
1.6173	0.000727242
1.6174	0.000550825
1.6175	0.000774773
1.6176	0.000829511
1.6177	0.000567202
1.6178	0.000802592
1.6179	0.000476106
1.618	0.000631731
1.6181	0.00052649
1.6182	0.000423677
1.6183	0.000550459
1.6184	0.000621341
1.6185	0.000583639
1.6186	0.000415302
1.6187	0.000388708
1.6188	0.000433223
1.6189	0.000572563
1.619	0.000798413
1.6191	0.000551434
1.6192	0.000417229
1.6193	0.000784139
1.6194	0.00063099
1.6195	0.000679784
1.6196	0.000578074
1.6197	0.000832249
1.6198	0.000662599
1.6199	0.000623422
1.62	0.000783467
1.6201	0.000564454
1.6202	0.000506163
1.6203	0.0006679
1.6204	0.000540922
1.6205	0.000545581
1.6206	0.000461607
1.6207	0.000452201
1.6208	0.000469844
1.6209	0.000491308
1.621	0.000412047
1.6211	0.00050826
1.6212	0.000466479
1.6213	0.000625096
1.6214	0.000790615
1.6215	0.000802803
1.6216	0.000520438
1.6217	0.000550636
1.6218	0.000764373
1.6219	0.000738716
1.622	0.000806007
1.6221	0.000595197
1.6222	0.000617169
1.6223	0.000576721
1.6224	0.000790745
1.6225	0.000586362
1.6226	0.000732181
1.6227	0.000506709
1.6228	0.000484571
1.6229	0.000428603
1.623	0.000515053
1.6231	0.000436849
1.6232	0.000367666
1.6233	0.000366354
1.6234	0.000557851
1.6235	0.0003688
1.6236	0.000600906
1.6237	0.000655522
1.6238	0.000572866
1.6239	0.000564591
1.624	0.000759781
1.6241	0.00075025
1.6242	0.000617289
1.6243	0.000770732
1.6244	0.000673914
1.6245	0.000758458
1.6246	0.000533954
1.6247	0.000568861
1.6248	0.000469532
1.6249	0.000486896
1.625	0.000547898
1.6251	0.000554864
1.6252	0.000529716
1.6253	0.000601448
1.6254	0.000496027
1.6255	0.000470497
1.6256	0.000399662
1.6257	0.000637397
1.6258	0.000523586
1.6259	0.000584531
1.626	0.000597455
1.6261	0.000707828
1.6262	0.000743823
1.6263	0.000616881
1.6264	0.000612082
1.6265	0.000693144
1.6266	0.00059453
1.6267	0.000816067
1.6268	0.000486449
1.6269	0.000697295
1.627	0.000648575
1.6271	0.000664469
1.6272	0.000478088
1.6273	0.000592143
1.6274	0.000605328
1.6275	0.000640248
1.6276	0.000567009
1.6277	0.000654834
1.6278	0.000704612
1.6279	0.000731381
1.628	0.000718222
1.6281	0.000610104
1.6282	0.000761623
1.6283	0.000608457
1.6284	0.000629528
1.6285	0.000436114
1.6286	0.000738791
1.6287	0.000712393
1.6288	0.000738005
1.6289	0.000771578
1.629	0.000529143
1.6291	0.00056554
1.6292	0.000586721
1.6293	0.000414013
1.6294	0.000707149
1.6295	0.000734025
1.6296	0.000706306
1.6297	0.000631956
1.6298	0.000686459
1.6299	0.000571931
1.63	0.000619194
1.6301	0.000650885
1.6302	0.000525059
1.6303	0.00044791
1.6304	0.000587901
1.6305	0.000833123
1.6306	0.000765495
1.6307	0.000621806
1.6308	0.000594648
1.6309	0.000526919
1.631	0.000595716
1.6311	0.000852734
1.6312	0.000532004
1.6313	0.000517896
1.6314	0.000557706
1.6315	0.000678381
1.6316	0.000486833
1.6317	0.000610596
1.6318	0.000614409
1.6319	0.000480829
1.632	0.000580736
1.6321	0.000514492
1.6322	0.000597549
1.6323	0.000703336
1.6324	0.000523217
1.6325	0.000650658
1.6326	0.000672285
1.6327	0.000479354
1.6328	0.000554776
1.6329	0.000513261
1.633	0.000550544
1.6331	0.000723715
1.6332	0.000670251
1.6333	0.00068281
1.6334	0.000662884
1.6335	0.000466583
1.6336	0.000607173
1.6337	0.000616976
1.6338	0.000736916
1.6339	0.000686433
1.634	0.000543315
1.6341	0.000628998
1.6342	0.000518557
1.6343	0.000546468
1.6344	0.000746629
1.6345	0.000571631
1.6346	0.000482241
1.6347	0.000577691
1.6348	0.000479888
1.6349	0.000592038
1.635	0.000654718
1.6351	0.000801475
1.6352	0.000724225
1.6353	0.000852944
1.6354	0.000688498
1.6355	0.000656138
1.6356	0.000772534
1.6357	0.000709344
1.6358	0.000432687
1.6359	0.000636136
1.636	0.000755663
1.6361	0.000567134
1.6362	0.000684688
1.6363	0.000664233
1.6364	0.000483661
1.6365	0.000595254
1.6366	0.000865544
1.6367	0.000434701
1.6368	0.00046428
1.6369	0.000529806
1.637	0.000626887
1.6371	0.000515643
1.6372	0.000789296
1.6373	0.000893975
1.6374	0.000679804
1.6375	0.000645442
1.6376	0.00068767
1.6377	0.00063031
1.6378	0.000652503
1.6379	0.000438842
1.638	0.000543238
1.6381	0.000675902
1.6382	0.000507464
1.6383	0.00066365
1.6384	0.000617642
1.6385	0.000509572
1.6386	0.00061111
1.6387	0.000541904
1.6388	0.000711034
1.6389	0.000515171
1.639	0.000521983
1.6391	0.000604075
1.6392	0.000404903
1.6393	0.0003787
1.6394	0.000446733
1.6395	0.000544067
1.6396	0.00069713
1.6397	0.000697152
1.6398	0.000747307
1.6399	0.000748363
1.64	0.000572263
1.6401	0.000534017
1.6402	0.000615469
1.6403	0.000577266
1.6404	0.000472803
1.6405	0.000490978
1.6406	0.000605276
1.6407	0.00045433
1.6408	0.000532637
1.6409	0.000668307
1.641	0.000366395
1.6411	0.000485907
1.6412	0.000548025
1.6413	0.000450754
1.6414	0.000498777
1.6415	0.000383109
1.6416	0.000515181
1.6417	0.000602578
1.6418	0.000637435
1.6419	0.000555248
1.642	0.00047336
1.6421	0.000624369
1.6422	0.000548662
1.6423	0.000547506
1.6424	0.000439584
1.6425	0.000620522
1.6426	0.000407909
1.6427	0.000695774
1.6428	0.0006611
1.6429	0.00069888
1.643	0.000764411
1.6431	0.000550535
1.6432	0.000465158
1.6433	0.000413637
1.6434	0.000375062
1.6435	0.000521385
1.6436	0.000484652
1.6437	0.000410481
1.6438	0.000372177
1.6439	0.000554548
1.644	0.000736438
1.6441	0.000372188
1.6442	0.000606763
1.6443	0.000747804
1.6444	0.000645559
1.6445	0.000755831
1.6446	0.000400763
1.6447	0.000456094
1.6448	0.000598798
1.6449	0.000476535
1.645	0.000494118
1.6451	0.000813692
1.6452	0.000453007
1.6453	0.000683597
1.6454	0.000648787
1.6455	0.00046491
1.6456	0.000811367
1.6457	0.000668771
1.6458	0.000528616
1.6459	0.000514455
1.646	0.000400138
1.6461	0.000601596
1.6462	0.000613912
1.6463	0.000397568
1.6464	0.000583092
1.6465	0.000585609
1.6466	0.000689677
1.6467	0.000616437
1.6468	0.00048572
1.6469	0.000590678
1.647	0.000570571
1.6471	0.000497446
1.6472	0.000511555
1.6473	0.000418867
1.6474	0.000434786
1.6475	0.000533532
1.6476	0.000568156
1.6477	0.000878208
1.6478	0.000600732
1.6479	0.000492439
1.648	0.000638571
1.6481	0.000658402
1.6482	0.000573441
1.6483	0.000501775
1.6484	0.000563391
1.6485	0.000424047
1.6486	0.000494184
1.6487	0.000559401
1.6488	0.000588224
1.6489	0.000557467
1.649	0.000678832
1.6491	0.000622146
1.6492	0.000615225
1.6493	0.000624603
1.6494	0.000541041
1.6495	0.000657739
1.6496	0.000453941
1.6497	0.000539992
1.6498	0.00050396
1.6499	0.000516219
1.65	0.000640853
1.6501	0.000544369
1.6502	0.000569123
1.6503	0.000725105
1.6504	0.00065576
1.6505	0.000663962
1.6506	0.000671015
1.6507	0.000681185
1.6508	0.000528905
1.6509	0.000634112
1.651	0.000590506
1.6511	0.000737665
1.6512	0.000656002
1.6513	0.000598061
1.6514	0.000513416
1.6515	0.000566003
1.6516	0.000523679
1.6517	0.000612843
1.6518	0.000646231
1.6519	0.000568681
1.652	0.000530881
1.6521	0.000511908
1.6522	0.000412812
1.6523	0.000488706
1.6524	0.000525167
1.6525	0.000578573
1.6526	0.000709565
1.6527	0.00066075
1.6528	0.000654912
1.6529	0.000783197
1.653	0.000663859
1.6531	0.000503237
1.6532	0.000550619
1.6533	0.0008082
1.6534	0.000643579
1.6535	0.0005856
1.6536	0.00065075
1.6537	0.000535218
1.6538	0.000520589
1.6539	0.000586437
1.654	0.000684184
1.6541	0.000555437
1.6542	0.000471933
1.6543	0.000355008
1.6544	0.000363221
1.6545	0.000444014
1.6546	0.000600606
1.6547	0.000620692
1.6548	0.000607811
1.6549	0.000507906
1.655	0.000733485
1.6551	0.000759735
1.6552	0.000808119
1.6553	0.000615357
1.6554	0.000886583
1.6555	0.000560697
1.6556	0.000720289
1.6557	0.000760198
1.6558	0.000588051
1.6559	0.000532303
1.656	0.000679982
1.6561	0.000570909
1.6562	0.000633613
1.6563	0.00044094
1.6564	0.000408599
1.6565	0.000497862
1.6566	0.000550075
1.6567	0.000581349
1.6568	0.000403435
1.6569	0.000453566
1.657	0.000656625
1.6571	0.000737198
1.6572	0.000714811
1.6573	0.000717238
1.6574	0.000699596
1.6575	0.000901592
1.6576	0.000755402
1.6577	0.000697638
1.6578	0.000596846
1.6579	0.000698881
1.658	0.000560219
1.6581	0.000679477
1.6582	0.000526115
1.6583	0.000588655
1.6584	0.00051521
1.6585	0.000467705
1.6586	0.000588471
1.6587	0.000522119
1.6588	0.000520937
1.6589	0.000493223
1.659	0.000656976
1.6591	0.00044554
1.6592	0.000443118
1.6593	0.000718344
1.6594	0.000668238
1.6595	0.00053651
1.6596	0.000699013
1.6597	0.000812171
1.6598	0.00095827
1.6599	0.000537032
1.66	0.00063644
1.6601	0.000662354
1.6602	0.000723455
1.6603	0.000567522
1.6604	0.000592859
1.6605	0.000544304
1.6606	0.000427064
1.6607	0.000545249
1.6608	0.000573544
1.6609	0.000732899
1.661	0.000515788
1.6611	0.000485049
1.6612	0.000669724
1.6613	0.000484764
1.6614	0.000603196
1.6615	0.000675399
1.6616	0.000554693
1.6617	0.000634887
1.6618	0.000628526
1.6619	0.000655133
1.662	0.00067945
1.6621	0.000711852
1.6622	0.000485003
1.6623	0.000620681
1.6624	0.000702074
1.6625	0.000630706
1.6626	0.00078078
1.6627	0.000630656
1.6628	0.00040101
1.6629	0.000474367
1.663	0.000565205
1.6631	0.00055171
1.6632	0.000640526
1.6633	0.000507701
1.6634	0.000646421
1.6635	0.000596994
1.6636	0.000627713
1.6637	0.000836858
1.6638	0.000542481
1.6639	0.000637181
1.664	0.000774533
1.6641	0.000672072
1.6642	0.000604568
1.6643	0.000486117
1.6644	0.000674774
1.6645	0.000738343
1.6646	0.000683597
1.6647	0.000705007
1.6648	0.000535585
1.6649	0.00068219
1.665	0.000428843
1.6651	0.000603525
1.6652	0.000830515
1.6653	0.000743576
1.6654	0.000474772
1.6655	0.000680437
1.6656	0.000572338
1.6657	0.000691377
1.6658	0.00051453
1.6659	0.000498141
1.666	0.000521821
1.6661	0.000422016
1.6662	0.000785371
1.6663	0.000705183
1.6664	0.000588235
1.6665	0.00057982
1.6666	0.000633866
1.6667	0.000785337
1.6668	0.000693989
1.6669	0.000591343
1.667	0.000509003
1.6671	0.000486587
1.6672	0.000647194
1.6673	0.000623915
1.6674	0.000731178
1.6675	0.000565862
1.6676	0.000622073
1.6677	0.00049415
1.6678	0.000742346
1.6679	0.000642375
1.668	0.00059937
1.6681	0.000510068
1.6682	0.000620966
1.6683	0.000622744
1.6684	0.000607173
1.6685	0.000661623
1.6686	0.000548547
1.6687	0.000735473
1.6688	0.000894232
1.6689	0.000488993
1.669	0.000765025
1.6691	0.00069211
1.6692	0.000497629
1.6693	0.000667484
1.6694	0.0006731
1.6695	0.000600366
1.6696	0.00059686
1.6697	0.000695197
1.6698	0.000601613
1.6699	0.000573561
1.67	0.000849802
1.6701	0.000746867
1.6702	0.000638548
1.6703	0.000746197
1.6704	0.000524021
1.6705	0.000574582
1.6706	0.000565131
1.6707	0.000568383
1.6708	0.000725641
1.6709	0.000679857
1.671	0.000630004
1.6711	0.000728837
1.6712	0.00064124
1.6713	0.000729354
1.6714	0.000618622
1.6715	0.000442527
1.6716	0.000488258
1.6717	0.000671266
1.6718	0.000617066
1.6719	0.000663455
1.672	0.000477859
1.6721	0.000543302
1.6722	0.000473619
1.6723	0.000823093
1.6724	0.000399955
1.6725	0.000531453
1.6726	0.000435898
1.6727	0.000381251
1.6728	0.000640127
1.6729	0.000670318
1.673	0.000916604
1.6731	0.0006854
1.6732	0.000769955
1.6733	0.000694606
1.6734	0.000612664
1.6735	0.000713728
1.6736	0.000613677
1.6737	0.000522097
1.6738	0.000640046
1.6739	0.000554197
1.674	0.000801847
1.6741	0.000559184
1.6742	0.000579243
1.6743	0.000658324
1.6744	0.000736455
1.6745	0.000512103
1.6746	0.000445399
1.6747	0.000505443
1.6748	0.000667232
1.6749	0.000451275
1.675	0.000398777
1.6751	0.000573813
1.6752	0.000629601
1.6753	0.000622022
1.6754	0.000519656
1.6755	0.000661505
1.6756	0.000618152
1.6757	0.000778588
1.6758	0.000449394
1.6759	0.000571533
1.676	0.000545077
1.6761	0.000526852
1.6762	0.000532916
1.6763	0.000482238
1.6764	0.00048889
1.6765	0.000535384
1.6766	0.00071978
1.6767	0.000367762
1.6768	0.000582139
1.6769	0.000592333
1.677	0.00055785
1.6771	0.000460685
1.6772	0.00044685
1.6773	0.000587696
1.6774	0.00044777
1.6775	0.00062634
1.6776	0.000673149
1.6777	0.000575058
1.6778	0.000657518
1.6779	0.000693689
1.678	0.000502875
1.6781	0.000498019
1.6782	0.000516297
1.6783	0.000472524
1.6784	0.000594441
1.6785	0.000562146
1.6786	0.000531271
1.6787	0.000688306
1.6788	0.000494687
1.6789	0.000351922
1.679	0.000431951
1.6791	0.0004152
1.6792	0.000507911
1.6793	0.000517726
1.6794	0.000436998
1.6795	0.000423116
1.6796	0.000466764
1.6797	0.000598463
1.6798	0.000399306
1.6799	0.000600842
1.68	0.000625055
1.6801	0.000896113
1.6802	0.000482925
1.6803	0.000499664
1.6804	0.000421048
1.6805	0.000503629
1.6806	0.000528918
1.6807	0.000669364
1.6808	0.000654825
1.6809	0.000518186
1.681	0.000526387
1.6811	0.000584271
1.6812	0.000446053
1.6813	0.000696274
1.6814	0.000548858
1.6815	0.000562513
1.6816	0.000381919
1.6817	0.00046124
1.6818	0.000420157
1.6819	0.000541204
1.682	0.000539891
1.6821	0.00044693
1.6822	0.000509633
1.6823	0.000520897
1.6824	0.000619044
1.6825	0.000565577
1.6826	0.000567363
1.6827	0.000573851
1.6828	0.000584538
1.6829	0.000590515
1.683	0.00048285
1.6831	0.000544952
1.6832	0.000753201
1.6833	0.000574733
1.6834	0.000669455
1.6835	0.000578171
1.6836	0.000540046
1.6837	0.000570148
1.6838	0.000769518
1.6839	0.000641644
1.684	0.000579277
1.6841	0.000441894
1.6842	0.000507134
1.6843	0.00044844
1.6844	0.000641303
1.6845	0.000587828
1.6846	0.000798785
1.6847	0.000591819
1.6848	0.000662464
1.6849	0.000793734
1.685	0.000481204
1.6851	0.000520491
1.6852	0.000603235
1.6853	0.000505812
1.6854	0.000536429
1.6855	0.000459368
1.6856	0.000488531
1.6857	0.00070071
1.6858	0.000617604
1.6859	0.000604409
1.686	0.000781102
1.6861	0.000725511
1.6862	0.000645646
1.6863	0.000617001
1.6864	0.000639321
1.6865	0.00069848
1.6866	0.000504969
1.6867	0.000717289
1.6868	0.00052601
1.6869	0.000665191
1.687	0.000623044
1.6871	0.00063025
1.6872	0.000456558
1.6873	0.000521443
1.6874	0.000673883
1.6875	0.000497304
1.6876	0.000695334
1.6877	0.000574408
1.6878	0.000434819
1.6879	0.000424233
1.688	0.000577218
1.6881	0.000634127
1.6882	0.000608804
1.6883	0.000577244
1.6884	0.000680544
1.6885	0.000875561
1.6886	0.000711193
1.6887	0.000517119
1.6888	0.000424276
1.6889	0.000778006
1.689	0.000773909
1.6891	0.000756007
1.6892	0.000505328
1.6893	0.000549148
1.6894	0.000463961
1.6895	0.000704195
1.6896	0.000760524
1.6897	0.000664736
1.6898	0.000529051
1.6899	0.00042637
1.69	0.000434747
1.6901	0.000471228
1.6902	0.00054002
1.6903	0.000688161
1.6904	0.00045024
1.6905	0.000622935
1.6906	0.000631221
1.6907	0.000758848
1.6908	0.000659888
1.6909	0.000563096
1.691	0.00063787
1.6911	0.000721707
1.6912	0.000668249
1.6913	0.000622996
1.6914	0.000799373
1.6915	0.000402445
1.6916	0.000525958
1.6917	0.000771068
1.6918	0.000621286
1.6919	0.000557493
1.692	0.000498141
1.6921	0.000480456
1.6922	0.00049611
1.6923	0.00050954
1.6924	0.00056115
1.6925	0.000439682
1.6926	0.000579225
1.6927	0.000667432
1.6928	0.000804555
1.6929	0.000550948
1.693	0.000723691
1.6931	0.000740666
1.6932	0.000506029
1.6933	0.000732299
1.6934	0.000675119
1.6935	0.000589116
1.6936	0.000739127
1.6937	0.000524906
1.6938	0.000613578
1.6939	0.000663418
1.694	0.000603794
1.6941	0.000743936
1.6942	0.000534802
1.6943	0.00052311
1.6944	0.00048287
1.6945	0.000559826
1.6946	0.000483987
1.6947	0.000365538
1.6948	0.000472103
1.6949	0.00056564
1.695	0.000643821
1.6951	0.000647626
1.6952	0.000439381
1.6953	0.000756007
1.6954	0.000836169
1.6955	0.000740668
1.6956	0.000760094
1.6957	0.0006581
1.6958	0.00069234
1.6959	0.000641654
1.696	0.0006596
1.6961	0.000593231
1.6962	0.000483826
1.6963	0.000487786
1.6964	0.000678172
1.6965	0.000667311
1.6966	0.000705649
1.6967	0.00038151
1.6968	0.000391524
1.6969	0.000574435
1.697	0.000401463
1.6971	0.000460066
1.6972	0.000490583
1.6973	0.000546991
1.6974	0.000828779
1.6975	0.000706698
1.6976	0.000541496
1.6977	0.000594762
1.6978	0.000836879
1.6979	0.000587551
1.698	0.000639484
1.6981	0.000576293
1.6982	0.00064624
1.6983	0.000708787
1.6984	0.000697572
1.6985	0.000450877
1.6986	0.000636073
1.6987	0.000665077
1.6988	0.000487609
1.6989	0.000544722
1.699	0.000576564
1.6991	0.000696033
1.6992	0.000636503
1.6993	0.000563196
1.6994	0.000650916
1.6995	0.000680043
1.6996	0.000669455
1.6997	0.00067956
1.6998	0.000560759
1.6999	0.000628843
1.7	0.00067934
1.7001	0.000624059
1.7002	0.000570895
1.7003	0.00064221
1.7004	0.000607312
1.7005	0.000513801
1.7006	0.000604974
1.7007	0.000619722
1.7008	0.000647697
1.7009	0.00070543
1.701	0.000697442
1.7011	0.000619337
1.7012	0.000491115
1.7013	0.000463276
1.7014	0.000761467
1.7015	0.000597022
1.7016	0.000477051
1.7017	0.000713885
1.7018	0.000655484
1.7019	0.000680472
1.702	0.000727583
1.7021	0.000680553
1.7022	0.00073499
1.7023	0.00070508
1.7024	0.00094422
1.7025	0.0007021
1.7026	0.000482088
1.7027	0.000536654
1.7028	0.000672565
1.7029	0.000475332
1.703	0.000500766
1.7031	0.000611057
1.7032	0.000581711
1.7033	0.000604917
1.7034	0.000680399
1.7035	0.000525943
1.7036	0.000641136
1.7037	0.000548147
1.7038	0.000590745
1.7039	0.000590232
1.704	0.000496896
1.7041	0.000545781
1.7042	0.000684236
1.7043	0.000684657
1.7044	0.000669039
1.7045	0.00052353
1.7046	0.000447803
1.7047	0.000822517
1.7048	0.000430385
1.7049	0.000535385
1.705	0.000500586
1.7051	0.000796179
1.7052	0.000633595
1.7053	0.000693236
1.7054	0.000658052
1.7055	0.000546761
1.7056	0.000627448
1.7057	0.000735581
1.7058	0.000741057
1.7059	0.000471697
1.706	0.000536265
1.7061	0.000437112
1.7062	0.000453091
1.7063	0.000605651
1.7064	0.000698315
1.7065	0.000651639
1.7066	0.000757682
1.7067	0.000656744
1.7068	0.000687475
1.7069	0.000825957
1.707	0.000705572
1.7071	0.000435623
1.7072	0.000500752
1.7073	0.000490983
1.7074	0.000712878
1.7075	0.000603074
1.7076	0.000652234
1.7077	0.000533716
1.7078	0.000542645
1.7079	0.000841966
1.708	0.0005215
1.7081	0.000493122
1.7082	0.000641764
1.7083	0.000479703
1.7084	0.000538463
1.7085	0.000596547
1.7086	0.000699114
1.7087	0.000707541
1.7088	0.000525029
1.7089	0.000732064
1.709	0.000702993
1.7091	0.000702314
1.7092	0.000482709
1.7093	0.000713035
1.7094	0.00064887
1.7095	0.000498697
1.7096	0.000704756
1.7097	0.000575582
1.7098	0.000493796
1.7099	0.000728998
1.71	0.000511291
1.7101	0.000605975
1.7102	0.000516477
1.7103	0.000478606
1.7104	0.000484626
1.7105	0.000557642
1.7106	0.000454488
1.7107	0.000390284
1.7108	0.00053437
1.7109	0.000597404
1.711	0.00062544
1.7111	0.000661864
1.7112	0.000790423
1.7113	0.00069525
1.7114	0.000619986
1.7115	0.000428091
1.7116	0.000628864
1.7117	0.000672127
1.7118	0.000484102
1.7119	0.000556483
1.712	0.000509645
1.7121	0.000567268
1.7122	0.000718987
1.7123	0.000492681
1.7124	0.000597785
1.7125	0.000497638
1.7126	0.000568473
1.7127	0.000501164
1.7128	0.000486481
1.7129	0.000446089
1.713	0.000466024
1.7131	0.00052216
1.7132	0.000545915
1.7133	0.000718162
1.7134	0.00055899
1.7135	0.000519204
1.7136	0.00058732
1.7137	0.000421338
1.7138	0.000425369
1.7139	0.000481996
1.714	0.000559386
1.7141	0.000616115
1.7142	0.000558793
1.7143	0.000706552
1.7144	0.000650607
1.7145	0.000466486
1.7146	0.000384273
1.7147	0.000397768
1.7148	0.000520155
1.7149	0.000372165
1.715	0.000436728
1.7151	0.000393442
1.7152	0.000428867
1.7153	0.000536747
1.7154	0.000592697
1.7155	0.000531562
1.7156	0.000558876
1.7157	0.000641891
1.7158	0.000749391
1.7159	0.000541704
1.716	0.000509861
1.7161	0.000726958
1.7162	0.000533575
1.7163	0.00049721
1.7164	0.000624998
1.7165	0.000564666
1.7166	0.000637269
1.7167	0.000579638
1.7168	0.000424262
1.7169	0.000524534
1.717	0.000828235
1.7171	0.000462498
1.7172	0.000507511
1.7173	0.000423825
1.7174	0.000460346
1.7175	0.000398189
1.7176	0.000627369
1.7177	0.000529131
1.7178	0.00064097
1.7179	0.000636196
1.718	0.00062366
1.7181	0.000485463
1.7182	0.000573096
1.7183	0.000528369
1.7184	0.000489177
1.7185	0.000622497
1.7186	0.000562811
1.7187	0.000562479
1.7188	0.000572934
1.7189	0.000499173
1.719	0.000520664
1.7191	0.00065383
1.7192	0.000646124
1.7193	0.000479348
1.7194	0.000537474
1.7195	0.000770843
1.7196	0.000619498
1.7197	0.000636427
1.7198	0.000494267
1.7199	0.000658194
1.72	0.000499913
1.7201	0.000623162
1.7202	0.000485355
1.7203	0.000856673
1.7204	0.000586525
1.7205	0.000487496
1.7206	0.000639097
1.7207	0.000573528
1.7208	0.000545308
1.7209	0.000534351
1.721	0.000505038
1.7211	0.000510374
1.7212	0.000482892
1.7213	0.000654307
1.7214	0.000642063
1.7215	0.000597271
1.7216	0.000679882
1.7217	0.000796786
1.7218	0.00072323
1.7219	0.000777427
1.722	0.00046978
1.7221	0.000687867
1.7222	0.000495228
1.7223	0.000562246
1.7224	0.00079539
1.7225	0.000681661
1.7226	0.000690718
1.7227	0.000510749
1.7228	0.000493763
1.7229	0.000597794
1.723	0.000724953
1.7231	0.000575639
1.7232	0.000577699
1.7233	0.000663024
1.7234	0.000557325
1.7235	0.000449616
1.7236	0.000425178
1.7237	0.00056894
1.7238	0.00056159
1.7239	0.000685193
1.724	0.000560731
1.7241	0.000864034
1.7242	0.0007386
1.7243	0.00070044
1.7244	0.000811953
1.7245	0.00068707
1.7246	0.000800386
1.7247	0.000607959
1.7248	0.000544601
1.7249	0.000472307
1.725	0.000709046
1.7251	0.000579505
1.7252	0.000420604
1.7253	0.000559964
1.7254	0.000714135
1.7255	0.000542366
1.7256	0.000400517
1.7257	0.00037111
1.7258	0.000571542
1.7259	0.000544581
1.726	0.000746439
1.7261	0.000621428
1.7262	0.000531313
1.7263	0.000631945
1.7264	0.000737702
1.7265	0.000400808
1.7266	0.000855837
1.7267	0.00066291
1.7268	0.000806924
1.7269	0.000647382
1.727	0.000783082
1.7271	0.000540134
1.7272	0.000439283
1.7273	0.000532116
1.7274	0.000595537
1.7275	0.000690042
1.7276	0.000535883
1.7277	0.000479129
1.7278	0.000471815
1.7279	0.000493837
1.728	0.000468357
1.7281	0.000598607
1.7282	0.000403888
1.7283	0.00044373
1.7284	0.000600667
1.7285	0.000862603
1.7286	0.000573231
1.7287	0.000709142
1.7288	0.000570194
1.7289	0.000728552
1.729	0.000738264
1.7291	0.000493508
1.7292	0.000723444
1.7293	0.000598226
1.7294	0.000798398
1.7295	0.000553869
1.7296	0.000649245
1.7297	0.0007391
1.7298	0.000530823
1.7299	0.000502497
1.73	0.000463886
1.7301	0.000479273
1.7302	0.000568494
1.7303	0.000464923
1.7304	0.000544598
1.7305	0.000445594
1.7306	0.000554596
1.7307	0.000713461
1.7308	0.000533048
1.7309	0.00050955
1.731	0.00066729
1.7311	0.000900072
1.7312	0.00062305
1.7313	0.000485366
1.7314	0.000739985
1.7315	0.000553495
1.7316	0.000616472
1.7317	0.000506343
1.7318	0.000573085
1.7319	0.000532696
1.732	0.000485844
1.7321	0.000534588
1.7322	0.00053212
1.7323	0.000728554
1.7324	0.000391573
1.7325	0.000488343
1.7326	0.000657132
1.7327	0.000524133
1.7328	0.000419951
1.7329	0.000562314
1.733	0.000505326
1.7331	0.000642786
1.7332	0.000485169
1.7333	0.000764796
1.7334	0.000764538
1.7335	0.000716422
1.7336	0.0006594
1.7337	0.000632011
1.7338	0.000527553
1.7339	0.000653318
1.734	0.000741102
1.7341	0.000484659
1.7342	0.000443728
1.7343	0.000642813
1.7344	0.000761817
1.7345	0.000552939
1.7346	0.000625983
1.7347	0.00055028
1.7348	0.000597053
1.7349	0.000672105
1.735	0.000680537
1.7351	0.000653347
1.7352	0.000652097
1.7353	0.00072337
1.7354	0.000786745
1.7355	0.000608418
1.7356	0.000574472
1.7357	0.000502701
1.7358	0.000873641
1.7359	0.00073529
1.736	0.000590724
1.7361	0.000578215
1.7362	0.000606111
1.7363	0.000535263
1.7364	0.000668129
1.7365	0.000577896
1.7366	0.000677894
1.7367	0.000576132
1.7368	0.000499243
1.7369	0.000629094
1.737	0.000614946
1.7371	0.000707697
1.7372	0.000647238
1.7373	0.000436202
1.7374	0.000644284
1.7375	0.000719929
1.7376	0.000661566
1.7377	0.000654316
1.7378	0.000573499
1.7379	0.000530595
1.738	0.000691547
1.7381	0.000770142
1.7382	0.000844808
1.7383	0.000418607
1.7384	0.000509209
1.7385	0.000665477
1.7386	0.00045411
1.7387	0.000652003
1.7388	0.000502006
1.7389	0.000530969
1.739	0.000604671
1.7391	0.000513987
1.7392	0.000768299
1.7393	0.000607801
1.7394	0.000487581
1.7395	0.000537309
1.7396	0.000546836
1.7397	0.000523631
1.7398	0.000690751
1.7399	0.000565179
1.74	0.000551032
1.7401	0.000567895
1.7402	0.000691374
1.7403	0.000522326
1.7404	0.000713118
1.7405	0.000500135
1.7406	0.000478544
1.7407	0.000568396
1.7408	0.000731228
1.7409	0.000646509
1.741	0.000621633
1.7411	0.000656106
1.7412	0.000569223
1.7413	0.000670054
1.7414	0.000880789
1.7415	0.00083647
1.7416	0.000398569
1.7417	0.000641724
1.7418	0.000517776
1.7419	0.000502185
1.742	0.000649306
1.7421	0.0006209
1.7422	0.000666632
1.7423	0.000678565
1.7424	0.000654708
1.7425	0.000779531
1.7426	0.000599055
1.7427	0.000670116
1.7428	0.000444356
1.7429	0.000567028
1.743	0.000651394
1.7431	0.000566122
1.7432	0.000652402
1.7433	0.000771011
1.7434	0.000380159
1.7435	0.000739278
1.7436	0.000493231
1.7437	0.00060067
1.7438	0.00057607
1.7439	0.000609025
1.744	0.000440938
1.7441	0.000456499
1.7442	0.000700543
1.7443	0.000628866
1.7444	0.00079879
1.7445	0.000649965
1.7446	0.000690699
1.7447	0.000816417
1.7448	0.000630241
1.7449	0.000637114
1.745	0.000559521
1.7451	0.00055651
1.7452	0.000650468
1.7453	0.00070762
1.7454	0.000584702
1.7455	0.000472707
1.7456	0.000586445
1.7457	0.000673459
1.7458	0.000659924
1.7459	0.000490508
1.746	0.000524071
1.7461	0.000617618
1.7462	0.000417529
1.7463	0.000496489
1.7464	0.00041427
1.7465	0.000523845
1.7466	0.00057521
1.7467	0.000704298
1.7468	0.000631311
1.7469	0.000740408
1.747	0.000527347
1.7471	0.00056709
1.7472	0.000597298
1.7473	0.000462589
1.7474	0.000584259
1.7475	0.000672502
1.7476	0.000476216
1.7477	0.000415678
1.7478	0.000647576
1.7479	0.000566351
1.748	0.000575945
1.7481	0.000413436
1.7482	0.000460873
1.7483	0.000590951
1.7484	0.000609053
1.7485	0.000419616
1.7486	0.000463598
1.7487	0.000600647
1.7488	0.000597052
1.7489	0.00043787
1.749	0.000558237
1.7491	0.000567449
1.7492	0.000757403
1.7493	0.000508931
1.7494	0.000504659
1.7495	0.000571519
1.7496	0.000435123
1.7497	0.000563187
1.7498	0.000593933
1.7499	0.000574432
1.75	0.000720095
1.7501	0.000659121
1.7502	0.000525659
1.7503	0.000404318
1.7504	0.000351419
1.7505	0.000501856
1.7506	0.000399387
1.7507	0.000443286
1.7508	0.000355696
1.7509	0.000615133
1.751	0.000519453
1.7511	0.000460401
1.7512	0.000447828
1.7513	0.000619802
1.7514	0.000687504
1.7515	0.000855566
1.7516	0.000376398
1.7517	0.000486297
1.7518	0.000557764
1.7519	0.000409305
1.752	0.000532534
1.7521	0.000689444
1.7522	0.000526817
1.7523	0.000523569
1.7524	0.000584228
1.7525	0.000558632
1.7526	0.000475097
1.7527	0.000702432
1.7528	0.000493637
1.7529	0.000469155
1.753	0.000368205
1.7531	0.000558254
1.7532	0.000551252
1.7533	0.000464361
1.7534	0.000555146
1.7535	0.00059376
1.7536	0.000688944
1.7537	0.000526844
1.7538	0.00043056
1.7539	0.000478838
1.754	0.000502158
1.7541	0.000552324
1.7542	0.000640022
1.7543	0.000494791
1.7544	0.000510752
1.7545	0.00059328
1.7546	0.000768988
1.7547	0.00053079
1.7548	0.000662485
1.7549	0.000495308
1.755	0.000499755
1.7551	0.000474872
1.7552	0.0007075
1.7553	0.000571702
1.7554	0.000578572
1.7555	0.000376621
1.7556	0.000546033
1.7557	0.000408417
1.7558	0.000621881
1.7559	0.000617483
1.756	0.000819173
1.7561	0.000590571
1.7562	0.000493756
1.7563	0.000570752
1.7564	0.000582879
1.7565	0.000624229
1.7566	0.000502365
1.7567	0.000423577
1.7568	0.000512809
1.7569	0.000494607
1.757	0.000465396
1.7571	0.000705773
1.7572	0.000737614
1.7573	0.000682336
1.7574	0.000671494
1.7575	0.000758276
1.7576	0.000658224
1.7577	0.000606631
1.7578	0.00043556
1.7579	0.000667382
1.758	0.000486635
1.7581	0.00062597
1.7582	0.000673269
1.7583	0.000605017
1.7584	0.000546784
1.7585	0.000534274
1.7586	0.000489632
1.7587	0.000631981
1.7588	0.000539598
1.7589	0.000518015
1.759	0.000689272
1.7591	0.000487614
1.7592	0.000482512
1.7593	0.000430629
1.7594	0.000561782
1.7595	0.00059078
1.7596	0.0007178
1.7597	0.000604875
1.7598	0.000768169
1.7599	0.000720402
1.76	0.000791829
1.7601	0.000508978
1.7602	0.000718038
1.7603	0.000764246
1.7604	0.000570121
1.7605	0.000772366
1.7606	0.000509116
1.7607	0.000634952
1.7608	0.000494367
1.7609	0.00053251
1.761	0.000613811
1.7611	0.000631829
1.7612	0.000586145
1.7613	0.000413968
1.7614	0.000358163
1.7615	0.000396599
1.7616	0.000608808
1.7617	0.00070899
1.7618	0.000514248
1.7619	0.000510958
1.762	0.000646298
1.7621	0.000816476
1.7622	0.000786957
1.7623	0.000604705
1.7624	0.000668865
1.7625	0.000672445
1.7626	0.000704058
1.7627	0.000649229
1.7628	0.000584489
1.7629	0.000476104
1.763	0.000752081
1.7631	0.000674597
1.7632	0.000635377
1.7633	0.000456071
1.7634	0.000386254
1.7635	0.00051317
1.7636	0.000532969
1.7637	0.000518656
1.7638	0.000533807
1.7639	0.000479102
1.764	0.000506213
1.7641	0.000691179
1.7642	0.000769981
1.7643	0.000681659
1.7644	0.000707494
1.7645	0.000809338
1.7646	0.000723252
1.7647	0.000734228
1.7648	0.000466161
1.7649	0.000643537
1.765	0.000630577
1.7651	0.000622479
1.7652	0.000560939
1.7653	0.000579339
1.7654	0.000513761
1.7655	0.000522536
1.7656	0.000529678
1.7657	0.00044968
1.7658	0.000571635
1.7659	0.000503714
1.766	0.000336791
1.7661	0.000421351
1.7662	0.000571555
1.7663	0.000445659
1.7664	0.000715953
1.7665	0.000643418
1.7666	0.000556194
1.7667	0.00105535
1.7668	0.00108448
1.7669	0.00062473
1.767	0.000540753
1.7671	0.000717632
1.7672	0.000827586
1.7673	0.000535721
1.7674	0.000452265
1.7675	0.000543264
1.7676	0.000476126
1.7677	0.000552941
1.7678	0.000531338
1.7679	0.000667673
1.768	0.000642248
1.7681	0.000513015
1.7682	0.000595508
1.7683	0.000474818
1.7684	0.00044994
1.7685	0.000518187
1.7686	0.000623417
1.7687	0.000500187
1.7688	0.000779106
1.7689	0.000747811
1.769	0.000692231
1.7691	0.000470094
1.7692	0.0007175
1.7693	0.000727605
1.7694	0.000745935
1.7695	0.000511155
1.7696	0.000713483
1.7697	0.000674049
1.7698	0.000633173
1.7699	0.000452025
1.77	0.000583005
1.7701	0.000618818
1.7702	0.000644632
1.7703	0.000440645
1.7704	0.000725899
1.7705	0.000653641
1.7706	0.000733671
1.7707	0.000715368
1.7708	0.000603976
1.7709	0.000648802
1.771	0.000694638
1.7711	0.000637543
1.7712	0.000573444
1.7713	0.000689207
1.7714	0.000635134
1.7715	0.000785264
1.7716	0.000715567
1.7717	0.000599179
1.7718	0.000544148
1.7719	0.000467039
1.772	0.000491517
1.7721	0.000632104
1.7722	0.000683822
1.7723	0.00071548
1.7724	0.000689699
1.7725	0.000569033
1.7726	0.000623049
1.7727	0.00057259
1.7728	0.000554651
1.7729	0.000662905
1.773	0.000448541
1.7731	0.000580899
1.7732	0.000850165
1.7733	0.000608685
1.7734	0.000715656
1.7735	0.000596481
1.7736	0.000580485
1.7737	0.000695988
1.7738	0.000826329
1.7739	0.000689571
1.774	0.00044986
1.7741	0.000497769
1.7742	0.000735974
1.7743	0.000536064
1.7744	0.000658111
1.7745	0.000660399
1.7746	0.000532538
1.7747	0.000629859
1.7748	0.000561342
1.7749	0.000500346
1.775	0.000551636
1.7751	0.000491043
1.7752	0.000580612
1.7753	0.00065659
1.7754	0.000506619
1.7755	0.000520339
1.7756	0.00050971
1.7757	0.000580937
1.7758	0.000737757
1.7759	0.000597014
1.776	0.000449465
1.7761	0.000747589
1.7762	0.00039211
1.7763	0.000528784
1.7764	0.000527704
1.7765	0.000789051
1.7766	0.000579149
1.7767	0.000529778
1.7768	0.000660294
1.7769	0.00052914
1.777	0.000640825
1.7771	0.000710973
1.7772	0.000601991
1.7773	0.000556204
1.7774	0.000511659
1.7775	0.000441104
1.7776	0.000560956
1.7777	0.000707713
1.7778	0.000648252
1.7779	0.000652088
1.778	0.00076416
1.7781	0.000637647
1.7782	0.000844514
1.7783	0.000788983
1.7784	0.000668964
1.7785	0.000474573
1.7786	0.000510901
1.7787	0.000558881
1.7788	0.000702834
1.7789	0.000769643
1.779	0.000635141
1.7791	0.000617008
1.7792	0.000616616
1.7793	0.000724317
1.7794	0.000459951
1.7795	0.000607636
1.7796	0.000503411
1.7797	0.000629649
1.7798	0.000570561
1.7799	0.000767683
1.78	0.000889842
1.7801	0.000656521
1.7802	0.000753813
1.7803	0.00068526
1.7804	0.000744486
1.7805	0.000682416
1.7806	0.000458678
1.7807	0.000611046
1.7808	0.000667924
1.7809	0.000513052
1.781	0.000652899
1.7811	0.000533752
1.7812	0.000604135
1.7813	0.000561835
1.7814	0.000552584
1.7815	0.000611357
1.7816	0.000449336
1.7817	0.000501968
1.7818	0.000562253
1.7819	0.000420407
1.782	0.000390441
1.7821	0.000519453
1.7822	0.000519742
1.7823	0.000570485
1.7824	0.000566728
1.7825	0.000617307
1.7826	0.000716195
1.7827	0.000695149
1.7828	0.000492303
1.7829	0.000452874
1.783	0.000540301
1.7831	0.000638686
1.7832	0.000562782
1.7833	0.000599407
1.7834	0.000515727
1.7835	0.000509172
1.7836	0.000727387
1.7837	0.000426811
1.7838	0.000570746
1.7839	0.000581336
1.784	0.000493564
1.7841	0.000419598
1.7842	0.000431475
1.7843	0.000458301
1.7844	0.000607026
1.7845	0.000636598
1.7846	0.00047496
1.7847	0.000430833
1.7848	0.000610285
1.7849	0.000737425
1.785	0.000536596
1.7851	0.000391255
1.7852	0.000481407
1.7853	0.000553322
1.7854	0.000524302
1.7855	0.000669815
1.7856	0.00070928
1.7857	0.000702105
1.7858	0.000553226
1.7859	0.000403504
1.786	0.000404393
1.7861	0.000394334
1.7862	0.000523027
1.7863	0.000397671
1.7864	0.000435637
1.7865	0.000407921
1.7866	0.000529449
1.7867	0.000663607
1.7868	0.000428199
1.7869	0.000528635
1.787	0.0005757
1.7871	0.000718102
1.7872	0.000725353
1.7873	0.000473285
1.7874	0.000402654
1.7875	0.000591071
1.7876	0.00048353
1.7877	0.000475821
1.7878	0.000605472
1.7879	0.000488308
1.788	0.000674557
1.7881	0.00060944
1.7882	0.000600636
1.7883	0.000682415
1.7884	0.000617269
1.7885	0.000405446
1.7886	0.000531087
1.7887	0.000415666
1.7888	0.000577977
1.7889	0.000572661
1.789	0.000390097
1.7891	0.000482671
1.7892	0.000599159
1.7893	0.000588841
1.7894	0.000572138
1.7895	0.000433172
1.7896	0.000515937
1.7897	0.00057828
1.7898	0.000497885
1.7899	0.000533155
1.79	0.00042416
1.7901	0.000533751
1.7902	0.000555923
1.7903	0.000776134
1.7904	0.000710959
1.7905	0.000559962
1.7906	0.000559134
1.7907	0.000501629
1.7908	0.000522905
1.7909	0.000661687
1.791	0.00061448
1.7911	0.00058324
1.7912	0.000469605
1.7913	0.000503959
1.7914	0.000575199
1.7915	0.000678642
1.7916	0.000547795
1.7917	0.000672137
1.7918	0.000618578
1.7919	0.000644892
1.792	0.00070898
1.7921	0.000461528
1.7922	0.000544707
1.7923	0.000521703
1.7924	0.000608057
1.7925	0.000423569
1.7926	0.000512647
1.7927	0.000776998
1.7928	0.000623427
1.7929	0.000676283
1.793	0.000709749
1.7931	0.00071342
1.7932	0.000681025
1.7933	0.000504157
1.7934	0.000682489
1.7935	0.000662691
1.7936	0.000578609
1.7937	0.000516752
1.7938	0.000608948
1.7939	0.000643743
1.794	0.000633231
1.7941	0.000724404
1.7942	0.000445886
1.7943	0.000398712
1.7944	0.000492931
1.7945	0.000636232
1.7946	0.000601291
1.7947	0.000495926
1.7948	0.000491461
1.7949	0.000380429
1.795	0.000439582
1.7951	0.000605211
1.7952	0.000565634
1.7953	0.000635584
1.7954	0.000583054
1.7955	0.000768359
1.7956	0.000715344
1.7957	0.000617708
1.7958	0.000476279
1.7959	0.000750054
1.796	0.00094696
1.7961	0.000869247
1.7962	0.000623778
1.7963	0.000502983
1.7964	0.000592636
1.7965	0.000578005
1.7966	0.000635136
1.7967	0.00071378
1.7968	0.000560783
1.7969	0.000521902
1.797	0.000413544
1.7971	0.000408595
1.7972	0.00049287
1.7973	0.000629238
1.7974	0.000486787
1.7975	0.000558704
1.7976	0.000511966
1.7977	0.000789074
1.7978	0.00062826
1.7979	0.000823397
1.798	0.000486188
1.7981	0.000698532
1.7982	0.000630027
1.7983	0.000775814
1.7984	0.000794221
1.7985	0.00061218
1.7986	0.000557889
1.7987	0.000598657
1.7988	0.000622997
1.7989	0.00047756
1.799	0.000392888
1.7991	0.000363129
1.7992	0.000493544
1.7993	0.000649223
1.7994	0.000595836
1.7995	0.000390138
1.7996	0.000493152
1.7997	0.000693963
1.7998	0.000795516
1.7999	0.000711082
1.8	0.000619643
1.8001	0.000606613
1.8002	0.000736142
1.8003	0.000844119
1.8004	0.000559028
1.8005	0.00053752
1.8006	0.000613509
1.8007	0.000521349
1.8008	0.000687516
1.8009	0.000520365
1.801	0.000599538
1.8011	0.000523599
1.8012	0.000433033
1.8013	0.000506959
1.8014	0.000538387
1.8015	0.000598425
1.8016	0.000479567
1.8017	0.000373786
1.8018	0.000548871
1.8019	0.000431686
1.802	0.000580107
1.8021	0.000669621
1.8022	0.000520898
1.8023	0.000662061
1.8024	0.00081131
1.8025	0.000660457
1.8026	0.000650647
1.8027	0.000685003
1.8028	0.000546052
1.8029	0.000629343
1.803	0.000538021
1.8031	0.000648174
1.8032	0.000453265
1.8033	0.000427994
1.8034	0.000566603
1.8035	0.000585517
1.8036	0.000826103
1.8037	0.000455262
1.8038	0.000511479
1.8039	0.000603462
1.804	0.000371533
1.8041	0.000565163
1.8042	0.00061518
1.8043	0.000548811
1.8044	0.000745479
1.8045	0.000434731
1.8046	0.000622107
1.8047	0.000564574
1.8048	0.000837541
1.8049	0.000741222
1.805	0.000555712
1.8051	0.000702936
1.8052	0.000806704
1.8053	0.000580042
1.8054	0.000531618
1.8055	0.00055808
1.8056	0.000480013
1.8057	0.000614345
1.8058	0.000605427
1.8059	0.000563506
1.806	0.000462981
1.8061	0.000612517
1.8062	0.000713562
1.8063	0.000660336
1.8064	0.000602813
1.8065	0.000618584
1.8066	0.000653723
1.8067	0.000785832
1.8068	0.000503746
1.8069	0.000684661
1.807	0.000639462
1.8071	0.000668279
1.8072	0.000611851
1.8073	0.000719057
1.8074	0.000557868
1.8075	0.000510954
1.8076	0.000650191
1.8077	0.000480226
1.8078	0.000543613
1.8079	0.00085093
1.808	0.000712279
1.8081	0.000550034
1.8082	0.000700846
1.8083	0.000776486
1.8084	0.000701912
1.8085	0.000537659
1.8086	0.000509082
1.8087	0.000520519
1.8088	0.000529887
1.8089	0.000752763
1.809	0.000764112
1.8091	0.000643299
1.8092	0.000776092
1.8093	0.00063243
1.8094	0.00069033
1.8095	0.000927216
1.8096	0.000727605
1.8097	0.000555119
1.8098	0.000669028
1.8099	0.000700605
1.81	0.000613378
1.8101	0.000719363
1.8102	0.000589773
1.8103	0.000685416
1.8104	0.000597396
1.8105	0.000602912
1.8106	0.000690543
1.8107	0.000666934
1.8108	0.000642283
1.8109	0.000603615
1.811	0.000542655
1.8111	0.000480929
1.8112	0.000625905
1.8113	0.000707048
1.8114	0.000562802
1.8115	0.000778183
1.8116	0.000556468
1.8117	0.000656749
1.8118	0.000616506
1.8119	0.000524986
1.812	0.000642028
1.8121	0.000684847
1.8122	0.000715867
1.8123	0.000689096
1.8124	0.000659319
1.8125	0.000722597
1.8126	0.00063089
1.8127	0.000567771
1.8128	0.000763849
1.8129	0.000432145
1.813	0.000722916
1.8131	0.000722935
1.8132	0.000409276
1.8133	0.000484893
1.8134	0.000613482
1.8135	0.000795702
1.8136	0.000697037
1.8137	0.000737479
1.8138	0.000649195
1.8139	0.000653343
1.814	0.000703292
1.8141	0.000546175
1.8142	0.000476267
1.8143	0.000496808
1.8144	0.000634631
1.8145	0.000544294
1.8146	0.000689545
1.8147	0.000470228
1.8148	0.000615603
1.8149	0.000514421
1.815	0.000775811
1.8151	0.000499836
1.8152	0.000520319
1.8153	0.000431669
1.8154	0.000436675
1.8155	0.000639126
1.8156	0.000822404
1.8157	0.000758789
1.8158	0.000620557
1.8159	0.000598409
1.816	0.000773557
1.8161	0.000608322
1.8162	0.000650127
1.8163	0.00055778
1.8164	0.000434367
1.8165	0.000699738
1.8166	0.000623467
1.8167	0.000788456
1.8168	0.000553327
1.8169	0.000599493
1.817	0.000775957
1.8171	0.000646648
1.8172	0.000502249
1.8173	0.000446448
1.8174	0.000505646
1.8175	0.000605995
1.8176	0.000411864
1.8177	0.000417218
1.8178	0.000607887
1.8179	0.000566834
1.818	0.000493362
1.8181	0.000565203
1.8182	0.000734885
1.8183	0.000706289
1.8184	0.000810492
1.8185	0.000486075
1.8186	0.00057142
1.8187	0.000506391
1.8188	0.000525249
1.8189	0.000508281
1.819	0.000502847
1.8191	0.000534767
1.8192	0.000445245
1.8193	0.000666003
1.8194	0.000477635
1.8195	0.000531808
1.8196	0.00063791
1.8197	0.000613379
1.8198	0.000521601
1.8199	0.000404998
1.82	0.000487512
1.8201	0.000492615
1.8202	0.000652254
1.8203	0.000675543
1.8204	0.000502019
1.8205	0.000722676
1.8206	0.000675543
1.8207	0.000603858
1.8208	0.000498267
1.8209	0.000519375
1.821	0.000534308
1.8211	0.000564072
1.8212	0.000550639
1.8213	0.000642082
1.8214	0.000564073
1.8215	0.000521355
1.8216	0.000327088
1.8217	0.000476505
1.8218	0.000532006
1.8219	0.000502485
1.822	0.000498556
1.8221	0.000409631
1.8222	0.00041678
1.8223	0.000546614
1.8224	0.000565391
1.8225	0.000423097
1.8226	0.000548643
1.8227	0.00055666
1.8228	0.000630265
1.8229	0.00054614
1.823	0.000464918
1.8231	0.000582184
1.8232	0.000500222
1.8233	0.000565041
1.8234	0.00056995
1.8235	0.000564302
1.8236	0.000578457
1.8237	0.000571712
1.8238	0.000603001
1.8239	0.00061115
1.824	0.00056865
1.8241	0.000534141
1.8242	0.000551462
1.8243	0.00037628
1.8244	0.000419286
1.8245	0.000457389
1.8246	0.000586211
1.8247	0.000454558
1.8248	0.000522227
1.8249	0.000485252
1.825	0.000714479
1.8251	0.000605187
1.8252	0.00062141
1.8253	0.000621511
1.8254	0.000640852
1.8255	0.000515383
1.8256	0.000584746
1.8257	0.000450564
1.8258	0.000452202
1.8259	0.000754274
1.826	0.000504514
1.8261	0.000622699
1.8262	0.000598268
1.8263	0.000555388
1.8264	0.000512787
1.8265	0.000760856
1.8266	0.000467381
1.8267	0.000770074
1.8268	0.000443863
1.8269	0.0005311
1.827	0.000515762
1.8271	0.000635362
1.8272	0.0006847
1.8273	0.000696495
1.8274	0.000532959
1.8275	0.00060002
1.8276	0.000605678
1.8277	0.000597434
1.8278	0.000588311
1.8279	0.000576935
1.828	0.000490803
1.8281	0.000493879
1.8282	0.000527233
1.8283	0.000453973
1.8284	0.000653589
1.8285	0.000711198
1.8286	0.000733757
1.8287	0.000708505
1.8288	0.000780671
1.8289	0.000572469
1.829	0.000496872
1.8291	0.000658541
1.8292	0.000705353
1.8293	0.000551293
1.8294	0.000730873
1.8295	0.00065327
1.8296	0.000518904
1.8297	0.000555122
1.8298	0.000582503
1.8299	0.000436281
1.83	0.000535713
1.8301	0.000547717
1.8302	0.000551307
1.8303	0.000656969
1.8304	0.000528784
1.8305	0.000426508
1.8306	0.000431699
1.8307	0.000544089
1.8308	0.000715396
1.8309	0.000594386
1.831	0.000618929
1.8311	0.00062478
1.8312	0.000908553
1.8313	0.000769308
1.8314	0.000625532
1.8315	0.000659433
1.8316	0.000594498
1.8317	0.000674194
1.8318	0.000795843
1.8319	0.000462741
1.832	0.000577206
1.8321	0.000522033
1.8322	0.000515205
1.8323	0.000688429
1.8324	0.000603183
1.8325	0.000605482
1.8326	0.00038878
1.8327	0.000370329
1.8328	0.000447958
1.8329	0.000533153
1.833	0.000789885
1.8331	0.000567603
1.8332	0.000510172
1.8333	0.000689274
1.8334	0.000642183
1.8335	0.000731478
1.8336	0.000506355
1.8337	0.00053765
1.8338	0.000770133
1.8339	0.000743602
1.834	0.000602368
1.8341	0.000701658
1.8342	0.000410236
1.8343	0.000545949
1.8344	0.000677215
1.8345	0.000556611
1.8346	0.000573577
1.8347	0.000447617
1.8348	0.000501001
1.8349	0.000558058
1.835	0.000511118
1.8351	0.000603096
1.8352	0.000434736
1.8353	0.000481562
1.8354	0.000661486
1.8355	0.000801044
1.8356	0.000785687
1.8357	0.000585209
1.8358	0.000866305
1.8359	0.000635111
1.836	0.000640588
1.8361	0.000606669
1.8362	0.000602322
1.8363	0.000579809
1.8364	0.000626436
1.8365	0.000645634
1.8366	0.000612043
1.8367	0.000591389
1.8368	0.000482894
1.8369	0.00051828
1.837	0.00056863
1.8371	0.000578458
1.8372	0.000568618
1.8373	0.000360364
1.8374	0.000345175
1.8375	0.000606362
1.8376	0.000555191
1.8377	0.000616681
1.8378	0.000683493
1.8379	0.000610383
1.838	0.000806019
1.8381	0.000750242
1.8382	0.000828287
1.8383	0.000605628
1.8384	0.00062601
1.8385	0.000685138
1.8386	0.000652396
1.8387	0.000587365
1.8388	0.000540263
1.8389	0.000551818
1.839	0.000524449
1.8391	0.000533469
1.8392	0.000668503
1.8393	0.000689439
1.8394	0.000557293
1.8395	0.000514628
1.8396	0.000494064
1.8397	0.000400063
1.8398	0.000475445
1.8399	0.000637277
1.84	0.00057696
1.8401	0.000835104
1.8402	0.000761617
1.8403	0.000662005
1.8404	0.000720782
1.8405	0.000735716
1.8406	0.00053157
1.8407	0.000596326
1.8408	0.000685881
1.8409	0.000836721
1.841	0.000697186
1.8411	0.000667997
1.8412	0.000464378
1.8413	0.000580353
1.8414	0.000675808
1.8415	0.000579077
1.8416	0.000518273
1.8417	0.000535324
1.8418	0.000739086
1.8419	0.000683169
1.842	0.000592261
1.8421	0.000511696
1.8422	0.000620417
1.8423	0.000797822
1.8424	0.000667804
1.8425	0.000525329
1.8426	0.000598968
1.8427	0.000531754
1.8428	0.000595621
1.8429	0.00074241
1.843	0.000559639
1.8431	0.000554776
1.8432	0.000488986
1.8433	0.000646083
1.8434	0.000640429
1.8435	0.000516541
1.8436	0.000628457
1.8437	0.00070567
1.8438	0.000663737
1.8439	0.000641546
1.844	0.000788683
1.8441	0.000606463
1.8442	0.000650145
1.8443	0.000479113
1.8444	0.000698503
1.8445	0.000783653
1.8446	0.000648786
1.8447	0.000714584
1.8448	0.000585768
1.8449	0.000616761
1.845	0.000664961
1.8451	0.000713584
1.8452	0.000742708
1.8453	0.000426597
1.8454	0.000527116
1.8455	0.000637266
1.8456	0.000491371
1.8457	0.000582154
1.8458	0.000656087
1.8459	0.000638516
1.846	0.000643263
1.8461	0.000607058
1.8462	0.000585627
1.8463	0.000437912
1.8464	0.000549321
1.8465	0.000639888
1.8466	0.000703863
1.8467	0.000481132
1.8468	0.000526985
1.8469	0.000538584
1.847	0.000672919
1.8471	0.000844251
1.8472	0.000642868
1.8473	0.000442751
1.8474	0.00076367
1.8475	0.000495252
1.8476	0.000495834
1.8477	0.00061912
1.8478	0.000565293
1.8479	0.000624872
1.848	0.000665649
1.8481	0.000589169
1.8482	0.00052708
1.8483	0.00066995
1.8484	0.000740533
1.8485	0.000624612
1.8486	0.000595959
1.8487	0.000517262
1.8488	0.000430312
1.8489	0.000468645
1.849	0.000648264
1.8491	0.000686537
1.8492	0.000635604
1.8493	0.00068123
1.8494	0.000816972
1.8495	0.00065307
1.8496	0.000816491
1.8497	0.000620044
1.8498	0.000422697
1.8499	0.000597756
1.85	0.000494322
1.8501	0.000623167
1.8502	0.000731364
1.8503	0.000642224
1.8504	0.00048143
1.8505	0.000557807
1.8506	0.00074008
1.8507	0.000515708
1.8508	0.000568106
1.8509	0.000489077
1.851	0.000630919
1.8511	0.000535805
1.8512	0.000622467
1.8513	0.000761681
1.8514	0.000758274
1.8515	0.000634201
1.8516	0.000629111
1.8517	0.000638852
1.8518	0.000565644
1.8519	0.000517615
1.852	0.00067434
1.8521	0.000624186
1.8522	0.000455628
1.8523	0.000614229
1.8524	0.000571868
1.8525	0.000510588
1.8526	0.000567337
1.8527	0.000529228
1.8528	0.000717759
1.8529	0.000419142
1.853	0.000580101
1.8531	0.000512135
1.8532	0.000548454
1.8533	0.000413088
1.8534	0.000448055
1.8535	0.000403795
1.8536	0.000511351
1.8537	0.000676332
1.8538	0.000684587
1.8539	0.000744557
1.854	0.000688096
1.8541	0.000646438
1.8542	0.00043192
1.8543	0.000418367
1.8544	0.000585514
1.8545	0.000510898
1.8546	0.000536486
1.8547	0.000492301
1.8548	0.000489735
1.8549	0.000660131
1.855	0.000583519
1.8551	0.00050429
1.8552	0.000472417
1.8553	0.000638767
1.8554	0.000571897
1.8555	0.000513549
1.8556	0.000440942
1.8557	0.00055286
1.8558	0.000537299
1.8559	0.000527617
1.856	0.000627685
1.8561	0.000680812
1.8562	0.000592189
1.8563	0.00057124
1.8564	0.000466745
1.8565	0.000484221
1.8566	0.000613112
1.8567	0.000528398
1.8568	0.000602833
1.8569	0.00072951
1.857	0.000556261
1.8571	0.0005238
1.8572	0.00049576
1.8573	0.000374765
1.8574	0.000458165
1.8575	0.000485313
1.8576	0.000525395
1.8577	0.000486155
1.8578	0.000454922
1.8579	0.000548588
1.858	0.000596769
1.8581	0.000421017
1.8582	0.000452197
1.8583	0.000663013
1.8584	0.000835882
1.8585	0.000768856
1.8586	0.000453578
1.8587	0.000428178
1.8588	0.000600531
1.8589	0.000503464
1.859	0.000487314
1.8591	0.000516942
1.8592	0.000529763
1.8593	0.000706505
1.8594	0.000557281
1.8595	0.000441917
1.8596	0.000390364
1.8597	0.00075018
1.8598	0.000413661
1.8599	0.000513586
1.86	0.000427862
1.8601	0.000599052
1.8602	0.000597574
1.8603	0.000468274
1.8604	0.000671519
1.8605	0.000482696
1.8606	0.000813277
1.8607	0.000644678
1.8608	0.000552138
1.8609	0.000563223
1.861	0.000477154
1.8611	0.000498409
1.8612	0.000557132
1.8613	0.000538094
1.8614	0.000543233
1.8615	0.000491141
1.8616	0.000646938
1.8617	0.000592247
1.8618	0.000798477
1.8619	0.000559942
1.862	0.000544409
1.8621	0.000459356
1.8622	0.000644811
1.8623	0.000487909
1.8624	0.000782761
1.8625	0.000420029
1.8626	0.000449806
1.8627	0.000538639
1.8628	0.000499159
1.8629	0.000478376
1.863	0.000801976
1.8631	0.000644917
1.8632	0.000669377
1.8633	0.000501378
1.8634	0.000491951
1.8635	0.000653247
1.8636	0.000515831
1.8637	0.000542079
1.8638	0.000431665
1.8639	0.000409041
1.864	0.000580502
1.8641	0.000593475
1.8642	0.000552392
1.8643	0.000595243
1.8644	0.000810622
1.8645	0.000763758
1.8646	0.000641905
1.8647	0.000762132
1.8648	0.000726594
1.8649	0.000610605
1.865	0.000635336
1.8651	0.000626633
1.8652	0.00076625
1.8653	0.000571267
1.8654	0.000574748
1.8655	0.000480508
1.8656	0.000492936
1.8657	0.000527043
1.8658	0.000743537
1.8659	0.000640203
1.866	0.000539088
1.8661	0.00056943
1.8662	0.000411883
1.8663	0.000505297
1.8664	0.000623491
1.8665	0.000557495
1.8666	0.000587535
1.8667	0.000662046
1.8668	0.000841858
1.8669	0.000762668
1.867	0.000617488
1.8671	0.000529279
1.8672	0.000628707
1.8673	0.000906658
1.8674	0.000630651
1.8675	0.000593421
1.8676	0.000506516
1.8677	0.000617178
1.8678	0.000597319
1.8679	0.00053918
1.868	0.000726623
1.8681	0.000642703
1.8682	0.000452476
1.8683	0.000415786
1.8684	0.000551319
1.8685	0.000434433
1.8686	0.000481158
1.8687	0.000611137
1.8688	0.000664847
1.8689	0.000707381
1.869	0.000687305
1.8691	0.000555547
1.8692	0.000741542
1.8693	0.000517847
1.8694	0.000767054
1.8695	0.000769853
1.8696	0.000721904
1.8697	0.000755799
1.8698	0.000525726
1.8699	0.000453335
1.87	0.000618181
1.8701	0.000633085
1.8702	0.000598059
1.8703	0.000575082
1.8704	0.000506954
1.8705	0.000455141
1.8706	0.000570186
1.8707	0.000456116
1.8708	0.000480346
1.8709	0.000529224
1.871	0.000503384
1.8711	0.000914226
1.8712	0.000610872
1.8713	0.000504628
1.8714	0.000805057
1.8715	0.000697533
1.8716	0.000534624
1.8717	0.000649816
1.8718	0.00063562
1.8719	0.000571434
1.872	0.000629545
1.8721	0.000888397
1.8722	0.000601404
1.8723	0.000567351
1.8724	0.000565093
1.8725	0.000705342
1.8726	0.000429462
1.8727	0.000529525
1.8728	0.000423871
1.8729	0.000342066
1.873	0.000362348
1.8731	0.00044713
1.8732	0.000420645
1.8733	0.000660363
1.8734	0.000639274
1.8735	0.000554786
1.8736	0.000636078
1.8737	0.000784709
1.8738	0.000856841
1.8739	0.000766033
1.874	0.000640746
1.8741	0.000688133
1.8742	0.000661853
1.8743	0.000794336
1.8744	0.000437272
1.8745	0.000506137
1.8746	0.000511024
1.8747	0.00059455
1.8748	0.00054031
1.8749	0.000540264
1.875	0.000624184
1.8751	0.000502099
1.8752	0.000450493
1.8753	0.000458051
1.8754	0.000537959
1.8755	0.000445178
1.8756	0.000550336
1.8757	0.000614983
1.8758	0.000690933
1.8759	0.000761256
1.876	0.00052189
1.8761	0.000768976
1.8762	0.000510235
1.8763	0.000665018
1.8764	0.000821674
1.8765	0.000604999
1.8766	0.000630569
1.8767	0.000619931
1.8768	0.000524192
1.8769	0.000518392
1.877	0.000540899
1.8771	0.000588667
1.8772	0.000601773
1.8773	0.000550347
1.8774	0.000652731
1.8775	0.000645281
1.8776	0.000678332
1.8777	0.000736988
1.8778	0.000594769
1.8779	0.000745648
1.878	0.00065015
1.8781	0.000827955
1.8782	0.000545978
1.8783	0.000554961
1.8784	0.000681595
1.8785	0.000637528
1.8786	0.000628507
1.8787	0.00064239
1.8788	0.000534737
1.8789	0.000705068
1.879	0.000403024
1.8791	0.000654916
1.8792	0.000638927
1.8793	0.000679731
1.8794	0.000669382
1.8795	0.00061312
1.8796	0.000518036
1.8797	0.000540671
1.8798	0.000622431
1.8799	0.000507644
1.88	0.000429083
1.8801	0.00083089
1.8802	0.000890438
1.8803	0.000722732
1.8804	0.000654586
1.8805	0.00054444
1.8806	0.000556525
1.8807	0.000786663
1.8808	0.000760853
1.8809	0.000576196
1.881	0.000500378
1.8811	0.000568273
1.8812	0.000654811
1.8813	0.000587395
1.8814	0.000582375
1.8815	0.000607239
1.8816	0.000618192
1.8817	0.000412853
1.8818	0.000692491
1.8819	0.000618895
1.882	0.000580566
1.8821	0.000431344
1.8822	0.000616046
1.8823	0.000728272
1.8824	0.000533093
1.8825	0.000671119
1.8826	0.000640812
1.8827	0.000548409
1.8828	0.000781516
1.8829	0.000696798
1.883	0.000484936
1.8831	0.000798192
1.8832	0.000440573
1.8833	0.000563585
1.8834	0.000547671
1.8835	0.000637046
1.8836	0.000616648
1.8837	0.000621199
1.8838	0.000554386
1.8839	0.000521302
1.884	0.000705835
1.8841	0.000958627
1.8842	0.000577413
1.8843	0.000456437
1.8844	0.00052157
1.8845	0.000534627
1.8846	0.000642416
1.8847	0.000594959
1.8848	0.000774702
1.8849	0.000691014
1.885	0.000718287
1.8851	0.000734875
1.8852	0.000813903
1.8853	0.000881351
1.8854	0.000651423
1.8855	0.000425235
1.8856	0.000463273
1.8857	0.000499281
1.8858	0.000648647
1.8859	0.00060434
1.886	0.000689093
1.8861	0.00052852
1.8862	0.000588109
1.8863	0.000756748
1.8864	0.000445797
1.8865	0.000535942
1.8866	0.000569769
1.8867	0.000494952
1.8868	0.000554605
1.8869	0.000694444
1.887	0.000732448
1.8871	0.000742344
1.8872	0.00073021
1.8873	0.00057819
1.8874	0.000782125
1.8875	0.000677505
1.8876	0.000652102
1.8877	0.000489631
1.8878	0.000751176
1.8879	0.000526734
1.888	0.000736573
1.8881	0.00055936
1.8882	0.000504177
1.8883	0.000652017
1.8884	0.000494613
1.8885	0.000620931
1.8886	0.000463969
1.8887	0.000599919
1.8888	0.000433637
1.8889	0.000543785
1.889	0.000400114
1.8891	0.000416851
1.8892	0.000546217
1.8893	0.000585168
1.8894	0.000623832
1.8895	0.000703621
1.8896	0.000781135
1.8897	0.000653418
1.8898	0.000495064
1.8899	0.000548131
1.89	0.000458035
1.8901	0.000715549
1.8902	0.000501253
1.8903	0.000609061
1.8904	0.000476605
1.8905	0.00053631
1.8906	0.00075619
1.8907	0.000403887
1.8908	0.00044895
1.8909	0.00053333
1.891	0.000497713
1.8911	0.000474277
1.8912	0.000471436
1.8913	0.00049925
1.8914	0.000554138
1.8915	0.000624449
1.8916	0.000531969
1.8917	0.000525471
1.8918	0.000640099
1.8919	0.000583239
1.892	0.000550924
1.8921	0.000445911
1.8922	0.000472065
1.8923	0.000512577
1.8924	0.000596738
1.8925	0.000620567
1.8926	0.000637644
1.8927	0.00083073
1.8928	0.000680673
1.8929	0.000412203
1.893	0.000437612
1.8931	0.000486585
1.8932	0.000401995
1.8933	0.000424835
1.8934	0.000465632
1.8935	0.000418118
1.8936	0.000531388
1.8937	0.000548894
1.8938	0.000422267
1.8939	0.000571392
1.894	0.000636914
1.8941	0.000711874
1.8942	0.00068606
1.8943	0.000416602
1.8944	0.000471145
1.8945	0.000546657
1.8946	0.000429455
1.8947	0.000532639
1.8948	0.000750065
1.8949	0.000466935
1.895	0.000604777
1.8951	0.000593203
1.8952	0.000394436
1.8953	0.000471107
1.8954	0.000782722
1.8955	0.000491109
1.8956	0.000518347
1.8957	0.000465206
1.8958	0.000495939
1.8959	0.000556527
1.896	0.000427134
1.8961	0.000544398
1.8962	0.000539845
1.8963	0.000939119
1.8964	0.000675619
1.8965	0.000491996
1.8966	0.000477829
1.8967	0.000556258
1.8968	0.000466084
1.8969	0.00058131
1.897	0.000390144
1.8971	0.000531274
1.8972	0.000636553
1.8973	0.00057332
1.8974	0.000643869
1.8975	0.000689858
1.8976	0.000506958
1.8977	0.00043406
1.8978	0.000562362
1.8979	0.000750771
1.898	0.000670739
1.8981	0.0006717
1.8982	0.000394749
1.8983	0.000482578
1.8984	0.000522658
1.8985	0.000758315
1.8986	0.000653536
1.8987	0.00082478
1.8988	0.000588641
1.8989	0.000537224
1.899	0.000644588
1.8991	0.000439858
1.8992	0.000771241
1.8993	0.000540867
1.8994	0.000523075
1.8995	0.000450963
1.8996	0.000499301
1.8997	0.000529899
1.8998	0.000613339
1.8999	0.000672252
1.9	0.000758538
1.9001	0.000655104
1.9002	0.000662804
1.9003	0.000678135
1.9004	0.000675074
1.9005	0.000637628
1.9006	0.000518884
1.9007	0.000566296
1.9008	0.000739188
1.9009	0.000767916
1.901	0.000600255
1.9011	0.000567965
1.9012	0.000626824
1.9013	0.000419759
1.9014	0.000592706
1.9015	0.000616235
1.9016	0.000586445
1.9017	0.000586511
1.9018	0.000524155
1.9019	0.000475764
1.902	0.000544431
1.9021	0.000524165
1.9022	0.000667921
1.9023	0.000651092
1.9024	0.000563641
1.9025	0.000801198
1.9026	0.000551297
1.9027	0.000734949
1.9028	0.000598819
1.9029	0.000740594
1.903	0.000852811
1.9031	0.000626878
1.9032	0.000505503
1.9033	0.000452496
1.9034	0.000664226
1.9035	0.000618666
1.9036	0.000502186
1.9037	0.000589681
1.9038	0.000633239
1.9039	0.000583623
1.904	0.000392653
1.9041	0.00040858
1.9042	0.000412207
1.9043	0.000562176
1.9044	0.000665096
1.9045	0.000687507
1.9046	0.000456217
1.9047	0.000671629
1.9048	0.000523817
1.9049	0.000402415
1.905	0.000827597
1.9051	0.000741092
1.9052	0.000716936
1.9053	0.000646177
1.9054	0.000822178
1.9055	0.000536463
1.9056	0.000469682
1.9057	0.000541447
1.9058	0.000515481
1.9059	0.000614832
1.906	0.000463628
1.9061	0.000511825
1.9062	0.000434177
1.9063	0.000369583
1.9064	0.00042885
1.9065	0.000568785
1.9066	0.000405897
1.9067	0.000488861
1.9068	0.000767044
1.9069	0.00079856
1.907	0.000556768
1.9071	0.000726928
1.9072	0.000806963
1.9073	0.000597618
1.9074	0.00069344
1.9075	0.000792922
1.9076	0.000682515
1.9077	0.000586284
1.9078	0.000629632
1.9079	0.00052115
1.908	0.000650782
1.9081	0.000573561
1.9082	0.000470678
1.9083	0.000548274
1.9084	0.000530512
1.9085	0.000380124
1.9086	0.000511594
1.9087	0.000525911
1.9088	0.000499929
1.9089	0.000398596
1.909	0.000617057
1.9091	0.000637179
1.9092	0.000537626
1.9093	0.000612169
1.9094	0.000705254
1.9095	0.00101291
1.9096	0.000582472
1.9097	0.00060805
1.9098	0.000604359
1.9099	0.000549549
1.91	0.000705199
1.9101	0.000416424
1.9102	0.000498763
1.9103	0.000454793
1.9104	0.000491616
1.9105	0.000598701
1.9106	0.0004325
1.9107	0.0005176
1.9108	0.000487175
1.9109	0.000538676
1.911	0.000560493
1.9111	0.00059025
1.9112	0.000490754
1.9113	0.000546745
1.9114	0.000631059
1.9115	0.000667216
1.9116	0.000595536
1.9117	0.000789756
1.9118	0.000651907
1.9119	0.000627352
1.912	0.000875369
1.9121	0.000667077
1.9122	0.000565272
1.9123	0.000716822
1.9124	0.000629444
1.9125	0.000719091
1.9126	0.000508288
1.9127	0.000604463
1.9128	0.000553308
1.9129	0.000658989
1.913	0.000611828
1.9131	0.000656686
1.9132	0.000643229
1.9133	0.000664211
1.9134	0.000829265
1.9135	0.000511627
1.9136	0.000672372
1.9137	0.000605403
1.9138	0.000582008
1.9139	0.000625267
1.914	0.000660124
1.9141	0.0007332
1.9142	0.000733203
1.9143	0.000620786
1.9144	0.000716124
1.9145	0.000610927
1.9146	0.000584353
1.9147	0.000422187
1.9148	0.000580892
1.9149	0.000736432
1.915	0.000592836
1.9151	0.00056802
1.9152	0.000543347
1.9153	0.000588092
1.9154	0.000666597
1.9155	0.00066062
1.9156	0.000520771
1.9157	0.000431505
1.9158	0.000664395
1.9159	0.000701598
1.916	0.000730948
1.9161	0.000588849
1.9162	0.000615953
1.9163	0.000701145
1.9164	0.000761034
1.9165	0.000648209
1.9166	0.000601519
1.9167	0.000498432
1.9168	0.000638872
1.9169	0.000562709
1.917	0.000579232
1.9171	0.00051358
1.9172	0.000600868
1.9173	0.000613097
1.9174	0.000491837
1.9175	0.000493233
1.9176	0.000786728
1.9177	0.000716328
1.9178	0.000482818
1.9179	0.000642567
1.918	0.000576121
1.9181	0.000427609
1.9182	0.000657569
1.9183	0.000673179
1.9184	0.000543085
1.9185	0.000615925
1.9186	0.000672433
1.9187	0.000555997
1.9188	0.000604503
1.9189	0.000573717
1.919	0.000606858
1.9191	0.000615585
1.9192	0.000601147
1.9193	0.000647221
1.9194	0.000563089
1.9195	0.000759792
1.9196	0.000648816
1.9197	0.000602185
1.9198	0.000802241
1.9199	0.000732586
1.92	0.000418945
1.9201	0.000575656
1.9202	0.000480995
1.9203	0.000409356
1.9204	0.000578818
1.9205	0.000789242
1.9206	0.000846953
1.9207	0.000576962
1.9208	0.000718953
1.9209	0.000631488
1.921	0.000494669
1.9211	0.000730541
1.9212	0.000487207
1.9213	0.000546859
1.9214	0.000581127
1.9215	0.000585069
1.9216	0.000671883
1.9217	0.000674873
1.9218	0.000553423
1.9219	0.000640866
1.922	0.00076439
1.9221	0.000489649
1.9222	0.000530819
1.9223	0.000568337
1.9224	0.000465397
1.9225	0.000538195
1.9226	0.000725536
1.9227	0.000692723
1.9228	0.000607383
1.9229	0.000768782
1.923	0.000621701
1.9231	0.00076364
1.9232	0.000577686
1.9233	0.000635435
1.9234	0.000512468
1.9235	0.000508613
1.9236	0.000646108
1.9237	0.000649781
1.9238	0.000568157
1.9239	0.000613335
1.924	0.000491207
1.9241	0.000799392
1.9242	0.000696418
1.9243	0.000521789
1.9244	0.000569735
1.9245	0.000502398
1.9246	0.00058062
1.9247	0.000451066
1.9248	0.000387587
1.9249	0.000533542
1.925	0.000568274
1.9251	0.000648916
1.9252	0.000557361
1.9253	0.000755782
1.9254	0.000703226
1.9255	0.000615902
1.9256	0.000616653
1.9257	0.000503514
1.9258	0.000563336
1.9259	0.000607293
1.926	0.000578086
1.9261	0.00046476
1.9262	0.000636214
1.9263	0.000661487
1.9264	0.00041923
1.9265	0.000504262
1.9266	0.000540156
1.9267	0.000441777
1.9268	0.000548756
1.9269	0.000447096
1.927	0.000461942
1.9271	0.000716407
1.9272	0.0007708
1.9273	0.000502877
1.9274	0.000430642
1.9275	0.00051707
1.9276	0.000710676
1.9277	0.000528815
1.9278	0.000478971
1.9279	0.000607448
1.928	0.000466227
1.9281	0.000634557
1.9282	0.000681816
1.9283	0.000725417
1.9284	0.000764656
1.9285	0.000643742
1.9286	0.000459683
1.9287	0.000435918
1.9288	0.000515091
1.9289	0.000422406
1.929	0.000452997
1.9291	0.000403133
1.9292	0.000376799
1.9293	0.000573554
1.9294	0.000712645
1.9295	0.000379586
1.9296	0.000502774
1.9297	0.000542256
1.9298	0.000771004
1.9299	0.000772779
1.93	0.000502429
1.9301	0.000462762
1.9302	0.000548886
1.9303	0.000495375
1.9304	0.000623979
1.9305	0.000620156
1.9306	0.000478123
1.9307	0.000614971
1.9308	0.000472789
1.9309	0.000622477
1.931	0.000576016
1.9311	0.000682232
1.9312	0.000452046
1.9313	0.000501147
1.9314	0.000439042
1.9315	0.000678085
1.9316	0.000654009
1.9317	0.000386928
1.9318	0.00062804
1.9319	0.000614599
1.932	0.000682484
1.9321	0.00069624
1.9322	0.000488565
1.9323	0.000550088
1.9324	0.000519417
1.9325	0.000546002
1.9326	0.000584422
1.9327	0.000410328
1.9328	0.000433632
1.9329	0.000430219
1.933	0.000775837
1.9331	0.000516894
1.9332	0.000743212
1.9333	0.000523406
1.9334	0.000518842
1.9335	0.000456718
1.9336	0.000762779
1.9337	0.000530668
1.9338	0.00064235
1.9339	0.000417443
1.934	0.000503937
1.9341	0.000647436
1.9342	0.000604488
1.9343	0.000690373
1.9344	0.000828649
1.9345	0.000533292
1.9346	0.000427823
1.9347	0.000655242
1.9348	0.000556344
1.9349	0.000666681
1.935	0.000480502
1.9351	0.000472435
1.9352	0.000516145
1.9353	0.000504194
1.9354	0.000501947
1.9355	0.000654017
1.9356	0.000765176
1.9357	0.000792093
1.9358	0.0006491
1.9359	0.000747523
1.936	0.000655743
1.9361	0.000623583
1.9362	0.000738821
1.9363	0.000739124
1.9364	0.00049399
1.9365	0.000619667
1.9366	0.000727066
1.9367	0.000578568
1.9368	0.000575199
1.9369	0.00056901
1.937	0.000461547
1.9371	0.00062286
1.9372	0.000692722
1.9373	0.000560611
1.9374	0.000657099
1.9375	0.000517071
1.9376	0.000483869
1.9377	0.000395943
1.9378	0.00051701
1.9379	0.000586434
1.938	0.000707078
1.9381	0.000588146
1.9382	0.000586518
1.9383	0.00073611
1.9384	0.000788265
1.9385	0.000559738
1.9386	0.000711231
1.9387	0.000853775
1.9388	0.000530847
1.9389	0.000626966
1.939	0.00045952
1.9391	0.000587948
1.9392	0.000518457
1.9393	0.000512529
1.9394	0.000488997
1.9395	0.000698525
1.9396	0.000543847
1.9397	0.000380871
1.9398	0.000352495
1.9399	0.000574255
1.94	0.00054673
1.9401	0.00062393
1.9402	0.000539011
1.9403	0.00053812
1.9404	0.000798532
1.9405	0.000688141
1.9406	0.000787433
1.9407	0.000572973
1.9408	0.000747219
1.9409	0.000842253
1.941	0.000758108
1.9411	0.000758886
1.9412	0.000669937
1.9413	0.000612637
1.9414	0.00063682
1.9415	0.000557677
1.9416	0.000538638
1.9417	0.000482218
1.9418	0.000424425
1.9419	0.000478398
1.942	0.000529717
1.9421	0.000430037
1.9422	0.000493059
1.9423	0.00047569
1.9424	0.000483556
1.9425	0.000766473
1.9426	0.0007448
1.9427	0.000608436
1.9428	0.000723152
1.9429	0.000746478
1.943	0.000567384
1.9431	0.0006896
1.9432	0.000643643
1.9433	0.000683199
1.9434	0.000589539
1.9435	0.000641438
1.9436	0.000864188
1.9437	0.000817045
1.9438	0.000740674
1.9439	0.000422222
1.944	0.000805853
1.9441	0.000524846
1.9442	0.00067737
1.9443	0.000559455
1.9444	0.000345023
1.9445	0.0006244
1.9446	0.000645163
1.9447	0.000545392
1.9448	0.000601325
1.9449	0.000571104
1.945	0.000559892
1.9451	0.000852879
1.9452	0.00102983
1.9453	0.000593252
1.9454	0.000586275
1.9455	0.000735314
1.9456	0.000498942
1.9457	0.000582506
1.9458	0.000561757
1.9459	0.000477449
1.946	0.000522015
1.9461	0.000499518
1.9462	0.000600044
1.9463	0.000544484
1.9464	0.000575913
1.9465	0.000571854
1.9466	0.000633696
1.9467	0.000459881
1.9468	0.000547624
1.9469	0.000588553
1.947	0.000605412
1.9471	0.000566225
1.9472	0.000821729
1.9473	0.000705397
1.9474	0.000657196
1.9475	0.00048787
1.9476	0.00074463
1.9477	0.000707749
1.9478	0.000733745
1.9479	0.00050729
1.948	0.000567109
1.9481	0.000680783
1.9482	0.000655035
1.9483	0.000456823
1.9484	0.000554752
1.9485	0.000624923
1.9486	0.000593947
1.9487	0.000507627
1.9488	0.000706142
1.9489	0.000711721
1.949	0.000650935
1.9491	0.000730876
1.9492	0.000569673
1.9493	0.000631119
1.9494	0.000541785
1.9495	0.000615333
1.9496	0.00054038
1.9497	0.000745682
1.9498	0.000478322
1.9499	0.000570864
1.95	0.000582236
1.9501	0.000576116
1.9502	0.000532789
1.9503	0.000536567
1.9504	0.000430734
1.9505	0.000646546
1.9506	0.000683926
1.9507	0.000591016
1.9508	0.000604949
1.9509	0.00070167
1.951	0.00059008
1.9511	0.000737131
1.9512	0.000592455
1.9513	0.000533503
1.9514	0.000465534
1.9515	0.000570744
1.9516	0.000856718
1.9517	0.000813328
1.9518	0.000660372
1.9519	0.00059161
1.952	0.000748123
1.9521	0.000852747
1.9522	0.000807566
1.9523	0.000664398
1.9524	0.00063496
1.9525	0.000573056
1.9526	0.000663344
1.9527	0.000554524
1.9528	0.000589201
1.9529	0.000704764
1.953	0.00053007
1.9531	0.000645601
1.9532	0.000781311
1.9533	0.000589096
1.9534	0.000550729
1.9535	0.000556758
1.9536	0.00068315
1.9537	0.00065505
1.9538	0.00057578
1.9539	0.000453406
1.954	0.000449158
1.9541	0.000579434
1.9542	0.000764542
1.9543	0.000667475
1.9544	0.00062034
1.9545	0.000647494
1.9546	0.000476924
1.9547	0.000568504
1.9548	0.000546592
1.9549	0.000707637
1.955	0.000795992
1.9551	0.000620392
1.9552	0.000734888
1.9553	0.000506986
1.9554	0.000596858
1.9555	0.000726534
1.9556	0.000645182
1.9557	0.00052295
1.9558	0.000605382
1.9559	0.000577785
1.956	0.000452408
1.9561	0.000609462
1.9562	0.000758149
1.9563	0.000597849
1.9564	0.000782801
1.9565	0.000542356
1.9566	0.000920697
1.9567	0.000869596
1.9568	0.000676125
1.9569	0.000473418
1.957	0.000551204
1.9571	0.000550386
1.9572	0.000498316
1.9573	0.000641425
1.9574	0.000705544
1.9575	0.000490929
1.9576	0.000521258
1.9577	0.000744046
1.9578	0.000507859
1.9579	0.000479794
1.958	0.000485078
1.9581	0.000542325
1.9582	0.000606611
1.9583	0.000768804
1.9584	0.000610638
1.9585	0.00081451
1.9586	0.000756498
1.9587	0.00070594
1.9588	0.00068226
1.9589	0.000668788
1.959	0.000390678
1.9591	0.000559712
1.9592	0.000631054
1.9593	0.000514695
1.9594	0.000798267
1.9595	0.000570774
1.9596	0.000605111
1.9597	0.000679734
1.9598	0.00054818
1.9599	0.000700256
1.96	0.000435793
1.9601	0.000547541
1.9602	0.000440537
1.9603	0.000548891
1.9604	0.000449411
1.9605	0.000426718
1.9606	0.00050349
1.9607	0.000649212
1.9608	0.00067304
1.9609	0.000654314
1.961	0.00055178
1.9611	0.000733142
1.9612	0.000520654
1.9613	0.000488511
1.9614	0.000516352
1.9615	0.00058364
1.9616	0.000622697
1.9617	0.000639773
1.9618	0.000419445
1.9619	0.000532643
1.962	0.00067004
1.9621	0.00050296
1.9622	0.00054698
1.9623	0.000524446
1.9624	0.000517195
1.9625	0.000528968
1.9626	0.000415387
1.9627	0.000479048
1.9628	0.00072773
1.9629	0.000673234
1.963	0.000450781
1.9631	0.00052962
1.9632	0.000668032
1.9633	0.000611387
1.9634	0.000579864
1.9635	0.000389146
1.9636	0.000611997
1.9637	0.000427111
1.9638	0.000636227
1.9639	0.000573721
1.964	0.000724332
1.9641	0.000746731
1.9642	0.000533796
1.9643	0.000403196
1.9644	0.000398015
1.9645	0.000413933
1.9646	0.000505966
1.9647	0.000451415
1.9648	0.000383136
1.9649	0.000426561
1.965	0.00056095
1.9651	0.000652657
1.9652	0.000389273
1.9653	0.000494986
1.9654	0.000783496
1.9655	0.000863772
1.9656	0.000698035
1.9657	0.000507301
1.9658	0.000378974
1.9659	0.000500937
1.966	0.000498467
1.9661	0.000538134
1.9662	0.000589508
1.9663	0.000492002
1.9664	0.000485246
1.9665	0.000576369
1.9666	0.000551627
1.9667	0.000571419
1.9668	0.00075527
1.9669	0.00045017
1.967	0.000530671
1.9671	0.000393036
1.9672	0.000685647
1.9673	0.000642935
1.9674	0.000457971
1.9675	0.000579893
1.9676	0.000531133
1.9677	0.000646265
1.9678	0.000719598
1.9679	0.000500572
1.968	0.000516893
1.9681	0.000599146
1.9682	0.000586592
1.9683	0.000677063
1.9684	0.000417147
1.9685	0.000551558
1.9686	0.000635227
1.9687	0.00066304
1.9688	0.000739699
1.9689	0.000634881
1.969	0.000552342
1.9691	0.000478379
1.9692	0.000418146
1.9693	0.000757102
1.9694	0.000512236
1.9695	0.000653202
1.9696	0.000422155
1.9697	0.000467312
1.9698	0.000568102
1.9699	0.000600427
1.97	0.000579097
1.9701	0.000735433
1.9702	0.000645516
1.9703	0.00054753
1.9704	0.000586624
1.9705	0.000560145
1.9706	0.000666479
1.9707	0.00045212
1.9708	0.000555837
1.9709	0.000446387
1.971	0.000503527
1.9711	0.000728444
1.9712	0.000595134
1.9713	0.000526138
1.9714	0.000557425
1.9715	0.000653967
1.9716	0.000887921
1.9717	0.000744704
1.9718	0.000684983
1.9719	0.00054394
1.972	0.000576837
1.9721	0.000519246
1.9722	0.000751328
1.9723	0.000681841
1.9724	0.000669116
1.9725	0.000436021
1.9726	0.000483163
1.9727	0.000650075
1.9728	0.000662365
1.9729	0.000670381
1.973	0.000624037
1.9731	0.000535234
1.9732	0.000618999
1.9733	0.00037035
1.9734	0.000512033
1.9735	0.000600828
1.9736	0.000582318
1.9737	0.000634932
1.9738	0.000654902
1.9739	0.000718246
1.974	0.000781071
1.9741	0.000533834
1.9742	0.000547362
1.9743	0.000689783
1.9744	0.000829882
1.9745	0.000649733
1.9746	0.000551695
1.9747	0.000538257
1.9748	0.000568858
1.9749	0.000587435
1.975	0.000531111
1.9751	0.000656882
1.9752	0.000649987
1.9753	0.00060009
1.9754	0.000439945
1.9755	0.000381669
1.9756	0.000445049
1.9757	0.00055281
1.9758	0.000654718
1.9759	0.000627164
1.976	0.000507365
1.9761	0.000831806
1.9762	0.0005591
1.9763	0.000646684
1.9764	0.000572228
1.9765	0.000714215
1.9766	0.000802975
1.9767	0.000671999
1.9768	0.000713367
1.9769	0.0004052
1.977	0.000478231
1.9771	0.000616403
1.9772	0.000734982
1.9773	0.000645564
1.9774	0.000447879
1.9775	0.000493976
1.9776	0.000482614
1.9777	0.000588222
1.9778	0.000476956
1.9779	0.000469009
1.978	0.000514795
1.9781	0.000683373
1.9782	0.000776933
1.9783	0.000674939
1.9784	0.000402652
1.9785	0.000694666
1.9786	0.00111384
1.9787	0.000635858
1.9788	0.00070814
1.9789	0.000612016
1.979	0.00066946
1.9791	0.000527994
1.9792	0.000705576
1.9793	0.000656305
1.9794	0.000601341
1.9795	0.000563311
1.9796	0.000709354
1.9797	0.000525458
1.9798	0.000520289
1.9799	0.00049574
1.98	0.000449163
1.9801	0.000394949
1.9802	0.000382619
1.9803	0.000479657
1.9804	0.00061168
1.9805	0.000671693
1.9806	0.000608105
1.9807	0.000574801
1.9808	0.000823412
1.9809	0.000608379
1.981	0.00060559
1.9811	0.0006814
1.9812	0.000618084
1.9813	0.000623684
1.9814	0.000577348
1.9815	0.000579433
1.9816	0.000438968
1.9817	0.000489203
1.9818	0.000541519
1.9819	0.000512941
1.982	0.000654555
1.9821	0.000519912
1.9822	0.000584935
1.9823	0.000580024
1.9824	0.000416315
1.9825	0.000565318
1.9826	0.000508253
1.9827	0.000578545
1.9828	0.000661721
1.9829	0.000629198
1.983	0.000659762
1.9831	0.000659943
1.9832	0.000690964
1.9833	0.000580573
1.9834	0.000732934
1.9835	0.000749341
1.9836	0.000628289
1.9837	0.000767578
1.9838	0.000643465
1.9839	0.000454926
1.984	0.000479066
1.9841	0.000602129
1.9842	0.000632841
1.9843	0.000596891
1.9844	0.000534699
1.9845	0.00057432
1.9846	0.000655182
1.9847	0.000625346
1.9848	0.000776275
1.9849	0.000574033
1.985	0.000776539
1.9851	0.000581048
1.9852	0.000554928
1.9853	0.000597585
1.9854	0.000564984
1.9855	0.000544798
1.9856	0.000667016
1.9857	0.000869591
1.9858	0.000633186
1.9859	0.000575608
1.986	0.000690415
1.9861	0.000406516
1.9862	0.000576729
1.9863	0.000657395
1.9864	0.000707991
1.9865	0.000504131
1.9866	0.000613679
1.9867	0.00065516
1.9868	0.000794631
1.9869	0.000560402
1.987	0.000481368
1.9871	0.000482843
1.9872	0.000632
1.9873	0.000847953
1.9874	0.000721353
1.9875	0.00051396
1.9876	0.000572567
1.9877	0.000646211
1.9878	0.000835263
1.9879	0.000740318
1.988	0.000559815
1.9881	0.000489554
1.9882	0.000526508
1.9883	0.000624801
1.9884	0.000573951
1.9885	0.000603901
1.9886	0.000543526
1.9887	0.000674585
1.9888	0.000577304
1.9889	0.000649244
1.989	0.000695377
1.9891	0.000584782
1.9892	0.000441494
1.9893	0.000578654
1.9894	0.000572209
1.9895	0.000504499
1.9896	0.000650424
1.9897	0.000597548
1.9898	0.000528864
1.9899	0.000772607
1.99	0.000662296
1.9901	0.000578545
1.9902	0.000561199
1.9903	0.000432041
1.9904	0.000557755
1.9905	0.000621925
1.9906	0.000523615
1.9907	0.000692496
1.9908	0.000626879
1.9909	0.000652854
1.991	0.000533631
1.9911	0.000636132
1.9912	0.000745257
1.9913	0.000597105
1.9914	0.000590679
1.9915	0.000534204
1.9916	0.000431635
1.9917	0.000430245
1.9918	0.000612037
1.9919	0.000771579
1.992	0.000839162
1.9921	0.00072998
1.9922	0.000713759
1.9923	0.000616582
1.9924	0.00066175
1.9925	0.000559686
1.9926	0.000457171
1.9927	0.000508261
1.9928	0.000711834
1.9929	0.000549338
1.993	0.000693056
1.9931	0.00065476
1.9932	0.000574452
1.9933	0.000654918
1.9934	0.000741789
1.9935	0.000441552
1.9936	0.000527387
1.9937	0.00048862
1.9938	0.000541322
1.9939	0.000610939
1.994	0.000626252
1.9941	0.000755658
1.9942	0.000853463
1.9943	0.000635819
1.9944	0.000606839
1.9945	0.000780655
1.9946	0.000664112
1.9947	0.000590685
1.9948	0.000589588
1.9949	0.000687133
1.995	0.000567225
1.9951	0.00062865
1.9952	0.000543143
1.9953	0.000452599
1.9954	0.000755849
1.9955	0.000707488
1.9956	0.000497539
1.9957	0.00049268
1.9958	0.000540521
1.9959	0.000361709
1.996	0.000476319
1.9961	0.000487134
1.9962	0.000516389
1.9963	0.000467463
1.9964	0.000622442
1.9965	0.000632682
1.9966	0.000716117
1.9967	0.000624659
1.9968	0.000702297
1.9969	0.000508969
1.997	0.000516434
1.9971	0.00047935
1.9972	0.000655733
1.9973	0.000550072
1.9974	0.000592812
1.9975	0.000519267
1.9976	0.0005277
1.9977	0.000697922
1.9978	0.000367984
1.9979	0.000568239
1.998	0.000450113
1.9981	0.000592469
1.9982	0.000509853
1.9983	0.000419761
1.9984	0.000501449
1.9985	0.000558449
1.9986	0.000659324
1.9987	0.000451007
1.9988	0.000538468
1.9989	0.000707537
1.999	0.000622776
1.9991	0.000504018
1.9992	0.000487306
1.9993	0.000526752
1.9994	0.000448109
1.9995	0.000613513
1.9996	0.000588451
1.9997	0.000627861
1.9998	0.000761085
1.9999	0.000538876
2	0.000443292
2.0001	0.000402723
2.0002	0.000515799
2.0003	0.00046817
2.0004	0.000542
2.0005	0.000390998
2.0006	0.000415525
2.0007	0.000524769
2.0008	0.000691514
2.0009	0.000426328
2.001	0.000567754
2.0011	0.000732802
2.0012	0.000591313
2.0013	0.000727525
2.0014	0.000434225
2.0015	0.000465938
2.0016	0.00065363
2.0017	0.00045781
2.0018	0.000455773
2.0019	0.00068677
2.002	0.000532566
2.0021	0.000585145
2.0022	0.000586277
2.0023	0.000378598
2.0024	0.000447091
2.0025	0.000809916
2.0026	0.000347414
2.0027	0.000574036
2.0028	0.000445544
2.0029	0.000489997
2.003	0.000595519
2.0031	0.000430321
2.0032	0.000559278
2.0033	0.000504406
2.0034	0.000697316
2.0035	0.000728315
2.0036	0.000496342
2.0037	0.000418892
2.0038	0.000653875
2.0039	0.000556691
2.004	0.000584714
2.0041	0.000364794
2.0042	0.000474428
2.0043	0.000650647
2.0044	0.00053903
2.0045	0.000574889
2.0046	0.000606822
2.0047	0.000624608
2.0048	0.00039802
2.0049	0.000621117
2.005	0.000680808
2.0051	0.000647223
2.0052	0.000684779
2.0053	0.0003925
2.0054	0.000472335
2.0055	0.00057972
2.0056	0.000588401
2.0057	0.000628089
2.0058	0.000766233
2.0059	0.000636207
2.006	0.000494442
2.0061	0.000651214
2.0062	0.000533334
2.0063	0.000755836
2.0064	0.000436776
2.0065	0.000531359
2.0066	0.000510198
2.0067	0.000480536
2.0068	0.000517412
2.0069	0.000621097
2.007	0.000647215
2.0071	0.00069979
2.0072	0.00074868
2.0073	0.000645462
2.0074	0.000718694
2.0075	0.000709816
2.0076	0.000747795
2.0077	0.00046623
2.0078	0.000501016
2.0079	0.000662265
2.008	0.000722227
2.0081	0.0005586
2.0082	0.000589271
2.0083	0.000565484
2.0084	0.000509123
2.0085	0.000495797
2.0086	0.000633027
2.0087	0.000582275
2.0088	0.000576868
2.0089	0.000526583
2.009	0.000456283
2.0091	0.0005493
2.0092	0.000579347
2.0093	0.000637609
2.0094	0.000600932
2.0095	0.000502552
2.0096	0.000814903
2.0097	0.000675609
2.0098	0.000724682
2.0099	0.000596094
2.01	0.00061859
2.0101	0.000859365
2.0102	0.000662198
2.0103	0.000467802
2.0104	0.000521911
2.0105	0.000672046
2.0106	0.000506654
2.0107	0.000446261
2.0108	0.000693901
2.0109	0.000604136
2.011	0.000545984
2.0111	0.000464641
2.0112	0.000376829
2.0113	0.000385563
2.0114	0.000701825
2.0115	0.000664133
2.0116	0.000694252
2.0117	0.000521723
2.0118	0.000748377
2.0119	0.000496481
2.012	0.000433763
2.0121	0.000821502
2.0122	0.000781524
2.0123	0.000693086
2.0124	0.000724408
2.0125	0.000867812
2.0126	0.000582569
2.0127	0.000553686
2.0128	0.000605256
2.0129	0.000516985
2.013	0.000567973
2.0131	0.000456858
2.0132	0.000504706
2.0133	0.000468589
2.0134	0.000381657
2.0135	0.000369557
2.0136	0.000594919
2.0137	0.000447148
2.0138	0.000555227
2.0139	0.000590165
2.014	0.000665995
2.0141	0.00059029
2.0142	0.000722286
2.0143	0.000708172
2.0144	0.000669242
2.0145	0.000728094
2.0146	0.000609945
2.0147	0.000753823
2.0148	0.000639685
2.0149	0.000827232
2.015	0.000639404
2.0151	0.000518421
2.0152	0.00058408
2.0153	0.000512147
2.0154	0.000526268
2.0155	0.000474943
2.0156	0.000405985
2.0157	0.000471446
2.0158	0.000472684
2.0159	0.000444973
2.016	0.000552579
2.0161	0.000537073
2.0162	0.000728288
2.0163	0.000571452
2.0164	0.000608151
2.0165	0.000689368
2.0166	0.000762291
2.0167	0.000697632
2.0168	0.000634467
2.0169	0.000643502
2.017	0.000586814
2.0171	0.000687938
2.0172	0.000453372
2.0173	0.000506007
2.0174	0.00043764
2.0175	0.000474155
2.0176	0.000651888
2.0177	0.000441406
2.0178	0.000643743
2.0179	0.000403135
2.018	0.000572639
2.0181	0.000617152
2.0182	0.000528515
2.0183	0.000521641
2.0184	0.000599272
2.0185	0.000688126
2.0186	0.000673914
2.0187	0.000505222
2.0188	0.00084939
2.0189	0.000712979
2.019	0.000587547
2.0191	0.000822707
2.0192	0.000750275
2.0193	0.000488036
2.0194	0.000744858
2.0195	0.000562932
2.0196	0.000687743
2.0197	0.000488488
2.0198	0.000531214
2.0199	0.000616046
2.02	0.000651098
2.0201	0.000651652
2.0202	0.000652784
2.0203	0.000517785
2.0204	0.000569724
2.0205	0.000795852
2.0206	0.000659886
2.0207	0.000793212
2.0208	0.000681652
2.0209	0.000644859
2.021	0.00048023
2.0211	0.000702442
2.0212	0.000683735
2.0213	0.000832088
2.0214	0.000727498
2.0215	0.000602658
2.0216	0.000564387
2.0217	0.000627023
2.0218	0.000424386
2.0219	0.00067385
2.022	0.000679896
2.0221	0.00064886
2.0222	0.000738232
2.0223	0.000597137
2.0224	0.000517156
2.0225	0.000635943
2.0226	0.000676567
2.0227	0.000484311
2.0228	0.00039021
2.0229	0.000701536
2.023	0.000712786
2.0231	0.000730158
2.0232	0.000571012
2.0233	0.000564144
2.0234	0.000717516
2.0235	0.000816157
2.0236	0.000738739
2.0237	0.000538679
2.0238	0.000559001
2.0239	0.000590779
2.024	0.000582035
2.0241	0.000565678
2.0242	0.000580062
2.0243	0.000567968
2.0244	0.000628641
2.0245	0.000512519
2.0246	0.000544852
2.0247	0.000602582
2.0248	0.000737866
2.0249	0.000478938
2.025	0.000543886
2.0251	0.000773548
2.0252	0.000474509
2.0253	0.000654607
2.0254	0.000580445
2.0255	0.000568513
2.0256	0.000596447
2.0257	0.000663508
2.0258	0.000767622
2.0259	0.000542759
2.026	0.000422437
2.0261	0.00060675
2.0262	0.000741901
2.0263	0.000590551
2.0264	0.000677535
2.0265	0.000666566
2.0266	0.000703588
2.0267	0.000673557
2.0268	0.000625274
2.0269	0.000783308
2.027	0.000773177
2.0271	0.000376895
2.0272	0.000516005
2.0273	0.000495528
2.0274	0.000417854
2.0275	0.000607883
2.0276	0.000764592
2.0277	0.000682901
2.0278	0.00061239
2.0279	0.000761864
2.028	0.000859904
2.0281	0.000578326
2.0282	0.00071735
2.0283	0.000502989
2.0284	0.000485628
2.0285	0.000645456
2.0286	0.000582771
2.0287	0.000656629
2.0288	0.000685244
2.0289	0.000450319
2.029	0.000667837
2.0291	0.000723544
2.0292	0.000597605
2.0293	0.000519869
2.0294	0.000580173
2.0295	0.000494034
2.0296	0.000503401
2.0297	0.000732033
2.0298	0.000759749
2.0299	0.000786949
2.03	0.000575316
2.0301	0.000581572
2.0302	0.000683889
2.0303	0.000541322
2.0304	0.000702146
2.0305	0.000567892
2.0306	0.00052701
2.0307	0.000696758
2.0308	0.000496862
2.0309	0.000486979
2.031	0.000552755
2.0311	0.000519689
2.0312	0.000657543
2.0313	0.000571318
2.0314	0.000469386
2.0315	0.000649306
2.0316	0.000623652
2.0317	0.00043231
2.0318	0.000407192
2.0319	0.000433308
2.032	0.000537522
2.0321	0.000606592
2.0322	0.00068414
2.0323	0.000704611
2.0324	0.000697946
2.0325	0.000685804
2.0326	0.000509833
2.0327	0.000661409
2.0328	0.000554832
2.0329	0.000537481
2.033	0.00054878
2.0331	0.000623459
2.0332	0.000440829
2.0333	0.000608357
2.0334	0.000653618
2.0335	0.000416062
2.0336	0.000550073
2.0337	0.00051106
2.0338	0.000434476
2.0339	0.000568776
2.034	0.000393169
2.0341	0.000510462
2.0342	0.000626474
2.0343	0.000643507
2.0344	0.000485345
2.0345	0.000441378
2.0346	0.000577149
2.0347	0.00070595
2.0348	0.000499298
2.0349	0.000487752
2.035	0.000653197
2.0351	0.000418367
2.0352	0.000530049
2.0353	0.000644299
2.0354	0.000613147
2.0355	0.000810219
2.0356	0.000621795
2.0357	0.000475337
2.0358	0.000450742
2.0359	0.000494172
2.036	0.000386184
2.0361	0.000436399
2.0362	0.000364598
2.0363	0.000382541
2.0364	0.000510384
2.0365	0.000732161
2.0366	0.000380943
2.0367	0.000443271
2.0368	0.000638685
2.0369	0.000668797
2.037	0.000796782
2.0371	0.000411877
2.0372	0.000519844
2.0373	0.000513413
2.0374	0.000449025
2.0375	0.000559857
2.0376	0.000842036
2.0377	0.000414084
2.0378	0.000642351
2.0379	0.000470486
2.038	0.000586045
2.0381	0.000644388
2.0382	0.000616886
2.0383	0.000432687
2.0384	0.000589395
2.0385	0.000467555
2.0386	0.000508948
2.0387	0.000620951
2.0388	0.000441429
2.0389	0.000614927
2.039	0.000596274
2.0391	0.000714808
2.0392	0.00074463
2.0393	0.000484739
2.0394	0.000459819
2.0395	0.000574706
2.0396	0.00062114
2.0397	0.000525133
2.0398	0.000424313
2.0399	0.000464107
2.04	0.000583219
2.0401	0.000592668
2.0402	0.000582984
2.0403	0.000636115
2.0404	0.000530114
2.0405	0.000640605
2.0406	0.000504556
2.0407	0.000684057
2.0408	0.000532596
2.0409	0.00069599
2.041	0.000384589
2.0411	0.000494269
2.0412	0.000535043
2.0413	0.000621146
2.0414	0.000511645
2.0415	0.000833779
2.0416	0.000566936
2.0417	0.000560384
2.0418	0.000705482
2.0419	0.000566591
2.042	0.000707878
2.0421	0.000482817
2.0422	0.000461829
2.0423	0.000507899
2.0424	0.000499894
2.0425	0.00049204
2.0426	0.000748708
2.0427	0.00068016
2.0428	0.000783961
2.0429	0.000741461
2.043	0.000753958
2.0431	0.0006372
2.0432	0.000693386
2.0433	0.000529746
2.0434	0.000686557
2.0435	0.000502247
2.0436	0.000582657
2.0437	0.000727452
2.0438	0.000546488
2.0439	0.000458836
2.044	0.00062578
2.0441	0.000483462
2.0442	0.000641614
2.0443	0.000717165
2.0444	0.000550645
2.0445	0.000685386
2.0446	0.000507055
2.0447	0.000391701
2.0448	0.000433977
2.0449	0.000512927
2.045	0.000605602
2.0451	0.000662819
2.0452	0.00054788
2.0453	0.000722713
2.0454	0.000836334
2.0455	0.000819285
2.0456	0.000443382
2.0457	0.000650021
2.0458	0.000876467
2.0459	0.00057035
2.046	0.000711299
2.0461	0.000499733
2.0462	0.000590169
2.0463	0.000612569
2.0464	0.000482151
2.0465	0.000548438
2.0466	0.000635134
2.0467	0.000517041
2.0468	0.000408203
2.0469	0.0003963
2.047	0.000555184
2.0471	0.00064338
2.0472	0.000687212
2.0473	0.000526447
2.0474	0.000465243
2.0475	0.000669886
2.0476	0.000654263
2.0477	0.000759455
2.0478	0.000547637
2.0479	0.000749366
2.048	0.000774929
2.0481	0.000795806
2.0482	0.00082191
2.0483	0.000654051
2.0484	0.000599515
2.0485	0.000717041
2.0486	0.000479477
2.0487	0.000585904
2.0488	0.000485514
2.0489	0.000343139
2.049	0.000486929
2.0491	0.000495969
2.0492	0.000466539
2.0493	0.000501112
2.0494	0.000517471
2.0495	0.000680722
2.0496	0.000754124
2.0497	0.000759919
2.0498	0.000636021
2.0499	0.000661867
2.05	0.000830681
2.0501	0.00058224
2.0502	0.000678978
2.0503	0.000599265
2.0504	0.000720708
2.0505	0.000612676
2.0506	0.000592259
2.0507	0.000627404
2.0508	0.000579387
2.0509	0.000490657
2.051	0.00050279
2.0511	0.00044668
2.0512	0.000444986
2.0513	0.000527295
2.0514	0.000613547
2.0515	0.000337455
2.0516	0.000418446
2.0517	0.000783004
2.0518	0.000524438
2.0519	0.000641821
2.052	0.000618457
2.0521	0.000558331
2.0522	0.000867075
2.0523	0.000770584
2.0524	0.000615191
2.0525	0.000554198
2.0526	0.000689164
2.0527	0.000825523
2.0528	0.000560251
2.0529	0.000526561
2.053	0.00053979
2.0531	0.0004508
2.0532	0.000528754
2.0533	0.000514079
2.0534	0.00079094
2.0535	0.000601986
2.0536	0.000602819
2.0537	0.000606997
2.0538	0.00039202
2.0539	0.000620695
2.054	0.000564881
2.0541	0.000557258
2.0542	0.000487105
2.0543	0.000768507
2.0544	0.000649138
2.0545	0.00062564
2.0546	0.000608465
2.0547	0.000648618
2.0548	0.000731596
2.0549	0.000726402
2.055	0.000538153
2.0551	0.00058125
2.0552	0.000609306
2.0553	0.000626332
2.0554	0.000424089
2.0555	0.000720102
2.0556	0.000583449
2.0557	0.000594261
2.0558	0.000543196
2.0559	0.000657725
2.056	0.000529211
2.0561	0.000693561
2.0562	0.000727041
2.0563	0.000689576
2.0564	0.000586637
2.0565	0.000707022
2.0566	0.000578125
2.0567	0.000674676
2.0568	0.000545737
2.0569	0.000631707
2.057	0.000739799
2.0571	0.00061165
2.0572	0.000633244
2.0573	0.00050343
2.0574	0.000488837
2.0575	0.000457028
2.0576	0.000628186
2.0577	0.000744311
2.0578	0.000744929
2.0579	0.000566096
2.058	0.000699014
2.0581	0.000783879
2.0582	0.000771244
2.0583	0.000465497
2.0584	0.000491254
2.0585	0.000425392
2.0586	0.000637567
2.0587	0.000809991
2.0588	0.000673787
2.0589	0.000708924
2.059	0.000518096
2.0591	0.000599317
2.0592	0.000764354
2.0593	0.000679537
2.0594	0.000582422
2.0595	0.000541514
2.0596	0.000497816
2.0597	0.000641363
2.0598	0.000528674
2.0599	0.000754604
2.06	0.000759096
2.0601	0.000558282
2.0602	0.000663945
2.0603	0.000626751
2.0604	0.000768115
2.0605	0.000547435
2.0606	0.000565543
2.0607	0.000637716
2.0608	0.000714569
2.0609	0.000729911
2.061	0.000508519
2.0611	0.000510044
2.0612	0.000614746
2.0613	0.000734495
2.0614	0.000605826
2.0615	0.000681449
2.0616	0.000623477
2.0617	0.000465974
2.0618	0.000611165
2.0619	0.000593517
2.062	0.000793688
2.0621	0.000842093
2.0622	0.000584369
2.0623	0.000684485
2.0624	0.000573141
2.0625	0.000628875
2.0626	0.000605403
2.0627	0.00067844
2.0628	0.00077128
2.0629	0.000489268
2.063	0.000576561
2.0631	0.000499455
2.0632	0.000765928
2.0633	0.000751439
2.0634	0.000556317
2.0635	0.000816613
2.0636	0.000592912
2.0637	0.000802198
2.0638	0.000782434
2.0639	0.000643267
2.064	0.000441308
2.0641	0.00049029
2.0642	0.000522433
2.0643	0.000649721
2.0644	0.000705529
2.0645	0.000551631
2.0646	0.000503413
2.0647	0.000479743
2.0648	0.000627567
2.0649	0.000555704
2.065	0.000513635
2.0651	0.000425806
2.0652	0.000489233
2.0653	0.000647231
2.0654	0.000771048
2.0655	0.000787664
2.0656	0.000602008
2.0657	0.000660006
2.0658	0.000817267
2.0659	0.000619938
2.066	0.000673401
2.0661	0.000479204
2.0662	0.000564099
2.0663	0.000604585
2.0664	0.000624139
2.0665	0.000894774
2.0666	0.000596585
2.0667	0.00059254
2.0668	0.000690476
2.0669	0.000658167
2.067	0.000609328
2.0671	0.000399332
2.0672	0.000498298
2.0673	0.000581399
2.0674	0.000403502
2.0675	0.000406875
2.0676	0.000545673
2.0677	0.000540051
2.0678	0.000553672
2.0679	0.000555794
2.068	0.000753349
2.0681	0.00057693
2.0682	0.000724889
2.0683	0.000494572
2.0684	0.000566761
2.0685	0.000611907
2.0686	0.000521921
2.0687	0.000617939
2.0688	0.000611923
2.0689	0.000495672
2.069	0.000493493
2.0691	0.000683464
2.0692	0.000489318
2.0693	0.000651578
2.0694	0.000599198
2.0695	0.000537586
2.0696	0.000485574
2.0697	0.000416633
2.0698	0.000499895
2.0699	0.000559584
2.07	0.000615033
2.0701	0.000510425
2.0702	0.000468087
2.0703	0.000630018
2.0704	0.000623307
2.0705	0.000566125
2.0706	0.00049826
2.0707	0.000400115
2.0708	0.00052229
2.0709	0.000621979
2.071	0.000471507
2.0711	0.000576523
2.0712	0.000678712
2.0713	0.000495733
2.0714	0.000350096
2.0715	0.000424265
2.0716	0.000406745
2.0717	0.000523674
2.0718	0.00043416
2.0719	0.000421003
2.072	0.000411135
2.0721	0.000492431
2.0722	0.000570339
2.0723	0.000372718
2.0724	0.000624834
2.0725	0.000622678
2.0726	0.000695466
2.0727	0.000587795
2.0728	0.000395209
2.0729	0.000417708
2.073	0.000497967
2.0731	0.000463002
2.0732	0.000581835
2.0733	0.000715322
2.0734	0.000528979
2.0735	0.000597263
2.0736	0.000574699
2.0737	0.00047105
2.0738	0.000674782
2.0739	0.00066877
2.074	0.000442367
2.0741	0.000473066
2.0742	0.00050811
2.0743	0.00054699
2.0744	0.000583773
2.0745	0.000492992
2.0746	0.000491212
2.0747	0.000522812
2.0748	0.000598455
2.0749	0.000555189
2.075	0.000484552
2.0751	0.000606378
2.0752	0.000560684
2.0753	0.000666249
2.0754	0.00054163
2.0755	0.000461918
2.0756	0.000518754
2.0757	0.000735144
2.0758	0.000542263
2.0759	0.000680834
2.076	0.000542707
2.0761	0.000483427
2.0762	0.000447866
2.0763	0.000740234
2.0764	0.000595052
2.0765	0.000703738
2.0766	0.000473843
2.0767	0.000492037
2.0768	0.000491569
2.0769	0.000597072
2.077	0.000649438
2.0771	0.00068723
2.0772	0.00050923
2.0773	0.000662727
2.0774	0.000596688
2.0775	0.000708581
2.0776	0.000578295
2.0777	0.000597837
2.0778	0.00050665
2.0779	0.000507803
2.078	0.000502227
2.0781	0.000497145
2.0782	0.000680806
2.0783	0.000710328
2.0784	0.00055674
2.0785	0.000725462
2.0786	0.000716425
2.0787	0.000648292
2.0788	0.000540131
2.0789	0.000622244
2.079	0.000667537
2.0791	0.000517357
2.0792	0.0005517
2.0793	0.000658793
2.0794	0.000593467
2.0795	0.000603718
2.0796	0.000528084
2.0797	0.00048671
2.0798	0.000592208
2.0799	0.000715826
2.08	0.000599433
2.0801	0.00069299
2.0802	0.000837443
2.0803	0.000463921
2.0804	0.00045476
2.0805	0.000591348
2.0806	0.000636185
2.0807	0.000609188
2.0808	0.000600955
2.0809	0.000683142
2.081	0.000915376
2.0811	0.000793599
2.0812	0.000511366
2.0813	0.000474834
2.0814	0.000626581
2.0815	0.000641523
2.0816	0.000683865
2.0817	0.000546815
2.0818	0.000611815
2.0819	0.000558359
2.082	0.000555874
2.0821	0.000629999
2.0822	0.000699165
2.0823	0.000628257
2.0824	0.000450034
2.0825	0.000467435
2.0826	0.000554732
2.0827	0.000564521
2.0828	0.000761419
2.0829	0.000569371
2.083	0.000553343
2.0831	0.000546721
2.0832	0.000764697
2.0833	0.000596981
2.0834	0.000556436
2.0835	0.000545684
2.0836	0.000772221
2.0837	0.000775597
2.0838	0.000688788
2.0839	0.000650626
2.084	0.000415236
2.0841	0.000492831
2.0842	0.000862835
2.0843	0.000691285
2.0844	0.000666224
2.0845	0.000374117
2.0846	0.000472281
2.0847	0.000469433
2.0848	0.000468948
2.0849	0.000609438
2.085	0.000379958
2.0851	0.000427689
2.0852	0.000840631
2.0853	0.000828934
2.0854	0.000515498
2.0855	0.00060806
2.0856	0.000839524
2.0857	0.000680493
2.0858	0.000662195
2.0859	0.000605896
2.086	0.000598258
2.0861	0.000586673
2.0862	0.000628961
2.0863	0.000632219
2.0864	0.000598538
2.0865	0.000640474
2.0866	0.000567553
2.0867	0.000412387
2.0868	0.000601938
2.0869	0.0004988
2.087	0.000549372
2.0871	0.000662941
2.0872	0.000321517
2.0873	0.00043435
2.0874	0.000441594
2.0875	0.000727998
2.0876	0.000842429
2.0877	0.000512193
2.0878	0.000736127
2.0879	0.000806004
2.088	0.000667893
2.0881	0.000530178
2.0882	0.000570077
2.0883	0.000708626
2.0884	0.000701609
2.0885	0.000476893
2.0886	0.00054097
2.0887	0.000516068
2.0888	0.000501002
2.0889	0.000605474
2.089	0.000534901
2.0891	0.000814412
2.0892	0.000521442
2.0893	0.000379855
2.0894	0.000598255
2.0895	0.00038911
2.0896	0.000504936
2.0897	0.000593902
2.0898	0.000534036
2.0899	0.000826157
2.09	0.000685332
2.0901	0.000598552
2.0902	0.000678706
2.0903	0.000770566
2.0904	0.000498864
2.0905	0.000619075
2.0906	0.000646827
2.0907	0.000753928
2.0908	0.000818533
2.0909	0.000727372
2.091	0.000470651
2.0911	0.000529252
2.0912	0.000606266
2.0913	0.000503428
2.0914	0.000553343
2.0915	0.000623055
2.0916	0.000683355
2.0917	0.000619125
2.0918	0.000708623
2.0919	0.000651251
2.092	0.000606236
2.0921	0.000722173
2.0922	0.000759738
2.0923	0.000497842
2.0924	0.000750676
2.0925	0.000621
2.0926	0.000631384
2.0927	0.000577843
2.0928	0.000728155
2.0929	0.000509975
2.093	0.000578646
2.0931	0.000641556
2.0932	0.000621348
2.0933	0.000535309
2.0934	0.00071698
2.0935	0.000643234
2.0936	0.000457516
2.0937	0.000563887
2.0938	0.000580124
2.0939	0.00061803
2.094	0.000633567
2.0941	0.00049957
2.0942	0.000610408
2.0943	0.000703112
2.0944	0.000741645
2.0945	0.000729438
2.0946	0.000630313
2.0947	0.000657335
2.0948	0.000604228
2.0949	0.000846238
2.095	0.000648835
2.0951	0.00046822
2.0952	0.000504602
2.0953	0.000554419
2.0954	0.000571543
2.0955	0.000573661
2.0956	0.000668477
2.0957	0.000584955
2.0958	0.000559653
2.0959	0.000696784
2.096	0.000571696
2.0961	0.000616031
2.0962	0.000601179
2.0963	0.000518459
2.0964	0.000674843
2.0965	0.000503896
2.0966	0.000429131
2.0967	0.000632979
2.0968	0.000764902
2.0969	0.00063802
2.097	0.000657907
2.0971	0.000472401
2.0972	0.000690081
2.0973	0.000525066
2.0974	0.000500545
2.0975	0.000592505
2.0976	0.000683914
2.0977	0.000555997
2.0978	0.000638495
2.0979	0.000543522
2.098	0.000510306
2.0981	0.000672414
2.0982	0.000772691
2.0983	0.000651623
2.0984	0.000472052
2.0985	0.000534544
2.0986	0.000443195
2.0987	0.000456439
2.0988	0.000453043
2.0989	0.000634885
2.099	0.000795827
2.0991	0.000659486
2.0992	0.000591175
2.0993	0.00074796
2.0994	0.000816908
2.0995	0.000696839
2.0996	0.000467252
2.0997	0.000474108
2.0998	0.000526026
2.0999	0.000696284
2.1	0.000641325
2.1001	0.000633441
2.1002	0.000510474
2.1003	0.000632118
2.1004	0.000815561
2.1005	0.000522251
2.1006	0.000424047
2.1007	0.00060633
2.1008	0.000463162
2.1009	0.000484097
2.101	0.00066729
2.1011	0.00071935
2.1012	0.000697855
2.1013	0.000565721
2.1014	0.000750145
2.1015	0.000595562
2.1016	0.000730332
2.1017	0.000527483
2.1018	0.000672839
2.1019	0.000618923
2.102	0.000603381
2.1021	0.000568643
2.1022	0.000583337
2.1023	0.000550629
2.1024	0.000520656
2.1025	0.000569724
2.1026	0.000812915
2.1027	0.000413452
2.1028	0.000540613
2.1029	0.000521513
2.103	0.000579862
2.1031	0.000449554
2.1032	0.000431291
2.1033	0.000503201
2.1034	0.000578573
2.1035	0.000646639
2.1036	0.000683732
2.1037	0.000630706
2.1038	0.000583853
2.1039	0.000629807
2.104	0.000426977
2.1041	0.000593287
2.1042	0.000546745
2.1043	0.000630916
2.1044	0.000593808
2.1045	0.00052002
2.1046	0.000551719
2.1047	0.000665342
2.1048	0.000500526
2.1049	0.00049149
2.105	0.000502707
2.1051	0.000525416
2.1052	0.000531716
2.1053	0.000471759
2.1054	0.000479655
2.1055	0.000500874
2.1056	0.00045396
2.1057	0.00056812
2.1058	0.000691631
2.1059	0.00062672
2.106	0.000669687
2.1061	0.000614731
2.1062	0.000554445
2.1063	0.000445538
2.1064	0.000538107
2.1065	0.000450653
2.1066	0.000698324
2.1067	0.000686715
2.1068	0.000743783
2.1069	0.000684855
2.107	0.000421162
2.1071	0.000387251
2.1072	0.000393553
2.1073	0.000541196
2.1074	0.000379621
2.1075	0.000491395
2.1076	0.000342963
2.1077	0.000423084
2.1078	0.000544699
2.1079	0.000548554
2.108	0.000492251
2.1081	0.000608492
2.1082	0.000761464
2.1083	0.000568396
2.1084	0.000702364
2.1085	0.000459618
2.1086	0.000552327
2.1087	0.000552061
2.1088	0.000515901
2.1089	0.00047941
2.109	0.000530201
2.1091	0.000604553
2.1092	0.000547288
2.1093	0.000376249
2.1094	0.000523078
2.1095	0.000683179
2.1096	0.000473498
2.1097	0.000399219
2.1098	0.000552729
2.1099	0.000486112
2.11	0.000412668
2.1101	0.000542421
2.1102	0.000622605
2.1103	0.000627008
2.1104	0.000663851
2.1105	0.000632841
2.1106	0.000432507
2.1107	0.000523113
2.1108	0.000524653
2.1109	0.000579418
2.111	0.000576707
2.1111	0.000488039
2.1112	0.000520272
2.1113	0.000571194
2.1114	0.000625579
2.1115	0.000599347
2.1116	0.000720483
2.1117	0.000572396
2.1118	0.000583402
2.1119	0.000583012
2.112	0.000631201
2.1121	0.000613537
2.1122	0.000616705
2.1123	0.000624746
2.1124	0.000589285
2.1125	0.000486415
2.1126	0.000569829
2.1127	0.000573539
2.1128	0.000753778
2.1129	0.000514729
2.113	0.000523066
2.1131	0.000638495
2.1132	0.000543474
2.1133	0.000745828
2.1134	0.000551838
2.1135	0.000547058
2.1136	0.000435984
2.1137	0.000469888
2.1138	0.000593251
2.1139	0.000583133
2.114	0.000589609
2.1141	0.000700842
2.1142	0.000833533
2.1143	0.000646184
2.1144	0.000720052
2.1145	0.000597079
2.1146	0.000556364
2.1147	0.000609529
2.1148	0.000533071
2.1149	0.000634122
2.115	0.000711729
2.1151	0.000668823
2.1152	0.000598843
2.1153	0.000558836
2.1154	0.000561324
2.1155	0.000558081
2.1156	0.000572568
2.1157	0.000717426
2.1158	0.000605994
2.1159	0.000530541
2.116	0.000411135
2.1161	0.00041786
2.1162	0.000538489
2.1163	0.000596303
2.1164	0.000622898
2.1165	0.000502262
2.1166	0.00078259
2.1167	0.000629398
2.1168	0.00078968
2.1169	0.000573628
2.117	0.000738417
2.1171	0.000711839
2.1172	0.000623759
2.1173	0.000675484
2.1174	0.000467262
2.1175	0.000669261
2.1176	0.000536796
2.1177	0.000460925
2.1178	0.00065943
2.1179	0.000664259
2.118	0.000503549
2.1181	0.000381136
2.1182	0.000449238
2.1183	0.000404242
2.1184	0.000559613
2.1185	0.000731179
2.1186	0.000638697
2.1187	0.000606221
2.1188	0.000682732
2.1189	0.000599208
2.119	0.000583382
2.1191	0.000796288
2.1192	0.000796862
2.1193	0.000847193
2.1194	0.000621115
2.1195	0.000808279
2.1196	0.00058942
2.1197	0.000468966
2.1198	0.000677905
2.1199	0.000617448
2.12	0.000518625
2.1201	0.000523045
2.1202	0.00049191
2.1203	0.000395771
2.1204	0.000430489
2.1205	0.000454083
2.1206	0.000584201
2.1207	0.000401271
2.1208	0.000432809
2.1209	0.000565108
2.121	0.000748174
2.1211	0.0008938
2.1212	0.000740728
2.1213	0.000628747
2.1214	0.000767116
2.1215	0.000648386
2.1216	0.000658289
2.1217	0.000711573
2.1218	0.000533641
2.1219	0.000884366
2.122	0.000544588
2.1221	0.000526592
2.1222	0.000658039
2.1223	0.000457508
2.1224	0.000441417
2.1225	0.000508696
2.1226	0.000467005
2.1227	0.000525301
2.1228	0.000481225
2.1229	0.000383855
2.123	0.000575102
2.1231	0.000503869
2.1232	0.000673214
2.1233	0.000567625
2.1234	0.000543584
2.1235	0.000635275
2.1236	0.000936344
2.1237	0.000831961
2.1238	0.000561223
2.1239	0.000811132
2.124	0.000530958
2.1241	0.000708558
2.1242	0.000495824
2.1243	0.000581026
2.1244	0.000543108
2.1245	0.00046334
2.1246	0.000523674
2.1247	0.000605251
2.1248	0.000730594
2.1249	0.000404217
2.125	0.000481309
2.1251	0.000624434
2.1252	0.000462563
2.1253	0.000407956
2.1254	0.000577137
2.1255	0.000482398
2.1256	0.000701596
2.1257	0.000566444
2.1258	0.000679919
2.1259	0.000702616
2.126	0.000723502
2.1261	0.000696005
2.1262	0.000685149
2.1263	0.000657299
2.1264	0.000702235
2.1265	0.000751623
2.1266	0.00047569
2.1267	0.000465406
2.1268	0.000654855
2.1269	0.000602206
2.127	0.000565683
2.1271	0.000709874
2.1272	0.000571613
2.1273	0.000667661
2.1274	0.000562325
2.1275	0.000718295
2.1276	0.000507438
2.1277	0.000670012
2.1278	0.000646252
2.1279	0.000720794
2.128	0.000611285
2.1281	0.000752489
2.1282	0.000465743
2.1283	0.000630622
2.1284	0.000688163
2.1285	0.000630713
2.1286	0.000474702
2.1287	0.000531944
2.1288	0.000468797
2.1289	0.000591363
2.129	0.000593283
2.1291	0.000648539
2.1292	0.000605469
2.1293	0.000474199
2.1294	0.000648666
2.1295	0.000622394
2.1296	0.000840664
2.1297	0.000566128
2.1298	0.000438512
2.1299	0.000704304
2.13	0.000774985
2.1301	0.00068125
2.1302	0.000693309
2.1303	0.000547575
2.1304	0.000596582
2.1305	0.000699147
2.1306	0.000688229
2.1307	0.00073688
2.1308	0.000428054
2.1309	0.000540224
2.131	0.000731156
2.1311	0.00056474
2.1312	0.000571729
2.1313	0.000646771
2.1314	0.000649835
2.1315	0.000519971
2.1316	0.000526403
2.1317	0.000709151
2.1318	0.000597935
2.1319	0.000504042
2.132	0.000516878
2.1321	0.000725547
2.1322	0.000654615
2.1323	0.000631184
2.1324	0.00044863
2.1325	0.00056903
2.1326	0.000647699
2.1327	0.000777938
2.1328	0.000515278
2.1329	0.000718256
2.133	0.000391975
2.1331	0.000516056
2.1332	0.000494771
2.1333	0.000628058
2.1334	0.000667316
2.1335	0.000607927
2.1336	0.000667278
2.1337	0.000567315
2.1338	0.000658944
2.1339	0.00072844
2.134	0.000748699
2.1341	0.000455132
2.1342	0.000520668
2.1343	0.000527174
2.1344	0.000534306
2.1345	0.000607449
2.1346	0.0005466
2.1347	0.000617736
2.1348	0.000765633
2.1349	0.000627802
2.135	0.000597429
2.1351	0.000729699
2.1352	0.000534637
2.1353	0.00046028
2.1354	0.000604716
2.1355	0.000629688
2.1356	0.000524115
2.1357	0.000662408
2.1358	0.000785865
2.1359	0.000409242
2.136	0.000676961
2.1361	0.000683999
2.1362	0.000465892
2.1363	0.000508895
2.1364	0.000582297
2.1365	0.000439371
2.1366	0.00048055
2.1367	0.000647604
2.1368	0.000650867
2.1369	0.000752172
2.137	0.000739242
2.1371	0.000704444
2.1372	0.000653659
2.1373	0.000779107
2.1374	0.000564725
2.1375	0.000573046
2.1376	0.000538025
2.1377	0.000669492
2.1378	0.000766955
2.1379	0.000444948
2.138	0.000570946
2.1381	0.000494777
2.1382	0.000676441
2.1383	0.000692246
2.1384	0.000494512
2.1385	0.000611154
2.1386	0.000466195
2.1387	0.000725358
2.1388	0.000410055
2.1389	0.000430838
2.139	0.000580029
2.1391	0.000637755
2.1392	0.000641089
2.1393	0.000580925
2.1394	0.000699049
2.1395	0.000543481
2.1396	0.000610298
2.1397	0.000559509
2.1398	0.0004914
2.1399	0.000584993
2.14	0.000496185
2.1401	0.000653412
2.1402	0.000431517
2.1403	0.00064021
2.1404	0.000583495
2.1405	0.000432227
2.1406	0.000614349
2.1407	0.000514414
2.1408	0.000538305
2.1409	0.000502399
2.141	0.00047297
2.1411	0.00047547
2.1412	0.000604226
2.1413	0.000603327
2.1414	0.000516341
2.1415	0.000499015
2.1416	0.000598615
2.1417	0.000746587
2.1418	0.000565788
2.1419	0.000474641
2.142	0.000493496
2.1421	0.000499226
2.1422	0.000623458
2.1423	0.00057449
2.1424	0.000559905
2.1425	0.000752623
2.1426	0.000533843
2.1427	0.000436074
2.1428	0.000410906
2.1429	0.000419983
2.143	0.000560649
2.1431	0.000429481
2.1432	0.000418539
2.1433	0.000356277
2.1434	0.000531764
2.1435	0.000545376
2.1436	0.000435651
2.1437	0.000555406
2.1438	0.0006025
2.1439	0.000650368
2.144	0.000821984
2.1441	0.000438178
2.1442	0.000403679
2.1443	0.000464012
2.1444	0.000480125
2.1445	0.000572345
2.1446	0.000719635
2.1447	0.000476486
2.1448	0.000567002
2.1449	0.00053398
2.145	0.00054685
2.1451	0.000499089
2.1452	0.000594861
2.1453	0.000522907
2.1454	0.000452128
2.1455	0.000454448
2.1456	0.000596765
2.1457	0.000550362
2.1458	0.000460278
2.1459	0.000606383
2.146	0.000423599
2.1461	0.00066144
2.1462	0.000642228
2.1463	0.000470359
2.1464	0.000527344
2.1465	0.000445451
2.1466	0.000515802
2.1467	0.000572355
2.1468	0.000436815
2.1469	0.000461989
2.147	0.000522788
2.1471	0.000708871
2.1472	0.000542292
2.1473	0.00074627
2.1474	0.000585177
2.1475	0.000512577
2.1476	0.000388574
2.1477	0.000615459
2.1478	0.000497531
2.1479	0.000579596
2.148	0.000438196
2.1481	0.00048028
2.1482	0.000376506
2.1483	0.000630183
2.1484	0.000668744
2.1485	0.000827051
2.1486	0.00058009
2.1487	0.000482662
2.1488	0.000650738
2.1489	0.000496651
2.149	0.000666244
2.1491	0.000508626
2.1492	0.000386256
2.1493	0.000498078
2.1494	0.000446968
2.1495	0.000542372
2.1496	0.000704407
2.1497	0.000692972
2.1498	0.000671906
2.1499	0.000618941
2.15	0.000737047
2.1501	0.000632176
2.1502	0.00059154
2.1503	0.00059841
2.1504	0.000682752
2.1505	0.000572552
2.1506	0.000630384
2.1507	0.000659252
2.1508	0.000556307
2.1509	0.000520385
2.151	0.000537584
2.1511	0.000507468
2.1512	0.000697088
2.1513	0.000576218
2.1514	0.000486428
2.1515	0.00062161
2.1516	0.000585948
2.1517	0.000454807
2.1518	0.000450697
2.1519	0.000597641
2.152	0.000598283
2.1521	0.000712168
2.1522	0.000595908
2.1523	0.00068366
2.1524	0.000801016
2.1525	0.000652508
2.1526	0.000634504
2.1527	0.000683318
2.1528	0.000814666
2.1529	0.000631096
2.153	0.000723881
2.1531	0.000474742
2.1532	0.000608704
2.1533	0.000491284
2.1534	0.00053999
2.1535	0.000582215
2.1536	0.000669962
2.1537	0.000495003
2.1538	0.000377578
2.1539	0.000402701
2.154	0.000401394
2.1541	0.000560597
2.1542	0.000753353
2.1543	0.000585279
2.1544	0.000539743
2.1545	0.00070926
2.1546	0.000709353
2.1547	0.000549667
2.1548	0.000633494
2.1549	0.000694257
2.155	0.000851149
2.1551	0.000767803
2.1552	0.000706504
2.1553	0.000603884
2.1554	0.000464443
2.1555	0.000621864
2.1556	0.000657103
2.1557	0.000560458
2.1558	0.00059474
2.1559	0.000468023
2.156	0.000526133
2.1561	0.000526162
2.1562	0.000435296
2.1563	0.000540844
2.1564	0.000422149
2.1565	0.000465499
2.1566	0.000761374
2.1567	0.000748002
2.1568	0.000553426
2.1569	0.000750666
2.157	0.000762277
2.1571	0.000652758
2.1572	0.00084075
2.1573	0.000459447
2.1574	0.000776767
2.1575	0.000500382
2.1576	0.000578802
2.1577	0.000612895
2.1578	0.000680446
2.1579	0.00051924
2.158	0.000485326
2.1581	0.000637957
2.1582	0.000479382
2.1583	0.00046588
2.1584	0.000464653
2.1585	0.000674508
2.1586	0.00041626
2.1587	0.000443092
2.1588	0.000569302
2.1589	0.000676457
2.159	0.000631225
2.1591	0.000499229
2.1592	0.000710725
2.1593	0.000773
2.1594	0.00069923
2.1595	0.000604475
2.1596	0.000692317
2.1597	0.000690377
2.1598	0.000600036
2.1599	0.000470914
2.16	0.000578971
2.1601	0.000571651
2.1602	0.000513448
2.1603	0.000656993
2.1604	0.000605823
2.1605	0.000716742
2.1606	0.000576217
2.1607	0.000478595
2.1608	0.000487058
2.1609	0.000530182
2.161	0.000541517
2.1611	0.000540267
2.1612	0.000456979
2.1613	0.000819088
2.1614	0.000769003
2.1615	0.000728589
2.1616	0.000593476
2.1617	0.000656752
2.1618	0.000713743
2.1619	0.000690172
2.162	0.00051362
2.1621	0.000574993
2.1622	0.000663533
2.1623	0.000615028
2.1624	0.000482504
2.1625	0.000609319
2.1626	0.000564357
2.1627	0.000597767
2.1628	0.000486856
2.1629	0.000699785
2.163	0.000718756
2.1631	0.000694662
2.1632	0.000753665
2.1633	0.000446404
2.1634	0.000670258
2.1635	0.000552156
2.1636	0.000678615
2.1637	0.00064334
2.1638	0.000578461
2.1639	0.000606212
2.164	0.000696952
2.1641	0.000701641
2.1642	0.000584501
2.1643	0.000509837
2.1644	0.00065797
2.1645	0.000452386
2.1646	0.000612125
2.1647	0.000655463
2.1648	0.000689161
2.1649	0.000653253
2.165	0.000758923
2.1651	0.000592226
2.1652	0.000491718
2.1653	0.000702896
2.1654	0.000615887
2.1655	0.000432643
2.1656	0.000561454
2.1657	0.000833688
2.1658	0.000726738
2.1659	0.000539706
2.166	0.00054886
2.1661	0.000660463
2.1662	0.000730517
2.1663	0.000680086
2.1664	0.000652103
2.1665	0.000465435
2.1666	0.000493417
2.1667	0.000714521
2.1668	0.000621699
2.1669	0.00068708
2.167	0.000678617
2.1671	0.000512314
2.1672	0.000628937
2.1673	0.00061594
2.1674	0.000605547
2.1675	0.00060369
2.1676	0.000475356
2.1677	0.000640804
2.1678	0.000729394
2.1679	0.000478021
2.168	0.000573724
2.1681	0.000499563
2.1682	0.000582321
2.1683	0.000702838
2.1684	0.000666091
2.1685	0.000581007
2.1686	0.000650596
2.1687	0.000394659
2.1688	0.000582179
2.1689	0.000505359
2.169	0.000540902
2.1691	0.000661744
2.1692	0.000573531
2.1693	0.00074858
2.1694	0.000562101
2.1695	0.000672515
2.1696	0.000720651
2.1697	0.000604167
2.1698	0.000441431
2.1699	0.000513491
2.17	0.000433221
2.1701	0.000423147
2.1702	0.000653329
2.1703	0.00063833
2.1704	0.000644437
2.1705	0.000576874
2.1706	0.000620354
2.1707	0.000744948
2.1708	0.000779966
2.1709	0.000716465
2.171	0.000607681
2.1711	0.000553773
2.1712	0.000722464
2.1713	0.000631706
2.1714	0.000765429
2.1715	0.000831914
2.1716	0.000539709
2.1717	0.000604108
2.1718	0.000801166
2.1719	0.000489433
2.172	0.000510241
2.1721	0.000562874
2.1722	0.000581382
2.1723	0.000592005
2.1724	0.000606623
2.1725	0.000746008
2.1726	0.000754272
2.1727	0.00065879
2.1728	0.00069727
2.1729	0.000847619
2.173	0.000661902
2.1731	0.000435286
2.1732	0.000576509
2.1733	0.000656726
2.1734	0.000600777
2.1735	0.000729816
2.1736	0.000569444
2.1737	0.000526166
2.1738	0.000680375
2.1739	0.000586353
2.174	0.000597591
2.1741	0.00045112
2.1742	0.000547814
2.1743	0.000441203
2.1744	0.000578229
2.1745	0.000439802
2.1746	0.000412671
2.1747	0.00057066
2.1748	0.000595239
2.1749	0.000625429
2.175	0.000624822
2.1751	0.000757305
2.1752	0.000807451
2.1753	0.000514311
2.1754	0.000455296
2.1755	0.000524778
2.1756	0.000678684
2.1757	0.00063047
2.1758	0.000463692
2.1759	0.000448547
2.176	0.000562337
2.1761	0.000675467
2.1762	0.000483142
2.1763	0.000598101
2.1764	0.000470511
2.1765	0.000565522
2.1766	0.000524903
2.1767	0.000461684
2.1768	0.000457092
2.1769	0.000583327
2.177	0.000564929
2.1771	0.000484694
2.1772	0.000545301
2.1773	0.000629246
2.1774	0.000705138
2.1775	0.000522039
2.1776	0.000504492
2.1777	0.000519994
2.1778	0.000577909
2.1779	0.000629588
2.178	0.000530065
2.1781	0.000596154
2.1782	0.000807383
2.1783	0.000635902
2.1784	0.000439821
2.1785	0.000432621
2.1786	0.000373133
2.1787	0.000545567
2.1788	0.000443044
2.1789	0.000424363
2.179	0.000391735
2.1791	0.000535966
2.1792	0.000454176
2.1793	0.000457848
2.1794	0.00052322
2.1795	0.000576097
2.1796	0.000795625
2.1797	0.000681283
2.1798	0.000487745
2.1799	0.00046513
2.18	0.000521178
2.1801	0.000406792
2.1802	0.000546509
2.1803	0.000722723
2.1804	0.000503464
2.1805	0.000597283
2.1806	0.000662205
2.1807	0.000413367
2.1808	0.000427826
2.1809	0.000802709
2.181	0.000552689
2.1811	0.000432671
2.1812	0.00048866
2.1813	0.00067099
2.1814	0.000484299
2.1815	0.000518154
2.1816	0.00055437
2.1817	0.000654838
2.1818	0.000705426
2.1819	0.000787352
2.182	0.000482302
2.1821	0.000674717
2.1822	0.000472264
2.1823	0.000528647
2.1824	0.000531214
2.1825	0.000500797
2.1826	0.000503848
2.1827	0.000596521
2.1828	0.000636715
2.1829	0.000483932
2.183	0.000636447
2.1831	0.000506872
2.1832	0.000523492
2.1833	0.000542909
2.1834	0.00059001
2.1835	0.000518268
2.1836	0.000585335
2.1837	0.000417415
2.1838	0.000555335
2.1839	0.000504268
2.184	0.000706851
2.1841	0.00058763
2.1842	0.000812917
2.1843	0.000625887
2.1844	0.000504784
2.1845	0.000657629
2.1846	0.000444032
2.1847	0.000670764
2.1848	0.000474157
2.1849	0.000463172
2.185	0.000545634
2.1851	0.000433587
2.1852	0.000554705
2.1853	0.00059991
2.1854	0.000574722
2.1855	0.000620846
2.1856	0.000752179
2.1857	0.000722604
2.1858	0.000752397
2.1859	0.000672838
2.186	0.000753809
2.1861	0.000559463
2.1862	0.000493624
2.1863	0.000659491
2.1864	0.000680106
2.1865	0.000623452
2.1866	0.000514817
2.1867	0.000429743
2.1868	0.000595673
2.1869	0.000609238
2.187	0.000601922
2.1871	0.000610684
2.1872	0.000570728
2.1873	0.000581083
2.1874	0.000466805
2.1875	0.000416275
2.1876	0.000549762
2.1877	0.00061526
2.1878	0.000679816
2.1879	0.000487248
2.188	0.000819808
2.1881	0.000597943
2.1882	0.000701747
2.1883	0.000643154
2.1884	0.000700561
2.1885	0.000832396
2.1886	0.000550695
2.1887	0.000740208
2.1888	0.000555085
2.1889	0.000633142
2.189	0.000599371
2.1891	0.000503252
2.1892	0.000598931
2.1893	0.000673033
2.1894	0.000538327
2.1895	0.000461133
2.1896	0.000353775
2.1897	0.000434551
2.1898	0.000696465
2.1899	0.000629046
2.19	0.000513122
2.1901	0.000524518
2.1902	0.000777425
2.1903	0.000635647
2.1904	0.000424053
2.1905	0.000727638
2.1906	0.000736952
2.1907	0.000617168
2.1908	0.000772427
2.1909	0.000587951
2.191	0.000509495
2.1911	0.000572522
2.1912	0.000651416
2.1913	0.000625042
2.1914	0.000625441
2.1915	0.000447047
2.1916	0.000483081
2.1917	0.000439411
2.1918	0.000465261
2.1919	0.000454666
2.192	0.000553642
2.1921	0.000477345
2.1922	0.000471098
2.1923	0.000596195
2.1924	0.000762872
2.1925	0.000774647
2.1926	0.0007445
2.1927	0.000829495
2.1928	0.000775408
2.1929	0.000750641
2.193	0.000515108
2.1931	0.000580765
2.1932	0.000577711
2.1933	0.000585509
2.1934	0.000527574
2.1935	0.000722086
2.1936	0.000543399
2.1937	0.000493791
2.1938	0.000490149
2.1939	0.000419952
2.194	0.000444944
2.1941	0.00053712
2.1942	0.000489842
2.1943	0.000401209
2.1944	0.000446957
2.1945	0.000673889
2.1946	0.000621086
2.1947	0.000552304
2.1948	0.000530103
2.1949	0.000672131
2.195	0.000864707
2.1951	0.000689541
2.1952	0.000602124
2.1953	0.000637927
2.1954	0.000642391
2.1955	0.000626304
2.1956	0.000382771
2.1957	0.000515417
2.1958	0.000497245
2.1959	0.000456019
2.196	0.000579881
2.1961	0.000470003
2.1962	0.000726823
2.1963	0.000437221
2.1964	0.000537136
2.1965	0.000583082
2.1966	0.000522064
2.1967	0.000606829
2.1968	0.000554125
2.1969	0.000591911
2.197	0.000652177
2.1971	0.000598714
2.1972	0.000815293
2.1973	0.000684264
2.1974	0.000571234
2.1975	0.00075984
2.1976	0.000695323
2.1977	0.000593832
2.1978	0.000761141
2.1979	0.000709919
2.198	0.000598984
2.1981	0.000535811
2.1982	0.000592767
2.1983	0.000701209
2.1984	0.000514514
2.1985	0.000571274
2.1986	0.000618769
2.1987	0.000695281
2.1988	0.000543657
2.1989	0.000827911
2.199	0.000544137
2.1991	0.000702564
2.1992	0.000654846
2.1993	0.000641855
2.1994	0.000553785
2.1995	0.000699714
2.1996	0.000713965
2.1997	0.000638899
2.1998	0.000671026
2.1999	0.000680704
2.2	0.000547815
2.2001	0.000676341
2.2002	0.000405155
2.2003	0.000551033
2.2004	0.000676498
2.2005	0.000630754
2.2006	0.000793868
2.2007	0.000547638
2.2008	0.000622596
2.2009	0.00063262
2.201	0.000643421
2.2011	0.000577132
2.2012	0.000420801
2.2013	0.000538317
2.2014	0.000896163
2.2015	0.000646596
2.2016	0.000623865
2.2017	0.000596944
2.2018	0.000536064
2.2019	0.000798796
2.202	0.00064275
2.2021	0.000668424
2.2022	0.000472152
2.2023	0.000654212
2.2024	0.000627837
2.2025	0.000501123
2.2026	0.000610719
2.2027	0.0006232
2.2028	0.000562311
2.2029	0.00057999
2.203	0.000495235
2.2031	0.000576901
2.2032	0.00063083
2.2033	0.000553649
2.2034	0.000659415
2.2035	0.000592207
2.2036	0.000474703
2.2037	0.000653327
2.2038	0.000585012
2.2039	0.00058679
2.204	0.000666116
2.2041	0.000672926
2.2042	0.000626829
2.2043	0.000698344
2.2044	0.000451928
2.2045	0.000532299
2.2046	0.000656358
2.2047	0.000770229
2.2048	0.000795365
2.2049	0.000703399
2.205	0.000691254
2.2051	0.000597481
2.2052	0.00047807
2.2053	0.000906951
2.2054	0.000875272
2.2055	0.000404416
2.2056	0.000631165
2.2057	0.000619168
2.2058	0.000440476
2.2059	0.000530565
2.206	0.000721678
2.2061	0.000903212
2.2062	0.000726828
2.2063	0.000651168
2.2064	0.000717546
2.2065	0.000572044
2.2066	0.000726409
2.2067	0.00058562
2.2068	0.000527461
2.2069	0.000662352
2.207	0.000642955
2.2071	0.000646178
2.2072	0.000671112
2.2073	0.00042487
2.2074	0.000682909
2.2075	0.000694311
2.2076	0.000428642
2.2077	0.000498119
2.2078	0.000554526
2.2079	0.000511067
2.208	0.00051643
2.2081	0.000705775
2.2082	0.000667968
2.2083	0.000738939
2.2084	0.000606355
2.2085	0.000612512
2.2086	0.000713689
2.2087	0.000646928
2.2088	0.000603739
2.2089	0.000505175
2.209	0.000651938
2.2091	0.000515155
2.2092	0.000866733
2.2093	0.000571356
2.2094	0.000518049
2.2095	0.000635566
2.2096	0.000649612
2.2097	0.000583427
2.2098	0.00050117
2.2099	0.000559984
2.21	0.000440541
2.2101	0.00055348
2.2102	0.000417968
2.2103	0.000376424
2.2104	0.000551288
2.2105	0.000686442
2.2106	0.000666438
2.2107	0.000684008
2.2108	0.000648195
2.2109	0.000699899
2.211	0.000647528
2.2111	0.000600448
2.2112	0.000384249
2.2113	0.000587193
2.2114	0.000536622
2.2115	0.000647351
2.2116	0.000435584
2.2117	0.000626291
2.2118	0.000596286
2.2119	0.000436628
2.212	0.000516799
2.2121	0.00040736
2.2122	0.000640061
2.2123	0.000598682
2.2124	0.000411885
2.2125	0.000457953
2.2126	0.000698344
2.2127	0.000499771
2.2128	0.000588018
2.2129	0.000569797
2.213	0.000557316
2.2131	0.000728251
2.2132	0.000549481
2.2133	0.000470443
2.2134	0.000655948
2.2135	0.000445658
2.2136	0.000580408
2.2137	0.00063224
2.2138	0.000737183
2.2139	0.000671877
2.214	0.000564047
2.2141	0.000444613
2.2142	0.000462274
2.2143	0.00046065
2.2144	0.000482907
2.2145	0.000426664
2.2146	0.000389485
2.2147	0.000362788
2.2148	0.000476886
2.2149	0.000512422
2.215	0.000456472
2.2151	0.000555387
2.2152	0.000582736
2.2153	0.000662658
2.2154	0.000785923
2.2155	0.000426135
2.2156	0.000448862
2.2157	0.000525488
2.2158	0.000475719
2.2159	0.000562884
2.216	0.000627648
2.2161	0.000432417
2.2162	0.000598154
2.2163	0.000486782
2.2164	0.000560004
2.2165	0.000674797
2.2166	0.000671691
2.2167	0.000417203
2.2168	0.000582732
2.2169	0.000383936
2.217	0.000547125
2.2171	0.000450083
2.2172	0.000514345
2.2173	0.0006172
2.2174	0.000580183
2.2175	0.000644049
2.2176	0.000669143
2.2177	0.000440701
2.2178	0.000583217
2.2179	0.000535414
2.218	0.000542356
2.2181	0.000550558
2.2182	0.000423704
2.2183	0.000513124
2.2184	0.000601284
2.2185	0.000784992
2.2186	0.000628347
2.2187	0.000645096
2.2188	0.000627706
2.2189	0.00061844
2.219	0.000416853
2.2191	0.000776885
2.2192	0.000561305
2.2193	0.000634848
2.2194	0.000454358
2.2195	0.000523743
2.2196	0.000510711
2.2197	0.000694141
2.2198	0.000608012
2.2199	0.000666042
2.22	0.000630769
2.2201	0.000459763
2.2202	0.000666711
2.2203	0.000536654
2.2204	0.000686177
2.2205	0.00045745
2.2206	0.000467611
2.2207	0.000463747
2.2208	0.000534733
2.2209	0.00051901
2.221	0.000714337
2.2211	0.000599874
2.2212	0.000735094
2.2213	0.000803035
2.2214	0.000712836
2.2215	0.000718968
2.2216	0.000518193
2.2217	0.000607182
2.2218	0.000734986
2.2219	0.000500482
2.222	0.000547
2.2221	0.000681082
2.2222	0.000543677
2.2223	0.000568491
2.2224	0.000571362
2.2225	0.000431366
2.2226	0.000554308
2.2227	0.000565541
2.2228	0.000592477
2.2229	0.00062306
2.223	0.000453701
2.2231	0.000485076
2.2232	0.000451845
2.2233	0.000618446
2.2234	0.000573081
2.2235	0.000638322
2.2236	0.000555554
2.2237	0.000682693
2.2238	0.000826032
2.2239	0.000762834
2.224	0.000563146
2.2241	0.000638205
2.2242	0.000782386
2.2243	0.000493231
2.2244	0.000697387
2.2245	0.00057548
2.2246	0.000579688
2.2247	0.00049557
2.2248	0.000577545
2.2249	0.000669011
2.225	0.000674181
2.2251	0.000451146
2.2252	0.000433837
2.2253	0.000404328
2.2254	0.000388747
2.2255	0.000643437
2.2256	0.000717119
2.2257	0.000540713
2.2258	0.000444342
2.2259	0.000627371
2.226	0.000818778
2.2261	0.000689546
2.2262	0.000560839
2.2263	0.000755641
2.2264	0.000624239
2.2265	0.000787398
2.2266	0.000701352
2.2267	0.000555754
2.2268	0.000475501
2.2269	0.000742702
2.227	0.000657591
2.2271	0.000522639
2.2272	0.000539353
2.2273	0.000496604
2.2274	0.000543977
2.2275	0.000543764
2.2276	0.000530633
2.2277	0.000523043
2.2278	0.000459607
2.2279	0.000536184
2.228	0.000682792
2.2281	0.000783265
2.2282	0.000560753
2.2283	0.000729479
2.2284	0.000724359
2.2285	0.000682964
2.2286	0.000772728
2.2287	0.000540802
2.2288	0.000727666
2.2289	0.00064228
2.229	0.000651087
2.2291	0.000598716
2.2292	0.000672354
2.2293	0.000510104
2.2294	0.000519577
2.2295	0.000483088
2.2296	0.000466139
2.2297	0.000524049
2.2298	0.000464614
2.2299	0.000344188
2.23	0.000412757
2.2301	0.000677795
2.2302	0.000640215
2.2303	0.000650103
2.2304	0.000616735
2.2305	0.000563923
2.2306	0.000802231
2.2307	0.000822567
2.2308	0.000652262
2.2309	0.000610403
2.231	0.000686939
2.2311	0.000748422
2.2312	0.000556374
2.2313	0.00044621
2.2314	0.000551369
2.2315	0.000548713
2.2316	0.000552101
2.2317	0.000561873
2.2318	0.000632316
2.2319	0.000731139
2.232	0.000520968
2.2321	0.000499403
2.2322	0.000545977
2.2323	0.000555342
2.2324	0.000508337
2.2325	0.000560149
2.2326	0.000501769
2.2327	0.000745505
2.2328	0.000766031
2.2329	0.000644765
2.233	0.000614851
2.2331	0.000722874
2.2332	0.000723277
2.2333	0.000748272
2.2334	0.000563598
2.2335	0.000717615
2.2336	0.000655733
2.2337	0.00061607
2.2338	0.000418984
2.2339	0.000660062
2.234	0.000599159
2.2341	0.000596224
2.2342	0.000542112
2.2343	0.00074627
2.2344	0.000670044
2.2345	0.000669264
2.2346	0.00071206
2.2347	0.000560183
2.2348	0.000725262
2.2349	0.000534463
2.235	0.000580465
2.2351	0.000565255
2.2352	0.000637923
2.2353	0.000640237
2.2354	0.000697355
2.2355	0.000588652
2.2356	0.000586431
2.2357	0.000545128
2.2358	0.000545181
2.2359	0.000425233
2.236	0.00062191
2.2361	0.000662307
2.2362	0.000609011
2.2363	0.000612372
2.2364	0.000755435
2.2365	0.000602659
2.2366	0.000547327
2.2367	0.000617752
2.2368	0.000604423
2.2369	0.000441367
2.237	0.000568871
2.2371	0.000831894
2.2372	0.000704232
2.2373	0.000634399
2.2374	0.000597699
2.2375	0.000589727
2.2376	0.000761368
2.2377	0.000781143
2.2378	0.00051663
2.2379	0.000522836
2.238	0.000482782
2.2381	0.000648187
2.2382	0.000517752
2.2383	0.000595129
2.2384	0.000616318
2.2385	0.000530115
2.2386	0.000516723
2.2387	0.000686045
2.2388	0.000578656
2.2389	0.000537919
2.239	0.000479798
2.2391	0.00063637
2.2392	0.000674744
2.2393	0.000455054
2.2394	0.000576871
2.2395	0.000573942
2.2396	0.000610119
2.2397	0.000735548
2.2398	0.000693861
2.2399	0.000699232
2.24	0.000630439
2.2401	0.000383418
2.2402	0.000531472
2.2403	0.000564831
2.2404	0.000542033
2.2405	0.00071916
2.2406	0.000510302
2.2407	0.000621697
2.2408	0.000655862
2.2409	0.000653054
2.241	0.000736217
2.2411	0.000596504
2.2412	0.000501944
2.2413	0.000489149
2.2414	0.000468372
2.2415	0.000417527
2.2416	0.000647981
2.2417	0.000666624
2.2418	0.000717473
2.2419	0.000664595
2.242	0.000677973
2.2421	0.000792238
2.2422	0.00075
2.2423	0.000644106
2.2424	0.000431096
2.2425	0.000539901
2.2426	0.000632794
2.2427	0.000590493
2.2428	0.000636352
2.2429	0.000627342
2.243	0.000479047
2.2431	0.000571832
2.2432	0.000724231
2.2433	0.000499027
2.2434	0.000468726
2.2435	0.000633222
2.2436	0.000538413
2.2437	0.000546356
2.2438	0.000675714
2.2439	0.00078117
2.244	0.000719713
2.2441	0.000600157
2.2442	0.000558141
2.2443	0.000932145
2.2444	0.000643289
2.2445	0.000550386
2.2446	0.000589516
2.2447	0.00067909
2.2448	0.000575148
2.2449	0.000726966
2.245	0.000541067
2.2451	0.000591736
2.2452	0.000733183
2.2453	0.000519777
2.2454	0.000749532
2.2455	0.000541159
2.2456	0.000524213
2.2457	0.000458384
2.2458	0.000595007
2.2459	0.000464411
2.246	0.000431797
2.2461	0.000509241
2.2462	0.000583865
2.2463	0.000744704
2.2464	0.000646284
2.2465	0.000647625
2.2466	0.000591349
2.2467	0.000590788
2.2468	0.000578755
2.2469	0.000535185
2.247	0.000576856
2.2471	0.00049124
2.2472	0.000601024
2.2473	0.000429174
2.2474	0.000578707
2.2475	0.000681141
2.2476	0.000468948
2.2477	0.000562737
2.2478	0.000502505
2.2479	0.000538089
2.248	0.000501262
2.2481	0.000426102
2.2482	0.000467797
2.2483	0.0005439
2.2484	0.000567631
2.2485	0.00042253
2.2486	0.000587125
2.2487	0.000616492
2.2488	0.000628668
2.2489	0.000524389
2.249	0.000499397
2.2491	0.000544597
2.2492	0.00044206
2.2493	0.000620271
2.2494	0.000541104
2.2495	0.000719185
2.2496	0.000600765
2.2497	0.000506751
2.2498	0.000388572
2.2499	0.000442387
2.25	0.000359624
2.2501	0.000527952
2.2502	0.000426005
2.2503	0.000440505
2.2504	0.000465616
2.2505	0.000460618
2.2506	0.000503948
2.2507	0.00047568
2.2508	0.000519679
2.2509	0.000602291
2.251	0.000779464
2.2511	0.000695765
2.2512	0.000467226
2.2513	0.000388752
2.2514	0.000519918
2.2515	0.000455771
2.2516	0.000563647
2.2517	0.00074186
2.2518	0.000500082
2.2519	0.000624942
2.252	0.000625622
2.2521	0.000446028
2.2522	0.000424501
2.2523	0.000752933
2.2524	0.000550017
2.2525	0.000440227
2.2526	0.000420865
2.2527	0.000571679
2.2528	0.00043307
2.2529	0.000511976
2.253	0.000609609
2.2531	0.000594309
2.2532	0.000875638
2.2533	0.00074017
2.2534	0.000580755
2.2535	0.000576397
2.2536	0.000560424
2.2537	0.000470483
2.2538	0.000554462
2.2539	0.000396165
2.254	0.000496962
2.2541	0.00068533
2.2542	0.000631226
2.2543	0.000603856
2.2544	0.000573454
2.2545	0.000551383
2.2546	0.000452735
2.2547	0.000499301
2.2548	0.000575558
2.2549	0.000418922
2.255	0.000573753
2.2551	0.000426837
2.2552	0.000598481
2.2553	0.000504299
2.2554	0.000711007
2.2555	0.000653215
2.2556	0.000717565
2.2557	0.000634594
2.2558	0.000537498
2.2559	0.000682617
2.256	0.000435691
2.2561	0.000566195
2.2562	0.000566362
2.2563	0.00044896
2.2564	0.000472261
2.2565	0.000390864
2.2566	0.000600355
2.2567	0.000604757
2.2568	0.000628577
2.2569	0.000619079
2.257	0.000731772
2.2571	0.000651774
2.2572	0.00071142
2.2573	0.00066009
2.2574	0.000668376
2.2575	0.000532268
2.2576	0.00058966
2.2577	0.000690151
2.2578	0.000664305
2.2579	0.000588767
2.258	0.000464319
2.2581	0.000466942
2.2582	0.000619341
2.2583	0.000668354
2.2584	0.000548723
2.2585	0.000599469
2.2586	0.00066722
2.2587	0.000580039
2.2588	0.000432252
2.2589	0.000440069
2.259	0.000587045
2.2591	0.000639303
2.2592	0.000643231
2.2593	0.000517269
2.2594	0.000840127
2.2595	0.000730346
2.2596	0.000655764
2.2597	0.000637909
2.2598	0.000700623
2.2599	0.000807214
2.26	0.000479066
2.2601	0.000707347
2.2602	0.00057623
2.2603	0.000587503
2.2604	0.000547433
2.2605	0.000571253
2.2606	0.000640578
2.2607	0.000683367
2.2608	0.000566046
2.2609	0.00043854
2.261	0.000368392
2.2611	0.00057636
2.2612	0.000650224
2.2613	0.000605594
2.2614	0.000571304
2.2615	0.000512161
2.2616	0.000745271
2.2617	0.000504958
2.2618	0.000430392
2.2619	0.000696119
2.262	0.000712624
2.2621	0.000731966
2.2622	0.000666699
2.2623	0.000739068
2.2624	0.000501085
2.2625	0.000519469
2.2626	0.000651937
2.2627	0.000590407
2.2628	0.000681894
2.2629	0.000432838
2.263	0.000465812
2.2631	0.000430122
2.2632	0.000435276
2.2633	0.000440329
2.2634	0.000568784
2.2635	0.000430148
2.2636	0.000463895
2.2637	0.000892403
2.2638	0.000913468
2.2639	0.000569195
2.264	0.000762393
2.2641	0.000729514
2.2642	0.000727358
2.2643	0.000791288
2.2644	0.000542728
2.2645	0.000594445
2.2646	0.000552682
2.2647	0.000667907
2.2648	0.000560329
2.2649	0.00063902
2.265	0.000586335
2.2651	0.000523191
2.2652	0.000494495
2.2653	0.000459919
2.2654	0.000447256
2.2655	0.000567784
2.2656	0.000471467
2.2657	0.000391661
2.2658	0.000575114
2.2659	0.000527049
2.266	0.000710946
2.2661	0.000599718
2.2662	0.000532735
2.2663	0.000687114
2.2664	0.00100404
2.2665	0.000859003
2.2666	0.000717585
2.2667	0.00057594
2.2668	0.000695344
2.2669	0.000655626
2.267	0.000437138
2.2671	0.000526059
2.2672	0.000497699
2.2673	0.000537016
2.2674	0.000586244
2.2675	0.000573632
2.2676	0.000532235
2.2677	0.000373228
2.2678	0.000553646
2.2679	0.000542882
2.268	0.000534567
2.2681	0.00056648
2.2682	0.000571959
2.2683	0.000580882
2.2684	0.000577755
2.2685	0.0007142
2.2686	0.000578856
2.2687	0.000690911
2.2688	0.000600907
2.2689	0.000869581
2.269	0.000738937
2.2691	0.000535238
2.2692	0.000735526
2.2693	0.000670717
2.2694	0.00047471
2.2695	0.000473735
2.2696	0.000641933
2.2697	0.000678
2.2698	0.000595072
2.2699	0.000595639
2.27	0.000604177
2.2701	0.00064435
2.2702	0.000620753
2.2703	0.000691738
2.2704	0.00066029
2.2705	0.000712695
2.2706	0.000689804
2.2707	0.000746493
2.2708	0.000585357
2.2709	0.000703723
2.271	0.000504927
2.2711	0.000648677
2.2712	0.00068975
2.2713	0.00059747
2.2714	0.000602054
2.2715	0.000629664
2.2716	0.000444937
2.2717	0.000655307
2.2718	0.000692109
2.2719	0.000672495
2.272	0.000652736
2.2721	0.000462594
2.2722	0.000651467
2.2723	0.000577476
2.2724	0.000666185
2.2725	0.000573907
2.2726	0.000431288
2.2727	0.000678567
2.2728	0.000855304
2.2729	0.000663776
2.273	0.000636302
2.2731	0.000537382
2.2732	0.000694791
2.2733	0.000679221
2.2734	0.00065163
2.2735	0.0006154
2.2736	0.000448091
2.2737	0.000534104
2.2738	0.000639215
2.2739	0.000476815
2.274	0.000613824
2.2741	0.000639511
2.2742	0.000542366
2.2743	0.000591685
2.2744	0.000520362
2.2745	0.000698431
2.2746	0.000602775
2.2747	0.000482938
2.2748	0.00057462
2.2749	0.000680771
2.275	0.000517068
2.2751	0.000738786
2.2752	0.000543555
2.2753	0.000541307
2.2754	0.000606766
2.2755	0.000763571
2.2756	0.000537679
2.2757	0.000758748
2.2758	0.000507213
2.2759	0.000487172
2.276	0.000514839
2.2761	0.000666734
2.2762	0.000648505
2.2763	0.000627579
2.2764	0.000649148
2.2765	0.000529293
2.2766	0.000687079
2.2767	0.000900052
2.2768	0.000750768
2.2769	0.000403996
2.277	0.000529924
2.2771	0.000469775
2.2772	0.000421802
2.2773	0.000624337
2.2774	0.000825532
2.2775	0.000814523
2.2776	0.000672322
2.2777	0.000613849
2.2778	0.00055976
2.2779	0.000587755
2.278	0.000631717
2.2781	0.000470776
2.2782	0.000554595
2.2783	0.000674767
2.2784	0.000590116
2.2785	0.000625488
2.2786	0.000777062
2.2787	0.000479422
2.2788	0.000679172
2.2789	0.00070166
2.279	0.000493108
2.2791	0.000495977
2.2792	0.000609698
2.2793	0.000493966
2.2794	0.000555781
2.2795	0.000687617
2.2796	0.000717253
2.2797	0.000784375
2.2798	0.000703017
2.2799	0.000729879
2.28	0.000773484
2.2801	0.00059936
2.2802	0.000499607
2.2803	0.000750579
2.2804	0.000662186
2.2805	0.000559437
2.2806	0.000774769
2.2807	0.000549089
2.2808	0.000507621
2.2809	0.000636916
2.281	0.000676054
2.2811	0.000647508
2.2812	0.000512151
2.2813	0.00056246
2.2814	0.00061965
2.2815	0.000482314
2.2816	0.000454061
2.2817	0.000459943
2.2818	0.000520911
2.2819	0.000573794
2.282	0.00068235
2.2821	0.000655082
2.2822	0.000792813
2.2823	0.000511424
2.2824	0.000573874
2.2825	0.00057855
2.2826	0.000431175
2.2827	0.000584502
2.2828	0.000694876
2.2829	0.000486767
2.283	0.000439931
2.2831	0.000635637
2.2832	0.000712786
2.2833	0.000386294
2.2834	0.000556583
2.2835	0.000432105
2.2836	0.00055168
2.2837	0.000578568
2.2838	0.000387134
2.2839	0.000445504
2.284	0.000563992
2.2841	0.000640072
2.2842	0.000555975
2.2843	0.000502957
2.2844	0.000627114
2.2845	0.000678752
2.2846	0.000502695
2.2847	0.000535643
2.2848	0.000610089
2.2849	0.000365474
2.285	0.000550709
2.2851	0.000609705
2.2852	0.000631769
2.2853	0.000753113
2.2854	0.000673143
2.2855	0.000489287
2.2856	0.000485764
2.2857	0.000426039
2.2858	0.000539573
2.2859	0.000503383
2.286	0.000396089
2.2861	0.000384513
2.2862	0.000525674
2.2863	0.000644943
2.2864	0.00038702
2.2865	0.000472128
2.2866	0.000632355
2.2867	0.000727489
2.2868	0.000798743
2.2869	0.00038953
2.287	0.000499679
2.2871	0.000602837
2.2872	0.000502746
2.2873	0.000536447
2.2874	0.000765876
2.2875	0.000441589
2.2876	0.000604582
2.2877	0.000494658
2.2878	0.000544782
2.2879	0.000488047
2.288	0.000757106
2.2881	0.000546163
2.2882	0.000431827
2.2883	0.000368375
2.2884	0.00058616
2.2885	0.000587709
2.2886	0.000457016
2.2887	0.000581757
2.2888	0.000653421
2.2889	0.000700826
2.289	0.000721996
2.2891	0.00047591
2.2892	0.000489908
2.2893	0.000537681
2.2894	0.000562922
2.2895	0.000490163
2.2896	0.000479718
2.2897	0.000448919
2.2898	0.000585115
2.2899	0.000557132
2.29	0.000699916
2.2901	0.000662514
2.2902	0.000508765
2.2903	0.000514146
2.2904	0.000514325
2.2905	0.000699283
2.2906	0.00054372
2.2907	0.000590043
2.2908	0.000402666
2.2909	0.000502212
2.291	0.000423532
2.2911	0.000640053
2.2912	0.000645368
2.2913	0.000793337
2.2914	0.000496488
2.2915	0.000453245
2.2916	0.000663173
2.2917	0.000578792
2.2918	0.000685161
2.2919	0.000482221
2.292	0.000463567
2.2921	0.000510457
2.2922	0.000484959
2.2923	0.000495865
2.2924	0.000686717
2.2925	0.000632885
2.2926	0.000676369
2.2927	0.000795752
2.2928	0.00078703
2.2929	0.000724512
2.293	0.000631033
2.2931	0.000439053
2.2932	0.000652626
2.2933	0.0006125
2.2934	0.000622433
2.2935	0.000678803
2.2936	0.000557423
2.2937	0.000543827
2.2938	0.000608026
2.2939	0.000483031
2.294	0.000576717
2.2941	0.000567158
2.2942	0.000563867
2.2943	0.000665037
2.2944	0.000471774
2.2945	0.000426173
2.2946	0.000494281
2.2947	0.000552098
2.2948	0.000557645
2.2949	0.000724571
2.295	0.000533424
2.2951	0.000734318
2.2952	0.000729201
2.2953	0.000701294
2.2954	0.000686759
2.2955	0.000757554
2.2956	0.000797306
2.2957	0.000512015
2.2958	0.000666315
2.2959	0.000553318
2.296	0.000543672
2.2961	0.000452079
2.2962	0.00062314
2.2963	0.000718622
2.2964	0.000650177
2.2965	0.000509872
2.2966	0.000445577
2.2967	0.000356315
2.2968	0.000460324
2.2969	0.000610325
2.297	0.000704579
2.2971	0.000487958
2.2972	0.000539742
2.2973	0.00063505
2.2974	0.000787396
2.2975	0.000713163
2.2976	0.000622434
2.2977	0.000921483
2.2978	0.000662272
2.2979	0.00070481
2.298	0.000829552
2.2981	0.000557208
2.2982	0.000540335
2.2983	0.000665513
2.2984	0.000617709
2.2985	0.000629481
2.2986	0.000428811
2.2987	0.000403587
2.2988	0.000529491
2.2989	0.000525972
2.299	0.000526488
2.2991	0.000519233
2.2992	0.000482814
2.2993	0.000517862
2.2994	0.000669775
2.2995	0.000767555
2.2996	0.000627835
2.2997	0.000692256
2.2998	0.000804313
2.2999	0.000651025
2.3	0.000693942
2.3001	0.000537658
2.3002	0.000590848
2.3003	0.000671759
2.3004	0.000622681
2.3005	0.000577044
2.3006	0.000512843
2.3007	0.000570181
2.3008	0.000477985
2.3009	0.000519248
2.301	0.000478759
2.3011	0.000525327
2.3012	0.00058933
2.3013	0.000349134
2.3014	0.000614913
2.3015	0.000579078
2.3016	0.000488858
2.3017	0.000723203
2.3018	0.000596427
2.3019	0.000586231
2.302	0.000827086
2.3021	0.00104781
2.3022	0.000684313
2.3023	0.000577188
2.3024	0.000754237
2.3025	0.000778403
2.3026	0.000556033
2.3027	0.000435715
2.3028	0.000543211
2.3029	0.000471588
2.303	0.000561799
2.3031	0.00050351
2.3032	0.000659484
2.3033	0.000603912
2.3034	0.000551291
2.3035	0.00064308
2.3036	0.000432814
2.3037	0.000539454
2.3038	0.000568155
2.3039	0.00061432
2.304	0.000500936
2.3041	0.000759956
2.3042	0.000791388
2.3043	0.000661091
2.3044	0.000529994
2.3045	0.000724693
2.3046	0.000724285
2.3047	0.000687841
2.3048	0.000541376
2.3049	0.000589715
2.305	0.000631463
2.3051	0.000634491
2.3052	0.000441468
2.3053	0.000603277
2.3054	0.000617667
2.3055	0.000627645
2.3056	0.000456974
2.3057	0.000699037
2.3058	0.000711848
2.3059	0.000713263
2.306	0.000724636
2.3061	0.000588361
2.3062	0.000683347
2.3063	0.000514621
2.3064	0.000610146
2.3065	0.000595493
2.3066	0.000567309
2.3067	0.000600225
2.3068	0.000767316
2.3069	0.000678513
2.307	0.000632273
2.3071	0.000544336
2.3072	0.000632928
2.3073	0.000448482
2.3074	0.000683631
2.3075	0.00078685
2.3076	0.000569195
2.3077	0.000538925
2.3078	0.000701826
2.3079	0.000688625
2.308	0.000562488
2.3081	0.000546727
2.3082	0.000612858
2.3083	0.000435502
2.3084	0.000687992
2.3085	0.000907003
2.3086	0.000633619
2.3087	0.000659509
2.3088	0.000553365
2.3089	0.000744256
2.309	0.000618497
2.3091	0.000665573
2.3092	0.000606958
2.3093	0.000470086
2.3094	0.000503171
2.3095	0.000740091
2.3096	0.000505656
2.3097	0.00066614
2.3098	0.000672106
2.3099	0.000514492
2.31	0.000602656
2.3101	0.000545652
2.3102	0.000541252
2.3103	0.00054426
2.3104	0.000443839
2.3105	0.000649626
2.3106	0.000646699
2.3107	0.000500232
2.3108	0.000581006
2.3109	0.000495385
2.311	0.00052969
2.3111	0.000592257
2.3112	0.000647959
2.3113	0.00046544
2.3114	0.000765665
2.3115	0.000372563
2.3116	0.000512245
2.3117	0.000556663
2.3118	0.000783146
2.3119	0.000589183
2.312	0.00051486
2.3121	0.000715681
2.3122	0.000558678
2.3123	0.000604298
2.3124	0.00098989
2.3125	0.000640028
2.3126	0.000714629
2.3127	0.000493394
2.3128	0.000466306
2.3129	0.00055911
2.313	0.000709561
2.3131	0.000660446
2.3132	0.000504526
2.3133	0.000813339
2.3134	0.000683011
2.3135	0.000617952
2.3136	0.000760653
2.3137	0.00066901
2.3138	0.000404695
2.3139	0.000496148
2.314	0.000565556
2.3141	0.000681483
2.3142	0.000783101
2.3143	0.000757251
2.3144	0.000494425
2.3145	0.000558434
2.3146	0.000718732
2.3147	0.000573012
2.3148	0.000615853
2.3149	0.000502972
2.315	0.00061291
2.3151	0.00068154
2.3152	0.000736306
2.3153	0.000836092
2.3154	0.000612814
2.3155	0.000613252
2.3156	0.000588227
2.3157	0.000809514
2.3158	0.000740711
2.3159	0.000403433
2.316	0.000565715
2.3161	0.000654242
2.3162	0.000602903
2.3163	0.000899084
2.3164	0.00049613
2.3165	0.00064787
2.3166	0.000570763
2.3167	0.000518343
2.3168	0.000585051
2.3169	0.000442526
2.317	0.00052338
2.3171	0.000561766
2.3172	0.000441872
2.3173	0.000410838
2.3174	0.00046394
2.3175	0.000515966
2.3176	0.000575219
2.3177	0.000571626
2.3178	0.000645425
2.3179	0.00074277
2.318	0.000553457
2.3181	0.000515031
2.3182	0.000498024
2.3183	0.000584453
2.3184	0.000601813
2.3185	0.000616769
2.3186	0.000605307
2.3187	0.000506012
2.3188	0.000541193
2.3189	0.000686981
2.319	0.000401203
2.3191	0.000611093
2.3192	0.000574935
2.3193	0.000483341
2.3194	0.000415359
2.3195	0.00041671
2.3196	0.000456199
2.3197	0.000637666
2.3198	0.00062863
2.3199	0.000529958
2.32	0.000419829
2.3201	0.00059522
2.3202	0.0006345
2.3203	0.000580406
2.3204	0.000398551
2.3205	0.000545376
2.3206	0.000531853
2.3207	0.000625225
2.3208	0.000528481
2.3209	0.000545922
2.321	0.000761936
2.3211	0.000468559
2.3212	0.000395714
2.3213	0.000418141
2.3214	0.000375377
2.3215	0.000518764
2.3216	0.000437055
2.3217	0.000478875
2.3218	0.000396901
2.3219	0.000524548
2.322	0.000751735
2.3221	0.000435403
2.3222	0.000493732
2.3223	0.000646451
2.3224	0.000823141
2.3225	0.000761201
2.3226	0.00052708
2.3227	0.000373846
2.3228	0.000541168
2.3229	0.000493656
2.323	0.000518985
2.3231	0.000594773
2.3232	0.000495723
2.3233	0.000620827
2.3234	0.000593889
2.3235	0.000564078
2.3236	0.000626226
2.3237	0.000627035
2.3238	0.00054162
2.3239	0.000463659
2.324	0.000471126
2.3241	0.000565515
2.3242	0.000601898
2.3243	0.000372944
2.3244	0.000575765
2.3245	0.000573735
2.3246	0.00085093
2.3247	0.000532407
2.3248	0.000562989
2.3249	0.000600581
2.325	0.000470489
2.3251	0.000443107
2.3252	0.000630981
2.3253	0.000421686
2.3254	0.000477554
2.3255	0.000528462
2.3256	0.00075585
2.3257	0.000761323
2.3258	0.000540961
2.3259	0.00058454
2.326	0.000534182
2.3261	0.000562157
2.3262	0.000633569
2.3263	0.000575563
2.3264	0.000428269
2.3265	0.000485163
2.3266	0.000476634
2.3267	0.000623675
2.3268	0.000649021
2.3269	0.000640211
2.327	0.000584927
2.3271	0.000611637
2.3272	0.000535994
2.3273	0.000717556
2.3274	0.000492576
2.3275	0.000608242
2.3276	0.000554536
2.3277	0.000500822
2.3278	0.000452547
2.3279	0.000517819
2.328	0.000651065
2.3281	0.000539253
2.3282	0.00054148
2.3283	0.000748392
2.3284	0.000691116
2.3285	0.000757759
2.3286	0.000613464
2.3287	0.000670001
2.3288	0.000638366
2.3289	0.000596381
2.329	0.000600825
2.3291	0.0007418
2.3292	0.000658501
2.3293	0.000511919
2.3294	0.000517803
2.3295	0.000451638
2.3296	0.000574341
2.3297	0.000669189
2.3298	0.000566787
2.3299	0.000632023
2.33	0.000524587
2.3301	0.000479412
2.3302	0.000469117
2.3303	0.000468304
2.3304	0.000548084
2.3305	0.000611312
2.3306	0.000666739
2.3307	0.000615783
2.3308	0.000677721
2.3309	0.000653904
2.331	0.000696962
2.3311	0.000501293
2.3312	0.000737493
2.3313	0.000656624
2.3314	0.000757786
2.3315	0.000579472
2.3316	0.000538811
2.3317	0.000526097
2.3318	0.000511158
2.3319	0.000663155
2.332	0.000652469
2.3321	0.000600948
2.3322	0.000487222
2.3323	0.000352199
2.3324	0.000395578
2.3325	0.00044784
2.3326	0.000758098
2.3327	0.000483242
2.3328	0.000632178
2.3329	0.00056362
2.333	0.000726722
2.3331	0.000562477
2.3332	0.000837162
2.3333	0.000494479
2.3334	0.000775123
2.3335	0.000686774
2.3336	0.000633855
2.3337	0.000735498
2.3338	0.00040067
2.3339	0.000541236
2.334	0.000717443
2.3341	0.000495098
2.3342	0.000610702
2.3343	0.000411521
2.3344	0.000428974
2.3345	0.00044407
2.3346	0.000582978
2.3347	0.000580493
2.3348	0.000436564
2.3349	0.000428326
2.335	0.000564445
2.3351	0.000787619
2.3352	0.000896947
2.3353	0.000600396
2.3354	0.000700789
2.3355	0.000735279
2.3356	0.000673734
2.3357	0.000772163
2.3358	0.000596419
2.3359	0.000587423
2.336	0.000589311
2.3361	0.000682795
2.3362	0.000614396
2.3363	0.000514406
2.3364	0.000541021
2.3365	0.000433185
2.3366	0.000497005
2.3367	0.000522321
2.3368	0.00057115
2.3369	0.000488719
2.337	0.000347682
2.3371	0.000413583
2.3372	0.000594957
2.3373	0.000596677
2.3374	0.000675174
2.3375	0.00054068
2.3376	0.000647829
2.3377	0.000758203
2.3378	0.000828413
2.3379	0.000815805
2.338	0.00065796
2.3381	0.000609043
2.3382	0.000572938
2.3383	0.00074751
2.3384	0.000596269
2.3385	0.0004534
2.3386	0.000429765
2.3387	0.00060175
2.3388	0.000517704
2.3389	0.000770901
2.339	0.000447498
2.3391	0.000549331
2.3392	0.000661753
2.3393	0.000403904
2.3394	0.000556986
2.3395	0.000636655
2.3396	0.000631146
2.3397	0.000749033
2.3398	0.000456971
2.3399	0.000691295
2.34	0.000645517
2.3401	0.000642079
2.3402	0.000601918
2.3403	0.00060896
2.3404	0.000756072
2.3405	0.000705348
2.3406	0.000695471
2.3407	0.000555507
2.3408	0.000465928
2.3409	0.000507048
2.341	0.000505021
2.3411	0.000533957
2.3412	0.000639354
2.3413	0.000477905
2.3414	0.000684746
2.3415	0.000699784
2.3416	0.000752252
2.3417	0.000640158
2.3418	0.000628715
2.3419	0.000783055
2.342	0.000570094
2.3421	0.000511784
2.3422	0.000570445
2.3423	0.000629028
2.3424	0.000643699
2.3425	0.000647711
2.3426	0.000605031
2.3427	0.000592106
2.3428	0.000572286
2.3429	0.000682164
2.343	0.000416199
2.3431	0.000576224
2.3432	0.000820257
2.3433	0.0007297
2.3434	0.000560991
2.3435	0.000620304
2.3436	0.000643646
2.3437	0.0006296
2.3438	0.000550083
2.3439	0.00048979
2.344	0.000474686
2.3441	0.00054045
2.3442	0.000779215
2.3443	0.000692627
2.3444	0.000693071
2.3445	0.000525622
2.3446	0.000697138
2.3447	0.000674309
2.3448	0.000723608
2.3449	0.000588343
2.345	0.000510334
2.3451	0.000662629
2.3452	0.000631314
2.3453	0.000535815
2.3454	0.000576748
2.3455	0.000638536
2.3456	0.000620836
2.3457	0.000465526
2.3458	0.000563071
2.3459	0.000693739
2.346	0.00060047
2.3461	0.000407548
2.3462	0.000690603
2.3463	0.000520847
2.3464	0.000549036
2.3465	0.000713011
2.3466	0.000668345
2.3467	0.000512817
2.3468	0.000713179
2.3469	0.000670998
2.347	0.000671598
2.3471	0.000576564
2.3472	0.000520472
2.3473	0.000640273
2.3474	0.000676207
2.3475	0.000691882
2.3476	0.000646964
2.3477	0.00064743
2.3478	0.000720395
2.3479	0.000459196
2.348	0.000573206
2.3481	0.000817254
2.3482	0.000598302
2.3483	0.000498859
2.3484	0.000532484
2.3485	0.000446423
2.3486	0.000483397
2.3487	0.000590354
2.3488	0.000851688
2.3489	0.000593399
2.349	0.000687336
2.3491	0.000754834
2.3492	0.000667343
2.3493	0.000678518
2.3494	0.000480205
2.3495	0.000482862
2.3496	0.000541904
2.3497	0.000710978
2.3498	0.000621958
2.3499	0.000645529
2.35	0.000559494
2.3501	0.00063623
2.3502	0.000623572
2.3503	0.000842239
2.3504	0.000516745
2.3505	0.000569232
2.3506	0.000384502
2.3507	0.000502422
2.3508	0.000651886
2.3509	0.000842959
2.351	0.000781208
2.3511	0.000705555
2.3512	0.000660678
2.3513	0.000656607
2.3514	0.000744048
2.3515	0.000663845
2.3516	0.00048352
2.3517	0.000481962
2.3518	0.000621943
2.3519	0.000563281
2.352	0.000791844
2.3521	0.000528571
2.3522	0.000679401
2.3523	0.000724311
2.3524	0.000774736
2.3525	0.000445707
2.3526	0.000537508
2.3527	0.00059056
2.3528	0.000589826
2.3529	0.000435006
2.353	0.000368045
2.3531	0.000545727
2.3532	0.00047304
2.3533	0.000505365
2.3534	0.00065813
2.3535	0.00058869
2.3536	0.000587183
2.3537	0.000818862
2.3538	0.00046303
2.3539	0.000573357
2.354	0.000427639
2.3541	0.00063592
2.3542	0.000519678
2.3543	0.000535214
2.3544	0.000540303
2.3545	0.00046555
2.3546	0.000723937
2.3547	0.000565665
2.3548	0.000490613
2.3549	0.000509224
2.355	0.000544005
2.3551	0.000547395
2.3552	0.000389852
2.3553	0.000504005
2.3554	0.000564767
2.3555	0.000631936
2.3556	0.000653671
2.3557	0.000492483
2.3558	0.000679391
2.3559	0.000606297
2.356	0.00047731
2.3561	0.000407481
2.3562	0.000587938
2.3563	0.000424977
2.3564	0.000686102
2.3565	0.000586659
2.3566	0.000528809
2.3567	0.000728794
2.3568	0.000508126
2.3569	0.000421247
2.357	0.000439187
2.3571	0.000466113
2.3572	0.000505337
2.3573	0.000513034
2.3574	0.000402958
2.3575	0.000398243
2.3576	0.000576672
2.3577	0.000667856
2.3578	0.000461656
2.3579	0.000573002
2.358	0.000667312
2.3581	0.000836615
2.3582	0.000692764
2.3583	0.000436742
2.3584	0.000417411
2.3585	0.000710029
2.3586	0.000517021
2.3587	0.000428118
2.3588	0.00078046
2.3589	0.000575466
2.359	0.000580127
2.3591	0.000569255
2.3592	0.000386481
2.3593	0.00071523
2.3594	0.000439654
2.3595	0.000567427
2.3596	0.000352581
2.3597	0.000389957
2.3598	0.000586332
2.3599	0.000563724
2.36	0.000424785
2.3601	0.000512038
2.3602	0.000495539
2.3603	0.000759223
2.3604	0.00071723
2.3605	0.000512245
2.3606	0.000612243
2.3607	0.00048627
2.3608	0.000568884
2.3609	0.000584692
2.361	0.000456814
2.3611	0.000406351
2.3612	0.000658619
2.3613	0.000626942
2.3614	0.000724604
2.3615	0.000605915
2.3616	0.000533469
2.3617	0.000603098
2.3618	0.00065813
2.3619	0.000652458
2.362	0.000773713
2.3621	0.000427886
2.3622	0.000525079
2.3623	0.000437101
2.3624	0.000590924
2.3625	0.000687896
2.3626	0.000650692
2.3627	0.000457358
2.3628	0.000611543
2.3629	0.000615633
2.363	0.000599929
2.3631	0.000592173
2.3632	0.00059844
2.3633	0.000487711
2.3634	0.000509495
2.3635	0.000525615
2.3636	0.000543608
2.3637	0.000572322
2.3638	0.000745118
2.3639	0.000675024
2.364	0.00071671
2.3641	0.000651501
2.3642	0.000686444
2.3643	0.000615915
2.3644	0.000710815
2.3645	0.000635007
2.3646	0.000500542
2.3647	0.000584944
2.3648	0.000480177
2.3649	0.000588849
2.365	0.000586981
2.3651	0.000578134
2.3652	0.000531054
2.3653	0.0004868
2.3654	0.000617999
2.3655	0.00069691
2.3656	0.000647258
2.3657	0.000582229
2.3658	0.000447027
2.3659	0.000431557
2.366	0.000589596
2.3661	0.000457311
2.3662	0.000539502
2.3663	0.000603035
2.3664	0.000593383
2.3665	0.000720149
2.3666	0.000843717
2.3667	0.000546446
2.3668	0.000506216
2.3669	0.000789371
2.367	0.000691555
2.3671	0.000912533
2.3672	0.000399377
2.3673	0.000623586
2.3674	0.000516554
2.3675	0.000539563
2.3676	0.000571562
2.3677	0.000747727
2.3678	0.000555462
2.3679	0.000427176
2.368	0.000403849
2.3681	0.000403215
2.3682	0.000519893
2.3683	0.000732299
2.3684	0.000493051
2.3685	0.00061655
2.3686	0.000525818
2.3687	0.000804162
2.3688	0.000422681
2.3689	0.000750795
2.369	0.000615921
2.3691	0.000845537
2.3692	0.000491832
2.3693	0.000756083
2.3694	0.000752916
2.3695	0.000451012
2.3696	0.000449543
2.3697	0.000740184
2.3698	0.000479936
2.3699	0.000645704
2.37	0.000396052
2.3701	0.000408881
2.3702	0.000461431
2.3703	0.000492266
2.3704	0.000610453
2.3705	0.000417533
2.3706	0.000456503
2.3707	0.000574832
2.3708	0.000836583
2.3709	0.000675625
2.371	0.000578586
2.3711	0.000739329
2.3712	0.000814104
2.3713	0.000702144
2.3714	0.000606852
2.3715	0.000609209
2.3716	0.000665072
2.3717	0.000579849
2.3718	0.000577815
2.3719	0.000629839
2.372	0.000831403
2.3721	0.000499862
2.3722	0.000415157
2.3723	0.00051531
2.3724	0.00050554
2.3725	0.000608587
2.3726	0.00066552
2.3727	0.000342668
2.3728	0.000599983
2.3729	0.00054872
2.373	0.000585974
2.3731	0.000711528
2.3732	0.000542855
2.3733	0.000700317
2.3734	0.000817895
2.3735	0.000892943
2.3736	0.000531714
2.3737	0.000558924
2.3738	0.00076473
2.3739	0.0006018
2.374	0.000570789
2.3741	0.000612175
2.3742	0.000511579
2.3743	0.000406466
2.3744	0.000637699
2.3745	0.000611259
2.3746	0.000658847
2.3747	0.00043162
2.3748	0.000499994
2.3749	0.000687778
2.375	0.000381395
2.3751	0.000461984
2.3752	0.000703383
2.3753	0.000555533
2.3754	0.000567814
2.3755	0.000511713
2.3756	0.000695121
2.3757	0.000618171
2.3758	0.000665891
2.3759	0.000595111
2.376	0.000638284
2.3761	0.000723175
2.3762	0.000719914
2.3763	0.000688564
2.3764	0.000672698
2.3765	0.000419717
2.3766	0.000504504
2.3767	0.000545141
2.3768	0.000482115
2.3769	0.000573107
2.377	0.000575042
2.3771	0.000609977
2.3772	0.000558044
2.3773	0.000632332
2.3774	0.000569594
2.3775	0.000590254
2.3776	0.000755932
2.3777	0.00074972
2.3778	0.000481647
2.3779	0.000526042
2.378	0.000648857
2.3781	0.000642674
2.3782	0.000791623
2.3783	0.000557296
2.3784	0.00060436
2.3785	0.000524045
2.3786	0.000631763
2.3787	0.000525784
2.3788	0.000611359
2.3789	0.000734881
2.379	0.0006929
2.3791	0.000501966
2.3792	0.000662412
2.3793	0.000630647
2.3794	0.000706077
2.3795	0.000557937
2.3796	0.000496331
2.3797	0.000626488
2.3798	0.000608344
2.3799	0.000650574
2.38	0.00065774
2.3801	0.000556589
2.3802	0.000674045
2.3803	0.000719851
2.3804	0.000730025
2.3805	0.000736439
2.3806	0.000431318
2.3807	0.000576054
2.3808	0.000601486
2.3809	0.000582386
2.381	0.000634526
2.3811	0.00045811
2.3812	0.000618036
2.3813	0.000502842
2.3814	0.000486868
2.3815	0.00052004
2.3816	0.000602626
2.3817	0.000606733
2.3818	0.000485231
2.3819	0.000620457
2.382	0.000526356
2.3821	0.000562439
2.3822	0.000548555
2.3823	0.000659301
2.3824	0.000614021
2.3825	0.000754913
2.3826	0.000615685
2.3827	0.000762661
2.3828	0.000445463
2.3829	0.000502129
2.383	0.000632431
2.3831	0.000536617
2.3832	0.000717361
2.3833	0.000587271
2.3834	0.000513747
2.3835	0.000614907
2.3836	0.000452555
2.3837	0.000834564
2.3838	0.000924839
2.3839	0.000486117
2.384	0.000661167
2.3841	0.000503644
2.3842	0.00038322
2.3843	0.00051866
2.3844	0.000710553
2.3845	0.000801657
2.3846	0.000637548
2.3847	0.000557674
2.3848	0.000745391
2.3849	0.00072544
2.385	0.000520929
2.3851	0.000449603
2.3852	0.000440534
2.3853	0.000430723
2.3854	0.000678193
2.3855	0.000593426
2.3856	0.000584025
2.3857	0.000435339
2.3858	0.000603764
2.3859	0.00061557
2.386	0.000576613
2.3861	0.000513249
2.3862	0.000614076
2.3863	0.00040048
2.3864	0.000524324
2.3865	0.000679797
2.3866	0.000682298
2.3867	0.000828714
2.3868	0.000640543
2.3869	0.000602731
2.387	0.000891888
2.3871	0.00057951
2.3872	0.000562057
2.3873	0.00061456
2.3874	0.000541293
2.3875	0.000620655
2.3876	0.000656377
2.3877	0.00054722
2.3878	0.00048636
2.3879	0.000673681
2.388	0.000676293
2.3881	0.0007236
2.3882	0.000518217
2.3883	0.000485609
2.3884	0.000463272
2.3885	0.000551322
2.3886	0.000496425
2.3887	0.000369451
2.3888	0.000492556
2.3889	0.00060988
2.389	0.000598029
2.3891	0.000516533
2.3892	0.000856169
2.3893	0.000582137
2.3894	0.000597892
2.3895	0.000477304
2.3896	0.000631934
2.3897	0.000647811
2.3898	0.000611483
2.3899	0.000493379
2.39	0.000416649
2.3901	0.000581938
2.3902	0.000513872
2.3903	0.000536579
2.3904	0.000415871
2.3905	0.000520322
2.3906	0.00066152
2.3907	0.000623083
2.3908	0.000585224
2.3909	0.000399842
2.391	0.00049944
2.3911	0.000543889
2.3912	0.000619598
2.3913	0.000715218
2.3914	0.000549
2.3915	0.000510986
2.3916	0.000541407
2.3917	0.000477302
2.3918	0.000468788
2.3919	0.000535835
2.392	0.00049504
2.3921	0.000600848
2.3922	0.00062617
2.3923	0.000471397
2.3924	0.000652427
2.3925	0.000467694
2.3926	0.000368517
2.3927	0.0004372
2.3928	0.000546961
2.3929	0.000406071
2.393	0.000522616
2.3931	0.00033899
2.3932	0.000432531
2.3933	0.000571269
2.3934	0.000550371
2.3935	0.000490348
2.3936	0.000586119
2.3937	0.000726936
2.3938	0.000552053
2.3939	0.00060048
2.394	0.000488229
2.3941	0.000579342
2.3942	0.000521094
2.3943	0.000473598
2.3944	0.000524246
2.3945	0.000574203
2.3946	0.000538811
2.3947	0.000560542
2.3948	0.000537841
2.3949	0.000521941
2.395	0.000725752
2.3951	0.000433112
2.3952	0.000452052
2.3953	0.000526039
2.3954	0.000431825
2.3955	0.000435288
2.3956	0.000617123
2.3957	0.000436609
2.3958	0.000625477
2.3959	0.0007037
2.396	0.00073737
2.3961	0.000639589
2.3962	0.00046667
2.3963	0.000506481
2.3964	0.000582983
2.3965	0.000731347
2.3966	0.000452846
2.3967	0.000418148
2.3968	0.00054689
2.3969	0.000683931
2.397	0.000524583
2.3971	0.000748793
2.3972	0.000643557
2.3973	0.000516673
2.3974	0.00052256
2.3975	0.000736724
2.3976	0.000597487
2.3977	0.0006275
2.3978	0.000654438
2.3979	0.000595999
2.398	0.000386785
2.3981	0.000555887
2.3982	0.000625341
2.3983	0.000787966
2.3984	0.000516749
2.3985	0.000691387
2.3986	0.000573858
2.3987	0.000570227
2.3988	0.000609234
2.3989	0.000634294
2.399	0.000493276
2.3991	0.000478775
2.3992	0.000480167
2.3993	0.000537859
2.3994	0.000569808
2.3995	0.00074398
2.3996	0.000603516
2.3997	0.000707146
2.3998	0.000728938
2.3999	0.000753314
2.4	0.000548554
2.4001	0.000633211
2.4002	0.000694034
2.4003	0.000509659
2.4004	0.000756353
2.4005	0.000584841
2.4006	0.000610423
2.4007	0.000554309
2.4008	0.000560837
2.4009	0.000508655
2.401	0.000512373
2.4011	0.000611102
2.4012	0.000619525
2.4013	0.000588757
2.4014	0.000560712
2.4015	0.000459865
2.4016	0.000400636
2.4017	0.000587737
2.4018	0.000537952
2.4019	0.000616401
2.402	0.000537202
2.4021	0.000676671
2.4022	0.000714152
2.4023	0.000716512
2.4024	0.000737086
2.4025	0.000508241
2.4026	0.000566752
2.4027	0.00076644
2.4028	0.000854412
2.4029	0.000496842
2.403	0.000641238
2.4031	0.000479047
2.4032	0.000449993
2.4033	0.000583173
2.4034	0.00067158
2.4035	0.000548204
2.4036	0.000356308
2.4037	0.00037381
2.4038	0.000559288
2.4039	0.00060608
2.404	0.00070553
2.4041	0.000574241
2.4042	0.000589767
2.4043	0.000597554
2.4044	0.000706389
2.4045	0.000401474
2.4046	0.000764901
2.4047	0.000669842
2.4048	0.000812812
2.4049	0.000626675
2.405	0.000698446
2.4051	0.000682361
2.4052	0.000427111
2.4053	0.000572398
2.4054	0.000582635
2.4055	0.000479462
2.4056	0.000519288
2.4057	0.000500483
2.4058	0.000461705
2.4059	0.000438614
2.406	0.000454446
2.4061	0.000583843
2.4062	0.000448495
2.4063	0.00040893
2.4064	0.000658838
2.4065	0.000850825
2.4066	0.000628318
2.4067	0.000659918
2.4068	0.000751905
2.4069	0.000848284
2.407	0.000787085
2.4071	0.000879167
2.4072	0.000603025
2.4073	0.00067299
2.4074	0.000728031
2.4075	0.000576827
2.4076	0.000539411
2.4077	0.000625861
2.4078	0.000498818
2.4079	0.000496744
2.408	0.000449501
2.4081	0.000478998
2.4082	0.000564453
2.4083	0.00047443
2.4084	0.000348263
2.4085	0.000633108
2.4086	0.000534719
2.4087	0.000539147
2.4088	0.000639005
2.4089	0.000544146
2.409	0.000790654
2.4091	0.000950077
2.4092	0.000817984
2.4093	0.000556633
2.4094	0.000836639
2.4095	0.000497025
2.4096	0.000684975
2.4097	0.000572899
2.4098	0.000620609
2.4099	0.000565837
2.41	0.000425396
2.4101	0.000511255
2.4102	0.000615382
2.4103	0.000572604
2.4104	0.000402487
2.4105	0.000547692
2.4106	0.000650136
2.4107	0.000497518
2.4108	0.000368669
2.4109	0.000600661
2.411	0.00046545
2.4111	0.000769228
2.4112	0.000487921
2.4113	0.000785702
2.4114	0.000660264
2.4115	0.000727253
2.4116	0.00063419
2.4117	0.000436082
2.4118	0.000646193
2.4119	0.000710037
2.412	0.000709289
2.4121	0.000688464
2.4122	0.000458598
2.4123	0.000628163
2.4124	0.000629026
2.4125	0.00051159
2.4126	0.000634314
2.4127	0.000609184
2.4128	0.000706176
2.4129	0.000582817
2.413	0.000650104
2.4131	0.000732585
2.4132	0.000590236
2.4133	0.000622675
2.4134	0.000745987
2.4135	0.00060915
2.4136	0.000684863
2.4137	0.000482339
2.4138	0.000656949
2.4139	0.000818422
2.414	0.000618327
2.4141	0.000523145
2.4142	0.000447002
2.4143	0.00063653
2.4144	0.000606846
2.4145	0.000629796
2.4146	0.000713153
2.4147	0.00056248
2.4148	0.000560026
2.4149	0.000613393
2.415	0.000620612
2.4151	0.000866989
2.4152	0.00063592
2.4153	0.00043339
2.4154	0.000639769
2.4155	0.000839383
2.4156	0.000648022
2.4157	0.000772817
2.4158	0.000552471
2.4159	0.000609488
2.416	0.00066104
2.4161	0.000700039
2.4162	0.000604105
2.4163	0.000450699
2.4164	0.000529732
2.4165	0.00067164
2.4166	0.000500102
2.4167	0.000601058
2.4168	0.000644622
2.4169	0.000544309
2.417	0.000624086
2.4171	0.000542687
2.4172	0.00048274
2.4173	0.000588497
2.4174	0.000500743
2.4175	0.00056382
2.4176	0.000565004
2.4177	0.000644926
2.4178	0.000696577
2.4179	0.00048481
2.418	0.000688536
2.4181	0.000593532
2.4182	0.000734011
2.4183	0.000472072
2.4184	0.000779766
2.4185	0.000406962
2.4186	0.000470216
2.4187	0.000540322
2.4188	0.000540081
2.4189	0.0006177
2.419	0.000536636
2.4191	0.000631508
2.4192	0.000581421
2.4193	0.0007122
2.4194	0.000893926
2.4195	0.000799798
2.4196	0.000490673
2.4197	0.00053062
2.4198	0.000447687
2.4199	0.000502423
2.42	0.00063288
2.4201	0.000600216
2.4202	0.000688417
2.4203	0.000709608
2.4204	0.000557294
2.4205	0.000636832
2.4206	0.000681315
2.4207	0.000729284
2.4208	0.000466483
2.4209	0.000583657
2.421	0.000611409
2.4211	0.00062511
2.4212	0.000689025
2.4213	0.000759984
2.4214	0.000413469
2.4215	0.000674955
2.4216	0.00076425
2.4217	0.00052499
2.4218	0.000531709
2.4219	0.000628539
2.422	0.000485254
2.4221	0.000435226
2.4222	0.000743274
2.4223	0.000611905
2.4224	0.00071679
2.4225	0.000668929
2.4226	0.000601345
2.4227	0.000779084
2.4228	0.000636846
2.4229	0.000572829
2.423	0.000645705
2.4231	0.000539783
2.4232	0.000673457
2.4233	0.00057612
2.4234	0.000537069
2.4235	0.00053705
2.4236	0.000618749
2.4237	0.000614022
2.4238	0.000621352
2.4239	0.000510465
2.424	0.000507779
2.4241	0.000654266
2.4242	0.000515442
2.4243	0.000440386
2.4244	0.000393674
2.4245	0.00060314
2.4246	0.000554372
2.4247	0.000721335
2.4248	0.000573287
2.4249	0.000691455
2.425	0.000507458
2.4251	0.00054937
2.4252	0.000532951
2.4253	0.000589842
2.4254	0.000643694
2.4255	0.000544162
2.4256	0.000449158
2.4257	0.000421135
2.4258	0.0005798
2.4259	0.000646298
2.426	0.000517882
2.4261	0.000613688
2.4262	0.000470147
2.4263	0.000568423
2.4264	0.000600445
2.4265	0.000448616
2.4266	0.000443356
2.4267	0.000562004
2.4268	0.000462542
2.4269	0.000560628
2.427	0.000625184
2.4271	0.000531732
2.4272	0.000641055
2.4273	0.00061029
2.4274	0.00044895
2.4275	0.00052149
2.4276	0.000528129
2.4277	0.000510892
2.4278	0.000560813
2.4279	0.000648765
2.428	0.000624129
2.4281	0.000607826
2.4282	0.000474115
2.4283	0.000413485
2.4284	0.00038884
2.4285	0.000536988
2.4286	0.000428755
2.4287	0.000457507
2.4288	0.00034367
2.4289	0.000577477
2.429	0.000514302
2.4291	0.000477985
2.4292	0.000509592
2.4293	0.000603891
2.4294	0.000677854
2.4295	0.000887594
2.4296	0.000374214
2.4297	0.000462787
2.4298	0.000586433
2.4299	0.000456143
2.43	0.000556124
2.4301	0.000723185
2.4302	0.00050116
2.4303	0.000575006
2.4304	0.000547378
2.4305	0.000510684
2.4306	0.000392454
2.4307	0.000712027
2.4308	0.000398478
2.4309	0.000476829
2.431	0.00039905
2.4311	0.000610245
2.4312	0.000462897
2.4313	0.000551763
2.4314	0.000623331
2.4315	0.000542336
2.4316	0.000614269
2.4317	0.000576958
2.4318	0.000476552
2.4319	0.000520674
2.432	0.000514547
2.4321	0.000539954
2.4322	0.000488891
2.4323	0.000477126
2.4324	0.000571477
2.4325	0.000598213
2.4326	0.000745325
2.4327	0.000652307
2.4328	0.000666689
2.4329	0.000476869
2.433	0.000613301
2.4331	0.00039526
2.4332	0.000731827
2.4333	0.000540526
2.4334	0.00058913
2.4335	0.000451641
2.4336	0.000533879
2.4337	0.000405317
2.4338	0.000583108
2.4339	0.000673932
2.434	0.000757895
2.4341	0.000532695
2.4342	0.00053846
2.4343	0.00055504
2.4344	0.000487498
2.4345	0.000761072
2.4346	0.000421046
2.4347	0.000454742
2.4348	0.000480414
2.4349	0.000477685
2.435	0.000490492
2.4351	0.00065585
2.4352	0.000683308
2.4353	0.000681944
2.4354	0.00069951
2.4355	0.000856256
2.4356	0.000649057
2.4357	0.000533592
2.4358	0.000492728
2.4359	0.000693165
2.436	0.000485978
2.4361	0.000626965
2.4362	0.000612806
2.4363	0.000543514
2.4364	0.000532629
2.4365	0.000521566
2.4366	0.000439697
2.4367	0.000502637
2.4368	0.00064625
2.4369	0.000605726
2.437	0.000663354
2.4371	0.000477709
2.4372	0.000413781
2.4373	0.000453494
2.4374	0.000559826
2.4375	0.000616229
2.4376	0.000758079
2.4377	0.000526214
2.4378	0.000827266
2.4379	0.000771705
2.438	0.000765561
2.4381	0.000581498
2.4382	0.000695262
2.4383	0.00081205
2.4384	0.000572606
2.4385	0.000512541
2.4386	0.000518703
2.4387	0.000602754
2.4388	0.000527833
2.4389	0.000494638
2.439	0.000614027
2.4391	0.00071012
2.4392	0.000494082
2.4393	0.000391066
2.4394	0.000385241
2.4395	0.000474771
2.4396	0.000672757
2.4397	0.000684338
2.4398	0.00074802
2.4399	0.00057433
2.44	0.000650852
2.4401	0.000754882
2.4402	0.000757416
2.4403	0.000554406
2.4404	0.000776715
2.4405	0.000830601
2.4406	0.00066805
2.4407	0.00069489
2.4408	0.000571095
2.4409	0.000508932
2.441	0.000834399
2.4411	0.000636233
2.4412	0.000553645
2.4413	0.000489553
2.4414	0.00036932
2.4415	0.000503526
2.4416	0.000565908
2.4417	0.000523593
2.4418	0.000521999
2.4419	0.000448731
2.442	0.000529927
2.4421	0.000786294
2.4422	0.000768467
2.4423	0.000593287
2.4424	0.00076239
2.4425	0.00086087
2.4426	0.000515137
2.4427	0.000787859
2.4428	0.000576611
2.4429	0.000601383
2.443	0.000595713
2.4431	0.000736232
2.4432	0.000558037
2.4433	0.000633414
2.4434	0.000558225
2.4435	0.000456246
2.4436	0.000507305
2.4437	0.000469002
2.4438	0.000527022
2.4439	0.000527316
2.444	0.00035515
2.4441	0.000585326
2.4442	0.000453277
2.4443	0.000526821
2.4444	0.000708627
2.4445	0.000540443
2.4446	0.000606878
2.4447	0.000780703
2.4448	0.000936254
2.4449	0.000792606
2.445	0.000496302
2.4451	0.000866103
2.4452	0.000768348
2.4453	0.000555798
2.4454	0.000479423
2.4455	0.000550524
2.4456	0.000464518
2.4457	0.000506705
2.4458	0.000435078
2.4459	0.000685099
2.446	0.000625303
2.4461	0.000509916
2.4462	0.000572388
2.4463	0.000494294
2.4464	0.000509132
2.4465	0.000535595
2.4466	0.000609055
2.4467	0.000543006
2.4468	0.000690135
2.4469	0.000808032
2.447	0.000709506
2.4471	0.000504158
2.4472	0.000675773
2.4473	0.000634747
2.4474	0.000772977
2.4475	0.000607195
2.4476	0.000563347
2.4477	0.000675417
2.4478	0.000623345
2.4479	0.000498395
2.448	0.000628107
2.4481	0.000564202
2.4482	0.000626443
2.4483	0.000440748
2.4484	0.000690368
2.4485	0.000683487
2.4486	0.000752277
2.4487	0.000703648
2.4488	0.000589968
2.4489	0.000618593
2.449	0.000619661
2.4491	0.000661199
2.4492	0.000665368
2.4493	0.000645787
2.4494	0.000602648
2.4495	0.000500347
2.4496	0.000762385
2.4497	0.000659662
2.4498	0.000519342
2.4499	0.000554932
2.45	0.000482296
2.4501	0.000592401
2.4502	0.000688158
2.4503	0.000765474
2.4504	0.000684769
2.4505	0.000650464
2.4506	0.000671612
2.4507	0.000528039
2.4508	0.000619902
2.4509	0.000644705
2.451	0.000431204
2.4511	0.000715584
2.4512	0.000909168
2.4513	0.00066341
2.4514	0.000602139
2.4515	0.000564258
2.4516	0.000559032
2.4517	0.000668403
2.4518	0.000763444
2.4519	0.000661916
2.452	0.000461527
2.4521	0.000545224
2.4522	0.000719568
2.4523	0.000466842
2.4524	0.000679722
2.4525	0.000724417
2.4526	0.00055557
2.4527	0.000530194
2.4528	0.000697002
2.4529	0.00060733
2.453	0.000652437
2.4531	0.000517964
2.4532	0.00065396
2.4533	0.000653484
2.4534	0.000613228
2.4535	0.000632012
2.4536	0.000511786
2.4537	0.000518781
2.4538	0.000668705
2.4539	0.000547203
2.454	0.000497983
2.4541	0.000752354
2.4542	0.000454391
2.4543	0.00053647
2.4544	0.000447525
2.4545	0.000824301
2.4546	0.000687229
2.4547	0.000529233
2.4548	0.000664362
2.4549	0.000478856
2.455	0.000594148
2.4551	0.000718131
2.4552	0.000601336
2.4553	0.000503375
2.4554	0.000508213
2.4555	0.000463096
2.4556	0.000657715
2.4557	0.000712056
2.4558	0.000806847
2.4559	0.000542682
2.456	0.000720318
2.4561	0.000598155
2.4562	0.000794877
2.4563	0.000960679
2.4564	0.000679957
2.4565	0.000478594
2.4566	0.000549059
2.4567	0.000606148
2.4568	0.000609792
2.4569	0.00068633
2.457	0.000753166
2.4571	0.000503709
2.4572	0.000696479
2.4573	0.000812851
2.4574	0.000505167
2.4575	0.000528684
2.4576	0.00054415
2.4577	0.000583352
2.4578	0.000582818
2.4579	0.00076922
2.458	0.000847934
2.4581	0.000731009
2.4582	0.000724579
2.4583	0.000659588
2.4584	0.000751529
2.4585	0.000690185
2.4586	0.00038128
2.4587	0.000596835
2.4588	0.000618723
2.4589	0.000606603
2.459	0.000708383
2.4591	0.000477269
2.4592	0.000525557
2.4593	0.000651762
2.4594	0.000566334
2.4595	0.000608415
2.4596	0.000479657
2.4597	0.000495809
2.4598	0.000489001
2.4599	0.000438262
2.46	0.000450848
2.4601	0.0004917
2.4602	0.000438697
2.4603	0.000521224
2.4604	0.00074623
2.4605	0.000674325
2.4606	0.000758995
2.4607	0.000648128
2.4608	0.00054458
2.4609	0.000514737
2.461	0.000635908
2.4611	0.000629331
2.4612	0.000562739
2.4613	0.000696385
2.4614	0.000436445
2.4615	0.000639387
2.4616	0.000692974
2.4617	0.000410232
2.4618	0.000557831
2.4619	0.000524501
2.462	0.000506043
2.4621	0.000416286
2.4622	0.000434064
2.4623	0.000471577
2.4624	0.000579715
2.4625	0.000640646
2.4626	0.00052583
2.4627	0.000420871
2.4628	0.000564773
2.4629	0.00062939
2.463	0.000572691
2.4631	0.000384285
2.4632	0.000504351
2.4633	0.000493418
2.4634	0.000610436
2.4635	0.00045846
2.4636	0.000708538
2.4637	0.000752292
2.4638	0.000473409
2.4639	0.000388622
2.464	0.000408664
2.4641	0.000383308
2.4642	0.000576174
2.4643	0.000382752
2.4644	0.000419644
2.4645	0.000457907
2.4646	0.000528776
2.4647	0.000660302
2.4648	0.000429811
2.4649	0.000571665
2.465	0.000600274
2.4651	0.000819197
2.4652	0.000595551
2.4653	0.000478322
2.4654	0.00040327
2.4655	0.000550693
2.4656	0.000506468
2.4657	0.000500037
2.4658	0.000822508
2.4659	0.000466901
2.466	0.000649129
2.4661	0.00061407
2.4662	0.000571807
2.4663	0.000634977
2.4664	0.000633872
2.4665	0.00053652
2.4666	0.000448586
2.4667	0.000483726
2.4668	0.000540154
2.4669	0.000573289
2.467	0.000401755
2.4671	0.000494797
2.4672	0.000593475
2.4673	0.00061873
2.4674	0.000602066
2.4675	0.000561168
2.4676	0.000535267
2.4677	0.000446436
2.4678	0.000477406
2.4679	0.000612151
2.468	0.000400326
2.4681	0.000538166
2.4682	0.000515262
2.4683	0.000698403
2.4684	0.000764041
2.4685	0.000587368
2.4686	0.000500027
2.4687	0.000525998
2.4688	0.000706359
2.4689	0.000593962
2.469	0.000630045
2.4691	0.000454103
2.4692	0.000492303
2.4693	0.000487264
2.4694	0.000561322
2.4695	0.000714633
2.4696	0.000573035
2.4697	0.00063045
2.4698	0.000521313
2.4699	0.00054127
2.47	0.000711598
2.4701	0.000563486
2.4702	0.000569213
2.4703	0.000560186
2.4704	0.000552407
2.4705	0.000431655
2.4706	0.000532947
2.4707	0.000614099
2.4708	0.000632288
2.4709	0.000526705
2.471	0.000677885
2.4711	0.000780691
2.4712	0.000661766
2.4713	0.000572306
2.4714	0.000604586
2.4715	0.000546973
2.4716	0.000642696
2.4717	0.000530135
2.4718	0.000567647
2.4719	0.000777625
2.472	0.000525298
2.4721	0.00056436
2.4722	0.000432851
2.4723	0.000489821
2.4724	0.000493588
2.4725	0.000743172
2.4726	0.000620895
2.4727	0.000549828
2.4728	0.000484403
2.4729	0.000451894
2.473	0.00044431
2.4731	0.000537877
2.4732	0.000586811
2.4733	0.000715491
2.4734	0.000555679
2.4735	0.000676322
2.4736	0.000689546
2.4737	0.000729975
2.4738	0.000427606
2.4739	0.000783235
2.474	0.000710564
2.4741	0.000787335
2.4742	0.000543558
2.4743	0.000570648
2.4744	0.000512322
2.4745	0.000494274
2.4746	0.000702259
2.4747	0.000659868
2.4748	0.000665615
2.4749	0.000414265
2.475	0.000524967
2.4751	0.000404812
2.4752	0.000464381
2.4753	0.00079389
2.4754	0.000544298
2.4755	0.000551841
2.4756	0.000510113
2.4757	0.000721671
2.4758	0.000580702
2.4759	0.000741194
2.476	0.000505039
2.4761	0.000746718
2.4762	0.000670265
2.4763	0.000695959
2.4764	0.000840941
2.4765	0.000465244
2.4766	0.000484575
2.4767	0.000782392
2.4768	0.000500293
2.4769	0.000511208
2.477	0.000399874
2.4771	0.000394416
2.4772	0.000456049
2.4773	0.000546851
2.4774	0.000610447
2.4775	0.000412832
2.4776	0.000417964
2.4777	0.000645338
2.4778	0.00100673
2.4779	0.000744089
2.478	0.000583479
2.4781	0.000792156
2.4782	0.000720795
2.4783	0.000726191
2.4784	0.00079399
2.4785	0.000641234
2.4786	0.000560997
2.4787	0.00055113
2.4788	0.000674181
2.4789	0.000608911
2.479	0.000628759
2.4791	0.000477814
2.4792	0.000487861
2.4793	0.000452513
2.4794	0.000541139
2.4795	0.000629954
2.4796	0.00048265
2.4797	0.000459083
2.4798	0.000439284
2.4799	0.000474249
2.48	0.000653994
2.4801	0.000615739
2.4802	0.000507287
2.4803	0.000675307
2.4804	0.000765131
2.4805	0.000833567
2.4806	0.000768156
2.4807	0.000629893
2.4808	0.000621233
2.4809	0.000657585
2.481	0.00072958
2.4811	0.000544572
2.4812	0.000450587
2.4813	0.000426615
2.4814	0.000586
2.4815	0.000540276
2.4816	0.000724163
2.4817	0.000421082
2.4818	0.000540907
2.4819	0.00064558
2.482	0.000425395
2.4821	0.000561665
2.4822	0.000613915
2.4823	0.000558553
2.4824	0.000696451
2.4825	0.000429335
2.4826	0.000724312
2.4827	0.000579617
2.4828	0.000662726
2.4829	0.000585952
2.483	0.000808053
2.4831	0.000742381
2.4832	0.000781012
2.4833	0.00069916
2.4834	0.000590828
2.4835	0.000464303
2.4836	0.00045254
2.4837	0.0005568
2.4838	0.000657114
2.4839	0.00055941
2.484	0.00049689
2.4841	0.00055082
2.4842	0.000754436
2.4843	0.00076795
2.4844	0.000629171
2.4845	0.000582071
2.4846	0.000791733
2.4847	0.000648403
2.4848	0.000576217
2.4849	0.000590511
2.485	0.000700967
2.4851	0.000762314
2.4852	0.000593419
2.4853	0.000804768
2.4854	0.000592878
2.4855	0.000533226
2.4856	0.000738905
2.4857	0.000526327
2.4858	0.000567888
2.4859	0.000815373
2.486	0.000758092
2.4861	0.000464998
2.4862	0.00065088
2.4863	0.000635577
2.4864	0.000666255
2.4865	0.000586934
2.4866	0.000531797
2.4867	0.000560339
2.4868	0.000505965
2.4869	0.000652645
2.487	0.000680782
2.4871	0.000667973
2.4872	0.00069751
2.4873	0.000678462
2.4874	0.000808592
2.4875	0.000764335
2.4876	0.000587667
2.4877	0.000630601
2.4878	0.00058188
2.4879	0.000639431
2.488	0.000595745
2.4881	0.000604058
2.4882	0.000603494
2.4883	0.000473717
2.4884	0.000588735
2.4885	0.00066492
2.4886	0.00074952
2.4887	0.000605726
2.4888	0.000495191
2.4889	0.000716067
2.489	0.000508814
2.4891	0.000574706
2.4892	0.000580344
2.4893	0.000645237
2.4894	0.000616397
2.4895	0.000677595
2.4896	0.000609161
2.4897	0.000756134
2.4898	0.000593187
2.4899	0.000613708
2.49	0.000629452
2.4901	0.0006868
2.4902	0.000699309
2.4903	0.000580678
2.4904	0.000655724
2.4905	0.000745981
2.4906	0.000488871
2.4907	0.000717827
2.4908	0.000677764
2.4909	0.000498885
2.491	0.000586571
2.4911	0.000518862
2.4912	0.000396298
2.4913	0.000486862
2.4914	0.000565628
2.4915	0.000768814
2.4916	0.000701217
2.4917	0.000683686
2.4918	0.000730656
2.4919	0.000722265
2.492	0.000543567
2.4921	0.000523638
2.4922	0.000497935
2.4923	0.000510625
2.4924	0.00069768
2.4925	0.000524256
2.4926	0.000638047
2.4927	0.000594486
2.4928	0.000660776
2.4929	0.000500713
2.493	0.00072744
2.4931	0.000532527
2.4932	0.000683718
2.4933	0.000446619
2.4934	0.000475155
2.4935	0.000620616
2.4936	0.000744319
2.4937	0.000725281
2.4938	0.00073759
2.4939	0.000621816
2.494	0.000714554
2.4941	0.000673611
2.4942	0.000606265
2.4943	0.000513771
2.4944	0.0005498
2.4945	0.000634048
2.4946	0.000513058
2.4947	0.000585106
2.4948	0.000596417
2.4949	0.000635837
2.495	0.000729239
2.4951	0.000795522
2.4952	0.000564897
2.4953	0.000504042
2.4954	0.000502127
2.4955	0.000539609
2.4956	0.00040963
2.4957	0.000453639
2.4958	0.00050169
2.4959	0.000515992
2.496	0.000476203
2.4961	0.000643311
2.4962	0.000754103
2.4963	0.000565715
2.4964	0.000748184
2.4965	0.00052446
2.4966	0.000533198
2.4967	0.000599476
2.4968	0.000618801
2.4969	0.000577136
2.497	0.000490549
2.4971	0.000553902
2.4972	0.000498513
2.4973	0.000584254
2.4974	0.000434866
2.4975	0.000550829
2.4976	0.000549852
2.4977	0.000596089
2.4978	0.000483556
2.4979	0.000490462
2.498	0.000391498
2.4981	0.000576967
2.4982	0.0006425
2.4983	0.000528715
2.4984	0.00051384
2.4985	0.000657342
2.4986	0.000566898
2.4987	0.00060556
2.4988	0.00041572
2.4989	0.000524659
2.499	0.000467488
2.4991	0.000679712
2.4992	0.00054032
2.4993	0.000442119
2.4994	0.000658132
2.4995	0.000443896
2.4996	0.000408858
2.4997	0.000412383
2.4998	0.000504248
2.4999	0.000530311
2.5	0.000518034
2.5001	0.000342138
2.5002	0.000415993
2.5003	0.000595313
2.5004	0.000606318
2.5005	0.000438964
2.5006	0.000562181
2.5007	0.000677695
2.5008	0.000560368
2.5009	0.00065825
2.501	0.000501274
2.5011	0.000517474
2.5012	0.000723958
2.5013	0.000534833
2.5014	0.000508825
2.5015	0.000578656
2.5016	0.000472111
2.5017	0.000592008
2.5018	0.000546534
2.5019	0.000426798
2.502	0.000737753
2.5021	0.000402025
2.5022	0.000464572
2.5023	0.000517859
2.5024	0.000407683
2.5025	0.000514777
2.5026	0.000579845
2.5027	0.000463385
2.5028	0.000543667
2.5029	0.000523819
2.503	0.000680899
2.5031	0.000565368
2.5032	0.000445453
2.5033	0.000519165
2.5034	0.00059212
2.5035	0.000551727
2.5036	0.000462073
2.5037	0.000453585
2.5038	0.000597654
2.5039	0.000609029
2.504	0.000585448
2.5041	0.000670842
2.5042	0.00064416
2.5043	0.000503753
2.5044	0.000494907
2.5045	0.000805249
2.5046	0.00064699
2.5047	0.000669138
2.5048	0.000622886
2.5049	0.000524045
2.505	0.000410251
2.5051	0.000572942
2.5052	0.000724678
2.5053	0.000731071
2.5054	0.000506771
2.5055	0.000628549
2.5056	0.000668686
2.5057	0.000596799
2.5058	0.00060517
2.5059	0.00053259
2.506	0.000546412
2.5061	0.000529194
2.5062	0.000489546
2.5063	0.000463178
2.5064	0.000641666
2.5065	0.000664886
2.5066	0.000722611
2.5067	0.000794097
2.5068	0.000560955
2.5069	0.000682367
2.507	0.000531637
2.5071	0.00063475
2.5072	0.000701189
2.5073	0.000447558
2.5074	0.000595804
2.5075	0.000538489
2.5076	0.000478441
2.5077	0.00053769
2.5078	0.000545091
2.5079	0.000538999
2.508	0.00046588
2.5081	0.000627843
2.5082	0.000545574
2.5083	0.000677362
2.5084	0.000505331
2.5085	0.000526824
2.5086	0.000397182
2.5087	0.000527369
2.5088	0.000525975
2.5089	0.000577445
2.509	0.000439784
2.5091	0.000730606
2.5092	0.000840193
2.5093	0.00075325
2.5094	0.000562969
2.5095	0.000455699
2.5096	0.000630951
2.5097	0.000853824
2.5098	0.000628724
2.5099	0.000412646
2.51	0.000599395
2.5101	0.000528927
2.5102	0.000478537
2.5103	0.000593552
2.5104	0.000768814
2.5105	0.000468339
2.5106	0.000453674
2.5107	0.000405267
2.5108	0.000392513
2.5109	0.000624722
2.511	0.000822989
2.5111	0.000608981
2.5112	0.000556597
2.5113	0.000533583
2.5114	0.00073145
2.5115	0.000474269
2.5116	0.000681395
2.5117	0.000560626
2.5118	0.000759175
2.5119	0.000655944
2.512	0.000756038
2.5121	0.00076118
2.5122	0.000415698
2.5123	0.000516011
2.5124	0.000754792
2.5125	0.000525591
2.5126	0.000555418
2.5127	0.000429876
2.5128	0.000427037
2.5129	0.000426425
2.513	0.000476033
2.5131	0.000569719
2.5132	0.000419304
2.5133	0.00039844
2.5134	0.000570872
2.5135	0.000870951
2.5136	0.000556312
2.5137	0.000659439
2.5138	0.000609907
2.5139	0.000724113
2.514	0.000636793
2.5141	0.000633108
2.5142	0.000592894
2.5143	0.000598391
2.5144	0.000740557
2.5145	0.00062365
2.5146	0.000589106
2.5147	0.000642071
2.5148	0.000533758
2.5149	0.00040841
2.515	0.000538594
2.5151	0.000533385
2.5152	0.000575516
2.5153	0.00049872
2.5154	0.000487489
2.5155	0.000463295
2.5156	0.000600333
2.5157	0.000770971
2.5158	0.000676473
2.5159	0.000495447
2.516	0.000769903
2.5161	0.000875531
2.5162	0.000656539
2.5163	0.000564004
2.5164	0.000676662
2.5165	0.000804999
2.5166	0.000672476
2.5167	0.000548322
2.5168	0.000577974
2.5169	0.000534672
2.517	0.000418347
2.5171	0.000553923
2.5172	0.00070748
2.5173	0.000857677
2.5174	0.000388469
2.5175	0.000483433
2.5176	0.000758449
2.5177	0.000513785
2.5178	0.000405957
2.5179	0.000692033
2.518	0.000475366
2.5181	0.0007259
2.5182	0.000490601
2.5183	0.000717643
2.5184	0.000692787
2.5185	0.000763942
2.5186	0.000547671
2.5187	0.000661195
2.5188	0.000728564
2.5189	0.00071227
2.519	0.000766815
2.5191	0.000667338
2.5192	0.000452483
2.5193	0.000493208
2.5194	0.000727159
2.5195	0.000481387
2.5196	0.000565574
2.5197	0.000637289
2.5198	0.000657695
2.5199	0.000523877
2.52	0.000626819
2.5201	0.000654236
2.5202	0.000613167
2.5203	0.000628967
2.5204	0.000640708
2.5205	0.000540885
2.5206	0.000701775
2.5207	0.000557127
2.5208	0.000648556
2.5209	0.000786135
2.521	0.000674815
2.5211	0.000519901
2.5212	0.000522995
2.5213	0.000676211
2.5214	0.000635475
2.5215	0.000492288
2.5216	0.000727697
2.5217	0.00059134
2.5218	0.000574155
2.5219	0.000618205
2.522	0.000544242
2.5221	0.000692245
2.5222	0.00066748
2.5223	0.000446374
2.5224	0.000637574
2.5225	0.000758548
2.5226	0.000836811
2.5227	0.000722379
2.5228	0.000611333
2.5229	0.000651686
2.523	0.000733189
2.5231	0.00092481
2.5232	0.000692403
2.5233	0.000430664
2.5234	0.000524635
2.5235	0.000670147
2.5236	0.000514649
2.5237	0.00047911
2.5238	0.000641579
2.5239	0.000576338
2.524	0.000579145
2.5241	0.000502282
2.5242	0.000632559
2.5243	0.000611462
2.5244	0.000519973
2.5245	0.000529846
2.5246	0.000640258
2.5247	0.000481027
2.5248	0.000482063
2.5249	0.000594228
2.525	0.000680668
2.5251	0.000546135
2.5252	0.000784531
2.5253	0.000452307
2.5254	0.000813142
2.5255	0.000417657
2.5256	0.000461708
2.5257	0.000604334
2.5258	0.000579434
2.5259	0.000611055
2.526	0.000592176
2.5261	0.000493752
2.5262	0.000578381
2.5263	0.000545456
2.5264	0.000858726
2.5265	0.000896263
2.5266	0.000483906
2.5267	0.000576947
2.5268	0.000485892
2.5269	0.000408651
2.527	0.000521968
2.5271	0.000653434
2.5272	0.000765964
2.5273	0.000788985
2.5274	0.000592985
2.5275	0.000781537
2.5276	0.000873395
2.5277	0.000541879
2.5278	0.000452073
2.5279	0.000493243
2.528	0.000485152
2.5281	0.000564742
2.5282	0.000673043
2.5283	0.000665394
2.5284	0.000460966
2.5285	0.000647158
2.5286	0.000651931
2.5287	0.000493328
2.5288	0.000537806
2.5289	0.000643816
2.529	0.000442684
2.5291	0.000561727
2.5292	0.000663299
2.5293	0.000662384
2.5294	0.00073926
2.5295	0.00056138
2.5296	0.000743149
2.5297	0.000628778
2.5298	0.000597858
2.5299	0.000568989
2.53	0.000644631
2.5301	0.000583135
2.5302	0.000576883
2.5303	0.000584219
2.5304	0.000537134
2.5305	0.000490025
2.5306	0.000643096
2.5307	0.000633932
2.5308	0.000609819
2.5309	0.000435678
2.531	0.000499992
2.5311	0.000475625
2.5312	0.00068559
2.5313	0.000455767
2.5314	0.000372208
2.5315	0.000532224
2.5316	0.000568187
2.5317	0.000597291
2.5318	0.000572652
2.5319	0.000651384
2.532	0.000683443
2.5321	0.000645302
2.5322	0.000440381
2.5323	0.000592639
2.5324	0.000671597
2.5325	0.000539964
2.5326	0.000663967
2.5327	0.000454766
2.5328	0.000562207
2.5329	0.000602722
2.533	0.000546702
2.5331	0.000561654
2.5332	0.000510427
2.5333	0.00060085
2.5334	0.000596088
2.5335	0.000494354
2.5336	0.000454175
2.5337	0.000526388
2.5338	0.000483008
2.5339	0.000580526
2.534	0.000697684
2.5341	0.000635354
2.5342	0.000643037
2.5343	0.000613968
2.5344	0.000479655
2.5345	0.000513786
2.5346	0.000579321
2.5347	0.000544052
2.5348	0.000547284
2.5349	0.00069642
2.535	0.000669336
2.5351	0.00070452
2.5352	0.000408749
2.5353	0.000379461
2.5354	0.000434136
2.5355	0.000552811
2.5356	0.000377695
2.5357	0.000593476
2.5358	0.000333284
2.5359	0.000448934
2.536	0.000504333
2.5361	0.000543639
2.5362	0.000479895
2.5363	0.00069101
2.5364	0.000609043
2.5365	0.000897859
2.5366	0.00042314
2.5367	0.000452716
2.5368	0.000549869
2.5369	0.000532749
2.537	0.000553553
2.5371	0.000673699
2.5372	0.00056471
2.5373	0.000587627
2.5374	0.000570302
2.5375	0.000500923
2.5376	0.000466701
2.5377	0.000758133
2.5378	0.000379771
2.5379	0.000492331
2.538	0.000402639
2.5381	0.000460483
2.5382	0.00040969
2.5383	0.000589567
2.5384	0.000582977
2.5385	0.000609243
2.5386	0.000773695
2.5387	0.000637156
2.5388	0.000473167
2.5389	0.000534422
2.539	0.000444685
2.5391	0.000552475
2.5392	0.000556264
2.5393	0.000454559
2.5394	0.000475624
2.5395	0.000489199
2.5396	0.00068798
2.5397	0.000478993
2.5398	0.000841881
2.5399	0.000567336
2.54	0.000551522
2.5401	0.000630424
2.5402	0.000602015
2.5403	0.000600881
2.5404	0.000607793
2.5405	0.000453
2.5406	0.000525477
2.5407	0.000329441
2.5408	0.000644733
2.5409	0.000671898
2.541	0.000849409
2.5411	0.000639098
2.5412	0.000578267
2.5413	0.000575726
2.5414	0.000513668
2.5415	0.000642878
2.5416	0.000546183
2.5417	0.000504474
2.5418	0.000492847
2.5419	0.000492572
2.542	0.00058448
2.5421	0.000593215
2.5422	0.000640243
2.5423	0.000593857
2.5424	0.000771967
2.5425	0.000702896
2.5426	0.000698052
2.5427	0.000584512
2.5428	0.000626207
2.5429	0.000696435
2.543	0.000538515
2.5431	0.000799123
2.5432	0.000669153
2.5433	0.000547759
2.5434	0.000541327
2.5435	0.000453072
2.5436	0.000486078
2.5437	0.00054986
2.5438	0.00069673
2.5439	0.000633409
2.544	0.000600102
2.5441	0.000446222
2.5442	0.000527009
2.5443	0.000450101
2.5444	0.00056043
2.5445	0.000549812
2.5446	0.000671152
2.5447	0.000587561
2.5448	0.00077101
2.5449	0.000706982
2.545	0.000801735
2.5451	0.000599642
2.5452	0.000650751
2.5453	0.00085186
2.5454	0.000571061
2.5455	0.000752673
2.5456	0.000447426
2.5457	0.000620605
2.5458	0.000466008
2.5459	0.000521445
2.546	0.00051338
2.5461	0.000778511
2.5462	0.000468841
2.5463	0.000383819
2.5464	0.000522121
2.5465	0.000436779
2.5466	0.000597044
2.5467	0.000636623
2.5468	0.000542185
2.5469	0.00064398
2.547	0.00065233
2.5471	0.000646463
2.5472	0.000406477
2.5473	0.000700203
2.5474	0.000671733
2.5475	0.000810669
2.5476	0.000627443
2.5477	0.000742101
2.5478	0.000561157
2.5479	0.00048527
2.548	0.000705982
2.5481	0.000637117
2.5482	0.000556522
2.5483	0.00057237
2.5484	0.00046778
2.5485	0.000472585
2.5486	0.000444252
2.5487	0.00044152
2.5488	0.000552085
2.5489	0.000437337
2.549	0.000559957
2.5491	0.000634231
2.5492	0.000737039
2.5493	0.000606524
2.5494	0.000747736
2.5495	0.000792354
2.5496	0.000619674
2.5497	0.000908412
2.5498	0.000616287
2.5499	0.000622807
2.55	0.000513678
2.5501	0.000762451
2.5502	0.000578345
2.5503	0.000715397
2.5504	0.000672814
2.5505	0.000489065
2.5506	0.000510555
2.5507	0.000440314
2.5508	0.000478255
2.5509	0.000592136
2.551	0.000484647
2.5511	0.000388514
2.5512	0.0006039
2.5513	0.000521258
2.5514	0.000703071
2.5515	0.000551003
2.5516	0.000496174
2.5517	0.00070299
2.5518	0.00090341
2.5519	0.00078918
2.552	0.00062044
2.5521	0.000764002
2.5522	0.000700605
2.5523	0.000621839
2.5524	0.000482563
2.5525	0.000554486
2.5526	0.000563917
2.5527	0.000445401
2.5528	0.000554552
2.5529	0.000656434
2.553	0.000753435
2.5531	0.00040754
2.5532	0.000595274
2.5533	0.000629751
2.5534	0.000506176
2.5535	0.000487966
2.5536	0.0005579
2.5537	0.000436859
2.5538	0.000782157
2.5539	0.000531073
2.554	0.000568748
2.5541	0.000682593
2.5542	0.00065542
2.5543	0.000745176
2.5544	0.000687555
2.5545	0.000589383
2.5546	0.000695252
2.5547	0.000685866
2.5548	0.000692766
2.5549	0.000474556
2.555	0.000670734
2.5551	0.000549009
2.5552	0.000515756
2.5553	0.000571321
2.5554	0.000647959
2.5555	0.000727738
2.5556	0.000620392
2.5557	0.000671942
2.5558	0.000586064
2.5559	0.00065896
2.556	0.000647283
2.5561	0.000704471
2.5562	0.0006524
2.5563	0.000586756
2.5564	0.000645073
2.5565	0.000674025
2.5566	0.000635379
2.5567	0.000621129
2.5568	0.000523751
2.5569	0.000514778
2.557	0.000489937
2.5571	0.000565065
2.5572	0.000578993
2.5573	0.000678255
2.5574	0.000735954
2.5575	0.000582669
2.5576	0.000574768
2.5577	0.000512455
2.5578	0.000698064
2.5579	0.000622175
2.558	0.000414416
2.5581	0.000664428
2.5582	0.00078439
2.5583	0.000727887
2.5584	0.000801501
2.5585	0.000564907
2.5586	0.000662417
2.5587	0.000800678
2.5588	0.000712431
2.5589	0.000711928
2.559	0.000450095
2.5591	0.000620577
2.5592	0.000565272
2.5593	0.000539402
2.5594	0.000632269
2.5595	0.00065947
2.5596	0.000483082
2.5597	0.000492487
2.5598	0.000672933
2.5599	0.000698027
2.56	0.000644971
2.5601	0.000482695
2.5602	0.000570999
2.5603	0.000663094
2.5604	0.000573882
2.5605	0.000648191
2.5606	0.000546518
2.5607	0.000619356
2.5608	0.000657608
2.5609	0.000706963
2.561	0.000508691
2.5611	0.000756736
2.5612	0.000385921
2.5613	0.000486586
2.5614	0.000549404
2.5615	0.00057319
2.5616	0.000674714
2.5617	0.000597595
2.5618	0.000592787
2.5619	0.000586222
2.562	0.000597899
2.5621	0.000753181
2.5622	0.000785995
2.5623	0.000438297
2.5624	0.000524214
2.5625	0.000507245
2.5626	0.000524659
2.5627	0.00061195
2.5628	0.000750704
2.5629	0.000640874
2.563	0.000649532
2.5631	0.000641665
2.5632	0.000678579
2.5633	0.000829444
2.5634	0.000687111
2.5635	0.000492382
2.5636	0.000513509
2.5637	0.000638043
2.5638	0.000630264
2.5639	0.000668417
2.564	0.000682417
2.5641	0.00045166
2.5642	0.000632312
2.5643	0.000734229
2.5644	0.000492842
2.5645	0.000507142
2.5646	0.000717148
2.5647	0.000487912
2.5648	0.000509474
2.5649	0.000658826
2.565	0.000643367
2.5651	0.000815274
2.5652	0.000605378
2.5653	0.000641474
2.5654	0.000688589
2.5655	0.000724269
2.5656	0.000587504
2.5657	0.00063333
2.5658	0.000671884
2.5659	0.000563952
2.566	0.000842438
2.5661	0.000538494
2.5662	0.000545432
2.5663	0.000625814
2.5664	0.000626488
2.5665	0.000602431
2.5666	0.000464682
2.5667	0.00060266
2.5668	0.000464065
2.5669	0.000617148
2.567	0.000477051
2.5671	0.000396873
2.5672	0.000536313
2.5673	0.000606807
2.5674	0.000658311
2.5675	0.000610383
2.5676	0.000697498
2.5677	0.00058568
2.5678	0.000541081
2.5679	0.00043757
2.568	0.000522515
2.5681	0.000673359
2.5682	0.000561013
2.5683	0.000646057
2.5684	0.000442273
2.5685	0.000573055
2.5686	0.000703164
2.5687	0.000438222
2.5688	0.000576883
2.5689	0.000472204
2.569	0.000612306
2.5691	0.000527347
2.5692	0.000433709
2.5693	0.000511548
2.5694	0.000503678
2.5695	0.000550727
2.5696	0.000624118
2.5697	0.000544527
2.5698	0.000580518
2.5699	0.000787686
2.57	0.000555168
2.5701	0.000421272
2.5702	0.00041244
2.5703	0.000549197
2.5704	0.000634223
2.5705	0.000584387
2.5706	0.000566589
2.5707	0.000667966
2.5708	0.000604558
2.5709	0.000444027
2.571	0.000405572
2.5711	0.000373437
2.5712	0.000533932
2.5713	0.000365005
2.5714	0.000483504
2.5715	0.000345017
2.5716	0.00048283
2.5717	0.000528044
2.5718	0.000479168
2.5719	0.000570384
2.572	0.000547412
2.5721	0.000645103
2.5722	0.000839035
2.5723	0.000571409
2.5724	0.000420793
2.5725	0.000548642
2.5726	0.000518017
2.5727	0.000572868
2.5728	0.000640481
2.5729	0.000510357
2.573	0.000547895
2.5731	0.000628189
2.5732	0.000418642
2.5733	0.00039514
2.5734	0.000686434
2.5735	0.00053156
2.5736	0.000416958
2.5737	0.00046669
2.5738	0.000462151
2.5739	0.00038939
2.574	0.000581768
2.5741	0.000518685
2.5742	0.000458011
2.5743	0.000805607
2.5744	0.000574806
2.5745	0.000577438
2.5746	0.000524629
2.5747	0.000586623
2.5748	0.00057755
2.5749	0.000533928
2.575	0.000456904
2.5751	0.000547151
2.5752	0.000505242
2.5753	0.000669851
2.5754	0.000534286
2.5755	0.00068683
2.5756	0.000546743
2.5757	0.000509653
2.5758	0.000528233
2.5759	0.000641863
2.576	0.000463857
2.5761	0.000519175
2.5762	0.00050332
2.5763	0.000559921
2.5764	0.00043688
2.5765	0.000588983
2.5766	0.00044163
2.5767	0.00086673
2.5768	0.000530709
2.5769	0.000497629
2.577	0.00054796
2.5771	0.000479658
2.5772	0.000652906
2.5773	0.000507304
2.5774	0.000462019
2.5775	0.000473125
2.5776	0.000508701
2.5777	0.000603215
2.5778	0.00086024
2.5779	0.000636613
2.578	0.000631202
2.5781	0.000752925
2.5782	0.000675597
2.5783	0.000700224
2.5784	0.000550225
2.5785	0.000574994
2.5786	0.000640932
2.5787	0.000655501
2.5788	0.000672691
2.5789	0.000619007
2.579	0.00058533
2.5791	0.000554086
2.5792	0.000471165
2.5793	0.000564444
2.5794	0.000712111
2.5795	0.000519044
2.5796	0.000594988
2.5797	0.000652525
2.5798	0.000521789
2.5799	0.000470436
2.58	0.000423438
2.5801	0.000506576
2.5802	0.000594989
2.5803	0.000708055
2.5804	0.000457302
2.5805	0.000843275
2.5806	0.000731592
2.5807	0.000733091
2.5808	0.000552501
2.5809	0.000719561
2.581	0.000822392
2.5811	0.00053394
2.5812	0.000778438
2.5813	0.000495313
2.5814	0.000686759
2.5815	0.000524975
2.5816	0.000445685
2.5817	0.000581013
2.5818	0.000741367
2.5819	0.000545544
2.582	0.00041213
2.5821	0.000361567
2.5822	0.00043761
2.5823	0.00060894
2.5824	0.000766762
2.5825	0.0005581
2.5826	0.000500093
2.5827	0.000695943
2.5828	0.000620866
2.5829	0.000439817
2.583	0.000734598
2.5831	0.00071059
2.5832	0.000797453
2.5833	0.00064819
2.5834	0.000789839
2.5835	0.000541899
2.5836	0.000515056
2.5837	0.000608331
2.5838	0.000598628
2.5839	0.000509837
2.584	0.000513088
2.5841	0.000435608
2.5842	0.000420629
2.5843	0.000400866
2.5844	0.000470071
2.5845	0.000583903
2.5846	0.000407519
2.5847	0.000430455
2.5848	0.000618759
2.5849	0.00083574
2.585	0.000601224
2.5851	0.000737874
2.5852	0.000705343
2.5853	0.000637645
2.5854	0.000835532
2.5855	0.000521353
2.5856	0.00055537
2.5857	0.000639888
2.5858	0.000882618
2.5859	0.000587639
2.586	0.000587054
2.5861	0.000654509
2.5862	0.000521128
2.5863	0.000475347
2.5864	0.000470187
2.5865	0.000471148
2.5866	0.000570949
2.5867	0.000501518
2.5868	0.000437649
2.5869	0.000594568
2.587	0.000548061
2.5871	0.000680804
2.5872	0.000568093
2.5873	0.000516221
2.5874	0.000629453
2.5875	0.000964711
2.5876	0.000834555
2.5877	0.000552679
2.5878	0.00065607
2.5879	0.000706835
2.588	0.000625703
2.5881	0.000541727
2.5882	0.00057401
2.5883	0.000576052
2.5884	0.000523719
2.5885	0.000531756
2.5886	0.000580098
2.5887	0.000713962
2.5888	0.000442285
2.5889	0.000523823
2.589	0.000582453
2.5891	0.00051257
2.5892	0.000446277
2.5893	0.000561475
2.5894	0.000446131
2.5895	0.000802749
2.5896	0.000560971
2.5897	0.000803574
2.5898	0.000615728
2.5899	0.000718949
2.59	0.000488439
2.5901	0.000648059
2.5902	0.00056504
2.5903	0.000695254
2.5904	0.000686235
2.5905	0.000501
2.5906	0.000448098
2.5907	0.000680658
2.5908	0.000617911
2.5909	0.000594643
2.591	0.000609366
2.5911	0.00065266
2.5912	0.000709629
2.5913	0.000653899
2.5914	0.000696539
2.5915	0.000496572
2.5916	0.00066436
2.5917	0.000615063
2.5918	0.000702361
2.5919	0.000568262
2.592	0.000638784
2.5921	0.00043602
2.5922	0.000656884
2.5923	0.000791372
2.5924	0.000653229
2.5925	0.000630781
2.5926	0.000532677
2.5927	0.000487473
2.5928	0.000603308
2.5929	0.000651602
2.593	0.000636272
2.5931	0.000560533
2.5932	0.000574284
2.5933	0.00066751
2.5934	0.000651806
2.5935	0.000675209
2.5936	0.00065053
2.5937	0.000439647
2.5938	0.00063943
2.5939	0.000786638
2.594	0.00067323
2.5941	0.000739041
2.5942	0.000536046
2.5943	0.000553127
2.5944	0.000659854
2.5945	0.000741318
2.5946	0.000763289
2.5947	0.00051567
2.5948	0.000559309
2.5949	0.000703424
2.595	0.000474612
2.5951	0.00060434
2.5952	0.000542613
2.5953	0.000485568
2.5954	0.000550917
2.5955	0.000548497
2.5956	0.00070052
2.5957	0.000639034
2.5958	0.000524125
2.5959	0.000651026
2.596	0.000591755
2.5961	0.000496866
2.5962	0.000634646
2.5963	0.000525589
2.5964	0.000563637
2.5965	0.000605168
2.5966	0.000689226
2.5967	0.000630897
2.5968	0.000715238
2.5969	0.000469886
2.597	0.000527721
2.5971	0.000481324
2.5972	0.000685922
2.5973	0.000672587
2.5974	0.000688391
2.5975	0.000695361
2.5976	0.000785431
2.5977	0.000584039
2.5978	0.000683858
2.5979	0.000817507
2.598	0.000445996
2.5981	0.000537575
2.5982	0.000480802
2.5983	0.000404321
2.5984	0.000644462
2.5985	0.00059804
2.5986	0.000778663
2.5987	0.000635119
2.5988	0.000735727
2.5989	0.000677022
2.599	0.000632918
2.5991	0.000705528
2.5992	0.000588127
2.5993	0.000541894
2.5994	0.000721748
2.5995	0.000595736
2.5996	0.000700041
2.5997	0.000771058
2.5998	0.000597435
2.5999	0.00077682
2.6	0.000706506
2.6001	0.00052233
2.6002	0.00053809
2.6003	0.000625836
2.6004	0.000440023
2.6005	0.000505408
2.6006	0.000690587
2.6007	0.000675798
2.6008	0.000705946
2.6009	0.000605978
2.601	0.000626971
2.6011	0.000716738
2.6012	0.000613653
2.6013	0.000506941
2.6014	0.000662027
2.6015	0.000504297
2.6016	0.000684598
2.6017	0.000704294
2.6018	0.000626569
2.6019	0.000584193
2.602	0.000512416
2.6021	0.000766886
2.6022	0.00084364
2.6023	0.000537833
2.6024	0.000565077
2.6025	0.000565927
2.6026	0.000547937
2.6027	0.000451697
2.6028	0.000367815
2.6029	0.000531361
2.603	0.000566162
2.6031	0.000693365
2.6032	0.000569587
2.6033	0.000691645
2.6034	0.000684892
2.6035	0.000673481
2.6036	0.000547707
2.6037	0.000484673
2.6038	0.000640516
2.6039	0.000656042
2.604	0.000642493
2.6041	0.000414331
2.6042	0.00066312
2.6043	0.000686524
2.6044	0.00051839
2.6045	0.000582782
2.6046	0.000440651
2.6047	0.000559167
2.6048	0.000596756
2.6049	0.000468716
2.605	0.00048379
2.6051	0.000735601
2.6052	0.000614976
2.6053	0.000446256
2.6054	0.000539026
2.6055	0.000584858
2.6056	0.000768752
2.6057	0.000535005
2.6058	0.000443126
2.6059	0.000527244
2.606	0.000466453
2.6061	0.000655131
2.6062	0.000580318
2.6063	0.000740172
2.6064	0.000750713
2.6065	0.000587671
2.6066	0.00050415
2.6067	0.000408237
2.6068	0.000357955
2.6069	0.000522901
2.607	0.00036837
2.6071	0.000450035
2.6072	0.00034853
2.6073	0.000557706
2.6074	0.000565185
2.6075	0.000350079
2.6076	0.000449571
2.6077	0.000556273
2.6078	0.00057671
2.6079	0.000916978
2.608	0.000444975
2.6081	0.000444016
2.6082	0.000704315
2.6083	0.000476813
2.6084	0.000576224
2.6085	0.000734408
2.6086	0.000541734
2.6087	0.000535138
2.6088	0.000526684
2.6089	0.000591259
2.609	0.000487665
2.6091	0.000619592
2.6092	0.00056019
2.6093	0.000456654
2.6094	0.00052638
2.6095	0.000677316
2.6096	0.000631404
2.6097	0.000481225
2.6098	0.000670364
2.6099	0.000580303
2.61	0.0008515
2.6101	0.000613849
2.6102	0.000459581
2.6103	0.000693522
2.6104	0.000461726
2.6105	0.000522153
2.6106	0.000598447
2.6107	0.000672387
2.6108	0.0005848
2.6109	0.000525067
2.611	0.000762497
2.6111	0.000535685
2.6112	0.000681517
2.6113	0.000535092
2.6114	0.000612007
2.6115	0.000401722
2.6116	0.000584489
2.6117	0.000650022
2.6118	0.000623964
2.6119	0.000445342
2.612	0.000571554
2.6121	0.000466201
2.6122	0.000715875
2.6123	0.000625094
2.6124	0.000805661
2.6125	0.000584701
2.6126	0.000493182
2.6127	0.000561865
2.6128	0.000495982
2.6129	0.000602988
2.613	0.000431245
2.6131	0.000474449
2.6132	0.000489254
2.6133	0.000524206
2.6134	0.000585834
2.6135	0.000709892
2.6136	0.000711456
2.6137	0.000594741
2.6138	0.000711731
2.6139	0.000687193
2.614	0.000600876
2.6141	0.00059693
2.6142	0.000473331
2.6143	0.000745848
2.6144	0.000652862
2.6145	0.000612449
2.6146	0.000634297
2.6147	0.000596276
2.6148	0.000501775
2.6149	0.000542669
2.615	0.000471295
2.6151	0.000669223
2.6152	0.000641653
2.6153	0.000544829
2.6154	0.000619194
2.6155	0.000592183
2.6156	0.000410032
2.6157	0.00042983
2.6158	0.000654863
2.6159	0.000583391
2.616	0.000727681
2.6161	0.00053099
2.6162	0.000735152
2.6163	0.000892
2.6164	0.000689285
2.6165	0.000535073
2.6166	0.000708279
2.6167	0.000862847
2.6168	0.000563307
2.6169	0.00073959
2.617	0.000547002
2.6171	0.000581697
2.6172	0.000488498
2.6173	0.000572473
2.6174	0.000673138
2.6175	0.000617961
2.6176	0.000474566
2.6177	0.000405171
2.6178	0.000351799
2.6179	0.000454126
2.618	0.000638461
2.6181	0.000671087
2.6182	0.000513289
2.6183	0.00052004
2.6184	0.000654721
2.6185	0.000767988
2.6186	0.000653361
2.6187	0.000593575
2.6188	0.000798988
2.6189	0.000707084
2.619	0.00060902
2.6191	0.000697299
2.6192	0.000522521
2.6193	0.00043997
2.6194	0.000660876
2.6195	0.000690304
2.6196	0.000657095
2.6197	0.000448956
2.6198	0.000387934
2.6199	0.0005191
2.62	0.00053184
2.6201	0.000501078
2.6202	0.000519441
2.6203	0.00044969
2.6204	0.000503741
2.6205	0.000771271
2.6206	0.000836838
2.6207	0.000621139
2.6208	0.000614884
2.6209	0.000862806
2.621	0.00083978
2.6211	0.000602483
2.6212	0.000445933
2.6213	0.00057075
2.6214	0.000586863
2.6215	0.000670385
2.6216	0.000544851
2.6217	0.000653464
2.6218	0.000442889
2.6219	0.000611873
2.622	0.000519873
2.6221	0.000465897
2.6222	0.000444878
2.6223	0.000453962
2.6224	0.000365906
2.6225	0.00055115
2.6226	0.000477702
2.6227	0.00050887
2.6228	0.000636979
2.6229	0.000628427
2.623	0.000526834
2.6231	0.0010394
2.6232	0.00100188
2.6233	0.0006165
2.6234	0.000570965
2.6235	0.000784271
2.6236	0.000573518
2.6237	0.000532792
2.6238	0.00044521
2.6239	0.00055422
2.624	0.000518933
2.6241	0.00057285
2.6242	0.000483397
2.6243	0.000679761
2.6244	0.000649248
2.6245	0.000510893
2.6246	0.000532899
2.6247	0.000476091
2.6248	0.000529103
2.6249	0.000545227
2.625	0.000606299
2.6251	0.000571214
2.6252	0.000763872
2.6253	0.000744369
2.6254	0.000705237
2.6255	0.00048745
2.6256	0.000818409
2.6257	0.000625687
2.6258	0.000668388
2.6259	0.000517697
2.626	0.000721881
2.6261	0.000678779
2.6262	0.000588767
2.6263	0.000518333
2.6264	0.000594108
2.6265	0.000572544
2.6266	0.00055867
2.6267	0.000443443
2.6268	0.000724074
2.6269	0.00066693
2.627	0.000645535
2.6271	0.000724404
2.6272	0.00050274
2.6273	0.000646034
2.6274	0.000533048
2.6275	0.000661164
2.6276	0.000660715
2.6277	0.000540462
2.6278	0.000528449
2.6279	0.000653108
2.628	0.000647895
2.6281	0.00065005
2.6282	0.000535219
2.6283	0.000563431
2.6284	0.000507261
2.6285	0.000597604
2.6286	0.00067173
2.6287	0.000726946
2.6288	0.000638731
2.6289	0.000721399
2.629	0.000571121
2.6291	0.000495144
2.6292	0.000681192
2.6293	0.000600584
2.6294	0.000474907
2.6295	0.000579517
2.6296	0.000818633
2.6297	0.00063104
2.6298	0.00060144
2.6299	0.00063766
2.63	0.000634227
2.6301	0.000660917
2.6302	0.000687104
2.6303	0.0006304
2.6304	0.000521511
2.6305	0.000536964
2.6306	0.000665068
2.6307	0.000487319
2.6308	0.000574655
2.6309	0.000626496
2.631	0.000527211
2.6311	0.000584736
2.6312	0.000675608
2.6313	0.000554672
2.6314	0.000572374
2.6315	0.000449363
2.6316	0.000514971
2.6317	0.000669443
2.6318	0.000505311
2.6319	0.000545688
2.632	0.000523616
2.6321	0.000572167
2.6322	0.000663445
2.6323	0.000660523
2.6324	0.000451192
2.6325	0.000784185
2.6326	0.000387843
2.6327	0.000518433
2.6328	0.000480949
2.6329	0.000614222
2.633	0.000580131
2.6331	0.000548614
2.6332	0.000634898
2.6333	0.00046436
2.6334	0.000703355
2.6335	0.00086088
2.6336	0.000561409
2.6337	0.000533864
2.6338	0.000488713
2.6339	0.000416193
2.634	0.000476805
2.6341	0.000599592
2.6342	0.000794917
2.6343	0.000752229
2.6344	0.000828323
2.6345	0.000752639
2.6346	0.000802185
2.6347	0.000814455
2.6348	0.00064869
2.6349	0.000445739
2.635	0.000456298
2.6351	0.000526941
2.6352	0.000716111
2.6353	0.000682697
2.6354	0.000704052
2.6355	0.000486458
2.6356	0.000589271
2.6357	0.00072562
2.6358	0.000446472
2.6359	0.00048695
2.636	0.00056635
2.6361	0.000573497
2.6362	0.000572398
2.6363	0.000758995
2.6364	0.000813012
2.6365	0.000755996
2.6366	0.000549133
2.6367	0.000692096
2.6368	0.000801991
2.6369	0.000739881
2.637	0.000409241
2.6371	0.000594113
2.6372	0.000664375
2.6373	0.000540816
2.6374	0.000694339
2.6375	0.000568687
2.6376	0.000441209
2.6377	0.000750698
2.6378	0.000506694
2.6379	0.000573153
2.638	0.000463855
2.6381	0.000505931
2.6382	0.000571925
2.6383	0.000494503
2.6384	0.000497367
2.6385	0.000425795
2.6386	0.000484868
2.6387	0.000648225
2.6388	0.000699567
2.6389	0.000655964
2.639	0.000752441
2.6391	0.000736384
2.6392	0.000472594
2.6393	0.000426212
2.6394	0.000519305
2.6395	0.000585244
2.6396	0.000629191
2.6397	0.000649206
2.6398	0.000441361
2.6399	0.000540654
2.64	0.000751658
2.6401	0.000428435
2.6402	0.000553601
2.6403	0.000568046
2.6404	0.000525776
2.6405	0.000571576
2.6406	0.000377406
2.6407	0.000468423
2.6408	0.000639982
2.6409	0.000565938
2.641	0.00047282
2.6411	0.000556153
2.6412	0.000674912
2.6413	0.000523243
2.6414	0.000544284
2.6415	0.000468696
2.6416	0.00059573
2.6417	0.000600996
2.6418	0.000669464
2.6419	0.000573582
2.642	0.000739999
2.6421	0.000627205
2.6422	0.000522137
2.6423	0.000433903
2.6424	0.000424307
2.6425	0.000388948
2.6426	0.000518233
2.6427	0.000403421
2.6428	0.000473665
2.6429	0.000413518
2.643	0.000535729
2.6431	0.000623814
2.6432	0.00036699
2.6433	0.000611861
2.6434	0.000655221
2.6435	0.000693423
2.6436	0.000728882
2.6437	0.000542581
2.6438	0.000375376
2.6439	0.000540554
2.644	0.00047645
2.6441	0.000554146
2.6442	0.000612184
2.6443	0.000468283
2.6444	0.000485968
2.6445	0.000626935
2.6446	0.000414144
2.6447	0.000403127
2.6448	0.00069216
2.6449	0.000523608
2.645	0.000428188
2.6451	0.000424013
2.6452	0.000674342
2.6453	0.000565588
2.6454	0.000440074
2.6455	0.00062702
2.6456	0.000633882
2.6457	0.000666056
2.6458	0.000604663
2.6459	0.000542853
2.646	0.000547466
2.6461	0.00042051
2.6462	0.000507893
2.6463	0.000588999
2.6464	0.000476296
2.6465	0.000532149
2.6466	0.000558839
2.6467	0.000676262
2.6468	0.000734183
2.6469	0.000562419
2.647	0.000627708
2.6471	0.000508679
2.6472	0.000469835
2.6473	0.000819957
2.6474	0.000456486
2.6475	0.000590998
2.6476	0.000403797
2.6477	0.000521925
2.6478	0.000494194
2.6479	0.00069383
2.648	0.000631579
2.6481	0.000766251
2.6482	0.000655155
2.6483	0.000561338
2.6484	0.000674567
2.6485	0.000497673
2.6486	0.000717997
2.6487	0.000468468
2.6488	0.000527647
2.6489	0.000466063
2.649	0.00049471
2.6491	0.000591867
2.6492	0.000582696
2.6493	0.000541288
2.6494	0.000589988
2.6495	0.000691903
2.6496	0.000760788
2.6497	0.000631777
2.6498	0.000670911
2.6499	0.000699602
2.65	0.000618144
2.6501	0.000566702
2.6502	0.000577396
2.6503	0.000677044
2.6504	0.000613743
2.6505	0.000529843
2.6506	0.000448927
2.6507	0.000599403
2.6508	0.000609027
2.6509	0.000665636
2.651	0.000591861
2.6511	0.000602371
2.6512	0.000556969
2.6513	0.00041616
2.6514	0.00043436
2.6515	0.000626731
2.6516	0.000563659
2.6517	0.000655589
2.6518	0.00054906
2.6519	0.000846182
2.652	0.000817462
2.6521	0.000604225
2.6522	0.000470175
2.6523	0.000787963
2.6524	0.000842037
2.6525	0.00058649
2.6526	0.000607872
2.6527	0.000574136
2.6528	0.000620463
2.6529	0.000589134
2.653	0.000500757
2.6531	0.000713369
2.6532	0.00065176
2.6533	0.000400689
2.6534	0.000393753
2.6535	0.000532706
2.6536	0.000466602
2.6537	0.000576694
2.6538	0.000638197
2.6539	0.000668557
2.654	0.000503485
2.6541	0.000712426
2.6542	0.000617834
2.6543	0.000567673
2.6544	0.000598108
2.6545	0.000762236
2.6546	0.000782698
2.6547	0.000784171
2.6548	0.000721733
2.6549	0.000455758
2.655	0.000484554
2.6551	0.00064303
2.6552	0.000633743
2.6553	0.000634896
2.6554	0.000442913
2.6555	0.000517409
2.6556	0.000478477
2.6557	0.000569249
2.6558	0.000529453
2.6559	0.000529843
2.656	0.000413657
2.6561	0.000584058
2.6562	0.000783716
2.6563	0.000802341
2.6564	0.000400607
2.6565	0.000764981
2.6566	0.000836481
2.6567	0.000486994
2.6568	0.000874693
2.6569	0.000481886
2.657	0.000614112
2.6571	0.000601665
2.6572	0.000766653
2.6573	0.000531555
2.6574	0.000515678
2.6575	0.000600018
2.6576	0.000494561
2.6577	0.000588552
2.6578	0.000412124
2.6579	0.0003883
2.658	0.000466317
2.6581	0.00045755
2.6582	0.000416245
2.6583	0.000553144
2.6584	0.000552105
2.6585	0.000683872
2.6586	0.000588085
2.6587	0.00061292
2.6588	0.000693117
2.6589	0.000767317
2.659	0.000824417
2.6591	0.000758563
2.6592	0.000661961
2.6593	0.000664679
2.6594	0.000621674
2.6595	0.000388609
2.6596	0.000581518
2.6597	0.000522467
2.6598	0.000538198
2.6599	0.000521467
2.66	0.000618008
2.6601	0.00060105
2.6602	0.000416456
2.6603	0.000509141
2.6604	0.000526324
2.6605	0.000549232
2.6606	0.000651742
2.6607	0.000599367
2.6608	0.000615523
2.6609	0.000683475
2.661	0.000844564
2.6611	0.000675679
2.6612	0.000643513
2.6613	0.000560991
2.6614	0.000790583
2.6615	0.000725294
2.6616	0.000582754
2.6617	0.000771065
2.6618	0.000529374
2.6619	0.0005552
2.662	0.000471808
2.6621	0.000642111
2.6622	0.00061066
2.6623	0.000576295
2.6624	0.0005553
2.6625	0.000712509
2.6626	0.000663006
2.6627	0.000698908
2.6628	0.000817135
2.6629	0.00058144
2.663	0.00075428
2.6631	0.000652983
2.6632	0.000636205
2.6633	0.000608084
2.6634	0.00069344
2.6635	0.000675024
2.6636	0.000611154
2.6637	0.000725135
2.6638	0.000742078
2.6639	0.000629089
2.664	0.000657054
2.6641	0.000390505
2.6642	0.000606956
2.6643	0.000728408
2.6644	0.000743019
2.6645	0.000560709
2.6646	0.000593177
2.6647	0.000579139
2.6648	0.000519598
2.6649	0.000743061
2.665	0.000515072
2.6651	0.000475525
2.6652	0.000567491
2.6653	0.000878785
2.6654	0.000834342
2.6655	0.000552444
2.6656	0.000592806
2.6657	0.000609842
2.6658	0.000782884
2.6659	0.000651677
2.666	0.000603218
2.6661	0.00049432
2.6662	0.000505368
2.6663	0.000695183
2.6664	0.000471976
2.6665	0.000658066
2.6666	0.000543391
2.6667	0.000689048
2.6668	0.000611487
2.6669	0.000623447
2.667	0.000626825
2.6671	0.000631856
2.6672	0.000444286
2.6673	0.000614548
2.6674	0.000728729
2.6675	0.000482413
2.6676	0.000734841
2.6677	0.000603104
2.6678	0.000484627
2.6679	0.00070417
2.668	0.000646569
2.6681	0.000494024
2.6682	0.000636482
2.6683	0.000453637
2.6684	0.000517048
2.6685	0.00059839
2.6686	0.000682832
2.6687	0.000645909
2.6688	0.000596366
2.6689	0.00071878
2.669	0.000518469
2.6691	0.00057091
2.6692	0.000923006
2.6693	0.000645779
2.6694	0.000448803
2.6695	0.000515923
2.6696	0.000538216
2.6697	0.000580483
2.6698	0.000632055
2.6699	0.000769099
2.67	0.000791612
2.6701	0.00078588
2.6702	0.000629894
2.6703	0.000810334
2.6704	0.000703179
2.6705	0.000582799
2.6706	0.000461255
2.6707	0.000554615
2.6708	0.000636839
2.6709	0.000724121
2.671	0.000720568
2.6711	0.000702354
2.6712	0.000502496
2.6713	0.000632897
2.6714	0.000591489
2.6715	0.000444503
2.6716	0.000499182
2.6717	0.000592222
2.6718	0.00055453
2.6719	0.000569819
2.672	0.000690182
2.6721	0.000761876
2.6722	0.000691114
2.6723	0.000769071
2.6724	0.000569047
2.6725	0.000796398
2.6726	0.000718803
2.6727	0.000587289
2.6728	0.000517174
2.6729	0.000665076
2.673	0.000534065
2.6731	0.000809269
2.6732	0.000550927
2.6733	0.000564093
2.6734	0.000641349
2.6735	0.000587262
2.6736	0.000628319
2.6737	0.00054918
2.6738	0.000609908
2.6739	0.000547486
2.674	0.000404325
2.6741	0.000404803
2.6742	0.000436432
2.6743	0.000539809
2.6744	0.000529775
2.6745	0.000691533
2.6746	0.000594998
2.6747	0.000632223
2.6748	0.000707595
2.6749	0.000506059
2.675	0.000603784
2.6751	0.000412742
2.6752	0.000605435
2.6753	0.000550969
2.6754	0.000602909
2.6755	0.000458253
2.6756	0.000586177
2.6757	0.00071182
2.6758	0.000426812
2.6759	0.000450705
2.676	0.000468163
2.6761	0.000534454
2.6762	0.00059434
2.6763	0.000385695
2.6764	0.000530398
2.6765	0.000583515
2.6766	0.000652142
2.6767	0.000521336
2.6768	0.000491199
2.6769	0.000575446
2.677	0.000693902
2.6771	0.000552181
2.6772	0.00047211
2.6773	0.00058701
2.6774	0.0004495
2.6775	0.000586909
2.6776	0.000584632
2.6777	0.000673509
2.6778	0.000654301
2.6779	0.000655822
2.678	0.00042519
2.6781	0.000442753
2.6782	0.000506283
2.6783	0.000459935
2.6784	0.000459282
2.6785	0.000384874
2.6786	0.000404031
2.6787	0.000553217
2.6788	0.000682731
2.6789	0.00034184
2.679	0.000484591
2.6791	0.00075034
2.6792	0.000810823
2.6793	0.000765847
2.6794	0.000387218
2.6795	0.000524627
2.6796	0.000526607
2.6797	0.000430076
2.6798	0.000544494
2.6799	0.000589926
2.68	0.00048478
2.6801	0.000674791
2.6802	0.000548108
2.6803	0.000396081
2.6804	0.000439259
2.6805	0.000791109
2.6806	0.000448334
2.6807	0.000527397
2.6808	0.000438758
2.6809	0.000483502
2.681	0.00060495
2.6811	0.000455479
2.6812	0.000570264
2.6813	0.000557719
2.6814	0.000646936
2.6815	0.000692634
2.6816	0.000458761
2.6817	0.000583307
2.6818	0.000537099
2.6819	0.000598729
2.682	0.000529443
2.6821	0.000432326
2.6822	0.000520769
2.6823	0.000621279
2.6824	0.000731179
2.6825	0.000686822
2.6826	0.000549734
2.6827	0.000505327
2.6828	0.000422941
2.6829	0.000508884
2.683	0.00080908
2.6831	0.000500423
2.6832	0.000731185
2.6833	0.000448258
2.6834	0.00047878
2.6835	0.000586
2.6836	0.000597434
2.6837	0.000515592
2.6838	0.00064606
2.6839	0.000627536
2.684	0.000449363
2.6841	0.000664048
2.6842	0.000553055
2.6843	0.000700581
2.6844	0.000504559
2.6845	0.00052793
2.6846	0.000412572
2.6847	0.000507438
2.6848	0.000531329
2.6849	0.00066736
2.685	0.000640748
2.6851	0.000701735
2.6852	0.000729237
2.6853	0.000761991
2.6854	0.000648284
2.6855	0.000703267
2.6856	0.000522923
2.6857	0.000572257
2.6858	0.000501683
2.6859	0.000642201
2.686	0.000683434
2.6861	0.000618413
2.6862	0.000588498
2.6863	0.000558304
2.6864	0.000428154
2.6865	0.000572455
2.6866	0.000597705
2.6867	0.000642272
2.6868	0.000637053
2.6869	0.000579373
2.687	0.000400161
2.6871	0.000455876
2.6872	0.000559359
2.6873	0.000567428
2.6874	0.000738913
2.6875	0.000504101
2.6876	0.000794799
2.6877	0.000779456
2.6878	0.000813763
2.6879	0.000541251
2.688	0.000696775
2.6881	0.000861063
2.6882	0.000558911
2.6883	0.000589969
2.6884	0.000534262
2.6885	0.000571462
2.6886	0.000548982
2.6887	0.000594511
2.6888	0.000587015
2.6889	0.000612799
2.689	0.00052632
2.6891	0.000405401
2.6892	0.000352417
2.6893	0.000397083
2.6894	0.000727027
2.6895	0.000608354
2.6896	0.000522908
2.6897	0.000436517
2.6898	0.000641109
2.6899	0.000707669
2.69	0.000691756
2.6901	0.000563096
2.6902	0.000778433
2.6903	0.000765107
2.6904	0.000780164
2.6905	0.000817535
2.6906	0.0004797
2.6907	0.000462619
2.6908	0.000863301
2.6909	0.000575605
2.691	0.000617549
2.6911	0.000479194
2.6912	0.000373162
2.6913	0.000515889
2.6914	0.000533195
2.6915	0.000461291
2.6916	0.000527423
2.6917	0.000465548
2.6918	0.000524276
2.6919	0.000736831
2.692	0.000730784
2.6921	0.000653732
2.6922	0.000742697
2.6923	0.000765782
2.6924	0.000603009
2.6925	0.000857579
2.6926	0.000641145
2.6927	0.000655036
2.6928	0.00054178
2.6929	0.000694729
2.693	0.000621045
2.6931	0.000529339
2.6932	0.00050075
2.6933	0.000483116
2.6934	0.000502501
2.6935	0.000466241
2.6936	0.000441353
2.6937	0.000419538
2.6938	0.000396512
2.6939	0.000700809
2.694	0.000443353
2.6941	0.000578065
2.6942	0.000625183
2.6943	0.000599647
2.6944	0.000539574
2.6945	0.000750981
2.6946	0.000999352
2.6947	0.000687149
2.6948	0.000604947
2.6949	0.000568439
2.695	0.000737079
2.6951	0.000546099
2.6952	0.000419087
2.6953	0.000538159
2.6954	0.00043526
2.6955	0.00058368
2.6956	0.000543917
2.6957	0.00056025
2.6958	0.000654109
2.6959	0.000512048
2.696	0.000479887
2.6961	0.000443165
2.6962	0.000649175
2.6963	0.000639184
2.6964	0.000523583
2.6965	0.000647524
2.6966	0.000596479
2.6967	0.00075986
2.6968	0.000689977
2.6969	0.00068967
2.697	0.000617728
2.6971	0.000783314
2.6972	0.000762147
2.6973	0.0005335
2.6974	0.000705164
2.6975	0.000635766
2.6976	0.000636079
2.6977	0.000417665
2.6978	0.00064997
2.6979	0.000536779
2.698	0.000583667
2.6981	0.000452879
2.6982	0.00074914
2.6983	0.00069568
2.6984	0.000716348
2.6985	0.000696128
2.6986	0.000648921
2.6987	0.000689625
2.6988	0.00056548
2.6989	0.000607429
2.699	0.000628718
2.6991	0.000731902
2.6992	0.000688968
2.6993	0.000544005
2.6994	0.000733916
2.6995	0.000622689
2.6996	0.000546653
2.6997	0.000674704
2.6998	0.000420177
2.6999	0.000759593
2.7	0.000713747
2.7001	0.000705807
2.7002	0.000687093
2.7003	0.000537735
2.7004	0.000670206
2.7005	0.000484812
2.7006	0.000684145
2.7007	0.000564149
2.7008	0.000411971
2.7009	0.000611296
2.701	0.0008723
2.7011	0.000628928
2.7012	0.000701776
2.7013	0.000565153
2.7014	0.000626337
2.7015	0.000752685
2.7016	0.00072282
2.7017	0.000462315
2.7018	0.000495429
2.7019	0.000592498
2.702	0.000598763
2.7021	0.000500221
2.7022	0.000626044
2.7023	0.000585874
2.7024	0.000544584
2.7025	0.000569566
2.7026	0.000650039
2.7027	0.000743805
2.7028	0.000694178
2.7029	0.000463049
2.703	0.000563423
2.7031	0.000702069
2.7032	0.000454806
2.7033	0.000589066
2.7034	0.000542244
2.7035	0.00051189
2.7036	0.000748567
2.7037	0.00053759
2.7038	0.000769772
2.7039	0.000655981
2.704	0.000450273
2.7041	0.000595623
2.7042	0.000612946
2.7043	0.000672314
2.7044	0.000677445
2.7045	0.000622729
2.7046	0.000678111
2.7047	0.000469459
2.7048	0.000730212
2.7049	0.000956714
2.705	0.000580124
2.7051	0.000454215
2.7052	0.000520158
2.7053	0.000492526
2.7054	0.00049663
2.7055	0.0007194
2.7056	0.000656396
2.7057	0.000635681
2.7058	0.000714656
2.7059	0.000644924
2.706	0.000867762
2.7061	0.000667513
2.7062	0.000562615
2.7063	0.000402826
2.7064	0.000740473
2.7065	0.000668636
2.7066	0.000614735
2.7067	0.000643949
2.7068	0.000718262
2.7069	0.000545016
2.707	0.000666149
2.7071	0.000751092
2.7072	0.000556009
2.7073	0.000495851
2.7074	0.000593653
2.7075	0.000603768
2.7076	0.000682718
2.7077	0.000794564
2.7078	0.000777727
2.7079	0.000625593
2.708	0.000784576
2.7081	0.000855845
2.7082	0.000763561
2.7083	0.000653207
2.7084	0.000570763
2.7085	0.000564984
2.7086	0.000648443
2.7087	0.000538832
2.7088	0.000738855
2.7089	0.000523705
2.709	0.000599071
2.7091	0.00050123
2.7092	0.000576502
2.7093	0.000671146
2.7094	0.000522822
2.7095	0.000571581
2.7096	0.000611721
2.7097	0.000461113
2.7098	0.000418113
2.7099	0.000493587
2.71	0.000460167
2.7101	0.000550132
2.7102	0.000707843
2.7103	0.000687537
2.7104	0.00063749
2.7105	0.000684324
2.7106	0.000576948
2.7107	0.000588715
2.7108	0.000483396
2.7109	0.000614433
2.711	0.000461531
2.7111	0.000597434
2.7112	0.000433721
2.7113	0.000582244
2.7114	0.000724814
2.7115	0.000489714
2.7116	0.000607967
2.7117	0.000538246
2.7118	0.000443733
2.7119	0.000565465
2.712	0.000380559
2.7121	0.000483199
2.7122	0.000615152
2.7123	0.000654376
2.7124	0.000580733
2.7125	0.000387811
2.7126	0.000629837
2.7127	0.000523502
2.7128	0.000501651
2.7129	0.000434432
2.713	0.000600809
2.7131	0.000428435
2.7132	0.000692963
2.7133	0.000583657
2.7134	0.000753709
2.7135	0.000791374
2.7136	0.000440726
2.7137	0.000469821
2.7138	0.000463484
2.7139	0.000384515
2.714	0.000525706
2.7141	0.000429419
2.7142	0.000454661
2.7143	0.000400851
2.7144	0.000532299
2.7145	0.000727862
2.7146	0.000405804
2.7147	0.000594191
2.7148	0.000695484
2.7149	0.000856997
2.715	0.000746776
2.7151	0.000445114
2.7152	0.000378774
2.7153	0.000577364
2.7154	0.000445651
2.7155	0.000513716
2.7156	0.000755524
2.7157	0.00048588
2.7158	0.000622264
2.7159	0.000691631
2.716	0.000566375
2.7161	0.000621506
2.7162	0.000639995
2.7163	0.000546786
2.7164	0.000454248
2.7165	0.000433622
2.7166	0.00053301
2.7167	0.000615727
2.7168	0.000384069
2.7169	0.000513275
2.717	0.000606107
2.7171	0.00065696
2.7172	0.000607316
2.7173	0.000482613
2.7174	0.000554424
2.7175	0.0005956
2.7176	0.000577523
2.7177	0.000565142
2.7178	0.000387642
2.7179	0.00044611
2.718	0.000666707
2.7181	0.000730984
2.7182	0.000760021
2.7183	0.000613309
2.7184	0.000553272
2.7185	0.000523624
2.7186	0.000538752
2.7187	0.000625042
2.7188	0.000783211
2.7189	0.000448835
2.719	0.000437525
2.7191	0.000492772
2.7192	0.000593584
2.7193	0.000509807
2.7194	0.000642741
2.7195	0.000516586
2.7196	0.00049754
2.7197	0.000472818
2.7198	0.000737997
2.7199	0.000640005
2.72	0.000613748
2.7201	0.000518772
2.7202	0.000538195
2.7203	0.000475204
2.7204	0.00052077
2.7205	0.000648629
2.7206	0.000619116
2.7207	0.000562796
2.7208	0.000731155
2.7209	0.000801669
2.721	0.000703658
2.7211	0.000578842
2.7212	0.000628162
2.7213	0.000557569
2.7214	0.000679962
2.7215	0.000577051
2.7216	0.000765129
2.7217	0.000704804
2.7218	0.000665181
2.7219	0.000524229
2.722	0.000560409
2.7221	0.000429745
2.7222	0.00062394
2.7223	0.000577826
2.7224	0.000673063
2.7225	0.000575756
2.7226	0.000488551
2.7227	0.000453265
2.7228	0.000448004
2.7229	0.000544384
2.723	0.000457292
2.7231	0.000658474
2.7232	0.00065809
2.7233	0.000630579
2.7234	0.000623046
2.7235	0.00064666
2.7236	0.000555331
2.7237	0.000681721
2.7238	0.000838732
2.7239	0.000705117
2.724	0.000491091
2.7241	0.000594699
2.7242	0.000573218
2.7243	0.000497176
2.7244	0.000572858
2.7245	0.000695127
2.7246	0.000663703
2.7247	0.000443868
2.7248	0.000367393
2.7249	0.000373671
2.725	0.000469929
2.7251	0.000726989
2.7252	0.000462096
2.7253	0.000616
2.7254	0.00050623
2.7255	0.000696909
2.7256	0.000729618
2.7257	0.000794827
2.7258	0.000593848
2.7259	0.000861993
2.726	0.000621942
2.7261	0.000689067
2.7262	0.000837381
2.7263	0.000478983
2.7264	0.000557478
2.7265	0.000654672
2.7266	0.000546482
2.7267	0.00051722
2.7268	0.000395102
2.7269	0.000418027
2.727	0.000446459
2.7271	0.000545468
2.7272	0.000609483
2.7273	0.000479597
2.7274	0.000400324
2.7275	0.000709815
2.7276	0.000795093
2.7277	0.000646434
2.7278	0.000652632
2.7279	0.000675465
2.728	0.000819841
2.7281	0.000803523
2.7282	0.000687083
2.7283	0.000734117
2.7284	0.000702822
2.7285	0.0005175
2.7286	0.000692228
2.7287	0.000558153
2.7288	0.000766423
2.7289	0.000501163
2.729	0.000493268
2.7291	0.000547351
2.7292	0.000517594
2.7293	0.000582565
2.7294	0.000490412
2.7295	0.000337785
2.7296	0.000449714
2.7297	0.000573928
2.7298	0.000548356
2.7299	0.000713376
2.73	0.000469285
2.7301	0.000690884
2.7302	0.000733198
2.7303	0.000749171
2.7304	0.00049419
2.7305	0.000511384
2.7306	0.000718523
2.7307	0.000563939
2.7308	0.000459585
2.7309	0.000542684
2.731	0.000483294
2.7311	0.000460696
2.7312	0.000569549
2.7313	0.000564151
2.7314	0.000853764
2.7315	0.000399247
2.7316	0.000515836
2.7317	0.000591201
2.7318	0.000431175
2.7319	0.000537814
2.732	0.000647621
2.7321	0.000569836
2.7322	0.000719537
2.7323	0.000557438
2.7324	0.000691081
2.7325	0.000674012
2.7326	0.000581891
2.7327	0.000610623
2.7328	0.000610892
2.7329	0.000762447
2.733	0.000737095
2.7331	0.000664618
2.7332	0.00058874
2.7333	0.000447341
2.7334	0.000508117
2.7335	0.000553018
2.7336	0.000571902
2.7337	0.000613805
2.7338	0.000529198
2.7339	0.000618895
2.734	0.000610596
2.7341	0.00076898
2.7342	0.000624102
2.7343	0.000592436
2.7344	0.000699472
2.7345	0.000704121
2.7346	0.000565925
2.7347	0.0004736
2.7348	0.000668782
2.7349	0.000707318
2.735	0.000528611
2.7351	0.000756995
2.7352	0.000610974
2.7353	0.000561228
2.7354	0.000684506
2.7355	0.000476473
2.7356	0.000530788
2.7357	0.000752378
2.7358	0.000610544
2.7359	0.000501239
2.736	0.000714171
2.7361	0.000732455
2.7362	0.000829186
2.7363	0.000549656
2.7364	0.000529974
2.7365	0.000511464
2.7366	0.000517673
2.7367	0.000766866
2.7368	0.000723446
2.7369	0.000566445
2.737	0.000584316
2.7371	0.000544953
2.7372	0.000701246
2.7373	0.000833703
2.7374	0.000524456
2.7375	0.000563922
2.7376	0.000566941
2.7377	0.000653284
2.7378	0.000582631
2.7379	0.000507344
2.738	0.000579815
2.7381	0.000589236
2.7382	0.000485464
2.7383	0.000596971
2.7384	0.000665875
2.7385	0.000683606
2.7386	0.000445243
2.7387	0.000497193
2.7388	0.000476556
2.7389	0.000484343
2.739	0.000636322
2.7391	0.000633465
2.7392	0.000616536
2.7393	0.000657961
2.7394	0.000549937
2.7395	0.000601906
2.7396	0.00056462
2.7397	0.00050882
2.7398	0.000585304
2.7399	0.000561635
2.74	0.000786503
2.7401	0.000668581
2.7402	0.000546001
2.7403	0.000723647
2.7404	0.000543202
2.7405	0.000559778
2.7406	0.000818884
2.7407	0.00057415
2.7408	0.000552493
2.7409	0.000501311
2.741	0.000428772
2.7411	0.000473674
2.7412	0.000561911
2.7413	0.00088039
2.7414	0.000556991
2.7415	0.000599495
2.7416	0.000706274
2.7417	0.000692428
2.7418	0.000675296
2.7419	0.000600865
2.742	0.000488602
2.7421	0.000480102
2.7422	0.000744645
2.7423	0.000541901
2.7424	0.000754033
2.7425	0.000583138
2.7426	0.000622209
2.7427	0.000563769
2.7428	0.000593511
2.7429	0.000516555
2.743	0.000627992
2.7431	0.0004239
2.7432	0.000435724
2.7433	0.000750111
2.7434	0.000809119
2.7435	0.000850605
2.7436	0.000815441
2.7437	0.000602188
2.7438	0.00057192
2.7439	0.000632395
2.744	0.000702798
2.7441	0.000491433
2.7442	0.000482434
2.7443	0.000648832
2.7444	0.000528011
2.7445	0.000642998
2.7446	0.000487478
2.7447	0.000599524
2.7448	0.000668208
2.7449	0.000871327
2.745	0.000452304
2.7451	0.000482947
2.7452	0.000507038
2.7453	0.000773143
2.7454	0.000440938
2.7455	0.000407242
2.7456	0.000528452
2.7457	0.00053216
2.7458	0.000483125
2.7459	0.000627703
2.746	0.000719383
2.7461	0.000618393
2.7462	0.000778696
2.7463	0.000513419
2.7464	0.000582355
2.7465	0.000535715
2.7466	0.000553305
2.7467	0.000598718
2.7468	0.000446061
2.7469	0.000543073
2.747	0.000467871
2.7471	0.000547819
2.7472	0.000419452
2.7473	0.000532693
2.7474	0.000535815
2.7475	0.000610924
2.7476	0.000496906
2.7477	0.000442439
2.7478	0.000452477
2.7479	0.000629074
2.748	0.000580309
2.7481	0.000626798
2.7482	0.000488996
2.7483	0.000715371
2.7484	0.000630968
2.7485	0.000587838
2.7486	0.000379685
2.7487	0.000530642
2.7488	0.000469041
2.7489	0.000590324
2.749	0.000658834
2.7491	0.000437248
2.7492	0.000682836
2.7493	0.000466599
2.7494	0.000360806
2.7495	0.000454881
2.7496	0.000485962
2.7497	0.000527258
2.7498	0.000503858
2.7499	0.000324185
2.75	0.000439975
2.7501	0.000561809
2.7502	0.000590299
2.7503	0.000481064
2.7504	0.000571116
2.7505	0.000778985
2.7506	0.000652451
2.7507	0.000738194
2.7508	0.000425451
2.7509	0.000424264
2.751	0.000554846
2.7511	0.000466586
2.7512	0.000535456
2.7513	0.000678536
2.7514	0.000568434
2.7515	0.000566151
2.7516	0.000581123
2.7517	0.000408529
2.7518	0.000664513
2.7519	0.000459253
2.752	0.000459604
2.7521	0.000437367
2.7522	0.000423067
2.7523	0.000549927
2.7524	0.000641615
2.7525	0.000459728
2.7526	0.000532526
2.7527	0.000475295
2.7528	0.000607506
2.7529	0.000554876
2.753	0.000469558
2.7531	0.000488915
2.7532	0.000709673
2.7533	0.000564643
2.7534	0.00059336
2.7535	0.000434228
2.7536	0.000504361
2.7537	0.000662804
2.7538	0.000634271
2.7539	0.000687187
2.754	0.000485419
2.7541	0.00058805
2.7542	0.000494086
2.7543	0.000648861
2.7544	0.000726182
2.7545	0.000630361
2.7546	0.000445634
2.7547	0.000534285
2.7548	0.000453289
2.7549	0.000593845
2.755	0.000652301
2.7551	0.000767417
2.7552	0.00042079
2.7553	0.000630624
2.7554	0.000668991
2.7555	0.00064684
2.7556	0.000684954
2.7557	0.000626881
2.7558	0.000469441
2.7559	0.000533548
2.756	0.000457439
2.7561	0.000506872
2.7562	0.000697002
2.7563	0.000688913
2.7564	0.000744171
2.7565	0.000695333
2.7566	0.000757275
2.7567	0.000609003
2.7568	0.000578685
2.7569	0.000650179
2.757	0.000703714
2.7571	0.000462113
2.7572	0.00067814
2.7573	0.000653996
2.7574	0.000533776
2.7575	0.000606789
2.7576	0.000573096
2.7577	0.000536517
2.7578	0.000559712
2.7579	0.000728705
2.758	0.000519582
2.7581	0.000646484
2.7582	0.000527076
2.7583	0.000510783
2.7584	0.000399664
2.7585	0.000555558
2.7586	0.000602563
2.7587	0.000499881
2.7588	0.000584226
2.7589	0.000748322
2.759	0.000713046
2.7591	0.000804954
2.7592	0.000512594
2.7593	0.000530961
2.7594	0.000704878
2.7595	0.000678053
2.7596	0.000640616
2.7597	0.000386338
2.7598	0.000636954
2.7599	0.000475266
2.76	0.000466278
2.7601	0.000595787
2.7602	0.000649546
2.7603	0.000584107
2.7604	0.000444555
2.7605	0.000373056
2.7606	0.000508552
2.7607	0.000663076
2.7608	0.000597281
2.7609	0.000453603
2.761	0.000605711
2.7611	0.000574699
2.7612	0.00070814
2.7613	0.000542269
2.7614	0.000645969
2.7615	0.000619301
2.7616	0.000859381
2.7617	0.000547771
2.7618	0.000737782
2.7619	0.000726692
2.762	0.000488946
2.7621	0.000485213
2.7622	0.000771952
2.7623	0.000518335
2.7624	0.000576491
2.7625	0.000366296
2.7626	0.000435574
2.7627	0.000404291
2.7628	0.000517669
2.7629	0.000593985
2.763	0.000393933
2.7631	0.000449903
2.7632	0.000695729
2.7633	0.000789053
2.7634	0.000603636
2.7635	0.000668467
2.7636	0.000683397
2.7637	0.000641166
2.7638	0.000656314
2.7639	0.00062246
2.764	0.000604514
2.7641	0.000697731
2.7642	0.000774444
2.7643	0.000525738
2.7644	0.000583556
2.7645	0.000664687
2.7646	0.000865223
2.7647	0.00043112
2.7648	0.000577486
2.7649	0.000501847
2.765	0.000589715
2.7651	0.000475856
2.7652	0.000390382
2.7653	0.000495963
2.7654	0.000579823
2.7655	0.000640561
2.7656	0.00069969
2.7657	0.000552537
2.7658	0.000725544
2.7659	0.000880127
2.766	0.000837822
2.7661	0.000575797
2.7662	0.000744234
2.7663	0.000747756
2.7664	0.000775868
2.7665	0.00054506
2.7666	0.000613078
2.7667	0.000540889
2.7668	0.000412589
2.7669	0.000576295
2.767	0.000640489
2.7671	0.000654626
2.7672	0.0004249
2.7673	0.000432743
2.7674	0.000663333
2.7675	0.000455004
2.7676	0.000449904
2.7677	0.000654872
2.7678	0.00050209
2.7679	0.000740146
2.768	0.000541411
2.7681	0.000700805
2.7682	0.000640959
2.7683	0.000660101
2.7684	0.000634727
2.7685	0.000714822
2.7686	0.000733381
2.7687	0.000741683
2.7688	0.00073038
2.7689	0.000742104
2.769	0.000394235
2.7691	0.000601542
2.7692	0.000472395
2.7693	0.000437663
2.7694	0.000604333
2.7695	0.000632647
2.7696	0.0005303
2.7697	0.000448469
2.7698	0.000617122
2.7699	0.000722679
2.77	0.00053019
2.7701	0.00067125
2.7702	0.000689439
2.7703	0.000673762
2.7704	0.000586043
2.7705	0.000640933
2.7706	0.000654798
2.7707	0.000751518
2.7708	0.000764357
2.7709	0.000624702
2.771	0.000532813
2.7711	0.000550334
2.7712	0.00061771
2.7713	0.000579702
2.7714	0.000640764
2.7715	0.000789749
2.7716	0.000481025
2.7717	0.000667314
2.7718	0.000513126
2.7719	0.000723479
2.772	0.00065804
2.7721	0.000399992
2.7722	0.000635978
2.7723	0.000769558
2.7724	0.000849189
2.7725	0.000720693
2.7726	0.000566774
2.7727	0.00074422
2.7728	0.000657358
2.7729	0.000687505
2.773	0.000778606
2.7731	0.0004429
2.7732	0.000589237
2.7733	0.000726641
2.7734	0.000540878
2.7735	0.000551519
2.7736	0.000640036
2.7737	0.000492745
2.7738	0.00057236
2.7739	0.000558267
2.774	0.000635818
2.7741	0.000600311
2.7742	0.000551592
2.7743	0.000524522
2.7744	0.000620751
2.7745	0.000573921
2.7746	0.000592384
2.7747	0.000536121
2.7748	0.000707285
2.7749	0.000710079
2.775	0.000801506
2.7751	0.000479261
2.7752	0.000748631
2.7753	0.000433322
2.7754	0.000511592
2.7755	0.000592704
2.7756	0.000551804
2.7757	0.000635188
2.7758	0.000606955
2.7759	0.000545214
2.776	0.000564322
2.7761	0.000646683
2.7762	0.000640901
2.7763	0.000797259
2.7764	0.000438223
2.7765	0.000537685
2.7766	0.000474849
2.7767	0.000438692
2.7768	0.000443683
2.7769	0.000569261
2.777	0.000795914
2.7771	0.000793043
2.7772	0.000553181
2.7773	0.000766699
2.7774	0.000810454
2.7775	0.000612492
2.7776	0.000449812
2.7777	0.000509777
2.7778	0.000460724
2.7779	0.000743012
2.778	0.00062726
2.7781	0.000618776
2.7782	0.000462073
2.7783	0.000687398
2.7784	0.000733863
2.7785	0.000531936
2.7786	0.000506045
2.7787	0.000578554
2.7788	0.000485247
2.7789	0.000452013
2.779	0.000658229
2.7791	0.00084451
2.7792	0.000800776
2.7793	0.000667554
2.7794	0.000614789
2.7795	0.000695878
2.7796	0.000678152
2.7797	0.000542745
2.7798	0.00061117
2.7799	0.00051252
2.78	0.000702291
2.7801	0.000600454
2.7802	0.0005165
2.7803	0.00057399
2.7804	0.000644401
2.7805	0.00064728
2.7806	0.000753719
2.7807	0.000454322
2.7808	0.000531026
2.7809	0.000482219
2.781	0.000652734
2.7811	0.000419489
2.7812	0.000366425
2.7813	0.000523463
2.7814	0.000563121
2.7815	0.000595857
2.7816	0.000532165
2.7817	0.000747845
2.7818	0.000547422
2.7819	0.00061074
2.782	0.000445525
2.7821	0.000625175
2.7822	0.000681885
2.7823	0.000531386
2.7824	0.000471584
2.7825	0.000449837
2.7826	0.000578031
2.7827	0.000603615
2.7828	0.000546241
2.7829	0.000541215
2.783	0.000451131
2.7831	0.000522699
2.7832	0.000585521
2.7833	0.000529
2.7834	0.000412468
2.7835	0.000490979
2.7836	0.000541324
2.7837	0.000620967
2.7838	0.000647002
2.7839	0.000559923
2.784	0.000485058
2.7841	0.000653633
2.7842	0.000439309
2.7843	0.000433687
2.7844	0.000611596
2.7845	0.000468198
2.7846	0.000599278
2.7847	0.000669236
2.7848	0.000574261
2.7849	0.00053995
2.785	0.000467657
2.7851	0.000359583
2.7852	0.000422631
2.7853	0.00053663
2.7854	0.000351901
2.7855	0.000507217
2.7856	0.000339745
2.7857	0.000440949
2.7858	0.000541102
2.7859	0.00055217
2.786	0.000534224
2.7861	0.00059343
2.7862	0.000651841
2.7863	0.000571723
2.7864	0.000627407
2.7865	0.000579022
2.7866	0.000475453
2.7867	0.000563125
2.7868	0.000554801
2.7869	0.000649504
2.787	0.000504999
2.7871	0.000570207
2.7872	0.00052056
2.7873	0.00048516
2.7874	0.000472013
2.7875	0.000578513
2.7876	0.000475901
2.7877	0.000362738
2.7878	0.00053475
2.7879	0.000464317
2.788	0.000452422
2.7881	0.000591958
2.7882	0.000550162
2.7883	0.000456471
2.7884	0.000586417
2.7885	0.000678657
2.7886	0.00070614
2.7887	0.000548894
2.7888	0.000451735
2.7889	0.000642799
2.789	0.000590199
2.7891	0.000476131
2.7892	0.000507919
2.7893	0.000439829
2.7894	0.000683864
2.7895	0.000497128
2.7896	0.000885277
2.7897	0.000533364
2.7898	0.000552176
2.7899	0.000612106
2.79	0.000618388
2.7901	0.000608635
2.7902	0.0007235
2.7903	0.000528872
2.7904	0.000645471
2.7905	0.000390234
2.7906	0.000521145
2.7907	0.000599082
2.7908	0.000760873
2.7909	0.000442457
2.791	0.00052568
2.7911	0.000684073
2.7912	0.000702708
2.7913	0.000695715
2.7914	0.000540333
2.7915	0.000496598
2.7916	0.00048714
2.7917	0.000465683
2.7918	0.000541123
2.7919	0.000669519
2.792	0.000562268
2.7921	0.000546189
2.7922	0.0007218
2.7923	0.000871647
2.7924	0.000730106
2.7925	0.000587849
2.7926	0.000593498
2.7927	0.000678464
2.7928	0.000476684
2.7929	0.000713238
2.793	0.000560832
2.7931	0.000630575
2.7932	0.000601143
2.7933	0.000514873
2.7934	0.000541485
2.7935	0.000542702
2.7936	0.000661505
2.7937	0.000710489
2.7938	0.000666957
2.7939	0.000546426
2.794	0.000439469
2.7941	0.000434125
2.7942	0.000642598
2.7943	0.000588205
2.7944	0.000571742
2.7945	0.000573254
2.7946	0.000730547
2.7947	0.000674941
2.7948	0.000762173
2.7949	0.000587779
2.795	0.000630919
2.7951	0.00089084
2.7952	0.000624711
2.7953	0.000763523
2.7954	0.000495063
2.7955	0.000601382
2.7956	0.000551403
2.7957	0.000557982
2.7958	0.00059053
2.7959	0.000580086
2.796	0.000441164
2.7961	0.000379856
2.7962	0.000374876
2.7963	0.000413866
2.7964	0.00057799
2.7965	0.00067047
2.7966	0.00060739
2.7967	0.000588014
2.7968	0.000574045
2.7969	0.00073674
2.797	0.000395208
2.7971	0.000753893
2.7972	0.000695499
2.7973	0.000854956
2.7974	0.000476346
2.7975	0.00070212
2.7976	0.000660309
2.7977	0.000413339
2.7978	0.000559865
2.7979	0.000666507
2.798	0.000464867
2.7981	0.000447332
2.7982	0.000398917
2.7983	0.000396652
2.7984	0.000435903
2.7985	0.000446573
2.7986	0.000565887
2.7987	0.000517647
2.7988	0.000461033
2.7989	0.000645819
2.799	0.000745185
2.7991	0.000598038
2.7992	0.000674993
2.7993	0.000680907
2.7994	0.000826423
2.7995	0.000628081
2.7996	0.000589895
2.7997	0.000780692
2.7998	0.000592515
2.7999	0.000676095
2.8	0.000649748
2.8001	0.000645195
2.8002	0.000840084
2.8003	0.000546828
2.8004	0.000505871
2.8005	0.000456782
2.8006	0.000477151
2.8007	0.000583468
2.8008	0.000474409
2.8009	0.000366808
2.801	0.000465471
2.8011	0.00064972
2.8012	0.000709408
2.8013	0.000628882
2.8014	0.000519774
2.8015	0.000729334
2.8016	0.00093582
2.8017	0.000822666
2.8018	0.000570892
2.8019	0.000815457
2.802	0.000767375
2.8021	0.000673073
2.8022	0.000528746
2.8023	0.000608011
2.8024	0.000539257
2.8025	0.000422176
2.8026	0.000605187
2.8027	0.000564232
2.8028	0.000752158
2.8029	0.000444467
2.803	0.000569074
2.8031	0.000624311
2.8032	0.000460543
2.8033	0.000354513
2.8034	0.000566617
2.8035	0.000495307
2.8036	0.000757986
2.8037	0.000549244
2.8038	0.000699658
2.8039	0.000582321
2.804	0.000648392
2.8041	0.000613989
2.8042	0.000719174
2.8043	0.000666915
2.8044	0.000693514
2.8045	0.000726907
2.8046	0.000478281
2.8047	0.000468949
2.8048	0.00065153
2.8049	0.000505112
2.805	0.00056416
2.8051	0.00063656
2.8052	0.000612567
2.8053	0.000690735
2.8054	0.000525882
2.8055	0.000659298
2.8056	0.00067973
2.8057	0.00057597
2.8058	0.000736154
2.8059	0.00076115
2.806	0.000586303
2.8061	0.00054258
2.8062	0.000667587
2.8063	0.000679964
2.8064	0.000694665
2.8065	0.000685345
2.8066	0.00062301
2.8067	0.000473417
2.8068	0.000524507
2.8069	0.000612923
2.807	0.000500323
2.8071	0.000663705
2.8072	0.000602929
2.8073	0.000525498
2.8074	0.000614973
2.8075	0.000561341
2.8076	0.000721726
2.8077	0.000679364
2.8078	0.000426746
2.8079	0.000633717
2.808	0.000704757
2.8081	0.000637006
2.8082	0.000748274
2.8083	0.000616611
2.8084	0.000718249
2.8085	0.000618913
2.8086	0.000757708
2.8087	0.000834999
2.8088	0.000493128
2.8089	0.000597369
2.809	0.00077469
2.8091	0.000509215
2.8092	0.000527391
2.8093	0.000643074
2.8094	0.000494113
2.8095	0.00048961
2.8096	0.000592405
2.8097	0.000720239
2.8098	0.000565346
2.8099	0.000506845
2.81	0.000504815
2.8101	0.00061119
2.8102	0.000526616
2.8103	0.000628597
2.8104	0.000541404
2.8105	0.000668586
2.8106	0.000696662
2.8107	0.000743551
2.8108	0.000515679
2.8109	0.000688253
2.811	0.000394524
2.8111	0.000492251
2.8112	0.000506506
2.8113	0.000610996
2.8114	0.000625383
2.8115	0.000603891
2.8116	0.000635625
2.8117	0.000607027
2.8118	0.00045094
2.8119	0.000614326
2.812	0.000893098
2.8121	0.000418111
2.8122	0.00057131
2.8123	0.000493077
2.8124	0.000407132
2.8125	0.000515483
2.8126	0.000537465
2.8127	0.000784547
2.8128	0.000548411
2.8129	0.000604673
2.813	0.000707045
2.8131	0.000901958
2.8132	0.000750039
2.8133	0.000492132
2.8134	0.000586011
2.8135	0.00051374
2.8136	0.000567879
2.8137	0.000646825
2.8138	0.000643979
2.8139	0.000467924
2.814	0.00066879
2.8141	0.00062523
2.8142	0.000508924
2.8143	0.000626354
2.8144	0.000629951
2.8145	0.000423364
2.8146	0.00052747
2.8147	0.000659489
2.8148	0.000671931
2.8149	0.000889677
2.815	0.000645214
2.8151	0.00068364
2.8152	0.000805315
2.8153	0.000689193
2.8154	0.000556442
2.8155	0.000658127
2.8156	0.0004856
2.8157	0.000722324
2.8158	0.000686223
2.8159	0.00050255
2.816	0.00060496
2.8161	0.000661673
2.8162	0.000656291
2.8163	0.000719489
2.8164	0.000415703
2.8165	0.000607927
2.8166	0.000462488
2.8167	0.000655004
2.8168	0.000419832
2.8169	0.000350159
2.817	0.000550021
2.8171	0.000594803
2.8172	0.000611775
2.8173	0.000565422
2.8174	0.000659445
2.8175	0.00069386
2.8176	0.000619938
2.8177	0.000475598
2.8178	0.000518663
2.8179	0.0005855
2.818	0.000657554
2.8181	0.000688454
2.8182	0.000411109
2.8183	0.000567672
2.8184	0.000640126
2.8185	0.000493998
2.8186	0.000666879
2.8187	0.000470884
2.8188	0.000501371
2.8189	0.000602558
2.819	0.000581767
2.8191	0.000408126
2.8192	0.000493023
2.8193	0.000548429
2.8194	0.000599832
2.8195	0.000559157
2.8196	0.000463779
2.8197	0.000715055
2.8198	0.000538405
2.8199	0.000415472
2.82	0.000422568
2.8201	0.000626827
2.8202	0.000495765
2.8203	0.000693444
2.8204	0.000531693
2.8205	0.000706728
2.8206	0.000804662
2.8207	0.000456024
2.8208	0.000409516
2.8209	0.000361834
2.821	0.000547539
2.8211	0.000420455
2.8212	0.000456624
2.8213	0.00034873
2.8214	0.000473021
2.8215	0.000594236
2.8216	0.000585868
2.8217	0.000550763
2.8218	0.000469631
2.8219	0.000767562
2.822	0.000814076
2.8221	0.000542857
2.8222	0.000417266
2.8223	0.000629467
2.8224	0.000480921
2.8225	0.00050415
2.8226	0.000586355
2.8227	0.0006219
2.8228	0.000467698
2.8229	0.000656821
2.823	0.000496987
2.8231	0.000484987
2.8232	0.000655066
2.8233	0.000403585
2.8234	0.000466359
2.8235	0.000389711
2.8236	0.000487357
2.8237	0.000454295
2.8238	0.000630682
2.8239	0.000458184
2.824	0.00057344
2.8241	0.000772636
2.8242	0.000506465
2.8243	0.000565554
2.8244	0.000458404
2.8245	0.000623495
2.8246	0.00059117
2.8247	0.000595842
2.8248	0.000570186
2.8249	0.000477146
2.825	0.000368277
2.8251	0.000728075
2.8252	0.000637144
2.8253	0.000867338
2.8254	0.000544738
2.8255	0.000465988
2.8256	0.000539427
2.8257	0.000806338
2.8258	0.000696105
2.8259	0.00062918
2.826	0.000470468
2.8261	0.000534692
2.8262	0.000393174
2.8263	0.000678007
2.8264	0.000680141
2.8265	0.000658074
2.8266	0.00061534
2.8267	0.000496906
2.8268	0.000703587
2.8269	0.000606041
2.827	0.000615473
2.8271	0.000529736
2.8272	0.000453426
2.8273	0.000543209
2.8274	0.000445874
2.8275	0.000617718
2.8276	0.000654273
2.8277	0.000519626
2.8278	0.000729592
2.8279	0.000691795
2.828	0.000682803
2.8281	0.00067189
2.8282	0.000579298
2.8283	0.000556697
2.8284	0.000646537
2.8285	0.000590864
2.8286	0.000710407
2.8287	0.00049039
2.8288	0.000626634
2.8289	0.000465385
2.829	0.000504507
2.8291	0.000508142
2.8292	0.00069394
2.8293	0.000540456
2.8294	0.000604496
2.8295	0.000583699
2.8296	0.000416128
2.8297	0.000486147
2.8298	0.000407044
2.8299	0.000608871
2.83	0.000642298
2.8301	0.000678032
2.8302	0.000498397
2.8303	0.000653247
2.8304	0.000761842
2.8305	0.000807862
2.8306	0.000687688
2.8307	0.000674659
2.8308	0.00069694
2.8309	0.00065438
2.831	0.00078017
2.8311	0.000550281
2.8312	0.000538105
2.8313	0.000561038
2.8314	0.000514989
2.8315	0.000588462
2.8316	0.000639157
2.8317	0.000481097
2.8318	0.000424539
2.8319	0.00035551
2.832	0.000414724
2.8321	0.000700578
2.8322	0.000711406
2.8323	0.000572283
2.8324	0.000544895
2.8325	0.000561779
2.8326	0.000729162
2.8327	0.000397504
2.8328	0.000793506
2.8329	0.000589141
2.833	0.000908921
2.8331	0.000552507
2.8332	0.000749617
2.8333	0.000614952
2.8334	0.000449512
2.8335	0.000563203
2.8336	0.000633386
2.8337	0.000499436
2.8338	0.000482754
2.8339	0.000416021
2.834	0.000472198
2.8341	0.00042076
2.8342	0.000600212
2.8343	0.000589337
2.8344	0.000410512
2.8345	0.000473295
2.8346	0.000612573
2.8347	0.000923145
2.8348	0.000749588
2.8349	0.000709524
2.835	0.000658388
2.8351	0.000765929
2.8352	0.000653082
2.8353	0.000571765
2.8354	0.000557469
2.8355	0.000661358
2.8356	0.000695379
2.8357	0.00049504
2.8358	0.000435538
2.8359	0.000759461
2.836	0.000485001
2.8361	0.00050889
2.8362	0.00047259
2.8363	0.000574914
2.8364	0.000612041
2.8365	0.00049037
2.8366	0.000357575
2.8367	0.000595846
2.8368	0.00056784
2.8369	0.000723946
2.837	0.000885848
2.8371	0.000521883
2.8372	0.000796791
2.8373	0.000869407
2.8374	0.000558912
2.8375	0.000630219
2.8376	0.000827341
2.8377	0.000853726
2.8378	0.000548808
2.8379	0.000576181
2.838	0.000569399
2.8381	0.000585682
2.8382	0.00047098
2.8383	0.000575155
2.8384	0.000641158
2.8385	0.000687602
2.8386	0.000414656
2.8387	0.000635876
2.8388	0.000641538
2.8389	0.000477386
2.839	0.000416155
2.8391	0.000588191
2.8392	0.00058272
2.8393	0.000728913
2.8394	0.000556292
2.8395	0.000735807
2.8396	0.000583514
2.8397	0.000724739
2.8398	0.00063736
2.8399	0.000590422
2.84	0.000561921
2.8401	0.000692675
2.8402	0.000823316
2.8403	0.000644779
2.8404	0.000516545
2.8405	0.000607468
2.8406	0.0005844
2.8407	0.000409791
2.8408	0.000519921
2.8409	0.000615841
2.841	0.000618619
2.8411	0.00059603
2.8412	0.000651507
2.8413	0.000721647
2.8414	0.00052303
2.8415	0.000758083
2.8416	0.000671304
2.8417	0.000650064
2.8418	0.000567134
2.8419	0.000431917
2.842	0.000891677
2.8421	0.000632128
2.8422	0.000730181
2.8423	0.000632602
2.8424	0.000452584
2.8425	0.000602979
2.8426	0.000612128
2.8427	0.000611582
2.8428	0.00061757
2.8429	0.000654224
2.843	0.000589135
2.8431	0.000663545
2.8432	0.000703908
2.8433	0.000712529
2.8434	0.000614543
2.8435	0.000432087
2.8436	0.000579812
2.8437	0.000663765
2.8438	0.000751878
2.8439	0.000622809
2.844	0.000490433
2.8441	0.000526026
2.8442	0.000603367
2.8443	0.000763165
2.8444	0.000822409
2.8445	0.000404734
2.8446	0.00057014
2.8447	0.000618628
2.8448	0.000504551
2.8449	0.000595574
2.845	0.000585576
2.8451	0.00038177
2.8452	0.000614441
2.8453	0.000428816
2.8454	0.000553089
2.8455	0.000562965
2.8456	0.000509803
2.8457	0.000432376
2.8458	0.00051244
2.8459	0.000553016
2.846	0.000683053
2.8461	0.000460401
2.8462	0.000584536
2.8463	0.00060766
2.8464	0.000775271
2.8465	0.000505579
2.8466	0.000890014
2.8467	0.000531443
2.8468	0.000455573
2.8469	0.000549546
2.847	0.000816687
2.8471	0.000732248
2.8472	0.000569339
2.8473	0.000694516
2.8474	0.000645111
2.8475	0.000642357
2.8476	0.000820096
2.8477	0.000835931
2.8478	0.000540384
2.8479	0.000652599
2.848	0.000527835
2.8481	0.00037925
2.8482	0.000513756
2.8483	0.000778968
2.8484	0.000677431
2.8485	0.000647467
2.8486	0.000646277
2.8487	0.000606136
2.8488	0.000747943
2.8489	0.000504052
2.849	0.000512526
2.8491	0.000509948
2.8492	0.000545813
2.8493	0.000699156
2.8494	0.000651952
2.8495	0.00089323
2.8496	0.00059953
2.8497	0.000668871
2.8498	0.000484719
2.8499	0.000710323
2.85	0.000537446
2.8501	0.000692931
2.8502	0.000523118
2.8503	0.000422757
2.8504	0.000784012
2.8505	0.000706082
2.8506	0.00081032
2.8507	0.000758495
2.8508	0.000681509
2.8509	0.000821459
2.851	0.000772418
2.8511	0.00059319
2.8512	0.000601668
2.8513	0.000504338
2.8514	0.000713367
2.8515	0.000785426
2.8516	0.000573598
2.8517	0.000644438
2.8518	0.000578167
2.8519	0.000692107
2.852	0.00069918
2.8521	0.000444225
2.8522	0.0005093
2.8523	0.000506937
2.8524	0.000549158
2.8525	0.000421886
2.8526	0.000452659
2.8527	0.000562783
2.8528	0.000615442
2.8529	0.000650545
2.853	0.000610233
2.8531	0.000685002
2.8532	0.000556873
2.8533	0.000670424
2.8534	0.000458676
2.8535	0.000666721
2.8536	0.00055494
2.8537	0.000637463
2.8538	0.000563936
2.8539	0.000481718
2.854	0.000561752
2.8541	0.000495435
2.8542	0.000548034
2.8543	0.000565041
2.8544	0.000596525
2.8545	0.000546704
2.8546	0.000519149
2.8547	0.000498046
2.8548	0.000497672
2.8549	0.000671057
2.855	0.000616413
2.8551	0.00049436
2.8552	0.000522156
2.8553	0.000596745
2.8554	0.00056168
2.8555	0.00045762
2.8556	0.000512791
2.8557	0.000525671
2.8558	0.000499199
2.8559	0.00064005
2.856	0.000751568
2.8561	0.000633952
2.8562	0.00062691
2.8563	0.000693504
2.8564	0.000443694
2.8565	0.0004003
2.8566	0.000405603
2.8567	0.000539059
2.8568	0.000427908
2.8569	0.000487077
2.857	0.000368283
2.8571	0.000573699
2.8572	0.000622314
2.8573	0.000388148
2.8574	0.000433391
2.8575	0.000625558
2.8576	0.000726303
2.8577	0.000842562
2.8578	0.000538734
2.8579	0.000433551
2.858	0.000517936
2.8581	0.000521274
2.8582	0.000543738
2.8583	0.000677413
2.8584	0.000455188
2.8585	0.000550175
2.8586	0.000531338
2.8587	0.000640881
2.8588	0.000476323
2.8589	0.000530261
2.859	0.000459454
2.8591	0.000390512
2.8592	0.000465139
2.8593	0.000502613
2.8594	0.000582358
2.8595	0.000409294
2.8596	0.000583442
2.8597	0.000589671
2.8598	0.000628251
2.8599	0.000571607
2.86	0.000639703
2.8601	0.000588227
2.8602	0.000485093
2.8603	0.000547095
2.8604	0.000514062
2.8605	0.000437772
2.8606	0.000423803
2.8607	0.000663161
2.8608	0.000716746
2.8609	0.000619957
2.861	0.000606306
2.8611	0.000593664
2.8612	0.000518204
2.8613	0.000522312
2.8614	0.000627104
2.8615	0.000662517
2.8616	0.000699629
2.8617	0.000420827
2.8618	0.000474653
2.8619	0.000446726
2.862	0.000533638
2.8621	0.00056401
2.8622	0.000809062
2.8623	0.000622296
2.8624	0.000579748
2.8625	0.000713831
2.8626	0.00052722
2.8627	0.000539944
2.8628	0.000727336
2.8629	0.000494094
2.863	0.000464707
2.8631	0.000491208
2.8632	0.000440969
2.8633	0.00054727
2.8634	0.000725965
2.8635	0.000739915
2.8636	0.000797776
2.8637	0.000761478
2.8638	0.000553695
2.8639	0.000576312
2.864	0.000592987
2.8641	0.000632281
2.8642	0.000530682
2.8643	0.00055648
2.8644	0.000777043
2.8645	0.000638089
2.8646	0.000519972
2.8647	0.000569506
2.8648	0.000486642
2.8649	0.00041383
2.865	0.000681181
2.8651	0.000624597
2.8652	0.00070611
2.8653	0.000903207
2.8654	0.000454853
2.8655	0.000381327
2.8656	0.000575338
2.8657	0.00055585
2.8658	0.000698016
2.8659	0.000541974
2.866	0.000678447
2.8661	0.00087281
2.8662	0.000748412
2.8663	0.000569516
2.8664	0.000687261
2.8665	0.00050229
2.8666	0.000796007
2.8667	0.000846735
2.8668	0.000445943
2.8669	0.000612048
2.867	0.000534632
2.8671	0.00055687
2.8672	0.000570968
2.8673	0.000681278
2.8674	0.000630936
2.8675	0.000417652
2.8676	0.000381015
2.8677	0.000445064
2.8678	0.000654397
2.8679	0.000582577
2.868	0.00058744
2.8681	0.000538569
2.8682	0.000599144
2.8683	0.000734648
2.8684	0.000701738
2.8685	0.000560662
2.8686	0.000716388
2.8687	0.000714666
2.8688	0.000825461
2.8689	0.00070814
2.869	0.000603389
2.8691	0.000393205
2.8692	0.00062547
2.8693	0.0005726
2.8694	0.000456874
2.8695	0.000578522
2.8696	0.000445521
2.8697	0.000450492
2.8698	0.000538115
2.8699	0.000476422
2.87	0.000557023
2.8701	0.000462957
2.8702	0.000599084
2.8703	0.000779415
2.8704	0.000824519
2.8705	0.000641385
2.8706	0.00049953
2.8707	0.000589379
2.8708	0.000903535
2.8709	0.000681093
2.871	0.000478183
2.8711	0.000562072
2.8712	0.000627036
2.8713	0.000674865
2.8714	0.00075519
2.8715	0.00054672
2.8716	0.000439483
2.8717	0.000576481
2.8718	0.000411915
2.8719	0.000467072
2.872	0.000535286
2.8721	0.000514515
2.8722	0.000359399
2.8723	0.000413431
2.8724	0.000586261
2.8725	0.000530536
2.8726	0.000584027
2.8727	0.00060685
2.8728	0.000574199
2.8729	0.000853019
2.873	0.000887555
2.8731	0.000843186
2.8732	0.000697294
2.8733	0.000631503
2.8734	0.000743311
2.8735	0.000666314
2.8736	0.000538751
2.8737	0.000485018
2.8738	0.000454328
2.8739	0.000549336
2.874	0.000469031
2.8741	0.000711663
2.8742	0.000656902
2.8743	0.000546069
2.8744	0.000578929
2.8745	0.000495171
2.8746	0.000474809
2.8747	0.000507108
2.8748	0.000567303
2.8749	0.000528613
2.875	0.000787916
2.8751	0.000695782
2.8752	0.000512564
2.8753	0.000624085
2.8754	0.000790043
2.8755	0.000743933
2.8756	0.000636915
2.8757	0.000644892
2.8758	0.000745966
2.8759	0.00073519
2.876	0.000616952
2.8761	0.000458764
2.8762	0.000586757
2.8763	0.000576746
2.8764	0.000608777
2.8765	0.000521726
2.8766	0.00066001
2.8767	0.00068465
2.8768	0.000684576
2.8769	0.000692631
2.877	0.000562718
2.8771	0.000699265
2.8772	0.000808522
2.8773	0.000774432
2.8774	0.000504898
2.8775	0.000808742
2.8776	0.000628159
2.8777	0.000714454
2.8778	0.000817497
2.8779	0.000736585
2.878	0.000501105
2.8781	0.000456367
2.8782	0.000620492
2.8783	0.000601464
2.8784	0.000712593
2.8785	0.000771054
2.8786	0.000655127
2.8787	0.000689061
2.8788	0.000608614
2.8789	0.000617686
2.879	0.000521086
2.8791	0.000581674
2.8792	0.000490365
2.8793	0.000558328
2.8794	0.000804161
2.8795	0.000647192
2.8796	0.00083551
2.8797	0.000554759
2.8798	0.000669016
2.8799	0.000771907
2.88	0.000711931
2.8801	0.000669525
2.8802	0.000460898
2.8803	0.000524709
2.8804	0.000597185
2.8805	0.000530387
2.8806	0.000629695
2.8807	0.000699099
2.8808	0.000460023
2.8809	0.000670606
2.881	0.000583158
2.8811	0.000687294
2.8812	0.00057495
2.8813	0.000562819
2.8814	0.000577759
2.8815	0.000546296
2.8816	0.000639859
2.8817	0.000623713
2.8818	0.00057559
2.8819	0.000609688
2.882	0.000652276
2.8821	0.000676093
2.8822	0.000476778
2.8823	0.000661236
2.8824	0.000498403
2.8825	0.000547072
2.8826	0.000501274
2.8827	0.00075973
2.8828	0.000671843
2.8829	0.000569225
2.883	0.000754504
2.8831	0.000549524
2.8832	0.000513775
2.8833	0.00095898
2.8834	0.000671396
2.8835	0.000712485
2.8836	0.000545812
2.8837	0.000410326
2.8838	0.000504771
2.8839	0.000643187
2.884	0.000722641
2.8841	0.00068663
2.8842	0.000626481
2.8843	0.000609394
2.8844	0.000770285
2.8845	0.000590616
2.8846	0.000638351
2.8847	0.000437036
2.8848	0.000580462
2.8849	0.000585218
2.885	0.000605126
2.8851	0.000721098
2.8852	0.000660709
2.8853	0.000512645
2.8854	0.000553138
2.8855	0.000793169
2.8856	0.000524684
2.8857	0.000633237
2.8858	0.000525094
2.8859	0.000487126
2.886	0.000563904
2.8861	0.00061742
2.8862	0.000755667
2.8863	0.000805529
2.8864	0.000666988
2.8865	0.000759312
2.8866	0.000629925
2.8867	0.000753405
2.8868	0.000452669
2.8869	0.000619726
2.887	0.000644421
2.8871	0.000538182
2.8872	0.000772714
2.8873	0.000510822
2.8874	0.00048295
2.8875	0.000540065
2.8876	0.0006549
2.8877	0.000592883
2.8878	0.000500144
2.8879	0.000451927
2.888	0.000614994
2.8881	0.000411327
2.8882	0.000377148
2.8883	0.000463617
2.8884	0.00051702
2.8885	0.000543887
2.8886	0.000673942
2.8887	0.000573165
2.8888	0.000705432
2.8889	0.000711708
2.889	0.000563485
2.8891	0.000481629
2.8892	0.000526544
2.8893	0.000643461
2.8894	0.000546829
2.8895	0.000618643
2.8896	0.000474107
2.8897	0.000487017
2.8898	0.000651494
2.8899	0.000519477
2.89	0.000613978
2.8901	0.00049051
2.8902	0.0005116
2.8903	0.0005033
2.8904	0.000405218
2.8905	0.000504864
2.8906	0.000608928
2.8907	0.000615642
2.8908	0.00052483
2.8909	0.000510543
2.891	0.00059114
2.8911	0.000563594
2.8912	0.00049971
2.8913	0.000428759
2.8914	0.000548283
2.8915	0.000493673
2.8916	0.000660416
2.8917	0.00058239
2.8918	0.000738282
2.8919	0.000725759
2.892	0.000489319
2.8921	0.000411701
2.8922	0.000332083
2.8923	0.000481641
2.8924	0.000489929
2.8925	0.000433581
2.8926	0.000373693
2.8927	0.000385263
2.8928	0.000510591
2.8929	0.000669795
2.893	0.000386147
2.8931	0.000438916
2.8932	0.000606333
2.8933	0.00078685
2.8934	0.000859232
2.8935	0.000532722
2.8936	0.000445969
2.8937	0.000606971
2.8938	0.000494113
2.8939	0.000444745
2.894	0.000743375
2.8941	0.000463572
2.8942	0.000624629
2.8943	0.000583794
2.8944	0.000521259
2.8945	0.00063693
2.8946	0.000518236
2.8947	0.000507333
2.8948	0.000472164
2.8949	0.000425669
2.895	0.000598099
2.8951	0.000604709
2.8952	0.000383141
2.8953	0.000505433
2.8954	0.000574501
2.8955	0.000782086
2.8956	0.000671359
2.8957	0.000465168
2.8958	0.0006486
2.8959	0.000541853
2.896	0.000679503
2.8961	0.000482279
2.8962	0.000403663
2.8963	0.000476747
2.8964	0.000575156
2.8965	0.000542763
2.8966	0.00077842
2.8967	0.000515168
2.8968	0.000485564
2.8969	0.000609362
2.897	0.000596694
2.8971	0.0005951
2.8972	0.00057903
2.8973	0.000670877
2.8974	0.000458114
2.8975	0.000458866
2.8976	0.000527053
2.8977	0.000641237
2.8978	0.000429606
2.8979	0.000691967
2.898	0.00068312
2.8981	0.000653775
2.8982	0.000600016
2.8983	0.000506045
2.8984	0.000702793
2.8985	0.000503046
2.8986	0.000589546
2.8987	0.000507814
2.8988	0.0005267
2.8989	0.000652831
2.899	0.0006396
2.8991	0.000618811
2.8992	0.000736674
2.8993	0.000620796
2.8994	0.000641035
2.8995	0.000591828
2.8996	0.000759523
2.8997	0.000714579
2.8998	0.000562725
2.8999	0.000558229
2.9	0.000676202
2.9001	0.000601881
2.9002	0.000567158
2.9003	0.000518316
2.9004	0.000416074
2.9005	0.000546278
2.9006	0.000517211
2.9007	0.000786059
2.9008	0.00067537
2.9009	0.000565047
2.901	0.000493585
2.9011	0.000417854
2.9012	0.000501293
2.9013	0.00059328
2.9014	0.000624862
2.9015	0.000614588
2.9016	0.000620165
2.9017	0.000786206
2.9018	0.000791716
2.9019	0.000616039
2.902	0.000444213
2.9021	0.000732653
2.9022	0.00094788
2.9023	0.000851834
2.9024	0.000455002
2.9025	0.000518084
2.9026	0.000602412
2.9027	0.000555325
2.9028	0.000579837
2.9029	0.000777716
2.903	0.000628536
2.9031	0.000574828
2.9032	0.000381919
2.9033	0.000523474
2.9034	0.000487565
2.9035	0.0006642
2.9036	0.000470746
2.9037	0.000598305
2.9038	0.000616214
2.9039	0.00066666
2.904	0.000503036
2.9041	0.000779882
2.9042	0.000582898
2.9043	0.000819067
2.9044	0.000834704
2.9045	0.000722941
2.9046	0.000802544
2.9047	0.000492338
2.9048	0.000482012
2.9049	0.000665487
2.905	0.000716536
2.9051	0.000769539
2.9052	0.000425136
2.9053	0.000395355
2.9054	0.000506043
2.9055	0.000599951
2.9056	0.000620029
2.9057	0.000424033
2.9058	0.000446903
2.9059	0.000737871
2.906	0.000823923
2.9061	0.000533998
2.9062	0.000586413
2.9063	0.000681317
2.9064	0.000921312
2.9065	0.000675211
2.9066	0.000741405
2.9067	0.000593834
2.9068	0.000633246
2.9069	0.000492219
2.907	0.000655324
2.9071	0.000585852
2.9072	0.000770737
2.9073	0.000488565
2.9074	0.000504
2.9075	0.00046625
2.9076	0.000506686
2.9077	0.000616631
2.9078	0.000484722
2.9079	0.000316544
2.908	0.000387798
2.9081	0.000679543
2.9082	0.000701196
2.9083	0.00076399
2.9084	0.000705814
2.9085	0.000641236
2.9086	0.000829629
2.9087	0.000796593
2.9088	0.000757125
2.9089	0.000559099
2.909	0.000580658
2.9091	0.000694811
2.9092	0.000708103
2.9093	0.000588751
2.9094	0.0005048
2.9095	0.000422823
2.9096	0.000639464
2.9097	0.00056686
2.9098	0.000808598
2.9099	0.000425647
2.91	0.000568608
2.9101	0.000637969
2.9102	0.000450181
2.9103	0.000529072
2.9104	0.000498806
2.9105	0.000574481
2.9106	0.000779442
2.9107	0.000546427
2.9108	0.000693263
2.9109	0.000510731
2.911	0.000731475
2.9111	0.000446459
2.9112	0.000674132
2.9113	0.0005917
2.9114	0.000689161
2.9115	0.000735784
2.9116	0.000713173
2.9117	0.000462722
2.9118	0.000503846
2.9119	0.000549119
2.912	0.000547829
2.9121	0.000508768
2.9122	0.000539956
2.9123	0.000616778
2.9124	0.000638025
2.9125	0.000584994
2.9126	0.0006554
2.9127	0.000529221
2.9128	0.000803206
2.9129	0.000779652
2.913	0.000576264
2.9131	0.000663624
2.9132	0.000644444
2.9133	0.000762408
2.9134	0.000720016
2.9135	0.000768218
2.9136	0.000734117
2.9137	0.000573813
2.9138	0.000521161
2.9139	0.000483882
2.914	0.000654713
2.9141	0.000770993
2.9142	0.000758347
2.9143	0.000506745
2.9144	0.000686768
2.9145	0.000638392
2.9146	0.000678349
2.9147	0.00047679
2.9148	0.000457838
2.9149	0.000498455
2.915	0.000520849
2.9151	0.00061289
2.9152	0.000750813
2.9153	0.000663068
2.9154	0.000645354
2.9155	0.000724196
2.9156	0.000590456
2.9157	0.000691521
2.9158	0.000565621
2.9159	0.000487496
2.916	0.000556846
2.9161	0.000630298
2.9162	0.000632608
2.9163	0.000664358
2.9164	0.000530023
2.9165	0.000624393
2.9166	0.000502216
2.9167	0.000520117
2.9168	0.00072886
2.9169	0.000605303
2.917	0.000425423
2.9171	0.000551215
2.9172	0.000612485
2.9173	0.000584498
2.9174	0.000841531
2.9175	0.000752348
2.9176	0.000573587
2.9177	0.000877556
2.9178	0.000674384
2.9179	0.000651534
2.918	0.000728388
2.9181	0.000574764
2.9182	0.000684762
2.9183	0.000653931
2.9184	0.000754071
2.9185	0.000776862
2.9186	0.000654027
2.9187	0.000622529
2.9188	0.000567837
2.9189	0.000738469
2.919	0.000789215
2.9191	0.000693421
2.9192	0.000550114
2.9193	0.000574166
2.9194	0.000513799
2.9195	0.000562439
2.9196	0.000625173
2.9197	0.000871405
2.9198	0.000773993
2.9199	0.00059556
2.92	0.000686102
2.9201	0.000728356
2.9202	0.000683141
2.9203	0.000498216
2.9204	0.0004735
2.9205	0.000457919
2.9206	0.000627842
2.9207	0.000595
2.9208	0.000579748
2.9209	0.000563033
2.921	0.000684485
2.9211	0.000633415
2.9212	0.000842121
2.9213	0.00048964
2.9214	0.000630831
2.9215	0.000496406
2.9216	0.000503526
2.9217	0.000666077
2.9218	0.00081449
2.9219	0.000736588
2.922	0.000679791
2.9221	0.000675771
2.9222	0.000736807
2.9223	0.000776196
2.9224	0.000669394
2.9225	0.000468388
2.9226	0.000542699
2.9227	0.000600928
2.9228	0.00049703
2.9229	0.000842295
2.923	0.000482276
2.9231	0.000634144
2.9232	0.000685754
2.9233	0.000716826
2.9234	0.00048975
2.9235	0.000492081
2.9236	0.000519499
2.9237	0.000610149
2.9238	0.000328203
2.9239	0.000437004
2.924	0.000522655
2.9241	0.000622629
2.9242	0.000573605
2.9243	0.000556864
2.9244	0.000715845
2.9245	0.000594365
2.9246	0.000787991
2.9247	0.000477957
2.9248	0.000583886
2.9249	0.000584268
2.925	0.000535874
2.9251	0.000518898
2.9252	0.000522976
2.9253	0.000567773
2.9254	0.000473706
2.9255	0.000669768
2.9256	0.000466375
2.9257	0.000522141
2.9258	0.000537111
2.9259	0.000559059
2.926	0.000537831
2.9261	0.000425866
2.9262	0.000418953
2.9263	0.000542582
2.9264	0.000612883
2.9265	0.000679567
2.9266	0.000556298
2.9267	0.000673339
2.9268	0.000571214
2.9269	0.000508772
2.927	0.000411158
2.9271	0.000593427
2.9272	0.000454428
2.9273	0.000580101
2.9274	0.00057247
2.9275	0.000463263
2.9276	0.000724255
2.9277	0.000483204
2.9278	0.00038104
2.9279	0.000464983
2.928	0.000453152
2.9281	0.000505546
2.9282	0.000523848
2.9283	0.000355648
2.9284	0.000416317
2.9285	0.000506672
2.9286	0.000635535
2.9287	0.000461304
2.9288	0.000529806
2.9289	0.0005943
2.929	0.000900526
2.9291	0.000599053
2.9292	0.000474856
2.9293	0.000522313
2.9294	0.000574417
2.9295	0.000503022
2.9296	0.000545103
2.9297	0.000736647
2.9298	0.000507509
2.9299	0.000591941
2.93	0.000588391
2.9301	0.000470215
2.9302	0.000706129
2.9303	0.000455194
2.9304	0.000552176
2.9305	0.000407052
2.9306	0.000458138
2.9307	0.00044788
2.9308	0.000601822
2.9309	0.000510752
2.931	0.000491501
2.9311	0.000484823
2.9312	0.000781069
2.9313	0.000655266
2.9314	0.000534851
2.9315	0.000521811
2.9316	0.000633191
2.9317	0.000625044
2.9318	0.000545744
2.9319	0.000425755
2.932	0.000425298
2.9321	0.000614214
2.9322	0.000597281
2.9323	0.000677978
2.9324	0.000567335
2.9325	0.000495999
2.9326	0.000628804
2.9327	0.000799932
2.9328	0.000621746
2.9329	0.000754616
2.933	0.000480019
2.9331	0.000566155
2.9332	0.000408913
2.9333	0.000633228
2.9334	0.000747082
2.9335	0.000683018
2.9336	0.000418226
2.9337	0.000577562
2.9338	0.000741366
2.9339	0.000637362
2.934	0.000678182
2.9341	0.00057473
2.9342	0.000420696
2.9343	0.000510591
2.9344	0.000435516
2.9345	0.000521293
2.9346	0.000732747
2.9347	0.000773858
2.9348	0.000640192
2.9349	0.000736885
2.935	0.000815982
2.9351	0.00064657
2.9352	0.000573044
2.9353	0.000667584
2.9354	0.000657677
2.9355	0.000466645
2.9356	0.000646301
2.9357	0.000533421
2.9358	0.00055882
2.9359	0.000669338
2.936	0.000551806
2.9361	0.000541066
2.9362	0.000465614
2.9363	0.00062981
2.9364	0.000555197
2.9365	0.000705631
2.9366	0.000564177
2.9367	0.000440706
2.9368	0.000600727
2.9369	0.000606744
2.937	0.00051316
2.9371	0.00060166
2.9372	0.000571255
2.9373	0.000580301
2.9374	0.000722967
2.9375	0.000833626
2.9376	0.000513589
2.9377	0.000568044
2.9378	0.00081564
2.9379	0.000673829
2.938	0.000859911
2.9381	0.000420634
2.9382	0.000600415
2.9383	0.000566972
2.9384	0.000707187
2.9385	0.000670548
2.9386	0.000838906
2.9387	0.0005024
2.9388	0.00040145
2.9389	0.000426787
2.939	0.000410068
2.9391	0.000504501
2.9392	0.000617382
2.9393	0.000572646
2.9394	0.000771696
2.9395	0.00052166
2.9396	0.00067974
2.9397	0.000484241
2.9398	0.000681123
2.9399	0.000658176
2.94	0.00081071
2.9401	0.000498737
2.9402	0.000703233
2.9403	0.000748076
2.9404	0.000496793
2.9405	0.00057102
2.9406	0.000794785
2.9407	0.000579016
2.9408	0.00054898
2.9409	0.000348932
2.941	0.000431893
2.9411	0.00045379
2.9412	0.000448503
2.9413	0.000596608
2.9414	0.000408747
2.9415	0.000430562
2.9416	0.000599312
2.9417	0.000729653
2.9418	0.000568106
2.9419	0.00063031
2.942	0.000784502
2.9421	0.000712993
2.9422	0.000684482
2.9423	0.000658889
2.9424	0.000602907
2.9425	0.000626302
2.9426	0.000678011
2.9427	0.000691183
2.9428	0.000569435
2.9429	0.000703546
2.943	0.000476979
2.9431	0.000449074
2.9432	0.000549069
2.9433	0.000495059
2.9434	0.000590117
2.9435	0.00046652
2.9436	0.000376693
2.9437	0.000598146
2.9438	0.00046784
2.9439	0.000675871
2.944	0.000682746
2.9441	0.000528883
2.9442	0.000628823
2.9443	0.000797273
2.9444	0.000888846
2.9445	0.000674306
2.9446	0.00072821
2.9447	0.000787457
2.9448	0.000583398
2.9449	0.000513511
2.945	0.000540757
2.9451	0.000485985
2.9452	0.000412664
2.9453	0.000600513
2.9454	0.000601169
2.9455	0.000593214
2.9456	0.0003984
2.9457	0.00047501
2.9458	0.000587789
2.9459	0.000401321
2.946	0.000482857
2.9461	0.000704961
2.9462	0.000497594
2.9463	0.000843215
2.9464	0.000502735
2.9465	0.000718016
2.9466	0.00064072
2.9467	0.000668019
2.9468	0.000655094
2.9469	0.000670202
2.947	0.000637229
2.9471	0.000751335
2.9472	0.000712326
2.9473	0.000469071
2.9474	0.000449899
2.9475	0.000572381
2.9476	0.00048895
2.9477	0.000487016
2.9478	0.000619227
2.9479	0.000608769
2.948	0.000633855
2.9481	0.000505502
2.9482	0.000704815
2.9483	0.00050691
2.9484	0.000598677
2.9485	0.000794963
2.9486	0.000765866
2.9487	0.000419404
2.9488	0.000584059
2.9489	0.000703788
2.949	0.000567465
2.9491	0.000811216
2.9492	0.000612099
2.9493	0.000534046
2.9494	0.000511238
2.9495	0.000601529
2.9496	0.000590227
2.9497	0.000560114
2.9498	0.000750779
2.9499	0.000705512
2.95	0.00052136
2.9501	0.000573181
2.9502	0.000532611
2.9503	0.000646468
2.9504	0.000673532
2.9505	0.000480341
2.9506	0.000627453
2.9507	0.000738345
2.9508	0.000651188
2.9509	0.000673419
2.951	0.000566138
2.9511	0.000740774
2.9512	0.000551331
2.9513	0.000928953
2.9514	0.000729202
2.9515	0.00046075
2.9516	0.000563507
2.9517	0.000708056
2.9518	0.000556006
2.9519	0.000610058
2.952	0.000428823
2.9521	0.000488797
2.9522	0.000632044
2.9523	0.000603111
2.9524	0.000654263
2.9525	0.00059697
2.9526	0.000542675
2.9527	0.000547635
2.9528	0.000676757
2.9529	0.000515454
2.953	0.000475397
2.9531	0.000623055
2.9532	0.000709298
2.9533	0.000573964
2.9534	0.000623527
2.9535	0.000646142
2.9536	0.000842515
2.9537	0.000479349
2.9538	0.000479703
2.9539	0.000547817
2.954	0.000584534
2.9541	0.000755008
2.9542	0.000588492
2.9543	0.000538597
2.9544	0.000524855
2.9545	0.000492162
2.9546	0.000610358
2.9547	0.00110974
2.9548	0.000459541
2.9549	0.000510574
2.955	0.000477907
2.9551	0.000394908
2.9552	0.000475687
2.9553	0.000643106
2.9554	0.000738198
2.9555	0.000659095
2.9556	0.000723723
2.9557	0.000783224
2.9558	0.000597076
2.9559	0.000552095
2.956	0.000512059
2.9561	0.000508824
2.9562	0.000499616
2.9563	0.000651171
2.9564	0.000627956
2.9565	0.000639743
2.9566	0.000547945
2.9567	0.000672887
2.9568	0.00081517
2.9569	0.000466588
2.957	0.000532127
2.9571	0.000619891
2.9572	0.000506404
2.9573	0.000425556
2.9574	0.000717602
2.9575	0.000636979
2.9576	0.000778355
2.9577	0.000671793
2.9578	0.000657631
2.9579	0.00081591
2.958	0.00056942
2.9581	0.000500016
2.9582	0.000650046
2.9583	0.000503746
2.9584	0.000604974
2.9585	0.000702354
2.9586	0.000529438
2.9587	0.000567259
2.9588	0.000568326
2.9589	0.000632403
2.959	0.000841401
2.9591	0.00045877
2.9592	0.000506903
2.9593	0.000480092
2.9594	0.000563458
2.9595	0.000493901
2.9596	0.000414855
2.9597	0.00048301
2.9598	0.000469971
2.9599	0.000435243
2.96	0.000641903
2.9601	0.000610994
2.9602	0.000718337
2.9603	0.000600951
2.9604	0.000441504
2.9605	0.000565088
2.9606	0.00053292
2.9607	0.000738008
2.9608	0.000496832
2.9609	0.000433912
2.961	0.000585107
2.9611	0.000628612
2.9612	0.000522758
2.9613	0.000557207
2.9614	0.000447147
2.9615	0.000530243
2.9616	0.000564825
2.9617	0.000513833
2.9618	0.000425109
2.9619	0.000448699
2.962	0.000532326
2.9621	0.000626519
2.9622	0.000654937
2.9623	0.000499335
2.9624	0.000745838
2.9625	0.00053114
2.9626	0.000479751
2.9627	0.000420809
2.9628	0.000598485
2.9629	0.000397666
2.963	0.000653431
2.9631	0.000554524
2.9632	0.000581016
2.9633	0.000660712
2.9634	0.000428189
2.9635	0.00040605
2.9636	0.000442894
2.9637	0.000499664
2.9638	0.000356635
2.9639	0.000489748
2.964	0.000320786
2.9641	0.000410242
2.9642	0.000642985
2.9643	0.000655802
2.9644	0.000483752
2.9645	0.000602594
2.9646	0.000689784
2.9647	0.00059434
2.9648	0.000698037
2.9649	0.000455637
2.965	0.000521589
2.9651	0.000573424
2.9652	0.000571156
2.9653	0.000655416
2.9654	0.000594929
2.9655	0.000502388
2.9656	0.000571841
2.9657	0.000430208
2.9658	0.000508127
2.9659	0.000633296
2.966	0.00045511
2.9661	0.00035558
2.9662	0.000593666
2.9663	0.000402286
2.9664	0.000483448
2.9665	0.000618203
2.9666	0.000420448
2.9667	0.000651792
2.9668	0.000632287
2.9669	0.000603513
2.967	0.000498807
2.9671	0.000448611
2.9672	0.000577427
2.9673	0.000614782
2.9674	0.000628012
2.9675	0.000439219
2.9676	0.00050504
2.9677	0.000480369
2.9678	0.000612446
2.9679	0.000556434
2.968	0.000866412
2.9681	0.000510357
2.9682	0.000574238
2.9683	0.000520905
2.9684	0.000552181
2.9685	0.000645817
2.9686	0.000743659
2.9687	0.00056963
2.9688	0.000567591
2.9689	0.00037095
2.969	0.00051712
2.9691	0.000636704
2.9692	0.000721265
2.9693	0.000433304
2.9694	0.000548425
2.9695	0.000607309
2.9696	0.000607104
2.9697	0.000645216
2.9698	0.000632689
2.9699	0.000516528
2.97	0.000447682
2.9701	0.000503136
2.9702	0.000601873
2.9703	0.000608739
2.9704	0.000536531
2.9705	0.000597223
2.9706	0.00061696
2.9707	0.00061633
2.9708	0.000700697
2.9709	0.000668476
2.971	0.000608018
2.9711	0.000680311
2.9712	0.000522734
2.9713	0.000678769
2.9714	0.000672451
2.9715	0.000512425
2.9716	0.000641439
2.9717	0.000497311
2.9718	0.000534891
2.9719	0.000501602
2.972	0.000711529
2.9721	0.000715365
2.9722	0.000558458
2.9723	0.000489501
2.9724	0.000587402
2.9725	0.000458105
2.9726	0.000577137
2.9727	0.000530794
2.9728	0.000552628
2.9729	0.00063941
2.973	0.000732169
2.9731	0.000751629
2.9732	0.000731515
2.9733	0.000663347
2.9734	0.000626663
2.9735	0.000807748
2.9736	0.000670757
2.9737	0.000787151
2.9738	0.000375784
2.9739	0.000576948
2.974	0.000536663
2.9741	0.000396651
2.9742	0.000576138
2.9743	0.000773341
2.9744	0.000448668
2.9745	0.000401981
2.9746	0.000407216
2.9747	0.000401095
2.9748	0.000631066
2.9749	0.000755242
2.975	0.000553578
2.9751	0.000619637
2.9752	0.000551565
2.9753	0.000701655
2.9754	0.000373558
2.9755	0.000811291
2.9756	0.00062438
2.9757	0.000893018
2.9758	0.000603874
2.9759	0.000780876
2.976	0.000652448
2.9761	0.000477869
2.9762	0.000679163
2.9763	0.000632717
2.9764	0.00049473
2.9765	0.00050279
2.9766	0.000429856
2.9767	0.000426344
2.9768	0.000487323
2.9769	0.000513305
2.977	0.000577076
2.9771	0.000401554
2.9772	0.000461952
2.9773	0.000610228
2.9774	0.000697204
2.9775	0.000584511
2.9776	0.000774487
2.9777	0.000587617
2.9778	0.000673371
2.9779	0.000809709
2.978	0.00070249
2.9781	0.000796033
2.9782	0.000903827
2.9783	0.000733566
2.9784	0.000478277
2.9785	0.000530892
2.9786	0.000648798
2.9787	0.000568816
2.9788	0.000477371
2.9789	0.000528062
2.979	0.00048561
2.9791	0.00057547
2.9792	0.000465629
2.9793	0.000406592
2.9794	0.000612809
2.9795	0.000630908
2.9796	0.000610205
2.9797	0.000620271
2.9798	0.000531732
2.9799	0.000728507
2.98	0.000875818
2.9801	0.000739448
2.9802	0.000526045
2.9803	0.000580574
2.9804	0.000824245
2.9805	0.000643963
2.9806	0.000590542
2.9807	0.000647012
2.9808	0.000570644
2.9809	0.000452125
2.981	0.000519494
2.9811	0.000634388
2.9812	0.000524223
2.9813	0.00046749
2.9814	0.000549156
2.9815	0.000715748
2.9816	0.000501012
2.9817	0.000396264
2.9818	0.000780314
2.9819	0.000472208
2.982	0.000681605
2.9821	0.000538912
2.9822	0.000700554
2.9823	0.00065426
2.9824	0.000626982
2.9825	0.000558281
2.9826	0.000593979
2.9827	0.000752491
2.9828	0.000722568
2.9829	0.000745372
2.983	0.000629366
2.9831	0.000515481
2.9832	0.000578077
2.9833	0.00062564
2.9834	0.000567561
2.9835	0.000633533
2.9836	0.000508227
2.9837	0.00073014
2.9838	0.000722892
2.9839	0.000618202
2.984	0.000548733
2.9841	0.000588783
2.9842	0.000665365
2.9843	0.000632302
2.9844	0.00063602
2.9845	0.000564113
2.9846	0.000658065
2.9847	0.000641558
2.9848	0.000665311
2.9849	0.000609548
2.985	0.000588454
2.9851	0.00050106
2.9852	0.000543699
2.9853	0.000570982
2.9854	0.000598751
2.9855	0.000730893
2.9856	0.000653587
2.9857	0.000527562
2.9858	0.000646631
2.9859	0.000603149
2.986	0.000978245
2.9861	0.000604652
2.9862	0.000434861
2.9863	0.000553081
2.9864	0.000609991
2.9865	0.000724223
2.9866	0.000695855
2.9867	0.000602855
2.9868	0.000578576
2.9869	0.000667078
2.987	0.000767109
2.9871	0.00073351
2.9872	0.000487968
2.9873	0.000566026
2.9874	0.000602546
2.9875	0.000541691
2.9876	0.000512986
2.9877	0.000624569
2.9878	0.000566072
2.9879	0.000576705
2.988	0.000498363
2.9881	0.000541217
2.9882	0.000616319
2.9883	0.000541125
2.9884	0.000471904
2.9885	0.000614365
2.9886	0.000659888
2.9887	0.000666756
2.9888	0.000494
2.9889	0.000648785
2.989	0.000744768
2.9891	0.000777624
2.9892	0.000667785
2.9893	0.000593158
2.9894	0.00041362
2.9895	0.000511952
2.9896	0.000599251
2.9897	0.000592733
2.9898	0.000574537
2.9899	0.000554037
2.99	0.000490425
2.9901	0.000702416
2.9902	0.000623953
2.9903	0.000786204
2.9904	0.000784502
2.9905	0.000451496
2.9906	0.000632734
2.9907	0.000536421
2.9908	0.000502298
2.9909	0.000637574
2.991	0.000640273
2.9911	0.000793476
2.9912	0.000690058
2.9913	0.000629471
2.9914	0.000800867
2.9915	0.000628589
2.9916	0.000785829
2.9917	0.000479894
2.9918	0.00055995
2.9919	0.000583639
2.992	0.000593933
2.9921	0.000702146
2.9922	0.000748719
2.9923	0.000453296
2.9924	0.000672747
2.9925	0.000427456
2.9926	0.000669801
2.9927	0.000510366
2.9928	0.000575032
2.9929	0.000449192
2.993	0.000519153
2.9931	0.000693333
2.9932	0.000753329
2.9933	0.000835122
2.9934	0.000628664
2.9935	0.00069931
2.9936	0.000668991
2.9937	0.000697598
2.9938	0.000540238
2.9939	0.000542957
2.994	0.000517921
2.9941	0.000667209
2.9942	0.000667494
2.9943	0.000465242
2.9944	0.000533216
2.9945	0.000691388
2.9946	0.000695693
2.9947	0.000701731
2.9948	0.000462005
2.9949	0.000515967
2.995	0.000421598
2.9951	0.000657252
2.9952	0.000377647
2.9953	0.000369009
2.9954	0.000552384
2.9955	0.000538083
2.9956	0.000664857
2.9957	0.000521942
2.9958	0.000697996
2.9959	0.00074665
2.996	0.000650717
2.9961	0.000518459
2.9962	0.000493249
2.9963	0.000661459
2.9964	0.00067056
2.9965	0.000658889
2.9966	0.000419196
2.9967	0.000520482
2.9968	0.000408777
2.9969	0.00063294
2.997	0.000609951
2.9971	0.000435689
2.9972	0.000622015
2.9973	0.000601131
2.9974	0.000485353
2.9975	0.000459247
2.9976	0.000479318
2.9977	0.000601625
2.9978	0.000619088
2.9979	0.000611922
2.998	0.000550985
2.9981	0.000699576
2.9982	0.000526269
2.9983	0.000436241
2.9984	0.000482142
2.9985	0.00051793
2.9986	0.000626693
2.9987	0.000540617
2.9988	0.000654127
2.9989	0.000439549
2.999	0.000655643
2.9991	0.000475947
2.9992	0.000393897
2.9993	0.000389232
2.9994	0.000595609
2.9995	0.000443325
2.9996	0.000573248
2.9997	0.000391429
2.9998	0.000521815
2.9999	0.000576538
3	0.000510245
3.0001	0.000589859
3.0002	0.000554861
3.0003	0.000648098
3.0004	0.000629985
3.0005	0.000490016
3.0006	0.000518494
3.0007	0.00055822
3.0008	0.00042609
3.0009	0.000490255
3.001	0.000443197
3.0011	0.000646489
3.0012	0.000541497
3.0013	0.000606174
3.0014	0.000503925
3.0015	0.000418442
3.0016	0.000717925
3.0017	0.000418249
3.0018	0.000512931
3.0019	0.000375067
3.002	0.000445641
3.0021	0.000462909
3.0022	0.000600088
3.0023	0.00049351
3.0024	0.000491685
3.0025	0.000559209
3.0026	0.000758542
3.0027	0.000532994
3.0028	0.000506683
3.0029	0.000529496
3.003	0.000514672
3.0031	0.000506808
3.0032	0.000611478
3.0033	0.000494023
3.0034	0.000470767
3.0035	0.000645247
3.0036	0.000637145
3.0037	0.000763254
3.0038	0.000554913
3.0039	0.00051889
3.004	0.000499467
3.0041	0.000590672
3.0042	0.000527681
3.0043	0.000506264
3.0044	0.000448282
3.0045	0.000540725
3.0046	0.000470903
3.0047	0.000657366
3.0048	0.000539499
3.0049	0.000880438
3.005	0.000563631
3.0051	0.000545074
3.0052	0.000579857
3.0053	0.000541616
3.0054	0.000569105
3.0055	0.000445321
3.0056	0.000379733
3.0057	0.00055746
3.0058	0.000472925
3.0059	0.000546387
3.006	0.000735332
3.0061	0.000719459
3.0062	0.00062997
3.0063	0.000688752
3.0064	0.000771103
3.0065	0.00076265
3.0066	0.000565603
3.0067	0.000568512
3.0068	0.000732347
3.0069	0.000475509
3.007	0.000743464
3.0071	0.000514716
3.0072	0.000669627
3.0073	0.000585863
3.0074	0.000572597
3.0075	0.000524715
3.0076	0.000680477
3.0077	0.000456747
3.0078	0.000553053
3.0079	0.00069231
3.008	0.000467335
3.0081	0.000547508
3.0082	0.000384596
3.0083	0.000578524
3.0084	0.000581289
3.0085	0.000661237
3.0086	0.000467126
3.0087	0.000715262
3.0088	0.000755691
3.0089	0.000781725
3.009	0.000697268
3.0091	0.000655413
3.0092	0.000863235
3.0093	0.000580634
3.0094	0.00078509
3.0095	0.000519184
3.0096	0.000586835
3.0097	0.00047116
3.0098	0.000482277
3.0099	0.000584867
3.01	0.000722419
3.0101	0.000469545
3.0102	0.000519755
3.0103	0.000354543
3.0104	0.000418423
3.0105	0.000613922
3.0106	0.000653706
3.0107	0.000640373
3.0108	0.000514871
3.0109	0.000573353
3.011	0.000752719
3.0111	0.00037386
3.0112	0.00072912
3.0113	0.00062811
3.0114	0.000814661
3.0115	0.000588794
3.0116	0.00071736
3.0117	0.000636493
3.0118	0.000504561
3.0119	0.00071168
3.012	0.000655192
3.0121	0.000490651
3.0122	0.000463802
3.0123	0.000414559
3.0124	0.00045474
3.0125	0.000396822
3.0126	0.000447145
3.0127	0.000587049
3.0128	0.000405952
3.0129	0.000435743
3.013	0.000621832
3.0131	0.000767809
3.0132	0.000642037
3.0133	0.000929671
3.0134	0.000855441
3.0135	0.000900008
3.0136	0.000651748
3.0137	0.000525078
3.0138	0.000659033
3.0139	0.000707824
3.014	0.000506016
3.0141	0.000592907
3.0142	0.0006329
3.0143	0.000622802
3.0144	0.0005697
3.0145	0.000514565
3.0146	0.000450705
3.0147	0.000476338
3.0148	0.000591156
3.0149	0.000479116
3.015	0.000411826
3.0151	0.000583798
3.0152	0.000432955
3.0153	0.000577548
3.0154	0.000649514
3.0155	0.000527545
3.0156	0.000824664
3.0157	0.00097332
3.0158	0.000723349
3.0159	0.000609835
3.016	0.000784743
3.0161	0.000517011
3.0162	0.000596285
3.0163	0.000527748
3.0164	0.000578208
3.0165	0.000533948
3.0166	0.000487573
3.0167	0.000560681
3.0168	0.000594535
3.0169	0.000735605
3.017	0.000408137
3.0171	0.000568555
3.0172	0.000540073
3.0173	0.000383368
3.0174	0.000490038
3.0175	0.00065712
3.0176	0.000454834
3.0177	0.000584299
3.0178	0.000519221
3.0179	0.000706548
3.018	0.000548133
3.0181	0.000712857
3.0182	0.000643887
3.0183	0.000614635
3.0184	0.00052199
3.0185	0.000695401
3.0186	0.000750801
3.0187	0.00051191
3.0188	0.000450563
3.0189	0.0006153
3.019	0.000567777
3.0191	0.000524614
3.0192	0.000603809
3.0193	0.000653391
3.0194	0.00062152
3.0195	0.000642013
3.0196	0.000744325
3.0197	0.00058886
3.0198	0.000562288
3.0199	0.00077128
3.02	0.000773394
3.0201	0.000569055
3.0202	0.000582192
3.0203	0.000588961
3.0204	0.000694042
3.0205	0.000588604
3.0206	0.000558021
3.0207	0.000603797
3.0208	0.00044112
3.0209	0.000578186
3.021	0.000611723
3.0211	0.00065329
3.0212	0.00067138
3.0213	0.000725717
3.0214	0.000641575
3.0215	0.000590264
3.0216	0.000632248
3.0217	0.000700995
3.0218	0.000668056
3.0219	0.000429226
3.022	0.000635733
3.0221	0.000790486
3.0222	0.000788779
3.0223	0.00071871
3.0224	0.000579567
3.0225	0.000631811
3.0226	0.000710394
3.0227	0.00074986
3.0228	0.000608928
3.0229	0.000459111
3.023	0.000569682
3.0231	0.000715193
3.0232	0.000487059
3.0233	0.000592933
3.0234	0.000705311
3.0235	0.000503898
3.0236	0.000610528
3.0237	0.000478714
3.0238	0.0006803
3.0239	0.000590712
3.024	0.000601178
3.0241	0.000712654
3.0242	0.000596873
3.0243	0.000596045
3.0244	0.000619989
3.0245	0.000547003
3.0246	0.000657911
3.0247	0.000580739
3.0248	0.000714178
3.0249	0.000467041
3.025	0.000768774
3.0251	0.000406141
3.0252	0.00048542
3.0253	0.000589297
3.0254	0.000770685
3.0255	0.00067317
3.0256	0.000598932
3.0257	0.000571128
3.0258	0.000506952
3.0259	0.000643686
3.026	0.000827133
3.0261	0.000792621
3.0262	0.000476975
3.0263	0.000564703
3.0264	0.000487512
3.0265	0.000488757
3.0266	0.000586299
3.0267	0.000579884
3.0268	0.000721187
3.0269	0.000597321
3.027	0.000657114
3.0271	0.000690821
3.0272	0.00074542
3.0273	0.000476899
3.0274	0.000538114
3.0275	0.000551466
3.0276	0.00051651
3.0277	0.000624813
3.0278	0.000601225
3.0279	0.000681427
3.028	0.000499834
3.0281	0.000682724
3.0282	0.000637797
3.0283	0.000515585
3.0284	0.000474921
3.0285	0.000574548
3.0286	0.000461112
3.0287	0.000412701
3.0288	0.000595905
3.0289	0.000665429
3.029	0.000729619
3.0291	0.000669131
3.0292	0.000555036
3.0293	0.000746731
3.0294	0.00069688
3.0295	0.000607178
3.0296	0.000656322
3.0297	0.000534441
3.0298	0.000613084
3.0299	0.000709409
3.03	0.00056207
3.0301	0.000528081
3.0302	0.000589451
3.0303	0.000646016
3.0304	0.000749226
3.0305	0.000498202
3.0306	0.000524902
3.0307	0.00062994
3.0308	0.000500589
3.0309	0.00037188
3.031	0.000413531
3.0311	0.000598828
3.0312	0.000630751
3.0313	0.000594538
3.0314	0.000523116
3.0315	0.000729572
3.0316	0.000567195
3.0317	0.000600348
3.0318	0.000475956
3.0319	0.00053857
3.032	0.000619632
3.0321	0.000609574
3.0322	0.000636603
3.0323	0.000394978
3.0324	0.000594089
3.0325	0.000585188
3.0326	0.000536649
3.0327	0.000427196
3.0328	0.000462603
3.0329	0.000592072
3.033	0.000511111
3.0331	0.000514094
3.0332	0.000458801
3.0333	0.0005932
3.0334	0.000441942
3.0335	0.000631228
3.0336	0.000644072
3.0337	0.000627977
3.0338	0.000588375
3.0339	0.000575854
3.034	0.000461686
3.0341	0.000488287
3.0342	0.000515736
3.0343	0.000542969
3.0344	0.00066848
3.0345	0.000668888
3.0346	0.000658399
3.0347	0.000665197
3.0348	0.000461601
3.0349	0.000422675
3.035	0.000419468
3.0351	0.000527613
3.0352	0.000378063
3.0353	0.000439926
3.0354	0.000348484
3.0355	0.000482662
3.0356	0.000507404
3.0357	0.000492332
3.0358	0.0004323
3.0359	0.000677203
3.036	0.000627688
3.0361	0.000586102
3.0362	0.000632786
3.0363	0.000410751
3.0364	0.000505615
3.0365	0.000508922
3.0366	0.000530976
3.0367	0.00067087
3.0368	0.000524214
3.0369	0.000574335
3.037	0.000517757
3.0371	0.000460501
3.0372	0.000502353
3.0373	0.000575646
3.0374	0.00050849
3.0375	0.000443935
3.0376	0.000465742
3.0377	0.000535828
3.0378	0.000438249
3.0379	0.000596952
3.038	0.000523237
3.0381	0.000680806
3.0382	0.000592467
3.0383	0.000519979
3.0384	0.0006518
3.0385	0.000493632
3.0386	0.00045892
3.0387	0.000577797
3.0388	0.000722674
3.0389	0.000505076
3.039	0.000588535
3.0391	0.000561253
3.0392	0.000624537
3.0393	0.000558776
3.0394	0.00063809
3.0395	0.000526265
3.0396	0.000645249
3.0397	0.000476455
3.0398	0.000701616
3.0399	0.000512702
3.04	0.000728244
3.0401	0.000447621
3.0402	0.000518084
3.0403	0.000382902
3.0404	0.000550534
3.0405	0.000610009
3.0406	0.000805071
3.0407	0.000443705
3.0408	0.000610377
3.0409	0.000639807
3.041	0.000474427
3.0411	0.000728179
3.0412	0.000508717
3.0413	0.000465491
3.0414	0.000518659
3.0415	0.000485338
3.0416	0.000526946
3.0417	0.000675819
3.0418	0.000620152
3.0419	0.000627254
3.042	0.000687172
3.0421	0.000691915
3.0422	0.000604222
3.0423	0.000580074
3.0424	0.000581534
3.0425	0.000602891
3.0426	0.000439883
3.0427	0.000580773
3.0428	0.000635737
3.0429	0.000572788
3.043	0.000659569
3.0431	0.00053759
3.0432	0.000555454
3.0433	0.00060834
3.0434	0.000607936
3.0435	0.000578441
3.0436	0.000622026
3.0437	0.000560794
3.0438	0.000423074
3.0439	0.000391067
3.044	0.00068336
3.0441	0.000603546
3.0442	0.000601273
3.0443	0.000488189
3.0444	0.000754323
3.0445	0.000911946
3.0446	0.000687195
3.0447	0.000498366
3.0448	0.000741371
3.0449	0.000715449
3.045	0.000645539
3.0451	0.000649897
3.0452	0.000458169
3.0453	0.000617606
3.0454	0.000575254
3.0455	0.000403662
3.0456	0.000640372
3.0457	0.000629278
3.0458	0.000596964
3.0459	0.000374618
3.046	0.000379754
3.0461	0.000394524
3.0462	0.000622062
3.0463	0.00077795
3.0464	0.000536148
3.0465	0.000543003
3.0466	0.000643059
3.0467	0.00071476
3.0468	0.000451346
3.0469	0.00069027
3.047	0.000773587
3.0471	0.000747599
3.0472	0.000729673
3.0473	0.000704638
3.0474	0.000613356
3.0475	0.00046218
3.0476	0.000699839
3.0477	0.000653305
3.0478	0.000562473
3.0479	0.000501788
3.048	0.000416109
3.0481	0.000497755
3.0482	0.000547193
3.0483	0.000465976
3.0484	0.000559748
3.0485	0.000428152
3.0486	0.000422493
3.0487	0.000845458
3.0488	0.000863183
3.0489	0.000703786
3.049	0.000822145
3.0491	0.000829698
3.0492	0.000504293
3.0493	0.000650044
3.0494	0.000545271
3.0495	0.000643546
3.0496	0.000763784
3.0497	0.000678734
3.0498	0.000534844
3.0499	0.000623339
3.05	0.000732473
3.0501	0.000477125
3.0502	0.000526462
3.0503	0.000464294
3.0504	0.000462462
3.0505	0.000684729
3.0506	0.000425564
3.0507	0.000489955
3.0508	0.000468585
3.0509	0.000521429
3.051	0.000757738
3.0511	0.000630956
3.0512	0.000542773
3.0513	0.000677875
3.0514	0.00093576
3.0515	0.000744303
3.0516	0.00052648
3.0517	0.000827704
3.0518	0.000752602
3.0519	0.000539705
3.052	0.000495507
3.0521	0.000564013
3.0522	0.000491437
3.0523	0.000614561
3.0524	0.000566339
3.0525	0.00060634
3.0526	0.000795691
3.0527	0.000418205
3.0528	0.000536814
3.0529	0.000576365
3.053	0.000528682
3.0531	0.000486309
3.0532	0.000562522
3.0533	0.000450147
3.0534	0.000762315
3.0535	0.00070118
3.0536	0.000712448
3.0537	0.000488789
3.0538	0.000711567
3.0539	0.000645029
3.054	0.000573764
3.0541	0.000578388
3.0542	0.000693461
3.0543	0.000718339
3.0544	0.000463727
3.0545	0.000507919
3.0546	0.000623443
3.0547	0.000571456
3.0548	0.000582137
3.0549	0.000444566
3.055	0.000688464
3.0551	0.000699567
3.0552	0.000698603
3.0553	0.000647289
3.0554	0.0006525
3.0555	0.000695364
3.0556	0.000538059
3.0557	0.000683303
3.0558	0.000615758
3.0559	0.000685013
3.056	0.000579461
3.0561	0.000725137
3.0562	0.000712582
3.0563	0.000538548
3.0564	0.000535998
3.0565	0.000462032
3.0566	0.000503785
3.0567	0.000573284
3.0568	0.000618043
3.0569	0.000727865
3.057	0.000665482
3.0571	0.000619302
3.0572	0.000548641
3.0573	0.000519497
3.0574	0.000744705
3.0575	0.00064382
3.0576	0.000437665
3.0577	0.000523962
3.0578	0.00075276
3.0579	0.000685466
3.058	0.000773742
3.0581	0.000526326
3.0582	0.00065363
3.0583	0.000722549
3.0584	0.000689771
3.0585	0.000642733
3.0586	0.000553935
3.0587	0.000491086
3.0588	0.000716277
3.0589	0.000471415
3.059	0.00053062
3.0591	0.000561223
3.0592	0.000537115
3.0593	0.000622943
3.0594	0.000591972
3.0595	0.000637703
3.0596	0.000585534
3.0597	0.000498918
3.0598	0.000557442
3.0599	0.000704949
3.06	0.000496729
3.0601	0.000601701
3.0602	0.000507165
3.0603	0.000561747
3.0604	0.000801829
3.0605	0.000664379
3.0606	0.000553718
3.0607	0.000672304
3.0608	0.00041532
3.0609	0.000536719
3.061	0.000550745
3.0611	0.000563648
3.0612	0.000601858
3.0613	0.000594246
3.0614	0.000725368
3.0615	0.000487009
3.0616	0.00057155
3.0617	0.000897732
3.0618	0.000681043
3.0619	0.000439532
3.062	0.00052894
3.0621	0.000437798
3.0622	0.000489342
3.0623	0.000618769
3.0624	0.000715294
3.0625	0.000503969
3.0626	0.000861629
3.0627	0.000574754
3.0628	0.00054683
3.0629	0.000835925
3.063	0.000729108
3.0631	0.000446535
3.0632	0.000531104
3.0633	0.000525115
3.0634	0.000580293
3.0635	0.00068501
3.0636	0.000504036
3.0637	0.000441646
3.0638	0.000594936
3.0639	0.000730931
3.064	0.000607602
3.0641	0.000654288
3.0642	0.000556543
3.0643	0.000582553
3.0644	0.000594863
3.0645	0.000739088
3.0646	0.000720945
3.0647	0.000696943
3.0648	0.000718689
3.0649	0.000720531
3.065	0.000718143
3.0651	0.000702728
3.0652	0.000476746
3.0653	0.000639484
3.0654	0.000618839
3.0655	0.000519876
3.0656	0.000665292
3.0657	0.000532043
3.0658	0.000590236
3.0659	0.000611403
3.066	0.000632538
3.0661	0.000725621
3.0662	0.000491354
3.0663	0.000494561
3.0664	0.000478884
3.0665	0.000541328
3.0666	0.000423589
3.0667	0.000488905
3.0668	0.000481722
3.0669	0.000560755
3.067	0.000656066
3.0671	0.000602964
3.0672	0.000700891
3.0673	0.000712871
3.0674	0.000496898
3.0675	0.000512183
3.0676	0.000511605
3.0677	0.000641148
3.0678	0.00059406
3.0679	0.0006421
3.068	0.000440516
3.0681	0.000610418
3.0682	0.000582748
3.0683	0.000414799
3.0684	0.000565023
3.0685	0.000524078
3.0686	0.000532214
3.0687	0.000544791
3.0688	0.000424584
3.0689	0.000459502
3.069	0.000720807
3.0691	0.000632718
3.0692	0.000461681
3.0693	0.000473237
3.0694	0.000596663
3.0695	0.000727237
3.0696	0.000559529
3.0697	0.000444705
3.0698	0.000531399
3.0699	0.000512961
3.07	0.000743762
3.0701	0.000545505
3.0702	0.000603538
3.0703	0.000543752
3.0704	0.00065053
3.0705	0.000379403
3.0706	0.000420733
3.0707	0.000382563
3.0708	0.000523806
3.0709	0.000396999
3.071	0.000432475
3.0711	0.000392193
3.0712	0.000570819
3.0713	0.000695492
3.0714	0.000376326
3.0715	0.00052425
3.0716	0.00060897
3.0717	0.000697998
3.0718	0.000732556
3.0719	0.000562353
3.072	0.000390731
3.0721	0.00052528
3.0722	0.000472519
3.0723	0.00056794
3.0724	0.00061133
3.0725	0.000519351
3.0726	0.000592361
3.0727	0.00064186
3.0728	0.000487712
3.0729	0.000434245
3.073	0.000709285
3.0731	0.000632565
3.0732	0.000411467
3.0733	0.000422536
3.0734	0.000635737
3.0735	0.000588533
3.0736	0.000410956
3.0737	0.000582354
3.0738	0.000685543
3.0739	0.000654952
3.074	0.000649087
3.0741	0.000571205
3.0742	0.000606879
3.0743	0.000612308
3.0744	0.000545197
3.0745	0.000561157
3.0746	0.000460452
3.0747	0.000487417
3.0748	0.000523965
3.0749	0.000720324
3.075	0.000525081
3.0751	0.000630405
3.0752	0.000503112
3.0753	0.000465784
3.0754	0.000427438
3.0755	0.000685608
3.0756	0.00068791
3.0757	0.000617044
3.0758	0.000433375
3.0759	0.000472579
3.076	0.000489184
3.0761	0.000704887
3.0762	0.000607247
3.0763	0.000769456
3.0764	0.000541053
3.0765	0.000519602
3.0766	0.000619384
3.0767	0.00044982
3.0768	0.000594487
3.0769	0.000570644
3.077	0.000478532
3.0771	0.000431143
3.0772	0.000548478
3.0773	0.000663039
3.0774	0.000618374
3.0775	0.000650554
3.0776	0.000555811
3.0777	0.000825464
3.0778	0.000661385
3.0779	0.000703501
3.078	0.000623863
3.0781	0.000548075
3.0782	0.00073088
3.0783	0.000473454
3.0784	0.000660772
3.0785	0.000690295
3.0786	0.000527678
3.0787	0.000459667
3.0788	0.000441248
3.0789	0.000508868
3.079	0.00056233
3.0791	0.000657179
3.0792	0.000656166
3.0793	0.000680845
3.0794	0.000499108
3.0795	0.000500637
3.0796	0.000429359
3.0797	0.000617624
3.0798	0.000546635
3.0799	0.000700733
3.08	0.000508699
3.0801	0.000657155
3.0802	0.000643942
3.0803	0.000777855
3.0804	0.000517049
3.0805	0.000754516
3.0806	0.000568797
3.0807	0.00059873
3.0808	0.000674968
3.0809	0.000543353
3.081	0.000467999
3.0811	0.000615256
3.0812	0.000513387
3.0813	0.000510853
3.0814	0.000731173
3.0815	0.000501507
3.0816	0.000384107
3.0817	0.000371916
3.0818	0.000471427
3.0819	0.000573022
3.082	0.00057135
3.0821	0.000617707
3.0822	0.000565863
3.0823	0.000807814
3.0824	0.000651335
3.0825	0.000609268
3.0826	0.000530012
3.0827	0.000758084
3.0828	0.000704306
3.0829	0.000644471
3.083	0.000749656
3.0831	0.000547854
3.0832	0.000531988
3.0833	0.00058881
3.0834	0.000535964
3.0835	0.000675414
3.0836	0.000450338
3.0837	0.000419662
3.0838	0.000558453
3.0839	0.000531978
3.084	0.000371935
3.0841	0.000530337
3.0842	0.000500242
3.0843	0.000515336
3.0844	0.000853879
3.0845	0.00085329
3.0846	0.000646574
3.0847	0.000770571
3.0848	0.000952852
3.0849	0.000566799
3.085	0.000741788
3.0851	0.000513416
3.0852	0.000581008
3.0853	0.000533937
3.0854	0.00068864
3.0855	0.000766948
3.0856	0.000597429
3.0857	0.000558749
3.0858	0.000482914
3.0859	0.000442419
3.086	0.000511961
3.0861	0.000453996
3.0862	0.000391172
3.0863	0.000385761
3.0864	0.000425613
3.0865	0.000588786
3.0866	0.00059529
3.0867	0.00066408
3.0868	0.000559586
3.0869	0.000770427
3.087	0.000826619
3.0871	0.000724332
3.0872	0.000830863
3.0873	0.000646289
3.0874	0.000599582
3.0875	0.000626145
3.0876	0.000720112
3.0877	0.000535808
3.0878	0.000514031
3.0879	0.00050665
3.088	0.000558675
3.0881	0.000534185
3.0882	0.000581142
3.0883	0.000603495
3.0884	0.000416795
3.0885	0.000523272
3.0886	0.000450579
3.0887	0.000577082
3.0888	0.000470287
3.0889	0.000618665
3.089	0.000569911
3.0891	0.000596307
3.0892	0.000826561
3.0893	0.000611923
3.0894	0.000529153
3.0895	0.000669697
3.0896	0.000581821
3.0897	0.000775496
3.0898	0.000473907
3.0899	0.000665841
3.09	0.000648015
3.0901	0.000646458
3.0902	0.000432405
3.0903	0.000604027
3.0904	0.000626202
3.0905	0.000579957
3.0906	0.000523977
3.0907	0.000675835
3.0908	0.000694774
3.0909	0.000642571
3.091	0.000687295
3.0911	0.000529331
3.0912	0.000755661
3.0913	0.000545793
3.0914	0.000863127
3.0915	0.000539669
3.0916	0.000605116
3.0917	0.000622177
3.0918	0.000518118
3.0919	0.000816505
3.092	0.000696043
3.0921	0.00053897
3.0922	0.000599538
3.0923	0.0003944
3.0924	0.00059453
3.0925	0.000662147
3.0926	0.000717972
3.0927	0.000603832
3.0928	0.000641801
3.0929	0.000581593
3.093	0.000579524
3.0931	0.000712319
3.0932	0.000541612
3.0933	0.000440676
3.0934	0.000695674
3.0935	0.000734078
3.0936	0.000743781
3.0937	0.00069684
3.0938	0.000515156
3.0939	0.000599492
3.094	0.00080974
3.0941	0.000730281
3.0942	0.000573139
3.0943	0.000444569
3.0944	0.000537236
3.0945	0.000625795
3.0946	0.000561227
3.0947	0.000596503
3.0948	0.000666245
3.0949	0.000584676
3.095	0.000569906
3.0951	0.000525899
3.0952	0.000641654
3.0953	0.000711015
3.0954	0.000466141
3.0955	0.000571765
3.0956	0.000645668
3.0957	0.000494563
3.0958	0.000674331
3.0959	0.000503266
3.096	0.000559047
3.0961	0.000734731
3.0962	0.000643048
3.0963	0.000507441
3.0964	0.000703588
3.0965	0.000537154
3.0966	0.000602286
3.0967	0.000489569
3.0968	0.000674474
3.0969	0.000600114
3.097	0.000576315
3.0971	0.000679085
3.0972	0.000481434
3.0973	0.000516096
3.0974	0.000696852
3.0975	0.000739058
3.0976	0.000581795
3.0977	0.000530861
3.0978	0.000430568
3.0979	0.000477699
3.098	0.000614332
3.0981	0.000820436
3.0982	0.000722432
3.0983	0.000926618
3.0984	0.000642367
3.0985	0.000637093
3.0986	0.000730527
3.0987	0.000598697
3.0988	0.000406647
3.0989	0.000494402
3.099	0.000567148
3.0991	0.000503832
3.0992	0.00074409
3.0993	0.000730791
3.0994	0.000509097
3.0995	0.000629876
3.0996	0.000809886
3.0997	0.000586708
3.0998	0.00048965
3.0999	0.000444541
3.1	0.000540945
3.1001	0.000490551
3.1002	0.000792984
3.1003	0.000764089
3.1004	0.000697787
3.1005	0.000606922
3.1006	0.000677323
3.1007	0.000694303
3.1008	0.000655949
3.1009	0.000366397
3.101	0.000667986
3.1011	0.000676573
3.1012	0.000605648
3.1013	0.000830278
3.1014	0.000493046
3.1015	0.000577564
3.1016	0.000582918
3.1017	0.000622467
3.1018	0.000563494
3.1019	0.00047633
3.102	0.000506091
3.1021	0.000621568
3.1022	0.000480807
3.1023	0.000450146
3.1024	0.000460174
3.1025	0.000446274
3.1026	0.000621387
3.1027	0.000705211
3.1028	0.000742874
3.1029	0.000737938
3.103	0.00071376
3.1031	0.000548617
3.1032	0.000482214
3.1033	0.000503963
3.1034	0.00069342
3.1035	0.000621154
3.1036	0.000644292
3.1037	0.000462267
3.1038	0.000511416
3.1039	0.000710501
3.104	0.00038675
3.1041	0.000547391
3.1042	0.000461005
3.1043	0.000567872
3.1044	0.000520528
3.1045	0.000371446
3.1046	0.000470113
3.1047	0.000670394
3.1048	0.000713888
3.1049	0.000543942
3.105	0.000473771
3.1051	0.000578303
3.1052	0.00057871
3.1053	0.000553212
3.1054	0.000413944
3.1055	0.000557342
3.1056	0.000428343
3.1057	0.00064196
3.1058	0.000633443
3.1059	0.000684764
3.106	0.000751832
3.1061	0.000495607
3.1062	0.000455275
3.1063	0.000416107
3.1064	0.000383644
3.1065	0.000550231
3.1066	0.000469682
3.1067	0.000393898
3.1068	0.000384088
3.1069	0.00062065
3.107	0.000766894
3.1071	0.000325243
3.1072	0.000526981
3.1073	0.000700001
3.1074	0.000890106
3.1075	0.000803533
3.1076	0.000394196
3.1077	0.000464601
3.1078	0.000598878
3.1079	0.000473407
3.108	0.000486767
3.1081	0.000779796
3.1082	0.000452463
3.1083	0.000738478
3.1084	0.000604385
3.1085	0.000518293
3.1086	0.000556472
3.1087	0.000615429
3.1088	0.000555542
3.1089	0.000440197
3.109	0.000459685
3.1091	0.000603868
3.1092	0.000596668
3.1093	0.00041271
3.1094	0.000557903
3.1095	0.000612856
3.1096	0.000610977
3.1097	0.000685819
3.1098	0.000463333
3.1099	0.00055414
3.11	0.000588639
3.1101	0.000541624
3.1102	0.000639874
3.1103	0.000463342
3.1104	0.000482906
3.1105	0.000532868
3.1106	0.000553621
3.1107	0.000683155
3.1108	0.000651251
3.1109	0.000604666
3.111	0.00056907
3.1111	0.000556024
3.1112	0.000613296
3.1113	0.000563618
3.1114	0.000606952
3.1115	0.000447757
3.1116	0.000512525
3.1117	0.000538831
3.1118	0.000719339
3.1119	0.00059782
3.112	0.000694467
3.1121	0.000537628
3.1122	0.00054325
3.1123	0.000590713
3.1124	0.000538634
3.1125	0.000669186
3.1126	0.000515568
3.1127	0.000533411
3.1128	0.000458845
3.1129	0.000519493
3.113	0.00061294
3.1131	0.000791195
3.1132	0.000587477
3.1133	0.00070464
3.1134	0.000715649
3.1135	0.000680757
3.1136	0.000649114
3.1137	0.00069608
3.1138	0.000462842
3.1139	0.000595496
3.114	0.000592836
3.1141	0.000724587
3.1142	0.00069796
3.1143	0.000626128
3.1144	0.000524718
3.1145	0.000481264
3.1146	0.000526109
3.1147	0.000585468
3.1148	0.000671204
3.1149	0.000700145
3.115	0.000648908
3.1151	0.00045223
3.1152	0.000420236
3.1153	0.000450818
3.1154	0.00058032
3.1155	0.000553463
3.1156	0.000726677
3.1157	0.000556633
3.1158	0.000720954
3.1159	0.000703528
3.116	0.000687602
3.1161	0.000727454
3.1162	0.000624331
3.1163	0.000835486
3.1164	0.000591886
3.1165	0.000504932
3.1166	0.000421157
3.1167	0.000673282
3.1168	0.000518365
3.1169	0.000548112
3.117	0.000508459
3.1171	0.000708694
3.1172	0.000448458
3.1173	0.000356824
3.1174	0.000356802
3.1175	0.000467958
3.1176	0.000685018
3.1177	0.000513542
3.1178	0.000542504
3.1179	0.000599596
3.118	0.000810641
3.1181	0.000627922
3.1182	0.000741642
3.1183	0.000636052
3.1184	0.000824695
3.1185	0.000587481
3.1186	0.000735715
3.1187	0.000658737
3.1188	0.000500698
3.1189	0.000505524
3.119	0.000686658
3.1191	0.000575275
3.1192	0.000658013
3.1193	0.00040215
3.1194	0.000432467
3.1195	0.000469857
3.1196	0.000565595
3.1197	0.000466202
3.1198	0.000467808
3.1199	0.000504391
3.12	0.000700229
3.1201	0.000814338
3.1202	0.000757955
3.1203	0.000567675
3.1204	0.000693271
3.1205	0.000734444
3.1206	0.000670003
3.1207	0.000664661
3.1208	0.000688978
3.1209	0.000616656
3.121	0.0006382
3.1211	0.000794524
3.1212	0.00056512
3.1213	0.000752836
3.1214	0.000491507
3.1215	0.000479117
3.1216	0.000486016
3.1217	0.000497124
3.1218	0.00051566
3.1219	0.00047638
3.122	0.000348139
3.1221	0.000526781
3.1222	0.000432846
3.1223	0.000716291
3.1224	0.000626798
3.1225	0.000535306
3.1226	0.000618643
3.1227	0.000829578
3.1228	0.00075851
3.1229	0.000623972
3.123	0.000484913
3.1231	0.000614012
3.1232	0.000731132
3.1233	0.000539737
3.1234	0.000573261
3.1235	0.000529245
3.1236	0.000439598
3.1237	0.000521499
3.1238	0.000497446
3.1239	0.000733858
3.124	0.000452112
3.1241	0.000482847
3.1242	0.000646299
3.1243	0.000425806
3.1244	0.00060367
3.1245	0.00066522
3.1246	0.000580944
3.1247	0.000631313
3.1248	0.000628752
3.1249	0.000833228
3.125	0.000665082
3.1251	0.000746274
3.1252	0.000564904
3.1253	0.000691147
3.1254	0.000729787
3.1255	0.000596387
3.1256	0.000682944
3.1257	0.000639196
3.1258	0.000522763
3.1259	0.000494237
3.126	0.000577678
3.1261	0.000567314
3.1262	0.000651636
3.1263	0.000520509
3.1264	0.000595359
3.1265	0.0006546
3.1266	0.000631865
3.1267	0.00066684
3.1268	0.000632892
3.1269	0.000711146
3.127	0.000787075
3.1271	0.000526344
3.1272	0.000685995
3.1273	0.00053117
3.1274	0.000683115
3.1275	0.000702674
3.1276	0.000803124
3.1277	0.000672134
3.1278	0.000558239
3.1279	0.000737689
3.128	0.000436927
3.1281	0.00066507
3.1282	0.000790224
3.1283	0.000692613
3.1284	0.000614704
3.1285	0.000590428
3.1286	0.000733171
3.1287	0.000633597
3.1288	0.000514078
3.1289	0.00052653
3.129	0.000494898
3.1291	0.000468528
3.1292	0.000764842
3.1293	0.000681226
3.1294	0.000548574
3.1295	0.000530902
3.1296	0.00066236
3.1297	0.000743224
3.1298	0.000812485
3.1299	0.00055163
3.13	0.000555623
3.1301	0.000506171
3.1302	0.000688776
3.1303	0.000622563
3.1304	0.00055209
3.1305	0.000534987
3.1306	0.000648928
3.1307	0.000527888
3.1308	0.000577543
3.1309	0.000688868
3.131	0.000589007
3.1311	0.000518709
3.1312	0.000656761
3.1313	0.000497358
3.1314	0.000521846
3.1315	0.000529987
3.1316	0.000530305
3.1317	0.000543397
3.1318	0.000745529
3.1319	0.000506503
3.132	0.000647849
3.1321	0.000601466
3.1322	0.000538107
3.1323	0.000575703
3.1324	0.000563602
3.1325	0.000631962
3.1326	0.000675823
3.1327	0.000739841
3.1328	0.000633458
3.1329	0.000483106
3.133	0.000632055
3.1331	0.000854826
3.1332	0.000549601
3.1333	0.000663714
3.1334	0.000513589
3.1335	0.000436572
3.1336	0.000482884
3.1337	0.000710668
3.1338	0.00069937
3.1339	0.0006252
3.134	0.000630772
3.1341	0.000678079
3.1342	0.000546645
3.1343	0.000680874
3.1344	0.000648549
3.1345	0.000483992
3.1346	0.00049751
3.1347	0.000632442
3.1348	0.000610528
3.1349	0.000683205
3.135	0.000632379
3.1351	0.000575617
3.1352	0.000522152
3.1353	0.000727592
3.1354	0.000575572
3.1355	0.000658546
3.1356	0.000415492
3.1357	0.000501703
3.1358	0.000733437
3.1359	0.00065423
3.136	0.000811758
3.1361	0.000788997
3.1362	0.000703699
3.1363	0.000738488
3.1364	0.000685118
3.1365	0.000720768
3.1366	0.000460144
3.1367	0.000513348
3.1368	0.000660579
3.1369	0.000572115
3.137	0.000709851
3.1371	0.000528433
3.1372	0.000556149
3.1373	0.000724138
3.1374	0.000719087
3.1375	0.000437057
3.1376	0.000510335
3.1377	0.000519173
3.1378	0.000525944
3.1379	0.000359036
3.138	0.000384416
3.1381	0.000561544
3.1382	0.000629306
3.1383	0.00058945
3.1384	0.000606644
3.1385	0.000751832
3.1386	0.00063061
3.1387	0.000750666
3.1388	0.000442749
3.1389	0.000527863
3.139	0.000608
3.1391	0.00047286
3.1392	0.000556853
3.1393	0.000631259
3.1394	0.000561243
3.1395	0.000463164
3.1396	0.000636941
3.1397	0.0004286
3.1398	0.000662444
3.1399	0.000497621
3.14	0.000574824
3.1401	0.000497783
3.1402	0.000417968
3.1403	0.00053645
3.1404	0.000439878
3.1405	0.000581754
3.1406	0.00057184
3.1407	0.000466676
3.1408	0.000623763
3.1409	0.000592651
3.141	0.000551557
3.1411	0.000402838
3.1412	0.000513265
3.1413	0.00048122
3.1414	0.000680861
3.1415	0.000606743
3.1416	0.000525764
3.1417	0.000678091
3.1418	0.000488196
3.1419	0.000417063
3.142	0.000418149
3.1421	0.00037387
3.1422	0.00050801
3.1423	0.000504583
3.1424	0.000362359
3.1425	0.000466765
3.1426	0.000446006
3.1427	0.000623813
3.1428	0.000414214
3.1429	0.000530382
3.143	0.000678575
3.1431	0.000882235
3.1432	0.000560116
3.1433	0.000489539
3.1434	0.000470299
3.1435	0.000432119
3.1436	0.000493066
3.1437	0.00049079
3.1438	0.000565109
3.1439	0.000494683
3.144	0.00060633
3.1441	0.000598639
3.1442	0.000418404
3.1443	0.000652175
3.1444	0.000530828
3.1445	0.000471485
3.1446	0.000495149
3.1447	0.000542077
3.1448	0.000411413
3.1449	0.000586898
3.145	0.000498504
3.1451	0.000499948
3.1452	0.000579854
3.1453	0.000712985
3.1454	0.000784649
3.1455	0.000467179
3.1456	0.000505699
3.1457	0.000537044
3.1458	0.000553356
3.1459	0.000621146
3.146	0.00042735
3.1461	0.000527408
3.1462	0.000595945
3.1463	0.000657622
3.1464	0.000642826
3.1465	0.000573739
3.1466	0.000410867
3.1467	0.000445546
3.1468	0.000755621
3.1469	0.000699288
3.147	0.00059254
3.1471	0.000450406
3.1472	0.000521794
3.1473	0.000424426
3.1474	0.000636888
3.1475	0.000657731
3.1476	0.000756593
3.1477	0.000609743
3.1478	0.000619184
3.1479	0.00065753
3.148	0.000527377
3.1481	0.000598709
3.1482	0.000560151
3.1483	0.000528575
3.1484	0.000502197
3.1485	0.000492508
3.1486	0.000558755
3.1487	0.00075235
3.1488	0.000698474
3.1489	0.000649598
3.149	0.000768698
3.1491	0.000653936
3.1492	0.000688188
3.1493	0.000507103
3.1494	0.000556965
3.1495	0.000666492
3.1496	0.000571662
3.1497	0.000648141
3.1498	0.000645723
3.1499	0.000724782
3.15	0.000495771
3.1501	0.00053561
3.1502	0.000462861
3.1503	0.000519929
3.1504	0.000677944
3.1505	0.000625946
3.1506	0.000777329
3.1507	0.000497958
3.1508	0.000480257
3.1509	0.000415404
3.151	0.000503917
3.1511	0.000571921
3.1512	0.000720608
3.1513	0.000575144
3.1514	0.000661131
3.1515	0.000711482
3.1516	0.000883077
3.1517	0.000495999
3.1518	0.000562946
3.1519	0.000688452
3.152	0.000731181
3.1521	0.000908398
3.1522	0.000475029
3.1523	0.000624819
3.1524	0.000534123
3.1525	0.000506639
3.1526	0.000602422
3.1527	0.00070663
3.1528	0.000564185
3.1529	0.000418894
3.153	0.000380094
3.1531	0.000412692
3.1532	0.000591599
3.1533	0.000601725
3.1534	0.000579184
3.1535	0.000566284
3.1536	0.000569063
3.1537	0.000861163
3.1538	0.00061047
3.1539	0.000558254
3.154	0.000500639
3.1541	0.00072501
3.1542	0.000852108
3.1543	0.000617489
3.1544	0.000730476
3.1545	0.000391027
3.1546	0.000616133
3.1547	0.000749213
3.1548	0.000697141
3.1549	0.000513991
3.155	0.000374755
3.1551	0.000461567
3.1552	0.000460203
3.1553	0.000474681
3.1554	0.000617327
3.1555	0.000390648
3.1556	0.000441567
3.1557	0.000576235
3.1558	0.000810684
3.1559	0.000792112
3.156	0.000608819
3.1561	0.000723531
3.1562	0.000493709
3.1563	0.000714039
3.1564	0.00062776
3.1565	0.000623155
3.1566	0.000841817
3.1567	0.000517664
3.1568	0.000622618
3.1569	0.000686776
3.157	0.000623019
3.1571	0.000517108
3.1572	0.000463742
3.1573	0.000459974
3.1574	0.000542842
3.1575	0.000578684
3.1576	0.000480559
3.1577	0.000358782
3.1578	0.000478498
3.1579	0.000723567
3.158	0.00059276
3.1581	0.000702199
3.1582	0.000530619
3.1583	0.000977231
3.1584	0.000837677
3.1585	0.000762835
3.1586	0.000686726
3.1587	0.000576279
3.1588	0.000600829
3.1589	0.000654521
3.159	0.000500115
3.1591	0.000604842
3.1592	0.000516611
3.1593	0.000474545
3.1594	0.000527404
3.1595	0.000624181
3.1596	0.000559241
3.1597	0.000517608
3.1598	0.00046737
3.1599	0.000640512
3.16	0.000406474
3.1601	0.000486916
3.1602	0.000642709
3.1603	0.000504662
3.1604	0.000808232
3.1605	0.000617994
3.1606	0.000642282
3.1607	0.000552821
3.1608	0.000646092
3.1609	0.00058609
3.161	0.000554912
3.1611	0.000599062
3.1612	0.000844776
3.1613	0.000799629
3.1614	0.000695222
3.1615	0.00040512
3.1616	0.000497148
3.1617	0.000613553
3.1618	0.000712691
3.1619	0.000503394
3.162	0.00065492
3.1621	0.00072176
3.1622	0.000616968
3.1623	0.000653693
3.1624	0.00063753
3.1625	0.000609902
3.1626	0.000677735
3.1627	0.000699506
3.1628	0.000583474
3.1629	0.000830964
3.163	0.000575766
3.1631	0.000701446
3.1632	0.000844839
3.1633	0.000595465
3.1634	0.000522318
3.1635	0.000550344
3.1636	0.000655458
3.1637	0.00066798
3.1638	0.00046746
3.1639	0.000748357
3.164	0.000655156
3.1641	0.000501771
3.1642	0.00058433
3.1643	0.000585447
3.1644	0.000835021
3.1645	0.00070275
3.1646	0.000459816
3.1647	0.000625239
3.1648	0.000803912
3.1649	0.000723556
3.165	0.000849463
3.1651	0.00068562
3.1652	0.00062962
3.1653	0.000729022
3.1654	0.000637001
3.1655	0.000871648
3.1656	0.000430266
3.1657	0.00051692
3.1658	0.000613216
3.1659	0.000523808
3.166	0.000615019
3.1661	0.000666042
3.1662	0.00049369
3.1663	0.000626832
3.1664	0.000620924
3.1665	0.000575437
3.1666	0.000624285
3.1667	0.000548233
3.1668	0.000580443
3.1669	0.000648261
3.167	0.000637982
3.1671	0.000638817
3.1672	0.000757476
3.1673	0.00061941
3.1674	0.000773284
3.1675	0.000756371
3.1676	0.000631185
3.1677	0.000872456
3.1678	0.000497696
3.1679	0.000507321
3.168	0.000685239
3.1681	0.000828627
3.1682	0.000648653
3.1683	0.00068351
3.1684	0.00070161
3.1685	0.000577844
3.1686	0.000577475
3.1687	0.000794723
3.1688	0.000816724
3.1689	0.000564767
3.169	0.000633275
3.1691	0.000401923
3.1692	0.000462071
3.1693	0.000570529
3.1694	0.000790027
3.1695	0.000561192
3.1696	0.000838126
3.1697	0.000665505
3.1698	0.000856031
3.1699	0.000823073
3.17	0.000646546
3.1701	0.000394362
3.1702	0.000463977
3.1703	0.000452247
3.1704	0.000587541
3.1705	0.000687737
3.1706	0.000734989
3.1707	0.000554472
3.1708	0.000651998
3.1709	0.000780778
3.171	0.000505175
3.1711	0.000543413
3.1712	0.000503694
3.1713	0.000551884
3.1714	0.0005032
3.1715	0.000679178
3.1716	0.0007201
3.1717	0.00060279
3.1718	0.000651026
3.1719	0.000862082
3.172	0.000541681
3.1721	0.000625242
3.1722	0.000658337
3.1723	0.000634085
3.1724	0.000576141
3.1725	0.000569569
3.1726	0.000675219
3.1727	0.00058855
3.1728	0.000688561
3.1729	0.00061131
3.173	0.000527436
3.1731	0.000609774
3.1732	0.00049161
3.1733	0.000527615
3.1734	0.000554503
3.1735	0.000541667
3.1736	0.000453067
3.1737	0.000386949
3.1738	0.000530855
3.1739	0.000506966
3.174	0.000542228
3.1741	0.000669164
3.1742	0.000558789
3.1743	0.000664773
3.1744	0.000659856
3.1745	0.000492077
3.1746	0.00052518
3.1747	0.000550561
3.1748	0.000395253
3.1749	0.000520978
3.175	0.000481333
3.1751	0.000599165
3.1752	0.000669146
3.1753	0.000557515
3.1754	0.000560875
3.1755	0.000600936
3.1756	0.000526914
3.1757	0.000591305
3.1758	0.000415175
3.1759	0.000489388
3.176	0.000631969
3.1761	0.000612847
3.1762	0.000462026
3.1763	0.000588615
3.1764	0.000722373
3.1765	0.000609478
3.1766	0.000668454
3.1767	0.000423352
3.1768	0.000542934
3.1769	0.000477987
3.177	0.000615473
3.1771	0.000500428
3.1772	0.000632141
3.1773	0.000727787
3.1774	0.000485113
3.1775	0.000411528
3.1776	0.000349078
3.1777	0.000427236
3.1778	0.000490862
3.1779	0.000489623
3.178	0.00045518
3.1781	0.000365614
3.1782	0.00055038
3.1783	0.000661474
3.1784	0.000385235
3.1785	0.000414288
3.1786	0.000668825
3.1787	0.000784932
3.1788	0.000822761
3.1789	0.000535238
3.179	0.000358792
3.1791	0.000531823
3.1792	0.000600751
3.1793	0.000532654
3.1794	0.00063215
3.1795	0.00051276
3.1796	0.00064075
3.1797	0.000641422
3.1798	0.000526975
3.1799	0.000579806
3.18	0.000622354
3.1801	0.000487591
3.1802	0.000519323
3.1803	0.000466267
3.1804	0.000609688
3.1805	0.000609077
3.1806	0.000378332
3.1807	0.000638363
3.1808	0.000626225
3.1809	0.000737571
3.181	0.000760593
3.1811	0.000737891
3.1812	0.000545794
3.1813	0.000418447
3.1814	0.000534275
3.1815	0.000575132
3.1816	0.000478871
3.1817	0.000536993
3.1818	0.000651018
3.1819	0.00071897
3.182	0.000693211
3.1821	0.000581693
3.1822	0.00066508
3.1823	0.000602335
3.1824	0.00055644
3.1825	0.000567938
3.1826	0.000506332
3.1827	0.000665202
3.1828	0.000498709
3.1829	0.000463053
3.183	0.000431739
3.1831	0.000512461
3.1832	0.000451182
3.1833	0.00087287
3.1834	0.000502869
3.1835	0.000462087
3.1836	0.000703778
3.1837	0.00051141
3.1838	0.000631827
3.1839	0.000564865
3.184	0.000566294
3.1841	0.000484641
3.1842	0.000527343
3.1843	0.000571356
3.1844	0.00077999
3.1845	0.000573017
3.1846	0.000540103
3.1847	0.000851984
3.1848	0.000794434
3.1849	0.000572209
3.185	0.000712483
3.1851	0.000618909
3.1852	0.000736785
3.1853	0.000499019
3.1854	0.000686078
3.1855	0.000725071
3.1856	0.00061217
3.1857	0.00056294
3.1858	0.000501705
3.1859	0.000502061
3.186	0.000466716
3.1861	0.000730623
3.1862	0.000593027
3.1863	0.000660409
3.1864	0.000527782
3.1865	0.000377259
3.1866	0.000455213
3.1867	0.000627557
3.1868	0.000507358
3.1869	0.000696385
3.187	0.000645288
3.1871	0.000669483
3.1872	0.000760912
3.1873	0.000725148
3.1874	0.00048515
3.1875	0.00074688
3.1876	0.000818414
3.1877	0.000620622
3.1878	0.00059529
3.1879	0.000507776
3.188	0.0004953
3.1881	0.000438213
3.1882	0.000531508
3.1883	0.000504493
3.1884	0.000647651
3.1885	0.000473624
3.1886	0.00059885
3.1887	0.000471414
3.1888	0.000426072
3.1889	0.00063542
3.189	0.000702602
3.1891	0.000624041
3.1892	0.000569418
3.1893	0.000726433
3.1894	0.000739718
3.1895	0.000657069
3.1896	0.000562488
3.1897	0.00077486
3.1898	0.000662962
3.1899	0.000620355
3.19	0.000876395
3.1901	0.000519052
3.1902	0.000472359
3.1903	0.00057847
3.1904	0.000687932
3.1905	0.000511843
3.1906	0.000527968
3.1907	0.000462645
3.1908	0.000511406
3.1909	0.000623758
3.191	0.000534238
3.1911	0.000525053
3.1912	0.000410966
3.1913	0.000718517
3.1914	0.00090266
3.1915	0.000681478
3.1916	0.000490994
3.1917	0.000704975
3.1918	0.000673284
3.1919	0.00064121
3.192	0.000733411
3.1921	0.000821179
3.1922	0.000521575
3.1923	0.000570434
3.1924	0.000806813
3.1925	0.000558002
3.1926	0.000582016
3.1927	0.000611156
3.1928	0.000497304
3.1929	0.000575325
3.193	0.000583731
3.1931	0.000565152
3.1932	0.000491423
3.1933	0.000340662
3.1934	0.0003613
3.1935	0.000512802
3.1936	0.000593604
3.1937	0.000591395
3.1938	0.000521083
3.1939	0.000586379
3.194	0.000859661
3.1941	0.000824563
3.1942	0.000807913
3.1943	0.000592885
3.1944	0.000696703
3.1945	0.000626221
3.1946	0.000577962
3.1947	0.00057212
3.1948	0.00044832
3.1949	0.000444915
3.195	0.000566394
3.1951	0.000484786
3.1952	0.000582143
3.1953	0.000489068
3.1954	0.000491494
3.1955	0.00057434
3.1956	0.000468144
3.1957	0.000584808
3.1958	0.00067258
3.1959	0.000538877
3.196	0.00056354
3.1961	0.000626779
3.1962	0.000637813
3.1963	0.000443882
3.1964	0.000632614
3.1965	0.00066429
3.1966	0.000619806
3.1967	0.00064185
3.1968	0.000684497
3.1969	0.000718454
3.197	0.000679923
3.1971	0.000432132
3.1972	0.000506749
3.1973	0.000595464
3.1974	0.00061129
3.1975	0.000601505
3.1976	0.000530229
3.1977	0.000586787
3.1978	0.000536862
3.1979	0.000647079
3.198	0.000670519
3.1981	0.000550036
3.1982	0.000732904
3.1983	0.000853961
3.1984	0.000560136
3.1985	0.000457318
3.1986	0.000701864
3.1987	0.000459857
3.1988	0.000629806
3.1989	0.000604475
3.199	0.000606036
3.1991	0.000515475
3.1992	0.00073865
3.1993	0.000412396
3.1994	0.000602794
3.1995	0.000804436
3.1996	0.000714932
3.1997	0.000498473
3.1998	0.00067234
3.1999	0.000672487
3.2	0.000716668
3.2001	0.00049295
3.2002	0.000526928
3.2003	0.00046584
3.2004	0.000446334
3.2005	0.00072465
3.2006	0.000740139
3.2007	0.000551914
3.2008	0.000593142
3.2009	0.000497645
3.201	0.000651356
3.2011	0.000802166
3.2012	0.000726129
3.2013	0.000513365
3.2014	0.00052038
3.2015	0.000700236
3.2016	0.000557478
3.2017	0.000671073
3.2018	0.000531546
3.2019	0.000519223
3.202	0.000595075
3.2021	0.000548873
3.2022	0.00067945
3.2023	0.000629701
3.2024	0.000451497
3.2025	0.000614633
3.2026	0.000516617
3.2027	0.00049312
3.2028	0.000607471
3.2029	0.000586191
3.203	0.000513398
3.2031	0.000643758
3.2032	0.000659614
3.2033	0.00050312
3.2034	0.000737669
3.2035	0.000432858
3.2036	0.000566714
3.2037	0.000596482
3.2038	0.000541217
3.2039	0.000636968
3.204	0.000618952
3.2041	0.000659141
3.2042	0.000548765
3.2043	0.000545719
3.2044	0.000694124
3.2045	0.000541774
3.2046	0.000660237
3.2047	0.000486022
3.2048	0.000407466
3.2049	0.00053111
3.205	0.000630582
3.2051	0.000795979
3.2052	0.00070652
3.2053	0.000786977
3.2054	0.000636368
3.2055	0.000604239
3.2056	0.000792628
3.2057	0.000589258
3.2058	0.000430386
3.2059	0.000542576
3.206	0.000581917
3.2061	0.000478352
3.2062	0.000759776
3.2063	0.000643703
3.2064	0.000560891
3.2065	0.000480079
3.2066	0.000720233
3.2067	0.000593434
3.2068	0.000646194
3.2069	0.000451865
3.207	0.000432091
3.2071	0.000644032
3.2072	0.000615392
3.2073	0.000790644
3.2074	0.000783469
3.2075	0.000704072
3.2076	0.000670257
3.2077	0.000677869
3.2078	0.000752494
3.2079	0.000502523
3.208	0.000541565
3.2081	0.000655612
3.2082	0.000493843
3.2083	0.00089621
3.2084	0.000532531
3.2085	0.000536506
3.2086	0.000768269
3.2087	0.000754547
3.2088	0.00046593
3.2089	0.000489267
3.209	0.000481262
3.2091	0.000420993
3.2092	0.000547697
3.2093	0.000349173
3.2094	0.000486803
3.2095	0.000482669
3.2096	0.00051498
3.2097	0.000605256
3.2098	0.000624406
3.2099	0.000734097
3.21	0.000569162
3.2101	0.000465796
3.2102	0.000503984
3.2103	0.000512358
3.2104	0.000756953
3.2105	0.000567761
3.2106	0.000596954
3.2107	0.000566147
3.2108	0.000502314
3.2109	0.000687366
3.211	0.00043407
3.2111	0.0005436
3.2112	0.000489053
3.2113	0.00063756
3.2114	0.000489973
3.2115	0.000472632
3.2116	0.00046188
3.2117	0.000555314
3.2118	0.000613427
3.2119	0.000516669
3.212	0.000480588
3.2121	0.000659467
3.2122	0.000587808
3.2123	0.000556451
3.2124	0.000517214
3.2125	0.000571607
3.2126	0.000502846
3.2127	0.000650868
3.2128	0.000630206
3.2129	0.000523807
3.213	0.000682927
3.2131	0.000565214
3.2132	0.000387123
3.2133	0.000415593
3.2134	0.00045262
3.2135	0.000533403
3.2136	0.000536743
3.2137	0.000388552
3.2138	0.000413749
3.2139	0.000581742
3.214	0.000693165
3.2141	0.000398195
3.2142	0.000552986
3.2143	0.000703563
3.2144	0.000760181
3.2145	0.00082876
3.2146	0.000466503
3.2147	0.00040624
3.2148	0.000549496
3.2149	0.000516088
3.215	0.000555106
3.2151	0.000635996
3.2152	0.000479158
3.2153	0.00066387
3.2154	0.000515945
3.2155	0.000348188
3.2156	0.000454295
3.2157	0.000729084
3.2158	0.000438017
3.2159	0.000504458
3.216	0.000449469
3.2161	0.000594254
3.2162	0.000578073
3.2163	0.000405831
3.2164	0.000516791
3.2165	0.000474459
3.2166	0.000702047
3.2167	0.000704968
3.2168	0.00048291
3.2169	0.000502186
3.217	0.000684976
3.2171	0.000631536
3.2172	0.000564516
3.2173	0.000415624
3.2174	0.000572035
3.2175	0.000683739
3.2176	0.000635287
3.2177	0.000614648
3.2178	0.000479388
3.2179	0.000556605
3.218	0.000431503
3.2181	0.000549686
3.2182	0.00069743
3.2183	0.000628172
3.2184	0.000680548
3.2185	0.000456726
3.2186	0.000434184
3.2187	0.000515856
3.2188	0.00076748
3.2189	0.000673179
3.219	0.000625739
3.2191	0.000627742
3.2192	0.000684298
3.2193	0.000495758
3.2194	0.00049534
3.2195	0.000675477
3.2196	0.000494595
3.2197	0.000507874
3.2198	0.000514507
3.2199	0.000551889
3.22	0.000474198
3.2201	0.000550652
3.2202	0.000661876
3.2203	0.000735661
3.2204	0.000713496
3.2205	0.000538046
3.2206	0.00066884
3.2207	0.000713992
3.2208	0.000695866
3.2209	0.00049742
3.221	0.000637667
3.2211	0.000738849
3.2212	0.000765071
3.2213	0.000482544
3.2214	0.000491737
3.2215	0.000535641
3.2216	0.000442363
3.2217	0.000607417
3.2218	0.00061051
3.2219	0.000611749
3.222	0.000676411
3.2221	0.000560906
3.2222	0.000397283
3.2223	0.000555915
3.2224	0.000619402
3.2225	0.000597129
3.2226	0.000668341
3.2227	0.000498067
3.2228	0.000843053
3.2229	0.000742582
3.223	0.00061821
3.2231	0.000574367
3.2232	0.000662464
3.2233	0.00096308
3.2234	0.000737269
3.2235	0.000472876
3.2236	0.000455285
3.2237	0.000640466
3.2238	0.0005485
3.2239	0.000547544
3.224	0.000637176
3.2241	0.000530159
3.2242	0.00054796
3.2243	0.000393458
3.2244	0.000384117
3.2245	0.000474937
3.2246	0.000645118
3.2247	0.000621512
3.2248	0.000571343
3.2249	0.000531083
3.225	0.00080399
3.2251	0.000638106
3.2252	0.000492987
3.2253	0.000641533
3.2254	0.000709479
3.2255	0.000612082
3.2256	0.000681609
3.2257	0.000666695
3.2258	0.000480387
3.2259	0.000482694
3.226	0.000670542
3.2261	0.00056297
3.2262	0.000612726
3.2263	0.000367309
3.2264	0.000386679
3.2265	0.000461104
3.2266	0.000497494
3.2267	0.000412679
3.2268	0.000511854
3.2269	0.000446425
3.227	0.000437817
3.2271	0.000803981
3.2272	0.000619382
3.2273	0.000673811
3.2274	0.000728762
3.2275	0.000716489
3.2276	0.000744306
3.2277	0.000846035
3.2278	0.000554579
3.2279	0.000745067
3.228	0.000612995
3.2281	0.000699096
3.2282	0.000567824
3.2283	0.000494169
3.2284	0.000551307
3.2285	0.000469451
3.2286	0.000526945
3.2287	0.000511851
3.2288	0.000481107
3.2289	0.000343092
3.229	0.00042515
3.2291	0.000523633
3.2292	0.000798046
3.2293	0.000586303
3.2294	0.00068013
3.2295	0.000554434
3.2296	0.000616459
3.2297	0.000754541
3.2298	0.00101653
3.2299	0.000614823
3.23	0.000575305
3.2301	0.0006351
3.2302	0.000591564
3.2303	0.000660123
3.2304	0.000563515
3.2305	0.000530334
3.2306	0.000428142
3.2307	0.000519883
3.2308	0.000573607
3.2309	0.00044502
3.231	0.000587617
3.2311	0.000414232
3.2312	0.00066224
3.2313	0.000630748
3.2314	0.000532672
3.2315	0.000663369
3.2316	0.000564913
3.2317	0.000739861
3.2318	0.000635308
3.2319	0.000678523
3.232	0.000685054
3.2321	0.000673504
3.2322	0.000585463
3.2323	0.000493064
3.2324	0.000757742
3.2325	0.000544305
3.2326	0.00073204
3.2327	0.00067647
3.2328	0.000626711
3.2329	0.000609531
3.233	0.000467727
3.2331	0.000706836
3.2332	0.000579897
3.2333	0.000521894
3.2334	0.000759983
3.2335	0.000586994
3.2336	0.000562595
3.2337	0.00068943
3.2338	0.000526345
3.2339	0.000747427
3.234	0.000773796
3.2341	0.00072677
3.2342	0.000616549
3.2343	0.000698839
3.2344	0.000560403
3.2345	0.000681506
3.2346	0.000644862
3.2347	0.000631368
3.2348	0.000567601
3.2349	0.000601791
3.235	0.000439488
3.2351	0.000781459
3.2352	0.000631935
3.2353	0.000590194
3.2354	0.000737628
3.2355	0.000576124
3.2356	0.000482074
3.2357	0.000577614
3.2358	0.000929717
3.2359	0.000415794
3.236	0.000425783
3.2361	0.000670347
3.2362	0.000803128
3.2363	0.000653335
3.2364	0.000568704
3.2365	0.000562367
3.2366	0.000681921
3.2367	0.000793498
3.2368	0.000832361
3.2369	0.000455527
3.237	0.000519891
3.2371	0.000653032
3.2372	0.000625823
3.2373	0.000522956
3.2374	0.000542653
3.2375	0.000523066
3.2376	0.000614978
3.2377	0.00063786
3.2378	0.000593761
3.2379	0.00064013
3.238	0.000786559
3.2381	0.000483823
3.2382	0.000551919
3.2383	0.000628925
3.2384	0.000521486
3.2385	0.000611335
3.2386	0.000599201
3.2387	0.000559243
3.2388	0.000636285
3.2389	0.000627242
3.239	0.000918535
3.2391	0.000580866
3.2392	0.000513815
3.2393	0.000641602
3.2394	0.000585507
3.2395	0.000596459
3.2396	0.000688069
3.2397	0.000535865
3.2398	0.000622571
3.2399	0.000511601
3.24	0.000711777
3.2401	0.000820505
3.2402	0.000616035
3.2403	0.000370145
3.2404	0.000560412
3.2405	0.000426482
3.2406	0.000477139
3.2407	0.000651133
3.2408	0.000805952
3.2409	0.000788655
3.241	0.000732565
3.2411	0.000790016
3.2412	0.000649574
3.2413	0.000718553
3.2414	0.000531904
3.2415	0.000485261
3.2416	0.000516625
3.2417	0.00052937
3.2418	0.000544446
3.2419	0.000620393
3.242	0.000659568
3.2421	0.000582385
3.2422	0.000597108
3.2423	0.000759694
3.2424	0.000501602
3.2425	0.000467221
3.2426	0.000578305
3.2427	0.000549342
3.2428	0.000546783
3.2429	0.000715939
3.243	0.000709987
3.2431	0.000712245
3.2432	0.000573871
3.2433	0.000580176
3.2434	0.000665045
3.2435	0.000483561
3.2436	0.000702312
3.2437	0.000575122
3.2438	0.000708948
3.2439	0.000764385
3.244	0.000450618
3.2441	0.000505252
3.2442	0.000727371
3.2443	0.000489697
3.2444	0.000579289
3.2445	0.000652998
3.2446	0.000477519
3.2447	0.000621562
3.2448	0.000418268
3.2449	0.000537719
3.245	0.000397459
3.2451	0.000451862
3.2452	0.000494626
3.2453	0.000581985
3.2454	0.000657318
3.2455	0.000662249
3.2456	0.000747286
3.2457	0.000646358
3.2458	0.000508016
3.2459	0.000625627
3.246	0.000509692
3.2461	0.000481079
3.2462	0.000497173
3.2463	0.000670785
3.2464	0.000473294
3.2465	0.000555846
3.2466	0.000587274
3.2467	0.000449109
3.2468	0.000455971
3.2469	0.000505214
3.247	0.000497756
3.2471	0.000486689
3.2472	0.000390184
3.2473	0.000571387
3.2474	0.000683408
3.2475	0.00065687
3.2476	0.000513048
3.2477	0.000424242
3.2478	0.000599468
3.2479	0.00052983
3.248	0.000468834
3.2481	0.000424322
3.2482	0.000661122
3.2483	0.000406527
3.2484	0.000637068
3.2485	0.000493691
3.2486	0.000577819
3.2487	0.000735927
3.2488	0.00044283
3.2489	0.000460751
3.249	0.000415948
3.2491	0.000550242
3.2492	0.000381053
3.2493	0.000478445
3.2494	0.000371757
3.2495	0.000387562
3.2496	0.000569276
3.2497	0.000692298
3.2498	0.000403351
3.2499	0.000530656
3.25	0.000660075
3.2501	0.00060082
3.2502	0.000847448
3.2503	0.000451444
3.2504	0.000467477
3.2505	0.000512937
3.2506	0.000447144
3.2507	0.000489367
3.2508	0.000793266
3.2509	0.000464184
3.251	0.000612189
3.2511	0.000567628
3.2512	0.000441641
3.2513	0.000578151
3.2514	0.00063912
3.2515	0.000470724
3.2516	0.000548912
3.2517	0.000413179
3.2518	0.000482648
3.2519	0.000612232
3.252	0.000399086
3.2521	0.000622496
3.2522	0.000546474
3.2523	0.000867923
3.2524	0.000694611
3.2525	0.000482206
3.2526	0.000517904
3.2527	0.000552063
3.2528	0.000539333
3.2529	0.000662117
3.253	0.000383894
3.2531	0.000496194
3.2532	0.000558405
3.2533	0.000788499
3.2534	0.000829001
3.2535	0.000626876
3.2536	0.000583142
3.2537	0.000477595
3.2538	0.000474837
3.2539	0.000662858
3.254	0.000665629
3.2541	0.000705153
3.2542	0.000425188
3.2543	0.00044255
3.2544	0.000553038
3.2545	0.000647524
3.2546	0.000626709
3.2547	0.000808365
3.2548	0.000626963
3.2549	0.000547478
3.255	0.000644935
3.2551	0.000567874
3.2552	0.000736182
3.2553	0.000484234
3.2554	0.000471652
3.2555	0.000469951
3.2556	0.000478415
3.2557	0.000597841
3.2558	0.000588927
3.2559	0.00049765
3.256	0.000773027
3.2561	0.000669244
3.2562	0.00060944
3.2563	0.000619829
3.2564	0.000645784
3.2565	0.000545744
3.2566	0.000720528
3.2567	0.000518801
3.2568	0.00072374
3.2569	0.000720242
3.257	0.000606479
3.2571	0.000521142
3.2572	0.000579586
3.2573	0.000470353
3.2574	0.00058188
3.2575	0.000669361
3.2576	0.000541485
3.2577	0.00056898
3.2578	0.000561025
3.2579	0.0004583
3.258	0.000508212
3.2581	0.000535786
3.2582	0.000586602
3.2583	0.000684118
3.2584	0.000587251
3.2585	0.000733926
3.2586	0.000703137
3.2587	0.000675993
3.2588	0.00063905
3.2589	0.000684308
3.259	0.000904003
3.2591	0.000723861
3.2592	0.000536743
3.2593	0.000542446
3.2594	0.00048795
3.2595	0.0004941
3.2596	0.000508684
3.2597	0.00063105
3.2598	0.000571083
3.2599	0.000464439
3.26	0.000434924
3.2601	0.000391902
3.2602	0.000468643
3.2603	0.00052127
3.2604	0.00068738
3.2605	0.000610279
3.2606	0.000591771
3.2607	0.00069552
3.2608	0.000654757
3.2609	0.00089329
3.261	0.000618097
3.2611	0.000813527
3.2612	0.000637022
3.2613	0.000643519
3.2614	0.000927155
3.2615	0.000501139
3.2616	0.000521508
3.2617	0.000681858
3.2618	0.000440449
3.2619	0.000501087
3.262	0.000455287
3.2621	0.000440095
3.2622	0.000517196
3.2623	0.000528048
3.2624	0.000493743
3.2625	0.000446294
3.2626	0.000468698
3.2627	0.000755655
3.2628	0.000730117
3.2629	0.000763521
3.263	0.000557833
3.2631	0.000779698
3.2632	0.00070808
3.2633	0.000817959
3.2634	0.000628276
3.2635	0.000612284
3.2636	0.000743594
3.2637	0.00066666
3.2638	0.000739408
3.2639	0.000613771
3.264	0.000551361
3.2641	0.000552521
3.2642	0.000506948
3.2643	0.000458007
3.2644	0.000457461
3.2645	0.000529221
3.2646	0.000461329
3.2647	0.000346997
3.2648	0.000543268
3.2649	0.000409183
3.265	0.000710871
3.2651	0.000576331
3.2652	0.000568284
3.2653	0.000637308
3.2654	0.000764842
3.2655	0.000930318
3.2656	0.000581224
3.2657	0.000616137
3.2658	0.000723219
3.2659	0.000762511
3.266	0.000554147
3.2661	0.00057388
3.2662	0.000509419
3.2663	0.000442365
3.2664	0.000554992
3.2665	0.000511996
3.2666	0.000681112
3.2667	0.000490068
3.2668	0.000571425
3.2669	0.000600812
3.267	0.000375903
3.2671	0.000601854
3.2672	0.000465636
3.2673	0.000618988
3.2674	0.000576899
3.2675	0.000712898
3.2676	0.000833822
3.2677	0.000662648
3.2678	0.000577176
3.2679	0.000659824
3.268	0.000806122
3.2681	0.000751113
3.2682	0.00054737
3.2683	0.000722025
3.2684	0.000589724
3.2685	0.000551282
3.2686	0.000477937
3.2687	0.000563012
3.2688	0.000585971
3.2689	0.000669337
3.269	0.000583398
3.2691	0.000589054
3.2692	0.00052672
3.2693	0.000696292
3.2694	0.000734733
3.2695	0.000596952
3.2696	0.000718799
3.2697	0.000734601
3.2698	0.000547004
3.2699	0.000384547
3.27	0.000745937
3.2701	0.000493997
3.2702	0.000808859
3.2703	0.000701935
3.2704	0.000670274
3.2705	0.000545527
3.2706	0.000647246
3.2707	0.000443234
3.2708	0.000524911
3.2709	0.000871722
3.271	0.000587844
3.2711	0.000507766
3.2712	0.000646349
3.2713	0.000624824
3.2714	0.000762362
3.2715	0.000492882
3.2716	0.000440455
3.2717	0.000474114
3.2718	0.000684377
3.2719	0.000862873
3.272	0.000734765
3.2721	0.000550883
3.2722	0.000561818
3.2723	0.000610118
3.2724	0.000620907
3.2725	0.000770153
3.2726	0.000472258
3.2727	0.000522277
3.2728	0.000566198
3.2729	0.0006072
3.273	0.000568137
3.2731	0.000610591
3.2732	0.000500411
3.2733	0.000465546
3.2734	0.000602731
3.2735	0.000570554
3.2736	0.000640013
3.2737	0.000615776
3.2738	0.00045564
3.2739	0.000537249
3.274	0.000734011
3.2741	0.000610602
3.2742	0.000488426
3.2743	0.000543674
3.2744	0.000511919
3.2745	0.000749606
3.2746	0.00062661
3.2747	0.000612179
3.2748	0.000589152
3.2749	0.000456451
3.275	0.000599938
3.2751	0.000709563
3.2752	0.000617036
3.2753	0.00069297
3.2754	0.000535889
3.2755	0.000596066
3.2756	0.000503102
3.2757	0.000663231
3.2758	0.000970533
3.2759	0.000526685
3.276	0.00045811
3.2761	0.000493248
3.2762	0.000524568
3.2763	0.000608199
3.2764	0.000707854
3.2765	0.000827517
3.2766	0.000769753
3.2767	0.000799771
3.2768	0.000708402
3.2769	0.000590604
3.277	0.000723718
3.2771	0.000646388
3.2772	0.000438595
3.2773	0.00055478
3.2774	0.000633629
3.2775	0.000537858
3.2776	0.000652227
3.2777	0.000584018
3.2778	0.000494675
3.2779	0.000552422
3.278	0.000742255
3.2781	0.000450179
3.2782	0.000560045
3.2783	0.00039366
3.2784	0.000526628
3.2785	0.000612445
3.2786	0.000718877
3.2787	0.000773816
3.2788	0.000783083
3.2789	0.000542257
3.279	0.000664609
3.2791	0.000646129
3.2792	0.000707972
3.2793	0.000471607
3.2794	0.000540578
3.2795	0.000618978
3.2796	0.000591407
3.2797	0.000671473
3.2798	0.000577258
3.2799	0.000615705
3.28	0.000710258
3.2801	0.000732825
3.2802	0.000519926
3.2803	0.000520396
3.2804	0.000540952
3.2805	0.000628354
3.2806	0.000355492
3.2807	0.00045383
3.2808	0.000517822
3.2809	0.000536999
3.281	0.000532526
3.2811	0.000651421
3.2812	0.000744365
3.2813	0.00068959
3.2814	0.000733489
3.2815	0.000427045
3.2816	0.000578275
3.2817	0.000502421
3.2818	0.000556149
3.2819	0.000662798
3.282	0.00056437
3.2821	0.000497136
3.2822	0.00044441
3.2823	0.000667696
3.2824	0.000398594
3.2825	0.000575877
3.2826	0.000493059
3.2827	0.000524156
3.2828	0.000513294
3.2829	0.000348377
3.283	0.000507386
3.2831	0.000659021
3.2832	0.00063834
3.2833	0.000495935
3.2834	0.000448831
3.2835	0.00066717
3.2836	0.00057604
3.2837	0.000518875
3.2838	0.000405165
3.2839	0.000617666
3.284	0.000433684
3.2841	0.000661636
3.2842	0.000499903
3.2843	0.000618808
3.2844	0.000596638
3.2845	0.000635919
3.2846	0.000395149
3.2847	0.0004622
3.2848	0.000384471
3.2849	0.000505895
3.285	0.000462964
3.2851	0.000408875
3.2852	0.00039439
3.2853	0.000546022
3.2854	0.000743082
3.2855	0.00041192
3.2856	0.000585488
3.2857	0.000741807
3.2858	0.000935543
3.2859	0.000745395
3.286	0.000430352
3.2861	0.000440507
3.2862	0.000530922
3.2863	0.000423656
3.2864	0.000447329
3.2865	0.000591714
3.2866	0.000436749
3.2867	0.000640395
3.2868	0.00060358
3.2869	0.000475041
3.287	0.000553592
3.2871	0.000786083
3.2872	0.00044585
3.2873	0.000475922
3.2874	0.000419934
3.2875	0.000498165
3.2876	0.000641634
3.2877	0.000426644
3.2878	0.000546695
3.2879	0.000496873
3.288	0.000545401
3.2881	0.000532119
3.2882	0.000402832
3.2883	0.000566276
3.2884	0.000541531
3.2885	0.000567598
3.2886	0.000615389
3.2887	0.000417361
3.2888	0.000464017
3.2889	0.000560567
3.289	0.000572615
3.2891	0.000861054
3.2892	0.000461231
3.2893	0.000447888
3.2894	0.000630799
3.2895	0.000409422
3.2896	0.000691675
3.2897	0.000725922
3.2898	0.000608755
3.2899	0.000498655
3.29	0.000452835
3.2901	0.000559972
3.2902	0.000615707
3.2903	0.000506582
3.2904	0.000651357
3.2905	0.000592498
3.2906	0.000647575
3.2907	0.000607258
3.2908	0.000684239
3.2909	0.000673311
3.291	0.000528663
3.2911	0.000571685
3.2912	0.000496437
3.2913	0.000510822
3.2914	0.000628439
3.2915	0.000737364
3.2916	0.000547356
3.2917	0.000639295
3.2918	0.000631191
3.2919	0.000810112
3.292	0.000649555
3.2921	0.000681344
3.2922	0.000654827
3.2923	0.000527331
3.2924	0.000500282
3.2925	0.000603151
3.2926	0.000678592
3.2927	0.000634165
3.2928	0.000509356
3.2929	0.000501527
3.293	0.000477382
3.2931	0.000567362
3.2932	0.000657861
3.2933	0.000686261
3.2934	0.000474618
3.2935	0.000482637
3.2936	0.000428381
3.2937	0.000563316
3.2938	0.000574698
3.2939	0.000620163
3.294	0.000740917
3.2941	0.000614184
3.2942	0.000775077
3.2943	0.000904281
3.2944	0.000546198
3.2945	0.000531609
3.2946	0.000840056
3.2947	0.000741072
3.2948	0.000846504
3.2949	0.000369874
3.295	0.000588379
3.2951	0.000584887
3.2952	0.000602869
3.2953	0.000520058
3.2954	0.000704054
3.2955	0.000478188
3.2956	0.000467023
3.2957	0.000415143
3.2958	0.000385291
3.2959	0.000478643
3.296	0.000569542
3.2961	0.000650046
3.2962	0.000595433
3.2963	0.000561823
3.2964	0.000618204
3.2965	0.000486643
3.2966	0.000838444
3.2967	0.00070021
3.2968	0.000893237
3.2969	0.000516384
3.297	0.000763408
3.2971	0.000760489
3.2972	0.000418002
3.2973	0.000463718
3.2974	0.000798655
3.2975	0.000621528
3.2976	0.000744915
3.2977	0.000460745
3.2978	0.000441112
3.2979	0.000556214
3.298	0.000545018
3.2981	0.000559859
3.2982	0.000404405
3.2983	0.000442895
3.2984	0.000589329
3.2985	0.000723243
3.2986	0.000589014
3.2987	0.000631389
3.2988	0.000681089
3.2989	0.00074414
3.299	0.000863508
3.2991	0.000747049
3.2992	0.000603332
3.2993	0.000658607
3.2994	0.000634043
3.2995	0.000568496
3.2996	0.000525861
3.2997	0.000748983
3.2998	0.000524752
3.2999	0.000417498
3.3	0.000522251
3.3001	0.00052883
3.3002	0.000510348
3.3003	0.000430759
3.3004	0.000335377
3.3005	0.000558617
3.3006	0.000435443
3.3007	0.000535937
3.3008	0.000731633
3.3009	0.000557131
3.301	0.00066797
3.3011	0.000888599
3.3012	0.000861152
3.3013	0.000622071
3.3014	0.000703003
3.3015	0.000608854
3.3016	0.000635375
3.3017	0.000637337
3.3018	0.000601116
3.3019	0.000494459
3.302	0.00042583
3.3021	0.000568293
3.3022	0.000583824
3.3023	0.000750274
3.3024	0.000489249
3.3025	0.000537457
3.3026	0.00069655
3.3027	0.000378799
3.3028	0.000524509
3.3029	0.000676401
3.303	0.000560066
3.3031	0.000793782
3.3032	0.000579164
3.3033	0.000711985
3.3034	0.000735402
3.3035	0.000681872
3.3036	0.000514065
3.3037	0.000791025
3.3038	0.000752001
3.3039	0.000617956
3.304	0.000731158
3.3041	0.000587789
3.3042	0.000437584
3.3043	0.000498863
3.3044	0.000630828
3.3045	0.000662851
3.3046	0.000571811
3.3047	0.000472696
3.3048	0.000657789
3.3049	0.000646116
3.305	0.000600411
3.3051	0.000728297
3.3052	0.000501849
3.3053	0.000739557
3.3054	0.00053835
3.3055	0.000585577
3.3056	0.000514873
3.3057	0.000600836
3.3058	0.000668705
3.3059	0.000709681
3.306	0.000683912
3.3061	0.0005828
3.3062	0.000558491
3.3063	0.000586298
3.3064	0.000496722
3.3065	0.000632712
3.3066	0.00079072
3.3067	0.000703415
3.3068	0.00049264
3.3069	0.000633293
3.307	0.000672493
3.3071	0.000763303
3.3072	0.000511031
3.3073	0.000444955
3.3074	0.000606957
3.3075	0.000654774
3.3076	0.000842413
3.3077	0.000579071
3.3078	0.000600609
3.3079	0.000719695
3.308	0.000670314
3.3081	0.000784556
3.3082	0.00062527
3.3083	0.000449609
3.3084	0.00057059
3.3085	0.000612468
3.3086	0.000617581
3.3087	0.000649978
3.3088	0.000640918
3.3089	0.000504799
3.309	0.000560902
3.3091	0.000621592
3.3092	0.000577816
3.3093	0.000674094
3.3094	0.000635818
3.3095	0.000401645
3.3096	0.000509489
3.3097	0.000718363
3.3098	0.000577059
3.3099	0.000516648
3.31	0.000649621
3.3101	0.000564738
3.3102	0.000784598
3.3103	0.000489325
3.3104	0.00077819
3.3105	0.000501536
3.3106	0.00046444
3.3107	0.000683544
3.3108	0.000746057
3.3109	0.000646497
3.311	0.000586312
3.3111	0.000594386
3.3112	0.000659759
3.3113	0.000559962
3.3114	0.000736132
3.3115	0.000836714
3.3116	0.000519587
3.3117	0.000585566
3.3118	0.00056883
3.3119	0.000414905
3.312	0.000510498
3.3121	0.000629162
3.3122	0.000815076
3.3123	0.000682134
3.3124	0.000802049
3.3125	0.000805557
3.3126	0.000809567
3.3127	0.000506675
3.3128	0.000414624
3.3129	0.000453071
3.313	0.00046813
3.3131	0.000682125
3.3132	0.000657494
3.3133	0.000583297
3.3134	0.000478315
3.3135	0.000696929
3.3136	0.000717062
3.3137	0.00081918
3.3138	0.000416563
3.3139	0.000527486
3.314	0.000413919
3.3141	0.000550714
3.3142	0.000676864
3.3143	0.000716477
3.3144	0.000797481
3.3145	0.000689888
3.3146	0.000696645
3.3147	0.000703059
3.3148	0.000728071
3.3149	0.000620083
3.315	0.000675186
3.3151	0.000535062
3.3152	0.000686821
3.3153	0.000643935
3.3154	0.000637387
3.3155	0.000598092
3.3156	0.000729126
3.3157	0.000616599
3.3158	0.000614118
3.3159	0.000553062
3.316	0.000491875
3.3161	0.000544208
3.3162	0.000549382
3.3163	0.000386536
3.3164	0.000381769
3.3165	0.000547456
3.3166	0.000595982
3.3167	0.000513698
3.3168	0.000507545
3.3169	0.00069226
3.317	0.000773719
3.3171	0.000694962
3.3172	0.00047671
3.3173	0.000596918
3.3174	0.00061258
3.3175	0.000551772
3.3176	0.000512126
3.3177	0.000493498
3.3178	0.000579945
3.3179	0.000458088
3.318	0.000587591
3.3181	0.000453784
3.3182	0.000516165
3.3183	0.000546377
3.3184	0.000576124
3.3185	0.000495573
3.3186	0.000386186
3.3187	0.000502225
3.3188	0.000555445
3.3189	0.000638463
3.319	0.000619731
3.3191	0.000541994
3.3192	0.00063046
3.3193	0.000586538
3.3194	0.000462487
3.3195	0.000423533
3.3196	0.00053708
3.3197	0.000456184
3.3198	0.000661076
3.3199	0.000608922
3.32	0.000490613
3.3201	0.000663429
3.3202	0.00050544
3.3203	0.000384587
3.3204	0.00039178
3.3205	0.000537776
3.3206	0.00044936
3.3207	0.000500948
3.3208	0.000394611
3.3209	0.000448233
3.321	0.000487298
3.3211	0.000605387
3.3212	0.000506989
3.3213	0.000485933
3.3214	0.000643211
3.3215	0.00084178
3.3216	0.00077215
3.3217	0.000466016
3.3218	0.000520271
3.3219	0.000528248
3.322	0.000423946
3.3221	0.00046437
3.3222	0.000742151
3.3223	0.000508306
3.3224	0.000582634
3.3225	0.000547797
3.3226	0.000454176
3.3227	0.000730912
3.3228	0.000477833
3.3229	0.000410141
3.323	0.000498769
3.3231	0.000469213
3.3232	0.000438612
3.3233	0.000584634
3.3234	0.000457936
3.3235	0.000473907
3.3236	0.000558889
3.3237	0.000739143
3.3238	0.00049978
3.3239	0.000550455
3.324	0.000463303
3.3241	0.000611691
3.3242	0.000535231
3.3243	0.000634465
3.3244	0.000466876
3.3245	0.000448748
3.3246	0.000690378
3.3247	0.000708744
3.3248	0.000724864
3.3249	0.000533473
3.325	0.000501749
3.3251	0.000514396
3.3252	0.000738747
3.3253	0.00066118
3.3254	0.000606239
3.3255	0.000601245
3.3256	0.000522384
3.3257	0.00046736
3.3258	0.000669939
3.3259	0.00069617
3.326	0.000802954
3.3261	0.000442465
3.3262	0.000638884
3.3263	0.000701616
3.3264	0.000568421
3.3265	0.000614601
3.3266	0.000626853
3.3267	0.000508728
3.3268	0.000523904
3.3269	0.000448739
3.327	0.000539621
3.3271	0.00075698
3.3272	0.000583381
3.3273	0.000660602
3.3274	0.000759609
3.3275	0.000747251
3.3276	0.00070602
3.3277	0.000449076
3.3278	0.000618773
3.3279	0.000662991
3.328	0.000503232
3.3281	0.00062176
3.3282	0.000640055
3.3283	0.00059795
3.3284	0.000697825
3.3285	0.000558305
3.3286	0.000536002
3.3287	0.000503848
3.3288	0.000659535
3.3289	0.000601811
3.329	0.000572383
3.3291	0.000496105
3.3292	0.00048197
3.3293	0.000394158
3.3294	0.000576186
3.3295	0.000546213
3.3296	0.000550473
3.3297	0.000562544
3.3298	0.000613451
3.3299	0.000778544
3.33	0.000686682
3.3301	0.000660761
3.3302	0.000623899
3.3303	0.000571098
3.3304	0.000868753
3.3305	0.000696316
3.3306	0.000391673
3.3307	0.000633641
3.3308	0.000473865
3.3309	0.000542501
3.331	0.000596253
3.3311	0.000691786
3.3312	0.000523865
3.3313	0.000395987
3.3314	0.000412719
3.3315	0.000411247
3.3316	0.000532304
3.3317	0.000644795
3.3318	0.000612919
3.3319	0.000743129
3.332	0.000452331
3.3321	0.000673777
3.3322	0.000489012
3.3323	0.00074626
3.3324	0.00069415
3.3325	0.000798329
3.3326	0.000666871
3.3327	0.000748972
3.3328	0.000706121
3.3329	0.00050997
3.333	0.000666882
3.3331	0.00061906
3.3332	0.000454777
3.3333	0.000441126
3.3334	0.000410958
3.3335	0.000410962
3.3336	0.000428557
3.3337	0.000538471
3.3338	0.000647968
3.3339	0.000400302
3.334	0.000425104
3.3341	0.000690152
3.3342	0.000868812
3.3343	0.000774408
3.3344	0.000566595
3.3345	0.00066078
3.3346	0.00082946
3.3347	0.00063146
3.3348	0.000649192
3.3349	0.000702072
3.335	0.000652619
3.3351	0.000665113
3.3352	0.000602932
3.3353	0.000456627
3.3354	0.000693176
3.3355	0.000537247
3.3356	0.000406949
3.3357	0.000494234
3.3358	0.000520618
3.3359	0.00062071
3.336	0.000501107
3.3361	0.000504203
3.3362	0.000444629
3.3363	0.000437526
3.3364	0.000612518
3.3365	0.000692561
3.3366	0.000586791
3.3367	0.000769971
3.3368	0.000969565
3.3369	0.00062453
3.337	0.00059458
3.3371	0.000740137
3.3372	0.000760466
3.3373	0.000742409
3.3374	0.000524022
3.3375	0.000572237
3.3376	0.000479595
3.3377	0.000519046
3.3378	0.000517501
3.3379	0.000636893
3.338	0.000623907
3.3381	0.000372182
3.3382	0.000433213
3.3383	0.000701697
3.3384	0.000396192
3.3385	0.000523096
3.3386	0.000638556
3.3387	0.000532611
3.3388	0.000823246
3.3389	0.000467317
3.339	0.00062811
3.3391	0.000641696
3.3392	0.000822948
3.3393	0.000601107
3.3394	0.000707521
3.3395	0.00070215
3.3396	0.000588153
3.3397	0.000691192
3.3398	0.000662237
3.3399	0.000537468
3.34	0.000563276
3.3401	0.000649126
3.3402	0.000592629
3.3403	0.000566332
3.3404	0.000548709
3.3405	0.000552007
3.3406	0.00068274
3.3407	0.000612852
3.3408	0.00058337
3.3409	0.000602976
3.341	0.000761818
3.3411	0.000737224
3.3412	0.000587613
3.3413	0.000743611
3.3414	0.00038975
3.3415	0.000837234
3.3416	0.000827615
3.3417	0.000706184
3.3418	0.000604038
3.3419	0.000462683
3.342	0.000640195
3.3421	0.000585125
3.3422	0.000461125
3.3423	0.00074284
3.3424	0.000649513
3.3425	0.000513081
3.3426	0.000618817
3.3427	0.000662824
3.3428	0.00074135
3.3429	0.000591711
3.343	0.000496414
3.3431	0.000664447
3.3432	0.000564712
3.3433	0.000674579
3.3434	0.000766209
3.3435	0.000499827
3.3436	0.000543317
3.3437	0.000656013
3.3438	0.000785137
3.3439	0.000865666
3.344	0.000446246
3.3441	0.000537623
3.3442	0.000629908
3.3443	0.00052805
3.3444	0.000527863
3.3445	0.000584505
3.3446	0.000438193
3.3447	0.000582559
3.3448	0.000435172
3.3449	0.0006716
3.345	0.000607157
3.3451	0.000484161
3.3452	0.000559599
3.3453	0.000561837
3.3454	0.0004951
3.3455	0.000569583
3.3456	0.000521679
3.3457	0.000589954
3.3458	0.000652489
3.3459	0.000807635
3.346	0.000444648
3.3461	0.000836176
3.3462	0.000443978
3.3463	0.000543627
3.3464	0.000624483
3.3465	0.000734838
3.3466	0.000621144
3.3467	0.000622389
3.3468	0.000594235
3.3469	0.000512037
3.347	0.000480221
3.3471	0.000798426
3.3472	0.000667978
3.3473	0.000460459
3.3474	0.000557802
3.3475	0.000485155
3.3476	0.00043089
3.3477	0.0004921
3.3478	0.00064526
3.3479	0.000901643
3.348	0.000692042
3.3481	0.000583876
3.3482	0.000767128
3.3483	0.000580775
3.3484	0.000543861
3.3485	0.000522795
3.3486	0.000543036
3.3487	0.000507481
3.3488	0.000617311
3.3489	0.000670664
3.349	0.000697431
3.3491	0.000450505
3.3492	0.000667902
3.3493	0.000730924
3.3494	0.000627845
3.3495	0.00050236
3.3496	0.000609509
3.3497	0.000437455
3.3498	0.000400257
3.3499	0.00068724
3.35	0.000613622
3.3501	0.000782649
3.3502	0.000619958
3.3503	0.000555261
3.3504	0.000601398
3.3505	0.000695127
3.3506	0.000531211
3.3507	0.000602399
3.3508	0.000480403
3.3509	0.000641368
3.351	0.000629916
3.3511	0.000665095
3.3512	0.000597723
3.3513	0.00063023
3.3514	0.000610978
3.3515	0.000766784
3.3516	0.000431641
3.3517	0.000505593
3.3518	0.000467888
3.3519	0.000610964
3.352	0.000492361
3.3521	0.00041156
3.3522	0.000499104
3.3523	0.000538783
3.3524	0.000589786
3.3525	0.000585546
3.3526	0.000693714
3.3527	0.000584802
3.3528	0.000639069
3.3529	0.000502089
3.353	0.000654175
3.3531	0.000577242
3.3532	0.000486693
3.3533	0.000532111
3.3534	0.000464469
3.3535	0.000572715
3.3536	0.00060468
3.3537	0.000503788
3.3538	0.000622124
3.3539	0.000577526
3.354	0.000635759
3.3541	0.000556371
3.3542	0.000531824
3.3543	0.000437459
3.3544	0.000637843
3.3545	0.000554699
3.3546	0.000485245
3.3547	0.000654563
3.3548	0.000615768
3.3549	0.000711654
3.355	0.000575784
3.3551	0.000459
3.3552	0.00055341
3.3553	0.000506349
3.3554	0.000571849
3.3555	0.000589088
3.3556	0.000514901
3.3557	0.000652541
3.3558	0.000617879
3.3559	0.000457808
3.356	0.000362054
3.3561	0.000401238
3.3562	0.000494729
3.3563	0.000435403
3.3564	0.000484071
3.3565	0.00037604
3.3566	0.000512725
3.3567	0.000617215
3.3568	0.000519865
3.3569	0.000465084
3.357	0.000618978
3.3571	0.000653995
3.3572	0.000973338
3.3573	0.000499615
3.3574	0.000428393
3.3575	0.000461037
3.3576	0.000601598
3.3577	0.000566457
3.3578	0.00082924
3.3579	0.000515802
3.358	0.000586547
3.3581	0.000584924
3.3582	0.000647251
3.3583	0.000608189
3.3584	0.000506768
3.3585	0.000470397
3.3586	0.000498693
3.3587	0.000380499
3.3588	0.00052256
3.3589	0.000565526
3.359	0.000449413
3.3591	0.000640793
3.3592	0.000573981
3.3593	0.000694159
3.3594	0.000599524
3.3595	0.000516223
3.3596	0.000487528
3.3597	0.000423032
3.3598	0.000484529
3.3599	0.000658014
3.36	0.000572238
3.3601	0.000509659
3.3602	0.000512057
3.3603	0.000777764
3.3604	0.000540198
3.3605	0.000684402
3.3606	0.000589935
3.3607	0.000539019
3.3608	0.00054608
3.3609	0.000652002
3.361	0.000513053
3.3611	0.00077386
3.3612	0.000382264
3.3613	0.0004673
3.3614	0.000434849
3.3615	0.000563303
3.3616	0.000749858
3.3617	0.000744522
3.3618	0.000554385
3.3619	0.000587286
3.362	0.00064917
3.3621	0.000550466
3.3622	0.000593307
3.3623	0.000618576
3.3624	0.000461344
3.3625	0.00055966
3.3626	0.000480661
3.3627	0.000538651
3.3628	0.000678234
3.3629	0.000732447
3.363	0.000632265
3.3631	0.000693951
3.3632	0.000894133
3.3633	0.000720958
3.3634	0.000618571
3.3635	0.000650669
3.3636	0.000705064
3.3637	0.000646804
3.3638	0.00053163
3.3639	0.000617744
3.364	0.000503582
3.3641	0.000560153
3.3642	0.000473568
3.3643	0.000551456
3.3644	0.000483278
3.3645	0.000564583
3.3646	0.00061113
3.3647	0.000561481
3.3648	0.000493183
3.3649	0.000439376
3.365	0.000447856
3.3651	0.000615326
3.3652	0.000600405
3.3653	0.00059603
3.3654	0.000565717
3.3655	0.000667221
3.3656	0.000832809
3.3657	0.000773197
3.3658	0.000620041
3.3659	0.000691076
3.366	0.00075624
3.3661	0.000616926
3.3662	0.000778214
3.3663	0.00046283
3.3664	0.000517929
3.3665	0.00043032
3.3666	0.000548997
3.3667	0.000622328
3.3668	0.000624371
3.3669	0.000714705
3.367	0.000388864
3.3671	0.000377262
3.3672	0.000389012
3.3673	0.000530507
3.3674	0.000731954
3.3675	0.00050417
3.3676	0.00062243
3.3677	0.000640201
3.3678	0.000692364
3.3679	0.00073042
3.368	0.000568649
3.3681	0.000678305
3.3682	0.000753757
3.3683	0.000792122
3.3684	0.000800616
3.3685	0.000550165
3.3686	0.000477566
3.3687	0.000593304
3.3688	0.000634597
3.3689	0.000647092
3.369	0.000622603
3.3691	0.000451807
3.3692	0.000501206
3.3693	0.000550086
3.3694	0.000492459
3.3695	0.000550884
3.3696	0.000463787
3.3697	0.000605806
3.3698	0.00081007
3.3699	0.000830242
3.37	0.000559614
3.3701	0.000608008
3.3702	0.000779032
3.3703	0.00069801
3.3704	0.000858314
3.3705	0.000592351
3.3706	0.000456348
3.3707	0.000588574
3.3708	0.000778874
3.3709	0.000668091
3.371	0.00048532
3.3711	0.000483954
3.3712	0.000874351
3.3713	0.000458318
3.3714	0.000545511
3.3715	0.00058683
3.3716	0.000583307
3.3717	0.000374263
3.3718	0.000358624
3.3719	0.000512006
3.372	0.000637177
3.3721	0.000745635
3.3722	0.000619014
3.3723	0.000702107
3.3724	0.000791122
3.3725	0.000833361
3.3726	0.000748534
3.3727	0.000623328
3.3728	0.000783216
3.3729	0.000767291
3.373	0.000715149
3.3731	0.000527301
3.3732	0.000495485
3.3733	0.000479575
3.3734	0.000545492
3.3735	0.000489851
3.3736	0.000725188
3.3737	0.000636009
3.3738	0.000565752
3.3739	0.000571459
3.374	0.000504825
3.3741	0.000540752
3.3742	0.000545405
3.3743	0.000541605
3.3744	0.000535804
3.3745	0.000821959
3.3746	0.000774871
3.3747	0.000548503
3.3748	0.000546549
3.3749	0.000772684
3.375	0.000608229
3.3751	0.000692669
3.3752	0.000657008
3.3753	0.00056981
3.3754	0.000719012
3.3755	0.000535285
3.3756	0.000504467
3.3757	0.00065893
3.3758	0.000584637
3.3759	0.000530549
3.376	0.000532221
3.3761	0.000601326
3.3762	0.000691141
3.3763	0.000658058
3.3764	0.000728648
3.3765	0.000621322
3.3766	0.000717846
3.3767	0.000855881
3.3768	0.000799593
3.3769	0.000572097
3.377	0.000634152
3.3771	0.000435468
3.3772	0.000629617
3.3773	0.000710086
3.3774	0.000649055
3.3775	0.00047783
3.3776	0.000541099
3.3777	0.000533349
3.3778	0.00069634
3.3779	0.000761976
3.378	0.000719046
3.3781	0.000554509
3.3782	0.000655375
3.3783	0.000658114
3.3784	0.000735194
3.3785	0.000556899
3.3786	0.000604066
3.3787	0.000445774
3.3788	0.00053449
3.3789	0.000777123
3.379	0.000716752
3.3791	0.000720834
3.3792	0.000517316
3.3793	0.000579033
3.3794	0.000718012
3.3795	0.000773111
3.3796	0.000657981
3.3797	0.000464081
3.3798	0.000546784
3.3799	0.000771812
3.38	0.000536105
3.3801	0.000571289
3.3802	0.000476074
3.3803	0.000594014
3.3804	0.000599337
3.3805	0.000583118
3.3806	0.000669773
3.3807	0.000446543
3.3808	0.000478173
3.3809	0.000592598
3.381	0.000585942
3.3811	0.000529734
3.3812	0.000586319
3.3813	0.000498927
3.3814	0.000594369
3.3815	0.000727315
3.3816	0.000660978
3.3817	0.000529157
3.3818	0.000702416
3.3819	0.000458247
3.382	0.000466517
3.3821	0.000559748
3.3822	0.000587676
3.3823	0.000647563
3.3824	0.000611348
3.3825	0.000655862
3.3826	0.000457246
3.3827	0.000469506
3.3828	0.000804021
3.3829	0.000759735
3.383	0.000648389
3.3831	0.000479343
3.3832	0.000412864
3.3833	0.000491884
3.3834	0.000610949
3.3835	0.000805569
3.3836	0.000735032
3.3837	0.000696718
3.3838	0.000697598
3.3839	0.000666976
3.384	0.000862614
3.3841	0.000647102
3.3842	0.000460487
3.3843	0.000515823
3.3844	0.000535113
3.3845	0.000673415
3.3846	0.000742734
3.3847	0.000710283
3.3848	0.000465365
3.3849	0.000435386
3.385	0.000781467
3.3851	0.000641149
3.3852	0.000617119
3.3853	0.000417586
3.3854	0.000476007
3.3855	0.000628004
3.3856	0.000601026
3.3857	0.00068903
3.3858	0.000770719
3.3859	0.00071994
3.386	0.000651846
3.3861	0.000734099
3.3862	0.000708849
3.3863	0.000456542
3.3864	0.000622911
3.3865	0.000661998
3.3866	0.000535206
3.3867	0.00088632
3.3868	0.000556694
3.3869	0.000483457
3.387	0.00078471
3.3871	0.000677415
3.3872	0.000619725
3.3873	0.000413218
3.3874	0.000567924
3.3875	0.000463178
3.3876	0.000436261
3.3877	0.000384399
3.3878	0.000509866
3.3879	0.000426587
3.388	0.000590502
3.3881	0.000645643
3.3882	0.000535881
3.3883	0.000618826
3.3884	0.000528939
3.3885	0.00051792
3.3886	0.000422982
3.3887	0.000577267
3.3888	0.000703307
3.3889	0.0006101
3.389	0.000655737
3.3891	0.000497748
3.3892	0.000556817
3.3893	0.00067758
3.3894	0.000502964
3.3895	0.000634482
3.3896	0.000491032
3.3897	0.000591923
3.3898	0.00053934
3.3899	0.000467531
3.39	0.000430682
3.3901	0.000568026
3.3902	0.000600865
3.3903	0.000467785
3.3904	0.000615215
3.3905	0.000572069
3.3906	0.000545701
3.3907	0.000578548
3.3908	0.000441257
3.3909	0.000523726
3.391	0.000545921
3.3911	0.000599593
3.3912	0.000551446
3.3913	0.000633126
3.3914	0.000710549
3.3915	0.000695901
3.3916	0.000411138
3.3917	0.000354736
3.3918	0.000423174
3.3919	0.00056396
3.392	0.000444581
3.3921	0.000458638
3.3922	0.000416692
3.3923	0.000555503
3.3924	0.000673086
3.3925	0.00043047
3.3926	0.000498841
3.3927	0.000646621
3.3928	0.000741642
3.3929	0.000840446
3.393	0.000474897
3.3931	0.000411351
3.3932	0.000627431
3.3933	0.000527988
3.3934	0.000475897
3.3935	0.0006528
3.3936	0.000529226
3.3937	0.000616293
3.3938	0.000615504
3.3939	0.000377873
3.394	0.000410458
3.3941	0.000827579
3.3942	0.000429875
3.3943	0.000520077
3.3944	0.000430409
3.3945	0.000514768
3.3946	0.000567621
3.3947	0.000454467
3.3948	0.000590653
3.3949	0.000567298
3.395	0.000829775
3.3951	0.000582345
3.3952	0.000501991
3.3953	0.000493367
3.3954	0.000675506
3.3955	0.000598023
3.3956	0.000683099
3.3957	0.00043107
3.3958	0.000603183
3.3959	0.000643885
3.396	0.000735431
3.3961	0.000609405
3.3962	0.000508521
3.3963	0.00048793
3.3964	0.000497798
3.3965	0.000552147
3.3966	0.000732094
3.3967	0.000580464
3.3968	0.000746033
3.3969	0.000423865
3.397	0.000419794
3.3971	0.000523938
3.3972	0.000763541
3.3973	0.000609515
3.3974	0.000709216
3.3975	0.000637181
3.3976	0.000649122
3.3977	0.000614786
3.3978	0.000474921
3.3979	0.00073168
3.398	0.000469254
3.3981	0.000534747
3.3982	0.000440159
3.3983	0.000497713
3.3984	0.000519278
3.3985	0.000561907
3.3986	0.000615615
3.3987	0.000633241
3.3988	0.000674271
3.3989	0.000650778
3.399	0.000720776
3.3991	0.000723397
3.3992	0.000708272
3.3993	0.000525101
3.3994	0.00051042
3.3995	0.00081256
3.3996	0.000601614
3.3997	0.000521685
3.3998	0.0005523
3.3999	0.000474678
3.4	0.000553779
3.4001	0.000563541
3.4002	0.000739747
3.4003	0.000607015
3.4004	0.000540442
3.4005	0.000629474
3.4006	0.000419408
3.4007	0.000564932
3.4008	0.000609687
3.4009	0.000598003
3.401	0.000643876
3.4011	0.000442265
3.4012	0.000952438
3.4013	0.000740131
3.4014	0.000592125
3.4015	0.000500656
3.4016	0.000822393
3.4017	0.000678931
3.4018	0.000695593
3.4019	0.000554294
3.402	0.000514087
3.4021	0.000584722
3.4022	0.000512182
3.4023	0.000484874
3.4024	0.000668524
3.4025	0.000561052
3.4026	0.000478861
3.4027	0.000380497
3.4028	0.000399805
3.4029	0.000477322
3.403	0.00054314
3.4031	0.000599107
3.4032	0.000711905
3.4033	0.00057652
3.4034	0.000856683
3.4035	0.000551989
3.4036	0.000576336
3.4037	0.000622134
3.4038	0.00080678
3.4039	0.000764498
3.404	0.000735633
3.4041	0.000849244
3.4042	0.000493204
3.4043	0.000522083
3.4044	0.000691145
3.4045	0.000533771
3.4046	0.000657221
3.4047	0.000370336
3.4048	0.00042188
3.4049	0.000489231
3.405	0.000555209
3.4051	0.000451189
3.4052	0.000469623
3.4053	0.000517903
3.4054	0.000615766
3.4055	0.000821414
3.4056	0.000668283
3.4057	0.000507325
3.4058	0.000804468
3.4059	0.000724094
3.406	0.000461367
3.4061	0.000840248
3.4062	0.000572929
3.4063	0.000652255
3.4064	0.000503941
3.4065	0.000800173
3.4066	0.000549208
3.4067	0.000731384
3.4068	0.000472118
3.4069	0.000467827
3.407	0.000535
3.4071	0.000476073
3.4072	0.000430102
3.4073	0.000608731
3.4074	0.000471215
3.4075	0.00043099
3.4076	0.000691695
3.4077	0.000632007
3.4078	0.000700823
3.4079	0.000537877
3.408	0.000611616
3.4081	0.000888964
3.4082	0.000830706
3.4083	0.000801963
3.4084	0.000580073
3.4085	0.000564235
3.4086	0.000539412
3.4087	0.000648191
3.4088	0.000564582
3.4089	0.000482805
3.409	0.000460622
3.4091	0.000545588
3.4092	0.000512691
3.4093	0.000526395
3.4094	0.000562116
3.4095	0.00041725
3.4096	0.000544081
3.4097	0.000557707
3.4098	0.000487049
3.4099	0.000670546
3.41	0.000561196
3.4101	0.000785305
3.4102	0.000625076
3.4103	0.000821519
3.4104	0.000674181
3.4105	0.000643858
3.4106	0.000556345
3.4107	0.000512411
3.4108	0.000633152
3.4109	0.000535139
3.411	0.000696285
3.4111	0.000626901
3.4112	0.000654937
3.4113	0.000549623
3.4114	0.000535375
3.4115	0.000696871
3.4116	0.000646135
3.4117	0.000507497
3.4118	0.000739025
3.4119	0.000627929
3.412	0.000645067
3.4121	0.000728539
3.4122	0.0005262
3.4123	0.000753873
3.4124	0.000762742
3.4125	0.00075798
3.4126	0.000656202
3.4127	0.000729904
3.4128	0.000570829
3.4129	0.000757185
3.413	0.000639202
3.4131	0.000638197
3.4132	0.000546927
3.4133	0.000717036
3.4134	0.00041045
3.4135	0.000756594
3.4136	0.000653218
3.4137	0.000707018
3.4138	0.000723154
3.4139	0.000729931
3.414	0.000471195
3.4141	0.000503996
3.4142	0.000684541
3.4143	0.000520401
3.4144	0.000442796
3.4145	0.000574262
3.4146	0.000825778
3.4147	0.000822067
3.4148	0.000663071
3.4149	0.000541668
3.415	0.000680505
3.4151	0.000706868
3.4152	0.000774732
3.4153	0.000565198
3.4154	0.000490303
3.4155	0.000586188
3.4156	0.000715362
3.4157	0.000577718
3.4158	0.000638775
3.4159	0.000519732
3.416	0.000611649
3.4161	0.000531672
3.4162	0.000600288
3.4163	0.000717634
3.4164	0.000724595
3.4165	0.000580645
3.4166	0.000554342
3.4167	0.000712274
3.4168	0.000486887
3.4169	0.000666681
3.417	0.00062099
3.4171	0.000510851
3.4172	0.000684565
3.4173	0.000642163
3.4174	0.000650809
3.4175	0.000641622
3.4176	0.000461028
3.4177	0.000576396
3.4178	0.000624818
3.4179	0.000702554
3.418	0.000689427
3.4181	0.000521704
3.4182	0.000716413
3.4183	0.000539692
3.4184	0.00060268
3.4185	0.000977106
3.4186	0.000672884
3.4187	0.000395896
3.4188	0.000504473
3.4189	0.000454432
3.419	0.000533883
3.4191	0.000662225
3.4192	0.000812644
3.4193	0.00074408
3.4194	0.000725288
3.4195	0.000657627
3.4196	0.000625548
3.4197	0.000652004
3.4198	0.000526223
3.4199	0.000498396
3.42	0.000559107
3.4201	0.000597877
3.4202	0.000570967
3.4203	0.000566486
3.4204	0.000715873
3.4205	0.000621057
3.4206	0.000609919
3.4207	0.000637621
3.4208	0.000427147
3.4209	0.000597574
3.421	0.000554285
3.4211	0.000492518
3.4212	0.000556083
3.4213	0.000770953
3.4214	0.000812401
3.4215	0.000762553
3.4216	0.000604412
3.4217	0.000644727
3.4218	0.000668538
3.4219	0.000658852
3.422	0.000639983
3.4221	0.000459402
3.4222	0.000707373
3.4223	0.000477023
3.4224	0.000585424
3.4225	0.00052486
3.4226	0.000698066
3.4227	0.000480003
3.4228	0.00051099
3.4229	0.000528251
3.423	0.000464917
3.4231	0.000638603
3.4232	0.000445606
3.4233	0.000534829
3.4234	0.000366057
3.4235	0.000397605
3.4236	0.000544676
3.4237	0.000596953
3.4238	0.000680521
3.4239	0.000725431
3.424	0.000732419
3.4241	0.000718521
3.4242	0.000562203
3.4243	0.000560025
3.4244	0.000404303
3.4245	0.000552682
3.4246	0.000638676
3.4247	0.000609795
3.4248	0.000512046
3.4249	0.000535421
3.425	0.00078532
3.4251	0.000500662
3.4252	0.000419947
3.4253	0.000524545
3.4254	0.000532193
3.4255	0.00050624
3.4256	0.000409139
3.4257	0.000517066
3.4258	0.000581535
3.4259	0.000596144
3.426	0.000545207
3.4261	0.000431567
3.4262	0.000614364
3.4263	0.000577369
3.4264	0.000573465
3.4265	0.000407001
3.4266	0.000612619
3.4267	0.000429706
3.4268	0.000594857
3.4269	0.00044842
3.427	0.000621507
3.4271	0.00070137
3.4272	0.000503358
3.4273	0.000426927
3.4274	0.000403193
3.4275	0.000485786
3.4276	0.000436305
3.4277	0.000451704
3.4278	0.000381709
3.4279	0.000394073
3.428	0.000525369
3.4281	0.000695765
3.4282	0.000373653
3.4283	0.000525236
3.4284	0.000661692
3.4285	0.000575077
3.4286	0.000774389
3.4287	0.000623048
3.4288	0.000495856
3.4289	0.000500766
3.429	0.000457988
3.4291	0.000521256
3.4292	0.000607973
3.4293	0.000479401
3.4294	0.000606448
3.4295	0.000590692
3.4296	0.000476382
3.4297	0.000543912
3.4298	0.000660635
3.4299	0.000489778
3.43	0.00054196
3.4301	0.000416083
3.4302	0.000566647
3.4303	0.000583969
3.4304	0.000395413
3.4305	0.000613296
3.4306	0.000516108
3.4307	0.00085563
3.4308	0.000644715
3.4309	0.000460306
3.431	0.000568424
3.4311	0.000613847
3.4312	0.000558346
3.4313	0.000669733
3.4314	0.00037012
3.4315	0.00048607
3.4316	0.000578959
3.4317	0.000724772
3.4318	0.000665133
3.4319	0.000661171
3.432	0.000517002
3.4321	0.000464686
3.4322	0.000447942
3.4323	0.000687388
3.4324	0.000562654
3.4325	0.000673205
3.4326	0.000483427
3.4327	0.000546316
3.4328	0.00052049
3.4329	0.000685439
3.433	0.000611861
3.4331	0.000684364
3.4332	0.000656328
3.4333	0.000487128
3.4334	0.000790281
3.4335	0.000653628
3.4336	0.000671302
3.4337	0.000486486
3.4338	0.000493979
3.4339	0.000458912
3.434	0.000545793
3.4341	0.000631852
3.4342	0.000549667
3.4343	0.000516608
3.4344	0.000600856
3.4345	0.000775595
3.4346	0.000840417
3.4347	0.000657222
3.4348	0.000627803
3.4349	0.000591516
3.435	0.00071798
3.4351	0.000489259
3.4352	0.000689055
3.4353	0.000685495
3.4354	0.000621466
3.4355	0.000570216
3.4356	0.000552968
3.4357	0.000457609
3.4358	0.000582674
3.4359	0.000623022
3.436	0.000633314
3.4361	0.000495833
3.4362	0.000660413
3.4363	0.000485463
3.4364	0.000502769
3.4365	0.000574468
3.4366	0.000556348
3.4367	0.000662008
3.4368	0.000682488
3.4369	0.000631506
3.437	0.000743461
3.4371	0.000745464
3.4372	0.000592149
3.4373	0.0006336
3.4374	0.00085484
3.4375	0.000709948
3.4376	0.000522019
3.4377	0.000576844
3.4378	0.000473096
3.4379	0.000494856
3.438	0.000578238
3.4381	0.000638497
3.4382	0.000562186
3.4383	0.000522827
3.4384	0.000496331
3.4385	0.000509957
3.4386	0.000590892
3.4387	0.000507674
3.4388	0.000625363
3.4389	0.000603267
3.439	0.000466564
3.4391	0.00074334
3.4392	0.000689265
3.4393	0.000884695
3.4394	0.000563484
3.4395	0.000727396
3.4396	0.000761367
3.4397	0.000823639
3.4398	0.000797889
3.4399	0.000478513
3.44	0.000538984
3.4401	0.00070337
3.4402	0.0006703
3.4403	0.000538363
3.4404	0.000517565
3.4405	0.000441807
3.4406	0.000494805
3.4407	0.000607608
3.4408	0.000456284
3.4409	0.000487594
3.441	0.000419173
3.4411	0.000623683
3.4412	0.000786209
3.4413	0.000742609
3.4414	0.000461627
3.4415	0.00076065
3.4416	0.000950006
3.4417	0.000608564
3.4418	0.00062968
3.4419	0.000623391
3.442	0.00086557
3.4421	0.000645892
3.4422	0.000609131
3.4423	0.000591212
3.4424	0.000590039
3.4425	0.000441578
3.4426	0.000446598
3.4427	0.00045219
3.4428	0.000746957
3.4429	0.000515291
3.443	0.000398023
3.4431	0.000383668
3.4432	0.00041845
3.4433	0.000427316
3.4434	0.00062222
3.4435	0.000585486
3.4436	0.000606866
3.4437	0.000675951
3.4438	0.000768362
3.4439	0.000942401
3.444	0.000604703
3.4441	0.000580805
3.4442	0.000668994
3.4443	0.000755842
3.4444	0.000501421
3.4445	0.000578474
3.4446	0.000464184
3.4447	0.000527797
3.4448	0.000511323
3.4449	0.000573764
3.445	0.000618247
3.4451	0.000547599
3.4452	0.000549019
3.4453	0.000611589
3.4454	0.000385934
3.4455	0.000573363
3.4456	0.000648543
3.4457	0.000556182
3.4458	0.000679282
3.4459	0.000612724
3.446	0.000728018
3.4461	0.000662087
3.4462	0.000618666
3.4463	0.000604855
3.4464	0.000725252
3.4465	0.00075284
3.4466	0.000512404
3.4467	0.000595818
3.4468	0.000599749
3.4469	0.000621473
3.447	0.000412936
3.4471	0.000501355
3.4472	0.000641582
3.4473	0.000572478
3.4474	0.000473044
3.4475	0.00066852
3.4476	0.000730073
3.4477	0.000605955
3.4478	0.000690727
3.4479	0.00043464
3.448	0.000791079
3.4481	0.000750189
3.4482	0.000711711
3.4483	0.000553101
3.4484	0.000636927
3.4485	0.00073026
3.4486	0.000631311
3.4487	0.000645924
3.4488	0.000665797
3.4489	0.000550176
3.449	0.000693586
3.4491	0.000430783
3.4492	0.000601432
3.4493	0.000798152
3.4494	0.000714862
3.4495	0.000505934
3.4496	0.000649448
3.4497	0.000630614
3.4498	0.000671734
3.4499	0.000604343
3.45	0.000451104
3.4501	0.000473154
3.4502	0.000561427
3.4503	0.000839816
3.4504	0.000712681
3.4505	0.000543827
3.4506	0.000578929
3.4507	0.000644953
3.4508	0.000684118
3.4509	0.000845896
3.451	0.000501087
3.4511	0.000599973
3.4512	0.000593474
3.4513	0.000707698
3.4514	0.000613139
3.4515	0.000468309
3.4516	0.000422022
3.4517	0.000627187
3.4518	0.000661557
3.4519	0.000540066
3.452	0.000612139
3.4521	0.000655589
3.4522	0.000438301
3.4523	0.000529068
3.4524	0.000660197
3.4525	0.000469469
3.4526	0.00057039
3.4527	0.000603502
3.4528	0.000641026
3.4529	0.000843067
3.453	0.000702699
3.4531	0.000534282
3.4532	0.000661775
3.4533	0.000446751
3.4534	0.000622029
3.4535	0.000755229
3.4536	0.000696307
3.4537	0.000636956
3.4538	0.000537284
3.4539	0.000655627
3.454	0.000511718
3.4541	0.000494044
3.4542	0.000768124
3.4543	0.000598475
3.4544	0.000573731
3.4545	0.000557477
3.4546	0.000415356
3.4547	0.000458964
3.4548	0.000593534
3.4549	0.000768673
3.455	0.000691117
3.4551	0.000804017
3.4552	0.000836713
3.4553	0.000831508
3.4554	0.000750258
3.4555	0.000524268
3.4556	0.00041595
3.4557	0.000513959
3.4558	0.000664984
3.4559	0.000596105
3.456	0.000637927
3.4561	0.000804989
3.4562	0.000658878
3.4563	0.000520198
3.4564	0.000717011
3.4565	0.000468806
3.4566	0.000563836
3.4567	0.000421381
3.4568	0.000477643
3.4569	0.000566436
3.457	0.000705447
3.4571	0.000713008
3.4572	0.00070214
3.4573	0.000563483
3.4574	0.000594084
3.4575	0.000677178
3.4576	0.000592162
3.4577	0.0006351
3.4578	0.000568224
3.4579	0.000639612
3.458	0.000550947
3.4581	0.000661463
3.4582	0.000530442
3.4583	0.000651668
3.4584	0.000668905
3.4585	0.000622099
3.4586	0.000535036
3.4587	0.000459014
3.4588	0.000596358
3.4589	0.000607835
3.459	0.000451163
3.4591	0.000384931
3.4592	0.000454041
3.4593	0.000491187
3.4594	0.000626052
3.4595	0.00066466
3.4596	0.000747627
3.4597	0.000720095
3.4598	0.00065107
3.4599	0.000503667
3.46	0.000609971
3.4601	0.000509222
3.4602	0.00058238
3.4603	0.000527428
3.4604	0.000592809
3.4605	0.000488413
3.4606	0.00050307
3.4607	0.000660248
3.4608	0.000391667
3.4609	0.000516189
3.461	0.000528951
3.4611	0.000595457
3.4612	0.000590312
3.4613	0.000338268
3.4614	0.000514825
3.4615	0.000640919
3.4616	0.000656245
3.4617	0.000508422
3.4618	0.000465122
3.4619	0.000707417
3.462	0.000588378
3.4621	0.000552121
3.4622	0.000453255
3.4623	0.000655438
3.4624	0.000409515
3.4625	0.000662432
3.4626	0.000542033
3.4627	0.000609452
3.4628	0.000802839
3.4629	0.000519469
3.463	0.000383014
3.4631	0.000441741
3.4632	0.000518006
3.4633	0.000505856
3.4634	0.000471236
3.4635	0.000379148
3.4636	0.000434296
3.4637	0.000581917
3.4638	0.00057105
3.4639	0.000371689
3.464	0.00051366
3.4641	0.000677118
3.4642	0.000583488
3.4643	0.000779422
3.4644	0.000467971
3.4645	0.000503014
3.4646	0.000529516
3.4647	0.000532867
3.4648	0.000434492
3.4649	0.000552335
3.465	0.000514322
3.4651	0.000578551
3.4652	0.00057264
3.4653	0.00040182
3.4654	0.000398556
3.4655	0.000769594
3.4656	0.000436228
3.4657	0.000510555
3.4658	0.000399147
3.4659	0.000689334
3.466	0.000601592
3.4661	0.00045088
3.4662	0.000575853
3.4663	0.000531332
3.4664	0.000839962
3.4665	0.000715596
3.4666	0.000500361
3.4667	0.000457915
3.4668	0.000600164
3.4669	0.000501717
3.467	0.000554714
3.4671	0.000357682
3.4672	0.000508892
3.4673	0.000840355
3.4674	0.00067914
3.4675	0.000733345
3.4676	0.000572594
3.4677	0.000513814
3.4678	0.000449833
3.4679	0.000499409
3.468	0.000765213
3.4681	0.000489049
3.4682	0.000771386
3.4683	0.000456302
3.4684	0.000468922
3.4685	0.000554492
3.4686	0.000604671
3.4687	0.000575104
3.4688	0.000746657
3.4689	0.000736468
3.469	0.000649127
3.4691	0.000600123
3.4692	0.000467714
3.4693	0.000624207
3.4694	0.000480002
3.4695	0.000506445
3.4696	0.00047884
3.4697	0.000555865
3.4698	0.000475555
3.4699	0.000531098
3.47	0.000602469
3.4701	0.000782701
3.4702	0.000684159
3.4703	0.000722392
3.4704	0.000654483
3.4705	0.000794262
3.4706	0.000737352
3.4707	0.000515816
3.4708	0.000503097
3.4709	0.000733691
3.471	0.000651953
3.4711	0.000700185
3.4712	0.000484884
3.4713	0.000589666
3.4714	0.000434187
3.4715	0.000590827
3.4716	0.000625095
3.4717	0.000605474
3.4718	0.000614853
3.4719	0.000538632
3.472	0.000391781
3.4721	0.000564271
3.4722	0.000611861
3.4723	0.000640127
3.4724	0.000707547
3.4725	0.000535989
3.4726	0.000794905
3.4727	0.000759964
3.4728	0.00063514
3.4729	0.000536015
3.473	0.000729982
3.4731	0.000856681
3.4732	0.000643464
3.4733	0.000492689
3.4734	0.000542962
3.4735	0.000547688
3.4736	0.000523849
3.4737	0.000596673
3.4738	0.000649826
3.4739	0.000590116
3.474	0.000433344
3.4741	0.000375253
3.4742	0.000363188
3.4743	0.000523915
3.4744	0.000678209
3.4745	0.000629778
3.4746	0.000543759
3.4747	0.000666844
3.4748	0.000802963
3.4749	0.000585986
3.475	0.00073349
3.4751	0.000564642
3.4752	0.00082991
3.4753	0.000553112
3.4754	0.000756047
3.4755	0.000912653
3.4756	0.000442703
3.4757	0.000459856
3.4758	0.000600866
3.4759	0.000611777
3.476	0.000537985
3.4761	0.000386202
3.4762	0.000361299
3.4763	0.000506961
3.4764	0.00053393
3.4765	0.000442467
3.4766	0.000486521
3.4767	0.000485877
3.4768	0.000594339
3.4769	0.000828592
3.477	0.000643795
3.4771	0.000625006
3.4772	0.000798413
3.4773	0.000882681
3.4774	0.000729512
3.4775	0.000780687
3.4776	0.000519416
3.4777	0.000616713
3.4778	0.000640769
3.4779	0.000704392
3.478	0.000595825
3.4781	0.000596585
3.4782	0.000504726
3.4783	0.000495311
3.4784	0.000459272
3.4785	0.000510568
3.4786	0.000473928
3.4787	0.000327976
3.4788	0.000397117
3.4789	0.000464535
3.479	0.000563965
3.4791	0.000704611
3.4792	0.000626142
3.4793	0.000656505
3.4794	0.000584914
3.4795	0.000805038
3.4796	0.000621098
3.4797	0.000721428
3.4798	0.000721514
3.4799	0.000624021
3.48	0.000665545
3.4801	0.000652663
3.4802	0.000557128
3.4803	0.000507847
3.4804	0.000432491
3.4805	0.000588839
3.4806	0.000608834
3.4807	0.000444148
3.4808	0.00056302
3.4809	0.000416589
3.481	0.000544178
3.4811	0.000387224
3.4812	0.000618349
3.4813	0.000492182
3.4814	0.000624565
3.4815	0.000771074
3.4816	0.000642625
3.4817	0.000770431
3.4818	0.000643199
3.4819	0.000667783
3.482	0.000653809
3.4821	0.000755458
3.4822	0.000801617
3.4823	0.000536366
3.4824	0.000674832
3.4825	0.000612454
3.4826	0.000466547
3.4827	0.000538431
3.4828	0.000536061
3.4829	0.000729439
3.483	0.000658143
3.4831	0.000480415
3.4832	0.000654305
3.4833	0.000645825
3.4834	0.000706682
3.4835	0.000820607
3.4836	0.000556606
3.4837	0.000701283
3.4838	0.000757057
3.4839	0.00061706
3.484	0.000406479
3.4841	0.000597379
3.4842	0.00081206
3.4843	0.000632932
3.4844	0.000669134
3.4845	0.000621083
3.4846	0.000509337
3.4847	0.000611159
3.4848	0.000448282
3.4849	0.000652739
3.485	0.000624262
3.4851	0.000554709
3.4852	0.000585071
3.4853	0.000633249
3.4854	0.00056747
3.4855	0.00056873
3.4856	0.000734129
3.4857	0.000513642
3.4858	0.000396122
3.4859	0.000560002
3.486	0.000840321
3.4861	0.000865167
3.4862	0.000695244
3.4863	0.000597876
3.4864	0.000710024
3.4865	0.000715134
3.4866	0.000641758
3.4867	0.000492525
3.4868	0.000528318
3.4869	0.000600799
3.487	0.000594395
3.4871	0.000474657
3.4872	0.000670102
3.4873	0.000588894
3.4874	0.000632715
3.4875	0.000508931
3.4876	0.000551867
3.4877	0.000597346
3.4878	0.000735283
3.4879	0.000472151
3.488	0.000628214
3.4881	0.000820167
3.4882	0.000592026
3.4883	0.000559786
3.4884	0.000671521
3.4885	0.000526335
3.4886	0.00068683
3.4887	0.000698158
3.4888	0.000585458
3.4889	0.000513564
3.489	0.000492718
3.4891	0.000590277
3.4892	0.0007477
3.4893	0.000669883
3.4894	0.000687008
3.4895	0.000561127
3.4896	0.000609285
3.4897	0.000507327
3.4898	0.000729132
3.4899	0.000788025
3.49	0.000543373
3.4901	0.000422412
3.4902	0.000507743
3.4903	0.000505277
3.4904	0.000464785
3.4905	0.000603536
3.4906	0.000801293
3.4907	0.000714148
3.4908	0.00074682
3.4909	0.000753288
3.491	0.000642745
3.4911	0.000746398
3.4912	0.000488627
3.4913	0.000493726
3.4914	0.000518548
3.4915	0.000669811
3.4916	0.000575125
3.4917	0.000632114
3.4918	0.000689309
3.4919	0.000472696
3.492	0.000561219
3.4921	0.000740466
3.4922	0.000444782
3.4923	0.000462165
3.4924	0.000533422
3.4925	0.00053224
3.4926	0.000487429
3.4927	0.000739716
3.4928	0.000700946
3.4929	0.000683893
3.493	0.000584089
3.4931	0.000663368
3.4932	0.000745139
3.4933	0.000615547
3.4934	0.000557957
3.4935	0.000575471
3.4936	0.000657373
3.4937	0.000651917
3.4938	0.000578534
3.4939	0.00053735
3.494	0.000450621
3.4941	0.000591857
3.4942	0.000545315
3.4943	0.000634729
3.4944	0.000523274
3.4945	0.000551986
3.4946	0.000465349
3.4947	0.00055502
3.4948	0.000366805
3.4949	0.000420431
3.495	0.000527816
3.4951	0.000594185
3.4952	0.000655154
3.4953	0.000738878
3.4954	0.000638777
3.4955	0.000519908
3.4956	0.000563283
3.4957	0.000597751
3.4958	0.000531698
3.4959	0.000509686
3.496	0.000631415
3.4961	0.000595216
3.4962	0.000456276
3.4963	0.000565286
3.4964	0.000719648
3.4965	0.000406452
3.4966	0.000491109
3.4967	0.000514757
3.4968	0.000514442
3.4969	0.000536592
3.497	0.000432416
3.4971	0.00045682
3.4972	0.000606204
3.4973	0.000674993
3.4974	0.000568008
3.4975	0.000455031
3.4976	0.000617579
3.4977	0.000528189
3.4978	0.000457644
3.4979	0.000425342
3.498	0.000651948
3.4981	0.000394664
3.4982	0.000623716
3.4983	0.000555623
3.4984	0.000533838
3.4985	0.000712072
3.4986	0.000423644
3.4987	0.000412698
3.4988	0.000533605
3.4989	0.000420522
3.499	0.000478103
3.4991	0.000475667
3.4992	0.000415627
3.4993	0.000401499
3.4994	0.000524996
3.4995	0.000747883
3.4996	0.000389862
3.4997	0.00053544
3.4998	0.000655299
3.4999	0.000790859
3.5	0.000794627
3.5001	0.000382657
3.5002	0.000403049
3.5003	0.00059305
3.5004	0.000424573
3.5005	0.000501838
3.5006	0.000586819
3.5007	0.000439193
3.5008	0.000682408
3.5009	0.000612806
3.501	0.000518559
3.5011	0.000830246
3.5012	0.000678793
3.5013	0.000530761
3.5014	0.000518482
3.5015	0.000439121
3.5016	0.000582819
3.5017	0.000615933
3.5018	0.00040645
3.5019	0.000613504
3.502	0.000539907
3.5021	0.00084416
3.5022	0.000582676
3.5023	0.000472122
3.5024	0.000527652
3.5025	0.000455589
3.5026	0.000502614
3.5027	0.000565652
3.5028	0.000448801
3.5029	0.000513448
3.503	0.000501314
3.5031	0.000692392
3.5032	0.000798472
3.5033	0.00062874
3.5034	0.000645624
3.5035	0.000543963
3.5036	0.00046445
3.5037	0.000714985
3.5038	0.000495097
3.5039	0.000595935
3.504	0.000366404
3.5041	0.00047557
3.5042	0.000570647
3.5043	0.000532875
3.5044	0.000612834
3.5045	0.000681143
3.5046	0.000569426
3.5047	0.000522724
3.5048	0.000632338
3.5049	0.000664627
3.505	0.000629723
3.5051	0.000460879
3.5052	0.000463195
3.5053	0.000515713
3.5054	0.000467974
3.5055	0.000595688
3.5056	0.000583423
3.5057	0.000554767
3.5058	0.000693751
3.5059	0.000783246
3.506	0.000698855
3.5061	0.000697145
3.5062	0.000664632
3.5063	0.00048959
3.5064	0.000669396
3.5065	0.00049059
3.5066	0.000551394
3.5067	0.000713201
3.5068	0.000631254
3.5069	0.000542205
3.507	0.000550629
3.5071	0.000555921
3.5072	0.000590865
3.5073	0.000618321
3.5074	0.000593711
3.5075	0.000547583
3.5076	0.000617104
3.5077	0.000478552
3.5078	0.00058949
3.5079	0.000500049
3.508	0.000565529
3.5081	0.000690574
3.5082	0.000693967
3.5083	0.000694844
3.5084	0.000730061
3.5085	0.000688661
3.5086	0.000551091
3.5087	0.000671916
3.5088	0.000798217
3.5089	0.000661161
3.509	0.000515826
3.5091	0.000490669
3.5092	0.00047345
3.5093	0.000446837
3.5094	0.000496113
3.5095	0.000631705
3.5096	0.000577285
3.5097	0.000491303
3.5098	0.000422876
3.5099	0.000381978
3.51	0.000452346
3.5101	0.000606516
3.5102	0.000653595
3.5103	0.000761789
3.5104	0.000521369
3.5105	0.00078555
3.5106	0.000695052
3.5107	0.000871086
3.5108	0.000681943
3.5109	0.000858186
3.511	0.000613952
3.5111	0.000611683
3.5112	0.000925559
3.5113	0.000537866
3.5114	0.000629026
3.5115	0.0006587
3.5116	0.000470254
3.5117	0.000542797
3.5118	0.000412732
3.5119	0.000393525
3.512	0.000505694
3.5121	0.000509007
3.5122	0.000516343
3.5123	0.000489979
3.5124	0.000476998
3.5125	0.000624644
3.5126	0.000848349
3.5127	0.000708288
3.5128	0.000553417
3.5129	0.000794025
3.513	0.000714643
3.5131	0.000810169
3.5132	0.000609697
3.5133	0.000595742
3.5134	0.000637629
3.5135	0.000680008
3.5136	0.00063951
3.5137	0.000615473
3.5138	0.000540723
3.5139	0.000568716
3.514	0.000411043
3.5141	0.000507629
3.5142	0.00053377
3.5143	0.000472879
3.5144	0.000652351
3.5145	0.000349499
3.5146	0.000439004
3.5147	0.000558816
3.5148	0.000605847
3.5149	0.000724783
3.515	0.000500764
3.5151	0.000687814
3.5152	0.000732756
3.5153	0.000959737
3.5154	0.000673454
3.5155	0.000600197
3.5156	0.000693975
3.5157	0.000713382
3.5158	0.00055985
3.5159	0.000571436
3.516	0.000467187
3.5161	0.000450612
3.5162	0.000528079
3.5163	0.000581635
3.5164	0.000698676
3.5165	0.000530731
3.5166	0.000609102
3.5167	0.000589921
3.5168	0.000398292
3.5169	0.000582875
3.517	0.000508038
3.5171	0.000610993
3.5172	0.000632572
3.5173	0.000696046
3.5174	0.0008339
3.5175	0.000530122
3.5176	0.000626134
3.5177	0.000631789
3.5178	0.000690414
3.5179	0.000739447
3.518	0.000528062
3.5181	0.000703263
3.5182	0.000567438
3.5183	0.00047134
3.5184	0.00045619
3.5185	0.000572481
3.5186	0.000609859
3.5187	0.000663282
3.5188	0.000454671
3.5189	0.000619579
3.519	0.000682033
3.5191	0.000691834
3.5192	0.000732515
3.5193	0.000564363
3.5194	0.000722685
3.5195	0.000616062
3.5196	0.000740269
3.5197	0.000381747
3.5198	0.000717679
3.5199	0.000524224
3.52	0.000554809
3.5201	0.000676572
3.5202	0.000656709
3.5203	0.000636686
3.5204	0.000712005
3.5205	0.000408124
3.5206	0.000662161
3.5207	0.000764034
3.5208	0.000730075
3.5209	0.00048882
3.521	0.00073174
3.5211	0.000633746
3.5212	0.000778765
3.5213	0.000433964
3.5214	0.000559083
3.5215	0.000430894
3.5216	0.000680902
3.5217	0.000908013
3.5218	0.000718145
3.5219	0.000520905
3.522	0.000619614
3.5221	0.000574282
3.5222	0.000905495
3.5223	0.00079663
3.5224	0.000561024
3.5225	0.00061635
3.5226	0.000504822
3.5227	0.000684496
3.5228	0.00055048
3.5229	0.000541104
3.523	0.00053304
3.5231	0.000593606
3.5232	0.000637914
3.5233	0.000607933
3.5234	0.000629767
3.5235	0.000553372
3.5236	0.000424829
3.5237	0.000572212
3.5238	0.000705477
3.5239	0.00059794
3.524	0.000546706
3.5241	0.000618838
3.5242	0.000534603
3.5243	0.000787323
3.5244	0.000706423
3.5245	0.00062294
3.5246	0.000594308
3.5247	0.000422817
3.5248	0.000565888
3.5249	0.0006337
3.525	0.000581391
3.5251	0.000675653
3.5252	0.000629596
3.5253	0.000669412
3.5254	0.000486719
3.5255	0.000539765
3.5256	0.000950407
3.5257	0.000522692
3.5258	0.000609273
3.5259	0.000487384
3.526	0.000457407
3.5261	0.000484489
3.5262	0.000665427
3.5263	0.000838083
3.5264	0.00055551
3.5265	0.000810939
3.5266	0.000742483
3.5267	0.000760015
3.5268	0.000805672
3.5269	0.000647005
3.527	0.000446753
3.5271	0.000523988
3.5272	0.000635147
3.5273	0.00065163
3.5274	0.000676367
3.5275	0.000678253
3.5276	0.000593718
3.5277	0.000520642
3.5278	0.000758173
3.5279	0.000436123
3.528	0.000550375
3.5281	0.000471933
3.5282	0.000551153
3.5283	0.000588428
3.5284	0.000692021
3.5285	0.000750872
3.5286	0.000771743
3.5287	0.000738333
3.5288	0.000695034
3.5289	0.000618925
3.529	0.000688648
3.5291	0.000472954
3.5292	0.000557499
3.5293	0.00059738
3.5294	0.000601354
3.5295	0.00064384
3.5296	0.000522987
3.5297	0.000673284
3.5298	0.000643949
3.5299	0.000615524
3.53	0.000602095
3.5301	0.000489916
3.5302	0.000533634
3.5303	0.000546548
3.5304	0.000427702
3.5305	0.000372118
3.5306	0.000521324
3.5307	0.000544988
3.5308	0.000537156
3.5309	0.000640867
3.531	0.000743538
3.5311	0.000653603
3.5312	0.000744236
3.5313	0.00048578
3.5314	0.000612058
3.5315	0.000633759
3.5316	0.000486214
3.5317	0.000464363
3.5318	0.000595028
3.5319	0.000529537
3.532	0.000473218
3.5321	0.000556784
3.5322	0.000349256
3.5323	0.000560244
3.5324	0.00058477
3.5325	0.000509512
3.5326	0.000460038
3.5327	0.000413554
3.5328	0.000437366
3.5329	0.000707164
3.533	0.00066095
3.5331	0.000519268
3.5332	0.000495923
3.5333	0.00059175
3.5334	0.000630635
3.5335	0.000519463
3.5336	0.000399438
3.5337	0.000544801
3.5338	0.000428092
3.5339	0.000540244
3.534	0.00059352
3.5341	0.000624351
3.5342	0.000722534
3.5343	0.000476634
3.5344	0.000369003
3.5345	0.000437701
3.5346	0.000408732
3.5347	0.000487499
3.5348	0.000461653
3.5349	0.000406991
3.535	0.000452822
3.5351	0.000558477
3.5352	0.000794645
3.5353	0.00038971
3.5354	0.000494575
3.5355	0.000709841
3.5356	0.000828426
3.5357	0.000601099
3.5358	0.000470392
3.5359	0.000388122
3.536	0.000534588
3.5361	0.000423983
3.5362	0.000480698
3.5363	0.000764684
3.5364	0.000441356
3.5365	0.000676555
3.5366	0.000602095
3.5367	0.000461289
3.5368	0.000711197
3.5369	0.000629177
3.537	0.000411782
3.5371	0.000418104
3.5372	0.000419041
3.5373	0.000499389
3.5374	0.000608499
3.5375	0.000387879
3.5376	0.000512734
3.5377	0.000532551
3.5378	0.000721065
3.5379	0.000514485
3.538	0.000530807
3.5381	0.000638371
3.5382	0.000552458
3.5383	0.000576027
3.5384	0.000633313
3.5385	0.000385059
3.5386	0.000454125
3.5387	0.000585399
3.5388	0.000543878
3.5389	0.000673102
3.539	0.00049503
3.5391	0.000549171
3.5392	0.000546031
3.5393	0.000615657
3.5394	0.000628089
3.5395	0.00063887
3.5396	0.000585368
3.5397	0.000395719
3.5398	0.000444473
3.5399	0.000564853
3.54	0.000590065
3.5401	0.000557236
3.5402	0.000496434
3.5403	0.000584681
3.5404	0.000575406
3.5405	0.000577624
3.5406	0.000603506
3.5407	0.000543468
3.5408	0.00046664
3.5409	0.00054789
3.541	0.000448456
3.5411	0.000529324
3.5412	0.000563334
3.5413	0.000687231
3.5414	0.000698422
3.5415	0.00066069
3.5416	0.000696541
3.5417	0.000754773
3.5418	0.000573529
3.5419	0.000735369
3.542	0.000662002
3.5421	0.000635456
3.5422	0.000606118
3.5423	0.000515274
3.5424	0.000776593
3.5425	0.000663759
3.5426	0.000490836
3.5427	0.000494472
3.5428	0.000585289
3.5429	0.000446192
3.543	0.000701389
3.5431	0.000623388
3.5432	0.000562482
3.5433	0.000466635
3.5434	0.000376379
3.5435	0.00051831
3.5436	0.000580267
3.5437	0.00061396
3.5438	0.000754577
3.5439	0.000533273
3.544	0.00080546
3.5441	0.000776988
3.5442	0.000541564
3.5443	0.000546054
3.5444	0.000705485
3.5445	0.000658706
3.5446	0.000837427
3.5447	0.000458122
3.5448	0.000541389
3.5449	0.000574739
3.545	0.000655381
3.5451	0.000647241
3.5452	0.00061997
3.5453	0.000581625
3.5454	0.000491722
3.5455	0.000405682
3.5456	0.000395858
3.5457	0.000444797
3.5458	0.000602926
3.5459	0.000580191
3.546	0.000512659
3.5461	0.000525135
3.5462	0.00086171
3.5463	0.000555975
3.5464	0.000771579
3.5465	0.000560166
3.5466	0.000823481
3.5467	0.000771894
3.5468	0.000765807
3.5469	0.000813896
3.547	0.000558692
3.5471	0.000604181
3.5472	0.00059074
3.5473	0.000623652
3.5474	0.000510665
3.5475	0.000395664
3.5476	0.000404506
3.5477	0.000488717
3.5478	0.000534631
3.5479	0.000577101
3.548	0.000411976
3.5481	0.000438215
3.5482	0.000616702
3.5483	0.000730582
3.5484	0.000622888
3.5485	0.000646403
3.5486	0.00065769
3.5487	0.000824702
3.5488	0.000664196
3.5489	0.000839549
3.549	0.000605501
3.5491	0.000596952
3.5492	0.000602125
3.5493	0.000576223
3.5494	0.000643251
3.5495	0.000604567
3.5496	0.000522726
3.5497	0.00043228
3.5498	0.000513893
3.5499	0.000485793
3.55	0.000550473
3.5501	0.000483314
3.5502	0.000521556
3.5503	0.000484547
3.5504	0.000458214
3.5505	0.000551535
3.5506	0.000685415
3.5507	0.000498947
3.5508	0.000640065
3.5509	0.000949785
3.551	0.000756606
3.5511	0.000712791
3.5512	0.000511846
3.5513	0.000518306
3.5514	0.000562003
3.5515	0.000757194
3.5516	0.000625443
3.5517	0.000458456
3.5518	0.00041106
3.5519	0.000585722
3.552	0.00060608
3.5521	0.000717366
3.5522	0.00042329
3.5523	0.000477523
3.5524	0.000649885
3.5525	0.000351158
3.5526	0.000508284
3.5527	0.000683001
3.5528	0.000566596
3.5529	0.000751175
3.553	0.000666373
3.5531	0.000642941
3.5532	0.000566384
3.5533	0.000871277
3.5534	0.000662381
3.5535	0.000534299
3.5536	0.000758297
3.5537	0.000598069
3.5538	0.000769536
3.5539	0.000580327
3.554	0.000500482
3.5541	0.000639467
3.5542	0.000616037
3.5543	0.000552036
3.5544	0.000557769
3.5545	0.000487379
3.5546	0.000643181
3.5547	0.000652554
3.5548	0.000690391
3.5549	0.000637307
3.555	0.00055835
3.5551	0.000718317
3.5552	0.000609355
3.5553	0.00047726
3.5554	0.000625048
3.5555	0.000612568
3.5556	0.000768106
3.5557	0.000664209
3.5558	0.000770407
3.5559	0.000707608
3.556	0.000488411
3.5561	0.000671895
3.5562	0.000501078
3.5563	0.00071555
3.5564	0.000733091
3.5565	0.000728061
3.5566	0.000527379
3.5567	0.00062766
3.5568	0.000738842
3.5569	0.000713864
3.557	0.000481838
3.5571	0.000454086
3.5572	0.000534594
3.5573	0.000560146
3.5574	0.000792315
3.5575	0.000767736
3.5576	0.000649467
3.5577	0.000531759
3.5578	0.000648633
3.5579	0.000723044
3.558	0.000679818
3.5581	0.000470632
3.5582	0.000577138
3.5583	0.000671451
3.5584	0.000525524
3.5585	0.000583608
3.5586	0.000634465
3.5587	0.000519633
3.5588	0.000641133
3.5589	0.000471624
3.559	0.000571679
3.5591	0.000793822
3.5592	0.000670721
3.5593	0.00059727
3.5594	0.000618188
3.5595	0.000683713
3.5596	0.000607791
3.5597	0.000521944
3.5598	0.000776839
3.5599	0.000598881
3.56	0.000924382
3.5601	0.000583697
3.5602	0.000770094
3.5603	0.000510565
3.5604	0.000553333
3.5605	0.000706051
3.5606	0.000822444
3.5607	0.000651102
3.5608	0.000783161
3.5609	0.000648027
3.561	0.000653447
3.5611	0.000589553
3.5612	0.000657377
3.5613	0.000803756
3.5614	0.000633391
3.5615	0.000700596
3.5616	0.000544467
3.5617	0.000420305
3.5618	0.000613981
3.5619	0.000655544
3.562	0.000772226
3.5621	0.000707774
3.5622	0.000632296
3.5623	0.000627279
3.5624	0.000709458
3.5625	0.000712655
3.5626	0.000522448
3.5627	0.000499439
3.5628	0.00044147
3.5629	0.000685561
3.563	0.000565667
3.5631	0.000573407
3.5632	0.000481713
3.5633	0.000601261
3.5634	0.000543293
3.5635	0.000759649
3.5636	0.00053617
3.5637	0.000520885
3.5638	0.000406937
3.5639	0.000450417
3.564	0.000628629
3.5641	0.000763004
3.5642	0.000797554
3.5643	0.000702982
3.5644	0.000725056
3.5645	0.000826728
3.5646	0.000686732
3.5647	0.0005414
3.5648	0.000579385
3.5649	0.000462281
3.565	0.000514061
3.5651	0.000774486
3.5652	0.000723781
3.5653	0.000636227
3.5654	0.000522722
3.5655	0.000746359
3.5656	0.000713975
3.5657	0.000546918
3.5658	0.000455441
3.5659	0.00054547
3.566	0.000442283
3.5661	0.000426532
3.5662	0.000386592
3.5663	0.000611775
3.5664	0.000602415
3.5665	0.000522069
3.5666	0.000577733
3.5667	0.00069709
3.5668	0.000739453
3.5669	0.000773337
3.567	0.000440298
3.5671	0.000544778
3.5672	0.000527955
3.5673	0.000496404
3.5674	0.000505771
3.5675	0.000562835
3.5676	0.000493457
3.5677	0.000511132
3.5678	0.000701323
3.5679	0.000539905
3.568	0.000539677
3.5681	0.000698186
3.5682	0.000634454
3.5683	0.000498535
3.5684	0.000425839
3.5685	0.00047189
3.5686	0.000471137
3.5687	0.000611013
3.5688	0.000700791
3.5689	0.000559381
3.569	0.000679349
3.5691	0.000584406
3.5692	0.000492045
3.5693	0.000479222
3.5694	0.000457653
3.5695	0.000540923
3.5696	0.000557062
3.5697	0.000652768
3.5698	0.000550135
3.5699	0.000670513
3.57	0.000454133
3.5701	0.000413692
3.5702	0.000475443
3.5703	0.000537233
3.5704	0.000453395
3.5705	0.000483831
3.5706	0.000362131
3.5707	0.00045006
3.5708	0.000448214
3.5709	0.000564797
3.571	0.000420411
3.5711	0.000597202
3.5712	0.000593181
3.5713	0.000648458
3.5714	0.000594746
3.5715	0.000404846
3.5716	0.000490908
3.5717	0.000471952
3.5718	0.000544859
3.5719	0.00057442
3.572	0.000697052
3.5721	0.000496915
3.5722	0.000552359
3.5723	0.000608933
3.5724	0.000456213
3.5725	0.000630556
3.5726	0.000441654
3.5727	0.000559331
3.5728	0.000374839
3.5729	0.000455049
3.573	0.000438208
3.5731	0.00059986
3.5732	0.000523798
3.5733	0.00051716
3.5734	0.000497142
3.5735	0.000719096
3.5736	0.000671497
3.5737	0.000638195
3.5738	0.000503346
3.5739	0.00050875
3.574	0.000539122
3.5741	0.000632163
3.5742	0.000461007
3.5743	0.000533766
3.5744	0.00065017
3.5745	0.000499468
3.5746	0.000603737
3.5747	0.000604556
3.5748	0.000575963
3.5749	0.000453322
3.575	0.000588595
3.5751	0.000517181
3.5752	0.000726285
3.5753	0.000451619
3.5754	0.000497281
3.5755	0.000442458
3.5756	0.000743561
3.5757	0.000618942
3.5758	0.000699347
3.5759	0.000495463
3.576	0.000599744
3.5761	0.000632912
3.5762	0.00059964
3.5763	0.000519537
3.5764	0.000604387
3.5765	0.000483517
3.5766	0.000465458
3.5767	0.000462871
3.5768	0.000463304
3.5769	0.000692708
3.577	0.000651299
3.5771	0.000746571
3.5772	0.000824231
3.5773	0.000703411
3.5774	0.000608714
3.5775	0.000542766
3.5776	0.000641628
3.5777	0.000582934
3.5778	0.000605218
3.5779	0.000663598
3.578	0.000475843
3.5781	0.000537466
3.5782	0.000577822
3.5783	0.000558767
3.5784	0.000542981
3.5785	0.000474761
3.5786	0.00059337
3.5787	0.000613497
3.5788	0.000564197
3.5789	0.000527982
3.579	0.000469418
3.5791	0.000430843
3.5792	0.000665156
3.5793	0.000592209
3.5794	0.000608041
3.5795	0.000593366
3.5796	0.000693202
3.5797	0.000882014
3.5798	0.000806493
3.5799	0.000528375
3.58	0.000670124
3.5801	0.00079612
3.5802	0.000753938
3.5803	0.000690227
3.5804	0.000546086
3.5805	0.000561739
3.5806	0.000531528
3.5807	0.000581344
3.5808	0.000720222
3.5809	0.000733779
3.581	0.000527709
3.5811	0.000456959
3.5812	0.000484806
3.5813	0.000387852
3.5814	0.000502218
3.5815	0.000644759
3.5816	0.000505622
3.5817	0.000696381
3.5818	0.000675943
3.5819	0.000727017
3.582	0.000587004
3.5821	0.000548096
3.5822	0.000600502
3.5823	0.000860929
3.5824	0.000650804
3.5825	0.000641245
3.5826	0.000683955
3.5827	0.000414117
3.5828	0.000528095
3.5829	0.000762426
3.583	0.000583885
3.5831	0.000616194
3.5832	0.000425323
3.5833	0.000515547
3.5834	0.000552584
3.5835	0.000511919
3.5836	0.000570501
3.5837	0.000504477
3.5838	0.000436848
3.5839	0.000844418
3.584	0.00074729
3.5841	0.000629799
3.5842	0.000623898
3.5843	0.00084211
3.5844	0.000523181
3.5845	0.000610039
3.5846	0.000545961
3.5847	0.000578427
3.5848	0.000750156
3.5849	0.00056909
3.585	0.000567839
3.5851	0.000716845
3.5852	0.000600428
3.5853	0.000511064
3.5854	0.000510465
3.5855	0.000537854
3.5856	0.000560397
3.5857	0.000703339
3.5858	0.000337997
3.5859	0.000359044
3.586	0.000465437
3.5861	0.00050615
3.5862	0.00075694
3.5863	0.000776434
3.5864	0.000535425
3.5865	0.000724652
3.5866	0.000671753
3.5867	0.000888723
3.5868	0.000615879
3.5869	0.000743251
3.587	0.000757204
3.5871	0.000751994
3.5872	0.000497628
3.5873	0.000605858
3.5874	0.000500976
3.5875	0.000470619
3.5876	0.000613202
3.5877	0.000642971
3.5878	0.000736226
3.5879	0.000505392
3.588	0.000373306
3.5881	0.000515172
3.5882	0.000382954
3.5883	0.00054226
3.5884	0.000643204
3.5885	0.000552045
3.5886	0.000657875
3.5887	0.000726428
3.5888	0.000556518
3.5889	0.000571723
3.589	0.000702053
3.5891	0.000605042
3.5892	0.000666872
3.5893	0.000706703
3.5894	0.000577182
3.5895	0.000674234
3.5896	0.000711801
3.5897	0.000510696
3.5898	0.000475618
3.5899	0.000620567
3.59	0.000551346
3.5901	0.000529899
3.5902	0.000612317
3.5903	0.000659668
3.5904	0.000686086
3.5905	0.000647745
3.5906	0.000699551
3.5907	0.000598585
3.5908	0.000659441
3.5909	0.000718869
3.591	0.000505943
3.5911	0.000633024
3.5912	0.000685185
3.5913	0.000625278
3.5914	0.000773868
3.5915	0.000645837
3.5916	0.000528314
3.5917	0.000579827
3.5918	0.000618165
3.5919	0.000568274
3.592	0.000540777
3.5921	0.000680164
3.5922	0.000638987
3.5923	0.000626855
3.5924	0.000557397
3.5925	0.000491523
3.5926	0.00070755
3.5927	0.000647039
3.5928	0.000482381
3.5929	0.000659741
3.593	0.000656924
3.5931	0.000713009
3.5932	0.000808945
3.5933	0.000559272
3.5934	0.000582868
3.5935	0.000748833
3.5936	0.000924251
3.5937	0.000785581
3.5938	0.000469918
3.5939	0.000548166
3.594	0.000673054
3.5941	0.000481685
3.5942	0.000564314
3.5943	0.000682877
3.5944	0.000504324
3.5945	0.000499486
3.5946	0.000710284
3.5947	0.000558462
3.5948	0.000556377
3.5949	0.000521828
3.595	0.000541514
3.5951	0.00070133
3.5952	0.000533936
3.5953	0.000505146
3.5954	0.000586705
3.5955	0.000692791
3.5956	0.000540078
3.5957	0.000664864
3.5958	0.000540811
3.5959	0.000750886
3.596	0.000496151
3.5961	0.000474659
3.5962	0.000591144
3.5963	0.000557227
3.5964	0.000682968
3.5965	0.000609927
3.5966	0.000521769
3.5967	0.000518865
3.5968	0.000656243
3.5969	0.000776267
3.597	0.000687178
3.5971	0.000448926
3.5972	0.000497629
3.5973	0.000436704
3.5974	0.00043848
3.5975	0.000493643
3.5976	0.000727276
3.5977	0.000799728
3.5978	0.000716411
3.5979	0.000579257
3.598	0.000898417
3.5981	0.000838424
3.5982	0.00064261
3.5983	0.000429749
3.5984	0.000441599
3.5985	0.000523065
3.5986	0.000679903
3.5987	0.00050562
3.5988	0.000646798
3.5989	0.000545436
3.599	0.000649045
3.5991	0.000696258
3.5992	0.000469182
3.5993	0.000423673
3.5994	0.000689852
3.5995	0.000623627
3.5996	0.000553567
3.5997	0.000705816
3.5998	0.00079441
3.5999	0.000620942
3.6	0.000509869
3.6001	0.000671033
3.6002	0.000703952
3.6003	0.000651817
3.6004	0.000591894
3.6005	0.00069423
3.6006	0.000643677
3.6007	0.000447495
3.6008	0.000630558
3.6009	0.000614356
3.601	0.000535252
3.6011	0.000521395
3.6012	0.000531811
3.6013	0.000631871
3.6014	0.000420696
3.6015	0.000504506
3.6016	0.000473434
3.6017	0.000715437
3.6018	0.000403095
3.6019	0.000424456
3.602	0.000560745
3.6021	0.000611914
3.6022	0.000690091
3.6023	0.00065472
3.6024	0.000750602
3.6025	0.000664048
3.6026	0.000557076
3.6027	0.000427696
3.6028	0.000605001
3.6029	0.000592058
3.603	0.000549448
3.6031	0.000670305
3.6032	0.000465269
3.6033	0.00056189
3.6034	0.000704451
3.6035	0.00049252
3.6036	0.000507455
3.6037	0.000513236
3.6038	0.000620972
3.6039	0.000566772
3.604	0.000505458
3.6041	0.000454626
3.6042	0.000504495
3.6043	0.00055719
3.6044	0.000637715
3.6045	0.000530756
3.6046	0.000644957
3.6047	0.000630299
3.6048	0.000561129
3.6049	0.000501473
3.605	0.000444369
3.6051	0.000592701
3.6052	0.000460177
3.6053	0.000555241
3.6054	0.000544177
3.6055	0.000728927
3.6056	0.000616595
3.6057	0.000377195
3.6058	0.000372673
3.6059	0.000406514
3.606	0.000540352
3.6061	0.000406659
3.6062	0.000510958
3.6063	0.000373587
3.6064	0.000432693
3.6065	0.000588381
3.6066	0.000586041
3.6067	0.000490094
3.6068	0.000627841
3.6069	0.000621523
3.607	0.000789779
3.6071	0.00074544
3.6072	0.000471831
3.6073	0.000554297
3.6074	0.000478289
3.6075	0.000516996
3.6076	0.000514443
3.6077	0.000552726
3.6078	0.000666327
3.6079	0.000608956
3.608	0.000358942
3.6081	0.000442712
3.6082	0.000773098
3.6083	0.000414319
3.6084	0.000402207
3.6085	0.000560733
3.6086	0.000437543
3.6087	0.000408125
3.6088	0.000588252
3.6089	0.000528203
3.609	0.000625243
3.6091	0.000687065
3.6092	0.000582974
3.6093	0.000677379
3.6094	0.000509687
3.6095	0.000484536
3.6096	0.000585035
3.6097	0.000614542
3.6098	0.00044606
3.6099	0.000468333
3.61	0.000545303
3.6101	0.000581937
3.6102	0.00053462
3.6103	0.00061644
3.6104	0.000644367
3.6105	0.000588969
3.6106	0.000555663
3.6107	0.000558536
3.6108	0.000580555
3.6109	0.000711668
3.611	0.000574344
3.6111	0.000604328
3.6112	0.000456985
3.6113	0.000479045
3.6114	0.000632792
3.6115	0.000774884
3.6116	0.000480139
3.6117	0.0005918
3.6118	0.000655835
3.6119	0.000572415
3.612	0.000682087
3.6121	0.000554377
3.6122	0.000536006
3.6123	0.000437716
3.6124	0.000446022
3.6125	0.00062909
3.6126	0.000593692
3.6127	0.000448785
3.6128	0.000549843
3.6129	0.000834629
3.613	0.000736975
3.6131	0.000737998
3.6132	0.000693017
3.6133	0.000665703
3.6134	0.000600225
3.6135	0.000517824
3.6136	0.000620358
3.6137	0.000736839
3.6138	0.00065628
3.6139	0.000618535
3.614	0.000562904
3.6141	0.0005182
3.6142	0.000520077
3.6143	0.000715328
3.6144	0.000646076
3.6145	0.000641848
3.6146	0.000508947
3.6147	0.000522513
3.6148	0.000420957
3.6149	0.000631114
3.615	0.000526284
3.6151	0.000586604
3.6152	0.000475494
3.6153	0.000807565
3.6154	0.00060422
3.6155	0.000872707
3.6156	0.000530226
3.6157	0.000665815
3.6158	0.000830685
3.6159	0.00065719
3.616	0.000730482
3.6161	0.000479362
3.6162	0.000605145
3.6163	0.000483965
3.6164	0.000390892
3.6165	0.000586667
3.6166	0.000750545
3.6167	0.000458906
3.6168	0.000579565
3.6169	0.000448062
3.617	0.000380955
3.6171	0.000576975
3.6172	0.000747684
3.6173	0.00067209
3.6174	0.000620794
3.6175	0.000663477
3.6176	0.000571775
3.6177	0.000397483
3.6178	0.00088987
3.6179	0.000742792
3.618	0.000792214
3.6181	0.000557319
3.6182	0.000768722
3.6183	0.000662545
3.6184	0.000471421
3.6185	0.000625347
3.6186	0.000639686
3.6187	0.000536949
3.6188	0.00039
3.6189	0.000439303
3.619	0.000388973
3.6191	0.000544547
3.6192	0.000501604
3.6193	0.000568914
3.6194	0.00041195
3.6195	0.000488689
3.6196	0.00070344
3.6197	0.000779362
3.6198	0.000529607
3.6199	0.00082678
3.62	0.000559297
3.6201	0.000716385
3.6202	0.000647173
3.6203	0.000660361
3.6204	0.000679074
3.6205	0.000701246
3.6206	0.000731962
3.6207	0.000506581
3.6208	0.000632652
3.6209	0.000752726
3.621	0.00049221
3.6211	0.00048476
3.6212	0.000470387
3.6213	0.000458963
3.6214	0.000582937
3.6215	0.000478379
3.6216	0.000367192
3.6217	0.000450148
3.6218	0.000627896
3.6219	0.000664514
3.622	0.000724777
3.6221	0.000599916
3.6222	0.00067534
3.6223	0.000954799
3.6224	0.000787194
3.6225	0.000565745
3.6226	0.000537077
3.6227	0.00077071
3.6228	0.000673531
3.6229	0.000507368
3.623	0.000551075
3.6231	0.000537654
3.6232	0.000373896
3.6233	0.000554732
3.6234	0.00057379
3.6235	0.000604204
3.6236	0.000400839
3.6237	0.000528789
3.6238	0.000628627
3.6239	0.000493345
3.624	0.000379926
3.6241	0.000608902
3.6242	0.000435821
3.6243	0.00060595
3.6244	0.000580227
3.6245	0.000753256
3.6246	0.00072243
3.6247	0.000538255
3.6248	0.000559123
3.6249	0.000710378
3.625	0.000693645
3.6251	0.000740822
3.6252	0.000737768
3.6253	0.000629072
3.6254	0.000465848
3.6255	0.000642744
3.6256	0.000566236
3.6257	0.00053204
3.6258	0.000722296
3.6259	0.000495838
3.626	0.00065007
3.6261	0.000646528
3.6262	0.000612039
3.6263	0.000689651
3.6264	0.000608099
3.6265	0.00076767
3.6266	0.000639224
3.6267	0.000566459
3.6268	0.000546645
3.6269	0.000688603
3.627	0.000671576
3.6271	0.000541026
3.6272	0.000732328
3.6273	0.000490463
3.6274	0.00056883
3.6275	0.000456945
3.6276	0.000613883
3.6277	0.000633425
3.6278	0.000618005
3.6279	0.000686405
3.628	0.000452756
3.6281	0.00066338
3.6282	0.000623736
3.6283	0.000716284
3.6284	0.000636846
3.6285	0.00046656
3.6286	0.000516289
3.6287	0.000559586
3.6288	0.000851796
3.6289	0.00064905
3.629	0.000615002
3.6291	0.00070317
3.6292	0.000691323
3.6293	0.000775644
3.6294	0.000843518
3.6295	0.000452044
3.6296	0.000587374
3.6297	0.000744718
3.6298	0.000545075
3.6299	0.000498906
3.63	0.000659733
3.6301	0.000563082
3.6302	0.000571528
3.6303	0.00050469
3.6304	0.000611545
3.6305	0.000556866
3.6306	0.000455925
3.6307	0.000427263
3.6308	0.000511426
3.6309	0.000680807
3.631	0.00064322
3.6311	0.000569892
3.6312	0.000544662
3.6313	0.000691225
3.6314	0.000799915
3.6315	0.000669934
3.6316	0.000603049
3.6317	0.000447329
3.6318	0.000474933
3.6319	0.000512323
3.632	0.000639752
3.6321	0.000692166
3.6322	0.00058125
3.6323	0.000599174
3.6324	0.000597691
3.6325	0.000537917
3.6326	0.000722265
3.6327	0.000839736
3.6328	0.000484771
3.6329	0.0004791
3.633	0.000568082
3.6331	0.000526177
3.6332	0.000622044
3.6333	0.000643122
3.6334	0.000829054
3.6335	0.000540895
3.6336	0.000680337
3.6337	0.000749166
3.6338	0.000726053
3.6339	0.000770765
3.634	0.000496996
3.6341	0.000557438
3.6342	0.000616519
3.6343	0.000573788
3.6344	0.00058232
3.6345	0.000666598
3.6346	0.000404881
3.6347	0.000545255
3.6348	0.000463801
3.6349	0.000602617
3.635	0.00055081
3.6351	0.000552229
3.6352	0.000386245
3.6353	0.000523786
3.6354	0.000667612
3.6355	0.000647849
3.6356	0.000818115
3.6357	0.000712124
3.6358	0.000775624
3.6359	0.000661577
3.636	0.000570623
3.6361	0.000624228
3.6362	0.00053405
3.6363	0.000476264
3.6364	0.000760844
3.6365	0.000612278
3.6366	0.000546277
3.6367	0.000535261
3.6368	0.00061793
3.6369	0.000701353
3.637	0.000687218
3.6371	0.000518094
3.6372	0.00060427
3.6373	0.000455784
3.6374	0.000573344
3.6375	0.000410916
3.6376	0.000375094
3.6377	0.000567641
3.6378	0.000594128
3.6379	0.000572234
3.638	0.000592808
3.6381	0.000714919
3.6382	0.000492672
3.6383	0.00063905
3.6384	0.000546694
3.6385	0.000450991
3.6386	0.00067438
3.6387	0.000642927
3.6388	0.000648506
3.6389	0.000412442
3.639	0.000585861
3.6391	0.000528888
3.6392	0.000588152
3.6393	0.000577148
3.6394	0.000414004
3.6395	0.000502838
3.6396	0.000548003
3.6397	0.00049975
3.6398	0.000454783
3.6399	0.00044071
3.64	0.000646821
3.6401	0.000614872
3.6402	0.000540533
3.6403	0.000470098
3.6404	0.00068412
3.6405	0.000579224
3.6406	0.000416615
3.6407	0.00043235
3.6408	0.000591808
3.6409	0.000554727
3.641	0.000603372
3.6411	0.000574182
3.6412	0.000534914
3.6413	0.000702188
3.6414	0.000490705
3.6415	0.00049577
3.6416	0.000457885
3.6417	0.000511619
3.6418	0.000449194
3.6419	0.000482769
3.642	0.000327016
3.6421	0.000455609
3.6422	0.000587751
3.6423	0.000578299
3.6424	0.000574265
3.6425	0.000544076
3.6426	0.000744879
3.6427	0.00093472
3.6428	0.000533634
3.6429	0.000458301
3.643	0.000604598
3.6431	0.000441961
3.6432	0.000445483
3.6433	0.000460705
3.6434	0.000683533
3.6435	0.000452827
3.6436	0.000609837
3.6437	0.000566687
3.6438	0.000412258
3.6439	0.000667294
3.644	0.000585332
3.6441	0.000419642
3.6442	0.000370207
3.6443	0.000445747
3.6444	0.000458132
3.6445	0.000641746
3.6446	0.000422226
3.6447	0.000546967
3.6448	0.000643771
3.6449	0.000475197
3.645	0.000596862
3.6451	0.000436089
3.6452	0.000539971
3.6453	0.000591434
3.6454	0.000550215
3.6455	0.000525099
3.6456	0.00047108
3.6457	0.000437228
3.6458	0.000642418
3.6459	0.000734429
3.646	0.000682319
3.6461	0.000467333
3.6462	0.000456793
3.6463	0.000613324
3.6464	0.000627906
3.6465	0.000489144
3.6466	0.00056806
3.6467	0.000440578
3.6468	0.000518273
3.6469	0.00044882
3.647	0.000648889
3.6471	0.000683833
3.6472	0.000751431
3.6473	0.00045647
3.6474	0.000565722
3.6475	0.000675677
3.6476	0.000698441
3.6477	0.000525571
3.6478	0.000505436
3.6479	0.000397624
3.648	0.000547425
3.6481	0.000536494
3.6482	0.000547754
3.6483	0.000710932
3.6484	0.000727307
3.6485	0.000647607
3.6486	0.000657541
3.6487	0.000652313
3.6488	0.000672468
3.6489	0.000551326
3.649	0.000615345
3.6491	0.000693479
3.6492	0.000435863
3.6493	0.000731633
3.6494	0.000517077
3.6495	0.000634377
3.6496	0.000596162
3.6497	0.00053443
3.6498	0.000523199
3.6499	0.000683912
3.65	0.000453802
3.6501	0.000601115
3.6502	0.000631489
3.6503	0.000480407
3.6504	0.000470765
3.6505	0.000409801
3.6506	0.000514534
3.6507	0.000574925
3.6508	0.000625005
3.6509	0.00053117
3.651	0.000553342
3.6511	0.000793426
3.6512	0.000911458
3.6513	0.0005373
3.6514	0.00071109
3.6515	0.000727022
3.6516	0.00066572
3.6517	0.00079191
3.6518	0.000510106
3.6519	0.000641914
3.652	0.000606834
3.6521	0.000472055
3.6522	0.00060317
3.6523	0.000586952
3.6524	0.000643673
3.6525	0.000400363
3.6526	0.000361908
3.6527	0.000405066
3.6528	0.000537269
3.6529	0.000688058
3.653	0.000526611
3.6531	0.000543392
3.6532	0.000515163
3.6533	0.000783747
3.6534	0.000416667
3.6535	0.000693054
3.6536	0.000667046
3.6537	0.000812212
3.6538	0.000527153
3.6539	0.000723559
3.654	0.000680132
3.6541	0.000444859
3.6542	0.000674841
3.6543	0.000677933
3.6544	0.000482039
3.6545	0.000574726
3.6546	0.000511919
3.6547	0.000481318
3.6548	0.000367957
3.6549	0.000513306
3.655	0.000635396
3.6551	0.000417206
3.6552	0.000483654
3.6553	0.000620259
3.6554	0.000794362
3.6555	0.000817155
3.6556	0.00062662
3.6557	0.000786981
3.6558	0.000791089
3.6559	0.00057023
3.656	0.000578286
3.6561	0.000726775
3.6562	0.000584495
3.6563	0.000691531
3.6564	0.000523458
3.6565	0.00048402
3.6566	0.000671128
3.6567	0.000491501
3.6568	0.000508334
3.6569	0.000453745
3.657	0.000609713
3.6571	0.000621404
3.6572	0.000532939
3.6573	0.000380154
3.6574	0.000408546
3.6575	0.000566178
3.6576	0.000567916
3.6577	0.000695479
3.6578	0.000566139
3.6579	0.000747557
3.658	0.000793201
3.6581	0.000725778
3.6582	0.000602761
3.6583	0.000728263
3.6584	0.000778338
3.6585	0.000539536
3.6586	0.000606564
3.6587	0.000584049
3.6588	0.000572462
3.6589	0.000565139
3.659	0.000570665
3.6591	0.000691438
3.6592	0.000544624
3.6593	0.000390958
3.6594	0.000575072
3.6595	0.000580824
3.6596	0.00037755
3.6597	0.000467606
3.6598	0.000676181
3.6599	0.000555454
3.66	0.000784547
3.6601	0.000561876
3.6602	0.000728698
3.6603	0.0005001
3.6604	0.00077866
3.6605	0.000695162
3.6606	0.000604587
3.6607	0.000511952
3.6608	0.000542586
3.6609	0.000818015
3.661	0.000715027
3.6611	0.000463211
3.6612	0.00060387
3.6613	0.000581455
3.6614	0.000639327
3.6615	0.00050659
3.6616	0.000642969
3.6617	0.000544946
3.6618	0.000565822
3.6619	0.000602802
3.662	0.000611922
3.6621	0.00049777
3.6622	0.000727654
3.6623	0.000725164
3.6624	0.000578722
3.6625	0.000607521
3.6626	0.000639699
3.6627	0.000824344
3.6628	0.000704517
3.6629	0.000661754
3.663	0.000638816
3.6631	0.000423258
3.6632	0.000600589
3.6633	0.000550364
3.6634	0.000537666
3.6635	0.000752272
3.6636	0.000643863
3.6637	0.000638914
3.6638	0.000682869
3.6639	0.000619721
3.664	0.000728265
3.6641	0.000690693
3.6642	0.000423706
3.6643	0.000594939
3.6644	0.000640536
3.6645	0.000773007
3.6646	0.000625113
3.6647	0.000499031
3.6648	0.000587341
3.6649	0.000808909
3.665	0.00074926
3.6651	0.000615124
3.6652	0.000430169
3.6653	0.000534075
3.6654	0.00061743
3.6655	0.000508166
3.6656	0.000540518
3.6657	0.000655537
3.6658	0.000513345
3.6659	0.000554961
3.666	0.000534617
3.6661	0.000710175
3.6662	0.000601547
3.6663	0.00052538
3.6664	0.000490283
3.6665	0.00057613
3.6666	0.000508156
3.6667	0.000664792
3.6668	0.000485544
3.6669	0.000594025
3.667	0.000592538
3.6671	0.000813075
3.6672	0.000470779
3.6673	0.000777869
3.6674	0.000505344
3.6675	0.000486562
3.6676	0.00058516
3.6677	0.000775371
3.6678	0.000595855
3.6679	0.000586446
3.668	0.000645295
3.6681	0.000467528
3.6682	0.000496785
3.6683	0.000670203
3.6684	0.000782656
3.6685	0.000660185
3.6686	0.000572941
3.6687	0.000512098
3.6688	0.00040949
3.6689	0.000543548
3.669	0.000825716
3.6691	0.000717987
3.6692	0.00069743
3.6693	0.00085182
3.6694	0.000857896
3.6695	0.000654825
3.6696	0.000634513
3.6697	0.00054459
3.6698	0.00060055
3.6699	0.000591098
3.67	0.000529423
3.6701	0.000470733
3.6702	0.000714548
3.6703	0.000388854
3.6704	0.000708022
3.6705	0.000619543
3.6706	0.000560559
3.6707	0.000547284
3.6708	0.000582678
3.6709	0.000478907
3.671	0.000451493
3.6711	0.000571361
3.6712	0.000915779
3.6713	0.000676608
3.6714	0.000602782
3.6715	0.000608815
3.6716	0.000787226
3.6717	0.000788137
3.6718	0.000460513
3.6719	0.00057726
3.672	0.000457827
3.6721	0.000497258
3.6722	0.000617175
3.6723	0.000690609
3.6724	0.000469473
3.6725	0.000654625
3.6726	0.000627719
3.6727	0.000744586
3.6728	0.000459116
3.6729	0.000448196
3.673	0.00047164
3.6731	0.000597441
3.6732	0.000457341
3.6733	0.00046946
3.6734	0.000559461
3.6735	0.000624217
3.6736	0.000661756
3.6737	0.000617713
3.6738	0.000714035
3.6739	0.000609404
3.674	0.000626486
3.6741	0.000471256
3.6742	0.000547908
3.6743	0.000631837
3.6744	0.000656563
3.6745	0.000452157
3.6746	0.000467811
3.6747	0.000631664
3.6748	0.000535281
3.6749	0.000548762
3.675	0.000452237
3.6751	0.00055257
3.6752	0.000498852
3.6753	0.000554683
3.6754	0.000492065
3.6755	0.000492759
3.6756	0.000683613
3.6757	0.000595873
3.6758	0.000510795
3.6759	0.000563041
3.676	0.000632294
3.6761	0.000541175
3.6762	0.000474043
3.6763	0.000523664
3.6764	0.000485324
3.6765	0.000513879
3.6766	0.000694049
3.6767	0.00068921
3.6768	0.000659324
3.6769	0.000543093
3.677	0.000690868
3.6771	0.000455078
3.6772	0.000351185
3.6773	0.000444608
3.6774	0.000541334
3.6775	0.000414655
3.6776	0.000517576
3.6777	0.000387921
3.6778	0.00056874
3.6779	0.000705604
3.678	0.000420142
3.6781	0.000393516
3.6782	0.000584668
3.6783	0.000577708
3.6784	0.000752371
3.6785	0.000627397
3.6786	0.000426217
3.6787	0.000519519
3.6788	0.000498232
3.6789	0.000605256
3.679	0.00049651
3.6791	0.000500935
3.6792	0.000597347
3.6793	0.000484672
3.6794	0.000586802
3.6795	0.000426097
3.6796	0.000624727
3.6797	0.000448267
3.6798	0.000384885
3.6799	0.00053072
3.68	0.000618369
3.6801	0.000608038
3.6802	0.000382019
3.6803	0.000596533
3.6804	0.000642902
3.6805	0.000716281
3.6806	0.000595357
3.6807	0.000597652
3.6808	0.000629154
3.6809	0.000509962
3.681	0.000603053
3.6811	0.000523538
3.6812	0.000425824
3.6813	0.00046371
3.6814	0.000470687
3.6815	0.000756906
3.6816	0.000605966
3.6817	0.00063284
3.6818	0.000580345
3.6819	0.000490678
3.682	0.000471578
3.6821	0.000672477
3.6822	0.000706829
3.6823	0.000613198
3.6824	0.000417258
3.6825	0.000478766
3.6826	0.000432842
3.6827	0.000555217
3.6828	0.000633932
3.6829	0.000731274
3.683	0.000562903
3.6831	0.000558425
3.6832	0.000613634
3.6833	0.000483575
3.6834	0.0006769
3.6835	0.000562749
3.6836	0.000514786
3.6837	0.000553215
3.6838	0.000464498
3.6839	0.000455752
3.684	0.000678603
3.6841	0.000609273
3.6842	0.000666859
3.6843	0.00076817
3.6844	0.000663834
3.6845	0.000670902
3.6846	0.000659044
3.6847	0.000559883
3.6848	0.000698109
3.6849	0.000525489
3.685	0.000732032
3.6851	0.000664472
3.6852	0.000608182
3.6853	0.000623553
3.6854	0.000526659
3.6855	0.000553179
3.6856	0.000463711
3.6857	0.000680592
3.6858	0.000552358
3.6859	0.000639584
3.686	0.000584587
3.6861	0.000363135
3.6862	0.000421235
3.6863	0.000628202
3.6864	0.000514726
3.6865	0.000671133
3.6866	0.000639633
3.6867	0.000632212
3.6868	0.000723146
3.6869	0.000676268
3.687	0.000547034
3.6871	0.000671578
3.6872	0.000682456
3.6873	0.000832463
3.6874	0.000765259
3.6875	0.000455035
3.6876	0.000605124
3.6877	0.000532957
3.6878	0.00050115
3.6879	0.000547962
3.688	0.000630543
3.6881	0.000606539
3.6882	0.000411917
3.6883	0.00035044
3.6884	0.000427667
3.6885	0.000514935
3.6886	0.000685564
3.6887	0.00055472
3.6888	0.000696432
3.6889	0.000631944
3.689	0.000749504
3.6891	0.000637696
3.6892	0.000559975
3.6893	0.000759139
3.6894	0.000698271
3.6895	0.000734126
3.6896	0.000740256
3.6897	0.000554445
3.6898	0.000438357
3.6899	0.000650928
3.69	0.000583785
3.6901	0.00056752
3.6902	0.000470498
3.6903	0.000375953
3.6904	0.000466094
3.6905	0.00056943
3.6906	0.000392453
3.6907	0.000534289
3.6908	0.000430593
3.6909	0.00056988
3.691	0.000853906
3.6911	0.000740444
3.6912	0.00049227
3.6913	0.000589732
3.6914	0.000858914
3.6915	0.000637857
3.6916	0.000626543
3.6917	0.000529646
3.6918	0.000639772
3.6919	0.000735516
3.692	0.000662367
3.6921	0.000604277
3.6922	0.000569809
3.6923	0.000525633
3.6924	0.000526222
3.6925	0.000414738
3.6926	0.000540397
3.6927	0.000467841
3.6928	0.00043117
3.6929	0.000329993
3.693	0.000392679
3.6931	0.000531572
3.6932	0.000442566
3.6933	0.000667194
3.6934	0.000665396
3.6935	0.000532278
3.6936	0.000718576
3.6937	0.000768013
3.6938	0.000851314
3.6939	0.000606978
3.694	0.000649006
3.6941	0.000724245
3.6942	0.00068669
3.6943	0.000556678
3.6944	0.000485781
3.6945	0.000484177
3.6946	0.000523246
3.6947	0.000559253
3.6948	0.000557809
3.6949	0.000630213
3.695	0.000521444
3.6951	0.000504709
3.6952	0.000527018
3.6953	0.000534344
3.6954	0.000559964
3.6955	0.00052727
3.6956	0.000524389
3.6957	0.000822419
3.6958	0.000658599
3.6959	0.000579315
3.696	0.000547649
3.6961	0.000759902
3.6962	0.000574217
3.6963	0.000548229
3.6964	0.000541187
3.6965	0.000696687
3.6966	0.00075391
3.6967	0.000623732
3.6968	0.000464626
3.6969	0.000665415
3.697	0.000504467
3.6971	0.000565932
3.6972	0.000602468
3.6973	0.000642838
3.6974	0.000778093
3.6975	0.000634732
3.6976	0.000731569
3.6977	0.000533086
3.6978	0.000630869
3.6979	0.000741737
3.698	0.000698727
3.6981	0.000585616
3.6982	0.000607572
3.6983	0.00055017
3.6984	0.000680217
3.6985	0.000697727
3.6986	0.000668592
3.6987	0.000519596
3.6988	0.000506613
3.6989	0.000518707
3.699	0.000653894
3.6991	0.000712645
3.6992	0.000702052
3.6993	0.000721419
3.6994	0.000683114
3.6995	0.000605501
3.6996	0.00065197
3.6997	0.000627755
3.6998	0.000524675
3.6999	0.000434158
3.7	0.000586918
3.7001	0.000914502
3.7002	0.000786924
3.7003	0.0007475
3.7004	0.000569498
3.7005	0.000625889
3.7006	0.000725133
3.7007	0.000742842
3.7008	0.000699959
3.7009	0.00047181
3.701	0.000568729
3.7011	0.000626277
3.7012	0.000592847
3.7013	0.000578458
3.7014	0.000639581
3.7015	0.000625626
3.7016	0.000568392
3.7017	0.000555181
3.7018	0.000549753
3.7019	0.000576759
3.702	0.000557588
3.7021	0.000631904
3.7022	0.000612023
3.7023	0.000493978
3.7024	0.000546123
3.7025	0.000529927
3.7026	0.000720307
3.7027	0.000695178
3.7028	0.000719818
3.7029	0.000501914
3.703	0.000680801
3.7031	0.000451744
3.7032	0.000568711
3.7033	0.000553886
3.7034	0.000551933
3.7035	0.000706807
3.7036	0.000592593
3.7037	0.000775564
3.7038	0.000638524
3.7039	0.00056586
3.704	0.00100153
3.7041	0.000782387
3.7042	0.000620644
3.7043	0.000534711
3.7044	0.000524185
3.7045	0.000552955
3.7046	0.000705201
3.7047	0.000821923
3.7048	0.000874186
3.7049	0.000837064
3.705	0.000696192
3.7051	0.000694458
3.7052	0.00069272
3.7053	0.000626623
3.7054	0.000604792
3.7055	0.000628937
3.7056	0.000535147
3.7057	0.000501989
3.7058	0.000682792
3.7059	0.00074127
3.706	0.000506275
3.7061	0.000541708
3.7062	0.000567462
3.7063	0.000481701
3.7064	0.000523365
3.7065	0.000458527
3.7066	0.000554514
3.7067	0.00051883
3.7068	0.000592425
3.7069	0.000725345
3.707	0.00078528
3.7071	0.000669227
3.7072	0.000616954
3.7073	0.000856997
3.7074	0.000703854
3.7075	0.000416059
3.7076	0.00059067
3.7077	0.000647164
3.7078	0.000502502
3.7079	0.000765434
3.708	0.000535792
3.7081	0.000562238
3.7082	0.000546706
3.7083	0.000514345
3.7084	0.000679788
3.7085	0.00046875
3.7086	0.000457463
3.7087	0.000565166
3.7088	0.00044789
3.7089	0.000393945
3.709	0.000459726
3.7091	0.000544356
3.7092	0.000700708
3.7093	0.000697322
3.7094	0.00062081
3.7095	0.000725544
3.7096	0.000603077
3.7097	0.000530887
3.7098	0.00049379
3.7099	0.000543862
3.71	0.000632271
3.7101	0.000553148
3.7102	0.000650969
3.7103	0.000449182
3.7104	0.000483807
3.7105	0.000693841
3.7106	0.000537223
3.7107	0.00056907
3.7108	0.000481921
3.7109	0.000542919
3.711	0.000497672
3.7111	0.000393765
3.7112	0.000527413
3.7113	0.000610837
3.7114	0.000530329
3.7115	0.00051005
3.7116	0.000634937
3.7117	0.000602288
3.7118	0.000512153
3.7119	0.000578017
3.712	0.000487989
3.7121	0.000506368
3.7122	0.000507116
3.7123	0.000575027
3.7124	0.000641069
3.7125	0.000676142
3.7126	0.00059995
3.7127	0.000592985
3.7128	0.000404684
3.7129	0.000390962
3.713	0.000438027
3.7131	0.000566647
3.7132	0.000421621
3.7133	0.000404815
3.7134	0.000430277
3.7135	0.00049501
3.7136	0.000427064
3.7137	0.000446127
3.7138	0.000429895
3.7139	0.000573165
3.714	0.000652564
3.7141	0.000613045
3.7142	0.00056928
3.7143	0.000419665
3.7144	0.0005555
3.7145	0.000548592
3.7146	0.000570738
3.7147	0.000707262
3.7148	0.000514381
3.7149	0.000627878
3.715	0.000643552
3.7151	0.000373267
3.7152	0.000406179
3.7153	0.000869955
3.7154	0.000425263
3.7155	0.000564759
3.7156	0.000400094
3.7157	0.000609213
3.7158	0.000424743
3.7159	0.000533611
3.716	0.000587722
3.7161	0.000448002
3.7162	0.000809387
3.7163	0.000659962
3.7164	0.000682031
3.7165	0.000495311
3.7166	0.00066958
3.7167	0.000530682
3.7168	0.000579146
3.7169	0.000440938
3.717	0.00057688
3.7171	0.000523257
3.7172	0.000682872
3.7173	0.000482589
3.7174	0.000573201
3.7175	0.000488279
3.7176	0.000405765
3.7177	0.000649437
3.7178	0.000811473
3.7179	0.000595042
3.718	0.000732075
3.7181	0.000409831
3.7182	0.000613884
3.7183	0.000480114
3.7184	0.000628539
3.7185	0.000601595
3.7186	0.000683515
3.7187	0.000690622
3.7188	0.00060343
3.7189	0.000568179
3.719	0.000462092
3.7191	0.000663752
3.7192	0.00049715
3.7193	0.000532807
3.7194	0.00050001
3.7195	0.000460443
3.7196	0.000623912
3.7197	0.00063206
3.7198	0.000571686
3.7199	0.000592847
3.72	0.000696178
3.7201	0.000699966
3.7202	0.000667464
3.7203	0.000704765
3.7204	0.000776999
3.7205	0.000492931
3.7206	0.000485981
3.7207	0.000693805
3.7208	0.000694366
3.7209	0.000572799
3.721	0.000542696
3.7211	0.0004104
3.7212	0.000551649
3.7213	0.000543376
3.7214	0.000589741
3.7215	0.000630029
3.7216	0.000573343
3.7217	0.00060529
3.7218	0.000412862
3.7219	0.00044713
3.722	0.000604032
3.7221	0.000654143
3.7222	0.000679413
3.7223	0.000497525
3.7224	0.000930548
3.7225	0.000864108
3.7226	0.00058055
3.7227	0.000507609
3.7228	0.000712469
3.7229	0.000882954
3.723	0.000522695
3.7231	0.000673361
3.7232	0.000494269
3.7233	0.000529654
3.7234	0.000554757
3.7235	0.000456365
3.7236	0.000656035
3.7237	0.000717701
3.7238	0.000446791
3.7239	0.000417981
3.724	0.000383395
3.7241	0.000401742
3.7242	0.000634599
3.7243	0.000630482
3.7244	0.000624796
3.7245	0.00056834
3.7246	0.000764962
3.7247	0.000622042
3.7248	0.000559993
3.7249	0.000664799
3.725	0.000820232
3.7251	0.000818167
3.7252	0.000760371
3.7253	0.000737891
3.7254	0.000559181
3.7255	0.000452049
3.7256	0.000640692
3.7257	0.000680066
3.7258	0.000626357
3.7259	0.00036827
3.726	0.000401636
3.7261	0.000512292
3.7262	0.000453395
3.7263	0.000471665
3.7264	0.000532752
3.7265	0.000477605
3.7266	0.000512208
3.7267	0.000766615
3.7268	0.000744718
3.7269	0.00059461
3.727	0.00083022
3.7271	0.000709269
3.7272	0.000588812
3.7273	0.000807198
3.7274	0.000462449
3.7275	0.000582811
3.7276	0.000550412
3.7277	0.000697699
3.7278	0.000532535
3.7279	0.000722311
3.728	0.00049909
3.7281	0.000576244
3.7282	0.000569542
3.7283	0.000463342
3.7284	0.000436131
3.7285	0.000524469
3.7286	0.000676871
3.7287	0.000518515
3.7288	0.000441313
3.7289	0.000542086
3.729	0.00074022
3.7291	0.000562794
3.7292	0.000509404
3.7293	0.000704496
3.7294	0.00087728
3.7295	0.000748921
3.7296	0.000525865
3.7297	0.000670192
3.7298	0.000688717
3.7299	0.000583306
3.73	0.000441846
3.7301	0.00052458
3.7302	0.000468024
3.7303	0.000527406
3.7304	0.000532381
3.7305	0.000551904
3.7306	0.000757391
3.7307	0.000468668
3.7308	0.000526741
3.7309	0.000607988
3.731	0.000596535
3.7311	0.000553792
3.7312	0.000548513
3.7313	0.000537462
3.7314	0.000643028
3.7315	0.000653818
3.7316	0.000720778
3.7317	0.000733786
3.7318	0.00067023
3.7319	0.000732729
3.732	0.000657875
3.7321	0.000590121
3.7322	0.000680818
3.7323	0.000717625
3.7324	0.000602188
3.7325	0.000470038
3.7326	0.000616677
3.7327	0.000672511
3.7328	0.00059193
3.7329	0.000527389
3.733	0.000656323
3.7331	0.000649037
3.7332	0.00062873
3.7333	0.000796222
3.7334	0.000587044
3.7335	0.00070576
3.7336	0.000676224
3.7337	0.000634207
3.7338	0.000650379
3.7339	0.000654722
3.734	0.000536923
3.7341	0.000651862
3.7342	0.000802952
3.7343	0.000568952
3.7344	0.000599938
3.7345	0.000755528
3.7346	0.000456576
3.7347	0.000616294
3.7348	0.000606275
3.7349	0.000667501
3.735	0.00065604
3.7351	0.000543994
3.7352	0.000546464
3.7353	0.000464649
3.7354	0.000643821
3.7355	0.000550891
3.7356	0.000409721
3.7357	0.000499129
3.7358	0.0007472
3.7359	0.000794382
3.736	0.000604622
3.7361	0.000586659
3.7362	0.000501452
3.7363	0.000758697
3.7364	0.000682119
3.7365	0.000689379
3.7366	0.000441335
3.7367	0.000517123
3.7368	0.000649697
3.7369	0.000566793
3.737	0.000545746
3.7371	0.000578859
3.7372	0.00057366
3.7373	0.00055474
3.7374	0.000536313
3.7375	0.000684397
3.7376	0.000603426
3.7377	0.000475523
3.7378	0.000564542
3.7379	0.000650226
3.738	0.000532868
3.7381	0.000583593
3.7382	0.00053609
3.7383	0.000538424
3.7384	0.000669338
3.7385	0.000730017
3.7386	0.000655028
3.7387	0.000701552
3.7388	0.000445248
3.7389	0.000490157
3.739	0.000564806
3.7391	0.000605781
3.7392	0.000735611
3.7393	0.000610803
3.7394	0.000644767
3.7395	0.00052125
3.7396	0.000638693
3.7397	0.000701444
3.7398	0.000753719
3.7399	0.000429376
3.74	0.000514153
3.7401	0.000454241
3.7402	0.000377861
3.7403	0.000585313
3.7404	0.000833918
3.7405	0.000899543
3.7406	0.00067767
3.7407	0.000699847
3.7408	0.000648604
3.7409	0.00064957
3.741	0.000620926
3.7411	0.000434674
3.7412	0.000495013
3.7413	0.000647114
3.7414	0.000529366
3.7415	0.000663979
3.7416	0.000745081
3.7417	0.000478
3.7418	0.000636096
3.7419	0.000702438
3.742	0.000418286
3.7421	0.000492692
3.7422	0.000580626
3.7423	0.000497429
3.7424	0.000532201
3.7425	0.000670578
3.7426	0.000579006
3.7427	0.0007303
3.7428	0.000710566
3.7429	0.000636184
3.743	0.000725932
3.7431	0.00057004
3.7432	0.000502108
3.7433	0.000583574
3.7434	0.000703293
3.7435	0.000494886
3.7436	0.000747898
3.7437	0.000586311
3.7438	0.000454863
3.7439	0.000648692
3.744	0.000632823
3.7441	0.00070067
3.7442	0.000558209
3.7443	0.000609001
3.7444	0.000495512
3.7445	0.000500961
3.7446	0.000413982
3.7447	0.00046198
3.7448	0.0005552
3.7449	0.000584736
3.745	0.000644837
3.7451	0.000665129
3.7452	0.000634383
3.7453	0.000723869
3.7454	0.0006361
3.7455	0.000588214
3.7456	0.000459525
3.7457	0.000521522
3.7458	0.000648261
3.7459	0.00066363
3.746	0.000448226
3.7461	0.00062915
3.7462	0.000615628
3.7463	0.000484473
3.7464	0.000577616
3.7465	0.000474757
3.7466	0.000602063
3.7467	0.000497646
3.7468	0.000470516
3.7469	0.000477807
3.747	0.000609169
3.7471	0.000614615
3.7472	0.00047687
3.7473	0.000523143
3.7474	0.000598523
3.7475	0.000639958
3.7476	0.000506513
3.7477	0.00048341
3.7478	0.000622978
3.7479	0.000476595
3.748	0.000558921
3.7481	0.000569156
3.7482	0.000587789
3.7483	0.000580548
3.7484	0.000567646
3.7485	0.000454639
3.7486	0.000444091
3.7487	0.000400445
3.7488	0.000504684
3.7489	0.00039733
3.749	0.000439472
3.7491	0.000366376
3.7492	0.000508309
3.7493	0.000497339
3.7494	0.000461823
3.7495	0.000501588
3.7496	0.000637413
3.7497	0.000770404
3.7498	0.000821431
3.7499	0.000495935
3.75	0.000447799
3.7501	0.00053654
3.7502	0.000452288
3.7503	0.000604124
3.7504	0.000647895
3.7505	0.000468357
3.7506	0.000560704
3.7507	0.00058442
3.7508	0.000402916
3.7509	0.000423458
3.751	0.000699274
3.7511	0.000612044
3.7512	0.000396731
3.7513	0.000497187
3.7514	0.00058163
3.7515	0.000527272
3.7516	0.000451349
3.7517	0.00061612
3.7518	0.000627221
3.7519	0.000663121
3.752	0.000733561
3.7521	0.000499483
3.7522	0.000572636
3.7523	0.000542065
3.7524	0.000546848
3.7525	0.000559114
3.7526	0.00046101
3.7527	0.00046896
3.7528	0.000509526
3.7529	0.000678454
3.753	0.000523282
3.7531	0.000704426
3.7532	0.000467508
3.7533	0.000473312
3.7534	0.000560574
3.7535	0.000608466
3.7536	0.000747893
3.7537	0.000633815
3.7538	0.000388351
3.7539	0.000512193
3.754	0.000489703
3.7541	0.000622553
3.7542	0.000500754
3.7543	0.000747251
3.7544	0.000528589
3.7545	0.000424005
3.7546	0.000796634
3.7547	0.000639645
3.7548	0.000640522
3.7549	0.00047488
3.755	0.00040772
3.7551	0.000474694
3.7552	0.00049906
3.7553	0.00058624
3.7554	0.000592765
3.7555	0.000588038
3.7556	0.000676933
3.7557	0.000781463
3.7558	0.000795852
3.7559	0.000782806
3.756	0.000694374
3.7561	0.000538988
3.7562	0.000658104
3.7563	0.000427095
3.7564	0.00079913
3.7565	0.000678559
3.7566	0.000602406
3.7567	0.000526165
3.7568	0.000501752
3.7569	0.000488025
3.757	0.000596507
3.7571	0.000517245
3.7572	0.000595679
3.7573	0.000627292
3.7574	0.000634471
3.7575	0.000427592
3.7576	0.000454975
3.7577	0.000555354
3.7578	0.000559959
3.7579	0.000739655
3.758	0.000488476
3.7581	0.000753725
3.7582	0.000812658
3.7583	0.000853112
3.7584	0.000621319
3.7585	0.000801246
3.7586	0.000715049
3.7587	0.000541589
3.7588	0.000688788
3.7589	0.000521995
3.759	0.000614427
3.7591	0.000517742
3.7592	0.000601505
3.7593	0.000616761
3.7594	0.000841802
3.7595	0.000383229
3.7596	0.000416289
3.7597	0.000409304
3.7598	0.000429746
3.7599	0.000541
3.76	0.000719925
3.7601	0.000712811
3.7602	0.000435037
3.7603	0.00072298
3.7604	0.000681105
3.7605	0.000505793
3.7606	0.000697191
3.7607	0.00085603
3.7608	0.000693161
3.7609	0.000761399
3.761	0.000661137
3.7611	0.000575299
3.7612	0.000517734
3.7613	0.000682334
3.7614	0.000669892
3.7615	0.000664338
3.7616	0.000493412
3.7617	0.000447119
3.7618	0.000476276
3.7619	0.000448738
3.762	0.000432337
3.7621	0.000568053
3.7622	0.000544196
3.7623	0.000474723
3.7624	0.000755119
3.7625	0.000804872
3.7626	0.000535101
3.7627	0.000812047
3.7628	0.000633292
3.7629	0.000858994
3.763	0.000759236
3.7631	0.000478574
3.7632	0.000617892
3.7633	0.000733358
3.7634	0.000663159
3.7635	0.000513929
3.7636	0.000543314
3.7637	0.000546282
3.7638	0.000485294
3.7639	0.000826542
3.764	0.000495493
3.7641	0.000442488
3.7642	0.000566226
3.7643	0.000484463
3.7644	0.000414968
3.7645	0.000454342
3.7646	0.000535191
3.7647	0.000487928
3.7648	0.000608764
3.7649	0.000510207
3.765	0.000716067
3.7651	0.000749964
3.7652	0.00067458
3.7653	0.000647389
3.7654	0.000640404
3.7655	0.000757007
3.7656	0.000587123
3.7657	0.000435628
3.7658	0.000516837
3.7659	0.000533453
3.766	0.00051912
3.7661	0.000650919
3.7662	0.000577177
3.7663	0.000693391
3.7664	0.000416201
3.7665	0.000482128
3.7666	0.000610668
3.7667	0.000531203
3.7668	0.000587116
3.7669	0.00059153
3.767	0.000544575
3.7671	0.000669222
3.7672	0.000656373
3.7673	0.000698398
3.7674	0.000711928
3.7675	0.000692809
3.7676	0.000764688
3.7677	0.000763149
3.7678	0.000536952
3.7679	0.000718714
3.768	0.000623837
3.7681	0.000678791
3.7682	0.000408761
3.7683	0.000622791
3.7684	0.000609362
3.7685	0.000607125
3.7686	0.000540638
3.7687	0.000725527
3.7688	0.000762213
3.7689	0.000639753
3.769	0.000707559
3.7691	0.000641434
3.7692	0.000693987
3.7693	0.000665892
3.7694	0.00064468
3.7695	0.000662693
3.7696	0.000632221
3.7697	0.000547934
3.7698	0.000673963
3.7699	0.000651677
3.77	0.000675341
3.7701	0.000566071
3.7702	0.000646815
3.7703	0.000445017
3.7704	0.000550092
3.7705	0.000739171
3.7706	0.000648536
3.7707	0.000640475
3.7708	0.000487771
3.7709	0.000547502
3.771	0.00054313
3.7711	0.000638443
3.7712	0.000622639
3.7713	0.000425687
3.7714	0.000756735
3.7715	0.000694312
3.7716	0.000579748
3.7717	0.000554864
3.7718	0.000541246
3.7719	0.000561985
3.772	0.000751648
3.7721	0.000808212
3.7722	0.000630012
3.7723	0.000449404
3.7724	0.000547966
3.7725	0.000652557
3.7726	0.000528893
3.7727	0.000535268
3.7728	0.000621741
3.7729	0.000495593
3.773	0.000601079
3.7731	0.000652753
3.7732	0.000596717
3.7733	0.000651566
3.7734	0.000485221
3.7735	0.00056944
3.7736	0.000641945
3.7737	0.000475216
3.7738	0.000621045
3.7739	0.000517058
3.774	0.000560645
3.7741	0.000746059
3.7742	0.000601986
3.7743	0.00050967
3.7744	0.000745087
3.7745	0.000409378
3.7746	0.000511131
3.7747	0.000494789
3.7748	0.00048104
3.7749	0.000612488
3.775	0.000571629
3.7751	0.000666709
3.7752	0.000552614
3.7753	0.000640739
3.7754	0.000924241
3.7755	0.000705641
3.7756	0.000481138
3.7757	0.000514618
3.7758	0.000495394
3.7759	0.000482979
3.776	0.000671695
3.7761	0.000715537
3.7762	0.000593888
3.7763	0.000623389
3.7764	0.000647183
3.7765	0.000771968
3.7766	0.0006535
3.7767	0.000713794
3.7768	0.000455275
3.7769	0.000537214
3.777	0.000581592
3.7771	0.000535583
3.7772	0.000719666
3.7773	0.000492401
3.7774	0.000480612
3.7775	0.000648825
3.7776	0.00073017
3.7777	0.000480439
3.7778	0.000533402
3.7779	0.000580196
3.778	0.000520318
3.7781	0.000495808
3.7782	0.00066159
3.7783	0.000683778
3.7784	0.000828469
3.7785	0.00074822
3.7786	0.000703528
3.7787	0.000867665
3.7788	0.000629001
3.7789	0.000521028
3.779	0.000650411
3.7791	0.000693658
3.7792	0.000589056
3.7793	0.000623579
3.7794	0.000637596
3.7795	0.00055362
3.7796	0.000599852
3.7797	0.0005607
3.7798	0.000758135
3.7799	0.000473801
3.78	0.000592209
3.7801	0.000442368
3.7802	0.000608938
3.7803	0.000428307
3.7804	0.000431193
3.7805	0.00057327
3.7806	0.000606869
3.7807	0.0006392
3.7808	0.000696366
3.7809	0.000639733
3.781	0.000612287
3.7811	0.000540128
3.7812	0.000571198
3.7813	0.000421662
3.7814	0.000673917
3.7815	0.000553528
3.7816	0.000651111
3.7817	0.000436865
3.7818	0.000597065
3.7819	0.000697443
3.782	0.000440873
3.7821	0.000581245
3.7822	0.000507724
3.7823	0.000466216
3.7824	0.000527608
3.7825	0.000446038
3.7826	0.000476067
3.7827	0.000641172
3.7828	0.00060865
3.7829	0.000459326
3.783	0.000539482
3.7831	0.000709892
3.7832	0.000746108
3.7833	0.000542932
3.7834	0.000454521
3.7835	0.000501117
3.7836	0.000452214
3.7837	0.000593408
3.7838	0.000674248
3.7839	0.000562567
3.784	0.000780933
3.7841	0.000575634
3.7842	0.000460783
3.7843	0.000405965
3.7844	0.000458847
3.7845	0.000466984
3.7846	0.000429468
3.7847	0.00038518
3.7848	0.000377306
3.7849	0.000551097
3.785	0.000497141
3.7851	0.000481991
3.7852	0.000543249
3.7853	0.000631902
3.7854	0.000566097
3.7855	0.000642102
3.7856	0.000474075
3.7857	0.000357422
3.7858	0.000523452
3.7859	0.000448113
3.786	0.000517542
3.7861	0.00063698
3.7862	0.000584985
3.7863	0.000534861
3.7864	0.000568809
3.7865	0.000433432
3.7866	0.000462328
3.7867	0.000802004
3.7868	0.000430435
3.7869	0.000547023
3.787	0.000436451
3.7871	0.000494857
3.7872	0.000533307
3.7873	0.0005017
3.7874	0.000552444
3.7875	0.000602206
3.7876	0.000633076
3.7877	0.000709808
3.7878	0.000516027
3.7879	0.000519201
3.788	0.000575366
3.7881	0.000546767
3.7882	0.000574239
3.7883	0.000405368
3.7884	0.000498429
3.7885	0.000519851
3.7886	0.000680643
3.7887	0.00060309
3.7888	0.000694445
3.7889	0.000581793
3.789	0.000543048
3.7891	0.000514235
3.7892	0.000829379
3.7893	0.000623447
3.7894	0.00074829
3.7895	0.000448307
3.7896	0.000495424
3.7897	0.000471188
3.7898	0.00070448
3.7899	0.000657602
3.79	0.000702945
3.7901	0.00060828
3.7902	0.000504446
3.7903	0.000630038
3.7904	0.000560583
3.7905	0.000664667
3.7906	0.000588777
3.7907	0.000485726
3.7908	0.000398925
3.7909	0.000483214
3.791	0.000610169
3.7911	0.000643652
3.7912	0.000604839
3.7913	0.000654465
3.7914	0.000792034
3.7915	0.000603285
3.7916	0.000771226
3.7917	0.000707679
3.7918	0.00054706
3.7919	0.000585744
3.792	0.000566704
3.7921	0.000801579
3.7922	0.00076223
3.7923	0.000645751
3.7924	0.000569353
3.7925	0.000561956
3.7926	0.000408692
3.7927	0.000460696
3.7928	0.000633509
3.7929	0.000694172
3.793	0.000665518
3.7931	0.000485546
3.7932	0.000437044
3.7933	0.000391774
3.7934	0.000577781
3.7935	0.0005981
3.7936	0.000646593
3.7937	0.000468143
3.7938	0.000762654
3.7939	0.000748082
3.794	0.000740222
3.7941	0.000603385
3.7942	0.000684352
3.7943	0.000812001
3.7944	0.000572418
3.7945	0.000696714
3.7946	0.000490659
3.7947	0.000516347
3.7948	0.000571729
3.7949	0.000598745
3.795	0.000649524
3.7951	0.000677999
3.7952	0.000473081
3.7953	0.000365996
3.7954	0.000347743
3.7955	0.000422216
3.7956	0.000605594
3.7957	0.000842335
3.7958	0.000605825
3.7959	0.000506219
3.796	0.000628738
3.7961	0.000687024
3.7962	0.000481464
3.7963	0.000732469
3.7964	0.000801011
3.7965	0.000619108
3.7966	0.000652862
3.7967	0.000798648
3.7968	0.000524377
3.7969	0.000489693
3.797	0.000701497
3.7971	0.000586395
3.7972	0.00051137
3.7973	0.000533165
3.7974	0.000464216
3.7975	0.000417697
3.7976	0.000398431
3.7977	0.000436873
3.7978	0.000623367
3.7979	0.000383322
3.798	0.000421445
3.7981	0.000774913
3.7982	0.000832168
3.7983	0.000664559
3.7984	0.00074679
3.7985	0.000846689
3.7986	0.00060106
3.7987	0.000846081
3.7988	0.000796996
3.7989	0.00087029
3.799	0.000628433
3.7991	0.000787887
3.7992	0.000560322
3.7993	0.000575053
3.7994	0.000560833
3.7995	0.000481846
3.7996	0.000547509
3.7997	0.000405857
3.7998	0.000521984
3.7999	0.00048532
3.8	0.000503728
3.8001	0.000384452
3.8002	0.000584489
3.8003	0.000517968
3.8004	0.000628266
3.8005	0.000559844
3.8006	0.000564639
3.8007	0.00069042
3.8008	0.000808179
3.8009	0.000703647
3.801	0.000527634
3.8011	0.000715639
3.8012	0.000773951
3.8013	0.000608785
3.8014	0.000442263
3.8015	0.000531077
3.8016	0.000552146
3.8017	0.000487424
3.8018	0.000511727
3.8019	0.000560695
3.802	0.00058489
3.8021	0.000402949
3.8022	0.000533896
3.8023	0.000574344
3.8024	0.00053237
3.8025	0.000533771
3.8026	0.000550706
3.8027	0.000509819
3.8028	0.000733281
3.8029	0.000673799
3.803	0.000781908
3.8031	0.000623801
3.8032	0.000698886
3.8033	0.000783618
3.8034	0.000706841
3.8035	0.000502213
3.8036	0.000685917
3.8037	0.00076403
3.8038	0.0006701
3.8039	0.000427503
3.804	0.000652472
3.8041	0.000612288
3.8042	0.000610128
3.8043	0.000547749
3.8044	0.000713265
3.8045	0.000687703
3.8046	0.000579775
3.8047	0.000742974
3.8048	0.000732372
3.8049	0.000587694
3.805	0.000575769
3.8051	0.000644765
3.8052	0.000600066
3.8053	0.000800964
3.8054	0.000567282
3.8055	0.000828435
3.8056	0.000783741
3.8057	0.000618587
3.8058	0.000555127
3.8059	0.000641065
3.806	0.000480039
3.8061	0.000611765
3.8062	0.000733822
3.8063	0.000618757
3.8064	0.000618338
3.8065	0.000537961
3.8066	0.000665472
3.8067	0.000562026
3.8068	0.000650164
3.8069	0.000536952
3.807	0.000457539
3.8071	0.000540432
3.8072	0.000841951
3.8073	0.000747026
3.8074	0.00061047
3.8075	0.000687856
3.8076	0.000701377
3.8077	0.000853392
3.8078	0.000614609
3.8079	0.000664063
3.808	0.000468222
3.8081	0.000523297
3.8082	0.000646898
3.8083	0.000579319
3.8084	0.000543769
3.8085	0.000510535
3.8086	0.00050218
3.8087	0.000518278
3.8088	0.000560046
3.8089	0.000557172
3.809	0.000631248
3.8091	0.000533386
3.8092	0.000527924
3.8093	0.000593848
3.8094	0.000483735
3.8095	0.000569573
3.8096	0.000559819
3.8097	0.000542651
3.8098	0.000577355
3.8099	0.000719123
3.81	0.000699949
3.8101	0.000621754
3.8102	0.000462844
3.8103	0.000567884
3.8104	0.000493771
3.8105	0.000743926
3.8106	0.000773162
3.8107	0.000568115
3.8108	0.000736957
3.8109	0.000669369
3.811	0.000630954
3.8111	0.000882866
3.8112	0.00065348
3.8113	0.000465004
3.8114	0.000532291
3.8115	0.000463608
3.8116	0.000422751
3.8117	0.000738904
3.8118	0.000795252
3.8119	0.000657076
3.812	0.000600672
3.8121	0.000754324
3.8122	0.000641106
3.8123	0.000723776
3.8124	0.000758203
3.8125	0.000511245
3.8126	0.000567958
3.8127	0.000605502
3.8128	0.000532932
3.8129	0.000720442
3.813	0.000698943
3.8131	0.000407743
3.8132	0.000720228
3.8133	0.000825369
3.8134	0.000446317
3.8135	0.000517679
3.8136	0.000639269
3.8137	0.000514473
3.8138	0.000440933
3.8139	0.000738038
3.814	0.000745077
3.8141	0.000805053
3.8142	0.000704133
3.8143	0.000663601
3.8144	0.000866925
3.8145	0.000588076
3.8146	0.000521411
3.8147	0.000629112
3.8148	0.000514619
3.8149	0.000636268
3.815	0.000744134
3.8151	0.000545403
3.8152	0.000485375
3.8153	0.0006201
3.8154	0.000647152
3.8155	0.000672644
3.8156	0.000537331
3.8157	0.000567586
3.8158	0.000495855
3.8159	0.000497238
3.816	0.000472096
3.8161	0.000425658
3.8162	0.00053895
3.8163	0.000609373
3.8164	0.000738711
3.8165	0.000708329
3.8166	0.000756021
3.8167	0.000699548
3.8168	0.00058074
3.8169	0.000664485
3.817	0.000500493
3.8171	0.000642688
3.8172	0.000654866
3.8173	0.000625559
3.8174	0.000409311
3.8175	0.000645216
3.8176	0.000566063
3.8177	0.000473218
3.8178	0.000561797
3.8179	0.000498466
3.818	0.000439257
3.8181	0.0005377
3.8182	0.000403535
3.8183	0.000473147
3.8184	0.000654925
3.8185	0.000653111
3.8186	0.000420797
3.8187	0.000459191
3.8188	0.00056119
3.8189	0.000724406
3.819	0.00053416
3.8191	0.000440185
3.8192	0.000583605
3.8193	0.000412563
3.8194	0.000691683
3.8195	0.000575663
3.8196	0.000656001
3.8197	0.000650382
3.8198	0.000618762
3.8199	0.000453226
3.82	0.000398689
3.8201	0.000398179
3.8202	0.000529346
3.8203	0.000334995
3.8204	0.000455547
3.8205	0.000366628
3.8206	0.000594377
3.8207	0.000737923
3.8208	0.000370795
3.8209	0.000473937
3.821	0.00060192
3.8211	0.000679948
3.8212	0.000723816
3.8213	0.000504273
3.8214	0.000386578
3.8215	0.000576161
3.8216	0.000518356
3.8217	0.000538044
3.8218	0.000606066
3.8219	0.000467269
3.822	0.000590281
3.8221	0.000470608
3.8222	0.000627629
3.8223	0.00068626
3.8224	0.000614375
3.8225	0.000497148
3.8226	0.00048885
3.8227	0.000420541
3.8228	0.000524023
3.8229	0.000610841
3.823	0.000411392
3.8231	0.000605685
3.8232	0.000722411
3.8233	0.000684081
3.8234	0.000610243
3.8235	0.000453658
3.8236	0.000510128
3.8237	0.000510098
3.8238	0.00056572
3.8239	0.000567134
3.824	0.000450621
3.8241	0.00050671
3.8242	0.000515576
3.8243	0.000726863
3.8244	0.000568299
3.8245	0.000653162
3.8246	0.000586566
3.8247	0.000552738
3.8248	0.000450941
3.8249	0.00066644
3.825	0.0005664
3.8251	0.000623984
3.8252	0.00040081
3.8253	0.000511693
3.8254	0.000464208
3.8255	0.000648446
3.8256	0.000645366
3.8257	0.000705934
3.8258	0.000549488
3.8259	0.000502708
3.826	0.00057542
3.8261	0.000450581
3.8262	0.000623541
3.8263	0.000528127
3.8264	0.000430002
3.8265	0.000497773
3.8266	0.000476905
3.8267	0.0005297
3.8268	0.000529565
3.8269	0.000732678
3.827	0.000740455
3.8271	0.000836628
3.8272	0.000677273
3.8273	0.000622948
3.8274	0.000673709
3.8275	0.000525041
3.8276	0.000688457
3.8277	0.000664166
3.8278	0.000626998
3.8279	0.000743256
3.828	0.000551932
3.8281	0.000460584
3.8282	0.000491104
3.8283	0.000588556
3.8284	0.000676638
3.8285	0.000645756
3.8286	0.000688199
3.8287	0.00061077
3.8288	0.00052975
3.8289	0.000383862
3.829	0.000393502
3.8291	0.000586613
3.8292	0.000616212
3.8293	0.000682167
3.8294	0.000497994
3.8295	0.00068671
3.8296	0.000877552
3.8297	0.000771645
3.8298	0.000505529
3.8299	0.000773661
3.83	0.000823134
3.8301	0.000471335
3.8302	0.000739305
3.8303	0.000564354
3.8304	0.000572206
3.8305	0.0005113
3.8306	0.000483898
3.8307	0.000572317
3.8308	0.000687228
3.8309	0.000501291
3.831	0.000346996
3.8311	0.000409235
3.8312	0.000456961
3.8313	0.000653006
3.8314	0.000636466
3.8315	0.000474466
3.8316	0.000561754
3.8317	0.000708817
3.8318	0.000667423
3.8319	0.000742211
3.832	0.000556005
3.8321	0.000785989
3.8322	0.000724025
3.8323	0.000753629
3.8324	0.000767942
3.8325	0.000532107
3.8326	0.000468635
3.8327	0.000779508
3.8328	0.000646341
3.8329	0.000581719
3.833	0.000430058
3.8331	0.000372075
3.8332	0.00048346
3.8333	0.000578296
3.8334	0.000429726
3.8335	0.000495384
3.8336	0.000450676
3.8337	0.000582418
3.8338	0.000806599
3.8339	0.000762416
3.834	0.000651274
3.8341	0.000610946
3.8342	0.000747307
3.8343	0.000721509
3.8344	0.000796848
3.8345	0.000523089
3.8346	0.000645967
3.8347	0.000615131
3.8348	0.000651652
3.8349	0.000582561
3.835	0.000589371
3.8351	0.000473333
3.8352	0.0005736
3.8353	0.000520311
3.8354	0.000444816
3.8355	0.000560684
3.8356	0.000522342
3.8357	0.000488718
3.8358	0.000415902
3.8359	0.000473641
3.836	0.000637798
3.8361	0.000609948
3.8362	0.000602297
3.8363	0.000754134
3.8364	0.000896754
3.8365	0.000658659
3.8366	0.000703614
3.8367	0.000699661
3.8368	0.00065176
3.8369	0.000751537
3.837	0.000604577
3.8371	0.000589749
3.8372	0.000497578
3.8373	0.000416721
3.8374	0.000585729
3.8375	0.000544379
3.8376	0.000666712
3.8377	0.000541512
3.8378	0.000566823
3.8379	0.000661192
3.838	0.000454401
3.8381	0.000559745
3.8382	0.000619231
3.8383	0.000584349
3.8384	0.00058959
3.8385	0.000721064
3.8386	0.000697621
3.8387	0.000682386
3.8388	0.000644004
3.8389	0.000652527
3.839	0.000538763
3.8391	0.000787592
3.8392	0.000581376
3.8393	0.00058032
3.8394	0.000667774
3.8395	0.000577314
3.8396	0.000435879
3.8397	0.000593651
3.8398	0.000630846
3.8399	0.000573484
3.84	0.000500045
3.8401	0.000673718
3.8402	0.000527603
3.8403	0.000598077
3.8404	0.00079624
3.8405	0.000562969
3.8406	0.000615338
3.8407	0.000791834
3.8408	0.000701605
3.8409	0.000707746
3.841	0.000446254
3.8411	0.000553587
3.8412	0.000583542
3.8413	0.000772953
3.8414	0.000657259
3.8415	0.00051155
3.8416	0.000567432
3.8417	0.000442619
3.8418	0.000582292
3.8419	0.00070178
3.842	0.00057335
3.8421	0.000562095
3.8422	0.00070218
3.8423	0.00063557
3.8424	0.000706523
3.8425	0.000507979
3.8426	0.00060614
3.8427	0.000440936
3.8428	0.000497269
3.8429	0.00106509
3.843	0.000678108
3.8431	0.000644716
3.8432	0.000474082
3.8433	0.000569765
3.8434	0.000725881
3.8435	0.000816035
3.8436	0.000697088
3.8437	0.000593373
3.8438	0.000533176
3.8439	0.000735165
3.844	0.00069268
3.8441	0.000601706
3.8442	0.000729899
3.8443	0.00065253
3.8444	0.000588841
3.8445	0.000591575
3.8446	0.000636946
3.8447	0.000532887
3.8448	0.000479454
3.8449	0.000666733
3.845	0.000650272
3.8451	0.00051504
3.8452	0.000516718
3.8453	0.000513575
3.8454	0.000654648
3.8455	0.000750078
3.8456	0.000480527
3.8457	0.000457736
3.8458	0.000722775
3.8459	0.000586423
3.846	0.000628616
3.8461	0.000497714
3.8462	0.000587531
3.8463	0.000799511
3.8464	0.000627141
3.8465	0.000683897
3.8466	0.000613382
3.8467	0.000609245
3.8468	0.000898135
3.8469	0.000623395
3.847	0.000479074
3.8471	0.000600934
3.8472	0.00063455
3.8473	0.000495767
3.8474	0.000740942
3.8475	0.000677044
3.8476	0.000595223
3.8477	0.000651862
3.8478	0.000888337
3.8479	0.000760876
3.848	0.000734002
3.8481	0.000566184
3.8482	0.000429029
3.8483	0.000516169
3.8484	0.000530594
3.8485	0.000570516
3.8486	0.000636718
3.8487	0.000658693
3.8488	0.000560619
3.8489	0.000527102
3.849	0.000788161
3.8491	0.000501881
3.8492	0.000583763
3.8493	0.000407675
3.8494	0.000474639
3.8495	0.000604705
3.8496	0.000826427
3.8497	0.000740922
3.8498	0.000628858
3.8499	0.000617584
3.85	0.000706931
3.8501	0.000652102
3.8502	0.000685407
3.8503	0.000523384
3.8504	0.000569974
3.8505	0.000652585
3.8506	0.000562074
3.8507	0.00087066
3.8508	0.000795183
3.8509	0.000437612
3.851	0.000523812
3.8511	0.000808268
3.8512	0.000553707
3.8513	0.000498644
3.8514	0.000441603
3.8515	0.000551167
3.8516	0.000359783
3.8517	0.000485339
3.8518	0.000535021
3.8519	0.000585917
3.852	0.000601649
3.8521	0.000571617
3.8522	0.000583334
3.8523	0.000690875
3.8524	0.000745922
3.8525	0.000434999
3.8526	0.000469971
3.8527	0.000525359
3.8528	0.000580449
3.8529	0.00059533
3.853	0.000622316
3.8531	0.000492506
3.8532	0.000548395
3.8533	0.000671763
3.8534	0.000533327
3.8535	0.000721947
3.8536	0.000521582
3.8537	0.000528522
3.8538	0.000496032
3.8539	0.000410587
3.854	0.000514919
3.8541	0.000487389
3.8542	0.000610223
3.8543	0.000546954
3.8544	0.0004719
3.8545	0.000547731
3.8546	0.000682988
3.8547	0.000557802
3.8548	0.000497688
3.8549	0.000428589
3.855	0.000482987
3.8551	0.000651692
3.8552	0.000469806
3.8553	0.000634429
3.8554	0.0006761
3.8555	0.000472757
3.8556	0.00039996
3.8557	0.000431854
3.8558	0.00043107
3.8559	0.000560964
3.856	0.000533974
3.8561	0.000386323
3.8562	0.000410427
3.8563	0.000506376
3.8564	0.000561589
3.8565	0.00042175
3.8566	0.000580612
3.8567	0.000655837
3.8568	0.000608454
3.8569	0.000665101
3.857	0.000424405
3.8571	0.00045914
3.8572	0.000631555
3.8573	0.00049374
3.8574	0.000604692
3.8575	0.000674901
3.8576	0.000616007
3.8577	0.00056423
3.8578	0.000596331
3.8579	0.000400521
3.858	0.000534049
3.8581	0.000608826
3.8582	0.00044456
3.8583	0.000451451
3.8584	0.00044717
3.8585	0.000466016
3.8586	0.000593847
3.8587	0.000495957
3.8588	0.000536536
3.8589	0.000516149
3.859	0.000624541
3.8591	0.000567627
3.8592	0.000426084
3.8593	0.000626373
3.8594	0.00050458
3.8595	0.000518559
3.8596	0.000549998
3.8597	0.000440626
3.8598	0.000540765
3.8599	0.000645793
3.86	0.000545405
3.8601	0.000663905
3.8602	0.000681546
3.8603	0.000487269
3.8604	0.000404286
3.8605	0.000594073
3.8606	0.000576976
3.8607	0.000727422
3.8608	0.000481502
3.8609	0.000503361
3.861	0.000442241
3.8611	0.000565049
3.8612	0.000696567
3.8613	0.000775568
3.8614	0.000537484
3.8615	0.000666715
3.8616	0.000641896
3.8617	0.000608101
3.8618	0.000495216
3.8619	0.000688182
3.862	0.000526065
3.8621	0.000509982
3.8622	0.000489002
3.8623	0.00044363
3.8624	0.000625883
3.8625	0.000726842
3.8626	0.000703819
3.8627	0.000740038
3.8628	0.000806419
3.8629	0.000637507
3.863	0.000514591
3.8631	0.00061236
3.8632	0.000645503
3.8633	0.000532651
3.8634	0.000665692
3.8635	0.000712103
3.8636	0.000547044
3.8637	0.000528999
3.8638	0.000607889
3.8639	0.000488999
3.864	0.000414942
3.8641	0.000585264
3.8642	0.000760462
3.8643	0.000635885
3.8644	0.000510131
3.8645	0.000514228
3.8646	0.000400136
3.8647	0.000597709
3.8648	0.000668568
3.8649	0.000625461
3.865	0.000484144
3.8651	0.000657922
3.8652	0.000900493
3.8653	0.00075501
3.8654	0.000638145
3.8655	0.000507136
3.8656	0.000576854
3.8657	0.000593936
3.8658	0.000729481
3.8659	0.000492871
3.866	0.000639267
3.8661	0.000496303
3.8662	0.000485281
3.8663	0.000657204
3.8664	0.000608422
3.8665	0.00062651
3.8666	0.000396634
3.8667	0.000563049
3.8668	0.000429934
3.8669	0.000569459
3.867	0.000728559
3.8671	0.000498704
3.8672	0.000494877
3.8673	0.000623984
3.8674	0.000821264
3.8675	0.000827634
3.8676	0.00052546
3.8677	0.000517846
3.8678	0.000707626
3.8679	0.00083608
3.868	0.000606337
3.8681	0.000706887
3.8682	0.000474952
3.8683	0.000572676
3.8684	0.000751675
3.8685	0.000537861
3.8686	0.000613396
3.8687	0.000453343
3.8688	0.000508958
3.8689	0.000543601
3.869	0.000459812
3.8691	0.00060328
3.8692	0.00040075
3.8693	0.000434125
3.8694	0.000830051
3.8695	0.00082538
3.8696	0.000535126
3.8697	0.000653083
3.8698	0.000825747
3.8699	0.000569218
3.87	0.000691877
3.8701	0.000800027
3.8702	0.000860354
3.8703	0.000713304
3.8704	0.000508787
3.8705	0.000536765
3.8706	0.00062896
3.8707	0.000614138
3.8708	0.000599876
3.8709	0.000433979
3.871	0.000540037
3.8711	0.000523839
3.8712	0.000478913
3.8713	0.000401974
3.8714	0.000324721
3.8715	0.00041195
3.8716	0.000603415
3.8717	0.000852527
3.8718	0.000684288
3.8719	0.000612232
3.872	0.000765801
3.8721	0.000892852
3.8722	0.000912171
3.8723	0.000535583
3.8724	0.000597808
3.8725	0.000741348
3.8726	0.000671075
3.8727	0.000541229
3.8728	0.000582304
3.8729	0.000561927
3.873	0.000537461
3.8731	0.000532727
3.8732	0.000593593
3.8733	0.000787461
3.8734	0.000483405
3.8735	0.000429756
3.8736	0.000563447
3.8737	0.000376654
3.8738	0.00045078
3.8739	0.000538001
3.874	0.000547434
3.8741	0.000793485
3.8742	0.00067433
3.8743	0.000575182
3.8744	0.000648045
3.8745	0.000737519
3.8746	0.000589441
3.8747	0.000570881
3.8748	0.000711836
3.8749	0.000774115
3.875	0.000839291
3.8751	0.000676653
3.8752	0.000461368
3.8753	0.000597652
3.8754	0.000602077
3.8755	0.000599963
3.8756	0.000543058
3.8757	0.000563235
3.8758	0.000720387
3.8759	0.000646632
3.876	0.00068015
3.8761	0.000560832
3.8762	0.000686471
3.8763	0.000689957
3.8764	0.000643725
3.8765	0.000441128
3.8766	0.000736408
3.8767	0.00044473
3.8768	0.000585459
3.8769	0.000562251
3.877	0.000688737
3.8771	0.000565984
3.8772	0.000533012
3.8773	0.000683893
3.8774	0.000592309
3.8775	0.000576125
3.8776	0.000754608
3.8777	0.000627278
3.8778	0.000547721
3.8779	0.000542756
3.878	0.000781202
3.8781	0.000573828
3.8782	0.000670142
3.8783	0.000465471
3.8784	0.000655255
3.8785	0.000638381
3.8786	0.000798394
3.8787	0.000760519
3.8788	0.000518256
3.8789	0.000677877
3.879	0.000767001
3.8791	0.000689519
3.8792	0.000698749
3.8793	0.00048998
3.8794	0.000495798
3.8795	0.000532827
3.8796	0.00053703
3.8797	0.000597932
3.8798	0.000692485
3.8799	0.000537335
3.88	0.000730933
3.8801	0.000576151
3.8802	0.000503874
3.8803	0.000460709
3.8804	0.000502697
3.8805	0.000600792
3.8806	0.000586984
3.8807	0.000525029
3.8808	0.000567368
3.8809	0.000626829
3.881	0.00061943
3.8811	0.000599746
3.8812	0.00064604
3.8813	0.000480402
3.8814	0.000740587
3.8815	0.000500748
3.8816	0.000483184
3.8817	0.000610771
3.8818	0.000634358
3.8819	0.000728114
3.882	0.000663846
3.8821	0.000739172
3.8822	0.000584383
3.8823	0.000557537
3.8824	0.000925779
3.8825	0.000617077
3.8826	0.000569421
3.8827	0.000527893
3.8828	0.000453378
3.8829	0.000489447
3.883	0.000601518
3.8831	0.000708091
3.8832	0.00059143
3.8833	0.000635593
3.8834	0.000685428
3.8835	0.000721363
3.8836	0.000577071
3.8837	0.000713608
3.8838	0.000440195
3.8839	0.000490849
3.884	0.000599582
3.8841	0.000649451
3.8842	0.000643269
3.8843	0.000688178
3.8844	0.000557559
3.8845	0.000571003
3.8846	0.000726139
3.8847	0.000481968
3.8848	0.00054447
3.8849	0.000467072
3.885	0.000538395
3.8851	0.000493432
3.8852	0.00063154
3.8853	0.000700293
3.8854	0.000721907
3.8855	0.000674919
3.8856	0.000712031
3.8857	0.000634282
3.8858	0.000786525
3.8859	0.000498151
3.886	0.000589744
3.8861	0.000658738
3.8862	0.000597238
3.8863	0.000671847
3.8864	0.000594694
3.8865	0.000552141
3.8866	0.000759134
3.8867	0.000507283
3.8868	0.000569457
3.8869	0.000382742
3.887	0.000535455
3.8871	0.000503954
3.8872	0.0005668
3.8873	0.000399959
3.8874	0.000488392
3.8875	0.000412591
3.8876	0.000494858
3.8877	0.000653025
3.8878	0.000499842
3.8879	0.000643913
3.888	0.000628782
3.8881	0.000673212
3.8882	0.000458398
3.8883	0.000555698
3.8884	0.000600086
3.8885	0.000564513
3.8886	0.00061859
3.8887	0.000495202
3.8888	0.000514726
3.8889	0.000597846
3.889	0.000533962
3.8891	0.00049655
3.8892	0.000548081
3.8893	0.000559174
3.8894	0.000558238
3.8895	0.000446217
3.8896	0.000476199
3.8897	0.000646624
3.8898	0.000557125
3.8899	0.000499541
3.89	0.000585502
3.8901	0.000605423
3.8902	0.000594996
3.8903	0.000619239
3.8904	0.000550385
3.8905	0.000526805
3.8906	0.000525403
3.8907	0.000524607
3.8908	0.000647223
3.8909	0.000601629
3.891	0.000730668
3.8911	0.00063595
3.8912	0.000378044
3.8913	0.000392954
3.8914	0.000462085
3.8915	0.000486688
3.8916	0.000494644
3.8917	0.000489051
3.8918	0.000421527
3.8919	0.00054037
3.892	0.000680145
3.8921	0.000437553
3.8922	0.0004515
3.8923	0.000674856
3.8924	0.000785344
3.8925	0.000749652
3.8926	0.000628491
3.8927	0.000403888
3.8928	0.000552225
3.8929	0.000533509
3.893	0.00049055
3.8931	0.000646404
3.8932	0.000533219
3.8933	0.00060647
3.8934	0.00060442
3.8935	0.000425072
3.8936	0.00048639
3.8937	0.000783357
3.8938	0.000408185
3.8939	0.000524108
3.894	0.000433927
3.8941	0.00046069
3.8942	0.000599191
3.8943	0.000392443
3.8944	0.000620619
3.8945	0.000426032
3.8946	0.000643767
3.8947	0.000678251
3.8948	0.000686171
3.8949	0.000546257
3.895	0.000567271
3.8951	0.000538635
3.8952	0.000635813
3.8953	0.000417999
3.8954	0.000476786
3.8955	0.000571499
3.8956	0.000761748
3.8957	0.000496831
3.8958	0.000761564
3.8959	0.000559603
3.896	0.000504061
3.8961	0.000576236
3.8962	0.000655032
3.8963	0.000644854
3.8964	0.000755801
3.8965	0.000463067
3.8966	0.000445762
3.8967	0.000536437
3.8968	0.000544084
3.8969	0.000484207
3.897	0.000662092
3.8971	0.000674587
3.8972	0.000587677
3.8973	0.000499783
3.8974	0.000464687
3.8975	0.000626814
3.8976	0.000575553
3.8977	0.000584736
3.8978	0.000443659
3.8979	0.000413795
3.898	0.000638528
3.8981	0.000669283
3.8982	0.00060512
3.8983	0.000564381
3.8984	0.000710716
3.8985	0.000666933
3.8986	0.000714395
3.8987	0.000497782
3.8988	0.000717027
3.8989	0.000538123
3.899	0.000465127
3.8991	0.000734513
3.8992	0.000672513
3.8993	0.000616164
3.8994	0.000482099
3.8995	0.000488336
3.8996	0.000523268
3.8997	0.000395958
3.8998	0.000778426
3.8999	0.000660175
3.9	0.00064174
3.9001	0.000522884
3.9002	0.000456892
3.9003	0.000449361
3.9004	0.000632202
3.9005	0.0004857
3.9006	0.000660572
3.9007	0.000447178
3.9008	0.000840523
3.9009	0.000710728
3.901	0.000589466
3.9011	0.000543455
3.9012	0.000758977
3.9013	0.000874998
3.9014	0.00070298
3.9015	0.000651381
3.9016	0.000400862
3.9017	0.000632531
3.9018	0.000559534
3.9019	0.000494813
3.902	0.000568537
3.9021	0.000604511
3.9022	0.000608602
3.9023	0.000415842
3.9024	0.00040303
3.9025	0.00049833
3.9026	0.000563874
3.9027	0.000707679
3.9028	0.000604396
3.9029	0.000637048
3.903	0.000689279
3.9031	0.000492066
3.9032	0.000438183
3.9033	0.000705073
3.9034	0.000765663
3.9035	0.000774602
3.9036	0.0006647
3.9037	0.000716943
3.9038	0.000578772
3.9039	0.000485318
3.904	0.000677854
3.9041	0.000674244
3.9042	0.000647245
3.9043	0.000492676
3.9044	0.000531024
3.9045	0.000447899
3.9046	0.000456991
3.9047	0.0003822
3.9048	0.000537972
3.9049	0.000431887
3.905	0.000533267
3.9051	0.000780131
3.9052	0.000610161
3.9053	0.000473351
3.9054	0.000912509
3.9055	0.000856401
3.9056	0.000516511
3.9057	0.000906459
3.9058	0.00049309
3.9059	0.000590621
3.906	0.000435216
3.9061	0.000602791
3.9062	0.000707418
3.9063	0.000504791
3.9064	0.000634196
3.9065	0.000509508
3.9066	0.000573054
3.9067	0.000477242
3.9068	0.000431593
3.9069	0.000467665
3.907	0.00045288
3.9071	0.000411186
3.9072	0.000444457
3.9073	0.000699749
3.9074	0.000554033
3.9075	0.000586556
3.9076	0.000491653
3.9077	0.000660024
3.9078	0.0009336
3.9079	0.000869468
3.908	0.000631156
3.9081	0.000603372
3.9082	0.000666752
3.9083	0.000720239
3.9084	0.000514481
3.9085	0.000424041
3.9086	0.000476268
3.9087	0.000528709
3.9088	0.000530345
3.9089	0.000536022
3.909	0.000666099
3.9091	0.000385617
3.9092	0.000506995
3.9093	0.000594543
3.9094	0.000548802
3.9095	0.000443004
3.9096	0.000551188
3.9097	0.000561814
3.9098	0.000684538
3.9099	0.000643359
3.91	0.000621573
3.9101	0.000767981
3.9102	0.000667984
3.9103	0.000553397
3.9104	0.000722878
3.9105	0.000608888
3.9106	0.000687062
3.9107	0.000723424
3.9108	0.000464141
3.9109	0.000443069
3.911	0.000585966
3.9111	0.00060501
3.9112	0.000588201
3.9113	0.000505115
3.9114	0.000671372
3.9115	0.000675595
3.9116	0.000515239
3.9117	0.000658957
3.9118	0.000524984
3.9119	0.000683369
3.912	0.000586765
3.9121	0.000697566
3.9122	0.000630837
3.9123	0.000639474
3.9124	0.000493026
3.9125	0.000637242
3.9126	0.000788944
3.9127	0.000620209
3.9128	0.000481614
3.9129	0.000532034
3.913	0.000539444
3.9131	0.000667839
3.9132	0.000596292
3.9133	0.000694929
3.9134	0.000744262
3.9135	0.000515437
3.9136	0.000600241
3.9137	0.000578611
3.9138	0.000740378
3.9139	0.00047937
3.914	0.000427557
3.9141	0.000710003
3.9142	0.000680713
3.9143	0.000787289
3.9144	0.000644389
3.9145	0.00059809
3.9146	0.0005896
3.9147	0.000712177
3.9148	0.000779874
3.9149	0.000567768
3.915	0.000497982
3.9151	0.000558779
3.9152	0.000686868
3.9153	0.000500752
3.9154	0.000559167
3.9155	0.000662951
3.9156	0.000654218
3.9157	0.000600679
3.9158	0.000628534
3.9159	0.000655695
3.916	0.000689781
3.9161	0.000485418
3.9162	0.000573233
3.9163	0.000731148
3.9164	0.00056127
3.9165	0.000658164
3.9166	0.000572098
3.9167	0.000546958
3.9168	0.000661852
3.9169	0.000652381
3.917	0.00058838
3.9171	0.000682907
3.9172	0.000439813
3.9173	0.000541556
3.9174	0.000497348
3.9175	0.000543884
3.9176	0.000590574
3.9177	0.000773452
3.9178	0.000687634
3.9179	0.000555184
3.918	0.000715631
3.9181	0.000978037
3.9182	0.000655181
3.9183	0.00036783
3.9184	0.000479457
3.9185	0.000461564
3.9186	0.000556616
3.9187	0.000625778
3.9188	0.000742005
3.9189	0.000769457
3.919	0.000741757
3.9191	0.000652838
3.9192	0.000647123
3.9193	0.000653995
3.9194	0.000496375
3.9195	0.0004407
3.9196	0.000524768
3.9197	0.0008342
3.9198	0.000538963
3.9199	0.000661543
3.92	0.000865445
3.9201	0.000570849
3.9202	0.00057818
3.9203	0.000746657
3.9204	0.00055274
3.9205	0.000504418
3.9206	0.000517548
3.9207	0.000524995
3.9208	0.000555
3.9209	0.000686263
3.921	0.000709943
3.9211	0.000758574
3.9212	0.000660953
3.9213	0.000672489
3.9214	0.00071394
3.9215	0.000647639
3.9216	0.000561525
3.9217	0.000651434
3.9218	0.00069145
3.9219	0.00056836
3.922	0.000794122
3.9221	0.000465217
3.9222	0.000553971
3.9223	0.000608594
3.9224	0.000603822
3.9225	0.000697364
3.9226	0.000499008
3.9227	0.000621069
3.9228	0.000528661
3.9229	0.000404759
3.923	0.000445167
3.9231	0.000466342
3.9232	0.000476604
3.9233	0.000643334
3.9234	0.000675651
3.9235	0.000545214
3.9236	0.000668125
3.9237	0.000742468
3.9238	0.000469963
3.9239	0.000529822
3.924	0.000424896
3.9241	0.000604694
3.9242	0.000528074
3.9243	0.000664481
3.9244	0.0004718
3.9245	0.000582997
3.9246	0.000695832
3.9247	0.000447029
3.9248	0.000499599
3.9249	0.000452714
3.925	0.000576689
3.9251	0.000604068
3.9252	0.000327892
3.9253	0.000487477
3.9254	0.000601223
3.9255	0.000611692
3.9256	0.000492245
3.9257	0.000467371
3.9258	0.000557653
3.9259	0.000618923
3.926	0.000543722
3.9261	0.000434813
3.9262	0.000540247
3.9263	0.00043747
3.9264	0.000649481
3.9265	0.000610212
3.9266	0.000515777
3.9267	0.000821945
3.9268	0.000523796
3.9269	0.000417442
3.927	0.000397094
3.9271	0.000361187
3.9272	0.000511191
3.9273	0.000449458
3.9274	0.000399403
3.9275	0.000359154
3.9276	0.000520751
3.9277	0.000584846
3.9278	0.000373993
3.9279	0.000564934
3.928	0.000616197
3.9281	0.000782977
3.9282	0.000821634
3.9283	0.000380898
3.9284	0.000518212
3.9285	0.000535964
3.9286	0.000475508
3.9287	0.000545317
3.9288	0.000614924
3.9289	0.000424953
3.929	0.000607587
3.9291	0.000498713
3.9292	0.00044675
3.9293	0.000469145
3.9294	0.000663833
3.9295	0.000565708
3.9296	0.00049082
3.9297	0.000444172
3.9298	0.000525565
3.9299	0.000606217
3.93	0.000440265
3.9301	0.000608725
3.9302	0.000655967
3.9303	0.000675611
3.9304	0.000720373
3.9305	0.000589227
3.9306	0.000512273
3.9307	0.000616116
3.9308	0.000580022
3.9309	0.000689147
3.931	0.000416372
3.9311	0.000520364
3.9312	0.00059887
3.9313	0.000567215
3.9314	0.000725779
3.9315	0.00057414
3.9316	0.000458717
3.9317	0.000463434
3.9318	0.000517603
3.9319	0.000727983
3.932	0.000527343
3.9321	0.00063032
3.9322	0.00040903
3.9323	0.000525464
3.9324	0.000590457
3.9325	0.00064253
3.9326	0.000521725
3.9327	0.000738117
3.9328	0.000560284
3.9329	0.000502946
3.933	0.000631555
3.9331	0.000527054
3.9332	0.000630058
3.9333	0.00048414
3.9334	0.000422734
3.9335	0.000527279
3.9336	0.000505785
3.9337	0.000621155
3.9338	0.000630055
3.9339	0.000552638
3.934	0.000692653
3.9341	0.000828003
3.9342	0.000734402
3.9343	0.000712911
3.9344	0.0006677
3.9345	0.000559843
3.9346	0.000699974
3.9347	0.000458262
3.9348	0.000722537
3.9349	0.000701962
3.935	0.000723089
3.9351	0.000502067
3.9352	0.000499842
3.9353	0.000490771
3.9354	0.000580033
3.9355	0.000653808
3.9356	0.00061021
3.9357	0.000623409
3.9358	0.000489135
3.9359	0.000467335
3.936	0.000491027
3.9361	0.000466665
3.9362	0.00058249
3.9363	0.000740437
3.9364	0.00054111
3.9365	0.000794716
3.9366	0.000888547
3.9367	0.000736389
3.9368	0.000553207
3.9369	0.000673952
3.937	0.000831312
3.9371	0.000635119
3.9372	0.00063799
3.9373	0.000606513
3.9374	0.000540807
3.9375	0.00051766
3.9376	0.000560853
3.9377	0.000605904
3.9378	0.000595739
3.9379	0.00048522
3.938	0.000404141
3.9381	0.000419447
3.9382	0.000430007
3.9383	0.000557191
3.9384	0.000650922
3.9385	0.000554167
3.9386	0.000514895
3.9387	0.000689885
3.9388	0.000740447
3.9389	0.00068413
3.939	0.000587992
3.9391	0.000886482
3.9392	0.000700093
3.9393	0.000697098
3.9394	0.000896771
3.9395	0.00046955
3.9396	0.000463516
3.9397	0.000698759
3.9398	0.000555839
3.9399	0.000747481
3.94	0.000448549
3.9401	0.000409987
3.9402	0.000535511
3.9403	0.0005428
3.9404	0.000535843
3.9405	0.000475028
3.9406	0.000482714
3.9407	0.000670449
3.9408	0.000685321
3.9409	0.000787721
3.941	0.000656935
3.9411	0.000735784
3.9412	0.000733839
3.9413	0.000621254
3.9414	0.000827447
3.9415	0.00046902
3.9416	0.000586273
3.9417	0.000581214
3.9418	0.000704418
3.9419	0.000569656
3.942	0.00055219
3.9421	0.000600218
3.9422	0.000481725
3.9423	0.000487574
3.9424	0.000445012
3.9425	0.00046633
3.9426	0.000475332
3.9427	0.000355754
3.9428	0.000550285
3.9429	0.000426538
3.943	0.000764089
3.9431	0.000653668
3.9432	0.000534635
3.9433	0.000625207
3.9434	0.000788705
3.9435	0.000932606
3.9436	0.000693864
3.9437	0.000646893
3.9438	0.000641123
3.9439	0.000742451
3.944	0.000567638
3.9441	0.00050702
3.9442	0.000492906
3.9443	0.000465222
3.9444	0.000529385
3.9445	0.000514519
3.9446	0.000738809
3.9447	0.000550774
3.9448	0.000519471
3.9449	0.000593348
3.945	0.000452564
3.9451	0.000545176
3.9452	0.000676868
3.9453	0.000619534
3.9454	0.000595991
3.9455	0.000615714
3.9456	0.000751694
3.9457	0.000642802
3.9458	0.000656131
3.9459	0.000699203
3.946	0.000741939
3.9461	0.000763362
3.9462	0.000582285
3.9463	0.000610143
3.9464	0.000557113
3.9465	0.000461953
3.9466	0.000499758
3.9467	0.000617301
3.9468	0.000601883
3.9469	0.000639511
3.947	0.000434767
3.9471	0.000738308
3.9472	0.000684581
3.9473	0.000671719
3.9474	0.000734645
3.9475	0.000580136
3.9476	0.000702552
3.9477	0.000602446
3.9478	0.000770285
3.9479	0.000456779
3.948	0.000686881
3.9481	0.00058309
3.9482	0.000581549
3.9483	0.000854763
3.9484	0.000657164
3.9485	0.000618413
3.9486	0.000640998
3.9487	0.000401311
3.9488	0.000662035
3.9489	0.000738614
3.949	0.000675449
3.9491	0.000548085
3.9492	0.000728275
3.9493	0.000602973
3.9494	0.000728321
3.9495	0.000461628
3.9496	0.000540374
3.9497	0.000400982
3.9498	0.000681522
3.9499	0.000880109
3.95	0.000596812
3.9501	0.000621424
3.9502	0.000560365
3.9503	0.000629353
3.9504	0.000908532
3.9505	0.00081932
3.9506	0.000456109
3.9507	0.00053714
3.9508	0.000543538
3.9509	0.000693965
3.951	0.000594551
3.9511	0.000637638
3.9512	0.000550065
3.9513	0.000581898
3.9514	0.000602558
3.9515	0.000515433
3.9516	0.000596275
3.9517	0.000549503
3.9518	0.000414301
3.9519	0.000559413
3.952	0.000645249
3.9521	0.00046882
3.9522	0.000594888
3.9523	0.000549497
3.9524	0.000531802
3.9525	0.000608453
3.9526	0.000714433
3.9527	0.000512758
3.9528	0.000731311
3.9529	0.00049108
3.953	0.000555378
3.9531	0.000500744
3.9532	0.000595383
3.9533	0.000665823
3.9534	0.000543994
3.9535	0.000637061
3.9536	0.000483916
3.9537	0.00060509
3.9538	0.000680583
3.9539	0.000572883
3.954	0.000579496
3.9541	0.000490278
3.9542	0.000477026
3.9543	0.000559752
3.9544	0.000802372
3.9545	0.000759837
3.9546	0.000594003
3.9547	0.000770573
3.9548	0.0006714
3.9549	0.000592343
3.955	0.000763797
3.9551	0.000659406
3.9552	0.00049238
3.9553	0.000507632
3.9554	0.000628118
3.9555	0.000561449
3.9556	0.000722947
3.9557	0.000740854
3.9558	0.000554436
3.9559	0.000563233
3.956	0.000789464
3.9561	0.000454864
3.9562	0.000528597
3.9563	0.000406547
3.9564	0.000501446
3.9565	0.000657611
3.9566	0.000787257
3.9567	0.000772158
3.9568	0.000774831
3.9569	0.000676196
3.957	0.000560427
3.9571	0.000764576
3.9572	0.000711317
3.9573	0.000514648
3.9574	0.000569695
3.9575	0.000625054
3.9576	0.000588889
3.9577	0.000802045
3.9578	0.000503481
3.9579	0.000619958
3.958	0.000675425
3.9581	0.000518471
3.9582	0.000683892
3.9583	0.000475975
3.9584	0.000481301
3.9585	0.000440064
3.9586	0.000447779
3.9587	0.000356896
3.9588	0.000485981
3.9589	0.000513437
3.959	0.000597183
3.9591	0.000669442
3.9592	0.000611181
3.9593	0.000773605
3.9594	0.000759414
3.9595	0.000467365
3.9596	0.000571855
3.9597	0.000438383
3.9598	0.000546653
3.9599	0.000640992
3.96	0.000591069
3.9601	0.00048694
3.9602	0.000532334
3.9603	0.000709981
3.9604	0.000339879
3.9605	0.000524541
3.9606	0.000484956
3.9607	0.000493196
3.9608	0.000424151
3.9609	0.000384996
3.961	0.000477787
3.9611	0.000612319
3.9612	0.00062583
3.9613	0.000566778
3.9614	0.000421711
3.9615	0.000641066
3.9616	0.00060146
3.9617	0.000483509
3.9618	0.000427934
3.9619	0.000612095
3.962	0.00041961
3.9621	0.000675714
3.9622	0.000540617
3.9623	0.000682802
3.9624	0.000599526
3.9625	0.000651453
3.9626	0.000432382
3.9627	0.000415753
3.9628	0.000368651
3.9629	0.000517134
3.963	0.000458646
3.9631	0.000419194
3.9632	0.00040009
3.9633	0.000536158
3.9634	0.000732766
3.9635	0.000406139
3.9636	0.000495735
3.9637	0.000723753
3.9638	0.000618842
3.9639	0.00069064
3.964	0.000417259
3.9641	0.000476566
3.9642	0.000527362
3.9643	0.000418441
3.9644	0.000474893
3.9645	0.000818861
3.9646	0.000444032
3.9647	0.00060098
3.9648	0.000615209
3.9649	0.000410555
3.965	0.000401986
3.9651	0.00085319
3.9652	0.000546957
3.9653	0.00042357
3.9654	0.000434081
3.9655	0.000583857
3.9656	0.000600062
3.9657	0.000382888
3.9658	0.000553166
3.9659	0.000565642
3.966	0.000639573
3.9661	0.00058865
3.9662	0.00047825
3.9663	0.00064171
3.9664	0.000507863
3.9665	0.000486142
3.9666	0.000778327
3.9667	0.00038991
3.9668	0.000584754
3.9669	0.000647148
3.967	0.000682474
3.9671	0.000747358
3.9672	0.000536215
3.9673	0.000508649
3.9674	0.00046105
3.9675	0.000464334
3.9676	0.000699314
3.9677	0.000524998
3.9678	0.000537625
3.9679	0.000460096
3.968	0.000503229
3.9681	0.000587862
3.9682	0.000637981
3.9683	0.000564985
3.9684	0.000525616
3.9685	0.000586712
3.9686	0.000556958
3.9687	0.000594836
3.9688	0.000586749
3.9689	0.000674671
3.969	0.0004347
3.9691	0.000505194
3.9692	0.0004714
3.9693	0.000482247
3.9694	0.00051526
3.9695	0.000795553
3.9696	0.000645347
3.9697	0.000787275
3.9698	0.000696578
3.9699	0.000757791
3.97	0.00064529
3.9701	0.000648459
3.9702	0.000640055
3.9703	0.000550616
3.9704	0.000512707
3.9705	0.000665548
3.9706	0.000644054
3.9707	0.000718258
3.9708	0.000543599
3.9709	0.000485299
3.971	0.000492314
3.9711	0.000628165
3.9712	0.000601218
3.9713	0.0006472
3.9714	0.000554945
3.9715	0.000511522
3.9716	0.000394645
3.9717	0.000531221
3.9718	0.000557272
3.9719	0.000637586
3.972	0.000714532
3.9721	0.000616975
3.9722	0.000635744
3.9723	0.000629549
3.9724	0.000633813
3.9725	0.000657821
3.9726	0.000615688
3.9727	0.000847645
3.9728	0.000837986
3.9729	0.000435442
3.973	0.000521034
3.9731	0.000586387
3.9732	0.000562573
3.9733	0.000545321
3.9734	0.000564359
3.9735	0.000584027
3.9736	0.000479497
3.9737	0.000538434
3.9738	0.000366314
3.9739	0.000462598
3.974	0.000582601
3.9741	0.000590039
3.9742	0.000604418
3.9743	0.000488272
3.9744	0.000683465
3.9745	0.00056169
3.9746	0.000704216
3.9747	0.00060692
3.9748	0.000906241
3.9749	0.000559838
3.975	0.000600589
3.9751	0.000665009
3.9752	0.000483478
3.9753	0.00056505
3.9754	0.000648315
3.9755	0.000549545
3.9756	0.00058667
3.9757	0.000415401
3.9758	0.000379976
3.9759	0.000511365
3.976	0.000560217
3.9761	0.000513598
3.9762	0.000405894
3.9763	0.000564392
3.9764	0.000580901
3.9765	0.000766668
3.9766	0.000751438
3.9767	0.000615838
3.9768	0.000717207
3.9769	0.000749759
3.977	0.000761875
3.9771	0.000673635
3.9772	0.000569597
3.9773	0.000550089
3.9774	0.000815518
3.9775	0.000649663
3.9776	0.000452054
3.9777	0.00064612
3.9778	0.000541465
3.9779	0.000452957
3.978	0.00054486
3.9781	0.000488115
3.9782	0.000517611
3.9783	0.000403955
3.9784	0.000385068
3.9785	0.00055924
3.9786	0.000468675
3.9787	0.000548437
3.9788	0.00068505
3.9789	0.000597216
3.979	0.000604024
3.9791	0.000934929
3.9792	0.000785421
3.9793	0.000640478
3.9794	0.000725056
3.9795	0.000620173
3.9796	0.000578179
3.9797	0.000671618
3.9798	0.000685789
3.9799	0.000475078
3.98	0.000469646
3.9801	0.000568402
3.9802	0.000625306
3.9803	0.000697312
3.9804	0.000501426
3.9805	0.000467097
3.9806	0.000570515
3.9807	0.000417722
3.9808	0.000548492
3.9809	0.000664633
3.981	0.000590205
3.9811	0.000752914
3.9812	0.000581173
3.9813	0.000614088
3.9814	0.000685926
3.9815	0.000663997
3.9816	0.00048138
3.9817	0.000711874
3.9818	0.000712147
3.9819	0.000629086
3.982	0.000780961
3.9821	0.000515104
3.9822	0.000552102
3.9823	0.000537689
3.9824	0.000464578
3.9825	0.000636063
3.9826	0.000568699
3.9827	0.000480755
3.9828	0.000643049
3.9829	0.000705505
3.983	0.000622297
3.9831	0.000835588
3.9832	0.000569562
3.9833	0.000670393
3.9834	0.0007793
3.9835	0.000605784
3.9836	0.000488712
3.9837	0.000665894
3.9838	0.000683812
3.9839	0.000680234
3.984	0.000697461
3.9841	0.000575927
3.9842	0.000536054
3.9843	0.000630599
3.9844	0.000428516
3.9845	0.000550473
3.9846	0.000711341
3.9847	0.000681538
3.9848	0.000542267
3.9849	0.000604542
3.985	0.000618242
3.9851	0.000748612
3.9852	0.000627541
3.9853	0.000478935
3.9854	0.000498075
3.9855	0.000651131
3.9856	0.000820944
3.9857	0.000777174
3.9858	0.000608898
3.9859	0.000649411
3.986	0.00075565
3.9861	0.000730254
3.9862	0.000797633
3.9863	0.000482291
3.9864	0.00054482
3.9865	0.000587555
3.9866	0.000600051
3.9867	0.000591059
3.9868	0.000838321
3.9869	0.00055855
3.987	0.000643088
3.9871	0.000641678
3.9872	0.000635702
3.9873	0.000598627
3.9874	0.000681081
3.9875	0.000564015
3.9876	0.000603415
3.9877	0.000731601
3.9878	0.00061893
3.9879	0.000698187
3.988	0.000608182
3.9881	0.000541197
3.9882	0.000748726
3.9883	0.000591182
3.9884	0.000863718
3.9885	0.000624611
3.9886	0.000467602
3.9887	0.000681847
3.9888	0.000565472
3.9889	0.000724305
3.989	0.000728192
3.9891	0.000636896
3.9892	0.000677247
3.9893	0.000496336
3.9894	0.000654036
3.9895	0.000811163
3.9896	0.000519314
3.9897	0.000591397
3.9898	0.000630634
3.9899	0.000607306
3.99	0.00047409
3.9901	0.000625247
3.9902	0.000863395
3.9903	0.000632157
3.9904	0.000644867
3.9905	0.000881843
3.9906	0.000794582
3.9907	0.000803373
3.9908	0.000469578
3.9909	0.000474262
3.991	0.000453051
3.9911	0.000674557
3.9912	0.000606555
3.9913	0.000534827
3.9914	0.000639215
3.9915	0.000631744
3.9916	0.000580935
3.9917	0.000788494
3.9918	0.000481038
3.9919	0.000481551
3.992	0.0003774
3.9921	0.000524795
3.9922	0.000683429
3.9923	0.000678776
3.9924	0.000766396
3.9925	0.000628087
3.9926	0.000816237
3.9927	0.000771747
3.9928	0.000536293
3.9929	0.000655067
3.993	0.000660563
3.9931	0.000510157
3.9932	0.000666856
3.9933	0.000595821
3.9934	0.000635313
3.9935	0.000500862
3.9936	0.0007069
3.9937	0.000574706
3.9938	0.000618288
3.9939	0.000557832
3.994	0.000487098
3.9941	0.000513241
3.9942	0.000613847
3.9943	0.000424762
3.9944	0.000397101
3.9945	0.000500252
3.9946	0.000443444
3.9947	0.000536868
3.9948	0.000559368
3.9949	0.000693852
3.995	0.000718171
3.9951	0.000682698
3.9952	0.000494217
3.9953	0.000552142
3.9954	0.00062373
3.9955	0.000552102
3.9956	0.000559515
3.9957	0.000590008
3.9958	0.000514786
3.9959	0.000511457
3.996	0.000670513
3.9961	0.000380271
3.9962	0.000502194
3.9963	0.000539055
3.9964	0.000520365
3.9965	0.000528064
3.9966	0.000391116
3.9967	0.000457225
3.9968	0.000602435
3.9969	0.000712495
3.997	0.000618398
3.9971	0.000448629
3.9972	0.000685834
3.9973	0.000537548
3.9974	0.000564151
3.9975	0.000368763
3.9976	0.000568484
3.9977	0.000376894
3.9978	0.000633276
3.9979	0.000681899
3.998	0.000515548
3.9981	0.000742874
3.9982	0.000448708
3.9983	0.000445526
3.9984	0.00043185
3.9985	0.000492593
3.9986	0.000474271
3.9987	0.000460901
3.9988	0.0004067
3.9989	0.000409899
3.999	0.000559922
3.9991	0.000683718
3.9992	0.000418447
3.9993	0.000535094
3.9994	0.000705033
3.9995	0.000615888
3.9996	0.000724949
3.9997	0.000446604
3.9998	0.000642073
3.9999	0.000476408
4	0.000505305
4.0001	0.000425514
4.0002	0.00072734
4.0003	0.0005003
4.0004	0.000643014
4.0005	0.00060258
4.0006	0.00044317
4.0007	0.00061091
4.0008	0.000480795
4.0009	0.00039114
4.001	0.000531331
4.0011	0.000361074
4.0012	0.000536675
4.0013	0.000639579
4.0014	0.00040393
4.0015	0.000495313
4.0016	0.000575233
4.0017	0.000694217
4.0018	0.000640196
4.0019	0.000454183
4.002	0.000519151
4.0021	0.000643788
4.0022	0.000545228
4.0023	0.000559209
4.0024	0.000424922
4.0025	0.000417156
4.0026	0.000639233
4.0027	0.00071004
4.0028	0.000644429
4.0029	0.00076691
4.003	0.00045427
4.0031	0.000525968
4.0032	0.000632946
4.0033	0.00067846
4.0034	0.00068094
4.0035	0.00057858
4.0036	0.000462178
4.0037	0.000515177
4.0038	0.00056387
4.0039	0.000717172
4.004	0.000698581
4.0041	0.000578749
4.0042	0.000666427
4.0043	0.000628013
4.0044	0.000609808
4.0045	0.00055114
4.0046	0.000638864
4.0047	0.00050483
4.0048	0.000593743
4.0049	0.000430502
4.005	0.000585948
4.0051	0.000666928
4.0052	0.000577046
4.0053	0.000567587
4.0054	0.000787878
4.0055	0.000714177
4.0056	0.000718831
4.0057	0.000521331
4.0058	0.000734848
4.0059	0.000700256
4.006	0.000651684
4.0061	0.000577432
4.0062	0.000681185
4.0063	0.000643478
4.0064	0.000626854
4.0065	0.000563086
4.0066	0.000664782
4.0067	0.000447659
4.0068	0.000624482
4.0069	0.00058284
4.007	0.000654513
4.0071	0.00066782
4.0072	0.000437474
4.0073	0.000364973
4.0074	0.000528061
4.0075	0.000460818
4.0076	0.000472068
4.0077	0.000671509
4.0078	0.000661831
4.0079	0.000759562
4.008	0.000653362
4.0081	0.000619598
4.0082	0.000703371
4.0083	0.000586616
4.0084	0.000664555
4.0085	0.000858754
4.0086	0.000445028
4.0087	0.000478836
4.0088	0.000597684
4.0089	0.000472103
4.009	0.000670704
4.0091	0.000561316
4.0092	0.000637279
4.0093	0.000450223
4.0094	0.000390611
4.0095	0.000382771
4.0096	0.00046401
4.0097	0.000864634
4.0098	0.000526856
4.0099	0.000602346
4.01	0.000481107
4.0101	0.00084422
4.0102	0.00045266
4.0103	0.000632031
4.0104	0.000594749
4.0105	0.00077701
4.0106	0.000514848
4.0107	0.000706458
4.0108	0.000777892
4.0109	0.000483677
4.011	0.000450862
4.0111	0.000719683
4.0112	0.000578705
4.0113	0.000543813
4.0114	0.000385979
4.0115	0.000404606
4.0116	0.000407758
4.0117	0.000485753
4.0118	0.000572885
4.0119	0.000438154
4.012	0.000417799
4.0121	0.000700153
4.0122	0.000739592
4.0123	0.000686589
4.0124	0.000611866
4.0125	0.000736932
4.0126	0.000628813
4.0127	0.000736653
4.0128	0.000636546
4.0129	0.000646575
4.013	0.000716759
4.0131	0.00058091
4.0132	0.000739071
4.0133	0.000491673
4.0134	0.000702442
4.0135	0.000522967
4.0136	0.000483999
4.0137	0.000446829
4.0138	0.000602835
4.0139	0.000561564
4.014	0.000503655
4.0141	0.000378375
4.0142	0.000570546
4.0143	0.000441128
4.0144	0.000603786
4.0145	0.000703646
4.0146	0.000625406
4.0147	0.000670135
4.0148	0.000807725
4.0149	0.000643417
4.015	0.000590615
4.0151	0.000601608
4.0152	0.000601403
4.0153	0.000659549
4.0154	0.000535049
4.0155	0.000609122
4.0156	0.000475435
4.0157	0.000496349
4.0158	0.000540993
4.0159	0.000620658
4.016	0.000807982
4.0161	0.000398244
4.0162	0.000420955
4.0163	0.000641652
4.0164	0.000381091
4.0165	0.000557998
4.0166	0.000618698
4.0167	0.000607869
4.0168	0.000801452
4.0169	0.000611337
4.017	0.000628097
4.0171	0.000607387
4.0172	0.000753894
4.0173	0.000631662
4.0174	0.000693276
4.0175	0.00079846
4.0176	0.000503842
4.0177	0.000661454
4.0178	0.000695484
4.0179	0.000501116
4.018	0.000557634
4.0181	0.000567069
4.0182	0.000631384
4.0183	0.000559408
4.0184	0.000582177
4.0185	0.00069047
4.0186	0.00050407
4.0187	0.000649079
4.0188	0.000644325
4.0189	0.000796377
4.019	0.000691658
4.0191	0.000700517
4.0192	0.000600169
4.0193	0.000660191
4.0194	0.000528254
4.0195	0.000632354
4.0196	0.000771932
4.0197	0.000637603
4.0198	0.000655286
4.0199	0.00047522
4.02	0.000635447
4.0201	0.000415946
4.0202	0.000661425
4.0203	0.000798986
4.0204	0.00063586
4.0205	0.00054818
4.0206	0.000644793
4.0207	0.000601174
4.0208	0.000656797
4.0209	0.000561904
4.021	0.000505329
4.0211	0.00058025
4.0212	0.00066396
4.0213	0.000926037
4.0214	0.000760947
4.0215	0.000523971
4.0216	0.000648477
4.0217	0.000611698
4.0218	0.000770607
4.0219	0.000904683
4.022	0.000440562
4.0221	0.000540675
4.0222	0.000581399
4.0223	0.000503134
4.0224	0.000601031
4.0225	0.000547748
4.0226	0.000547475
4.0227	0.000634205
4.0228	0.000426275
4.0229	0.000638817
4.023	0.000600387
4.0231	0.00058466
4.0232	0.000546834
4.0233	0.000748578
4.0234	0.000465874
4.0235	0.000489081
4.0236	0.000485933
4.0237	0.000750919
4.0238	0.000617938
4.0239	0.000810095
4.024	0.000465951
4.0241	0.000726475
4.0242	0.000462168
4.0243	0.000464968
4.0244	0.000568758
4.0245	0.000690993
4.0246	0.000674952
4.0247	0.000695519
4.0248	0.000626499
4.0249	0.000678209
4.025	0.000628899
4.0251	0.000722197
4.0252	0.000751229
4.0253	0.000452336
4.0254	0.000484916
4.0255	0.000456414
4.0256	0.000418498
4.0257	0.000480343
4.0258	0.000635809
4.0259	0.00079549
4.026	0.000744101
4.0261	0.000683461
4.0262	0.000797407
4.0263	0.000661821
4.0264	0.000476371
4.0265	0.000462722
4.0266	0.000486585
4.0267	0.000495351
4.0268	0.00062046
4.0269	0.000667144
4.027	0.000511121
4.0271	0.000525723
4.0272	0.000623204
4.0273	0.000734843
4.0274	0.000510844
4.0275	0.000506233
4.0276	0.000639048
4.0277	0.000455222
4.0278	0.000424917
4.0279	0.000638285
4.028	0.00076721
4.0281	0.000638243
4.0282	0.000669049
4.0283	0.000611599
4.0284	0.000675713
4.0285	0.000735692
4.0286	0.000620795
4.0287	0.000590238
4.0288	0.000527468
4.0289	0.00062812
4.029	0.000651608
4.0291	0.000582121
4.0292	0.000534678
4.0293	0.000499158
4.0294	0.000661072
4.0295	0.00076983
4.0296	0.000427931
4.0297	0.000564919
4.0298	0.000539936
4.0299	0.000614608
4.03	0.000440881
4.0301	0.000442799
4.0302	0.000501491
4.0303	0.000622989
4.0304	0.000675788
4.0305	0.000554612
4.0306	0.000731151
4.0307	0.000715469
4.0308	0.000596237
4.0309	0.000520698
4.031	0.0005958
4.0311	0.000671866
4.0312	0.000571278
4.0313	0.0005553
4.0314	0.000524377
4.0315	0.000556627
4.0316	0.000566275
4.0317	0.000447379
4.0318	0.000425998
4.0319	0.000665119
4.032	0.000633461
4.0321	0.000591346
4.0322	0.000486327
4.0323	0.000434028
4.0324	0.000454906
4.0325	0.000465647
4.0326	0.000551413
4.0327	0.000677027
4.0328	0.000531099
4.0329	0.00070023
4.033	0.000519197
4.0331	0.000511847
4.0332	0.000485087
4.0333	0.000557671
4.0334	0.000507927
4.0335	0.000652377
4.0336	0.000623585
4.0337	0.000617341
4.0338	0.000550627
4.0339	0.000424543
4.034	0.000349745
4.0341	0.000433821
4.0342	0.000367134
4.0343	0.000526606
4.0344	0.000466694
4.0345	0.000366513
4.0346	0.000434124
4.0347	0.000540679
4.0348	0.000512768
4.0349	0.000465894
4.035	0.000560172
4.0351	0.00062002
4.0352	0.000635915
4.0353	0.000518166
4.0354	0.000474466
4.0355	0.000486097
4.0356	0.000528337
4.0357	0.000605152
4.0358	0.000659551
4.0359	0.000522793
4.036	0.000549399
4.0361	0.000539699
4.0362	0.000526539
4.0363	0.000440388
4.0364	0.00069096
4.0365	0.000519375
4.0366	0.000490247
4.0367	0.000426937
4.0368	0.00048843
4.0369	0.000498472
4.037	0.000477426
4.0371	0.000616799
4.0372	0.000551328
4.0373	0.000608233
4.0374	0.000518256
4.0375	0.000591763
4.0376	0.00052387
4.0377	0.000615996
4.0378	0.000529606
4.0379	0.000635373
4.038	0.000538428
4.0381	0.000423233
4.0382	0.000527417
4.0383	0.000587047
4.0384	0.000506511
4.0385	0.00063092
4.0386	0.000478922
4.0387	0.000631771
4.0388	0.000557707
4.0389	0.000701726
4.039	0.000518174
4.0391	0.000820057
4.0392	0.000437058
4.0393	0.000564893
4.0394	0.000450106
4.0395	0.00049375
4.0396	0.00063719
4.0397	0.000741248
4.0398	0.000524687
4.0399	0.000513935
4.04	0.00055265
4.0401	0.000525097
4.0402	0.000697444
4.0403	0.000542989
4.0404	0.000430749
4.0405	0.000527557
4.0406	0.000453647
4.0407	0.000477096
4.0408	0.000579959
4.0409	0.000644333
4.041	0.000577477
4.0411	0.000664313
4.0412	0.000642502
4.0413	0.000704459
4.0414	0.000667223
4.0415	0.000522287
4.0416	0.000688732
4.0417	0.000658492
4.0418	0.000600506
4.0419	0.000726993
4.042	0.000681143
4.0421	0.000619337
4.0422	0.000549371
4.0423	0.000457618
4.0424	0.000549283
4.0425	0.000643611
4.0426	0.000579196
4.0427	0.00059043
4.0428	0.000550322
4.0429	0.000403618
4.043	0.000446667
4.0431	0.000611681
4.0432	0.000599254
4.0433	0.000674843
4.0434	0.000486036
4.0435	0.000747361
4.0436	0.000732583
4.0437	0.000709427
4.0438	0.000651634
4.0439	0.000583307
4.044	0.000596201
4.0441	0.000782983
4.0442	0.000824033
4.0443	0.00054188
4.0444	0.000555181
4.0445	0.000586132
4.0446	0.00056794
4.0447	0.000708913
4.0448	0.000684347
4.0449	0.000510293
4.045	0.000418158
4.0451	0.000359689
4.0452	0.000398469
4.0453	0.000597902
4.0454	0.000688774
4.0455	0.000537394
4.0456	0.000567593
4.0457	0.000606117
4.0458	0.00080706
4.0459	0.000493841
4.046	0.000712073
4.0461	0.000655806
4.0462	0.000706234
4.0463	0.000640034
4.0464	0.00084504
4.0465	0.000616764
4.0466	0.000422244
4.0467	0.000487907
4.0468	0.000751156
4.0469	0.000613569
4.047	0.000518001
4.0471	0.00044279
4.0472	0.000470468
4.0473	0.000544621
4.0474	0.000526262
4.0475	0.00056016
4.0476	0.000450181
4.0477	0.000535645
4.0478	0.000755429
4.0479	0.000813004
4.048	0.000514346
4.0481	0.000695387
4.0482	0.000854731
4.0483	0.000564251
4.0484	0.000739088
4.0485	0.00066144
4.0486	0.000614955
4.0487	0.00060366
4.0488	0.000654513
4.0489	0.000671258
4.049	0.000586545
4.0491	0.00053196
4.0492	0.000489948
4.0493	0.000496343
4.0494	0.000485712
4.0495	0.000480811
4.0496	0.000477869
4.0497	0.000405506
4.0498	0.000377918
4.0499	0.0006509
4.05	0.000715565
4.0501	0.000636453
4.0502	0.000681844
4.0503	0.000507785
4.0504	0.000708737
4.0505	0.000860127
4.0506	0.000835292
4.0507	0.00065294
4.0508	0.000884588
4.0509	0.000771566
4.051	0.000663179
4.0511	0.000471015
4.0512	0.000550743
4.0513	0.000561162
4.0514	0.000514448
4.0515	0.000514733
4.0516	0.000623069
4.0517	0.000809194
4.0518	0.000418315
4.0519	0.000374271
4.052	0.000595733
4.0521	0.00053549
4.0522	0.000454568
4.0523	0.000521439
4.0524	0.000476523
4.0525	0.000749719
4.0526	0.000692144
4.0527	0.000600081
4.0528	0.000631615
4.0529	0.000805622
4.053	0.000546919
4.0531	0.00060899
4.0532	0.000713846
4.0533	0.000772985
4.0534	0.000686799
4.0535	0.000694599
4.0536	0.000462767
4.0537	0.000642587
4.0538	0.000695162
4.0539	0.000496203
4.054	0.000512211
4.0541	0.000681337
4.0542	0.000512274
4.0543	0.000645568
4.0544	0.000706189
4.0545	0.000626125
4.0546	0.000604426
4.0547	0.000641076
4.0548	0.000685215
4.0549	0.000461367
4.055	0.000696652
4.0551	0.000526887
4.0552	0.000605843
4.0553	0.000582926
4.0554	0.000681821
4.0555	0.000413355
4.0556	0.000567862
4.0557	0.000595507
4.0558	0.000651211
4.0559	0.000587895
4.056	0.000736978
4.0561	0.000717882
4.0562	0.000618392
4.0563	0.000644621
4.0564	0.000535425
4.0565	0.000683034
4.0566	0.00062094
4.0567	0.000443597
4.0568	0.000680857
4.0569	0.000684768
4.057	0.000711975
4.0571	0.000656942
4.0572	0.000609759
4.0573	0.00057726
4.0574	0.000710526
4.0575	0.0006675
4.0576	0.000717051
4.0577	0.000430817
4.0578	0.000510155
4.0579	0.000720697
4.058	0.000550688
4.0581	0.000616841
4.0582	0.000695597
4.0583	0.000484247
4.0584	0.000592956
4.0585	0.000602758
4.0586	0.000622976
4.0587	0.000570782
4.0588	0.000482544
4.0589	0.000568613
4.059	0.000670218
4.0591	0.000566324
4.0592	0.000458624
4.0593	0.000540039
4.0594	0.000617442
4.0595	0.000653796
4.0596	0.000661375
4.0597	0.000445048
4.0598	0.00077442
4.0599	0.000409109
4.06	0.000468477
4.0601	0.000547145
4.0602	0.000583824
4.0603	0.000668456
4.0604	0.000659683
4.0605	0.000576172
4.0606	0.000514793
4.0607	0.000663797
4.0608	0.000717368
4.0609	0.000614873
4.061	0.000444853
4.0611	0.000496039
4.0612	0.000530158
4.0613	0.000596567
4.0614	0.000565923
4.0615	0.000807069
4.0616	0.000607133
4.0617	0.000786684
4.0618	0.000619072
4.0619	0.000599202
4.062	0.00083915
4.0621	0.000457542
4.0622	0.000403467
4.0623	0.000505782
4.0624	0.000520618
4.0625	0.00069538
4.0626	0.000629798
4.0627	0.000820256
4.0628	0.000509208
4.0629	0.000567745
4.063	0.00071955
4.0631	0.000498244
4.0632	0.000519255
4.0633	0.000584897
4.0634	0.000537011
4.0635	0.000534042
4.0636	0.000635591
4.0637	0.000717893
4.0638	0.000704218
4.0639	0.000722034
4.064	0.000712033
4.0641	0.000710828
4.0642	0.000746768
4.0643	0.000547047
4.0644	0.000600343
4.0645	0.000665379
4.0646	0.000576187
4.0647	0.000708275
4.0648	0.000533914
4.0649	0.000568912
4.065	0.000650169
4.0651	0.000531223
4.0652	0.000639826
4.0653	0.000508632
4.0654	0.000497893
4.0655	0.000473639
4.0656	0.000547922
4.0657	0.000519428
4.0658	0.000423742
4.0659	0.000471782
4.066	0.000508938
4.0661	0.000699269
4.0662	0.000640467
4.0663	0.000733966
4.0664	0.000593827
4.0665	0.000588835
4.0666	0.000480966
4.0667	0.000555757
4.0668	0.000590152
4.0669	0.000451625
4.067	0.000490306
4.0671	0.000486254
4.0672	0.00057957
4.0673	0.000659028
4.0674	0.0004906
4.0675	0.000566467
4.0676	0.000488891
4.0677	0.000520913
4.0678	0.000483419
4.0679	0.000449604
4.068	0.000453293
4.0681	0.000581917
4.0682	0.000584021
4.0683	0.000518025
4.0684	0.000531575
4.0685	0.000651577
4.0686	0.000605574
4.0687	0.000593025
4.0688	0.000447266
4.0689	0.000484
4.069	0.000578299
4.0691	0.000586154
4.0692	0.000476154
4.0693	0.00057342
4.0694	0.000614214
4.0695	0.000602716
4.0696	0.000383391
4.0697	0.00036258
4.0698	0.000435267
4.0699	0.000513873
4.07	0.000423057
4.0701	0.000409012
4.0702	0.000408286
4.0703	0.000562273
4.0704	0.000592456
4.0705	0.000319005
4.0706	0.00051876
4.0707	0.000577913
4.0708	0.000791515
4.0709	0.000757473
4.071	0.000436313
4.0711	0.000445056
4.0712	0.000622891
4.0713	0.000512477
4.0714	0.000531751
4.0715	0.00073226
4.0716	0.000582531
4.0717	0.000502241
4.0718	0.000562341
4.0719	0.000454811
4.072	0.000412825
4.0721	0.000731661
4.0722	0.00043936
4.0723	0.000515339
4.0724	0.000418131
4.0725	0.000630361
4.0726	0.000596932
4.0727	0.000428082
4.0728	0.000630143
4.0729	0.000604286
4.073	0.000685544
4.0731	0.00071686
4.0732	0.000507284
4.0733	0.000522638
4.0734	0.00058436
4.0735	0.000553745
4.0736	0.000576883
4.0737	0.000448654
4.0738	0.000507294
4.0739	0.00045016
4.074	0.000667727
4.0741	0.0006685
4.0742	0.00057603
4.0743	0.000569694
4.0744	0.00052608
4.0745	0.000493614
4.0746	0.000722662
4.0747	0.000600217
4.0748	0.000667701
4.0749	0.000439206
4.075	0.000511306
4.0751	0.00048581
4.0752	0.000579162
4.0753	0.000631766
4.0754	0.000820773
4.0755	0.00059233
4.0756	0.000440168
4.0757	0.000659302
4.0758	0.000425234
4.0759	0.000639912
4.076	0.000523966
4.0761	0.000591498
4.0762	0.000480285
4.0763	0.000501907
4.0764	0.000577618
4.0765	0.00090952
4.0766	0.000601267
4.0767	0.00059165
4.0768	0.000638153
4.0769	0.00078736
4.077	0.000652951
4.0771	0.000742185
4.0772	0.000586271
4.0773	0.000689924
4.0774	0.000534799
4.0775	0.000617751
4.0776	0.000700966
4.0777	0.000603913
4.0778	0.000506613
4.0779	0.000485318
4.078	0.000494619
4.0781	0.000495516
4.0782	0.000652991
4.0783	0.000613934
4.0784	0.000527282
4.0785	0.000558268
4.0786	0.000491531
4.0787	0.000431382
4.0788	0.000506318
4.0789	0.000598606
4.079	0.000627234
4.0791	0.00053263
4.0792	0.00082777
4.0793	0.000677728
4.0794	0.000638139
4.0795	0.000685271
4.0796	0.000600965
4.0797	0.000606282
4.0798	0.000594163
4.0799	0.000667978
4.08	0.000529052
4.0801	0.000599286
4.0802	0.00046661
4.0803	0.000552551
4.0804	0.000649854
4.0805	0.000712088
4.0806	0.000488153
4.0807	0.000389429
4.0808	0.000443744
4.0809	0.000439738
4.081	0.000537872
4.0811	0.000674033
4.0812	0.000630198
4.0813	0.000553197
4.0814	0.000798448
4.0815	0.00069933
4.0816	0.000663764
4.0817	0.000593375
4.0818	0.000787815
4.0819	0.000760645
4.082	0.00073025
4.0821	0.00085246
4.0822	0.000431518
4.0823	0.000464958
4.0824	0.00067233
4.0825	0.000525922
4.0826	0.000574785
4.0827	0.000457216
4.0828	0.000448995
4.0829	0.000483026
4.083	0.000557343
4.0831	0.000511197
4.0832	0.000527544
4.0833	0.000466709
4.0834	0.000539109
4.0835	0.00075908
4.0836	0.000768137
4.0837	0.000520659
4.0838	0.000550609
4.0839	0.00072298
4.084	0.000491948
4.0841	0.00078844
4.0842	0.000598692
4.0843	0.000616076
4.0844	0.000575499
4.0845	0.000750876
4.0846	0.000603986
4.0847	0.000607942
4.0848	0.0006197
4.0849	0.000418113
4.085	0.000552427
4.0851	0.000452017
4.0852	0.000449667
4.0853	0.000369593
4.0854	0.000349121
4.0855	0.000398417
4.0856	0.000620295
4.0857	0.000563435
4.0858	0.000734835
4.0859	0.000501731
4.086	0.000573307
4.0861	0.00080265
4.0862	0.000836215
4.0863	0.000754827
4.0864	0.000623874
4.0865	0.000740339
4.0866	0.000668353
4.0867	0.000711625
4.0868	0.000453662
4.0869	0.00043009
4.087	0.000469403
4.0871	0.000517933
4.0872	0.000511971
4.0873	0.000527391
4.0874	0.000569513
4.0875	0.000429531
4.0876	0.000491726
4.0877	0.000483275
4.0878	0.000550594
4.0879	0.000684047
4.088	0.000591426
4.0881	0.00069955
4.0882	0.000705241
4.0883	0.000631972
4.0884	0.000646135
4.0885	0.000695478
4.0886	0.00062875
4.0887	0.000754085
4.0888	0.000750853
4.0889	0.000560325
4.089	0.00074904
4.0891	0.000580361
4.0892	0.000586796
4.0893	0.000505612
4.0894	0.000598695
4.0895	0.000590611
4.0896	0.000615952
4.0897	0.000494805
4.0898	0.000662011
4.0899	0.000706051
4.09	0.000587994
4.0901	0.00077735
4.0902	0.000555801
4.0903	0.000693919
4.0904	0.000683727
4.0905	0.000756431
4.0906	0.000554048
4.0907	0.000666522
4.0908	0.000687952
4.0909	0.000561282
4.091	0.00069628
4.0911	0.000583204
4.0912	0.000510555
4.0913	0.000700907
4.0914	0.000416738
4.0915	0.000553047
4.0916	0.000662896
4.0917	0.000666297
4.0918	0.000731237
4.0919	0.00066489
4.092	0.000560652
4.0921	0.000600701
4.0922	0.000603458
4.0923	0.000530862
4.0924	0.000414101
4.0925	0.000583663
4.0926	0.000917021
4.0927	0.000682546
4.0928	0.000698369
4.0929	0.000507477
4.093	0.000577843
4.0931	0.000784106
4.0932	0.000684332
4.0933	0.000569816
4.0934	0.00056184
4.0935	0.000565259
4.0936	0.000700106
4.0937	0.000571136
4.0938	0.000675097
4.0939	0.000568945
4.094	0.000599067
4.0941	0.000501309
4.0942	0.000681964
4.0943	0.000586915
4.0944	0.000672018
4.0945	0.000447609
4.0946	0.000699173
4.0947	0.00064865
4.0948	0.000504611
4.0949	0.000645477
4.095	0.00065076
4.0951	0.000550789
4.0952	0.000798662
4.0953	0.000666052
4.0954	0.000510721
4.0955	0.000771346
4.0956	0.000426332
4.0957	0.000550506
4.0958	0.000439739
4.0959	0.000511805
4.096	0.000646496
4.0961	0.000574625
4.0962	0.000631077
4.0963	0.00046313
4.0964	0.000692288
4.0965	0.000792068
4.0966	0.000589073
4.0967	0.000434864
4.0968	0.000549451
4.0969	0.000456786
4.097	0.000588427
4.0971	0.000667228
4.0972	0.000769105
4.0973	0.000681339
4.0974	0.000653207
4.0975	0.000567784
4.0976	0.000803062
4.0977	0.000692461
4.0978	0.00066453
4.0979	0.000442284
4.098	0.000562624
4.0981	0.000639266
4.0982	0.000592977
4.0983	0.000607873
4.0984	0.000798272
4.0985	0.000513156
4.0986	0.000579545
4.0987	0.000764587
4.0988	0.000480999
4.0989	0.000503425
4.099	0.000486016
4.0991	0.000486938
4.0992	0.000541221
4.0993	0.000776253
4.0994	0.000753542
4.0995	0.000860717
4.0996	0.000614757
4.0997	0.000551403
4.0998	0.000701675
4.0999	0.000686822
4.1	0.000671308
4.1001	0.000549934
4.1002	0.000703349
4.1003	0.000633128
4.1004	0.000719712
4.1005	0.000550119
4.1006	0.000550029
4.1007	0.000656347
4.1008	0.000535701
4.1009	0.000588836
4.101	0.000424916
4.1011	0.000576962
4.1012	0.000448207
4.1013	0.000585781
4.1014	0.000374532
4.1015	0.000447547
4.1016	0.000480133
4.1017	0.000575047
4.1018	0.00066992
4.1019	0.000599004
4.102	0.000646074
4.1021	0.000694578
4.1022	0.000515007
4.1023	0.000587104
4.1024	0.00042667
4.1025	0.000593735
4.1026	0.000535894
4.1027	0.000602591
4.1028	0.000450798
4.1029	0.000571499
4.103	0.000586355
4.1031	0.000440014
4.1032	0.000545179
4.1033	0.000522524
4.1034	0.000607253
4.1035	0.000503955
4.1036	0.000398093
4.1037	0.000544496
4.1038	0.000642209
4.1039	0.000675828
4.104	0.000538332
4.1041	0.000461904
4.1042	0.000656299
4.1043	0.000587893
4.1044	0.000545226
4.1045	0.000445918
4.1046	0.000591788
4.1047	0.000484665
4.1048	0.000625015
4.1049	0.000569273
4.105	0.000702378
4.1051	0.000663416
4.1052	0.000635629
4.1053	0.000433008
4.1054	0.000445023
4.1055	0.000520679
4.1056	0.000402925
4.1057	0.000468157
4.1058	0.000384397
4.1059	0.00041062
4.106	0.00058399
4.1061	0.000680993
4.1062	0.000332077
4.1063	0.000552133
4.1064	0.000642601
4.1065	0.000631061
4.1066	0.000853322
4.1067	0.000499614
4.1068	0.000499043
4.1069	0.000516308
4.107	0.000437036
4.1071	0.000536484
4.1072	0.000579585
4.1073	0.000488
4.1074	0.000683866
4.1075	0.000548019
4.1076	0.000407536
4.1077	0.000480697
4.1078	0.000720854
4.1079	0.000468984
4.108	0.00055595
4.1081	0.000425377
4.1082	0.000473183
4.1083	0.000617155
4.1084	0.000415261
4.1085	0.000630763
4.1086	0.000507285
4.1087	0.000653211
4.1088	0.00070228
4.1089	0.000532853
4.109	0.000538207
4.1091	0.000565878
4.1092	0.000509015
4.1093	0.00054417
4.1094	0.000441641
4.1095	0.000475426
4.1096	0.000553497
4.1097	0.000808058
4.1098	0.000657054
4.1099	0.000571767
4.11	0.000600187
4.1101	0.000503166
4.1102	0.000418731
4.1103	0.000840696
4.1104	0.00048191
4.1105	0.000782985
4.1106	0.000427536
4.1107	0.000598938
4.1108	0.000572556
4.1109	0.000741773
4.111	0.000615035
4.1111	0.000709057
4.1112	0.000672612
4.1113	0.000538228
4.1114	0.000680666
4.1115	0.000610765
4.1116	0.000664364
4.1117	0.000552822
4.1118	0.000510338
4.1119	0.000407186
4.112	0.000481686
4.1121	0.000581894
4.1122	0.000587607
4.1123	0.000577051
4.1124	0.000656945
4.1125	0.000809364
4.1126	0.000908402
4.1127	0.000672815
4.1128	0.000709182
4.1129	0.000700075
4.113	0.000581808
4.1131	0.000478316
4.1132	0.000565194
4.1133	0.000734574
4.1134	0.000633844
4.1135	0.000559516
4.1136	0.000563031
4.1137	0.000441294
4.1138	0.000661996
4.1139	0.000660057
4.114	0.00064
4.1141	0.00056803
4.1142	0.000622124
4.1143	0.000412842
4.1144	0.000486191
4.1145	0.000548615
4.1146	0.000574747
4.1147	0.000667044
4.1148	0.000611986
4.1149	0.000624389
4.115	0.000712004
4.1151	0.000758222
4.1152	0.000567641
4.1153	0.000587279
4.1154	0.000778204
4.1155	0.000509941
4.1156	0.000616294
4.1157	0.000537549
4.1158	0.000572901
4.1159	0.000546481
4.116	0.000517439
4.1161	0.000654131
4.1162	0.000552629
4.1163	0.000452039
4.1164	0.000382559
4.1165	0.000395262
4.1166	0.000574385
4.1167	0.000535773
4.1168	0.000744426
4.1169	0.000587991
4.117	0.000390026
4.1171	0.000681584
4.1172	0.000709352
4.1173	0.000810668
4.1174	0.000565494
4.1175	0.00075714
4.1176	0.000757652
4.1177	0.000565789
4.1178	0.000809541
4.1179	0.000540337
4.118	0.000574396
4.1181	0.000664601
4.1182	0.000543341
4.1183	0.000542049
4.1184	0.000524355
4.1185	0.000463992
4.1186	0.000505167
4.1187	0.000558029
4.1188	0.000401184
4.1189	0.000530331
4.119	0.000432764
4.1191	0.000606171
4.1192	0.000798891
4.1193	0.000740958
4.1194	0.000443107
4.1195	0.000742668
4.1196	0.000696878
4.1197	0.00058669
4.1198	0.000819203
4.1199	0.000591685
4.12	0.000648141
4.1201	0.000592751
4.1202	0.000715865
4.1203	0.000581322
4.1204	0.000558324
4.1205	0.000719634
4.1206	0.000404402
4.1207	0.000464845
4.1208	0.000531109
4.1209	0.000438551
4.121	0.000381357
4.1211	0.00038421
4.1212	0.00057484
4.1213	0.000426422
4.1214	0.000688166
4.1215	0.000587577
4.1216	0.000539838
4.1217	0.000593931
4.1218	0.000771105
4.1219	0.000973015
4.122	0.000615688
4.1221	0.00066709
4.1222	0.000684045
4.1223	0.000670497
4.1224	0.000585092
4.1225	0.000539563
4.1226	0.000463657
4.1227	0.00053325
4.1228	0.000532143
4.1229	0.000606859
4.123	0.000587532
4.1231	0.00060936
4.1232	0.00046642
4.1233	0.000521864
4.1234	0.000401883
4.1235	0.000563094
4.1236	0.000450218
4.1237	0.000584169
4.1238	0.000697278
4.1239	0.000673164
4.124	0.000640929
4.1241	0.000637081
4.1242	0.000695558
4.1243	0.000595905
4.1244	0.000796613
4.1245	0.00072253
4.1246	0.000532563
4.1247	0.000774407
4.1248	0.00059283
4.1249	0.000615972
4.125	0.000472069
4.1251	0.000542476
4.1252	0.000604971
4.1253	0.000586445
4.1254	0.000491478
4.1255	0.000712318
4.1256	0.000697564
4.1257	0.000694737
4.1258	0.000647909
4.1259	0.000540146
4.126	0.000776354
4.1261	0.000663966
4.1262	0.000740666
4.1263	0.000673779
4.1264	0.00063136
4.1265	0.000815172
4.1266	0.000649189
4.1267	0.000675349
4.1268	0.000650764
4.1269	0.000586745
4.127	0.000639037
4.1271	0.000418698
4.1272	0.000614901
4.1273	0.000732115
4.1274	0.00068619
4.1275	0.000539811
4.1276	0.000618787
4.1277	0.000596273
4.1278	0.000600088
4.1279	0.000690402
4.128	0.000503463
4.1281	0.000403737
4.1282	0.00058102
4.1283	0.000906118
4.1284	0.000703207
4.1285	0.000518462
4.1286	0.000577373
4.1287	0.000569752
4.1288	0.00078497
4.1289	0.000637656
4.129	0.000431805
4.1291	0.00056679
4.1292	0.000603913
4.1293	0.000570918
4.1294	0.000521992
4.1295	0.00061837
4.1296	0.000520996
4.1297	0.000534755
4.1298	0.000545209
4.1299	0.000763951
4.13	0.000619892
4.1301	0.000748007
4.1302	0.000438912
4.1303	0.000533362
4.1304	0.000619551
4.1305	0.000494669
4.1306	0.000597324
4.1307	0.000581352
4.1308	0.000534211
4.1309	0.000766496
4.131	0.000673892
4.1311	0.000529876
4.1312	0.000623592
4.1313	0.000405222
4.1314	0.000577988
4.1315	0.000783028
4.1316	0.000635875
4.1317	0.00068287
4.1318	0.000586423
4.1319	0.00066858
4.132	0.000627306
4.1321	0.000569781
4.1322	0.000989811
4.1323	0.000541755
4.1324	0.000448452
4.1325	0.000517402
4.1326	0.000471325
4.1327	0.000490882
4.1328	0.000564561
4.1329	0.000858043
4.133	0.000736209
4.1331	0.000674737
4.1332	0.000799162
4.1333	0.000767463
4.1334	0.000817824
4.1335	0.00058155
4.1336	0.000529386
4.1337	0.000596459
4.1338	0.000843447
4.1339	0.000610975
4.134	0.00067446
4.1341	0.000665951
4.1342	0.000533297
4.1343	0.00058266
4.1344	0.000728784
4.1345	0.000590853
4.1346	0.000525513
4.1347	0.000599123
4.1348	0.000495016
4.1349	0.000525509
4.135	0.000709234
4.1351	0.000756511
4.1352	0.000736147
4.1353	0.00059424
4.1354	0.000536129
4.1355	0.000677769
4.1356	0.00064576
4.1357	0.000560071
4.1358	0.000520181
4.1359	0.000681598
4.136	0.00059624
4.1361	0.000627386
4.1362	0.000591981
4.1363	0.000659523
4.1364	0.00055837
4.1365	0.000641585
4.1366	0.000515153
4.1367	0.000503471
4.1368	0.000607635
4.1369	0.000538046
4.137	0.00051923
4.1371	0.000403877
4.1372	0.000415841
4.1373	0.00052458
4.1374	0.000602916
4.1375	0.000606332
4.1376	0.000689994
4.1377	0.000674536
4.1378	0.000583734
4.1379	0.000591471
4.138	0.000608531
4.1381	0.00043405
4.1382	0.000537558
4.1383	0.000633712
4.1384	0.000604241
4.1385	0.000470344
4.1386	0.000552154
4.1387	0.000574024
4.1388	0.000429357
4.1389	0.000501366
4.139	0.000452522
4.1391	0.00051761
4.1392	0.000484013
4.1393	0.000387877
4.1394	0.000495832
4.1395	0.000633167
4.1396	0.000643484
4.1397	0.000557682
4.1398	0.000527238
4.1399	0.000704113
4.14	0.000531876
4.1401	0.000480286
4.1402	0.000506573
4.1403	0.000614179
4.1404	0.000452521
4.1405	0.000627871
4.1406	0.000641402
4.1407	0.000715242
4.1408	0.000668912
4.1409	0.000670161
4.141	0.000417118
4.1411	0.00048308
4.1412	0.000466546
4.1413	0.000469229
4.1414	0.000466202
4.1415	0.00038232
4.1416	0.000428556
4.1417	0.000532962
4.1418	0.000501925
4.1419	0.000408747
4.142	0.000512047
4.1421	0.000612293
4.1422	0.000791776
4.1423	0.00072628
4.1424	0.000449142
4.1425	0.000410208
4.1426	0.000553275
4.1427	0.000399754
4.1428	0.000545356
4.1429	0.000810023
4.143	0.000528548
4.1431	0.000618712
4.1432	0.000643318
4.1433	0.000424405
4.1434	0.000427009
4.1435	0.000717338
4.1436	0.000656299
4.1437	0.000400682
4.1438	0.000441856
4.1439	0.000526975
4.144	0.000597676
4.1441	0.000455103
4.1442	0.000610565
4.1443	0.000576634
4.1444	0.000779219
4.1445	0.000680442
4.1446	0.000457763
4.1447	0.000591302
4.1448	0.000642941
4.1449	0.00057666
4.145	0.000629773
4.1451	0.000401202
4.1452	0.000482546
4.1453	0.00062298
4.1454	0.000711743
4.1455	0.00054759
4.1456	0.000590787
4.1457	0.000556677
4.1458	0.000535641
4.1459	0.000469262
4.146	0.000746219
4.1461	0.000528212
4.1462	0.000624687
4.1463	0.000417363
4.1464	0.00051551
4.1465	0.000597699
4.1466	0.000519144
4.1467	0.00066164
4.1468	0.000655253
4.1469	0.000572172
4.147	0.000445664
4.1471	0.000682125
4.1472	0.000545428
4.1473	0.000627223
4.1474	0.000521966
4.1475	0.000520642
4.1476	0.000462508
4.1477	0.000512905
4.1478	0.000579062
4.1479	0.000581454
4.148	0.000673167
4.1481	0.000755439
4.1482	0.000765866
4.1483	0.000670851
4.1484	0.000744525
4.1485	0.000736541
4.1486	0.000651284
4.1487	0.00044266
4.1488	0.00042437
4.1489	0.000765002
4.149	0.000735466
4.1491	0.00049496
4.1492	0.000526194
4.1493	0.000535167
4.1494	0.000440487
4.1495	0.000585834
4.1496	0.000621181
4.1497	0.000613942
4.1498	0.000529899
4.1499	0.000570743
4.15	0.000497899
4.1501	0.000489802
4.1502	0.000528248
4.1503	0.000684413
4.1504	0.000650826
4.1505	0.000516514
4.1506	0.000792199
4.1507	0.000738996
4.1508	0.000657368
4.1509	0.000560334
4.151	0.000724557
4.1511	0.000786615
4.1512	0.000543507
4.1513	0.000568728
4.1514	0.00045547
4.1515	0.000516856
4.1516	0.00053551
4.1517	0.000555091
4.1518	0.000583091
4.1519	0.000721017
4.152	0.000528319
4.1521	0.000369803
4.1522	0.00035438
4.1523	0.000414094
4.1524	0.000556651
4.1525	0.000615222
4.1526	0.000730222
4.1527	0.000465287
4.1528	0.000734041
4.1529	0.000615875
4.153	0.000472887
4.1531	0.000748384
4.1532	0.000921426
4.1533	0.000688468
4.1534	0.000735201
4.1535	0.00068101
4.1536	0.000479364
4.1537	0.000554178
4.1538	0.000565379
4.1539	0.00064567
4.154	0.000644051
4.1541	0.00039885
4.1542	0.000463651
4.1543	0.000462094
4.1544	0.000449033
4.1545	0.000426072
4.1546	0.000539893
4.1547	0.000399144
4.1548	0.000434684
4.1549	0.000822934
4.155	0.000817064
4.1551	0.000592362
4.1552	0.00081576
4.1553	0.000816253
4.1554	0.000632304
4.1555	0.000864426
4.1556	0.000672687
4.1557	0.000589202
4.1558	0.00056354
4.1559	0.000601488
4.156	0.000769674
4.1561	0.000532514
4.1562	0.000609187
4.1563	0.000452634
4.1564	0.000539485
4.1565	0.00050762
4.1566	0.000357208
4.1567	0.000492566
4.1568	0.000521783
4.1569	0.000441983
4.157	0.000544908
4.1571	0.000583667
4.1572	0.000697591
4.1573	0.000557267
4.1574	0.000565407
4.1575	0.00065357
4.1576	0.000807098
4.1577	0.000646935
4.1578	0.000606637
4.1579	0.000638052
4.158	0.00072032
4.1581	0.00060139
4.1582	0.000404431
4.1583	0.000524651
4.1584	0.000505155
4.1585	0.000551051
4.1586	0.000612335
4.1587	0.000488697
4.1588	0.000684768
4.1589	0.000394068
4.159	0.000521077
4.1591	0.000559492
4.1592	0.000582416
4.1593	0.000646548
4.1594	0.000636126
4.1595	0.000682077
4.1596	0.000643164
4.1597	0.000570987
4.1598	0.000734018
4.1599	0.000680489
4.16	0.000642996
4.1601	0.000776386
4.1602	0.000759975
4.1603	0.000523578
4.1604	0.000697448
4.1605	0.000665867
4.1606	0.000410714
4.1607	0.000501123
4.1608	0.00055753
4.1609	0.000665796
4.161	0.000566498
4.1611	0.0004933
4.1612	0.00069936
4.1613	0.000682068
4.1614	0.000678877
4.1615	0.000799174
4.1616	0.000645739
4.1617	0.00073721
4.1618	0.000598999
4.1619	0.00069243
4.162	0.000438312
4.1621	0.000738152
4.1622	0.000639787
4.1623	0.000663656
4.1624	0.00071131
4.1625	0.000614119
4.1626	0.000537347
4.1627	0.000637252
4.1628	0.000413817
4.1629	0.000646883
4.163	0.000738081
4.1631	0.000676332
4.1632	0.000666713
4.1633	0.000553451
4.1634	0.000548041
4.1635	0.000596601
4.1636	0.000621328
4.1637	0.000491348
4.1638	0.000427695
4.1639	0.000519167
4.164	0.000778834
4.1641	0.000672464
4.1642	0.000635165
4.1643	0.000586484
4.1644	0.000707381
4.1645	0.000719836
4.1646	0.000606011
4.1647	0.00047893
4.1648	0.000506955
4.1649	0.000545205
4.165	0.000611924
4.1651	0.000556615
4.1652	0.000604148
4.1653	0.000616014
4.1654	0.000617462
4.1655	0.000516986
4.1656	0.000613092
4.1657	0.000694194
4.1658	0.000688725
4.1659	0.000488774
4.166	0.000670827
4.1661	0.000733079
4.1662	0.000565653
4.1663	0.000615475
4.1664	0.000611872
4.1665	0.000552756
4.1666	0.000629874
4.1667	0.000650402
4.1668	0.000592612
4.1669	0.000657961
4.167	0.000441025
4.1671	0.000604404
4.1672	0.000557676
4.1673	0.000709324
4.1674	0.000684775
4.1675	0.000596218
4.1676	0.000627519
4.1677	0.000457869
4.1678	0.000558343
4.1679	0.000902607
4.168	0.000757137
4.1681	0.000441502
4.1682	0.000543325
4.1683	0.000482419
4.1684	0.000447628
4.1685	0.000584554
4.1686	0.000766786
4.1687	0.000818296
4.1688	0.000816651
4.1689	0.000672829
4.169	0.000693185
4.1691	0.000605623
4.1692	0.000658976
4.1693	0.000461464
4.1694	0.000479109
4.1695	0.000652889
4.1696	0.000558635
4.1697	0.000679473
4.1698	0.000676512
4.1699	0.000527125
4.17	0.000652561
4.1701	0.0007222
4.1702	0.000459797
4.1703	0.000608935
4.1704	0.000535546
4.1705	0.000544781
4.1706	0.000499983
4.1707	0.000762705
4.1708	0.000665543
4.1709	0.00063642
4.171	0.00059483
4.1711	0.000750029
4.1712	0.000718347
4.1713	0.000658225
4.1714	0.000624797
4.1715	0.000509732
4.1716	0.000670606
4.1717	0.000569882
4.1718	0.00068884
4.1719	0.000487637
4.172	0.000663733
4.1721	0.000493084
4.1722	0.000606723
4.1723	0.000542002
4.1724	0.000508196
4.1725	0.000581177
4.1726	0.000600258
4.1727	0.000453046
4.1728	0.000482504
4.1729	0.000473463
4.173	0.000563063
4.1731	0.000655749
4.1732	0.000696221
4.1733	0.000697623
4.1734	0.000767
4.1735	0.000675626
4.1736	0.000539545
4.1737	0.00055581
4.1738	0.000629394
4.1739	0.000492453
4.174	0.000506791
4.1741	0.000608972
4.1742	0.000453746
4.1743	0.00061498
4.1744	0.000697277
4.1745	0.000419283
4.1746	0.000562469
4.1747	0.000498796
4.1748	0.000491712
4.1749	0.000535659
4.175	0.00044524
4.1751	0.000469514
4.1752	0.000606062
4.1753	0.000744202
4.1754	0.00049265
4.1755	0.000421981
4.1756	0.000572
4.1757	0.000669094
4.1758	0.000587401
4.1759	0.000387008
4.176	0.00061881
4.1761	0.000384968
4.1762	0.000660724
4.1763	0.000634734
4.1764	0.000516758
4.1765	0.000709703
4.1766	0.000445885
4.1767	0.000432846
4.1768	0.000431847
4.1769	0.000493527
4.177	0.000452925
4.1771	0.000501847
4.1772	0.000381804
4.1773	0.000386788
4.1774	0.000580364
4.1775	0.000659716
4.1776	0.000396945
4.1777	0.00050604
4.1778	0.00065296
4.1779	0.000817576
4.178	0.000652955
4.1781	0.000449378
4.1782	0.000435055
4.1783	0.000563339
4.1784	0.000464327
4.1785	0.000540292
4.1786	0.000795828
4.1787	0.000446852
4.1788	0.000667012
4.1789	0.00054835
4.179	0.000370675
4.1791	0.000757421
4.1792	0.000623046
4.1793	0.000444293
4.1794	0.000576588
4.1795	0.000426794
4.1796	0.000607862
4.1797	0.000631041
4.1798	0.000430758
4.1799	0.000589832
4.18	0.000608294
4.1801	0.000609198
4.1802	0.000647644
4.1803	0.000488254
4.1804	0.000495905
4.1805	0.000505677
4.1806	0.000611614
4.1807	0.000531964
4.1808	0.000436201
4.1809	0.000447415
4.181	0.000617144
4.1811	0.000616622
4.1812	0.000650926
4.1813	0.000609883
4.1814	0.000618514
4.1815	0.00056937
4.1816	0.000638806
4.1817	0.000645553
4.1818	0.000575727
4.1819	0.000638162
4.182	0.000435168
4.1821	0.000421517
4.1822	0.000516642
4.1823	0.000683979
4.1824	0.00053748
4.1825	0.000627563
4.1826	0.00066077
4.1827	0.000461247
4.1828	0.000713198
4.1829	0.000578743
4.183	0.00069581
4.1831	0.000461848
4.1832	0.000469643
4.1833	0.000572708
4.1834	0.000543385
4.1835	0.000526204
4.1836	0.000686433
4.1837	0.000568398
4.1838	0.000766246
4.1839	0.000646105
4.184	0.000677934
4.1841	0.000575147
4.1842	0.000661884
4.1843	0.000485355
4.1844	0.000708971
4.1845	0.000630504
4.1846	0.000627228
4.1847	0.000649272
4.1848	0.000517298
4.1849	0.000517639
4.185	0.000576971
4.1851	0.000465564
4.1852	0.000629116
4.1853	0.000750317
4.1854	0.000671399
4.1855	0.000651704
4.1856	0.000500846
4.1857	0.000421906
4.1858	0.000455474
4.1859	0.000470921
4.186	0.000558196
4.1861	0.000729998
4.1862	0.000647653
4.1863	0.000645671
4.1864	0.000721006
4.1865	0.000736717
4.1866	0.000557228
4.1867	0.000723409
4.1868	0.000810031
4.1869	0.000548963
4.187	0.000667514
4.1871	0.000597937
4.1872	0.000537056
4.1873	0.00061909
4.1874	0.00056523
4.1875	0.000616994
4.1876	0.000645756
4.1877	0.000384422
4.1878	0.000387933
4.1879	0.000429075
4.188	0.000436947
4.1881	0.000792205
4.1882	0.000672842
4.1883	0.000594009
4.1884	0.000455786
4.1885	0.000710528
4.1886	0.000686205
4.1887	0.000631309
4.1888	0.000512128
4.1889	0.000855077
4.189	0.000711964
4.1891	0.000754887
4.1892	0.000754458
4.1893	0.000540697
4.1894	0.000508778
4.1895	0.000784893
4.1896	0.000493843
4.1897	0.000545818
4.1898	0.000461541
4.1899	0.000382225
4.19	0.000394784
4.1901	0.000427756
4.1902	0.00054698
4.1903	0.000408485
4.1904	0.000485403
4.1905	0.000727022
4.1906	0.000730643
4.1907	0.000704592
4.1908	0.000669971
4.1909	0.000785544
4.191	0.00072656
4.1911	0.000740986
4.1912	0.000654286
4.1913	0.000647719
4.1914	0.000704938
4.1915	0.000771287
4.1916	0.000665372
4.1917	0.000584598
4.1918	0.000518281
4.1919	0.00046685
4.192	0.000497046
4.1921	0.000568129
4.1922	0.000477993
4.1923	0.000490373
4.1924	0.000567578
4.1925	0.000341313
4.1926	0.00040226
4.1927	0.000787528
4.1928	0.000616881
4.1929	0.000592961
4.193	0.000547583
4.1931	0.000858871
4.1932	0.000763051
4.1933	0.00100316
4.1934	0.000577084
4.1935	0.000438027
4.1936	0.000703737
4.1937	0.000793657
4.1938	0.000543384
4.1939	0.00054396
4.194	0.000578786
4.1941	0.000459378
4.1942	0.000531449
4.1943	0.000502244
4.1944	0.000777162
4.1945	0.000558936
4.1946	0.000461384
4.1947	0.000627382
4.1948	0.000444532
4.1949	0.000575978
4.195	0.000678189
4.1951	0.000580685
4.1952	0.000560535
4.1953	0.000673166
4.1954	0.00072241
4.1955	0.000632461
4.1956	0.000747272
4.1957	0.000728193
4.1958	0.000673521
4.1959	0.000817354
4.196	0.000648088
4.1961	0.000737935
4.1962	0.000642368
4.1963	0.000471944
4.1964	0.000494285
4.1965	0.000591062
4.1966	0.0005735
4.1967	0.000544042
4.1968	0.000587069
4.1969	0.000686822
4.197	0.000544469
4.1971	0.000661843
4.1972	0.000772722
4.1973	0.000568752
4.1974	0.000701532
4.1975	0.000754394
4.1976	0.000578931
4.1977	0.000642172
4.1978	0.000553498
4.1979	0.000643117
4.198	0.000834922
4.1981	0.000718854
4.1982	0.00064321
4.1983	0.000544846
4.1984	0.000590851
4.1985	0.000438035
4.1986	0.000647169
4.1987	0.000799436
4.1988	0.00072174
4.1989	0.000458808
4.199	0.000688749
4.1991	0.000699245
4.1992	0.00079579
4.1993	0.000496886
4.1994	0.000455717
4.1995	0.000528847
4.1996	0.000494872
4.1997	0.000894291
4.1998	0.000718487
4.1999	0.00061267
4.2	0.000646668
4.2001	0.000706828
4.2002	0.000669352
4.2003	0.00072328
4.2004	0.000524248
4.2005	0.000592995
4.2006	0.000547844
4.2007	0.000610993
4.2008	0.000584578
4.2009	0.00067504
4.201	0.000534591
4.2011	0.000599913
4.2012	0.000505704
4.2013	0.000677413
4.2014	0.000646663
4.2015	0.000617235
4.2016	0.000435122
4.2017	0.000509414
4.2018	0.00050039
4.2019	0.000512266
4.202	0.000419593
4.2021	0.000532558
4.2022	0.000657068
4.2023	0.000842729
4.2024	0.000543034
4.2025	0.000501882
4.2026	0.000549781
4.2027	0.000472244
4.2028	0.000625572
4.2029	0.000608488
4.203	0.000747222
4.2031	0.00080749
4.2032	0.000595703
4.2033	0.000674711
4.2034	0.000524778
4.2035	0.00057094
4.2036	0.000838056
4.2037	0.00053406
4.2038	0.000636639
4.2039	0.000480043
4.204	0.000418193
4.2041	0.000454657
4.2042	0.000586145
4.2043	0.000825445
4.2044	0.000596747
4.2045	0.000690478
4.2046	0.000653384
4.2047	0.000837597
4.2048	0.000813361
4.2049	0.00062134
4.205	0.000469645
4.2051	0.000483015
4.2052	0.000631303
4.2053	0.000589554
4.2054	0.000687803
4.2055	0.000574506
4.2056	0.000550388
4.2057	0.000614477
4.2058	0.000587978
4.2059	0.000536712
4.206	0.00075673
4.2061	0.000471672
4.2062	0.000478379
4.2063	0.000655179
4.2064	0.000675811
4.2065	0.000850101
4.2066	0.000634472
4.2067	0.000645575
4.2068	0.000822368
4.2069	0.000621418
4.207	0.000650764
4.2071	0.000484161
4.2072	0.000601659
4.2073	0.00061165
4.2074	0.000530133
4.2075	0.000798113
4.2076	0.000507926
4.2077	0.000695432
4.2078	0.000699548
4.2079	0.000711217
4.208	0.00052499
4.2081	0.000512694
4.2082	0.000571824
4.2083	0.000600028
4.2084	0.000442401
4.2085	0.000393135
4.2086	0.000596266
4.2087	0.000639806
4.2088	0.000580485
4.2089	0.000606867
4.209	0.000661232
4.2091	0.000599522
4.2092	0.000752117
4.2093	0.000516134
4.2094	0.00060363
4.2095	0.000694492
4.2096	0.000571874
4.2097	0.000568926
4.2098	0.000485378
4.2099	0.000491147
4.21	0.000572596
4.2101	0.000551916
4.2102	0.000447565
4.2103	0.000656614
4.2104	0.000501527
4.2105	0.000584391
4.2106	0.000468178
4.2107	0.000448982
4.2108	0.000477216
4.2109	0.000507871
4.211	0.000589923
4.2111	0.00055289
4.2112	0.0005298
4.2113	0.000617739
4.2114	0.000624163
4.2115	0.000516196
4.2116	0.000376351
4.2117	0.000503091
4.2118	0.000465184
4.2119	0.000643275
4.212	0.000564524
4.2121	0.000623897
4.2122	0.0006283
4.2123	0.000501231
4.2124	0.000324744
4.2125	0.000419273
4.2126	0.00039513
4.2127	0.000528768
4.2128	0.000551877
4.2129	0.000352923
4.213	0.000408706
4.2131	0.000519249
4.2132	0.000614272
4.2133	0.000395216
4.2134	0.000579291
4.2135	0.000504241
4.2136	0.000837313
4.2137	0.000735603
4.2138	0.000403746
4.2139	0.000436935
4.214	0.000647847
4.2141	0.00056453
4.2142	0.00059391
4.2143	0.000559569
4.2144	0.000561107
4.2145	0.000593546
4.2146	0.000610577
4.2147	0.000505018
4.2148	0.000579848
4.2149	0.000537557
4.215	0.000426756
4.2151	0.000481279
4.2152	0.000433418
4.2153	0.000504706
4.2154	0.000580582
4.2155	0.000512598
4.2156	0.000584482
4.2157	0.000586629
4.2158	0.000722497
4.2159	0.000724457
4.216	0.000496748
4.2161	0.000514108
4.2162	0.000538579
4.2163	0.000643951
4.2164	0.000527657
4.2165	0.000435078
4.2166	0.000470485
4.2167	0.00065742
4.2168	0.000708779
4.2169	0.000738944
4.217	0.000616451
4.2171	0.000390981
4.2172	0.00054258
4.2173	0.000659837
4.2174	0.000561339
4.2175	0.000762784
4.2176	0.000486347
4.2177	0.000542392
4.2178	0.000381593
4.2179	0.000583327
4.218	0.000641908
4.2181	0.000694674
4.2182	0.000422025
4.2183	0.000568265
4.2184	0.000637057
4.2185	0.000613568
4.2186	0.000645835
4.2187	0.000626087
4.2188	0.000451205
4.2189	0.000542796
4.219	0.000518002
4.2191	0.000605665
4.2192	0.000707511
4.2193	0.000710755
4.2194	0.000674387
4.2195	0.000810374
4.2196	0.000773075
4.2197	0.000680522
4.2198	0.000544743
4.2199	0.000595657
4.22	0.000715641
4.2201	0.000517605
4.2202	0.000686129
4.2203	0.000685447
4.2204	0.000434748
4.2205	0.000577955
4.2206	0.000523074
4.2207	0.000533427
4.2208	0.00043336
4.2209	0.00071576
4.221	0.000564828
4.2211	0.000723072
4.2212	0.000441611
4.2213	0.000464723
4.2214	0.000461
4.2215	0.000546865
4.2216	0.000641514
4.2217	0.000643165
4.2218	0.000519904
4.2219	0.000578501
4.222	0.00073681
4.2221	0.000805763
4.2222	0.000589822
4.2223	0.000466934
4.2224	0.000769071
4.2225	0.000746878
4.2226	0.000698412
4.2227	0.000529074
4.2228	0.000542186
4.2229	0.000609309
4.223	0.000553667
4.2231	0.000661658
4.2232	0.0006819
4.2233	0.000595305
4.2234	0.000566749
4.2235	0.00037088
4.2236	0.000426103
4.2237	0.000543248
4.2238	0.000681026
4.2239	0.000455174
4.224	0.000569811
4.2241	0.000614866
4.2242	0.000781765
4.2243	0.000507628
4.2244	0.000657631
4.2245	0.00049805
4.2246	0.000710488
4.2247	0.000578365
4.2248	0.000691501
4.2249	0.000735591
4.225	0.000418663
4.2251	0.000472412
4.2252	0.000822723
4.2253	0.000616037
4.2254	0.000503693
4.2255	0.000414371
4.2256	0.000394944
4.2257	0.00042774
4.2258	0.000570583
4.2259	0.00059371
4.226	0.000424286
4.2261	0.000399104
4.2262	0.000638979
4.2263	0.00089663
4.2264	0.000552476
4.2265	0.000712212
4.2266	0.000646854
4.2267	0.000872412
4.2268	0.000679062
4.2269	0.000600428
4.227	0.000710963
4.2271	0.000592721
4.2272	0.000544406
4.2273	0.000637798
4.2274	0.000546698
4.2275	0.000742075
4.2276	0.00050244
4.2277	0.00074708
4.2278	0.000529061
4.2279	0.000566252
4.228	0.000594614
4.2281	0.000485639
4.2282	0.000356408
4.2283	0.000598254
4.2284	0.000579344
4.2285	0.000566584
4.2286	0.000669119
4.2287	0.000521147
4.2288	0.000755269
4.2289	0.00099645
4.229	0.000682015
4.2291	0.000606926
4.2292	0.000614331
4.2293	0.00074977
4.2294	0.000773921
4.2295	0.000523395
4.2296	0.000574886
4.2297	0.000540876
4.2298	0.000429601
4.2299	0.000540256
4.23	0.000607674
4.2301	0.000607407
4.2302	0.000369989
4.2303	0.000473667
4.2304	0.000719718
4.2305	0.00048617
4.2306	0.000375472
4.2307	0.000560747
4.2308	0.000469435
4.2309	0.000803991
4.231	0.000424713
4.2311	0.000803989
4.2312	0.000666512
4.2313	0.000837729
4.2314	0.000554716
4.2315	0.000538418
4.2316	0.00064784
4.2317	0.000525793
4.2318	0.000892087
4.2319	0.00062758
4.232	0.000423616
4.2321	0.0006419
4.2322	0.000577096
4.2323	0.000574146
4.2324	0.000578402
4.2325	0.000576848
4.2326	0.000658778
4.2327	0.000485398
4.2328	0.000700825
4.2329	0.000628507
4.233	0.000615205
4.2331	0.000724437
4.2332	0.000753907
4.2333	0.000480166
4.2334	0.000703686
4.2335	0.000493558
4.2336	0.000667487
4.2337	0.000581541
4.2338	0.000782862
4.2339	0.000538969
4.234	0.000515487
4.2341	0.000610835
4.2342	0.000628852
4.2343	0.000630606
4.2344	0.000587333
4.2345	0.000786789
4.2346	0.000457154
4.2347	0.000706315
4.2348	0.000653864
4.2349	0.000705145
4.235	0.000629955
4.2351	0.000464867
4.2352	0.000669343
4.2353	0.000617371
4.2354	0.000621799
4.2355	0.000673424
4.2356	0.000599626
4.2357	0.000669653
4.2358	0.000599889
4.2359	0.000618218
4.236	0.0007243
4.2361	0.000502636
4.2362	0.000595882
4.2363	0.000614335
4.2364	0.000556992
4.2365	0.000568999
4.2366	0.000658596
4.2367	0.000629766
4.2368	0.000552128
4.2369	0.000463069
4.237	0.000526308
4.2371	0.000568396
4.2372	0.000487128
4.2373	0.000452733
4.2374	0.000507271
4.2375	0.000505854
4.2376	0.000408829
4.2377	0.000662643
4.2378	0.000610675
4.2379	0.000581856
4.238	0.000726453
4.2381	0.0004684
4.2382	0.000752429
4.2383	0.000533236
4.2384	0.000490395
4.2385	0.000657165
4.2386	0.000690944
4.2387	0.000708501
4.2388	0.000657071
4.2389	0.000539008
4.239	0.00055095
4.2391	0.000483976
4.2392	0.000594988
4.2393	0.00096522
4.2394	0.000603886
4.2395	0.000549644
4.2396	0.000520561
4.2397	0.00043664
4.2398	0.000504721
4.2399	0.000587272
4.24	0.000718111
4.2401	0.000700844
4.2402	0.000562026
4.2403	0.000766962
4.2404	0.000638837
4.2405	0.000590306
4.2406	0.000431161
4.2407	0.000518005
4.2408	0.000462947
4.2409	0.00054434
4.241	0.000660678
4.2411	0.000649367
4.2412	0.000493117
4.2413	0.00064202
4.2414	0.000715708
4.2415	0.000545877
4.2416	0.000611367
4.2417	0.000566895
4.2418	0.000458117
4.2419	0.000493454
4.242	0.000702995
4.2421	0.000709523
4.2422	0.000762702
4.2423	0.000622661
4.2424	0.000635183
4.2425	0.000582309
4.2426	0.000561635
4.2427	0.000547877
4.2428	0.000606874
4.2429	0.000490191
4.243	0.000670965
4.2431	0.000620598
4.2432	0.000612089
4.2433	0.000608413
4.2434	0.000666823
4.2435	0.000668914
4.2436	0.000686345
4.2437	0.00050711
4.2438	0.00045491
4.2439	0.000444745
4.244	0.000554421
4.2441	0.000494393
4.2442	0.000398213
4.2443	0.000598764
4.2444	0.000573887
4.2445	0.000537821
4.2446	0.000621396
4.2447	0.000699715
4.2448	0.000619785
4.2449	0.000667555
4.245	0.000497168
4.2451	0.000568278
4.2452	0.000544419
4.2453	0.000681033
4.2454	0.000503395
4.2455	0.000534643
4.2456	0.000537441
4.2457	0.000629272
4.2458	0.000528985
4.2459	0.00063456
4.246	0.000449684
4.2461	0.0004977
4.2462	0.000561321
4.2463	0.000599942
4.2464	0.000476809
4.2465	0.000469931
4.2466	0.000481718
4.2467	0.000631481
4.2468	0.00061467
4.2469	0.000501078
4.247	0.000702948
4.2471	0.00058273
4.2472	0.000472768
4.2473	0.000426671
4.2474	0.000523894
4.2475	0.000454757
4.2476	0.000631071
4.2477	0.000549327
4.2478	0.000563973
4.2479	0.0005694
4.248	0.000437217
4.2481	0.00037108
4.2482	0.000440758
4.2483	0.000543898
4.2484	0.000387904
4.2485	0.00042857
4.2486	0.000328279
4.2487	0.000468073
4.2488	0.000616353
4.2489	0.000525069
4.249	0.000440318
4.2491	0.00063763
4.2492	0.000632989
4.2493	0.000888086
4.2494	0.000644794
4.2495	0.000388432
4.2496	0.000651268
4.2497	0.000562444
4.2498	0.000571329
4.2499	0.000671301
4.25	0.000550971
4.2501	0.000510338
4.2502	0.000560964
4.2503	0.000542688
4.2504	0.00047849
4.2505	0.000710226
4.2506	0.000426917
4.2507	0.00042041
4.2508	0.000498032
4.2509	0.000442458
4.251	0.000406272
4.2511	0.000665165
4.2512	0.000551863
4.2513	0.000645096
4.2514	0.000642329
4.2515	0.000647086
4.2516	0.000521743
4.2517	0.000472377
4.2518	0.00054308
4.2519	0.000577786
4.252	0.00064509
4.2521	0.000439905
4.2522	0.000480596
4.2523	0.000493045
4.2524	0.000624805
4.2525	0.000577531
4.2526	0.000636853
4.2527	0.000559366
4.2528	0.000574
4.2529	0.000497698
4.253	0.00081621
4.2531	0.000561874
4.2532	0.000655851
4.2533	0.000544999
4.2534	0.000549152
4.2535	0.000436887
4.2536	0.000571471
4.2537	0.000707929
4.2538	0.000722934
4.2539	0.000454736
4.254	0.000548611
4.2541	0.000599275
4.2542	0.000647117
4.2543	0.000688039
4.2544	0.000599548
4.2545	0.000490328
4.2546	0.000528191
4.2547	0.000480239
4.2548	0.000428293
4.2549	0.000643595
4.255	0.000814528
4.2551	0.000602665
4.2552	0.00074733
4.2553	0.000729396
4.2554	0.00079771
4.2555	0.000526002
4.2556	0.000573847
4.2557	0.000703909
4.2558	0.000598945
4.2559	0.00068937
4.256	0.00066117
4.2561	0.000697356
4.2562	0.000629717
4.2563	0.000474288
4.2564	0.000491015
4.2565	0.000602674
4.2566	0.000547941
4.2567	0.000635549
4.2568	0.000578338
4.2569	0.000489283
4.257	0.000456081
4.2571	0.000398303
4.2572	0.000621629
4.2573	0.000572362
4.2574	0.000681732
4.2575	0.000473651
4.2576	0.000805748
4.2577	0.000773649
4.2578	0.000783669
4.2579	0.000680983
4.258	0.000802687
4.2581	0.000655145
4.2582	0.000689086
4.2583	0.000794547
4.2584	0.000441753
4.2585	0.000605301
4.2586	0.000551439
4.2587	0.000378416
4.2588	0.000653395
4.2589	0.000683792
4.259	0.000516909
4.2591	0.000366756
4.2592	0.000395278
4.2593	0.00041205
4.2594	0.000635482
4.2595	0.000887775
4.2596	0.000524852
4.2597	0.000561744
4.2598	0.000608714
4.2599	0.000697782
4.26	0.000461748
4.2601	0.000747449
4.2602	0.000692535
4.2603	0.000894019
4.2604	0.000566474
4.2605	0.00071022
4.2606	0.000633632
4.2607	0.000474432
4.2608	0.000677489
4.2609	0.000695998
4.261	0.000536108
4.2611	0.00044672
4.2612	0.000443812
4.2613	0.000441877
4.2614	0.000405185
4.2615	0.000446864
4.2616	0.000590845
4.2617	0.00043672
4.2618	0.000414886
4.2619	0.000777576
4.262	0.000739056
4.2621	0.000690024
4.2622	0.000695328
4.2623	0.000720483
4.2624	0.000641521
4.2625	0.000681793
4.2626	0.000752572
4.2627	0.000588727
4.2628	0.00066563
4.2629	0.000761501
4.263	0.000516468
4.2631	0.000492669
4.2632	0.000591701
4.2633	0.00054012
4.2634	0.000441558
4.2635	0.000535994
4.2636	0.000520876
4.2637	0.000541553
4.2638	0.000517237
4.2639	0.000431688
4.264	0.000437589
4.2641	0.000661158
4.2642	0.000511325
4.2643	0.000911275
4.2644	0.000561964
4.2645	0.000684504
4.2646	0.000928255
4.2647	0.000800735
4.2648	0.00055897
4.2649	0.000574056
4.265	0.000810471
4.2651	0.000668009
4.2652	0.000518893
4.2653	0.000604136
4.2654	0.000631214
4.2655	0.000533799
4.2656	0.000464171
4.2657	0.000612353
4.2658	0.000820091
4.2659	0.000449098
4.266	0.000537222
4.2661	0.000689964
4.2662	0.000516363
4.2663	0.000419904
4.2664	0.000601472
4.2665	0.000526974
4.2666	0.000755549
4.2667	0.000743087
4.2668	0.000644502
4.2669	0.000562947
4.267	0.000725174
4.2671	0.000596256
4.2672	0.000594518
4.2673	0.000705704
4.2674	0.000696917
4.2675	0.000742206
4.2676	0.000479497
4.2677	0.000511953
4.2678	0.000649285
4.2679	0.000509383
4.268	0.000600024
4.2681	0.000524429
4.2682	0.000481105
4.2683	0.000778319
4.2684	0.000601074
4.2685	0.000653595
4.2686	0.00056413
4.2687	0.000581784
4.2688	0.000629591
4.2689	0.000738017
4.269	0.000606279
4.2691	0.000613903
4.2692	0.000440145
4.2693	0.000656094
4.2694	0.000827866
4.2695	0.000752609
4.2696	0.000538449
4.2697	0.000474201
4.2698	0.000534914
4.2699	0.000619017
4.27	0.000533344
4.2701	0.00072993
4.2702	0.000744133
4.2703	0.000533316
4.2704	0.000605877
4.2705	0.000641105
4.2706	0.000669267
4.2707	0.000654996
4.2708	0.000445898
4.2709	0.000664962
4.271	0.000668053
4.2711	0.000670681
4.2712	0.000797279
4.2713	0.000535719
4.2714	0.000566375
4.2715	0.000641392
4.2716	0.000680964
4.2717	0.000627974
4.2718	0.00047088
4.2719	0.000540275
4.272	0.000575601
4.2721	0.000540094
4.2722	0.000604097
4.2723	0.000604842
4.2724	0.000480479
4.2725	0.000649728
4.2726	0.000577419
4.2727	0.000666935
4.2728	0.000576476
4.2729	0.00049877
4.273	0.000545077
4.2731	0.000679484
4.2732	0.000498371
4.2733	0.000617043
4.2734	0.000518837
4.2735	0.000624516
4.2736	0.000865609
4.2737	0.000727613
4.2738	0.000573966
4.2739	0.000683124
4.274	0.00048259
4.2741	0.000507413
4.2742	0.000516354
4.2743	0.000521428
4.2744	0.000628354
4.2745	0.000531272
4.2746	0.0005953
4.2747	0.000628572
4.2748	0.000670946
4.2749	0.000742126
4.275	0.000701706
4.2751	0.00048145
4.2752	0.000530169
4.2753	0.000420576
4.2754	0.000471996
4.2755	0.000633804
4.2756	0.000618323
4.2757	0.000692809
4.2758	0.000628591
4.2759	0.000657355
4.276	0.000672962
4.2761	0.000735074
4.2762	0.000530497
4.2763	0.000447186
4.2764	0.00050035
4.2765	0.000574606
4.2766	0.00071571
4.2767	0.000632921
4.2768	0.000726582
4.2769	0.000400528
4.277	0.000679538
4.2771	0.000727533
4.2772	0.000490725
4.2773	0.000543675
4.2774	0.000576714
4.2775	0.000512368
4.2776	0.000437805
4.2777	0.000665676
4.2778	0.000742836
4.2779	0.000696975
4.278	0.000648828
4.2781	0.000717006
4.2782	0.000717293
4.2783	0.000604956
4.2784	0.000508443
4.2785	0.000614834
4.2786	0.000503365
4.2787	0.000653289
4.2788	0.000691646
4.2789	0.000507249
4.279	0.000462881
4.2791	0.00065655
4.2792	0.000629798
4.2793	0.000760369
4.2794	0.000484711
4.2795	0.000547933
4.2796	0.000439306
4.2797	0.00060076
4.2798	0.000446669
4.2799	0.000480056
4.28	0.000460842
4.2801	0.000510941
4.2802	0.000709288
4.2803	0.000629816
4.2804	0.000677827
4.2805	0.000495225
4.2806	0.000651935
4.2807	0.000500593
4.2808	0.000591593
4.2809	0.000611907
4.281	0.00064464
4.2811	0.000446221
4.2812	0.000444296
4.2813	0.000552695
4.2814	0.000712073
4.2815	0.00048019
4.2816	0.000536774
4.2817	0.000474078
4.2818	0.000493537
4.2819	0.0005611
4.282	0.000464136
4.2821	0.00049919
4.2822	0.000639693
4.2823	0.00056512
4.2824	0.000489544
4.2825	0.000598568
4.2826	0.000646542
4.2827	0.000520901
4.2828	0.000561049
4.2829	0.00046239
4.283	0.000544115
4.2831	0.000542116
4.2832	0.000533822
4.2833	0.000642926
4.2834	0.000583832
4.2835	0.00066877
4.2836	0.000577413
4.2837	0.000456437
4.2838	0.000364995
4.2839	0.000461566
4.284	0.000559808
4.2841	0.000365365
4.2842	0.000487102
4.2843	0.000355837
4.2844	0.000596635
4.2845	0.000672965
4.2846	0.000355688
4.2847	0.000456221
4.2848	0.000670522
4.2849	0.000569695
4.285	0.000807165
4.2851	0.000521934
4.2852	0.000425411
4.2853	0.000591739
4.2854	0.000485962
4.2855	0.000559212
4.2856	0.000558447
4.2857	0.000522114
4.2858	0.000547311
4.2859	0.000544844
4.286	0.000436953
4.2861	0.00039869
4.2862	0.000671466
4.2863	0.00051827
4.2864	0.000499385
4.2865	0.000410482
4.2866	0.000529894
4.2867	0.00061506
4.2868	0.000444806
4.2869	0.000583435
4.287	0.000624028
4.2871	0.000771095
4.2872	0.000634072
4.2873	0.000644921
4.2874	0.000508827
4.2875	0.000628823
4.2876	0.0005948
4.2877	0.000563304
4.2878	0.000473303
4.2879	0.000495368
4.288	0.000502721
4.2881	0.000585275
4.2882	0.000530407
4.2883	0.000568717
4.2884	0.000545746
4.2885	0.000585201
4.2886	0.000534554
4.2887	0.000736089
4.2888	0.000525245
4.2889	0.000695817
4.289	0.000456686
4.2891	0.000480994
4.2892	0.000403227
4.2893	0.000667281
4.2894	0.000601604
4.2895	0.000732798
4.2896	0.000586176
4.2897	0.000430551
4.2898	0.000520657
4.2899	0.000439683
4.29	0.00071132
4.2901	0.000467426
4.2902	0.000431065
4.2903	0.000490709
4.2904	0.0004688
4.2905	0.00054871
4.2906	0.000763824
4.2907	0.000692466
4.2908	0.000692357
4.2909	0.000847025
4.291	0.000660971
4.2911	0.000717965
4.2912	0.000684505
4.2913	0.000617413
4.2914	0.000721656
4.2915	0.000503401
4.2916	0.000665488
4.2917	0.000649907
4.2918	0.000530006
4.2919	0.00057142
4.292	0.000527641
4.2921	0.000535957
4.2922	0.000533661
4.2923	0.000725187
4.2924	0.000679238
4.2925	0.000599833
4.2926	0.000520257
4.2927	0.000405178
4.2928	0.000411759
4.2929	0.000570541
4.293	0.000573612
4.2931	0.000597889
4.2932	0.000581766
4.2933	0.000700974
4.2934	0.000736348
4.2935	0.000744162
4.2936	0.000568943
4.2937	0.000642218
4.2938	0.000822149
4.2939	0.00051193
4.294	0.000725142
4.2941	0.000493108
4.2942	0.000585367
4.2943	0.000484064
4.2944	0.000442649
4.2945	0.000499861
4.2946	0.000677734
4.2947	0.00050085
4.2948	0.000412413
4.2949	0.000361391
4.295	0.000451363
4.2951	0.000514964
4.2952	0.000668685
4.2953	0.000747538
4.2954	0.000563164
4.2955	0.000701236
4.2956	0.000686609
4.2957	0.000490632
4.2958	0.000663938
4.2959	0.000775654
4.296	0.000772453
4.2961	0.000672345
4.2962	0.000708979
4.2963	0.000513868
4.2964	0.000506403
4.2965	0.000582765
4.2966	0.000585397
4.2967	0.00058509
4.2968	0.0005154
4.2969	0.000494821
4.297	0.000494301
4.2971	0.000520731
4.2972	0.000412748
4.2973	0.000520074
4.2974	0.000436686
4.2975	0.00046914
4.2976	0.000783889
4.2977	0.00077522
4.2978	0.000583514
4.2979	0.000762195
4.298	0.000780688
4.2981	0.000465823
4.2982	0.000837317
4.2983	0.000522928
4.2984	0.000775469
4.2985	0.000485788
4.2986	0.000724882
4.2987	0.000650382
4.2988	0.000519406
4.2989	0.000506681
4.299	0.000475694
4.2991	0.000542765
4.2992	0.000483456
4.2993	0.000451635
4.2994	0.000379936
4.2995	0.000424987
4.2996	0.000359587
4.2997	0.000596966
4.2998	0.000548226
4.2999	0.000655945
4.3	0.00049934
4.3001	0.000600075
4.3002	0.000721546
4.3003	0.000883861
4.3004	0.000748561
4.3005	0.000549675
4.3006	0.000710649
4.3007	0.000642304
4.3008	0.000706266
4.3009	0.00052914
4.301	0.000477308
4.3011	0.000470824
4.3012	0.000508343
4.3013	0.000514989
4.3014	0.000563127
4.3015	0.000647231
4.3016	0.000428865
4.3017	0.000515808
4.3018	0.00052328
4.3019	0.000538779
4.302	0.000616717
4.3021	0.000590885
4.3022	0.000526562
4.3023	0.000712653
4.3024	0.000752501
4.3025	0.00063319
4.3026	0.000459141
4.3027	0.0007411
4.3028	0.000756539
4.3029	0.000689863
4.303	0.000579423
4.3031	0.000680482
4.3032	0.000736031
4.3033	0.000654288
4.3034	0.000470282
4.3035	0.000666026
4.3036	0.000554473
4.3037	0.000616351
4.3038	0.000602814
4.3039	0.000638708
4.304	0.000776228
4.3041	0.000591639
4.3042	0.000727462
4.3043	0.00063147
4.3044	0.000616275
4.3045	0.00049484
4.3046	0.000654428
4.3047	0.000557378
4.3048	0.000727357
4.3049	0.000516847
4.305	0.000527615
4.3051	0.000636512
4.3052	0.000614663
4.3053	0.000505191
4.3054	0.000593998
4.3055	0.000463261
4.3056	0.000604653
4.3057	0.000682628
4.3058	0.000624475
4.3059	0.00072849
4.306	0.000574306
4.3061	0.000589344
4.3062	0.00057198
4.3063	0.00063255
4.3064	0.000515268
4.3065	0.000422093
4.3066	0.000517693
4.3067	0.000808466
4.3068	0.000706685
4.3069	0.000758708
4.307	0.000543013
4.3071	0.000746036
4.3072	0.000617942
4.3073	0.000733653
4.3074	0.000669594
4.3075	0.000448868
4.3076	0.000566072
4.3077	0.000675328
4.3078	0.000581866
4.3079	0.000585005
4.308	0.000652384
4.3081	0.00052689
4.3082	0.000548769
4.3083	0.000512517
4.3084	0.000628542
4.3085	0.000630175
4.3086	0.000577904
4.3087	0.000598823
4.3088	0.000603674
4.3089	0.000534759
4.309	0.000679802
4.3091	0.000496742
4.3092	0.000542471
4.3093	0.000691525
4.3094	0.000667174
4.3095	0.000517594
4.3096	0.000791148
4.3097	0.000451993
4.3098	0.000540479
4.3099	0.000492562
4.31	0.000597263
4.3101	0.00071902
4.3102	0.000516055
4.3103	0.000741995
4.3104	0.000629119
4.3105	0.000570664
4.3106	0.00096847
4.3107	0.000586444
4.3108	0.000478875
4.3109	0.000491675
4.311	0.000428813
4.3111	0.00053353
4.3112	0.000599178
4.3113	0.000753698
4.3114	0.000654977
4.3115	0.000654059
4.3116	0.000894529
4.3117	0.000848188
4.3118	0.000792672
4.3119	0.000634469
4.312	0.0005004
4.3121	0.000539258
4.3122	0.000721805
4.3123	0.00052029
4.3124	0.000641228
4.3125	0.000696847
4.3126	0.000481479
4.3127	0.000539268
4.3128	0.000867981
4.3129	0.000499513
4.313	0.000491295
4.3131	0.000509512
4.3132	0.000538648
4.3133	0.000565347
4.3134	0.000741167
4.3135	0.000771807
4.3136	0.000561988
4.3137	0.0007148
4.3138	0.000714855
4.3139	0.000798265
4.314	0.000718291
4.3141	0.000451079
4.3142	0.000569663
4.3143	0.000699468
4.3144	0.000562431
4.3145	0.000856505
4.3146	0.000628259
4.3147	0.000623039
4.3148	0.000631293
4.3149	0.000561434
4.315	0.000722079
4.3151	0.000465401
4.3152	0.000545059
4.3153	0.000419421
4.3154	0.000518641
4.3155	0.00040842
4.3156	0.000388675
4.3157	0.000483562
4.3158	0.000602869
4.3159	0.00068955
4.316	0.000657264
4.3161	0.000747798
4.3162	0.000759661
4.3163	0.000551669
4.3164	0.000474701
4.3165	0.000455857
4.3166	0.00069507
4.3167	0.000576741
4.3168	0.0006475
4.3169	0.000467398
4.317	0.000609312
4.3171	0.00072442
4.3172	0.00041008
4.3173	0.000480094
4.3174	0.000492748
4.3175	0.000521245
4.3176	0.000493255
4.3177	0.000469172
4.3178	0.00043739
4.3179	0.000702595
4.318	0.00065457
4.3181	0.000512752
4.3182	0.000453144
4.3183	0.000600613
4.3184	0.000570936
4.3185	0.000569468
4.3186	0.00038205
4.3187	0.000552627
4.3188	0.000479283
4.3189	0.000743749
4.319	0.000580811
4.3191	0.000768355
4.3192	0.00072799
4.3193	0.000521382
4.3194	0.000458199
4.3195	0.000394357
4.3196	0.000423372
4.3197	0.000510552
4.3198	0.000440576
4.3199	0.000384872
4.32	0.000403472
4.3201	0.000555074
4.3202	0.000734106
4.3203	0.000369851
4.3204	0.000529368
4.3205	0.000589605
4.3206	0.000779167
4.3207	0.000781664
4.3208	0.000450184
4.3209	0.000444247
4.321	0.00062108
4.3211	0.000449667
4.3212	0.000504537
4.3213	0.00058086
4.3214	0.000445136
4.3215	0.000758758
4.3216	0.000544377
4.3217	0.00050242
4.3218	0.000650029
4.3219	0.00064581
4.322	0.000589991
4.3221	0.000428287
4.3222	0.000412562
4.3223	0.000641913
4.3224	0.000620524
4.3225	0.000413614
4.3226	0.000600459
4.3227	0.000611626
4.3228	0.000646665
4.3229	0.000661719
4.323	0.000510832
4.3231	0.000645553
4.3232	0.000542365
4.3233	0.000515692
4.3234	0.000658936
4.3235	0.000437227
4.3236	0.000512461
4.3237	0.000488931
4.3238	0.000764231
4.3239	0.000574443
4.324	0.000593503
4.3241	0.000588563
4.3242	0.000551882
4.3243	0.000528235
4.3244	0.000638318
4.3245	0.000558081
4.3246	0.0006295
4.3247	0.000432865
4.3248	0.000476931
4.3249	0.000496276
4.325	0.000653565
4.3251	0.000609542
4.3252	0.000706126
4.3253	0.000543016
4.3254	0.000511895
4.3255	0.000685586
4.3256	0.000604134
4.3257	0.0006272
4.3258	0.000489785
4.3259	0.000486948
4.326	0.000501022
4.3261	0.0004877
4.3262	0.00061959
4.3263	0.000554693
4.3264	0.000603002
4.3265	0.00060383
4.3266	0.000783251
4.3267	0.000808728
4.3268	0.000708316
4.3269	0.000754047
4.327	0.000508971
4.3271	0.000649066
4.3272	0.000653418
4.3273	0.000628025
4.3274	0.000805159
4.3275	0.000621751
4.3276	0.000529909
4.3277	0.000479354
4.3278	0.000472224
4.3279	0.000620732
4.328	0.00062603
4.3281	0.000641738
4.3282	0.000607967
4.3283	0.000507697
4.3284	0.000516304
4.3285	0.000452232
4.3286	0.000564425
4.3287	0.000568905
4.3288	0.00072395
4.3289	0.00059202
4.329	0.000686532
4.3291	0.000688965
4.3292	0.000668914
4.3293	0.000529196
4.3294	0.000623498
4.3295	0.000623442
4.3296	0.000654301
4.3297	0.00056137
4.3298	0.000475782
4.3299	0.000608194
4.33	0.000514295
4.3301	0.000553019
4.3302	0.000560256
4.3303	0.000663952
4.3304	0.000529294
4.3305	0.000375937
4.3306	0.000500231
4.3307	0.000456062
4.3308	0.00052337
4.3309	0.000638748
4.331	0.000611968
4.3311	0.000490127
4.3312	0.000724016
4.3313	0.000683081
4.3314	0.000775365
4.3315	0.000527335
4.3316	0.000751694
4.3317	0.00069736
4.3318	0.000635359
4.3319	0.00077685
4.332	0.000421876
4.3321	0.000503931
4.3322	0.000714777
4.3323	0.000567386
4.3324	0.000649684
4.3325	0.000386737
4.3326	0.000414605
4.3327	0.000494008
4.3328	0.000554435
4.3329	0.000514372
4.333	0.00044241
4.3331	0.000506675
4.3332	0.000519347
4.3333	0.000580699
4.3334	0.00077473
4.3335	0.000547559
4.3336	0.000689469
4.3337	0.00077003
4.3338	0.00079057
4.3339	0.000646803
4.334	0.000533841
4.3341	0.000606867
4.3342	0.000627986
4.3343	0.000609195
4.3344	0.000567818
4.3345	0.000871016
4.3346	0.000470165
4.3347	0.000706544
4.3348	0.000489998
4.3349	0.0005154
4.335	0.00054956
4.3351	0.000468449
4.3352	0.000332504
4.3353	0.000382786
4.3354	0.000547763
4.3355	0.000584791
4.3356	0.000663024
4.3357	0.000489421
4.3358	0.00063731
4.3359	0.000853368
4.336	0.000700567
4.3361	0.000667009
4.3362	0.000519522
4.3363	0.000624095
4.3364	0.00072946
4.3365	0.00052465
4.3366	0.000561176
4.3367	0.000481049
4.3368	0.000470552
4.3369	0.000569234
4.337	0.000575001
4.3371	0.000677269
4.3372	0.000550686
4.3373	0.00054442
4.3374	0.000643892
4.3375	0.00043248
4.3376	0.000549632
4.3377	0.000704517
4.3378	0.000567461
4.3379	0.000684413
4.338	0.000581577
4.3381	0.000661936
4.3382	0.000648651
4.3383	0.000657367
4.3384	0.000597237
4.3385	0.000737891
4.3386	0.000709356
4.3387	0.000518958
4.3388	0.000660382
4.3389	0.000608212
4.339	0.000495761
4.3391	0.000481086
4.3392	0.000553088
4.3393	0.000541332
4.3394	0.000579403
4.3395	0.000527157
4.3396	0.000619129
4.3397	0.000631023
4.3398	0.00063078
4.3399	0.000772223
4.34	0.000555703
4.3401	0.000755533
4.3402	0.000761795
4.3403	0.000675365
4.3404	0.00050782
4.3405	0.00064886
4.3406	0.000697973
4.3407	0.000794438
4.3408	0.000828903
4.3409	0.000671861
4.341	0.00056181
4.3411	0.000620491
4.3412	0.00041397
4.3413	0.000589323
4.3414	0.000716442
4.3415	0.000687085
4.3416	0.000532535
4.3417	0.000647957
4.3418	0.00062155
4.3419	0.000723277
4.342	0.000512882
4.3421	0.00054843
4.3422	0.000499795
4.3423	0.000692938
4.3424	0.000865907
4.3425	0.000792826
4.3426	0.000513323
4.3427	0.000610941
4.3428	0.000738155
4.3429	0.000896832
4.343	0.000829658
4.3431	0.000538744
4.3432	0.000555732
4.3433	0.000622483
4.3434	0.000675467
4.3435	0.00057102
4.3436	0.00062398
4.3437	0.000526936
4.3438	0.000560965
4.3439	0.000606834
4.344	0.000536273
4.3441	0.000670203
4.3442	0.000596403
4.3443	0.000438096
4.3444	0.000533214
4.3445	0.000668742
4.3446	0.000474038
4.3447	0.000618585
4.3448	0.00063332
4.3449	0.000511323
4.345	0.0006181
4.3451	0.00068882
4.3452	0.000567383
4.3453	0.00069857
4.3454	0.000492242
4.3455	0.000575355
4.3456	0.000552662
4.3457	0.000556607
4.3458	0.000643779
4.3459	0.000612513
4.346	0.000661981
4.3461	0.000522345
4.3462	0.000470007
4.3463	0.000961846
4.3464	0.000538253
4.3465	0.000685174
4.3466	0.000668728
4.3467	0.00041081
4.3468	0.000488595
4.3469	0.000639998
4.347	0.000769461
4.3471	0.00068201
4.3472	0.00062561
4.3473	0.000628754
4.3474	0.000729074
4.3475	0.000721507
4.3476	0.000614184
4.3477	0.000436507
4.3478	0.000474739
4.3479	0.000654651
4.348	0.000518953
4.3481	0.00059164
4.3482	0.000700157
4.3483	0.000589296
4.3484	0.000567467
4.3485	0.000731258
4.3486	0.000548902
4.3487	0.000532194
4.3488	0.000427015
4.3489	0.000494353
4.349	0.000743219
4.3491	0.000754052
4.3492	0.000693022
4.3493	0.000699282
4.3494	0.000629309
4.3495	0.000624321
4.3496	0.00071523
4.3497	0.000729554
4.3498	0.000558064
4.3499	0.000489738
4.35	0.000647785
4.3501	0.00056618
4.3502	0.000816044
4.3503	0.000564485
4.3504	0.000681461
4.3505	0.00069038
4.3506	0.000697318
4.3507	0.000461122
4.3508	0.000480555
4.3509	0.000573141
4.351	0.000611955
4.3511	0.000422839
4.3512	0.000376711
4.3513	0.000442085
4.3514	0.000430372
4.3515	0.000600564
4.3516	0.000694013
4.3517	0.000812516
4.3518	0.000584619
4.3519	0.000742152
4.352	0.000430897
4.3521	0.000536903
4.3522	0.00042329
4.3523	0.000623574
4.3524	0.000529881
4.3525	0.000604053
4.3526	0.000504262
4.3527	0.000516074
4.3528	0.000696409
4.3529	0.000477471
4.353	0.000585443
4.3531	0.000531502
4.3532	0.000527647
4.3533	0.000618588
4.3534	0.000361097
4.3535	0.000545046
4.3536	0.000575704
4.3537	0.000640209
4.3538	0.000549443
4.3539	0.00042638
4.354	0.000620592
4.3541	0.000600765
4.3542	0.000549932
4.3543	0.000413141
4.3544	0.000685919
4.3545	0.000369899
4.3546	0.000605066
4.3547	0.000588975
4.3548	0.000622399
4.3549	0.000732951
4.355	0.000463151
4.3551	0.000381046
4.3552	0.000464095
4.3553	0.000480706
4.3554	0.000474817
4.3555	0.000476079
4.3556	0.000389251
4.3557	0.000413484
4.3558	0.000568514
4.3559	0.000675782
4.356	0.000416547
4.3561	0.000504408
4.3562	0.00073516
4.3563	0.000591075
4.3564	0.000762234
4.3565	0.000494168
4.3566	0.000412919
4.3567	0.000593663
4.3568	0.000460735
4.3569	0.000404529
4.357	0.000585488
4.3571	0.00047453
4.3572	0.000639741
4.3573	0.000582855
4.3574	0.000451106
4.3575	0.000513552
4.3576	0.000721907
4.3577	0.000484868
4.3578	0.000504029
4.3579	0.000408009
4.358	0.000567016
4.3581	0.00059184
4.3582	0.000398297
4.3583	0.000522291
4.3584	0.000470833
4.3585	0.000809303
4.3586	0.000639524
4.3587	0.000475229
4.3588	0.000507567
4.3589	0.000583011
4.359	0.00049627
4.3591	0.00058359
4.3592	0.000390369
4.3593	0.000525198
4.3594	0.000765149
4.3595	0.000681012
4.3596	0.00081657
4.3597	0.000606177
4.3598	0.00057316
4.3599	0.000454874
4.36	0.000525136
4.3601	0.000662527
4.3602	0.000626224
4.3603	0.000706048
4.3604	0.000418482
4.3605	0.000465061
4.3606	0.000570089
4.3607	0.000667262
4.3608	0.000683702
4.3609	0.00053437
4.361	0.000682796
4.3611	0.000603489
4.3612	0.000615376
4.3613	0.000519708
4.3614	0.000726784
4.3615	0.000538142
4.3616	0.000504705
4.3617	0.000475074
4.3618	0.000540866
4.3619	0.000680754
4.362	0.000552761
4.3621	0.000583459
4.3622	0.000650847
4.3623	0.000804136
4.3624	0.000621899
4.3625	0.000620383
4.3626	0.000689199
4.3627	0.000757626
4.3628	0.000520842
4.3629	0.000543727
4.363	0.000643495
4.3631	0.000647744
4.3632	0.000593091
4.3633	0.000506528
4.3634	0.000634764
4.3635	0.000435373
4.3636	0.0006595
4.3637	0.000693638
4.3638	0.000588461
4.3639	0.00069933
4.364	0.000445074
4.3641	0.000421778
4.3642	0.00058243
4.3643	0.000552981
4.3644	0.000647051
4.3645	0.000650125
4.3646	0.000606824
4.3647	0.0007428
4.3648	0.000755192
4.3649	0.000559437
4.365	0.000457826
4.3651	0.000708468
4.3652	0.000861895
4.3653	0.000805832
4.3654	0.000425991
4.3655	0.000569282
4.3656	0.000527674
4.3657	0.00047745
4.3658	0.000544172
4.3659	0.000781459
4.366	0.000545477
4.3661	0.000415694
4.3662	0.000461629
4.3663	0.000417892
4.3664	0.000569388
4.3665	0.000695006
4.3666	0.000564211
4.3667	0.000682298
4.3668	0.000533356
4.3669	0.000795916
4.367	0.000566099
4.3671	0.000724631
4.3672	0.00059965
4.3673	0.000683403
4.3674	0.000726234
4.3675	0.00066137
4.3676	0.000878508
4.3677	0.000406294
4.3678	0.000488767
4.3679	0.000812879
4.368	0.000516657
4.3681	0.000584207
4.3682	0.000385659
4.3683	0.000371162
4.3684	0.000473077
4.3685	0.00058737
4.3686	0.000564096
4.3687	0.000422175
4.3688	0.000459572
4.3689	0.00078217
4.369	0.000808297
4.3691	0.000544573
4.3692	0.000649823
4.3693	0.000747128
4.3694	0.000713894
4.3695	0.000743823
4.3696	0.000612902
4.3697	0.000865607
4.3698	0.000581554
4.3699	0.000671052
4.37	0.000708025
4.3701	0.000499412
4.3702	0.000755807
4.3703	0.000549018
4.3704	0.000474466
4.3705	0.000580694
4.3706	0.000493228
4.3707	0.000531583
4.3708	0.000424876
4.3709	0.000428458
4.371	0.000607491
4.3711	0.000440321
4.3712	0.000525503
4.3713	0.000746205
4.3714	0.000535005
4.3715	0.000686997
4.3716	0.000764836
4.3717	0.000866636
4.3718	0.000652214
4.3719	0.000575864
4.372	0.00062454
4.3721	0.000573054
4.3722	0.000623133
4.3723	0.000587685
4.3724	0.000483398
4.3725	0.000408589
4.3726	0.00058146
4.3727	0.000576481
4.3728	0.000714581
4.3729	0.000492948
4.373	0.000500879
4.3731	0.000658015
4.3732	0.000410846
4.3733	0.00053029
4.3734	0.000607263
4.3735	0.000616658
4.3736	0.000720028
4.3737	0.000615108
4.3738	0.000684055
4.3739	0.000645263
4.374	0.000636538
4.3741	0.00056386
4.3742	0.000729446
4.3743	0.000798287
4.3744	0.000672664
4.3745	0.000668635
4.3746	0.000577542
4.3747	0.000474633
4.3748	0.000487776
4.3749	0.000504652
4.375	0.000613711
4.3751	0.000682831
4.3752	0.000537863
4.3753	0.000654576
4.3754	0.000595057
4.3755	0.000638846
4.3756	0.000699805
4.3757	0.000484901
4.3758	0.000765097
4.3759	0.00060344
4.376	0.000604991
4.3761	0.000410781
4.3762	0.000637386
4.3763	0.000747227
4.3764	0.000764724
4.3765	0.000745221
4.3766	0.000553273
4.3767	0.000555736
4.3768	0.000618956
4.3769	0.00044799
4.377	0.000585899
4.3771	0.00079997
4.3772	0.000751919
4.3773	0.000506202
4.3774	0.000686162
4.3775	0.000571978
4.3776	0.000594597
4.3777	0.000649776
4.3778	0.000462227
4.3779	0.000441858
4.378	0.000605067
4.3781	0.000739059
4.3782	0.00079758
4.3783	0.000536462
4.3784	0.000553759
4.3785	0.000715027
4.3786	0.000826558
4.3787	0.000696115
4.3788	0.000464413
4.3789	0.000620109
4.379	0.000668377
4.3791	0.00057886
4.3792	0.000498484
4.3793	0.000715601
4.3794	0.000508923
4.3795	0.000612087
4.3796	0.00062416
4.3797	0.00055939
4.3798	0.000642012
4.3799	0.00061626
4.38	0.00040183
4.3801	0.000518592
4.3802	0.000711413
4.3803	0.000491587
4.3804	0.000550843
4.3805	0.000603808
4.3806	0.000622533
4.3807	0.000776569
4.3808	0.000673733
4.3809	0.000743524
4.381	0.000439682
4.3811	0.000456813
4.3812	0.000573534
4.3813	0.00080687
4.3814	0.000718775
4.3815	0.000620987
4.3816	0.00054913
4.3817	0.000624563
4.3818	0.000554206
4.3819	0.000726497
4.382	0.00101892
4.3821	0.000501338
4.3822	0.000428551
4.3823	0.000558566
4.3824	0.000406708
4.3825	0.000505283
4.3826	0.000641723
4.3827	0.000782545
4.3828	0.000718763
4.3829	0.00060478
4.383	0.000790405
4.3831	0.000681856
4.3832	0.000709734
4.3833	0.000469691
4.3834	0.000495757
4.3835	0.000536655
4.3836	0.000611764
4.3837	0.000620551
4.3838	0.000603936
4.3839	0.000503167
4.384	0.000577623
4.3841	0.000463354
4.3842	0.000739456
4.3843	0.000464826
4.3844	0.000541868
4.3845	0.0004963
4.3846	0.000469188
4.3847	0.000600239
4.3848	0.000679763
4.3849	0.000688601
4.385	0.00088424
4.3851	0.000567848
4.3852	0.000636635
4.3853	0.000631589
4.3854	0.000588311
4.3855	0.00066789
4.3856	0.000472381
4.3857	0.000760216
4.3858	0.000603435
4.3859	0.000594053
4.386	0.000539144
4.3861	0.000547195
4.3862	0.000533817
4.3863	0.000749533
4.3864	0.000507888
4.3865	0.000454063
4.3866	0.00050319
4.3867	0.000572363
4.3868	0.000432359
4.3869	0.000394003
4.387	0.000488494
4.3871	0.000485643
4.3872	0.000564317
4.3873	0.000653704
4.3874	0.000739429
4.3875	0.000742527
4.3876	0.000703962
4.3877	0.000430507
4.3878	0.000573286
4.3879	0.000492511
4.388	0.000642591
4.3881	0.000529943
4.3882	0.000526629
4.3883	0.000537671
4.3884	0.000477124
4.3885	0.000688858
4.3886	0.000331211
4.3887	0.000542217
4.3888	0.000530113
4.3889	0.000532619
4.389	0.0004855
4.3891	0.000383409
4.3892	0.000530735
4.3893	0.000549682
4.3894	0.000636469
4.3895	0.000586979
4.3896	0.000525412
4.3897	0.000679443
4.3898	0.000530426
4.3899	0.000539611
4.39	0.000415022
4.3901	0.000601611
4.3902	0.000425398
4.3903	0.000634421
4.3904	0.000537589
4.3905	0.00055514
4.3906	0.000704685
4.3907	0.000481398
4.3908	0.000423815
4.3909	0.00042706
4.391	0.000490634
4.3911	0.000425296
4.3912	0.000503611
4.3913	0.000331014
4.3914	0.000420187
4.3915	0.000542661
4.3916	0.000686174
4.3917	0.000452222
4.3918	0.000487602
4.3919	0.000783221
4.392	0.000591057
4.3921	0.00068317
4.3922	0.000419719
4.3923	0.00049588
4.3924	0.000547609
4.3925	0.000452021
4.3926	0.000383731
4.3927	0.000781469
4.3928	0.000465763
4.3929	0.000662654
4.393	0.000514193
4.3931	0.000512929
4.3932	0.000521964
4.3933	0.000574881
4.3934	0.000399119
4.3935	0.000548453
4.3936	0.000415034
4.3937	0.000547933
4.3938	0.000617999
4.3939	0.000392922
4.394	0.000596391
4.3941	0.000462162
4.3942	0.00065863
4.3943	0.000553398
4.3944	0.000392483
4.3945	0.000535815
4.3946	0.000575971
4.3947	0.000593805
4.3948	0.00051603
4.3949	0.000433812
4.395	0.000507281
4.3951	0.000695341
4.3952	0.000708196
4.3953	0.000648359
4.3954	0.000468805
4.3955	0.000503153
4.3956	0.000555667
4.3957	0.000397951
4.3958	0.000745991
4.3959	0.000623944
4.396	0.000654069
4.3961	0.000480664
4.3962	0.000441455
4.3963	0.000573514
4.3964	0.000555088
4.3965	0.000756963
4.3966	0.000540809
4.3967	0.000519656
4.3968	0.000666727
4.3969	0.000629297
4.397	0.000635646
4.3971	0.000692095
4.3972	0.000482219
4.3973	0.000582997
4.3974	0.000501205
4.3975	0.000542338
4.3976	0.0005728
4.3977	0.000738382
4.3978	0.000584356
4.3979	0.000636479
4.398	0.000626284
4.3981	0.000726386
4.3982	0.000669959
4.3983	0.000730218
4.3984	0.000704095
4.3985	0.000546967
4.3986	0.000571393
4.3987	0.000545353
4.3988	0.000651182
4.3989	0.000701964
4.399	0.000453743
4.3991	0.000589493
4.3992	0.000549271
4.3993	0.000583712
4.3994	0.000662249
4.3995	0.000629944
4.3996	0.000559028
4.3997	0.000587994
4.3998	0.000429351
4.3999	0.000589263
4.4	0.000528282
4.4001	0.000592253
4.4002	0.000679866
4.4003	0.000632133
4.4004	0.000830447
4.4005	0.000805
4.4006	0.000599241
4.4007	0.000476635
4.4008	0.000651052
4.4009	0.00087299
4.401	0.000750113
4.4011	0.000473472
4.4012	0.000598545
4.4013	0.000490232
4.4014	0.000459093
4.4015	0.000522977
4.4016	0.000508693
4.4017	0.000455575
4.4018	0.00047086
4.4019	0.000395198
4.402	0.00035566
4.4021	0.000594791
4.4022	0.000634829
4.4023	0.000605085
4.4024	0.000583871
4.4025	0.000513888
4.4026	0.000808462
4.4027	0.000528077
4.4028	0.000879078
4.4029	0.000637827
4.403	0.000951504
4.4031	0.000522814
4.4032	0.00067188
4.4033	0.000780225
4.4034	0.000475508
4.4035	0.000555985
4.4036	0.000742573
4.4037	0.000528558
4.4038	0.000616113
4.4039	0.000495079
4.404	0.000440361
4.4041	0.000526556
4.4042	0.000487771
4.4043	0.000572401
4.4044	0.000433853
4.4045	0.000474863
4.4046	0.000800298
4.4047	0.000705928
4.4048	0.000694198
4.4049	0.000584225
4.405	0.000697762
4.4051	0.000759683
4.4052	0.000678788
4.4053	0.00073876
4.4054	0.000725849
4.4055	0.000752337
4.4056	0.000561928
4.4057	0.000528766
4.4058	0.000544715
4.4059	0.000718097
4.406	0.000582558
4.4061	0.000489024
4.4062	0.000518122
4.4063	0.000463717
4.4064	0.000588199
4.4065	0.000487932
4.4066	0.000350993
4.4067	0.0004348
4.4068	0.000666517
4.4069	0.000703855
4.407	0.000701302
4.4071	0.000631051
4.4072	0.00073743
4.4073	0.000836948
4.4074	0.000861992
4.4075	0.000558982
4.4076	0.000843206
4.4077	0.000622305
4.4078	0.000563598
4.4079	0.000661154
4.408	0.000613322
4.4081	0.000577708
4.4082	0.000407195
4.4083	0.000593736
4.4084	0.000585482
4.4085	0.000737106
4.4086	0.000467154
4.4087	0.000573141
4.4088	0.00063787
4.4089	0.000375884
4.409	0.000520732
4.4091	0.000664366
4.4092	0.000621315
4.4093	0.000690216
4.4094	0.000612043
4.4095	0.000868738
4.4096	0.000611869
4.4097	0.000717701
4.4098	0.000510925
4.4099	0.0006389
4.41	0.000721712
4.4101	0.000670561
4.4102	0.000711677
4.4103	0.00075097
4.4104	0.00042304
4.4105	0.000586891
4.4106	0.000594452
4.4107	0.00063232
4.4108	0.000621881
4.4109	0.000482072
4.411	0.000630628
4.4111	0.000622454
4.4112	0.00058017
4.4113	0.00081409
4.4114	0.000512819
4.4115	0.000631114
4.4116	0.000590209
4.4117	0.00066121
4.4118	0.000558175
4.4119	0.000639969
4.412	0.000648377
4.4121	0.000649627
4.4122	0.000695236
4.4123	0.000587264
4.4124	0.000559536
4.4125	0.000599335
4.4126	0.000439041
4.4127	0.000637276
4.4128	0.000749953
4.4129	0.000740868
4.413	0.000471982
4.4131	0.000690787
4.4132	0.000690877
4.4133	0.00088921
4.4134	0.000504823
4.4135	0.00043356
4.4136	0.000454538
4.4137	0.000524575
4.4138	0.000835065
4.4139	0.000777946
4.414	0.000615568
4.4141	0.000567901
4.4142	0.000725925
4.4143	0.000808319
4.4144	0.000770543
4.4145	0.000477012
4.4146	0.000559086
4.4147	0.00063902
4.4148	0.000557997
4.4149	0.000559233
4.415	0.000658484
4.4151	0.000575258
4.4152	0.000568081
4.4153	0.000481483
4.4154	0.000727806
4.4155	0.000635287
4.4156	0.000598221
4.4157	0.000381311
4.4158	0.000611482
4.4159	0.000686083
4.416	0.000557971
4.4161	0.000544009
4.4162	0.000683377
4.4163	0.000628128
4.4164	0.000599721
4.4165	0.000430611
4.4166	0.000699671
4.4167	0.000514761
4.4168	0.00049742
4.4169	0.000602872
4.417	0.00059063
4.4171	0.000573748
4.4172	0.000634199
4.4173	0.000540115
4.4174	0.000677153
4.4175	0.000574586
4.4176	0.000739845
4.4177	0.000849164
4.4178	0.000523166
4.4179	0.000621849
4.418	0.000623937
4.4181	0.000541396
4.4182	0.000528512
4.4183	0.000594215
4.4184	0.000758256
4.4185	0.000624378
4.4186	0.00058226
4.4187	0.000726741
4.4188	0.000645439
4.4189	0.00074067
4.419	0.000475765
4.4191	0.000497672
4.4192	0.000499562
4.4193	0.000622954
4.4194	0.000649214
4.4195	0.000649032
4.4196	0.000394726
4.4197	0.000622258
4.4198	0.000516114
4.4199	0.000719693
4.42	0.000451214
4.4201	0.000579758
4.4202	0.000550029
4.4203	0.000450581
4.4204	0.000706078
4.4205	0.00070879
4.4206	0.000778539
4.4207	0.000638233
4.4208	0.000542173
4.4209	0.000709931
4.421	0.000756512
4.4211	0.000687183
4.4212	0.000611311
4.4213	0.000503115
4.4214	0.000708319
4.4215	0.000738643
4.4216	0.000545704
4.4217	0.000512408
4.4218	0.00062235
4.4219	0.000657249
4.422	0.000690938
4.4221	0.000509766
4.4222	0.000516793
4.4223	0.000506247
4.4224	0.000553466
4.4225	0.000425784
4.4226	0.00037579
4.4227	0.000575752
4.4228	0.000638282
4.4229	0.000632377
4.423	0.000491634
4.4231	0.000727857
4.4232	0.000674537
4.4233	0.000671402
4.4234	0.000458471
4.4235	0.000535174
4.4236	0.000577108
4.4237	0.000509287
4.4238	0.000528922
4.4239	0.000430389
4.424	0.000555951
4.4241	0.000470714
4.4242	0.00074381
4.4243	0.000423388
4.4244	0.000551383
4.4245	0.000594214
4.4246	0.000550999
4.4247	0.000439062
4.4248	0.000478615
4.4249	0.000487936
4.425	0.000539202
4.4251	0.000676581
4.4252	0.000656212
4.4253	0.000576771
4.4254	0.000689944
4.4255	0.0006244
4.4256	0.000414725
4.4257	0.000425726
4.4258	0.000538393
4.4259	0.000517676
4.426	0.000571724
4.4261	0.000554353
4.4262	0.000557259
4.4263	0.000660633
4.4264	0.000460936
4.4265	0.000465418
4.4266	0.000479863
4.4267	0.000460461
4.4268	0.000486626
4.4269	0.000613411
4.427	0.000386735
4.4271	0.000422244
4.4272	0.000474862
4.4273	0.00059304
4.4274	0.000443129
4.4275	0.000669045
4.4276	0.000743012
4.4277	0.00056376
4.4278	0.000539484
4.4279	0.000422483
4.428	0.000490769
4.4281	0.000517319
4.4282	0.00048193
4.4283	0.000427377
4.4284	0.000733192
4.4285	0.000531728
4.4286	0.000594965
4.4287	0.000510767
4.4288	0.000385921
4.4289	0.000749292
4.429	0.000467627
4.4291	0.000498263
4.4292	0.000420346
4.4293	0.000451881
4.4294	0.000456576
4.4295	0.000612295
4.4296	0.000472068
4.4297	0.000523992
4.4298	0.000513241
4.4299	0.000788389
4.43	0.000656979
4.4301	0.000469514
4.4302	0.000588021
4.4303	0.000486918
4.4304	0.000477671
4.4305	0.00061174
4.4306	0.000478237
4.4307	0.000461413
4.4308	0.000657462
4.4309	0.000616545
4.431	0.000701634
4.4311	0.000584412
4.4312	0.000511696
4.4313	0.000566052
4.4314	0.000697943
4.4315	0.000542148
4.4316	0.00075675
4.4317	0.000446189
4.4318	0.000497728
4.4319	0.000452151
4.432	0.000570291
4.4321	0.000634458
4.4322	0.000722015
4.4323	0.000484649
4.4324	0.000666777
4.4325	0.000517365
4.4326	0.000493123
4.4327	0.000711017
4.4328	0.000519559
4.4329	0.000491912
4.433	0.000536111
4.4331	0.000454497
4.4332	0.000500403
4.4333	0.000721454
4.4334	0.000637634
4.4335	0.000636097
4.4336	0.000742415
4.4337	0.000773991
4.4338	0.000706032
4.4339	0.000532627
4.434	0.000633491
4.4341	0.000656437
4.4342	0.000658258
4.4343	0.00076429
4.4344	0.000528135
4.4345	0.000587939
4.4346	0.000640483
4.4347	0.000512646
4.4348	0.000526191
4.4349	0.000486135
4.435	0.000611821
4.4351	0.000568188
4.4352	0.000666006
4.4353	0.000549757
4.4354	0.00043152
4.4355	0.000430838
4.4356	0.000606689
4.4357	0.000584235
4.4358	0.000567121
4.4359	0.000432625
4.436	0.000651575
4.4361	0.000767194
4.4362	0.000812789
4.4363	0.000608219
4.4364	0.000700377
4.4365	0.000838563
4.4366	0.000592603
4.4367	0.000864503
4.4368	0.000464139
4.4369	0.000621955
4.437	0.00055333
4.4371	0.000473416
4.4372	0.000602503
4.4373	0.000660211
4.4374	0.000721262
4.4375	0.00045773
4.4376	0.000376995
4.4377	0.000432893
4.4378	0.000543908
4.4379	0.000772572
4.438	0.000610779
4.4381	0.000602026
4.4382	0.000554064
4.4383	0.000665968
4.4384	0.000524339
4.4385	0.000628391
4.4386	0.000580541
4.4387	0.000835983
4.4388	0.000636518
4.4389	0.000782796
4.439	0.000625797
4.4391	0.000504224
4.4392	0.000583873
4.4393	0.000606061
4.4394	0.000561169
4.4395	0.000526812
4.4396	0.000386823
4.4397	0.000450227
4.4398	0.000434671
4.4399	0.000440439
4.44	0.000612347
4.4401	0.000408349
4.4402	0.000463263
4.4403	0.000624018
4.4404	0.000685601
4.4405	0.00066762
4.4406	0.000588157
4.4407	0.000861198
4.4408	0.000617964
4.4409	0.000865632
4.441	0.000636857
4.4411	0.000655783
4.4412	0.00066311
4.4413	0.000642248
4.4414	0.000590594
4.4415	0.000561813
4.4416	0.000649524
4.4417	0.000553869
4.4418	0.000454565
4.4419	0.000484802
4.442	0.000489899
4.4421	0.000559802
4.4422	0.000482387
4.4423	0.000353914
4.4424	0.000581071
4.4425	0.000469225
4.4426	0.000569926
4.4427	0.000665521
4.4428	0.000626669
4.4429	0.000714221
4.443	0.000894746
4.4431	0.000881906
4.4432	0.000524465
4.4433	0.000684304
4.4434	0.000776576
4.4435	0.000767059
4.4436	0.000530177
4.4437	0.000576005
4.4438	0.000556913
4.4439	0.000453432
4.444	0.000548891
4.4441	0.000622943
4.4442	0.000745614
4.4443	0.000393896
4.4444	0.000487116
4.4445	0.000607888
4.4446	0.000375529
4.4447	0.000440827
4.4448	0.000694537
4.4449	0.000482505
4.445	0.000783829
4.4451	0.000521521
4.4452	0.000559959
4.4453	0.000521204
4.4454	0.00077255
4.4455	0.000614387
4.4456	0.000543064
4.4457	0.000618585
4.4458	0.00066971
4.4459	0.000795074
4.446	0.00050066
4.4461	0.000502663
4.4462	0.000648546
4.4463	0.000579268
4.4464	0.000571904
4.4465	0.000638427
4.4466	0.000628754
4.4467	0.000702201
4.4468	0.00059206
4.4469	0.000698273
4.447	0.000610933
4.4471	0.00068257
4.4472	0.000716397
4.4473	0.000755743
4.4474	0.000596444
4.4475	0.000774903
4.4476	0.000544472
4.4477	0.000705418
4.4478	0.000718317
4.4479	0.000598042
4.448	0.000563655
4.4481	0.000498687
4.4482	0.000702892
4.4483	0.000561081
4.4484	0.000636998
4.4485	0.000683772
4.4486	0.000734031
4.4487	0.000539865
4.4488	0.000585316
4.4489	0.000670415
4.449	0.000656152
4.4491	0.000685095
4.4492	0.000444153
4.4493	0.000634926
4.4494	0.000729992
4.4495	0.000828675
4.4496	0.000770586
4.4497	0.000558348
4.4498	0.000663586
4.4499	0.000759084
4.45	0.000778741
4.4501	0.00087918
4.4502	0.000493663
4.4503	0.000567853
4.4504	0.000660014
4.4505	0.000498099
4.4506	0.000541993
4.4507	0.000574333
4.4508	0.000563339
4.4509	0.000625431
4.451	0.000547392
4.4511	0.000580577
4.4512	0.000687776
4.4513	0.000610274
4.4514	0.000523953
4.4515	0.000605096
4.4516	0.000492932
4.4517	0.000551449
4.4518	0.000517819
4.4519	0.00061026
4.452	0.000565324
4.4521	0.00073259
4.4522	0.000461573
4.4523	0.000792639
4.4524	0.000498163
4.4525	0.000502704
4.4526	0.000697421
4.4527	0.000869341
4.4528	0.000868158
4.4529	0.000717228
4.453	0.000766568
4.4531	0.000679101
4.4532	0.000619812
4.4533	0.00069434
4.4534	0.000770638
4.4535	0.000557384
4.4536	0.000660164
4.4537	0.000465685
4.4538	0.000427209
4.4539	0.00049108
4.454	0.000494996
4.4541	0.000871048
4.4542	0.000726288
4.4543	0.000658589
4.4544	0.000687056
4.4545	0.000872072
4.4546	0.000541785
4.4547	0.000472292
4.4548	0.000590947
4.4549	0.000616907
4.455	0.00064061
4.4551	0.000662927
4.4552	0.000732751
4.4553	0.000600863
4.4554	0.000678477
4.4555	0.000740268
4.4556	0.000502664
4.4557	0.0004882
4.4558	0.00075061
4.4559	0.00047559
4.456	0.000456777
4.4561	0.000659464
4.4562	0.000639822
4.4563	0.000707269
4.4564	0.000723372
4.4565	0.00073892
4.4566	0.000678756
4.4567	0.000674811
4.4568	0.000527764
4.4569	0.000582782
4.457	0.000513431
4.4571	0.000618238
4.4572	0.000715194
4.4573	0.000495038
4.4574	0.000536428
4.4575	0.000627961
4.4576	0.000627288
4.4577	0.000580045
4.4578	0.000470412
4.4579	0.000595412
4.458	0.000659115
4.4581	0.000507986
4.4582	0.000472913
4.4583	0.000398559
4.4584	0.000525731
4.4585	0.000584372
4.4586	0.000638396
4.4587	0.000524372
4.4588	0.000681599
4.4589	0.000674975
4.459	0.000644379
4.4591	0.000498712
4.4592	0.000565891
4.4593	0.000595928
4.4594	0.000491081
4.4595	0.000513923
4.4596	0.000438918
4.4597	0.000588636
4.4598	0.000628092
4.4599	0.000515731
4.46	0.000584746
4.4601	0.000470263
4.4602	0.000536395
4.4603	0.000615234
4.4604	0.000466766
4.4605	0.000478918
4.4606	0.00066612
4.4607	0.000420356
4.4608	0.000561408
4.4609	0.000647681
4.461	0.000502956
4.4611	0.000713619
4.4612	0.000585574
4.4613	0.000476896
4.4614	0.000507166
4.4615	0.000521262
4.4616	0.000475065
4.4617	0.000680613
4.4618	0.000657583
4.4619	0.000753842
4.462	0.000615675
4.4621	0.000397565
4.4622	0.000352799
4.4623	0.000399003
4.4624	0.00054154
4.4625	0.000361466
4.4626	0.000434424
4.4627	0.000370223
4.4628	0.000496291
4.4629	0.000488276
4.463	0.000482975
4.4631	0.000490034
4.4632	0.00056303
4.4633	0.000654727
4.4634	0.000646667
4.4635	0.000578652
4.4636	0.000416872
4.4637	0.000554114
4.4638	0.000533413
4.4639	0.000587272
4.464	0.000771618
4.4641	0.000532172
4.4642	0.000520986
4.4643	0.000525075
4.4644	0.000574676
4.4645	0.00043829
4.4646	0.000788394
4.4647	0.000493501
4.4648	0.000451406
4.4649	0.000467773
4.465	0.000577184
4.4651	0.000467213
4.4652	0.000517117
4.4653	0.00057613
4.4654	0.000619582
4.4655	0.000793175
4.4656	0.000484809
4.4657	0.000696539
4.4658	0.000534942
4.4659	0.000421535
4.466	0.000594442
4.4661	0.000615606
4.4662	0.000439607
4.4663	0.000515355
4.4664	0.000676599
4.4665	0.000701296
4.4666	0.000466705
4.4667	0.000622337
4.4668	0.000560837
4.4669	0.00060798
4.467	0.00045039
4.4671	0.000680739
4.4672	0.000571228
4.4673	0.000641555
4.4674	0.000434657
4.4675	0.000576993
4.4676	0.000457201
4.4677	0.00055172
4.4678	0.000538163
4.4679	0.000742459
4.468	0.000542391
4.4681	0.000555335
4.4682	0.000562799
4.4683	0.000472785
4.4684	0.00064785
4.4685	0.000567189
4.4686	0.000523676
4.4687	0.000503204
4.4688	0.000522442
4.4689	0.000566472
4.469	0.00056293
4.4691	0.000694388
4.4692	0.000716073
4.4693	0.000759932
4.4694	0.000817724
4.4695	0.000619921
4.4696	0.000515726
4.4697	0.000501703
4.4698	0.000642631
4.4699	0.000662345
4.47	0.000576391
4.4701	0.000589986
4.4702	0.000572996
4.4703	0.000567525
4.4704	0.000433685
4.4705	0.000532503
4.4706	0.000400482
4.4707	0.000555889
4.4708	0.000639381
4.4709	0.000707024
4.471	0.000493203
4.4711	0.000390905
4.4712	0.000407429
4.4713	0.000579053
4.4714	0.000682948
4.4715	0.000711854
4.4716	0.000405035
4.4717	0.000803367
4.4718	0.000815956
4.4719	0.000845472
4.472	0.000483741
4.4721	0.00074414
4.4722	0.000848191
4.4723	0.000532359
4.4724	0.000745218
4.4725	0.000431205
4.4726	0.000619763
4.4727	0.000602716
4.4728	0.00049762
4.4729	0.000602186
4.473	0.000641684
4.4731	0.000599824
4.4732	0.000376772
4.4733	0.000355606
4.4734	0.000569963
4.4735	0.000659407
4.4736	0.000684309
4.4737	0.000444283
4.4738	0.000614594
4.4739	0.000595956
4.474	0.000662997
4.4741	0.00066357
4.4742	0.000680644
4.4743	0.000706134
4.4744	0.000761593
4.4745	0.000760544
4.4746	0.000753818
4.4747	0.000588903
4.4748	0.000444085
4.4749	0.000759214
4.475	0.000687845
4.4751	0.000605055
4.4752	0.000425476
4.4753	0.000354769
4.4754	0.000523711
4.4755	0.000560201
4.4756	0.000490046
4.4757	0.000585139
4.4758	0.000408168
4.4759	0.00045194
4.476	0.00080581
4.4761	0.000782383
4.4762	0.000652408
4.4763	0.000736023
4.4764	0.00074514
4.4765	0.000700704
4.4766	0.000855964
4.4767	0.000479779
4.4768	0.000671745
4.4769	0.000634035
4.477	0.00068198
4.4771	0.000624575
4.4772	0.000606882
4.4773	0.000533284
4.4774	0.000479773
4.4775	0.000513833
4.4776	0.000524621
4.4777	0.000515196
4.4778	0.000482127
4.4779	0.000386064
4.478	0.000329544
4.4781	0.000629261
4.4782	0.000629173
4.4783	0.000763508
4.4784	0.00068305
4.4785	0.000559298
4.4786	0.000812729
4.4787	0.0010059
4.4788	0.000607627
4.4789	0.000569552
4.479	0.000667553
4.4791	0.00053138
4.4792	0.000711946
4.4793	0.000564508
4.4794	0.00053239
4.4795	0.0004961
4.4796	0.000625878
4.4797	0.000463665
4.4798	0.000738335
4.4799	0.000728425
4.48	0.000508257
4.4801	0.000419179
4.4802	0.000533821
4.4803	0.000560076
4.4804	0.000552878
4.4805	0.000547874
4.4806	0.00050529
4.4807	0.000743121
4.4808	0.000794968
4.4809	0.000583025
4.481	0.000620549
4.4811	0.000626174
4.4812	0.00071581
4.4813	0.000622711
4.4814	0.00063971
4.4815	0.000698135
4.4816	0.000692326
4.4817	0.000715569
4.4818	0.000486469
4.4819	0.000685623
4.482	0.000630102
4.4821	0.000551838
4.4822	0.000462992
4.4823	0.000663104
4.4824	0.000766694
4.4825	0.000675832
4.4826	0.000710285
4.4827	0.000562071
4.4828	0.000564642
4.4829	0.000547237
4.483	0.000727012
4.4831	0.000604231
4.4832	0.000658468
4.4833	0.00066044
4.4834	0.000702824
4.4835	0.000717706
4.4836	0.000654785
4.4837	0.000549301
4.4838	0.000480077
4.4839	0.000519653
4.484	0.000615106
4.4841	0.000563277
4.4842	0.000724801
4.4843	0.000613762
4.4844	0.000639009
4.4845	0.000638658
4.4846	0.000437843
4.4847	0.000718727
4.4848	0.000681406
4.4849	0.00044177
4.485	0.00073532
4.4851	0.000756025
4.4852	0.00074213
4.4853	0.000592982
4.4854	0.000594334
4.4855	0.000759334
4.4856	0.000693135
4.4857	0.000709459
4.4858	0.000695488
4.4859	0.000464655
4.486	0.000521473
4.4861	0.000736973
4.4862	0.000455124
4.4863	0.0006131
4.4864	0.000705005
4.4865	0.000638245
4.4866	0.000627404
4.4867	0.000539718
4.4868	0.000576858
4.4869	0.000596223
4.487	0.000644056
4.4871	0.000595399
4.4872	0.000783589
4.4873	0.000670476
4.4874	0.000630506
4.4875	0.00054035
4.4876	0.000671679
4.4877	0.000764023
4.4878	0.000591
4.4879	0.000597899
4.488	0.000716983
4.4881	0.000612227
4.4882	0.000626526
4.4883	0.00044514
4.4884	0.000519008
4.4885	0.000774511
4.4886	0.000676719
4.4887	0.00077209
4.4888	0.000542792
4.4889	0.000760209
4.489	0.00091877
4.4891	0.000640263
4.4892	0.000519632
4.4893	0.000483999
4.4894	0.000438052
4.4895	0.00063553
4.4896	0.000665425
4.4897	0.000739946
4.4898	0.000613278
4.4899	0.000676407
4.49	0.000811985
4.4901	0.000752453
4.4902	0.000822653
4.4903	0.000648627
4.4904	0.000425858
4.4905	0.000507379
4.4906	0.000625208
4.4907	0.00055769
4.4908	0.000665027
4.4909	0.000672232
4.491	0.000452418
4.4911	0.000590926
4.4912	0.000589361
4.4913	0.000585167
4.4914	0.000498484
4.4915	0.000496485
4.4916	0.000607055
4.4917	0.00056389
4.4918	0.000811387
4.4919	0.000751677
4.492	0.000749838
4.4921	0.000706566
4.4922	0.000841794
4.4923	0.000685151
4.4924	0.000743713
4.4925	0.000381845
4.4926	0.000595778
4.4927	0.000677521
4.4928	0.000563371
4.4929	0.000637493
4.493	0.00052516
4.4931	0.000611249
4.4932	0.000623006
4.4933	0.000524013
4.4934	0.00062401
4.4935	0.000506027
4.4936	0.000534793
4.4937	0.000644894
4.4938	0.000401608
4.4939	0.000412573
4.494	0.000512319
4.4941	0.00044787
4.4942	0.00055604
4.4943	0.000729733
4.4944	0.000642337
4.4945	0.000659634
4.4946	0.000689959
4.4947	0.000499043
4.4948	0.000474644
4.4949	0.000675289
4.495	0.000617397
4.4951	0.000573161
4.4952	0.000660029
4.4953	0.000460976
4.4954	0.000612801
4.4955	0.000732525
4.4956	0.000540253
4.4957	0.00060063
4.4958	0.000605025
4.4959	0.000496547
4.496	0.000606198
4.4961	0.000385403
4.4962	0.000443879
4.4963	0.000633139
4.4964	0.000624526
4.4965	0.000560115
4.4966	0.000431917
4.4967	0.000599165
4.4968	0.000549534
4.4969	0.000612347
4.497	0.000387393
4.4971	0.000507111
4.4972	0.000488313
4.4973	0.000617308
4.4974	0.000585528
4.4975	0.000634227
4.4976	0.00070632
4.4977	0.000467678
4.4978	0.000427089
4.4979	0.000411102
4.498	0.000360155
4.4981	0.000547614
4.4982	0.00043896
4.4983	0.000398614
4.4984	0.000398336
4.4985	0.000546574
4.4986	0.000718064
4.4987	0.000401384
4.4988	0.000522748
4.4989	0.00063024
4.499	0.000606881
4.4991	0.000665168
4.4992	0.000500678
4.4993	0.000411183
4.4994	0.000594809
4.4995	0.000512821
4.4996	0.000538268
4.4997	0.000727489
4.4998	0.000478326
4.4999	0.000678223
4.5	0.00059528
4.5001	0.000453814
4.5002	0.000714386
4.5003	0.000572038
4.5004	0.000408274
4.5005	0.000492524
4.5006	0.000415445
4.5007	0.000477908
4.5008	0.000615016
4.5009	0.000412368
4.501	0.000534214
4.5011	0.000608163
4.5012	0.000724122
4.5013	0.000832244
4.5014	0.000479247
4.5015	0.000658058
4.5016	0.000472923
4.5017	0.000530013
4.5018	0.000578216
4.5019	0.000492145
4.502	0.000477335
4.5021	0.000591002
4.5022	0.000663949
4.5023	0.000745463
4.5024	0.000701438
4.5025	0.000578384
4.5026	0.000554464
4.5027	0.000702139
4.5028	0.000586994
4.5029	0.000712688
4.503	0.000491531
4.5031	0.000498167
4.5032	0.000474301
4.5033	0.000535887
4.5034	0.000617468
4.5035	0.000604313
4.5036	0.000676387
4.5037	0.000585166
4.5038	0.000461624
4.5039	0.000700218
4.504	0.000538317
4.5041	0.000690909
4.5042	0.000462854
4.5043	0.000544674
4.5044	0.000472568
4.5045	0.000486475
4.5046	0.000770848
4.5047	0.000614626
4.5048	0.000532706
4.5049	0.00058903
4.505	0.000754257
4.5051	0.000723287
4.5052	0.000615293
4.5053	0.000629808
4.5054	0.000523639
4.5055	0.000711766
4.5056	0.000592212
4.5057	0.000530727
4.5058	0.000668279
4.5059	0.000582344
4.506	0.000541883
4.5061	0.000473119
4.5062	0.000433655
4.5063	0.000503108
4.5064	0.000676759
4.5065	0.000636592
4.5066	0.000634001
4.5067	0.000491963
4.5068	0.000424748
4.5069	0.000455657
4.507	0.000533781
4.5071	0.000502409
4.5072	0.000734968
4.5073	0.000661624
4.5074	0.000693773
4.5075	0.000604603
4.5076	0.000697333
4.5077	0.000530582
4.5078	0.000740141
4.5079	0.000631696
4.508	0.000768529
4.5081	0.000565178
4.5082	0.000601575
4.5083	0.00055843
4.5084	0.00053492
4.5085	0.000573611
4.5086	0.000660718
4.5087	0.000642407
4.5088	0.000429269
4.5089	0.000384384
4.509	0.000342176
4.5091	0.00046766
4.5092	0.000708362
4.5093	0.000494059
4.5094	0.000612227
4.5095	0.000600332
4.5096	0.000698949
4.5097	0.000634909
4.5098	0.00058427
4.5099	0.000441079
4.51	0.000822732
4.5101	0.000708754
4.5102	0.000696933
4.5103	0.000679123
4.5104	0.000438915
4.5105	0.00054063
4.5106	0.000757734
4.5107	0.000518663
4.5108	0.000488818
4.5109	0.000424576
4.511	0.000407234
4.5111	0.000415036
4.5112	0.000496736
4.5113	0.000586425
4.5114	0.000416418
4.5115	0.000413463
4.5116	0.000683222
4.5117	0.000820695
4.5118	0.000707792
4.5119	0.000886406
4.512	0.000927994
4.5121	0.00079674
4.5122	0.00063478
4.5123	0.000705087
4.5124	0.000666598
4.5125	0.000607412
4.5126	0.000514473
4.5127	0.000685507
4.5128	0.000631269
4.5129	0.000659361
4.513	0.000529419
4.5131	0.00046909
4.5132	0.000558546
4.5133	0.000436214
4.5134	0.000596806
4.5135	0.000472349
4.5136	0.000371988
4.5137	0.000371878
4.5138	0.000673711
4.5139	0.000559684
4.514	0.000587898
4.5141	0.000480319
4.5142	0.000713317
4.5143	0.00066081
4.5144	0.000803319
4.5145	0.000676346
4.5146	0.000519145
4.5147	0.000751338
4.5148	0.00072248
4.5149	0.000499266
4.515	0.000599004
4.5151	0.000469049
4.5152	0.000460157
4.5153	0.000572765
4.5154	0.000478658
4.5155	0.000697507
4.5156	0.000498575
4.5157	0.000437712
4.5158	0.000599956
4.5159	0.000451219
4.516	0.000527934
4.5161	0.000652293
4.5162	0.000622562
4.5163	0.000726377
4.5164	0.000488828
4.5165	0.000670392
4.5166	0.000630122
4.5167	0.000545979
4.5168	0.000688044
4.5169	0.000646231
4.517	0.000767015
4.5171	0.000566632
4.5172	0.000588872
4.5173	0.00069239
4.5174	0.000394487
4.5175	0.000572905
4.5176	0.000502647
4.5177	0.000614533
4.5178	0.000631087
4.5179	0.000571237
4.518	0.00061307
4.5181	0.000608758
4.5182	0.000650442
4.5183	0.000594825
4.5184	0.000598586
4.5185	0.000715076
4.5186	0.000852438
4.5187	0.000506696
4.5188	0.000596755
4.5189	0.00080867
4.519	0.000537819
4.5191	0.00063294
4.5192	0.000771741
4.5193	0.00054787
4.5194	0.000535914
4.5195	0.000524746
4.5196	0.000540867
4.5197	0.000509385
4.5198	0.00076228
4.5199	0.000631267
4.52	0.000556755
4.5201	0.000627726
4.5202	0.000588597
4.5203	0.000723086
4.5204	0.000574868
4.5205	0.000499095
4.5206	0.000610331
4.5207	0.000576503
4.5208	0.000712729
4.5209	0.000601456
4.521	0.000646692
4.5211	0.000631359
4.5212	0.000694786
4.5213	0.000730539
4.5214	0.00087914
4.5215	0.000622195
4.5216	0.00055107
4.5217	0.000558261
4.5218	0.000654997
4.5219	0.000596265
4.522	0.000487667
4.5221	0.000563964
4.5222	0.0004599
4.5223	0.000663857
4.5224	0.000661214
4.5225	0.000698796
4.5226	0.000605567
4.5227	0.000553534
4.5228	0.000693304
4.5229	0.000474844
4.523	0.000581279
4.5231	0.000651828
4.5232	0.000643396
4.5233	0.000560107
4.5234	0.000739008
4.5235	0.000724982
4.5236	0.000527169
4.5237	0.000714485
4.5238	0.000506891
4.5239	0.000568718
4.524	0.000598528
4.5241	0.000565444
4.5242	0.000650229
4.5243	0.000533207
4.5244	0.000679289
4.5245	0.000484311
4.5246	0.000674275
4.5247	0.00097331
4.5248	0.000472698
4.5249	0.00065631
4.525	0.00045504
4.5251	0.000417339
4.5252	0.000469886
4.5253	0.000572584
4.5254	0.000715295
4.5255	0.000687016
4.5256	0.000598844
4.5257	0.000819709
4.5258	0.000606738
4.5259	0.000711618
4.526	0.000609079
4.5261	0.000423359
4.5262	0.000528465
4.5263	0.00061401
4.5264	0.000565028
4.5265	0.000671698
4.5266	0.000651209
4.5267	0.000478112
4.5268	0.00079399
4.5269	0.00051397
4.527	0.000528737
4.5271	0.000627357
4.5272	0.000454818
4.5273	0.000449492
4.5274	0.000620877
4.5275	0.000705266
4.5276	0.000802228
4.5277	0.000694353
4.5278	0.000669965
4.5279	0.00074266
4.528	0.000621626
4.5281	0.000731397
4.5282	0.000462
4.5283	0.000526768
4.5284	0.000601063
4.5285	0.000504435
4.5286	0.000620625
4.5287	0.000515738
4.5288	0.000537194
4.5289	0.000504465
4.529	0.000702711
4.5291	0.000378736
4.5292	0.000506886
4.5293	0.000479026
4.5294	0.000569372
4.5295	0.000438018
4.5296	0.000436889
4.5297	0.000498451
4.5298	0.000463853
4.5299	0.000562054
4.53	0.000647387
4.5301	0.000669227
4.5302	0.00054589
4.5303	0.000746457
4.5304	0.000473298
4.5305	0.00058448
4.5306	0.000457171
4.5307	0.000712354
4.5308	0.000604885
4.5309	0.000436456
4.531	0.0005988
4.5311	0.000547559
4.5312	0.000509065
4.5313	0.000340726
4.5314	0.000565187
4.5315	0.000431272
4.5316	0.000643857
4.5317	0.000623661
4.5318	0.000411728
4.5319	0.000469311
4.532	0.000503796
4.5321	0.000623617
4.5322	0.000691497
4.5323	0.000497979
4.5324	0.000663447
4.5325	0.000611655
4.5326	0.000611012
4.5327	0.000453162
4.5328	0.000555291
4.5329	0.000434563
4.533	0.000623635
4.5331	0.000629926
4.5332	0.00065107
4.5333	0.000753452
4.5334	0.000422409
4.5335	0.000364397
4.5336	0.000431008
4.5337	0.000393191
4.5338	0.00054546
4.5339	0.000487416
4.534	0.000369225
4.5341	0.000416767
4.5342	0.000596975
4.5343	0.000643556
4.5344	0.000557435
4.5345	0.000613918
4.5346	0.00063631
4.5347	0.000792082
4.5348	0.000640792
4.5349	0.000483076
4.535	0.000480255
4.5351	0.000481548
4.5352	0.000516057
4.5353	0.000617374
4.5354	0.000646708
4.5355	0.00049984
4.5356	0.00052238
4.5357	0.00051433
4.5358	0.000463961
4.5359	0.000704872
4.536	0.000480255
4.5361	0.000492166
4.5362	0.000420551
4.5363	0.000399969
4.5364	0.000555042
4.5365	0.000592288
4.5366	0.000437405
4.5367	0.000545555
4.5368	0.000584643
4.5369	0.000562117
4.537	0.000769458
4.5371	0.000559702
4.5372	0.000558502
4.5373	0.000498089
4.5374	0.000557658
4.5375	0.000612316
4.5376	0.000427862
4.5377	0.000505308
4.5378	0.000607573
4.5379	0.000615068
4.538	0.000859242
4.5381	0.00053329
4.5382	0.000532614
4.5383	0.000692831
4.5384	0.000690324
4.5385	0.000576961
4.5386	0.000834793
4.5387	0.000499415
4.5388	0.000598899
4.5389	0.000414901
4.539	0.00048731
4.5391	0.000575989
4.5392	0.000687225
4.5393	0.00052837
4.5394	0.000496365
4.5395	0.000688621
4.5396	0.000585569
4.5397	0.00053368
4.5398	0.000717869
4.5399	0.000468233
4.54	0.000513507
4.5401	0.000452445
4.5402	0.000608541
4.5403	0.000526142
4.5404	0.000491909
4.5405	0.000607139
4.5406	0.00079854
4.5407	0.00069178
4.5408	0.000682816
4.5409	0.000664179
4.541	0.000567898
4.5411	0.000658252
4.5412	0.000493617
4.5413	0.000728929
4.5414	0.00067166
4.5415	0.000545759
4.5416	0.000503491
4.5417	0.000565947
4.5418	0.00046291
4.5419	0.000604372
4.542	0.000588874
4.5421	0.000690469
4.5422	0.000676564
4.5423	0.000544493
4.5424	0.000464128
4.5425	0.000490621
4.5426	0.000536885
4.5427	0.000549863
4.5428	0.00053117
4.5429	0.000722411
4.543	0.000713825
4.5431	0.000754971
4.5432	0.000738944
4.5433	0.000623213
4.5434	0.000601959
4.5435	0.000625353
4.5436	0.000771287
4.5437	0.000792444
4.5438	0.00043856
4.5439	0.000656449
4.544	0.000527277
4.5441	0.000460603
4.5442	0.000598724
4.5443	0.000769136
4.5444	0.000401492
4.5445	0.000475039
4.5446	0.000409628
4.5447	0.000396546
4.5448	0.000569403
4.5449	0.000723875
4.545	0.000496967
4.5451	0.000558764
4.5452	0.000555903
4.5453	0.000649758
4.5454	0.000466265
4.5455	0.00093897
4.5456	0.000568598
4.5457	0.000697627
4.5458	0.000795419
4.5459	0.000691253
4.546	0.000675417
4.5461	0.000360988
4.5462	0.000474158
4.5463	0.000757764
4.5464	0.000587481
4.5465	0.000663153
4.5466	0.000495862
4.5467	0.000416192
4.5468	0.00055769
4.5469	0.00054193
4.547	0.000640759
4.5471	0.000368918
4.5472	0.000450653
4.5473	0.00073254
4.5474	0.000736078
4.5475	0.000559761
4.5476	0.000722995
4.5477	0.000630826
4.5478	0.000694188
4.5479	0.000708447
4.548	0.000649661
4.5481	0.000628273
4.5482	0.000705979
4.5483	0.000575466
4.5484	0.00053742
4.5485	0.000595139
4.5486	0.000746937
4.5487	0.000533741
4.5488	0.000519895
4.5489	0.000517464
4.549	0.000554139
4.5491	0.000598684
4.5492	0.000453312
4.5493	0.00034044
4.5494	0.000593349
4.5495	0.000596927
4.5496	0.000694467
4.5497	0.00065651
4.5498	0.000563071
4.5499	0.000683181
4.55	0.000861523
4.5501	0.000612008
4.5502	0.000670426
4.5503	0.000708376
4.5504	0.000689189
4.5505	0.000641121
4.5506	0.000712202
4.5507	0.000616726
4.5508	0.000539561
4.5509	0.000408612
4.551	0.000552812
4.5511	0.000605722
4.5512	0.000926718
4.5513	0.000445621
4.5514	0.000496122
4.5515	0.000660193
4.5516	0.000557962
4.5517	0.000410168
4.5518	0.000690186
4.5519	0.000458676
4.552	0.000546957
4.5521	0.000521228
4.5522	0.000720807
4.5523	0.000545348
4.5524	0.000811353
4.5525	0.00061584
4.5526	0.000528502
4.5527	0.00050466
4.5528	0.000768871
4.5529	0.000810125
4.553	0.000495671
4.5531	0.000398256
4.5532	0.000645826
4.5533	0.000502741
4.5534	0.00057803
4.5535	0.000564287
4.5536	0.0005433
4.5537	0.000662277
4.5538	0.000623063
4.5539	0.000595223
4.554	0.000515698
4.5541	0.000626385
4.5542	0.000730809
4.5543	0.000660508
4.5544	0.000476167
4.5545	0.000660565
4.5546	0.000606389
4.5547	0.000628495
4.5548	0.000735463
4.5549	0.000751278
4.555	0.000595222
4.5551	0.000543974
4.5552	0.000602675
4.5553	0.000595547
4.5554	0.000644167
4.5555	0.00068261
4.5556	0.000626009
4.5557	0.000469428
4.5558	0.000661953
4.5559	0.000645929
4.556	0.000743418
4.5561	0.000671705
4.5562	0.00040566
4.5563	0.000538677
4.5564	0.000572126
4.5565	0.000722934
4.5566	0.000654362
4.5567	0.000725766
4.5568	0.000643638
4.5569	0.000654069
4.557	0.0007152
4.5571	0.000742633
4.5572	0.000422454
4.5573	0.000566262
4.5574	0.000682429
4.5575	0.000594813
4.5576	0.000602722
4.5577	0.000645259
4.5578	0.00051107
4.5579	0.000627215
4.558	0.000533604
4.5581	0.00058506
4.5582	0.000619172
4.5583	0.000542567
4.5584	0.000466236
4.5585	0.00054672
4.5586	0.000564282
4.5587	0.000618361
4.5588	0.000623446
4.5589	0.000630572
4.559	0.000739772
4.5591	0.000788562
4.5592	0.000459407
4.5593	0.000813436
4.5594	0.00046565
4.5595	0.000490572
4.5596	0.000587903
4.5597	0.000607763
4.5598	0.000642399
4.5599	0.000645451
4.56	0.000443717
4.5601	0.000562694
4.5602	0.00062724
4.5603	0.000813262
4.5604	0.000817915
4.5605	0.000448855
4.5606	0.000593763
4.5607	0.000523112
4.5608	0.000467658
4.5609	0.000606472
4.561	0.000609276
4.5611	0.000768244
4.5612	0.000629188
4.5613	0.000554345
4.5614	0.000756797
4.5615	0.000723099
4.5616	0.000689058
4.5617	0.000410863
4.5618	0.000532963
4.5619	0.000667423
4.562	0.000570655
4.5621	0.000630787
4.5622	0.000679168
4.5623	0.000555724
4.5624	0.000653903
4.5625	0.000491609
4.5626	0.000751941
4.5627	0.000533679
4.5628	0.00053066
4.5629	0.000442326
4.563	0.000464004
4.5631	0.000730002
4.5632	0.000684283
4.5633	0.000721586
4.5634	0.000558866
4.5635	0.000657785
4.5636	0.00068612
4.5637	0.00064979
4.5638	0.000616605
4.5639	0.000657288
4.564	0.000540002
4.5641	0.00072542
4.5642	0.000726691
4.5643	0.000545053
4.5644	0.00050327
4.5645	0.000540352
4.5646	0.000738602
4.5647	0.000731904
4.5648	0.000452229
4.5649	0.000505704
4.565	0.000497359
4.5651	0.000577277
4.5652	0.000374787
4.5653	0.000370385
4.5654	0.000560692
4.5655	0.000539484
4.5656	0.000576701
4.5657	0.000595252
4.5658	0.00069648
4.5659	0.000624079
4.566	0.000613684
4.5661	0.000441369
4.5662	0.0005896
4.5663	0.000654036
4.5664	0.000518638
4.5665	0.000536686
4.5666	0.000501178
4.5667	0.0005495
4.5668	0.000464228
4.5669	0.000536407
4.567	0.000643272
4.5671	0.000448398
4.5672	0.000511136
4.5673	0.000620272
4.5674	0.000540361
4.5675	0.000427303
4.5676	0.00047706
4.5677	0.00054314
4.5678	0.000592229
4.5679	0.000577962
4.568	0.0005589
4.5681	0.000681314
4.5682	0.000578708
4.5683	0.000440882
4.5684	0.000431667
4.5685	0.000499061
4.5686	0.000539822
4.5687	0.000598406
4.5688	0.000717651
4.5689	0.00043661
4.569	0.000595758
4.5691	0.000494442
4.5692	0.000386365
4.5693	0.000375488
4.5694	0.000544732
4.5695	0.000446008
4.5696	0.000547086
4.5697	0.000367497
4.5698	0.000458004
4.5699	0.000558882
4.57	0.000529079
4.5701	0.000524282
4.5702	0.000576162
4.5703	0.000706828
4.5704	0.000568876
4.5705	0.000547227
4.5706	0.000450632
4.5707	0.000544859
4.5708	0.000490591
4.5709	0.000458453
4.571	0.000453271
4.5711	0.000668375
4.5712	0.000546988
4.5713	0.000485479
4.5714	0.000536913
4.5715	0.000502624
4.5716	0.000586565
4.5717	0.000450401
4.5718	0.000482769
4.5719	0.000432992
4.572	0.000445894
4.5721	0.000421144
4.5722	0.000607791
4.5723	0.000482129
4.5724	0.000511791
4.5725	0.000677375
4.5726	0.00058379
4.5727	0.000548056
4.5728	0.000496528
4.5729	0.000491615
4.573	0.000546114
4.5731	0.000641417
4.5732	0.000563276
4.5733	0.000513533
4.5734	0.000430995
4.5735	0.000588742
4.5736	0.000609802
4.5737	0.000794156
4.5738	0.000538333
4.5739	0.000531538
4.574	0.000545623
4.5741	0.000721504
4.5742	0.000499764
4.5743	0.000527627
4.5744	0.000464882
4.5745	0.000512182
4.5746	0.000395711
4.5747	0.000623163
4.5748	0.000714623
4.5749	0.000839387
4.575	0.000527504
4.5751	0.000596669
4.5752	0.000586803
4.5753	0.000564871
4.5754	0.000496797
4.5755	0.000505708
4.5756	0.000435442
4.5757	0.00052205
4.5758	0.000500268
4.5759	0.000512678
4.576	0.000726144
4.5761	0.000706019
4.5762	0.000644125
4.5763	0.000795058
4.5764	0.00069085
4.5765	0.000769676
4.5766	0.000462147
4.5767	0.000546976
4.5768	0.000639286
4.5769	0.000491209
4.577	0.000752331
4.5771	0.00057577
4.5772	0.0005584
4.5773	0.000489719
4.5774	0.000552388
4.5775	0.000579701
4.5776	0.000665887
4.5777	0.00050652
4.5778	0.000595457
4.5779	0.000719898
4.578	0.000489072
4.5781	0.00044425
4.5782	0.000355643
4.5783	0.000525714
4.5784	0.000593063
4.5785	0.000698922
4.5786	0.000561778
4.5787	0.000642358
4.5788	0.00077785
4.5789	0.00091105
4.579	0.000555163
4.5791	0.000779654
4.5792	0.000726787
4.5793	0.000622783
4.5794	0.000787614
4.5795	0.000519093
4.5796	0.000632715
4.5797	0.000511936
4.5798	0.000413956
4.5799	0.000703936
4.58	0.000662442
4.5801	0.000567888
4.5802	0.000437203
4.5803	0.000382661
4.5804	0.000448179
4.5805	0.000615178
4.5806	0.000778015
4.5807	0.000657504
4.5808	0.000567409
4.5809	0.000593796
4.581	0.00073963
4.5811	0.000375795
4.5812	0.000694864
4.5813	0.000641784
4.5814	0.000872729
4.5815	0.000592341
4.5816	0.000769546
4.5817	0.00055977
4.5818	0.000450682
4.5819	0.000575496
4.582	0.000664366
4.5821	0.000633889
4.5822	0.00050541
4.5823	0.000432615
4.5824	0.000429231
4.5825	0.000375182
4.5826	0.000453113
4.5827	0.000601548
4.5828	0.000382023
4.5829	0.000384084
4.583	0.000633213
4.5831	0.0007531
4.5832	0.000666059
4.5833	0.000637355
4.5834	0.000821948
4.5835	0.000644497
4.5836	0.000726184
4.5837	0.000565393
4.5838	0.000586874
4.5839	0.000548433
4.584	0.000599771
4.5841	0.000661854
4.5842	0.000479024
4.5843	0.000651031
4.5844	0.000552203
4.5845	0.000504078
4.5846	0.000424364
4.5847	0.000484128
4.5848	0.000578574
4.5849	0.000508011
4.585	0.000411646
4.5851	0.00056544
4.5852	0.000446812
4.5853	0.000609743
4.5854	0.000598954
4.5855	0.000556224
4.5856	0.000706457
4.5857	0.000974479
4.5858	0.000745774
4.5859	0.000595413
4.586	0.000460971
4.5861	0.000742758
4.5862	0.000767935
4.5863	0.000527089
4.5864	0.000587242
4.5865	0.000563256
4.5866	0.000514767
4.5867	0.00053814
4.5868	0.000601047
4.5869	0.00057748
4.587	0.000406769
4.5871	0.000538507
4.5872	0.0005654
4.5873	0.000396556
4.5874	0.000435327
4.5875	0.00049389
4.5876	0.000515217
4.5877	0.000830416
4.5878	0.000641776
4.5879	0.000843353
4.588	0.000495433
4.5881	0.000762039
4.5882	0.000707904
4.5883	0.000569929
4.5884	0.00057529
4.5885	0.000535456
4.5886	0.000823755
4.5887	0.0006689
4.5888	0.000481621
4.5889	0.00067631
4.589	0.000622842
4.5891	0.000540016
4.5892	0.000687461
4.5893	0.000707509
4.5894	0.00065327
4.5895	0.000657095
4.5896	0.000760733
4.5897	0.000694205
4.5898	0.000568695
4.5899	0.000680819
4.59	0.000685236
4.5901	0.000548976
4.5902	0.000661114
4.5903	0.000377048
4.5904	0.000836386
4.5905	0.000768189
4.5906	0.000621757
4.5907	0.000542789
4.5908	0.000415029
4.5909	0.0005908
4.591	0.000566879
4.5911	0.000587352
4.5912	0.000776994
4.5913	0.000637584
4.5914	0.000671745
4.5915	0.00069389
4.5916	0.000656864
4.5917	0.000726372
4.5918	0.000630129
4.5919	0.000461447
4.592	0.000645117
4.5921	0.000731279
4.5922	0.000784459
4.5923	0.000765188
4.5924	0.000534427
4.5925	0.000576044
4.5926	0.000656076
4.5927	0.000717301
4.5928	0.000729856
4.5929	0.000441565
4.593	0.00057315
4.5931	0.000703789
4.5932	0.000483119
4.5933	0.000568822
4.5934	0.000571254
4.5935	0.000530533
4.5936	0.000587432
4.5937	0.000463352
4.5938	0.000713582
4.5939	0.000606549
4.594	0.000586067
4.5941	0.000468882
4.5942	0.000718353
4.5943	0.000534677
4.5944	0.000601917
4.5945	0.000500575
4.5946	0.000609469
4.5947	0.000816827
4.5948	0.000708018
4.5949	0.000503986
4.595	0.000822546
4.5951	0.000498369
4.5952	0.000504073
4.5953	0.000529969
4.5954	0.000510806
4.5955	0.000708178
4.5956	0.000577035
4.5957	0.00071133
4.5958	0.000529006
4.5959	0.000538418
4.596	0.000712383
4.5961	0.000808918
4.5962	0.000482147
4.5963	0.00049777
4.5964	0.000450496
4.5965	0.000555428
4.5966	0.000537695
4.5967	0.000560459
4.5968	0.000719413
4.5969	0.000658722
4.597	0.000617159
4.5971	0.000600568
4.5972	0.000866336
4.5973	0.000526514
4.5974	0.000489309
4.5975	0.000521735
4.5976	0.000525703
4.5977	0.000675882
4.5978	0.000702319
4.5979	0.000779471
4.598	0.000559093
4.5981	0.000541216
4.5982	0.000795081
4.5983	0.000612418
4.5984	0.000545426
4.5985	0.00064104
4.5986	0.000514887
4.5987	0.000413922
4.5988	0.00067283
4.5989	0.000689599
4.599	0.00084673
4.5991	0.000725999
4.5992	0.000658361
4.5993	0.000700993
4.5994	0.000649083
4.5995	0.000521203
4.5996	0.000596874
4.5997	0.000522236
4.5998	0.000659985
4.5999	0.000725925
4.6	0.000592901
4.6001	0.000680396
4.6002	0.000542971
4.6003	0.000640153
4.6004	0.000738255
4.6005	0.000462694
4.6006	0.000510413
4.6007	0.000472765
4.6008	0.000608921
4.6009	0.000469846
4.601	0.000374042
4.6011	0.00051055
4.6012	0.000560473
4.6013	0.000632159
4.6014	0.000539109
4.6015	0.000695591
4.6016	0.000557037
4.6017	0.000617749
4.6018	0.00048431
4.6019	0.000572447
4.602	0.000630435
4.6021	0.00057785
4.6022	0.000614482
4.6023	0.000430673
4.6024	0.000688333
4.6025	0.000698618
4.6026	0.000522183
4.6027	0.000563932
4.6028	0.000510081
4.6029	0.000524012
4.603	0.000571826
4.6031	0.000457884
4.6032	0.000461174
4.6033	0.000757799
4.6034	0.000642238
4.6035	0.000410778
4.6036	0.000584282
4.6037	0.000592294
4.6038	0.000573921
4.6039	0.000561466
4.604	0.000466996
4.6041	0.000493764
4.6042	0.000531645
4.6043	0.000689593
4.6044	0.000555915
4.6045	0.00077268
4.6046	0.000731691
4.6047	0.000555337
4.6048	0.000387745
4.6049	0.000382126
4.605	0.000421039
4.6051	0.000518355
4.6052	0.000365087
4.6053	0.000473779
4.6054	0.00036157
4.6055	0.000546793
4.6056	0.000587956
4.6057	0.000426289
4.6058	0.000462953
4.6059	0.000600603
4.606	0.000642921
4.6061	0.000814075
4.6062	0.000591592
4.6063	0.000411771
4.6064	0.000527981
4.6065	0.000520938
4.6066	0.000597509
4.6067	0.000740063
4.6068	0.000487747
4.6069	0.000481917
4.607	0.000517057
4.6071	0.000657784
4.6072	0.000503761
4.6073	0.000611038
4.6074	0.000495742
4.6075	0.000431828
4.6076	0.000394817
4.6077	0.000504995
4.6078	0.000603174
4.6079	0.000388355
4.608	0.000649882
4.6081	0.000724234
4.6082	0.000663683
4.6083	0.000577673
4.6084	0.000590428
4.6085	0.000529947
4.6086	0.000447524
4.6087	0.000529869
4.6088	0.000539621
4.6089	0.000470994
4.609	0.000516767
4.6091	0.000453097
4.6092	0.000702319
4.6093	0.000483997
4.6094	0.000742417
4.6095	0.000590251
4.6096	0.000536853
4.6097	0.000408235
4.6098	0.000727327
4.6099	0.00053195
4.61	0.000649934
4.6101	0.000458424
4.6102	0.000514197
4.6103	0.00037775
4.6104	0.000583291
4.6105	0.000590801
4.6106	0.000787805
4.6107	0.000541016
4.6108	0.000577299
4.6109	0.00056395
4.611	0.000471688
4.6111	0.000583443
4.6112	0.000556551
4.6113	0.000459557
4.6114	0.000505125
4.6115	0.000488517
4.6116	0.000519169
4.6117	0.000663059
4.6118	0.000772138
4.6119	0.000701744
4.612	0.000788158
4.6121	0.000826107
4.6122	0.000666448
4.6123	0.000552976
4.6124	0.00056859
4.6125	0.00066341
4.6126	0.000570695
4.6127	0.000623878
4.6128	0.000594568
4.6129	0.00055132
4.613	0.000506402
4.6131	0.000468607
4.6132	0.000551256
4.6133	0.000472838
4.6134	0.000584176
4.6135	0.000688345
4.6136	0.000686327
4.6137	0.000538062
4.6138	0.000509532
4.6139	0.000417811
4.614	0.000628434
4.6141	0.000602407
4.6142	0.000713079
4.6143	0.000450955
4.6144	0.000725348
4.6145	0.000808562
4.6146	0.000752808
4.6147	0.000529737
4.6148	0.000686668
4.6149	0.000807297
4.615	0.0006036
4.6151	0.000737244
4.6152	0.000507466
4.6153	0.000624652
4.6154	0.000520001
4.6155	0.000497558
4.6156	0.000564598
4.6157	0.000645274
4.6158	0.000601767
4.6159	0.00038737
4.616	0.000486985
4.6161	0.000435705
4.6162	0.000526419
4.6163	0.000619954
4.6164	0.00049575
4.6165	0.000592192
4.6166	0.000622763
4.6167	0.000751413
4.6168	0.000659821
4.6169	0.000560175
4.617	0.000728591
4.6171	0.00078332
4.6172	0.000609483
4.6173	0.000687717
4.6174	0.000517899
4.6175	0.000461798
4.6176	0.000654557
4.6177	0.000688731
4.6178	0.000559351
4.6179	0.000457039
4.618	0.00037974
4.6181	0.000498029
4.6182	0.000562361
4.6183	0.000430267
4.6184	0.000575061
4.6185	0.000444366
4.6186	0.000470457
4.6187	0.000803397
4.6188	0.000817084
4.6189	0.000495137
4.619	0.000702864
4.6191	0.000810249
4.6192	0.000566468
4.6193	0.000820557
4.6194	0.000481034
4.6195	0.000588695
4.6196	0.00061779
4.6197	0.000620886
4.6198	0.000550791
4.6199	0.000804176
4.62	0.000577113
4.6201	0.00050158
4.6202	0.000459297
4.6203	0.000474522
4.6204	0.000475657
4.6205	0.000418583
4.6206	0.000585034
4.6207	0.000378052
4.6208	0.000650143
4.6209	0.000513766
4.621	0.000674891
4.6211	0.000643516
4.6212	0.000566158
4.6213	0.000851542
4.6214	0.000891903
4.6215	0.000864025
4.6216	0.000646459
4.6217	0.00065518
4.6218	0.00068659
4.6219	0.000732767
4.622	0.000488463
4.6221	0.000468672
4.6222	0.000530324
4.6223	0.000592544
4.6224	0.000511057
4.6225	0.000700312
4.6226	0.000694278
4.6227	0.00046679
4.6228	0.000445787
4.6229	0.000601953
4.623	0.000542185
4.6231	0.000606752
4.6232	0.000604468
4.6233	0.000473122
4.6234	0.000777465
4.6235	0.00077019
4.6236	0.000623795
4.6237	0.000515821
4.6238	0.00071875
4.6239	0.000784717
4.624	0.0005987
4.6241	0.000521609
4.6242	0.000733058
4.6243	0.000755458
4.6244	0.000608075
4.6245	0.000431698
4.6246	0.00061681
4.6247	0.000567998
4.6248	0.000474043
4.6249	0.000549412
4.625	0.000628835
4.6251	0.000724601
4.6252	0.000601798
4.6253	0.000603672
4.6254	0.000593772
4.6255	0.00067544
4.6256	0.000619478
4.6257	0.000709659
4.6258	0.000621876
4.6259	0.0006001
4.626	0.0005063
4.6261	0.000639965
4.6262	0.000799619
4.6263	0.000743816
4.6264	0.000588086
4.6265	0.000583079
4.6266	0.000468178
4.6267	0.000601026
4.6268	0.000568513
4.6269	0.000548823
4.627	0.000749394
4.6271	0.00065671
4.6272	0.000595963
4.6273	0.000486248
4.6274	0.00075018
4.6275	0.000641959
4.6276	0.000490653
4.6277	0.000678311
4.6278	0.000680109
4.6279	0.000708719
4.628	0.00072496
4.6281	0.000609922
4.6282	0.000675328
4.6283	0.00065646
4.6284	0.000796383
4.6285	0.000638664
4.6286	0.000467743
4.6287	0.000560059
4.6288	0.000709927
4.6289	0.000510663
4.629	0.000422678
4.6291	0.000719913
4.6292	0.000563769
4.6293	0.000620762
4.6294	0.000684233
4.6295	0.00061076
4.6296	0.00059749
4.6297	0.000488826
4.6298	0.000581034
4.6299	0.000676398
4.63	0.000446379
4.6301	0.000542149
4.6302	0.000504235
4.6303	0.000612822
4.6304	0.000662855
4.6305	0.000686593
4.6306	0.000531216
4.6307	0.000696175
4.6308	0.000456397
4.6309	0.000541753
4.631	0.00047645
4.6311	0.000560681
4.6312	0.000649312
4.6313	0.000556945
4.6314	0.000668637
4.6315	0.000502548
4.6316	0.000554338
4.6317	0.000752326
4.6318	0.000580698
4.6319	0.000551504
4.632	0.00061633
4.6321	0.000442768
4.6322	0.000459504
4.6323	0.000580975
4.6324	0.00074297
4.6325	0.000608634
4.6326	0.000624655
4.6327	0.000769568
4.6328	0.000792811
4.6329	0.000852126
4.633	0.000672441
4.6331	0.000432945
4.6332	0.000467167
4.6333	0.000631603
4.6334	0.000560979
4.6335	0.000643839
4.6336	0.000818246
4.6337	0.000446296
4.6338	0.000590243
4.6339	0.000771158
4.634	0.000543409
4.6341	0.000476808
4.6342	0.000524457
4.6343	0.000575345
4.6344	0.000513043
4.6345	0.000774103
4.6346	0.000615054
4.6347	0.000674635
4.6348	0.00065392
4.6349	0.000559897
4.635	0.000778431
4.6351	0.000652123
4.6352	0.000416341
4.6353	0.000589644
4.6354	0.000605691
4.6355	0.000518665
4.6356	0.000834743
4.6357	0.000542099
4.6358	0.000557435
4.6359	0.000629674
4.636	0.000504004
4.6361	0.000722742
4.6362	0.00052219
4.6363	0.000538041
4.6364	0.000568771
4.6365	0.000531034
4.6366	0.00043343
4.6367	0.000430192
4.6368	0.000507516
4.6369	0.000619132
4.637	0.00070449
4.6371	0.000672027
4.6372	0.000749805
4.6373	0.00068678
4.6374	0.000553462
4.6375	0.000439623
4.6376	0.00060223
4.6377	0.000590686
4.6378	0.000649663
4.6379	0.000461332
4.638	0.000459157
4.6381	0.000596947
4.6382	0.000711733
4.6383	0.000536498
4.6384	0.000596688
4.6385	0.000466065
4.6386	0.000554521
4.6387	0.000504082
4.6388	0.000430906
4.6389	0.000489948
4.639	0.000585597
4.6391	0.000594646
4.6392	0.000480479
4.6393	0.000542153
4.6394	0.00066111
4.6395	0.000703065
4.6396	0.000546168
4.6397	0.000428712
4.6398	0.000628327
4.6399	0.000468051
4.64	0.000614146
4.6401	0.000519495
4.6402	0.000613986
4.6403	0.000703198
4.6404	0.000574713
4.6405	0.000449681
4.6406	0.000352528
4.6407	0.000416661
4.6408	0.000574882
4.6409	0.000511612
4.641	0.000412319
4.6411	0.000429962
4.6412	0.000493756
4.6413	0.000641807
4.6414	0.000375566
4.6415	0.000466196
4.6416	0.000625589
4.6417	0.000762373
4.6418	0.00081361
4.6419	0.000434529
4.642	0.000387375
4.6421	0.000677369
4.6422	0.000454694
4.6423	0.000521419
4.6424	0.000567066
4.6425	0.000487228
4.6426	0.00068221
4.6427	0.000632974
4.6428	0.000408898
4.6429	0.00046417
4.643	0.000699912
4.6431	0.000422564
4.6432	0.000498562
4.6433	0.000424614
4.6434	0.00065795
4.6435	0.000579048
4.6436	0.000418045
4.6437	0.000635329
4.6438	0.000413555
4.6439	0.000720926
4.644	0.000720036
4.6441	0.000482001
4.6442	0.000516461
4.6443	0.000534773
4.6444	0.000600358
4.6445	0.000545779
4.6446	0.000432925
4.6447	0.000549043
4.6448	0.000496779
4.6449	0.000677232
4.645	0.000705505
4.6451	0.000674089
4.6452	0.000614895
4.6453	0.000509352
4.6454	0.000467668
4.6455	0.000742145
4.6456	0.000464259
4.6457	0.000648938
4.6458	0.000425403
4.6459	0.000498237
4.646	0.00053706
4.6461	0.000601696
4.6462	0.000603601
4.6463	0.000853329
4.6464	0.000660939
4.6465	0.000524767
4.6466	0.000620201
4.6467	0.000522197
4.6468	0.000714145
4.6469	0.000514051
4.647	0.000509611
4.6471	0.000462456
4.6472	0.000470836
4.6473	0.000637697
4.6474	0.000600957
4.6475	0.000534314
4.6476	0.000571277
4.6477	0.00079315
4.6478	0.000729371
4.6479	0.000724271
4.648	0.000693534
4.6481	0.000689345
4.6482	0.000630232
4.6483	0.000599151
4.6484	0.00065092
4.6485	0.00068844
4.6486	0.000621622
4.6487	0.000548436
4.6488	0.000518605
4.6489	0.000439209
4.649	0.000494722
4.6491	0.000670781
4.6492	0.000681029
4.6493	0.000671947
4.6494	0.000457748
4.6495	0.000385212
4.6496	0.000480168
4.6497	0.000607188
4.6498	0.000555247
4.6499	0.000613674
4.65	0.00056194
4.6501	0.00080684
4.6502	0.000776463
4.6503	0.000675924
4.6504	0.000601324
4.6505	0.00063832
4.6506	0.000864515
4.6507	0.000536559
4.6508	0.00066309
4.6509	0.000575546
4.651	0.000562921
4.6511	0.000511208
4.6512	0.000541557
4.6513	0.00070072
4.6514	0.00066847
4.6515	0.000423275
4.6516	0.000395385
4.6517	0.000411923
4.6518	0.000450479
4.6519	0.00060117
4.652	0.000647006
4.6521	0.000579375
4.6522	0.000518861
4.6523	0.000721708
4.6524	0.000734303
4.6525	0.000707536
4.6526	0.00058546
4.6527	0.00079665
4.6528	0.000753128
4.6529	0.000777957
4.653	0.000828249
4.6531	0.000512851
4.6532	0.000448522
4.6533	0.000584844
4.6534	0.000539583
4.6535	0.000551824
4.6536	0.000493613
4.6537	0.000540775
4.6538	0.000503099
4.6539	0.000569019
4.654	0.000528909
4.6541	0.000531169
4.6542	0.000445655
4.6543	0.000589148
4.6544	0.000657383
4.6545	0.000735426
4.6546	0.000554093
4.6547	0.000706831
4.6548	0.000705194
4.6549	0.00060608
4.655	0.000798485
4.6551	0.000588166
4.6552	0.000574197
4.6553	0.000644172
4.6554	0.000654514
4.6555	0.000641011
4.6556	0.000572388
4.6557	0.000637315
4.6558	0.000436848
4.6559	0.000472688
4.656	0.000434836
4.6561	0.000507565
4.6562	0.000416069
4.6563	0.000353956
4.6564	0.00033997
4.6565	0.000472135
4.6566	0.000628931
4.6567	0.000661315
4.6568	0.000538166
4.6569	0.000806163
4.657	0.000838701
4.6571	0.000982643
4.6572	0.000662551
4.6573	0.00067067
4.6574	0.00076706
4.6575	0.000707011
4.6576	0.000552941
4.6577	0.00039996
4.6578	0.000510724
4.6579	0.000523883
4.658	0.000536389
4.6581	0.000466512
4.6582	0.000626405
4.6583	0.000601247
4.6584	0.000475808
4.6585	0.000520711
4.6586	0.000485785
4.6587	0.000568137
4.6588	0.000672698
4.6589	0.000597683
4.659	0.000643861
4.6591	0.00068261
4.6592	0.000872376
4.6593	0.000621864
4.6594	0.000699824
4.6595	0.000666794
4.6596	0.000716349
4.6597	0.000814517
4.6598	0.000635722
4.6599	0.000718619
4.66	0.000577386
4.6601	0.00047463
4.6602	0.000486169
4.6603	0.000636892
4.6604	0.000596815
4.6605	0.000613446
4.6606	0.00066077
4.6607	0.000614904
4.6608	0.000654572
4.6609	0.000712409
4.661	0.000750644
4.6611	0.000654139
4.6612	0.000742568
4.6613	0.000571874
4.6614	0.000803457
4.6615	0.000556661
4.6616	0.000690372
4.6617	0.000478677
4.6618	0.000663068
4.6619	0.00073999
4.662	0.000607664
4.6621	0.000558386
4.6622	0.000730241
4.6623	0.000487049
4.6624	0.000597955
4.6625	0.000790967
4.6626	0.000685849
4.6627	0.000586531
4.6628	0.00069418
4.6629	0.000626158
4.663	0.000510543
4.6631	0.000570309
4.6632	0.000585383
4.6633	0.000435232
4.6634	0.000727188
4.6635	0.000899908
4.6636	0.000711137
4.6637	0.000656107
4.6638	0.000574748
4.6639	0.000540341
4.664	0.000733631
4.6641	0.000740524
4.6642	0.00053873
4.6643	0.000501893
4.6644	0.000490598
4.6645	0.000716992
4.6646	0.000601016
4.6647	0.000616005
4.6648	0.000554191
4.6649	0.00059847
4.665	0.000665207
4.6651	0.000520258
4.6652	0.000585902
4.6653	0.000487305
4.6654	0.00045353
4.6655	0.000551066
4.6656	0.000640715
4.6657	0.000520719
4.6658	0.000751069
4.6659	0.000604795
4.666	0.000561147
4.6661	0.000828073
4.6662	0.000663211
4.6663	0.00052775
4.6664	0.000755547
4.6665	0.00045943
4.6666	0.000526834
4.6667	0.0005507
4.6668	0.00060242
4.6669	0.000751249
4.667	0.000611632
4.6671	0.000601933
4.6672	0.000511973
4.6673	0.000628405
4.6674	0.00103647
4.6675	0.000603427
4.6676	0.000406247
4.6677	0.00053311
4.6678	0.000420345
4.6679	0.00054341
4.668	0.000689457
4.6681	0.00078067
4.6682	0.000708342
4.6683	0.000756141
4.6684	0.000726409
4.6685	0.00053248
4.6686	0.000730548
4.6687	0.00065458
4.6688	0.000481315
4.6689	0.000549853
4.669	0.000666041
4.6691	0.000596399
4.6692	0.00064979
4.6693	0.000668744
4.6694	0.000541059
4.6695	0.000530711
4.6696	0.000676531
4.6697	0.000427304
4.6698	0.000545946
4.6699	0.000593437
4.67	0.000576553
4.6701	0.000564116
4.6702	0.000724181
4.6703	0.000591957
4.6704	0.000861645
4.6705	0.000753242
4.6706	0.000534977
4.6707	0.000761078
4.6708	0.000820649
4.6709	0.00064332
4.671	0.000569563
4.6711	0.000758351
4.6712	0.000459884
4.6713	0.000598455
4.6714	0.000530834
4.6715	0.000541552
4.6716	0.000726986
4.6717	0.000587082
4.6718	0.000567873
4.6719	0.000454446
4.672	0.00056565
4.6721	0.000564108
4.6722	0.000359368
4.6723	0.000428571
4.6724	0.000494765
4.6725	0.000455754
4.6726	0.000548495
4.6727	0.00071081
4.6728	0.000624622
4.6729	0.000656513
4.673	0.000550643
4.6731	0.000472205
4.6732	0.000534957
4.6733	0.000472831
4.6734	0.000660798
4.6735	0.000562587
4.6736	0.000595912
4.6737	0.000483909
4.6738	0.000483815
4.6739	0.00069693
4.674	0.000448445
4.6741	0.000584439
4.6742	0.000507128
4.6743	0.000486994
4.6744	0.000566607
4.6745	0.000333726
4.6746	0.000528456
4.6747	0.000597106
4.6748	0.000634651
4.6749	0.000473046
4.675	0.0004652
4.6751	0.000689699
4.6752	0.000620129
4.6753	0.000575804
4.6754	0.00043399
4.6755	0.000524726
4.6756	0.000510056
4.6757	0.000700204
4.6758	0.000554766
4.6759	0.000526265
4.676	0.000642905
4.6761	0.00052899
4.6762	0.00042796
4.6763	0.000434649
4.6764	0.000460476
4.6765	0.000447892
4.6766	0.000413047
4.6767	0.000443889
4.6768	0.000414162
4.6769	0.000558466
4.677	0.000758046
4.6771	0.000400531
4.6772	0.000500858
4.6773	0.000761559
4.6774	0.000710585
4.6775	0.000670632
4.6776	0.000406871
4.6777	0.000504383
4.6778	0.000470281
4.6779	0.000462229
4.678	0.000475731
4.6781	0.000753735
4.6782	0.000486358
4.6783	0.000617548
4.6784	0.000622511
4.6785	0.000468563
4.6786	0.000518068
4.6787	0.000738411
4.6788	0.000422453
4.6789	0.000476112
4.679	0.000438299
4.6791	0.000617466
4.6792	0.000567661
4.6793	0.000447196
4.6794	0.000616508
4.6795	0.000502556
4.6796	0.000831385
4.6797	0.000604929
4.6798	0.0004807
4.6799	0.000480432
4.68	0.0005245
4.6801	0.00046909
4.6802	0.000476705
4.6803	0.0003752
4.6804	0.000492496
4.6805	0.000620115
4.6806	0.000677467
4.6807	0.000742181
4.6808	0.000588661
4.6809	0.000473911
4.681	0.000564867
4.6811	0.000478519
4.6812	0.000727694
4.6813	0.000483322
4.6814	0.000741489
4.6815	0.000423162
4.6816	0.000446697
4.6817	0.000550489
4.6818	0.00059145
4.6819	0.00054464
4.682	0.000794323
4.6821	0.000503129
4.6822	0.000650879
4.6823	0.000629948
4.6824	0.000511119
4.6825	0.000818838
4.6826	0.000439973
4.6827	0.000551783
4.6828	0.000497144
4.6829	0.000530944
4.683	0.000462695
4.6831	0.000651617
4.6832	0.000655917
4.6833	0.000762006
4.6834	0.000656495
4.6835	0.000766446
4.6836	0.00064725
4.6837	0.000759933
4.6838	0.000678933
4.6839	0.000568862
4.684	0.000539106
4.6841	0.000769124
4.6842	0.000662367
4.6843	0.000616729
4.6844	0.000604561
4.6845	0.000561904
4.6846	0.0003827
4.6847	0.000614882
4.6848	0.000643339
4.6849	0.000580449
4.685	0.000673666
4.6851	0.000477462
4.6852	0.000407202
4.6853	0.000576443
4.6854	0.000542989
4.6855	0.000590583
4.6856	0.00077696
4.6857	0.000533121
4.6858	0.000836041
4.6859	0.000767098
4.686	0.000626657
4.6861	0.00047383
4.6862	0.000696839
4.6863	0.000870957
4.6864	0.000761765
4.6865	0.000473727
4.6866	0.000514353
4.6867	0.000616279
4.6868	0.000617344
4.6869	0.000585317
4.687	0.000570502
4.6871	0.0005955
4.6872	0.000542694
4.6873	0.000406706
4.6874	0.000377887
4.6875	0.000422749
4.6876	0.000753846
4.6877	0.000642634
4.6878	0.000532849
4.6879	0.00046843
4.688	0.000786633
4.6881	0.000574013
4.6882	0.00074431
4.6883	0.000571595
4.6884	0.000772862
4.6885	0.000833952
4.6886	0.000694318
4.6887	0.000752359
4.6888	0.000644007
4.6889	0.000405865
4.689	0.000683977
4.6891	0.000511447
4.6892	0.000700602
4.6893	0.000432287
4.6894	0.000402466
4.6895	0.000496006
4.6896	0.000521972
4.6897	0.000509097
4.6898	0.000469986
4.6899	0.000549898
4.69	0.000581904
4.6901	0.000748787
4.6902	0.000640909
4.6903	0.00066518
4.6904	0.000800863
4.6905	0.000719622
4.6906	0.000528557
4.6907	0.000852302
4.6908	0.000570224
4.6909	0.000670675
4.691	0.000531703
4.6911	0.000657585
4.6912	0.000566323
4.6913	0.000558202
4.6914	0.000543393
4.6915	0.000448159
4.6916	0.000582432
4.6917	0.000516071
4.6918	0.00049553
4.6919	0.000363739
4.692	0.000365215
4.6921	0.00058832
4.6922	0.000402115
4.6923	0.000605086
4.6924	0.000655806
4.6925	0.000568003
4.6926	0.000612972
4.6927	0.000758752
4.6928	0.000972807
4.6929	0.000718844
4.693	0.000556886
4.6931	0.000570455
4.6932	0.000641399
4.6933	0.000617668
4.6934	0.000506085
4.6935	0.000457099
4.6936	0.00043722
4.6937	0.000559316
4.6938	0.000566787
4.6939	0.00054628
4.694	0.00064582
4.6941	0.000504658
4.6942	0.000543937
4.6943	0.000392525
4.6944	0.000602299
4.6945	0.000486368
4.6946	0.00056061
4.6947	0.000667924
4.6948	0.000619995
4.6949	0.000690688
4.695	0.000668946
4.6951	0.000688992
4.6952	0.000528585
4.6953	0.000847464
4.6954	0.000798855
4.6955	0.000534735
4.6956	0.000739836
4.6957	0.0005721
4.6958	0.000648322
4.6959	0.000569892
4.696	0.000583244
4.6961	0.000565324
4.6962	0.000638553
4.6963	0.000474459
4.6964	0.000669456
4.6965	0.000612665
4.6966	0.000723383
4.6967	0.000665006
4.6968	0.000538974
4.6969	0.000767451
4.697	0.000658933
4.6971	0.00071875
4.6972	0.000631742
4.6973	0.000618414
4.6974	0.000618103
4.6975	0.000702353
4.6976	0.000832929
4.6977	0.000592634
4.6978	0.0005776
4.6979	0.000613598
4.698	0.000423209
4.6981	0.00061565
4.6982	0.000703325
4.6983	0.000789906
4.6984	0.000580637
4.6985	0.000666193
4.6986	0.00058638
4.6987	0.000618865
4.6988	0.000524127
4.6989	0.000493526
4.699	0.00042555
4.6991	0.000577613
4.6992	0.000974935
4.6993	0.000792243
4.6994	0.000600134
4.6995	0.000601906
4.6996	0.000642044
4.6997	0.000844989
4.6998	0.000696292
4.6999	0.000401438
4.7	0.000538529
4.7001	0.000537413
4.7002	0.000661736
4.7003	0.000496198
4.7004	0.000548135
4.7005	0.000563233
4.7006	0.000727534
4.7007	0.000573417
4.7008	0.00057304
4.7009	0.000641998
4.701	0.000727741
4.7011	0.000474382
4.7012	0.000569061
4.7013	0.000769389
4.7014	0.000499962
4.7015	0.000616443
4.7016	0.000664012
4.7017	0.000514113
4.7018	0.000699011
4.7019	0.000496057
4.702	0.000557471
4.7021	0.000627365
4.7022	0.00047867
4.7023	0.000624241
4.7024	0.00067321
4.7025	0.000675018
4.7026	0.000644704
4.7027	0.000637268
4.7028	0.000714756
4.7029	0.000528474
4.703	0.000668372
4.7031	0.000667649
4.7032	0.000540057
4.7033	0.0004935
4.7034	0.000497503
4.7035	0.000465911
4.7036	0.000546445
4.7037	0.00065721
4.7038	0.000859241
4.7039	0.000641706
4.704	0.000630453
4.7041	0.000655061
4.7042	0.000803607
4.7043	0.000739764
4.7044	0.000647745
4.7045	0.000437791
4.7046	0.000518302
4.7047	0.000656346
4.7048	0.000576502
4.7049	0.000593433
4.705	0.000597661
4.7051	0.000514955
4.7052	0.000636846
4.7053	0.000842675
4.7054	0.000494501
4.7055	0.000531858
4.7056	0.000467097
4.7057	0.000592857
4.7058	0.000643141
4.7059	0.000759326
4.706	0.000854705
4.7061	0.000616962
4.7062	0.000598142
4.7063	0.000817692
4.7064	0.000661445
4.7065	0.000621865
4.7066	0.000616871
4.7067	0.000554226
4.7068	0.000667198
4.7069	0.000499907
4.707	0.00080243
4.7071	0.000474709
4.7072	0.000687878
4.7073	0.000504708
4.7074	0.00064286
4.7075	0.000598288
4.7076	0.000446513
4.7077	0.00065207
4.7078	0.000564276
4.7079	0.000409911
4.708	0.000363143
4.7081	0.000503243
4.7082	0.00044616
4.7083	0.000472669
4.7084	0.000732239
4.7085	0.000704772
4.7086	0.000608886
4.7087	0.000720363
4.7088	0.00051681
4.7089	0.000586161
4.709	0.000589658
4.7091	0.000482595
4.7092	0.000607377
4.7093	0.000571764
4.7094	0.000385658
4.7095	0.000591932
4.7096	0.000693931
4.7097	0.00047822
4.7098	0.000552284
4.7099	0.00048917
4.71	0.000487673
4.7101	0.000443019
4.7102	0.000377316
4.7103	0.000470467
4.7104	0.00056991
4.7105	0.000654545
4.7106	0.000655479
4.7107	0.000447529
4.7108	0.000594404
4.7109	0.000507854
4.711	0.000477314
4.7111	0.000379199
4.7112	0.000565879
4.7113	0.000445041
4.7114	0.000661442
4.7115	0.000538357
4.7116	0.000713152
4.7117	0.000759855
4.7118	0.000463194
4.7119	0.000465285
4.712	0.000454597
4.7121	0.000436832
4.7122	0.000479734
4.7123	0.000463356
4.7124	0.000431067
4.7125	0.000417633
4.7126	0.000536148
4.7127	0.000656936
4.7128	0.000468245
4.7129	0.000502798
4.713	0.000656808
4.7131	0.000778142
4.7132	0.000727717
4.7133	0.000434152
4.7134	0.000413809
4.7135	0.000636609
4.7136	0.000429564
4.7137	0.000564783
4.7138	0.00075595
4.7139	0.000471287
4.714	0.000679512
4.7141	0.000618469
4.7142	0.000506094
4.7143	0.000581488
4.7144	0.000546406
4.7145	0.000418958
4.7146	0.000447745
4.7147	0.00045363
4.7148	0.000483815
4.7149	0.000588508
4.715	0.000406072
4.7151	0.000525985
4.7152	0.000611093
4.7153	0.000630594
4.7154	0.000511137
4.7155	0.000457166
4.7156	0.000525172
4.7157	0.000499802
4.7158	0.000526819
4.7159	0.00069629
4.716	0.000411559
4.7161	0.000469053
4.7162	0.000664345
4.7163	0.000745362
4.7164	0.000577007
4.7165	0.00058672
4.7166	0.000541487
4.7167	0.000558531
4.7168	0.000647856
4.7169	0.000614355
4.717	0.000752695
4.7171	0.000437221
4.7172	0.000535163
4.7173	0.000501003
4.7174	0.00062581
4.7175	0.000617256
4.7176	0.000588312
4.7177	0.000504111
4.7178	0.000516958
4.7179	0.000474368
4.718	0.000641108
4.7181	0.00068484
4.7182	0.00060424
4.7183	0.000476235
4.7184	0.000533077
4.7185	0.000451982
4.7186	0.000560824
4.7187	0.00062555
4.7188	0.000599533
4.7189	0.000573534
4.719	0.000800915
4.7191	0.000706103
4.7192	0.000699302
4.7193	0.000514965
4.7194	0.000726293
4.7195	0.000619583
4.7196	0.000560222
4.7197	0.000498221
4.7198	0.000657371
4.7199	0.000666646
4.72	0.000698132
4.7201	0.000515939
4.7202	0.000491163
4.7203	0.000444927
4.7204	0.000544395
4.7205	0.000512099
4.7206	0.000592066
4.7207	0.00059549
4.7208	0.000539202
4.7209	0.000407887
4.721	0.00053443
4.7211	0.000471338
4.7212	0.000576295
4.7213	0.000626405
4.7214	0.00058562
4.7215	0.000668658
4.7216	0.000643632
4.7217	0.000641131
4.7218	0.000603306
4.7219	0.000826741
4.722	0.000754361
4.7221	0.000824792
4.7222	0.000555
4.7223	0.000429253
4.7224	0.000600238
4.7225	0.000581931
4.7226	0.000744375
4.7227	0.000676165
4.7228	0.000563279
4.7229	0.000409066
4.723	0.000545257
4.7231	0.000404832
4.7232	0.000507559
4.7233	0.00071459
4.7234	0.000572337
4.7235	0.000608243
4.7236	0.000457689
4.7237	0.000654192
4.7238	0.00067441
4.7239	0.000712847
4.724	0.000558181
4.7241	0.000650357
4.7242	0.000568081
4.7243	0.000766057
4.7244	0.000695231
4.7245	0.000500278
4.7246	0.00057607
4.7247	0.000667525
4.7248	0.000537461
4.7249	0.000484004
4.725	0.000377584
4.7251	0.000426251
4.7252	0.000441461
4.7253	0.000505514
4.7254	0.000613832
4.7255	0.000403761
4.7256	0.000404016
4.7257	0.00066944
4.7258	0.000796621
4.7259	0.000700948
4.726	0.000625635
4.7261	0.000659959
4.7262	0.000854377
4.7263	0.000671737
4.7264	0.000650128
4.7265	0.0006129
4.7266	0.000623768
4.7267	0.000606269
4.7268	0.000679978
4.7269	0.000511228
4.727	0.000560107
4.7271	0.00050303
4.7272	0.000471968
4.7273	0.000484294
4.7274	0.000551351
4.7275	0.000615729
4.7276	0.000472493
4.7277	0.000367867
4.7278	0.000424933
4.7279	0.000603106
4.728	0.000619837
4.7281	0.00071762
4.7282	0.000517262
4.7283	0.000652612
4.7284	0.000905127
4.7285	0.000996256
4.7286	0.000569637
4.7287	0.000493016
4.7288	0.000641688
4.7289	0.000543247
4.729	0.000420046
4.7291	0.000567996
4.7292	0.000499818
4.7293	0.000429839
4.7294	0.000567119
4.7295	0.000550262
4.7296	0.000634868
4.7297	0.000365015
4.7298	0.000513792
4.7299	0.000631625
4.73	0.00042383
4.7301	0.000542319
4.7302	0.000673442
4.7303	0.000549836
4.7304	0.00079788
4.7305	0.000518781
4.7306	0.000802738
4.7307	0.000687934
4.7308	0.000791157
4.7309	0.000578231
4.731	0.000616227
4.7311	0.000719943
4.7312	0.000754537
4.7313	0.000759907
4.7314	0.000639884
4.7315	0.000468115
4.7316	0.000538463
4.7317	0.000572777
4.7318	0.000658078
4.7319	0.000585949
4.732	0.000635607
4.7321	0.000601145
4.7322	0.000631635
4.7323	0.000700502
4.7324	0.000638485
4.7325	0.000671493
4.7326	0.000718572
4.7327	0.000683848
4.7328	0.000467474
4.7329	0.000658547
4.733	0.000553207
4.7331	0.000806779
4.7332	0.000577669
4.7333	0.000582138
4.7334	0.000645594
4.7335	0.000539193
4.7336	0.000675806
4.7337	0.000535865
4.7338	0.000517573
4.7339	0.000751025
4.734	0.00065455
4.7341	0.000496926
4.7342	0.000694158
4.7343	0.000763267
4.7344	0.000707719
4.7345	0.000625454
4.7346	0.000498716
4.7347	0.000550645
4.7348	0.00052778
4.7349	0.000767246
4.735	0.000691621
4.7351	0.000616989
4.7352	0.000559673
4.7353	0.00061106
4.7354	0.000811358
4.7355	0.000823461
4.7356	0.000443812
4.7357	0.0005746
4.7358	0.000549752
4.7359	0.000617625
4.736	0.000582111
4.7361	0.000577892
4.7362	0.000597413
4.7363	0.000565994
4.7364	0.000505544
4.7365	0.00052922
4.7366	0.00064778
4.7367	0.000741495
4.7368	0.00061687
4.7369	0.000791684
4.737	0.00061809
4.7371	0.000596211
4.7372	0.00066686
4.7373	0.00066058
4.7374	0.000678133
4.7375	0.000921956
4.7376	0.000516683
4.7377	0.000590952
4.7378	0.000715537
4.7379	0.000564932
4.738	0.000584807
4.7381	0.000569793
4.7382	0.000866665
4.7383	0.000689745
4.7384	0.000579784
4.7385	0.000718589
4.7386	0.000610511
4.7387	0.000607953
4.7388	0.000877212
4.7389	0.000440673
4.739	0.000617243
4.7391	0.000542649
4.7392	0.000455094
4.7393	0.000701077
4.7394	0.000557345
4.7395	0.000857848
4.7396	0.000836309
4.7397	0.000613073
4.7398	0.00060554
4.7399	0.000609452
4.74	0.000601326
4.7401	0.000552349
4.7402	0.000477135
4.7403	0.000516321
4.7404	0.000724389
4.7405	0.000635968
4.7406	0.00065893
4.7407	0.000483123
4.7408	0.000626611
4.7409	0.000614854
4.741	0.00052684
4.7411	0.00048329
4.7412	0.000629078
4.7413	0.000503098
4.7414	0.000451279
4.7415	0.000658067
4.7416	0.000746517
4.7417	0.000771068
4.7418	0.000671442
4.7419	0.000690392
4.742	0.000655397
4.7421	0.000692045
4.7422	0.0006096
4.7423	0.000529907
4.7424	0.000513194
4.7425	0.000641615
4.7426	0.000569543
4.7427	0.000772331
4.7428	0.000652951
4.7429	0.000613935
4.743	0.000660238
4.7431	0.000791714
4.7432	0.000472547
4.7433	0.000447081
4.7434	0.000510559
4.7435	0.000506664
4.7436	0.000406819
4.7437	0.000388247
4.7438	0.000573163
4.7439	0.00058447
4.744	0.000523872
4.7441	0.000584332
4.7442	0.000731014
4.7443	0.000584376
4.7444	0.000729596
4.7445	0.00061429
4.7446	0.000543258
4.7447	0.000491753
4.7448	0.000550143
4.7449	0.000589192
4.745	0.000478684
4.7451	0.000562275
4.7452	0.000497807
4.7453	0.000512146
4.7454	0.000425265
4.7455	0.000579582
4.7456	0.000599704
4.7457	0.000601987
4.7458	0.000556179
4.7459	0.000465242
4.746	0.000518308
4.7461	0.000497492
4.7462	0.000632057
4.7463	0.000528328
4.7464	0.000518458
4.7465	0.000736158
4.7466	0.00065311
4.7467	0.000574152
4.7468	0.000500969
4.7469	0.000522059
4.747	0.000561717
4.7471	0.000612143
4.7472	0.000673484
4.7473	0.000537177
4.7474	0.000583297
4.7475	0.000495677
4.7476	0.000386258
4.7477	0.000395171
4.7478	0.000508425
4.7479	0.000478815
4.748	0.000492464
4.7481	0.000320462
4.7482	0.000411597
4.7483	0.000590055
4.7484	0.000550102
4.7485	0.000454628
4.7486	0.000590101
4.7487	0.000666545
4.7488	0.000642883
4.7489	0.000637436
4.749	0.00051386
4.7491	0.000496712
4.7492	0.000609105
4.7493	0.000559599
4.7494	0.000648592
4.7495	0.000475928
4.7496	0.000541671
4.7497	0.000508654
4.7498	0.000552783
4.7499	0.000454535
4.75	0.000633195
4.7501	0.000471767
4.7502	0.000379519
4.7503	0.000531995
4.7504	0.000398022
4.7505	0.000461223
4.7506	0.000591431
4.7507	0.000509668
4.7508	0.000536813
4.7509	0.000605509
4.751	0.000671357
4.7511	0.000528687
4.7512	0.000484265
4.7513	0.000473628
4.7514	0.000580968
4.7515	0.000555821
4.7516	0.000509755
4.7517	0.000515381
4.7518	0.000660621
4.7519	0.000673965
4.752	0.000523179
4.7521	0.000589218
4.7522	0.000626698
4.7523	0.000551002
4.7524	0.000368783
4.7525	0.000695881
4.7526	0.000534571
4.7527	0.000687852
4.7528	0.000604415
4.7529	0.000482188
4.753	0.000410906
4.7531	0.000574544
4.7532	0.000663789
4.7533	0.000804664
4.7534	0.000474994
4.7535	0.000692215
4.7536	0.000688556
4.7537	0.000668319
4.7538	0.000581935
4.7539	0.000639606
4.754	0.000643912
4.7541	0.000523748
4.7542	0.000443897
4.7543	0.000493659
4.7544	0.000720107
4.7545	0.000602566
4.7546	0.000615952
4.7547	0.00080882
4.7548	0.000771228
4.7549	0.000626907
4.755	0.000569294
4.7551	0.000672212
4.7552	0.00072063
4.7553	0.000503138
4.7554	0.000588272
4.7555	0.00066833
4.7556	0.000518688
4.7557	0.000588385
4.7558	0.000528158
4.7559	0.000622893
4.756	0.000435404
4.7561	0.000527564
4.7562	0.000595627
4.7563	0.00072885
4.7564	0.000430534
4.7565	0.000484852
4.7566	0.000410178
4.7567	0.000594512
4.7568	0.000634569
4.7569	0.000645126
4.757	0.00049584
4.7571	0.000734118
4.7572	0.000908507
4.7573	0.000681527
4.7574	0.000528278
4.7575	0.000525595
4.7576	0.000524338
4.7577	0.000809306
4.7578	0.000778681
4.7579	0.000488447
4.758	0.000559464
4.7581	0.000518425
4.7582	0.000515309
4.7583	0.000591004
4.7584	0.000677164
4.7585	0.00053493
4.7586	0.000470512
4.7587	0.000528357
4.7588	0.000526487
4.7589	0.000556802
4.759	0.000859703
4.7591	0.000582828
4.7592	0.000525543
4.7593	0.000553876
4.7594	0.000689712
4.7595	0.000748132
4.7596	0.000546923
4.7597	0.00054582
4.7598	0.000708497
4.7599	0.000693674
4.76	0.000701824
4.7601	0.000718939
4.7602	0.000444097
4.7603	0.000496049
4.7604	0.000726944
4.7605	0.000522274
4.7606	0.00055527
4.7607	0.000474383
4.7608	0.000480355
4.7609	0.000571927
4.761	0.000502646
4.7611	0.000580098
4.7612	0.000445216
4.7613	0.000422457
4.7614	0.000794762
4.7615	0.000804461
4.7616	0.000549664
4.7617	0.000700879
4.7618	0.000751877
4.7619	0.000608669
4.762	0.000829422
4.7621	0.000588293
4.7622	0.000589787
4.7623	0.000565569
4.7624	0.000880688
4.7625	0.000518934
4.7626	0.000608155
4.7627	0.000587085
4.7628	0.000469176
4.7629	0.000444458
4.763	0.000553793
4.7631	0.000599107
4.7632	0.000489438
4.7633	0.000612301
4.7634	0.000349755
4.7635	0.00050724
4.7636	0.000664583
4.7637	0.000581941
4.7638	0.000775751
4.7639	0.000560827
4.764	0.000721474
4.7641	0.000831696
4.7642	0.000627061
4.7643	0.000626768
4.7644	0.000817912
4.7645	0.000766297
4.7646	0.000716055
4.7647	0.000542016
4.7648	0.000594436
4.7649	0.000526519
4.765	0.00049515
4.7651	0.000554365
4.7652	0.000670274
4.7653	0.000700124
4.7654	0.000500977
4.7655	0.000386125
4.7656	0.000642093
4.7657	0.000502721
4.7658	0.000385599
4.7659	0.000657237
4.766	0.000527111
4.7661	0.000802581
4.7662	0.000735002
4.7663	0.000561717
4.7664	0.000684473
4.7665	0.000761976
4.7666	0.000522032
4.7667	0.000633195
4.7668	0.000678814
4.7669	0.000767183
4.767	0.000679508
4.7671	0.00069842
4.7672	0.000485891
4.7673	0.000560522
4.7674	0.000605587
4.7675	0.000471484
4.7676	0.000576255
4.7677	0.000622705
4.7678	0.000545621
4.7679	0.000601962
4.768	0.000560874
4.7681	0.000702148
4.7682	0.000637248
4.7683	0.000566733
4.7684	0.000665051
4.7685	0.000587506
4.7686	0.000606296
4.7687	0.000556117
4.7688	0.000647298
4.7689	0.000728007
4.769	0.000750328
4.7691	0.000542322
4.7692	0.000502742
4.7693	0.000542283
4.7694	0.000615103
4.7695	0.000620266
4.7696	0.000715359
4.7697	0.000726814
4.7698	0.000644262
4.7699	0.000606739
4.77	0.000566003
4.7701	0.000711525
4.7702	0.000654597
4.7703	0.000417666
4.7704	0.000666809
4.7705	0.000680488
4.7706	0.000729451
4.7707	0.000752268
4.7708	0.000619031
4.7709	0.000653339
4.771	0.000711692
4.7711	0.000662035
4.7712	0.000697821
4.7713	0.000532172
4.7714	0.000530678
4.7715	0.000725419
4.7716	0.00048775
4.7717	0.00057431
4.7718	0.000621019
4.7719	0.000660085
4.772	0.000633001
4.7721	0.000725287
4.7722	0.000496017
4.7723	0.000589775
4.7724	0.000528268
4.7725	0.000594265
4.7726	0.000646368
4.7727	0.00056956
4.7728	0.000595168
4.7729	0.00055933
4.773	0.000631869
4.7731	0.000629196
4.7732	0.000750068
4.7733	0.000420523
4.7734	0.000757844
4.7735	0.000404184
4.7736	0.000528899
4.7737	0.000568584
4.7738	0.000556362
4.7739	0.000588854
4.774	0.000676905
4.7741	0.000523091
4.7742	0.000563886
4.7743	0.000660358
4.7744	0.000753346
4.7745	0.000662057
4.7746	0.000468695
4.7747	0.000493153
4.7748	0.000426353
4.7749	0.00048937
4.775	0.00054186
4.7751	0.000791987
4.7752	0.000757322
4.7753	0.000817629
4.7754	0.000530624
4.7755	0.000876938
4.7756	0.000816148
4.7757	0.000740643
4.7758	0.000444282
4.7759	0.000549843
4.776	0.00054439
4.7761	0.000652113
4.7762	0.000725295
4.7763	0.000653303
4.7764	0.000451505
4.7765	0.000602271
4.7766	0.000729578
4.7767	0.000507476
4.7768	0.000505501
4.7769	0.000614551
4.777	0.000513523
4.7771	0.000586557
4.7772	0.000660568
4.7773	0.00086489
4.7774	0.000703432
4.7775	0.000626463
4.7776	0.000521248
4.7777	0.000783011
4.7778	0.000672673
4.7779	0.000608171
4.778	0.000613586
4.7781	0.000618029
4.7782	0.000555956
4.7783	0.000612746
4.7784	0.000593592
4.7785	0.000477959
4.7786	0.000516859
4.7787	0.000571182
4.7788	0.000609682
4.7789	0.000441956
4.779	0.000510853
4.7791	0.000501635
4.7792	0.000606167
4.7793	0.000471056
4.7794	0.000413683
4.7795	0.000431992
4.7796	0.000549329
4.7797	0.000686213
4.7798	0.000596234
4.7799	0.000689183
4.78	0.000565982
4.7801	0.000572503
4.7802	0.000414021
4.7803	0.000606731
4.7804	0.000677694
4.7805	0.000537963
4.7806	0.000664064
4.7807	0.00046471
4.7808	0.00052222
4.7809	0.00065562
4.781	0.000512948
4.7811	0.000592992
4.7812	0.000428667
4.7813	0.000616091
4.7814	0.000532457
4.7815	0.000469689
4.7816	0.000498408
4.7817	0.000584024
4.7818	0.000468331
4.7819	0.000467628
4.782	0.000692379
4.7821	0.000781746
4.7822	0.000619726
4.7823	0.000597207
4.7824	0.00049388
4.7825	0.000492423
4.7826	0.000604077
4.7827	0.000502367
4.7828	0.000557949
4.7829	0.000747636
4.783	0.000530917
4.7831	0.000556999
4.7832	0.000384473
4.7833	0.000397324
4.7834	0.000434843
4.7835	0.000572008
4.7836	0.000440822
4.7837	0.000507047
4.7838	0.000388823
4.7839	0.000491811
4.784	0.000482905
4.7841	0.000447466
4.7842	0.000486584
4.7843	0.000556381
4.7844	0.000842184
4.7845	0.00082037
4.7846	0.000463536
4.7847	0.000422686
4.7848	0.000541261
4.7849	0.000477468
4.785	0.000546406
4.7851	0.000515251
4.7852	0.000557943
4.7853	0.00065252
4.7854	0.00068509
4.7855	0.000407009
4.7856	0.000430456
4.7857	0.000799402
4.7858	0.000403385
4.7859	0.00053288
4.786	0.000393632
4.7861	0.000549325
4.7862	0.00055899
4.7863	0.000468618
4.7864	0.000594213
4.7865	0.000585567
4.7866	0.000646493
4.7867	0.000796836
4.7868	0.000541766
4.7869	0.000603384
4.787	0.000513412
4.7871	0.000502871
4.7872	0.000677149
4.7873	0.000486199
4.7874	0.000538484
4.7875	0.000570955
4.7876	0.000767871
4.7877	0.000493243
4.7878	0.000659329
4.7879	0.000465525
4.788	0.000519826
4.7881	0.000600488
4.7882	0.00061913
4.7883	0.000564883
4.7884	0.000684537
4.7885	0.000415349
4.7886	0.000538386
4.7887	0.000469562
4.7888	0.000595774
4.7889	0.000672311
4.789	0.000814363
4.7891	0.000616034
4.7892	0.000568175
4.7893	0.000699942
4.7894	0.000426804
4.7895	0.000697328
4.7896	0.000532968
4.7897	0.00054164
4.7898	0.000454429
4.7899	0.000415132
4.79	0.000637293
4.7901	0.000656657
4.7902	0.000598133
4.7903	0.000592465
4.7904	0.000638199
4.7905	0.000737309
4.7906	0.000761948
4.7907	0.000644858
4.7908	0.000688202
4.7909	0.000564167
4.791	0.000596985
4.7911	0.000716243
4.7912	0.000668675
4.7913	0.00053604
4.7914	0.000515852
4.7915	0.000502566
4.7916	0.00050519
4.7917	0.000563825
4.7918	0.000654734
4.7919	0.000635268
4.792	0.000588256
4.7921	0.000589468
4.7922	0.00042273
4.7923	0.000404717
4.7924	0.000624246
4.7925	0.000554224
4.7926	0.00059152
4.7927	0.000549813
4.7928	0.000849381
4.7929	0.000742678
4.793	0.000695188
4.7931	0.000584391
4.7932	0.000657939
4.7933	0.000661193
4.7934	0.000533407
4.7935	0.000749065
4.7936	0.000498648
4.7937	0.000638761
4.7938	0.000499237
4.7939	0.000504301
4.794	0.000650352
4.7941	0.000726479
4.7942	0.000403614
4.7943	0.000408526
4.7944	0.00043375
4.7945	0.000442049
4.7946	0.000560585
4.7947	0.000685092
4.7948	0.000510755
4.7949	0.000573338
4.795	0.000757085
4.7951	0.000601675
4.7952	0.00044937
4.7953	0.000712107
4.7954	0.000717442
4.7955	0.000779043
4.7956	0.000615901
4.7957	0.000806852
4.7958	0.000536201
4.7959	0.000527429
4.796	0.000660184
4.7961	0.000633129
4.7962	0.000606165
4.7963	0.000503868
4.7964	0.000475831
4.7965	0.000422696
4.7966	0.000433743
4.7967	0.000425165
4.7968	0.00056076
4.7969	0.000442119
4.797	0.000445655
4.7971	0.000660515
4.7972	0.000718743
4.7973	0.000526008
4.7974	0.000744972
4.7975	0.000798696
4.7976	0.000551516
4.7977	0.000797785
4.7978	0.000506967
4.7979	0.000541325
4.798	0.00049362
4.7981	0.000708687
4.7982	0.000572428
4.7983	0.000639445
4.7984	0.000601021
4.7985	0.000499531
4.7986	0.000564999
4.7987	0.000426394
4.7988	0.000403176
4.7989	0.00051286
4.799	0.000494286
4.7991	0.000365851
4.7992	0.000564793
4.7993	0.000476801
4.7994	0.000672345
4.7995	0.000580703
4.7996	0.000530146
4.7997	0.000696008
4.7998	0.000873759
4.7999	0.000790995
4.8	0.000625007
4.8001	0.000779107
4.8002	0.000646906
4.8003	0.000656746
4.8004	0.000414661
4.8005	0.000508942
4.8006	0.000514651
4.8007	0.000476888
4.8008	0.000575146
4.8009	0.000571469
4.801	0.000753093
4.8011	0.000402323
4.8012	0.000486617
4.8013	0.000601769
4.8014	0.000516044
4.8015	0.000559078
4.8016	0.000578577
4.8017	0.000493364
4.8018	0.000709728
4.8019	0.000598648
4.802	0.00080799
4.8021	0.000683781
4.8022	0.000682247
4.8023	0.000717068
4.8024	0.00075989
4.8025	0.000575322
4.8026	0.000722738
4.8027	0.000653247
4.8028	0.00066222
4.8029	0.000446608
4.803	0.000644785
4.8031	0.000618742
4.8032	0.000542191
4.8033	0.000642127
4.8034	0.000632034
4.8035	0.000625253
4.8036	0.000595749
4.8037	0.000813088
4.8038	0.000655631
4.8039	0.000665842
4.804	0.000717181
4.8041	0.000717667
4.8042	0.000606205
4.8043	0.000578666
4.8044	0.000622572
4.8045	0.000698698
4.8046	0.00073069
4.8047	0.000586165
4.8048	0.00048245
4.8049	0.000634122
4.805	0.000472347
4.8051	0.000641939
4.8052	0.000680019
4.8053	0.000647546
4.8054	0.000724215
4.8055	0.000533246
4.8056	0.000600479
4.8057	0.000527542
4.8058	0.000648157
4.8059	0.000574073
4.806	0.000429298
4.8061	0.000666263
4.8062	0.000668144
4.8063	0.000669762
4.8064	0.000679788
4.8065	0.000541921
4.8066	0.000643835
4.8067	0.000761687
4.8068	0.000703662
4.8069	0.000679069
4.807	0.000465421
4.8071	0.000540465
4.8072	0.000563901
4.8073	0.000562215
4.8074	0.000583501
4.8075	0.000666744
4.8076	0.000570348
4.8077	0.000542371
4.8078	0.000613277
4.8079	0.000718249
4.808	0.000597067
4.8081	0.000491803
4.8082	0.00056657
4.8083	0.000577238
4.8084	0.000543267
4.8085	0.000655939
4.8086	0.000562938
4.8087	0.000604858
4.8088	0.000734118
4.8089	0.000635926
4.809	0.000534038
4.8091	0.000750639
4.8092	0.000444189
4.8093	0.000502003
4.8094	0.000505445
4.8095	0.000704597
4.8096	0.00067555
4.8097	0.000614927
4.8098	0.000559011
4.8099	0.000524838
4.81	0.000638764
4.8101	0.000889036
4.8102	0.000803418
4.8103	0.000442315
4.8104	0.000560046
4.8105	0.000460103
4.8106	0.000442968
4.8107	0.000592015
4.8108	0.000809066
4.8109	0.000832375
4.811	0.000722586
4.8111	0.00083456
4.8112	0.000673404
4.8113	0.000743708
4.8114	0.0004874
4.8115	0.000513274
4.8116	0.000586332
4.8117	0.000621983
4.8118	0.000554907
4.8119	0.000674451
4.812	0.000734344
4.8121	0.000456074
4.8122	0.000588423
4.8123	0.000734201
4.8124	0.000489887
4.8125	0.000537735
4.8126	0.000643696
4.8127	0.000583599
4.8128	0.000529805
4.8129	0.000687624
4.813	0.000676736
4.8131	0.000796351
4.8132	0.000667257
4.8133	0.000738119
4.8134	0.000802061
4.8135	0.000688007
4.8136	0.000568073
4.8137	0.000682044
4.8138	0.000666555
4.8139	0.00051891
4.814	0.000795007
4.8141	0.00052198
4.8142	0.000632241
4.8143	0.000641572
4.8144	0.000632532
4.8145	0.000597343
4.8146	0.000495891
4.8147	0.00066599
4.8148	0.0005312
4.8149	0.000462973
4.815	0.000444134
4.8151	0.000441505
4.8152	0.000554786
4.8153	0.000598764
4.8154	0.000700543
4.8155	0.000694237
4.8156	0.000678721
4.8157	0.000585505
4.8158	0.000532148
4.8159	0.000504839
4.816	0.000451563
4.8161	0.000691478
4.8162	0.000562715
4.8163	0.000600201
4.8164	0.000416973
4.8165	0.000637115
4.8166	0.000699341
4.8167	0.000413522
4.8168	0.000580824
4.8169	0.000463269
4.817	0.000538612
4.8171	0.000543014
4.8172	0.000380722
4.8173	0.000464057
4.8174	0.000545342
4.8175	0.000540392
4.8176	0.000606964
4.8177	0.000525974
4.8178	0.000538211
4.8179	0.000773582
4.818	0.000546543
4.8181	0.000453272
4.8182	0.000451645
4.8183	0.000502004
4.8184	0.000615061
4.8185	0.000601318
4.8186	0.000537816
4.8187	0.000659586
4.8188	0.000650703
4.8189	0.000438645
4.819	0.000444838
4.8191	0.000466311
4.8192	0.000442911
4.8193	0.000390484
4.8194	0.000411276
4.8195	0.000347582
4.8196	0.000452523
4.8197	0.00052913
4.8198	0.000479518
4.8199	0.000496322
4.82	0.000604085
4.8201	0.000622211
4.8202	0.000816434
4.8203	0.000508094
4.8204	0.000439141
4.8205	0.000495874
4.8206	0.000448556
4.8207	0.000561486
4.8208	0.000727839
4.8209	0.000512206
4.821	0.000586439
4.8211	0.000536679
4.8212	0.000489537
4.8213	0.000471281
4.8214	0.00081797
4.8215	0.000451476
4.8216	0.000530854
4.8217	0.000417881
4.8218	0.000513133
4.8219	0.000420042
4.822	0.000519565
4.8221	0.000528259
4.8222	0.000450183
4.8223	0.000830236
4.8224	0.000612401
4.8225	0.000458011
4.8226	0.000610463
4.8227	0.000627288
4.8228	0.000633061
4.8229	0.000587153
4.823	0.000410509
4.8231	0.000469997
4.8232	0.000672586
4.8233	0.000557767
4.8234	0.000530802
4.8235	0.000741171
4.8236	0.000527211
4.8237	0.000421339
4.8238	0.000558073
4.8239	0.000877345
4.824	0.000479045
4.8241	0.000602297
4.8242	0.000381538
4.8243	0.000558353
4.8244	0.000480405
4.8245	0.000647376
4.8246	0.00055995
4.8247	0.000772756
4.8248	0.000575779
4.8249	0.000452012
4.825	0.000630512
4.8251	0.000507419
4.8252	0.000642663
4.8253	0.000630501
4.8254	0.000435581
4.8255	0.000494356
4.8256	0.000488932
4.8257	0.000502415
4.8258	0.000644671
4.8259	0.000636951
4.826	0.000719403
4.8261	0.00066372
4.8262	0.000591466
4.8263	0.000673269
4.8264	0.00059494
4.8265	0.000507928
4.8266	0.000602847
4.8267	0.000437493
4.8268	0.00068517
4.8269	0.000723947
4.827	0.000661869
4.8271	0.000619815
4.8272	0.000536289
4.8273	0.00046312
4.8274	0.000525589
4.8275	0.000716522
4.8276	0.000646595
4.8277	0.000687612
4.8278	0.000544246
4.8279	0.000459763
4.828	0.000508469
4.8281	0.000449105
4.8282	0.000543426
4.8283	0.000693903
4.8284	0.000438111
4.8285	0.000764908
4.8286	0.000786488
4.8287	0.000814437
4.8288	0.000454494
4.8289	0.000734833
4.829	0.000835465
4.8291	0.000492254
4.8292	0.000755862
4.8293	0.00047684
4.8294	0.000587165
4.8295	0.000521952
4.8296	0.000551808
4.8297	0.000636777
4.8298	0.000701743
4.8299	0.000507894
4.83	0.000432765
4.8301	0.000388304
4.8302	0.000397106
4.8303	0.00069854
4.8304	0.00066976
4.8305	0.000515104
4.8306	0.00051895
4.8307	0.000585308
4.8308	0.000686317
4.8309	0.000489816
4.831	0.000651061
4.8311	0.000696688
4.8312	0.000615865
4.8313	0.000705765
4.8314	0.000715914
4.8315	0.000561181
4.8316	0.000433318
4.8317	0.000669577
4.8318	0.000774494
4.8319	0.000574155
4.832	0.000413741
4.8321	0.000414357
4.8322	0.000484028
4.8323	0.000447868
4.8324	0.000479635
4.8325	0.000569558
4.8326	0.000462307
4.8327	0.000480585
4.8328	0.000777328
4.8329	0.000800393
4.833	0.000734298
4.8331	0.00057018
4.8332	0.000740941
4.8333	0.000645158
4.8334	0.000885053
4.8335	0.000458202
4.8336	0.000655073
4.8337	0.000486016
4.8338	0.000693591
4.8339	0.000676164
4.834	0.000572075
4.8341	0.000538223
4.8342	0.000577471
4.8343	0.000481775
4.8344	0.000490384
4.8345	0.000450815
4.8346	0.000541506
4.8347	0.000535776
4.8348	0.000507324
4.8349	0.000442728
4.835	0.000551507
4.8351	0.000763261
4.8352	0.000746079
4.8353	0.000475865
4.8354	0.000740331
4.8355	0.00103239
4.8356	0.000805311
4.8357	0.000586356
4.8358	0.000586578
4.8359	0.000764461
4.836	0.000676076
4.8361	0.00052104
4.8362	0.000541463
4.8363	0.000506899
4.8364	0.000523456
4.8365	0.000496384
4.8366	0.000599895
4.8367	0.000709639
4.8368	0.000410792
4.8369	0.000546481
4.837	0.000602605
4.8371	0.000530536
4.8372	0.000502257
4.8373	0.000631925
4.8374	0.000417146
4.8375	0.000691402
4.8376	0.000676072
4.8377	0.000608925
4.8378	0.000694792
4.8379	0.000765051
4.838	0.000646696
4.8381	0.000683008
4.8382	0.000629829
4.8383	0.000694179
4.8384	0.00069792
4.8385	0.00061367
4.8386	0.000544322
4.8387	0.000622731
4.8388	0.000597634
4.8389	0.000568087
4.839	0.00043032
4.8391	0.000721435
4.8392	0.000685892
4.8393	0.000697762
4.8394	0.000765624
4.8395	0.000524004
4.8396	0.000637051
4.8397	0.000548053
4.8398	0.00065016
4.8399	0.000590237
4.84	0.000716767
4.8401	0.00049168
4.8402	0.000782825
4.8403	0.000645359
4.8404	0.000679091
4.8405	0.000467146
4.8406	0.000589977
4.8407	0.000497175
4.8408	0.000695603
4.8409	0.000621319
4.841	0.000729668
4.8411	0.000723596
4.8412	0.000734546
4.8413	0.000513738
4.8414	0.000541665
4.8415	0.000758393
4.8416	0.000629876
4.8417	0.000461946
4.8418	0.000555576
4.8419	0.000731055
4.842	0.000717913
4.8421	0.00070907
4.8422	0.000526994
4.8423	0.000701658
4.8424	0.000655444
4.8425	0.000612793
4.8426	0.000645987
4.8427	0.000462126
4.8428	0.000545061
4.8429	0.000654863
4.843	0.000455993
4.8431	0.000565592
4.8432	0.000657828
4.8433	0.000444379
4.8434	0.000635284
4.8435	0.000589991
4.8436	0.000645285
4.8437	0.000626063
4.8438	0.000504627
4.8439	0.000589091
4.844	0.000708782
4.8441	0.000530502
4.8442	0.00061988
4.8443	0.000505903
4.8444	0.000530537
4.8445	0.000797774
4.8446	0.00055145
4.8447	0.000553686
4.8448	0.00064109
4.8449	0.000426505
4.845	0.000525463
4.8451	0.0005557
4.8452	0.000624458
4.8453	0.000660827
4.8454	0.000522118
4.8455	0.000647346
4.8456	0.000435843
4.8457	0.000572486
4.8458	0.000802387
4.8459	0.000758673
4.846	0.000460571
4.8461	0.000525555
4.8462	0.000447896
4.8463	0.0004438
4.8464	0.000650277
4.8465	0.000760708
4.8466	0.000723296
4.8467	0.00066383
4.8468	0.00063975
4.8469	0.000917913
4.847	0.000636531
4.8471	0.000610407
4.8472	0.000447223
4.8473	0.000523214
4.8474	0.00061758
4.8475	0.000540801
4.8476	0.000698291
4.8477	0.000728983
4.8478	0.000440932
4.8479	0.000645664
4.848	0.000743995
4.8481	0.000479878
4.8482	0.000572384
4.8483	0.000615491
4.8484	0.0005601
4.8485	0.000502207
4.8486	0.000709971
4.8487	0.000618291
4.8488	0.000740192
4.8489	0.000738984
4.849	0.000696817
4.8491	0.000817438
4.8492	0.000631791
4.8493	0.00053561
4.8494	0.000701387
4.8495	0.000689137
4.8496	0.000609673
4.8497	0.000806887
4.8498	0.000535713
4.8499	0.000643194
4.85	0.00053839
4.8501	0.000608728
4.8502	0.000726374
4.8503	0.000550881
4.8504	0.000612056
4.8505	0.000595092
4.8506	0.000505951
4.8507	0.000528389
4.8508	0.000435582
4.8509	0.000501796
4.851	0.000574789
4.8511	0.00073851
4.8512	0.000611545
4.8513	0.000638257
4.8514	0.000682248
4.8515	0.000514292
4.8516	0.00057014
4.8517	0.000476026
4.8518	0.000526379
4.8519	0.000625116
4.852	0.000642197
4.8521	0.00040838
4.8522	0.000619754
4.8523	0.000736155
4.8524	0.000483369
4.8525	0.000566791
4.8526	0.00053414
4.8527	0.000504409
4.8528	0.000532175
4.8529	0.000417807
4.853	0.00047039
4.8531	0.000634633
4.8532	0.000634663
4.8533	0.00049252
4.8534	0.000501802
4.8535	0.000703513
4.8536	0.000544
4.8537	0.000560414
4.8538	0.000430601
4.8539	0.000626719
4.854	0.000435043
4.8541	0.000682732
4.8542	0.0004295
4.8543	0.000637828
4.8544	0.000747254
4.8545	0.000420995
4.8546	0.000427788
4.8547	0.000404007
4.8548	0.000406234
4.8549	0.000558053
4.855	0.000441385
4.8551	0.000394984
4.8552	0.000400126
4.8553	0.000568026
4.8554	0.000698178
4.8555	0.000386409
4.8556	0.000516297
4.8557	0.000695641
4.8558	0.000832113
4.8559	0.000742621
4.856	0.000456309
4.8561	0.000388534
4.8562	0.000574011
4.8563	0.000454607
4.8564	0.000563201
4.8565	0.000568255
4.8566	0.000430813
4.8567	0.000614886
4.8568	0.000608067
4.8569	0.000487933
4.857	0.000494499
4.8571	0.000679768
4.8572	0.000425627
4.8573	0.000463554
4.8574	0.000412107
4.8575	0.000627148
4.8576	0.000592108
4.8577	0.000400078
4.8578	0.00064746
4.8579	0.000632765
4.858	0.000660069
4.8581	0.00063388
4.8582	0.000638609
4.8583	0.000575396
4.8584	0.000456497
4.8585	0.000529144
4.8586	0.000617959
4.8587	0.000435636
4.8588	0.000467193
4.8589	0.000575175
4.859	0.000579666
4.8591	0.000725408
4.8592	0.000564873
4.8593	0.000568111
4.8594	0.000521669
4.8595	0.000410502
4.8596	0.000611059
4.8597	0.000470844
4.8598	0.000608829
4.8599	0.000410226
4.86	0.000442964
4.8601	0.000434388
4.8602	0.000662714
4.8603	0.000379256
4.8604	0.000838248
4.8605	0.000676377
4.8606	0.000479235
4.8607	0.000581536
4.8608	0.000581765
4.8609	0.000534854
4.861	0.00053102
4.8611	0.00046889
4.8612	0.000459775
4.8613	0.00046005
4.8614	0.000644071
4.8615	0.000577871
4.8616	0.000545242
4.8617	0.000611321
4.8618	0.000837759
4.8619	0.000711094
4.862	0.000595925
4.8621	0.000652696
4.8622	0.000487555
4.8623	0.000685632
4.8624	0.000507226
4.8625	0.000658612
4.8626	0.000671209
4.8627	0.00061257
4.8628	0.000569045
4.8629	0.000473047
4.863	0.00050493
4.8631	0.00061634
4.8632	0.000643352
4.8633	0.000665861
4.8634	0.000590182
4.8635	0.000576755
4.8636	0.000428756
4.8637	0.000433178
4.8638	0.000524937
4.8639	0.000568876
4.864	0.000696803
4.8641	0.000569079
4.8642	0.000656059
4.8643	0.000811166
4.8644	0.000681489
4.8645	0.000653188
4.8646	0.000744199
4.8647	0.000769143
4.8648	0.000614574
4.8649	0.00063802
4.865	0.000583873
4.8651	0.0005802
4.8652	0.000486437
4.8653	0.000476716
4.8654	0.000604244
4.8655	0.000608559
4.8656	0.000499635
4.8657	0.000433973
4.8658	0.000541433
4.8659	0.000452722
4.866	0.000534138
4.8661	0.000628191
4.8662	0.000595263
4.8663	0.000481272
4.8664	0.0007541
4.8665	0.000650999
4.8666	0.000633813
4.8667	0.00054324
4.8668	0.000763102
4.8669	0.000679609
4.867	0.000607557
4.8671	0.000726913
4.8672	0.00049627
4.8673	0.000475984
4.8674	0.000605995
4.8675	0.000583779
4.8676	0.000590152
4.8677	0.000495244
4.8678	0.000417808
4.8679	0.000492114
4.868	0.000555331
4.8681	0.000507776
4.8682	0.000448451
4.8683	0.000425482
4.8684	0.000547075
4.8685	0.000783062
4.8686	0.000820355
4.8687	0.000682473
4.8688	0.000714769
4.8689	0.000890432
4.869	0.00073127
4.8691	0.000738332
4.8692	0.000557805
4.8693	0.000669976
4.8694	0.000573375
4.8695	0.000616541
4.8696	0.000628269
4.8697	0.000514147
4.8698	0.000503563
4.8699	0.000449701
4.87	0.000522188
4.8701	0.000427957
4.8702	0.000528657
4.8703	0.000437009
4.8704	0.000353782
4.8705	0.000384272
4.8706	0.000642421
4.8707	0.00062167
4.8708	0.000608238
4.8709	0.000507789
4.871	0.000675638
4.8711	0.000742688
4.8712	0.000817025
4.8713	0.000734748
4.8714	0.000780198
4.8715	0.000604092
4.8716	0.000686652
4.8717	0.000657682
4.8718	0.0005949
4.8719	0.000439585
4.872	0.000429561
4.8721	0.000588117
4.8722	0.000446827
4.8723	0.000787181
4.8724	0.000442366
4.8725	0.000548414
4.8726	0.000617312
4.8727	0.000423941
4.8728	0.000579086
4.8729	0.000688971
4.873	0.000592775
4.8731	0.000597367
4.8732	0.00062562
4.8733	0.000695905
4.8734	0.000672256
4.8735	0.000506059
4.8736	0.000622722
4.8737	0.000623962
4.8738	0.000784147
4.8739	0.000569583
4.874	0.000693421
4.8741	0.000623015
4.8742	0.000445222
4.8743	0.00047818
4.8744	0.000593401
4.8745	0.000522683
4.8746	0.00073342
4.8747	0.000543557
4.8748	0.00065717
4.8749	0.000557002
4.875	0.000726708
4.8751	0.000675125
4.8752	0.000702875
4.8753	0.000732015
4.8754	0.000550787
4.8755	0.000750677
4.8756	0.000548632
4.8757	0.000672656
4.8758	0.000605723
4.8759	0.000768807
4.876	0.0007281
4.8761	0.000672149
4.8762	0.000565323
4.8763	0.00064535
4.8764	0.00039974
4.8765	0.000518564
4.8766	0.000774688
4.8767	0.000684154
4.8768	0.000615807
4.8769	0.000663624
4.877	0.000632165
4.8771	0.000642858
4.8772	0.000483012
4.8773	0.000480821
4.8774	0.000450982
4.8775	0.000648347
4.8776	0.000877256
4.8777	0.000638558
4.8778	0.000663147
4.8779	0.000622565
4.878	0.000566953
4.8781	0.00076719
4.8782	0.000732956
4.8783	0.000528215
4.8784	0.000511463
4.8785	0.000531289
4.8786	0.000665463
4.8787	0.000521701
4.8788	0.000533464
4.8789	0.000604411
4.879	0.000549234
4.8791	0.000548006
4.8792	0.000588745
4.8793	0.000650198
4.8794	0.000602134
4.8795	0.000569228
4.8796	0.000617762
4.8797	0.000615385
4.8798	0.000475906
4.8799	0.00057877
4.88	0.000533074
4.8801	0.000466913
4.8802	0.000768716
4.8803	0.000675245
4.8804	0.000471018
4.8805	0.000690464
4.8806	0.000520855
4.8807	0.000576461
4.8808	0.000567913
4.8809	0.000655875
4.881	0.000576187
4.8811	0.000511744
4.8812	0.000731798
4.8813	0.000563523
4.8814	0.000592144
4.8815	0.000841038
4.8816	0.000561948
4.8817	0.000641195
4.8818	0.000511971
4.8819	0.000438035
4.882	0.000580584
4.8821	0.000711325
4.8822	0.000863805
4.8823	0.00057035
4.8824	0.000702078
4.8825	0.000756615
4.8826	0.000648336
4.8827	0.000729582
4.8828	0.000593547
4.8829	0.000480744
4.883	0.000572098
4.8831	0.00060478
4.8832	0.000529253
4.8833	0.000628506
4.8834	0.000598292
4.8835	0.000525714
4.8836	0.000577179
4.8837	0.000742703
4.8838	0.000500584
4.8839	0.000581947
4.884	0.000390745
4.8841	0.000501887
4.8842	0.000564506
4.8843	0.000684152
4.8844	0.000809681
4.8845	0.000776716
4.8846	0.000611716
4.8847	0.000651516
4.8848	0.000822913
4.8849	0.000717946
4.885	0.000402957
4.8851	0.00055514
4.8852	0.000686663
4.8853	0.000602947
4.8854	0.000859253
4.8855	0.000520387
4.8856	0.000606181
4.8857	0.000671397
4.8858	0.000657174
4.8859	0.000592801
4.886	0.000519492
4.8861	0.000478088
4.8862	0.000588032
4.8863	0.000395209
4.8864	0.000437197
4.8865	0.000430873
4.8866	0.000458904
4.8867	0.00061697
4.8868	0.000699269
4.8869	0.000710106
4.887	0.000732607
4.8871	0.000590784
4.8872	0.000504461
4.8873	0.000510203
4.8874	0.000623741
4.8875	0.00053316
4.8876	0.000608013
4.8877	0.000602414
4.8878	0.000530794
4.8879	0.000510243
4.888	0.000554015
4.8881	0.00034997
4.8882	0.000481105
4.8883	0.000503319
4.8884	0.000574237
4.8885	0.000519856
4.8886	0.000431067
4.8887	0.000442906
4.8888	0.000644656
4.8889	0.000775909
4.889	0.000583004
4.8891	0.000468032
4.8892	0.000684129
4.8893	0.00065397
4.8894	0.000576003
4.8895	0.000393982
4.8896	0.000552923
4.8897	0.000442318
4.8898	0.000693117
4.8899	0.000507774
4.89	0.000632762
4.8901	0.000734602
4.8902	0.000440216
4.8903	0.000404486
4.8904	0.000459276
4.8905	0.000401435
4.8906	0.000535298
4.8907	0.000499422
4.8908	0.000406327
4.8909	0.00040495
4.891	0.000572515
4.8911	0.000730401
4.8912	0.000392604
4.8913	0.000584529
4.8914	0.00076691
4.8915	0.000627003
4.8916	0.000775169
4.8917	0.000393074
4.8918	0.000496591
4.8919	0.000618618
4.892	0.000403571
4.8921	0.000458613
4.8922	0.00080366
4.8923	0.000460832
4.8924	0.000616255
4.8925	0.000553969
4.8926	0.000462619
4.8927	0.000797687
4.8928	0.000615635
4.8929	0.000579156
4.893	0.000403945
4.8931	0.000408892
4.8932	0.000598292
4.8933	0.000608029
4.8934	0.000387777
4.8935	0.000529833
4.8936	0.000486992
4.8937	0.000889571
4.8938	0.000588192
4.8939	0.000472308
4.894	0.000555169
4.8941	0.00051982
4.8942	0.000595947
4.8943	0.000559989
4.8944	0.000391153
4.8945	0.000526629
4.8946	0.00054594
4.8947	0.000733097
4.8948	0.000862868
4.8949	0.00051913
4.895	0.000657746
4.8951	0.000552227
4.8952	0.000630595
4.8953	0.000612445
4.8954	0.000653233
4.8955	0.000502618
4.8956	0.000479473
4.8957	0.000476068
4.8958	0.000566529
4.8959	0.000643955
4.896	0.000584812
4.8961	0.000604722
4.8962	0.0006001
4.8963	0.000678656
4.8964	0.000487948
4.8965	0.000560837
4.8966	0.000707132
4.8967	0.000474737
4.8968	0.000585417
4.8969	0.000501905
4.897	0.000516377
4.8971	0.000620728
4.8972	0.000529404
4.8973	0.0005778
4.8974	0.000614761
4.8975	0.000674946
4.8976	0.000677029
4.8977	0.000704936
4.8978	0.000715855
4.8979	0.000560027
4.898	0.000568263
4.8981	0.000631566
4.8982	0.000648201
4.8983	0.000632283
4.8984	0.000645027
4.8985	0.000585009
4.8986	0.000514003
4.8987	0.000446325
4.8988	0.000596517
4.8989	0.000619034
4.899	0.00071529
4.8991	0.000571726
4.8992	0.000489279
4.8993	0.0003937
4.8994	0.000549607
4.8995	0.000599098
4.8996	0.000643419
4.8997	0.000705377
4.8998	0.000677432
4.8999	0.000702737
4.9	0.000814105
4.9001	0.000560357
4.9002	0.000444414
4.9003	0.000656299
4.9004	0.000865989
4.9005	0.000667312
4.9006	0.000472408
4.9007	0.000626245
4.9008	0.000554712
4.9009	0.000540239
4.901	0.000645751
4.9011	0.000684828
4.9012	0.000599916
4.9013	0.000476661
4.9014	0.000405319
4.9015	0.000527709
4.9016	0.000470133
4.9017	0.000621238
4.9018	0.000529398
4.9019	0.000552413
4.902	0.000495764
4.9021	0.000849455
4.9022	0.000622442
4.9023	0.00077642
4.9024	0.000528392
4.9025	0.00073357
4.9026	0.000693746
4.9027	0.000801312
4.9028	0.000767487
4.9029	0.000454277
4.903	0.00048238
4.9031	0.000747877
4.9032	0.000670404
4.9033	0.00069962
4.9034	0.000441419
4.9035	0.000403389
4.9036	0.000520951
4.9037	0.000579326
4.9038	0.000636137
4.9039	0.000401591
4.904	0.000463134
4.9041	0.000576103
4.9042	0.000744883
4.9043	0.00069252
4.9044	0.000697963
4.9045	0.000637229
4.9046	0.000882762
4.9047	0.000736549
4.9048	0.000753601
4.9049	0.000605034
4.905	0.000565637
4.9051	0.00062708
4.9052	0.000650419
4.9053	0.000586776
4.9054	0.000753795
4.9055	0.000598132
4.9056	0.000439066
4.9057	0.000505326
4.9058	0.000467657
4.9059	0.000551436
4.906	0.000463857
4.9061	0.000580749
4.9062	0.000408865
4.9063	0.000644986
4.9064	0.000586653
4.9065	0.000681299
4.9066	0.000511828
4.9067	0.000747562
4.9068	0.000896672
4.9069	0.000864334
4.907	0.000556442
4.9071	0.000617362
4.9072	0.000553123
4.9073	0.0005639
4.9074	0.000636236
4.9075	0.000587965
4.9076	0.000487892
4.9077	0.000416124
4.9078	0.000584292
4.9079	0.000562316
4.908	0.000598767
4.9081	0.000426673
4.9082	0.00053589
4.9083	0.000662452
4.9084	0.000422995
4.9085	0.000548836
4.9086	0.000683684
4.9087	0.000556879
4.9088	0.000754017
4.9089	0.000544151
4.909	0.000652995
4.9091	0.000635011
4.9092	0.000636602
4.9093	0.000508568
4.9094	0.000716266
4.9095	0.000723837
4.9096	0.000659232
4.9097	0.000685132
4.9098	0.000649184
4.9099	0.000473413
4.91	0.000488855
4.9101	0.000560365
4.9102	0.000598954
4.9103	0.000584522
4.9104	0.000525942
4.9105	0.000591216
4.9106	0.000681956
4.9107	0.000597494
4.9108	0.000706385
4.9109	0.00054921
4.911	0.000781462
4.9111	0.000818644
4.9112	0.000483493
4.9113	0.000655845
4.9114	0.000638791
4.9115	0.000646782
4.9116	0.000694694
4.9117	0.000652284
4.9118	0.000567469
4.9119	0.000632638
4.912	0.000607059
4.9121	0.000467807
4.9122	0.000562914
4.9123	0.000851243
4.9124	0.000671997
4.9125	0.000469042
4.9126	0.000631024
4.9127	0.000582757
4.9128	0.000667049
4.9129	0.000540614
4.913	0.000445377
4.9131	0.000468867
4.9132	0.000571568
4.9133	0.000864039
4.9134	0.000582134
4.9135	0.000529687
4.9136	0.000525692
4.9137	0.000789163
4.9138	0.000728513
4.9139	0.000757472
4.914	0.000406967
4.9141	0.000576068
4.9142	0.000670634
4.9143	0.000584923
4.9144	0.00058285
4.9145	0.000672384
4.9146	0.000522287
4.9147	0.000621448
4.9148	0.000502692
4.9149	0.000764214
4.915	0.000641029
4.9151	0.000619155
4.9152	0.000395114
4.9153	0.000522228
4.9154	0.000685226
4.9155	0.000522811
4.9156	0.00052986
4.9157	0.000688708
4.9158	0.000531728
4.9159	0.000667083
4.916	0.00052885
4.9161	0.000598221
4.9162	0.000533893
4.9163	0.000432267
4.9164	0.000633851
4.9165	0.000721698
4.9166	0.000695648
4.9167	0.000701498
4.9168	0.000553856
4.9169	0.000684392
4.917	0.000578985
4.9171	0.000708649
4.9172	0.000829649
4.9173	0.000493848
4.9174	0.000677905
4.9175	0.00052806
4.9176	0.0004204
4.9177	0.000492918
4.9178	0.000711824
4.9179	0.00088217
4.918	0.000800064
4.9181	0.000639331
4.9182	0.000811373
4.9183	0.000800603
4.9184	0.000674094
4.9185	0.000539487
4.9186	0.000451698
4.9187	0.000480981
4.9188	0.000675204
4.9189	0.000617738
4.919	0.000533754
4.9191	0.000560874
4.9192	0.000581025
4.9193	0.000533779
4.9194	0.000753956
4.9195	0.000446361
4.9196	0.00055509
4.9197	0.000397672
4.9198	0.000485559
4.9199	0.000675594
4.92	0.000750879
4.9201	0.000771623
4.9202	0.000727134
4.9203	0.000607168
4.9204	0.000746403
4.9205	0.000820535
4.9206	0.000682094
4.9207	0.000557329
4.9208	0.000486425
4.9209	0.000651504
4.921	0.00076182
4.9211	0.000566146
4.9212	0.000548427
4.9213	0.000740884
4.9214	0.000674533
4.9215	0.000673908
4.9216	0.000427164
4.9217	0.000464266
4.9218	0.000588771
4.9219	0.000445785
4.922	0.000421958
4.9221	0.000387179
4.9222	0.000516078
4.9223	0.000490705
4.9224	0.000499972
4.9225	0.000635489
4.9226	0.000769104
4.9227	0.000776794
4.9228	0.00070806
4.9229	0.000469061
4.923	0.00054634
4.9231	0.000590079
4.9232	0.000572543
4.9233	0.000570132
4.9234	0.00051082
4.9235	0.000518759
4.9236	0.000468522
4.9237	0.000691353
4.9238	0.00045209
4.9239	0.000577375
4.924	0.000642254
4.9241	0.000470134
4.9242	0.000584795
4.9243	0.000426568
4.9244	0.000461471
4.9245	0.000595627
4.9246	0.000655972
4.9247	0.000662979
4.9248	0.00043721
4.9249	0.000628804
4.925	0.00052066
4.9251	0.000561685
4.9252	0.000396029
4.9253	0.000618843
4.9254	0.000431254
4.9255	0.00059289
4.9256	0.000597333
4.9257	0.000520786
4.9258	0.000751471
4.9259	0.000425561
4.926	0.000418432
4.9261	0.000424067
4.9262	0.000511784
4.9263	0.000424416
4.9264	0.000579513
4.9265	0.000352577
4.9266	0.00041732
4.9267	0.000514478
4.9268	0.000650382
4.9269	0.000532543
4.927	0.000612891
4.9271	0.0006736
4.9272	0.000631187
4.9273	0.000726807
4.9274	0.00047086
4.9275	0.00047067
4.9276	0.000526463
4.9277	0.000485398
4.9278	0.000439353
4.9279	0.000705099
4.928	0.000513396
4.9281	0.000589787
4.9282	0.000564813
4.9283	0.000541055
4.9284	0.000600328
4.9285	0.000466338
4.9286	0.000435756
4.9287	0.000499543
4.9288	0.000418442
4.9289	0.000475048
4.929	0.00060223
4.9291	0.000514319
4.9292	0.000487896
4.9293	0.000454879
4.9294	0.000675215
4.9295	0.000799118
4.9296	0.000474729
4.9297	0.000501294
4.9298	0.000553733
4.9299	0.000547845
4.93	0.000578338
4.9301	0.000442737
4.9302	0.000488897
4.9303	0.000655297
4.9304	0.000735766
4.9305	0.000678278
4.9306	0.000481034
4.9307	0.000468369
4.9308	0.000493806
4.9309	0.000515907
4.931	0.000639556
4.9311	0.000679268
4.9312	0.000604391
4.9313	0.000520917
4.9314	0.000450288
4.9315	0.000594944
4.9316	0.000646433
4.9317	0.000704772
4.9318	0.000523904
4.9319	0.000716475
4.932	0.000532033
4.9321	0.000614441
4.9322	0.000624519
4.9323	0.000542572
4.9324	0.000504573
4.9325	0.000496304
4.9326	0.00043103
4.9327	0.00055696
4.9328	0.000558258
4.9329	0.000616164
4.933	0.000604661
4.9331	0.000724599
4.9332	0.000727677
4.9333	0.000733073
4.9334	0.000636987
4.9335	0.000692563
4.9336	0.000710854
4.9337	0.000507179
4.9338	0.000730669
4.9339	0.000699605
4.934	0.000664397
4.9341	0.000644075
4.9342	0.000505191
4.9343	0.000620215
4.9344	0.000454764
4.9345	0.000621423
4.9346	0.000606887
4.9347	0.000620705
4.9348	0.000423978
4.9349	0.000524721
4.935	0.00044599
4.9351	0.000643483
4.9352	0.000471922
4.9353	0.00051892
4.9354	0.000507875
4.9355	0.00069205
4.9356	0.000729976
4.9357	0.000809995
4.9358	0.000472188
4.9359	0.000453998
4.936	0.000761626
4.9361	0.000893505
4.9362	0.000691074
4.9363	0.000451377
4.9364	0.000605714
4.9365	0.00053238
4.9366	0.000471605
4.9367	0.000613725
4.9368	0.000745419
4.9369	0.000534355
4.937	0.0004578
4.9371	0.000454107
4.9372	0.000382114
4.9373	0.000522211
4.9374	0.000622509
4.9375	0.000550459
4.9376	0.000700744
4.9377	0.00050696
4.9378	0.00075544
4.9379	0.000484607
4.938	0.00082683
4.9381	0.000654327
4.9382	0.000822838
4.9383	0.000498714
4.9384	0.000600898
4.9385	0.000768297
4.9386	0.000518919
4.9387	0.000515154
4.9388	0.000680352
4.9389	0.000549823
4.939	0.000493077
4.9391	0.000410462
4.9392	0.000426615
4.9393	0.000498128
4.9394	0.000592964
4.9395	0.000624137
4.9396	0.000393134
4.9397	0.000513517
4.9398	0.000838628
4.9399	0.000684073
4.94	0.000634227
4.9401	0.000597728
4.9402	0.000765824
4.9403	0.000880061
4.9404	0.000669484
4.9405	0.00065664
4.9406	0.000634718
4.9407	0.000690278
4.9408	0.000566284
4.9409	0.000661566
4.941	0.000626948
4.9411	0.000757432
4.9412	0.000784043
4.9413	0.000464843
4.9414	0.000559405
4.9415	0.000511349
4.9416	0.000603175
4.9417	0.000445881
4.9418	0.000353689
4.9419	0.000476802
4.942	0.000586183
4.9421	0.000555705
4.9422	0.000664225
4.9423	0.000622307
4.9424	0.000743519
4.9425	0.000856024
4.9426	0.00089193
4.9427	0.000577084
4.9428	0.000783601
4.9429	0.000682622
4.943	0.000740095
4.9431	0.000580837
4.9432	0.00057095
4.9433	0.000505919
4.9434	0.000421227
4.9435	0.000609441
4.9436	0.000644594
4.9437	0.000689502
4.9438	0.000392461
4.9439	0.000473735
4.944	0.000652535
4.9441	0.000380703
4.9442	0.000539798
4.9443	0.000681845
4.9444	0.000477311
4.9445	0.000748115
4.9446	0.000547789
4.9447	0.000740945
4.9448	0.000634673
4.9449	0.000653777
4.945	0.000583926
4.9451	0.000646414
4.9452	0.000728275
4.9453	0.000802093
4.9454	0.00072121
4.9455	0.000609332
4.9456	0.000410719
4.9457	0.000524353
4.9458	0.000470416
4.9459	0.000580988
4.946	0.000597796
4.9461	0.00050034
4.9462	0.000559853
4.9463	0.000621665
4.9464	0.000623346
4.9465	0.000754613
4.9466	0.000537969
4.9467	0.000805286
4.9468	0.000709814
4.9469	0.000581209
4.947	0.000474162
4.9471	0.000768252
4.9472	0.000588793
4.9473	0.000767128
4.9474	0.000721199
4.9475	0.000589903
4.9476	0.000500122
4.9477	0.000685688
4.9478	0.000581607
4.9479	0.000505408
4.948	0.000669752
4.9481	0.000639946
4.9482	0.000420176
4.9483	0.000630271
4.9484	0.000570528
4.9485	0.000842056
4.9486	0.000584477
4.9487	0.00049305
4.9488	0.000516369
4.9489	0.000552406
4.949	0.000784884
4.9491	0.000789322
4.9492	0.000548196
4.9493	0.000629989
4.9494	0.000659563
4.9495	0.000791879
4.9496	0.00083551
4.9497	0.000512027
4.9498	0.000571459
4.9499	0.000644635
4.95	0.000554361
4.9501	0.000493475
4.9502	0.000734237
4.9503	0.000515517
4.9504	0.000542343
4.9505	0.000590482
4.9506	0.000485107
4.9507	0.000588809
4.9508	0.000528142
4.9509	0.000438257
4.951	0.000643163
4.9511	0.000598505
4.9512	0.000612847
4.9513	0.000579321
4.9514	0.000703093
4.9515	0.000512545
4.9516	0.000762588
4.9517	0.000651149
4.9518	0.000771748
4.9519	0.000436108
4.952	0.000522892
4.9521	0.000585823
4.9522	0.000541514
4.9523	0.000622939
4.9524	0.000609624
4.9525	0.000524895
4.9526	0.000564357
4.9527	0.000491316
4.9528	0.000701894
4.9529	0.000793541
4.953	0.000536454
4.9531	0.000613641
4.9532	0.000519799
4.9533	0.000421286
4.9534	0.000473495
4.9535	0.000601332
4.9536	0.000816193
4.9537	0.000608593
4.9538	0.000757518
4.9539	0.000865755
4.954	0.000601267
4.9541	0.000581903
4.9542	0.000460463
4.9543	0.000510068
4.9544	0.000512153
4.9545	0.000657867
4.9546	0.000637893
4.9547	0.000609554
4.9548	0.000460114
4.9549	0.000641464
4.955	0.000518451
4.9551	0.000647343
4.9552	0.000538265
4.9553	0.000609481
4.9554	0.00047993
4.9555	0.000412685
4.9556	0.000727389
4.9557	0.000572766
4.9558	0.000748295
4.9559	0.000742368
4.956	0.000611789
4.9561	0.000706966
4.9562	0.000790811
4.9563	0.000530485
4.9564	0.000633877
4.9565	0.000572828
4.9566	0.000684507
4.9567	0.000702242
4.9568	0.000503649
4.9569	0.000628699
4.957	0.000668156
4.9571	0.000621597
4.9572	0.000797825
4.9573	0.000441613
4.9574	0.000469314
4.9575	0.000475129
4.9576	0.000674997
4.9577	0.000400931
4.9578	0.000416374
4.9579	0.000489567
4.958	0.000517255
4.9581	0.000487756
4.9582	0.000591336
4.9583	0.000645178
4.9584	0.000702037
4.9585	0.000719171
4.9586	0.000470526
4.9587	0.000649488
4.9588	0.000487992
4.9589	0.00070187
4.959	0.000558448
4.9591	0.000431597
4.9592	0.000498643
4.9593	0.00050438
4.9594	0.000521356
4.9595	0.000531752
4.9596	0.00046721
4.9597	0.000515498
4.9598	0.000671023
4.9599	0.000510663
4.96	0.000382827
4.9601	0.000517181
4.9602	0.000616376
4.9603	0.000678526
4.9604	0.000610609
4.9605	0.000489029
4.9606	0.000723394
4.9607	0.000579048
4.9608	0.000458199
4.9609	0.000411034
4.961	0.000677331
4.9611	0.00036984
4.9612	0.000668547
4.9613	0.000471008
4.9614	0.000480038
4.9615	0.000589976
4.9616	0.00051083
4.9617	0.000428803
4.9618	0.000481673
4.9619	0.000501377
4.962	0.000455638
4.9621	0.000537127
4.9622	0.000381135
4.9623	0.000431698
4.9624	0.00058806
4.9625	0.000684767
4.9626	0.000477922
4.9627	0.000551424
4.9628	0.000742655
4.9629	0.00085085
4.963	0.00055462
4.9631	0.000407085
4.9632	0.000539531
4.9633	0.000547307
4.9634	0.000488417
4.9635	0.000535052
4.9636	0.000665536
4.9637	0.000458719
4.9638	0.000637191
4.9639	0.000515648
4.964	0.000489708
4.9641	0.000552316
4.9642	0.0005859
4.9643	0.000480763
4.9644	0.000410207
4.9645	0.000419208
4.9646	0.000521736
4.9647	0.000634294
4.9648	0.000447312
4.9649	0.000513316
4.965	0.000576515
4.9651	0.000618583
4.9652	0.000494754
4.9653	0.00045424
4.9654	0.000561341
4.9655	0.000586194
4.9656	0.000522366
4.9657	0.000582424
4.9658	0.000437677
4.9659	0.000431958
4.966	0.000569269
4.9661	0.000714571
4.9662	0.000726367
4.9663	0.000497171
4.9664	0.000552033
4.9665	0.000507893
4.9666	0.000538207
4.9667	0.000712629
4.9668	0.000638604
4.9669	0.000450331
4.967	0.000501279
4.9671	0.000381477
4.9672	0.000562869
4.9673	0.000587385
4.9674	0.000648623
4.9675	0.000569445
4.9676	0.000571641
4.9677	0.000625772
4.9678	0.00060872
4.9679	0.000665656
4.968	0.000577054
4.9681	0.000444279
4.9682	0.000535151
4.9683	0.000491176
4.9684	0.000543555
4.9685	0.000504182
4.9686	0.000651361
4.9687	0.000684598
4.9688	0.000615339
4.9689	0.000639588
4.969	0.00076055
4.9691	0.000603172
4.9692	0.000740511
4.9693	0.000621602
4.9694	0.000580212
4.9695	0.00067915
4.9696	0.000455564
4.9697	0.000708993
4.9698	0.000611496
4.9699	0.000530902
4.97	0.000536997
4.9701	0.000531993
4.9702	0.000612653
4.9703	0.000672979
4.9704	0.000531442
4.9705	0.000533406
4.9706	0.000522947
4.9707	0.000415695
4.9708	0.00064703
4.9709	0.000612849
4.971	0.000580415
4.9711	0.000673507
4.9712	0.000584187
4.9713	0.00074954
4.9714	0.000821213
4.9715	0.000694478
4.9716	0.000622552
4.9717	0.000853383
4.9718	0.000577768
4.9719	0.000900649
4.972	0.000456974
4.9721	0.000494073
4.9722	0.000558876
4.9723	0.000429565
4.9724	0.000651323
4.9725	0.000700167
4.9726	0.000463902
4.9727	0.000495644
4.9728	0.000402158
4.9729	0.000381196
4.973	0.000484853
4.9731	0.00060972
4.9732	0.000571595
4.9733	0.000587407
4.9734	0.000516375
4.9735	0.000672215
4.9736	0.000564623
4.9737	0.000873688
4.9738	0.000635851
4.9739	0.000850615
4.974	0.000507319
4.9741	0.000724958
4.9742	0.000892872
4.9743	0.000471734
4.9744	0.00046162
4.9745	0.000733267
4.9746	0.000529098
4.9747	0.000666688
4.9748	0.000456706
4.9749	0.000405951
4.975	0.000486079
4.9751	0.000595964
4.9752	0.000538376
4.9753	0.000458554
4.9754	0.000478156
4.9755	0.000609201
4.9756	0.000785588
4.9757	0.000656755
4.9758	0.000691527
4.9759	0.000650801
4.976	0.000682699
4.9761	0.000711271
4.9762	0.000791415
4.9763	0.000725985
4.9764	0.00071029
4.9765	0.000821228
4.9766	0.000524414
4.9767	0.000529845
4.9768	0.000744116
4.9769	0.000490188
4.977	0.000391356
4.9771	0.00050211
4.9772	0.000585869
4.9773	0.000568403
4.9774	0.000423108
4.9775	0.000407923
4.9776	0.000638379
4.9777	0.000589592
4.9778	0.000687195
4.9779	0.000670851
4.978	0.000548329
4.9781	0.000695371
4.9782	0.000934051
4.9783	0.000859215
4.9784	0.000671305
4.9785	0.0006966
4.9786	0.000632867
4.9787	0.000595943
4.9788	0.000643499
4.9789	0.000585735
4.979	0.000533719
4.9791	0.000426498
4.9792	0.000536848
4.9793	0.000665872
4.9794	0.000718616
4.9795	0.000459892
4.9796	0.000562507
4.9797	0.000789244
4.9798	0.000429418
4.9799	0.000418794
4.98	0.000766925
4.9801	0.000635
4.9802	0.000783067
4.9803	0.000562912
4.9804	0.000767669
4.9805	0.000576548
4.9806	0.00071673
4.9807	0.000491417
4.9808	0.000679919
4.9809	0.000705349
4.981	0.000639317
4.9811	0.000729848
4.9812	0.000556083
4.9813	0.000600633
4.9814	0.000581623
4.9815	0.00046163
4.9816	0.000587534
4.9817	0.000690685
4.9818	0.000512399
4.9819	0.0007041
4.982	0.000595276
4.9821	0.000628232
4.9822	0.000556362
4.9823	0.000570228
4.9824	0.000685413
4.9825	0.000525058
4.9826	0.000713187
4.9827	0.000528778
4.9828	0.000624741
4.9829	0.000758229
4.983	0.000590817
4.9831	0.00059283
4.9832	0.000610637
4.9833	0.00049748
4.9834	0.000553585
4.9835	0.000476116
4.9836	0.000685535
4.9837	0.00069011
4.9838	0.000611277
4.9839	0.000612641
4.984	0.000732967
4.9841	0.000688217
4.9842	0.000704722
4.9843	0.00074269
4.9844	0.000440257
4.9845	0.00045914
4.9846	0.000657957
4.9847	0.000888261
4.9848	0.000755536
4.9849	0.000574716
4.985	0.000561339
4.9851	0.000631532
4.9852	0.000831499
4.9853	0.000639446
4.9854	0.000421696
4.9855	0.000590119
4.9856	0.000797497
4.9857	0.000486076
4.9858	0.000563762
4.9859	0.000560572
4.986	0.000434528
4.9861	0.000654265
4.9862	0.000493184
4.9863	0.00062064
4.9864	0.000629382
4.9865	0.000584902
4.9866	0.000408216
4.9867	0.000685535
4.9868	0.000717386
4.9869	0.000674176
4.987	0.000445779
4.9871	0.000609022
4.9872	0.000569721
4.9873	0.000742504
4.9874	0.000487486
4.9875	0.000756185
4.9876	0.000490559
4.9877	0.000443928
4.9878	0.000639973
4.9879	0.000561386
4.988	0.00063409
4.9881	0.000664787
4.9882	0.000691301
4.9883	0.000672524
4.9884	0.000462259
4.9885	0.000647774
4.9886	0.00064871
4.9887	0.000510638
4.9888	0.000609002
4.9889	0.000534924
4.989	0.000417575
4.9891	0.000545463
4.9892	0.000638104
4.9893	0.000788324
4.9894	0.000683047
4.9895	0.000690216
4.9896	0.000742662
4.9897	0.000627452
4.9898	0.000949681
4.9899	0.000447728
4.99	0.00052525
4.9901	0.000463659
4.9902	0.000615291
4.9903	0.000529658
4.9904	0.000636778
4.9905	0.000446103
4.9906	0.000669377
4.9907	0.000514701
4.9908	0.000724453
4.9909	0.000619584
4.991	0.000513054
4.9911	0.000437921
4.9912	0.000531067
4.9913	0.000705981
4.9914	0.000752885
4.9915	0.000821535
4.9916	0.00069224
4.9917	0.000711534
4.9918	0.000822419
4.9919	0.00074904
4.992	0.000561004
4.9921	0.000559665
4.9922	0.000537052
4.9923	0.000726749
4.9924	0.000790267
4.9925	0.000602727
4.9926	0.00048661
4.9927	0.000671099
4.9928	0.000646784
4.9929	0.000634563
4.993	0.000435897
4.9931	0.000424078
4.9932	0.00052187
4.9933	0.000599933
4.9934	0.000458191
4.9935	0.000421582
4.9936	0.000584066
4.9937	0.000543962
4.9938	0.000587304
4.9939	0.000599179
4.994	0.000769676
4.9941	0.000621627
4.9942	0.000659534
4.9943	0.000458965
4.9944	0.000567079
4.9945	0.000663053
4.9946	0.000510805
4.9947	0.000536457
4.9948	0.000586149
4.9949	0.000515284
4.995	0.000422114
4.9951	0.000670108
4.9952	0.000385358
4.9953	0.00054021
4.9954	0.000575002
4.9955	0.000518889
4.9956	0.000501956
4.9957	0.000411123
4.9958	0.000496213
4.9959	0.000479698
4.996	0.000643144
4.9961	0.000591781
4.9962	0.000489127
4.9963	0.00072267
4.9964	0.000514137
4.9965	0.000501541
4.9966	0.000398286
4.9967	0.000557411
4.9968	0.000503077
4.9969	0.000692488
4.997	0.000611777
4.9971	0.000540472
4.9972	0.000716321
4.9973	0.000507285
4.9974	0.000408596
4.9975	0.000411933
4.9976	0.000538403
4.9977	0.000439879
4.9978	0.000535875
4.9979	0.000376789
4.998	0.000468461
4.9981	0.000526544
4.9982	0.000556862
4.9983	0.000466081
4.9984	0.000525094
4.9985	0.000707141
4.9986	0.000816449
4.9987	0.000719926
4.9988	0.000435884
4.9989	0.000470792
4.999	0.000535319
4.9991	0.000479909
4.9992	0.000444174
4.9993	0.000676144
4.9994	0.000494716
4.9995	0.000630997
4.9996	0.000555865
4.9997	0.000517561
4.9998	0.000578578
4.9999	0.000539693
5	0.000403228
