/*--------------------------------*- C++ -*----------------------------------*\
| =========                 |                                                 |
| \\      /  F ield         | OpenFOAM: The Open Source CFD Toolbox           |
|  \\    /   O peration     | Version:  2406                                  |
|   \\  /    A nd           | Website:  www.openfoam.com                      |
|    \\/     M anipulation  |                                                 |
\*---------------------------------------------------------------------------*/
FoamFile
{
    version     2.0;
    format      ascii;
    arch        "LSB;label=32;scalar=64";
    class       faceList;
    location    "constant/polyMesh";
    object      faces;
}
// * * * * * * * * * * * * * * * * * * * * * * * * * * * * * * * * * * * * * //


7873
(
4(1 2 2122 2121)
4(2 3 2123 2122)
4(0 1 2121 2120)
4(3 0 2120 2123)
4(4 5 2125 2124)
4(6 2 2122 2126)
4(1 4 2124 2121)
4(5 6 2126 2125)
4(7 8 2128 2127)
4(8 5 2125 2128)
4(4 7 2127 2124)
4(11 12 2132 2131)
4(9 10 2130 2129)
4(12 9 2129 2132)
4(2 13 2133 2122)
4(13 14 2134 2133)
4(14 3 2123 2134)
4(6 15 2135 2126)
4(16 13 2133 2136)
4(15 16 2136 2135)
4(6 17 2137 2126)
4(17 18 2138 2137)
4(18 15 2135 2138)
4(19 20 2140 2139)
4(21 22 2142 2141)
4(22 19 2139 2142)
4(24 25 2145 2144)
4(23 24 2144 2143)
4(25 26 2146 2145)
4(26 23 2143 2146)
4(14 27 2147 2134)
4(24 14 2134 2144)
4(27 25 2145 2147)
4(13 28 2148 2133)
4(28 27 2147 2148)
4(16 29 2149 2136)
4(29 30 2150 2149)
4(30 28 2148 2150)
4(16 31 2151 2136)
4(31 32 2152 2151)
4(32 29 2149 2152)
4(33 34 2154 2153)
4(35 36 2156 2155)
4(36 33 2153 2156)
4(30 37 2157 2150)
4(37 38 2158 2157)
4(38 39 2159 2158)
4(39 30 2150 2159)
4(40 41 2161 2160)
4(42 43 2163 2162)
4(43 40 2160 2163)
4(44 45 2165 2164)
4(45 46 2166 2165)
4(46 47 2167 2166)
4(47 44 2164 2167)
4(48 49 2169 2168)
4(50 51 2171 2170)
4(51 48 2168 2171)
4(19 12 2132 2139)
4(33 22 2142 2153)
4(40 36 2156 2160)
4(48 43 2163 2168)
4(52 51 2171 2172)
4(53 52 2172 2173)
4(55 56 2176 2175)
4(56 57 2177 2176)
4(54 55 2175 2174)
4(57 54 2174 2177)
4(58 59 2179 2178)
4(60 56 2176 2180)
4(59 60 2180 2179)
4(55 58 2178 2175)
4(58 61 2181 2178)
4(61 62 2182 2181)
4(62 59 2179 2182)
4(63 64 2184 2183)
4(65 66 2186 2185)
4(66 63 2183 2186)
4(56 67 2187 2176)
4(67 68 2188 2187)
4(68 57 2177 2188)
4(60 69 2189 2180)
4(70 67 2187 2190)
4(69 70 2190 2189)
4(60 71 2191 2180)
4(71 72 2192 2191)
4(72 69 2189 2192)
4(73 74 2194 2193)
4(75 76 2196 2195)
4(76 73 2193 2196)
4(68 78 2198 2188)
4(78 79 2199 2198)
4(77 68 2188 2197)
4(79 77 2197 2199)
4(67 80 2200 2187)
4(80 78 2198 2200)
4(70 81 2201 2190)
4(82 80 2200 2202)
4(81 82 2202 2201)
4(70 83 2203 2190)
4(83 84 2204 2203)
4(84 81 2201 2204)
4(85 86 2206 2205)
4(87 88 2208 2207)
4(88 85 2205 2208)
4(78 89 2209 2198)
4(89 90 2210 2209)
4(90 79 2199 2210)
4(80 91 2211 2200)
4(91 89 2209 2211)
4(82 92 2212 2202)
4(93 91 2211 2213)
4(92 93 2213 2212)
4(82 94 2214 2202)
4(94 95 2215 2214)
4(95 92 2212 2215)
4(96 97 2217 2216)
4(98 99 2219 2218)
4(99 96 2216 2219)
4(89 100 2220 2209)
4(100 101 2221 2220)
4(101 90 2210 2221)
4(91 102 2222 2211)
4(102 100 2220 2222)
4(93 103 2223 2213)
4(104 102 2222 2224)
4(103 104 2224 2223)
4(93 105 2225 2213)
4(105 106 2226 2225)
4(106 103 2223 2226)
4(107 108 2228 2227)
4(109 110 2230 2229)
4(110 107 2227 2230)
4(100 111 2231 2220)
4(111 112 2232 2231)
4(112 101 2221 2232)
4(102 113 2233 2222)
4(113 111 2231 2233)
4(104 114 2234 2224)
4(115 113 2233 2235)
4(114 115 2235 2234)
4(104 116 2236 2224)
4(116 117 2237 2236)
4(117 114 2234 2237)
4(118 119 2239 2238)
4(120 121 2241 2240)
4(121 118 2238 2241)
4(111 0 2120 2231)
4(0 122 2242 2120)
4(122 112 2232 2242)
4(113 1 2121 2233)
4(115 123 2243 2235)
4(123 4 2124 2243)
4(115 124 2244 2235)
4(124 125 2245 2244)
4(125 123 2243 2245)
4(126 127 2247 2246)
4(128 129 2249 2248)
4(129 126 2246 2249)
4(3 130 2250 2123)
4(130 122 2242 2250)
4(130 24 2144 2250)
4(131 130 2250 2251)
4(23 131 2251 2143)
4(63 132 2252 2183)
4(132 133 2253 2252)
4(73 66 2186 2193)
4(85 76 2196 2205)
4(96 88 2208 2216)
4(107 99 2219 2227)
4(118 110 2230 2238)
4(126 121 2241 2246)
4(9 129 2249 2129)
4(12 8 2128 2132)
4(7 9 2129 2127)
4(17 8 2128 2137)
4(19 17 2137 2139)
4(22 18 2138 2142)
4(31 18 2138 2151)
4(33 31 2151 2153)
4(36 32 2152 2156)
4(37 32 2152 2157)
4(40 37 2157 2160)
4(43 38 2158 2163)
4(45 38 2158 2165)
4(48 45 2165 2168)
4(44 39 2159 2164)
4(51 46 2166 2171)
4(134 46 2166 2254)
4(52 134 2254 2172)
4(135 47 2167 2255)
4(134 135 2255 2254)
4(61 136 2256 2181)
4(63 61 2181 2183)
4(136 132 2252 2256)
4(58 137 2257 2178)
4(137 136 2256 2257)
4(66 62 2182 2186)
4(71 62 2182 2191)
4(73 71 2191 2193)
4(76 72 2192 2196)
4(83 72 2192 2203)
4(85 83 2203 2205)
4(88 84 2204 2208)
4(94 84 2204 2214)
4(96 94 2214 2216)
4(99 95 2215 2219)
4(105 95 2215 2225)
4(107 105 2225 2227)
4(110 106 2226 2230)
4(116 106 2226 2236)
4(118 116 2236 2238)
4(121 117 2237 2241)
4(124 117 2237 2244)
4(126 124 2244 2246)
4(129 125 2245 2249)
4(7 125 2245 2127)
4(25 138 2258 2145)
4(138 139 2259 2258)
4(139 26 2146 2259)
4(27 140 2260 2147)
4(140 138 2258 2260)
4(28 141 2261 2148)
4(141 140 2260 2261)
4(44 141 2261 2164)
4(138 142 2262 2258)
4(142 143 2263 2262)
4(143 139 2259 2263)
4(140 144 2264 2260)
4(144 142 2262 2264)
4(141 145 2265 2261)
4(145 144 2264 2265)
4(135 145 2265 2255)
4(147 148 2268 2267)
4(148 149 2269 2268)
4(149 146 2266 2269)
4(146 147 2267 2266)
4(150 151 2271 2270)
4(151 148 2268 2271)
4(147 150 2270 2267)
4(152 153 2273 2272)
4(153 151 2271 2273)
4(150 152 2272 2270)
4(155 153 2273 2275)
4(154 155 2275 2274)
4(152 154 2274 2272)
4(157 158 2278 2277)
4(158 159 2279 2278)
4(156 157 2277 2276)
4(159 156 2276 2279)
4(160 161 2281 2280)
4(161 158 2278 2281)
4(157 160 2280 2277)
4(162 163 2283 2282)
4(163 161 2281 2283)
4(160 162 2282 2280)
4(143 164 2284 2263)
4(164 163 2283 2284)
4(162 143 2263 2282)
4(142 165 2285 2262)
4(165 164 2284 2285)
4(144 166 2286 2264)
4(166 165 2285 2286)
4(145 167 2287 2265)
4(167 166 2286 2287)
4(135 168 2288 2255)
4(169 167 2287 2289)
4(168 169 2289 2288)
4(134 170 2290 2254)
4(170 168 2288 2290)
4(171 172 2292 2291)
4(172 52 2172 2292)
4(176 173 2293 2296)
4(174 175 2295 2294)
4(175 176 2296 2295)
4(173 174 2294 2293)
4(180 177 2297 2300)
4(178 179 2299 2298)
4(179 180 2300 2299)
4(177 178 2298 2297)
4(182 183 2303 2302)
4(183 184 2304 2303)
4(181 182 2302 2301)
4(185 181 2301 2305)
4(184 185 2305 2304)
4(149 186 2306 2269)
4(186 183 2303 2306)
4(182 149 2269 2302)
4(148 187 2307 2268)
4(187 186 2306 2307)
4(151 188 2308 2271)
4(188 187 2307 2308)
4(153 189 2309 2273)
4(189 188 2308 2309)
4(155 190 2310 2275)
4(190 189 2309 2310)
4(191 192 2312 2311)
4(192 190 2310 2312)
4(155 191 2311 2275)
4(193 194 2314 2313)
4(194 192 2312 2314)
4(191 193 2313 2311)
4(195 196 2316 2315)
4(196 194 2314 2316)
4(193 195 2315 2313)
4(197 198 2318 2317)
4(198 196 2316 2318)
4(195 197 2317 2315)
4(199 200 2320 2319)
4(200 198 2318 2320)
4(197 199 2319 2317)
4(159 201 2321 2279)
4(201 200 2320 2321)
4(199 159 2279 2319)
4(158 202 2322 2278)
4(202 201 2321 2322)
4(161 203 2323 2281)
4(203 202 2322 2323)
4(163 204 2324 2283)
4(204 203 2323 2324)
4(164 205 2325 2284)
4(205 204 2324 2325)
4(165 206 2326 2285)
4(206 205 2325 2326)
4(166 207 2327 2286)
4(207 206 2326 2327)
4(167 208 2328 2287)
4(208 207 2327 2328)
4(169 209 2329 2289)
4(210 208 2328 2330)
4(209 210 2330 2329)
4(169 211 2331 2289)
4(211 212 2332 2331)
4(212 209 2329 2332)
4(213 214 2334 2333)
4(215 216 2336 2335)
4(216 213 2333 2336)
4(220 217 2337 2340)
4(217 218 2338 2337)
4(218 219 2339 2338)
4(219 220 2340 2339)
4(221 222 2342 2341)
4(224 221 2341 2344)
4(222 223 2343 2342)
4(223 224 2344 2343)
4(183 225 2345 2303)
4(225 226 2346 2345)
4(227 184 2304 2347)
4(226 227 2347 2346)
4(186 228 2348 2306)
4(228 225 2345 2348)
4(187 229 2349 2307)
4(229 228 2348 2349)
4(188 230 2350 2308)
4(230 229 2349 2350)
4(189 231 2351 2309)
4(231 230 2350 2351)
4(190 232 2352 2310)
4(232 231 2351 2352)
4(192 233 2353 2312)
4(233 232 2352 2353)
4(194 234 2354 2314)
4(234 233 2353 2354)
4(196 235 2355 2316)
4(235 234 2354 2355)
4(198 236 2356 2318)
4(236 235 2355 2356)
4(200 237 2357 2320)
4(237 236 2356 2357)
4(201 238 2358 2321)
4(238 237 2357 2358)
4(202 239 2359 2322)
4(239 238 2358 2359)
4(203 240 2360 2323)
4(240 239 2359 2360)
4(204 241 2361 2324)
4(241 240 2360 2361)
4(205 242 2362 2325)
4(242 241 2361 2362)
4(206 243 2363 2326)
4(243 242 2362 2363)
4(207 244 2364 2327)
4(244 243 2363 2364)
4(208 245 2365 2328)
4(245 244 2364 2365)
4(210 246 2366 2330)
4(247 245 2365 2367)
4(246 247 2367 2366)
4(210 248 2368 2330)
4(248 249 2369 2368)
4(249 246 2366 2369)
4(250 251 2371 2370)
4(252 253 2373 2372)
4(253 250 2370 2373)
4(257 254 2374 2377)
4(254 255 2375 2374)
4(255 256 2376 2375)
4(256 257 2377 2376)
4(258 259 2379 2378)
4(261 258 2378 2381)
4(259 260 2380 2379)
4(260 261 2381 2380)
4(225 262 2382 2345)
4(262 263 2383 2382)
4(264 226 2346 2384)
4(263 264 2384 2383)
4(228 265 2385 2348)
4(265 262 2382 2385)
4(229 266 2386 2349)
4(266 265 2385 2386)
4(230 267 2387 2350)
4(267 266 2386 2387)
4(231 268 2388 2351)
4(268 267 2387 2388)
4(232 269 2389 2352)
4(269 268 2388 2389)
4(233 270 2390 2353)
4(270 269 2389 2390)
4(234 271 2391 2354)
4(271 270 2390 2391)
4(235 272 2392 2355)
4(272 271 2391 2392)
4(236 273 2393 2356)
4(273 272 2392 2393)
4(237 274 2394 2357)
4(274 273 2393 2394)
4(238 275 2395 2358)
4(275 274 2394 2395)
4(239 276 2396 2359)
4(276 275 2395 2396)
4(240 277 2397 2360)
4(277 276 2396 2397)
4(241 278 2398 2361)
4(278 277 2397 2398)
4(242 279 2399 2362)
4(279 278 2398 2399)
4(243 280 2400 2363)
4(280 279 2399 2400)
4(244 281 2401 2364)
4(281 280 2400 2401)
4(245 282 2402 2365)
4(282 281 2401 2402)
4(247 283 2403 2367)
4(284 282 2402 2404)
4(283 284 2404 2403)
4(247 285 2405 2367)
4(285 286 2406 2405)
4(286 283 2403 2406)
4(287 288 2408 2407)
4(289 290 2410 2409)
4(290 287 2407 2410)
4(294 291 2411 2414)
4(291 292 2412 2411)
4(292 293 2413 2412)
4(293 294 2414 2413)
4(295 296 2416 2415)
4(298 295 2415 2418)
4(296 297 2417 2416)
4(297 298 2418 2417)
4(262 299 2419 2382)
4(299 300 2420 2419)
4(301 263 2383 2421)
4(300 301 2421 2420)
4(265 302 2422 2385)
4(302 299 2419 2422)
4(266 303 2423 2386)
4(303 302 2422 2423)
4(267 304 2424 2387)
4(304 303 2423 2424)
4(268 305 2425 2388)
4(305 304 2424 2425)
4(269 306 2426 2389)
4(306 305 2425 2426)
4(270 307 2427 2390)
4(307 306 2426 2427)
4(271 308 2428 2391)
4(308 307 2427 2428)
4(272 309 2429 2392)
4(309 308 2428 2429)
4(273 310 2430 2393)
4(310 309 2429 2430)
4(274 311 2431 2394)
4(311 310 2430 2431)
4(275 312 2432 2395)
4(312 311 2431 2432)
4(276 313 2433 2396)
4(313 312 2432 2433)
4(277 314 2434 2397)
4(314 313 2433 2434)
4(278 315 2435 2398)
4(315 314 2434 2435)
4(279 316 2436 2399)
4(316 315 2435 2436)
4(280 317 2437 2400)
4(317 316 2436 2437)
4(281 318 2438 2401)
4(318 317 2437 2438)
4(282 319 2439 2402)
4(319 318 2438 2439)
4(284 320 2440 2404)
4(321 319 2439 2441)
4(320 321 2441 2440)
4(284 322 2442 2404)
4(322 323 2443 2442)
4(323 320 2440 2443)
4(324 325 2445 2444)
4(326 327 2447 2446)
4(327 324 2444 2447)
4(331 328 2448 2451)
4(328 329 2449 2448)
4(329 330 2450 2449)
4(330 331 2451 2450)
4(332 333 2453 2452)
4(335 332 2452 2455)
4(333 334 2454 2453)
4(334 335 2455 2454)
4(299 336 2456 2419)
4(336 337 2457 2456)
4(338 300 2420 2458)
4(337 338 2458 2457)
4(302 339 2459 2422)
4(339 336 2456 2459)
4(303 340 2460 2423)
4(340 339 2459 2460)
4(304 341 2461 2424)
4(341 340 2460 2461)
4(305 342 2462 2425)
4(342 341 2461 2462)
4(306 343 2463 2426)
4(343 342 2462 2463)
4(307 344 2464 2427)
4(344 343 2463 2464)
4(308 345 2465 2428)
4(345 344 2464 2465)
4(309 346 2466 2429)
4(346 345 2465 2466)
4(310 347 2467 2430)
4(347 346 2466 2467)
4(311 348 2468 2431)
4(348 347 2467 2468)
4(312 349 2469 2432)
4(349 348 2468 2469)
4(313 350 2470 2433)
4(350 349 2469 2470)
4(314 351 2471 2434)
4(351 350 2470 2471)
4(315 352 2472 2435)
4(352 351 2471 2472)
4(316 353 2473 2436)
4(353 352 2472 2473)
4(317 354 2474 2437)
4(354 353 2473 2474)
4(318 355 2475 2438)
4(355 354 2474 2475)
4(319 356 2476 2439)
4(356 355 2475 2476)
4(321 357 2477 2441)
4(358 356 2476 2478)
4(357 358 2478 2477)
4(321 359 2479 2441)
4(359 360 2480 2479)
4(360 357 2477 2480)
4(361 362 2482 2481)
4(363 364 2484 2483)
4(364 361 2481 2484)
4(368 365 2485 2488)
4(365 366 2486 2485)
4(366 367 2487 2486)
4(367 368 2488 2487)
4(369 370 2490 2489)
4(372 369 2489 2492)
4(370 371 2491 2490)
4(371 372 2492 2491)
4(336 373 2493 2456)
4(373 374 2494 2493)
4(375 337 2457 2495)
4(374 375 2495 2494)
4(339 376 2496 2459)
4(376 373 2493 2496)
4(340 377 2497 2460)
4(377 376 2496 2497)
4(341 378 2498 2461)
4(378 377 2497 2498)
4(342 379 2499 2462)
4(379 378 2498 2499)
4(343 380 2500 2463)
4(380 379 2499 2500)
4(344 381 2501 2464)
4(381 380 2500 2501)
4(345 382 2502 2465)
4(382 381 2501 2502)
4(346 383 2503 2466)
4(383 382 2502 2503)
4(347 384 2504 2467)
4(384 383 2503 2504)
4(348 385 2505 2468)
4(385 384 2504 2505)
4(349 386 2506 2469)
4(386 385 2505 2506)
4(350 387 2507 2470)
4(387 386 2506 2507)
4(351 388 2508 2471)
4(388 387 2507 2508)
4(352 389 2509 2472)
4(389 388 2508 2509)
4(353 390 2510 2473)
4(390 389 2509 2510)
4(354 391 2511 2474)
4(391 390 2510 2511)
4(355 392 2512 2475)
4(392 391 2511 2512)
4(356 393 2513 2476)
4(393 392 2512 2513)
4(358 394 2514 2478)
4(395 393 2513 2515)
4(394 395 2515 2514)
4(358 396 2516 2478)
4(396 397 2517 2516)
4(397 394 2514 2517)
4(398 399 2519 2518)
4(400 401 2521 2520)
4(401 398 2518 2521)
4(405 402 2522 2525)
4(402 403 2523 2522)
4(403 404 2524 2523)
4(404 405 2525 2524)
4(406 407 2527 2526)
4(409 406 2526 2529)
4(407 408 2528 2527)
4(408 409 2529 2528)
4(373 410 2530 2493)
4(410 411 2531 2530)
4(412 374 2494 2532)
4(411 412 2532 2531)
4(376 413 2533 2496)
4(413 410 2530 2533)
4(377 414 2534 2497)
4(414 413 2533 2534)
4(378 415 2535 2498)
4(415 414 2534 2535)
4(379 416 2536 2499)
4(416 415 2535 2536)
4(380 417 2537 2500)
4(417 416 2536 2537)
4(381 418 2538 2501)
4(418 417 2537 2538)
4(382 419 2539 2502)
4(419 418 2538 2539)
4(383 420 2540 2503)
4(420 419 2539 2540)
4(384 421 2541 2504)
4(421 420 2540 2541)
4(385 422 2542 2505)
4(422 421 2541 2542)
4(386 423 2543 2506)
4(423 422 2542 2543)
4(387 424 2544 2507)
4(424 423 2543 2544)
4(388 425 2545 2508)
4(425 424 2544 2545)
4(389 426 2546 2509)
4(426 425 2545 2546)
4(390 427 2547 2510)
4(427 426 2546 2547)
4(391 428 2548 2511)
4(428 427 2547 2548)
4(392 429 2549 2512)
4(429 428 2548 2549)
4(393 430 2550 2513)
4(430 429 2549 2550)
4(395 431 2551 2515)
4(432 430 2550 2552)
4(431 432 2552 2551)
4(395 433 2553 2515)
4(433 434 2554 2553)
4(434 431 2551 2554)
4(435 436 2556 2555)
4(437 438 2558 2557)
4(438 435 2555 2558)
4(442 439 2559 2562)
4(439 440 2560 2559)
4(440 441 2561 2560)
4(441 442 2562 2561)
4(443 444 2564 2563)
4(446 443 2563 2566)
4(444 445 2565 2564)
4(445 446 2566 2565)
4(410 447 2567 2530)
4(447 448 2568 2567)
4(449 411 2531 2569)
4(448 449 2569 2568)
4(413 450 2570 2533)
4(450 447 2567 2570)
4(414 451 2571 2534)
4(451 450 2570 2571)
4(415 452 2572 2535)
4(452 451 2571 2572)
4(416 453 2573 2536)
4(453 452 2572 2573)
4(417 454 2574 2537)
4(454 453 2573 2574)
4(418 455 2575 2538)
4(455 454 2574 2575)
4(419 456 2576 2539)
4(456 455 2575 2576)
4(420 457 2577 2540)
4(457 456 2576 2577)
4(421 458 2578 2541)
4(458 457 2577 2578)
4(422 459 2579 2542)
4(459 458 2578 2579)
4(423 460 2580 2543)
4(460 459 2579 2580)
4(424 461 2581 2544)
4(461 460 2580 2581)
4(425 462 2582 2545)
4(462 461 2581 2582)
4(426 463 2583 2546)
4(463 462 2582 2583)
4(427 464 2584 2547)
4(464 463 2583 2584)
4(428 465 2585 2548)
4(465 464 2584 2585)
4(429 466 2586 2549)
4(466 465 2585 2586)
4(430 467 2587 2550)
4(467 466 2586 2587)
4(432 468 2588 2552)
4(469 467 2587 2589)
4(468 469 2589 2588)
4(432 470 2590 2552)
4(470 471 2591 2590)
4(471 468 2588 2591)
4(472 473 2593 2592)
4(474 475 2595 2594)
4(475 472 2592 2595)
4(479 476 2596 2599)
4(476 477 2597 2596)
4(477 478 2598 2597)
4(478 479 2599 2598)
4(480 481 2601 2600)
4(483 480 2600 2603)
4(481 482 2602 2601)
4(482 483 2603 2602)
4(447 484 2604 2567)
4(484 485 2605 2604)
4(486 448 2568 2606)
4(485 486 2606 2605)
4(450 487 2607 2570)
4(487 484 2604 2607)
4(451 488 2608 2571)
4(488 487 2607 2608)
4(452 489 2609 2572)
4(489 488 2608 2609)
4(453 490 2610 2573)
4(490 489 2609 2610)
4(454 491 2611 2574)
4(491 490 2610 2611)
4(455 492 2612 2575)
4(492 491 2611 2612)
4(456 493 2613 2576)
4(493 492 2612 2613)
4(457 494 2614 2577)
4(494 493 2613 2614)
4(458 495 2615 2578)
4(495 494 2614 2615)
4(459 496 2616 2579)
4(496 495 2615 2616)
4(460 497 2617 2580)
4(497 496 2616 2617)
4(461 498 2618 2581)
4(498 497 2617 2618)
4(462 499 2619 2582)
4(499 498 2618 2619)
4(463 500 2620 2583)
4(500 499 2619 2620)
4(464 501 2621 2584)
4(501 500 2620 2621)
4(465 502 2622 2585)
4(502 501 2621 2622)
4(466 503 2623 2586)
4(503 502 2622 2623)
4(467 504 2624 2587)
4(504 503 2623 2624)
4(469 505 2625 2589)
4(506 504 2624 2626)
4(505 506 2626 2625)
4(469 507 2627 2589)
4(507 508 2628 2627)
4(508 505 2625 2628)
4(509 510 2630 2629)
4(511 512 2632 2631)
4(512 509 2629 2632)
4(516 513 2633 2636)
4(513 514 2634 2633)
4(514 515 2635 2634)
4(515 516 2636 2635)
4(517 518 2638 2637)
4(520 517 2637 2640)
4(518 519 2639 2638)
4(519 520 2640 2639)
4(484 521 2641 2604)
4(521 522 2642 2641)
4(523 485 2605 2643)
4(522 523 2643 2642)
4(487 524 2644 2607)
4(524 521 2641 2644)
4(488 525 2645 2608)
4(525 524 2644 2645)
4(489 526 2646 2609)
4(526 525 2645 2646)
4(490 527 2647 2610)
4(527 526 2646 2647)
4(491 528 2648 2611)
4(528 527 2647 2648)
4(492 529 2649 2612)
4(529 528 2648 2649)
4(493 530 2650 2613)
4(530 529 2649 2650)
4(494 531 2651 2614)
4(531 530 2650 2651)
4(495 532 2652 2615)
4(532 531 2651 2652)
4(496 533 2653 2616)
4(533 532 2652 2653)
4(497 534 2654 2617)
4(534 533 2653 2654)
4(498 535 2655 2618)
4(535 534 2654 2655)
4(499 536 2656 2619)
4(536 535 2655 2656)
4(500 537 2657 2620)
4(537 536 2656 2657)
4(501 538 2658 2621)
4(538 537 2657 2658)
4(502 539 2659 2622)
4(539 538 2658 2659)
4(503 540 2660 2623)
4(540 539 2659 2660)
4(504 541 2661 2624)
4(541 540 2660 2661)
4(506 542 2662 2626)
4(543 541 2661 2663)
4(542 543 2663 2662)
4(506 544 2664 2626)
4(544 545 2665 2664)
4(545 542 2662 2665)
4(546 547 2667 2666)
4(548 549 2669 2668)
4(549 546 2666 2669)
4(553 550 2670 2673)
4(550 551 2671 2670)
4(551 552 2672 2671)
4(552 553 2673 2672)
4(554 555 2675 2674)
4(557 554 2674 2677)
4(555 556 2676 2675)
4(556 557 2677 2676)
4(521 558 2678 2641)
4(558 559 2679 2678)
4(560 522 2642 2680)
4(559 560 2680 2679)
4(524 561 2681 2644)
4(561 558 2678 2681)
4(525 562 2682 2645)
4(562 561 2681 2682)
4(526 563 2683 2646)
4(563 562 2682 2683)
4(527 564 2684 2647)
4(564 563 2683 2684)
4(528 565 2685 2648)
4(565 564 2684 2685)
4(529 566 2686 2649)
4(566 565 2685 2686)
4(530 567 2687 2650)
4(567 566 2686 2687)
4(531 568 2688 2651)
4(568 567 2687 2688)
4(532 569 2689 2652)
4(569 568 2688 2689)
4(533 570 2690 2653)
4(570 569 2689 2690)
4(534 571 2691 2654)
4(571 570 2690 2691)
4(535 572 2692 2655)
4(572 571 2691 2692)
4(536 573 2693 2656)
4(573 572 2692 2693)
4(537 574 2694 2657)
4(574 573 2693 2694)
4(538 575 2695 2658)
4(575 574 2694 2695)
4(539 576 2696 2659)
4(576 575 2695 2696)
4(540 577 2697 2660)
4(577 576 2696 2697)
4(541 578 2698 2661)
4(578 577 2697 2698)
4(543 579 2699 2663)
4(580 578 2698 2700)
4(579 580 2700 2699)
4(543 581 2701 2663)
4(581 582 2702 2701)
4(582 579 2699 2702)
4(583 584 2704 2703)
4(585 586 2706 2705)
4(586 583 2703 2706)
4(590 587 2707 2710)
4(587 588 2708 2707)
4(588 589 2709 2708)
4(589 590 2710 2709)
4(591 592 2712 2711)
4(594 591 2711 2714)
4(592 593 2713 2712)
4(593 594 2714 2713)
4(558 595 2715 2678)
4(595 596 2716 2715)
4(597 559 2679 2717)
4(596 597 2717 2716)
4(561 598 2718 2681)
4(598 595 2715 2718)
4(562 599 2719 2682)
4(599 598 2718 2719)
4(563 600 2720 2683)
4(600 599 2719 2720)
4(564 601 2721 2684)
4(601 600 2720 2721)
4(565 602 2722 2685)
4(602 601 2721 2722)
4(566 603 2723 2686)
4(603 602 2722 2723)
4(567 604 2724 2687)
4(604 603 2723 2724)
4(568 605 2725 2688)
4(605 604 2724 2725)
4(569 606 2726 2689)
4(606 605 2725 2726)
4(570 607 2727 2690)
4(607 606 2726 2727)
4(571 608 2728 2691)
4(608 607 2727 2728)
4(572 609 2729 2692)
4(609 608 2728 2729)
4(573 610 2730 2693)
4(610 609 2729 2730)
4(574 611 2731 2694)
4(611 610 2730 2731)
4(575 612 2732 2695)
4(612 611 2731 2732)
4(576 613 2733 2696)
4(613 612 2732 2733)
4(577 614 2734 2697)
4(614 613 2733 2734)
4(578 615 2735 2698)
4(615 614 2734 2735)
4(580 616 2736 2700)
4(617 615 2735 2737)
4(616 617 2737 2736)
4(580 618 2738 2700)
4(618 619 2739 2738)
4(619 616 2736 2739)
4(620 621 2741 2740)
4(622 623 2743 2742)
4(623 620 2740 2743)
4(627 624 2744 2747)
4(624 625 2745 2744)
4(625 626 2746 2745)
4(626 627 2747 2746)
4(628 629 2749 2748)
4(631 628 2748 2751)
4(629 630 2750 2749)
4(630 631 2751 2750)
4(595 632 2752 2715)
4(632 633 2753 2752)
4(634 596 2716 2754)
4(633 634 2754 2753)
4(598 635 2755 2718)
4(635 632 2752 2755)
4(599 636 2756 2719)
4(636 635 2755 2756)
4(600 637 2757 2720)
4(637 636 2756 2757)
4(601 638 2758 2721)
4(638 637 2757 2758)
4(602 639 2759 2722)
4(639 638 2758 2759)
4(603 640 2760 2723)
4(640 639 2759 2760)
4(604 641 2761 2724)
4(641 640 2760 2761)
4(605 642 2762 2725)
4(642 641 2761 2762)
4(606 643 2763 2726)
4(643 642 2762 2763)
4(607 644 2764 2727)
4(644 643 2763 2764)
4(608 645 2765 2728)
4(645 644 2764 2765)
4(609 646 2766 2729)
4(646 645 2765 2766)
4(610 647 2767 2730)
4(647 646 2766 2767)
4(611 648 2768 2731)
4(648 647 2767 2768)
4(612 649 2769 2732)
4(649 648 2768 2769)
4(613 650 2770 2733)
4(650 649 2769 2770)
4(614 651 2771 2734)
4(651 650 2770 2771)
4(615 652 2772 2735)
4(652 651 2771 2772)
4(617 653 2773 2737)
4(654 652 2772 2774)
4(653 654 2774 2773)
4(617 655 2775 2737)
4(655 656 2776 2775)
4(656 653 2773 2776)
4(657 658 2778 2777)
4(659 660 2780 2779)
4(660 657 2777 2780)
4(664 661 2781 2784)
4(661 662 2782 2781)
4(662 663 2783 2782)
4(663 664 2784 2783)
4(665 666 2786 2785)
4(668 665 2785 2788)
4(666 667 2787 2786)
4(667 668 2788 2787)
4(632 669 2789 2752)
4(669 670 2790 2789)
4(671 633 2753 2791)
4(670 671 2791 2790)
4(635 672 2792 2755)
4(672 669 2789 2792)
4(636 673 2793 2756)
4(673 672 2792 2793)
4(637 674 2794 2757)
4(674 673 2793 2794)
4(638 675 2795 2758)
4(675 674 2794 2795)
4(639 676 2796 2759)
4(676 675 2795 2796)
4(640 677 2797 2760)
4(677 676 2796 2797)
4(641 678 2798 2761)
4(678 677 2797 2798)
4(642 679 2799 2762)
4(679 678 2798 2799)
4(643 680 2800 2763)
4(680 679 2799 2800)
4(644 681 2801 2764)
4(681 680 2800 2801)
4(645 682 2802 2765)
4(682 681 2801 2802)
4(646 683 2803 2766)
4(683 682 2802 2803)
4(647 684 2804 2767)
4(684 683 2803 2804)
4(648 685 2805 2768)
4(685 684 2804 2805)
4(649 686 2806 2769)
4(686 685 2805 2806)
4(650 687 2807 2770)
4(687 686 2806 2807)
4(651 688 2808 2771)
4(688 687 2807 2808)
4(652 689 2809 2772)
4(689 688 2808 2809)
4(654 690 2810 2774)
4(691 689 2809 2811)
4(690 691 2811 2810)
4(654 692 2812 2774)
4(692 693 2813 2812)
4(693 690 2810 2813)
4(694 695 2815 2814)
4(696 697 2817 2816)
4(697 694 2814 2817)
4(701 698 2818 2821)
4(698 699 2819 2818)
4(699 700 2820 2819)
4(700 701 2821 2820)
4(702 703 2823 2822)
4(705 702 2822 2825)
4(703 704 2824 2823)
4(704 705 2825 2824)
4(669 706 2826 2789)
4(706 707 2827 2826)
4(708 670 2790 2828)
4(707 708 2828 2827)
4(672 709 2829 2792)
4(709 706 2826 2829)
4(673 710 2830 2793)
4(710 709 2829 2830)
4(674 711 2831 2794)
4(711 710 2830 2831)
4(675 712 2832 2795)
4(712 711 2831 2832)
4(676 713 2833 2796)
4(713 712 2832 2833)
4(677 714 2834 2797)
4(714 713 2833 2834)
4(678 715 2835 2798)
4(715 714 2834 2835)
4(679 716 2836 2799)
4(716 715 2835 2836)
4(680 717 2837 2800)
4(717 716 2836 2837)
4(681 718 2838 2801)
4(718 717 2837 2838)
4(682 719 2839 2802)
4(719 718 2838 2839)
4(683 720 2840 2803)
4(720 719 2839 2840)
4(684 721 2841 2804)
4(721 720 2840 2841)
4(685 722 2842 2805)
4(722 721 2841 2842)
4(686 723 2843 2806)
4(723 722 2842 2843)
4(687 724 2844 2807)
4(724 723 2843 2844)
4(688 725 2845 2808)
4(725 724 2844 2845)
4(689 726 2846 2809)
4(726 725 2845 2846)
4(691 727 2847 2811)
4(728 726 2846 2848)
4(727 728 2848 2847)
4(691 729 2849 2811)
4(729 730 2850 2849)
4(730 727 2847 2850)
4(731 732 2852 2851)
4(733 734 2854 2853)
4(734 731 2851 2854)
4(738 735 2855 2858)
4(735 736 2856 2855)
4(736 737 2857 2856)
4(737 738 2858 2857)
4(739 740 2860 2859)
4(742 739 2859 2862)
4(740 741 2861 2860)
4(741 742 2862 2861)
4(706 743 2863 2826)
4(743 744 2864 2863)
4(745 707 2827 2865)
4(744 745 2865 2864)
4(709 746 2866 2829)
4(746 743 2863 2866)
4(710 747 2867 2830)
4(747 746 2866 2867)
4(711 748 2868 2831)
4(748 747 2867 2868)
4(712 749 2869 2832)
4(749 748 2868 2869)
4(713 750 2870 2833)
4(750 749 2869 2870)
4(714 751 2871 2834)
4(751 750 2870 2871)
4(715 752 2872 2835)
4(752 751 2871 2872)
4(716 753 2873 2836)
4(753 752 2872 2873)
4(717 754 2874 2837)
4(754 753 2873 2874)
4(718 755 2875 2838)
4(755 754 2874 2875)
4(719 756 2876 2839)
4(756 755 2875 2876)
4(720 757 2877 2840)
4(757 756 2876 2877)
4(721 758 2878 2841)
4(758 757 2877 2878)
4(722 759 2879 2842)
4(759 758 2878 2879)
4(723 760 2880 2843)
4(760 759 2879 2880)
4(724 761 2881 2844)
4(761 760 2880 2881)
4(725 762 2882 2845)
4(762 761 2881 2882)
4(726 763 2883 2846)
4(763 762 2882 2883)
4(728 764 2884 2848)
4(765 763 2883 2885)
4(764 765 2885 2884)
4(728 766 2886 2848)
4(766 767 2887 2886)
4(767 764 2884 2887)
4(768 769 2889 2888)
4(770 771 2891 2890)
4(771 768 2888 2891)
4(775 772 2892 2895)
4(772 773 2893 2892)
4(773 774 2894 2893)
4(774 775 2895 2894)
4(776 777 2897 2896)
4(779 776 2896 2899)
4(777 778 2898 2897)
4(778 779 2899 2898)
4(743 780 2900 2863)
4(780 781 2901 2900)
4(782 744 2864 2902)
4(781 782 2902 2901)
4(746 783 2903 2866)
4(783 780 2900 2903)
4(747 784 2904 2867)
4(784 783 2903 2904)
4(748 785 2905 2868)
4(785 784 2904 2905)
4(749 786 2906 2869)
4(786 785 2905 2906)
4(750 787 2907 2870)
4(787 786 2906 2907)
4(751 788 2908 2871)
4(788 787 2907 2908)
4(752 789 2909 2872)
4(789 788 2908 2909)
4(753 790 2910 2873)
4(790 789 2909 2910)
4(754 791 2911 2874)
4(791 790 2910 2911)
4(755 792 2912 2875)
4(792 791 2911 2912)
4(756 793 2913 2876)
4(793 792 2912 2913)
4(757 794 2914 2877)
4(794 793 2913 2914)
4(758 795 2915 2878)
4(795 794 2914 2915)
4(759 796 2916 2879)
4(796 795 2915 2916)
4(760 797 2917 2880)
4(797 796 2916 2917)
4(761 798 2918 2881)
4(798 797 2917 2918)
4(762 799 2919 2882)
4(799 798 2918 2919)
4(763 800 2920 2883)
4(800 799 2919 2920)
4(765 801 2921 2885)
4(802 800 2920 2922)
4(801 802 2922 2921)
4(765 803 2923 2885)
4(803 804 2924 2923)
4(804 801 2921 2924)
4(805 806 2926 2925)
4(807 808 2928 2927)
4(808 805 2925 2928)
4(812 809 2929 2932)
4(809 810 2930 2929)
4(810 811 2931 2930)
4(811 812 2932 2931)
4(813 814 2934 2933)
4(816 813 2933 2936)
4(814 815 2935 2934)
4(815 816 2936 2935)
4(780 817 2937 2900)
4(817 818 2938 2937)
4(819 781 2901 2939)
4(818 819 2939 2938)
4(783 820 2940 2903)
4(820 817 2937 2940)
4(784 821 2941 2904)
4(821 820 2940 2941)
4(785 822 2942 2905)
4(822 821 2941 2942)
4(786 823 2943 2906)
4(823 822 2942 2943)
4(787 824 2944 2907)
4(824 823 2943 2944)
4(788 825 2945 2908)
4(825 824 2944 2945)
4(789 826 2946 2909)
4(826 825 2945 2946)
4(790 827 2947 2910)
4(827 826 2946 2947)
4(791 828 2948 2911)
4(828 827 2947 2948)
4(792 829 2949 2912)
4(829 828 2948 2949)
4(793 830 2950 2913)
4(830 829 2949 2950)
4(794 831 2951 2914)
4(831 830 2950 2951)
4(795 832 2952 2915)
4(832 831 2951 2952)
4(796 833 2953 2916)
4(833 832 2952 2953)
4(797 834 2954 2917)
4(834 833 2953 2954)
4(798 835 2955 2918)
4(835 834 2954 2955)
4(799 836 2956 2919)
4(836 835 2955 2956)
4(800 837 2957 2920)
4(837 836 2956 2957)
4(802 838 2958 2922)
4(839 837 2957 2959)
4(838 839 2959 2958)
4(802 840 2960 2922)
4(840 841 2961 2960)
4(841 838 2958 2961)
4(842 843 2963 2962)
4(844 845 2965 2964)
4(845 842 2962 2965)
4(849 846 2966 2969)
4(846 847 2967 2966)
4(847 848 2968 2967)
4(848 849 2969 2968)
4(850 851 2971 2970)
4(853 850 2970 2973)
4(851 852 2972 2971)
4(852 853 2973 2972)
4(817 854 2974 2937)
4(855 856 2976 2975)
4(857 818 2938 2977)
4(856 857 2977 2976)
4(854 855 2975 2974)
4(820 858 2978 2940)
4(859 854 2974 2979)
4(858 859 2979 2978)
4(821 860 2980 2941)
4(861 858 2978 2981)
4(860 861 2981 2980)
4(822 862 2982 2942)
4(863 860 2980 2983)
4(862 863 2983 2982)
4(823 864 2984 2943)
4(865 862 2982 2985)
4(864 865 2985 2984)
4(824 866 2986 2944)
4(867 864 2984 2987)
4(866 867 2987 2986)
4(825 868 2988 2945)
4(869 866 2986 2989)
4(868 869 2989 2988)
4(826 870 2990 2946)
4(871 868 2988 2991)
4(870 871 2991 2990)
4(827 872 2992 2947)
4(873 870 2990 2993)
4(872 873 2993 2992)
4(828 874 2994 2948)
4(875 872 2992 2995)
4(874 875 2995 2994)
4(829 876 2996 2949)
4(877 874 2994 2997)
4(876 877 2997 2996)
4(830 878 2998 2950)
4(879 876 2996 2999)
4(878 879 2999 2998)
4(831 880 3000 2951)
4(881 878 2998 3001)
4(880 881 3001 3000)
4(832 882 3002 2952)
4(883 880 3000 3003)
4(882 883 3003 3002)
4(833 884 3004 2953)
4(885 882 3002 3005)
4(884 885 3005 3004)
4(834 886 3006 2954)
4(887 884 3004 3007)
4(886 887 3007 3006)
4(835 888 3008 2955)
4(889 886 3006 3009)
4(888 889 3009 3008)
4(836 890 3010 2956)
4(891 888 3008 3011)
4(890 891 3011 3010)
4(837 892 3012 2957)
4(893 890 3010 3013)
4(892 893 3013 3012)
4(839 894 3014 2959)
4(896 892 3012 3016)
4(894 895 3015 3014)
4(895 896 3016 3015)
4(839 897 3017 2959)
4(897 898 3018 3017)
4(898 894 3014 3018)
4(899 900 3020 3019)
4(901 902 3022 3021)
4(902 899 3019 3022)
4(906 903 3023 3026)
4(903 904 3024 3023)
4(904 905 3025 3024)
4(905 906 3026 3025)
4(907 908 3028 3027)
4(910 907 3027 3030)
4(908 909 3029 3028)
4(909 910 3030 3029)
4(912 856 2976 3032)
4(855 911 3031 2975)
4(911 912 3032 3031)
4(914 854 2974 3034)
4(859 913 3033 2979)
4(913 914 3034 3033)
4(916 858 2978 3036)
4(861 915 3035 2981)
4(915 916 3036 3035)
4(918 860 2980 3038)
4(863 917 3037 2983)
4(917 918 3038 3037)
4(920 862 2982 3040)
4(865 919 3039 2985)
4(919 920 3040 3039)
4(922 864 2984 3042)
4(867 921 3041 2987)
4(921 922 3042 3041)
4(924 866 2986 3044)
4(869 923 3043 2989)
4(923 924 3044 3043)
4(926 868 2988 3046)
4(871 925 3045 2991)
4(925 926 3046 3045)
4(928 870 2990 3048)
4(873 927 3047 2993)
4(927 928 3048 3047)
4(930 872 2992 3050)
4(875 929 3049 2995)
4(929 930 3050 3049)
4(932 874 2994 3052)
4(877 931 3051 2997)
4(931 932 3052 3051)
4(934 876 2996 3054)
4(879 933 3053 2999)
4(933 934 3054 3053)
4(936 878 2998 3056)
4(881 935 3055 3001)
4(935 936 3056 3055)
4(938 880 3000 3058)
4(883 937 3057 3003)
4(937 938 3058 3057)
4(940 882 3002 3060)
4(885 939 3059 3005)
4(939 940 3060 3059)
4(942 884 3004 3062)
4(887 941 3061 3007)
4(941 942 3062 3061)
4(944 886 3006 3064)
4(889 943 3063 3009)
4(943 944 3064 3063)
4(946 888 3008 3066)
4(891 945 3065 3011)
4(945 946 3066 3065)
4(948 890 3010 3068)
4(893 947 3067 3013)
4(947 948 3068 3067)
4(950 892 3012 3070)
4(896 949 3069 3016)
4(949 950 3070 3069)
4(895 951 3071 3015)
4(953 895 3015 3073)
4(951 952 3072 3071)
4(952 953 3073 3072)
4(954 955 3075 3074)
4(956 957 3077 3076)
4(957 954 3074 3077)
4(961 958 3078 3081)
4(959 960 3080 3079)
4(958 959 3079 3078)
4(965 962 3082 3085)
4(963 964 3084 3083)
4(962 963 3083 3082)
4(969 966 3086 3089)
4(967 968 3088 3087)
4(966 967 3087 3086)
4(973 970 3090 3093)
4(971 972 3092 3091)
4(970 971 3091 3090)
4(977 974 3094 3097)
4(975 976 3096 3095)
4(974 975 3095 3094)
4(981 978 3098 3101)
4(979 980 3100 3099)
4(978 979 3099 3098)
4(985 982 3102 3105)
4(983 984 3104 3103)
4(982 983 3103 3102)
4(989 986 3106 3109)
4(987 988 3108 3107)
4(986 987 3107 3106)
4(993 990 3110 3113)
4(991 992 3112 3111)
4(990 991 3111 3110)
4(997 994 3114 3117)
4(995 996 3116 3115)
4(994 995 3115 3114)
4(1001 998 3118 3121)
4(999 1000 3120 3119)
4(998 999 3119 3118)
4(1005 1002 3122 3125)
4(1003 1004 3124 3123)
4(1002 1003 3123 3122)
4(1009 1006 3126 3129)
4(1007 1008 3128 3127)
4(1006 1007 3127 3126)
4(1013 1010 3130 3133)
4(1011 1012 3132 3131)
4(1010 1011 3131 3130)
4(1017 1014 3134 3137)
4(1015 1016 3136 3135)
4(1014 1015 3135 3134)
4(1021 1018 3138 3141)
4(1019 1020 3140 3139)
4(1018 1019 3139 3138)
4(1025 1022 3142 3145)
4(1023 1024 3144 3143)
4(1022 1023 3143 3142)
4(1029 1026 3146 3149)
4(1027 1028 3148 3147)
4(1026 1027 3147 3146)
4(1033 1030 3150 3153)
4(1031 1032 3152 3151)
4(1030 1031 3151 3150)
4(1037 1034 3154 3157)
4(1035 1036 3156 3155)
4(1034 1035 3155 3154)
4(1041 1038 3158 3161)
4(1039 1040 3160 3159)
4(1038 1039 3159 3158)
4(1045 1042 3162 3165)
4(1043 1044 3164 3163)
4(1042 1043 3163 3162)
4(1049 1046 3166 3169)
4(1047 1048 3168 3167)
4(1046 1047 3167 3166)
4(1050 1051 3171 3170)
4(1053 1050 3170 3173)
4(213 172 2292 2333)
4(176 1054 3174 2296)
4(1055 173 2293 3175)
4(217 1056 3176 2337)
4(176 217 2337 2296)
4(250 216 2336 2370)
4(220 1057 3177 2340)
4(254 1058 3178 2374)
4(220 254 2374 2340)
4(287 253 2373 2407)
4(257 1059 3179 2377)
4(291 1060 3180 2411)
4(257 291 2411 2377)
4(324 290 2410 2444)
4(294 1061 3181 2414)
4(328 1062 3182 2448)
4(294 328 2448 2414)
4(361 327 2447 2481)
4(331 1063 3183 2451)
4(365 1064 3184 2485)
4(331 365 2485 2451)
4(398 364 2484 2518)
4(368 1065 3185 2488)
4(402 1066 3186 2522)
4(368 402 2522 2488)
4(435 401 2521 2555)
4(405 1067 3187 2525)
4(439 1068 3188 2559)
4(405 439 2559 2525)
4(472 438 2558 2592)
4(442 1069 3189 2562)
4(476 1070 3190 2596)
4(442 476 2596 2562)
4(509 475 2595 2629)
4(479 1071 3191 2599)
4(513 1072 3192 2633)
4(479 513 2633 2599)
4(546 512 2632 2666)
4(516 1073 3193 2636)
4(550 1074 3194 2670)
4(516 550 2670 2636)
4(583 549 2669 2703)
4(553 1075 3195 2673)
4(587 1076 3196 2707)
4(553 587 2707 2673)
4(620 586 2706 2740)
4(590 1077 3197 2710)
4(624 1078 3198 2744)
4(590 624 2744 2710)
4(657 623 2743 2777)
4(627 1079 3199 2747)
4(661 1080 3200 2781)
4(627 661 2781 2747)
4(694 660 2780 2814)
4(664 1081 3201 2784)
4(698 1082 3202 2818)
4(664 698 2818 2784)
4(731 697 2817 2851)
4(701 1083 3203 2821)
4(735 1084 3204 2855)
4(701 735 2855 2821)
4(768 734 2854 2888)
4(738 1085 3205 2858)
4(772 1086 3206 2892)
4(738 772 2892 2858)
4(805 771 2891 2925)
4(775 1087 3207 2895)
4(809 1088 3208 2929)
4(775 809 2929 2895)
4(842 808 2928 2962)
4(812 1089 3209 2932)
4(846 1090 3210 2966)
4(812 846 2966 2932)
4(899 845 2965 3019)
4(849 1091 3211 2969)
4(903 1092 3212 3023)
4(849 903 3023 2969)
4(954 902 3022 3074)
4(906 1093 3213 3026)
4(958 1094 3214 3078)
4(906 958 3078 3026)
4(1050 957 3077 3170)
4(959 962 3082 3079)
4(963 966 3086 3083)
4(967 970 3090 3087)
4(971 974 3094 3091)
4(975 978 3098 3095)
4(979 982 3102 3099)
4(983 986 3106 3103)
4(987 990 3110 3107)
4(991 994 3114 3111)
4(995 998 3118 3115)
4(999 1002 3122 3119)
4(1003 1006 3126 3123)
4(1007 1010 3130 3127)
4(1011 1014 3134 3131)
4(1015 1018 3138 3135)
4(1019 1022 3142 3139)
4(1023 1026 3146 3143)
4(1027 1030 3150 3147)
4(1031 1034 3154 3151)
4(1035 1038 3158 3155)
4(1039 1042 3162 3159)
4(1043 1046 3166 3163)
4(1047 1050 3170 3167)
4(1097 1098 3218 3217)
4(1098 1099 3219 3218)
4(1096 1097 3217 3216)
4(1100 1096 3216 3220)
4(1099 1100 3220 3219)
4(146 1098 3218 2266)
4(1097 1101 3221 3217)
4(1101 146 2266 3221)
4(1105 1102 3222 3225)
4(1103 1104 3224 3223)
4(1104 1105 3225 3224)
4(1102 1103 3223 3222)
4(1109 1106 3226 3229)
4(1107 1108 3228 3227)
4(1108 1109 3229 3228)
4(1106 1107 3227 3226)
4(1098 182 2302 3218)
4(1110 1099 3219 3230)
4(181 1110 3230 2301)
4(1105 1111 3231 3225)
4(1112 1102 3222 3232)
4(1105 173 2293 3225)
4(172 170 2290 2292)
4(211 170 2290 2331)
4(213 211 2331 2333)
4(180 175 2295 2300)
4(174 177 2297 2294)
4(218 175 2295 2338)
4(180 221 2341 2300)
4(221 218 2338 2341)
4(185 179 2299 2305)
4(178 181 2301 2298)
4(222 179 2299 2342)
4(184 222 2342 2304)
4(216 212 2332 2336)
4(248 212 2332 2368)
4(250 248 2368 2370)
4(224 219 2339 2344)
4(255 219 2339 2375)
4(224 258 2378 2344)
4(258 255 2375 2378)
4(227 223 2343 2347)
4(259 223 2343 2379)
4(226 259 2379 2346)
4(253 249 2369 2373)
4(285 249 2369 2405)
4(287 285 2405 2407)
4(261 256 2376 2381)
4(292 256 2376 2412)
4(261 295 2415 2381)
4(295 292 2412 2415)
4(264 260 2380 2384)
4(296 260 2380 2416)
4(263 296 2416 2383)
4(290 286 2406 2410)
4(322 286 2406 2442)
4(324 322 2442 2444)
4(298 293 2413 2418)
4(329 293 2413 2449)
4(298 332 2452 2418)
4(332 329 2449 2452)
4(301 297 2417 2421)
4(333 297 2417 2453)
4(300 333 2453 2420)
4(327 323 2443 2447)
4(359 323 2443 2479)
4(361 359 2479 2481)
4(335 330 2450 2455)
4(366 330 2450 2486)
4(335 369 2489 2455)
4(369 366 2486 2489)
4(338 334 2454 2458)
4(370 334 2454 2490)
4(337 370 2490 2457)
4(364 360 2480 2484)
4(396 360 2480 2516)
4(398 396 2516 2518)
4(372 367 2487 2492)
4(403 367 2487 2523)
4(372 406 2526 2492)
4(406 403 2523 2526)
4(375 371 2491 2495)
4(407 371 2491 2527)
4(374 407 2527 2494)
4(401 397 2517 2521)
4(433 397 2517 2553)
4(435 433 2553 2555)
4(409 404 2524 2529)
4(440 404 2524 2560)
4(409 443 2563 2529)
4(443 440 2560 2563)
4(412 408 2528 2532)
4(444 408 2528 2564)
4(411 444 2564 2531)
4(438 434 2554 2558)
4(470 434 2554 2590)
4(472 470 2590 2592)
4(446 441 2561 2566)
4(477 441 2561 2597)
4(446 480 2600 2566)
4(480 477 2597 2600)
4(449 445 2565 2569)
4(481 445 2565 2601)
4(448 481 2601 2568)
4(475 471 2591 2595)
4(507 471 2591 2627)
4(509 507 2627 2629)
4(483 478 2598 2603)
4(514 478 2598 2634)
4(483 517 2637 2603)
4(517 514 2634 2637)
4(486 482 2602 2606)
4(518 482 2602 2638)
4(485 518 2638 2605)
4(512 508 2628 2632)
4(544 508 2628 2664)
4(546 544 2664 2666)
4(520 515 2635 2640)
4(551 515 2635 2671)
4(520 554 2674 2640)
4(554 551 2671 2674)
4(523 519 2639 2643)
4(555 519 2639 2675)
4(522 555 2675 2642)
4(549 545 2665 2669)
4(581 545 2665 2701)
4(583 581 2701 2703)
4(557 552 2672 2677)
4(588 552 2672 2708)
4(557 591 2711 2677)
4(591 588 2708 2711)
4(560 556 2676 2680)
4(592 556 2676 2712)
4(559 592 2712 2679)
4(586 582 2702 2706)
4(618 582 2702 2738)
4(620 618 2738 2740)
4(594 589 2709 2714)
4(625 589 2709 2745)
4(594 628 2748 2714)
4(628 625 2745 2748)
4(597 593 2713 2717)
4(629 593 2713 2749)
4(596 629 2749 2716)
4(623 619 2739 2743)
4(655 619 2739 2775)
4(657 655 2775 2777)
4(631 626 2746 2751)
4(662 626 2746 2782)
4(631 665 2785 2751)
4(665 662 2782 2785)
4(634 630 2750 2754)
4(666 630 2750 2786)
4(633 666 2786 2753)
4(660 656 2776 2780)
4(692 656 2776 2812)
4(694 692 2812 2814)
4(668 663 2783 2788)
4(699 663 2783 2819)
4(668 702 2822 2788)
4(702 699 2819 2822)
4(671 667 2787 2791)
4(703 667 2787 2823)
4(670 703 2823 2790)
4(697 693 2813 2817)
4(729 693 2813 2849)
4(731 729 2849 2851)
4(705 700 2820 2825)
4(736 700 2820 2856)
4(705 739 2859 2825)
4(739 736 2856 2859)
4(708 704 2824 2828)
4(740 704 2824 2860)
4(707 740 2860 2827)
4(734 730 2850 2854)
4(766 730 2850 2886)
4(768 766 2886 2888)
4(742 737 2857 2862)
4(773 737 2857 2893)
4(742 776 2896 2862)
4(776 773 2893 2896)
4(745 741 2861 2865)
4(777 741 2861 2897)
4(744 777 2897 2864)
4(771 767 2887 2891)
4(803 767 2887 2923)
4(805 803 2923 2925)
4(779 774 2894 2899)
4(810 774 2894 2930)
4(779 813 2933 2899)
4(813 810 2930 2933)
4(782 778 2898 2902)
4(814 778 2898 2934)
4(781 814 2934 2901)
4(808 804 2924 2928)
4(840 804 2924 2960)
4(842 840 2960 2962)
4(816 811 2931 2936)
4(847 811 2931 2967)
4(816 850 2970 2936)
4(850 847 2967 2970)
4(819 815 2935 2939)
4(851 815 2935 2971)
4(818 851 2971 2938)
4(845 841 2961 2965)
4(897 841 2961 3017)
4(899 897 3017 3019)
4(853 848 2968 2973)
4(904 848 2968 3024)
4(853 907 3027 2973)
4(907 904 3024 3027)
4(857 852 2972 2977)
4(908 852 2972 3028)
4(856 908 3028 2976)
4(902 898 3018 3022)
4(951 898 3018 3071)
4(954 951 3071 3074)
4(910 905 3025 3030)
4(959 905 3025 3079)
4(910 962 3082 3030)
4(912 909 3029 3032)
4(963 909 3029 3083)
4(912 966 3086 3032)
4(914 911 3031 3034)
4(967 911 3031 3087)
4(914 970 3090 3034)
4(916 913 3033 3036)
4(971 913 3033 3091)
4(916 974 3094 3036)
4(918 915 3035 3038)
4(975 915 3035 3095)
4(918 978 3098 3038)
4(920 917 3037 3040)
4(979 917 3037 3099)
4(920 982 3102 3040)
4(922 919 3039 3042)
4(983 919 3039 3103)
4(922 986 3106 3042)
4(924 921 3041 3044)
4(987 921 3041 3107)
4(924 990 3110 3044)
4(926 923 3043 3046)
4(991 923 3043 3111)
4(926 994 3114 3046)
4(928 925 3045 3048)
4(995 925 3045 3115)
4(928 998 3118 3048)
4(930 927 3047 3050)
4(999 927 3047 3119)
4(930 1002 3122 3050)
4(932 929 3049 3052)
4(1003 929 3049 3123)
4(932 1006 3126 3052)
4(934 931 3051 3054)
4(1007 931 3051 3127)
4(934 1010 3130 3054)
4(936 933 3053 3056)
4(1011 933 3053 3131)
4(936 1014 3134 3056)
4(938 935 3055 3058)
4(1015 935 3055 3135)
4(938 1018 3138 3058)
4(940 937 3057 3060)
4(1019 937 3057 3139)
4(940 1022 3142 3060)
4(942 939 3059 3062)
4(1023 939 3059 3143)
4(942 1026 3146 3062)
4(944 941 3061 3064)
4(1027 941 3061 3147)
4(944 1030 3150 3064)
4(946 943 3063 3066)
4(1031 943 3063 3151)
4(946 1034 3154 3066)
4(948 945 3065 3068)
4(1035 945 3065 3155)
4(948 1038 3158 3068)
4(950 947 3067 3070)
4(1039 947 3067 3159)
4(950 1042 3162 3070)
4(953 949 3069 3073)
4(1043 949 3069 3163)
4(953 1046 3166 3073)
4(957 952 3072 3077)
4(1047 952 3072 3167)
4(1109 1104 3224 3229)
4(1103 1106 3226 3223)
4(174 1104 3224 2294)
4(1109 177 2297 3229)
4(1110 1108 3228 3230)
4(1107 1099 3219 3227)
4(178 1108 3228 2298)
4(1114 1115 3235 3234)
4(1115 1116 3236 3235)
4(1116 1113 3233 3236)
4(1113 1114 3234 3233)
4(1117 1118 3238 3237)
4(1118 1115 3235 3238)
4(1114 1117 3237 3234)
4(1119 1120 3240 3239)
4(1120 1118 3238 3240)
4(1117 1119 3239 3237)
4(1121 1122 3242 3241)
4(1122 1120 3240 3242)
4(1119 1121 3241 3239)
4(1123 1124 3244 3243)
4(1124 1122 3242 3244)
4(1121 1123 3243 3241)
4(139 1124 3244 2259)
4(1123 26 2146 3243)
4(1126 1127 3247 3246)
4(1127 154 2274 3247)
4(1125 1126 3246 3245)
4(154 1125 3245 2274)
4(1128 1129 3249 3248)
4(1129 1127 3247 3249)
4(1126 1128 3248 3246)
4(1130 1131 3251 3250)
4(1131 1129 3249 3251)
4(1128 1130 3250 3248)
4(1116 1132 3252 3236)
4(1132 1131 3251 3252)
4(1130 1116 3236 3250)
4(1115 1133 3253 3235)
4(1133 1132 3252 3253)
4(1118 156 2276 3238)
4(156 1133 3253 2276)
4(1120 157 2277 3240)
4(1122 160 2280 3242)
4(1124 162 2282 3244)
4(1127 191 2311 3247)
4(1129 193 2313 3249)
4(1131 195 2315 3251)
4(1132 197 2317 3252)
4(1133 199 2319 3253)
4(1137 1134 3254 3257)
4(1135 1136 3256 3255)
4(1136 1137 3257 3256)
4(1134 1135 3255 3254)
4(1141 1138 3258 3261)
4(1139 1140 3260 3259)
4(1140 1141 3261 3260)
4(1138 1139 3259 3258)
4(1145 1142 3262 3265)
4(1142 1143 3263 3262)
4(1143 1144 3264 3263)
4(1144 1145 3265 3264)
4(1146 1147 3267 3266)
4(1149 1146 3266 3269)
4(1147 1148 3268 3267)
4(1148 1149 3269 3268)
4(1153 1150 3270 3273)
4(1150 1151 3271 3270)
4(1151 1152 3272 3271)
4(1152 1153 3273 3272)
4(1154 1155 3275 3274)
4(1157 1154 3274 3277)
4(1155 1156 3276 3275)
4(1156 1157 3277 3276)
4(1159 1097 3217 3279)
4(1160 1158 3278 3280)
4(1096 1160 3280 3216)
4(1158 1159 3279 3278)
4(1161 1101 3221 3281)
4(1159 1161 3281 3279)
4(1162 1163 3283 3282)
4(1163 1101 3221 3283)
4(1161 1162 3282 3281)
4(1164 1165 3285 3284)
4(1165 1163 3283 3285)
4(1162 1164 3284 3282)
4(1166 1167 3287 3286)
4(1167 1165 3285 3287)
4(1164 1166 3286 3284)
4(1168 1125 3245 3288)
4(1125 1167 3287 3245)
4(1166 1168 3288 3286)
4(1169 1126 3246 3289)
4(1168 1169 3289 3288)
4(1170 1128 3248 3290)
4(1169 1170 3290 3289)
4(1171 1130 3250 3291)
4(1170 1171 3291 3290)
4(1171 1113 3233 3291)
4(1175 1172 3292 3295)
4(1172 1173 3293 3292)
4(1173 1174 3294 3293)
4(1174 1175 3295 3294)
4(1176 1177 3297 3296)
4(1179 1176 3296 3299)
4(1177 1178 3298 3297)
4(1178 1179 3299 3298)
4(1163 147 2267 3283)
4(1165 150 2270 3285)
4(1167 152 2272 3287)
4(1137 1180 3300 3257)
4(1181 1134 3254 3301)
4(1142 1182 3302 3262)
4(1137 1142 3262 3257)
4(1145 1183 3303 3265)
4(1150 1184 3304 3270)
4(1145 1150 3270 3265)
4(1153 1185 3305 3273)
4(1172 1186 3306 3292)
4(1153 1172 3292 3273)
4(1175 1187 3307 3295)
4(1175 1102 3222 3295)
4(1141 1136 3256 3261)
4(1135 1138 3258 3255)
4(1143 1136 3256 3263)
4(1141 1146 3266 3261)
4(1146 1143 3263 3266)
4(1189 1140 3260 3309)
4(1188 1189 3309 3308)
4(1139 1188 3308 3259)
4(1147 1140 3260 3267)
4(1190 1147 3267 3310)
4(1189 1190 3310 3309)
4(1149 1144 3264 3269)
4(1151 1144 3264 3271)
4(1149 1154 3274 3269)
4(1154 1151 3271 3274)
4(1191 1148 3268 3311)
4(1190 1191 3311 3310)
4(1155 1148 3268 3275)
4(1158 1155 3275 3278)
4(1191 1158 3278 3311)
4(1157 1152 3272 3277)
4(1173 1152 3272 3293)
4(1157 1176 3296 3277)
4(1176 1173 3293 3296)
4(1160 1156 3276 3280)
4(1177 1156 3276 3297)
4(1096 1177 3297 3216)
4(1179 1174 3294 3299)
4(1103 1174 3294 3223)
4(1179 1106 3226 3299)
4(1100 1178 3298 3220)
4(1107 1178 3298 3227)
4(1214 1211 3331 3334)
4(1211 1212 3332 3331)
4(1212 1213 3333 3332)
4(1213 1214 3334 3333)
4(1215 1216 3336 3335)
4(1218 1215 3335 3338)
4(1216 1217 3337 3336)
4(1217 1218 3338 3337)
4(1196 1219 3339 3316)
4(1219 1220 3340 3339)
4(1221 1197 3317 3341)
4(1220 1221 3341 3340)
4(1199 1222 3342 3319)
4(1222 1219 3339 3342)
4(1200 1223 3343 3320)
4(1223 1222 3342 3343)
4(1201 1224 3344 3321)
4(1224 1223 3343 3344)
4(1202 1225 3345 3322)
4(1225 1224 3344 3345)
4(1203 1226 3346 3323)
4(1226 1225 3345 3346)
4(1204 1227 3347 3324)
4(1227 1226 3346 3347)
4(1205 1228 3348 3325)
4(1228 1227 3347 3348)
4(1206 1229 3349 3326)
4(1229 1228 3348 3349)
4(1207 1230 3350 3327)
4(1230 1229 3349 3350)
4(1208 1231 3351 3328)
4(1231 1230 3350 3351)
4(1209 1232 3352 3329)
4(1232 1231 3351 3352)
4(1233 1232 3352 3353)
4(1210 1233 3353 3330)
4(1237 1234 3354 3357)
4(1234 1235 3355 3354)
4(1235 1236 3356 3355)
4(1236 1237 3357 3356)
4(1238 1239 3359 3358)
4(1241 1238 3358 3361)
4(1239 1240 3360 3359)
4(1240 1241 3361 3360)
4(1219 1242 3362 3339)
4(1242 1243 3363 3362)
4(1244 1220 3340 3364)
4(1243 1244 3364 3363)
4(1222 1245 3365 3342)
4(1245 1242 3362 3365)
4(1223 1246 3366 3343)
4(1246 1245 3365 3366)
4(1224 1247 3367 3344)
4(1247 1246 3366 3367)
4(1225 1248 3368 3345)
4(1248 1247 3367 3368)
4(1226 1249 3369 3346)
4(1249 1248 3368 3369)
4(1227 1250 3370 3347)
4(1250 1249 3369 3370)
4(1228 1251 3371 3348)
4(1251 1250 3370 3371)
4(1229 1252 3372 3349)
4(1252 1251 3371 3372)
4(1230 1253 3373 3350)
4(1253 1252 3372 3373)
4(1231 1254 3374 3351)
4(1254 1253 3373 3374)
4(1232 1255 3375 3352)
4(1255 1254 3374 3375)
4(1256 1255 3375 3376)
4(1233 1256 3376 3353)
4(1211 1258 3378 3331)
4(1193 1211 3331 3313)
4(1214 1259 3379 3334)
4(1234 1260 3380 3354)
4(1214 1234 3354 3334)
4(1237 1261 3381 3357)
4(1262 1263 3383 3382)
4(1237 1262 3382 3357)
4(1266 1262 3382 3386)
4(1262 1264 3384 3382)
4(1264 1265 3385 3384)
4(1265 1266 3386 3385)
4(1267 1268 3388 3387)
4(1270 1267 3387 3390)
4(1268 1269 3389 3388)
4(1269 1270 3390 3389)
4(1242 1271 3391 3362)
4(1271 1272 3392 3391)
4(1273 1243 3363 3393)
4(1272 1273 3393 3392)
4(1245 1274 3394 3365)
4(1274 1271 3391 3394)
4(1246 1275 3395 3366)
4(1275 1274 3394 3395)
4(1247 1276 3396 3367)
4(1276 1275 3395 3396)
4(1248 1277 3397 3368)
4(1277 1276 3396 3397)
4(1249 1278 3398 3369)
4(1278 1277 3397 3398)
4(1250 1279 3399 3370)
4(1279 1278 3398 3399)
4(1251 1280 3400 3371)
4(1280 1279 3399 3400)
4(1252 1281 3401 3372)
4(1281 1280 3400 3401)
4(1253 1282 3402 3373)
4(1282 1281 3401 3402)
4(1254 1283 3403 3374)
4(1283 1282 3402 3403)
4(1255 1284 3404 3375)
4(1284 1283 3403 3404)
4(1256 1285 3405 3376)
4(1285 1284 3404 3405)
4(1286 1287 3407 3406)
4(1287 1285 3405 3407)
4(1256 1286 3406 3376)
4(1288 1289 3409 3408)
4(1289 1287 3407 3409)
4(1286 1288 3408 3406)
4(1290 1291 3411 3410)
4(1291 1289 3409 3411)
4(1288 1290 3410 3408)
4(1292 1293 3413 3412)
4(1293 1291 3411 3413)
4(1290 1292 3412 3410)
4(1294 1295 3415 3414)
4(1295 1293 3413 3415)
4(1292 1294 3414 3412)
4(1296 1297 3417 3416)
4(1297 1295 3415 3417)
4(1294 1296 3416 3414)
4(1298 1299 3419 3418)
4(1300 1297 3417 3420)
4(1299 1300 3420 3419)
4(1296 1298 3418 3416)
4(1301 1302 3422 3421)
4(1302 1299 3419 3422)
4(1298 1301 3421 3418)
4(1305 1306 3426 3425)
4(1306 1303 3423 3426)
4(1303 1304 3424 3423)
4(1310 1307 3427 3430)
4(1307 1308 3428 3427)
4(1308 1309 3429 3428)
4(1309 1310 3430 3429)
4(1311 1312 3432 3431)
4(1314 1311 3431 3434)
4(1312 1313 3433 3432)
4(1313 1314 3434 3433)
4(1271 1315 3435 3391)
4(1315 1316 3436 3435)
4(1317 1272 3392 3437)
4(1316 1317 3437 3436)
4(1274 1318 3438 3394)
4(1318 1315 3435 3438)
4(1275 1319 3439 3395)
4(1319 1318 3438 3439)
4(1276 1320 3440 3396)
4(1320 1319 3439 3440)
4(1277 1321 3441 3397)
4(1321 1320 3440 3441)
4(1278 1322 3442 3398)
4(1322 1321 3441 3442)
4(1279 1323 3443 3399)
4(1323 1322 3442 3443)
4(1280 1324 3444 3400)
4(1324 1323 3443 3444)
4(1281 1325 3445 3401)
4(1325 1324 3444 3445)
4(1282 1326 3446 3402)
4(1326 1325 3445 3446)
4(1283 1327 3447 3403)
4(1327 1326 3446 3447)
4(1284 1328 3448 3404)
4(1328 1327 3447 3448)
4(1285 1329 3449 3405)
4(1329 1328 3448 3449)
4(1287 1330 3450 3407)
4(1330 1329 3449 3450)
4(1289 1331 3451 3409)
4(1331 1330 3450 3451)
4(1291 1332 3452 3411)
4(1332 1331 3451 3452)
4(1293 1333 3453 3413)
4(1333 1332 3452 3453)
4(1295 1334 3454 3415)
4(1334 1333 3453 3454)
4(1297 1335 3455 3417)
4(1335 1334 3454 3455)
4(1300 1336 3456 3420)
4(1337 1335 3455 3457)
4(1336 1337 3457 3456)
4(1300 1338 3458 3420)
4(1338 1339 3459 3458)
4(1339 1336 3456 3459)
4(1340 1341 3461 3460)
4(1342 1343 3463 3462)
4(1343 1340 3460 3463)
4(1347 1344 3464 3467)
4(1344 1345 3465 3464)
4(1345 1346 3466 3465)
4(1346 1347 3467 3466)
4(1348 1349 3469 3468)
4(1351 1348 3468 3471)
4(1349 1350 3470 3469)
4(1350 1351 3471 3470)
4(1315 1352 3472 3435)
4(1352 1353 3473 3472)
4(1354 1316 3436 3474)
4(1353 1354 3474 3473)
4(1318 1355 3475 3438)
4(1355 1352 3472 3475)
4(1319 1356 3476 3439)
4(1356 1355 3475 3476)
4(1320 1357 3477 3440)
4(1357 1356 3476 3477)
4(1321 1358 3478 3441)
4(1358 1357 3477 3478)
4(1322 1359 3479 3442)
4(1359 1358 3478 3479)
4(1323 1360 3480 3443)
4(1360 1359 3479 3480)
4(1324 1361 3481 3444)
4(1361 1360 3480 3481)
4(1325 1362 3482 3445)
4(1362 1361 3481 3482)
4(1326 1363 3483 3446)
4(1363 1362 3482 3483)
4(1327 1364 3484 3447)
4(1364 1363 3483 3484)
4(1328 1365 3485 3448)
4(1365 1364 3484 3485)
4(1329 1366 3486 3449)
4(1366 1365 3485 3486)
4(1330 1367 3487 3450)
4(1367 1366 3486 3487)
4(1331 1368 3488 3451)
4(1368 1367 3487 3488)
4(1332 1369 3489 3452)
4(1369 1368 3488 3489)
4(1333 1370 3490 3453)
4(1370 1369 3489 3490)
4(1334 1371 3491 3454)
4(1371 1370 3490 3491)
4(1335 1372 3492 3455)
4(1372 1371 3491 3492)
4(1337 1373 3493 3457)
4(1374 1372 3492 3494)
4(1373 1374 3494 3493)
4(1337 1375 3495 3457)
4(1375 1376 3496 3495)
4(1376 1373 3493 3496)
4(1377 1378 3498 3497)
4(1379 1380 3500 3499)
4(1380 1377 3497 3500)
4(1384 1381 3501 3504)
4(1381 1382 3502 3501)
4(1382 1383 3503 3502)
4(1383 1384 3504 3503)
4(1385 1386 3506 3505)
4(1388 1385 3505 3508)
4(1386 1387 3507 3506)
4(1387 1388 3508 3507)
4(1352 1389 3509 3472)
4(1389 1390 3510 3509)
4(1391 1353 3473 3511)
4(1390 1391 3511 3510)
4(1355 1392 3512 3475)
4(1392 1389 3509 3512)
4(1356 1393 3513 3476)
4(1393 1392 3512 3513)
4(1357 1394 3514 3477)
4(1394 1393 3513 3514)
4(1358 1395 3515 3478)
4(1395 1394 3514 3515)
4(1359 1396 3516 3479)
4(1396 1395 3515 3516)
4(1360 1397 3517 3480)
4(1397 1396 3516 3517)
4(1361 1398 3518 3481)
4(1398 1397 3517 3518)
4(1362 1399 3519 3482)
4(1399 1398 3518 3519)
4(1363 1400 3520 3483)
4(1400 1399 3519 3520)
4(1364 1401 3521 3484)
4(1401 1400 3520 3521)
4(1365 1402 3522 3485)
4(1402 1401 3521 3522)
4(1366 1403 3523 3486)
4(1403 1402 3522 3523)
4(1367 1404 3524 3487)
4(1404 1403 3523 3524)
4(1368 1405 3525 3488)
4(1405 1404 3524 3525)
4(1369 1406 3526 3489)
4(1406 1405 3525 3526)
4(1370 1407 3527 3490)
4(1407 1406 3526 3527)
4(1371 1408 3528 3491)
4(1408 1407 3527 3528)
4(1372 1409 3529 3492)
4(1409 1408 3528 3529)
4(1374 1410 3530 3494)
4(1411 1409 3529 3531)
4(1410 1411 3531 3530)
4(1374 1412 3532 3494)
4(1412 1413 3533 3532)
4(1413 1410 3530 3533)
4(1414 1415 3535 3534)
4(1416 1417 3537 3536)
4(1417 1414 3534 3537)
4(1421 1418 3538 3541)
4(1418 1419 3539 3538)
4(1419 1420 3540 3539)
4(1420 1421 3541 3540)
4(1422 1423 3543 3542)
4(1425 1422 3542 3545)
4(1423 1424 3544 3543)
4(1424 1425 3545 3544)
4(1389 1426 3546 3509)
4(1426 1427 3547 3546)
4(1428 1390 3510 3548)
4(1427 1428 3548 3547)
4(1392 1429 3549 3512)
4(1429 1426 3546 3549)
4(1393 1430 3550 3513)
4(1430 1429 3549 3550)
4(1394 1431 3551 3514)
4(1431 1430 3550 3551)
4(1395 1432 3552 3515)
4(1432 1431 3551 3552)
4(1396 1433 3553 3516)
4(1433 1432 3552 3553)
4(1397 1434 3554 3517)
4(1434 1433 3553 3554)
4(1398 1435 3555 3518)
4(1435 1434 3554 3555)
4(1399 1436 3556 3519)
4(1436 1435 3555 3556)
4(1400 1437 3557 3520)
4(1437 1436 3556 3557)
4(1401 1438 3558 3521)
4(1438 1437 3557 3558)
4(1402 1439 3559 3522)
4(1439 1438 3558 3559)
4(1403 1440 3560 3523)
4(1440 1439 3559 3560)
4(1404 1441 3561 3524)
4(1441 1440 3560 3561)
4(1405 1442 3562 3525)
4(1442 1441 3561 3562)
4(1406 1443 3563 3526)
4(1443 1442 3562 3563)
4(1407 1444 3564 3527)
4(1444 1443 3563 3564)
4(1408 1445 3565 3528)
4(1445 1444 3564 3565)
4(1409 1446 3566 3529)
4(1446 1445 3565 3566)
4(1411 1447 3567 3531)
4(1448 1446 3566 3568)
4(1447 1448 3568 3567)
4(1411 1449 3569 3531)
4(1449 1450 3570 3569)
4(1450 1447 3567 3570)
4(1451 1452 3572 3571)
4(1453 1454 3574 3573)
4(1454 1451 3571 3574)
4(1458 1455 3575 3578)
4(1455 1456 3576 3575)
4(1456 1457 3577 3576)
4(1457 1458 3578 3577)
4(1459 1460 3580 3579)
4(1462 1459 3579 3582)
4(1460 1461 3581 3580)
4(1461 1462 3582 3581)
4(1426 1463 3583 3546)
4(1463 1464 3584 3583)
4(1465 1427 3547 3585)
4(1464 1465 3585 3584)
4(1429 1466 3586 3549)
4(1466 1463 3583 3586)
4(1430 1467 3587 3550)
4(1467 1466 3586 3587)
4(1431 1468 3588 3551)
4(1468 1467 3587 3588)
4(1432 1469 3589 3552)
4(1469 1468 3588 3589)
4(1433 1470 3590 3553)
4(1470 1469 3589 3590)
4(1434 1471 3591 3554)
4(1471 1470 3590 3591)
4(1435 1472 3592 3555)
4(1472 1471 3591 3592)
4(1436 1473 3593 3556)
4(1473 1472 3592 3593)
4(1437 1474 3594 3557)
4(1474 1473 3593 3594)
4(1438 1475 3595 3558)
4(1475 1474 3594 3595)
4(1439 1476 3596 3559)
4(1476 1475 3595 3596)
4(1440 1477 3597 3560)
4(1477 1476 3596 3597)
4(1441 1478 3598 3561)
4(1478 1477 3597 3598)
4(1442 1479 3599 3562)
4(1479 1478 3598 3599)
4(1443 1480 3600 3563)
4(1480 1479 3599 3600)
4(1444 1481 3601 3564)
4(1481 1480 3600 3601)
4(1445 1482 3602 3565)
4(1482 1481 3601 3602)
4(1446 1483 3603 3566)
4(1483 1482 3602 3603)
4(1448 1484 3604 3568)
4(1485 1483 3603 3605)
4(1484 1485 3605 3604)
4(1448 1486 3606 3568)
4(1486 1487 3607 3606)
4(1487 1484 3604 3607)
4(1488 1489 3609 3608)
4(1490 1491 3611 3610)
4(1491 1488 3608 3611)
4(1495 1492 3612 3615)
4(1492 1493 3613 3612)
4(1493 1494 3614 3613)
4(1494 1495 3615 3614)
4(1496 1497 3617 3616)
4(1499 1496 3616 3619)
4(1497 1498 3618 3617)
4(1498 1499 3619 3618)
4(1463 1500 3620 3583)
4(1500 1501 3621 3620)
4(1502 1464 3584 3622)
4(1501 1502 3622 3621)
4(1466 1503 3623 3586)
4(1503 1500 3620 3623)
4(1467 1504 3624 3587)
4(1504 1503 3623 3624)
4(1468 1505 3625 3588)
4(1505 1504 3624 3625)
4(1469 1506 3626 3589)
4(1506 1505 3625 3626)
4(1470 1507 3627 3590)
4(1507 1506 3626 3627)
4(1471 1508 3628 3591)
4(1508 1507 3627 3628)
4(1472 1509 3629 3592)
4(1509 1508 3628 3629)
4(1473 1510 3630 3593)
4(1510 1509 3629 3630)
4(1474 1511 3631 3594)
4(1511 1510 3630 3631)
4(1475 1512 3632 3595)
4(1512 1511 3631 3632)
4(1476 1513 3633 3596)
4(1513 1512 3632 3633)
4(1477 1514 3634 3597)
4(1514 1513 3633 3634)
4(1478 1515 3635 3598)
4(1515 1514 3634 3635)
4(1479 1516 3636 3599)
4(1516 1515 3635 3636)
4(1480 1517 3637 3600)
4(1517 1516 3636 3637)
4(1481 1518 3638 3601)
4(1518 1517 3637 3638)
4(1482 1519 3639 3602)
4(1519 1518 3638 3639)
4(1483 1520 3640 3603)
4(1520 1519 3639 3640)
4(1485 1521 3641 3605)
4(1522 1520 3640 3642)
4(1521 1522 3642 3641)
4(1485 1523 3643 3605)
4(1523 1524 3644 3643)
4(1524 1521 3641 3644)
4(1525 1526 3646 3645)
4(1527 1528 3648 3647)
4(1528 1525 3645 3648)
4(1532 1529 3649 3652)
4(1529 1530 3650 3649)
4(1530 1531 3651 3650)
4(1531 1532 3652 3651)
4(1533 1534 3654 3653)
4(1536 1533 3653 3656)
4(1534 1535 3655 3654)
4(1535 1536 3656 3655)
4(1500 1537 3657 3620)
4(1537 1538 3658 3657)
4(1539 1501 3621 3659)
4(1538 1539 3659 3658)
4(1503 1540 3660 3623)
4(1540 1537 3657 3660)
4(1504 1541 3661 3624)
4(1541 1540 3660 3661)
4(1505 1542 3662 3625)
4(1542 1541 3661 3662)
4(1506 1543 3663 3626)
4(1543 1542 3662 3663)
4(1507 1544 3664 3627)
4(1544 1543 3663 3664)
4(1508 1545 3665 3628)
4(1545 1544 3664 3665)
4(1509 1546 3666 3629)
4(1546 1545 3665 3666)
4(1510 1547 3667 3630)
4(1547 1546 3666 3667)
4(1511 1548 3668 3631)
4(1548 1547 3667 3668)
4(1512 1549 3669 3632)
4(1549 1548 3668 3669)
4(1513 1550 3670 3633)
4(1550 1549 3669 3670)
4(1514 1551 3671 3634)
4(1551 1550 3670 3671)
4(1515 1552 3672 3635)
4(1552 1551 3671 3672)
4(1516 1553 3673 3636)
4(1553 1552 3672 3673)
4(1517 1554 3674 3637)
4(1554 1553 3673 3674)
4(1518 1555 3675 3638)
4(1555 1554 3674 3675)
4(1519 1556 3676 3639)
4(1556 1555 3675 3676)
4(1520 1557 3677 3640)
4(1557 1556 3676 3677)
4(1522 1558 3678 3642)
4(1559 1557 3677 3679)
4(1558 1559 3679 3678)
4(1522 1560 3680 3642)
4(1560 1561 3681 3680)
4(1561 1558 3678 3681)
4(1562 1563 3683 3682)
4(1564 1565 3685 3684)
4(1565 1562 3682 3685)
4(1569 1566 3686 3689)
4(1566 1567 3687 3686)
4(1567 1568 3688 3687)
4(1568 1569 3689 3688)
4(1570 1571 3691 3690)
4(1573 1570 3690 3693)
4(1571 1572 3692 3691)
4(1572 1573 3693 3692)
4(1537 1574 3694 3657)
4(1574 1575 3695 3694)
4(1576 1538 3658 3696)
4(1575 1576 3696 3695)
4(1540 1577 3697 3660)
4(1577 1574 3694 3697)
4(1541 1578 3698 3661)
4(1578 1577 3697 3698)
4(1542 1579 3699 3662)
4(1579 1578 3698 3699)
4(1543 1580 3700 3663)
4(1580 1579 3699 3700)
4(1544 1581 3701 3664)
4(1581 1580 3700 3701)
4(1545 1582 3702 3665)
4(1582 1581 3701 3702)
4(1546 1583 3703 3666)
4(1583 1582 3702 3703)
4(1547 1584 3704 3667)
4(1584 1583 3703 3704)
4(1548 1585 3705 3668)
4(1585 1584 3704 3705)
4(1549 1586 3706 3669)
4(1586 1585 3705 3706)
4(1550 1587 3707 3670)
4(1587 1586 3706 3707)
4(1551 1588 3708 3671)
4(1588 1587 3707 3708)
4(1552 1589 3709 3672)
4(1589 1588 3708 3709)
4(1553 1590 3710 3673)
4(1590 1589 3709 3710)
4(1554 1591 3711 3674)
4(1591 1590 3710 3711)
4(1555 1592 3712 3675)
4(1592 1591 3711 3712)
4(1556 1593 3713 3676)
4(1593 1592 3712 3713)
4(1557 1594 3714 3677)
4(1594 1593 3713 3714)
4(1559 1595 3715 3679)
4(1596 1594 3714 3716)
4(1595 1596 3716 3715)
4(1559 1597 3717 3679)
4(1597 1598 3718 3717)
4(1598 1595 3715 3718)
4(1599 1600 3720 3719)
4(1601 1602 3722 3721)
4(1602 1599 3719 3722)
4(1606 1603 3723 3726)
4(1603 1604 3724 3723)
4(1604 1605 3725 3724)
4(1605 1606 3726 3725)
4(1607 1608 3728 3727)
4(1610 1607 3727 3730)
4(1608 1609 3729 3728)
4(1609 1610 3730 3729)
4(1574 1611 3731 3694)
4(1611 1612 3732 3731)
4(1613 1575 3695 3733)
4(1612 1613 3733 3732)
4(1577 1614 3734 3697)
4(1614 1611 3731 3734)
4(1578 1615 3735 3698)
4(1615 1614 3734 3735)
4(1579 1616 3736 3699)
4(1616 1615 3735 3736)
4(1580 1617 3737 3700)
4(1617 1616 3736 3737)
4(1581 1618 3738 3701)
4(1618 1617 3737 3738)
4(1582 1619 3739 3702)
4(1619 1618 3738 3739)
4(1583 1620 3740 3703)
4(1620 1619 3739 3740)
4(1584 1621 3741 3704)
4(1621 1620 3740 3741)
4(1585 1622 3742 3705)
4(1622 1621 3741 3742)
4(1586 1623 3743 3706)
4(1623 1622 3742 3743)
4(1587 1624 3744 3707)
4(1624 1623 3743 3744)
4(1588 1625 3745 3708)
4(1625 1624 3744 3745)
4(1589 1626 3746 3709)
4(1626 1625 3745 3746)
4(1590 1627 3747 3710)
4(1627 1626 3746 3747)
4(1591 1628 3748 3711)
4(1628 1627 3747 3748)
4(1592 1629 3749 3712)
4(1629 1628 3748 3749)
4(1593 1630 3750 3713)
4(1630 1629 3749 3750)
4(1594 1631 3751 3714)
4(1631 1630 3750 3751)
4(1596 1632 3752 3716)
4(1633 1631 3751 3753)
4(1632 1633 3753 3752)
4(1596 1634 3754 3716)
4(1634 1635 3755 3754)
4(1635 1632 3752 3755)
4(1636 1637 3757 3756)
4(1638 1639 3759 3758)
4(1639 1636 3756 3759)
4(1643 1640 3760 3763)
4(1640 1641 3761 3760)
4(1641 1642 3762 3761)
4(1642 1643 3763 3762)
4(1644 1645 3765 3764)
4(1647 1644 3764 3767)
4(1645 1646 3766 3765)
4(1646 1647 3767 3766)
4(1611 1648 3768 3731)
4(1648 1649 3769 3768)
4(1650 1612 3732 3770)
4(1649 1650 3770 3769)
4(1614 1651 3771 3734)
4(1651 1648 3768 3771)
4(1615 1652 3772 3735)
4(1652 1651 3771 3772)
4(1616 1653 3773 3736)
4(1653 1652 3772 3773)
4(1617 1654 3774 3737)
4(1654 1653 3773 3774)
4(1618 1655 3775 3738)
4(1655 1654 3774 3775)
4(1619 1656 3776 3739)
4(1656 1655 3775 3776)
4(1620 1657 3777 3740)
4(1657 1656 3776 3777)
4(1621 1658 3778 3741)
4(1658 1657 3777 3778)
4(1622 1659 3779 3742)
4(1659 1658 3778 3779)
4(1623 1660 3780 3743)
4(1660 1659 3779 3780)
4(1624 1661 3781 3744)
4(1661 1660 3780 3781)
4(1625 1662 3782 3745)
4(1662 1661 3781 3782)
4(1626 1663 3783 3746)
4(1663 1662 3782 3783)
4(1627 1664 3784 3747)
4(1664 1663 3783 3784)
4(1628 1665 3785 3748)
4(1665 1664 3784 3785)
4(1629 1666 3786 3749)
4(1666 1665 3785 3786)
4(1630 1667 3787 3750)
4(1667 1666 3786 3787)
4(1631 1668 3788 3751)
4(1668 1667 3787 3788)
4(1633 1669 3789 3753)
4(1670 1668 3788 3790)
4(1669 1670 3790 3789)
4(1633 1671 3791 3753)
4(1671 1672 3792 3791)
4(1672 1669 3789 3792)
4(1673 1674 3794 3793)
4(1675 1676 3796 3795)
4(1676 1673 3793 3796)
4(1680 1677 3797 3800)
4(1677 1678 3798 3797)
4(1678 1679 3799 3798)
4(1679 1680 3800 3799)
4(1681 1682 3802 3801)
4(1684 1681 3801 3804)
4(1682 1683 3803 3802)
4(1683 1684 3804 3803)
4(1648 1685 3805 3768)
4(1685 1686 3806 3805)
4(1687 1649 3769 3807)
4(1686 1687 3807 3806)
4(1651 1688 3808 3771)
4(1688 1685 3805 3808)
4(1652 1689 3809 3772)
4(1689 1688 3808 3809)
4(1653 1690 3810 3773)
4(1690 1689 3809 3810)
4(1654 1691 3811 3774)
4(1691 1690 3810 3811)
4(1655 1692 3812 3775)
4(1692 1691 3811 3812)
4(1656 1693 3813 3776)
4(1693 1692 3812 3813)
4(1657 1694 3814 3777)
4(1694 1693 3813 3814)
4(1658 1695 3815 3778)
4(1695 1694 3814 3815)
4(1659 1696 3816 3779)
4(1696 1695 3815 3816)
4(1660 1697 3817 3780)
4(1697 1696 3816 3817)
4(1661 1698 3818 3781)
4(1698 1697 3817 3818)
4(1662 1699 3819 3782)
4(1699 1698 3818 3819)
4(1663 1700 3820 3783)
4(1700 1699 3819 3820)
4(1664 1701 3821 3784)
4(1701 1700 3820 3821)
4(1665 1702 3822 3785)
4(1702 1701 3821 3822)
4(1666 1703 3823 3786)
4(1703 1702 3822 3823)
4(1667 1704 3824 3787)
4(1704 1703 3823 3824)
4(1668 1705 3825 3788)
4(1705 1704 3824 3825)
4(1670 1706 3826 3790)
4(1707 1705 3825 3827)
4(1706 1707 3827 3826)
4(1670 1708 3828 3790)
4(1708 1709 3829 3828)
4(1709 1706 3826 3829)
4(1710 1711 3831 3830)
4(1712 1713 3833 3832)
4(1713 1710 3830 3833)
4(1717 1714 3834 3837)
4(1714 1715 3835 3834)
4(1715 1716 3836 3835)
4(1716 1717 3837 3836)
4(1718 1719 3839 3838)
4(1721 1718 3838 3841)
4(1719 1720 3840 3839)
4(1720 1721 3841 3840)
4(1685 1722 3842 3805)
4(1722 1723 3843 3842)
4(1724 1686 3806 3844)
4(1723 1724 3844 3843)
4(1688 1725 3845 3808)
4(1725 1722 3842 3845)
4(1689 1726 3846 3809)
4(1726 1725 3845 3846)
4(1690 1727 3847 3810)
4(1727 1726 3846 3847)
4(1691 1728 3848 3811)
4(1728 1727 3847 3848)
4(1692 1729 3849 3812)
4(1729 1728 3848 3849)
4(1693 1730 3850 3813)
4(1730 1729 3849 3850)
4(1694 1731 3851 3814)
4(1731 1730 3850 3851)
4(1695 1732 3852 3815)
4(1732 1731 3851 3852)
4(1696 1733 3853 3816)
4(1733 1732 3852 3853)
4(1697 1734 3854 3817)
4(1734 1733 3853 3854)
4(1698 1735 3855 3818)
4(1735 1734 3854 3855)
4(1699 1736 3856 3819)
4(1736 1735 3855 3856)
4(1700 1737 3857 3820)
4(1737 1736 3856 3857)
4(1701 1738 3858 3821)
4(1738 1737 3857 3858)
4(1702 1739 3859 3822)
4(1739 1738 3858 3859)
4(1703 1740 3860 3823)
4(1740 1739 3859 3860)
4(1704 1741 3861 3824)
4(1741 1740 3860 3861)
4(1705 1742 3862 3825)
4(1742 1741 3861 3862)
4(1707 1743 3863 3827)
4(1744 1742 3862 3864)
4(1743 1744 3864 3863)
4(1707 1745 3865 3827)
4(1745 1746 3866 3865)
4(1746 1743 3863 3866)
4(1747 1748 3868 3867)
4(1749 1750 3870 3869)
4(1750 1747 3867 3870)
4(1754 1751 3871 3874)
4(1751 1752 3872 3871)
4(1752 1753 3873 3872)
4(1753 1754 3874 3873)
4(1755 1756 3876 3875)
4(1758 1755 3875 3878)
4(1756 1757 3877 3876)
4(1757 1758 3878 3877)
4(1722 1759 3879 3842)
4(1759 1760 3880 3879)
4(1761 1723 3843 3881)
4(1760 1761 3881 3880)
4(1725 1762 3882 3845)
4(1762 1759 3879 3882)
4(1726 1763 3883 3846)
4(1763 1762 3882 3883)
4(1727 1764 3884 3847)
4(1764 1763 3883 3884)
4(1728 1765 3885 3848)
4(1765 1764 3884 3885)
4(1729 1766 3886 3849)
4(1766 1765 3885 3886)
4(1730 1767 3887 3850)
4(1767 1766 3886 3887)
4(1731 1768 3888 3851)
4(1768 1767 3887 3888)
4(1732 1769 3889 3852)
4(1769 1768 3888 3889)
4(1733 1770 3890 3853)
4(1770 1769 3889 3890)
4(1734 1771 3891 3854)
4(1771 1770 3890 3891)
4(1735 1772 3892 3855)
4(1772 1771 3891 3892)
4(1736 1773 3893 3856)
4(1773 1772 3892 3893)
4(1737 1774 3894 3857)
4(1774 1773 3893 3894)
4(1738 1775 3895 3858)
4(1775 1774 3894 3895)
4(1739 1776 3896 3859)
4(1776 1775 3895 3896)
4(1740 1777 3897 3860)
4(1777 1776 3896 3897)
4(1741 1778 3898 3861)
4(1778 1777 3897 3898)
4(1742 1779 3899 3862)
4(1779 1778 3898 3899)
4(1744 1780 3900 3864)
4(1781 1779 3899 3901)
4(1780 1781 3901 3900)
4(1744 1782 3902 3864)
4(1782 1783 3903 3902)
4(1783 1780 3900 3903)
4(1784 1785 3905 3904)
4(1786 1787 3907 3906)
4(1787 1784 3904 3907)
4(1791 1788 3908 3911)
4(1788 1789 3909 3908)
4(1789 1790 3910 3909)
4(1790 1791 3911 3910)
4(1792 1793 3913 3912)
4(1795 1792 3912 3915)
4(1793 1794 3914 3913)
4(1794 1795 3915 3914)
4(1759 1796 3916 3879)
4(1796 1797 3917 3916)
4(1798 1760 3880 3918)
4(1797 1798 3918 3917)
4(1762 1799 3919 3882)
4(1799 1796 3916 3919)
4(1763 1800 3920 3883)
4(1800 1799 3919 3920)
4(1764 1801 3921 3884)
4(1801 1800 3920 3921)
4(1765 1802 3922 3885)
4(1802 1801 3921 3922)
4(1766 1803 3923 3886)
4(1803 1802 3922 3923)
4(1767 1804 3924 3887)
4(1804 1803 3923 3924)
4(1768 1805 3925 3888)
4(1805 1804 3924 3925)
4(1769 1806 3926 3889)
4(1806 1805 3925 3926)
4(1770 1807 3927 3890)
4(1807 1806 3926 3927)
4(1771 1808 3928 3891)
4(1808 1807 3927 3928)
4(1772 1809 3929 3892)
4(1809 1808 3928 3929)
4(1773 1810 3930 3893)
4(1810 1809 3929 3930)
4(1774 1811 3931 3894)
4(1811 1810 3930 3931)
4(1775 1812 3932 3895)
4(1812 1811 3931 3932)
4(1776 1813 3933 3896)
4(1813 1812 3932 3933)
4(1777 1814 3934 3897)
4(1814 1813 3933 3934)
4(1778 54 2174 3898)
4(54 1814 3934 2174)
4(1779 55 2175 3899)
4(1781 137 2257 3901)
4(1781 1815 3935 3901)
4(1815 136 2256 3935)
4(1816 1817 3937 3936)
4(132 1816 3936 2252)
4(1821 1818 3938 3941)
4(1818 1819 3939 3938)
4(1819 1820 3940 3939)
4(1820 1821 3941 3940)
4(1822 1823 3943 3942)
4(1825 1822 3942 3945)
4(1823 1824 3944 3943)
4(1824 1825 3945 3944)
4(1796 1826 3946 3916)
4(1826 1827 3947 3946)
4(1828 1797 3917 3948)
4(1827 1828 3948 3947)
4(1799 1829 3949 3919)
4(1829 1826 3946 3949)
4(1800 1830 3950 3920)
4(1830 1829 3949 3950)
4(1801 1831 3951 3921)
4(1831 1830 3950 3951)
4(1802 1832 3952 3922)
4(1832 1831 3951 3952)
4(1803 1833 3953 3923)
4(1833 1832 3952 3953)
4(1804 1834 3954 3924)
4(1834 1833 3953 3954)
4(1805 1835 3955 3925)
4(1835 1834 3954 3955)
4(1806 1836 3956 3926)
4(1836 1835 3955 3956)
4(1807 1837 3957 3927)
4(1837 1836 3956 3957)
4(1808 1838 3958 3928)
4(1838 1837 3957 3958)
4(1809 1839 3959 3929)
4(1839 1838 3958 3959)
4(1810 1840 3960 3930)
4(1840 1839 3959 3960)
4(1811 1841 3961 3931)
4(1841 1840 3960 3961)
4(1812 1842 3962 3932)
4(1842 1841 3961 3962)
4(1813 1843 3963 3933)
4(1843 1842 3962 3963)
4(1814 1844 3964 3934)
4(1844 1843 3963 3964)
4(57 1844 3964 2177)
4(1848 1845 3965 3968)
4(1845 1846 3966 3965)
4(1846 1847 3967 3966)
4(1847 1848 3968 3967)
4(1849 1850 3970 3969)
4(1852 1849 3969 3972)
4(1850 1851 3971 3970)
4(1851 1852 3972 3971)
4(1826 1853 3973 3946)
4(1853 1854 3974 3973)
4(1855 1827 3947 3975)
4(1854 1855 3975 3974)
4(1829 1856 3976 3949)
4(1856 1853 3973 3976)
4(1830 1857 3977 3950)
4(1857 1856 3976 3977)
4(1831 1858 3978 3951)
4(1858 1857 3977 3978)
4(1832 1859 3979 3952)
4(1859 1858 3978 3979)
4(1833 1860 3980 3953)
4(1860 1859 3979 3980)
4(1834 1861 3981 3954)
4(1861 1860 3980 3981)
4(1835 1862 3982 3955)
4(1862 1861 3981 3982)
4(1836 1863 3983 3956)
4(1863 1862 3982 3983)
4(1837 1864 3984 3957)
4(1864 1863 3983 3984)
4(1838 1865 3985 3958)
4(1865 1864 3984 3985)
4(1839 1866 3986 3959)
4(1866 1865 3985 3986)
4(1840 1867 3987 3960)
4(1867 1866 3986 3987)
4(1841 1868 3988 3961)
4(1868 1867 3987 3988)
4(1842 1869 3989 3962)
4(1869 1868 3988 3989)
4(1843 1870 3990 3963)
4(1870 1869 3989 3990)
4(1844 77 2197 3964)
4(77 1870 3990 2197)
4(1874 1871 3991 3994)
4(1871 1872 3992 3991)
4(1872 1873 3993 3992)
4(1873 1874 3994 3993)
4(1875 1876 3996 3995)
4(1878 1875 3995 3998)
4(1876 1877 3997 3996)
4(1877 1878 3998 3997)
4(1853 1879 3999 3973)
4(1879 1880 4000 3999)
4(1881 1854 3974 4001)
4(1880 1881 4001 4000)
4(1856 1882 4002 3976)
4(1882 1879 3999 4002)
4(1857 1883 4003 3977)
4(1883 1882 4002 4003)
4(1858 1884 4004 3978)
4(1884 1883 4003 4004)
4(1859 1885 4005 3979)
4(1885 1884 4004 4005)
4(1860 1886 4006 3980)
4(1886 1885 4005 4006)
4(1861 1887 4007 3981)
4(1887 1886 4006 4007)
4(1862 1888 4008 3982)
4(1888 1887 4007 4008)
4(1863 1889 4009 3983)
4(1889 1888 4008 4009)
4(1864 1890 4010 3984)
4(1890 1889 4009 4010)
4(1865 1891 4011 3985)
4(1891 1890 4010 4011)
4(1866 1892 4012 3986)
4(1892 1891 4011 4012)
4(1867 1893 4013 3987)
4(1893 1892 4012 4013)
4(1868 1894 4014 3988)
4(1894 1893 4013 4014)
4(1869 1895 4015 3989)
4(1895 1894 4014 4015)
4(1870 1896 4016 3990)
4(1896 1895 4015 4016)
4(79 1896 4016 2199)
4(1900 1897 4017 4020)
4(1897 1898 4018 4017)
4(1898 1899 4019 4018)
4(1899 1900 4020 4019)
4(1901 1902 4022 4021)
4(1904 1901 4021 4024)
4(1902 1903 4023 4022)
4(1903 1904 4024 4023)
4(1879 1905 4025 3999)
4(1905 1906 4026 4025)
4(1907 1880 4000 4027)
4(1906 1907 4027 4026)
4(1882 1908 4028 4002)
4(1908 1905 4025 4028)
4(1883 1909 4029 4003)
4(1909 1908 4028 4029)
4(1884 1910 4030 4004)
4(1910 1909 4029 4030)
4(1885 1911 4031 4005)
4(1911 1910 4030 4031)
4(1886 1912 4032 4006)
4(1912 1911 4031 4032)
4(1887 1913 4033 4007)
4(1913 1912 4032 4033)
4(1888 1914 4034 4008)
4(1914 1913 4033 4034)
4(1889 1915 4035 4009)
4(1915 1914 4034 4035)
4(1890 1916 4036 4010)
4(1916 1915 4035 4036)
4(1891 1917 4037 4011)
4(1917 1916 4036 4037)
4(1892 1918 4038 4012)
4(1918 1917 4037 4038)
4(1893 1919 4039 4013)
4(1919 1918 4038 4039)
4(1894 1920 4040 4014)
4(1920 1919 4039 4040)
4(1895 1921 4041 4015)
4(1921 1920 4040 4041)
4(1896 1922 4042 4016)
4(1922 1921 4041 4042)
4(90 1922 4042 2210)
4(1926 1923 4043 4046)
4(1923 1924 4044 4043)
4(1924 1925 4045 4044)
4(1925 1926 4046 4045)
4(1927 1928 4048 4047)
4(1930 1927 4047 4050)
4(1928 1929 4049 4048)
4(1929 1930 4050 4049)
4(1905 1931 4051 4025)
4(1931 1932 4052 4051)
4(1933 1906 4026 4053)
4(1932 1933 4053 4052)
4(1908 1934 4054 4028)
4(1934 1931 4051 4054)
4(1909 1935 4055 4029)
4(1935 1934 4054 4055)
4(1910 1936 4056 4030)
4(1936 1935 4055 4056)
4(1911 1937 4057 4031)
4(1937 1936 4056 4057)
4(1912 1938 4058 4032)
4(1938 1937 4057 4058)
4(1913 1939 4059 4033)
4(1939 1938 4058 4059)
4(1914 1940 4060 4034)
4(1940 1939 4059 4060)
4(1915 1941 4061 4035)
4(1941 1940 4060 4061)
4(1916 1942 4062 4036)
4(1942 1941 4061 4062)
4(1917 1943 4063 4037)
4(1943 1942 4062 4063)
4(1918 1944 4064 4038)
4(1944 1943 4063 4064)
4(1919 1945 4065 4039)
4(1945 1944 4064 4065)
4(1920 1946 4066 4040)
4(1946 1945 4065 4066)
4(1921 1947 4067 4041)
4(1947 1946 4066 4067)
4(1922 1948 4068 4042)
4(1948 1947 4067 4068)
4(101 1948 4068 2221)
4(1952 1949 4069 4072)
4(1949 1950 4070 4069)
4(1950 1951 4071 4070)
4(1951 1952 4072 4071)
4(1953 1954 4074 4073)
4(1956 1953 4073 4076)
4(1954 1955 4075 4074)
4(1955 1956 4076 4075)
4(1931 1957 4077 4051)
4(1957 1958 4078 4077)
4(1959 1932 4052 4079)
4(1958 1959 4079 4078)
4(1934 1960 4080 4054)
4(1960 1957 4077 4080)
4(1935 1961 4081 4055)
4(1961 1960 4080 4081)
4(1936 1962 4082 4056)
4(1962 1961 4081 4082)
4(1937 1963 4083 4057)
4(1963 1962 4082 4083)
4(1938 1964 4084 4058)
4(1964 1963 4083 4084)
4(1939 1965 4085 4059)
4(1965 1964 4084 4085)
4(1940 1966 4086 4060)
4(1966 1965 4085 4086)
4(1941 1967 4087 4061)
4(1967 1966 4086 4087)
4(1942 1968 4088 4062)
4(1968 1967 4087 4088)
4(1943 1969 4089 4063)
4(1969 1968 4088 4089)
4(1944 1970 4090 4064)
4(1970 1969 4089 4090)
4(1945 1971 4091 4065)
4(1971 1970 4090 4091)
4(1946 1972 4092 4066)
4(1972 1971 4091 4092)
4(1947 1973 4093 4067)
4(1973 1972 4092 4093)
4(1948 1974 4094 4068)
4(1974 1973 4093 4094)
4(112 1974 4094 2232)
4(1978 1975 4095 4098)
4(1975 1976 4096 4095)
4(1976 1977 4097 4096)
4(1977 1978 4098 4097)
4(1979 1980 4100 4099)
4(1982 1979 4099 4102)
4(1980 1981 4101 4100)
4(1981 1982 4102 4101)
4(1957 1983 4103 4077)
4(1983 1984 4104 4103)
4(1985 1958 4078 4105)
4(1984 1985 4105 4104)
4(1960 1986 4106 4080)
4(1986 1983 4103 4106)
4(1961 1987 4107 4081)
4(1987 1986 4106 4107)
4(1962 1988 4108 4082)
4(1988 1987 4107 4108)
4(1963 1989 4109 4083)
4(1989 1988 4108 4109)
4(1964 1990 4110 4084)
4(1990 1989 4109 4110)
4(1965 1991 4111 4085)
4(1991 1990 4110 4111)
4(1966 1992 4112 4086)
4(1992 1991 4111 4112)
4(1967 1993 4113 4087)
4(1993 1992 4112 4113)
4(1968 1994 4114 4088)
4(1994 1993 4113 4114)
4(1969 1995 4115 4089)
4(1995 1994 4114 4115)
4(1970 1996 4116 4090)
4(1996 1995 4115 4116)
4(1971 1997 4117 4091)
4(1997 1996 4116 4117)
4(1972 1998 4118 4092)
4(1998 1997 4117 4118)
4(1973 1999 4119 4093)
4(1999 1998 4118 4119)
4(1974 2000 4120 4094)
4(2000 1999 4119 4120)
4(122 2000 4120 2242)
4(2004 2001 4121 4124)
4(2001 2002 4122 4121)
4(2002 2003 4123 4122)
4(2003 2004 4124 4123)
4(2005 2006 4126 4125)
4(2008 2005 4125 4128)
4(2006 2007 4127 4126)
4(2007 2008 4128 4127)
4(1983 2009 4129 4103)
4(2009 1188 3308 4129)
4(2010 1984 4104 4130)
4(1188 2010 4130 3308)
4(1986 2011 4131 4106)
4(2011 2009 4129 4131)
4(1987 2012 4132 4107)
4(2012 2011 4131 4132)
4(1988 2013 4133 4108)
4(2013 2012 4132 4133)
4(1989 2014 4134 4109)
4(2014 2013 4133 4134)
4(1990 2015 4135 4110)
4(2015 2014 4134 4135)
4(1991 2016 4136 4111)
4(2016 2015 4135 4136)
4(1992 2017 4137 4112)
4(2017 2016 4136 4137)
4(1993 2018 4138 4113)
4(2018 2017 4137 4138)
4(1994 2019 4139 4114)
4(2019 2018 4138 4139)
4(1995 2020 4140 4115)
4(2020 2019 4139 4140)
4(1996 2021 4141 4116)
4(2021 2020 4140 4141)
4(1997 2022 4142 4117)
4(2022 2021 4141 4142)
4(1998 2023 4143 4118)
4(2023 2022 4142 4143)
4(1999 2024 4144 4119)
4(2024 2023 4143 4144)
4(2000 131 2251 4120)
4(131 2024 4144 2251)
4(2009 2025 4145 4129)
4(2025 1190 3310 4145)
4(2011 2026 4146 4131)
4(2026 2025 4145 4146)
4(2012 2027 4147 4132)
4(2027 2026 4146 4147)
4(2013 2028 4148 4133)
4(2028 2027 4147 4148)
4(2014 2029 4149 4134)
4(2029 2028 4148 4149)
4(2015 2030 4150 4135)
4(2030 2029 4149 4150)
4(2016 2031 4151 4136)
4(2031 2030 4150 4151)
4(2017 2032 4152 4137)
4(2032 2031 4151 4152)
4(2018 2033 4153 4138)
4(2033 2032 4152 4153)
4(2019 2034 4154 4139)
4(2034 2033 4153 4154)
4(2020 2035 4155 4140)
4(2035 2034 4154 4155)
4(2021 2036 4156 4141)
4(2036 2035 4155 4156)
4(2022 2037 4157 4142)
4(2037 2036 4156 4157)
4(2023 2038 4158 4143)
4(2038 2037 4157 4158)
4(2024 2039 4159 4144)
4(2039 2038 4158 4159)
4(23 2039 4159 2143)
4(2025 1159 3279 4145)
4(2026 1161 3281 4146)
4(2027 1162 3282 4147)
4(2028 1164 3284 4148)
4(2029 1166 3286 4149)
4(2030 1168 3288 4150)
4(2031 1169 3289 4151)
4(2032 1170 3290 4152)
4(2033 1171 3291 4153)
4(2034 1113 3233 4154)
4(2035 1114 3234 4155)
4(2036 1117 3237 4156)
4(2037 1119 3239 4157)
4(2038 1121 3241 4158)
4(2039 1123 3243 4159)
4(1266 2040 4160 3386)
4(1307 2041 4161 3427)
4(1266 1307 3427 3386)
4(1340 1306 3426 3460)
4(1310 2042 4162 3430)
4(1344 2043 4163 3464)
4(1310 1344 3464 3430)
4(1377 1343 3463 3497)
4(1347 2044 4164 3467)
4(1381 2045 4165 3501)
4(1347 1381 3501 3467)
4(1414 1380 3500 3534)
4(1384 2046 4166 3504)
4(1418 2047 4167 3538)
4(1384 1418 3538 3504)
4(1451 1417 3537 3571)
4(1421 2048 4168 3541)
4(1455 2049 4169 3575)
4(1421 1455 3575 3541)
4(1488 1454 3574 3608)
4(1458 2050 4170 3578)
4(1492 2051 4171 3612)
4(1458 1492 3612 3578)
4(1525 1491 3611 3645)
4(1495 2052 4172 3615)
4(1529 2053 4173 3649)
4(1495 1529 3649 3615)
4(1562 1528 3648 3682)
4(1532 2054 4174 3652)
4(1566 2055 4175 3686)
4(1532 1566 3686 3652)
4(1599 1565 3685 3719)
4(1569 2056 4176 3689)
4(1603 2057 4177 3723)
4(1569 1603 3723 3689)
4(1636 1602 3722 3756)
4(1606 2058 4178 3726)
4(1640 2059 4179 3760)
4(1606 1640 3760 3726)
4(1673 1639 3759 3793)
4(1643 2060 4180 3763)
4(1677 2061 4181 3797)
4(1643 1677 3797 3763)
4(1710 1676 3796 3830)
4(1680 2062 4182 3800)
4(1714 2063 4183 3834)
4(1680 1714 3834 3800)
4(1747 1713 3833 3867)
4(1717 2064 4184 3837)
4(1751 2065 4185 3871)
4(1717 1751 3871 3837)
4(1784 1750 3870 3904)
4(1754 2066 4186 3874)
4(1788 2067 4187 3908)
4(1754 1788 3908 3874)
4(1816 1787 3907 3936)
4(1791 2068 4188 3911)
4(1818 2069 4189 3938)
4(1791 1818 3938 3911)
4(1821 2070 4190 3941)
4(1845 2071 4191 3965)
4(1821 1845 3965 3941)
4(1848 2072 4192 3968)
4(1871 2073 4193 3991)
4(1848 1871 3991 3968)
4(1874 2074 4194 3994)
4(1897 2075 4195 4017)
4(1874 1897 4017 3994)
4(1900 2076 4196 4020)
4(1923 2077 4197 4043)
4(1900 1923 4043 4020)
4(1926 2078 4198 4046)
4(1949 2079 4199 4069)
4(1926 1949 4069 4046)
4(1952 2080 4200 4072)
4(1975 2081 4201 4095)
4(1952 1975 4095 4072)
4(1978 2082 4202 4098)
4(2001 2083 4203 4121)
4(1978 2001 4121 4098)
4(2004 2084 4204 4124)
4(2004 1134 3254 4124)
4(1212 1192 3312 3332)
4(1195 1215 3335 3315)
4(1215 1212 3332 3335)
4(1216 1194 3314 3336)
4(1197 1216 3336 3317)
4(1218 1213 3333 3338)
4(1235 1213 3333 3355)
4(1218 1238 3358 3338)
4(1238 1235 3355 3358)
4(1221 1217 3337 3341)
4(1239 1217 3337 3359)
4(1220 1239 3359 3340)
4(1241 1236 3356 3361)
4(1264 1236 3356 3384)
4(1241 1267 3387 3361)
4(1267 1264 3384 3387)
4(1244 1240 3360 3364)
4(1268 1240 3360 3388)
4(1243 1268 3388 3363)
4(1270 1265 3385 3390)
4(1308 1265 3385 3428)
4(1270 1311 3431 3390)
4(1311 1308 3428 3431)
4(1273 1269 3389 3393)
4(1312 1269 3389 3432)
4(1272 1312 3432 3392)
4(1306 1302 3422 3426)
4(1301 1303 3423 3421)
4(1338 1302 3422 3458)
4(1340 1338 3458 3460)
4(1314 1309 3429 3434)
4(1345 1309 3429 3465)
4(1314 1348 3468 3434)
4(1348 1345 3465 3468)
4(1317 1313 3433 3437)
4(1349 1313 3433 3469)
4(1316 1349 3469 3436)
4(1343 1339 3459 3463)
4(1375 1339 3459 3495)
4(1377 1375 3495 3497)
4(1351 1346 3466 3471)
4(1382 1346 3466 3502)
4(1351 1385 3505 3471)
4(1385 1382 3502 3505)
4(1354 1350 3470 3474)
4(1386 1350 3470 3506)
4(1353 1386 3506 3473)
4(1380 1376 3496 3500)
4(1412 1376 3496 3532)
4(1414 1412 3532 3534)
4(1388 1383 3503 3508)
4(1419 1383 3503 3539)
4(1388 1422 3542 3508)
4(1422 1419 3539 3542)
4(1391 1387 3507 3511)
4(1423 1387 3507 3543)
4(1390 1423 3543 3510)
4(1417 1413 3533 3537)
4(1449 1413 3533 3569)
4(1451 1449 3569 3571)
4(1425 1420 3540 3545)
4(1456 1420 3540 3576)
4(1425 1459 3579 3545)
4(1459 1456 3576 3579)
4(1428 1424 3544 3548)
4(1460 1424 3544 3580)
4(1427 1460 3580 3547)
4(1454 1450 3570 3574)
4(1486 1450 3570 3606)
4(1488 1486 3606 3608)
4(1462 1457 3577 3582)
4(1493 1457 3577 3613)
4(1462 1496 3616 3582)
4(1496 1493 3613 3616)
4(1465 1461 3581 3585)
4(1497 1461 3581 3617)
4(1464 1497 3617 3584)
4(1491 1487 3607 3611)
4(1523 1487 3607 3643)
4(1525 1523 3643 3645)
4(1499 1494 3614 3619)
4(1530 1494 3614 3650)
4(1499 1533 3653 3619)
4(1533 1530 3650 3653)
4(1502 1498 3618 3622)
4(1534 1498 3618 3654)
4(1501 1534 3654 3621)
4(1528 1524 3644 3648)
4(1560 1524 3644 3680)
4(1562 1560 3680 3682)
4(1536 1531 3651 3656)
4(1567 1531 3651 3687)
4(1536 1570 3690 3656)
4(1570 1567 3687 3690)
4(1539 1535 3655 3659)
4(1571 1535 3655 3691)
4(1538 1571 3691 3658)
4(1565 1561 3681 3685)
4(1597 1561 3681 3717)
4(1599 1597 3717 3719)
4(1573 1568 3688 3693)
4(1604 1568 3688 3724)
4(1573 1607 3727 3693)
4(1607 1604 3724 3727)
4(1576 1572 3692 3696)
4(1608 1572 3692 3728)
4(1575 1608 3728 3695)
4(1602 1598 3718 3722)
4(1634 1598 3718 3754)
4(1636 1634 3754 3756)
4(1610 1605 3725 3730)
4(1641 1605 3725 3761)
4(1610 1644 3764 3730)
4(1644 1641 3761 3764)
4(1613 1609 3729 3733)
4(1645 1609 3729 3765)
4(1612 1645 3765 3732)
4(1639 1635 3755 3759)
4(1671 1635 3755 3791)
4(1673 1671 3791 3793)
4(1647 1642 3762 3767)
4(1678 1642 3762 3798)
4(1647 1681 3801 3767)
4(1681 1678 3798 3801)
4(1650 1646 3766 3770)
4(1682 1646 3766 3802)
4(1649 1682 3802 3769)
4(1676 1672 3792 3796)
4(1708 1672 3792 3828)
4(1710 1708 3828 3830)
4(1684 1679 3799 3804)
4(1715 1679 3799 3835)
4(1684 1718 3838 3804)
4(1718 1715 3835 3838)
4(1687 1683 3803 3807)
4(1719 1683 3803 3839)
4(1686 1719 3839 3806)
4(1713 1709 3829 3833)
4(1745 1709 3829 3865)
4(1747 1745 3865 3867)
4(1721 1716 3836 3841)
4(1752 1716 3836 3872)
4(1721 1755 3875 3841)
4(1755 1752 3872 3875)
4(1724 1720 3840 3844)
4(1756 1720 3840 3876)
4(1723 1756 3876 3843)
4(1750 1746 3866 3870)
4(1782 1746 3866 3902)
4(1784 1782 3902 3904)
4(1758 1753 3873 3878)
4(1789 1753 3873 3909)
4(1758 1792 3912 3878)
4(1792 1789 3909 3912)
4(1761 1757 3877 3881)
4(1793 1757 3877 3913)
4(1760 1793 3913 3880)
4(1787 1783 3903 3907)
4(1815 1783 3903 3935)
4(1816 1815 3935 3936)
4(1795 1790 3910 3915)
4(1819 1790 3910 3939)
4(1795 1822 3942 3915)
4(1822 1819 3939 3942)
4(1798 1794 3914 3918)
4(1823 1794 3914 3943)
4(1797 1823 3943 3917)
4(1825 1820 3940 3945)
4(1846 1820 3940 3966)
4(1825 1849 3969 3945)
4(1849 1846 3966 3969)
4(1828 1824 3944 3948)
4(1850 1824 3944 3970)
4(1827 1850 3970 3947)
4(1852 1847 3967 3972)
4(1872 1847 3967 3992)
4(1852 1875 3995 3972)
4(1875 1872 3992 3995)
4(1855 1851 3971 3975)
4(1876 1851 3971 3996)
4(1854 1876 3996 3974)
4(1878 1873 3993 3998)
4(1898 1873 3993 4018)
4(1878 1901 4021 3998)
4(1901 1898 4018 4021)
4(1881 1877 3997 4001)
4(1902 1877 3997 4022)
4(1880 1902 4022 4000)
4(1904 1899 4019 4024)
4(1924 1899 4019 4044)
4(1904 1927 4047 4024)
4(1927 1924 4044 4047)
4(1907 1903 4023 4027)
4(1928 1903 4023 4048)
4(1906 1928 4048 4026)
4(1930 1925 4045 4050)
4(1950 1925 4045 4070)
4(1930 1953 4073 4050)
4(1953 1950 4070 4073)
4(1933 1929 4049 4053)
4(1954 1929 4049 4074)
4(1932 1954 4074 4052)
4(1956 1951 4071 4076)
4(1976 1951 4071 4096)
4(1956 1979 4099 4076)
4(1979 1976 4096 4099)
4(1959 1955 4075 4079)
4(1980 1955 4075 4100)
4(1958 1980 4100 4078)
4(1982 1977 4097 4102)
4(2002 1977 4097 4122)
4(1982 2005 4125 4102)
4(2005 2002 4122 4125)
4(1985 1981 4101 4105)
4(2006 1981 4101 4126)
4(1984 2006 4126 4104)
4(2008 2003 4123 4128)
4(1135 2003 4123 3255)
4(2008 1138 3258 4128)
4(2010 2007 4127 4130)
4(1139 2007 4127 3259)
4(2086 2093 4213 4206)
4(2093 2092 4212 4213)
4(2095 2093 4213 4215)
4(2094 2095 4215 4214)
4(2088 2099 4219 4208)
4(2099 1233 3353 4219)
4(2089 2100 4220 4209)
4(2100 2099 4219 4220)
4(2090 2101 4221 4210)
4(2101 2100 4220 4221)
4(2091 2102 4222 4211)
4(2102 2101 4221 4222)
4(2092 2103 4223 4212)
4(2103 2102 4222 4223)
4(2093 2104 4224 4213)
4(2104 2103 4223 4224)
4(2095 2105 4225 4215)
4(2106 2104 4224 4226)
4(2105 2106 4226 4225)
4(2095 2107 4227 4215)
4(2107 2108 4228 4227)
4(2108 2105 4225 4228)
4(2109 2110 4230 4229)
4(2111 2112 4232 4231)
4(2112 2109 4229 4232)
4(2099 1286 3406 4219)
4(2100 1288 3408 4220)
4(2101 1290 3410 4221)
4(2102 1292 3412 4222)
4(2103 1294 3414 4223)
4(2104 1296 3416 4224)
4(2106 2113 4233 4226)
4(2113 1298 3418 4233)
4(2106 2114 4234 4226)
4(2114 2115 4235 4234)
4(2115 2113 4233 4235)
4(2116 2117 4237 4236)
4(2118 2119 4239 4238)
4(2119 2116 4236 4239)
4(2109 2098 4218 4229)
4(2116 2112 4232 4236)
4(1303 2119 4239 3423)
4(2107 2096 4216 4227)
4(2109 2107 4227 4229)
4(2112 2108 4228 4232)
4(2114 2108 4228 4234)
4(2116 2114 4234 4236)
4(2119 2115 4235 4239)
4(1301 2115 4235 3421)
4(960 961 3081 3080)
4(964 965 3085 3084)
4(968 969 3089 3088)
4(972 973 3093 3092)
4(976 977 3097 3096)
4(980 981 3101 3100)
4(984 985 3105 3104)
4(988 989 3109 3108)
4(992 993 3113 3112)
4(996 997 3117 3116)
4(1000 1001 3121 3120)
4(1004 1005 3125 3124)
4(1008 1009 3129 3128)
4(1012 1013 3133 3132)
4(1016 1017 3137 3136)
4(1020 1021 3141 3140)
4(1024 1025 3145 3144)
4(1028 1029 3149 3148)
4(1032 1033 3153 3152)
4(1036 1037 3157 3156)
4(1040 1041 3161 3160)
4(1044 1045 3165 3164)
4(1048 1049 3169 3168)
4(1052 1053 3173 3172)
4(961 1095 3215 3081)
4(965 960 3080 3085)
4(969 964 3084 3089)
4(973 968 3088 3093)
4(977 972 3092 3097)
4(981 976 3096 3101)
4(985 980 3100 3105)
4(989 984 3104 3109)
4(993 988 3108 3113)
4(997 992 3112 3117)
4(1001 996 3116 3121)
4(1005 1000 3120 3125)
4(1009 1004 3124 3129)
4(1013 1008 3128 3133)
4(1017 1012 3132 3137)
4(1021 1016 3136 3141)
4(1025 1020 3140 3145)
4(1029 1024 3144 3149)
4(1033 1028 3148 3153)
4(1037 1032 3152 3157)
4(1041 1036 3156 3161)
4(1045 1040 3160 3165)
4(1049 1044 3164 3169)
4(1053 1048 3168 3173)
4(10 11 2131 2130)
4(20 21 2141 2140)
4(34 35 2155 2154)
4(41 42 2162 2161)
4(49 50 2170 2169)
4(11 20 2140 2131)
4(21 34 2154 2141)
4(35 41 2161 2155)
4(42 49 2169 2162)
4(50 53 2173 2170)
4(64 65 2185 2184)
4(74 75 2195 2194)
4(86 87 2207 2206)
4(97 98 2218 2217)
4(108 109 2229 2228)
4(119 120 2240 2239)
4(127 128 2248 2247)
4(133 64 2184 2253)
4(65 74 2194 2185)
4(75 86 2206 2195)
4(87 97 2217 2207)
4(98 108 2228 2218)
4(109 119 2239 2229)
4(120 127 2247 2240)
4(128 10 2130 2248)
4(53 171 2291 2173)
4(214 215 2335 2334)
4(251 252 2372 2371)
4(288 289 2409 2408)
4(325 326 2446 2445)
4(362 363 2483 2482)
4(399 400 2520 2519)
4(436 437 2557 2556)
4(473 474 2594 2593)
4(510 511 2631 2630)
4(547 548 2668 2667)
4(584 585 2705 2704)
4(621 622 2742 2741)
4(658 659 2779 2778)
4(695 696 2816 2815)
4(732 733 2853 2852)
4(769 770 2890 2889)
4(806 807 2927 2926)
4(843 844 2964 2963)
4(900 901 3021 3020)
4(955 956 3076 3075)
4(1051 1052 3172 3171)
4(171 214 2334 2291)
4(1054 1055 3175 3174)
4(1056 1054 3174 3176)
4(215 251 2371 2335)
4(1057 1056 3176 3177)
4(1058 1057 3177 3178)
4(252 288 2408 2372)
4(1059 1058 3178 3179)
4(1060 1059 3179 3180)
4(289 325 2445 2409)
4(1061 1060 3180 3181)
4(1062 1061 3181 3182)
4(326 362 2482 2446)
4(1063 1062 3182 3183)
4(1064 1063 3183 3184)
4(363 399 2519 2483)
4(1065 1064 3184 3185)
4(1066 1065 3185 3186)
4(400 436 2556 2520)
4(1067 1066 3186 3187)
4(1068 1067 3187 3188)
4(437 473 2593 2557)
4(1069 1068 3188 3189)
4(1070 1069 3189 3190)
4(474 510 2630 2594)
4(1071 1070 3190 3191)
4(1072 1071 3191 3192)
4(511 547 2667 2631)
4(1073 1072 3192 3193)
4(1074 1073 3193 3194)
4(548 584 2704 2668)
4(1075 1074 3194 3195)
4(1076 1075 3195 3196)
4(585 621 2741 2705)
4(1077 1076 3196 3197)
4(1078 1077 3197 3198)
4(622 658 2778 2742)
4(1079 1078 3198 3199)
4(1080 1079 3199 3200)
4(659 695 2815 2779)
4(1081 1080 3200 3201)
4(1082 1081 3201 3202)
4(696 732 2852 2816)
4(1083 1082 3202 3203)
4(1084 1083 3203 3204)
4(733 769 2889 2853)
4(1085 1084 3204 3205)
4(1086 1085 3205 3206)
4(770 806 2926 2890)
4(1087 1086 3206 3207)
4(1088 1087 3207 3208)
4(807 843 2963 2927)
4(1089 1088 3208 3209)
4(1090 1089 3209 3210)
4(844 900 3020 2964)
4(1091 1090 3210 3211)
4(1092 1091 3211 3212)
4(901 955 3075 3021)
4(1093 1092 3212 3213)
4(1094 1093 3213 3214)
4(956 1051 3171 3076)
4(1095 1094 3214 3215)
4(1111 1112 3232 3231)
4(1055 1111 3231 3175)
4(1180 1181 3301 3300)
4(1182 1180 3300 3302)
4(1183 1182 3302 3303)
4(1184 1183 3303 3304)
4(1185 1184 3304 3305)
4(1186 1185 3305 3306)
4(1187 1186 3306 3307)
4(1112 1187 3307 3232)
4(1258 1257 3377 3378)
4(1259 1258 3378 3379)
4(1260 1259 3379 3380)
4(1261 1260 3380 3381)
4(1263 1261 3381 3383)
4(1304 1305 3425 3424)
4(1341 1342 3462 3461)
4(1378 1379 3499 3498)
4(1415 1416 3536 3535)
4(1452 1453 3573 3572)
4(1489 1490 3610 3609)
4(1526 1527 3647 3646)
4(1563 1564 3684 3683)
4(1600 1601 3721 3720)
4(1637 1638 3758 3757)
4(1674 1675 3795 3794)
4(1711 1712 3832 3831)
4(1748 1749 3869 3868)
4(1785 1786 3906 3905)
4(1817 133 2253 3937)
4(2040 1263 3383 4160)
4(2041 2040 4160 4161)
4(1305 1341 3461 3425)
4(2042 2041 4161 4162)
4(2043 2042 4162 4163)
4(1342 1378 3498 3462)
4(2044 2043 4163 4164)
4(2045 2044 4164 4165)
4(1379 1415 3535 3499)
4(2046 2045 4165 4166)
4(2047 2046 4166 4167)
4(1416 1452 3572 3536)
4(2048 2047 4167 4168)
4(2049 2048 4168 4169)
4(1453 1489 3609 3573)
4(2050 2049 4169 4170)
4(2051 2050 4170 4171)
4(1490 1526 3646 3610)
4(2052 2051 4171 4172)
4(2053 2052 4172 4173)
4(1527 1563 3683 3647)
4(2054 2053 4173 4174)
4(2055 2054 4174 4175)
4(1564 1600 3720 3684)
4(2056 2055 4175 4176)
4(2057 2056 4176 4177)
4(1601 1637 3757 3721)
4(2058 2057 4177 4178)
4(2059 2058 4178 4179)
4(1638 1674 3794 3758)
4(2060 2059 4179 4180)
4(2061 2060 4180 4181)
4(1675 1711 3831 3795)
4(2062 2061 4181 4182)
4(2063 2062 4182 4183)
4(1712 1748 3868 3832)
4(2064 2063 4183 4184)
4(2065 2064 4184 4185)
4(1749 1785 3905 3869)
4(2066 2065 4185 4186)
4(2067 2066 4186 4187)
4(1786 1817 3937 3906)
4(2068 2067 4187 4188)
4(2069 2068 4188 4189)
4(2070 2069 4189 4190)
4(2071 2070 4190 4191)
4(2072 2071 4191 4192)
4(2073 2072 4192 4193)
4(2074 2073 4193 4194)
4(2075 2074 4194 4195)
4(2076 2075 4195 4196)
4(2077 2076 4196 4197)
4(2078 2077 4197 4198)
4(2079 2078 4198 4199)
4(2080 2079 4199 4200)
4(2081 2080 4200 4201)
4(2082 2081 4201 4202)
4(2083 2082 4202 4203)
4(2084 2083 4203 4204)
4(1181 2084 4204 3301)
4(2110 2111 4231 4230)
4(2117 2118 4238 4237)
4(2097 2110 4230 4217)
4(2111 2117 4237 4231)
4(2118 1304 3424 4238)
4(2120 2121 2122 2123)
5(2121 2124 2125 2126 2122)
4(2124 2127 2128 2125)
4(2129 2130 2131 2132)
4(2123 2122 2133 2134)
5(2122 2126 2135 2136 2133)
4(2126 2137 2138 2135)
4(2139 2140 2141 2142)
4(2143 2144 2145 2146)
4(2144 2134 2147 2145)
4(2134 2133 2148 2147)
5(2133 2136 2149 2150 2148)
4(2136 2151 2152 2149)
4(2153 2154 2155 2156)
4(2150 2157 2158 2159)
4(2160 2161 2162 2163)
4(2164 2165 2166 2167)
4(2168 2169 2170 2171)
4(2139 2132 2131 2140)
4(2153 2142 2141 2154)
4(2160 2156 2155 2161)
4(2168 2163 2162 2169)
4(2172 2171 2170 2173)
4(2174 2175 2176 2177)
5(2175 2178 2179 2180 2176)
4(2178 2181 2182 2179)
4(2183 2184 2185 2186)
4(2177 2176 2187 2188)
5(2176 2180 2189 2190 2187)
4(2180 2191 2192 2189)
4(2193 2194 2195 2196)
4(2197 2188 2198 2199)
4(2188 2187 2200 2198)
5(2187 2190 2201 2202 2200)
4(2190 2203 2204 2201)
4(2205 2206 2207 2208)
4(2199 2198 2209 2210)
4(2198 2200 2211 2209)
5(2200 2202 2212 2213 2211)
4(2202 2214 2215 2212)
4(2216 2217 2218 2219)
4(2210 2209 2220 2221)
4(2209 2211 2222 2220)
5(2211 2213 2223 2224 2222)
4(2213 2225 2226 2223)
4(2227 2228 2229 2230)
4(2221 2220 2231 2232)
4(2220 2222 2233 2231)
5(2222 2224 2234 2235 2233)
4(2224 2236 2237 2234)
4(2238 2239 2240 2241)
4(2232 2231 2120 2242)
4(2231 2233 2121 2120)
5(2233 2235 2243 2124 2121)
4(2235 2244 2245 2243)
4(2246 2247 2248 2249)
4(2242 2120 2123 2250)
4(2251 2250 2144 2143)
4(2250 2123 2134 2144)
4(2183 2252 2253 2184)
4(2193 2186 2185 2194)
4(2205 2196 2195 2206)
4(2216 2208 2207 2217)
4(2227 2219 2218 2228)
4(2238 2230 2229 2239)
4(2246 2241 2240 2247)
4(2129 2249 2248 2130)
4(2129 2132 2128 2127)
4(2139 2137 2128 2132)
4(2126 2125 2128 2137)
4(2139 2142 2138 2137)
4(2153 2151 2138 2142)
4(2136 2135 2138 2151)
4(2153 2156 2152 2151)
4(2160 2157 2152 2156)
4(2150 2149 2152 2157)
4(2160 2163 2158 2157)
4(2168 2165 2158 2163)
4(2164 2159 2158 2165)
4(2168 2171 2166 2165)
4(2172 2254 2166 2171)
4(2255 2167 2166 2254)
4(2183 2181 2256 2252)
4(2178 2257 2256 2181)
4(2183 2186 2182 2181)
4(2193 2191 2182 2186)
4(2180 2179 2182 2191)
4(2193 2196 2192 2191)
4(2205 2203 2192 2196)
4(2190 2189 2192 2203)
4(2205 2208 2204 2203)
4(2216 2214 2204 2208)
4(2202 2201 2204 2214)
4(2216 2219 2215 2214)
4(2227 2225 2215 2219)
4(2213 2212 2215 2225)
4(2227 2230 2226 2225)
4(2238 2236 2226 2230)
4(2224 2223 2226 2236)
4(2238 2241 2237 2236)
4(2246 2244 2237 2241)
4(2235 2234 2237 2244)
4(2246 2249 2245 2244)
4(2129 2127 2245 2249)
4(2124 2243 2245 2127)
4(2146 2145 2258 2259)
4(2145 2147 2260 2258)
4(2147 2148 2261 2260)
5(2148 2150 2159 2164 2261)
4(2259 2258 2262 2263)
4(2258 2260 2264 2262)
4(2260 2261 2265 2264)
5(2261 2164 2167 2255 2265)
4(2266 2267 2268 2269)
4(2267 2270 2271 2268)
4(2270 2272 2273 2271)
4(2272 2274 2275 2273)
4(2276 2277 2278 2279)
4(2277 2280 2281 2278)
4(2280 2282 2283 2281)
4(2282 2263 2284 2283)
4(2263 2262 2285 2284)
4(2262 2264 2286 2285)
4(2264 2265 2287 2286)
5(2265 2255 2288 2289 2287)
4(2255 2254 2290 2288)
4(2172 2173 2291 2292)
4(2293 2294 2295 2296)
4(2297 2298 2299 2300)
5(2301 2302 2303 2304 2305)
4(2302 2269 2306 2303)
4(2269 2268 2307 2306)
4(2268 2271 2308 2307)
4(2271 2273 2309 2308)
4(2273 2275 2310 2309)
4(2275 2311 2312 2310)
4(2311 2313 2314 2312)
4(2313 2315 2316 2314)
4(2315 2317 2318 2316)
4(2317 2319 2320 2318)
4(2319 2279 2321 2320)
4(2279 2278 2322 2321)
4(2278 2281 2323 2322)
4(2281 2283 2324 2323)
4(2283 2284 2325 2324)
4(2284 2285 2326 2325)
4(2285 2286 2327 2326)
4(2286 2287 2328 2327)
5(2287 2289 2329 2330 2328)
4(2289 2331 2332 2329)
4(2333 2334 2335 2336)
4(2337 2338 2339 2340)
4(2341 2342 2343 2344)
5(2304 2303 2345 2346 2347)
4(2303 2306 2348 2345)
4(2306 2307 2349 2348)
4(2307 2308 2350 2349)
4(2308 2309 2351 2350)
4(2309 2310 2352 2351)
4(2310 2312 2353 2352)
4(2312 2314 2354 2353)
4(2314 2316 2355 2354)
4(2316 2318 2356 2355)
4(2318 2320 2357 2356)
4(2320 2321 2358 2357)
4(2321 2322 2359 2358)
4(2322 2323 2360 2359)
4(2323 2324 2361 2360)
4(2324 2325 2362 2361)
4(2325 2326 2363 2362)
4(2326 2327 2364 2363)
4(2327 2328 2365 2364)
5(2328 2330 2366 2367 2365)
4(2330 2368 2369 2366)
4(2370 2371 2372 2373)
4(2374 2375 2376 2377)
4(2378 2379 2380 2381)
5(2346 2345 2382 2383 2384)
4(2345 2348 2385 2382)
4(2348 2349 2386 2385)
4(2349 2350 2387 2386)
4(2350 2351 2388 2387)
4(2351 2352 2389 2388)
4(2352 2353 2390 2389)
4(2353 2354 2391 2390)
4(2354 2355 2392 2391)
4(2355 2356 2393 2392)
4(2356 2357 2394 2393)
4(2357 2358 2395 2394)
4(2358 2359 2396 2395)
4(2359 2360 2397 2396)
4(2360 2361 2398 2397)
4(2361 2362 2399 2398)
4(2362 2363 2400 2399)
4(2363 2364 2401 2400)
4(2364 2365 2402 2401)
5(2365 2367 2403 2404 2402)
4(2367 2405 2406 2403)
4(2407 2408 2409 2410)
4(2411 2412 2413 2414)
4(2415 2416 2417 2418)
5(2383 2382 2419 2420 2421)
4(2382 2385 2422 2419)
4(2385 2386 2423 2422)
4(2386 2387 2424 2423)
4(2387 2388 2425 2424)
4(2388 2389 2426 2425)
4(2389 2390 2427 2426)
4(2390 2391 2428 2427)
4(2391 2392 2429 2428)
4(2392 2393 2430 2429)
4(2393 2394 2431 2430)
4(2394 2395 2432 2431)
4(2395 2396 2433 2432)
4(2396 2397 2434 2433)
4(2397 2398 2435 2434)
4(2398 2399 2436 2435)
4(2399 2400 2437 2436)
4(2400 2401 2438 2437)
4(2401 2402 2439 2438)
5(2402 2404 2440 2441 2439)
4(2404 2442 2443 2440)
4(2444 2445 2446 2447)
4(2448 2449 2450 2451)
4(2452 2453 2454 2455)
5(2420 2419 2456 2457 2458)
4(2419 2422 2459 2456)
4(2422 2423 2460 2459)
4(2423 2424 2461 2460)
4(2424 2425 2462 2461)
4(2425 2426 2463 2462)
4(2426 2427 2464 2463)
4(2427 2428 2465 2464)
4(2428 2429 2466 2465)
4(2429 2430 2467 2466)
4(2430 2431 2468 2467)
4(2431 2432 2469 2468)
4(2432 2433 2470 2469)
4(2433 2434 2471 2470)
4(2434 2435 2472 2471)
4(2435 2436 2473 2472)
4(2436 2437 2474 2473)
4(2437 2438 2475 2474)
4(2438 2439 2476 2475)
5(2439 2441 2477 2478 2476)
4(2441 2479 2480 2477)
4(2481 2482 2483 2484)
4(2485 2486 2487 2488)
4(2489 2490 2491 2492)
5(2457 2456 2493 2494 2495)
4(2456 2459 2496 2493)
4(2459 2460 2497 2496)
4(2460 2461 2498 2497)
4(2461 2462 2499 2498)
4(2462 2463 2500 2499)
4(2463 2464 2501 2500)
4(2464 2465 2502 2501)
4(2465 2466 2503 2502)
4(2466 2467 2504 2503)
4(2467 2468 2505 2504)
4(2468 2469 2506 2505)
4(2469 2470 2507 2506)
4(2470 2471 2508 2507)
4(2471 2472 2509 2508)
4(2472 2473 2510 2509)
4(2473 2474 2511 2510)
4(2474 2475 2512 2511)
4(2475 2476 2513 2512)
5(2476 2478 2514 2515 2513)
4(2478 2516 2517 2514)
4(2518 2519 2520 2521)
4(2522 2523 2524 2525)
4(2526 2527 2528 2529)
5(2494 2493 2530 2531 2532)
4(2493 2496 2533 2530)
4(2496 2497 2534 2533)
4(2497 2498 2535 2534)
4(2498 2499 2536 2535)
4(2499 2500 2537 2536)
4(2500 2501 2538 2537)
4(2501 2502 2539 2538)
4(2502 2503 2540 2539)
4(2503 2504 2541 2540)
4(2504 2505 2542 2541)
4(2505 2506 2543 2542)
4(2506 2507 2544 2543)
4(2507 2508 2545 2544)
4(2508 2509 2546 2545)
4(2509 2510 2547 2546)
4(2510 2511 2548 2547)
4(2511 2512 2549 2548)
4(2512 2513 2550 2549)
5(2513 2515 2551 2552 2550)
4(2515 2553 2554 2551)
4(2555 2556 2557 2558)
4(2559 2560 2561 2562)
4(2563 2564 2565 2566)
5(2531 2530 2567 2568 2569)
4(2530 2533 2570 2567)
4(2533 2534 2571 2570)
4(2534 2535 2572 2571)
4(2535 2536 2573 2572)
4(2536 2537 2574 2573)
4(2537 2538 2575 2574)
4(2538 2539 2576 2575)
4(2539 2540 2577 2576)
4(2540 2541 2578 2577)
4(2541 2542 2579 2578)
4(2542 2543 2580 2579)
4(2543 2544 2581 2580)
4(2544 2545 2582 2581)
4(2545 2546 2583 2582)
4(2546 2547 2584 2583)
4(2547 2548 2585 2584)
4(2548 2549 2586 2585)
4(2549 2550 2587 2586)
5(2550 2552 2588 2589 2587)
4(2552 2590 2591 2588)
4(2592 2593 2594 2595)
4(2596 2597 2598 2599)
4(2600 2601 2602 2603)
5(2568 2567 2604 2605 2606)
4(2567 2570 2607 2604)
4(2570 2571 2608 2607)
4(2571 2572 2609 2608)
4(2572 2573 2610 2609)
4(2573 2574 2611 2610)
4(2574 2575 2612 2611)
4(2575 2576 2613 2612)
4(2576 2577 2614 2613)
4(2577 2578 2615 2614)
4(2578 2579 2616 2615)
4(2579 2580 2617 2616)
4(2580 2581 2618 2617)
4(2581 2582 2619 2618)
4(2582 2583 2620 2619)
4(2583 2584 2621 2620)
4(2584 2585 2622 2621)
4(2585 2586 2623 2622)
4(2586 2587 2624 2623)
5(2587 2589 2625 2626 2624)
4(2589 2627 2628 2625)
4(2629 2630 2631 2632)
4(2633 2634 2635 2636)
4(2637 2638 2639 2640)
5(2605 2604 2641 2642 2643)
4(2604 2607 2644 2641)
4(2607 2608 2645 2644)
4(2608 2609 2646 2645)
4(2609 2610 2647 2646)
4(2610 2611 2648 2647)
4(2611 2612 2649 2648)
4(2612 2613 2650 2649)
4(2613 2614 2651 2650)
4(2614 2615 2652 2651)
4(2615 2616 2653 2652)
4(2616 2617 2654 2653)
4(2617 2618 2655 2654)
4(2618 2619 2656 2655)
4(2619 2620 2657 2656)
4(2620 2621 2658 2657)
4(2621 2622 2659 2658)
4(2622 2623 2660 2659)
4(2623 2624 2661 2660)
5(2624 2626 2662 2663 2661)
4(2626 2664 2665 2662)
4(2666 2667 2668 2669)
4(2670 2671 2672 2673)
4(2674 2675 2676 2677)
5(2642 2641 2678 2679 2680)
4(2641 2644 2681 2678)
4(2644 2645 2682 2681)
4(2645 2646 2683 2682)
4(2646 2647 2684 2683)
4(2647 2648 2685 2684)
4(2648 2649 2686 2685)
4(2649 2650 2687 2686)
4(2650 2651 2688 2687)
4(2651 2652 2689 2688)
4(2652 2653 2690 2689)
4(2653 2654 2691 2690)
4(2654 2655 2692 2691)
4(2655 2656 2693 2692)
4(2656 2657 2694 2693)
4(2657 2658 2695 2694)
4(2658 2659 2696 2695)
4(2659 2660 2697 2696)
4(2660 2661 2698 2697)
5(2661 2663 2699 2700 2698)
4(2663 2701 2702 2699)
4(2703 2704 2705 2706)
4(2707 2708 2709 2710)
4(2711 2712 2713 2714)
5(2679 2678 2715 2716 2717)
4(2678 2681 2718 2715)
4(2681 2682 2719 2718)
4(2682 2683 2720 2719)
4(2683 2684 2721 2720)
4(2684 2685 2722 2721)
4(2685 2686 2723 2722)
4(2686 2687 2724 2723)
4(2687 2688 2725 2724)
4(2688 2689 2726 2725)
4(2689 2690 2727 2726)
4(2690 2691 2728 2727)
4(2691 2692 2729 2728)
4(2692 2693 2730 2729)
4(2693 2694 2731 2730)
4(2694 2695 2732 2731)
4(2695 2696 2733 2732)
4(2696 2697 2734 2733)
4(2697 2698 2735 2734)
5(2698 2700 2736 2737 2735)
4(2700 2738 2739 2736)
4(2740 2741 2742 2743)
4(2744 2745 2746 2747)
4(2748 2749 2750 2751)
5(2716 2715 2752 2753 2754)
4(2715 2718 2755 2752)
4(2718 2719 2756 2755)
4(2719 2720 2757 2756)
4(2720 2721 2758 2757)
4(2721 2722 2759 2758)
4(2722 2723 2760 2759)
4(2723 2724 2761 2760)
4(2724 2725 2762 2761)
4(2725 2726 2763 2762)
4(2726 2727 2764 2763)
4(2727 2728 2765 2764)
4(2728 2729 2766 2765)
4(2729 2730 2767 2766)
4(2730 2731 2768 2767)
4(2731 2732 2769 2768)
4(2732 2733 2770 2769)
4(2733 2734 2771 2770)
4(2734 2735 2772 2771)
5(2735 2737 2773 2774 2772)
4(2737 2775 2776 2773)
4(2777 2778 2779 2780)
4(2781 2782 2783 2784)
4(2785 2786 2787 2788)
5(2753 2752 2789 2790 2791)
4(2752 2755 2792 2789)
4(2755 2756 2793 2792)
4(2756 2757 2794 2793)
4(2757 2758 2795 2794)
4(2758 2759 2796 2795)
4(2759 2760 2797 2796)
4(2760 2761 2798 2797)
4(2761 2762 2799 2798)
4(2762 2763 2800 2799)
4(2763 2764 2801 2800)
4(2764 2765 2802 2801)
4(2765 2766 2803 2802)
4(2766 2767 2804 2803)
4(2767 2768 2805 2804)
4(2768 2769 2806 2805)
4(2769 2770 2807 2806)
4(2770 2771 2808 2807)
4(2771 2772 2809 2808)
5(2772 2774 2810 2811 2809)
4(2774 2812 2813 2810)
4(2814 2815 2816 2817)
4(2818 2819 2820 2821)
4(2822 2823 2824 2825)
5(2790 2789 2826 2827 2828)
4(2789 2792 2829 2826)
4(2792 2793 2830 2829)
4(2793 2794 2831 2830)
4(2794 2795 2832 2831)
4(2795 2796 2833 2832)
4(2796 2797 2834 2833)
4(2797 2798 2835 2834)
4(2798 2799 2836 2835)
4(2799 2800 2837 2836)
4(2800 2801 2838 2837)
4(2801 2802 2839 2838)
4(2802 2803 2840 2839)
4(2803 2804 2841 2840)
4(2804 2805 2842 2841)
4(2805 2806 2843 2842)
4(2806 2807 2844 2843)
4(2807 2808 2845 2844)
4(2808 2809 2846 2845)
5(2809 2811 2847 2848 2846)
4(2811 2849 2850 2847)
4(2851 2852 2853 2854)
4(2855 2856 2857 2858)
4(2859 2860 2861 2862)
5(2827 2826 2863 2864 2865)
4(2826 2829 2866 2863)
4(2829 2830 2867 2866)
4(2830 2831 2868 2867)
4(2831 2832 2869 2868)
4(2832 2833 2870 2869)
4(2833 2834 2871 2870)
4(2834 2835 2872 2871)
4(2835 2836 2873 2872)
4(2836 2837 2874 2873)
4(2837 2838 2875 2874)
4(2838 2839 2876 2875)
4(2839 2840 2877 2876)
4(2840 2841 2878 2877)
4(2841 2842 2879 2878)
4(2842 2843 2880 2879)
4(2843 2844 2881 2880)
4(2844 2845 2882 2881)
4(2845 2846 2883 2882)
5(2846 2848 2884 2885 2883)
4(2848 2886 2887 2884)
4(2888 2889 2890 2891)
4(2892 2893 2894 2895)
4(2896 2897 2898 2899)
5(2864 2863 2900 2901 2902)
4(2863 2866 2903 2900)
4(2866 2867 2904 2903)
4(2867 2868 2905 2904)
4(2868 2869 2906 2905)
4(2869 2870 2907 2906)
4(2870 2871 2908 2907)
4(2871 2872 2909 2908)
4(2872 2873 2910 2909)
4(2873 2874 2911 2910)
4(2874 2875 2912 2911)
4(2875 2876 2913 2912)
4(2876 2877 2914 2913)
4(2877 2878 2915 2914)
4(2878 2879 2916 2915)
4(2879 2880 2917 2916)
4(2880 2881 2918 2917)
4(2881 2882 2919 2918)
4(2882 2883 2920 2919)
5(2883 2885 2921 2922 2920)
4(2885 2923 2924 2921)
4(2925 2926 2927 2928)
4(2929 2930 2931 2932)
4(2933 2934 2935 2936)
5(2901 2900 2937 2938 2939)
4(2900 2903 2940 2937)
4(2903 2904 2941 2940)
4(2904 2905 2942 2941)
4(2905 2906 2943 2942)
4(2906 2907 2944 2943)
4(2907 2908 2945 2944)
4(2908 2909 2946 2945)
4(2909 2910 2947 2946)
4(2910 2911 2948 2947)
4(2911 2912 2949 2948)
4(2912 2913 2950 2949)
4(2913 2914 2951 2950)
4(2914 2915 2952 2951)
4(2915 2916 2953 2952)
4(2916 2917 2954 2953)
4(2917 2918 2955 2954)
4(2918 2919 2956 2955)
4(2919 2920 2957 2956)
5(2920 2922 2958 2959 2957)
4(2922 2960 2961 2958)
4(2962 2963 2964 2965)
4(2966 2967 2968 2969)
4(2970 2971 2972 2973)
6(2938 2937 2974 2975 2976 2977)
5(2937 2940 2978 2979 2974)
5(2940 2941 2980 2981 2978)
5(2941 2942 2982 2983 2980)
5(2942 2943 2984 2985 2982)
5(2943 2944 2986 2987 2984)
5(2944 2945 2988 2989 2986)
5(2945 2946 2990 2991 2988)
5(2946 2947 2992 2993 2990)
5(2947 2948 2994 2995 2992)
5(2948 2949 2996 2997 2994)
5(2949 2950 2998 2999 2996)
5(2950 2951 3000 3001 2998)
5(2951 2952 3002 3003 3000)
5(2952 2953 3004 3005 3002)
5(2953 2954 3006 3007 3004)
5(2954 2955 3008 3009 3006)
5(2955 2956 3010 3011 3008)
5(2956 2957 3012 3013 3010)
6(2957 2959 3014 3015 3016 3012)
4(2959 3017 3018 3014)
4(3019 3020 3021 3022)
4(3023 3024 3025 3026)
4(3027 3028 3029 3030)
4(2976 2975 3031 3032)
4(2974 2979 3033 3034)
4(2978 2981 3035 3036)
4(2980 2983 3037 3038)
4(2982 2985 3039 3040)
4(2984 2987 3041 3042)
4(2986 2989 3043 3044)
4(2988 2991 3045 3046)
4(2990 2993 3047 3048)
4(2992 2995 3049 3050)
4(2994 2997 3051 3052)
4(2996 2999 3053 3054)
4(2998 3001 3055 3056)
4(3000 3003 3057 3058)
4(3002 3005 3059 3060)
4(3004 3007 3061 3062)
4(3006 3009 3063 3064)
4(3008 3011 3065 3066)
4(3010 3013 3067 3068)
4(3012 3016 3069 3070)
4(3015 3071 3072 3073)
4(3074 3075 3076 3077)
4(3078 3079 3080 3081)
4(3082 3083 3084 3085)
4(3086 3087 3088 3089)
4(3090 3091 3092 3093)
4(3094 3095 3096 3097)
4(3098 3099 3100 3101)
4(3102 3103 3104 3105)
4(3106 3107 3108 3109)
4(3110 3111 3112 3113)
4(3114 3115 3116 3117)
4(3118 3119 3120 3121)
4(3122 3123 3124 3125)
4(3126 3127 3128 3129)
4(3130 3131 3132 3133)
4(3134 3135 3136 3137)
4(3138 3139 3140 3141)
4(3142 3143 3144 3145)
4(3146 3147 3148 3149)
4(3150 3151 3152 3153)
4(3154 3155 3156 3157)
4(3158 3159 3160 3161)
4(3162 3163 3164 3165)
4(3166 3167 3168 3169)
4(3170 3171 3172 3173)
4(2333 2292 2291 2334)
4(2293 2296 3174 3175)
4(2337 3176 3174 2296)
4(2370 2336 2335 2371)
4(2337 2340 3177 3176)
4(2374 3178 3177 2340)
4(2407 2373 2372 2408)
4(2374 2377 3179 3178)
4(2411 3180 3179 2377)
4(2444 2410 2409 2445)
4(2411 2414 3181 3180)
4(2448 3182 3181 2414)
4(2481 2447 2446 2482)
4(2448 2451 3183 3182)
4(2485 3184 3183 2451)
4(2518 2484 2483 2519)
4(2485 2488 3185 3184)
4(2522 3186 3185 2488)
4(2555 2521 2520 2556)
4(2522 2525 3187 3186)
4(2559 3188 3187 2525)
4(2592 2558 2557 2593)
4(2559 2562 3189 3188)
4(2596 3190 3189 2562)
4(2629 2595 2594 2630)
4(2596 2599 3191 3190)
4(2633 3192 3191 2599)
4(2666 2632 2631 2667)
4(2633 2636 3193 3192)
4(2670 3194 3193 2636)
4(2703 2669 2668 2704)
4(2670 2673 3195 3194)
4(2707 3196 3195 2673)
4(2740 2706 2705 2741)
4(2707 2710 3197 3196)
4(2744 3198 3197 2710)
4(2777 2743 2742 2778)
4(2744 2747 3199 3198)
4(2781 3200 3199 2747)
4(2814 2780 2779 2815)
4(2781 2784 3201 3200)
4(2818 3202 3201 2784)
4(2851 2817 2816 2852)
4(2818 2821 3203 3202)
4(2855 3204 3203 2821)
4(2888 2854 2853 2889)
4(2855 2858 3205 3204)
4(2892 3206 3205 2858)
4(2925 2891 2890 2926)
4(2892 2895 3207 3206)
4(2929 3208 3207 2895)
4(2962 2928 2927 2963)
4(2929 2932 3209 3208)
4(2966 3210 3209 2932)
4(3019 2965 2964 3020)
4(2966 2969 3211 3210)
4(3023 3212 3211 2969)
4(3074 3022 3021 3075)
4(3023 3026 3213 3212)
4(3078 3214 3213 3026)
4(3170 3077 3076 3171)
4(3078 3081 3215 3214)
4(3082 3085 3080 3079)
4(3086 3089 3084 3083)
4(3090 3093 3088 3087)
4(3094 3097 3092 3091)
4(3098 3101 3096 3095)
4(3102 3105 3100 3099)
4(3106 3109 3104 3103)
4(3110 3113 3108 3107)
4(3114 3117 3112 3111)
4(3118 3121 3116 3115)
4(3122 3125 3120 3119)
4(3126 3129 3124 3123)
4(3130 3133 3128 3127)
4(3134 3137 3132 3131)
4(3138 3141 3136 3135)
4(3142 3145 3140 3139)
4(3146 3149 3144 3143)
4(3150 3153 3148 3147)
4(3154 3157 3152 3151)
4(3158 3161 3156 3155)
4(3162 3165 3160 3159)
4(3166 3169 3164 3163)
4(3170 3173 3168 3167)
5(3216 3217 3218 3219 3220)
4(3217 3221 2266 3218)
4(3222 3223 3224 3225)
4(3226 3227 3228 3229)
5(3219 3218 2302 2301 3230)
4(3218 2266 2269 2302)
4(3222 3225 3231 3232)
4(2293 3175 3231 3225)
4(2172 2292 2290 2254)
4(2333 2331 2290 2292)
4(2289 2288 2290 2331)
4(2297 2300 2295 2294)
4(2341 2338 2295 2300)
4(2337 2296 2295 2338)
4(2301 2305 2299 2298)
4(2304 2342 2299 2305)
4(2341 2300 2299 2342)
4(2333 2336 2332 2331)
4(2370 2368 2332 2336)
4(2330 2329 2332 2368)
4(2341 2344 2339 2338)
4(2378 2375 2339 2344)
4(2374 2340 2339 2375)
4(2304 2347 2343 2342)
4(2346 2379 2343 2347)
4(2378 2344 2343 2379)
4(2370 2373 2369 2368)
4(2407 2405 2369 2373)
4(2367 2366 2369 2405)
4(2378 2381 2376 2375)
4(2415 2412 2376 2381)
4(2411 2377 2376 2412)
4(2346 2384 2380 2379)
4(2383 2416 2380 2384)
4(2415 2381 2380 2416)
4(2407 2410 2406 2405)
4(2444 2442 2406 2410)
4(2404 2403 2406 2442)
4(2415 2418 2413 2412)
4(2452 2449 2413 2418)
4(2448 2414 2413 2449)
4(2383 2421 2417 2416)
4(2420 2453 2417 2421)
4(2452 2418 2417 2453)
4(2444 2447 2443 2442)
4(2481 2479 2443 2447)
4(2441 2440 2443 2479)
4(2452 2455 2450 2449)
4(2489 2486 2450 2455)
4(2485 2451 2450 2486)
4(2420 2458 2454 2453)
4(2457 2490 2454 2458)
4(2489 2455 2454 2490)
4(2481 2484 2480 2479)
4(2518 2516 2480 2484)
4(2478 2477 2480 2516)
4(2489 2492 2487 2486)
4(2526 2523 2487 2492)
4(2522 2488 2487 2523)
4(2457 2495 2491 2490)
4(2494 2527 2491 2495)
4(2526 2492 2491 2527)
4(2518 2521 2517 2516)
4(2555 2553 2517 2521)
4(2515 2514 2517 2553)
4(2526 2529 2524 2523)
4(2563 2560 2524 2529)
4(2559 2525 2524 2560)
4(2494 2532 2528 2527)
4(2531 2564 2528 2532)
4(2563 2529 2528 2564)
4(2555 2558 2554 2553)
4(2592 2590 2554 2558)
4(2552 2551 2554 2590)
4(2563 2566 2561 2560)
4(2600 2597 2561 2566)
4(2596 2562 2561 2597)
4(2531 2569 2565 2564)
4(2568 2601 2565 2569)
4(2600 2566 2565 2601)
4(2592 2595 2591 2590)
4(2629 2627 2591 2595)
4(2589 2588 2591 2627)
4(2600 2603 2598 2597)
4(2637 2634 2598 2603)
4(2633 2599 2598 2634)
4(2568 2606 2602 2601)
4(2605 2638 2602 2606)
4(2637 2603 2602 2638)
4(2629 2632 2628 2627)
4(2666 2664 2628 2632)
4(2626 2625 2628 2664)
4(2637 2640 2635 2634)
4(2674 2671 2635 2640)
4(2670 2636 2635 2671)
4(2605 2643 2639 2638)
4(2642 2675 2639 2643)
4(2674 2640 2639 2675)
4(2666 2669 2665 2664)
4(2703 2701 2665 2669)
4(2663 2662 2665 2701)
4(2674 2677 2672 2671)
4(2711 2708 2672 2677)
4(2707 2673 2672 2708)
4(2642 2680 2676 2675)
4(2679 2712 2676 2680)
4(2711 2677 2676 2712)
4(2703 2706 2702 2701)
4(2740 2738 2702 2706)
4(2700 2699 2702 2738)
4(2711 2714 2709 2708)
4(2748 2745 2709 2714)
4(2744 2710 2709 2745)
4(2679 2717 2713 2712)
4(2716 2749 2713 2717)
4(2748 2714 2713 2749)
4(2740 2743 2739 2738)
4(2777 2775 2739 2743)
4(2737 2736 2739 2775)
4(2748 2751 2746 2745)
4(2785 2782 2746 2751)
4(2781 2747 2746 2782)
4(2716 2754 2750 2749)
4(2753 2786 2750 2754)
4(2785 2751 2750 2786)
4(2777 2780 2776 2775)
4(2814 2812 2776 2780)
4(2774 2773 2776 2812)
4(2785 2788 2783 2782)
4(2822 2819 2783 2788)
4(2818 2784 2783 2819)
4(2753 2791 2787 2786)
4(2790 2823 2787 2791)
4(2822 2788 2787 2823)
4(2814 2817 2813 2812)
4(2851 2849 2813 2817)
4(2811 2810 2813 2849)
4(2822 2825 2820 2819)
4(2859 2856 2820 2825)
4(2855 2821 2820 2856)
4(2790 2828 2824 2823)
4(2827 2860 2824 2828)
4(2859 2825 2824 2860)
4(2851 2854 2850 2849)
4(2888 2886 2850 2854)
4(2848 2847 2850 2886)
4(2859 2862 2857 2856)
4(2896 2893 2857 2862)
4(2892 2858 2857 2893)
4(2827 2865 2861 2860)
4(2864 2897 2861 2865)
4(2896 2862 2861 2897)
4(2888 2891 2887 2886)
4(2925 2923 2887 2891)
4(2885 2884 2887 2923)
4(2896 2899 2894 2893)
4(2933 2930 2894 2899)
4(2929 2895 2894 2930)
4(2864 2902 2898 2897)
4(2901 2934 2898 2902)
4(2933 2899 2898 2934)
4(2925 2928 2924 2923)
4(2962 2960 2924 2928)
4(2922 2921 2924 2960)
4(2933 2936 2931 2930)
4(2970 2967 2931 2936)
4(2966 2932 2931 2967)
4(2901 2939 2935 2934)
4(2938 2971 2935 2939)
4(2970 2936 2935 2971)
4(2962 2965 2961 2960)
4(3019 3017 2961 2965)
4(2959 2958 2961 3017)
4(2970 2973 2968 2967)
4(3027 3024 2968 2973)
4(3023 2969 2968 3024)
4(2938 2977 2972 2971)
4(2976 3028 2972 2977)
4(3027 2973 2972 3028)
4(3019 3022 3018 3017)
4(3074 3071 3018 3022)
4(3015 3014 3018 3071)
4(3027 3030 3025 3024)
4(3082 3079 3025 3030)
4(3078 3026 3025 3079)
4(2976 3032 3029 3028)
4(3086 3083 3029 3032)
4(3082 3030 3029 3083)
4(2974 3034 3031 2975)
4(3090 3087 3031 3034)
4(3086 3032 3031 3087)
4(2978 3036 3033 2979)
4(3094 3091 3033 3036)
4(3090 3034 3033 3091)
4(2980 3038 3035 2981)
4(3098 3095 3035 3038)
4(3094 3036 3035 3095)
4(2982 3040 3037 2983)
4(3102 3099 3037 3040)
4(3098 3038 3037 3099)
4(2984 3042 3039 2985)
4(3106 3103 3039 3042)
4(3102 3040 3039 3103)
4(2986 3044 3041 2987)
4(3110 3107 3041 3044)
4(3106 3042 3041 3107)
4(2988 3046 3043 2989)
4(3114 3111 3043 3046)
4(3110 3044 3043 3111)
4(2990 3048 3045 2991)
4(3118 3115 3045 3048)
4(3114 3046 3045 3115)
4(2992 3050 3047 2993)
4(3122 3119 3047 3050)
4(3118 3048 3047 3119)
4(2994 3052 3049 2995)
4(3126 3123 3049 3052)
4(3122 3050 3049 3123)
4(2996 3054 3051 2997)
4(3130 3127 3051 3054)
4(3126 3052 3051 3127)
4(2998 3056 3053 2999)
4(3134 3131 3053 3056)
4(3130 3054 3053 3131)
4(3000 3058 3055 3001)
4(3138 3135 3055 3058)
4(3134 3056 3055 3135)
4(3002 3060 3057 3003)
4(3142 3139 3057 3060)
4(3138 3058 3057 3139)
4(3004 3062 3059 3005)
4(3146 3143 3059 3062)
4(3142 3060 3059 3143)
4(3006 3064 3061 3007)
4(3150 3147 3061 3064)
4(3146 3062 3061 3147)
4(3008 3066 3063 3009)
4(3154 3151 3063 3066)
4(3150 3064 3063 3151)
4(3010 3068 3065 3011)
4(3158 3155 3065 3068)
4(3154 3066 3065 3155)
4(3012 3070 3067 3013)
4(3162 3159 3067 3070)
4(3158 3068 3067 3159)
4(3015 3073 3069 3016)
4(3166 3163 3069 3073)
4(3162 3070 3069 3163)
4(3074 3077 3072 3071)
4(3170 3167 3072 3077)
4(3166 3073 3072 3167)
4(3226 3229 3224 3223)
4(2297 2294 3224 3229)
4(2293 3225 3224 2294)
4(3219 3230 3228 3227)
4(2301 2298 3228 3230)
4(2297 3229 3228 2298)
4(3233 3234 3235 3236)
4(3234 3237 3238 3235)
4(3237 3239 3240 3238)
4(3239 3241 3242 3240)
4(3241 3243 3244 3242)
4(3243 2146 2259 3244)
4(3245 3246 3247 2274)
4(3246 3248 3249 3247)
4(3248 3250 3251 3249)
4(3250 3236 3252 3251)
4(3236 3235 3253 3252)
4(3235 3238 2276 3253)
4(3238 3240 2277 2276)
4(3240 3242 2280 2277)
4(3242 3244 2282 2280)
4(3244 2259 2263 2282)
4(2274 3247 2311 2275)
4(3247 3249 2313 2311)
4(3249 3251 2315 2313)
4(3251 3252 2317 2315)
4(3252 3253 2319 2317)
4(3253 2276 2279 2319)
4(3254 3255 3256 3257)
4(3258 3259 3260 3261)
4(3262 3263 3264 3265)
4(3266 3267 3268 3269)
4(3270 3271 3272 3273)
4(3274 3275 3276 3277)
5(3278 3279 3217 3216 3280)
4(3279 3281 3221 3217)
4(3281 3282 3283 3221)
4(3282 3284 3285 3283)
4(3284 3286 3287 3285)
4(3286 3288 3245 3287)
4(3288 3289 3246 3245)
4(3289 3290 3248 3246)
4(3290 3291 3250 3248)
4(3291 3233 3236 3250)
4(3292 3293 3294 3295)
4(3296 3297 3298 3299)
4(3221 3283 2267 2266)
4(3283 3285 2270 2267)
4(3285 3287 2272 2270)
4(3287 3245 2274 2272)
4(3254 3257 3300 3301)
4(3262 3302 3300 3257)
4(3262 3265 3303 3302)
4(3270 3304 3303 3265)
4(3270 3273 3305 3304)
4(3292 3306 3305 3273)
4(3292 3295 3307 3306)
4(3222 3232 3307 3295)
4(3258 3261 3256 3255)
4(3266 3263 3256 3261)
4(3262 3257 3256 3263)
4(3308 3309 3260 3259)
4(3310 3267 3260 3309)
4(3266 3261 3260 3267)
4(3266 3269 3264 3263)
4(3274 3271 3264 3269)
4(3270 3265 3264 3271)
4(3310 3311 3268 3267)
4(3278 3275 3268 3311)
4(3274 3269 3268 3275)
4(3274 3277 3272 3271)
4(3296 3293 3272 3277)
4(3292 3273 3272 3293)
4(3278 3280 3276 3275)
4(3216 3297 3276 3280)
4(3296 3277 3276 3297)
4(3296 3299 3294 3293)
4(3226 3223 3294 3299)
4(3222 3295 3294 3223)
4(3216 3220 3298 3297)
4(3219 3227 3298 3220)
4(3226 3299 3298 3227)
4(3331 3332 3333 3334)
4(3335 3336 3337 3338)
5(3317 3316 3339 3340 3341)
4(3316 3319 3342 3339)
4(3319 3320 3343 3342)
4(3320 3321 3344 3343)
4(3321 3322 3345 3344)
4(3322 3323 3346 3345)
4(3323 3324 3347 3346)
4(3324 3325 3348 3347)
4(3325 3326 3349 3348)
4(3326 3327 3350 3349)
4(3327 3328 3351 3350)
4(3328 3329 3352 3351)
4(3329 3330 3353 3352)
4(3354 3355 3356 3357)
4(3358 3359 3360 3361)
5(3340 3339 3362 3363 3364)
4(3339 3342 3365 3362)
4(3342 3343 3366 3365)
4(3343 3344 3367 3366)
4(3344 3345 3368 3367)
4(3345 3346 3369 3368)
4(3346 3347 3370 3369)
4(3347 3348 3371 3370)
4(3348 3349 3372 3371)
4(3349 3350 3373 3372)
4(3350 3351 3374 3373)
4(3351 3352 3375 3374)
4(3352 3353 3376 3375)
4(3331 3378 3377 3313)
4(3331 3334 3379 3378)
4(3354 3380 3379 3334)
4(3354 3357 3381 3380)
4(3382 3383 3381 3357)
4(3382 3384 3385 3386)
4(3387 3388 3389 3390)
5(3363 3362 3391 3392 3393)
4(3362 3365 3394 3391)
4(3365 3366 3395 3394)
4(3366 3367 3396 3395)
4(3367 3368 3397 3396)
4(3368 3369 3398 3397)
4(3369 3370 3399 3398)
4(3370 3371 3400 3399)
4(3371 3372 3401 3400)
4(3372 3373 3402 3401)
4(3373 3374 3403 3402)
4(3374 3375 3404 3403)
4(3375 3376 3405 3404)
4(3376 3406 3407 3405)
4(3406 3408 3409 3407)
4(3408 3410 3411 3409)
4(3410 3412 3413 3411)
4(3412 3414 3415 3413)
4(3414 3416 3417 3415)
5(3416 3418 3419 3420 3417)
4(3418 3421 3422 3419)
4(3423 3424 3425 3426)
4(3427 3428 3429 3430)
4(3431 3432 3433 3434)
5(3392 3391 3435 3436 3437)
4(3391 3394 3438 3435)
4(3394 3395 3439 3438)
4(3395 3396 3440 3439)
4(3396 3397 3441 3440)
4(3397 3398 3442 3441)
4(3398 3399 3443 3442)
4(3399 3400 3444 3443)
4(3400 3401 3445 3444)
4(3401 3402 3446 3445)
4(3402 3403 3447 3446)
4(3403 3404 3448 3447)
4(3404 3405 3449 3448)
4(3405 3407 3450 3449)
4(3407 3409 3451 3450)
4(3409 3411 3452 3451)
4(3411 3413 3453 3452)
4(3413 3415 3454 3453)
4(3415 3417 3455 3454)
5(3417 3420 3456 3457 3455)
4(3420 3458 3459 3456)
4(3460 3461 3462 3463)
4(3464 3465 3466 3467)
4(3468 3469 3470 3471)
5(3436 3435 3472 3473 3474)
4(3435 3438 3475 3472)
4(3438 3439 3476 3475)
4(3439 3440 3477 3476)
4(3440 3441 3478 3477)
4(3441 3442 3479 3478)
4(3442 3443 3480 3479)
4(3443 3444 3481 3480)
4(3444 3445 3482 3481)
4(3445 3446 3483 3482)
4(3446 3447 3484 3483)
4(3447 3448 3485 3484)
4(3448 3449 3486 3485)
4(3449 3450 3487 3486)
4(3450 3451 3488 3487)
4(3451 3452 3489 3488)
4(3452 3453 3490 3489)
4(3453 3454 3491 3490)
4(3454 3455 3492 3491)
5(3455 3457 3493 3494 3492)
4(3457 3495 3496 3493)
4(3497 3498 3499 3500)
4(3501 3502 3503 3504)
4(3505 3506 3507 3508)
5(3473 3472 3509 3510 3511)
4(3472 3475 3512 3509)
4(3475 3476 3513 3512)
4(3476 3477 3514 3513)
4(3477 3478 3515 3514)
4(3478 3479 3516 3515)
4(3479 3480 3517 3516)
4(3480 3481 3518 3517)
4(3481 3482 3519 3518)
4(3482 3483 3520 3519)
4(3483 3484 3521 3520)
4(3484 3485 3522 3521)
4(3485 3486 3523 3522)
4(3486 3487 3524 3523)
4(3487 3488 3525 3524)
4(3488 3489 3526 3525)
4(3489 3490 3527 3526)
4(3490 3491 3528 3527)
4(3491 3492 3529 3528)
5(3492 3494 3530 3531 3529)
4(3494 3532 3533 3530)
4(3534 3535 3536 3537)
4(3538 3539 3540 3541)
4(3542 3543 3544 3545)
5(3510 3509 3546 3547 3548)
4(3509 3512 3549 3546)
4(3512 3513 3550 3549)
4(3513 3514 3551 3550)
4(3514 3515 3552 3551)
4(3515 3516 3553 3552)
4(3516 3517 3554 3553)
4(3517 3518 3555 3554)
4(3518 3519 3556 3555)
4(3519 3520 3557 3556)
4(3520 3521 3558 3557)
4(3521 3522 3559 3558)
4(3522 3523 3560 3559)
4(3523 3524 3561 3560)
4(3524 3525 3562 3561)
4(3525 3526 3563 3562)
4(3526 3527 3564 3563)
4(3527 3528 3565 3564)
4(3528 3529 3566 3565)
5(3529 3531 3567 3568 3566)
4(3531 3569 3570 3567)
4(3571 3572 3573 3574)
4(3575 3576 3577 3578)
4(3579 3580 3581 3582)
5(3547 3546 3583 3584 3585)
4(3546 3549 3586 3583)
4(3549 3550 3587 3586)
4(3550 3551 3588 3587)
4(3551 3552 3589 3588)
4(3552 3553 3590 3589)
4(3553 3554 3591 3590)
4(3554 3555 3592 3591)
4(3555 3556 3593 3592)
4(3556 3557 3594 3593)
4(3557 3558 3595 3594)
4(3558 3559 3596 3595)
4(3559 3560 3597 3596)
4(3560 3561 3598 3597)
4(3561 3562 3599 3598)
4(3562 3563 3600 3599)
4(3563 3564 3601 3600)
4(3564 3565 3602 3601)
4(3565 3566 3603 3602)
5(3566 3568 3604 3605 3603)
4(3568 3606 3607 3604)
4(3608 3609 3610 3611)
4(3612 3613 3614 3615)
4(3616 3617 3618 3619)
5(3584 3583 3620 3621 3622)
4(3583 3586 3623 3620)
4(3586 3587 3624 3623)
4(3587 3588 3625 3624)
4(3588 3589 3626 3625)
4(3589 3590 3627 3626)
4(3590 3591 3628 3627)
4(3591 3592 3629 3628)
4(3592 3593 3630 3629)
4(3593 3594 3631 3630)
4(3594 3595 3632 3631)
4(3595 3596 3633 3632)
4(3596 3597 3634 3633)
4(3597 3598 3635 3634)
4(3598 3599 3636 3635)
4(3599 3600 3637 3636)
4(3600 3601 3638 3637)
4(3601 3602 3639 3638)
4(3602 3603 3640 3639)
5(3603 3605 3641 3642 3640)
4(3605 3643 3644 3641)
4(3645 3646 3647 3648)
4(3649 3650 3651 3652)
4(3653 3654 3655 3656)
5(3621 3620 3657 3658 3659)
4(3620 3623 3660 3657)
4(3623 3624 3661 3660)
4(3624 3625 3662 3661)
4(3625 3626 3663 3662)
4(3626 3627 3664 3663)
4(3627 3628 3665 3664)
4(3628 3629 3666 3665)
4(3629 3630 3667 3666)
4(3630 3631 3668 3667)
4(3631 3632 3669 3668)
4(3632 3633 3670 3669)
4(3633 3634 3671 3670)
4(3634 3635 3672 3671)
4(3635 3636 3673 3672)
4(3636 3637 3674 3673)
4(3637 3638 3675 3674)
4(3638 3639 3676 3675)
4(3639 3640 3677 3676)
5(3640 3642 3678 3679 3677)
4(3642 3680 3681 3678)
4(3682 3683 3684 3685)
4(3686 3687 3688 3689)
4(3690 3691 3692 3693)
5(3658 3657 3694 3695 3696)
4(3657 3660 3697 3694)
4(3660 3661 3698 3697)
4(3661 3662 3699 3698)
4(3662 3663 3700 3699)
4(3663 3664 3701 3700)
4(3664 3665 3702 3701)
4(3665 3666 3703 3702)
4(3666 3667 3704 3703)
4(3667 3668 3705 3704)
4(3668 3669 3706 3705)
4(3669 3670 3707 3706)
4(3670 3671 3708 3707)
4(3671 3672 3709 3708)
4(3672 3673 3710 3709)
4(3673 3674 3711 3710)
4(3674 3675 3712 3711)
4(3675 3676 3713 3712)
4(3676 3677 3714 3713)
5(3677 3679 3715 3716 3714)
4(3679 3717 3718 3715)
4(3719 3720 3721 3722)
4(3723 3724 3725 3726)
4(3727 3728 3729 3730)
5(3695 3694 3731 3732 3733)
4(3694 3697 3734 3731)
4(3697 3698 3735 3734)
4(3698 3699 3736 3735)
4(3699 3700 3737 3736)
4(3700 3701 3738 3737)
4(3701 3702 3739 3738)
4(3702 3703 3740 3739)
4(3703 3704 3741 3740)
4(3704 3705 3742 3741)
4(3705 3706 3743 3742)
4(3706 3707 3744 3743)
4(3707 3708 3745 3744)
4(3708 3709 3746 3745)
4(3709 3710 3747 3746)
4(3710 3711 3748 3747)
4(3711 3712 3749 3748)
4(3712 3713 3750 3749)
4(3713 3714 3751 3750)
5(3714 3716 3752 3753 3751)
4(3716 3754 3755 3752)
4(3756 3757 3758 3759)
4(3760 3761 3762 3763)
4(3764 3765 3766 3767)
5(3732 3731 3768 3769 3770)
4(3731 3734 3771 3768)
4(3734 3735 3772 3771)
4(3735 3736 3773 3772)
4(3736 3737 3774 3773)
4(3737 3738 3775 3774)
4(3738 3739 3776 3775)
4(3739 3740 3777 3776)
4(3740 3741 3778 3777)
4(3741 3742 3779 3778)
4(3742 3743 3780 3779)
4(3743 3744 3781 3780)
4(3744 3745 3782 3781)
4(3745 3746 3783 3782)
4(3746 3747 3784 3783)
4(3747 3748 3785 3784)
4(3748 3749 3786 3785)
4(3749 3750 3787 3786)
4(3750 3751 3788 3787)
5(3751 3753 3789 3790 3788)
4(3753 3791 3792 3789)
4(3793 3794 3795 3796)
4(3797 3798 3799 3800)
4(3801 3802 3803 3804)
5(3769 3768 3805 3806 3807)
4(3768 3771 3808 3805)
4(3771 3772 3809 3808)
4(3772 3773 3810 3809)
4(3773 3774 3811 3810)
4(3774 3775 3812 3811)
4(3775 3776 3813 3812)
4(3776 3777 3814 3813)
4(3777 3778 3815 3814)
4(3778 3779 3816 3815)
4(3779 3780 3817 3816)
4(3780 3781 3818 3817)
4(3781 3782 3819 3818)
4(3782 3783 3820 3819)
4(3783 3784 3821 3820)
4(3784 3785 3822 3821)
4(3785 3786 3823 3822)
4(3786 3787 3824 3823)
4(3787 3788 3825 3824)
5(3788 3790 3826 3827 3825)
4(3790 3828 3829 3826)
4(3830 3831 3832 3833)
4(3834 3835 3836 3837)
4(3838 3839 3840 3841)
5(3806 3805 3842 3843 3844)
4(3805 3808 3845 3842)
4(3808 3809 3846 3845)
4(3809 3810 3847 3846)
4(3810 3811 3848 3847)
4(3811 3812 3849 3848)
4(3812 3813 3850 3849)
4(3813 3814 3851 3850)
4(3814 3815 3852 3851)
4(3815 3816 3853 3852)
4(3816 3817 3854 3853)
4(3817 3818 3855 3854)
4(3818 3819 3856 3855)
4(3819 3820 3857 3856)
4(3820 3821 3858 3857)
4(3821 3822 3859 3858)
4(3822 3823 3860 3859)
4(3823 3824 3861 3860)
4(3824 3825 3862 3861)
5(3825 3827 3863 3864 3862)
4(3827 3865 3866 3863)
4(3867 3868 3869 3870)
4(3871 3872 3873 3874)
4(3875 3876 3877 3878)
5(3843 3842 3879 3880 3881)
4(3842 3845 3882 3879)
4(3845 3846 3883 3882)
4(3846 3847 3884 3883)
4(3847 3848 3885 3884)
4(3848 3849 3886 3885)
4(3849 3850 3887 3886)
4(3850 3851 3888 3887)
4(3851 3852 3889 3888)
4(3852 3853 3890 3889)
4(3853 3854 3891 3890)
4(3854 3855 3892 3891)
4(3855 3856 3893 3892)
4(3856 3857 3894 3893)
4(3857 3858 3895 3894)
4(3858 3859 3896 3895)
4(3859 3860 3897 3896)
4(3860 3861 3898 3897)
4(3861 3862 3899 3898)
5(3862 3864 3900 3901 3899)
4(3864 3902 3903 3900)
4(3904 3905 3906 3907)
4(3908 3909 3910 3911)
4(3912 3913 3914 3915)
5(3880 3879 3916 3917 3918)
4(3879 3882 3919 3916)
4(3882 3883 3920 3919)
4(3883 3884 3921 3920)
4(3884 3885 3922 3921)
4(3885 3886 3923 3922)
4(3886 3887 3924 3923)
4(3887 3888 3925 3924)
4(3888 3889 3926 3925)
4(3889 3890 3927 3926)
4(3890 3891 3928 3927)
4(3891 3892 3929 3928)
4(3892 3893 3930 3929)
4(3893 3894 3931 3930)
4(3894 3895 3932 3931)
4(3895 3896 3933 3932)
4(3896 3897 3934 3933)
4(3897 3898 2174 3934)
4(3898 3899 2175 2174)
5(3899 3901 2257 2178 2175)
4(3901 3935 2256 2257)
4(3936 3937 2253 2252)
4(3938 3939 3940 3941)
4(3942 3943 3944 3945)
5(3917 3916 3946 3947 3948)
4(3916 3919 3949 3946)
4(3919 3920 3950 3949)
4(3920 3921 3951 3950)
4(3921 3922 3952 3951)
4(3922 3923 3953 3952)
4(3923 3924 3954 3953)
4(3924 3925 3955 3954)
4(3925 3926 3956 3955)
4(3926 3927 3957 3956)
4(3927 3928 3958 3957)
4(3928 3929 3959 3958)
4(3929 3930 3960 3959)
4(3930 3931 3961 3960)
4(3931 3932 3962 3961)
4(3932 3933 3963 3962)
4(3933 3934 3964 3963)
4(3934 2174 2177 3964)
4(3965 3966 3967 3968)
4(3969 3970 3971 3972)
5(3947 3946 3973 3974 3975)
4(3946 3949 3976 3973)
4(3949 3950 3977 3976)
4(3950 3951 3978 3977)
4(3951 3952 3979 3978)
4(3952 3953 3980 3979)
4(3953 3954 3981 3980)
4(3954 3955 3982 3981)
4(3955 3956 3983 3982)
4(3956 3957 3984 3983)
4(3957 3958 3985 3984)
4(3958 3959 3986 3985)
4(3959 3960 3987 3986)
4(3960 3961 3988 3987)
4(3961 3962 3989 3988)
4(3962 3963 3990 3989)
4(3963 3964 2197 3990)
4(3964 2177 2188 2197)
4(3991 3992 3993 3994)
4(3995 3996 3997 3998)
5(3974 3973 3999 4000 4001)
4(3973 3976 4002 3999)
4(3976 3977 4003 4002)
4(3977 3978 4004 4003)
4(3978 3979 4005 4004)
4(3979 3980 4006 4005)
4(3980 3981 4007 4006)
4(3981 3982 4008 4007)
4(3982 3983 4009 4008)
4(3983 3984 4010 4009)
4(3984 3985 4011 4010)
4(3985 3986 4012 4011)
4(3986 3987 4013 4012)
4(3987 3988 4014 4013)
4(3988 3989 4015 4014)
4(3989 3990 4016 4015)
4(3990 2197 2199 4016)
4(4017 4018 4019 4020)
4(4021 4022 4023 4024)
5(4000 3999 4025 4026 4027)
4(3999 4002 4028 4025)
4(4002 4003 4029 4028)
4(4003 4004 4030 4029)
4(4004 4005 4031 4030)
4(4005 4006 4032 4031)
4(4006 4007 4033 4032)
4(4007 4008 4034 4033)
4(4008 4009 4035 4034)
4(4009 4010 4036 4035)
4(4010 4011 4037 4036)
4(4011 4012 4038 4037)
4(4012 4013 4039 4038)
4(4013 4014 4040 4039)
4(4014 4015 4041 4040)
4(4015 4016 4042 4041)
4(4016 2199 2210 4042)
4(4043 4044 4045 4046)
4(4047 4048 4049 4050)
5(4026 4025 4051 4052 4053)
4(4025 4028 4054 4051)
4(4028 4029 4055 4054)
4(4029 4030 4056 4055)
4(4030 4031 4057 4056)
4(4031 4032 4058 4057)
4(4032 4033 4059 4058)
4(4033 4034 4060 4059)
4(4034 4035 4061 4060)
4(4035 4036 4062 4061)
4(4036 4037 4063 4062)
4(4037 4038 4064 4063)
4(4038 4039 4065 4064)
4(4039 4040 4066 4065)
4(4040 4041 4067 4066)
4(4041 4042 4068 4067)
4(4042 2210 2221 4068)
4(4069 4070 4071 4072)
4(4073 4074 4075 4076)
5(4052 4051 4077 4078 4079)
4(4051 4054 4080 4077)
4(4054 4055 4081 4080)
4(4055 4056 4082 4081)
4(4056 4057 4083 4082)
4(4057 4058 4084 4083)
4(4058 4059 4085 4084)
4(4059 4060 4086 4085)
4(4060 4061 4087 4086)
4(4061 4062 4088 4087)
4(4062 4063 4089 4088)
4(4063 4064 4090 4089)
4(4064 4065 4091 4090)
4(4065 4066 4092 4091)
4(4066 4067 4093 4092)
4(4067 4068 4094 4093)
4(4068 2221 2232 4094)
4(4095 4096 4097 4098)
4(4099 4100 4101 4102)
5(4078 4077 4103 4104 4105)
4(4077 4080 4106 4103)
4(4080 4081 4107 4106)
4(4081 4082 4108 4107)
4(4082 4083 4109 4108)
4(4083 4084 4110 4109)
4(4084 4085 4111 4110)
4(4085 4086 4112 4111)
4(4086 4087 4113 4112)
4(4087 4088 4114 4113)
4(4088 4089 4115 4114)
4(4089 4090 4116 4115)
4(4090 4091 4117 4116)
4(4091 4092 4118 4117)
4(4092 4093 4119 4118)
4(4093 4094 4120 4119)
4(4094 2232 2242 4120)
4(4121 4122 4123 4124)
4(4125 4126 4127 4128)
5(4104 4103 4129 3308 4130)
4(4103 4106 4131 4129)
4(4106 4107 4132 4131)
4(4107 4108 4133 4132)
4(4108 4109 4134 4133)
4(4109 4110 4135 4134)
4(4110 4111 4136 4135)
4(4111 4112 4137 4136)
4(4112 4113 4138 4137)
4(4113 4114 4139 4138)
4(4114 4115 4140 4139)
4(4115 4116 4141 4140)
4(4116 4117 4142 4141)
4(4117 4118 4143 4142)
4(4118 4119 4144 4143)
4(4119 4120 2251 4144)
4(4120 2242 2250 2251)
5(3308 4129 4145 3310 3309)
4(4129 4131 4146 4145)
4(4131 4132 4147 4146)
4(4132 4133 4148 4147)
4(4133 4134 4149 4148)
4(4134 4135 4150 4149)
4(4135 4136 4151 4150)
4(4136 4137 4152 4151)
4(4137 4138 4153 4152)
4(4138 4139 4154 4153)
4(4139 4140 4155 4154)
4(4140 4141 4156 4155)
4(4141 4142 4157 4156)
4(4142 4143 4158 4157)
4(4143 4144 4159 4158)
4(4144 2251 2143 4159)
5(3310 4145 3279 3278 3311)
4(4145 4146 3281 3279)
4(4146 4147 3282 3281)
4(4147 4148 3284 3282)
4(4148 4149 3286 3284)
4(4149 4150 3288 3286)
4(4150 4151 3289 3288)
4(4151 4152 3290 3289)
4(4152 4153 3291 3290)
4(4153 4154 3233 3291)
4(4154 4155 3234 3233)
4(4155 4156 3237 3234)
4(4156 4157 3239 3237)
4(4157 4158 3241 3239)
4(4158 4159 3243 3241)
4(4159 2143 2146 3243)
4(3382 3386 4160 3383)
4(3427 4161 4160 3386)
4(3460 3426 3425 3461)
4(3427 3430 4162 4161)
4(3464 4163 4162 3430)
4(3497 3463 3462 3498)
4(3464 3467 4164 4163)
4(3501 4165 4164 3467)
4(3534 3500 3499 3535)
4(3501 3504 4166 4165)
4(3538 4167 4166 3504)
4(3571 3537 3536 3572)
4(3538 3541 4168 4167)
4(3575 4169 4168 3541)
4(3608 3574 3573 3609)
4(3575 3578 4170 4169)
4(3612 4171 4170 3578)
4(3645 3611 3610 3646)
4(3612 3615 4172 4171)
4(3649 4173 4172 3615)
4(3682 3648 3647 3683)
4(3649 3652 4174 4173)
4(3686 4175 4174 3652)
4(3719 3685 3684 3720)
4(3686 3689 4176 4175)
4(3723 4177 4176 3689)
4(3756 3722 3721 3757)
4(3723 3726 4178 4177)
4(3760 4179 4178 3726)
4(3793 3759 3758 3794)
4(3760 3763 4180 4179)
4(3797 4181 4180 3763)
4(3830 3796 3795 3831)
4(3797 3800 4182 4181)
4(3834 4183 4182 3800)
4(3867 3833 3832 3868)
4(3834 3837 4184 4183)
4(3871 4185 4184 3837)
4(3904 3870 3869 3905)
4(3871 3874 4186 4185)
4(3908 4187 4186 3874)
4(3936 3907 3906 3937)
4(3908 3911 4188 4187)
4(3938 4189 4188 3911)
4(3938 3941 4190 4189)
4(3965 4191 4190 3941)
4(3965 3968 4192 4191)
4(3991 4193 4192 3968)
4(3991 3994 4194 4193)
4(4017 4195 4194 3994)
4(4017 4020 4196 4195)
4(4043 4197 4196 4020)
4(4043 4046 4198 4197)
4(4069 4199 4198 4046)
4(4069 4072 4200 4199)
4(4095 4201 4200 4072)
4(4095 4098 4202 4201)
4(4121 4203 4202 4098)
4(4121 4124 4204 4203)
4(3254 3301 4204 4124)
4(3335 3332 3312 3315)
4(3331 3313 3312 3332)
4(3317 3336 3314 3318)
4(3335 3315 3314 3336)
4(3335 3338 3333 3332)
4(3358 3355 3333 3338)
4(3354 3334 3333 3355)
4(3317 3341 3337 3336)
4(3340 3359 3337 3341)
4(3358 3338 3337 3359)
4(3358 3361 3356 3355)
4(3387 3384 3356 3361)
4(3382 3357 3356 3384)
4(3340 3364 3360 3359)
4(3363 3388 3360 3364)
4(3387 3361 3360 3388)
4(3387 3390 3385 3384)
4(3431 3428 3385 3390)
4(3427 3386 3385 3428)
4(3363 3393 3389 3388)
4(3392 3432 3389 3393)
4(3431 3390 3389 3432)
4(3423 3426 3422 3421)
4(3460 3458 3422 3426)
4(3420 3419 3422 3458)
4(3431 3434 3429 3428)
4(3468 3465 3429 3434)
4(3464 3430 3429 3465)
4(3392 3437 3433 3432)
4(3436 3469 3433 3437)
4(3468 3434 3433 3469)
4(3460 3463 3459 3458)
4(3497 3495 3459 3463)
4(3457 3456 3459 3495)
4(3468 3471 3466 3465)
4(3505 3502 3466 3471)
4(3501 3467 3466 3502)
4(3436 3474 3470 3469)
4(3473 3506 3470 3474)
4(3505 3471 3470 3506)
4(3497 3500 3496 3495)
4(3534 3532 3496 3500)
4(3494 3493 3496 3532)
4(3505 3508 3503 3502)
4(3542 3539 3503 3508)
4(3538 3504 3503 3539)
4(3473 3511 3507 3506)
4(3510 3543 3507 3511)
4(3542 3508 3507 3543)
4(3534 3537 3533 3532)
4(3571 3569 3533 3537)
4(3531 3530 3533 3569)
4(3542 3545 3540 3539)
4(3579 3576 3540 3545)
4(3575 3541 3540 3576)
4(3510 3548 3544 3543)
4(3547 3580 3544 3548)
4(3579 3545 3544 3580)
4(3571 3574 3570 3569)
4(3608 3606 3570 3574)
4(3568 3567 3570 3606)
4(3579 3582 3577 3576)
4(3616 3613 3577 3582)
4(3612 3578 3577 3613)
4(3547 3585 3581 3580)
4(3584 3617 3581 3585)
4(3616 3582 3581 3617)
4(3608 3611 3607 3606)
4(3645 3643 3607 3611)
4(3605 3604 3607 3643)
4(3616 3619 3614 3613)
4(3653 3650 3614 3619)
4(3649 3615 3614 3650)
4(3584 3622 3618 3617)
4(3621 3654 3618 3622)
4(3653 3619 3618 3654)
4(3645 3648 3644 3643)
4(3682 3680 3644 3648)
4(3642 3641 3644 3680)
4(3653 3656 3651 3650)
4(3690 3687 3651 3656)
4(3686 3652 3651 3687)
4(3621 3659 3655 3654)
4(3658 3691 3655 3659)
4(3690 3656 3655 3691)
4(3682 3685 3681 3680)
4(3719 3717 3681 3685)
4(3679 3678 3681 3717)
4(3690 3693 3688 3687)
4(3727 3724 3688 3693)
4(3723 3689 3688 3724)
4(3658 3696 3692 3691)
4(3695 3728 3692 3696)
4(3727 3693 3692 3728)
4(3719 3722 3718 3717)
4(3756 3754 3718 3722)
4(3716 3715 3718 3754)
4(3727 3730 3725 3724)
4(3764 3761 3725 3730)
4(3760 3726 3725 3761)
4(3695 3733 3729 3728)
4(3732 3765 3729 3733)
4(3764 3730 3729 3765)
4(3756 3759 3755 3754)
4(3793 3791 3755 3759)
4(3753 3752 3755 3791)
4(3764 3767 3762 3761)
4(3801 3798 3762 3767)
4(3797 3763 3762 3798)
4(3732 3770 3766 3765)
4(3769 3802 3766 3770)
4(3801 3767 3766 3802)
4(3793 3796 3792 3791)
4(3830 3828 3792 3796)
4(3790 3789 3792 3828)
4(3801 3804 3799 3798)
4(3838 3835 3799 3804)
4(3834 3800 3799 3835)
4(3769 3807 3803 3802)
4(3806 3839 3803 3807)
4(3838 3804 3803 3839)
4(3830 3833 3829 3828)
4(3867 3865 3829 3833)
4(3827 3826 3829 3865)
4(3838 3841 3836 3835)
4(3875 3872 3836 3841)
4(3871 3837 3836 3872)
4(3806 3844 3840 3839)
4(3843 3876 3840 3844)
4(3875 3841 3840 3876)
4(3867 3870 3866 3865)
4(3904 3902 3866 3870)
4(3864 3863 3866 3902)
4(3875 3878 3873 3872)
4(3912 3909 3873 3878)
4(3908 3874 3873 3909)
4(3843 3881 3877 3876)
4(3880 3913 3877 3881)
4(3912 3878 3877 3913)
4(3904 3907 3903 3902)
4(3936 3935 3903 3907)
4(3901 3900 3903 3935)
4(3912 3915 3910 3909)
4(3942 3939 3910 3915)
4(3938 3911 3910 3939)
4(3880 3918 3914 3913)
4(3917 3943 3914 3918)
4(3942 3915 3914 3943)
4(3936 2252 2256 3935)
4(3942 3945 3940 3939)
4(3969 3966 3940 3945)
4(3965 3941 3940 3966)
4(3917 3948 3944 3943)
4(3947 3970 3944 3948)
4(3969 3945 3944 3970)
4(3969 3972 3967 3966)
4(3995 3992 3967 3972)
4(3991 3968 3967 3992)
4(3947 3975 3971 3970)
4(3974 3996 3971 3975)
4(3995 3972 3971 3996)
4(3995 3998 3993 3992)
4(4021 4018 3993 3998)
4(4017 3994 3993 4018)
4(3974 4001 3997 3996)
4(4000 4022 3997 4001)
4(4021 3998 3997 4022)
4(4021 4024 4019 4018)
4(4047 4044 4019 4024)
4(4043 4020 4019 4044)
4(4000 4027 4023 4022)
4(4026 4048 4023 4027)
4(4047 4024 4023 4048)
4(4047 4050 4045 4044)
4(4073 4070 4045 4050)
4(4069 4046 4045 4070)
4(4026 4053 4049 4048)
4(4052 4074 4049 4053)
4(4073 4050 4049 4074)
4(4073 4076 4071 4070)
4(4099 4096 4071 4076)
4(4095 4072 4071 4096)
4(4052 4079 4075 4074)
4(4078 4100 4075 4079)
4(4099 4076 4075 4100)
4(4099 4102 4097 4096)
4(4125 4122 4097 4102)
4(4121 4098 4097 4122)
4(4078 4105 4101 4100)
4(4104 4126 4101 4105)
4(4125 4102 4101 4126)
4(4125 4128 4123 4122)
4(3258 3255 4123 4128)
4(3254 4124 4123 3255)
4(4104 4130 4127 4126)
4(3308 3259 4127 4130)
4(3258 4128 4127 3259)
4(4205 4206 4213 4212)
5(4206 4207 4214 4215 4213)
4(3330 4208 4219 3353)
4(4208 4209 4220 4219)
4(4209 4210 4221 4220)
4(4210 4211 4222 4221)
4(4211 4212 4223 4222)
4(4212 4213 4224 4223)
5(4213 4215 4225 4226 4224)
4(4215 4227 4228 4225)
4(4229 4230 4231 4232)
4(3353 4219 3406 3376)
4(4219 4220 3408 3406)
4(4220 4221 3410 3408)
4(4221 4222 3412 3410)
4(4222 4223 3414 3412)
4(4223 4224 3416 3414)
5(4224 4226 4233 3418 3416)
4(4226 4234 4235 4233)
4(4236 4237 4238 4239)
4(4229 4218 4217 4230)
4(4236 4232 4231 4237)
4(3423 4239 4238 3424)
4(4229 4227 4216 4218)
4(4215 4214 4216 4227)
4(4229 4232 4228 4227)
4(4236 4234 4228 4232)
4(4226 4225 4228 4234)
4(4236 4239 4235 4234)
4(3423 3421 4235 4239)
4(3418 4233 4235 3421)
4(0 3 2 1)
5(1 2 6 5 4)
4(4 5 8 7)
4(9 12 11 10)
4(3 14 13 2)
5(2 13 16 15 6)
4(6 15 18 17)
4(19 22 21 20)
4(23 26 25 24)
4(24 25 27 14)
4(14 27 28 13)
5(13 28 30 29 16)
4(16 29 32 31)
4(33 36 35 34)
4(30 39 38 37)
4(40 43 42 41)
4(44 47 46 45)
4(48 51 50 49)
4(19 20 11 12)
4(33 34 21 22)
4(40 41 35 36)
4(48 49 42 43)
4(52 53 50 51)
4(54 57 56 55)
5(55 56 60 59 58)
4(58 59 62 61)
4(63 66 65 64)
4(57 68 67 56)
5(56 67 70 69 60)
4(60 69 72 71)
4(73 76 75 74)
4(77 79 78 68)
4(68 78 80 67)
5(67 80 82 81 70)
4(70 81 84 83)
4(85 88 87 86)
4(79 90 89 78)
4(78 89 91 80)
5(80 91 93 92 82)
4(82 92 95 94)
4(96 99 98 97)
4(90 101 100 89)
4(89 100 102 91)
5(91 102 104 103 93)
4(93 103 106 105)
4(107 110 109 108)
4(101 112 111 100)
4(100 111 113 102)
5(102 113 115 114 104)
4(104 114 117 116)
4(118 121 120 119)
4(112 122 0 111)
4(111 0 1 113)
5(113 1 4 123 115)
4(115 123 125 124)
4(126 129 128 127)
4(122 130 3 0)
4(131 23 24 130)
4(130 24 14 3)
4(63 64 133 132)
4(73 74 65 66)
4(85 86 75 76)
4(96 97 87 88)
4(107 108 98 99)
4(118 119 109 110)
4(126 127 120 121)
4(9 10 128 129)
4(9 7 8 12)
4(19 12 8 17)
4(6 17 8 5)
4(19 17 18 22)
4(33 22 18 31)
4(16 31 18 15)
4(33 31 32 36)
4(40 36 32 37)
4(30 37 32 29)
4(40 37 38 43)
4(48 43 38 45)
4(44 45 38 39)
4(48 45 46 51)
4(52 51 46 134)
4(135 134 46 47)
4(63 132 136 61)
4(58 61 136 137)
4(63 61 62 66)
4(73 66 62 71)
4(60 71 62 59)
4(73 71 72 76)
4(85 76 72 83)
4(70 83 72 69)
4(85 83 84 88)
4(96 88 84 94)
4(82 94 84 81)
4(96 94 95 99)
4(107 99 95 105)
4(93 105 95 92)
4(107 105 106 110)
4(118 110 106 116)
4(104 116 106 103)
4(118 116 117 121)
4(126 121 117 124)
4(115 124 117 114)
4(126 124 125 129)
4(9 129 125 7)
4(4 7 125 123)
4(26 139 138 25)
4(25 138 140 27)
4(27 140 141 28)
5(28 141 44 39 30)
4(139 143 142 138)
4(138 142 144 140)
4(140 144 145 141)
5(141 145 135 47 44)
4(146 149 148 147)
4(147 148 151 150)
4(150 151 153 152)
4(152 153 155 154)
4(156 159 158 157)
4(157 158 161 160)
4(160 161 163 162)
4(162 163 164 143)
4(143 164 165 142)
4(142 165 166 144)
4(144 166 167 145)
5(145 167 169 168 135)
4(135 168 170 134)
4(52 172 171 53)
4(173 176 175 174)
4(177 180 179 178)
5(181 185 184 183 182)
4(182 183 186 149)
4(149 186 187 148)
4(148 187 188 151)
4(151 188 189 153)
4(153 189 190 155)
4(155 190 192 191)
4(191 192 194 193)
4(193 194 196 195)
4(195 196 198 197)
4(197 198 200 199)
4(199 200 201 159)
4(159 201 202 158)
4(158 202 203 161)
4(161 203 204 163)
4(163 204 205 164)
4(164 205 206 165)
4(165 206 207 166)
4(166 207 208 167)
5(167 208 210 209 169)
4(169 209 212 211)
4(213 216 215 214)
4(217 220 219 218)
4(221 224 223 222)
5(184 227 226 225 183)
4(183 225 228 186)
4(186 228 229 187)
4(187 229 230 188)
4(188 230 231 189)
4(189 231 232 190)
4(190 232 233 192)
4(192 233 234 194)
4(194 234 235 196)
4(196 235 236 198)
4(198 236 237 200)
4(200 237 238 201)
4(201 238 239 202)
4(202 239 240 203)
4(203 240 241 204)
4(204 241 242 205)
4(205 242 243 206)
4(206 243 244 207)
4(207 244 245 208)
5(208 245 247 246 210)
4(210 246 249 248)
4(250 253 252 251)
4(254 257 256 255)
4(258 261 260 259)
5(226 264 263 262 225)
4(225 262 265 228)
4(228 265 266 229)
4(229 266 267 230)
4(230 267 268 231)
4(231 268 269 232)
4(232 269 270 233)
4(233 270 271 234)
4(234 271 272 235)
4(235 272 273 236)
4(236 273 274 237)
4(237 274 275 238)
4(238 275 276 239)
4(239 276 277 240)
4(240 277 278 241)
4(241 278 279 242)
4(242 279 280 243)
4(243 280 281 244)
4(244 281 282 245)
5(245 282 284 283 247)
4(247 283 286 285)
4(287 290 289 288)
4(291 294 293 292)
4(295 298 297 296)
5(263 301 300 299 262)
4(262 299 302 265)
4(265 302 303 266)
4(266 303 304 267)
4(267 304 305 268)
4(268 305 306 269)
4(269 306 307 270)
4(270 307 308 271)
4(271 308 309 272)
4(272 309 310 273)
4(273 310 311 274)
4(274 311 312 275)
4(275 312 313 276)
4(276 313 314 277)
4(277 314 315 278)
4(278 315 316 279)
4(279 316 317 280)
4(280 317 318 281)
4(281 318 319 282)
5(282 319 321 320 284)
4(284 320 323 322)
4(324 327 326 325)
4(328 331 330 329)
4(332 335 334 333)
5(300 338 337 336 299)
4(299 336 339 302)
4(302 339 340 303)
4(303 340 341 304)
4(304 341 342 305)
4(305 342 343 306)
4(306 343 344 307)
4(307 344 345 308)
4(308 345 346 309)
4(309 346 347 310)
4(310 347 348 311)
4(311 348 349 312)
4(312 349 350 313)
4(313 350 351 314)
4(314 351 352 315)
4(315 352 353 316)
4(316 353 354 317)
4(317 354 355 318)
4(318 355 356 319)
5(319 356 358 357 321)
4(321 357 360 359)
4(361 364 363 362)
4(365 368 367 366)
4(369 372 371 370)
5(337 375 374 373 336)
4(336 373 376 339)
4(339 376 377 340)
4(340 377 378 341)
4(341 378 379 342)
4(342 379 380 343)
4(343 380 381 344)
4(344 381 382 345)
4(345 382 383 346)
4(346 383 384 347)
4(347 384 385 348)
4(348 385 386 349)
4(349 386 387 350)
4(350 387 388 351)
4(351 388 389 352)
4(352 389 390 353)
4(353 390 391 354)
4(354 391 392 355)
4(355 392 393 356)
5(356 393 395 394 358)
4(358 394 397 396)
4(398 401 400 399)
4(402 405 404 403)
4(406 409 408 407)
5(374 412 411 410 373)
4(373 410 413 376)
4(376 413 414 377)
4(377 414 415 378)
4(378 415 416 379)
4(379 416 417 380)
4(380 417 418 381)
4(381 418 419 382)
4(382 419 420 383)
4(383 420 421 384)
4(384 421 422 385)
4(385 422 423 386)
4(386 423 424 387)
4(387 424 425 388)
4(388 425 426 389)
4(389 426 427 390)
4(390 427 428 391)
4(391 428 429 392)
4(392 429 430 393)
5(393 430 432 431 395)
4(395 431 434 433)
4(435 438 437 436)
4(439 442 441 440)
4(443 446 445 444)
5(411 449 448 447 410)
4(410 447 450 413)
4(413 450 451 414)
4(414 451 452 415)
4(415 452 453 416)
4(416 453 454 417)
4(417 454 455 418)
4(418 455 456 419)
4(419 456 457 420)
4(420 457 458 421)
4(421 458 459 422)
4(422 459 460 423)
4(423 460 461 424)
4(424 461 462 425)
4(425 462 463 426)
4(426 463 464 427)
4(427 464 465 428)
4(428 465 466 429)
4(429 466 467 430)
5(430 467 469 468 432)
4(432 468 471 470)
4(472 475 474 473)
4(476 479 478 477)
4(480 483 482 481)
5(448 486 485 484 447)
4(447 484 487 450)
4(450 487 488 451)
4(451 488 489 452)
4(452 489 490 453)
4(453 490 491 454)
4(454 491 492 455)
4(455 492 493 456)
4(456 493 494 457)
4(457 494 495 458)
4(458 495 496 459)
4(459 496 497 460)
4(460 497 498 461)
4(461 498 499 462)
4(462 499 500 463)
4(463 500 501 464)
4(464 501 502 465)
4(465 502 503 466)
4(466 503 504 467)
5(467 504 506 505 469)
4(469 505 508 507)
4(509 512 511 510)
4(513 516 515 514)
4(517 520 519 518)
5(485 523 522 521 484)
4(484 521 524 487)
4(487 524 525 488)
4(488 525 526 489)
4(489 526 527 490)
4(490 527 528 491)
4(491 528 529 492)
4(492 529 530 493)
4(493 530 531 494)
4(494 531 532 495)
4(495 532 533 496)
4(496 533 534 497)
4(497 534 535 498)
4(498 535 536 499)
4(499 536 537 500)
4(500 537 538 501)
4(501 538 539 502)
4(502 539 540 503)
4(503 540 541 504)
5(504 541 543 542 506)
4(506 542 545 544)
4(546 549 548 547)
4(550 553 552 551)
4(554 557 556 555)
5(522 560 559 558 521)
4(521 558 561 524)
4(524 561 562 525)
4(525 562 563 526)
4(526 563 564 527)
4(527 564 565 528)
4(528 565 566 529)
4(529 566 567 530)
4(530 567 568 531)
4(531 568 569 532)
4(532 569 570 533)
4(533 570 571 534)
4(534 571 572 535)
4(535 572 573 536)
4(536 573 574 537)
4(537 574 575 538)
4(538 575 576 539)
4(539 576 577 540)
4(540 577 578 541)
5(541 578 580 579 543)
4(543 579 582 581)
4(583 586 585 584)
4(587 590 589 588)
4(591 594 593 592)
5(559 597 596 595 558)
4(558 595 598 561)
4(561 598 599 562)
4(562 599 600 563)
4(563 600 601 564)
4(564 601 602 565)
4(565 602 603 566)
4(566 603 604 567)
4(567 604 605 568)
4(568 605 606 569)
4(569 606 607 570)
4(570 607 608 571)
4(571 608 609 572)
4(572 609 610 573)
4(573 610 611 574)
4(574 611 612 575)
4(575 612 613 576)
4(576 613 614 577)
4(577 614 615 578)
5(578 615 617 616 580)
4(580 616 619 618)
4(620 623 622 621)
4(624 627 626 625)
4(628 631 630 629)
5(596 634 633 632 595)
4(595 632 635 598)
4(598 635 636 599)
4(599 636 637 600)
4(600 637 638 601)
4(601 638 639 602)
4(602 639 640 603)
4(603 640 641 604)
4(604 641 642 605)
4(605 642 643 606)
4(606 643 644 607)
4(607 644 645 608)
4(608 645 646 609)
4(609 646 647 610)
4(610 647 648 611)
4(611 648 649 612)
4(612 649 650 613)
4(613 650 651 614)
4(614 651 652 615)
5(615 652 654 653 617)
4(617 653 656 655)
4(657 660 659 658)
4(661 664 663 662)
4(665 668 667 666)
5(633 671 670 669 632)
4(632 669 672 635)
4(635 672 673 636)
4(636 673 674 637)
4(637 674 675 638)
4(638 675 676 639)
4(639 676 677 640)
4(640 677 678 641)
4(641 678 679 642)
4(642 679 680 643)
4(643 680 681 644)
4(644 681 682 645)
4(645 682 683 646)
4(646 683 684 647)
4(647 684 685 648)
4(648 685 686 649)
4(649 686 687 650)
4(650 687 688 651)
4(651 688 689 652)
5(652 689 691 690 654)
4(654 690 693 692)
4(694 697 696 695)
4(698 701 700 699)
4(702 705 704 703)
5(670 708 707 706 669)
4(669 706 709 672)
4(672 709 710 673)
4(673 710 711 674)
4(674 711 712 675)
4(675 712 713 676)
4(676 713 714 677)
4(677 714 715 678)
4(678 715 716 679)
4(679 716 717 680)
4(680 717 718 681)
4(681 718 719 682)
4(682 719 720 683)
4(683 720 721 684)
4(684 721 722 685)
4(685 722 723 686)
4(686 723 724 687)
4(687 724 725 688)
4(688 725 726 689)
5(689 726 728 727 691)
4(691 727 730 729)
4(731 734 733 732)
4(735 738 737 736)
4(739 742 741 740)
5(707 745 744 743 706)
4(706 743 746 709)
4(709 746 747 710)
4(710 747 748 711)
4(711 748 749 712)
4(712 749 750 713)
4(713 750 751 714)
4(714 751 752 715)
4(715 752 753 716)
4(716 753 754 717)
4(717 754 755 718)
4(718 755 756 719)
4(719 756 757 720)
4(720 757 758 721)
4(721 758 759 722)
4(722 759 760 723)
4(723 760 761 724)
4(724 761 762 725)
4(725 762 763 726)
5(726 763 765 764 728)
4(728 764 767 766)
4(768 771 770 769)
4(772 775 774 773)
4(776 779 778 777)
5(744 782 781 780 743)
4(743 780 783 746)
4(746 783 784 747)
4(747 784 785 748)
4(748 785 786 749)
4(749 786 787 750)
4(750 787 788 751)
4(751 788 789 752)
4(752 789 790 753)
4(753 790 791 754)
4(754 791 792 755)
4(755 792 793 756)
4(756 793 794 757)
4(757 794 795 758)
4(758 795 796 759)
4(759 796 797 760)
4(760 797 798 761)
4(761 798 799 762)
4(762 799 800 763)
5(763 800 802 801 765)
4(765 801 804 803)
4(805 808 807 806)
4(809 812 811 810)
4(813 816 815 814)
5(781 819 818 817 780)
4(780 817 820 783)
4(783 820 821 784)
4(784 821 822 785)
4(785 822 823 786)
4(786 823 824 787)
4(787 824 825 788)
4(788 825 826 789)
4(789 826 827 790)
4(790 827 828 791)
4(791 828 829 792)
4(792 829 830 793)
4(793 830 831 794)
4(794 831 832 795)
4(795 832 833 796)
4(796 833 834 797)
4(797 834 835 798)
4(798 835 836 799)
4(799 836 837 800)
5(800 837 839 838 802)
4(802 838 841 840)
4(842 845 844 843)
4(846 849 848 847)
4(850 853 852 851)
6(818 857 856 855 854 817)
5(817 854 859 858 820)
5(820 858 861 860 821)
5(821 860 863 862 822)
5(822 862 865 864 823)
5(823 864 867 866 824)
5(824 866 869 868 825)
5(825 868 871 870 826)
5(826 870 873 872 827)
5(827 872 875 874 828)
5(828 874 877 876 829)
5(829 876 879 878 830)
5(830 878 881 880 831)
5(831 880 883 882 832)
5(832 882 885 884 833)
5(833 884 887 886 834)
5(834 886 889 888 835)
5(835 888 891 890 836)
5(836 890 893 892 837)
6(837 892 896 895 894 839)
4(839 894 898 897)
4(899 902 901 900)
4(903 906 905 904)
4(907 910 909 908)
4(856 912 911 855)
4(854 914 913 859)
4(858 916 915 861)
4(860 918 917 863)
4(862 920 919 865)
4(864 922 921 867)
4(866 924 923 869)
4(868 926 925 871)
4(870 928 927 873)
4(872 930 929 875)
4(874 932 931 877)
4(876 934 933 879)
4(878 936 935 881)
4(880 938 937 883)
4(882 940 939 885)
4(884 942 941 887)
4(886 944 943 889)
4(888 946 945 891)
4(890 948 947 893)
4(892 950 949 896)
4(895 953 952 951)
4(954 957 956 955)
4(958 961 960 959)
4(962 965 964 963)
4(966 969 968 967)
4(970 973 972 971)
4(974 977 976 975)
4(978 981 980 979)
4(982 985 984 983)
4(986 989 988 987)
4(990 993 992 991)
4(994 997 996 995)
4(998 1001 1000 999)
4(1002 1005 1004 1003)
4(1006 1009 1008 1007)
4(1010 1013 1012 1011)
4(1014 1017 1016 1015)
4(1018 1021 1020 1019)
4(1022 1025 1024 1023)
4(1026 1029 1028 1027)
4(1030 1033 1032 1031)
4(1034 1037 1036 1035)
4(1038 1041 1040 1039)
4(1042 1045 1044 1043)
4(1046 1049 1048 1047)
4(1050 1053 1052 1051)
4(213 214 171 172)
4(173 1055 1054 176)
4(217 176 1054 1056)
4(250 251 215 216)
4(217 1056 1057 220)
4(254 220 1057 1058)
4(287 288 252 253)
4(254 1058 1059 257)
4(291 257 1059 1060)
4(324 325 289 290)
4(291 1060 1061 294)
4(328 294 1061 1062)
4(361 362 326 327)
4(328 1062 1063 331)
4(365 331 1063 1064)
4(398 399 363 364)
4(365 1064 1065 368)
4(402 368 1065 1066)
4(435 436 400 401)
4(402 1066 1067 405)
4(439 405 1067 1068)
4(472 473 437 438)
4(439 1068 1069 442)
4(476 442 1069 1070)
4(509 510 474 475)
4(476 1070 1071 479)
4(513 479 1071 1072)
4(546 547 511 512)
4(513 1072 1073 516)
4(550 516 1073 1074)
4(583 584 548 549)
4(550 1074 1075 553)
4(587 553 1075 1076)
4(620 621 585 586)
4(587 1076 1077 590)
4(624 590 1077 1078)
4(657 658 622 623)
4(624 1078 1079 627)
4(661 627 1079 1080)
4(694 695 659 660)
4(661 1080 1081 664)
4(698 664 1081 1082)
4(731 732 696 697)
4(698 1082 1083 701)
4(735 701 1083 1084)
4(768 769 733 734)
4(735 1084 1085 738)
4(772 738 1085 1086)
4(805 806 770 771)
4(772 1086 1087 775)
4(809 775 1087 1088)
4(842 843 807 808)
4(809 1088 1089 812)
4(846 812 1089 1090)
4(899 900 844 845)
4(846 1090 1091 849)
4(903 849 1091 1092)
4(954 955 901 902)
4(903 1092 1093 906)
4(958 906 1093 1094)
4(1050 1051 956 957)
4(958 1094 1095 961)
4(962 959 960 965)
4(966 963 964 969)
4(970 967 968 973)
4(974 971 972 977)
4(978 975 976 981)
4(982 979 980 985)
4(986 983 984 989)
4(990 987 988 993)
4(994 991 992 997)
4(998 995 996 1001)
4(1002 999 1000 1005)
4(1006 1003 1004 1009)
4(1010 1007 1008 1013)
4(1014 1011 1012 1017)
4(1018 1015 1016 1021)
4(1022 1019 1020 1025)
4(1026 1023 1024 1029)
4(1030 1027 1028 1033)
4(1034 1031 1032 1037)
4(1038 1035 1036 1041)
4(1042 1039 1040 1045)
4(1046 1043 1044 1049)
4(1050 1047 1048 1053)
5(1096 1100 1099 1098 1097)
4(1097 1098 146 1101)
4(1102 1105 1104 1103)
4(1106 1109 1108 1107)
5(1099 1110 181 182 1098)
4(1098 182 149 146)
4(1102 1112 1111 1105)
4(173 1105 1111 1055)
4(52 134 170 172)
4(213 172 170 211)
4(169 211 170 168)
4(177 174 175 180)
4(221 180 175 218)
4(217 218 175 176)
4(181 178 179 185)
4(184 185 179 222)
4(221 222 179 180)
4(213 211 212 216)
4(250 216 212 248)
4(210 248 212 209)
4(221 218 219 224)
4(258 224 219 255)
4(254 255 219 220)
4(184 222 223 227)
4(226 227 223 259)
4(258 259 223 224)
4(250 248 249 253)
4(287 253 249 285)
4(247 285 249 246)
4(258 255 256 261)
4(295 261 256 292)
4(291 292 256 257)
4(226 259 260 264)
4(263 264 260 296)
4(295 296 260 261)
4(287 285 286 290)
4(324 290 286 322)
4(284 322 286 283)
4(295 292 293 298)
4(332 298 293 329)
4(328 329 293 294)
4(263 296 297 301)
4(300 301 297 333)
4(332 333 297 298)
4(324 322 323 327)
4(361 327 323 359)
4(321 359 323 320)
4(332 329 330 335)
4(369 335 330 366)
4(365 366 330 331)
4(300 333 334 338)
4(337 338 334 370)
4(369 370 334 335)
4(361 359 360 364)
4(398 364 360 396)
4(358 396 360 357)
4(369 366 367 372)
4(406 372 367 403)
4(402 403 367 368)
4(337 370 371 375)
4(374 375 371 407)
4(406 407 371 372)
4(398 396 397 401)
4(435 401 397 433)
4(395 433 397 394)
4(406 403 404 409)
4(443 409 404 440)
4(439 440 404 405)
4(374 407 408 412)
4(411 412 408 444)
4(443 444 408 409)
4(435 433 434 438)
4(472 438 434 470)
4(432 470 434 431)
4(443 440 441 446)
4(480 446 441 477)
4(476 477 441 442)
4(411 444 445 449)
4(448 449 445 481)
4(480 481 445 446)
4(472 470 471 475)
4(509 475 471 507)
4(469 507 471 468)
4(480 477 478 483)
4(517 483 478 514)
4(513 514 478 479)
4(448 481 482 486)
4(485 486 482 518)
4(517 518 482 483)
4(509 507 508 512)
4(546 512 508 544)
4(506 544 508 505)
4(517 514 515 520)
4(554 520 515 551)
4(550 551 515 516)
4(485 518 519 523)
4(522 523 519 555)
4(554 555 519 520)
4(546 544 545 549)
4(583 549 545 581)
4(543 581 545 542)
4(554 551 552 557)
4(591 557 552 588)
4(587 588 552 553)
4(522 555 556 560)
4(559 560 556 592)
4(591 592 556 557)
4(583 581 582 586)
4(620 586 582 618)
4(580 618 582 579)
4(591 588 589 594)
4(628 594 589 625)
4(624 625 589 590)
4(559 592 593 597)
4(596 597 593 629)
4(628 629 593 594)
4(620 618 619 623)
4(657 623 619 655)
4(617 655 619 616)
4(628 625 626 631)
4(665 631 626 662)
4(661 662 626 627)
4(596 629 630 634)
4(633 634 630 666)
4(665 666 630 631)
4(657 655 656 660)
4(694 660 656 692)
4(654 692 656 653)
4(665 662 663 668)
4(702 668 663 699)
4(698 699 663 664)
4(633 666 667 671)
4(670 671 667 703)
4(702 703 667 668)
4(694 692 693 697)
4(731 697 693 729)
4(691 729 693 690)
4(702 699 700 705)
4(739 705 700 736)
4(735 736 700 701)
4(670 703 704 708)
4(707 708 704 740)
4(739 740 704 705)
4(731 729 730 734)
4(768 734 730 766)
4(728 766 730 727)
4(739 736 737 742)
4(776 742 737 773)
4(772 773 737 738)
4(707 740 741 745)
4(744 745 741 777)
4(776 777 741 742)
4(768 766 767 771)
4(805 771 767 803)
4(765 803 767 764)
4(776 773 774 779)
4(813 779 774 810)
4(809 810 774 775)
4(744 777 778 782)
4(781 782 778 814)
4(813 814 778 779)
4(805 803 804 808)
4(842 808 804 840)
4(802 840 804 801)
4(813 810 811 816)
4(850 816 811 847)
4(846 847 811 812)
4(781 814 815 819)
4(818 819 815 851)
4(850 851 815 816)
4(842 840 841 845)
4(899 845 841 897)
4(839 897 841 838)
4(850 847 848 853)
4(907 853 848 904)
4(903 904 848 849)
4(818 851 852 857)
4(856 857 852 908)
4(907 908 852 853)
4(899 897 898 902)
4(954 902 898 951)
4(895 951 898 894)
4(907 904 905 910)
4(962 910 905 959)
4(958 959 905 906)
4(856 908 909 912)
4(966 912 909 963)
4(962 963 909 910)
4(854 855 911 914)
4(970 914 911 967)
4(966 967 911 912)
4(858 859 913 916)
4(974 916 913 971)
4(970 971 913 914)
4(860 861 915 918)
4(978 918 915 975)
4(974 975 915 916)
4(862 863 917 920)
4(982 920 917 979)
4(978 979 917 918)
4(864 865 919 922)
4(986 922 919 983)
4(982 983 919 920)
4(866 867 921 924)
4(990 924 921 987)
4(986 987 921 922)
4(868 869 923 926)
4(994 926 923 991)
4(990 991 923 924)
4(870 871 925 928)
4(998 928 925 995)
4(994 995 925 926)
4(872 873 927 930)
4(1002 930 927 999)
4(998 999 927 928)
4(874 875 929 932)
4(1006 932 929 1003)
4(1002 1003 929 930)
4(876 877 931 934)
4(1010 934 931 1007)
4(1006 1007 931 932)
4(878 879 933 936)
4(1014 936 933 1011)
4(1010 1011 933 934)
4(880 881 935 938)
4(1018 938 935 1015)
4(1014 1015 935 936)
4(882 883 937 940)
4(1022 940 937 1019)
4(1018 1019 937 938)
4(884 885 939 942)
4(1026 942 939 1023)
4(1022 1023 939 940)
4(886 887 941 944)
4(1030 944 941 1027)
4(1026 1027 941 942)
4(888 889 943 946)
4(1034 946 943 1031)
4(1030 1031 943 944)
4(890 891 945 948)
4(1038 948 945 1035)
4(1034 1035 945 946)
4(892 893 947 950)
4(1042 950 947 1039)
4(1038 1039 947 948)
4(895 896 949 953)
4(1046 953 949 1043)
4(1042 1043 949 950)
4(954 951 952 957)
4(1050 957 952 1047)
4(1046 1047 952 953)
4(1106 1103 1104 1109)
4(177 1109 1104 174)
4(173 174 1104 1105)
4(1099 1107 1108 1110)
4(181 1110 1108 178)
4(177 178 1108 1109)
4(1113 1116 1115 1114)
4(1114 1115 1118 1117)
4(1117 1118 1120 1119)
4(1119 1120 1122 1121)
4(1121 1122 1124 1123)
4(1123 1124 139 26)
4(1125 154 1127 1126)
4(1126 1127 1129 1128)
4(1128 1129 1131 1130)
4(1130 1131 1132 1116)
4(1116 1132 1133 1115)
4(1115 1133 156 1118)
4(1118 156 157 1120)
4(1120 157 160 1122)
4(1122 160 162 1124)
4(1124 162 143 139)
4(154 155 191 1127)
4(1127 191 193 1129)
4(1129 193 195 1131)
4(1131 195 197 1132)
4(1132 197 199 1133)
4(1133 199 159 156)
4(1134 1137 1136 1135)
4(1138 1141 1140 1139)
4(1142 1145 1144 1143)
4(1146 1149 1148 1147)
4(1150 1153 1152 1151)
4(1154 1157 1156 1155)
5(1158 1160 1096 1097 1159)
4(1159 1097 1101 1161)
4(1161 1101 1163 1162)
4(1162 1163 1165 1164)
4(1164 1165 1167 1166)
4(1166 1167 1125 1168)
4(1168 1125 1126 1169)
4(1169 1126 1128 1170)
4(1170 1128 1130 1171)
4(1171 1130 1116 1113)
4(1172 1175 1174 1173)
4(1176 1179 1178 1177)
4(1101 146 147 1163)
4(1163 147 150 1165)
4(1165 150 152 1167)
4(1167 152 154 1125)
4(1134 1181 1180 1137)
4(1142 1137 1180 1182)
4(1142 1182 1183 1145)
4(1150 1145 1183 1184)
4(1150 1184 1185 1153)
4(1172 1153 1185 1186)
4(1172 1186 1187 1175)
4(1102 1175 1187 1112)
4(1138 1135 1136 1141)
4(1146 1141 1136 1143)
4(1142 1143 1136 1137)
4(1188 1139 1140 1189)
4(1190 1189 1140 1147)
4(1146 1147 1140 1141)
4(1146 1143 1144 1149)
4(1154 1149 1144 1151)
4(1150 1151 1144 1145)
4(1190 1147 1148 1191)
4(1158 1191 1148 1155)
4(1154 1155 1148 1149)
4(1154 1151 1152 1157)
4(1176 1157 1152 1173)
4(1172 1173 1152 1153)
4(1158 1155 1156 1160)
4(1096 1160 1156 1177)
4(1176 1177 1156 1157)
4(1176 1173 1174 1179)
4(1106 1179 1174 1103)
4(1102 1103 1174 1175)
4(1096 1177 1178 1100)
4(1099 1100 1178 1107)
4(1106 1107 1178 1179)
4(1211 1214 1213 1212)
4(1215 1218 1217 1216)
5(1197 1221 1220 1219 1196)
4(1196 1219 1222 1199)
4(1199 1222 1223 1200)
4(1200 1223 1224 1201)
4(1201 1224 1225 1202)
4(1202 1225 1226 1203)
4(1203 1226 1227 1204)
4(1204 1227 1228 1205)
4(1205 1228 1229 1206)
4(1206 1229 1230 1207)
4(1207 1230 1231 1208)
4(1208 1231 1232 1209)
4(1209 1232 1233 1210)
4(1234 1237 1236 1235)
4(1238 1241 1240 1239)
5(1220 1244 1243 1242 1219)
4(1219 1242 1245 1222)
4(1222 1245 1246 1223)
4(1223 1246 1247 1224)
4(1224 1247 1248 1225)
4(1225 1248 1249 1226)
4(1226 1249 1250 1227)
4(1227 1250 1251 1228)
4(1228 1251 1252 1229)
4(1229 1252 1253 1230)
4(1230 1253 1254 1231)
4(1231 1254 1255 1232)
4(1232 1255 1256 1233)
4(1211 1193 1257 1258)
4(1211 1258 1259 1214)
4(1234 1214 1259 1260)
4(1234 1260 1261 1237)
4(1262 1237 1261 1263)
4(1262 1266 1265 1264)
4(1267 1270 1269 1268)
5(1243 1273 1272 1271 1242)
4(1242 1271 1274 1245)
4(1245 1274 1275 1246)
4(1246 1275 1276 1247)
4(1247 1276 1277 1248)
4(1248 1277 1278 1249)
4(1249 1278 1279 1250)
4(1250 1279 1280 1251)
4(1251 1280 1281 1252)
4(1252 1281 1282 1253)
4(1253 1282 1283 1254)
4(1254 1283 1284 1255)
4(1255 1284 1285 1256)
4(1256 1285 1287 1286)
4(1286 1287 1289 1288)
4(1288 1289 1291 1290)
4(1290 1291 1293 1292)
4(1292 1293 1295 1294)
4(1294 1295 1297 1296)
5(1296 1297 1300 1299 1298)
4(1298 1299 1302 1301)
4(1303 1306 1305 1304)
4(1307 1310 1309 1308)
4(1311 1314 1313 1312)
5(1272 1317 1316 1315 1271)
4(1271 1315 1318 1274)
4(1274 1318 1319 1275)
4(1275 1319 1320 1276)
4(1276 1320 1321 1277)
4(1277 1321 1322 1278)
4(1278 1322 1323 1279)
4(1279 1323 1324 1280)
4(1280 1324 1325 1281)
4(1281 1325 1326 1282)
4(1282 1326 1327 1283)
4(1283 1327 1328 1284)
4(1284 1328 1329 1285)
4(1285 1329 1330 1287)
4(1287 1330 1331 1289)
4(1289 1331 1332 1291)
4(1291 1332 1333 1293)
4(1293 1333 1334 1295)
4(1295 1334 1335 1297)
5(1297 1335 1337 1336 1300)
4(1300 1336 1339 1338)
4(1340 1343 1342 1341)
4(1344 1347 1346 1345)
4(1348 1351 1350 1349)
5(1316 1354 1353 1352 1315)
4(1315 1352 1355 1318)
4(1318 1355 1356 1319)
4(1319 1356 1357 1320)
4(1320 1357 1358 1321)
4(1321 1358 1359 1322)
4(1322 1359 1360 1323)
4(1323 1360 1361 1324)
4(1324 1361 1362 1325)
4(1325 1362 1363 1326)
4(1326 1363 1364 1327)
4(1327 1364 1365 1328)
4(1328 1365 1366 1329)
4(1329 1366 1367 1330)
4(1330 1367 1368 1331)
4(1331 1368 1369 1332)
4(1332 1369 1370 1333)
4(1333 1370 1371 1334)
4(1334 1371 1372 1335)
5(1335 1372 1374 1373 1337)
4(1337 1373 1376 1375)
4(1377 1380 1379 1378)
4(1381 1384 1383 1382)
4(1385 1388 1387 1386)
5(1353 1391 1390 1389 1352)
4(1352 1389 1392 1355)
4(1355 1392 1393 1356)
4(1356 1393 1394 1357)
4(1357 1394 1395 1358)
4(1358 1395 1396 1359)
4(1359 1396 1397 1360)
4(1360 1397 1398 1361)
4(1361 1398 1399 1362)
4(1362 1399 1400 1363)
4(1363 1400 1401 1364)
4(1364 1401 1402 1365)
4(1365 1402 1403 1366)
4(1366 1403 1404 1367)
4(1367 1404 1405 1368)
4(1368 1405 1406 1369)
4(1369 1406 1407 1370)
4(1370 1407 1408 1371)
4(1371 1408 1409 1372)
5(1372 1409 1411 1410 1374)
4(1374 1410 1413 1412)
4(1414 1417 1416 1415)
4(1418 1421 1420 1419)
4(1422 1425 1424 1423)
5(1390 1428 1427 1426 1389)
4(1389 1426 1429 1392)
4(1392 1429 1430 1393)
4(1393 1430 1431 1394)
4(1394 1431 1432 1395)
4(1395 1432 1433 1396)
4(1396 1433 1434 1397)
4(1397 1434 1435 1398)
4(1398 1435 1436 1399)
4(1399 1436 1437 1400)
4(1400 1437 1438 1401)
4(1401 1438 1439 1402)
4(1402 1439 1440 1403)
4(1403 1440 1441 1404)
4(1404 1441 1442 1405)
4(1405 1442 1443 1406)
4(1406 1443 1444 1407)
4(1407 1444 1445 1408)
4(1408 1445 1446 1409)
5(1409 1446 1448 1447 1411)
4(1411 1447 1450 1449)
4(1451 1454 1453 1452)
4(1455 1458 1457 1456)
4(1459 1462 1461 1460)
5(1427 1465 1464 1463 1426)
4(1426 1463 1466 1429)
4(1429 1466 1467 1430)
4(1430 1467 1468 1431)
4(1431 1468 1469 1432)
4(1432 1469 1470 1433)
4(1433 1470 1471 1434)
4(1434 1471 1472 1435)
4(1435 1472 1473 1436)
4(1436 1473 1474 1437)
4(1437 1474 1475 1438)
4(1438 1475 1476 1439)
4(1439 1476 1477 1440)
4(1440 1477 1478 1441)
4(1441 1478 1479 1442)
4(1442 1479 1480 1443)
4(1443 1480 1481 1444)
4(1444 1481 1482 1445)
4(1445 1482 1483 1446)
5(1446 1483 1485 1484 1448)
4(1448 1484 1487 1486)
4(1488 1491 1490 1489)
4(1492 1495 1494 1493)
4(1496 1499 1498 1497)
5(1464 1502 1501 1500 1463)
4(1463 1500 1503 1466)
4(1466 1503 1504 1467)
4(1467 1504 1505 1468)
4(1468 1505 1506 1469)
4(1469 1506 1507 1470)
4(1470 1507 1508 1471)
4(1471 1508 1509 1472)
4(1472 1509 1510 1473)
4(1473 1510 1511 1474)
4(1474 1511 1512 1475)
4(1475 1512 1513 1476)
4(1476 1513 1514 1477)
4(1477 1514 1515 1478)
4(1478 1515 1516 1479)
4(1479 1516 1517 1480)
4(1480 1517 1518 1481)
4(1481 1518 1519 1482)
4(1482 1519 1520 1483)
5(1483 1520 1522 1521 1485)
4(1485 1521 1524 1523)
4(1525 1528 1527 1526)
4(1529 1532 1531 1530)
4(1533 1536 1535 1534)
5(1501 1539 1538 1537 1500)
4(1500 1537 1540 1503)
4(1503 1540 1541 1504)
4(1504 1541 1542 1505)
4(1505 1542 1543 1506)
4(1506 1543 1544 1507)
4(1507 1544 1545 1508)
4(1508 1545 1546 1509)
4(1509 1546 1547 1510)
4(1510 1547 1548 1511)
4(1511 1548 1549 1512)
4(1512 1549 1550 1513)
4(1513 1550 1551 1514)
4(1514 1551 1552 1515)
4(1515 1552 1553 1516)
4(1516 1553 1554 1517)
4(1517 1554 1555 1518)
4(1518 1555 1556 1519)
4(1519 1556 1557 1520)
5(1520 1557 1559 1558 1522)
4(1522 1558 1561 1560)
4(1562 1565 1564 1563)
4(1566 1569 1568 1567)
4(1570 1573 1572 1571)
5(1538 1576 1575 1574 1537)
4(1537 1574 1577 1540)
4(1540 1577 1578 1541)
4(1541 1578 1579 1542)
4(1542 1579 1580 1543)
4(1543 1580 1581 1544)
4(1544 1581 1582 1545)
4(1545 1582 1583 1546)
4(1546 1583 1584 1547)
4(1547 1584 1585 1548)
4(1548 1585 1586 1549)
4(1549 1586 1587 1550)
4(1550 1587 1588 1551)
4(1551 1588 1589 1552)
4(1552 1589 1590 1553)
4(1553 1590 1591 1554)
4(1554 1591 1592 1555)
4(1555 1592 1593 1556)
4(1556 1593 1594 1557)
5(1557 1594 1596 1595 1559)
4(1559 1595 1598 1597)
4(1599 1602 1601 1600)
4(1603 1606 1605 1604)
4(1607 1610 1609 1608)
5(1575 1613 1612 1611 1574)
4(1574 1611 1614 1577)
4(1577 1614 1615 1578)
4(1578 1615 1616 1579)
4(1579 1616 1617 1580)
4(1580 1617 1618 1581)
4(1581 1618 1619 1582)
4(1582 1619 1620 1583)
4(1583 1620 1621 1584)
4(1584 1621 1622 1585)
4(1585 1622 1623 1586)
4(1586 1623 1624 1587)
4(1587 1624 1625 1588)
4(1588 1625 1626 1589)
4(1589 1626 1627 1590)
4(1590 1627 1628 1591)
4(1591 1628 1629 1592)
4(1592 1629 1630 1593)
4(1593 1630 1631 1594)
5(1594 1631 1633 1632 1596)
4(1596 1632 1635 1634)
4(1636 1639 1638 1637)
4(1640 1643 1642 1641)
4(1644 1647 1646 1645)
5(1612 1650 1649 1648 1611)
4(1611 1648 1651 1614)
4(1614 1651 1652 1615)
4(1615 1652 1653 1616)
4(1616 1653 1654 1617)
4(1617 1654 1655 1618)
4(1618 1655 1656 1619)
4(1619 1656 1657 1620)
4(1620 1657 1658 1621)
4(1621 1658 1659 1622)
4(1622 1659 1660 1623)
4(1623 1660 1661 1624)
4(1624 1661 1662 1625)
4(1625 1662 1663 1626)
4(1626 1663 1664 1627)
4(1627 1664 1665 1628)
4(1628 1665 1666 1629)
4(1629 1666 1667 1630)
4(1630 1667 1668 1631)
5(1631 1668 1670 1669 1633)
4(1633 1669 1672 1671)
4(1673 1676 1675 1674)
4(1677 1680 1679 1678)
4(1681 1684 1683 1682)
5(1649 1687 1686 1685 1648)
4(1648 1685 1688 1651)
4(1651 1688 1689 1652)
4(1652 1689 1690 1653)
4(1653 1690 1691 1654)
4(1654 1691 1692 1655)
4(1655 1692 1693 1656)
4(1656 1693 1694 1657)
4(1657 1694 1695 1658)
4(1658 1695 1696 1659)
4(1659 1696 1697 1660)
4(1660 1697 1698 1661)
4(1661 1698 1699 1662)
4(1662 1699 1700 1663)
4(1663 1700 1701 1664)
4(1664 1701 1702 1665)
4(1665 1702 1703 1666)
4(1666 1703 1704 1667)
4(1667 1704 1705 1668)
5(1668 1705 1707 1706 1670)
4(1670 1706 1709 1708)
4(1710 1713 1712 1711)
4(1714 1717 1716 1715)
4(1718 1721 1720 1719)
5(1686 1724 1723 1722 1685)
4(1685 1722 1725 1688)
4(1688 1725 1726 1689)
4(1689 1726 1727 1690)
4(1690 1727 1728 1691)
4(1691 1728 1729 1692)
4(1692 1729 1730 1693)
4(1693 1730 1731 1694)
4(1694 1731 1732 1695)
4(1695 1732 1733 1696)
4(1696 1733 1734 1697)
4(1697 1734 1735 1698)
4(1698 1735 1736 1699)
4(1699 1736 1737 1700)
4(1700 1737 1738 1701)
4(1701 1738 1739 1702)
4(1702 1739 1740 1703)
4(1703 1740 1741 1704)
4(1704 1741 1742 1705)
5(1705 1742 1744 1743 1707)
4(1707 1743 1746 1745)
4(1747 1750 1749 1748)
4(1751 1754 1753 1752)
4(1755 1758 1757 1756)
5(1723 1761 1760 1759 1722)
4(1722 1759 1762 1725)
4(1725 1762 1763 1726)
4(1726 1763 1764 1727)
4(1727 1764 1765 1728)
4(1728 1765 1766 1729)
4(1729 1766 1767 1730)
4(1730 1767 1768 1731)
4(1731 1768 1769 1732)
4(1732 1769 1770 1733)
4(1733 1770 1771 1734)
4(1734 1771 1772 1735)
4(1735 1772 1773 1736)
4(1736 1773 1774 1737)
4(1737 1774 1775 1738)
4(1738 1775 1776 1739)
4(1739 1776 1777 1740)
4(1740 1777 1778 1741)
4(1741 1778 1779 1742)
5(1742 1779 1781 1780 1744)
4(1744 1780 1783 1782)
4(1784 1787 1786 1785)
4(1788 1791 1790 1789)
4(1792 1795 1794 1793)
5(1760 1798 1797 1796 1759)
4(1759 1796 1799 1762)
4(1762 1799 1800 1763)
4(1763 1800 1801 1764)
4(1764 1801 1802 1765)
4(1765 1802 1803 1766)
4(1766 1803 1804 1767)
4(1767 1804 1805 1768)
4(1768 1805 1806 1769)
4(1769 1806 1807 1770)
4(1770 1807 1808 1771)
4(1771 1808 1809 1772)
4(1772 1809 1810 1773)
4(1773 1810 1811 1774)
4(1774 1811 1812 1775)
4(1775 1812 1813 1776)
4(1776 1813 1814 1777)
4(1777 1814 54 1778)
4(1778 54 55 1779)
5(1779 55 58 137 1781)
4(1781 137 136 1815)
4(1816 132 133 1817)
4(1818 1821 1820 1819)
4(1822 1825 1824 1823)
5(1797 1828 1827 1826 1796)
4(1796 1826 1829 1799)
4(1799 1829 1830 1800)
4(1800 1830 1831 1801)
4(1801 1831 1832 1802)
4(1802 1832 1833 1803)
4(1803 1833 1834 1804)
4(1804 1834 1835 1805)
4(1805 1835 1836 1806)
4(1806 1836 1837 1807)
4(1807 1837 1838 1808)
4(1808 1838 1839 1809)
4(1809 1839 1840 1810)
4(1810 1840 1841 1811)
4(1811 1841 1842 1812)
4(1812 1842 1843 1813)
4(1813 1843 1844 1814)
4(1814 1844 57 54)
4(1845 1848 1847 1846)
4(1849 1852 1851 1850)
5(1827 1855 1854 1853 1826)
4(1826 1853 1856 1829)
4(1829 1856 1857 1830)
4(1830 1857 1858 1831)
4(1831 1858 1859 1832)
4(1832 1859 1860 1833)
4(1833 1860 1861 1834)
4(1834 1861 1862 1835)
4(1835 1862 1863 1836)
4(1836 1863 1864 1837)
4(1837 1864 1865 1838)
4(1838 1865 1866 1839)
4(1839 1866 1867 1840)
4(1840 1867 1868 1841)
4(1841 1868 1869 1842)
4(1842 1869 1870 1843)
4(1843 1870 77 1844)
4(1844 77 68 57)
4(1871 1874 1873 1872)
4(1875 1878 1877 1876)
5(1854 1881 1880 1879 1853)
4(1853 1879 1882 1856)
4(1856 1882 1883 1857)
4(1857 1883 1884 1858)
4(1858 1884 1885 1859)
4(1859 1885 1886 1860)
4(1860 1886 1887 1861)
4(1861 1887 1888 1862)
4(1862 1888 1889 1863)
4(1863 1889 1890 1864)
4(1864 1890 1891 1865)
4(1865 1891 1892 1866)
4(1866 1892 1893 1867)
4(1867 1893 1894 1868)
4(1868 1894 1895 1869)
4(1869 1895 1896 1870)
4(1870 1896 79 77)
4(1897 1900 1899 1898)
4(1901 1904 1903 1902)
5(1880 1907 1906 1905 1879)
4(1879 1905 1908 1882)
4(1882 1908 1909 1883)
4(1883 1909 1910 1884)
4(1884 1910 1911 1885)
4(1885 1911 1912 1886)
4(1886 1912 1913 1887)
4(1887 1913 1914 1888)
4(1888 1914 1915 1889)
4(1889 1915 1916 1890)
4(1890 1916 1917 1891)
4(1891 1917 1918 1892)
4(1892 1918 1919 1893)
4(1893 1919 1920 1894)
4(1894 1920 1921 1895)
4(1895 1921 1922 1896)
4(1896 1922 90 79)
4(1923 1926 1925 1924)
4(1927 1930 1929 1928)
5(1906 1933 1932 1931 1905)
4(1905 1931 1934 1908)
4(1908 1934 1935 1909)
4(1909 1935 1936 1910)
4(1910 1936 1937 1911)
4(1911 1937 1938 1912)
4(1912 1938 1939 1913)
4(1913 1939 1940 1914)
4(1914 1940 1941 1915)
4(1915 1941 1942 1916)
4(1916 1942 1943 1917)
4(1917 1943 1944 1918)
4(1918 1944 1945 1919)
4(1919 1945 1946 1920)
4(1920 1946 1947 1921)
4(1921 1947 1948 1922)
4(1922 1948 101 90)
4(1949 1952 1951 1950)
4(1953 1956 1955 1954)
5(1932 1959 1958 1957 1931)
4(1931 1957 1960 1934)
4(1934 1960 1961 1935)
4(1935 1961 1962 1936)
4(1936 1962 1963 1937)
4(1937 1963 1964 1938)
4(1938 1964 1965 1939)
4(1939 1965 1966 1940)
4(1940 1966 1967 1941)
4(1941 1967 1968 1942)
4(1942 1968 1969 1943)
4(1943 1969 1970 1944)
4(1944 1970 1971 1945)
4(1945 1971 1972 1946)
4(1946 1972 1973 1947)
4(1947 1973 1974 1948)
4(1948 1974 112 101)
4(1975 1978 1977 1976)
4(1979 1982 1981 1980)
5(1958 1985 1984 1983 1957)
4(1957 1983 1986 1960)
4(1960 1986 1987 1961)
4(1961 1987 1988 1962)
4(1962 1988 1989 1963)
4(1963 1989 1990 1964)
4(1964 1990 1991 1965)
4(1965 1991 1992 1966)
4(1966 1992 1993 1967)
4(1967 1993 1994 1968)
4(1968 1994 1995 1969)
4(1969 1995 1996 1970)
4(1970 1996 1997 1971)
4(1971 1997 1998 1972)
4(1972 1998 1999 1973)
4(1973 1999 2000 1974)
4(1974 2000 122 112)
4(2001 2004 2003 2002)
4(2005 2008 2007 2006)
5(1984 2010 1188 2009 1983)
4(1983 2009 2011 1986)
4(1986 2011 2012 1987)
4(1987 2012 2013 1988)
4(1988 2013 2014 1989)
4(1989 2014 2015 1990)
4(1990 2015 2016 1991)
4(1991 2016 2017 1992)
4(1992 2017 2018 1993)
4(1993 2018 2019 1994)
4(1994 2019 2020 1995)
4(1995 2020 2021 1996)
4(1996 2021 2022 1997)
4(1997 2022 2023 1998)
4(1998 2023 2024 1999)
4(1999 2024 131 2000)
4(2000 131 130 122)
5(1188 1189 1190 2025 2009)
4(2009 2025 2026 2011)
4(2011 2026 2027 2012)
4(2012 2027 2028 2013)
4(2013 2028 2029 2014)
4(2014 2029 2030 2015)
4(2015 2030 2031 2016)
4(2016 2031 2032 2017)
4(2017 2032 2033 2018)
4(2018 2033 2034 2019)
4(2019 2034 2035 2020)
4(2020 2035 2036 2021)
4(2021 2036 2037 2022)
4(2022 2037 2038 2023)
4(2023 2038 2039 2024)
4(2024 2039 23 131)
5(1190 1191 1158 1159 2025)
4(2025 1159 1161 2026)
4(2026 1161 1162 2027)
4(2027 1162 1164 2028)
4(2028 1164 1166 2029)
4(2029 1166 1168 2030)
4(2030 1168 1169 2031)
4(2031 1169 1170 2032)
4(2032 1170 1171 2033)
4(2033 1171 1113 2034)
4(2034 1113 1114 2035)
4(2035 1114 1117 2036)
4(2036 1117 1119 2037)
4(2037 1119 1121 2038)
4(2038 1121 1123 2039)
4(2039 1123 26 23)
4(1262 1263 2040 1266)
4(1307 1266 2040 2041)
4(1340 1341 1305 1306)
4(1307 2041 2042 1310)
4(1344 1310 2042 2043)
4(1377 1378 1342 1343)
4(1344 2043 2044 1347)
4(1381 1347 2044 2045)
4(1414 1415 1379 1380)
4(1381 2045 2046 1384)
4(1418 1384 2046 2047)
4(1451 1452 1416 1417)
4(1418 2047 2048 1421)
4(1455 1421 2048 2049)
4(1488 1489 1453 1454)
4(1455 2049 2050 1458)
4(1492 1458 2050 2051)
4(1525 1526 1490 1491)
4(1492 2051 2052 1495)
4(1529 1495 2052 2053)
4(1562 1563 1527 1528)
4(1529 2053 2054 1532)
4(1566 1532 2054 2055)
4(1599 1600 1564 1565)
4(1566 2055 2056 1569)
4(1603 1569 2056 2057)
4(1636 1637 1601 1602)
4(1603 2057 2058 1606)
4(1640 1606 2058 2059)
4(1673 1674 1638 1639)
4(1640 2059 2060 1643)
4(1677 1643 2060 2061)
4(1710 1711 1675 1676)
4(1677 2061 2062 1680)
4(1714 1680 2062 2063)
4(1747 1748 1712 1713)
4(1714 2063 2064 1717)
4(1751 1717 2064 2065)
4(1784 1785 1749 1750)
4(1751 2065 2066 1754)
4(1788 1754 2066 2067)
4(1816 1817 1786 1787)
4(1788 2067 2068 1791)
4(1818 1791 2068 2069)
4(1818 2069 2070 1821)
4(1845 1821 2070 2071)
4(1845 2071 2072 1848)
4(1871 1848 2072 2073)
4(1871 2073 2074 1874)
4(1897 1874 2074 2075)
4(1897 2075 2076 1900)
4(1923 1900 2076 2077)
4(1923 2077 2078 1926)
4(1949 1926 2078 2079)
4(1949 2079 2080 1952)
4(1975 1952 2080 2081)
4(1975 2081 2082 1978)
4(2001 1978 2082 2083)
4(2001 2083 2084 2004)
4(1134 2004 2084 1181)
4(1215 1195 1192 1212)
4(1211 1212 1192 1193)
4(1197 1198 1194 1216)
4(1215 1216 1194 1195)
4(1215 1212 1213 1218)
4(1238 1218 1213 1235)
4(1234 1235 1213 1214)
4(1197 1216 1217 1221)
4(1220 1221 1217 1239)
4(1238 1239 1217 1218)
4(1238 1235 1236 1241)
4(1267 1241 1236 1264)
4(1262 1264 1236 1237)
4(1220 1239 1240 1244)
4(1243 1244 1240 1268)
4(1267 1268 1240 1241)
4(1267 1264 1265 1270)
4(1311 1270 1265 1308)
4(1307 1308 1265 1266)
4(1243 1268 1269 1273)
4(1272 1273 1269 1312)
4(1311 1312 1269 1270)
4(1303 1301 1302 1306)
4(1340 1306 1302 1338)
4(1300 1338 1302 1299)
4(1311 1308 1309 1314)
4(1348 1314 1309 1345)
4(1344 1345 1309 1310)
4(1272 1312 1313 1317)
4(1316 1317 1313 1349)
4(1348 1349 1313 1314)
4(1340 1338 1339 1343)
4(1377 1343 1339 1375)
4(1337 1375 1339 1336)
4(1348 1345 1346 1351)
4(1385 1351 1346 1382)
4(1381 1382 1346 1347)
4(1316 1349 1350 1354)
4(1353 1354 1350 1386)
4(1385 1386 1350 1351)
4(1377 1375 1376 1380)
4(1414 1380 1376 1412)
4(1374 1412 1376 1373)
4(1385 1382 1383 1388)
4(1422 1388 1383 1419)
4(1418 1419 1383 1384)
4(1353 1386 1387 1391)
4(1390 1391 1387 1423)
4(1422 1423 1387 1388)
4(1414 1412 1413 1417)
4(1451 1417 1413 1449)
4(1411 1449 1413 1410)
4(1422 1419 1420 1425)
4(1459 1425 1420 1456)
4(1455 1456 1420 1421)
4(1390 1423 1424 1428)
4(1427 1428 1424 1460)
4(1459 1460 1424 1425)
4(1451 1449 1450 1454)
4(1488 1454 1450 1486)
4(1448 1486 1450 1447)
4(1459 1456 1457 1462)
4(1496 1462 1457 1493)
4(1492 1493 1457 1458)
4(1427 1460 1461 1465)
4(1464 1465 1461 1497)
4(1496 1497 1461 1462)
4(1488 1486 1487 1491)
4(1525 1491 1487 1523)
4(1485 1523 1487 1484)
4(1496 1493 1494 1499)
4(1533 1499 1494 1530)
4(1529 1530 1494 1495)
4(1464 1497 1498 1502)
4(1501 1502 1498 1534)
4(1533 1534 1498 1499)
4(1525 1523 1524 1528)
4(1562 1528 1524 1560)
4(1522 1560 1524 1521)
4(1533 1530 1531 1536)
4(1570 1536 1531 1567)
4(1566 1567 1531 1532)
4(1501 1534 1535 1539)
4(1538 1539 1535 1571)
4(1570 1571 1535 1536)
4(1562 1560 1561 1565)
4(1599 1565 1561 1597)
4(1559 1597 1561 1558)
4(1570 1567 1568 1573)
4(1607 1573 1568 1604)
4(1603 1604 1568 1569)
4(1538 1571 1572 1576)
4(1575 1576 1572 1608)
4(1607 1608 1572 1573)
4(1599 1597 1598 1602)
4(1636 1602 1598 1634)
4(1596 1634 1598 1595)
4(1607 1604 1605 1610)
4(1644 1610 1605 1641)
4(1640 1641 1605 1606)
4(1575 1608 1609 1613)
4(1612 1613 1609 1645)
4(1644 1645 1609 1610)
4(1636 1634 1635 1639)
4(1673 1639 1635 1671)
4(1633 1671 1635 1632)
4(1644 1641 1642 1647)
4(1681 1647 1642 1678)
4(1677 1678 1642 1643)
4(1612 1645 1646 1650)
4(1649 1650 1646 1682)
4(1681 1682 1646 1647)
4(1673 1671 1672 1676)
4(1710 1676 1672 1708)
4(1670 1708 1672 1669)
4(1681 1678 1679 1684)
4(1718 1684 1679 1715)
4(1714 1715 1679 1680)
4(1649 1682 1683 1687)
4(1686 1687 1683 1719)
4(1718 1719 1683 1684)
4(1710 1708 1709 1713)
4(1747 1713 1709 1745)
4(1707 1745 1709 1706)
4(1718 1715 1716 1721)
4(1755 1721 1716 1752)
4(1751 1752 1716 1717)
4(1686 1719 1720 1724)
4(1723 1724 1720 1756)
4(1755 1756 1720 1721)
4(1747 1745 1746 1750)
4(1784 1750 1746 1782)
4(1744 1782 1746 1743)
4(1755 1752 1753 1758)
4(1792 1758 1753 1789)
4(1788 1789 1753 1754)
4(1723 1756 1757 1761)
4(1760 1761 1757 1793)
4(1792 1793 1757 1758)
4(1784 1782 1783 1787)
4(1816 1787 1783 1815)
4(1781 1815 1783 1780)
4(1792 1789 1790 1795)
4(1822 1795 1790 1819)
4(1818 1819 1790 1791)
4(1760 1793 1794 1798)
4(1797 1798 1794 1823)
4(1822 1823 1794 1795)
4(1816 1815 136 132)
4(1822 1819 1820 1825)
4(1849 1825 1820 1846)
4(1845 1846 1820 1821)
4(1797 1823 1824 1828)
4(1827 1828 1824 1850)
4(1849 1850 1824 1825)
4(1849 1846 1847 1852)
4(1875 1852 1847 1872)
4(1871 1872 1847 1848)
4(1827 1850 1851 1855)
4(1854 1855 1851 1876)
4(1875 1876 1851 1852)
4(1875 1872 1873 1878)
4(1901 1878 1873 1898)
4(1897 1898 1873 1874)
4(1854 1876 1877 1881)
4(1880 1881 1877 1902)
4(1901 1902 1877 1878)
4(1901 1898 1899 1904)
4(1927 1904 1899 1924)
4(1923 1924 1899 1900)
4(1880 1902 1903 1907)
4(1906 1907 1903 1928)
4(1927 1928 1903 1904)
4(1927 1924 1925 1930)
4(1953 1930 1925 1950)
4(1949 1950 1925 1926)
4(1906 1928 1929 1933)
4(1932 1933 1929 1954)
4(1953 1954 1929 1930)
4(1953 1950 1951 1956)
4(1979 1956 1951 1976)
4(1975 1976 1951 1952)
4(1932 1954 1955 1959)
4(1958 1959 1955 1980)
4(1979 1980 1955 1956)
4(1979 1976 1977 1982)
4(2005 1982 1977 2002)
4(2001 2002 1977 1978)
4(1958 1980 1981 1985)
4(1984 1985 1981 2006)
4(2005 2006 1981 1982)
4(2005 2002 2003 2008)
4(1138 2008 2003 1135)
4(1134 1135 2003 2004)
4(1984 2006 2007 2010)
4(1188 2010 2007 1139)
4(1138 1139 2007 2008)
4(2085 2092 2093 2086)
5(2086 2093 2095 2094 2087)
4(1210 1233 2099 2088)
4(2088 2099 2100 2089)
4(2089 2100 2101 2090)
4(2090 2101 2102 2091)
4(2091 2102 2103 2092)
4(2092 2103 2104 2093)
5(2093 2104 2106 2105 2095)
4(2095 2105 2108 2107)
4(2109 2112 2111 2110)
4(1233 1256 1286 2099)
4(2099 1286 1288 2100)
4(2100 1288 1290 2101)
4(2101 1290 1292 2102)
4(2102 1292 1294 2103)
4(2103 1294 1296 2104)
5(2104 1296 1298 2113 2106)
4(2106 2113 2115 2114)
4(2116 2119 2118 2117)
4(2109 2110 2097 2098)
4(2116 2117 2111 2112)
4(1303 1304 2118 2119)
4(2109 2098 2096 2107)
4(2095 2107 2096 2094)
4(2109 2107 2108 2112)
4(2116 2112 2108 2114)
4(2106 2114 2108 2105)
4(2116 2114 2115 2119)
4(1303 2119 2115 1301)
4(1298 1301 2115 2113)
4(1192 3312 3313 1193)
4(1194 3314 3315 1195)
4(1196 3316 3317 1197)
4(1197 3317 3318 1198)
4(1199 3319 3316 1196)
4(1200 3320 3319 1199)
4(1201 3321 3320 1200)
4(1202 3322 3321 1201)
4(1203 3323 3322 1202)
4(1204 3324 3323 1203)
4(1205 3325 3324 1204)
4(1206 3326 3325 1205)
4(1207 3327 3326 1206)
4(1208 3328 3327 1207)
4(1209 3329 3328 1208)
4(1210 3330 3329 1209)
4(1193 3313 3377 1257)
4(1195 3315 3312 1192)
4(1198 3318 3314 1194)
4(2086 4206 4205 2085)
4(2087 4207 4206 2086)
4(2088 4208 3330 1210)
4(2089 4209 4208 2088)
4(2090 4210 4209 2089)
4(2091 4211 4210 2090)
4(2085 4205 4212 2092)
4(2092 4212 4211 2091)
4(2087 2094 4214 4207)
4(2096 4216 4214 2094)
4(2097 4217 4218 2098)
4(2098 4218 4216 2096)
)


// ************************************************************************* //
