/*--------------------------------*- C++ -*----------------------------------*\
| =========                 |                                                 |
| \\      /  F ield         | OpenFOAM: The Open Source CFD Toolbox           |
|  \\    /   O peration     | Version:  2406                                  |
|   \\  /    A nd           | Website:  www.openfoam.com                      |
|    \\/     M anipulation  |                                                 |
\*---------------------------------------------------------------------------*/
FoamFile
{
    version     2.0;
    format      ascii;
    arch        "LSB;label=32;scalar=64";
    class       vectorField;
    location    "constant/polyMesh";
    object      points;
}
// * * * * * * * * * * * * * * * * * * * * * * * * * * * * * * * * * * * * * //


5150
(
(0.2935659668 0.08491326623 -0.00525)
(0.2935651704 0.08903465005 -0.00525)
(0.2977238018 0.08903466397 -0.00525)
(0.2977248089 0.08491329282 -0.00525)
(0.2935704162 0.06845721561 -0.00525)
(0.2935692566 0.07256681602 -0.00525)
(0.2977289684 0.07256688102 -0.00525)
(0.2977304343 0.06845728682 -0.00525)
(0.2935680773 0.0766793547 -0.00525)
(0.2977274776 0.07667940892 -0.00525)
(0.2935669566 0.08079483629 -0.00525)
(0.2977260606 0.08079487701 -0.00525)
(0.1854441713 0.07672869522 -0.00525)
(0.1855011816 0.07259800647 -0.00525)
(0.1854231805 0.08087021106 -0.00525)
(0.1854250813 0.08500354267 -0.00525)
(0.1854339362 0.08912076806 -0.00525)
(0.1833634371 0.09322953579 -0.00525)
(0.1854420599 0.09322039696 -0.00525)
(0.1833649275 0.09527270068 -0.00525)
(0.1833663366 0.09916831833 -0.00525)
(0.1833659834 0.09731230599 -0.00525)
(0.1854452081 0.09730925653 -0.00525)
(0.1854455446 0.09916831833 -0.00525)
(0.1854441376 0.09526639586 -0.00525)
(0.1855938953 0.03146401365 -0.00525)
(0.1855201629 0.0273799811 -0.00525)
(0.1856564752 0.03553001726 -0.00525)
(0.1856519655 0.03960969019 -0.00525)
(0.1856341149 0.0437442385 -0.00525)
(0.185623412 0.04791238215 -0.00525)
(0.1856244921 0.05208470052 -0.00525)
(0.1856370541 0.05623710149 -0.00525)
(0.1856514665 0.0603510336 -0.00525)
(0.1856384627 0.06442719788 -0.00525)
(0.185577375 0.06850122681 -0.00525)
(0.1833663366 0.09958415991 -0.00525)
(0.1833663366 0.1000000015 -0.00525)
(0.1854455446 0.09958415991 -0.00525)
(0.1854455446 0.1000000015 -0.00525)
(0.2894071918 0.0849132453 -0.00525)
(0.289406573 0.08903463912 -0.00525)
(0.1833644538 0.004716340527 -0.00525)
(0.1833658752 0.002681655302 -0.00525)
(0.1833588515 0.008801992269 -0.00525)
(0.1833620643 0.006756306489 -0.00525)
(0.1854259545 0.01498708599 -0.00525)
(0.1854342346 0.01087050166 -0.00525)
(0.1833555449 0.01085397324 -0.00525)
(0.1854283661 0.01912070936 -0.00525)
(0.1854571739 0.02325725483 -0.00525)
(0.1854451264 0.002685721976 -0.00525)
(0.1854438354 0.004724576581 -0.00525)
(0.1875232097 0.004731985693 -0.00525)
(0.1875243744 0.002689400763 -0.00525)
(0.1854416396 0.006768257222 -0.00525)
(0.1854385169 0.008816965418 -0.00525)
(0.1875185987 0.008830627894 -0.00525)
(0.1875212495 0.0067789916 -0.00525)
(0.189584059 0.01502262236 -0.00525)
(0.1895945011 0.01090022978 -0.00525)
(0.1875157965 0.01088728721 -0.00525)
(0.18957821 0.01915856167 -0.00525)
(0.1895895418 0.0233001152 -0.00525)
(0.1896344643 0.02743948836 -0.00525)
(0.1897024755 0.03153337184 -0.00525)
(0.1897465352 0.03558669199 -0.00525)
(0.1897615217 0.03966246801 -0.00525)
(0.1897497992 0.04377527383 -0.00525)
(0.1897388276 0.04791839129 -0.00525)
(0.1897400986 0.05206412008 -0.00525)
(0.1897496496 0.05618731734 -0.00525)
(0.1897470299 0.06027821543 -0.00525)
(0.1897197988 0.06435246765 -0.00525)
(0.1896737259 0.06842486148 -0.00525)
(0.1896143162 0.07254585101 -0.00525)
(0.189582509 0.07669010644 -0.00525)
(0.1895775255 0.08083444224 -0.00525)
(0.1895847117 0.08497050052 -0.00525)
(0.1895938055 0.08909404311 -0.00525)
(0.1875223006 0.09321119991 -0.00525)
(0.1896010135 0.09320358381 -0.00525)
(0.1875235623 0.09526044047 -0.00525)
(0.1875247525 0.09916831833 -0.00525)
(0.1875244542 0.09730639399 -0.00525)
(0.1896036177 0.002692722934 -0.00525)
(0.1896025595 0.004738642162 -0.00525)
(0.1916819037 0.004744644563 -0.00525)
(0.1916828584 0.002695725371 -0.00525)
(0.1896007578 0.006788567605 -0.00525)
(0.1895981781 0.008842539158 -0.00525)
(0.1916781192 0.008853560299 -0.00525)
(0.1916802964 0.006797223321 -0.00525)
(0.1937446121 0.01505160839 -0.00525)
(0.1937545687 0.01092428176 -0.00525)
(0.1916757955 0.01091397266 -0.00525)
(0.1937356446 0.01918968449 -0.00525)
(0.1937354907 0.02333331638 -0.00525)
(0.1937553137 0.02744938022 -0.00525)
(0.193798314 0.03154976735 -0.00525)
(0.1938423451 0.03562870796 -0.00525)
(0.1938591242 0.03970621081 -0.00525)
(0.1938585619 0.04380854305 -0.00525)
(0.1938511717 0.04792923827 -0.00525)
(0.1938521722 0.05205006924 -0.00525)
(0.1938539016 0.05615546885 -0.00525)
(0.1938359363 0.060244612 -0.00525)
(0.1938058493 0.06432465656 -0.00525)
(0.1937666106 0.06842275614 -0.00525)
(0.1937397229 0.07253551928 -0.00525)
(0.1937316054 0.07665927462 -0.00525)
(0.1937363171 0.08080482977 -0.00525)
(0.1937453954 0.08494330284 -0.00525)
(0.1937537304 0.08907196904 -0.00525)
(0.191681105 0.09319572922 -0.00525)
(0.1937598998 0.09318942739 -0.00525)
(0.1896027741 0.09525505178 -0.00525)
(0.191682167 0.09524996972 -0.00525)
(0.1896036768 0.09730374527 -0.00525)
(0.1896039604 0.09916831833 -0.00525)
(0.1916831683 0.09916831833 -0.00525)
(0.1916829174 0.09730128042 -0.00525)
(0.1937620954 0.002698441498 -0.00525)
(0.193761228 0.004750058617 -0.00525)
(0.195840548 0.004754967937 -0.00525)
(0.1958413303 0.00270090502 -0.00525)
(0.1937597509 0.006804985029 -0.00525)
(0.1937576317 0.008863184384 -0.00525)
(0.1958374457 0.008872221732 -0.00525)
(0.1958392307 0.006812058031 -0.00525)
(0.19790577 0.015075714 -0.00525)
(0.1979143833 0.01094408251 -0.00525)
(0.1958355355 0.01093574535 -0.00525)
(0.1978965014 0.01921025087 -0.00525)
(0.1978898932 0.02332650918 -0.00525)
(0.1978932579 0.02743972085 -0.00525)
(0.1979129472 0.03154767472 -0.00525)
(0.1979427285 0.03564537467 -0.00525)
(0.1979618823 0.03973390686 -0.00525)
(0.1979629048 0.04382940893 -0.00525)
(0.1979604244 0.04793866664 -0.00525)
(0.1979617517 0.05204491489 -0.00525)
(0.1979601242 0.05614715286 -0.00525)
(0.1979472979 0.06023506779 -0.00525)
(0.197918425 0.06432923014 -0.00525)
(0.1978947018 0.06843613643 -0.00525)
(0.1978861228 0.07254969106 -0.00525)
(0.1978893658 0.07666632862 -0.00525)
(0.1978976552 0.08078537227 -0.00525)
(0.1979063683 0.08492054707 -0.00525)
(0.1979135356 0.08905353503 -0.00525)
(0.1958398547 0.09318270854 -0.00525)
(0.19791872 0.09317748829 -0.00525)
(0.19376138 0.09524541363 -0.00525)
(0.1958407448 0.09524109398 -0.00525)
(0.1937621381 0.09729901547 -0.00525)
(0.1937623762 0.09916831833 -0.00525)
(0.1958415842 0.09916831833 -0.00525)
(0.1958413738 0.09729691102 -0.00525)
(0.1833663366 0.00083168316 -0.00525)
(0.1854455446 0.00083168316 -0.00525)
(0.1875247525 0.00083168316 -0.00525)
(0.1896039604 0.00083168316 -0.00525)
(0.1916831683 0.00083168316 -0.00525)
(0.1937623762 0.00083168316 -0.00525)
(0.1958415842 0.00083168316 -0.00525)
(0.197920562 0.002703143739 -0.00525)
(0.1979207921 0.00083168316 -0.00525)
(0.1979205928 0.09729498137 -0.00525)
(0.1979207921 0.09916831833 -0.00525)
(0.1979198516 0.004759421265 -0.00525)
(0.1999991517 0.0047634855 -0.00525)
(0.1999997921 0.0027051849 -0.00525)
(0.1979186416 0.006818437104 -0.00525)
(0.1979169047 0.008880120342 -0.00525)
(0.1999966117 0.008887646996 -0.00525)
(0.1999980732 0.006824298629 -0.00525)
(0.2020667899 0.0150879542 -0.00525)
(0.2020739618 0.01096063435 -0.00525)
(0.1999950467 0.01095380491 -0.00525)
(0.202058482 0.01920576581 -0.00525)
(0.2020502364 0.02332047617 -0.00525)
(0.2020456245 0.02743217075 -0.00525)
(0.2020495397 0.03154059178 -0.00525)
(0.2020629479 0.03564422256 -0.00525)
(0.2020776074 0.03974118138 -0.00525)
(0.2020806135 0.04383427434 -0.00525)
(0.2020699104 0.04793749426 -0.00525)
(0.2020713529 0.05204871201 -0.00525)
(0.2020821868 0.05614968094 -0.00525)
(0.2020728165 0.0602415837 -0.00525)
(0.2020542878 0.06434136375 -0.00525)
(0.2020439634 0.06844860802 -0.00525)
(0.2020446366 0.07255983959 -0.00525)
(0.2020513709 0.07667397127 -0.00525)
(0.2020596131 0.08079091253 -0.00525)
(0.2020671514 0.0849106563 -0.00525)
(0.2020731561 0.08903796253 -0.00525)
(0.1999985553 0.09317170118 -0.00525)
(0.2020774802 0.09316735746 -0.00525)
(0.1979199585 0.09523724379 -0.00525)
(0.1999992988 0.09523356087 -0.00525)
(0.2 0.09916831833 -0.00525)
(0.1999998242 0.09729318469 -0.00525)
(0.2020790197 0.002707049872 -0.00525)
(0.2020784384 0.004767194214 -0.00525)
(0.2041577221 0.004770600625 -0.00525)
(0.2041582459 0.002708759869 -0.00525)
(0.2020774483 0.00682961359 -0.00525)
(0.2020760271 0.008894222786 -0.00525)
(0.2041556453 0.008900579766 -0.00525)
(0.2041568403 0.006834536287 -0.00525)
(0.2062274549 0.01508702344 -0.00525)
(0.2062333372 0.01096744096 -0.00525)
(0.2041543656 0.01096864716 -0.00525)
(0.206220485 0.01920450871 -0.00525)
(0.2062127978 0.02331882761 -0.00525)
(0.2062058797 0.02743004341 -0.00525)
(0.2062024187 0.03153820827 -0.00525)
(0.2062050054 0.03564307824 -0.00525)
(0.2062128773 0.03974353897 -0.00525)
(0.2062187877 0.04383776176 -0.00525)
(0.2062014788 0.04793121084 -0.00525)
(0.2062024173 0.05205654744 -0.00525)
(0.2062208741 0.05615015692 -0.00525)
(0.2062130506 0.06024479914 -0.00525)
(0.2062040087 0.06434685626 -0.00525)
(0.2062024313 0.06845365622 -0.00525)
(0.2062070458 0.0725637701 -0.00525)
(0.2062141249 0.07667691646 -0.00525)
(0.2062213092 0.08079304744 -0.00525)
(0.2062276087 0.08491211294 -0.00525)
(0.2062325953 0.08903405025 -0.00525)
(0.204157213 0.09316232819 -0.00525)
(0.2062361878 0.09315869372 -0.00525)
(0.2020785127 0.09523029334 -0.00525)
(0.204157832 0.09522713364 -0.00525)
(0.2020790417 0.097291537 -0.00525)
(0.2020792079 0.09916831833 -0.00525)
(0.2041584158 0.09916831833 -0.00525)
(0.2041582695 0.09728999674 -0.00525)
(0.2062374699 0.002710330853 -0.00525)
(0.2062369949 0.00477372667 -0.00525)
(0.2083162652 0.004776615273 -0.00525)
(0.2083166929 0.002711779239 -0.00525)
(0.2062361858 0.006839020984 -0.00525)
(0.2062350247 0.008905032162 -0.00525)
(0.2083145693 0.008905363304 -0.00525)
(0.208315545 0.00684186116 -0.00525)
(0.2103877424 0.01508722721 -0.00525)
(0.2103925423 0.01096751978 -0.00525)
(0.2083135246 0.01096873292 -0.00525)
(0.21038203 0.01920488905 -0.00525)
(0.2103755419 0.02331944882 -0.00525)
(0.2103689182 0.02743096911 -0.00525)
(0.2103633457 0.03153954024 -0.00525)
(0.2103605998 0.03564524159 -0.00525)
(0.2103621777 0.03974794583 -0.00525)
(0.2103671934 0.04384676224 -0.00525)
(0.2103633124 0.04794130387 -0.00525)
(0.2103639706 0.05204867819 -0.00525)
(0.2103687335 0.05614357061 -0.00525)
(0.210363423 0.0602431257 -0.00525)
(0.2103616416 0.06434702054 -0.00525)
(0.2103645953 0.06845415263 -0.00525)
(0.2103702159 0.07256427285 -0.00525)
(0.2103765381 0.07667735788 -0.00525)
(0.2103825419 0.08079339277 -0.00525)
(0.2103877503 0.08491234545 -0.00525)
(0.2103918747 0.08903417446 -0.00525)
(0.2083158333 0.09315759148 -0.00525)
(0.2103948499 0.09315825434 -0.00525)
(0.2062370458 0.09522434307 -0.00525)
(0.208316347 0.09522193666 -0.00525)
(0.2062374856 0.0972885826 -0.00525)
(0.2062376238 0.09916831833 -0.00525)
(0.2083168317 0.09916831833 -0.00525)
(0.2083167102 0.09728725419 -0.00525)
(0.2103959141 0.00271311683 -0.00525)
(0.2103955264 0.004777838903 -0.00525)
(0.2124747855 0.004777912325 -0.00525)
(0.2124751343 0.002713438622 -0.00525)
(0.2103948662 0.006841744856 -0.00525)
(0.2103939188 0.008905077488 -0.00525)
(0.2124734028 0.008905404776 -0.00525)
(0.2124741983 0.006841883883 -0.00525)
(0.2145476977 0.0150874136 -0.00525)
(0.2145516064 0.01096759424 -0.00525)
(0.2124725512 0.01096879545 -0.00525)
(0.2145430464 0.01920522475 -0.00525)
(0.2145377372 0.02331997684 -0.00525)
(0.2145321408 0.02743172416 -0.00525)
(0.2145267949 0.03154054087 -0.00525)
(0.2145225326 0.03564651541 -0.00525)
(0.2145204283 0.0397497209 -0.00525)
(0.2145211286 0.04385008809 -0.00525)
(0.2145206229 0.04794733176 -0.00525)
(0.2145210036 0.05204464523 -0.00525)
(0.214522047 0.05614224661 -0.00525)
(0.2145214823 0.06024330335 -0.00525)
(0.2145236335 0.0643474749 -0.00525)
(0.2145278964 0.06845460464 -0.00525)
(0.2145330882 0.07256467952 -0.00525)
(0.2145383861 0.07667769964 -0.00525)
(0.2145433287 0.08079365346 -0.00525)
(0.2145476155 0.08491251837 -0.00525)
(0.2145510162 0.08903426607 -0.00525)
(0.2124744215 0.09315761673 -0.00525)
(0.2145534727 0.09315828113 -0.00525)
(0.2103955607 0.09522208239 -0.00525)
(0.2124748465 0.09522194919 -0.00525)
(0.2103959251 0.09728656963 -0.00525)
(0.2103960396 0.09916831833 -0.00525)
(0.2124752475 0.09916831833 -0.00525)
(0.212475147 0.09728653357 -0.00525)
(0.2145543531 0.00271340977 -0.00525)
(0.2145540372 0.004777849052 -0.00525)
(0.2166332872 0.004777921489 -0.00525)
(0.2166335712 0.002713440723 -0.00525)
(0.2145534993 0.006841768459 -0.00525)
(0.2145527275 0.008905121181 -0.00525)
(0.2166321615 0.008905443541 -0.00525)
(0.2166328091 0.006841905376 -0.00525)
(0.2187073762 0.01508757622 -0.00525)
(0.2187105541 0.01096766049 -0.00525)
(0.2166314684 0.01096885328 -0.00525)
(0.2187035971 0.01920551093 -0.00525)
(0.2186992847 0.02332041558 -0.00525)
(0.2186947167 0.0274323355 -0.00525)
(0.2186902216 0.03154132829 -0.00525)
(0.2186862108 0.03564746013 -0.00525)
(0.2186832102 0.03975079681 -0.00525)
(0.2186817311 0.0438513835 -0.00525)
(0.2186810393 0.0479492124 -0.00525)
(0.2186812551 0.0520445074 -0.00525)
(0.2186822762 0.05614264116 -0.00525)
(0.2186839331 0.06024380083 -0.00525)
(0.2186870075 0.06434792587 -0.00525)
(0.2186909859 0.06845499851 -0.00525)
(0.2186953374 0.07256501557 -0.00525)
(0.2186996794 0.07667797186 -0.00525)
(0.2187037264 0.08079385588 -0.00525)
(0.2187072441 0.08491265041 -0.00525)
(0.21871004 0.08903433532 -0.00525)
(0.216632982 0.09315763554 -0.00525)
(0.218712062 0.0931583013 -0.00525)
(0.2145540598 0.09522209334 -0.00525)
(0.2166333325 0.09522195852 -0.00525)
(0.2145543608 0.09728657227 -0.00525)
(0.2145544554 0.09916831833 -0.00525)
(0.2166336634 0.09916831833 -0.00525)
(0.2166335804 0.09728653604 -0.00525)
(0.2187127881 0.002713412025 -0.00525)
(0.2187125311 0.004777858337 -0.00525)
(0.2207917734 0.004777929706 -0.00525)
(0.2207920043 0.002713442625 -0.00525)
(0.2187120935 0.006841789912 -0.00525)
(0.2187114658 0.008905160539 -0.00525)
(0.2207908586 0.008905477827 -0.00525)
(0.2207913849 0.006841924519 -0.00525)
(0.222866827 0.01508771396 -0.00525)
(0.222869406 0.01096771736 -0.00525)
(0.2207902954 0.01096890409 -0.00525)
(0.2228637619 0.01920574952 -0.00525)
(0.2228602668 0.02332077487 -0.00525)
(0.2228565659 0.02743282703 -0.00525)
(0.2228529087 0.03154195056 -0.00525)
(0.222849566 0.03564819418 -0.00525)
(0.2228468315 0.03975160478 -0.00525)
(0.2228450022 0.04385221908 -0.00525)
(0.2228441308 0.04795005366 -0.00525)
(0.2228442616 0.05204510846 -0.00525)
(0.2228453445 0.05614319291 -0.00525)
(0.2228473091 0.06024427527 -0.00525)
(0.2228500966 0.06434832873 -0.00525)
(0.2228534064 0.06845533894 -0.00525)
(0.2228569537 0.07256529678 -0.00525)
(0.2228604899 0.07667819322 -0.00525)
(0.2228637939 0.08079401685 -0.00525)
(0.2228666722 0.08491275374 -0.00525)
(0.2228689637 0.08903438897 -0.00525)
(0.2207915189 0.09315764989 -0.00525)
(0.2228706229 0.09315831686 -0.00525)
(0.2187125454 0.09522210157 -0.00525)
(0.2207918071 0.09522196563 -0.00525)
(0.2187127933 0.09728657425 -0.00525)
(0.2187128713 0.09916831833 -0.00525)
(0.2207920792 0.09916831833 -0.00525)
(0.220792011 0.09728653793 -0.00525)
(0.2228712195 0.002713414001 -0.00525)
(0.2228710109 0.004777866445 -0.00525)
(0.224950247 0.004777936791 -0.00525)
(0.2249504343 0.002713444273 -0.00525)
(0.2228706556 0.006841808574 -0.00525)
(0.222870146 0.008905194582 -0.00525)
(0.2249495051 0.008905507134 -0.00525)
(0.2249499319 0.006841940956 -0.00525)
(0.2270260912 0.01508782838 -0.00525)
(0.2270281795 0.01096776502 -0.00525)
(0.2249490485 0.01096894733 -0.00525)
(0.2270236106 0.01920594557 -0.00525)
(0.2270207837 0.0233210664 -0.00525)
(0.2270177923 0.0274332208 -0.00525)
(0.2270148368 0.03154244331 -0.00525)
(0.2270121267 0.03564877034 -0.00525)
(0.2270098707 0.03975223595 -0.00525)
(0.2270082674 0.04385286669 -0.00525)
(0.2270074621 0.04795067667 -0.00525)
(0.2270075454 0.05204566363 -0.00525)
(0.2270084888 0.05614367736 -0.00525)
(0.2270101821 0.06024468976 -0.00525)
(0.2270124693 0.06434867939 -0.00525)
(0.2270151501 0.06845563109 -0.00525)
(0.2270180231 0.07256553334 -0.00525)
(0.2270208945 0.07667837568 -0.00525)
(0.227023584 0.0807941472 -0.00525)
(0.2270259316 0.08491283628 -0.00525)
(0.2270278032 0.08903443142 -0.00525)
(0.2249500359 0.09315766108 -0.00525)
(0.2270291597 0.09315832911 -0.00525)
(0.2228710196 0.09522210789 -0.00525)
(0.2249502721 0.09522197118 -0.00525)
(0.2228712231 0.09728657577 -0.00525)
(0.2228712871 0.09916831833 -0.00525)
(0.224950495 0.09916831833 -0.00525)
(0.2249504391 0.0972865394 -0.00525)
(0.2270296482 0.002713415679 -0.00525)
(0.2270294792 0.004777873324 -0.00525)
(0.2291087103 0.004777942747 -0.00525)
(0.2291088617 0.002713445663 -0.00525)
(0.2270291914 0.006841824362 -0.00525)
(0.2270287787 0.008905223272 -0.00525)
(0.2291081103 0.008905531634 -0.00525)
(0.2291084554 0.006841954739 -0.00525)
(0.2311852035 0.01508792222 -0.00525)
(0.2311868889 0.01096780436 -0.00525)
(0.229107741 0.01096898338 -0.00525)
(0.231183202 0.01920610512 -0.00525)
(0.2311809221 0.02332130162 -0.00525)
(0.2311785106 0.02743353574 -0.00525)
(0.2311761291 0.03154283448 -0.00525)
(0.2311739448 0.03564922552 -0.00525)
(0.2311721216 0.03975273438 -0.00525)
(0.2311708104 0.04385338107 -0.00525)
(0.2311701369 0.04795117736 -0.00525)
(0.2311701905 0.05204612405 -0.00525)
(0.2311709531 0.05614408635 -0.00525)
(0.2311723209 0.06024504408 -0.00525)
(0.2311741601 0.06434897996 -0.00525)
(0.2311763186 0.06845587999 -0.00525)
(0.2311786381 0.07256573258 -0.00525)
(0.231180962 0.0766785273 -0.00525)
(0.2311831431 0.08079425413 -0.00525)
(0.2311850501 0.08491290327 -0.00525)
(0.2311865723 0.08903446562 -0.00525)
(0.2291085361 0.09315766998 -0.00525)
(0.2311876765 0.09315833895 -0.00525)
(0.2270294841 0.09522211286 -0.00525)
(0.2291087289 0.09522197558 -0.00525)
(0.2270296506 0.09728657697 -0.00525)
(0.227029703 0.09916831833 -0.00525)
(0.2291089109 0.09916831833 -0.00525)
(0.2291088652 0.09728654057 -0.00525)
(0.2311880746 0.002713417077 -0.00525)
(0.2311879381 0.004777879047 -0.00525)
(0.2332671651 0.004777947671 -0.00525)
(0.2332672871 0.002713446814 -0.00525)
(0.2311877058 0.006841837474 -0.00525)
(0.2311873726 0.008905247036 -0.00525)
(0.2332666817 0.008905551813 -0.00525)
(0.2332669598 0.006841966113 -0.00525)
(0.2353441923 0.01508799853 -0.00525)
(0.2353455464 0.01096783648 -0.00525)
(0.2332663842 0.01096901301 -0.00525)
(0.2353425846 0.01920623419 -0.00525)
(0.2353407539 0.02332149077 -0.00525)
(0.2353388181 0.02743378758 -0.00525)
(0.2353369067 0.03154314585 -0.00525)
(0.2353351535 0.03564958702 -0.00525)
(0.2353336889 0.03975313069 -0.00525)
(0.2353326322 0.04385379253 -0.00525)
(0.2353320837 0.04795158252 -0.00525)
(0.2353321177 0.05204650289 -0.00525)
(0.2353327223 0.05614442805 -0.00525)
(0.2353338132 0.06024534327 -0.00525)
(0.2353352841 0.06434923486 -0.00525)
(0.2353370151 0.06845609071 -0.00525)
(0.2353388796 0.07256590023 -0.00525)
(0.2353407514 0.07667865382 -0.00525)
(0.2353425112 0.08079434258 -0.00525)
(0.2353440519 0.08491295826 -0.00525)
(0.235345283 0.08903449354 -0.00525)
(0.2332670224 0.09315767717 -0.00525)
(0.2353461766 0.09315834696 -0.00525)
(0.2311879406 0.09522211684 -0.00525)
(0.2332671789 0.09522197914 -0.00525)
(0.2311880762 0.09728657792 -0.00525)
(0.2311881188 0.09916831833 -0.00525)
(0.2332673267 0.09916831833 -0.00525)
(0.2332672897 0.09728654152 -0.00525)
(0.2353464991 0.002713418226 -0.00525)
(0.2353463894 0.004777883747 -0.00525)
(0.2374256131 0.004777951694 -0.00525)
(0.2374257108 0.002713447754 -0.00525)
(0.2353462028 0.006841848229 -0.00525)
(0.235345935 0.008905266493 -0.00525)
(0.2374252259 0.008905568264 -0.00525)
(0.2374254486 0.006841975397 -0.00525)
(0.2395030815 0.01508806022 -0.00525)
(0.239504162 0.01096786253 -0.00525)
(0.2374249876 0.01096903714 -0.00525)
(0.2395017991 0.01920633819 -0.00525)
(0.239500339 0.02332164259 -0.00525)
(0.2394987953 0.02743398901 -0.00525)
(0.2394972712 0.03154339429 -0.00525)
(0.2394958729 0.03564987528 -0.00525)
(0.2394947041 0.0397534474 -0.00525)
(0.239493859 0.04385412316 -0.00525)
(0.2394934173 0.04795191109 -0.00525)
(0.2394934385 0.05204681393 -0.00525)
(0.2394939146 0.05614471185 -0.00525)
(0.2394947792 0.06024559395 -0.00525)
(0.2394959487 0.06434944943 -0.00525)
(0.2394973281 0.06845626821 -0.00525)
(0.2394988166 0.07256604107 -0.00525)
(0.2395003135 0.07667875962 -0.00525)
(0.2395017227 0.08079441615 -0.00525)
(0.2395029578 0.08491300377 -0.00525)
(0.2395039456 0.08903451655 -0.00525)
(0.2374254971 0.09315768305 -0.00525)
(0.239504663 0.09315835355 -0.00525)
(0.2353463904 0.09522212007 -0.00525)
(0.2374256233 0.09522198205 -0.00525)
(0.2353465001 0.0972865787 -0.00525)
(0.2353465347 0.09916831833 -0.00525)
(0.2374257426 0.09916831833 -0.00525)
(0.2374257127 0.09728654229 -0.00525)
(0.2395049221 0.002713419161 -0.00525)
(0.2395048346 0.004777887573 -0.00525)
(0.2415840556 0.004777954954 -0.00525)
(0.2415841332 0.002713448516 -0.00525)
(0.2395046857 0.006841856975 -0.00525)
(0.239504472 0.008905282296 -0.00525)
(0.2415837481 0.008905581582 -0.00525)
(0.241583925 0.006841982919 -0.00525)
(0.2436618912 0.0150881099 -0.00525)
(0.243662744 0.01096788355 -0.00525)
(0.2415835589 0.01096905666 -0.00525)
(0.243660879 0.01920642175 -0.00525)
(0.2436597269 0.02332176431 -0.00525)
(0.2436585089 0.02743415019 -0.00525)
(0.2436573063 0.03154359289 -0.00525)
(0.2436562028 0.03565010586 -0.00525)
(0.2436552798 0.03975370138 -0.00525)
(0.2436546113 0.04385438965 -0.00525)
(0.24365426 0.04795217793 -0.00525)
(0.2436542729 0.052047069 -0.00525)
(0.2436546447 0.05614494672 -0.00525)
(0.2436553236 0.06024580293 -0.00525)
(0.2436562443 0.06434962917 -0.00525)
(0.2436573322 0.06845641718 -0.00525)
(0.2436585079 0.07256615924 -0.00525)
(0.2436596917 0.07667884819 -0.00525)
(0.2436608073 0.08079447756 -0.00525)
(0.2436617859 0.08491304163 -0.00525)
(0.2436625692 0.08903453565 -0.00525)
(0.2415839624 0.09315768791 -0.00525)
(0.2436631383 0.09315835901 -0.00525)
(0.2395048346 0.09522212273 -0.00525)
(0.2415840632 0.09522198445 -0.00525)
(0.2395049228 0.09728657933 -0.00525)
(0.2395049505 0.09916831833 -0.00525)
(0.2415841584 0.09916831833 -0.00525)
(0.2415841345 0.09728654293 -0.00525)
(0.243663344 0.002713419918 -0.00525)
(0.2436632749 0.004777890667 -0.00525)
(0.2457424937 0.00477795758 -0.00525)
(0.2457425545 0.002713449129 -0.00525)
(0.2436631573 0.006841864044 -0.00525)
(0.2436629887 0.008905295059 -0.00525)
(0.2457422529 0.008905592305 -0.00525)
(0.2457423914 0.006841988976 -0.00525)
(0.2478206378 0.01508814978 -0.00525)
(0.2478212994 0.01096790044 -0.00525)
(0.2457421047 0.01096907236 -0.00525)
(0.2478198527 0.01920648874 -0.00525)
(0.247818959 0.02332186178 -0.00525)
(0.2478180143 0.02743427918 -0.00525)
(0.2478170816 0.03154375186 -0.00525)
(0.2478162256 0.03565029066 -0.00525)
(0.2478155092 0.03975390555 -0.00525)
(0.2478149898 0.04385460489 -0.00525)
(0.2478147157 0.04795239487 -0.00525)
(0.2478147235 0.05204727806 -0.00525)
(0.2478150096 0.05614514071 -0.00525)
(0.2478155343 0.06024597666 -0.00525)
(0.2478162472 0.06434977929 -0.00525)
(0.2478170906 0.06845654196 -0.00525)
(0.2478180032 0.07256625831 -0.00525)
(0.2478189229 0.07667892243 -0.00525)
(0.2478197903 0.08079452897 -0.00525)
(0.2478205517 0.08491307329 -0.00525)
(0.2478211614 0.08903455159 -0.00525)
(0.24574242 0.09315769195 -0.00525)
(0.2478216046 0.09315836357 -0.00525)
(0.2436632744 0.09522212493 -0.00525)
(0.2457424993 0.09522198644 -0.00525)
(0.2436633443 0.09728657986 -0.00525)
(0.2436633663 0.09916831833 -0.00525)
(0.2457425743 0.09916831833 -0.00525)
(0.2457425555 0.09728654346 -0.00525)
(0.2478217648 0.002713420528 -0.00525)
(0.2478217112 0.004777893156 -0.00525)
(0.2499009284 0.004777959682 -0.00525)
(0.249900975 0.002713449618 -0.00525)
(0.24782162 0.00684186973 -0.00525)
(0.2478214892 0.008905305321 -0.00525)
(0.2499007439 0.008905600896 -0.00525)
(0.24990085 0.006841993829 -0.00525)
(0.2519793354 0.01508818168 -0.00525)
(0.2519798341 0.01096791395 -0.00525)
(0.2499006303 0.01096908495 -0.00525)
(0.2519787437 0.01920654231 -0.00525)
(0.2519780702 0.02332193971 -0.00525)
(0.2519773583 0.02743438234 -0.00525)
(0.2519766555 0.03154387913 -0.00525)
(0.2519760104 0.03565043893 -0.00525)
(0.2519754704 0.0397540699 -0.00525)
(0.2519750786 0.04385477896 -0.00525)
(0.2519748714 0.0479525714 -0.00525)
(0.2519748763 0.05204744941 -0.00525)
(0.251975091 0.05614530082 -0.00525)
(0.2519754855 0.06024612092 -0.00525)
(0.2519760221 0.06434990456 -0.00525)
(0.2519766575 0.06845664644 -0.00525)
(0.2519773454 0.07256634145 -0.00525)
(0.2519780391 0.07667898479 -0.00525)
(0.2519786938 0.08079457216 -0.00525)
(0.2519792686 0.08491309987 -0.00525)
(0.2519797291 0.08903456498 -0.00525)
(0.2499008715 0.09315769532 -0.00525)
(0.2519800639 0.0931583674 -0.00525)
(0.2478217106 0.09522212677 -0.00525)
(0.2499009325 0.09522198811 -0.00525)
(0.247821765 0.0972865803 -0.00525)
(0.2478217822 0.09916831833 -0.00525)
(0.2499009901 0.09916831833 -0.00525)
(0.2499009757 0.0972865439 -0.00525)
(0.2519801849 0.002713421015 -0.00525)
(0.2519801446 0.004777895149 -0.00525)
(0.2540593604 0.004777961354 -0.00525)
(0.2540593948 0.002713450006 -0.00525)
(0.2519800758 0.006841874282 -0.00525)
(0.2519799772 0.008905313535 -0.00525)
(0.2540592244 0.008905607741 -0.00525)
(0.2540593026 0.006841997694 -0.00525)
(0.2561379961 0.01508820708 -0.00525)
(0.2561383533 0.01096792471 -0.00525)
(0.2540591406 0.01096909497 -0.00525)
(0.2561375723 0.01920658498 -0.00525)
(0.25613709 0.02332200182 -0.00525)
(0.2561365804 0.02743446466 -0.00525)
(0.2561360773 0.03154398088 -0.00525)
(0.2561356157 0.03565055781 -0.00525)
(0.2561352294 0.0397542022 -0.00525)
(0.2561349492 0.04385491982 -0.00525)
(0.2561348011 0.04795271513 -0.00525)
(0.2561348047 0.05204758996 -0.00525)
(0.2561349583 0.05614543306 -0.00525)
(0.2561352406 0.06024624082 -0.00525)
(0.2561356245 0.06435000923 -0.00525)
(0.2561360792 0.06845673412 -0.00525)
(0.2561365716 0.07256641143 -0.00525)
(0.2561370681 0.07667903739 -0.00525)
(0.2561375368 0.08079460865 -0.00525)
(0.2561379484 0.08491312235 -0.00525)
(0.2561382781 0.0890345763 -0.00525)
(0.2540593184 0.09315769817 -0.00525)
(0.2561385178 0.09315837063 -0.00525)
(0.2519801439 0.09522212831 -0.00525)
(0.2540593634 0.09522198952 -0.00525)
(0.2519801851 0.09728658067 -0.00525)
(0.251980198 0.09916831833 -0.00525)
(0.2540594059 0.09916831833 -0.00525)
(0.2540593953 0.09728654428 -0.00525)
(0.2561386045 0.002713421404 -0.00525)
(0.2561385756 0.004777896736 -0.00525)
(0.2582177905 0.004777962671 -0.00525)
(0.2582178141 0.00271345031 -0.00525)
(0.2561385263 0.006841877906 -0.00525)
(0.2561384557 0.008905320073 -0.00525)
(0.258217697 0.008905613151 -0.00525)
(0.2582177508 0.006842000745 -0.00525)
(0.2602966301 0.01508822714 -0.00525)
(0.2602968612 0.0109679332 -0.00525)
(0.2582176395 0.0109691029 -0.00525)
(0.260296356 0.01920661871 -0.00525)
(0.2602960442 0.02332205102 -0.00525)
(0.2602957149 0.02743453002 -0.00525)
(0.26029539 0.03154406193 -0.00525)
(0.2602950922 0.0356506529 -0.00525)
(0.2602948434 0.03975430856 -0.00525)
(0.2602946632 0.04385503374 -0.00525)
(0.2602945686 0.04795283222 -0.00525)
(0.2602945721 0.05204770541 -0.00525)
(0.2602946722 0.05614554253 -0.00525)
(0.2602948551 0.06024634079 -0.00525)
(0.2602951033 0.06435009706 -0.00525)
(0.2602953969 0.06845680808 -0.00525)
(0.2602957145 0.07256647073 -0.00525)
(0.2602960345 0.07667908212 -0.00525)
(0.2602963364 0.08079463975 -0.00525)
(0.2602966014 0.08491314155 -0.00525)
(0.2602968136 0.08903458598 -0.00525)
(0.2582177618 0.0931577006 -0.00525)
(0.2602969679 0.0931583734 -0.00525)
(0.2561385751 0.09522212962 -0.00525)
(0.2582177926 0.09522199072 -0.00525)
(0.2561386046 0.09728658098 -0.00525)
(0.2561386139 0.09916831833 -0.00525)
(0.2582178218 0.09916831833 -0.00525)
(0.2582178145 0.0972865446 -0.00525)
(0.2602970236 0.00271342171 -0.00525)
(0.260297005 0.004777897987 -0.00525)
(0.2623762193 0.004777963693 -0.00525)
(0.2623762331 0.002713450543 -0.00525)
(0.2602969731 0.006841880764 -0.00525)
(0.2602969275 0.008905325231 -0.00525)
(0.2623761643 0.008905617368 -0.00525)
(0.2623761959 0.006842003119 -0.00525)
(0.2644552468 0.01508824276 -0.00525)
(0.2644553618 0.01096793979 -0.00525)
(0.2623761305 0.01096910909 -0.00525)
(0.2644551105 0.01920664504 -0.00525)
(0.2644549556 0.02332208953 -0.00525)
(0.2644547924 0.02743458139 -0.00525)
(0.2644546318 0.03154412596 -0.00525)
(0.264454485 0.03565072848 -0.00525)
(0.2644543631 0.03975439371 -0.00525)
(0.2644542757 0.04385512572 -0.00525)
(0.2644542311 0.04795292765 -0.00525)
(0.2644542352 0.05204780048 -0.00525)
(0.2644542868 0.05614563357 -0.00525)
(0.2644543787 0.06024642469 -0.00525)
(0.2644545023 0.06435017136 -0.00525)
(0.2644546474 0.06845687111 -0.00525)
(0.2644548037 0.07256652157 -0.00525)
(0.2644549606 0.07667912067 -0.00525)
(0.2644551081 0.08079466666 -0.00525)
(0.2644552373 0.08491315821 -0.00525)
(0.2644553406 0.0890345944 -0.00525)
(0.2623762027 0.0931577027 -0.00525)
(0.2644554156 0.09315837582 -0.00525)
(0.2602970048 0.09522213073 -0.00525)
(0.2623762207 0.09522199176 -0.00525)
(0.2602970237 0.09728658125 -0.00525)
(0.2602970297 0.09916831833 -0.00525)
(0.2623762376 0.09916831833 -0.00525)
(0.2623762334 0.09728654488 -0.00525)
(0.2644554425 0.002713421947 -0.00525)
(0.2644554333 0.004777898957 -0.00525)
(0.2665346472 0.004777964462 -0.00525)
(0.2665346519 0.002713450716 -0.00525)
(0.2644554174 0.00684188298 -0.00525)
(0.2644553948 0.008905329235 -0.00525)
(0.2665346284 0.008905620573 -0.00525)
(0.2665346392 0.006842004917 -0.00525)
(0.2686138546 0.01508825458 -0.00525)
(0.2686138587 0.01096794477 -0.00525)
(0.2665346168 0.0109691138 -0.00525)
(0.2686138501 0.01920666506 -0.00525)
(0.2686138453 0.02332211899 -0.00525)
(0.2686138409 0.02743462098 -0.00525)
(0.2686138374 0.03154417573 -0.00525)
(0.2686138354 0.03565078781 -0.00525)
(0.2686138352 0.03975446132 -0.00525)
(0.268613837 0.04385519966 -0.00525)
(0.2686138408 0.0479530054 -0.00525)
(0.2686138463 0.05204787911 -0.00525)
(0.2686138521 0.05614570989 -0.00525)
(0.2686138575 0.06024649589 -0.00525)
(0.2686138619 0.06435023514 -0.00525)
(0.268613865 0.06845692573 -0.00525)
(0.2686138667 0.07256656601 -0.00525)
(0.2686138671 0.0766791546 -0.00525)
(0.2686138663 0.08079469049 -0.00525)
(0.2686138649 0.08491317302 -0.00525)
(0.2686138634 0.08903460191 -0.00525)
(0.2665346423 0.09315770455 -0.00525)
(0.268613862 0.09315837797 -0.00525)
(0.2644554335 0.0952221317 -0.00525)
(0.2665346481 0.09522199267 -0.00525)
(0.2644554427 0.09728658148 -0.00525)
(0.2644554455 0.09916831833 -0.00525)
(0.2665346535 0.09916831833 -0.00525)
(0.2665346521 0.09728654512 -0.00525)
(0.2686138613 0.002713422126 -0.00525)
(0.268613861 0.004777899686 -0.00525)
(0.2706930748 0.00477796501 -0.00525)
(0.2706930707 0.002713450835 -0.00525)
(0.2686138605 0.006841884649 -0.00525)
(0.2686138598 0.008905332252 -0.00525)
(0.2706930913 0.008905622892 -0.00525)
(0.2706930818 0.006842006211 -0.00525)
(0.2727724617 0.01508826305 -0.00525)
(0.2727723553 0.01096794831 -0.00525)
(0.2706931013 0.01096911722 -0.00525)
(0.2727725884 0.01920667953 -0.00525)
(0.2727727332 0.02332214054 -0.00525)
(0.2727728871 0.02743465033 -0.00525)
(0.2727730403 0.03154421322 -0.00525)
(0.2727731827 0.03565083329 -0.00525)
(0.2727733041 0.03975451412 -0.00525)
(0.2727733952 0.04385525858 -0.00525)
(0.2727734478 0.04795306871 -0.00525)
(0.2727734553 0.05204794457 -0.00525)
(0.272773416 0.0561457747 -0.00525)
(0.2727733354 0.06024655744 -0.00525)
(0.2727732213 0.06435029112 -0.00525)
(0.2727730828 0.06845697434 -0.00525)
(0.2727729302 0.07256660601 -0.00525)
(0.2727727741 0.07667918544 -0.00525)
(0.2727726251 0.08079471231 -0.00525)
(0.2727724929 0.08491318667 -0.00525)
(0.2727723864 0.08903460886 -0.00525)
(0.2706930815 0.09315770624 -0.00525)
(0.2727723086 0.09315837997 -0.00525)
(0.2686138617 0.09522213257 -0.00525)
(0.2706930752 0.09522199351 -0.00525)
(0.2686138615 0.09728658169 -0.00525)
(0.2686138614 0.09916831833 -0.00525)
(0.2706930693 0.09916831833 -0.00525)
(0.2706930708 0.09728654535 -0.00525)
(0.27277228 0.002713422251 -0.00525)
(0.2727722887 0.004777900201 -0.00525)
(0.2748515027 0.004777965351 -0.00525)
(0.2748514894 0.002713450903 -0.00525)
(0.2727723035 0.006841885828 -0.00525)
(0.2727723246 0.008905334391 -0.00525)
(0.274851555 0.008905624397 -0.00525)
(0.2748515249 0.006842007039 -0.00525)
(0.2769310761 0.0150882684 -0.00525)
(0.2769308549 0.01096795052 -0.00525)
(0.2748515871 0.01096911946 -0.00525)
(0.2769313391 0.01920668887 -0.00525)
(0.2769316392 0.0233221548 -0.00525)
(0.2769319576 0.02743467035 -0.00525)
(0.2769322736 0.03154423965 -0.00525)
(0.276932566 0.03565086649 -0.00525)
(0.276932814 0.03975455407 -0.00525)
(0.2769329982 0.04385530478 -0.00525)
(0.2769331019 0.04795312013 -0.00525)
(0.276933112 0.05204799963 -0.00525)
(0.2769330261 0.05614583086 -0.00525)
(0.2769328566 0.06024661211 -0.00525)
(0.2769326195 0.06435034193 -0.00525)
(0.276932334 0.06845701927 -0.00525)
(0.2769320209 0.07256664355 -0.00525)
(0.2769317019 0.07667921474 -0.00525)
(0.2769313984 0.08079473325 -0.00525)
(0.2769311301 0.08491319987 -0.00525)
(0.276930914 0.08903461561 -0.00525)
(0.2748515212 0.09315770785 -0.00525)
(0.2769307564 0.09315838191 -0.00525)
(0.2727722899 0.09522213338 -0.00525)
(0.2748515027 0.09522199431 -0.00525)
(0.2727722803 0.09728658188 -0.00525)
(0.2727722772 0.09916831833 -0.00525)
(0.2748514851 0.09916831833 -0.00525)
(0.2748514895 0.09728654556 -0.00525)
(0.2769306989 0.002713422328 -0.00525)
(0.2769307169 0.004777900515 -0.00525)
(0.2790099312 0.00477796549 -0.00525)
(0.2790099084 0.002713450921 -0.00525)
(0.2769307475 0.006841886549 -0.00525)
(0.2769307913 0.008905335707 -0.00525)
(0.2790100215 0.008905625108 -0.00525)
(0.2790099696 0.006842007412 -0.00525)
(0.2810897063 0.01508827064 -0.00525)
(0.2810893612 0.01096795137 -0.00525)
(0.279010077 0.01096912054 -0.00525)
(0.2810901163 0.01920669311 -0.00525)
(0.2810905839 0.02332216193 -0.00525)
(0.2810910797 0.02743468136 -0.00525)
(0.2810915715 0.03154425557 -0.00525)
(0.281092026 0.03565088825 -0.00525)
(0.2810924107 0.03975458236 -0.00525)
(0.2810926955 0.04385533985 -0.00525)
(0.2810928547 0.04795316167 -0.00525)
(0.2810928679 0.05204804668 -0.00525)
(0.2810927322 0.05614588097 -0.00525)
(0.2810924669 0.06024666263 -0.00525)
(0.2810920973 0.06435039022 -0.00525)
(0.2810916531 0.06845706294 -0.00525)
(0.2810911667 0.07256668072 -0.00525)
(0.2810906717 0.07667924418 -0.00525)
(0.2810902011 0.08079475454 -0.00525)
(0.2810897854 0.0849132134 -0.00525)
(0.2810894509 0.08903462257 -0.00525)
(0.2790099624 0.09315770947 -0.00525)
(0.281089207 0.09315838392 -0.00525)
(0.2769307186 0.09522213417 -0.00525)
(0.2790099308 0.09522199512 -0.00525)
(0.2769306992 0.09728658207 -0.00525)
(0.2769306931 0.09916831833 -0.00525)
(0.279009901 0.09916831833 -0.00525)
(0.2790099085 0.09728654578 -0.00525)
(0.281089118 0.002713422354 -0.00525)
(0.281089146 0.004777900625 -0.00525)
(0.283168361 0.004777965415 -0.00525)
(0.2831683277 0.002713450885 -0.00525)
(0.2810891937 0.00684188681 -0.00525)
(0.2810892621 0.008905336197 -0.00525)
(0.283168493 0.008905624986 -0.00525)
(0.2831684171 0.006842007304 -0.00525)
(0.2852483611 0.01508826955 -0.00525)
(0.285247878 0.01096795078 -0.00525)
(0.2831685742 0.01096912042 -0.00525)
(0.2852489351 0.01920669195 -0.00525)
(0.2852495895 0.02332216154 -0.00525)
(0.2852502832 0.027434683 -0.00525)
(0.2852509709 0.03154426077 -0.00525)
(0.2852516061 0.03565089865 -0.00525)
(0.2852521433 0.03975459945 -0.00525)
(0.2852525406 0.04385536476 -0.00525)
(0.2852527618 0.04795319486 -0.00525)
(0.2852527787 0.0520480878 -0.00525)
(0.2852525877 0.05614592756 -0.00525)
(0.285252216 0.06024671176 -0.00525)
(0.2852516988 0.06435043879 -0.00525)
(0.2852510776 0.06845710802 -0.00525)
(0.2852503978 0.07256671986 -0.00525)
(0.2852497064 0.07667927568 -0.00525)
(0.2852490493 0.08079477757 -0.00525)
(0.285248469 0.08491322816 -0.00525)
(0.285248002 0.08903463021 -0.00525)
(0.2852475375 0.002713422327 -0.00525)
(0.2852475767 0.004777900516 -0.00525)
(0.2873267926 0.004777965097 -0.00525)
(0.2873267474 0.002713450788 -0.00525)
(0.2852476435 0.006841886571 -0.00525)
(0.2852477392 0.008905335796 -0.00525)
(0.2873269718 0.008905623924 -0.00525)
(0.2873268688 0.006842006654 -0.00525)
(0.2894070506 0.01508826462 -0.00525)
(0.2894064094 0.01096794852 -0.00525)
(0.287327082 0.01096911895 -0.00525)
(0.2894078124 0.01920668461 -0.00525)
(0.2894086807 0.02332215265 -0.00525)
(0.2894096009 0.02743467417 -0.00525)
(0.2894105129 0.0315442542 -0.00525)
(0.2894113549 0.03565089689 -0.00525)
(0.2894120667 0.03975460502 -0.00525)
(0.2894125927 0.0438553798 -0.00525)
(0.2894128851 0.04795322078 -0.00525)
(0.2894129065 0.05204812492 -0.00525)
(0.2894126524 0.05614597322 -0.00525)
(0.289412159 0.06024676251 -0.00525)
(0.2894114729 0.06435049084 -0.00525)
(0.2894106493 0.06845715764 -0.00525)
(0.2894097482 0.0725667638 -0.00525)
(0.2894088318 0.07667931154 -0.00525)
(0.2894079609 0.0807948041 -0.00525)
(0.2894059575 0.002713422237 -0.00525)
(0.2894060095 0.004777900152 -0.00525)
(0.2914852268 0.004777964484 -0.00525)
(0.2914851677 0.002713450615 -0.00525)
(0.2894060981 0.006841885754 -0.00525)
(0.2894062251 0.008905334363 -0.00525)
(0.2914854606 0.008905621735 -0.00525)
(0.2914853261 0.006842005352 -0.00525)
(0.2935657864 0.015088255 -0.00525)
(0.2935649604 0.01096794421 -0.00525)
(0.2914856044 0.01096911585 -0.00525)
(0.2935667675 0.01920666974 -0.00525)
(0.2935678858 0.02332213349 -0.00525)
(0.2935690705 0.02743465283 -0.00525)
(0.2935702444 0.0315442338 -0.00525)
(0.293571328 0.03565088114 -0.00525)
(0.2935722436 0.0397545978 -0.00525)
(0.2935729199 0.04385538457 -0.00525)
(0.2935732954 0.04795324007 -0.00525)
(0.2935733222 0.05204815986 -0.00525)
(0.2935729946 0.05614602074 -0.00525)
(0.2935723592 0.0602468184 -0.00525)
(0.2935714762 0.06435055022 -0.00525)
(0.2935643782 0.00271342207 -0.00525)
(0.2935644453 0.004777899473 -0.00525)
(0.2956436642 0.004777963501 -0.00525)
(0.2956435888 0.002713450347 -0.00525)
(0.2935645594 0.006841884225 -0.00525)
(0.293564723 0.008905331659 -0.00525)
(0.2956439624 0.008905618125 -0.00525)
(0.2956437909 0.006842003226 -0.00525)
(0.2977245819 0.01508823938 -0.00525)
(0.2977235366 0.01096793726 -0.00525)
(0.2956441458 0.0109691107 -0.00525)
(0.2977258233 0.01920664528 -0.00525)
(0.297727238 0.0233221013 -0.00525)
(0.2977287363 0.02743461577 -0.00525)
(0.2977302204 0.03154419619 -0.00525)
(0.29773159 0.03565084831 -0.00525)
(0.297732747 0.0397545754 -0.00525)
(0.2977336013 0.04385537782 -0.00525)
(0.2977340753 0.04795325295 -0.00525)
(0.2977341084 0.05204819449 -0.00525)
(0.297733694 0.0561460734 -0.00525)
(0.2977328906 0.06024688368 -0.00525)
(0.2977317742 0.06435062174 -0.00525)
(0.2 0.00083168316 -0.00525)
(0.2020792079 0.00083168316 -0.00525)
(0.2041584158 0.00083168316 -0.00525)
(0.2062376238 0.00083168316 -0.00525)
(0.2083168317 0.00083168316 -0.00525)
(0.2103960396 0.00083168316 -0.00525)
(0.2124752475 0.00083168316 -0.00525)
(0.2145544554 0.00083168316 -0.00525)
(0.2166336634 0.00083168316 -0.00525)
(0.2187128713 0.00083168316 -0.00525)
(0.2207920792 0.00083168316 -0.00525)
(0.2228712871 0.00083168316 -0.00525)
(0.224950495 0.00083168316 -0.00525)
(0.227029703 0.00083168316 -0.00525)
(0.2291089109 0.00083168316 -0.00525)
(0.2311881188 0.00083168316 -0.00525)
(0.2332673267 0.00083168316 -0.00525)
(0.2353465347 0.00083168316 -0.00525)
(0.2374257426 0.00083168316 -0.00525)
(0.2395049505 0.00083168316 -0.00525)
(0.2415841584 0.00083168316 -0.00525)
(0.2436633663 0.00083168316 -0.00525)
(0.2457425743 0.00083168316 -0.00525)
(0.2478217822 0.00083168316 -0.00525)
(0.2499009901 0.00083168316 -0.00525)
(0.251980198 0.00083168316 -0.00525)
(0.2540594059 0.00083168316 -0.00525)
(0.2561386139 0.00083168316 -0.00525)
(0.2582178218 0.00083168316 -0.00525)
(0.2602970297 0.00083168316 -0.00525)
(0.2623762376 0.00083168316 -0.00525)
(0.2644554455 0.00083168316 -0.00525)
(0.2665346535 0.00083168316 -0.00525)
(0.2686138614 0.00083168316 -0.00525)
(0.2706930693 0.00083168316 -0.00525)
(0.2727722772 0.00083168316 -0.00525)
(0.2748514851 0.00083168316 -0.00525)
(0.2769306931 0.00083168316 -0.00525)
(0.279009901 0.00083168316 -0.00525)
(0.2810891089 0.00083168316 -0.00525)
(0.2810891184 0.09728658227 -0.00525)
(0.2810891089 0.09916831833 -0.00525)
(0.2831683168 0.00083168316 -0.00525)
(0.2852475248 0.00083168316 -0.00525)
(0.2873267327 0.00083168316 -0.00525)
(0.2894059406 0.00083168316 -0.00525)
(0.2914851485 0.00083168316 -0.00525)
(0.2935643564 0.00083168316 -0.00525)
(0.2956435644 0.00083168316 -0.00525)
(0.2977227998 0.002713421803 -0.00525)
(0.2977227723 0.00083168316 -0.00525)
(0.2810891484 0.09522213498 -0.00525)
(0.2977230292 0.006841881781 -0.00525)
(0.2977228847 0.00477789839 -0.00525)
(0.2977232362 0.008905327326 -0.00525)
(0.1875247525 0.09958415991 -0.00525)
(0.1875247525 0.1000000015 -0.00525)
(0.1896039604 0.09958415991 -0.00525)
(0.1916831683 0.09958415991 -0.00525)
(0.1896039604 0.1000000015 -0.00525)
(0.1916831683 0.1000000015 -0.00525)
(0.1937623762 0.09958415991 -0.00525)
(0.1958415842 0.09958415991 -0.00525)
(0.1937623762 0.1000000015 -0.00525)
(0.1958415842 0.1000000015 -0.00525)
(0.1979207921 0.09958415991 -0.00525)
(0.1979207921 0.1000000015 -0.00525)
(0.2 0.09958415991 -0.00525)
(0.2 0.1000000015 -0.00525)
(0.2020792079 0.09958415991 -0.00525)
(0.2041584158 0.09958415991 -0.00525)
(0.2020792079 0.1000000015 -0.00525)
(0.2041584158 0.1000000015 -0.00525)
(0.2062376238 0.09958415991 -0.00525)
(0.2083168317 0.09958415991 -0.00525)
(0.2062376238 0.1000000015 -0.00525)
(0.2083168317 0.1000000015 -0.00525)
(0.2103960396 0.09958415991 -0.00525)
(0.2124752475 0.09958415991 -0.00525)
(0.2103960396 0.1000000015 -0.00525)
(0.2124752475 0.1000000015 -0.00525)
(0.2145544554 0.09958415991 -0.00525)
(0.2166336634 0.09958415991 -0.00525)
(0.2145544554 0.1000000015 -0.00525)
(0.2166336634 0.1000000015 -0.00525)
(0.2187128713 0.09958415991 -0.00525)
(0.2207920792 0.09958415991 -0.00525)
(0.2187128713 0.1000000015 -0.00525)
(0.2207920792 0.1000000015 -0.00525)
(0.2228712871 0.09958415991 -0.00525)
(0.224950495 0.09958415991 -0.00525)
(0.2228712871 0.1000000015 -0.00525)
(0.224950495 0.1000000015 -0.00525)
(0.227029703 0.09958415991 -0.00525)
(0.2291089109 0.09958415991 -0.00525)
(0.227029703 0.1000000015 -0.00525)
(0.2291089109 0.1000000015 -0.00525)
(0.2311881188 0.09958415991 -0.00525)
(0.2332673267 0.09958415991 -0.00525)
(0.2311881188 0.1000000015 -0.00525)
(0.2332673267 0.1000000015 -0.00525)
(0.2353465347 0.09958415991 -0.00525)
(0.2374257426 0.09958415991 -0.00525)
(0.2353465347 0.1000000015 -0.00525)
(0.2374257426 0.1000000015 -0.00525)
(0.2395049505 0.09958415991 -0.00525)
(0.2415841584 0.09958415991 -0.00525)
(0.2395049505 0.1000000015 -0.00525)
(0.2415841584 0.1000000015 -0.00525)
(0.2436633663 0.09958415991 -0.00525)
(0.2457425743 0.09958415991 -0.00525)
(0.2436633663 0.1000000015 -0.00525)
(0.2457425743 0.1000000015 -0.00525)
(0.2478217822 0.09958415991 -0.00525)
(0.2499009901 0.09958415991 -0.00525)
(0.2478217822 0.1000000015 -0.00525)
(0.2499009901 0.1000000015 -0.00525)
(0.251980198 0.09958415991 -0.00525)
(0.2540594059 0.09958415991 -0.00525)
(0.251980198 0.1000000015 -0.00525)
(0.2540594059 0.1000000015 -0.00525)
(0.2561386139 0.09958415991 -0.00525)
(0.2582178218 0.09958415991 -0.00525)
(0.2561386139 0.1000000015 -0.00525)
(0.2582178218 0.1000000015 -0.00525)
(0.2602970297 0.09958415991 -0.00525)
(0.2623762376 0.09958415991 -0.00525)
(0.2602970297 0.1000000015 -0.00525)
(0.2623762376 0.1000000015 -0.00525)
(0.2644554455 0.09958415991 -0.00525)
(0.2665346535 0.09958415991 -0.00525)
(0.2644554455 0.1000000015 -0.00525)
(0.2665346535 0.1000000015 -0.00525)
(0.2686138614 0.09958415991 -0.00525)
(0.2706930693 0.09958415991 -0.00525)
(0.2686138614 0.1000000015 -0.00525)
(0.2706930693 0.1000000015 -0.00525)
(0.2727722772 0.09958415991 -0.00525)
(0.2748514851 0.09958415991 -0.00525)
(0.2727722772 0.1000000015 -0.00525)
(0.2748514851 0.1000000015 -0.00525)
(0.2769306931 0.09958415991 -0.00525)
(0.279009901 0.09958415991 -0.00525)
(0.2769306931 0.1000000015 -0.00525)
(0.279009901 0.1000000015 -0.00525)
(0.2810891089 0.09958415991 -0.00525)
(0.2810891089 0.1000000015 -0.00525)
(0.1833663366 0.00041584158 -0.00525)
(0.1875247525 0.00041584158 -0.00525)
(0.1854455446 0.00041584158 -0.00525)
(0.1875247525 -1.084202172e-18 -0.00525)
(0.1854455446 -1.084202172e-18 -0.00525)
(0.1916831683 0.00041584158 -0.00525)
(0.1896039604 0.00041584158 -0.00525)
(0.1916831683 -1.084202172e-18 -0.00525)
(0.1896039604 -1.084202172e-18 -0.00525)
(0.1958415842 0.00041584158 -0.00525)
(0.1937623762 0.00041584158 -0.00525)
(0.1958415842 -1.084202172e-18 -0.00525)
(0.1937623762 -1.084202172e-18 -0.00525)
(0.1979207921 0.00041584158 -0.00525)
(0.1979207921 -1.084202172e-18 -0.00525)
(0.2 0.00041584158 -0.00525)
(0.2 -1.084202172e-18 -0.00525)
(0.2041584158 0.00041584158 -0.00525)
(0.2020792079 0.00041584158 -0.00525)
(0.2041584158 -1.084202172e-18 -0.00525)
(0.2020792079 -1.084202172e-18 -0.00525)
(0.2083168317 0.00041584158 -0.00525)
(0.2062376238 0.00041584158 -0.00525)
(0.2083168317 -1.084202172e-18 -0.00525)
(0.2062376238 -1.084202172e-18 -0.00525)
(0.2124752475 0.00041584158 -0.00525)
(0.2103960396 0.00041584158 -0.00525)
(0.2124752475 -1.084202172e-18 -0.00525)
(0.2103960396 -1.084202172e-18 -0.00525)
(0.2166336634 0.00041584158 -0.00525)
(0.2145544554 0.00041584158 -0.00525)
(0.2166336634 -1.084202172e-18 -0.00525)
(0.2145544554 -1.084202172e-18 -0.00525)
(0.2207920792 0.00041584158 -0.00525)
(0.2187128713 0.00041584158 -0.00525)
(0.2207920792 -1.084202172e-18 -0.00525)
(0.2187128713 -1.084202172e-18 -0.00525)
(0.224950495 0.00041584158 -0.00525)
(0.2228712871 0.00041584158 -0.00525)
(0.224950495 -1.084202172e-18 -0.00525)
(0.2228712871 -1.084202172e-18 -0.00525)
(0.2291089109 0.00041584158 -0.00525)
(0.227029703 0.00041584158 -0.00525)
(0.2291089109 -1.084202172e-18 -0.00525)
(0.227029703 -1.084202172e-18 -0.00525)
(0.2332673267 0.00041584158 -0.00525)
(0.2311881188 0.00041584158 -0.00525)
(0.2332673267 -1.084202172e-18 -0.00525)
(0.2311881188 -1.084202172e-18 -0.00525)
(0.2374257426 0.00041584158 -0.00525)
(0.2353465347 0.00041584158 -0.00525)
(0.2374257426 -1.084202172e-18 -0.00525)
(0.2353465347 -1.084202172e-18 -0.00525)
(0.2415841584 0.00041584158 -0.00525)
(0.2395049505 0.00041584158 -0.00525)
(0.2415841584 -1.084202172e-18 -0.00525)
(0.2395049505 -1.084202172e-18 -0.00525)
(0.2457425743 0.00041584158 -0.00525)
(0.2436633663 0.00041584158 -0.00525)
(0.2457425743 -1.084202172e-18 -0.00525)
(0.2436633663 -1.084202172e-18 -0.00525)
(0.2499009901 0.00041584158 -0.00525)
(0.2478217822 0.00041584158 -0.00525)
(0.2499009901 -1.084202172e-18 -0.00525)
(0.2478217822 -1.084202172e-18 -0.00525)
(0.2540594059 0.00041584158 -0.00525)
(0.251980198 0.00041584158 -0.00525)
(0.2540594059 -1.084202172e-18 -0.00525)
(0.251980198 -1.084202172e-18 -0.00525)
(0.2582178218 0.00041584158 -0.00525)
(0.2561386139 0.00041584158 -0.00525)
(0.2582178218 -1.084202172e-18 -0.00525)
(0.2561386139 -1.084202172e-18 -0.00525)
(0.2623762376 0.00041584158 -0.00525)
(0.2602970297 0.00041584158 -0.00525)
(0.2623762376 -1.084202172e-18 -0.00525)
(0.2602970297 -1.084202172e-18 -0.00525)
(0.2665346535 0.00041584158 -0.00525)
(0.2644554455 0.00041584158 -0.00525)
(0.2665346535 -1.084202172e-18 -0.00525)
(0.2644554455 -1.084202172e-18 -0.00525)
(0.2706930693 0.00041584158 -0.00525)
(0.2686138614 0.00041584158 -0.00525)
(0.2706930693 -1.084202172e-18 -0.00525)
(0.2686138614 -1.084202172e-18 -0.00525)
(0.2748514851 0.00041584158 -0.00525)
(0.2727722772 0.00041584158 -0.00525)
(0.2748514851 -1.084202172e-18 -0.00525)
(0.2727722772 -1.084202172e-18 -0.00525)
(0.279009901 0.00041584158 -0.00525)
(0.2769306931 0.00041584158 -0.00525)
(0.279009901 -1.084202172e-18 -0.00525)
(0.2769306931 -1.084202172e-18 -0.00525)
(0.2831683168 0.00041584158 -0.00525)
(0.2810891089 0.00041584158 -0.00525)
(0.2831683168 -1.084202172e-18 -0.00525)
(0.2810891089 -1.084202172e-18 -0.00525)
(0.2873267327 0.00041584158 -0.00525)
(0.2852475248 0.00041584158 -0.00525)
(0.2873267327 -1.084202172e-18 -0.00525)
(0.2852475248 -1.084202172e-18 -0.00525)
(0.2914851485 0.00041584158 -0.00525)
(0.2894059406 0.00041584158 -0.00525)
(0.2914851485 -1.084202172e-18 -0.00525)
(0.2894059406 -1.084202172e-18 -0.00525)
(0.2956435644 0.00041584158 -0.00525)
(0.2935643564 0.00041584158 -0.00525)
(0.2956435644 -1.084202172e-18 -0.00525)
(0.2935643564 -1.084202172e-18 -0.00525)
(0.2977227723 0.00041584158 -0.00525)
(0.2977227723 -1.626303259e-18 -0.00525)
(0.2894061219 0.09315838872 -0.00525)
(0.2914853062 0.09315771552 -0.00525)
(0.2935645897 0.0931583919 -0.00525)
(0.2894060137 0.09522213693 -0.00525)
(0.2914852251 0.09522199813 -0.00525)
(0.2894059581 0.09728658274 -0.00525)
(0.2894059406 0.09916831833 -0.00525)
(0.2914851485 0.09916831833 -0.00525)
(0.2914851677 0.09728654659 -0.00525)
(0.293564379 0.09728658305 -0.00525)
(0.2935643564 0.09916831833 -0.00525)
(0.2831684061 0.0931577112 -0.00525)
(0.2852476616 0.09315838614 -0.00525)
(0.2831683602 0.09522199598 -0.00525)
(0.2831683168 0.09916831833 -0.00525)
(0.2831683277 0.09728654601 -0.00525)
(0.2873268536 0.09315771317 -0.00525)
(0.2852475799 0.09522213588 -0.00525)
(0.2873267915 0.09522199696 -0.00525)
(0.285247538 0.09728658248 -0.00525)
(0.2852475248 0.09916831833 -0.00525)
(0.2873267327 0.09916831833 -0.00525)
(0.2873267474 0.09728654628 -0.00525)
(0.2935644505 0.09522213822 -0.00525)
(0.2894059406 0.09958415991 -0.00525)
(0.2914851485 0.09958415991 -0.00525)
(0.2894059406 0.1000000015 -0.00525)
(0.2914851485 0.1000000015 -0.00525)
(0.2935643564 0.09958415991 -0.00525)
(0.2935643564 0.1000000015 -0.00525)
(0.2831683168 0.09958415991 -0.00525)
(0.2831683168 0.1000000015 -0.00525)
(0.2852475248 0.09958415991 -0.00525)
(0.2873267327 0.09958415991 -0.00525)
(0.2852475248 0.1000000015 -0.00525)
(0.2873267327 0.1000000015 -0.00525)
(0.2956437653 0.09315771657 -0.00525)
(0.2977230673 0.09315839596 -0.00525)
(0.295643662 0.0952219984 -0.00525)
(0.2956435644 0.09916831833 -0.00525)
(0.2956435889 0.09728654644 -0.00525)
(0.3018853017 0.08079493006 -0.00525)
(0.3018870737 0.07667947923 -0.00525)
(0.3018837361 0.08491332758 -0.00525)
(0.3018824762 0.08903468221 -0.00525)
(0.2998022328 0.09315772225 -0.00525)
(0.3018815573 0.09315840127 -0.00525)
(0.2977228913 0.09522213988 -0.00525)
(0.299802103 0.09522200148 -0.00525)
(0.2977228008 0.09728658344 -0.00525)
(0.2977227723 0.09916831833 -0.00525)
(0.2998019802 0.09916831833 -0.00525)
(0.299802011 0.09728654749 -0.00525)
(0.3018948447 0.05614613516 -0.00525)
(0.3018938404 0.06024696378 -0.00525)
(0.3060553133 0.06024706581 -0.00525)
(0.3060565594 0.0561462111 -0.00525)
(0.3018924451 0.06435071163 -0.00525)
(0.3060535821 0.06435082818 -0.00525)
(0.3018907703 0.06845737766 -0.00525)
(0.3060515037 0.06845749666 -0.00525)
(0.3018889378 0.07256696474 -0.00525)
(0.3060492294 0.07256707515 -0.00525)
(0.3060469152 0.07667957236 -0.00525)
(0.3060447147 0.08079500055 -0.00525)
(0.30604277 0.08491337385 -0.00525)
(0.3060412046 0.08903470652 -0.00525)
(0.3039607109 0.09315772724 -0.00525)
(0.3060400628 0.09315840837 -0.00525)
(0.301881337 0.09522214204 -0.00525)
(0.3039605491 0.09522200395 -0.00525)
(0.3018812238 0.09728658397 -0.00525)
(0.3018811881 0.09916831833 -0.00525)
(0.303960396 0.09916831833 -0.00525)
(0.3039604344 0.09728654815 -0.00525)
(0.3102174352 0.06024719925 -0.00525)
(0.3102189739 0.05614630782 -0.00525)
(0.3102152977 0.06435098253 -0.00525)
(0.3102127311 0.06845765536 -0.00525)
(0.3102099216 0.07256722304 -0.00525)
(0.310207062 0.07667969748 -0.00525)
(0.3102043418 0.08079509542 -0.00525)
(0.3102019369 0.08491343622 -0.00525)
(0.3102000004 0.08903473932 -0.00525)
(0.3081192023 0.0931577339 -0.00525)
(0.3101985876 0.09315841793 -0.00525)
(0.306039789 0.09522214493 -0.00525)
(0.3081190016 0.09522200726 -0.00525)
(0.3060396483 0.09728658466 -0.00525)
(0.306039604 0.09916831833 -0.00525)
(0.3081188119 0.09916831833 -0.00525)
(0.3081188595 0.09728654902 -0.00525)
(0.3101980746 0.0972865856 -0.00525)
(0.3101980198 0.09916831833 -0.00525)
(0.3101982488 0.09522214883 -0.00525)
(0.2998021057 0.004777962035 -0.00525)
(0.299802011 0.002713449956 -0.00525)
(0.2998024809 0.008905612661 -0.00525)
(0.2998022652 0.006842000026 -0.00525)
(0.3018834532 0.01508821586 -0.00525)
(0.3018821449 0.01096792684 -0.00525)
(0.2998027116 0.01096910289 -0.00525)
(0.3018850067 0.01920660821 -0.00525)
(0.3018867765 0.02332205205 -0.00525)
(0.3018886504 0.02743455819 -0.00525)
(0.301890506 0.03154413631 -0.00525)
(0.3018922179 0.03565079363 -0.00525)
(0.3018936636 0.03975453398 -0.00525)
(0.3018947306 0.04385535722 -0.00525)
(0.3018953223 0.04795325911 -0.00525)
(0.301895363 0.0520482308 -0.00525)
(0.3018812226 0.002713421405 -0.00525)
(0.3018813289 0.004777896773 -0.00525)
(0.3039605526 0.004777959923 -0.00525)
(0.3039604344 0.0027134494 -0.00525)
(0.3018815097 0.006841878127 -0.00525)
(0.3018817689 0.00890532084 -0.00525)
(0.3039610205 0.008905604726 -0.00525)
(0.3039607514 0.006841995394 -0.00525)
(0.3060424197 0.0150881817 -0.00525)
(0.3060407934 0.01096791175 -0.00525)
(0.3039613082 0.01096909153 -0.00525)
(0.3060443501 0.0192065542 -0.00525)
(0.3060465487 0.02332197991 -0.00525)
(0.3060488757 0.02743447319 -0.00525)
(0.3060511793 0.03154404678 -0.00525)
(0.3060533035 0.03565071008 -0.00525)
(0.3060550969 0.03975446777 -0.00525)
(0.30605642 0.04385531909 -0.00525)
(0.3060571531 0.04795325765 -0.00525)
(0.3060572029 0.0520482711 -0.00525)
(0.3060396468 0.00271342083 -0.00525)
(0.3060397789 0.004777894437 -0.00525)
(0.3081190061 0.004777956939 -0.00525)
(0.3081188595 0.002713448622 -0.00525)
(0.3060400038 0.006841872844 -0.00525)
(0.3060403261 0.008905311454 -0.00525)
(0.3081195864 0.008905593447 -0.00525)
(0.3081192527 0.006841988824 -0.00525)
(0.3102015049 0.01508813308 -0.00525)
(0.3101994922 0.01096789029 -0.00525)
(0.3081199432 0.01096907535 -0.00525)
(0.3102038932 0.01920647717 -0.00525)
(0.3102066121 0.0233218767 -0.00525)
(0.3102094884 0.027434351 -0.00525)
(0.3102123345 0.03154391715 -0.00525)
(0.3102149578 0.03565058761 -0.00525)
(0.3101980728 0.002713420015 -0.00525)
(0.3101982365 0.00477789112 -0.00525)
(0.3122774678 0.004777952769 -0.00525)
(0.3122772866 0.002713447542 -0.00525)
(0.3101985149 0.006841865343 -0.00525)
(0.3101989138 0.008905298121 -0.00525)
(0.3122781852 0.008905577609 -0.00525)
(0.3122777727 0.006841979613 -0.00525)
(0.3143607378 0.01508806464 -0.00525)
(0.3143582537 0.01096786011 -0.00525)
(0.3122786262 0.01096905262 -0.00525)
(0.3143636843 0.01920636859 -0.00525)
(0.2998019802 0.00083168316 -0.00525)
(0.3018811881 0.00083168316 -0.00525)
(0.303960396 0.00083168316 -0.00525)
(0.306039604 0.00083168316 -0.00525)
(0.3081188119 0.00083168316 -0.00525)
(0.3101980198 0.00083168316 -0.00525)
(0.3122772277 0.00083168316 -0.00525)
(0.3143565011 0.002713418868 -0.00525)
(0.3143564356 0.00083168316 -0.00525)
(0.3102171716 0.03975436838 -0.00525)
(0.3102188041 0.04385525792 -0.00525)
(0.3102197083 0.0479532469 -0.00525)
(0.3102197688 0.05204831817 -0.00525)
(0.3143670367 0.02332173094 -0.00525)
(0.3143705812 0.02743417791 -0.00525)
(0.3143740863 0.03154373266 -0.00525)
(0.3143773153 0.035650412 -0.00525)
(0.3143800388 0.03975422386 -0.00525)
(0.3143820463 0.04385516569 -0.00525)
(0.3143831573 0.04795322418 -0.00525)
(0.3143832306 0.05204837553 -0.00525)
(0.314382252 0.05614643422 -0.00525)
(0.3143803586 0.06024737696 -0.00525)
(0.3143777282 0.06435118982 -0.00525)
(0.3143745692 0.06845786948 -0.00525)
(0.3143711099 0.07256742313 -0.00525)
(0.3143675873 0.07667986704 -0.00525)
(0.3143642345 0.08079522415 -0.00525)
(0.314361269 0.08491352092 -0.00525)
(0.31435888 0.08903478388 -0.00525)
(0.3122777102 0.09315774288 -0.00525)
(0.3143571364 0.09315843094 -0.00525)
(0.3122774622 0.0952220117 -0.00525)
(0.3122772277 0.09916831833 -0.00525)
(0.3122772865 0.09728655019 -0.00525)
(0.3143567032 0.004777886459 -0.00525)
(0.3164359399 0.004777946973 -0.00525)
(0.3164357162 0.002713446051 -0.00525)
(0.314357047 0.006841854801 -0.00525)
(0.3143575395 0.008905279377 -0.00525)
(0.316436825 0.008905555519 -0.00525)
(0.3164363161 0.006841966782 -0.00525)
(0.3185201542 0.01508796893 -0.00525)
(0.3185170929 0.01096781793 -0.00525)
(0.3164373689 0.01096902089 -0.00525)
(0.318523783 0.01920621663 -0.00525)
(0.3185279088 0.02332152665 -0.00525)
(0.3185322675 0.02743393482 -0.00525)
(0.3185365746 0.03154347273 -0.00525)
(0.3185405396 0.03565016332 -0.00525)
(0.3185438819 0.03975401731 -0.00525)
(0.3185463442 0.04385503093 -0.00525)
(0.3185477058 0.04795318544 -0.00525)
(0.3185477942 0.05204844776 -0.00525)
(0.3185465922 0.05614660233 -0.00525)
(0.3185442682 0.06024761651 -0.00525)
(0.3185410393 0.06435147079 -0.00525)
(0.3185371603 0.06845816051 -0.00525)
(0.3185329107 0.07256769552 -0.00525)
(0.3185285805 0.07668009812 -0.00525)
(0.3185244564 0.08079539972 -0.00525)
(0.3185208061 0.08491363649 -0.00525)
(0.3185178637 0.0890348447 -0.00525)
(0.3164362385 0.09315775507 -0.00525)
(0.3185157151 0.0931584487 -0.00525)
(0.3143567183 0.09522215413 -0.00525)
(0.3164359327 0.09522201773 -0.00525)
(0.3143565033 0.09728658687 -0.00525)
(0.3143564356 0.09916831833 -0.00525)
(0.3164356436 0.09916831833 -0.00525)
(0.3164357161 0.09728655177 -0.00525)
(0.3185149322 0.002713417267 -0.00525)
(0.3185151815 0.004777879949 -0.00525)
(0.3205944247 0.004777938947 -0.00525)
(0.320594149 0.002713443996 -0.00525)
(0.3185156055 0.006841840073 -0.00525)
(0.3185162127 0.008905253186 -0.00525)
(0.3205955157 0.008905524832 -0.00525)
(0.3205948885 0.006841948976 -0.00525)
(0.3226797986 0.01508783564 -0.00525)
(0.3226760291 0.01096775921 -0.00525)
(0.320596186 0.01096897679 -0.00525)
(0.3226842633 0.01920600488 -0.00525)
(0.3226893345 0.02332124171 -0.00525)
(0.3226946867 0.0274335952 -0.00525)
(0.3226999702 0.03154310868 -0.00525)
(0.3227048302 0.03564981366 -0.00525)
(0.322708924 0.03975372495 -0.00525)
(0.322711938 0.04385483734 -0.00525)
(0.3227136033 0.0479531247 -0.00525)
(0.3227137092 0.05204854101 -0.00525)
(0.3227122357 0.05614682872 -0.00525)
(0.3227093883 0.06024794207 -0.00525)
(0.3227054324 0.06435185394 -0.00525)
(0.3227006783 0.06845855797 -0.00525)
(0.3226954668 0.0725680678 -0.00525)
(0.3226901523 0.07668041409 -0.00525)
(0.322685086 0.08079563987 -0.00525)
(0.3226805976 0.08491379463 -0.00525)
(0.3226769767 0.08903492795 -0.00525)
(0.3205947924 0.09315777166 -0.00525)
(0.3226743311 0.09315847301 -0.00525)
(0.3185151998 0.09522216137 -0.00525)
(0.3205944157 0.09522202592 -0.00525)
(0.3185149349 0.09728658862 -0.00525)
(0.3185148515 0.09916831833 -0.00525)
(0.3205940594 0.09916831833 -0.00525)
(0.3205941488 0.09728655391 -0.00525)
(0.3226733669 0.002713415039 -0.00525)
(0.3226736741 0.004777870887 -0.00525)
(0.3247529256 0.004777927848 -0.00525)
(0.3247525857 0.002713441168 -0.00525)
(0.3226741967 0.006841819571 -0.00525)
(0.3226749449 0.008905216725 -0.00525)
(0.3247542701 0.008905482298 -0.00525)
(0.3247534972 0.006841924316 -0.00525)
(0.3268397269 0.01508765047 -0.00525)
(0.3268350863 0.01096767762 -0.00525)
(0.3247550957 0.01096891565 -0.00525)
(0.3268452174 0.01920571064 -0.00525)
(0.3268514456 0.02332084551 -0.00525)
(0.3268580103 0.02743312236 -0.00525)
(0.3268644828 0.03154260072 -0.00525)
(0.3268704302 0.03564932412 -0.00525)
(0.3268754361 0.03975331337 -0.00525)
(0.3268791192 0.04385456178 -0.00525)
(0.3268811523 0.04795303329 -0.00525)
(0.3268812787 0.05204866368 -0.00525)
(0.3268794745 0.05614713637 -0.00525)
(0.3268759915 0.06024838713 -0.00525)
(0.3268711527 0.06435237856 -0.00525)
(0.3268653355 0.06845910237 -0.00525)
(0.3268589537 0.07256857774 -0.00525)
(0.326852439 0.07668084697 -0.00525)
(0.326846221 0.08079596896 -0.00525)
(0.3268407054 0.08491401141 -0.00525)
(0.3268362509 0.0890350421 -0.00525)
(0.3247533781 0.09315779431 -0.00525)
(0.3268329934 0.09315850634 -0.00525)
(0.3226736964 0.09522217128 -0.00525)
(0.3247529141 0.09522203709 -0.00525)
(0.3226733701 0.097286591 -0.00525)
(0.3226732673 0.09916831833 -0.00525)
(0.3247524752 0.09916831833 -0.00525)
(0.3247525854 0.09728655681 -0.00525)
(0.3268318059 0.002713411943 -0.00525)
(0.3268321848 0.004777858297 -0.00525)
(0.3289114466 0.00477791251 -0.00525)
(0.3289110273 0.002713437275 -0.00525)
(0.3268328289 0.006841791089 -0.00525)
(0.3268337509 0.008905166072 -0.00525)
(0.3289131041 0.008905423407 -0.00525)
(0.3289121514 0.006841890192 -0.00525)
(0.33100001 0.01508739364 -0.00525)
(0.3309942951 0.01096756443 -0.00525)
(0.3289141214 0.01096883098 -0.00525)
(0.3310067614 0.01920530256 -0.00525)
(0.3310144066 0.02332029582 -0.00525)
(0.3310224506 0.02743246566 -0.00525)
(0.3310303691 0.03154189379 -0.00525)
(0.3310376363 0.0356486405 -0.00525)
(0.3310437477 0.03975273555 -0.00525)
(0.3310482418 0.04385417123 -0.00525)
(0.3310507203 0.04795289855 -0.00525)
(0.3310508699 0.05204882761 -0.00525)
(0.3310486631 0.05614755764 -0.00525)
(0.3310444081 0.06024899835 -0.00525)
(0.3310384985 0.06435309888 -0.00525)
(0.3310313915 0.06845984931 -0.00525)
(0.3310235876 0.07256927708 -0.00525)
(0.3310156104 0.07668144057 -0.00525)
(0.3310079841 0.08079642036 -0.00525)
(0.3310012078 0.08491430889 -0.00525)
(0.3309957267 0.08903519882 -0.00525)
(0.3289120035 0.09315782528 -0.00525)
(0.3309917138 0.09315855212 -0.00525)
(0.3268322118 0.09522218487 -0.00525)
(0.3289114319 0.09522205235 -0.00525)
(0.3268318097 0.09728659427 -0.00525)
(0.3268316832 0.09916831833 -0.00525)
(0.3289108911 0.09916831833 -0.00525)
(0.3289110268 0.09728656077 -0.00525)
(0.3309902505 0.002713407646 -0.00525)
(0.3309907181 0.004777840821 -0.00525)
(0.333069993 0.00477789131 -0.00525)
(0.3330694752 0.002713431913 -0.00525)
(0.3309915127 0.006841751555 -0.00525)
(0.3309926496 0.008905095778 -0.00525)
(0.3330720387 0.008905341885 -0.00525)
(0.3330708631 0.006841842972 -0.00525)
(0.3351607389 0.01508703773 -0.00525)
(0.3351536954 0.01096740744 -0.00525)
(0.3330732932 0.01096871377 -0.00525)
(0.3351690426 0.01920473737 -0.00525)
(0.3351784235 0.02331953457 -0.00525)
(0.3351882704 0.0274315555 -0.00525)
(0.3351979441 0.03154091201 -0.00525)
(0.3352068091 0.0356476875 -0.00525)
(0.3352142583 0.03975192512 -0.00525)
(0.3352197347 0.04385361804 -0.00525)
(0.3352227534 0.0479527017 -0.00525)
(0.3352229291 0.05204905002 -0.00525)
(0.3352202304 0.05614813882 -0.00525)
(0.3352150379 0.06024984113 -0.00525)
(0.3352078318 0.06435408983 -0.00525)
(0.3351991638 0.06846087498 -0.00525)
(0.3351896355 0.07257023648 -0.00525)
(0.3351798784 0.07668225481 -0.00525)
(0.3351705302 0.08079703985 -0.00525)
(0.3351622047 0.08491471746 -0.00525)
(0.3351554562 0.08903541422 -0.00525)
(0.333070679 0.09315786772 -0.00525)
(0.3351505075 0.09315861506 -0.00525)
(0.3309907506 0.09522220353 -0.00525)
(0.333069974 0.09522207325 -0.00525)
(0.3309902551 0.09728659876 -0.00525)
(0.330990099 0.09916831833 -0.00525)
(0.3330693069 0.09916831833 -0.00525)
(0.3330694743 0.09728656617 -0.00525)
(0.3351487022 0.002713401678 -0.00525)
(0.3351492801 0.004777816554 -0.00525)
(0.3372285719 0.004777861966 -0.00525)
(0.337227931 0.002713424512 -0.00525)
(0.3351502619 0.006841696677 -0.00525)
(0.3351516656 0.008904998235 -0.00525)
(0.3372311011 0.008905228953 -0.00525)
(0.3372296481 0.006841777564 -0.00525)
(0.3393220321 0.01508654459 -0.00525)
(0.3393133397 0.01096718957 -0.00525)
(0.3372326505 0.01096855144 -0.00525)
(0.3393322505 0.01920395527 -0.00525)
(0.3393437569 0.02331848198 -0.00525)
(0.3393557968 0.02743029666 -0.00525)
(0.3393675939 0.03153955136 -0.00525)
(0.339378386 0.03564636077 -0.00525)
(0.3393874497 0.03975078805 -0.00525)
(0.3393941168 0.04385283204 -0.00525)
(0.3393977941 0.04795241343 -0.00525)
(0.3393979981 0.05204935769 -0.00525)
(0.3393946941 0.05614894784 -0.00525)
(0.3393883618 0.06025100774 -0.00525)
(0.3393795898 0.06435545466 -0.00525)
(0.3393690397 0.06846228324 -0.00525)
(0.339357428 0.07257155204 -0.00525)
(0.33934551 0.07668337146 -0.00525)
(0.3393340574 0.08079789024 -0.00525)
(0.3393238256 0.08491527907 -0.00525)
(0.3393155077 0.08903571068 -0.00525)
(0.3372294178 0.09315792597 -0.00525)
(0.3393093945 0.09315870175 -0.00525)
(0.3351493192 0.0952222292 -0.00525)
(0.337228547 0.09522210191 -0.00525)
(0.3351487075 0.09728660494 -0.00525)
(0.3351485149 0.09916831833 -0.00525)
(0.3372277228 0.09916831833 -0.00525)
(0.3372279296 0.09728657355 -0.00525)
(0.3393071629 0.002713393378 -0.00525)
(0.3393078791 0.004777782808 -0.00525)
(0.3413871927 0.004777821242 -0.00525)
(0.3413863972 0.002713414267 -0.00525)
(0.339309095 0.006841620398 -0.00525)
(0.3393108317 0.008904862746 -0.00525)
(0.3413903283 0.008905072205 -0.00525)
(0.3413885278 0.006841686752 -0.00525)
(0.3434840475 0.01508586088 -0.00525)
(0.3434732991 0.0109668867 -0.00525)
(0.3413922462 0.01096832626 -0.00525)
(0.3434966321 0.01920287352 -0.00525)
(0.3435107397 0.02331702883 -0.00525)
(0.3435254381 0.02742855967 -0.00525)
(0.3435397903 0.03153767052 -0.00525)
(0.3435528934 0.03564451696 -0.00525)
(0.3435638981 0.03974919074 -0.00525)
(0.3435720129 0.04385170656 -0.00525)
(0.343576507 0.04795198292 -0.00525)
(0.3435767402 0.05204979772 -0.00525)
(0.3435726764 0.05615008792 -0.00525)
(0.3435649531 0.06025262892 -0.00525)
(0.3435542966 0.06435733473 -0.00525)
(0.3435414909 0.06846421451 -0.00525)
(0.3435273759 0.07257335376 -0.00525)
(0.3435128438 0.07668490182 -0.00525)
(0.3434988229 0.08079905791 -0.00525)
(0.3434862419 0.084916052 -0.00525)
(0.3434759727 0.08903611951 -0.00525)
(0.3413882379 0.0931580061 -0.00525)
(0.3434684016 0.09315882141 -0.00525)
(0.3393079256 0.09522226456 -0.00525)
(0.3413871597 0.09522214133 -0.00525)
(0.339307169 0.09728661345 -0.00525)
(0.3393069307 0.09916831833 -0.00525)
(0.3413861386 0.09916831833 -0.00525)
(0.3413863949 0.09728658368 -0.00525)
(0.3434656355 0.002713381794 -0.00525)
(0.3434665264 0.004777735733 -0.00525)
(0.3455458691 0.004777764467 -0.00525)
(0.3455448771 0.002713400013 -0.00525)
(0.3434680374 0.006841514071 -0.00525)
(0.3434701926 0.008904674102 -0.00525)
(0.3455497717 0.008904853861 -0.00525)
(0.3455475322 0.006841560151 -0.00525)
(0.3476469999 0.01508491124 -0.00525)
(0.3476336727 0.01096646419 -0.00525)
(0.3455521532 0.01096801294 -0.00525)
(0.3476625161 0.01920137711 -0.00525)
(0.3476798021 0.02331502569 -0.00525)
(0.3476977066 0.02742616985 -0.00525)
(0.3477151084 0.0315350801 -0.00525)
(0.3477309572 0.03564196219 -0.00525)
(0.3477442807 0.03974694484 -0.00525)
(0.3477541668 0.04385007333 -0.00525)
(0.3477597187 0.04795130236 -0.00525)
(0.3477599808 0.05205047269 -0.00525)
(0.3477549159 0.05615172241 -0.00525)
(0.347745483 0.06025488871 -0.00525)
(0.3477325727 0.06435992054 -0.00525)
(0.3477170889 0.06846685613 -0.00525)
(0.3476999911 0.072575816 -0.00525)
(0.3476823148 0.07668699717 -0.00525)
(0.3476651656 0.080800662 -0.00525)
(0.3476496845 0.08491711781 -0.00525)
(0.3476369768 0.08903668506 -0.00525)
(0.3455471637 0.09315811673 -0.00525)
(0.3476275664 0.09315898723 -0.00525)
(0.3434665808 0.09522231342 -0.00525)
(0.345545824 0.09522219574 -0.00525)
(0.3434656423 0.09728662521 -0.00525)
(0.3434653465 0.09916831833 -0.00525)
(0.3455445545 0.09916831833 -0.00525)
(0.3455448732 0.09728659763 -0.00525)
(0.3476241241 0.002713365535 -0.00525)
(0.3476252381 0.004777669698 -0.00525)
(0.3497046207 0.00477768473 -0.00525)
(0.3497033756 0.002713380025 -0.00525)
(0.3476271253 0.00684136511 -0.00525)
(0.3476298115 0.008904410297 -0.00525)
(0.3497095053 0.008904547893 -0.00525)
(0.3497067048 0.006841382466 -0.00525)
(0.3518111912 0.01508358772 -0.00525)
(0.3517946042 0.01096587134 -0.00525)
(0.3497124761 0.01096757468 -0.00525)
(0.351830349 0.01919930492 -0.00525)
(0.3518515084 0.02331226816 -0.00525)
(0.351873249 0.0274228936 -0.00525)
(0.3518942463 0.03153153109 -0.00525)
(0.3519133083 0.03563844208 -0.00525)
(0.3519293658 0.03974379388 -0.00525)
(0.3519414274 0.04384766608 -0.00525)
(0.351948516 0.0479500682 -0.00525)
(0.3519487975 0.05205167896 -0.00525)
(0.3519422554 0.05615411102 -0.00525)
(0.3519307096 0.06025803742 -0.00525)
(0.3519151387 0.06436346119 -0.00525)
(0.3518965228 0.06847045328 -0.00525)
(0.3518759158 0.07257917066 -0.00525)
(0.3518544887 0.07668986298 -0.00525)
(0.3518335417 0.08080286805 -0.00525)
(0.351814474 0.08491859215 -0.00525)
(0.3517986981 0.08903747123 -0.00525)
(0.3497062301 0.09315827023 -0.00525)
(0.3517869422 0.09315921833 -0.00525)
(0.3476253004 0.09522238118 -0.00525)
(0.3497045572 0.09522227124 -0.00525)
(0.3476241311 0.09728664153 -0.00525)
(0.3476237624 0.09916831833 -0.00525)
(0.3497029703 0.09916831833 -0.00525)
(0.3497033689 0.09728661696 -0.00525)
(0.3517826345 0.002713342498 -0.00525)
(0.3517840388 0.00477757624 -0.00525)
(0.3538634778 0.004777571469 -0.00525)
(0.3538619002 0.002713351659 -0.00525)
(0.3517864128 0.006841154701 -0.00525)
(0.3517897814 0.008904038713 -0.00525)
(0.3538696409 0.008904115075 -0.00525)
(0.3538661123 0.006841130455 -0.00525)
(0.3559770589 0.01508173256 -0.00525)
(0.3559563105 0.01096503167 -0.00525)
(0.3538733705 0.01096695652 -0.00525)
(0.3560007528 0.01919642861 -0.00525)
(0.3560266113 0.0233084759 -0.00525)
(0.3560528886 0.02741842087 -0.00525)
(0.3560780483 0.03152670319 -0.00525)
(0.3561007823 0.03563363805 -0.00525)
(0.3561199695 0.03973942091 -0.00525)
(0.3561346232 0.04384414503 -0.00525)
(0.3561426952 0.04794857847 -0.00525)
(0.3561429884 0.05205311075 -0.00525)
(0.356135506 0.05615758474 -0.00525)
(0.3561214372 0.06026238394 -0.00525)
(0.3561028133 0.06436826742 -0.00525)
(0.356080621 0.06847531961 -0.00525)
(0.3560559606 0.07258372342 -0.00525)
(0.3560301131 0.07669377883 -0.00525)
(0.3560045794 0.08080590831 -0.00525)
(0.3559810679 0.0849206419 -0.00525)
(0.3559613985 0.08903857226 -0.00525)
(0.3538654879 0.09315848492 -0.00525)
(0.3559466094 0.09315954325 -0.00525)
(0.3517841066 0.09522247576 -0.00525)
(0.3538633844 0.09522237688 -0.00525)
(0.3517826408 0.09728666433 -0.00525)
(0.3517821782 0.09916831833 -0.00525)
(0.3538613861 0.09916831833 -0.00525)
(0.3538618884 0.09728664398 -0.00525)
(0.3559411766 0.002713309388 -0.00525)
(0.3559429669 0.004777442138 -0.00525)
(0.3580224901 0.00477740792 -0.00525)
(0.3580204635 0.002713310719 -0.00525)
(0.3559459842 0.006840853687 -0.00525)
(0.3559502459 0.008903509379 -0.00525)
(0.3580303563 0.008903494234 -0.00525)
(0.3580258623 0.006840767487 -0.00525)
(0.3601452605 0.01507910936 -0.00525)
(0.3601191365 0.01096382565 -0.00525)
(0.3580350803 0.01096607374 -0.00525)
(0.3601746162 0.0191924197 -0.00525)
(0.3602061308 0.02330326245 -0.00525)
(0.3602376818 0.0274123425 -0.00525)
(0.3602675363 0.03152019231 -0.00525)
(0.3602943191 0.03562716836 -0.00525)
(0.3603169476 0.03973347007 -0.00525)
(0.3603329724 0.04383999912 -0.00525)
(0.3603410321 0.04794713139 -0.00525)
(0.3603413334 0.05205446722 -0.00525)
(0.3603338843 0.05616164753 -0.00525)
(0.3603184939 0.06026827276 -0.00525)
(0.3602965163 0.06437471032 -0.00525)
(0.3602703781 0.06848184856 -0.00525)
(0.3602411569 0.07258987483 -0.00525)
(0.3602101907 0.07669912664 -0.00525)
(0.3601791645 0.08081011307 -0.00525)
(0.3601501412 0.08492351323 -0.00525)
(0.3601254797 0.08904013135 -0.00525)
(0.3580250162 0.0931587885 -0.00525)
(0.3601066938 0.0931600061 -0.00525)
(0.3559430329 0.09522260907 -0.00525)
(0.3580223451 0.09522252642 -0.00525)
(0.3559411796 0.09728669651 -0.00525)
(0.3559405941 0.09916831833 -0.00525)
(0.358019802 0.09916831833 -0.00525)
(0.3580204416 0.09728668217 -0.00525)
(0.3600997668 0.002713260769 -0.00525)
(0.3601020876 0.004777245737 -0.00525)
(0.3621817442 0.004777165915 -0.00525)
(0.3621790875 0.00271325012 -0.00525)
(0.3601059803 0.006840414803 -0.00525)
(0.3601114394 0.008902742489 -0.00525)
(0.3621919521 0.008902585114 -0.00525)
(0.3621861399 0.006840232645 -0.00525)
(0.3643168193 0.01507535359 -0.00525)
(0.3642836609 0.01096205796 -0.00525)
(0.3621980096 0.01096478964 -0.00525)
(0.3643532362 0.01918679773 -0.00525)
(0.3643914658 0.02329609203 -0.00525)
(0.3644289895 0.02740412087 -0.00525)
(0.3644639356 0.0315114966 -0.00525)
(0.3644949915 0.03561858408 -0.00525)
(0.3645191517 0.03972650826 -0.00525)
(0.3645348629 0.04383570087 -0.00525)
(0.3645427182 0.04794563787 -0.00525)
(0.3645430196 0.05205583441 -0.00525)
(0.3645357796 0.05616582605 -0.00525)
(0.3645207211 0.06027512934 -0.00525)
(0.3644972752 0.0643832226 -0.00525)
(0.3644669854 0.06849052667 -0.00525)
(0.364432822 0.07259814703 -0.00525)
(0.3643960826 0.07670643064 -0.00525)
(0.364358572 0.08081595919 -0.00525)
(0.3643227235 0.08492757893 -0.00525)
(0.3642915871 0.08904237423 -0.00525)
(0.3621849442 0.09315922502 -0.00525)
(0.3642674066 0.09316067819 -0.00525)
(0.360102133 0.09522279967 -0.00525)
(0.3621815045 0.09522274187 -0.00525)
(0.3600997608 0.09728674261 -0.00525)
(0.3600990099 0.09916831833 -0.00525)
(0.3621782178 0.09916831833 -0.00525)
(0.3621790456 0.09728673716 -0.00525)
(0.3642584351 0.002713187155 -0.00525)
(0.3642615186 0.004776949503 -0.00525)
(0.3663414034 0.004776794953 -0.00525)
(0.366337814 0.002713157047 -0.00525)
(0.3642666515 0.006839757166 -0.00525)
(0.3642737691 0.008901604031 -0.00525)
(0.3663549703 0.008901213746 -0.00525)
(0.3663472875 0.006839418234 -0.00525)
(0.36849338 0.01506988528 -0.00525)
(0.3684509132 0.01095939268 -0.00525)
(0.3663628684 0.01096287168 -0.00525)
(0.3685385364 0.01917884899 -0.00525)
(0.3685845416 0.02328622023 -0.00525)
(0.3686285414 0.02739305733 -0.00525)
(0.3686687268 0.03149999887 -0.00525)
(0.3687012783 0.03560851558 -0.00525)
(0.3687244122 0.03971913562 -0.00525)
(0.3687392921 0.0438311853 -0.00525)
(0.3687466847 0.04794406811 -0.00525)
(0.3687469749 0.05205724128 -0.00525)
(0.3687401791 0.05617018326 -0.00525)
(0.3687259465 0.06028235434 -0.00525)
(0.3687035456 0.06439316387 -0.00525)
(0.36867185 0.06850194579 -0.00525)
(0.3686326282 0.07260921467 -0.00525)
(0.3685896425 0.07671641153 -0.00525)
(0.3685446669 0.08082414518 -0.00525)
(0.3685004346 0.08493342014 -0.00525)
(0.3684608143 0.08904567302 -0.00525)
(0.366345502 0.09315986869 -0.00525)
(0.368429133 0.09316168181 -0.00525)
(0.3642614992 0.09522307805 -0.00525)
(0.366340981 0.0952230607 -0.00525)
(0.3642584074 0.09728681016 -0.00525)
(0.3642574258 0.09916831833 -0.00525)
(0.3663366338 0.09916831833 -0.00525)
(0.3663377312 0.0972868186 -0.00525)
(0.3684172415 0.002713070847 -0.00525)
(0.3684214916 0.004776483956 -0.00525)
(0.3705018035 0.004776198102 -0.00525)
(0.3704967311 0.00271300671 -0.00525)
(0.3684284787 0.006838733374 -0.00525)
(0.3684379924 0.008899855442 -0.00525)
(0.370520459 0.008899059147 -0.00525)
(0.3705099899 0.006838120953 -0.00525)
(0.372677651 0.01506175392 -0.00525)
(0.3726228337 0.01095521861 -0.00525)
(0.3705309849 0.0109599014 -0.00525)
(0.3727333796 0.01916750289 -0.00525)
(0.3727879584 0.02327262268 -0.00525)
(0.3728385312 0.02737825529 -0.00525)
(0.3728800054 0.03148641667 -0.00525)
(0.3729103108 0.03559775983 -0.00525)
(0.3729314718 0.03971136225 -0.00525)
(0.372944916 0.04382646374 -0.00525)
(0.3729515484 0.04794242611 -0.00525)
(0.3729518137 0.05205868645 -0.00525)
(0.3729457315 0.05617470911 -0.00525)
(0.3729328978 0.06028993604 -0.00525)
(0.3729124533 0.06440373893 -0.00525)
(0.3728830238 0.06851537228 -0.00525)
(0.3728426469 0.07262393173 -0.00525)
(0.3727933704 0.07673005332 -0.00525)
(0.3727401905 0.080835704 -0.00525)
(0.3726858885 0.08494196953 -0.00525)
(0.372635119 0.08905067361 -0.00525)
(0.3705071463 0.09316085401 -0.00525)
(0.3725926623 0.09316324409 -0.00525)
(0.3684213072 0.0952234977 -0.00525)
(0.3705010189 0.09522355212 -0.00525)
(0.3684171646 0.09728691253 -0.00525)
(0.3684158418 0.09916831831 -0.00525)
(0.37049505 0.09916831824 -0.00525)
(0.3704965643 0.09728694448 -0.00525)
(0.3725763194 0.002712876244 -0.00525)
(0.3725825078 0.004775710713 -0.00525)
(0.3746637154 0.004775174454 -0.00525)
(0.3746560507 0.002712746859 -0.00525)
(0.3725924634 0.006837055501 -0.00525)
(0.3726056177 0.008897043871 -0.00525)
(0.3746905859 0.008895488401 -0.00525)
(0.3746757385 0.006835928421 -0.00525)
(0.3768741253 0.01504936441 -0.00525)
(0.3768032506 0.01094835699 -0.00525)
(0.3747049864 0.01095507838 -0.00525)
(0.3769419284 0.01915116207 -0.00525)
(0.377005178 0.02325391052 -0.00525)
(0.3770566434 0.02736055076 -0.00525)
(0.3770939321 0.03147186841 -0.00525)
(0.3771204652 0.03558647763 -0.00525)
(0.3771386323 0.03970333095 -0.00525)
(0.3771500197 0.043821631 -0.00525)
(0.3771555949 0.04794074681 -0.00525)
(0.3771558214 0.05206014243 -0.00525)
(0.3771507199 0.05617931504 -0.00525)
(0.3771398704 0.06029773505 -0.00525)
(0.3771223581 0.06441478505 -0.00525)
(0.3770966636 0.0685296896 -0.00525)
(0.3770604857 0.07264143263 -0.00525)
(0.3770105172 0.07674866838 -0.00525)
(0.3769491202 0.08085216075 -0.00525)
(0.3768833532 0.08495476117 -0.00525)
(0.3768181912 0.08905856339 -0.00525)
(0.3746709285 0.09316245097 -0.00525)
(0.3767598621 0.09316583391 -0.00525)
(0.3725819445 0.09522416183 -0.00525)
(0.374662216 0.09522435922 -0.00525)
(0.3725761366 0.09728707601 -0.00525)
(0.3725742582 0.0991683181 -0.00525)
(0.3746534666 0.0991683182 -0.00525)
(0.3746557157 0.09728715301 -0.00525)
(0.3767360304 0.002712524981 -0.00525)
(0.3767457994 0.004774331292 -0.00525)
(0.3788291924 0.004773271943 -0.00525)
(0.3788164536 0.002712258133 -0.00525)
(0.3767608829 0.006834118106 -0.00525)
(0.3767798423 0.008892250154 -0.00525)
(0.3788700735 0.00888916723 -0.00525)
(0.3788480758 0.006831938861 -0.00525)
(0.3810900279 0.01503002614 -0.00525)
(0.3809998222 0.01093640879 -0.00525)
(0.3788902505 0.01094677784 -0.00525)
(0.3811700466 0.01912748239 -0.00525)
(0.3812334021 0.02323105936 -0.00525)
(0.3812774951 0.02734160059 -0.00525)
(0.38130823 0.03145679365 -0.00525)
(0.381329478 0.03557506507 -0.00525)
(0.3813437276 0.03969534265 -0.00525)
(0.3813525346 0.04381687346 -0.00525)
(0.3813568133 0.04793909696 -0.00525)
(0.3813569897 0.05206155574 -0.00525)
(0.3813530819 0.05618382738 -0.00525)
(0.3813447061 0.06030546151 -0.00525)
(0.3813310008 0.06442591313 -0.00525)
(0.3813104835 0.06854445642 -0.00525)
(0.3812807723 0.07266006241 -0.00525)
(0.3812381518 0.0767712224 -0.00525)
(0.3811769388 0.08087571272 -0.00525)
(0.3810996859 0.08497434729 -0.00525)
(0.3810171828 0.08907165388 -0.00525)
(0.3788396737 0.09316527868 -0.00525)
(0.380935774 0.09317056088 -0.00525)
(0.3767444456 0.09522529651 -0.00525)
(0.3788263681 0.09522582433 -0.00525)
(0.3767356363 0.0972873604 -0.00525)
(0.3767326803 0.09916831833 -0.00525)
(0.3788119325 0.09916831833 -0.00525)
(0.3788158094 0.09728753792 -0.00525)
(0.3808978042 0.002711829414 -0.00525)
(0.3809149383 0.004771642357 -0.00525)
(0.3830046422 0.004769365893 -0.00525)
(0.3829811836 0.002711235417 -0.00525)
(0.3809393451 0.006828545786 -0.00525)
(0.3809676892 0.008883482936 -0.00525)
(0.3830692964 0.008877103097 -0.00525)
(0.3830359288 0.006824015563 -0.00525)
(0.3853362345 0.01499927597 -0.00525)
(0.3852271645 0.01091429539 -0.00525)
(0.3830976416 0.01093153033 -0.00525)
(0.3854142189 0.01909754645 -0.00525)
(0.3854644149 0.02320669763 -0.00525)
(0.3854974594 0.02732238379 -0.00525)
(0.3855195747 0.03144205309 -0.00525)
(0.3855344248 0.03556419043 -0.00525)
(0.3855441835 0.03968786346 -0.00525)
(0.3855501323 0.04381246622 -0.00525)
(0.3855530028 0.04793757287 -0.00525)
(0.3855531238 0.05206284908 -0.00525)
(0.3855505064 0.05618799082 -0.00525)
(0.3855448574 0.06031267005 -0.00525)
(0.3855354917 0.06443647555 -0.00525)
(0.3855211949 0.06855882862 -0.00525)
(0.3854999018 0.07267884516 -0.00525)
(0.3854681254 0.07679509302 -0.00525)
(0.3854199206 0.0809051556 -0.00525)
(0.3853450389 0.08500488415 -0.00525)
(0.3852454767 0.08909464521 -0.00525)
(0.3830216842 0.09317100462 -0.00525)
(0.385134448 0.09318050187 -0.00525)
(0.3809121617 0.09522748203 -0.00525)
(0.3829997457 0.09522892183 -0.00525)
(0.3808970459 0.09728792404 -0.00525)
(0.3808913786 0.09916831833 -0.00525)
(0.3829715971 0.09916831833 -0.00525)
(0.3829800722 0.09728837385 -0.00525)
(0.3850691514 0.002710277257 -0.00525)
(0.3851015335 0.00476577941 -0.00525)
(0.387210531 0.004760214617 -0.00525)
(0.3871669006 0.00270878165 -0.00525)
(0.3851419263 0.006816940604 -0.00525)
(0.3851841197 0.008866182765 -0.00525)
(0.387309106 0.00885229983 -0.00525)
(0.3872607332 0.006806631606 -0.00525)
(0.3896071554 0.01495807795 -0.00525)
(0.3895093384 0.01087129724 -0.00525)
(0.3873470857 0.01090175841 -0.00525)
(0.389660024 0.01906602376 -0.00525)
(0.389691482 0.02318299434 -0.00525)
(0.3897110518 0.02730467253 -0.00525)
(0.3897236499 0.03142896194 -0.00525)
(0.3897318924 0.0355547727 -0.00525)
(0.3897372164 0.03968149274 -0.00525)
(0.389740423 0.04380874903 -0.00525)
(0.3897419631 0.04793629127 -0.00525)
(0.389742033 0.05206392899 -0.00525)
(0.3897406298 0.05619149124 -0.00525)
(0.3897375864 0.06031879175 -0.00525)
(0.3897324861 0.06444559044 -0.00525)
(0.3897245749 0.06857153482 -0.00525)
(0.3897125035 0.07269605365 -0.00525)
(0.3896938261 0.07681813965 -0.00525)
(0.3896639459 0.08093586163 -0.00525)
(0.3896137982 0.08504518921 -0.00525)
(0.389524415 0.0891370732 -0.00525)
(0.3872398289 0.09318489922 -0.00525)
(0.3893894277 0.09320552953 -0.00525)
(0.3850968775 0.09523249928 -0.00525)
(0.3872036365 0.09523696262 -0.00525)
(0.3850679442 0.0972892704 -0.00525)
(0.3850543796 0.09916831833 -0.00525)
(0.3871443742 0.0991682114 -0.00525)
(0.3871653928 0.09729059803 -0.00525)
(0.3892838252 0.002705997969 -0.00525)
(0.3893393403 0.00475069707 -0.00525)
(0.3914966906 0.004733504786 -0.00525)
(0.3914336363 0.002699887839 -0.00525)
(0.3893990444 0.006790110683 -0.00525)
(0.3894559956 0.008829735786 -0.00525)
(0.3916207796 0.008798575481 -0.00525)
(0.3915609479 0.006764021091 -0.00525)
(0.393885876 0.01491479985 -0.00525)
(0.3938795037 0.01285231454 -0.00525)
(0.3938355713 0.01080564863 -0.00525)
(0.3916627647 0.01084385911 -0.00525)
(0.3939066557 0.01903682003 -0.00525)
(0.3939068345 0.01697172637 -0.00525)
(0.3939173746 0.02316271209 -0.00525)
(0.3939190522 0.02109719632 -0.00525)
(0.3939235924 0.02729024643 -0.00525)
(0.3939255744 0.02522473169 -0.00525)
(0.3939274557 0.03141862207 -0.00525)
(0.393929435 0.02935320593 -0.00525)
(0.393929938 0.03554747375 -0.00525)
(0.3939318597 0.0334821813 -0.00525)
(0.3939315271 0.0396766058 -0.00525)
(0.3939334145 0.03761144547 -0.00525)
(0.3939324785 0.04380590141 -0.00525)
(0.3939343853 0.04174087918 -0.00525)
(0.3939329248 0.04793520458 -0.00525)
(0.3939349157 0.04587040829 -0.00525)
(0.3939329576 0.05206477725 -0.00525)
(0.3939351171 0.04999998148 -0.00525)
(0.3939325431 0.05619409346 -0.00525)
(0.3939349558 0.05412956387 -0.00525)
(0.3939316375 0.06032340991 -0.00525)
(0.3939344516 0.05825910774 -0.00525)
(0.3939301173 0.0644525739 -0.00525)
(0.3939335248 0.06238856333 -0.00525)
(0.3939277419 0.06858147647 -0.00525)
(0.3939320374 0.06651786093 -0.00525)
(0.3939240649 0.07270994054 -0.00525)
(0.3939297255 0.07064689161 -0.00525)
(0.3939182268 0.07683765103 -0.00525)
(0.3939260848 0.07477547028 -0.00525)
(0.3939084636 0.08096396897 -0.00525)
(0.3939200892 0.07890324399 -0.00525)
(0.3938907933 0.08508730709 -0.00525)
(0.3939094814 0.08302940412 -0.00525)
(0.3938541856 0.08920200256 -0.00525)
(0.3938885252 0.08715142166 -0.00525)
(0.3915415705 0.09322581553 -0.00525)
(0.3937550017 0.09327917659 -0.00525)
(0.39383742 0.09125686874 -0.00525)
(0.3893341373 0.09524692799 -0.00525)
(0.3914913331 0.09526368345 -0.00525)
(0.389282544 0.09729342044 -0.00525)
(0.3892514357 0.09916794617 -0.00525)
(0.3913922294 0.09916760525 -0.00525)
(0.3914325558 0.097299548 -0.00525)
(0.3936314359 0.002684213111 -0.00525)
(0.3936894779 0.00470075525 -0.00525)
(0.3959137968 0.00463547688 -0.00525)
(0.3958847987 0.002634433487 -0.00525)
(0.3937496416 0.006722312914 -0.00525)
(0.39379921 0.008758458468 -0.00525)
(0.3959592128 0.008720574208 -0.00525)
(0.3959403222 0.006667624544 -0.00525)
(0.3959894672 0.01283950455 -0.00525)
(0.3959747132 0.01077953479 -0.00525)
(0.3960034807 0.01696512065 -0.00525)
(0.3959965076 0.01490241198 -0.00525)
(0.3960099251 0.02109305144 -0.00525)
(0.3960062908 0.01902928243 -0.00525)
(0.3960132543 0.02522192421 -0.00525)
(0.3960111127 0.02315766791 -0.00525)
(0.3960151713 0.02935124365 -0.00525)
(0.3960137766 0.02728672679 -0.00525)
(0.3960163563 0.03348080827 -0.00525)
(0.3960153844 0.031416134 -0.00525)
(0.396017107 0.03761051656 -0.00525)
(0.3960163998 0.0355457413 -0.00525)
(0.3960175706 0.04174030933 -0.00525)
(0.3960170408 0.03967546686 -0.00525)
(0.3960178428 0.0458701495 -0.00525)
(0.3960174253 0.04380526107 -0.00525)
(0.3960178963 0.05000001149 -0.00525)
(0.396017645 0.04793509135 -0.00525)
(0.3960178393 0.05412987469 -0.00525)
(0.3960176126 0.05206493385 -0.00525)
(0.3960176015 0.05825971868 -0.00525)
(0.3960174449 0.05619476683 -0.00525)
(0.3960171614 0.06238951884 -0.00525)
(0.3960170862 0.06032456685 -0.00525)
(0.3960164446 0.06651924042 -0.00525)
(0.3960164746 0.064454303 -0.00525)
(0.3960153177 0.07064882991 -0.00525)
(0.3960155055 0.06858392944 -0.00525)
(0.396013519 0.07477820137 -0.00525)
(0.3960139829 0.07271337382 -0.00525)
(0.3960104882 0.07890720368 -0.00525)
(0.3960115082 0.07684251586 -0.00525)
(0.3960049719 0.08303552347 -0.00525)
(0.3960072102 0.08097112576 -0.00525)
(0.3959941046 0.08716241368 -0.00525)
(0.3959991456 0.08509870591 -0.00525)
(0.3959702257 0.09128382273 -0.00525)
(0.3959826403 0.08922370063 -0.00525)
(0.3936894355 0.09529888424 -0.00525)
(0.3959148168 0.09536481244 -0.00525)
(0.395944611 0.0933339227 -0.00525)
(0.3936312364 0.09731562253 -0.00525)
(0.3935878021 0.09916707426 -0.00525)
(0.3958309518 0.09916605852 -0.00525)
(0.3958849309 0.0973655854 -0.00525)
(0.3981748244 0.00249350645 -0.00525)
(0.3981081609 0.004546803211 -0.00525)
(0.400000006 0.004530992107 -0.00525)
(0.400000006 0.002600155267 -0.00525)
(0.3980901626 0.006621029772 -0.00525)
(0.3980882122 0.008694334403 -0.00525)
(0.3999961145 0.008687574666 -0.00525)
(0.3999994256 0.006606421508 -0.00525)
(0.3980897675 0.01076355336 -0.00525)
(0.3980924658 0.0128299333 -0.00525)
(0.3999948365 0.01282721976 -0.00525)
(0.3999948351 0.01075955794 -0.00525)
(0.398094449 0.01489531655 -0.00525)
(0.3980961641 0.01696022275 -0.00525)
(0.3999953492 0.01695857233 -0.00525)
(0.3999951126 0.01489317525 -0.00525)
(0.398097146 0.01902515587 -0.00525)
(0.3980979797 0.02109002205 -0.00525)
(0.3999955314 0.02108895544 -0.00525)
(0.3999954797 0.01902379847 -0.00525)
(0.3980984018 0.02315497334 -0.00525)
(0.3980988265 0.02521988932 -0.00525)
(0.399995542 0.02521916045 -0.00525)
(0.3999955437 0.02315407086 -0.00525)
(0.3980990224 0.02728486777 -0.00525)
(0.3980992708 0.02934982339 -0.00525)
(0.3999955348 0.02934930713 -0.00525)
(0.3999955378 0.02728423655 -0.00525)
(0.398099369 0.03141482537 -0.00525)
(0.3980995264 0.03347981123 -0.00525)
(0.3999955327 0.03347944501 -0.00525)
(0.3999955333 0.03141437612 -0.00525)
(0.3980995712 0.03554482951 -0.00525)
(0.3980996727 0.03760983544 -0.00525)
(0.3999955325 0.0376095834 -0.00525)
(0.3999955325 0.03554451411 -0.00525)
(0.3980996837 0.03967486287 -0.00525)
(0.3980997525 0.04173988139 -0.00525)
(0.3999955326 0.04173972221 -0.00525)
(0.3999955326 0.03967465279 -0.00525)
(0.398099759 0.04380491309 -0.00525)
(0.398099856 0.0458699393 -0.00525)
(0.3999955326 0.04586986073 -0.00525)
(0.3999955326 0.04380479159 -0.00525)
(0.3980999129 0.04793497147 -0.00525)
(0.3980997408 0.05000000298 -0.00525)
(0.3999955326 0.05 -0.00525)
(0.3999955326 0.04793492866 -0.00525)
(0.3980997758 0.05206503416 -0.00525)
(0.3980997885 0.05413006684 -0.00525)
(0.3999955326 0.05413013894 -0.00525)
(0.3999955326 0.05206506963 -0.00525)
(0.3980997414 0.05619509376 -0.00525)
(0.3980997548 0.05826012582 -0.00525)
(0.3999955326 0.05826027778 -0.00525)
(0.3999955326 0.05619520835 -0.00525)
(0.3980996937 0.0603251454 -0.00525)
(0.3980996864 0.06239017365 -0.00525)
(0.3999955325 0.0623904166 -0.00525)
(0.3999955326 0.06032534721 -0.00525)
(0.3980995894 0.06445518136 -0.00525)
(0.398099549 0.06652020127 -0.00525)
(0.3999955327 0.066520555 -0.00525)
(0.3999955325 0.0644554859 -0.00525)
(0.3980993988 0.06858519028 -0.00525)
(0.3980993085 0.0706501956 -0.00525)
(0.3999955348 0.07065069289 -0.00525)
(0.3999955333 0.06858562389 -0.00525)
(0.398099074 0.0727151574 -0.00525)
(0.398098896 0.07478014359 -0.00525)
(0.399995542 0.07478083956 -0.00525)
(0.3999955378 0.07271576346 -0.00525)
(0.398098504 0.07684507388 -0.00525)
(0.3980981317 0.07891004643 -0.00525)
(0.3999955314 0.07891104458 -0.00525)
(0.3999955437 0.07684592915 -0.00525)
(0.3980973924 0.08097495255 -0.00525)
(0.3980965718 0.08303995222 -0.00525)
(0.3999953492 0.08304142769 -0.00525)
(0.3999954797 0.08097620155 -0.00525)
(0.3980951521 0.08510497908 -0.00525)
(0.3980936497 0.0871705545 -0.00525)
(0.3999948365 0.08717278027 -0.00525)
(0.3999951126 0.08510682477 -0.00525)
(0.3980916078 0.08923719723 -0.00525)
(0.3980904153 0.09130654406 -0.00525)
(0.3999961145 0.09131242548 -0.00525)
(0.3999948351 0.08924044213 -0.00525)
(0.3980913083 0.09337939672 -0.00525)
(0.3981085427 0.09545332781 -0.00525)
(0.400000006 0.09546900841 -0.00525)
(0.3999994256 0.09339357878 -0.00525)
(0.3981748997 0.0975065169 -0.00525)
(0.39796796 0.09916360011 -0.00525)
(0.400000006 0.09916832279 -0.00525)
(0.400000006 0.09739984558 -0.00525)
(0.3164356436 0.00083168316 -0.00525)
(0.3185148515 0.00083168316 -0.00525)
(0.3205940594 0.00083168316 -0.00525)
(0.3226732673 0.00083168316 -0.00525)
(0.3247524752 0.00083168316 -0.00525)
(0.3268316832 0.00083168316 -0.00525)
(0.3289108911 0.00083168316 -0.00525)
(0.330990099 0.00083168316 -0.00525)
(0.3330693069 0.00083168316 -0.00525)
(0.3351485149 0.00083168316 -0.00525)
(0.3372277228 0.00083168316 -0.00525)
(0.3393069307 0.00083168316 -0.00525)
(0.3413861386 0.00083168316 -0.00525)
(0.3434653465 0.00083168316 -0.00525)
(0.3455445545 0.00083168316 -0.00525)
(0.3476237624 0.00083168316 -0.00525)
(0.3497029703 0.00083168316 -0.00525)
(0.3517821782 0.00083168316 -0.00525)
(0.3538613861 0.00083168316 -0.00525)
(0.3559405941 0.00083168316 -0.00525)
(0.358019802 0.00083168316 -0.00525)
(0.3600990099 0.00083168316 -0.00525)
(0.3621782178 0.00083168316 -0.00525)
(0.3642574258 0.00083168316 -0.00525)
(0.3663366338 0.00083168316 -0.00525)
(0.3684158418 0.000831683176 -0.00525)
(0.37049505 0.0008316832531 -0.00525)
(0.3725742582 0.0008316833893 -0.00525)
(0.3746534666 0.0008316832927 -0.00525)
(0.3767326803 0.00083168316 -0.00525)
(0.3788119325 0.00083168316 -0.00525)
(0.3808913786 0.0008316831599 -0.00525)
(0.3829715971 0.0008316831596 -0.00525)
(0.3850543796 0.0008316831574 -0.00525)
(0.3871443742 0.0008317900875 -0.00525)
(0.3892514358 0.0008320553209 -0.00525)
(0.3913922294 0.0008323962423 -0.00525)
(0.3935878022 0.0008329272283 -0.00525)
(0.3958309519 0.0008339429713 -0.00525)
(0.3979679602 0.0008364013828 -0.00525)
(0.400000006 0.0008316787 -0.00525)
(0.2956435644 0.09958415991 -0.00525)
(0.2956435644 0.1000000015 -0.00525)
(0.2977227723 0.09958415991 -0.00525)
(0.2998019802 0.09958415991 -0.00525)
(0.2977227723 0.1000000015 -0.00525)
(0.2998019802 0.1000000015 -0.00525)
(0.3018811881 0.09958415991 -0.00525)
(0.303960396 0.09958415991 -0.00525)
(0.3018811881 0.1000000015 -0.00525)
(0.303960396 0.1000000015 -0.00525)
(0.306039604 0.09958415991 -0.00525)
(0.3081188119 0.09958415991 -0.00525)
(0.306039604 0.1000000015 -0.00525)
(0.3081188119 0.1000000015 -0.00525)
(0.3101980198 0.09958415991 -0.00525)
(0.3101980198 0.1000000015 -0.00525)
(0.3122772277 0.09958415991 -0.00525)
(0.3122772277 0.1000000015 -0.00525)
(0.3143564356 0.09958415991 -0.00525)
(0.3164356436 0.09958415991 -0.00525)
(0.3143564356 0.1000000015 -0.00525)
(0.3164356436 0.1000000015 -0.00525)
(0.3185148515 0.09958415991 -0.00525)
(0.3205940594 0.09958415991 -0.00525)
(0.3185148515 0.1000000015 -0.00525)
(0.3205940594 0.1000000015 -0.00525)
(0.3226732673 0.09958415991 -0.00525)
(0.3247524752 0.09958415991 -0.00525)
(0.3226732673 0.1000000015 -0.00525)
(0.3247524752 0.1000000015 -0.00525)
(0.3268316832 0.09958415991 -0.00525)
(0.3289108911 0.09958415991 -0.00525)
(0.3268316832 0.1000000015 -0.00525)
(0.3289108911 0.1000000015 -0.00525)
(0.330990099 0.09958415991 -0.00525)
(0.3330693069 0.09958415991 -0.00525)
(0.330990099 0.1000000015 -0.00525)
(0.3330693069 0.1000000015 -0.00525)
(0.3351485149 0.09958415991 -0.00525)
(0.3372277228 0.09958415991 -0.00525)
(0.3351485149 0.1000000015 -0.00525)
(0.3372277228 0.1000000015 -0.00525)
(0.3393069307 0.09958415991 -0.00525)
(0.3413861386 0.09958415991 -0.00525)
(0.3393069307 0.1000000015 -0.00525)
(0.3413861386 0.1000000015 -0.00525)
(0.3434653465 0.09958415991 -0.00525)
(0.3455445545 0.09958415991 -0.00525)
(0.3434653465 0.1000000015 -0.00525)
(0.3455445545 0.1000000015 -0.00525)
(0.3476237624 0.09958415991 -0.00525)
(0.3497029703 0.09958415991 -0.00525)
(0.3476237624 0.1000000015 -0.00525)
(0.3497029703 0.1000000015 -0.00525)
(0.3517821782 0.09958415991 -0.00525)
(0.3538613861 0.09958415991 -0.00525)
(0.3517821782 0.1000000015 -0.00525)
(0.3538613861 0.1000000015 -0.00525)
(0.3559405941 0.09958415991 -0.00525)
(0.358019802 0.09958415991 -0.00525)
(0.3559405941 0.1000000015 -0.00525)
(0.358019802 0.1000000015 -0.00525)
(0.3600990099 0.09958415991 -0.00525)
(0.3621782178 0.09958415991 -0.00525)
(0.3600990099 0.1000000015 -0.00525)
(0.3621782178 0.1000000015 -0.00525)
(0.3642574258 0.09958415991 -0.00525)
(0.3663366338 0.09958415991 -0.00525)
(0.3642574258 0.1000000015 -0.00525)
(0.3663366338 0.1000000015 -0.00525)
(0.3684158419 0.0995841599 -0.00525)
(0.37049505 0.09958415983 -0.00525)
(0.3684158419 0.1000000015 -0.00525)
(0.37049505 0.1000000014 -0.00525)
(0.3725742582 0.09958415972 -0.00525)
(0.3746534666 0.09958415979 -0.00525)
(0.3725742582 0.1000000013 -0.00525)
(0.3746534666 0.1000000014 -0.00525)
(0.3767326803 0.09958415991 -0.00525)
(0.3788119325 0.09958415991 -0.00525)
(0.3767326803 0.1000000015 -0.00525)
(0.3788119325 0.1000000015 -0.00525)
(0.3808913786 0.09958415991 -0.00525)
(0.3829715994 0.09958415991 -0.00525)
(0.3808913786 0.1000000015 -0.00525)
(0.3829716017 0.1000000015 -0.00525)
(0.3850543949 0.09958415991 -0.00525)
(0.3871444146 0.09958407885 -0.00525)
(0.3850544102 0.1000000015 -0.00525)
(0.3871444549 0.09999994629 -0.00525)
(0.389251502 0.09958387032 -0.00525)
(0.3913923294 0.09958359975 -0.00525)
(0.3892515682 0.09999979448 -0.00525)
(0.3913924295 0.09999959425 -0.00525)
(0.3935879884 0.09958317453 -0.00525)
(0.3958311592 0.09958236093 -0.00525)
(0.3935881746 0.09999927479 -0.00525)
(0.3958313667 0.09999866333 -0.00525)
(0.397967651 0.09958039452 -0.00525)
(0.400000006 0.09958416214 -0.00525)
(0.397967342 0.09999718893 -0.00525)
(0.400000006 0.1000000015 -0.00525)
(0.2998019802 0.00041584158 -0.00525)
(0.2998019802 -5.421010862e-19 -0.00525)
(0.303960396 0.00041584158 -0.00525)
(0.3018811881 0.00041584158 -0.00525)
(0.303960396 -5.421010862e-19 -0.00525)
(0.3018811881 -5.421010862e-19 -0.00525)
(0.3081188119 0.00041584158 -0.00525)
(0.306039604 0.00041584158 -0.00525)
(0.3081188119 -5.421010862e-19 -0.00525)
(0.306039604 -5.421010862e-19 -0.00525)
(0.3122772277 0.00041584158 -0.00525)
(0.3101980198 0.00041584158 -0.00525)
(0.3122772277 -5.421010862e-19 -0.00525)
(0.3101980198 -5.421010862e-19 -0.00525)
(0.3143564356 0.00041584158 -0.00525)
(0.3143564356 -5.421010862e-19 -0.00525)
(0.3164356436 0.00041584158 -0.00525)
(0.3164356436 -5.421010862e-19 -0.00525)
(0.3205940594 0.00041584158 -0.00525)
(0.3185148515 0.00041584158 -0.00525)
(0.3205940594 -5.421010862e-19 -0.00525)
(0.3185148515 -5.421010862e-19 -0.00525)
(0.3247524752 0.00041584158 -0.00525)
(0.3226732673 0.00041584158 -0.00525)
(0.3247524752 -5.421010862e-19 -0.00525)
(0.3226732673 -5.421010862e-19 -0.00525)
(0.3289108911 0.00041584158 -0.00525)
(0.3268316832 0.00041584158 -0.00525)
(0.3289108911 -5.421010862e-19 -0.00525)
(0.3268316832 -5.421010862e-19 -0.00525)
(0.3330693069 0.00041584158 -0.00525)
(0.330990099 0.00041584158 -0.00525)
(0.3330693069 -5.421010862e-19 -0.00525)
(0.330990099 -5.421010862e-19 -0.00525)
(0.3372277228 0.00041584158 -0.00525)
(0.3351485149 0.00041584158 -0.00525)
(0.3372277228 -5.421010862e-19 -0.00525)
(0.3351485149 -5.421010862e-19 -0.00525)
(0.3413861386 0.00041584158 -0.00525)
(0.3393069307 0.00041584158 -0.00525)
(0.3413861386 -5.421010862e-19 -0.00525)
(0.3393069307 -5.421010862e-19 -0.00525)
(0.3455445545 0.00041584158 -0.00525)
(0.3434653465 0.00041584158 -0.00525)
(0.3455445545 -5.421010862e-19 -0.00525)
(0.3434653465 -5.421010862e-19 -0.00525)
(0.3497029703 0.00041584158 -0.00525)
(0.3476237624 0.00041584158 -0.00525)
(0.3497029703 -5.421010862e-19 -0.00525)
(0.3476237624 -5.421010862e-19 -0.00525)
(0.3538613861 0.00041584158 -0.00525)
(0.3517821782 0.00041584158 -0.00525)
(0.3538613861 -5.421010862e-19 -0.00525)
(0.3517821782 -5.421010862e-19 -0.00525)
(0.358019802 0.00041584158 -0.00525)
(0.3559405941 0.00041584158 -0.00525)
(0.358019802 -5.421010862e-19 -0.00525)
(0.3559405941 -5.421010862e-19 -0.00525)
(0.3621782178 0.00041584158 -0.00525)
(0.3600990099 0.00041584158 -0.00525)
(0.3621782178 -5.421010862e-19 -0.00525)
(0.3600990099 -5.421010862e-19 -0.00525)
(0.3663366338 0.00041584158 -0.00525)
(0.3642574258 0.00041584158 -0.00525)
(0.3663366338 -5.421010862e-19 -0.00525)
(0.3642574258 -5.421010862e-19 -0.00525)
(0.37049505 0.0004158416598 -0.00525)
(0.3684158419 0.000415841594 -0.00525)
(0.37049505 6.641920087e-11 -0.00525)
(0.3684158419 1.200375552e-11 -0.00525)
(0.3746534666 0.000415841696 -0.00525)
(0.3725742582 0.000415841774 -0.00525)
(0.3746534666 9.936919159e-11 -0.00525)
(0.3725742582 1.586216882e-10 -0.00525)
(0.3788119325 0.00041584158 -0.00525)
(0.3767326803 0.00041584158 -0.00525)
(0.3788119325 -5.421010862e-19 -0.00525)
(0.3767326803 -5.421010862e-19 -0.00525)
(0.3829715994 0.0004158415798 -0.00525)
(0.3808913786 0.00041584158 -0.00525)
(0.3829716017 -5.421010862e-19 -0.00525)
(0.3808913786 -5.421010862e-19 -0.00525)
(0.3871444146 0.0004159226425 -0.00525)
(0.3850543949 0.0004158415787 -0.00525)
(0.3871444549 5.519744521e-08 -0.00525)
(0.3850544102 -5.421010862e-19 -0.00525)
(0.3913923295 0.000416401742 -0.00525)
(0.389251502 0.000416131166 -0.00525)
(0.3913924295 4.072418034e-07 -0.00525)
(0.3892515683 2.070109909e-07 -0.00525)
(0.3958311594 0.0004176405658 -0.00525)
(0.3935879884 0.0004168269654 -0.00525)
(0.3958313668 1.338160329e-06 -0.00525)
(0.3935881747 7.267025113e-07 -0.00525)
(0.400000006 0.00041583935 -0.00525)
(0.3979676512 0.0004196069734 -0.00525)
(0.400000006 -5.421010862e-19 -0.00525)
(0.3979673421 2.81256406e-06 -0.00525)
(0.2935659668 0.08491326623 -0.01525)
(0.2935651704 0.08903465005 -0.01525)
(0.2977238018 0.08903466397 -0.01525)
(0.2977248089 0.08491329282 -0.01525)
(0.2935704162 0.06845721561 -0.01525)
(0.2935692566 0.07256681602 -0.01525)
(0.2977289684 0.07256688102 -0.01525)
(0.2977304343 0.06845728682 -0.01525)
(0.2935680773 0.0766793547 -0.01525)
(0.2977274776 0.07667940892 -0.01525)
(0.2935669566 0.08079483629 -0.01525)
(0.2977260606 0.08079487701 -0.01525)
(0.1854441713 0.07672869522 -0.01525)
(0.1855011816 0.07259800647 -0.01525)
(0.1854231805 0.08087021106 -0.01525)
(0.1854250813 0.08500354267 -0.01525)
(0.1854339362 0.08912076806 -0.01525)
(0.1833634371 0.09322953579 -0.01525)
(0.1854420599 0.09322039696 -0.01525)
(0.1833649275 0.09527270068 -0.01525)
(0.1833663366 0.09916831833 -0.01525)
(0.1833659834 0.09731230599 -0.01525)
(0.1854452081 0.09730925653 -0.01525)
(0.1854455446 0.09916831833 -0.01525)
(0.1854441376 0.09526639586 -0.01525)
(0.1855938953 0.03146401365 -0.01525)
(0.1855201629 0.0273799811 -0.01525)
(0.1856564752 0.03553001726 -0.01525)
(0.1856519655 0.03960969019 -0.01525)
(0.1856341149 0.0437442385 -0.01525)
(0.185623412 0.04791238215 -0.01525)
(0.1856244921 0.05208470052 -0.01525)
(0.1856370541 0.05623710149 -0.01525)
(0.1856514665 0.0603510336 -0.01525)
(0.1856384627 0.06442719788 -0.01525)
(0.185577375 0.06850122681 -0.01525)
(0.1833663366 0.09958415991 -0.01525)
(0.1833663366 0.1000000015 -0.01525)
(0.1854455446 0.09958415991 -0.01525)
(0.1854455446 0.1000000015 -0.01525)
(0.2894071918 0.0849132453 -0.01525)
(0.289406573 0.08903463912 -0.01525)
(0.1833644538 0.004716340527 -0.01525)
(0.1833658752 0.002681655302 -0.01525)
(0.1833588515 0.008801992269 -0.01525)
(0.1833620643 0.006756306489 -0.01525)
(0.1854259545 0.01498708599 -0.01525)
(0.1854342346 0.01087050166 -0.01525)
(0.1833555449 0.01085397324 -0.01525)
(0.1854283661 0.01912070936 -0.01525)
(0.1854571739 0.02325725483 -0.01525)
(0.1854451264 0.002685721976 -0.01525)
(0.1854438354 0.004724576581 -0.01525)
(0.1875232097 0.004731985693 -0.01525)
(0.1875243744 0.002689400763 -0.01525)
(0.1854416396 0.006768257222 -0.01525)
(0.1854385169 0.008816965418 -0.01525)
(0.1875185987 0.008830627894 -0.01525)
(0.1875212495 0.0067789916 -0.01525)
(0.189584059 0.01502262236 -0.01525)
(0.1895945011 0.01090022978 -0.01525)
(0.1875157965 0.01088728721 -0.01525)
(0.18957821 0.01915856167 -0.01525)
(0.1895895418 0.0233001152 -0.01525)
(0.1896344643 0.02743948836 -0.01525)
(0.1897024755 0.03153337184 -0.01525)
(0.1897465352 0.03558669199 -0.01525)
(0.1897615217 0.03966246801 -0.01525)
(0.1897497992 0.04377527383 -0.01525)
(0.1897388276 0.04791839129 -0.01525)
(0.1897400986 0.05206412008 -0.01525)
(0.1897496496 0.05618731734 -0.01525)
(0.1897470299 0.06027821543 -0.01525)
(0.1897197988 0.06435246765 -0.01525)
(0.1896737259 0.06842486148 -0.01525)
(0.1896143162 0.07254585101 -0.01525)
(0.189582509 0.07669010644 -0.01525)
(0.1895775255 0.08083444224 -0.01525)
(0.1895847117 0.08497050052 -0.01525)
(0.1895938055 0.08909404311 -0.01525)
(0.1875223006 0.09321119991 -0.01525)
(0.1896010135 0.09320358381 -0.01525)
(0.1875235623 0.09526044047 -0.01525)
(0.1875247525 0.09916831833 -0.01525)
(0.1875244542 0.09730639399 -0.01525)
(0.1896036177 0.002692722934 -0.01525)
(0.1896025595 0.004738642162 -0.01525)
(0.1916819037 0.004744644563 -0.01525)
(0.1916828584 0.002695725371 -0.01525)
(0.1896007578 0.006788567605 -0.01525)
(0.1895981781 0.008842539158 -0.01525)
(0.1916781192 0.008853560299 -0.01525)
(0.1916802964 0.006797223321 -0.01525)
(0.1937446121 0.01505160839 -0.01525)
(0.1937545687 0.01092428176 -0.01525)
(0.1916757955 0.01091397266 -0.01525)
(0.1937356446 0.01918968449 -0.01525)
(0.1937354907 0.02333331638 -0.01525)
(0.1937553137 0.02744938022 -0.01525)
(0.193798314 0.03154976735 -0.01525)
(0.1938423451 0.03562870796 -0.01525)
(0.1938591242 0.03970621081 -0.01525)
(0.1938585619 0.04380854305 -0.01525)
(0.1938511717 0.04792923827 -0.01525)
(0.1938521722 0.05205006924 -0.01525)
(0.1938539016 0.05615546885 -0.01525)
(0.1938359363 0.060244612 -0.01525)
(0.1938058493 0.06432465656 -0.01525)
(0.1937666106 0.06842275614 -0.01525)
(0.1937397229 0.07253551928 -0.01525)
(0.1937316054 0.07665927462 -0.01525)
(0.1937363171 0.08080482977 -0.01525)
(0.1937453954 0.08494330284 -0.01525)
(0.1937537304 0.08907196904 -0.01525)
(0.191681105 0.09319572922 -0.01525)
(0.1937598998 0.09318942739 -0.01525)
(0.1896027741 0.09525505178 -0.01525)
(0.191682167 0.09524996972 -0.01525)
(0.1896036768 0.09730374527 -0.01525)
(0.1896039604 0.09916831833 -0.01525)
(0.1916831683 0.09916831833 -0.01525)
(0.1916829174 0.09730128042 -0.01525)
(0.1937620954 0.002698441498 -0.01525)
(0.193761228 0.004750058617 -0.01525)
(0.195840548 0.004754967937 -0.01525)
(0.1958413303 0.00270090502 -0.01525)
(0.1937597509 0.006804985029 -0.01525)
(0.1937576317 0.008863184384 -0.01525)
(0.1958374457 0.008872221732 -0.01525)
(0.1958392307 0.006812058031 -0.01525)
(0.19790577 0.015075714 -0.01525)
(0.1979143833 0.01094408251 -0.01525)
(0.1958355355 0.01093574535 -0.01525)
(0.1978965014 0.01921025087 -0.01525)
(0.1978898932 0.02332650918 -0.01525)
(0.1978932579 0.02743972085 -0.01525)
(0.1979129472 0.03154767472 -0.01525)
(0.1979427285 0.03564537467 -0.01525)
(0.1979618823 0.03973390686 -0.01525)
(0.1979629048 0.04382940893 -0.01525)
(0.1979604244 0.04793866664 -0.01525)
(0.1979617517 0.05204491489 -0.01525)
(0.1979601242 0.05614715286 -0.01525)
(0.1979472979 0.06023506779 -0.01525)
(0.197918425 0.06432923014 -0.01525)
(0.1978947018 0.06843613643 -0.01525)
(0.1978861228 0.07254969106 -0.01525)
(0.1978893658 0.07666632862 -0.01525)
(0.1978976552 0.08078537227 -0.01525)
(0.1979063683 0.08492054707 -0.01525)
(0.1979135356 0.08905353503 -0.01525)
(0.1958398547 0.09318270854 -0.01525)
(0.19791872 0.09317748829 -0.01525)
(0.19376138 0.09524541363 -0.01525)
(0.1958407448 0.09524109398 -0.01525)
(0.1937621381 0.09729901547 -0.01525)
(0.1937623762 0.09916831833 -0.01525)
(0.1958415842 0.09916831833 -0.01525)
(0.1958413738 0.09729691102 -0.01525)
(0.1833663366 0.00083168316 -0.01525)
(0.1854455446 0.00083168316 -0.01525)
(0.1875247525 0.00083168316 -0.01525)
(0.1896039604 0.00083168316 -0.01525)
(0.1916831683 0.00083168316 -0.01525)
(0.1937623762 0.00083168316 -0.01525)
(0.1958415842 0.00083168316 -0.01525)
(0.197920562 0.002703143739 -0.01525)
(0.1979207921 0.00083168316 -0.01525)
(0.1979205928 0.09729498137 -0.01525)
(0.1979207921 0.09916831833 -0.01525)
(0.1979198516 0.004759421265 -0.01525)
(0.1999991517 0.0047634855 -0.01525)
(0.1999997921 0.0027051849 -0.01525)
(0.1979186416 0.006818437104 -0.01525)
(0.1979169047 0.008880120342 -0.01525)
(0.1999966117 0.008887646996 -0.01525)
(0.1999980732 0.006824298629 -0.01525)
(0.2020667899 0.0150879542 -0.01525)
(0.2020739618 0.01096063435 -0.01525)
(0.1999950467 0.01095380491 -0.01525)
(0.202058482 0.01920576581 -0.01525)
(0.2020502364 0.02332047617 -0.01525)
(0.2020456245 0.02743217075 -0.01525)
(0.2020495397 0.03154059178 -0.01525)
(0.2020629479 0.03564422256 -0.01525)
(0.2020776074 0.03974118138 -0.01525)
(0.2020806135 0.04383427434 -0.01525)
(0.2020699104 0.04793749426 -0.01525)
(0.2020713529 0.05204871201 -0.01525)
(0.2020821868 0.05614968094 -0.01525)
(0.2020728165 0.0602415837 -0.01525)
(0.2020542878 0.06434136375 -0.01525)
(0.2020439634 0.06844860802 -0.01525)
(0.2020446366 0.07255983959 -0.01525)
(0.2020513709 0.07667397127 -0.01525)
(0.2020596131 0.08079091253 -0.01525)
(0.2020671514 0.0849106563 -0.01525)
(0.2020731561 0.08903796253 -0.01525)
(0.1999985553 0.09317170118 -0.01525)
(0.2020774802 0.09316735746 -0.01525)
(0.1979199585 0.09523724379 -0.01525)
(0.1999992988 0.09523356087 -0.01525)
(0.2 0.09916831833 -0.01525)
(0.1999998242 0.09729318469 -0.01525)
(0.2020790197 0.002707049872 -0.01525)
(0.2020784384 0.004767194214 -0.01525)
(0.2041577221 0.004770600625 -0.01525)
(0.2041582459 0.002708759869 -0.01525)
(0.2020774483 0.00682961359 -0.01525)
(0.2020760271 0.008894222786 -0.01525)
(0.2041556453 0.008900579766 -0.01525)
(0.2041568403 0.006834536287 -0.01525)
(0.2062274549 0.01508702344 -0.01525)
(0.2062333372 0.01096744096 -0.01525)
(0.2041543656 0.01096864716 -0.01525)
(0.206220485 0.01920450871 -0.01525)
(0.2062127978 0.02331882761 -0.01525)
(0.2062058797 0.02743004341 -0.01525)
(0.2062024187 0.03153820827 -0.01525)
(0.2062050054 0.03564307824 -0.01525)
(0.2062128773 0.03974353897 -0.01525)
(0.2062187877 0.04383776176 -0.01525)
(0.2062014788 0.04793121084 -0.01525)
(0.2062024173 0.05205654744 -0.01525)
(0.2062208741 0.05615015692 -0.01525)
(0.2062130506 0.06024479914 -0.01525)
(0.2062040087 0.06434685626 -0.01525)
(0.2062024313 0.06845365622 -0.01525)
(0.2062070458 0.0725637701 -0.01525)
(0.2062141249 0.07667691646 -0.01525)
(0.2062213092 0.08079304744 -0.01525)
(0.2062276087 0.08491211294 -0.01525)
(0.2062325953 0.08903405025 -0.01525)
(0.204157213 0.09316232819 -0.01525)
(0.2062361878 0.09315869372 -0.01525)
(0.2020785127 0.09523029334 -0.01525)
(0.204157832 0.09522713364 -0.01525)
(0.2020790417 0.097291537 -0.01525)
(0.2020792079 0.09916831833 -0.01525)
(0.2041584158 0.09916831833 -0.01525)
(0.2041582695 0.09728999674 -0.01525)
(0.2062374699 0.002710330853 -0.01525)
(0.2062369949 0.00477372667 -0.01525)
(0.2083162652 0.004776615273 -0.01525)
(0.2083166929 0.002711779239 -0.01525)
(0.2062361858 0.006839020984 -0.01525)
(0.2062350247 0.008905032162 -0.01525)
(0.2083145693 0.008905363304 -0.01525)
(0.208315545 0.00684186116 -0.01525)
(0.2103877424 0.01508722721 -0.01525)
(0.2103925423 0.01096751978 -0.01525)
(0.2083135246 0.01096873292 -0.01525)
(0.21038203 0.01920488905 -0.01525)
(0.2103755419 0.02331944882 -0.01525)
(0.2103689182 0.02743096911 -0.01525)
(0.2103633457 0.03153954024 -0.01525)
(0.2103605998 0.03564524159 -0.01525)
(0.2103621777 0.03974794583 -0.01525)
(0.2103671934 0.04384676224 -0.01525)
(0.2103633124 0.04794130387 -0.01525)
(0.2103639706 0.05204867819 -0.01525)
(0.2103687335 0.05614357061 -0.01525)
(0.210363423 0.0602431257 -0.01525)
(0.2103616416 0.06434702054 -0.01525)
(0.2103645953 0.06845415263 -0.01525)
(0.2103702159 0.07256427285 -0.01525)
(0.2103765381 0.07667735788 -0.01525)
(0.2103825419 0.08079339277 -0.01525)
(0.2103877503 0.08491234545 -0.01525)
(0.2103918747 0.08903417446 -0.01525)
(0.2083158333 0.09315759148 -0.01525)
(0.2103948499 0.09315825434 -0.01525)
(0.2062370458 0.09522434307 -0.01525)
(0.208316347 0.09522193666 -0.01525)
(0.2062374856 0.0972885826 -0.01525)
(0.2062376238 0.09916831833 -0.01525)
(0.2083168317 0.09916831833 -0.01525)
(0.2083167102 0.09728725419 -0.01525)
(0.2103959141 0.00271311683 -0.01525)
(0.2103955264 0.004777838903 -0.01525)
(0.2124747855 0.004777912325 -0.01525)
(0.2124751343 0.002713438622 -0.01525)
(0.2103948662 0.006841744856 -0.01525)
(0.2103939188 0.008905077488 -0.01525)
(0.2124734028 0.008905404776 -0.01525)
(0.2124741983 0.006841883883 -0.01525)
(0.2145476977 0.0150874136 -0.01525)
(0.2145516064 0.01096759424 -0.01525)
(0.2124725512 0.01096879545 -0.01525)
(0.2145430464 0.01920522475 -0.01525)
(0.2145377372 0.02331997684 -0.01525)
(0.2145321408 0.02743172416 -0.01525)
(0.2145267949 0.03154054087 -0.01525)
(0.2145225326 0.03564651541 -0.01525)
(0.2145204283 0.0397497209 -0.01525)
(0.2145211286 0.04385008809 -0.01525)
(0.2145206229 0.04794733176 -0.01525)
(0.2145210036 0.05204464523 -0.01525)
(0.214522047 0.05614224661 -0.01525)
(0.2145214823 0.06024330335 -0.01525)
(0.2145236335 0.0643474749 -0.01525)
(0.2145278964 0.06845460464 -0.01525)
(0.2145330882 0.07256467952 -0.01525)
(0.2145383861 0.07667769964 -0.01525)
(0.2145433287 0.08079365346 -0.01525)
(0.2145476155 0.08491251837 -0.01525)
(0.2145510162 0.08903426607 -0.01525)
(0.2124744215 0.09315761673 -0.01525)
(0.2145534727 0.09315828113 -0.01525)
(0.2103955607 0.09522208239 -0.01525)
(0.2124748465 0.09522194919 -0.01525)
(0.2103959251 0.09728656963 -0.01525)
(0.2103960396 0.09916831833 -0.01525)
(0.2124752475 0.09916831833 -0.01525)
(0.212475147 0.09728653357 -0.01525)
(0.2145543531 0.00271340977 -0.01525)
(0.2145540372 0.004777849052 -0.01525)
(0.2166332872 0.004777921489 -0.01525)
(0.2166335712 0.002713440723 -0.01525)
(0.2145534993 0.006841768459 -0.01525)
(0.2145527275 0.008905121181 -0.01525)
(0.2166321615 0.008905443541 -0.01525)
(0.2166328091 0.006841905376 -0.01525)
(0.2187073762 0.01508757622 -0.01525)
(0.2187105541 0.01096766049 -0.01525)
(0.2166314684 0.01096885328 -0.01525)
(0.2187035971 0.01920551093 -0.01525)
(0.2186992847 0.02332041558 -0.01525)
(0.2186947167 0.0274323355 -0.01525)
(0.2186902216 0.03154132829 -0.01525)
(0.2186862108 0.03564746013 -0.01525)
(0.2186832102 0.03975079681 -0.01525)
(0.2186817311 0.0438513835 -0.01525)
(0.2186810393 0.0479492124 -0.01525)
(0.2186812551 0.0520445074 -0.01525)
(0.2186822762 0.05614264116 -0.01525)
(0.2186839331 0.06024380083 -0.01525)
(0.2186870075 0.06434792587 -0.01525)
(0.2186909859 0.06845499851 -0.01525)
(0.2186953374 0.07256501557 -0.01525)
(0.2186996794 0.07667797186 -0.01525)
(0.2187037264 0.08079385588 -0.01525)
(0.2187072441 0.08491265041 -0.01525)
(0.21871004 0.08903433532 -0.01525)
(0.216632982 0.09315763554 -0.01525)
(0.218712062 0.0931583013 -0.01525)
(0.2145540598 0.09522209334 -0.01525)
(0.2166333325 0.09522195852 -0.01525)
(0.2145543608 0.09728657227 -0.01525)
(0.2145544554 0.09916831833 -0.01525)
(0.2166336634 0.09916831833 -0.01525)
(0.2166335804 0.09728653604 -0.01525)
(0.2187127881 0.002713412025 -0.01525)
(0.2187125311 0.004777858337 -0.01525)
(0.2207917734 0.004777929706 -0.01525)
(0.2207920043 0.002713442625 -0.01525)
(0.2187120935 0.006841789912 -0.01525)
(0.2187114658 0.008905160539 -0.01525)
(0.2207908586 0.008905477827 -0.01525)
(0.2207913849 0.006841924519 -0.01525)
(0.222866827 0.01508771396 -0.01525)
(0.222869406 0.01096771736 -0.01525)
(0.2207902954 0.01096890409 -0.01525)
(0.2228637619 0.01920574952 -0.01525)
(0.2228602668 0.02332077487 -0.01525)
(0.2228565659 0.02743282703 -0.01525)
(0.2228529087 0.03154195056 -0.01525)
(0.222849566 0.03564819418 -0.01525)
(0.2228468315 0.03975160478 -0.01525)
(0.2228450022 0.04385221908 -0.01525)
(0.2228441308 0.04795005366 -0.01525)
(0.2228442616 0.05204510846 -0.01525)
(0.2228453445 0.05614319291 -0.01525)
(0.2228473091 0.06024427527 -0.01525)
(0.2228500966 0.06434832873 -0.01525)
(0.2228534064 0.06845533894 -0.01525)
(0.2228569537 0.07256529678 -0.01525)
(0.2228604899 0.07667819322 -0.01525)
(0.2228637939 0.08079401685 -0.01525)
(0.2228666722 0.08491275374 -0.01525)
(0.2228689637 0.08903438897 -0.01525)
(0.2207915189 0.09315764989 -0.01525)
(0.2228706229 0.09315831686 -0.01525)
(0.2187125454 0.09522210157 -0.01525)
(0.2207918071 0.09522196563 -0.01525)
(0.2187127933 0.09728657425 -0.01525)
(0.2187128713 0.09916831833 -0.01525)
(0.2207920792 0.09916831833 -0.01525)
(0.220792011 0.09728653793 -0.01525)
(0.2228712195 0.002713414001 -0.01525)
(0.2228710109 0.004777866445 -0.01525)
(0.224950247 0.004777936791 -0.01525)
(0.2249504343 0.002713444273 -0.01525)
(0.2228706556 0.006841808574 -0.01525)
(0.222870146 0.008905194582 -0.01525)
(0.2249495051 0.008905507134 -0.01525)
(0.2249499319 0.006841940956 -0.01525)
(0.2270260912 0.01508782838 -0.01525)
(0.2270281795 0.01096776502 -0.01525)
(0.2249490485 0.01096894733 -0.01525)
(0.2270236106 0.01920594557 -0.01525)
(0.2270207837 0.0233210664 -0.01525)
(0.2270177923 0.0274332208 -0.01525)
(0.2270148368 0.03154244331 -0.01525)
(0.2270121267 0.03564877034 -0.01525)
(0.2270098707 0.03975223595 -0.01525)
(0.2270082674 0.04385286669 -0.01525)
(0.2270074621 0.04795067667 -0.01525)
(0.2270075454 0.05204566363 -0.01525)
(0.2270084888 0.05614367736 -0.01525)
(0.2270101821 0.06024468976 -0.01525)
(0.2270124693 0.06434867939 -0.01525)
(0.2270151501 0.06845563109 -0.01525)
(0.2270180231 0.07256553334 -0.01525)
(0.2270208945 0.07667837568 -0.01525)
(0.227023584 0.0807941472 -0.01525)
(0.2270259316 0.08491283628 -0.01525)
(0.2270278032 0.08903443142 -0.01525)
(0.2249500359 0.09315766108 -0.01525)
(0.2270291597 0.09315832911 -0.01525)
(0.2228710196 0.09522210789 -0.01525)
(0.2249502721 0.09522197118 -0.01525)
(0.2228712231 0.09728657577 -0.01525)
(0.2228712871 0.09916831833 -0.01525)
(0.224950495 0.09916831833 -0.01525)
(0.2249504391 0.0972865394 -0.01525)
(0.2270296482 0.002713415679 -0.01525)
(0.2270294792 0.004777873324 -0.01525)
(0.2291087103 0.004777942747 -0.01525)
(0.2291088617 0.002713445663 -0.01525)
(0.2270291914 0.006841824362 -0.01525)
(0.2270287787 0.008905223272 -0.01525)
(0.2291081103 0.008905531634 -0.01525)
(0.2291084554 0.006841954739 -0.01525)
(0.2311852035 0.01508792222 -0.01525)
(0.2311868889 0.01096780436 -0.01525)
(0.229107741 0.01096898338 -0.01525)
(0.231183202 0.01920610512 -0.01525)
(0.2311809221 0.02332130162 -0.01525)
(0.2311785106 0.02743353574 -0.01525)
(0.2311761291 0.03154283448 -0.01525)
(0.2311739448 0.03564922552 -0.01525)
(0.2311721216 0.03975273438 -0.01525)
(0.2311708104 0.04385338107 -0.01525)
(0.2311701369 0.04795117736 -0.01525)
(0.2311701905 0.05204612405 -0.01525)
(0.2311709531 0.05614408635 -0.01525)
(0.2311723209 0.06024504408 -0.01525)
(0.2311741601 0.06434897996 -0.01525)
(0.2311763186 0.06845587999 -0.01525)
(0.2311786381 0.07256573258 -0.01525)
(0.231180962 0.0766785273 -0.01525)
(0.2311831431 0.08079425413 -0.01525)
(0.2311850501 0.08491290327 -0.01525)
(0.2311865723 0.08903446562 -0.01525)
(0.2291085361 0.09315766998 -0.01525)
(0.2311876765 0.09315833895 -0.01525)
(0.2270294841 0.09522211286 -0.01525)
(0.2291087289 0.09522197558 -0.01525)
(0.2270296506 0.09728657697 -0.01525)
(0.227029703 0.09916831833 -0.01525)
(0.2291089109 0.09916831833 -0.01525)
(0.2291088652 0.09728654057 -0.01525)
(0.2311880746 0.002713417077 -0.01525)
(0.2311879381 0.004777879047 -0.01525)
(0.2332671651 0.004777947671 -0.01525)
(0.2332672871 0.002713446814 -0.01525)
(0.2311877058 0.006841837474 -0.01525)
(0.2311873726 0.008905247036 -0.01525)
(0.2332666817 0.008905551813 -0.01525)
(0.2332669598 0.006841966113 -0.01525)
(0.2353441923 0.01508799853 -0.01525)
(0.2353455464 0.01096783648 -0.01525)
(0.2332663842 0.01096901301 -0.01525)
(0.2353425846 0.01920623419 -0.01525)
(0.2353407539 0.02332149077 -0.01525)
(0.2353388181 0.02743378758 -0.01525)
(0.2353369067 0.03154314585 -0.01525)
(0.2353351535 0.03564958702 -0.01525)
(0.2353336889 0.03975313069 -0.01525)
(0.2353326322 0.04385379253 -0.01525)
(0.2353320837 0.04795158252 -0.01525)
(0.2353321177 0.05204650289 -0.01525)
(0.2353327223 0.05614442805 -0.01525)
(0.2353338132 0.06024534327 -0.01525)
(0.2353352841 0.06434923486 -0.01525)
(0.2353370151 0.06845609071 -0.01525)
(0.2353388796 0.07256590023 -0.01525)
(0.2353407514 0.07667865382 -0.01525)
(0.2353425112 0.08079434258 -0.01525)
(0.2353440519 0.08491295826 -0.01525)
(0.235345283 0.08903449354 -0.01525)
(0.2332670224 0.09315767717 -0.01525)
(0.2353461766 0.09315834696 -0.01525)
(0.2311879406 0.09522211684 -0.01525)
(0.2332671789 0.09522197914 -0.01525)
(0.2311880762 0.09728657792 -0.01525)
(0.2311881188 0.09916831833 -0.01525)
(0.2332673267 0.09916831833 -0.01525)
(0.2332672897 0.09728654152 -0.01525)
(0.2353464991 0.002713418226 -0.01525)
(0.2353463894 0.004777883747 -0.01525)
(0.2374256131 0.004777951694 -0.01525)
(0.2374257108 0.002713447754 -0.01525)
(0.2353462028 0.006841848229 -0.01525)
(0.235345935 0.008905266493 -0.01525)
(0.2374252259 0.008905568264 -0.01525)
(0.2374254486 0.006841975397 -0.01525)
(0.2395030815 0.01508806022 -0.01525)
(0.239504162 0.01096786253 -0.01525)
(0.2374249876 0.01096903714 -0.01525)
(0.2395017991 0.01920633819 -0.01525)
(0.239500339 0.02332164259 -0.01525)
(0.2394987953 0.02743398901 -0.01525)
(0.2394972712 0.03154339429 -0.01525)
(0.2394958729 0.03564987528 -0.01525)
(0.2394947041 0.0397534474 -0.01525)
(0.239493859 0.04385412316 -0.01525)
(0.2394934173 0.04795191109 -0.01525)
(0.2394934385 0.05204681393 -0.01525)
(0.2394939146 0.05614471185 -0.01525)
(0.2394947792 0.06024559395 -0.01525)
(0.2394959487 0.06434944943 -0.01525)
(0.2394973281 0.06845626821 -0.01525)
(0.2394988166 0.07256604107 -0.01525)
(0.2395003135 0.07667875962 -0.01525)
(0.2395017227 0.08079441615 -0.01525)
(0.2395029578 0.08491300377 -0.01525)
(0.2395039456 0.08903451655 -0.01525)
(0.2374254971 0.09315768305 -0.01525)
(0.239504663 0.09315835355 -0.01525)
(0.2353463904 0.09522212007 -0.01525)
(0.2374256233 0.09522198205 -0.01525)
(0.2353465001 0.0972865787 -0.01525)
(0.2353465347 0.09916831833 -0.01525)
(0.2374257426 0.09916831833 -0.01525)
(0.2374257127 0.09728654229 -0.01525)
(0.2395049221 0.002713419161 -0.01525)
(0.2395048346 0.004777887573 -0.01525)
(0.2415840556 0.004777954954 -0.01525)
(0.2415841332 0.002713448516 -0.01525)
(0.2395046857 0.006841856975 -0.01525)
(0.239504472 0.008905282296 -0.01525)
(0.2415837481 0.008905581582 -0.01525)
(0.241583925 0.006841982919 -0.01525)
(0.2436618912 0.0150881099 -0.01525)
(0.243662744 0.01096788355 -0.01525)
(0.2415835589 0.01096905666 -0.01525)
(0.243660879 0.01920642175 -0.01525)
(0.2436597269 0.02332176431 -0.01525)
(0.2436585089 0.02743415019 -0.01525)
(0.2436573063 0.03154359289 -0.01525)
(0.2436562028 0.03565010586 -0.01525)
(0.2436552798 0.03975370138 -0.01525)
(0.2436546113 0.04385438965 -0.01525)
(0.24365426 0.04795217793 -0.01525)
(0.2436542729 0.052047069 -0.01525)
(0.2436546447 0.05614494672 -0.01525)
(0.2436553236 0.06024580293 -0.01525)
(0.2436562443 0.06434962917 -0.01525)
(0.2436573322 0.06845641718 -0.01525)
(0.2436585079 0.07256615924 -0.01525)
(0.2436596917 0.07667884819 -0.01525)
(0.2436608073 0.08079447756 -0.01525)
(0.2436617859 0.08491304163 -0.01525)
(0.2436625692 0.08903453565 -0.01525)
(0.2415839624 0.09315768791 -0.01525)
(0.2436631383 0.09315835901 -0.01525)
(0.2395048346 0.09522212273 -0.01525)
(0.2415840632 0.09522198445 -0.01525)
(0.2395049228 0.09728657933 -0.01525)
(0.2395049505 0.09916831833 -0.01525)
(0.2415841584 0.09916831833 -0.01525)
(0.2415841345 0.09728654293 -0.01525)
(0.243663344 0.002713419918 -0.01525)
(0.2436632749 0.004777890667 -0.01525)
(0.2457424937 0.00477795758 -0.01525)
(0.2457425545 0.002713449129 -0.01525)
(0.2436631573 0.006841864044 -0.01525)
(0.2436629887 0.008905295059 -0.01525)
(0.2457422529 0.008905592305 -0.01525)
(0.2457423914 0.006841988976 -0.01525)
(0.2478206378 0.01508814978 -0.01525)
(0.2478212994 0.01096790044 -0.01525)
(0.2457421047 0.01096907236 -0.01525)
(0.2478198527 0.01920648874 -0.01525)
(0.247818959 0.02332186178 -0.01525)
(0.2478180143 0.02743427918 -0.01525)
(0.2478170816 0.03154375186 -0.01525)
(0.2478162256 0.03565029066 -0.01525)
(0.2478155092 0.03975390555 -0.01525)
(0.2478149898 0.04385460489 -0.01525)
(0.2478147157 0.04795239487 -0.01525)
(0.2478147235 0.05204727806 -0.01525)
(0.2478150096 0.05614514071 -0.01525)
(0.2478155343 0.06024597666 -0.01525)
(0.2478162472 0.06434977929 -0.01525)
(0.2478170906 0.06845654196 -0.01525)
(0.2478180032 0.07256625831 -0.01525)
(0.2478189229 0.07667892243 -0.01525)
(0.2478197903 0.08079452897 -0.01525)
(0.2478205517 0.08491307329 -0.01525)
(0.2478211614 0.08903455159 -0.01525)
(0.24574242 0.09315769195 -0.01525)
(0.2478216046 0.09315836357 -0.01525)
(0.2436632744 0.09522212493 -0.01525)
(0.2457424993 0.09522198644 -0.01525)
(0.2436633443 0.09728657986 -0.01525)
(0.2436633663 0.09916831833 -0.01525)
(0.2457425743 0.09916831833 -0.01525)
(0.2457425555 0.09728654346 -0.01525)
(0.2478217648 0.002713420528 -0.01525)
(0.2478217112 0.004777893156 -0.01525)
(0.2499009284 0.004777959682 -0.01525)
(0.249900975 0.002713449618 -0.01525)
(0.24782162 0.00684186973 -0.01525)
(0.2478214892 0.008905305321 -0.01525)
(0.2499007439 0.008905600896 -0.01525)
(0.24990085 0.006841993829 -0.01525)
(0.2519793354 0.01508818168 -0.01525)
(0.2519798341 0.01096791395 -0.01525)
(0.2499006303 0.01096908495 -0.01525)
(0.2519787437 0.01920654231 -0.01525)
(0.2519780702 0.02332193971 -0.01525)
(0.2519773583 0.02743438234 -0.01525)
(0.2519766555 0.03154387913 -0.01525)
(0.2519760104 0.03565043893 -0.01525)
(0.2519754704 0.0397540699 -0.01525)
(0.2519750786 0.04385477896 -0.01525)
(0.2519748714 0.0479525714 -0.01525)
(0.2519748763 0.05204744941 -0.01525)
(0.251975091 0.05614530082 -0.01525)
(0.2519754855 0.06024612092 -0.01525)
(0.2519760221 0.06434990456 -0.01525)
(0.2519766575 0.06845664644 -0.01525)
(0.2519773454 0.07256634145 -0.01525)
(0.2519780391 0.07667898479 -0.01525)
(0.2519786938 0.08079457216 -0.01525)
(0.2519792686 0.08491309987 -0.01525)
(0.2519797291 0.08903456498 -0.01525)
(0.2499008715 0.09315769532 -0.01525)
(0.2519800639 0.0931583674 -0.01525)
(0.2478217106 0.09522212677 -0.01525)
(0.2499009325 0.09522198811 -0.01525)
(0.247821765 0.0972865803 -0.01525)
(0.2478217822 0.09916831833 -0.01525)
(0.2499009901 0.09916831833 -0.01525)
(0.2499009757 0.0972865439 -0.01525)
(0.2519801849 0.002713421015 -0.01525)
(0.2519801446 0.004777895149 -0.01525)
(0.2540593604 0.004777961354 -0.01525)
(0.2540593948 0.002713450006 -0.01525)
(0.2519800758 0.006841874282 -0.01525)
(0.2519799772 0.008905313535 -0.01525)
(0.2540592244 0.008905607741 -0.01525)
(0.2540593026 0.006841997694 -0.01525)
(0.2561379961 0.01508820708 -0.01525)
(0.2561383533 0.01096792471 -0.01525)
(0.2540591406 0.01096909497 -0.01525)
(0.2561375723 0.01920658498 -0.01525)
(0.25613709 0.02332200182 -0.01525)
(0.2561365804 0.02743446466 -0.01525)
(0.2561360773 0.03154398088 -0.01525)
(0.2561356157 0.03565055781 -0.01525)
(0.2561352294 0.0397542022 -0.01525)
(0.2561349492 0.04385491982 -0.01525)
(0.2561348011 0.04795271513 -0.01525)
(0.2561348047 0.05204758996 -0.01525)
(0.2561349583 0.05614543306 -0.01525)
(0.2561352406 0.06024624082 -0.01525)
(0.2561356245 0.06435000923 -0.01525)
(0.2561360792 0.06845673412 -0.01525)
(0.2561365716 0.07256641143 -0.01525)
(0.2561370681 0.07667903739 -0.01525)
(0.2561375368 0.08079460865 -0.01525)
(0.2561379484 0.08491312235 -0.01525)
(0.2561382781 0.0890345763 -0.01525)
(0.2540593184 0.09315769817 -0.01525)
(0.2561385178 0.09315837063 -0.01525)
(0.2519801439 0.09522212831 -0.01525)
(0.2540593634 0.09522198952 -0.01525)
(0.2519801851 0.09728658067 -0.01525)
(0.251980198 0.09916831833 -0.01525)
(0.2540594059 0.09916831833 -0.01525)
(0.2540593953 0.09728654428 -0.01525)
(0.2561386045 0.002713421404 -0.01525)
(0.2561385756 0.004777896736 -0.01525)
(0.2582177905 0.004777962671 -0.01525)
(0.2582178141 0.00271345031 -0.01525)
(0.2561385263 0.006841877906 -0.01525)
(0.2561384557 0.008905320073 -0.01525)
(0.258217697 0.008905613151 -0.01525)
(0.2582177508 0.006842000745 -0.01525)
(0.2602966301 0.01508822714 -0.01525)
(0.2602968612 0.0109679332 -0.01525)
(0.2582176395 0.0109691029 -0.01525)
(0.260296356 0.01920661871 -0.01525)
(0.2602960442 0.02332205102 -0.01525)
(0.2602957149 0.02743453002 -0.01525)
(0.26029539 0.03154406193 -0.01525)
(0.2602950922 0.0356506529 -0.01525)
(0.2602948434 0.03975430856 -0.01525)
(0.2602946632 0.04385503374 -0.01525)
(0.2602945686 0.04795283222 -0.01525)
(0.2602945721 0.05204770541 -0.01525)
(0.2602946722 0.05614554253 -0.01525)
(0.2602948551 0.06024634079 -0.01525)
(0.2602951033 0.06435009706 -0.01525)
(0.2602953969 0.06845680808 -0.01525)
(0.2602957145 0.07256647073 -0.01525)
(0.2602960345 0.07667908212 -0.01525)
(0.2602963364 0.08079463975 -0.01525)
(0.2602966014 0.08491314155 -0.01525)
(0.2602968136 0.08903458598 -0.01525)
(0.2582177618 0.0931577006 -0.01525)
(0.2602969679 0.0931583734 -0.01525)
(0.2561385751 0.09522212962 -0.01525)
(0.2582177926 0.09522199072 -0.01525)
(0.2561386046 0.09728658098 -0.01525)
(0.2561386139 0.09916831833 -0.01525)
(0.2582178218 0.09916831833 -0.01525)
(0.2582178145 0.0972865446 -0.01525)
(0.2602970236 0.00271342171 -0.01525)
(0.260297005 0.004777897987 -0.01525)
(0.2623762193 0.004777963693 -0.01525)
(0.2623762331 0.002713450543 -0.01525)
(0.2602969731 0.006841880764 -0.01525)
(0.2602969275 0.008905325231 -0.01525)
(0.2623761643 0.008905617368 -0.01525)
(0.2623761959 0.006842003119 -0.01525)
(0.2644552468 0.01508824276 -0.01525)
(0.2644553618 0.01096793979 -0.01525)
(0.2623761305 0.01096910909 -0.01525)
(0.2644551105 0.01920664504 -0.01525)
(0.2644549556 0.02332208953 -0.01525)
(0.2644547924 0.02743458139 -0.01525)
(0.2644546318 0.03154412596 -0.01525)
(0.264454485 0.03565072848 -0.01525)
(0.2644543631 0.03975439371 -0.01525)
(0.2644542757 0.04385512572 -0.01525)
(0.2644542311 0.04795292765 -0.01525)
(0.2644542352 0.05204780048 -0.01525)
(0.2644542868 0.05614563357 -0.01525)
(0.2644543787 0.06024642469 -0.01525)
(0.2644545023 0.06435017136 -0.01525)
(0.2644546474 0.06845687111 -0.01525)
(0.2644548037 0.07256652157 -0.01525)
(0.2644549606 0.07667912067 -0.01525)
(0.2644551081 0.08079466666 -0.01525)
(0.2644552373 0.08491315821 -0.01525)
(0.2644553406 0.0890345944 -0.01525)
(0.2623762027 0.0931577027 -0.01525)
(0.2644554156 0.09315837582 -0.01525)
(0.2602970048 0.09522213073 -0.01525)
(0.2623762207 0.09522199176 -0.01525)
(0.2602970237 0.09728658125 -0.01525)
(0.2602970297 0.09916831833 -0.01525)
(0.2623762376 0.09916831833 -0.01525)
(0.2623762334 0.09728654488 -0.01525)
(0.2644554425 0.002713421947 -0.01525)
(0.2644554333 0.004777898957 -0.01525)
(0.2665346472 0.004777964462 -0.01525)
(0.2665346519 0.002713450716 -0.01525)
(0.2644554174 0.00684188298 -0.01525)
(0.2644553948 0.008905329235 -0.01525)
(0.2665346284 0.008905620573 -0.01525)
(0.2665346392 0.006842004917 -0.01525)
(0.2686138546 0.01508825458 -0.01525)
(0.2686138587 0.01096794477 -0.01525)
(0.2665346168 0.0109691138 -0.01525)
(0.2686138501 0.01920666506 -0.01525)
(0.2686138453 0.02332211899 -0.01525)
(0.2686138409 0.02743462098 -0.01525)
(0.2686138374 0.03154417573 -0.01525)
(0.2686138354 0.03565078781 -0.01525)
(0.2686138352 0.03975446132 -0.01525)
(0.268613837 0.04385519966 -0.01525)
(0.2686138408 0.0479530054 -0.01525)
(0.2686138463 0.05204787911 -0.01525)
(0.2686138521 0.05614570989 -0.01525)
(0.2686138575 0.06024649589 -0.01525)
(0.2686138619 0.06435023514 -0.01525)
(0.268613865 0.06845692573 -0.01525)
(0.2686138667 0.07256656601 -0.01525)
(0.2686138671 0.0766791546 -0.01525)
(0.2686138663 0.08079469049 -0.01525)
(0.2686138649 0.08491317302 -0.01525)
(0.2686138634 0.08903460191 -0.01525)
(0.2665346423 0.09315770455 -0.01525)
(0.268613862 0.09315837797 -0.01525)
(0.2644554335 0.0952221317 -0.01525)
(0.2665346481 0.09522199267 -0.01525)
(0.2644554427 0.09728658148 -0.01525)
(0.2644554455 0.09916831833 -0.01525)
(0.2665346535 0.09916831833 -0.01525)
(0.2665346521 0.09728654512 -0.01525)
(0.2686138613 0.002713422126 -0.01525)
(0.268613861 0.004777899686 -0.01525)
(0.2706930748 0.00477796501 -0.01525)
(0.2706930707 0.002713450835 -0.01525)
(0.2686138605 0.006841884649 -0.01525)
(0.2686138598 0.008905332252 -0.01525)
(0.2706930913 0.008905622892 -0.01525)
(0.2706930818 0.006842006211 -0.01525)
(0.2727724617 0.01508826305 -0.01525)
(0.2727723553 0.01096794831 -0.01525)
(0.2706931013 0.01096911722 -0.01525)
(0.2727725884 0.01920667953 -0.01525)
(0.2727727332 0.02332214054 -0.01525)
(0.2727728871 0.02743465033 -0.01525)
(0.2727730403 0.03154421322 -0.01525)
(0.2727731827 0.03565083329 -0.01525)
(0.2727733041 0.03975451412 -0.01525)
(0.2727733952 0.04385525858 -0.01525)
(0.2727734478 0.04795306871 -0.01525)
(0.2727734553 0.05204794457 -0.01525)
(0.272773416 0.0561457747 -0.01525)
(0.2727733354 0.06024655744 -0.01525)
(0.2727732213 0.06435029112 -0.01525)
(0.2727730828 0.06845697434 -0.01525)
(0.2727729302 0.07256660601 -0.01525)
(0.2727727741 0.07667918544 -0.01525)
(0.2727726251 0.08079471231 -0.01525)
(0.2727724929 0.08491318667 -0.01525)
(0.2727723864 0.08903460886 -0.01525)
(0.2706930815 0.09315770624 -0.01525)
(0.2727723086 0.09315837997 -0.01525)
(0.2686138617 0.09522213257 -0.01525)
(0.2706930752 0.09522199351 -0.01525)
(0.2686138615 0.09728658169 -0.01525)
(0.2686138614 0.09916831833 -0.01525)
(0.2706930693 0.09916831833 -0.01525)
(0.2706930708 0.09728654535 -0.01525)
(0.27277228 0.002713422251 -0.01525)
(0.2727722887 0.004777900201 -0.01525)
(0.2748515027 0.004777965351 -0.01525)
(0.2748514894 0.002713450903 -0.01525)
(0.2727723035 0.006841885828 -0.01525)
(0.2727723246 0.008905334391 -0.01525)
(0.274851555 0.008905624397 -0.01525)
(0.2748515249 0.006842007039 -0.01525)
(0.2769310761 0.0150882684 -0.01525)
(0.2769308549 0.01096795052 -0.01525)
(0.2748515871 0.01096911946 -0.01525)
(0.2769313391 0.01920668887 -0.01525)
(0.2769316392 0.0233221548 -0.01525)
(0.2769319576 0.02743467035 -0.01525)
(0.2769322736 0.03154423965 -0.01525)
(0.276932566 0.03565086649 -0.01525)
(0.276932814 0.03975455407 -0.01525)
(0.2769329982 0.04385530478 -0.01525)
(0.2769331019 0.04795312013 -0.01525)
(0.276933112 0.05204799963 -0.01525)
(0.2769330261 0.05614583086 -0.01525)
(0.2769328566 0.06024661211 -0.01525)
(0.2769326195 0.06435034193 -0.01525)
(0.276932334 0.06845701927 -0.01525)
(0.2769320209 0.07256664355 -0.01525)
(0.2769317019 0.07667921474 -0.01525)
(0.2769313984 0.08079473325 -0.01525)
(0.2769311301 0.08491319987 -0.01525)
(0.276930914 0.08903461561 -0.01525)
(0.2748515212 0.09315770785 -0.01525)
(0.2769307564 0.09315838191 -0.01525)
(0.2727722899 0.09522213338 -0.01525)
(0.2748515027 0.09522199431 -0.01525)
(0.2727722803 0.09728658188 -0.01525)
(0.2727722772 0.09916831833 -0.01525)
(0.2748514851 0.09916831833 -0.01525)
(0.2748514895 0.09728654556 -0.01525)
(0.2769306989 0.002713422328 -0.01525)
(0.2769307169 0.004777900515 -0.01525)
(0.2790099312 0.00477796549 -0.01525)
(0.2790099084 0.002713450921 -0.01525)
(0.2769307475 0.006841886549 -0.01525)
(0.2769307913 0.008905335707 -0.01525)
(0.2790100215 0.008905625108 -0.01525)
(0.2790099696 0.006842007412 -0.01525)
(0.2810897063 0.01508827064 -0.01525)
(0.2810893612 0.01096795137 -0.01525)
(0.279010077 0.01096912054 -0.01525)
(0.2810901163 0.01920669311 -0.01525)
(0.2810905839 0.02332216193 -0.01525)
(0.2810910797 0.02743468136 -0.01525)
(0.2810915715 0.03154425557 -0.01525)
(0.281092026 0.03565088825 -0.01525)
(0.2810924107 0.03975458236 -0.01525)
(0.2810926955 0.04385533985 -0.01525)
(0.2810928547 0.04795316167 -0.01525)
(0.2810928679 0.05204804668 -0.01525)
(0.2810927322 0.05614588097 -0.01525)
(0.2810924669 0.06024666263 -0.01525)
(0.2810920973 0.06435039022 -0.01525)
(0.2810916531 0.06845706294 -0.01525)
(0.2810911667 0.07256668072 -0.01525)
(0.2810906717 0.07667924418 -0.01525)
(0.2810902011 0.08079475454 -0.01525)
(0.2810897854 0.0849132134 -0.01525)
(0.2810894509 0.08903462257 -0.01525)
(0.2790099624 0.09315770947 -0.01525)
(0.281089207 0.09315838392 -0.01525)
(0.2769307186 0.09522213417 -0.01525)
(0.2790099308 0.09522199512 -0.01525)
(0.2769306992 0.09728658207 -0.01525)
(0.2769306931 0.09916831833 -0.01525)
(0.279009901 0.09916831833 -0.01525)
(0.2790099085 0.09728654578 -0.01525)
(0.281089118 0.002713422354 -0.01525)
(0.281089146 0.004777900625 -0.01525)
(0.283168361 0.004777965415 -0.01525)
(0.2831683277 0.002713450885 -0.01525)
(0.2810891937 0.00684188681 -0.01525)
(0.2810892621 0.008905336197 -0.01525)
(0.283168493 0.008905624986 -0.01525)
(0.2831684171 0.006842007304 -0.01525)
(0.2852483611 0.01508826955 -0.01525)
(0.285247878 0.01096795078 -0.01525)
(0.2831685742 0.01096912042 -0.01525)
(0.2852489351 0.01920669195 -0.01525)
(0.2852495895 0.02332216154 -0.01525)
(0.2852502832 0.027434683 -0.01525)
(0.2852509709 0.03154426077 -0.01525)
(0.2852516061 0.03565089865 -0.01525)
(0.2852521433 0.03975459945 -0.01525)
(0.2852525406 0.04385536476 -0.01525)
(0.2852527618 0.04795319486 -0.01525)
(0.2852527787 0.0520480878 -0.01525)
(0.2852525877 0.05614592756 -0.01525)
(0.285252216 0.06024671176 -0.01525)
(0.2852516988 0.06435043879 -0.01525)
(0.2852510776 0.06845710802 -0.01525)
(0.2852503978 0.07256671986 -0.01525)
(0.2852497064 0.07667927568 -0.01525)
(0.2852490493 0.08079477757 -0.01525)
(0.285248469 0.08491322816 -0.01525)
(0.285248002 0.08903463021 -0.01525)
(0.2852475375 0.002713422327 -0.01525)
(0.2852475767 0.004777900516 -0.01525)
(0.2873267926 0.004777965097 -0.01525)
(0.2873267474 0.002713450788 -0.01525)
(0.2852476435 0.006841886571 -0.01525)
(0.2852477392 0.008905335796 -0.01525)
(0.2873269718 0.008905623924 -0.01525)
(0.2873268688 0.006842006654 -0.01525)
(0.2894070506 0.01508826462 -0.01525)
(0.2894064094 0.01096794852 -0.01525)
(0.287327082 0.01096911895 -0.01525)
(0.2894078124 0.01920668461 -0.01525)
(0.2894086807 0.02332215265 -0.01525)
(0.2894096009 0.02743467417 -0.01525)
(0.2894105129 0.0315442542 -0.01525)
(0.2894113549 0.03565089689 -0.01525)
(0.2894120667 0.03975460502 -0.01525)
(0.2894125927 0.0438553798 -0.01525)
(0.2894128851 0.04795322078 -0.01525)
(0.2894129065 0.05204812492 -0.01525)
(0.2894126524 0.05614597322 -0.01525)
(0.289412159 0.06024676251 -0.01525)
(0.2894114729 0.06435049084 -0.01525)
(0.2894106493 0.06845715764 -0.01525)
(0.2894097482 0.0725667638 -0.01525)
(0.2894088318 0.07667931154 -0.01525)
(0.2894079609 0.0807948041 -0.01525)
(0.2894059575 0.002713422237 -0.01525)
(0.2894060095 0.004777900152 -0.01525)
(0.2914852268 0.004777964484 -0.01525)
(0.2914851677 0.002713450615 -0.01525)
(0.2894060981 0.006841885754 -0.01525)
(0.2894062251 0.008905334363 -0.01525)
(0.2914854606 0.008905621735 -0.01525)
(0.2914853261 0.006842005352 -0.01525)
(0.2935657864 0.015088255 -0.01525)
(0.2935649604 0.01096794421 -0.01525)
(0.2914856044 0.01096911585 -0.01525)
(0.2935667675 0.01920666974 -0.01525)
(0.2935678858 0.02332213349 -0.01525)
(0.2935690705 0.02743465283 -0.01525)
(0.2935702444 0.0315442338 -0.01525)
(0.293571328 0.03565088114 -0.01525)
(0.2935722436 0.0397545978 -0.01525)
(0.2935729199 0.04385538457 -0.01525)
(0.2935732954 0.04795324007 -0.01525)
(0.2935733222 0.05204815986 -0.01525)
(0.2935729946 0.05614602074 -0.01525)
(0.2935723592 0.0602468184 -0.01525)
(0.2935714762 0.06435055022 -0.01525)
(0.2935643782 0.00271342207 -0.01525)
(0.2935644453 0.004777899473 -0.01525)
(0.2956436642 0.004777963501 -0.01525)
(0.2956435888 0.002713450347 -0.01525)
(0.2935645594 0.006841884225 -0.01525)
(0.293564723 0.008905331659 -0.01525)
(0.2956439624 0.008905618125 -0.01525)
(0.2956437909 0.006842003226 -0.01525)
(0.2977245819 0.01508823938 -0.01525)
(0.2977235366 0.01096793726 -0.01525)
(0.2956441458 0.0109691107 -0.01525)
(0.2977258233 0.01920664528 -0.01525)
(0.297727238 0.0233221013 -0.01525)
(0.2977287363 0.02743461577 -0.01525)
(0.2977302204 0.03154419619 -0.01525)
(0.29773159 0.03565084831 -0.01525)
(0.297732747 0.0397545754 -0.01525)
(0.2977336013 0.04385537782 -0.01525)
(0.2977340753 0.04795325295 -0.01525)
(0.2977341084 0.05204819449 -0.01525)
(0.297733694 0.0561460734 -0.01525)
(0.2977328906 0.06024688368 -0.01525)
(0.2977317742 0.06435062174 -0.01525)
(0.2 0.00083168316 -0.01525)
(0.2020792079 0.00083168316 -0.01525)
(0.2041584158 0.00083168316 -0.01525)
(0.2062376238 0.00083168316 -0.01525)
(0.2083168317 0.00083168316 -0.01525)
(0.2103960396 0.00083168316 -0.01525)
(0.2124752475 0.00083168316 -0.01525)
(0.2145544554 0.00083168316 -0.01525)
(0.2166336634 0.00083168316 -0.01525)
(0.2187128713 0.00083168316 -0.01525)
(0.2207920792 0.00083168316 -0.01525)
(0.2228712871 0.00083168316 -0.01525)
(0.224950495 0.00083168316 -0.01525)
(0.227029703 0.00083168316 -0.01525)
(0.2291089109 0.00083168316 -0.01525)
(0.2311881188 0.00083168316 -0.01525)
(0.2332673267 0.00083168316 -0.01525)
(0.2353465347 0.00083168316 -0.01525)
(0.2374257426 0.00083168316 -0.01525)
(0.2395049505 0.00083168316 -0.01525)
(0.2415841584 0.00083168316 -0.01525)
(0.2436633663 0.00083168316 -0.01525)
(0.2457425743 0.00083168316 -0.01525)
(0.2478217822 0.00083168316 -0.01525)
(0.2499009901 0.00083168316 -0.01525)
(0.251980198 0.00083168316 -0.01525)
(0.2540594059 0.00083168316 -0.01525)
(0.2561386139 0.00083168316 -0.01525)
(0.2582178218 0.00083168316 -0.01525)
(0.2602970297 0.00083168316 -0.01525)
(0.2623762376 0.00083168316 -0.01525)
(0.2644554455 0.00083168316 -0.01525)
(0.2665346535 0.00083168316 -0.01525)
(0.2686138614 0.00083168316 -0.01525)
(0.2706930693 0.00083168316 -0.01525)
(0.2727722772 0.00083168316 -0.01525)
(0.2748514851 0.00083168316 -0.01525)
(0.2769306931 0.00083168316 -0.01525)
(0.279009901 0.00083168316 -0.01525)
(0.2810891089 0.00083168316 -0.01525)
(0.2810891184 0.09728658227 -0.01525)
(0.2810891089 0.09916831833 -0.01525)
(0.2831683168 0.00083168316 -0.01525)
(0.2852475248 0.00083168316 -0.01525)
(0.2873267327 0.00083168316 -0.01525)
(0.2894059406 0.00083168316 -0.01525)
(0.2914851485 0.00083168316 -0.01525)
(0.2935643564 0.00083168316 -0.01525)
(0.2956435644 0.00083168316 -0.01525)
(0.2977227998 0.002713421803 -0.01525)
(0.2977227723 0.00083168316 -0.01525)
(0.2810891484 0.09522213498 -0.01525)
(0.2977230292 0.006841881781 -0.01525)
(0.2977228847 0.00477789839 -0.01525)
(0.2977232362 0.008905327326 -0.01525)
(0.1875247525 0.09958415991 -0.01525)
(0.1875247525 0.1000000015 -0.01525)
(0.1896039604 0.09958415991 -0.01525)
(0.1916831683 0.09958415991 -0.01525)
(0.1896039604 0.1000000015 -0.01525)
(0.1916831683 0.1000000015 -0.01525)
(0.1937623762 0.09958415991 -0.01525)
(0.1958415842 0.09958415991 -0.01525)
(0.1937623762 0.1000000015 -0.01525)
(0.1958415842 0.1000000015 -0.01525)
(0.1979207921 0.09958415991 -0.01525)
(0.1979207921 0.1000000015 -0.01525)
(0.2 0.09958415991 -0.01525)
(0.2 0.1000000015 -0.01525)
(0.2020792079 0.09958415991 -0.01525)
(0.2041584158 0.09958415991 -0.01525)
(0.2020792079 0.1000000015 -0.01525)
(0.2041584158 0.1000000015 -0.01525)
(0.2062376238 0.09958415991 -0.01525)
(0.2083168317 0.09958415991 -0.01525)
(0.2062376238 0.1000000015 -0.01525)
(0.2083168317 0.1000000015 -0.01525)
(0.2103960396 0.09958415991 -0.01525)
(0.2124752475 0.09958415991 -0.01525)
(0.2103960396 0.1000000015 -0.01525)
(0.2124752475 0.1000000015 -0.01525)
(0.2145544554 0.09958415991 -0.01525)
(0.2166336634 0.09958415991 -0.01525)
(0.2145544554 0.1000000015 -0.01525)
(0.2166336634 0.1000000015 -0.01525)
(0.2187128713 0.09958415991 -0.01525)
(0.2207920792 0.09958415991 -0.01525)
(0.2187128713 0.1000000015 -0.01525)
(0.2207920792 0.1000000015 -0.01525)
(0.2228712871 0.09958415991 -0.01525)
(0.224950495 0.09958415991 -0.01525)
(0.2228712871 0.1000000015 -0.01525)
(0.224950495 0.1000000015 -0.01525)
(0.227029703 0.09958415991 -0.01525)
(0.2291089109 0.09958415991 -0.01525)
(0.227029703 0.1000000015 -0.01525)
(0.2291089109 0.1000000015 -0.01525)
(0.2311881188 0.09958415991 -0.01525)
(0.2332673267 0.09958415991 -0.01525)
(0.2311881188 0.1000000015 -0.01525)
(0.2332673267 0.1000000015 -0.01525)
(0.2353465347 0.09958415991 -0.01525)
(0.2374257426 0.09958415991 -0.01525)
(0.2353465347 0.1000000015 -0.01525)
(0.2374257426 0.1000000015 -0.01525)
(0.2395049505 0.09958415991 -0.01525)
(0.2415841584 0.09958415991 -0.01525)
(0.2395049505 0.1000000015 -0.01525)
(0.2415841584 0.1000000015 -0.01525)
(0.2436633663 0.09958415991 -0.01525)
(0.2457425743 0.09958415991 -0.01525)
(0.2436633663 0.1000000015 -0.01525)
(0.2457425743 0.1000000015 -0.01525)
(0.2478217822 0.09958415991 -0.01525)
(0.2499009901 0.09958415991 -0.01525)
(0.2478217822 0.1000000015 -0.01525)
(0.2499009901 0.1000000015 -0.01525)
(0.251980198 0.09958415991 -0.01525)
(0.2540594059 0.09958415991 -0.01525)
(0.251980198 0.1000000015 -0.01525)
(0.2540594059 0.1000000015 -0.01525)
(0.2561386139 0.09958415991 -0.01525)
(0.2582178218 0.09958415991 -0.01525)
(0.2561386139 0.1000000015 -0.01525)
(0.2582178218 0.1000000015 -0.01525)
(0.2602970297 0.09958415991 -0.01525)
(0.2623762376 0.09958415991 -0.01525)
(0.2602970297 0.1000000015 -0.01525)
(0.2623762376 0.1000000015 -0.01525)
(0.2644554455 0.09958415991 -0.01525)
(0.2665346535 0.09958415991 -0.01525)
(0.2644554455 0.1000000015 -0.01525)
(0.2665346535 0.1000000015 -0.01525)
(0.2686138614 0.09958415991 -0.01525)
(0.2706930693 0.09958415991 -0.01525)
(0.2686138614 0.1000000015 -0.01525)
(0.2706930693 0.1000000015 -0.01525)
(0.2727722772 0.09958415991 -0.01525)
(0.2748514851 0.09958415991 -0.01525)
(0.2727722772 0.1000000015 -0.01525)
(0.2748514851 0.1000000015 -0.01525)
(0.2769306931 0.09958415991 -0.01525)
(0.279009901 0.09958415991 -0.01525)
(0.2769306931 0.1000000015 -0.01525)
(0.279009901 0.1000000015 -0.01525)
(0.2810891089 0.09958415991 -0.01525)
(0.2810891089 0.1000000015 -0.01525)
(0.1833663366 0.00041584158 -0.01525)
(0.1875247525 0.00041584158 -0.01525)
(0.1854455446 0.00041584158 -0.01525)
(0.1875247525 -1.084202172e-18 -0.01525)
(0.1854455446 -1.084202172e-18 -0.01525)
(0.1916831683 0.00041584158 -0.01525)
(0.1896039604 0.00041584158 -0.01525)
(0.1916831683 -1.084202172e-18 -0.01525)
(0.1896039604 -1.084202172e-18 -0.01525)
(0.1958415842 0.00041584158 -0.01525)
(0.1937623762 0.00041584158 -0.01525)
(0.1958415842 -1.084202172e-18 -0.01525)
(0.1937623762 -1.084202172e-18 -0.01525)
(0.1979207921 0.00041584158 -0.01525)
(0.1979207921 -1.084202172e-18 -0.01525)
(0.2 0.00041584158 -0.01525)
(0.2 -1.084202172e-18 -0.01525)
(0.2041584158 0.00041584158 -0.01525)
(0.2020792079 0.00041584158 -0.01525)
(0.2041584158 -1.084202172e-18 -0.01525)
(0.2020792079 -1.084202172e-18 -0.01525)
(0.2083168317 0.00041584158 -0.01525)
(0.2062376238 0.00041584158 -0.01525)
(0.2083168317 -1.084202172e-18 -0.01525)
(0.2062376238 -1.084202172e-18 -0.01525)
(0.2124752475 0.00041584158 -0.01525)
(0.2103960396 0.00041584158 -0.01525)
(0.2124752475 -1.084202172e-18 -0.01525)
(0.2103960396 -1.084202172e-18 -0.01525)
(0.2166336634 0.00041584158 -0.01525)
(0.2145544554 0.00041584158 -0.01525)
(0.2166336634 -1.084202172e-18 -0.01525)
(0.2145544554 -1.084202172e-18 -0.01525)
(0.2207920792 0.00041584158 -0.01525)
(0.2187128713 0.00041584158 -0.01525)
(0.2207920792 -1.084202172e-18 -0.01525)
(0.2187128713 -1.084202172e-18 -0.01525)
(0.224950495 0.00041584158 -0.01525)
(0.2228712871 0.00041584158 -0.01525)
(0.224950495 -1.084202172e-18 -0.01525)
(0.2228712871 -1.084202172e-18 -0.01525)
(0.2291089109 0.00041584158 -0.01525)
(0.227029703 0.00041584158 -0.01525)
(0.2291089109 -1.084202172e-18 -0.01525)
(0.227029703 -1.084202172e-18 -0.01525)
(0.2332673267 0.00041584158 -0.01525)
(0.2311881188 0.00041584158 -0.01525)
(0.2332673267 -1.084202172e-18 -0.01525)
(0.2311881188 -1.084202172e-18 -0.01525)
(0.2374257426 0.00041584158 -0.01525)
(0.2353465347 0.00041584158 -0.01525)
(0.2374257426 -1.084202172e-18 -0.01525)
(0.2353465347 -1.084202172e-18 -0.01525)
(0.2415841584 0.00041584158 -0.01525)
(0.2395049505 0.00041584158 -0.01525)
(0.2415841584 -1.084202172e-18 -0.01525)
(0.2395049505 -1.084202172e-18 -0.01525)
(0.2457425743 0.00041584158 -0.01525)
(0.2436633663 0.00041584158 -0.01525)
(0.2457425743 -1.084202172e-18 -0.01525)
(0.2436633663 -1.084202172e-18 -0.01525)
(0.2499009901 0.00041584158 -0.01525)
(0.2478217822 0.00041584158 -0.01525)
(0.2499009901 -1.084202172e-18 -0.01525)
(0.2478217822 -1.084202172e-18 -0.01525)
(0.2540594059 0.00041584158 -0.01525)
(0.251980198 0.00041584158 -0.01525)
(0.2540594059 -1.084202172e-18 -0.01525)
(0.251980198 -1.084202172e-18 -0.01525)
(0.2582178218 0.00041584158 -0.01525)
(0.2561386139 0.00041584158 -0.01525)
(0.2582178218 -1.084202172e-18 -0.01525)
(0.2561386139 -1.084202172e-18 -0.01525)
(0.2623762376 0.00041584158 -0.01525)
(0.2602970297 0.00041584158 -0.01525)
(0.2623762376 -1.084202172e-18 -0.01525)
(0.2602970297 -1.084202172e-18 -0.01525)
(0.2665346535 0.00041584158 -0.01525)
(0.2644554455 0.00041584158 -0.01525)
(0.2665346535 -1.084202172e-18 -0.01525)
(0.2644554455 -1.084202172e-18 -0.01525)
(0.2706930693 0.00041584158 -0.01525)
(0.2686138614 0.00041584158 -0.01525)
(0.2706930693 -1.084202172e-18 -0.01525)
(0.2686138614 -1.084202172e-18 -0.01525)
(0.2748514851 0.00041584158 -0.01525)
(0.2727722772 0.00041584158 -0.01525)
(0.2748514851 -1.084202172e-18 -0.01525)
(0.2727722772 -1.084202172e-18 -0.01525)
(0.279009901 0.00041584158 -0.01525)
(0.2769306931 0.00041584158 -0.01525)
(0.279009901 -1.084202172e-18 -0.01525)
(0.2769306931 -1.084202172e-18 -0.01525)
(0.2831683168 0.00041584158 -0.01525)
(0.2810891089 0.00041584158 -0.01525)
(0.2831683168 -1.084202172e-18 -0.01525)
(0.2810891089 -1.084202172e-18 -0.01525)
(0.2873267327 0.00041584158 -0.01525)
(0.2852475248 0.00041584158 -0.01525)
(0.2873267327 -1.084202172e-18 -0.01525)
(0.2852475248 -1.084202172e-18 -0.01525)
(0.2914851485 0.00041584158 -0.01525)
(0.2894059406 0.00041584158 -0.01525)
(0.2914851485 -1.084202172e-18 -0.01525)
(0.2894059406 -1.084202172e-18 -0.01525)
(0.2956435644 0.00041584158 -0.01525)
(0.2935643564 0.00041584158 -0.01525)
(0.2956435644 -1.084202172e-18 -0.01525)
(0.2935643564 -1.084202172e-18 -0.01525)
(0.2977227723 0.00041584158 -0.01525)
(0.2977227723 -1.626303259e-18 -0.01525)
(0.2894061219 0.09315838872 -0.01525)
(0.2914853062 0.09315771552 -0.01525)
(0.2935645897 0.0931583919 -0.01525)
(0.2894060137 0.09522213693 -0.01525)
(0.2914852251 0.09522199813 -0.01525)
(0.2894059581 0.09728658274 -0.01525)
(0.2894059406 0.09916831833 -0.01525)
(0.2914851485 0.09916831833 -0.01525)
(0.2914851677 0.09728654659 -0.01525)
(0.293564379 0.09728658305 -0.01525)
(0.2935643564 0.09916831833 -0.01525)
(0.2831684061 0.0931577112 -0.01525)
(0.2852476616 0.09315838614 -0.01525)
(0.2831683602 0.09522199598 -0.01525)
(0.2831683168 0.09916831833 -0.01525)
(0.2831683277 0.09728654601 -0.01525)
(0.2873268536 0.09315771317 -0.01525)
(0.2852475799 0.09522213588 -0.01525)
(0.2873267915 0.09522199696 -0.01525)
(0.285247538 0.09728658248 -0.01525)
(0.2852475248 0.09916831833 -0.01525)
(0.2873267327 0.09916831833 -0.01525)
(0.2873267474 0.09728654628 -0.01525)
(0.2935644505 0.09522213822 -0.01525)
(0.2894059406 0.09958415991 -0.01525)
(0.2914851485 0.09958415991 -0.01525)
(0.2894059406 0.1000000015 -0.01525)
(0.2914851485 0.1000000015 -0.01525)
(0.2935643564 0.09958415991 -0.01525)
(0.2935643564 0.1000000015 -0.01525)
(0.2831683168 0.09958415991 -0.01525)
(0.2831683168 0.1000000015 -0.01525)
(0.2852475248 0.09958415991 -0.01525)
(0.2873267327 0.09958415991 -0.01525)
(0.2852475248 0.1000000015 -0.01525)
(0.2873267327 0.1000000015 -0.01525)
(0.2956437653 0.09315771657 -0.01525)
(0.2977230673 0.09315839596 -0.01525)
(0.295643662 0.0952219984 -0.01525)
(0.2956435644 0.09916831833 -0.01525)
(0.2956435889 0.09728654644 -0.01525)
(0.3018853017 0.08079493006 -0.01525)
(0.3018870737 0.07667947923 -0.01525)
(0.3018837361 0.08491332758 -0.01525)
(0.3018824762 0.08903468221 -0.01525)
(0.2998022328 0.09315772225 -0.01525)
(0.3018815573 0.09315840127 -0.01525)
(0.2977228913 0.09522213988 -0.01525)
(0.299802103 0.09522200148 -0.01525)
(0.2977228008 0.09728658344 -0.01525)
(0.2977227723 0.09916831833 -0.01525)
(0.2998019802 0.09916831833 -0.01525)
(0.299802011 0.09728654749 -0.01525)
(0.3018948447 0.05614613516 -0.01525)
(0.3018938404 0.06024696378 -0.01525)
(0.3060553133 0.06024706581 -0.01525)
(0.3060565594 0.0561462111 -0.01525)
(0.3018924451 0.06435071163 -0.01525)
(0.3060535821 0.06435082818 -0.01525)
(0.3018907703 0.06845737766 -0.01525)
(0.3060515037 0.06845749666 -0.01525)
(0.3018889378 0.07256696474 -0.01525)
(0.3060492294 0.07256707515 -0.01525)
(0.3060469152 0.07667957236 -0.01525)
(0.3060447147 0.08079500055 -0.01525)
(0.30604277 0.08491337385 -0.01525)
(0.3060412046 0.08903470652 -0.01525)
(0.3039607109 0.09315772724 -0.01525)
(0.3060400628 0.09315840837 -0.01525)
(0.301881337 0.09522214204 -0.01525)
(0.3039605491 0.09522200395 -0.01525)
(0.3018812238 0.09728658397 -0.01525)
(0.3018811881 0.09916831833 -0.01525)
(0.303960396 0.09916831833 -0.01525)
(0.3039604344 0.09728654815 -0.01525)
(0.3102174352 0.06024719925 -0.01525)
(0.3102189739 0.05614630782 -0.01525)
(0.3102152977 0.06435098253 -0.01525)
(0.3102127311 0.06845765536 -0.01525)
(0.3102099216 0.07256722304 -0.01525)
(0.310207062 0.07667969748 -0.01525)
(0.3102043418 0.08079509542 -0.01525)
(0.3102019369 0.08491343622 -0.01525)
(0.3102000004 0.08903473932 -0.01525)
(0.3081192023 0.0931577339 -0.01525)
(0.3101985876 0.09315841793 -0.01525)
(0.306039789 0.09522214493 -0.01525)
(0.3081190016 0.09522200726 -0.01525)
(0.3060396483 0.09728658466 -0.01525)
(0.306039604 0.09916831833 -0.01525)
(0.3081188119 0.09916831833 -0.01525)
(0.3081188595 0.09728654902 -0.01525)
(0.3101980746 0.0972865856 -0.01525)
(0.3101980198 0.09916831833 -0.01525)
(0.3101982488 0.09522214883 -0.01525)
(0.2998021057 0.004777962035 -0.01525)
(0.299802011 0.002713449956 -0.01525)
(0.2998024809 0.008905612661 -0.01525)
(0.2998022652 0.006842000026 -0.01525)
(0.3018834532 0.01508821586 -0.01525)
(0.3018821449 0.01096792684 -0.01525)
(0.2998027116 0.01096910289 -0.01525)
(0.3018850067 0.01920660821 -0.01525)
(0.3018867765 0.02332205205 -0.01525)
(0.3018886504 0.02743455819 -0.01525)
(0.301890506 0.03154413631 -0.01525)
(0.3018922179 0.03565079363 -0.01525)
(0.3018936636 0.03975453398 -0.01525)
(0.3018947306 0.04385535722 -0.01525)
(0.3018953223 0.04795325911 -0.01525)
(0.301895363 0.0520482308 -0.01525)
(0.3018812226 0.002713421405 -0.01525)
(0.3018813289 0.004777896773 -0.01525)
(0.3039605526 0.004777959923 -0.01525)
(0.3039604344 0.0027134494 -0.01525)
(0.3018815097 0.006841878127 -0.01525)
(0.3018817689 0.00890532084 -0.01525)
(0.3039610205 0.008905604726 -0.01525)
(0.3039607514 0.006841995394 -0.01525)
(0.3060424197 0.0150881817 -0.01525)
(0.3060407934 0.01096791175 -0.01525)
(0.3039613082 0.01096909153 -0.01525)
(0.3060443501 0.0192065542 -0.01525)
(0.3060465487 0.02332197991 -0.01525)
(0.3060488757 0.02743447319 -0.01525)
(0.3060511793 0.03154404678 -0.01525)
(0.3060533035 0.03565071008 -0.01525)
(0.3060550969 0.03975446777 -0.01525)
(0.30605642 0.04385531909 -0.01525)
(0.3060571531 0.04795325765 -0.01525)
(0.3060572029 0.0520482711 -0.01525)
(0.3060396468 0.00271342083 -0.01525)
(0.3060397789 0.004777894437 -0.01525)
(0.3081190061 0.004777956939 -0.01525)
(0.3081188595 0.002713448622 -0.01525)
(0.3060400038 0.006841872844 -0.01525)
(0.3060403261 0.008905311454 -0.01525)
(0.3081195864 0.008905593447 -0.01525)
(0.3081192527 0.006841988824 -0.01525)
(0.3102015049 0.01508813308 -0.01525)
(0.3101994922 0.01096789029 -0.01525)
(0.3081199432 0.01096907535 -0.01525)
(0.3102038932 0.01920647717 -0.01525)
(0.3102066121 0.0233218767 -0.01525)
(0.3102094884 0.027434351 -0.01525)
(0.3102123345 0.03154391715 -0.01525)
(0.3102149578 0.03565058761 -0.01525)
(0.3101980728 0.002713420015 -0.01525)
(0.3101982365 0.00477789112 -0.01525)
(0.3122774678 0.004777952769 -0.01525)
(0.3122772866 0.002713447542 -0.01525)
(0.3101985149 0.006841865343 -0.01525)
(0.3101989138 0.008905298121 -0.01525)
(0.3122781852 0.008905577609 -0.01525)
(0.3122777727 0.006841979613 -0.01525)
(0.3143607378 0.01508806464 -0.01525)
(0.3143582537 0.01096786011 -0.01525)
(0.3122786262 0.01096905262 -0.01525)
(0.3143636843 0.01920636859 -0.01525)
(0.2998019802 0.00083168316 -0.01525)
(0.3018811881 0.00083168316 -0.01525)
(0.303960396 0.00083168316 -0.01525)
(0.306039604 0.00083168316 -0.01525)
(0.3081188119 0.00083168316 -0.01525)
(0.3101980198 0.00083168316 -0.01525)
(0.3122772277 0.00083168316 -0.01525)
(0.3143565011 0.002713418868 -0.01525)
(0.3143564356 0.00083168316 -0.01525)
(0.3102171716 0.03975436838 -0.01525)
(0.3102188041 0.04385525792 -0.01525)
(0.3102197083 0.0479532469 -0.01525)
(0.3102197688 0.05204831817 -0.01525)
(0.3143670367 0.02332173094 -0.01525)
(0.3143705812 0.02743417791 -0.01525)
(0.3143740863 0.03154373266 -0.01525)
(0.3143773153 0.035650412 -0.01525)
(0.3143800388 0.03975422386 -0.01525)
(0.3143820463 0.04385516569 -0.01525)
(0.3143831573 0.04795322418 -0.01525)
(0.3143832306 0.05204837553 -0.01525)
(0.314382252 0.05614643422 -0.01525)
(0.3143803586 0.06024737696 -0.01525)
(0.3143777282 0.06435118982 -0.01525)
(0.3143745692 0.06845786948 -0.01525)
(0.3143711099 0.07256742313 -0.01525)
(0.3143675873 0.07667986704 -0.01525)
(0.3143642345 0.08079522415 -0.01525)
(0.314361269 0.08491352092 -0.01525)
(0.31435888 0.08903478388 -0.01525)
(0.3122777102 0.09315774288 -0.01525)
(0.3143571364 0.09315843094 -0.01525)
(0.3122774622 0.0952220117 -0.01525)
(0.3122772277 0.09916831833 -0.01525)
(0.3122772865 0.09728655019 -0.01525)
(0.3143567032 0.004777886459 -0.01525)
(0.3164359399 0.004777946973 -0.01525)
(0.3164357162 0.002713446051 -0.01525)
(0.314357047 0.006841854801 -0.01525)
(0.3143575395 0.008905279377 -0.01525)
(0.316436825 0.008905555519 -0.01525)
(0.3164363161 0.006841966782 -0.01525)
(0.3185201542 0.01508796893 -0.01525)
(0.3185170929 0.01096781793 -0.01525)
(0.3164373689 0.01096902089 -0.01525)
(0.318523783 0.01920621663 -0.01525)
(0.3185279088 0.02332152665 -0.01525)
(0.3185322675 0.02743393482 -0.01525)
(0.3185365746 0.03154347273 -0.01525)
(0.3185405396 0.03565016332 -0.01525)
(0.3185438819 0.03975401731 -0.01525)
(0.3185463442 0.04385503093 -0.01525)
(0.3185477058 0.04795318544 -0.01525)
(0.3185477942 0.05204844776 -0.01525)
(0.3185465922 0.05614660233 -0.01525)
(0.3185442682 0.06024761651 -0.01525)
(0.3185410393 0.06435147079 -0.01525)
(0.3185371603 0.06845816051 -0.01525)
(0.3185329107 0.07256769552 -0.01525)
(0.3185285805 0.07668009812 -0.01525)
(0.3185244564 0.08079539972 -0.01525)
(0.3185208061 0.08491363649 -0.01525)
(0.3185178637 0.0890348447 -0.01525)
(0.3164362385 0.09315775507 -0.01525)
(0.3185157151 0.0931584487 -0.01525)
(0.3143567183 0.09522215413 -0.01525)
(0.3164359327 0.09522201773 -0.01525)
(0.3143565033 0.09728658687 -0.01525)
(0.3143564356 0.09916831833 -0.01525)
(0.3164356436 0.09916831833 -0.01525)
(0.3164357161 0.09728655177 -0.01525)
(0.3185149322 0.002713417267 -0.01525)
(0.3185151815 0.004777879949 -0.01525)
(0.3205944247 0.004777938947 -0.01525)
(0.320594149 0.002713443996 -0.01525)
(0.3185156055 0.006841840073 -0.01525)
(0.3185162127 0.008905253186 -0.01525)
(0.3205955157 0.008905524832 -0.01525)
(0.3205948885 0.006841948976 -0.01525)
(0.3226797986 0.01508783564 -0.01525)
(0.3226760291 0.01096775921 -0.01525)
(0.320596186 0.01096897679 -0.01525)
(0.3226842633 0.01920600488 -0.01525)
(0.3226893345 0.02332124171 -0.01525)
(0.3226946867 0.0274335952 -0.01525)
(0.3226999702 0.03154310868 -0.01525)
(0.3227048302 0.03564981366 -0.01525)
(0.322708924 0.03975372495 -0.01525)
(0.322711938 0.04385483734 -0.01525)
(0.3227136033 0.0479531247 -0.01525)
(0.3227137092 0.05204854101 -0.01525)
(0.3227122357 0.05614682872 -0.01525)
(0.3227093883 0.06024794207 -0.01525)
(0.3227054324 0.06435185394 -0.01525)
(0.3227006783 0.06845855797 -0.01525)
(0.3226954668 0.0725680678 -0.01525)
(0.3226901523 0.07668041409 -0.01525)
(0.322685086 0.08079563987 -0.01525)
(0.3226805976 0.08491379463 -0.01525)
(0.3226769767 0.08903492795 -0.01525)
(0.3205947924 0.09315777166 -0.01525)
(0.3226743311 0.09315847301 -0.01525)
(0.3185151998 0.09522216137 -0.01525)
(0.3205944157 0.09522202592 -0.01525)
(0.3185149349 0.09728658862 -0.01525)
(0.3185148515 0.09916831833 -0.01525)
(0.3205940594 0.09916831833 -0.01525)
(0.3205941488 0.09728655391 -0.01525)
(0.3226733669 0.002713415039 -0.01525)
(0.3226736741 0.004777870887 -0.01525)
(0.3247529256 0.004777927848 -0.01525)
(0.3247525857 0.002713441168 -0.01525)
(0.3226741967 0.006841819571 -0.01525)
(0.3226749449 0.008905216725 -0.01525)
(0.3247542701 0.008905482298 -0.01525)
(0.3247534972 0.006841924316 -0.01525)
(0.3268397269 0.01508765047 -0.01525)
(0.3268350863 0.01096767762 -0.01525)
(0.3247550957 0.01096891565 -0.01525)
(0.3268452174 0.01920571064 -0.01525)
(0.3268514456 0.02332084551 -0.01525)
(0.3268580103 0.02743312236 -0.01525)
(0.3268644828 0.03154260072 -0.01525)
(0.3268704302 0.03564932412 -0.01525)
(0.3268754361 0.03975331337 -0.01525)
(0.3268791192 0.04385456178 -0.01525)
(0.3268811523 0.04795303329 -0.01525)
(0.3268812787 0.05204866368 -0.01525)
(0.3268794745 0.05614713637 -0.01525)
(0.3268759915 0.06024838713 -0.01525)
(0.3268711527 0.06435237856 -0.01525)
(0.3268653355 0.06845910237 -0.01525)
(0.3268589537 0.07256857774 -0.01525)
(0.326852439 0.07668084697 -0.01525)
(0.326846221 0.08079596896 -0.01525)
(0.3268407054 0.08491401141 -0.01525)
(0.3268362509 0.0890350421 -0.01525)
(0.3247533781 0.09315779431 -0.01525)
(0.3268329934 0.09315850634 -0.01525)
(0.3226736964 0.09522217128 -0.01525)
(0.3247529141 0.09522203709 -0.01525)
(0.3226733701 0.097286591 -0.01525)
(0.3226732673 0.09916831833 -0.01525)
(0.3247524752 0.09916831833 -0.01525)
(0.3247525854 0.09728655681 -0.01525)
(0.3268318059 0.002713411943 -0.01525)
(0.3268321848 0.004777858297 -0.01525)
(0.3289114466 0.00477791251 -0.01525)
(0.3289110273 0.002713437275 -0.01525)
(0.3268328289 0.006841791089 -0.01525)
(0.3268337509 0.008905166072 -0.01525)
(0.3289131041 0.008905423407 -0.01525)
(0.3289121514 0.006841890192 -0.01525)
(0.33100001 0.01508739364 -0.01525)
(0.3309942951 0.01096756443 -0.01525)
(0.3289141214 0.01096883098 -0.01525)
(0.3310067614 0.01920530256 -0.01525)
(0.3310144066 0.02332029582 -0.01525)
(0.3310224506 0.02743246566 -0.01525)
(0.3310303691 0.03154189379 -0.01525)
(0.3310376363 0.0356486405 -0.01525)
(0.3310437477 0.03975273555 -0.01525)
(0.3310482418 0.04385417123 -0.01525)
(0.3310507203 0.04795289855 -0.01525)
(0.3310508699 0.05204882761 -0.01525)
(0.3310486631 0.05614755764 -0.01525)
(0.3310444081 0.06024899835 -0.01525)
(0.3310384985 0.06435309888 -0.01525)
(0.3310313915 0.06845984931 -0.01525)
(0.3310235876 0.07256927708 -0.01525)
(0.3310156104 0.07668144057 -0.01525)
(0.3310079841 0.08079642036 -0.01525)
(0.3310012078 0.08491430889 -0.01525)
(0.3309957267 0.08903519882 -0.01525)
(0.3289120035 0.09315782528 -0.01525)
(0.3309917138 0.09315855212 -0.01525)
(0.3268322118 0.09522218487 -0.01525)
(0.3289114319 0.09522205235 -0.01525)
(0.3268318097 0.09728659427 -0.01525)
(0.3268316832 0.09916831833 -0.01525)
(0.3289108911 0.09916831833 -0.01525)
(0.3289110268 0.09728656077 -0.01525)
(0.3309902505 0.002713407646 -0.01525)
(0.3309907181 0.004777840821 -0.01525)
(0.333069993 0.00477789131 -0.01525)
(0.3330694752 0.002713431913 -0.01525)
(0.3309915127 0.006841751555 -0.01525)
(0.3309926496 0.008905095778 -0.01525)
(0.3330720387 0.008905341885 -0.01525)
(0.3330708631 0.006841842972 -0.01525)
(0.3351607389 0.01508703773 -0.01525)
(0.3351536954 0.01096740744 -0.01525)
(0.3330732932 0.01096871377 -0.01525)
(0.3351690426 0.01920473737 -0.01525)
(0.3351784235 0.02331953457 -0.01525)
(0.3351882704 0.0274315555 -0.01525)
(0.3351979441 0.03154091201 -0.01525)
(0.3352068091 0.0356476875 -0.01525)
(0.3352142583 0.03975192512 -0.01525)
(0.3352197347 0.04385361804 -0.01525)
(0.3352227534 0.0479527017 -0.01525)
(0.3352229291 0.05204905002 -0.01525)
(0.3352202304 0.05614813882 -0.01525)
(0.3352150379 0.06024984113 -0.01525)
(0.3352078318 0.06435408983 -0.01525)
(0.3351991638 0.06846087498 -0.01525)
(0.3351896355 0.07257023648 -0.01525)
(0.3351798784 0.07668225481 -0.01525)
(0.3351705302 0.08079703985 -0.01525)
(0.3351622047 0.08491471746 -0.01525)
(0.3351554562 0.08903541422 -0.01525)
(0.333070679 0.09315786772 -0.01525)
(0.3351505075 0.09315861506 -0.01525)
(0.3309907506 0.09522220353 -0.01525)
(0.333069974 0.09522207325 -0.01525)
(0.3309902551 0.09728659876 -0.01525)
(0.330990099 0.09916831833 -0.01525)
(0.3330693069 0.09916831833 -0.01525)
(0.3330694743 0.09728656617 -0.01525)
(0.3351487022 0.002713401678 -0.01525)
(0.3351492801 0.004777816554 -0.01525)
(0.3372285719 0.004777861966 -0.01525)
(0.337227931 0.002713424512 -0.01525)
(0.3351502619 0.006841696677 -0.01525)
(0.3351516656 0.008904998235 -0.01525)
(0.3372311011 0.008905228953 -0.01525)
(0.3372296481 0.006841777564 -0.01525)
(0.3393220321 0.01508654459 -0.01525)
(0.3393133397 0.01096718957 -0.01525)
(0.3372326505 0.01096855144 -0.01525)
(0.3393322505 0.01920395527 -0.01525)
(0.3393437569 0.02331848198 -0.01525)
(0.3393557968 0.02743029666 -0.01525)
(0.3393675939 0.03153955136 -0.01525)
(0.339378386 0.03564636077 -0.01525)
(0.3393874497 0.03975078805 -0.01525)
(0.3393941168 0.04385283204 -0.01525)
(0.3393977941 0.04795241343 -0.01525)
(0.3393979981 0.05204935769 -0.01525)
(0.3393946941 0.05614894784 -0.01525)
(0.3393883618 0.06025100774 -0.01525)
(0.3393795898 0.06435545466 -0.01525)
(0.3393690397 0.06846228324 -0.01525)
(0.339357428 0.07257155204 -0.01525)
(0.33934551 0.07668337146 -0.01525)
(0.3393340574 0.08079789024 -0.01525)
(0.3393238256 0.08491527907 -0.01525)
(0.3393155077 0.08903571068 -0.01525)
(0.3372294178 0.09315792597 -0.01525)
(0.3393093945 0.09315870175 -0.01525)
(0.3351493192 0.0952222292 -0.01525)
(0.337228547 0.09522210191 -0.01525)
(0.3351487075 0.09728660494 -0.01525)
(0.3351485149 0.09916831833 -0.01525)
(0.3372277228 0.09916831833 -0.01525)
(0.3372279296 0.09728657355 -0.01525)
(0.3393071629 0.002713393378 -0.01525)
(0.3393078791 0.004777782808 -0.01525)
(0.3413871927 0.004777821242 -0.01525)
(0.3413863972 0.002713414267 -0.01525)
(0.339309095 0.006841620398 -0.01525)
(0.3393108317 0.008904862746 -0.01525)
(0.3413903283 0.008905072205 -0.01525)
(0.3413885278 0.006841686752 -0.01525)
(0.3434840475 0.01508586088 -0.01525)
(0.3434732991 0.0109668867 -0.01525)
(0.3413922462 0.01096832626 -0.01525)
(0.3434966321 0.01920287352 -0.01525)
(0.3435107397 0.02331702883 -0.01525)
(0.3435254381 0.02742855967 -0.01525)
(0.3435397903 0.03153767052 -0.01525)
(0.3435528934 0.03564451696 -0.01525)
(0.3435638981 0.03974919074 -0.01525)
(0.3435720129 0.04385170656 -0.01525)
(0.343576507 0.04795198292 -0.01525)
(0.3435767402 0.05204979772 -0.01525)
(0.3435726764 0.05615008792 -0.01525)
(0.3435649531 0.06025262892 -0.01525)
(0.3435542966 0.06435733473 -0.01525)
(0.3435414909 0.06846421451 -0.01525)
(0.3435273759 0.07257335376 -0.01525)
(0.3435128438 0.07668490182 -0.01525)
(0.3434988229 0.08079905791 -0.01525)
(0.3434862419 0.084916052 -0.01525)
(0.3434759727 0.08903611951 -0.01525)
(0.3413882379 0.0931580061 -0.01525)
(0.3434684016 0.09315882141 -0.01525)
(0.3393079256 0.09522226456 -0.01525)
(0.3413871597 0.09522214133 -0.01525)
(0.339307169 0.09728661345 -0.01525)
(0.3393069307 0.09916831833 -0.01525)
(0.3413861386 0.09916831833 -0.01525)
(0.3413863949 0.09728658368 -0.01525)
(0.3434656355 0.002713381794 -0.01525)
(0.3434665264 0.004777735733 -0.01525)
(0.3455458691 0.004777764467 -0.01525)
(0.3455448771 0.002713400013 -0.01525)
(0.3434680374 0.006841514071 -0.01525)
(0.3434701926 0.008904674102 -0.01525)
(0.3455497717 0.008904853861 -0.01525)
(0.3455475322 0.006841560151 -0.01525)
(0.3476469999 0.01508491124 -0.01525)
(0.3476336727 0.01096646419 -0.01525)
(0.3455521532 0.01096801294 -0.01525)
(0.3476625161 0.01920137711 -0.01525)
(0.3476798021 0.02331502569 -0.01525)
(0.3476977066 0.02742616985 -0.01525)
(0.3477151084 0.0315350801 -0.01525)
(0.3477309572 0.03564196219 -0.01525)
(0.3477442807 0.03974694484 -0.01525)
(0.3477541668 0.04385007333 -0.01525)
(0.3477597187 0.04795130236 -0.01525)
(0.3477599808 0.05205047269 -0.01525)
(0.3477549159 0.05615172241 -0.01525)
(0.347745483 0.06025488871 -0.01525)
(0.3477325727 0.06435992054 -0.01525)
(0.3477170889 0.06846685613 -0.01525)
(0.3476999911 0.072575816 -0.01525)
(0.3476823148 0.07668699717 -0.01525)
(0.3476651656 0.080800662 -0.01525)
(0.3476496845 0.08491711781 -0.01525)
(0.3476369768 0.08903668506 -0.01525)
(0.3455471637 0.09315811673 -0.01525)
(0.3476275664 0.09315898723 -0.01525)
(0.3434665808 0.09522231342 -0.01525)
(0.345545824 0.09522219574 -0.01525)
(0.3434656423 0.09728662521 -0.01525)
(0.3434653465 0.09916831833 -0.01525)
(0.3455445545 0.09916831833 -0.01525)
(0.3455448732 0.09728659763 -0.01525)
(0.3476241241 0.002713365535 -0.01525)
(0.3476252381 0.004777669698 -0.01525)
(0.3497046207 0.00477768473 -0.01525)
(0.3497033756 0.002713380025 -0.01525)
(0.3476271253 0.00684136511 -0.01525)
(0.3476298115 0.008904410297 -0.01525)
(0.3497095053 0.008904547893 -0.01525)
(0.3497067048 0.006841382466 -0.01525)
(0.3518111912 0.01508358772 -0.01525)
(0.3517946042 0.01096587134 -0.01525)
(0.3497124761 0.01096757468 -0.01525)
(0.351830349 0.01919930492 -0.01525)
(0.3518515084 0.02331226816 -0.01525)
(0.351873249 0.0274228936 -0.01525)
(0.3518942463 0.03153153109 -0.01525)
(0.3519133083 0.03563844208 -0.01525)
(0.3519293658 0.03974379388 -0.01525)
(0.3519414274 0.04384766608 -0.01525)
(0.351948516 0.0479500682 -0.01525)
(0.3519487975 0.05205167896 -0.01525)
(0.3519422554 0.05615411102 -0.01525)
(0.3519307096 0.06025803742 -0.01525)
(0.3519151387 0.06436346119 -0.01525)
(0.3518965228 0.06847045328 -0.01525)
(0.3518759158 0.07257917066 -0.01525)
(0.3518544887 0.07668986298 -0.01525)
(0.3518335417 0.08080286805 -0.01525)
(0.351814474 0.08491859215 -0.01525)
(0.3517986981 0.08903747123 -0.01525)
(0.3497062301 0.09315827023 -0.01525)
(0.3517869422 0.09315921833 -0.01525)
(0.3476253004 0.09522238118 -0.01525)
(0.3497045572 0.09522227124 -0.01525)
(0.3476241311 0.09728664153 -0.01525)
(0.3476237624 0.09916831833 -0.01525)
(0.3497029703 0.09916831833 -0.01525)
(0.3497033689 0.09728661696 -0.01525)
(0.3517826345 0.002713342498 -0.01525)
(0.3517840388 0.00477757624 -0.01525)
(0.3538634778 0.004777571469 -0.01525)
(0.3538619002 0.002713351659 -0.01525)
(0.3517864128 0.006841154701 -0.01525)
(0.3517897814 0.008904038713 -0.01525)
(0.3538696409 0.008904115075 -0.01525)
(0.3538661123 0.006841130455 -0.01525)
(0.3559770589 0.01508173256 -0.01525)
(0.3559563105 0.01096503167 -0.01525)
(0.3538733705 0.01096695652 -0.01525)
(0.3560007528 0.01919642861 -0.01525)
(0.3560266113 0.0233084759 -0.01525)
(0.3560528886 0.02741842087 -0.01525)
(0.3560780483 0.03152670319 -0.01525)
(0.3561007823 0.03563363805 -0.01525)
(0.3561199695 0.03973942091 -0.01525)
(0.3561346232 0.04384414503 -0.01525)
(0.3561426952 0.04794857847 -0.01525)
(0.3561429884 0.05205311075 -0.01525)
(0.356135506 0.05615758474 -0.01525)
(0.3561214372 0.06026238394 -0.01525)
(0.3561028133 0.06436826742 -0.01525)
(0.356080621 0.06847531961 -0.01525)
(0.3560559606 0.07258372342 -0.01525)
(0.3560301131 0.07669377883 -0.01525)
(0.3560045794 0.08080590831 -0.01525)
(0.3559810679 0.0849206419 -0.01525)
(0.3559613985 0.08903857226 -0.01525)
(0.3538654879 0.09315848492 -0.01525)
(0.3559466094 0.09315954325 -0.01525)
(0.3517841066 0.09522247576 -0.01525)
(0.3538633844 0.09522237688 -0.01525)
(0.3517826408 0.09728666433 -0.01525)
(0.3517821782 0.09916831833 -0.01525)
(0.3538613861 0.09916831833 -0.01525)
(0.3538618884 0.09728664398 -0.01525)
(0.3559411766 0.002713309388 -0.01525)
(0.3559429669 0.004777442138 -0.01525)
(0.3580224901 0.00477740792 -0.01525)
(0.3580204635 0.002713310719 -0.01525)
(0.3559459842 0.006840853687 -0.01525)
(0.3559502459 0.008903509379 -0.01525)
(0.3580303563 0.008903494234 -0.01525)
(0.3580258623 0.006840767487 -0.01525)
(0.3601452605 0.01507910936 -0.01525)
(0.3601191365 0.01096382565 -0.01525)
(0.3580350803 0.01096607374 -0.01525)
(0.3601746162 0.0191924197 -0.01525)
(0.3602061308 0.02330326245 -0.01525)
(0.3602376818 0.0274123425 -0.01525)
(0.3602675363 0.03152019231 -0.01525)
(0.3602943191 0.03562716836 -0.01525)
(0.3603169476 0.03973347007 -0.01525)
(0.3603329724 0.04383999912 -0.01525)
(0.3603410321 0.04794713139 -0.01525)
(0.3603413334 0.05205446722 -0.01525)
(0.3603338843 0.05616164753 -0.01525)
(0.3603184939 0.06026827276 -0.01525)
(0.3602965163 0.06437471032 -0.01525)
(0.3602703781 0.06848184856 -0.01525)
(0.3602411569 0.07258987483 -0.01525)
(0.3602101907 0.07669912664 -0.01525)
(0.3601791645 0.08081011307 -0.01525)
(0.3601501412 0.08492351323 -0.01525)
(0.3601254797 0.08904013135 -0.01525)
(0.3580250162 0.0931587885 -0.01525)
(0.3601066938 0.0931600061 -0.01525)
(0.3559430329 0.09522260907 -0.01525)
(0.3580223451 0.09522252642 -0.01525)
(0.3559411796 0.09728669651 -0.01525)
(0.3559405941 0.09916831833 -0.01525)
(0.358019802 0.09916831833 -0.01525)
(0.3580204416 0.09728668217 -0.01525)
(0.3600997668 0.002713260769 -0.01525)
(0.3601020876 0.004777245737 -0.01525)
(0.3621817442 0.004777165915 -0.01525)
(0.3621790875 0.00271325012 -0.01525)
(0.3601059803 0.006840414803 -0.01525)
(0.3601114394 0.008902742489 -0.01525)
(0.3621919521 0.008902585114 -0.01525)
(0.3621861399 0.006840232645 -0.01525)
(0.3643168193 0.01507535359 -0.01525)
(0.3642836609 0.01096205796 -0.01525)
(0.3621980096 0.01096478964 -0.01525)
(0.3643532362 0.01918679773 -0.01525)
(0.3643914658 0.02329609203 -0.01525)
(0.3644289895 0.02740412087 -0.01525)
(0.3644639356 0.0315114966 -0.01525)
(0.3644949915 0.03561858408 -0.01525)
(0.3645191517 0.03972650826 -0.01525)
(0.3645348629 0.04383570087 -0.01525)
(0.3645427182 0.04794563787 -0.01525)
(0.3645430196 0.05205583441 -0.01525)
(0.3645357796 0.05616582605 -0.01525)
(0.3645207211 0.06027512934 -0.01525)
(0.3644972752 0.0643832226 -0.01525)
(0.3644669854 0.06849052667 -0.01525)
(0.364432822 0.07259814703 -0.01525)
(0.3643960826 0.07670643064 -0.01525)
(0.364358572 0.08081595919 -0.01525)
(0.3643227235 0.08492757893 -0.01525)
(0.3642915871 0.08904237423 -0.01525)
(0.3621849442 0.09315922502 -0.01525)
(0.3642674066 0.09316067819 -0.01525)
(0.360102133 0.09522279967 -0.01525)
(0.3621815045 0.09522274187 -0.01525)
(0.3600997608 0.09728674261 -0.01525)
(0.3600990099 0.09916831833 -0.01525)
(0.3621782178 0.09916831833 -0.01525)
(0.3621790456 0.09728673716 -0.01525)
(0.3642584351 0.002713187155 -0.01525)
(0.3642615186 0.004776949503 -0.01525)
(0.3663414034 0.004776794953 -0.01525)
(0.366337814 0.002713157047 -0.01525)
(0.3642666515 0.006839757166 -0.01525)
(0.3642737691 0.008901604031 -0.01525)
(0.3663549703 0.008901213746 -0.01525)
(0.3663472875 0.006839418234 -0.01525)
(0.36849338 0.01506988528 -0.01525)
(0.3684509132 0.01095939268 -0.01525)
(0.3663628684 0.01096287168 -0.01525)
(0.3685385364 0.01917884899 -0.01525)
(0.3685845416 0.02328622023 -0.01525)
(0.3686285414 0.02739305733 -0.01525)
(0.3686687268 0.03149999887 -0.01525)
(0.3687012783 0.03560851558 -0.01525)
(0.3687244122 0.03971913562 -0.01525)
(0.3687392921 0.0438311853 -0.01525)
(0.3687466847 0.04794406811 -0.01525)
(0.3687469749 0.05205724128 -0.01525)
(0.3687401791 0.05617018326 -0.01525)
(0.3687259465 0.06028235434 -0.01525)
(0.3687035456 0.06439316387 -0.01525)
(0.36867185 0.06850194579 -0.01525)
(0.3686326282 0.07260921467 -0.01525)
(0.3685896425 0.07671641153 -0.01525)
(0.3685446669 0.08082414518 -0.01525)
(0.3685004346 0.08493342014 -0.01525)
(0.3684608143 0.08904567302 -0.01525)
(0.366345502 0.09315986869 -0.01525)
(0.368429133 0.09316168181 -0.01525)
(0.3642614992 0.09522307805 -0.01525)
(0.366340981 0.0952230607 -0.01525)
(0.3642584074 0.09728681016 -0.01525)
(0.3642574258 0.09916831833 -0.01525)
(0.3663366338 0.09916831833 -0.01525)
(0.3663377312 0.0972868186 -0.01525)
(0.3684172415 0.002713070847 -0.01525)
(0.3684214916 0.004776483956 -0.01525)
(0.3705018035 0.004776198102 -0.01525)
(0.3704967311 0.00271300671 -0.01525)
(0.3684284787 0.006838733374 -0.01525)
(0.3684379924 0.008899855442 -0.01525)
(0.370520459 0.008899059147 -0.01525)
(0.3705099899 0.006838120953 -0.01525)
(0.372677651 0.01506175392 -0.01525)
(0.3726228337 0.01095521861 -0.01525)
(0.3705309849 0.0109599014 -0.01525)
(0.3727333796 0.01916750289 -0.01525)
(0.3727879584 0.02327262268 -0.01525)
(0.3728385312 0.02737825529 -0.01525)
(0.3728800054 0.03148641667 -0.01525)
(0.3729103108 0.03559775983 -0.01525)
(0.3729314718 0.03971136225 -0.01525)
(0.372944916 0.04382646374 -0.01525)
(0.3729515484 0.04794242611 -0.01525)
(0.3729518137 0.05205868645 -0.01525)
(0.3729457315 0.05617470911 -0.01525)
(0.3729328978 0.06028993604 -0.01525)
(0.3729124533 0.06440373893 -0.01525)
(0.3728830238 0.06851537228 -0.01525)
(0.3728426469 0.07262393173 -0.01525)
(0.3727933704 0.07673005332 -0.01525)
(0.3727401905 0.080835704 -0.01525)
(0.3726858885 0.08494196953 -0.01525)
(0.372635119 0.08905067361 -0.01525)
(0.3705071463 0.09316085401 -0.01525)
(0.3725926623 0.09316324409 -0.01525)
(0.3684213072 0.0952234977 -0.01525)
(0.3705010189 0.09522355212 -0.01525)
(0.3684171646 0.09728691253 -0.01525)
(0.3684158418 0.09916831831 -0.01525)
(0.37049505 0.09916831824 -0.01525)
(0.3704965643 0.09728694448 -0.01525)
(0.3725763194 0.002712876244 -0.01525)
(0.3725825078 0.004775710713 -0.01525)
(0.3746637154 0.004775174454 -0.01525)
(0.3746560507 0.002712746859 -0.01525)
(0.3725924634 0.006837055501 -0.01525)
(0.3726056177 0.008897043871 -0.01525)
(0.3746905859 0.008895488401 -0.01525)
(0.3746757385 0.006835928421 -0.01525)
(0.3768741253 0.01504936441 -0.01525)
(0.3768032506 0.01094835699 -0.01525)
(0.3747049864 0.01095507838 -0.01525)
(0.3769419284 0.01915116207 -0.01525)
(0.377005178 0.02325391052 -0.01525)
(0.3770566434 0.02736055076 -0.01525)
(0.3770939321 0.03147186841 -0.01525)
(0.3771204652 0.03558647763 -0.01525)
(0.3771386323 0.03970333095 -0.01525)
(0.3771500197 0.043821631 -0.01525)
(0.3771555949 0.04794074681 -0.01525)
(0.3771558214 0.05206014243 -0.01525)
(0.3771507199 0.05617931504 -0.01525)
(0.3771398704 0.06029773505 -0.01525)
(0.3771223581 0.06441478505 -0.01525)
(0.3770966636 0.0685296896 -0.01525)
(0.3770604857 0.07264143263 -0.01525)
(0.3770105172 0.07674866838 -0.01525)
(0.3769491202 0.08085216075 -0.01525)
(0.3768833532 0.08495476117 -0.01525)
(0.3768181912 0.08905856339 -0.01525)
(0.3746709285 0.09316245097 -0.01525)
(0.3767598621 0.09316583391 -0.01525)
(0.3725819445 0.09522416183 -0.01525)
(0.374662216 0.09522435922 -0.01525)
(0.3725761366 0.09728707601 -0.01525)
(0.3725742582 0.0991683181 -0.01525)
(0.3746534666 0.0991683182 -0.01525)
(0.3746557157 0.09728715301 -0.01525)
(0.3767360304 0.002712524981 -0.01525)
(0.3767457994 0.004774331292 -0.01525)
(0.3788291924 0.004773271943 -0.01525)
(0.3788164536 0.002712258133 -0.01525)
(0.3767608829 0.006834118106 -0.01525)
(0.3767798423 0.008892250154 -0.01525)
(0.3788700735 0.00888916723 -0.01525)
(0.3788480758 0.006831938861 -0.01525)
(0.3810900279 0.01503002614 -0.01525)
(0.3809998222 0.01093640879 -0.01525)
(0.3788902505 0.01094677784 -0.01525)
(0.3811700466 0.01912748239 -0.01525)
(0.3812334021 0.02323105936 -0.01525)
(0.3812774951 0.02734160059 -0.01525)
(0.38130823 0.03145679365 -0.01525)
(0.381329478 0.03557506507 -0.01525)
(0.3813437276 0.03969534265 -0.01525)
(0.3813525346 0.04381687346 -0.01525)
(0.3813568133 0.04793909696 -0.01525)
(0.3813569897 0.05206155574 -0.01525)
(0.3813530819 0.05618382738 -0.01525)
(0.3813447061 0.06030546151 -0.01525)
(0.3813310008 0.06442591313 -0.01525)
(0.3813104835 0.06854445642 -0.01525)
(0.3812807723 0.07266006241 -0.01525)
(0.3812381518 0.0767712224 -0.01525)
(0.3811769388 0.08087571272 -0.01525)
(0.3810996859 0.08497434729 -0.01525)
(0.3810171828 0.08907165388 -0.01525)
(0.3788396737 0.09316527868 -0.01525)
(0.380935774 0.09317056088 -0.01525)
(0.3767444456 0.09522529651 -0.01525)
(0.3788263681 0.09522582433 -0.01525)
(0.3767356363 0.0972873604 -0.01525)
(0.3767326803 0.09916831833 -0.01525)
(0.3788119325 0.09916831833 -0.01525)
(0.3788158094 0.09728753792 -0.01525)
(0.3808978042 0.002711829414 -0.01525)
(0.3809149383 0.004771642357 -0.01525)
(0.3830046422 0.004769365893 -0.01525)
(0.3829811836 0.002711235417 -0.01525)
(0.3809393451 0.006828545786 -0.01525)
(0.3809676892 0.008883482936 -0.01525)
(0.3830692964 0.008877103097 -0.01525)
(0.3830359288 0.006824015563 -0.01525)
(0.3853362345 0.01499927597 -0.01525)
(0.3852271645 0.01091429539 -0.01525)
(0.3830976416 0.01093153033 -0.01525)
(0.3854142189 0.01909754645 -0.01525)
(0.3854644149 0.02320669763 -0.01525)
(0.3854974594 0.02732238379 -0.01525)
(0.3855195747 0.03144205309 -0.01525)
(0.3855344248 0.03556419043 -0.01525)
(0.3855441835 0.03968786346 -0.01525)
(0.3855501323 0.04381246622 -0.01525)
(0.3855530028 0.04793757287 -0.01525)
(0.3855531238 0.05206284908 -0.01525)
(0.3855505064 0.05618799082 -0.01525)
(0.3855448574 0.06031267005 -0.01525)
(0.3855354917 0.06443647555 -0.01525)
(0.3855211949 0.06855882862 -0.01525)
(0.3854999018 0.07267884516 -0.01525)
(0.3854681254 0.07679509302 -0.01525)
(0.3854199206 0.0809051556 -0.01525)
(0.3853450389 0.08500488415 -0.01525)
(0.3852454767 0.08909464521 -0.01525)
(0.3830216842 0.09317100462 -0.01525)
(0.385134448 0.09318050187 -0.01525)
(0.3809121617 0.09522748203 -0.01525)
(0.3829997457 0.09522892183 -0.01525)
(0.3808970459 0.09728792404 -0.01525)
(0.3808913786 0.09916831833 -0.01525)
(0.3829715971 0.09916831833 -0.01525)
(0.3829800722 0.09728837385 -0.01525)
(0.3850691514 0.002710277257 -0.01525)
(0.3851015335 0.00476577941 -0.01525)
(0.387210531 0.004760214617 -0.01525)
(0.3871669006 0.00270878165 -0.01525)
(0.3851419263 0.006816940604 -0.01525)
(0.3851841197 0.008866182765 -0.01525)
(0.387309106 0.00885229983 -0.01525)
(0.3872607332 0.006806631606 -0.01525)
(0.3896071554 0.01495807795 -0.01525)
(0.3895093384 0.01087129724 -0.01525)
(0.3873470857 0.01090175841 -0.01525)
(0.389660024 0.01906602376 -0.01525)
(0.389691482 0.02318299434 -0.01525)
(0.3897110518 0.02730467253 -0.01525)
(0.3897236499 0.03142896194 -0.01525)
(0.3897318924 0.0355547727 -0.01525)
(0.3897372164 0.03968149274 -0.01525)
(0.389740423 0.04380874903 -0.01525)
(0.3897419631 0.04793629127 -0.01525)
(0.389742033 0.05206392899 -0.01525)
(0.3897406298 0.05619149124 -0.01525)
(0.3897375864 0.06031879175 -0.01525)
(0.3897324861 0.06444559044 -0.01525)
(0.3897245749 0.06857153482 -0.01525)
(0.3897125035 0.07269605365 -0.01525)
(0.3896938261 0.07681813965 -0.01525)
(0.3896639459 0.08093586163 -0.01525)
(0.3896137982 0.08504518921 -0.01525)
(0.389524415 0.0891370732 -0.01525)
(0.3872398289 0.09318489922 -0.01525)
(0.3893894277 0.09320552953 -0.01525)
(0.3850968775 0.09523249928 -0.01525)
(0.3872036365 0.09523696262 -0.01525)
(0.3850679442 0.0972892704 -0.01525)
(0.3850543796 0.09916831833 -0.01525)
(0.3871443742 0.0991682114 -0.01525)
(0.3871653928 0.09729059803 -0.01525)
(0.3892838252 0.002705997969 -0.01525)
(0.3893393403 0.00475069707 -0.01525)
(0.3914966906 0.004733504786 -0.01525)
(0.3914336363 0.002699887839 -0.01525)
(0.3893990444 0.006790110683 -0.01525)
(0.3894559956 0.008829735786 -0.01525)
(0.3916207796 0.008798575481 -0.01525)
(0.3915609479 0.006764021091 -0.01525)
(0.393885876 0.01491479985 -0.01525)
(0.3938795037 0.01285231454 -0.01525)
(0.3938355713 0.01080564863 -0.01525)
(0.3916627647 0.01084385911 -0.01525)
(0.3939066557 0.01903682003 -0.01525)
(0.3939068345 0.01697172637 -0.01525)
(0.3939173746 0.02316271209 -0.01525)
(0.3939190522 0.02109719632 -0.01525)
(0.3939235924 0.02729024643 -0.01525)
(0.3939255744 0.02522473169 -0.01525)
(0.3939274557 0.03141862207 -0.01525)
(0.393929435 0.02935320593 -0.01525)
(0.393929938 0.03554747375 -0.01525)
(0.3939318597 0.0334821813 -0.01525)
(0.3939315271 0.0396766058 -0.01525)
(0.3939334145 0.03761144547 -0.01525)
(0.3939324785 0.04380590141 -0.01525)
(0.3939343853 0.04174087918 -0.01525)
(0.3939329248 0.04793520458 -0.01525)
(0.3939349157 0.04587040829 -0.01525)
(0.3939329576 0.05206477725 -0.01525)
(0.3939351171 0.04999998148 -0.01525)
(0.3939325431 0.05619409346 -0.01525)
(0.3939349558 0.05412956387 -0.01525)
(0.3939316375 0.06032340991 -0.01525)
(0.3939344516 0.05825910774 -0.01525)
(0.3939301173 0.0644525739 -0.01525)
(0.3939335248 0.06238856333 -0.01525)
(0.3939277419 0.06858147647 -0.01525)
(0.3939320374 0.06651786093 -0.01525)
(0.3939240649 0.07270994054 -0.01525)
(0.3939297255 0.07064689161 -0.01525)
(0.3939182268 0.07683765103 -0.01525)
(0.3939260848 0.07477547028 -0.01525)
(0.3939084636 0.08096396897 -0.01525)
(0.3939200892 0.07890324399 -0.01525)
(0.3938907933 0.08508730709 -0.01525)
(0.3939094814 0.08302940412 -0.01525)
(0.3938541856 0.08920200256 -0.01525)
(0.3938885252 0.08715142166 -0.01525)
(0.3915415705 0.09322581553 -0.01525)
(0.3937550017 0.09327917659 -0.01525)
(0.39383742 0.09125686874 -0.01525)
(0.3893341373 0.09524692799 -0.01525)
(0.3914913331 0.09526368345 -0.01525)
(0.389282544 0.09729342044 -0.01525)
(0.3892514357 0.09916794617 -0.01525)
(0.3913922294 0.09916760525 -0.01525)
(0.3914325558 0.097299548 -0.01525)
(0.3936314359 0.002684213111 -0.01525)
(0.3936894779 0.00470075525 -0.01525)
(0.3959137968 0.00463547688 -0.01525)
(0.3958847987 0.002634433487 -0.01525)
(0.3937496416 0.006722312914 -0.01525)
(0.39379921 0.008758458468 -0.01525)
(0.3959592128 0.008720574208 -0.01525)
(0.3959403222 0.006667624544 -0.01525)
(0.3959894672 0.01283950455 -0.01525)
(0.3959747132 0.01077953479 -0.01525)
(0.3960034807 0.01696512065 -0.01525)
(0.3959965076 0.01490241198 -0.01525)
(0.3960099251 0.02109305144 -0.01525)
(0.3960062908 0.01902928243 -0.01525)
(0.3960132543 0.02522192421 -0.01525)
(0.3960111127 0.02315766791 -0.01525)
(0.3960151713 0.02935124365 -0.01525)
(0.3960137766 0.02728672679 -0.01525)
(0.3960163563 0.03348080827 -0.01525)
(0.3960153844 0.031416134 -0.01525)
(0.396017107 0.03761051656 -0.01525)
(0.3960163998 0.0355457413 -0.01525)
(0.3960175706 0.04174030933 -0.01525)
(0.3960170408 0.03967546686 -0.01525)
(0.3960178428 0.0458701495 -0.01525)
(0.3960174253 0.04380526107 -0.01525)
(0.3960178963 0.05000001149 -0.01525)
(0.396017645 0.04793509135 -0.01525)
(0.3960178393 0.05412987469 -0.01525)
(0.3960176126 0.05206493385 -0.01525)
(0.3960176015 0.05825971868 -0.01525)
(0.3960174449 0.05619476683 -0.01525)
(0.3960171614 0.06238951884 -0.01525)
(0.3960170862 0.06032456685 -0.01525)
(0.3960164446 0.06651924042 -0.01525)
(0.3960164746 0.064454303 -0.01525)
(0.3960153177 0.07064882991 -0.01525)
(0.3960155055 0.06858392944 -0.01525)
(0.396013519 0.07477820137 -0.01525)
(0.3960139829 0.07271337382 -0.01525)
(0.3960104882 0.07890720368 -0.01525)
(0.3960115082 0.07684251586 -0.01525)
(0.3960049719 0.08303552347 -0.01525)
(0.3960072102 0.08097112576 -0.01525)
(0.3959941046 0.08716241368 -0.01525)
(0.3959991456 0.08509870591 -0.01525)
(0.3959702257 0.09128382273 -0.01525)
(0.3959826403 0.08922370063 -0.01525)
(0.3936894355 0.09529888424 -0.01525)
(0.3959148168 0.09536481244 -0.01525)
(0.395944611 0.0933339227 -0.01525)
(0.3936312364 0.09731562253 -0.01525)
(0.3935878021 0.09916707426 -0.01525)
(0.3958309518 0.09916605852 -0.01525)
(0.3958849309 0.0973655854 -0.01525)
(0.3981748244 0.00249350645 -0.01525)
(0.3981081609 0.004546803211 -0.01525)
(0.400000006 0.004530992107 -0.01525)
(0.400000006 0.002600155267 -0.01525)
(0.3980901626 0.006621029772 -0.01525)
(0.3980882122 0.008694334403 -0.01525)
(0.3999961145 0.008687574666 -0.01525)
(0.3999994256 0.006606421508 -0.01525)
(0.3980897675 0.01076355336 -0.01525)
(0.3980924658 0.0128299333 -0.01525)
(0.3999948365 0.01282721976 -0.01525)
(0.3999948351 0.01075955794 -0.01525)
(0.398094449 0.01489531655 -0.01525)
(0.3980961641 0.01696022275 -0.01525)
(0.3999953492 0.01695857233 -0.01525)
(0.3999951126 0.01489317525 -0.01525)
(0.398097146 0.01902515587 -0.01525)
(0.3980979797 0.02109002205 -0.01525)
(0.3999955314 0.02108895544 -0.01525)
(0.3999954797 0.01902379847 -0.01525)
(0.3980984018 0.02315497334 -0.01525)
(0.3980988265 0.02521988932 -0.01525)
(0.399995542 0.02521916045 -0.01525)
(0.3999955437 0.02315407086 -0.01525)
(0.3980990224 0.02728486777 -0.01525)
(0.3980992708 0.02934982339 -0.01525)
(0.3999955348 0.02934930713 -0.01525)
(0.3999955378 0.02728423655 -0.01525)
(0.398099369 0.03141482537 -0.01525)
(0.3980995264 0.03347981123 -0.01525)
(0.3999955327 0.03347944501 -0.01525)
(0.3999955333 0.03141437612 -0.01525)
(0.3980995712 0.03554482951 -0.01525)
(0.3980996727 0.03760983544 -0.01525)
(0.3999955325 0.0376095834 -0.01525)
(0.3999955325 0.03554451411 -0.01525)
(0.3980996837 0.03967486287 -0.01525)
(0.3980997525 0.04173988139 -0.01525)
(0.3999955326 0.04173972221 -0.01525)
(0.3999955326 0.03967465279 -0.01525)
(0.398099759 0.04380491309 -0.01525)
(0.398099856 0.0458699393 -0.01525)
(0.3999955326 0.04586986073 -0.01525)
(0.3999955326 0.04380479159 -0.01525)
(0.3980999129 0.04793497147 -0.01525)
(0.3980997408 0.05000000298 -0.01525)
(0.3999955326 0.05 -0.01525)
(0.3999955326 0.04793492866 -0.01525)
(0.3980997758 0.05206503416 -0.01525)
(0.3980997885 0.05413006684 -0.01525)
(0.3999955326 0.05413013894 -0.01525)
(0.3999955326 0.05206506963 -0.01525)
(0.3980997414 0.05619509376 -0.01525)
(0.3980997548 0.05826012582 -0.01525)
(0.3999955326 0.05826027778 -0.01525)
(0.3999955326 0.05619520835 -0.01525)
(0.3980996937 0.0603251454 -0.01525)
(0.3980996864 0.06239017365 -0.01525)
(0.3999955325 0.0623904166 -0.01525)
(0.3999955326 0.06032534721 -0.01525)
(0.3980995894 0.06445518136 -0.01525)
(0.398099549 0.06652020127 -0.01525)
(0.3999955327 0.066520555 -0.01525)
(0.3999955325 0.0644554859 -0.01525)
(0.3980993988 0.06858519028 -0.01525)
(0.3980993085 0.0706501956 -0.01525)
(0.3999955348 0.07065069289 -0.01525)
(0.3999955333 0.06858562389 -0.01525)
(0.398099074 0.0727151574 -0.01525)
(0.398098896 0.07478014359 -0.01525)
(0.399995542 0.07478083956 -0.01525)
(0.3999955378 0.07271576346 -0.01525)
(0.398098504 0.07684507388 -0.01525)
(0.3980981317 0.07891004643 -0.01525)
(0.3999955314 0.07891104458 -0.01525)
(0.3999955437 0.07684592915 -0.01525)
(0.3980973924 0.08097495255 -0.01525)
(0.3980965718 0.08303995222 -0.01525)
(0.3999953492 0.08304142769 -0.01525)
(0.3999954797 0.08097620155 -0.01525)
(0.3980951521 0.08510497908 -0.01525)
(0.3980936497 0.0871705545 -0.01525)
(0.3999948365 0.08717278027 -0.01525)
(0.3999951126 0.08510682477 -0.01525)
(0.3980916078 0.08923719723 -0.01525)
(0.3980904153 0.09130654406 -0.01525)
(0.3999961145 0.09131242548 -0.01525)
(0.3999948351 0.08924044213 -0.01525)
(0.3980913083 0.09337939672 -0.01525)
(0.3981085427 0.09545332781 -0.01525)
(0.400000006 0.09546900841 -0.01525)
(0.3999994256 0.09339357878 -0.01525)
(0.3981748997 0.0975065169 -0.01525)
(0.39796796 0.09916360011 -0.01525)
(0.400000006 0.09916832279 -0.01525)
(0.400000006 0.09739984558 -0.01525)
(0.3164356436 0.00083168316 -0.01525)
(0.3185148515 0.00083168316 -0.01525)
(0.3205940594 0.00083168316 -0.01525)
(0.3226732673 0.00083168316 -0.01525)
(0.3247524752 0.00083168316 -0.01525)
(0.3268316832 0.00083168316 -0.01525)
(0.3289108911 0.00083168316 -0.01525)
(0.330990099 0.00083168316 -0.01525)
(0.3330693069 0.00083168316 -0.01525)
(0.3351485149 0.00083168316 -0.01525)
(0.3372277228 0.00083168316 -0.01525)
(0.3393069307 0.00083168316 -0.01525)
(0.3413861386 0.00083168316 -0.01525)
(0.3434653465 0.00083168316 -0.01525)
(0.3455445545 0.00083168316 -0.01525)
(0.3476237624 0.00083168316 -0.01525)
(0.3497029703 0.00083168316 -0.01525)
(0.3517821782 0.00083168316 -0.01525)
(0.3538613861 0.00083168316 -0.01525)
(0.3559405941 0.00083168316 -0.01525)
(0.358019802 0.00083168316 -0.01525)
(0.3600990099 0.00083168316 -0.01525)
(0.3621782178 0.00083168316 -0.01525)
(0.3642574258 0.00083168316 -0.01525)
(0.3663366338 0.00083168316 -0.01525)
(0.3684158418 0.000831683176 -0.01525)
(0.37049505 0.0008316832531 -0.01525)
(0.3725742582 0.0008316833893 -0.01525)
(0.3746534666 0.0008316832927 -0.01525)
(0.3767326803 0.00083168316 -0.01525)
(0.3788119325 0.00083168316 -0.01525)
(0.3808913786 0.0008316831599 -0.01525)
(0.3829715971 0.0008316831596 -0.01525)
(0.3850543796 0.0008316831574 -0.01525)
(0.3871443742 0.0008317900875 -0.01525)
(0.3892514358 0.0008320553209 -0.01525)
(0.3913922294 0.0008323962423 -0.01525)
(0.3935878022 0.0008329272283 -0.01525)
(0.3958309519 0.0008339429713 -0.01525)
(0.3979679602 0.0008364013828 -0.01525)
(0.400000006 0.0008316787 -0.01525)
(0.2956435644 0.09958415991 -0.01525)
(0.2956435644 0.1000000015 -0.01525)
(0.2977227723 0.09958415991 -0.01525)
(0.2998019802 0.09958415991 -0.01525)
(0.2977227723 0.1000000015 -0.01525)
(0.2998019802 0.1000000015 -0.01525)
(0.3018811881 0.09958415991 -0.01525)
(0.303960396 0.09958415991 -0.01525)
(0.3018811881 0.1000000015 -0.01525)
(0.303960396 0.1000000015 -0.01525)
(0.306039604 0.09958415991 -0.01525)
(0.3081188119 0.09958415991 -0.01525)
(0.306039604 0.1000000015 -0.01525)
(0.3081188119 0.1000000015 -0.01525)
(0.3101980198 0.09958415991 -0.01525)
(0.3101980198 0.1000000015 -0.01525)
(0.3122772277 0.09958415991 -0.01525)
(0.3122772277 0.1000000015 -0.01525)
(0.3143564356 0.09958415991 -0.01525)
(0.3164356436 0.09958415991 -0.01525)
(0.3143564356 0.1000000015 -0.01525)
(0.3164356436 0.1000000015 -0.01525)
(0.3185148515 0.09958415991 -0.01525)
(0.3205940594 0.09958415991 -0.01525)
(0.3185148515 0.1000000015 -0.01525)
(0.3205940594 0.1000000015 -0.01525)
(0.3226732673 0.09958415991 -0.01525)
(0.3247524752 0.09958415991 -0.01525)
(0.3226732673 0.1000000015 -0.01525)
(0.3247524752 0.1000000015 -0.01525)
(0.3268316832 0.09958415991 -0.01525)
(0.3289108911 0.09958415991 -0.01525)
(0.3268316832 0.1000000015 -0.01525)
(0.3289108911 0.1000000015 -0.01525)
(0.330990099 0.09958415991 -0.01525)
(0.3330693069 0.09958415991 -0.01525)
(0.330990099 0.1000000015 -0.01525)
(0.3330693069 0.1000000015 -0.01525)
(0.3351485149 0.09958415991 -0.01525)
(0.3372277228 0.09958415991 -0.01525)
(0.3351485149 0.1000000015 -0.01525)
(0.3372277228 0.1000000015 -0.01525)
(0.3393069307 0.09958415991 -0.01525)
(0.3413861386 0.09958415991 -0.01525)
(0.3393069307 0.1000000015 -0.01525)
(0.3413861386 0.1000000015 -0.01525)
(0.3434653465 0.09958415991 -0.01525)
(0.3455445545 0.09958415991 -0.01525)
(0.3434653465 0.1000000015 -0.01525)
(0.3455445545 0.1000000015 -0.01525)
(0.3476237624 0.09958415991 -0.01525)
(0.3497029703 0.09958415991 -0.01525)
(0.3476237624 0.1000000015 -0.01525)
(0.3497029703 0.1000000015 -0.01525)
(0.3517821782 0.09958415991 -0.01525)
(0.3538613861 0.09958415991 -0.01525)
(0.3517821782 0.1000000015 -0.01525)
(0.3538613861 0.1000000015 -0.01525)
(0.3559405941 0.09958415991 -0.01525)
(0.358019802 0.09958415991 -0.01525)
(0.3559405941 0.1000000015 -0.01525)
(0.358019802 0.1000000015 -0.01525)
(0.3600990099 0.09958415991 -0.01525)
(0.3621782178 0.09958415991 -0.01525)
(0.3600990099 0.1000000015 -0.01525)
(0.3621782178 0.1000000015 -0.01525)
(0.3642574258 0.09958415991 -0.01525)
(0.3663366338 0.09958415991 -0.01525)
(0.3642574258 0.1000000015 -0.01525)
(0.3663366338 0.1000000015 -0.01525)
(0.3684158419 0.0995841599 -0.01525)
(0.37049505 0.09958415983 -0.01525)
(0.3684158419 0.1000000015 -0.01525)
(0.37049505 0.1000000014 -0.01525)
(0.3725742582 0.09958415972 -0.01525)
(0.3746534666 0.09958415979 -0.01525)
(0.3725742582 0.1000000013 -0.01525)
(0.3746534666 0.1000000014 -0.01525)
(0.3767326803 0.09958415991 -0.01525)
(0.3788119325 0.09958415991 -0.01525)
(0.3767326803 0.1000000015 -0.01525)
(0.3788119325 0.1000000015 -0.01525)
(0.3808913786 0.09958415991 -0.01525)
(0.3829715994 0.09958415991 -0.01525)
(0.3808913786 0.1000000015 -0.01525)
(0.3829716017 0.1000000015 -0.01525)
(0.3850543949 0.09958415991 -0.01525)
(0.3871444146 0.09958407885 -0.01525)
(0.3850544102 0.1000000015 -0.01525)
(0.3871444549 0.09999994629 -0.01525)
(0.389251502 0.09958387032 -0.01525)
(0.3913923294 0.09958359975 -0.01525)
(0.3892515682 0.09999979448 -0.01525)
(0.3913924295 0.09999959425 -0.01525)
(0.3935879884 0.09958317453 -0.01525)
(0.3958311592 0.09958236093 -0.01525)
(0.3935881746 0.09999927479 -0.01525)
(0.3958313667 0.09999866333 -0.01525)
(0.397967651 0.09958039452 -0.01525)
(0.400000006 0.09958416214 -0.01525)
(0.397967342 0.09999718893 -0.01525)
(0.400000006 0.1000000015 -0.01525)
(0.2998019802 0.00041584158 -0.01525)
(0.2998019802 -5.421010862e-19 -0.01525)
(0.303960396 0.00041584158 -0.01525)
(0.3018811881 0.00041584158 -0.01525)
(0.303960396 -5.421010862e-19 -0.01525)
(0.3018811881 -5.421010862e-19 -0.01525)
(0.3081188119 0.00041584158 -0.01525)
(0.306039604 0.00041584158 -0.01525)
(0.3081188119 -5.421010862e-19 -0.01525)
(0.306039604 -5.421010862e-19 -0.01525)
(0.3122772277 0.00041584158 -0.01525)
(0.3101980198 0.00041584158 -0.01525)
(0.3122772277 -5.421010862e-19 -0.01525)
(0.3101980198 -5.421010862e-19 -0.01525)
(0.3143564356 0.00041584158 -0.01525)
(0.3143564356 -5.421010862e-19 -0.01525)
(0.3164356436 0.00041584158 -0.01525)
(0.3164356436 -5.421010862e-19 -0.01525)
(0.3205940594 0.00041584158 -0.01525)
(0.3185148515 0.00041584158 -0.01525)
(0.3205940594 -5.421010862e-19 -0.01525)
(0.3185148515 -5.421010862e-19 -0.01525)
(0.3247524752 0.00041584158 -0.01525)
(0.3226732673 0.00041584158 -0.01525)
(0.3247524752 -5.421010862e-19 -0.01525)
(0.3226732673 -5.421010862e-19 -0.01525)
(0.3289108911 0.00041584158 -0.01525)
(0.3268316832 0.00041584158 -0.01525)
(0.3289108911 -5.421010862e-19 -0.01525)
(0.3268316832 -5.421010862e-19 -0.01525)
(0.3330693069 0.00041584158 -0.01525)
(0.330990099 0.00041584158 -0.01525)
(0.3330693069 -5.421010862e-19 -0.01525)
(0.330990099 -5.421010862e-19 -0.01525)
(0.3372277228 0.00041584158 -0.01525)
(0.3351485149 0.00041584158 -0.01525)
(0.3372277228 -5.421010862e-19 -0.01525)
(0.3351485149 -5.421010862e-19 -0.01525)
(0.3413861386 0.00041584158 -0.01525)
(0.3393069307 0.00041584158 -0.01525)
(0.3413861386 -5.421010862e-19 -0.01525)
(0.3393069307 -5.421010862e-19 -0.01525)
(0.3455445545 0.00041584158 -0.01525)
(0.3434653465 0.00041584158 -0.01525)
(0.3455445545 -5.421010862e-19 -0.01525)
(0.3434653465 -5.421010862e-19 -0.01525)
(0.3497029703 0.00041584158 -0.01525)
(0.3476237624 0.00041584158 -0.01525)
(0.3497029703 -5.421010862e-19 -0.01525)
(0.3476237624 -5.421010862e-19 -0.01525)
(0.3538613861 0.00041584158 -0.01525)
(0.3517821782 0.00041584158 -0.01525)
(0.3538613861 -5.421010862e-19 -0.01525)
(0.3517821782 -5.421010862e-19 -0.01525)
(0.358019802 0.00041584158 -0.01525)
(0.3559405941 0.00041584158 -0.01525)
(0.358019802 -5.421010862e-19 -0.01525)
(0.3559405941 -5.421010862e-19 -0.01525)
(0.3621782178 0.00041584158 -0.01525)
(0.3600990099 0.00041584158 -0.01525)
(0.3621782178 -5.421010862e-19 -0.01525)
(0.3600990099 -5.421010862e-19 -0.01525)
(0.3663366338 0.00041584158 -0.01525)
(0.3642574258 0.00041584158 -0.01525)
(0.3663366338 -5.421010862e-19 -0.01525)
(0.3642574258 -5.421010862e-19 -0.01525)
(0.37049505 0.0004158416598 -0.01525)
(0.3684158419 0.000415841594 -0.01525)
(0.37049505 6.641920087e-11 -0.01525)
(0.3684158419 1.200375552e-11 -0.01525)
(0.3746534666 0.000415841696 -0.01525)
(0.3725742582 0.000415841774 -0.01525)
(0.3746534666 9.936919159e-11 -0.01525)
(0.3725742582 1.586216882e-10 -0.01525)
(0.3788119325 0.00041584158 -0.01525)
(0.3767326803 0.00041584158 -0.01525)
(0.3788119325 -5.421010862e-19 -0.01525)
(0.3767326803 -5.421010862e-19 -0.01525)
(0.3829715994 0.0004158415798 -0.01525)
(0.3808913786 0.00041584158 -0.01525)
(0.3829716017 -5.421010862e-19 -0.01525)
(0.3808913786 -5.421010862e-19 -0.01525)
(0.3871444146 0.0004159226425 -0.01525)
(0.3850543949 0.0004158415787 -0.01525)
(0.3871444549 5.519744521e-08 -0.01525)
(0.3850544102 -5.421010862e-19 -0.01525)
(0.3913923295 0.000416401742 -0.01525)
(0.389251502 0.000416131166 -0.01525)
(0.3913924295 4.072418034e-07 -0.01525)
(0.3892515683 2.070109909e-07 -0.01525)
(0.3958311594 0.0004176405658 -0.01525)
(0.3935879884 0.0004168269654 -0.01525)
(0.3958313668 1.338160329e-06 -0.01525)
(0.3935881747 7.267025113e-07 -0.01525)
(0.400000006 0.00041583935 -0.01525)
(0.3979676512 0.0004196069734 -0.01525)
(0.400000006 -5.436849808e-19 -0.01525)
(0.3979673421 2.81256406e-06 -0.01525)
)


// ************************************************************************* //
